################ c16w cycle seat 0 op UNITOPERATION_SPY_SIPHON_FUNDS cap 12 extra 8 city 54:11 district 54:10 defender 1:7471106
setup: four spy civics granted, 8 extra grants
defender 7471106 at 54:10 level 3 op UNITOPERATION_SPY_COUNTERSPY
turn 156 spies 0 started 0 travelled 0 promoted 0 bought 2 gold 50000
    unblock: unblock: blocker ENDTURN_BLOCKING_CIVIC -> civic CIVIC_MILITARY_TRADITION
    unblock: unblock: blocker ENDTURN_BLOCKING_PRODUCTION -> CALAKMUL builds UNIT_WARRIOR
    unblock: unblock: blocker ENDTURN_BLOCKING_FILL_CIVIC_SLOT -> nothing
    popup HistoricMoments -> closed
    grabbed p1: def: spy 7471106 at 54:10 level 3 xp 45 promos PROMOTION_SPY_TECHNOLOGIST,PROMOTION_SPY_DEMOLITIONS op UNITOPERATION_SPY_COUNTERSPY targets 
    cause popup HistoricMoments -> closed
turn 157 spies active 0 idle 2 missions 0 captured-enemy 0
spy 3342341 LOC_CITIZEN_MAYA_MODERN_FEMALE_1 level 1 at 36:42 travel
spy 3407887 LOC_CITIZEN_MAYA_MODERN_FEMALE_4 level 1 at 37:38 travel
defender 7471106 at 54:11 level 3 op -1
turn 157 spies 2 started 0 travelled 2 promoted 0 bought 0 gold 50000
    unblock: unblock: blocker ENDTURN_BLOCKING_CIVIC -> civic CIVIC_MYSTICISM
    unblock: unblock: blocker ENDTURN_BLOCKING_PRODUCTION -> CALAKMUL builds UNIT_WARRIOR
    unblock: unblock: blocker ENDTURN_BLOCKING_FILL_CIVIC_SLOT -> nothing
    popup TechCivicCompletedPopup -> closed
    grabbed p1: def: spy 7471106 at 54:11 level 3 xp 45 promos PROMOTION_SPY_TECHNOLOGIST,PROMOTION_SPY_DEMOLITIONS op -1 targets 54:11,53:13,53:9,54:10,54:12,56:11,55:11,54:8
    repost: def: post at 54:10 plotcan true requested plot
    after: def: spy 7471106 at 54:10 level 3 xp 45 promos PROMOTION_SPY_TECHNOLOGIST,PROMOTION_SPY_DEMOLITIONS op UNITOPERATION_SPY_COUNTERSPY targets 
turn 158 spies active 0 idle 0 missions 0 captured-enemy 0
defender 7471106 at 54:10 level 3 op UNITOPERATION_SPY_COUNTERSPY
turn 158 spies 0 started 0 travelled 0 promoted 0 bought 2 gold 50000
    unblock: unblock: blocker ENDTURN_BLOCKING_CIVIC -> civic CIVIC_POLITICAL_PHILOSOPHY
    unblock: unblock: blocker ENDTURN_BLOCKING_FILL_CIVIC_SLOT -> nothing
    popup HistoricMoments -> closed
    grabbed p1: def: spy 7471106 at 54:10 level 3 xp 45 promos PROMOTION_SPY_TECHNOLOGIST,PROMOTION_SPY_DEMOLITIONS op UNITOPERATION_SPY_COUNTERSPY targets 
    cause popup TechCivicCompletedPopup -> closed
turn 159 spies active 0 idle 4 missions 0 captured-enemy 0
spy 3801092 LOC_CITIZEN_MAYA_MODERN_FEMALE_4 level 1 at 54:11 start
spy 3670021 LOC_CITIZEN_MAYA_MODERN_MALE_1 level 1 at 37:38 travel
spy 3735561 LOC_CITIZEN_MAYA_MODERN_FEMALE_1 level 1 at 54:11 start
spy 3604495 LOC_CITIZEN_MAYA_MODERN_FEMALE_9 level 1 at 36:42 travel
defender 7471106 at 54:10 level 3 op UNITOPERATION_SPY_COUNTERSPY
turn 159 spies 4 started 2 travelled 2 promoted 0 bought 0 gold 50000
    unblock: unblock: blocker ENDTURN_BLOCKING_CIVIC -> civic CIVIC_MILITARY_TRAINING
    unblock: unblock: blocker ENDTURN_BLOCKING_PRODUCTION -> NARANJO builds UNIT_WARRIOR
    unblock: unblock: blocker ENDTURN_BLOCKING_FILL_CIVIC_SLOT -> nothing
    popup HistoricMoments -> closed
    grabbed p1: def: spy 7471106 at 54:10 level 3 xp 45 promos PROMOTION_SPY_TECHNOLOGIST,PROMOTION_SPY_DEMOLITIONS op UNITOPERATION_SPY_COUNTERSPY targets 
    cause popup HistoricMoments -> closed
turn 160 spies active 2 idle 0 missions 0 captured-enemy 0
spy 3801092 LOC_CITIZEN_MAYA_MODERN_FEMALE_4 level 1 at 54:10 busy:UNITOPERATION_SPY_SIPHON_FUNDS
spy 3735561 LOC_CITIZEN_MAYA_MODERN_FEMALE_1 level 1 at 54:10 busy:UNITOPERATION_SPY_SIPHON_FUNDS
defender 7471106 at 54:10 level 3 op UNITOPERATION_SPY_COUNTERSPY
turn 160 spies 2 started 0 travelled 0 promoted 0 bought 2 gold 50000
    unblock: unblock: blocker ENDTURN_BLOCKING_CIVIC -> civic CIVIC_DEFENSIVE_TACTICS
    unblock: unblock: blocker ENDTURN_BLOCKING_PRODUCTION -> CALAKMUL builds UNIT_WARRIOR
    unblock: unblock: blocker ENDTURN_BLOCKING_FILL_CIVIC_SLOT -> nothing
    popup TechCivicCompletedPopup -> closed
    grabbed p1: def: spy 7471106 at 54:10 level 3 xp 45 promos PROMOTION_SPY_TECHNOLOGIST,PROMOTION_SPY_DEMOLITIONS op UNITOPERATION_SPY_COUNTERSPY targets 
    cause popup NaturalDisasterPopup -> closed
turn 161 spies active 2 idle 4 missions 0 captured-enemy 0
spy 4063232 LOC_CITIZEN_MAYA_MODERN_FEMALE_2 level 1 at 36:42 travel
spy 3801092 LOC_CITIZEN_MAYA_MODERN_FEMALE_4 level 1 at 54:10 busy:UNITOPERATION_SPY_SIPHON_FUNDS
spy 3735561 LOC_CITIZEN_MAYA_MODERN_FEMALE_1 level 1 at 54:10 busy:UNITOPERATION_SPY_SIPHON_FUNDS
spy 4259853 LOC_CITIZEN_MAYA_MODERN_FEMALE_9 level 1 at 54:11 start
spy 4194320 LOC_CITIZEN_MAYA_MODERN_MALE_1 level 1 at 54:11 start
spy 4128788 LOC_CITIZEN_MAYA_MODERN_FEMALE_8 level 1 at 37:38 travel
defender 7471106 at 54:10 level 3 op UNITOPERATION_SPY_COUNTERSPY
turn 161 spies 6 started 2 travelled 2 promoted 0 bought 0 gold 50000
    unblock: unblock: blocker ENDTURN_BLOCKING_CIVIC -> civic CIVIC_RECORDED_HISTORY
    unblock: unblock: blocker ENDTURN_BLOCKING_FILL_CIVIC_SLOT -> nothing
    popup TechCivicCompletedPopup -> closed
    grabbed p1: def: spy 7471106 at 54:10 level 3 xp 45 promos PROMOTION_SPY_TECHNOLOGIST,PROMOTION_SPY_DEMOLITIONS op UNITOPERATION_SPY_COUNTERSPY targets 
    cause session 2:2 -> closed sessions [2:2]
    cause popup DiplomacyActionView -> hidden
    cause popup LeaderScene -> hidden
    cause popup WorldCongressIntro -> closed
    cause popup WorldCongressPopup -> closed
    cause blocker ENDTURN_BLOCKING_WORLD_CONGRESS_SESSION: no handler
spy 3801092 LOC_CITIZEN_MAYA_MODERN_FEMALE_4 level 1 at 54:10 busy:UNITOPERATION_SPY_SIPHON_FUNDS
spy 3735561 LOC_CITIZEN_MAYA_MODERN_FEMALE_1 level 1 at 54:10 busy:UNITOPERATION_SPY_SIPHON_FUNDS
spy 4259853 LOC_CITIZEN_MAYA_MODERN_FEMALE_9 level 1 at 54:10 busy:UNITOPERATION_SPY_SIPHON_FUNDS
spy 4194320 LOC_CITIZEN_MAYA_MODERN_MALE_1 level 1 at 54:10 busy:UNITOPERATION_SPY_SIPHON_FUNDS
defender 7471106 at 54:10 level 3 op UNITOPERATION_SPY_COUNTERSPY
turn 161 spies 4 started 0 travelled 0 promoted 0 bought 0 gold 50000
    unblock: unblock: blocker ENDTURN_BLOCKING_WORLD_CONGRESS_SESSION -> nothing
    no grab of p1 this turn
turn 162 spies active 4 idle 0 missions 0 captured-enemy 0
spy 3801092 LOC_CITIZEN_MAYA_MODERN_FEMALE_4 level 1 at 54:10 busy:UNITOPERATION_SPY_SIPHON_FUNDS
spy 3735561 LOC_CITIZEN_MAYA_MODERN_FEMALE_1 level 1 at 54:10 busy:UNITOPERATION_SPY_SIPHON_FUNDS
spy 4259853 LOC_CITIZEN_MAYA_MODERN_FEMALE_9 level 1 at 54:10 busy:UNITOPERATION_SPY_SIPHON_FUNDS
spy 4194320 LOC_CITIZEN_MAYA_MODERN_MALE_1 level 1 at 54:10 busy:UNITOPERATION_SPY_SIPHON_FUNDS
defender 7471106 at 54:10 level 3 op UNITOPERATION_SPY_COUNTERSPY
turn 162 spies 4 started 0 travelled 0 promoted 0 bought 2 gold 50000
    unblock: unblock: blocker ENDTURN_BLOCKING_CIVIC -> civic CIVIC_THEOLOGY
    unblock: unblock: blocker ENDTURN_BLOCKING_PRODUCTION -> CALAKMUL builds UNIT_WARRIOR
    unblock: unblock: blocker ENDTURN_BLOCKING_FILL_CIVIC_SLOT -> nothing
    popup WorldCongressPopup -> closed
    grabbed p1: def: spy 7471106 at 54:10 level 3 xp 45 promos PROMOTION_SPY_TECHNOLOGIST,PROMOTION_SPY_DEMOLITIONS op UNITOPERATION_SPY_COUNTERSPY targets 
    cause popup EspionagePopup -> closed
mission CityName=LOC_CITY_NAME_OTTAWA CompletionTurn=163 EscapeResult=-1 InitialResult=2 LevelAfter=1 LootInfo=0 Name=LOC_CITIZEN_MAYA_MODERN_FEMALE_1 Operation=46 PlotIndex=894
mission CityName=LOC_CITY_NAME_OTTAWA CompletionTurn=163 EscapeResult=-1 InitialResult=1 LevelAfter=1 LootInfo=0 Name=LOC_CITIZEN_MAYA_MODERN_FEMALE_4 Operation=46 PlotIndex=894
tally 1  SIPHON_FUNDS CAPTURED / NO_RESULT
tally 1  SIPHON_FUNDS FAIL_MUST_ESCAPE / NO_RESULT
turn 163 spies active 3 idle 4 missions 2 captured-enemy 0
spy 3735561 LOC_CITIZEN_MAYA_MODERN_FEMALE_1 level 1 at 54:10 busy:UNITOPERATION_SPY_SIPHON_FUNDS
spy 4259853 LOC_CITIZEN_MAYA_MODERN_FEMALE_9 level 1 at 54:10 busy:UNITOPERATION_SPY_SIPHON_FUNDS
spy 4194320 LOC_CITIZEN_MAYA_MODERN_MALE_1 level 1 at 54:10 busy:UNITOPERATION_SPY_SIPHON_FUNDS
spy 4653075 LOC_CITIZEN_MAYA_MODERN_FEMALE_8 level 1 at 54:11 start
spy 4587541 LOC_CITIZEN_MAYA_MODERN_FEMALE_2 level 1 at 54:11 start
spy 4522006 LOC_CITIZEN_MAYA_FEMALE_1 level 1 at 37:38 travel
spy 4456471 LOC_CITIZEN_MAYA_MODERN_MALE_10 level 1 at 36:42 travel
defender 7471106 at 54:11 level 3 op -1
turn 163 spies 7 started 2 travelled 2 promoted 0 bought 0 gold 50000
    unblock: unblock: blocker ENDTURN_BLOCKING_SPY_CHOOSE_ESCAPE_ROUTE -> escape route DISTRICT_CITY_CENTER of 2 for spy 3735561 LOC_CITIZEN_MAYA_MODERN_FEMALE_1 level 1 turn 163 city LOC_CITY_NAME_OTTAWA p1 at 54:10 pursuer police
    unblock: unblock: blocker ENDTURN_BLOCKING_RESEARCH -> research TECH_MILITARY_TACTICS
    unblock: unblock: blocker ENDTURN_BLOCKING_CIVIC -> civic CIVIC_NAVAL_TRADITION
    unblock: unblock: blocker ENDTURN_BLOCKING_PRODUCTION -> CALAKMUL builds UNIT_WARRIOR
    unblock: unblock: blocker ENDTURN_BLOCKING_FILL_CIVIC_SLOT -> nothing
    popup EspionagePopup -> closed
    grabbed p1: def: spy 7471106 at 54:11 level 3 xp 90 promos PROMOTION_SPY_TECHNOLOGIST,PROMOTION_SPY_DEMOLITIONS op -1 targets 54:11,53:13,53:9,54:10,54:12,56:11,55:11,54:8
    repost: def: post at 54:10 plotcan true requested plot
    after: def: spy 7471106 at 54:10 level 3 xp 90 promos PROMOTION_SPY_TECHNOLOGIST,PROMOTION_SPY_DEMOLITIONS op UNITOPERATION_SPY_COUNTERSPY targets 
    cause popup HistoricMoments -> closed
mission CityName=LOC_CITY_NAME_OTTAWA CompletionTurn=163 EscapeResult=2 InitialResult=2 LevelAfter=1 LootInfo=0 Name=LOC_CITIZEN_MAYA_MODERN_FEMALE_1 Operation=46 PlotIndex=894
mission CityName=LOC_CITY_NAME_OTTAWA CompletionTurn=163 EscapeResult=-1 InitialResult=1 LevelAfter=1 LootInfo=0 Name=LOC_CITIZEN_MAYA_MODERN_FEMALE_4 Operation=46 PlotIndex=894
tally 1  SIPHON_FUNDS CAPTURED / NO_RESULT
tally 1  SIPHON_FUNDS FAIL_MUST_ESCAPE / FAIL_MUST_ESCAPE
turn 164 spies active 4 idle 0 missions 2 captured-enemy 0
spy 4259853 LOC_CITIZEN_MAYA_MODERN_FEMALE_9 level 1 at 54:10 busy:UNITOPERATION_SPY_SIPHON_FUNDS
spy 4194320 LOC_CITIZEN_MAYA_MODERN_MALE_1 level 1 at 54:10 busy:UNITOPERATION_SPY_SIPHON_FUNDS
spy 4653075 LOC_CITIZEN_MAYA_MODERN_FEMALE_8 level 1 at 54:10 busy:UNITOPERATION_SPY_SIPHON_FUNDS
spy 4587541 LOC_CITIZEN_MAYA_MODERN_FEMALE_2 level 1 at 54:10 busy:UNITOPERATION_SPY_SIPHON_FUNDS
defender 7471106 at 54:10 level 3 op UNITOPERATION_SPY_COUNTERSPY
turn 164 spies 4 started 0 travelled 0 promoted 0 bought 2 gold 50000
    unblock: unblock: blocker ENDTURN_BLOCKING_CIVIC -> civic CIVIC_FEUDALISM
    unblock: unblock: blocker ENDTURN_BLOCKING_PRODUCTION -> CALAKMUL builds UNIT_WARRIOR
    unblock: unblock: blocker ENDTURN_BLOCKING_FILL_CIVIC_SLOT -> nothing
    popup TechCivicCompletedPopup -> closed
    grabbed p1: def: spy 7471106 at 54:10 level 3 xp 90 promos PROMOTION_SPY_TECHNOLOGIST,PROMOTION_SPY_DEMOLITIONS op UNITOPERATION_SPY_COUNTERSPY targets 
    cause session 2:2 -> closed sessions [2:2]
    cause popup DiplomacyActionView -> hidden
    cause popup LeaderScene -> hidden
mission CityName=LOC_CITY_NAME_OTTAWA CompletionTurn=165 EscapeResult=-1 InitialResult=2 LevelAfter=1 LootInfo=0 Name=LOC_CITIZEN_MAYA_MODERN_MALE_1 Operation=46 PlotIndex=894
mission CityName=LOC_CITY_NAME_OTTAWA CompletionTurn=165 EscapeResult=-1 InitialResult=0 LevelAfter=1 LootInfo=0 Name=LOC_CITIZEN_MAYA_MODERN_FEMALE_9 Operation=46 PlotIndex=894
mission CityName=LOC_CITY_NAME_OTTAWA CompletionTurn=163 EscapeResult=2 InitialResult=2 LevelAfter=1 LootInfo=0 Name=LOC_CITIZEN_MAYA_MODERN_FEMALE_1 Operation=46 PlotIndex=894
mission CityName=LOC_CITY_NAME_OTTAWA CompletionTurn=163 EscapeResult=-1 InitialResult=1 LevelAfter=1 LootInfo=0 Name=LOC_CITIZEN_MAYA_MODERN_FEMALE_4 Operation=46 PlotIndex=894
tally 1  SIPHON_FUNDS CAPTURED / NO_RESULT
tally 1  SIPHON_FUNDS FAIL_MUST_ESCAPE / FAIL_MUST_ESCAPE
tally 1  SIPHON_FUNDS FAIL_MUST_ESCAPE / NO_RESULT
tally 1  SIPHON_FUNDS KILLED / NO_RESULT
turn 165 spies active 3 idle 4 missions 4 captured-enemy 0
spy 5046276 LOC_CITIZEN_MAYA_MALE_3 level 1 at 37:38 travel
spy 4980745 LOC_CITIZEN_MAYA_MODERN_MALE_4 level 1 at 36:42 travel
spy 4194320 LOC_CITIZEN_MAYA_MODERN_MALE_1 level 1 at 54:10 busy:UNITOPERATION_SPY_SIPHON_FUNDS
spy 4653075 LOC_CITIZEN_MAYA_MODERN_FEMALE_8 level 1 at 54:10 busy:UNITOPERATION_SPY_SIPHON_FUNDS
spy 4587541 LOC_CITIZEN_MAYA_MODERN_FEMALE_2 level 1 at 54:10 busy:UNITOPERATION_SPY_SIPHON_FUNDS
spy 5111834 LOC_CITIZEN_MAYA_FEMALE_1 level 1 at 54:11 start
spy 5177371 LOC_CITIZEN_MAYA_MODERN_MALE_10 level 1 at 54:11 start
defender 7471106 at 54:11 level 3 op -1
turn 165 spies 7 started 2 travelled 2 promoted 0 bought 0 gold 50000
    unblock: unblock: blocker ENDTURN_BLOCKING_SPY_CHOOSE_ESCAPE_ROUTE -> escape route DISTRICT_COMMERCIAL_HUB of 2 for spy 4194320 LOC_CITIZEN_MAYA_MODERN_MALE_1 level 1 turn 165 city LOC_CITY_NAME_OTTAWA p1 at 54:10 pursuer police
    unblock: unblock: blocker ENDTURN_BLOCKING_CIVIC -> civic CIVIC_CIVIL_SERVICE
    unblock: unblock: blocker ENDTURN_BLOCKING_PRODUCTION -> CALAKMUL builds UNIT_WARRIOR
    unblock: unblock: blocker ENDTURN_BLOCKING_FILL_CIVIC_SLOT -> nothing
    popup TechCivicCompletedPopup -> closed
    grabbed p1: def: spy 7471106 at 54:11 level 3 xp 90 promos PROMOTION_SPY_TECHNOLOGIST,PROMOTION_SPY_DEMOLITIONS op -1 targets 54:11,53:13,53:9,54:10,54:12,56:11,55:11,54:8
    repost: def: post at 54:10 plotcan true requested plot
    after: def: spy 7471106 at 54:10 level 3 xp 90 promos PROMOTION_SPY_TECHNOLOGIST,PROMOTION_SPY_DEMOLITIONS op UNITOPERATION_SPY_COUNTERSPY targets 
    cause popup TechCivicCompletedPopup -> closed
mission CityName=LOC_CITY_NAME_OTTAWA CompletionTurn=165 EscapeResult=0 InitialResult=2 LevelAfter=1 LootInfo=0 Name=LOC_CITIZEN_MAYA_MODERN_MALE_1 Operation=46 PlotIndex=894
mission CityName=LOC_CITY_NAME_OTTAWA CompletionTurn=165 EscapeResult=-1 InitialResult=0 LevelAfter=1 LootInfo=0 Name=LOC_CITIZEN_MAYA_MODERN_FEMALE_9 Operation=46 PlotIndex=894
mission CityName=LOC_CITY_NAME_OTTAWA CompletionTurn=163 EscapeResult=2 InitialResult=2 LevelAfter=1 LootInfo=0 Name=LOC_CITIZEN_MAYA_MODERN_FEMALE_1 Operation=46 PlotIndex=894
mission CityName=LOC_CITY_NAME_OTTAWA CompletionTurn=163 EscapeResult=-1 InitialResult=1 LevelAfter=1 LootInfo=0 Name=LOC_CITIZEN_MAYA_MODERN_FEMALE_4 Operation=46 PlotIndex=894
tally 1  SIPHON_FUNDS CAPTURED / NO_RESULT
tally 1  SIPHON_FUNDS FAIL_MUST_ESCAPE / FAIL_MUST_ESCAPE
tally 1  SIPHON_FUNDS FAIL_MUST_ESCAPE / KILLED
tally 1  SIPHON_FUNDS KILLED / NO_RESULT
turn 166 spies active 4 idle 0 missions 4 captured-enemy 0
spy 4653075 LOC_CITIZEN_MAYA_MODERN_FEMALE_8 level 1 at 54:10 busy:UNITOPERATION_SPY_SIPHON_FUNDS
spy 4587541 LOC_CITIZEN_MAYA_MODERN_FEMALE_2 level 1 at 54:10 busy:UNITOPERATION_SPY_SIPHON_FUNDS
spy 5111834 LOC_CITIZEN_MAYA_FEMALE_1 level 1 at 54:10 busy:UNITOPERATION_SPY_SIPHON_FUNDS
spy 5177371 LOC_CITIZEN_MAYA_MODERN_MALE_10 level 1 at 54:10 busy:UNITOPERATION_SPY_SIPHON_FUNDS
defender 7471106 at 54:10 level 3 op UNITOPERATION_SPY_COUNTERSPY
turn 166 spies 4 started 0 travelled 0 promoted 0 bought 2 gold 50000
    unblock: unblock: blocker ENDTURN_BLOCKING_CIVIC -> civic CIVIC_MERCENARIES
    unblock: unblock: blocker ENDTURN_BLOCKING_PRODUCTION -> CALAKMUL builds UNIT_WARRIOR
    unblock: unblock: blocker ENDTURN_BLOCKING_FILL_CIVIC_SLOT -> nothing
    popup EspionagePopup -> closed
    grabbed p1: def: spy 7471106 at 54:10 level 3 xp 90 promos PROMOTION_SPY_TECHNOLOGIST,PROMOTION_SPY_DEMOLITIONS op UNITOPERATION_SPY_COUNTERSPY targets 
    cause popup TechCivicCompletedPopup -> closed
mission CityName=LOC_CITY_NAME_OTTAWA CompletionTurn=167 EscapeResult=-1 InitialResult=2 LevelAfter=1 LootInfo=0 Name=LOC_CITIZEN_MAYA_MODERN_FEMALE_2 Operation=46 PlotIndex=894
mission CityName=LOC_CITY_NAME_OTTAWA CompletionTurn=167 EscapeResult=-1 InitialResult=1 LevelAfter=1 LootInfo=0 Name=LOC_CITIZEN_MAYA_MODERN_FEMALE_8 Operation=46 PlotIndex=894
mission CityName=LOC_CITY_NAME_OTTAWA CompletionTurn=165 EscapeResult=0 InitialResult=2 LevelAfter=1 LootInfo=0 Name=LOC_CITIZEN_MAYA_MODERN_MALE_1 Operation=46 PlotIndex=894
mission CityName=LOC_CITY_NAME_OTTAWA CompletionTurn=165 EscapeResult=-1 InitialResult=0 LevelAfter=1 LootInfo=0 Name=LOC_CITIZEN_MAYA_MODERN_FEMALE_9 Operation=46 PlotIndex=894
mission CityName=LOC_CITY_NAME_OTTAWA CompletionTurn=163 EscapeResult=2 InitialResult=2 LevelAfter=1 LootInfo=0 Name=LOC_CITIZEN_MAYA_MODERN_FEMALE_1 Operation=46 PlotIndex=894
mission CityName=LOC_CITY_NAME_OTTAWA CompletionTurn=163 EscapeResult=-1 InitialResult=1 LevelAfter=1 LootInfo=0 Name=LOC_CITIZEN_MAYA_MODERN_FEMALE_4 Operation=46 PlotIndex=894
tally 2  SIPHON_FUNDS CAPTURED / NO_RESULT
tally 1  SIPHON_FUNDS FAIL_MUST_ESCAPE / FAIL_MUST_ESCAPE
tally 1  SIPHON_FUNDS FAIL_MUST_ESCAPE / KILLED
tally 1  SIPHON_FUNDS FAIL_MUST_ESCAPE / NO_RESULT
tally 1  SIPHON_FUNDS KILLED / NO_RESULT
turn 167 spies active 3 idle 5 missions 6 captured-enemy 0
spy 5570564 LOC_CITIZEN_MAYA_MALE_1 level 1 at 37:38 travel
spy 5505033 LOC_CITIZEN_MAYA_MODERN_FEMALE_6 level 1 at 36:42 travel
spy 4587541 LOC_CITIZEN_MAYA_MODERN_FEMALE_2 level 1 at 54:10 busy:UNITOPERATION_SPY_SIPHON_FUNDS
spy 5111834 LOC_CITIZEN_MAYA_FEMALE_1 level 1 at 54:10 busy:UNITOPERATION_SPY_SIPHON_FUNDS
spy 5177371 LOC_CITIZEN_MAYA_MODERN_MALE_10 level 1 at 54:10 busy:UNITOPERATION_SPY_SIPHON_FUNDS
spy 5636126 LOC_CITIZEN_MAYA_MODERN_FEMALE_1 level 1 at 36:42 travel
spy 5701663 LOC_CITIZEN_MAYA_MALE_3 level 1 at 54:11 start
spy 5767200 LOC_CITIZEN_MAYA_MODERN_MALE_4 level 1 at 54:11 start
defender 7471106 at 54:11 level 3 op -1
turn 167 spies 8 started 2 travelled 3 promoted 0 bought 0 gold 50000
    unblock: unblock: blocker ENDTURN_BLOCKING_SPY_CHOOSE_ESCAPE_ROUTE -> escape route DISTRICT_CITY_CENTER of 2 for spy 4587541 LOC_CITIZEN_MAYA_MODERN_FEMALE_2 level 1 turn 167 city LOC_CITY_NAME_OTTAWA p1 at 54:10 pursuer police
    unblock: unblock: blocker ENDTURN_BLOCKING_CIVIC -> civic CIVIC_MEDIEVAL_FAIRES
    unblock: unblock: blocker ENDTURN_BLOCKING_PRODUCTION -> CALAKMUL builds UNIT_WARRIOR
    unblock: unblock: blocker ENDTURN_BLOCKING_FILL_CIVIC_SLOT -> nothing
    popup EspionagePopup -> closed
    grabbed p1: def: spy 7471106 at 54:11 level 3 xp 90 promos PROMOTION_SPY_TECHNOLOGIST,PROMOTION_SPY_DEMOLITIONS op -1 targets 54:11,53:13,53:9,54:10,54:12,56:11,55:11,54:8
    repost: def: post at 54:10 plotcan true requested plot
    after: def: spy 7471106 at 54:10 level 3 xp 90 promos PROMOTION_SPY_TECHNOLOGIST,PROMOTION_SPY_DEMOLITIONS op UNITOPERATION_SPY_COUNTERSPY targets 
    cause session 2:2 -> closed sessions [2:2]
    cause popup DiplomacyActionView -> hidden
    cause popup LeaderScene -> hidden
    cause popup TechCivicCompletedPopup -> closed
mission CityName=LOC_CITY_NAME_OTTAWA CompletionTurn=167 EscapeResult=2 InitialResult=2 LevelAfter=1 LootInfo=0 Name=LOC_CITIZEN_MAYA_MODERN_FEMALE_2 Operation=46 PlotIndex=894
mission CityName=LOC_CITY_NAME_OTTAWA CompletionTurn=167 EscapeResult=-1 InitialResult=1 LevelAfter=1 LootInfo=0 Name=LOC_CITIZEN_MAYA_MODERN_FEMALE_8 Operation=46 PlotIndex=894
mission CityName=LOC_CITY_NAME_OTTAWA CompletionTurn=165 EscapeResult=0 InitialResult=2 LevelAfter=1 LootInfo=0 Name=LOC_CITIZEN_MAYA_MODERN_MALE_1 Operation=46 PlotIndex=894
mission CityName=LOC_CITY_NAME_OTTAWA CompletionTurn=165 EscapeResult=-1 InitialResult=0 LevelAfter=1 LootInfo=0 Name=LOC_CITIZEN_MAYA_MODERN_FEMALE_9 Operation=46 PlotIndex=894
mission CityName=LOC_CITY_NAME_OTTAWA CompletionTurn=163 EscapeResult=2 InitialResult=2 LevelAfter=1 LootInfo=0 Name=LOC_CITIZEN_MAYA_MODERN_FEMALE_1 Operation=46 PlotIndex=894
mission CityName=LOC_CITY_NAME_OTTAWA CompletionTurn=163 EscapeResult=-1 InitialResult=1 LevelAfter=1 LootInfo=0 Name=LOC_CITIZEN_MAYA_MODERN_FEMALE_4 Operation=46 PlotIndex=894
tally 2  SIPHON_FUNDS CAPTURED / NO_RESULT
tally 2  SIPHON_FUNDS FAIL_MUST_ESCAPE / FAIL_MUST_ESCAPE
tally 1  SIPHON_FUNDS FAIL_MUST_ESCAPE / KILLED
tally 1  SIPHON_FUNDS KILLED / NO_RESULT
turn 168 spies active 4 idle 0 missions 6 captured-enemy 0
spy 5111834 LOC_CITIZEN_MAYA_FEMALE_1 level 1 at 54:10 busy:UNITOPERATION_SPY_SIPHON_FUNDS
spy 5177371 LOC_CITIZEN_MAYA_MODERN_MALE_10 level 1 at 54:10 busy:UNITOPERATION_SPY_SIPHON_FUNDS
spy 5701663 LOC_CITIZEN_MAYA_MALE_3 level 1 at 54:10 busy:UNITOPERATION_SPY_SIPHON_FUNDS
spy 5767200 LOC_CITIZEN_MAYA_MODERN_MALE_4 level 1 at 54:10 busy:UNITOPERATION_SPY_SIPHON_FUNDS
defender 7471106 at 54:10 level 3 op UNITOPERATION_SPY_COUNTERSPY
turn 168 spies 4 started 0 travelled 0 promoted 0 bought 2 gold 50000
    unblock: unblock: blocker ENDTURN_BLOCKING_CIVIC -> civic CIVIC_GUILDS
    unblock: unblock: blocker ENDTURN_BLOCKING_PRODUCTION -> CALAKMUL builds UNIT_WARRIOR
    unblock: unblock: blocker ENDTURN_BLOCKING_FILL_CIVIC_SLOT -> nothing
    popup TechCivicCompletedPopup -> closed
    grabbed p1: def: spy 7471106 at 54:10 level 3 xp 90 promos PROMOTION_SPY_TECHNOLOGIST,PROMOTION_SPY_DEMOLITIONS op UNITOPERATION_SPY_COUNTERSPY targets 
    cause popup TechCivicCompletedPopup -> closed
mission CityName=LOC_CITY_NAME_OTTAWA CompletionTurn=169 EscapeResult=-1 InitialResult=2 LevelAfter=1 LootInfo=0 Name=LOC_CITIZEN_MAYA_MODERN_MALE_10 Operation=46 PlotIndex=894
mission CityName=LOC_CITY_NAME_OTTAWA CompletionTurn=169 EscapeResult=-1 InitialResult=2 LevelAfter=1 LootInfo=0 Name=LOC_CITIZEN_MAYA_FEMALE_1 Operation=46 PlotIndex=894
mission CityName=LOC_CITY_NAME_OTTAWA CompletionTurn=167 EscapeResult=2 InitialResult=2 LevelAfter=1 LootInfo=0 Name=LOC_CITIZEN_MAYA_MODERN_FEMALE_2 Operation=46 PlotIndex=894
mission CityName=LOC_CITY_NAME_OTTAWA CompletionTurn=167 EscapeResult=-1 InitialResult=1 LevelAfter=1 LootInfo=0 Name=LOC_CITIZEN_MAYA_MODERN_FEMALE_8 Operation=46 PlotIndex=894
mission CityName=LOC_CITY_NAME_OTTAWA CompletionTurn=165 EscapeResult=0 InitialResult=2 LevelAfter=1 LootInfo=0 Name=LOC_CITIZEN_MAYA_MODERN_MALE_1 Operation=46 PlotIndex=894
mission CityName=LOC_CITY_NAME_OTTAWA CompletionTurn=165 EscapeResult=-1 InitialResult=0 LevelAfter=1 LootInfo=0 Name=LOC_CITIZEN_MAYA_MODERN_FEMALE_9 Operation=46 PlotIndex=894
mission CityName=LOC_CITY_NAME_OTTAWA CompletionTurn=163 EscapeResult=2 InitialResult=2 LevelAfter=1 LootInfo=0 Name=LOC_CITIZEN_MAYA_MODERN_FEMALE_1 Operation=46 PlotIndex=894
mission CityName=LOC_CITY_NAME_OTTAWA CompletionTurn=163 EscapeResult=-1 InitialResult=1 LevelAfter=1 LootInfo=0 Name=LOC_CITIZEN_MAYA_MODERN_FEMALE_4 Operation=46 PlotIndex=894
tally 2  SIPHON_FUNDS CAPTURED / NO_RESULT
tally 2  SIPHON_FUNDS FAIL_MUST_ESCAPE / FAIL_MUST_ESCAPE
tally 1  SIPHON_FUNDS FAIL_MUST_ESCAPE / KILLED
tally 2  SIPHON_FUNDS FAIL_MUST_ESCAPE / NO_RESULT
tally 1  SIPHON_FUNDS KILLED / NO_RESULT
turn 169 spies active 4 idle 5 missions 8 captured-enemy 0
spy 6225924 LOC_CITIZEN_MAYA_MALE_1 level 1 at 54:11 start
spy 6160393 LOC_CITIZEN_MAYA_MODERN_MALE_6 level 1 at 37:38 travel
spy 6094867 LOC_CITIZEN_MAYA_MODERN_MALE_9 level 1 at 36:42 travel
spy 5111834 LOC_CITIZEN_MAYA_FEMALE_1 level 1 at 54:10 busy:UNITOPERATION_SPY_SIPHON_FUNDS
spy 5177371 LOC_CITIZEN_MAYA_MODERN_MALE_10 level 1 at 54:10 busy:UNITOPERATION_SPY_SIPHON_FUNDS
spy 5701663 LOC_CITIZEN_MAYA_MALE_3 level 1 at 54:10 busy:UNITOPERATION_SPY_SIPHON_FUNDS
spy 5767200 LOC_CITIZEN_MAYA_MODERN_MALE_4 level 1 at 54:10 busy:UNITOPERATION_SPY_SIPHON_FUNDS
spy 6291491 LOC_CITIZEN_MAYA_MODERN_FEMALE_6 level 1 at 54:11 start
spy 6357028 LOC_CITIZEN_MAYA_MODERN_FEMALE_1 level 1 at 54:11 start
defender 7471106 at 54:10 level 3 op UNITOPERATION_SPY_COUNTERSPY
turn 169 spies 9 started 3 travelled 2 promoted 0 bought 0 gold 50000
    unblock: unblock: blocker ENDTURN_BLOCKING_SPY_CHOOSE_ESCAPE_ROUTE -> escape route DISTRICT_COMMERCIAL_HUB of 2 for spy 5111834 LOC_CITIZEN_MAYA_FEMALE_1 level 1 turn 169 city LOC_CITY_NAME_OTTAWA p1 at 54:10 pursuer Логан
    unblock: unblock: blocker ENDTURN_BLOCKING_SPY_CHOOSE_ESCAPE_ROUTE -> escape route DISTRICT_CITY_CENTER of 2 for spy 5177371 LOC_CITIZEN_MAYA_MODERN_MALE_10 level 1 turn 169 city LOC_CITY_NAME_OTTAWA p1 at 54:10 pursuer Логан
    unblock: unblock: blocker ENDTURN_BLOCKING_CIVIC -> civic CIVIC_DIVINE_RIGHT
    unblock: unblock: blocker ENDTURN_BLOCKING_PRODUCTION -> CALAKMUL builds UNIT_WARRIOR
    unblock: unblock: blocker ENDTURN_BLOCKING_FILL_CIVIC_SLOT -> nothing
    popup EspionagePopup -> closed
    grabbed p1: def: spy 7471106 at 54:10 level 3 xp 90 promos PROMOTION_SPY_TECHNOLOGIST,PROMOTION_SPY_DEMOLITIONS op UNITOPERATION_SPY_COUNTERSPY targets 
    cause popup NaturalDisasterPopup -> closed
mission CityName=LOC_CITY_NAME_OTTAWA CompletionTurn=169 EscapeResult=2 InitialResult=2 LevelAfter=1 LootInfo=0 Name=LOC_CITIZEN_MAYA_MODERN_MALE_10 Operation=46 PlotIndex=894
mission CityName=LOC_CITY_NAME_OTTAWA CompletionTurn=169 EscapeResult=1 InitialResult=2 LevelAfter=1 LootInfo=0 Name=LOC_CITIZEN_MAYA_FEMALE_1 Operation=46 PlotIndex=894
mission CityName=LOC_CITY_NAME_OTTAWA CompletionTurn=167 EscapeResult=2 InitialResult=2 LevelAfter=1 LootInfo=0 Name=LOC_CITIZEN_MAYA_MODERN_FEMALE_2 Operation=46 PlotIndex=894
mission CityName=LOC_CITY_NAME_OTTAWA CompletionTurn=167 EscapeResult=-1 InitialResult=1 LevelAfter=1 LootInfo=0 Name=LOC_CITIZEN_MAYA_MODERN_FEMALE_8 Operation=46 PlotIndex=894
mission CityName=LOC_CITY_NAME_OTTAWA CompletionTurn=165 EscapeResult=0 InitialResult=2 LevelAfter=1 LootInfo=0 Name=LOC_CITIZEN_MAYA_MODERN_MALE_1 Operation=46 PlotIndex=894
mission CityName=LOC_CITY_NAME_OTTAWA CompletionTurn=165 EscapeResult=-1 InitialResult=0 LevelAfter=1 LootInfo=0 Name=LOC_CITIZEN_MAYA_MODERN_FEMALE_9 Operation=46 PlotIndex=894
mission CityName=LOC_CITY_NAME_OTTAWA CompletionTurn=163 EscapeResult=2 InitialResult=2 LevelAfter=1 LootInfo=0 Name=LOC_CITIZEN_MAYA_MODERN_FEMALE_1 Operation=46 PlotIndex=894
mission CityName=LOC_CITY_NAME_OTTAWA CompletionTurn=163 EscapeResult=-1 InitialResult=1 LevelAfter=1 LootInfo=0 Name=LOC_CITIZEN_MAYA_MODERN_FEMALE_4 Operation=46 PlotIndex=894
tally 2  SIPHON_FUNDS CAPTURED / NO_RESULT
tally 1  SIPHON_FUNDS FAIL_MUST_ESCAPE / CAPTURED
tally 3  SIPHON_FUNDS FAIL_MUST_ESCAPE / FAIL_MUST_ESCAPE
tally 1  SIPHON_FUNDS FAIL_MUST_ESCAPE / KILLED
tally 1  SIPHON_FUNDS KILLED / NO_RESULT
turn 170 spies active 5 idle 0 missions 8 captured-enemy 0
spy 6225924 LOC_CITIZEN_MAYA_MALE_1 level 1 at 54:10 busy:UNITOPERATION_SPY_SIPHON_FUNDS
spy 5701663 LOC_CITIZEN_MAYA_MALE_3 level 1 at 54:10 busy:UNITOPERATION_SPY_SIPHON_FUNDS
spy 5767200 LOC_CITIZEN_MAYA_MODERN_MALE_4 level 1 at 54:10 busy:UNITOPERATION_SPY_SIPHON_FUNDS
spy 6291491 LOC_CITIZEN_MAYA_MODERN_FEMALE_6 level 1 at 54:10 busy:UNITOPERATION_SPY_SIPHON_FUNDS
spy 6357028 LOC_CITIZEN_MAYA_MODERN_FEMALE_1 level 1 at 54:10 busy:UNITOPERATION_SPY_SIPHON_FUNDS
defender 7471106 at 54:10 level 3 op UNITOPERATION_SPY_COUNTERSPY
turn 170 spies 5 started 0 travelled 0 promoted 0 bought 0 gold 50000
    unblock: unblock: blocker ENDTURN_BLOCKING_PRODUCTION -> CALAKMUL builds UNIT_WARRIOR
    unblock: unblock: blocker ENDTURN_BLOCKING_FILL_CIVIC_SLOT -> nothing
    popup EspionagePopup -> closed
    grabbed p1: def: spy 7471106 at 54:10 level 3 xp 90 promos PROMOTION_SPY_TECHNOLOGIST,PROMOTION_SPY_DEMOLITIONS op UNITOPERATION_SPY_COUNTERSPY targets 
    cause session 2:2 -> closed sessions [2:2]
    cause popup DiplomacyActionView -> hidden
    cause popup LeaderScene -> hidden
    cause popup EspionagePopup -> closed
    cause popup EspionagePopup -> closed
mission CityName=LOC_CITY_NAME_OTTAWA CompletionTurn=171 EscapeResult=-1 InitialResult=5 LevelAfter=2 LootInfo=368 Name=LOC_CITIZEN_MAYA_MODERN_MALE_4 Operation=46 PlotIndex=894
mission CityName=LOC_CITY_NAME_OTTAWA CompletionTurn=171 EscapeResult=-1 InitialResult=0 LevelAfter=1 LootInfo=0 Name=LOC_CITIZEN_MAYA_MALE_3 Operation=46 PlotIndex=894
mission CityName=LOC_CITY_NAME_OTTAWA CompletionTurn=169 EscapeResult=2 InitialResult=2 LevelAfter=1 LootInfo=0 Name=LOC_CITIZEN_MAYA_MODERN_MALE_10 Operation=46 PlotIndex=894
mission CityName=LOC_CITY_NAME_OTTAWA CompletionTurn=169 EscapeResult=1 InitialResult=2 LevelAfter=1 LootInfo=0 Name=LOC_CITIZEN_MAYA_FEMALE_1 Operation=46 PlotIndex=894
mission CityName=LOC_CITY_NAME_OTTAWA CompletionTurn=167 EscapeResult=2 InitialResult=2 LevelAfter=1 LootInfo=0 Name=LOC_CITIZEN_MAYA_MODERN_FEMALE_2 Operation=46 PlotIndex=894
mission CityName=LOC_CITY_NAME_OTTAWA CompletionTurn=167 EscapeResult=-1 InitialResult=1 LevelAfter=1 LootInfo=0 Name=LOC_CITIZEN_MAYA_MODERN_FEMALE_8 Operation=46 PlotIndex=894
mission CityName=LOC_CITY_NAME_OTTAWA CompletionTurn=165 EscapeResult=0 InitialResult=2 LevelAfter=1 LootInfo=0 Name=LOC_CITIZEN_MAYA_MODERN_MALE_1 Operation=46 PlotIndex=894
mission CityName=LOC_CITY_NAME_OTTAWA CompletionTurn=165 EscapeResult=-1 InitialResult=0 LevelAfter=1 LootInfo=0 Name=LOC_CITIZEN_MAYA_MODERN_FEMALE_9 Operation=46 PlotIndex=894
mission CityName=LOC_CITY_NAME_OTTAWA CompletionTurn=163 EscapeResult=2 InitialResult=2 LevelAfter=1 LootInfo=0 Name=LOC_CITIZEN_MAYA_MODERN_FEMALE_1 Operation=46 PlotIndex=894
mission CityName=LOC_CITY_NAME_OTTAWA CompletionTurn=163 EscapeResult=-1 InitialResult=1 LevelAfter=1 LootInfo=0 Name=LOC_CITIZEN_MAYA_MODERN_FEMALE_4 Operation=46 PlotIndex=894
tally 2  SIPHON_FUNDS CAPTURED / NO_RESULT
tally 1  SIPHON_FUNDS FAIL_MUST_ESCAPE / CAPTURED
tally 3  SIPHON_FUNDS FAIL_MUST_ESCAPE / FAIL_MUST_ESCAPE
tally 1  SIPHON_FUNDS FAIL_MUST_ESCAPE / KILLED
tally 2  SIPHON_FUNDS KILLED / NO_RESULT
tally 1  SIPHON_FUNDS SUCCESS_UNDETECTED / NO_RESULT
turn 171 spies active 3 idle 4 missions 10 captured-enemy 0
spy 6225924 LOC_CITIZEN_MAYA_MALE_1 level 1 at 54:10 busy:UNITOPERATION_SPY_SIPHON_FUNDS
spy 6750217 LOC_CITIZEN_MAYA_MODERN_MALE_6 level 1 at 54:11 start
spy 6684691 LOC_CITIZEN_MAYA_MODERN_FEMALE_2 level 1 at 36:42 travel
spy 5767200 LOC_CITIZEN_MAYA_MODERN_MALE_4 level 1 at 54:11 start
spy 6291491 LOC_CITIZEN_MAYA_MODERN_FEMALE_6 level 1 at 54:10 busy:UNITOPERATION_SPY_SIPHON_FUNDS
spy 6357028 LOC_CITIZEN_MAYA_MODERN_FEMALE_1 level 1 at 54:10 busy:UNITOPERATION_SPY_SIPHON_FUNDS
spy 6815783 LOC_CITIZEN_MAYA_MODERN_MALE_9 level 1 at 54:11 start
defender 7471106 at 54:11 level 3 op -1
turn 171 spies 7 started 3 travelled 1 promoted 1 bought 1 gold 50000
    unblock: unblock: blocker ENDTURN_BLOCKING_PRODUCTION -> CALAKMUL builds UNIT_WARRIOR
    unblock: unblock: blocker ENDTURN_BLOCKING_FILL_CIVIC_SLOT -> nothing
    popup EspionagePopup -> closed
    grabbed p1: def: spy 7471106 at 54:11 level 3 xp 90 promos PROMOTION_SPY_TECHNOLOGIST,PROMOTION_SPY_DEMOLITIONS op -1 targets 54:11,53:13,53:9,54:10,54:12,56:11,55:11,54:8
    repost: def: post at 54:10 plotcan true requested plot
    after: def: spy 7471106 at 54:10 level 3 xp 90 promos PROMOTION_SPY_TECHNOLOGIST,PROMOTION_SPY_DEMOLITIONS op UNITOPERATION_SPY_COUNTERSPY targets 
    cause session 2:2 -> closed sessions [2:2]
    cause popup DiplomacyActionView -> hidden
    cause popup LeaderScene -> hidden
    cause popup EspionagePopup -> closed
    cause popup BoostUnlockedPopup -> closed
mission CityName=LOC_CITY_NAME_OTTAWA CompletionTurn=171 EscapeResult=-1 InitialResult=5 LevelAfter=2 LootInfo=368 Name=LOC_CITIZEN_MAYA_MODERN_MALE_4 Operation=46 PlotIndex=894
mission CityName=LOC_CITY_NAME_OTTAWA CompletionTurn=171 EscapeResult=-1 InitialResult=0 LevelAfter=1 LootInfo=0 Name=LOC_CITIZEN_MAYA_MALE_3 Operation=46 PlotIndex=894
mission CityName=LOC_CITY_NAME_OTTAWA CompletionTurn=169 EscapeResult=2 InitialResult=2 LevelAfter=1 LootInfo=0 Name=LOC_CITIZEN_MAYA_MODERN_MALE_10 Operation=46 PlotIndex=894
mission CityName=LOC_CITY_NAME_OTTAWA CompletionTurn=169 EscapeResult=1 InitialResult=2 LevelAfter=1 LootInfo=0 Name=LOC_CITIZEN_MAYA_FEMALE_1 Operation=46 PlotIndex=894
mission CityName=LOC_CITY_NAME_OTTAWA CompletionTurn=167 EscapeResult=2 InitialResult=2 LevelAfter=1 LootInfo=0 Name=LOC_CITIZEN_MAYA_MODERN_FEMALE_2 Operation=46 PlotIndex=894
mission CityName=LOC_CITY_NAME_OTTAWA CompletionTurn=167 EscapeResult=-1 InitialResult=1 LevelAfter=1 LootInfo=0 Name=LOC_CITIZEN_MAYA_MODERN_FEMALE_8 Operation=46 PlotIndex=894
mission CityName=LOC_CITY_NAME_OTTAWA CompletionTurn=165 EscapeResult=0 InitialResult=2 LevelAfter=1 LootInfo=0 Name=LOC_CITIZEN_MAYA_MODERN_MALE_1 Operation=46 PlotIndex=894
mission CityName=LOC_CITY_NAME_OTTAWA CompletionTurn=165 EscapeResult=-1 InitialResult=0 LevelAfter=1 LootInfo=0 Name=LOC_CITIZEN_MAYA_MODERN_FEMALE_9 Operation=46 PlotIndex=894
mission CityName=LOC_CITY_NAME_OTTAWA CompletionTurn=163 EscapeResult=2 InitialResult=2 LevelAfter=1 LootInfo=0 Name=LOC_CITIZEN_MAYA_MODERN_FEMALE_1 Operation=46 PlotIndex=894
mission CityName=LOC_CITY_NAME_OTTAWA CompletionTurn=163 EscapeResult=-1 InitialResult=1 LevelAfter=1 LootInfo=0 Name=LOC_CITIZEN_MAYA_MODERN_FEMALE_4 Operation=46 PlotIndex=894
tally 2  SIPHON_FUNDS CAPTURED / NO_RESULT
tally 1  SIPHON_FUNDS FAIL_MUST_ESCAPE / CAPTURED
tally 3  SIPHON_FUNDS FAIL_MUST_ESCAPE / FAIL_MUST_ESCAPE
tally 1  SIPHON_FUNDS FAIL_MUST_ESCAPE / KILLED
tally 2  SIPHON_FUNDS KILLED / NO_RESULT
tally 1  SIPHON_FUNDS SUCCESS_UNDETECTED / NO_RESULT
turn 171 spies active 6 idle 1 missions 10 captured-enemy 0
spy 6225924 LOC_CITIZEN_MAYA_MALE_1 level 1 at 54:10 busy:UNITOPERATION_SPY_SIPHON_FUNDS
spy 6750217 LOC_CITIZEN_MAYA_MODERN_MALE_6 level 1 at 54:10 busy:UNITOPERATION_SPY_SIPHON_FUNDS
spy 5767200 LOC_CITIZEN_MAYA_MODERN_MALE_4 level 2 at 54:10 busy:UNITOPERATION_SPY_SIPHON_FUNDS
spy 6291491 LOC_CITIZEN_MAYA_MODERN_FEMALE_6 level 1 at 54:10 busy:UNITOPERATION_SPY_SIPHON_FUNDS
spy 6357028 LOC_CITIZEN_MAYA_MODERN_FEMALE_1 level 1 at 54:10 busy:UNITOPERATION_SPY_SIPHON_FUNDS
spy 6815783 LOC_CITIZEN_MAYA_MODERN_MALE_9 level 1 at 54:10 busy:UNITOPERATION_SPY_SIPHON_FUNDS
spy 7012394 LOC_CITIZEN_MAYA_MODERN_FEMALE_7 level 1 at 37:38 notarget
defender 7471106 at 54:10 level 3 op UNITOPERATION_SPY_COUNTERSPY
turn 171 spies 7 started 0 travelled 0 promoted 0 bought 0 gold 47455
    unblock: unblock: blocker ENDTURN_BLOCKING_FILL_CIVIC_SLOT -> nothing
    popup BoostUnlockedPopup -> closed
    no grab of p1 this turn
    cause popup BoostUnlockedPopup -> closed
    cause popup BoostUnlockedPopup -> closed
    cause popup BoostUnlockedPopup -> closed
    cause popup BoostUnlockedPopup -> closed
    cause blocker ENDTURN_BLOCKING_PRODUCTION -> unblock: blocker ENDTURN_BLOCKING_PRODUCTION -> CALAKMUL builds UNIT_WARRIOR
    cause blocker ENDTURN_BLOCKING_FILL_CIVIC_SLOT: no handler
spy 6225924 LOC_CITIZEN_MAYA_MALE_1 level 1 at 54:10 busy:UNITOPERATION_SPY_SIPHON_FUNDS
spy 6750217 LOC_CITIZEN_MAYA_MODERN_MALE_6 level 1 at 54:10 busy:UNITOPERATION_SPY_SIPHON_FUNDS
spy 5767200 LOC_CITIZEN_MAYA_MODERN_MALE_4 level 2 at 54:11 start
spy 6291491 LOC_CITIZEN_MAYA_MODERN_FEMALE_6 level 1 at 54:10 busy:UNITOPERATION_SPY_SIPHON_FUNDS
spy 6357028 LOC_CITIZEN_MAYA_MODERN_FEMALE_1 level 1 at 54:10 busy:UNITOPERATION_SPY_SIPHON_FUNDS
spy 6815783 LOC_CITIZEN_MAYA_MODERN_MALE_9 level 1 at 54:10 busy:UNITOPERATION_SPY_SIPHON_FUNDS
spy 7012394 LOC_CITIZEN_MAYA_MODERN_FEMALE_7 level 1 at 37:38 travel
defender 7471106 at 54:10 level 3 op UNITOPERATION_SPY_COUNTERSPY
turn 172 spies 7 started 1 travelled 1 promoted 0 bought 0 gold 50000
    unblock: unblock: blocker ENDTURN_BLOCKING_FILL_CIVIC_SLOT -> nothing
    grabbed p1: def: spy 7471106 at 54:10 level 3 xp 90 promos PROMOTION_SPY_TECHNOLOGIST,PROMOTION_SPY_DEMOLITIONS op UNITOPERATION_SPY_COUNTERSPY targets 
    cause popup EspionagePopup -> closed
mission CityName=LOC_CITY_NAME_OTTAWA CompletionTurn=173 EscapeResult=-1 InitialResult=2 LevelAfter=1 LootInfo=0 Name=LOC_CITIZEN_MAYA_MODERN_FEMALE_1 Operation=46 PlotIndex=894
mission CityName=LOC_CITY_NAME_OTTAWA CompletionTurn=173 EscapeResult=-1 InitialResult=5 LevelAfter=2 LootInfo=368 Name=LOC_CITIZEN_MAYA_MODERN_FEMALE_6 Operation=46 PlotIndex=894
mission CityName=LOC_CITY_NAME_OTTAWA CompletionTurn=173 EscapeResult=-1 InitialResult=0 LevelAfter=1 LootInfo=0 Name=LOC_CITIZEN_MAYA_MALE_1 Operation=46 PlotIndex=894
mission CityName=LOC_CITY_NAME_OTTAWA CompletionTurn=171 EscapeResult=-1 InitialResult=5 LevelAfter=2 LootInfo=368 Name=LOC_CITIZEN_MAYA_MODERN_MALE_4 Operation=46 PlotIndex=894
mission CityName=LOC_CITY_NAME_OTTAWA CompletionTurn=171 EscapeResult=-1 InitialResult=0 LevelAfter=1 LootInfo=0 Name=LOC_CITIZEN_MAYA_MALE_3 Operation=46 PlotIndex=894
mission CityName=LOC_CITY_NAME_OTTAWA CompletionTurn=169 EscapeResult=2 InitialResult=2 LevelAfter=1 LootInfo=0 Name=LOC_CITIZEN_MAYA_MODERN_MALE_10 Operation=46 PlotIndex=894
mission CityName=LOC_CITY_NAME_OTTAWA CompletionTurn=169 EscapeResult=1 InitialResult=2 LevelAfter=1 LootInfo=0 Name=LOC_CITIZEN_MAYA_FEMALE_1 Operation=46 PlotIndex=894
mission CityName=LOC_CITY_NAME_OTTAWA CompletionTurn=167 EscapeResult=2 InitialResult=2 LevelAfter=1 LootInfo=0 Name=LOC_CITIZEN_MAYA_MODERN_FEMALE_2 Operation=46 PlotIndex=894
mission CityName=LOC_CITY_NAME_OTTAWA CompletionTurn=167 EscapeResult=-1 InitialResult=1 LevelAfter=1 LootInfo=0 Name=LOC_CITIZEN_MAYA_MODERN_FEMALE_8 Operation=46 PlotIndex=894
mission CityName=LOC_CITY_NAME_OTTAWA CompletionTurn=165 EscapeResult=0 InitialResult=2 LevelAfter=1 LootInfo=0 Name=LOC_CITIZEN_MAYA_MODERN_MALE_1 Operation=46 PlotIndex=894
mission CityName=LOC_CITY_NAME_OTTAWA CompletionTurn=165 EscapeResult=-1 InitialResult=0 LevelAfter=1 LootInfo=0 Name=LOC_CITIZEN_MAYA_MODERN_FEMALE_9 Operation=46 PlotIndex=894
mission CityName=LOC_CITY_NAME_OTTAWA CompletionTurn=163 EscapeResult=2 InitialResult=2 LevelAfter=1 LootInfo=0 Name=LOC_CITIZEN_MAYA_MODERN_FEMALE_1 Operation=46 PlotIndex=894
mission CityName=LOC_CITY_NAME_OTTAWA CompletionTurn=163 EscapeResult=-1 InitialResult=1 LevelAfter=1 LootInfo=0 Name=LOC_CITIZEN_MAYA_MODERN_FEMALE_4 Operation=46 PlotIndex=894
tally 2  SIPHON_FUNDS CAPTURED / NO_RESULT
tally 1  SIPHON_FUNDS FAIL_MUST_ESCAPE / CAPTURED
tally 3  SIPHON_FUNDS FAIL_MUST_ESCAPE / FAIL_MUST_ESCAPE
tally 1  SIPHON_FUNDS FAIL_MUST_ESCAPE / KILLED
tally 1  SIPHON_FUNDS FAIL_MUST_ESCAPE / NO_RESULT
tally 3  SIPHON_FUNDS KILLED / NO_RESULT
tally 2  SIPHON_FUNDS SUCCESS_UNDETECTED / NO_RESULT
turn 173 spies active 4 idle 3 missions 13 captured-enemy 0
spy 6750217 LOC_CITIZEN_MAYA_MODERN_MALE_6 level 1 at 54:10 busy:UNITOPERATION_SPY_SIPHON_FUNDS
spy 5767200 LOC_CITIZEN_MAYA_MODERN_MALE_4 level 2 at 54:10 busy:UNITOPERATION_SPY_SIPHON_FUNDS
spy 6291491 LOC_CITIZEN_MAYA_MODERN_FEMALE_6 level 1 at 54:11 start
spy 6357028 LOC_CITIZEN_MAYA_MODERN_FEMALE_1 level 1 at 54:10 busy:UNITOPERATION_SPY_SIPHON_FUNDS
spy 6815783 LOC_CITIZEN_MAYA_MODERN_MALE_9 level 1 at 54:10 busy:UNITOPERATION_SPY_SIPHON_FUNDS
spy 7209002 LOC_CITIZEN_MAYA_MODERN_MALE_10 level 1 at 36:42 travel
spy 7274539 LOC_CITIZEN_MAYA_MODERN_FEMALE_2 level 1 at 54:11 start
defender 7471106 at 54:11 level 3 op -1
turn 173 spies 7 started 2 travelled 1 promoted 1 bought 1 gold 50000
    unblock: unblock: blocker ENDTURN_BLOCKING_SPY_CHOOSE_ESCAPE_ROUTE -> escape route DISTRICT_COMMERCIAL_HUB of 2 for spy 6357028 LOC_CITIZEN_MAYA_MODERN_FEMALE_1 level 1 turn 173 city LOC_CITY_NAME_OTTAWA p1 at 54:10 pursuer police
    unblock: unblock: blocker ENDTURN_BLOCKING_PRODUCTION -> CALAKMUL builds UNIT_WARRIOR
    unblock: unblock: blocker ENDTURN_BLOCKING_FILL_CIVIC_SLOT -> nothing
    popup EspionagePopup -> closed
    grabbed p1: def: spy 7471106 at 54:11 level 3 xp 90 promos PROMOTION_SPY_TECHNOLOGIST,PROMOTION_SPY_DEMOLITIONS op -1 targets 54:11,53:13,53:9,54:10,54:12,56:11,55:11,54:8
    repost: def: post at 54:10 plotcan true requested plot
    after: def: spy 7471106 at 54:10 level 3 xp 90 promos PROMOTION_SPY_TECHNOLOGIST,PROMOTION_SPY_DEMOLITIONS op UNITOPERATION_SPY_COUNTERSPY targets 
    cause popup EspionagePopup -> closed
mission CityName=LOC_CITY_NAME_OTTAWA CompletionTurn=173 EscapeResult=0 InitialResult=2 LevelAfter=1 LootInfo=0 Name=LOC_CITIZEN_MAYA_MODERN_FEMALE_1 Operation=46 PlotIndex=894
mission CityName=LOC_CITY_NAME_OTTAWA CompletionTurn=173 EscapeResult=-1 InitialResult=5 LevelAfter=2 LootInfo=368 Name=LOC_CITIZEN_MAYA_MODERN_FEMALE_6 Operation=46 PlotIndex=894
mission CityName=LOC_CITY_NAME_OTTAWA CompletionTurn=173 EscapeResult=-1 InitialResult=0 LevelAfter=1 LootInfo=0 Name=LOC_CITIZEN_MAYA_MALE_1 Operation=46 PlotIndex=894
mission CityName=LOC_CITY_NAME_OTTAWA CompletionTurn=171 EscapeResult=-1 InitialResult=5 LevelAfter=2 LootInfo=368 Name=LOC_CITIZEN_MAYA_MODERN_MALE_4 Operation=46 PlotIndex=894
mission CityName=LOC_CITY_NAME_OTTAWA CompletionTurn=171 EscapeResult=-1 InitialResult=0 LevelAfter=1 LootInfo=0 Name=LOC_CITIZEN_MAYA_MALE_3 Operation=46 PlotIndex=894
mission CityName=LOC_CITY_NAME_OTTAWA CompletionTurn=169 EscapeResult=2 InitialResult=2 LevelAfter=1 LootInfo=0 Name=LOC_CITIZEN_MAYA_MODERN_MALE_10 Operation=46 PlotIndex=894
mission CityName=LOC_CITY_NAME_OTTAWA CompletionTurn=169 EscapeResult=1 InitialResult=2 LevelAfter=1 LootInfo=0 Name=LOC_CITIZEN_MAYA_FEMALE_1 Operation=46 PlotIndex=894
mission CityName=LOC_CITY_NAME_OTTAWA CompletionTurn=167 EscapeResult=2 InitialResult=2 LevelAfter=1 LootInfo=0 Name=LOC_CITIZEN_MAYA_MODERN_FEMALE_2 Operation=46 PlotIndex=894
mission CityName=LOC_CITY_NAME_OTTAWA CompletionTurn=167 EscapeResult=-1 InitialResult=1 LevelAfter=1 LootInfo=0 Name=LOC_CITIZEN_MAYA_MODERN_FEMALE_8 Operation=46 PlotIndex=894
mission CityName=LOC_CITY_NAME_OTTAWA CompletionTurn=165 EscapeResult=0 InitialResult=2 LevelAfter=1 LootInfo=0 Name=LOC_CITIZEN_MAYA_MODERN_MALE_1 Operation=46 PlotIndex=894
mission CityName=LOC_CITY_NAME_OTTAWA CompletionTurn=165 EscapeResult=-1 InitialResult=0 LevelAfter=1 LootInfo=0 Name=LOC_CITIZEN_MAYA_MODERN_FEMALE_9 Operation=46 PlotIndex=894
mission CityName=LOC_CITY_NAME_OTTAWA CompletionTurn=163 EscapeResult=2 InitialResult=2 LevelAfter=1 LootInfo=0 Name=LOC_CITIZEN_MAYA_MODERN_FEMALE_1 Operation=46 PlotIndex=894
mission CityName=LOC_CITY_NAME_OTTAWA CompletionTurn=163 EscapeResult=-1 InitialResult=1 LevelAfter=1 LootInfo=0 Name=LOC_CITIZEN_MAYA_MODERN_FEMALE_4 Operation=46 PlotIndex=894
tally 2  SIPHON_FUNDS CAPTURED / NO_RESULT
tally 1  SIPHON_FUNDS FAIL_MUST_ESCAPE / CAPTURED
tally 3  SIPHON_FUNDS FAIL_MUST_ESCAPE / FAIL_MUST_ESCAPE
tally 2  SIPHON_FUNDS FAIL_MUST_ESCAPE / KILLED
tally 3  SIPHON_FUNDS KILLED / NO_RESULT
tally 2  SIPHON_FUNDS SUCCESS_UNDETECTED / NO_RESULT
turn 174 spies active 5 idle 2 missions 13 captured-enemy 0
spy 6750217 LOC_CITIZEN_MAYA_MODERN_MALE_6 level 1 at 54:10 busy:UNITOPERATION_SPY_SIPHON_FUNDS
spy 5767200 LOC_CITIZEN_MAYA_MODERN_MALE_4 level 2 at 54:10 busy:UNITOPERATION_SPY_SIPHON_FUNDS
spy 6291491 LOC_CITIZEN_MAYA_MODERN_FEMALE_6 level 2 at 54:10 busy:UNITOPERATION_SPY_SIPHON_FUNDS
spy 6815783 LOC_CITIZEN_MAYA_MODERN_MALE_9 level 1 at 54:10 busy:UNITOPERATION_SPY_SIPHON_FUNDS
spy 7536682 LOC_CITIZEN_MAYA_MODERN_FEMALE_7 level 1 at 54:11 start
spy 7274539 LOC_CITIZEN_MAYA_MODERN_FEMALE_2 level 1 at 54:10 busy:UNITOPERATION_SPY_SIPHON_FUNDS
spy 7471150 LOC_CITIZEN_MAYA_MALE_8 level 1 at 37:38 travel
defender 7471106 at 54:10 level 3 op UNITOPERATION_SPY_COUNTERSPY
turn 174 spies 7 started 1 travelled 1 promoted 0 bought 1 gold 50000
    unblock: unblock: blocker ENDTURN_BLOCKING_PRODUCTION -> CALAKMUL builds UNIT_WARRIOR
    unblock: unblock: blocker ENDTURN_BLOCKING_FILL_CIVIC_SLOT -> nothing
    popup TechCivicCompletedPopup -> closed
    no grab of p1 this turn
    cause blocker ENDTURN_BLOCKING_FILL_CIVIC_SLOT: no handler
    diagnose failed: the game reset the tuner socket: [WinError 10038] Сделана попытка выполнить операцию на объекте, не являющемся сокетом
spy 6750217 LOC_CITIZEN_MAYA_MODERN_MALE_6 level 1 at 54:10 busy:UNITOPERATION_SPY_SIPHON_FUNDS
spy 5767200 LOC_CITIZEN_MAYA_MODERN_MALE_4 level 2 at 54:10 busy:UNITOPERATION_SPY_SIPHON_FUNDS
spy 6291491 LOC_CITIZEN_MAYA_MODERN_FEMALE_6 level 2 at 54:11 start
spy 6815783 LOC_CITIZEN_MAYA_MODERN_MALE_9 level 1 at 54:10 busy:UNITOPERATION_SPY_SIPHON_FUNDS
spy 7536682 LOC_CITIZEN_MAYA_MODERN_FEMALE_7 level 1 at 54:10 busy:UNITOPERATION_SPY_SIPHON_FUNDS
spy 7274539 LOC_CITIZEN_MAYA_MODERN_FEMALE_2 level 1 at 54:10 busy:UNITOPERATION_SPY_SIPHON_FUNDS
spy 7733295 LOC_CITIZEN_MAYA_MODERN_FEMALE_3 level 1 at 36:42 notarget
defender 7471106 at 54:10 level 3 op UNITOPERATION_SPY_COUNTERSPY
turn 174 spies 7 started 1 travelled 0 promoted 0 bought 0 gold 50000
    unblock: unblock: blocker ENDTURN_BLOCKING_FILL_CIVIC_SLOT -> nothing
    grabbed p1: def: spy 7471106 at 54:10 level 3 xp 90 promos PROMOTION_SPY_TECHNOLOGIST,PROMOTION_SPY_DEMOLITIONS op UNITOPERATION_SPY_COUNTERSPY targets 
    cause popup TechCivicCompletedPopup -> closed
mission CityName=LOC_CITY_NAME_OTTAWA CompletionTurn=175 EscapeResult=-1 InitialResult=4 LevelAfter=1 LootInfo=388 Name=LOC_CITIZEN_MAYA_MODERN_MALE_9 Operation=46 PlotIndex=894
mission CityName=LOC_CITY_NAME_OTTAWA CompletionTurn=175 EscapeResult=-1 InitialResult=1 LevelAfter=1 LootInfo=0 Name=LOC_CITIZEN_MAYA_MODERN_MALE_6 Operation=46 PlotIndex=894
mission CityName=LOC_CITY_NAME_OTTAWA CompletionTurn=173 EscapeResult=0 InitialResult=2 LevelAfter=1 LootInfo=0 Name=LOC_CITIZEN_MAYA_MODERN_FEMALE_1 Operation=46 PlotIndex=894
mission CityName=LOC_CITY_NAME_OTTAWA CompletionTurn=173 EscapeResult=-1 InitialResult=5 LevelAfter=2 LootInfo=368 Name=LOC_CITIZEN_MAYA_MODERN_FEMALE_6 Operation=46 PlotIndex=894
mission CityName=LOC_CITY_NAME_OTTAWA CompletionTurn=173 EscapeResult=-1 InitialResult=0 LevelAfter=1 LootInfo=0 Name=LOC_CITIZEN_MAYA_MALE_1 Operation=46 PlotIndex=894
mission CityName=LOC_CITY_NAME_OTTAWA CompletionTurn=171 EscapeResult=-1 InitialResult=5 LevelAfter=2 LootInfo=368 Name=LOC_CITIZEN_MAYA_MODERN_MALE_4 Operation=46 PlotIndex=894
mission CityName=LOC_CITY_NAME_OTTAWA CompletionTurn=171 EscapeResult=-1 InitialResult=0 LevelAfter=1 LootInfo=0 Name=LOC_CITIZEN_MAYA_MALE_3 Operation=46 PlotIndex=894
mission CityName=LOC_CITY_NAME_OTTAWA CompletionTurn=169 EscapeResult=2 InitialResult=2 LevelAfter=1 LootInfo=0 Name=LOC_CITIZEN_MAYA_MODERN_MALE_10 Operation=46 PlotIndex=894
mission CityName=LOC_CITY_NAME_OTTAWA CompletionTurn=169 EscapeResult=1 InitialResult=2 LevelAfter=1 LootInfo=0 Name=LOC_CITIZEN_MAYA_FEMALE_1 Operation=46 PlotIndex=894
mission CityName=LOC_CITY_NAME_OTTAWA CompletionTurn=167 EscapeResult=2 InitialResult=2 LevelAfter=1 LootInfo=0 Name=LOC_CITIZEN_MAYA_MODERN_FEMALE_2 Operation=46 PlotIndex=894
mission CityName=LOC_CITY_NAME_OTTAWA CompletionTurn=167 EscapeResult=-1 InitialResult=1 LevelAfter=1 LootInfo=0 Name=LOC_CITIZEN_MAYA_MODERN_FEMALE_8 Operation=46 PlotIndex=894
mission CityName=LOC_CITY_NAME_OTTAWA CompletionTurn=165 EscapeResult=0 InitialResult=2 LevelAfter=1 LootInfo=0 Name=LOC_CITIZEN_MAYA_MODERN_MALE_1 Operation=46 PlotIndex=894
mission CityName=LOC_CITY_NAME_OTTAWA CompletionTurn=165 EscapeResult=-1 InitialResult=0 LevelAfter=1 LootInfo=0 Name=LOC_CITIZEN_MAYA_MODERN_FEMALE_9 Operation=46 PlotIndex=894
mission CityName=LOC_CITY_NAME_OTTAWA CompletionTurn=163 EscapeResult=2 InitialResult=2 LevelAfter=1 LootInfo=0 Name=LOC_CITIZEN_MAYA_MODERN_FEMALE_1 Operation=46 PlotIndex=894
mission CityName=LOC_CITY_NAME_OTTAWA CompletionTurn=163 EscapeResult=-1 InitialResult=1 LevelAfter=1 LootInfo=0 Name=LOC_CITIZEN_MAYA_MODERN_FEMALE_4 Operation=46 PlotIndex=894
tally 3  SIPHON_FUNDS CAPTURED / NO_RESULT
tally 1  SIPHON_FUNDS FAIL_MUST_ESCAPE / CAPTURED
tally 3  SIPHON_FUNDS FAIL_MUST_ESCAPE / FAIL_MUST_ESCAPE
tally 2  SIPHON_FUNDS FAIL_MUST_ESCAPE / KILLED
tally 3  SIPHON_FUNDS KILLED / NO_RESULT
tally 1  SIPHON_FUNDS SUCCESS_MUST_ESCAPE / NO_RESULT
tally 2  SIPHON_FUNDS SUCCESS_UNDETECTED / NO_RESULT
turn 175 spies active 5 idle 2 missions 15 captured-enemy 0
spy 5767200 LOC_CITIZEN_MAYA_MODERN_MALE_4 level 2 at 54:10 busy:UNITOPERATION_SPY_SIPHON_FUNDS
spy 6291491 LOC_CITIZEN_MAYA_MODERN_FEMALE_6 level 2 at 54:10 busy:UNITOPERATION_SPY_SIPHON_FUNDS
spy 6815783 LOC_CITIZEN_MAYA_MODERN_MALE_9 level 1 at 54:10 busy:UNITOPERATION_SPY_SIPHON_FUNDS
spy 7536682 LOC_CITIZEN_MAYA_MODERN_FEMALE_7 level 1 at 54:10 busy:UNITOPERATION_SPY_SIPHON_FUNDS
spy 7274539 LOC_CITIZEN_MAYA_MODERN_FEMALE_2 level 1 at 54:10 busy:UNITOPERATION_SPY_SIPHON_FUNDS
spy 7798830 LOC_CITIZEN_MAYA_MODERN_MALE_10 level 1 at 54:11 start
spy 7733295 LOC_CITIZEN_MAYA_MODERN_FEMALE_3 level 1 at 36:42 travel
defender 7471106 at 54:11 level 3 op -1
turn 175 spies 7 started 1 travelled 1 promoted 0 bought 0 gold 50000
    unblock: unblock: blocker ENDTURN_BLOCKING_SPY_CHOOSE_ESCAPE_ROUTE -> escape route DISTRICT_CITY_CENTER of 2 for spy 6815783 LOC_CITIZEN_MAYA_MODERN_MALE_9 level 1 turn 175 city LOC_CITY_NAME_OTTAWA p1 at 54:10 pursuer police
    unblock: unblock: blocker ENDTURN_BLOCKING_RESEARCH -> research TECH_EDUCATION
    unblock: unblock: blocker ENDTURN_BLOCKING_PRODUCTION -> CALAKMUL builds UNIT_WARRIOR
    unblock: unblock: blocker ENDTURN_BLOCKING_FILL_CIVIC_SLOT -> nothing
    popup EspionagePopup -> closed
    grabbed p1: def: spy 7471106 at 54:11 level 3 xp 90 promos PROMOTION_SPY_TECHNOLOGIST,PROMOTION_SPY_DEMOLITIONS op -1 targets 54:11,53:13,53:9,54:10,54:12,56:11,55:11,54:8
    repost: def: post at 54:10 plotcan true requested plot
    after: def: spy 7471106 at 54:10 level 3 xp 90 promos PROMOTION_SPY_TECHNOLOGIST,PROMOTION_SPY_DEMOLITIONS op UNITOPERATION_SPY_COUNTERSPY targets 
    cause popup EspionagePopup -> closed
mission CityName=LOC_CITY_NAME_OTTAWA CompletionTurn=176 EscapeResult=-1 InitialResult=0 LevelAfter=2 LootInfo=0 Name=LOC_CITIZEN_MAYA_MODERN_MALE_4 Operation=46 PlotIndex=894
mission CityName=LOC_CITY_NAME_OTTAWA CompletionTurn=175 EscapeResult=1 InitialResult=4 LevelAfter=1 LootInfo=388 Name=LOC_CITIZEN_MAYA_MODERN_MALE_9 Operation=46 PlotIndex=894
mission CityName=LOC_CITY_NAME_OTTAWA CompletionTurn=175 EscapeResult=-1 InitialResult=1 LevelAfter=1 LootInfo=0 Name=LOC_CITIZEN_MAYA_MODERN_MALE_6 Operation=46 PlotIndex=894
mission CityName=LOC_CITY_NAME_OTTAWA CompletionTurn=173 EscapeResult=0 InitialResult=2 LevelAfter=1 LootInfo=0 Name=LOC_CITIZEN_MAYA_MODERN_FEMALE_1 Operation=46 PlotIndex=894
mission CityName=LOC_CITY_NAME_OTTAWA CompletionTurn=173 EscapeResult=-1 InitialResult=5 LevelAfter=2 LootInfo=368 Name=LOC_CITIZEN_MAYA_MODERN_FEMALE_6 Operation=46 PlotIndex=894
mission CityName=LOC_CITY_NAME_OTTAWA CompletionTurn=173 EscapeResult=-1 InitialResult=0 LevelAfter=1 LootInfo=0 Name=LOC_CITIZEN_MAYA_MALE_1 Operation=46 PlotIndex=894
mission CityName=LOC_CITY_NAME_OTTAWA CompletionTurn=171 EscapeResult=-1 InitialResult=5 LevelAfter=2 LootInfo=368 Name=LOC_CITIZEN_MAYA_MODERN_MALE_4 Operation=46 PlotIndex=894
mission CityName=LOC_CITY_NAME_OTTAWA CompletionTurn=171 EscapeResult=-1 InitialResult=0 LevelAfter=1 LootInfo=0 Name=LOC_CITIZEN_MAYA_MALE_3 Operation=46 PlotIndex=894
mission CityName=LOC_CITY_NAME_OTTAWA CompletionTurn=169 EscapeResult=2 InitialResult=2 LevelAfter=1 LootInfo=0 Name=LOC_CITIZEN_MAYA_MODERN_MALE_10 Operation=46 PlotIndex=894
mission CityName=LOC_CITY_NAME_OTTAWA CompletionTurn=169 EscapeResult=1 InitialResult=2 LevelAfter=1 LootInfo=0 Name=LOC_CITIZEN_MAYA_FEMALE_1 Operation=46 PlotIndex=894
mission CityName=LOC_CITY_NAME_OTTAWA CompletionTurn=167 EscapeResult=2 InitialResult=2 LevelAfter=1 LootInfo=0 Name=LOC_CITIZEN_MAYA_MODERN_FEMALE_2 Operation=46 PlotIndex=894
mission CityName=LOC_CITY_NAME_OTTAWA CompletionTurn=167 EscapeResult=-1 InitialResult=1 LevelAfter=1 LootInfo=0 Name=LOC_CITIZEN_MAYA_MODERN_FEMALE_8 Operation=46 PlotIndex=894
mission CityName=LOC_CITY_NAME_OTTAWA CompletionTurn=165 EscapeResult=0 InitialResult=2 LevelAfter=1 LootInfo=0 Name=LOC_CITIZEN_MAYA_MODERN_MALE_1 Operation=46 PlotIndex=894
mission CityName=LOC_CITY_NAME_OTTAWA CompletionTurn=165 EscapeResult=-1 InitialResult=0 LevelAfter=1 LootInfo=0 Name=LOC_CITIZEN_MAYA_MODERN_FEMALE_9 Operation=46 PlotIndex=894
mission CityName=LOC_CITY_NAME_OTTAWA CompletionTurn=163 EscapeResult=2 InitialResult=2 LevelAfter=1 LootInfo=0 Name=LOC_CITIZEN_MAYA_MODERN_FEMALE_1 Operation=46 PlotIndex=894
mission CityName=LOC_CITY_NAME_OTTAWA CompletionTurn=163 EscapeResult=-1 InitialResult=1 LevelAfter=1 LootInfo=0 Name=LOC_CITIZEN_MAYA_MODERN_FEMALE_4 Operation=46 PlotIndex=894
tally 3  SIPHON_FUNDS CAPTURED / NO_RESULT
tally 1  SIPHON_FUNDS FAIL_MUST_ESCAPE / CAPTURED
tally 3  SIPHON_FUNDS FAIL_MUST_ESCAPE / FAIL_MUST_ESCAPE
tally 2  SIPHON_FUNDS FAIL_MUST_ESCAPE / KILLED
tally 4  SIPHON_FUNDS KILLED / NO_RESULT
tally 1  SIPHON_FUNDS SUCCESS_MUST_ESCAPE / CAPTURED
tally 2  SIPHON_FUNDS SUCCESS_UNDETECTED / NO_RESULT
turn 176 spies active 4 idle 1 missions 16 captured-enemy 0
spy 6291491 LOC_CITIZEN_MAYA_MODERN_FEMALE_6 level 2 at 54:10 busy:UNITOPERATION_SPY_SIPHON_FUNDS
spy 7536682 LOC_CITIZEN_MAYA_MODERN_FEMALE_7 level 1 at 54:10 busy:UNITOPERATION_SPY_SIPHON_FUNDS
spy 7274539 LOC_CITIZEN_MAYA_MODERN_FEMALE_2 level 1 at 54:10 busy:UNITOPERATION_SPY_SIPHON_FUNDS
spy 7798830 LOC_CITIZEN_MAYA_MODERN_MALE_10 level 1 at 54:10 busy:UNITOPERATION_SPY_SIPHON_FUNDS
spy 7995439 LOC_CITIZEN_MAYA_MALE_8 level 1 at 54:11 start
defender 7471106 at 54:11 level 3 op -1
turn 176 spies 5 started 1 travelled 0 promoted 0 bought 2 gold 50000
    unblock: unblock: blocker ENDTURN_BLOCKING_PRODUCTION -> CALAKMUL builds UNIT_WARRIOR
    unblock: unblock: blocker ENDTURN_BLOCKING_FILL_CIVIC_SLOT -> nothing
    popup EspionagePopup -> closed
    grabbed p1: def: spy 7471106 at 54:11 level 3 xp 90 promos PROMOTION_SPY_TECHNOLOGIST,PROMOTION_SPY_DEMOLITIONS op -1 targets 54:11,53:13,53:9,54:10,54:12,56:11,55:11,54:8
    repost: def: post at 54:10 plotcan true requested plot
    after: def: spy 7471106 at 54:10 level 3 xp 90 promos PROMOTION_SPY_TECHNOLOGIST,PROMOTION_SPY_DEMOLITIONS op UNITOPERATION_SPY_COUNTERSPY targets 
    cause session 2:2 -> closed sessions [2:2]
    cause popup DiplomacyActionView -> hidden
    cause popup LeaderScene -> hidden
    cause popup EspionagePopup -> closed
mission CityName=LOC_CITY_NAME_OTTAWA CompletionTurn=177 EscapeResult=-1 InitialResult=0 LevelAfter=1 LootInfo=0 Name=LOC_CITIZEN_MAYA_MODERN_FEMALE_2 Operation=46 PlotIndex=894
mission CityName=LOC_CITY_NAME_OTTAWA CompletionTurn=176 EscapeResult=-1 InitialResult=0 LevelAfter=2 LootInfo=0 Name=LOC_CITIZEN_MAYA_MODERN_MALE_4 Operation=46 PlotIndex=894
mission CityName=LOC_CITY_NAME_OTTAWA CompletionTurn=175 EscapeResult=1 InitialResult=4 LevelAfter=1 LootInfo=388 Name=LOC_CITIZEN_MAYA_MODERN_MALE_9 Operation=46 PlotIndex=894
mission CityName=LOC_CITY_NAME_OTTAWA CompletionTurn=175 EscapeResult=-1 InitialResult=1 LevelAfter=1 LootInfo=0 Name=LOC_CITIZEN_MAYA_MODERN_MALE_6 Operation=46 PlotIndex=894
mission CityName=LOC_CITY_NAME_OTTAWA CompletionTurn=173 EscapeResult=0 InitialResult=2 LevelAfter=1 LootInfo=0 Name=LOC_CITIZEN_MAYA_MODERN_FEMALE_1 Operation=46 PlotIndex=894
mission CityName=LOC_CITY_NAME_OTTAWA CompletionTurn=173 EscapeResult=-1 InitialResult=5 LevelAfter=2 LootInfo=368 Name=LOC_CITIZEN_MAYA_MODERN_FEMALE_6 Operation=46 PlotIndex=894
mission CityName=LOC_CITY_NAME_OTTAWA CompletionTurn=173 EscapeResult=-1 InitialResult=0 LevelAfter=1 LootInfo=0 Name=LOC_CITIZEN_MAYA_MALE_1 Operation=46 PlotIndex=894
mission CityName=LOC_CITY_NAME_OTTAWA CompletionTurn=171 EscapeResult=-1 InitialResult=5 LevelAfter=2 LootInfo=368 Name=LOC_CITIZEN_MAYA_MODERN_MALE_4 Operation=46 PlotIndex=894
mission CityName=LOC_CITY_NAME_OTTAWA CompletionTurn=171 EscapeResult=-1 InitialResult=0 LevelAfter=1 LootInfo=0 Name=LOC_CITIZEN_MAYA_MALE_3 Operation=46 PlotIndex=894
mission CityName=LOC_CITY_NAME_OTTAWA CompletionTurn=169 EscapeResult=2 InitialResult=2 LevelAfter=1 LootInfo=0 Name=LOC_CITIZEN_MAYA_MODERN_MALE_10 Operation=46 PlotIndex=894
mission CityName=LOC_CITY_NAME_OTTAWA CompletionTurn=169 EscapeResult=1 InitialResult=2 LevelAfter=1 LootInfo=0 Name=LOC_CITIZEN_MAYA_FEMALE_1 Operation=46 PlotIndex=894
mission CityName=LOC_CITY_NAME_OTTAWA CompletionTurn=167 EscapeResult=2 InitialResult=2 LevelAfter=1 LootInfo=0 Name=LOC_CITIZEN_MAYA_MODERN_FEMALE_2 Operation=46 PlotIndex=894
mission CityName=LOC_CITY_NAME_OTTAWA CompletionTurn=167 EscapeResult=-1 InitialResult=1 LevelAfter=1 LootInfo=0 Name=LOC_CITIZEN_MAYA_MODERN_FEMALE_8 Operation=46 PlotIndex=894
mission CityName=LOC_CITY_NAME_OTTAWA CompletionTurn=165 EscapeResult=0 InitialResult=2 LevelAfter=1 LootInfo=0 Name=LOC_CITIZEN_MAYA_MODERN_MALE_1 Operation=46 PlotIndex=894
mission CityName=LOC_CITY_NAME_OTTAWA CompletionTurn=165 EscapeResult=-1 InitialResult=0 LevelAfter=1 LootInfo=0 Name=LOC_CITIZEN_MAYA_MODERN_FEMALE_9 Operation=46 PlotIndex=894
mission CityName=LOC_CITY_NAME_OTTAWA CompletionTurn=163 EscapeResult=2 InitialResult=2 LevelAfter=1 LootInfo=0 Name=LOC_CITIZEN_MAYA_MODERN_FEMALE_1 Operation=46 PlotIndex=894
mission CityName=LOC_CITY_NAME_OTTAWA CompletionTurn=163 EscapeResult=-1 InitialResult=1 LevelAfter=1 LootInfo=0 Name=LOC_CITIZEN_MAYA_MODERN_FEMALE_4 Operation=46 PlotIndex=894
tally 3  SIPHON_FUNDS CAPTURED / NO_RESULT
tally 1  SIPHON_FUNDS FAIL_MUST_ESCAPE / CAPTURED
tally 3  SIPHON_FUNDS FAIL_MUST_ESCAPE / FAIL_MUST_ESCAPE
tally 2  SIPHON_FUNDS FAIL_MUST_ESCAPE / KILLED
tally 5  SIPHON_FUNDS KILLED / NO_RESULT
tally 1  SIPHON_FUNDS SUCCESS_MUST_ESCAPE / CAPTURED
tally 2  SIPHON_FUNDS SUCCESS_UNDETECTED / NO_RESULT
turn 177 spies active 4 idle 2 missions 17 captured-enemy 0
spy 8257568 LOC_CITIZEN_MAYA_MODERN_FEMALE_3 level 1 at 54:11 start
spy 6291491 LOC_CITIZEN_MAYA_MODERN_FEMALE_6 level 2 at 54:10 busy:UNITOPERATION_SPY_SIPHON_FUNDS
spy 7536682 LOC_CITIZEN_MAYA_MODERN_FEMALE_7 level 1 at 54:10 busy:UNITOPERATION_SPY_SIPHON_FUNDS
spy 7798830 LOC_CITIZEN_MAYA_MODERN_MALE_10 level 1 at 54:10 busy:UNITOPERATION_SPY_SIPHON_FUNDS
spy 7995439 LOC_CITIZEN_MAYA_MALE_8 level 1 at 54:10 busy:UNITOPERATION_SPY_SIPHON_FUNDS
spy 8192050 LOC_CITIZEN_MAYA_MODERN_FEMALE_5 level 1 at 36:42 travel
defender 7471106 at 54:11 level 3 op -1
turn 177 spies 6 started 1 travelled 1 promoted 0 bought 1 gold 50000
    unblock: unblock: blocker ENDTURN_BLOCKING_PRODUCTION -> CALAKMUL builds UNIT_WARRIOR
    unblock: unblock: blocker ENDTURN_BLOCKING_FILL_CIVIC_SLOT -> nothing
    grabbed p1: def: spy 7471106 at 54:11 level 3 xp 90 promos PROMOTION_SPY_TECHNOLOGIST,PROMOTION_SPY_DEMOLITIONS op -1 targets 54:11,53:13,53:9,54:10,54:12,56:11,55:11,54:8
    repost: def: post at 54:10 plotcan true requested plot
    after: def: spy 7471106 at 54:10 level 3 xp 90 promos PROMOTION_SPY_TECHNOLOGIST,PROMOTION_SPY_DEMOLITIONS op UNITOPERATION_SPY_COUNTERSPY targets 
    cause popup EspionagePopup -> closed
mission CityName=LOC_CITY_NAME_OTTAWA CompletionTurn=178 EscapeResult=-1 InitialResult=2 LevelAfter=1 LootInfo=0 Name=LOC_CITIZEN_MAYA_MODERN_FEMALE_7 Operation=46 PlotIndex=894
mission CityName=LOC_CITY_NAME_OTTAWA CompletionTurn=178 EscapeResult=-1 InitialResult=3 LevelAfter=2 LootInfo=0 Name=LOC_CITIZEN_MAYA_MODERN_FEMALE_6 Operation=46 PlotIndex=894
mission CityName=LOC_CITY_NAME_OTTAWA CompletionTurn=177 EscapeResult=-1 InitialResult=0 LevelAfter=1 LootInfo=0 Name=LOC_CITIZEN_MAYA_MODERN_FEMALE_2 Operation=46 PlotIndex=894
mission CityName=LOC_CITY_NAME_OTTAWA CompletionTurn=176 EscapeResult=-1 InitialResult=0 LevelAfter=2 LootInfo=0 Name=LOC_CITIZEN_MAYA_MODERN_MALE_4 Operation=46 PlotIndex=894
mission CityName=LOC_CITY_NAME_OTTAWA CompletionTurn=175 EscapeResult=1 InitialResult=4 LevelAfter=1 LootInfo=388 Name=LOC_CITIZEN_MAYA_MODERN_MALE_9 Operation=46 PlotIndex=894
mission CityName=LOC_CITY_NAME_OTTAWA CompletionTurn=175 EscapeResult=-1 InitialResult=1 LevelAfter=1 LootInfo=0 Name=LOC_CITIZEN_MAYA_MODERN_MALE_6 Operation=46 PlotIndex=894
mission CityName=LOC_CITY_NAME_OTTAWA CompletionTurn=173 EscapeResult=0 InitialResult=2 LevelAfter=1 LootInfo=0 Name=LOC_CITIZEN_MAYA_MODERN_FEMALE_1 Operation=46 PlotIndex=894
mission CityName=LOC_CITY_NAME_OTTAWA CompletionTurn=173 EscapeResult=-1 InitialResult=5 LevelAfter=2 LootInfo=368 Name=LOC_CITIZEN_MAYA_MODERN_FEMALE_6 Operation=46 PlotIndex=894
mission CityName=LOC_CITY_NAME_OTTAWA CompletionTurn=173 EscapeResult=-1 InitialResult=0 LevelAfter=1 LootInfo=0 Name=LOC_CITIZEN_MAYA_MALE_1 Operation=46 PlotIndex=894
mission CityName=LOC_CITY_NAME_OTTAWA CompletionTurn=171 EscapeResult=-1 InitialResult=5 LevelAfter=2 LootInfo=368 Name=LOC_CITIZEN_MAYA_MODERN_MALE_4 Operation=46 PlotIndex=894
mission CityName=LOC_CITY_NAME_OTTAWA CompletionTurn=171 EscapeResult=-1 InitialResult=0 LevelAfter=1 LootInfo=0 Name=LOC_CITIZEN_MAYA_MALE_3 Operation=46 PlotIndex=894
mission CityName=LOC_CITY_NAME_OTTAWA CompletionTurn=169 EscapeResult=2 InitialResult=2 LevelAfter=1 LootInfo=0 Name=LOC_CITIZEN_MAYA_MODERN_MALE_10 Operation=46 PlotIndex=894
mission CityName=LOC_CITY_NAME_OTTAWA CompletionTurn=169 EscapeResult=1 InitialResult=2 LevelAfter=1 LootInfo=0 Name=LOC_CITIZEN_MAYA_FEMALE_1 Operation=46 PlotIndex=894
mission CityName=LOC_CITY_NAME_OTTAWA CompletionTurn=167 EscapeResult=2 InitialResult=2 LevelAfter=1 LootInfo=0 Name=LOC_CITIZEN_MAYA_MODERN_FEMALE_2 Operation=46 PlotIndex=894
mission CityName=LOC_CITY_NAME_OTTAWA CompletionTurn=167 EscapeResult=-1 InitialResult=1 LevelAfter=1 LootInfo=0 Name=LOC_CITIZEN_MAYA_MODERN_FEMALE_8 Operation=46 PlotIndex=894
mission CityName=LOC_CITY_NAME_OTTAWA CompletionTurn=165 EscapeResult=0 InitialResult=2 LevelAfter=1 LootInfo=0 Name=LOC_CITIZEN_MAYA_MODERN_MALE_1 Operation=46 PlotIndex=894
mission CityName=LOC_CITY_NAME_OTTAWA CompletionTurn=165 EscapeResult=-1 InitialResult=0 LevelAfter=1 LootInfo=0 Name=LOC_CITIZEN_MAYA_MODERN_FEMALE_9 Operation=46 PlotIndex=894
mission CityName=LOC_CITY_NAME_OTTAWA CompletionTurn=163 EscapeResult=2 InitialResult=2 LevelAfter=1 LootInfo=0 Name=LOC_CITIZEN_MAYA_MODERN_FEMALE_1 Operation=46 PlotIndex=894
mission CityName=LOC_CITY_NAME_OTTAWA CompletionTurn=163 EscapeResult=-1 InitialResult=1 LevelAfter=1 LootInfo=0 Name=LOC_CITIZEN_MAYA_MODERN_FEMALE_4 Operation=46 PlotIndex=894
tally 3  SIPHON_FUNDS CAPTURED / NO_RESULT
tally 1  SIPHON_FUNDS FAIL_MUST_ESCAPE / CAPTURED
tally 3  SIPHON_FUNDS FAIL_MUST_ESCAPE / FAIL_MUST_ESCAPE
tally 2  SIPHON_FUNDS FAIL_MUST_ESCAPE / KILLED
tally 1  SIPHON_FUNDS FAIL_MUST_ESCAPE / NO_RESULT
tally 1  SIPHON_FUNDS FAIL_UNDETECTED / NO_RESULT
tally 5  SIPHON_FUNDS KILLED / NO_RESULT
tally 1  SIPHON_FUNDS SUCCESS_MUST_ESCAPE / CAPTURED
tally 2  SIPHON_FUNDS SUCCESS_UNDETECTED / NO_RESULT
turn 178 spies active 4 idle 2 missions 19 captured-enemy 0
spy 8257568 LOC_CITIZEN_MAYA_MODERN_FEMALE_3 level 1 at 54:10 busy:UNITOPERATION_SPY_SIPHON_FUNDS
spy 6291491 LOC_CITIZEN_MAYA_MODERN_FEMALE_6 level 2 at 54:11 start
spy 7536682 LOC_CITIZEN_MAYA_MODERN_FEMALE_7 level 1 at 54:10 busy:UNITOPERATION_SPY_SIPHON_FUNDS
spy 7798830 LOC_CITIZEN_MAYA_MODERN_MALE_10 level 1 at 54:10 busy:UNITOPERATION_SPY_SIPHON_FUNDS
spy 7995439 LOC_CITIZEN_MAYA_MALE_8 level 1 at 54:10 busy:UNITOPERATION_SPY_SIPHON_FUNDS
spy 8454197 LOC_CITIZEN_MAYA_MALE_4 level 1 at 37:38 travel
defender 7471106 at 54:10 level 3 op UNITOPERATION_SPY_COUNTERSPY
turn 178 spies 6 started 1 travelled 1 promoted 0 bought 0 gold 50000
    unblock: unblock: blocker ENDTURN_BLOCKING_SPY_CHOOSE_ESCAPE_ROUTE -> escape route DISTRICT_COMMERCIAL_HUB of 2 for spy 7536682 LOC_CITIZEN_MAYA_MODERN_FEMALE_7 level 1 turn 178 city LOC_CITY_NAME_OTTAWA p1 at 54:10 pursuer Логан
    unblock: unblock: blocker ENDTURN_BLOCKING_PRODUCTION -> CALAKMUL builds UNIT_WARRIOR
    unblock: unblock: blocker ENDTURN_BLOCKING_FILL_CIVIC_SLOT -> nothing
    popup EspionagePopup -> closed
    grabbed p1: def: spy 7471106 at 54:10 level 3 xp 90 promos PROMOTION_SPY_TECHNOLOGIST,PROMOTION_SPY_DEMOLITIONS op UNITOPERATION_SPY_COUNTERSPY targets 
mission CityName=LOC_CITY_NAME_OTTAWA CompletionTurn=178 EscapeResult=0 InitialResult=2 LevelAfter=1 LootInfo=0 Name=LOC_CITIZEN_MAYA_MODERN_FEMALE_7 Operation=46 PlotIndex=894
mission CityName=LOC_CITY_NAME_OTTAWA CompletionTurn=178 EscapeResult=-1 InitialResult=3 LevelAfter=2 LootInfo=0 Name=LOC_CITIZEN_MAYA_MODERN_FEMALE_6 Operation=46 PlotIndex=894
mission CityName=LOC_CITY_NAME_OTTAWA CompletionTurn=177 EscapeResult=-1 InitialResult=0 LevelAfter=1 LootInfo=0 Name=LOC_CITIZEN_MAYA_MODERN_FEMALE_2 Operation=46 PlotIndex=894
mission CityName=LOC_CITY_NAME_OTTAWA CompletionTurn=176 EscapeResult=-1 InitialResult=0 LevelAfter=2 LootInfo=0 Name=LOC_CITIZEN_MAYA_MODERN_MALE_4 Operation=46 PlotIndex=894
mission CityName=LOC_CITY_NAME_OTTAWA CompletionTurn=175 EscapeResult=1 InitialResult=4 LevelAfter=1 LootInfo=388 Name=LOC_CITIZEN_MAYA_MODERN_MALE_9 Operation=46 PlotIndex=894
mission CityName=LOC_CITY_NAME_OTTAWA CompletionTurn=175 EscapeResult=-1 InitialResult=1 LevelAfter=1 LootInfo=0 Name=LOC_CITIZEN_MAYA_MODERN_MALE_6 Operation=46 PlotIndex=894
mission CityName=LOC_CITY_NAME_OTTAWA CompletionTurn=173 EscapeResult=0 InitialResult=2 LevelAfter=1 LootInfo=0 Name=LOC_CITIZEN_MAYA_MODERN_FEMALE_1 Operation=46 PlotIndex=894
mission CityName=LOC_CITY_NAME_OTTAWA CompletionTurn=173 EscapeResult=-1 InitialResult=5 LevelAfter=2 LootInfo=368 Name=LOC_CITIZEN_MAYA_MODERN_FEMALE_6 Operation=46 PlotIndex=894
mission CityName=LOC_CITY_NAME_OTTAWA CompletionTurn=173 EscapeResult=-1 InitialResult=0 LevelAfter=1 LootInfo=0 Name=LOC_CITIZEN_MAYA_MALE_1 Operation=46 PlotIndex=894
mission CityName=LOC_CITY_NAME_OTTAWA CompletionTurn=171 EscapeResult=-1 InitialResult=5 LevelAfter=2 LootInfo=368 Name=LOC_CITIZEN_MAYA_MODERN_MALE_4 Operation=46 PlotIndex=894
mission CityName=LOC_CITY_NAME_OTTAWA CompletionTurn=171 EscapeResult=-1 InitialResult=0 LevelAfter=1 LootInfo=0 Name=LOC_CITIZEN_MAYA_MALE_3 Operation=46 PlotIndex=894
mission CityName=LOC_CITY_NAME_OTTAWA CompletionTurn=169 EscapeResult=2 InitialResult=2 LevelAfter=1 LootInfo=0 Name=LOC_CITIZEN_MAYA_MODERN_MALE_10 Operation=46 PlotIndex=894
mission CityName=LOC_CITY_NAME_OTTAWA CompletionTurn=169 EscapeResult=1 InitialResult=2 LevelAfter=1 LootInfo=0 Name=LOC_CITIZEN_MAYA_FEMALE_1 Operation=46 PlotIndex=894
mission CityName=LOC_CITY_NAME_OTTAWA CompletionTurn=167 EscapeResult=2 InitialResult=2 LevelAfter=1 LootInfo=0 Name=LOC_CITIZEN_MAYA_MODERN_FEMALE_2 Operation=46 PlotIndex=894
mission CityName=LOC_CITY_NAME_OTTAWA CompletionTurn=167 EscapeResult=-1 InitialResult=1 LevelAfter=1 LootInfo=0 Name=LOC_CITIZEN_MAYA_MODERN_FEMALE_8 Operation=46 PlotIndex=894
mission CityName=LOC_CITY_NAME_OTTAWA CompletionTurn=165 EscapeResult=0 InitialResult=2 LevelAfter=1 LootInfo=0 Name=LOC_CITIZEN_MAYA_MODERN_MALE_1 Operation=46 PlotIndex=894
mission CityName=LOC_CITY_NAME_OTTAWA CompletionTurn=165 EscapeResult=-1 InitialResult=0 LevelAfter=1 LootInfo=0 Name=LOC_CITIZEN_MAYA_MODERN_FEMALE_9 Operation=46 PlotIndex=894
mission CityName=LOC_CITY_NAME_OTTAWA CompletionTurn=163 EscapeResult=2 InitialResult=2 LevelAfter=1 LootInfo=0 Name=LOC_CITIZEN_MAYA_MODERN_FEMALE_1 Operation=46 PlotIndex=894
mission CityName=LOC_CITY_NAME_OTTAWA CompletionTurn=163 EscapeResult=-1 InitialResult=1 LevelAfter=1 LootInfo=0 Name=LOC_CITIZEN_MAYA_MODERN_FEMALE_4 Operation=46 PlotIndex=894
tally 3  SIPHON_FUNDS CAPTURED / NO_RESULT
tally 1  SIPHON_FUNDS FAIL_MUST_ESCAPE / CAPTURED
tally 3  SIPHON_FUNDS FAIL_MUST_ESCAPE / FAIL_MUST_ESCAPE
tally 3  SIPHON_FUNDS FAIL_MUST_ESCAPE / KILLED
tally 1  SIPHON_FUNDS FAIL_UNDETECTED / NO_RESULT
tally 5  SIPHON_FUNDS KILLED / NO_RESULT
tally 1  SIPHON_FUNDS SUCCESS_MUST_ESCAPE / CAPTURED
tally 2  SIPHON_FUNDS SUCCESS_UNDETECTED / NO_RESULT
turn 179 spies active 4 idle 0 missions 19 captured-enemy 0
spy 8257568 LOC_CITIZEN_MAYA_MODERN_FEMALE_3 level 1 at 54:10 busy:UNITOPERATION_SPY_SIPHON_FUNDS
spy 6291491 LOC_CITIZEN_MAYA_MODERN_FEMALE_6 level 2 at 54:10 busy:UNITOPERATION_SPY_SIPHON_FUNDS
spy 7798830 LOC_CITIZEN_MAYA_MODERN_MALE_10 level 1 at 54:10 busy:UNITOPERATION_SPY_SIPHON_FUNDS
spy 7995439 LOC_CITIZEN_MAYA_MALE_8 level 1 at 54:10 busy:UNITOPERATION_SPY_SIPHON_FUNDS
defender 7471106 at 54:10 level 3 op UNITOPERATION_SPY_COUNTERSPY
turn 179 spies 4 started 0 travelled 0 promoted 0 bought 2 gold 50000
    unblock: unblock: blocker ENDTURN_BLOCKING_COMMEMORATION_AVAILABLE -> nothing
    popup EraCompletePopup -> closed
    grabbed p1: def: spy 7471106 at 54:11 level 3 xp 90 promos PROMOTION_SPY_TECHNOLOGIST,PROMOTION_SPY_DEMOLITIONS op -1 targets 54:11,53:13,53:9,54:10,54:12,56:11,55:11,54:8
    repost: def: post at 54:10 plotcan true requested plot
    after: def: spy 7471106 at 54:10 level 3 xp 90 promos PROMOTION_SPY_TECHNOLOGIST,PROMOTION_SPY_DEMOLITIONS op UNITOPERATION_SPY_COUNTERSPY targets 
    cause blocker ENDTURN_BLOCKING_COMMEMORATION_AVAILABLE -> {"kind":"commemorate","allowed":1,"picked":"COMMEMORATION_INDUSTRIAL","blockerBefore":"ENDTURN_BLOCKING_COMMEMORATION_AVAILABLE","blockerNow":"ENDTURN_BLOCKING_COMMEMORATION_AVAILABLE","turn":180}
    cause popup EspionagePopup -> closed
mission CityName=LOC_CITY_NAME_OTTAWA CompletionTurn=180 EscapeResult=-1 InitialResult=0 LevelAfter=1 LootInfo=0 Name=LOC_CITIZEN_MAYA_MALE_8 Operation=46 PlotIndex=894
mission CityName=LOC_CITY_NAME_OTTAWA CompletionTurn=179 EscapeResult=-1 InitialResult=1 LevelAfter=1 LootInfo=0 Name=LOC_CITIZEN_MAYA_MODERN_MALE_10 Operation=46 PlotIndex=894
mission CityName=LOC_CITY_NAME_OTTAWA CompletionTurn=178 EscapeResult=0 InitialResult=2 LevelAfter=1 LootInfo=0 Name=LOC_CITIZEN_MAYA_MODERN_FEMALE_7 Operation=46 PlotIndex=894
mission CityName=LOC_CITY_NAME_OTTAWA CompletionTurn=178 EscapeResult=-1 InitialResult=3 LevelAfter=2 LootInfo=0 Name=LOC_CITIZEN_MAYA_MODERN_FEMALE_6 Operation=46 PlotIndex=894
mission CityName=LOC_CITY_NAME_OTTAWA CompletionTurn=177 EscapeResult=-1 InitialResult=0 LevelAfter=1 LootInfo=0 Name=LOC_CITIZEN_MAYA_MODERN_FEMALE_2 Operation=46 PlotIndex=894
mission CityName=LOC_CITY_NAME_OTTAWA CompletionTurn=176 EscapeResult=-1 InitialResult=0 LevelAfter=2 LootInfo=0 Name=LOC_CITIZEN_MAYA_MODERN_MALE_4 Operation=46 PlotIndex=894
mission CityName=LOC_CITY_NAME_OTTAWA CompletionTurn=175 EscapeResult=1 InitialResult=4 LevelAfter=1 LootInfo=388 Name=LOC_CITIZEN_MAYA_MODERN_MALE_9 Operation=46 PlotIndex=894
mission CityName=LOC_CITY_NAME_OTTAWA CompletionTurn=175 EscapeResult=-1 InitialResult=1 LevelAfter=1 LootInfo=0 Name=LOC_CITIZEN_MAYA_MODERN_MALE_6 Operation=46 PlotIndex=894
mission CityName=LOC_CITY_NAME_OTTAWA CompletionTurn=173 EscapeResult=0 InitialResult=2 LevelAfter=1 LootInfo=0 Name=LOC_CITIZEN_MAYA_MODERN_FEMALE_1 Operation=46 PlotIndex=894
mission CityName=LOC_CITY_NAME_OTTAWA CompletionTurn=173 EscapeResult=-1 InitialResult=5 LevelAfter=2 LootInfo=368 Name=LOC_CITIZEN_MAYA_MODERN_FEMALE_6 Operation=46 PlotIndex=894
mission CityName=LOC_CITY_NAME_OTTAWA CompletionTurn=173 EscapeResult=-1 InitialResult=0 LevelAfter=1 LootInfo=0 Name=LOC_CITIZEN_MAYA_MALE_1 Operation=46 PlotIndex=894
mission CityName=LOC_CITY_NAME_OTTAWA CompletionTurn=171 EscapeResult=-1 InitialResult=5 LevelAfter=2 LootInfo=368 Name=LOC_CITIZEN_MAYA_MODERN_MALE_4 Operation=46 PlotIndex=894
mission CityName=LOC_CITY_NAME_OTTAWA CompletionTurn=171 EscapeResult=-1 InitialResult=0 LevelAfter=1 LootInfo=0 Name=LOC_CITIZEN_MAYA_MALE_3 Operation=46 PlotIndex=894
mission CityName=LOC_CITY_NAME_OTTAWA CompletionTurn=169 EscapeResult=2 InitialResult=2 LevelAfter=1 LootInfo=0 Name=LOC_CITIZEN_MAYA_MODERN_MALE_10 Operation=46 PlotIndex=894
mission CityName=LOC_CITY_NAME_OTTAWA CompletionTurn=169 EscapeResult=1 InitialResult=2 LevelAfter=1 LootInfo=0 Name=LOC_CITIZEN_MAYA_FEMALE_1 Operation=46 PlotIndex=894
mission CityName=LOC_CITY_NAME_OTTAWA CompletionTurn=167 EscapeResult=2 InitialResult=2 LevelAfter=1 LootInfo=0 Name=LOC_CITIZEN_MAYA_MODERN_FEMALE_2 Operation=46 PlotIndex=894
mission CityName=LOC_CITY_NAME_OTTAWA CompletionTurn=167 EscapeResult=-1 InitialResult=1 LevelAfter=1 LootInfo=0 Name=LOC_CITIZEN_MAYA_MODERN_FEMALE_8 Operation=46 PlotIndex=894
mission CityName=LOC_CITY_NAME_OTTAWA CompletionTurn=165 EscapeResult=0 InitialResult=2 LevelAfter=1 LootInfo=0 Name=LOC_CITIZEN_MAYA_MODERN_MALE_1 Operation=46 PlotIndex=894
mission CityName=LOC_CITY_NAME_OTTAWA CompletionTurn=165 EscapeResult=-1 InitialResult=0 LevelAfter=1 LootInfo=0 Name=LOC_CITIZEN_MAYA_MODERN_FEMALE_9 Operation=46 PlotIndex=894
mission CityName=LOC_CITY_NAME_OTTAWA CompletionTurn=163 EscapeResult=2 InitialResult=2 LevelAfter=1 LootInfo=0 Name=LOC_CITIZEN_MAYA_MODERN_FEMALE_1 Operation=46 PlotIndex=894
mission CityName=LOC_CITY_NAME_OTTAWA CompletionTurn=163 EscapeResult=-1 InitialResult=1 LevelAfter=1 LootInfo=0 Name=LOC_CITIZEN_MAYA_MODERN_FEMALE_4 Operation=46 PlotIndex=894
tally 4  SIPHON_FUNDS CAPTURED / NO_RESULT
tally 1  SIPHON_FUNDS FAIL_MUST_ESCAPE / CAPTURED
tally 3  SIPHON_FUNDS FAIL_MUST_ESCAPE / FAIL_MUST_ESCAPE
tally 3  SIPHON_FUNDS FAIL_MUST_ESCAPE / KILLED
tally 1  SIPHON_FUNDS FAIL_UNDETECTED / NO_RESULT
tally 6  SIPHON_FUNDS KILLED / NO_RESULT
tally 1  SIPHON_FUNDS SUCCESS_MUST_ESCAPE / CAPTURED
tally 2  SIPHON_FUNDS SUCCESS_UNDETECTED / NO_RESULT
turn 180 spies active 2 idle 3 missions 21 captured-enemy 0
spy 8257568 LOC_CITIZEN_MAYA_MODERN_FEMALE_3 level 1 at 54:10 busy:UNITOPERATION_SPY_SIPHON_FUNDS
spy 6291491 LOC_CITIZEN_MAYA_MODERN_FEMALE_6 level 2 at 54:10 busy:UNITOPERATION_SPY_SIPHON_FUNDS
spy 8716330 LOC_CITIZEN_MAYA_MODERN_FEMALE_5 level 1 at 54:11 start
spy 8912942 LOC_CITIZEN_MAYA_MALE_4 level 1 at 54:11 start
spy 8650805 LOC_CITIZEN_MAYA_MALE_6 level 1 at 36:42 travel
defender 7471106 at 54:11 level 3 op -1
turn 180 spies 5 started 2 travelled 1 promoted 0 bought 1 gold 50000
    unblock: unblock: blocker ENDTURN_BLOCKING_PRODUCTION -> CALAKMUL builds UNIT_WARRIOR
    unblock: unblock: blocker ENDTURN_BLOCKING_CIVIC -> civic CIVIC_EXPLORATION
    unblock: unblock: blocker ENDTURN_BLOCKING_FILL_CIVIC_SLOT -> nothing
    popup EspionagePopup -> closed
    grabbed p1: def: spy 7471106 at 54:11 level 3 xp 90 promos PROMOTION_SPY_TECHNOLOGIST,PROMOTION_SPY_DEMOLITIONS op -1 targets 54:11,53:13,53:9,54:10,54:12,56:11,55:11,54:8
    repost: def: post at 54:10 plotcan true requested plot
    after: def: spy 7471106 at 54:10 level 3 xp 90 promos PROMOTION_SPY_TECHNOLOGIST,PROMOTION_SPY_DEMOLITIONS op UNITOPERATION_SPY_COUNTERSPY targets 
    cause session 2:2 -> closed sessions [2:2]
    cause popup DiplomacyActionView -> hidden
    cause popup LeaderScene -> hidden
    cause popup TechCivicCompletedPopup -> closed
mission CityName=LOC_CITY_NAME_OTTAWA CompletionTurn=181 EscapeResult=-1 InitialResult=0 LevelAfter=1 LootInfo=0 Name=LOC_CITIZEN_MAYA_MODERN_FEMALE_3 Operation=46 PlotIndex=894
mission CityName=LOC_CITY_NAME_OTTAWA CompletionTurn=180 EscapeResult=-1 InitialResult=0 LevelAfter=1 LootInfo=0 Name=LOC_CITIZEN_MAYA_MALE_8 Operation=46 PlotIndex=894
mission CityName=LOC_CITY_NAME_OTTAWA CompletionTurn=179 EscapeResult=-1 InitialResult=1 LevelAfter=1 LootInfo=0 Name=LOC_CITIZEN_MAYA_MODERN_MALE_10 Operation=46 PlotIndex=894
mission CityName=LOC_CITY_NAME_OTTAWA CompletionTurn=178 EscapeResult=0 InitialResult=2 LevelAfter=1 LootInfo=0 Name=LOC_CITIZEN_MAYA_MODERN_FEMALE_7 Operation=46 PlotIndex=894
mission CityName=LOC_CITY_NAME_OTTAWA CompletionTurn=178 EscapeResult=-1 InitialResult=3 LevelAfter=2 LootInfo=0 Name=LOC_CITIZEN_MAYA_MODERN_FEMALE_6 Operation=46 PlotIndex=894
mission CityName=LOC_CITY_NAME_OTTAWA CompletionTurn=177 EscapeResult=-1 InitialResult=0 LevelAfter=1 LootInfo=0 Name=LOC_CITIZEN_MAYA_MODERN_FEMALE_2 Operation=46 PlotIndex=894
mission CityName=LOC_CITY_NAME_OTTAWA CompletionTurn=176 EscapeResult=-1 InitialResult=0 LevelAfter=2 LootInfo=0 Name=LOC_CITIZEN_MAYA_MODERN_MALE_4 Operation=46 PlotIndex=894
mission CityName=LOC_CITY_NAME_OTTAWA CompletionTurn=175 EscapeResult=1 InitialResult=4 LevelAfter=1 LootInfo=388 Name=LOC_CITIZEN_MAYA_MODERN_MALE_9 Operation=46 PlotIndex=894
mission CityName=LOC_CITY_NAME_OTTAWA CompletionTurn=175 EscapeResult=-1 InitialResult=1 LevelAfter=1 LootInfo=0 Name=LOC_CITIZEN_MAYA_MODERN_MALE_6 Operation=46 PlotIndex=894
mission CityName=LOC_CITY_NAME_OTTAWA CompletionTurn=173 EscapeResult=0 InitialResult=2 LevelAfter=1 LootInfo=0 Name=LOC_CITIZEN_MAYA_MODERN_FEMALE_1 Operation=46 PlotIndex=894
mission CityName=LOC_CITY_NAME_OTTAWA CompletionTurn=173 EscapeResult=-1 InitialResult=5 LevelAfter=2 LootInfo=368 Name=LOC_CITIZEN_MAYA_MODERN_FEMALE_6 Operation=46 PlotIndex=894
mission CityName=LOC_CITY_NAME_OTTAWA CompletionTurn=173 EscapeResult=-1 InitialResult=0 LevelAfter=1 LootInfo=0 Name=LOC_CITIZEN_MAYA_MALE_1 Operation=46 PlotIndex=894
mission CityName=LOC_CITY_NAME_OTTAWA CompletionTurn=171 EscapeResult=-1 InitialResult=5 LevelAfter=2 LootInfo=368 Name=LOC_CITIZEN_MAYA_MODERN_MALE_4 Operation=46 PlotIndex=894
mission CityName=LOC_CITY_NAME_OTTAWA CompletionTurn=171 EscapeResult=-1 InitialResult=0 LevelAfter=1 LootInfo=0 Name=LOC_CITIZEN_MAYA_MALE_3 Operation=46 PlotIndex=894
mission CityName=LOC_CITY_NAME_OTTAWA CompletionTurn=169 EscapeResult=2 InitialResult=2 LevelAfter=1 LootInfo=0 Name=LOC_CITIZEN_MAYA_MODERN_MALE_10 Operation=46 PlotIndex=894
mission CityName=LOC_CITY_NAME_OTTAWA CompletionTurn=169 EscapeResult=1 InitialResult=2 LevelAfter=1 LootInfo=0 Name=LOC_CITIZEN_MAYA_FEMALE_1 Operation=46 PlotIndex=894
mission CityName=LOC_CITY_NAME_OTTAWA CompletionTurn=167 EscapeResult=2 InitialResult=2 LevelAfter=1 LootInfo=0 Name=LOC_CITIZEN_MAYA_MODERN_FEMALE_2 Operation=46 PlotIndex=894
mission CityName=LOC_CITY_NAME_OTTAWA CompletionTurn=167 EscapeResult=-1 InitialResult=1 LevelAfter=1 LootInfo=0 Name=LOC_CITIZEN_MAYA_MODERN_FEMALE_8 Operation=46 PlotIndex=894
mission CityName=LOC_CITY_NAME_OTTAWA CompletionTurn=165 EscapeResult=0 InitialResult=2 LevelAfter=1 LootInfo=0 Name=LOC_CITIZEN_MAYA_MODERN_MALE_1 Operation=46 PlotIndex=894
mission CityName=LOC_CITY_NAME_OTTAWA CompletionTurn=165 EscapeResult=-1 InitialResult=0 LevelAfter=1 LootInfo=0 Name=LOC_CITIZEN_MAYA_MODERN_FEMALE_9 Operation=46 PlotIndex=894
mission CityName=LOC_CITY_NAME_OTTAWA CompletionTurn=163 EscapeResult=2 InitialResult=2 LevelAfter=1 LootInfo=0 Name=LOC_CITIZEN_MAYA_MODERN_FEMALE_1 Operation=46 PlotIndex=894
mission CityName=LOC_CITY_NAME_OTTAWA CompletionTurn=163 EscapeResult=-1 InitialResult=1 LevelAfter=1 LootInfo=0 Name=LOC_CITIZEN_MAYA_MODERN_FEMALE_4 Operation=46 PlotIndex=894
tally 4  SIPHON_FUNDS CAPTURED / NO_RESULT
tally 1  SIPHON_FUNDS FAIL_MUST_ESCAPE / CAPTURED
tally 3  SIPHON_FUNDS FAIL_MUST_ESCAPE / FAIL_MUST_ESCAPE
tally 3  SIPHON_FUNDS FAIL_MUST_ESCAPE / KILLED
tally 1  SIPHON_FUNDS FAIL_UNDETECTED / NO_RESULT
tally 7  SIPHON_FUNDS KILLED / NO_RESULT
tally 1  SIPHON_FUNDS SUCCESS_MUST_ESCAPE / CAPTURED
tally 2  SIPHON_FUNDS SUCCESS_UNDETECTED / NO_RESULT
turn 181 spies active 3 idle 1 missions 22 captured-enemy 0
spy 6291491 LOC_CITIZEN_MAYA_MODERN_FEMALE_6 level 2 at 54:10 busy:UNITOPERATION_SPY_SIPHON_FUNDS
spy 8716330 LOC_CITIZEN_MAYA_MODERN_FEMALE_5 level 1 at 54:10 busy:UNITOPERATION_SPY_SIPHON_FUNDS
spy 8912942 LOC_CITIZEN_MAYA_MALE_4 level 1 at 54:10 busy:UNITOPERATION_SPY_SIPHON_FUNDS
spy 8978488 LOC_CITIZEN_MAYA_FEMALE_7 level 1 at 37:38 travel
defender 7471106 at 54:11 level 3 op -1
turn 181 spies 4 started 0 travelled 1 promoted 0 bought 1 gold 50000
    unblock: unblock: blocker ENDTURN_BLOCKING_PRODUCTION -> CALAKMUL builds UNIT_WARRIOR
    unblock: unblock: blocker ENDTURN_BLOCKING_FILL_CIVIC_SLOT -> nothing
    popup EspionagePopup -> closed
    grabbed p1: def: spy 7471106 at 54:11 level 3 xp 90 promos PROMOTION_SPY_TECHNOLOGIST,PROMOTION_SPY_DEMOLITIONS op -1 targets 54:11,53:13,53:9,54:10,54:12,56:11,55:11,54:8
    repost: def: post at 54:10 plotcan true requested plot
    after: def: spy 7471106 at 54:11 level 3 xp 90 promos PROMOTION_SPY_TECHNOLOGIST,PROMOTION_SPY_DEMOLITIONS op -1 targets 
    cause popup WonderBuiltPopup -> closed
    cause popup WorldCongressIntro -> closed
    cause popup WorldCongressPopup -> closed
    cause blocker ENDTURN_BLOCKING_WORLD_CONGRESS_SESSION: no handler
spy 6291491 LOC_CITIZEN_MAYA_MODERN_FEMALE_6 level 2 at 54:10 busy:UNITOPERATION_SPY_SIPHON_FUNDS
spy 8716330 LOC_CITIZEN_MAYA_MODERN_FEMALE_5 level 1 at 54:10 busy:UNITOPERATION_SPY_SIPHON_FUNDS
spy 8912942 LOC_CITIZEN_MAYA_MALE_4 level 1 at 54:10 busy:UNITOPERATION_SPY_SIPHON_FUNDS
spy 9175097 LOC_CITIZEN_MAYA_MALE_5 level 1 at 36:42 notarget
defender 7471106 at 54:10 level 3 op UNITOPERATION_SPY_COUNTERSPY
turn 181 spies 4 started 0 travelled 0 promoted 0 bought 0 gold 50000
    unblock: unblock: blocker ENDTURN_BLOCKING_WORLD_CONGRESS_SESSION -> nothing
    no grab of p1 this turn
mission CityName=LOC_CITY_NAME_OTTAWA CompletionTurn=182 EscapeResult=-1 InitialResult=1 LevelAfter=2 LootInfo=0 Name=LOC_CITIZEN_MAYA_MODERN_FEMALE_6 Operation=46 PlotIndex=894
mission CityName=LOC_CITY_NAME_OTTAWA CompletionTurn=181 EscapeResult=-1 InitialResult=0 LevelAfter=1 LootInfo=0 Name=LOC_CITIZEN_MAYA_MODERN_FEMALE_3 Operation=46 PlotIndex=894
mission CityName=LOC_CITY_NAME_OTTAWA CompletionTurn=180 EscapeResult=-1 InitialResult=0 LevelAfter=1 LootInfo=0 Name=LOC_CITIZEN_MAYA_MALE_8 Operation=46 PlotIndex=894
mission CityName=LOC_CITY_NAME_OTTAWA CompletionTurn=179 EscapeResult=-1 InitialResult=1 LevelAfter=1 LootInfo=0 Name=LOC_CITIZEN_MAYA_MODERN_MALE_10 Operation=46 PlotIndex=894
mission CityName=LOC_CITY_NAME_OTTAWA CompletionTurn=178 EscapeResult=0 InitialResult=2 LevelAfter=1 LootInfo=0 Name=LOC_CITIZEN_MAYA_MODERN_FEMALE_7 Operation=46 PlotIndex=894
mission CityName=LOC_CITY_NAME_OTTAWA CompletionTurn=178 EscapeResult=-1 InitialResult=3 LevelAfter=2 LootInfo=0 Name=LOC_CITIZEN_MAYA_MODERN_FEMALE_6 Operation=46 PlotIndex=894
mission CityName=LOC_CITY_NAME_OTTAWA CompletionTurn=177 EscapeResult=-1 InitialResult=0 LevelAfter=1 LootInfo=0 Name=LOC_CITIZEN_MAYA_MODERN_FEMALE_2 Operation=46 PlotIndex=894
mission CityName=LOC_CITY_NAME_OTTAWA CompletionTurn=176 EscapeResult=-1 InitialResult=0 LevelAfter=2 LootInfo=0 Name=LOC_CITIZEN_MAYA_MODERN_MALE_4 Operation=46 PlotIndex=894
mission CityName=LOC_CITY_NAME_OTTAWA CompletionTurn=175 EscapeResult=1 InitialResult=4 LevelAfter=1 LootInfo=388 Name=LOC_CITIZEN_MAYA_MODERN_MALE_9 Operation=46 PlotIndex=894
mission CityName=LOC_CITY_NAME_OTTAWA CompletionTurn=175 EscapeResult=-1 InitialResult=1 LevelAfter=1 LootInfo=0 Name=LOC_CITIZEN_MAYA_MODERN_MALE_6 Operation=46 PlotIndex=894
mission CityName=LOC_CITY_NAME_OTTAWA CompletionTurn=173 EscapeResult=0 InitialResult=2 LevelAfter=1 LootInfo=0 Name=LOC_CITIZEN_MAYA_MODERN_FEMALE_1 Operation=46 PlotIndex=894
mission CityName=LOC_CITY_NAME_OTTAWA CompletionTurn=173 EscapeResult=-1 InitialResult=5 LevelAfter=2 LootInfo=368 Name=LOC_CITIZEN_MAYA_MODERN_FEMALE_6 Operation=46 PlotIndex=894
mission CityName=LOC_CITY_NAME_OTTAWA CompletionTurn=173 EscapeResult=-1 InitialResult=0 LevelAfter=1 LootInfo=0 Name=LOC_CITIZEN_MAYA_MALE_1 Operation=46 PlotIndex=894
mission CityName=LOC_CITY_NAME_OTTAWA CompletionTurn=171 EscapeResult=-1 InitialResult=5 LevelAfter=2 LootInfo=368 Name=LOC_CITIZEN_MAYA_MODERN_MALE_4 Operation=46 PlotIndex=894
mission CityName=LOC_CITY_NAME_OTTAWA CompletionTurn=171 EscapeResult=-1 InitialResult=0 LevelAfter=1 LootInfo=0 Name=LOC_CITIZEN_MAYA_MALE_3 Operation=46 PlotIndex=894
mission CityName=LOC_CITY_NAME_OTTAWA CompletionTurn=169 EscapeResult=2 InitialResult=2 LevelAfter=1 LootInfo=0 Name=LOC_CITIZEN_MAYA_MODERN_MALE_10 Operation=46 PlotIndex=894
mission CityName=LOC_CITY_NAME_OTTAWA CompletionTurn=169 EscapeResult=1 InitialResult=2 LevelAfter=1 LootInfo=0 Name=LOC_CITIZEN_MAYA_FEMALE_1 Operation=46 PlotIndex=894
mission CityName=LOC_CITY_NAME_OTTAWA CompletionTurn=167 EscapeResult=2 InitialResult=2 LevelAfter=1 LootInfo=0 Name=LOC_CITIZEN_MAYA_MODERN_FEMALE_2 Operation=46 PlotIndex=894
mission CityName=LOC_CITY_NAME_OTTAWA CompletionTurn=167 EscapeResult=-1 InitialResult=1 LevelAfter=1 LootInfo=0 Name=LOC_CITIZEN_MAYA_MODERN_FEMALE_8 Operation=46 PlotIndex=894
mission CityName=LOC_CITY_NAME_OTTAWA CompletionTurn=165 EscapeResult=0 InitialResult=2 LevelAfter=1 LootInfo=0 Name=LOC_CITIZEN_MAYA_MODERN_MALE_1 Operation=46 PlotIndex=894
mission CityName=LOC_CITY_NAME_OTTAWA CompletionTurn=165 EscapeResult=-1 InitialResult=0 LevelAfter=1 LootInfo=0 Name=LOC_CITIZEN_MAYA_MODERN_FEMALE_9 Operation=46 PlotIndex=894
mission CityName=LOC_CITY_NAME_OTTAWA CompletionTurn=163 EscapeResult=2 InitialResult=2 LevelAfter=1 LootInfo=0 Name=LOC_CITIZEN_MAYA_MODERN_FEMALE_1 Operation=46 PlotIndex=894
mission CityName=LOC_CITY_NAME_OTTAWA CompletionTurn=163 EscapeResult=-1 InitialResult=1 LevelAfter=1 LootInfo=0 Name=LOC_CITIZEN_MAYA_MODERN_FEMALE_4 Operation=46 PlotIndex=894
tally 5  SIPHON_FUNDS CAPTURED / NO_RESULT
tally 1  SIPHON_FUNDS FAIL_MUST_ESCAPE / CAPTURED
tally 3  SIPHON_FUNDS FAIL_MUST_ESCAPE / FAIL_MUST_ESCAPE
tally 3  SIPHON_FUNDS FAIL_MUST_ESCAPE / KILLED
tally 1  SIPHON_FUNDS FAIL_UNDETECTED / NO_RESULT
tally 7  SIPHON_FUNDS KILLED / NO_RESULT
tally 1  SIPHON_FUNDS SUCCESS_MUST_ESCAPE / CAPTURED
tally 2  SIPHON_FUNDS SUCCESS_UNDETECTED / NO_RESULT
turn 182 spies active 2 idle 2 missions 23 captured-enemy 0
spy 8716330 LOC_CITIZEN_MAYA_MODERN_FEMALE_5 level 1 at 54:10 busy:UNITOPERATION_SPY_SIPHON_FUNDS
spy 8912942 LOC_CITIZEN_MAYA_MALE_4 level 1 at 54:10 busy:UNITOPERATION_SPY_SIPHON_FUNDS
spy 9240632 LOC_CITIZEN_MAYA_MALE_6 level 1 at 54:11 start
spy 9175097 LOC_CITIZEN_MAYA_MALE_5 level 1 at 36:42 travel
defender 7471106 at 54:11 level 3 op -1
turn 182 spies 4 started 1 travelled 1 promoted 0 bought 0 gold 50000
    unblock: unblock: blocker ENDTURN_BLOCKING_FILL_CIVIC_SLOT -> nothing
    popup WorldCongressPopup -> closed
    grabbed p1: def: spy 7471106 at 54:11 level 3 xp 90 promos PROMOTION_SPY_TECHNOLOGIST,PROMOTION_SPY_DEMOLITIONS op -1 targets 54:11,53:13,53:9,54:10,54:12,56:11,55:11,54:8
    repost: def: post at 54:10 plotcan true requested plot
    after: def: spy 7471106 at 54:10 level 3 xp 90 promos PROMOTION_SPY_TECHNOLOGIST,PROMOTION_SPY_DEMOLITIONS op UNITOPERATION_SPY_COUNTERSPY targets 
    cause popup TechCivicCompletedPopup -> closed
mission CityName=LOC_CITY_NAME_OTTAWA CompletionTurn=182 EscapeResult=-1 InitialResult=1 LevelAfter=2 LootInfo=0 Name=LOC_CITIZEN_MAYA_MODERN_FEMALE_6 Operation=46 PlotIndex=894
mission CityName=LOC_CITY_NAME_OTTAWA CompletionTurn=181 EscapeResult=-1 InitialResult=0 LevelAfter=1 LootInfo=0 Name=LOC_CITIZEN_MAYA_MODERN_FEMALE_3 Operation=46 PlotIndex=894
mission CityName=LOC_CITY_NAME_OTTAWA CompletionTurn=180 EscapeResult=-1 InitialResult=0 LevelAfter=1 LootInfo=0 Name=LOC_CITIZEN_MAYA_MALE_8 Operation=46 PlotIndex=894
mission CityName=LOC_CITY_NAME_OTTAWA CompletionTurn=179 EscapeResult=-1 InitialResult=1 LevelAfter=1 LootInfo=0 Name=LOC_CITIZEN_MAYA_MODERN_MALE_10 Operation=46 PlotIndex=894
mission CityName=LOC_CITY_NAME_OTTAWA CompletionTurn=178 EscapeResult=0 InitialResult=2 LevelAfter=1 LootInfo=0 Name=LOC_CITIZEN_MAYA_MODERN_FEMALE_7 Operation=46 PlotIndex=894
mission CityName=LOC_CITY_NAME_OTTAWA CompletionTurn=178 EscapeResult=-1 InitialResult=3 LevelAfter=2 LootInfo=0 Name=LOC_CITIZEN_MAYA_MODERN_FEMALE_6 Operation=46 PlotIndex=894
mission CityName=LOC_CITY_NAME_OTTAWA CompletionTurn=177 EscapeResult=-1 InitialResult=0 LevelAfter=1 LootInfo=0 Name=LOC_CITIZEN_MAYA_MODERN_FEMALE_2 Operation=46 PlotIndex=894
mission CityName=LOC_CITY_NAME_OTTAWA CompletionTurn=176 EscapeResult=-1 InitialResult=0 LevelAfter=2 LootInfo=0 Name=LOC_CITIZEN_MAYA_MODERN_MALE_4 Operation=46 PlotIndex=894
mission CityName=LOC_CITY_NAME_OTTAWA CompletionTurn=175 EscapeResult=1 InitialResult=4 LevelAfter=1 LootInfo=388 Name=LOC_CITIZEN_MAYA_MODERN_MALE_9 Operation=46 PlotIndex=894
mission CityName=LOC_CITY_NAME_OTTAWA CompletionTurn=175 EscapeResult=-1 InitialResult=1 LevelAfter=1 LootInfo=0 Name=LOC_CITIZEN_MAYA_MODERN_MALE_6 Operation=46 PlotIndex=894
mission CityName=LOC_CITY_NAME_OTTAWA CompletionTurn=173 EscapeResult=0 InitialResult=2 LevelAfter=1 LootInfo=0 Name=LOC_CITIZEN_MAYA_MODERN_FEMALE_1 Operation=46 PlotIndex=894
mission CityName=LOC_CITY_NAME_OTTAWA CompletionTurn=173 EscapeResult=-1 InitialResult=5 LevelAfter=2 LootInfo=368 Name=LOC_CITIZEN_MAYA_MODERN_FEMALE_6 Operation=46 PlotIndex=894
mission CityName=LOC_CITY_NAME_OTTAWA CompletionTurn=173 EscapeResult=-1 InitialResult=0 LevelAfter=1 LootInfo=0 Name=LOC_CITIZEN_MAYA_MALE_1 Operation=46 PlotIndex=894
mission CityName=LOC_CITY_NAME_OTTAWA CompletionTurn=171 EscapeResult=-1 InitialResult=5 LevelAfter=2 LootInfo=368 Name=LOC_CITIZEN_MAYA_MODERN_MALE_4 Operation=46 PlotIndex=894
mission CityName=LOC_CITY_NAME_OTTAWA CompletionTurn=171 EscapeResult=-1 InitialResult=0 LevelAfter=1 LootInfo=0 Name=LOC_CITIZEN_MAYA_MALE_3 Operation=46 PlotIndex=894
mission CityName=LOC_CITY_NAME_OTTAWA CompletionTurn=169 EscapeResult=2 InitialResult=2 LevelAfter=1 LootInfo=0 Name=LOC_CITIZEN_MAYA_MODERN_MALE_10 Operation=46 PlotIndex=894
mission CityName=LOC_CITY_NAME_OTTAWA CompletionTurn=169 EscapeResult=1 InitialResult=2 LevelAfter=1 LootInfo=0 Name=LOC_CITIZEN_MAYA_FEMALE_1 Operation=46 PlotIndex=894
mission CityName=LOC_CITY_NAME_OTTAWA CompletionTurn=167 EscapeResult=2 InitialResult=2 LevelAfter=1 LootInfo=0 Name=LOC_CITIZEN_MAYA_MODERN_FEMALE_2 Operation=46 PlotIndex=894
mission CityName=LOC_CITY_NAME_OTTAWA CompletionTurn=167 EscapeResult=-1 InitialResult=1 LevelAfter=1 LootInfo=0 Name=LOC_CITIZEN_MAYA_MODERN_FEMALE_8 Operation=46 PlotIndex=894
mission CityName=LOC_CITY_NAME_OTTAWA CompletionTurn=165 EscapeResult=0 InitialResult=2 LevelAfter=1 LootInfo=0 Name=LOC_CITIZEN_MAYA_MODERN_MALE_1 Operation=46 PlotIndex=894
mission CityName=LOC_CITY_NAME_OTTAWA CompletionTurn=165 EscapeResult=-1 InitialResult=0 LevelAfter=1 LootInfo=0 Name=LOC_CITIZEN_MAYA_MODERN_FEMALE_9 Operation=46 PlotIndex=894
mission CityName=LOC_CITY_NAME_OTTAWA CompletionTurn=163 EscapeResult=2 InitialResult=2 LevelAfter=1 LootInfo=0 Name=LOC_CITIZEN_MAYA_MODERN_FEMALE_1 Operation=46 PlotIndex=894
mission CityName=LOC_CITY_NAME_OTTAWA CompletionTurn=163 EscapeResult=-1 InitialResult=1 LevelAfter=1 LootInfo=0 Name=LOC_CITIZEN_MAYA_MODERN_FEMALE_4 Operation=46 PlotIndex=894
tally 5  SIPHON_FUNDS CAPTURED / NO_RESULT
tally 1  SIPHON_FUNDS FAIL_MUST_ESCAPE / CAPTURED
tally 3  SIPHON_FUNDS FAIL_MUST_ESCAPE / FAIL_MUST_ESCAPE
tally 3  SIPHON_FUNDS FAIL_MUST_ESCAPE / KILLED
tally 1  SIPHON_FUNDS FAIL_UNDETECTED / NO_RESULT
tally 7  SIPHON_FUNDS KILLED / NO_RESULT
tally 1  SIPHON_FUNDS SUCCESS_MUST_ESCAPE / CAPTURED
tally 2  SIPHON_FUNDS SUCCESS_UNDETECTED / NO_RESULT
turn 183 spies active 3 idle 1 missions 23 captured-enemy 0
spy 8716330 LOC_CITIZEN_MAYA_MODERN_FEMALE_5 level 1 at 54:10 busy:UNITOPERATION_SPY_SIPHON_FUNDS
spy 8912942 LOC_CITIZEN_MAYA_MALE_4 level 1 at 54:10 busy:UNITOPERATION_SPY_SIPHON_FUNDS
spy 9240632 LOC_CITIZEN_MAYA_MALE_6 level 1 at 54:10 busy:UNITOPERATION_SPY_SIPHON_FUNDS
spy 9306169 LOC_CITIZEN_MAYA_FEMALE_7 level 1 at 54:11 start
defender 7471106 at 54:10 level 3 op UNITOPERATION_SPY_COUNTERSPY
turn 183 spies 4 started 1 travelled 0 promoted 0 bought 0 gold 50000
    unblock: unblock: blocker ENDTURN_BLOCKING_PRODUCTION -> CALAKMUL builds UNIT_WARRIOR
    unblock: unblock: blocker ENDTURN_BLOCKING_FILL_CIVIC_SLOT -> nothing
    popup EspionagePopup -> closed
    grabbed p1: def: spy 7471106 at 54:10 level 3 xp 90 promos PROMOTION_SPY_TECHNOLOGIST,PROMOTION_SPY_DEMOLITIONS op UNITOPERATION_SPY_COUNTERSPY targets 
    cause popup EspionagePopup -> closed
mission CityName=LOC_CITY_NAME_OTTAWA CompletionTurn=184 EscapeResult=-1 InitialResult=2 LevelAfter=1 LootInfo=0 Name=LOC_CITIZEN_MAYA_MALE_4 Operation=46 PlotIndex=894
mission CityName=LOC_CITY_NAME_OTTAWA CompletionTurn=184 EscapeResult=-1 InitialResult=0 LevelAfter=1 LootInfo=0 Name=LOC_CITIZEN_MAYA_MODERN_FEMALE_5 Operation=46 PlotIndex=894
mission CityName=LOC_CITY_NAME_OTTAWA CompletionTurn=182 EscapeResult=-1 InitialResult=1 LevelAfter=2 LootInfo=0 Name=LOC_CITIZEN_MAYA_MODERN_FEMALE_6 Operation=46 PlotIndex=894
mission CityName=LOC_CITY_NAME_OTTAWA CompletionTurn=181 EscapeResult=-1 InitialResult=0 LevelAfter=1 LootInfo=0 Name=LOC_CITIZEN_MAYA_MODERN_FEMALE_3 Operation=46 PlotIndex=894
mission CityName=LOC_CITY_NAME_OTTAWA CompletionTurn=180 EscapeResult=-1 InitialResult=0 LevelAfter=1 LootInfo=0 Name=LOC_CITIZEN_MAYA_MALE_8 Operation=46 PlotIndex=894
mission CityName=LOC_CITY_NAME_OTTAWA CompletionTurn=179 EscapeResult=-1 InitialResult=1 LevelAfter=1 LootInfo=0 Name=LOC_CITIZEN_MAYA_MODERN_MALE_10 Operation=46 PlotIndex=894
mission CityName=LOC_CITY_NAME_OTTAWA CompletionTurn=178 EscapeResult=0 InitialResult=2 LevelAfter=1 LootInfo=0 Name=LOC_CITIZEN_MAYA_MODERN_FEMALE_7 Operation=46 PlotIndex=894
mission CityName=LOC_CITY_NAME_OTTAWA CompletionTurn=178 EscapeResult=-1 InitialResult=3 LevelAfter=2 LootInfo=0 Name=LOC_CITIZEN_MAYA_MODERN_FEMALE_6 Operation=46 PlotIndex=894
mission CityName=LOC_CITY_NAME_OTTAWA CompletionTurn=177 EscapeResult=-1 InitialResult=0 LevelAfter=1 LootInfo=0 Name=LOC_CITIZEN_MAYA_MODERN_FEMALE_2 Operation=46 PlotIndex=894
mission CityName=LOC_CITY_NAME_OTTAWA CompletionTurn=176 EscapeResult=-1 InitialResult=0 LevelAfter=2 LootInfo=0 Name=LOC_CITIZEN_MAYA_MODERN_MALE_4 Operation=46 PlotIndex=894
mission CityName=LOC_CITY_NAME_OTTAWA CompletionTurn=175 EscapeResult=1 InitialResult=4 LevelAfter=1 LootInfo=388 Name=LOC_CITIZEN_MAYA_MODERN_MALE_9 Operation=46 PlotIndex=894
mission CityName=LOC_CITY_NAME_OTTAWA CompletionTurn=175 EscapeResult=-1 InitialResult=1 LevelAfter=1 LootInfo=0 Name=LOC_CITIZEN_MAYA_MODERN_MALE_6 Operation=46 PlotIndex=894
mission CityName=LOC_CITY_NAME_OTTAWA CompletionTurn=173 EscapeResult=0 InitialResult=2 LevelAfter=1 LootInfo=0 Name=LOC_CITIZEN_MAYA_MODERN_FEMALE_1 Operation=46 PlotIndex=894
mission CityName=LOC_CITY_NAME_OTTAWA CompletionTurn=173 EscapeResult=-1 InitialResult=5 LevelAfter=2 LootInfo=368 Name=LOC_CITIZEN_MAYA_MODERN_FEMALE_6 Operation=46 PlotIndex=894
mission CityName=LOC_CITY_NAME_OTTAWA CompletionTurn=173 EscapeResult=-1 InitialResult=0 LevelAfter=1 LootInfo=0 Name=LOC_CITIZEN_MAYA_MALE_1 Operation=46 PlotIndex=894
mission CityName=LOC_CITY_NAME_OTTAWA CompletionTurn=171 EscapeResult=-1 InitialResult=5 LevelAfter=2 LootInfo=368 Name=LOC_CITIZEN_MAYA_MODERN_MALE_4 Operation=46 PlotIndex=894
mission CityName=LOC_CITY_NAME_OTTAWA CompletionTurn=171 EscapeResult=-1 InitialResult=0 LevelAfter=1 LootInfo=0 Name=LOC_CITIZEN_MAYA_MALE_3 Operation=46 PlotIndex=894
mission CityName=LOC_CITY_NAME_OTTAWA CompletionTurn=169 EscapeResult=2 InitialResult=2 LevelAfter=1 LootInfo=0 Name=LOC_CITIZEN_MAYA_MODERN_MALE_10 Operation=46 PlotIndex=894
mission CityName=LOC_CITY_NAME_OTTAWA CompletionTurn=169 EscapeResult=1 InitialResult=2 LevelAfter=1 LootInfo=0 Name=LOC_CITIZEN_MAYA_FEMALE_1 Operation=46 PlotIndex=894
mission CityName=LOC_CITY_NAME_OTTAWA CompletionTurn=167 EscapeResult=2 InitialResult=2 LevelAfter=1 LootInfo=0 Name=LOC_CITIZEN_MAYA_MODERN_FEMALE_2 Operation=46 PlotIndex=894
mission CityName=LOC_CITY_NAME_OTTAWA CompletionTurn=167 EscapeResult=-1 InitialResult=1 LevelAfter=1 LootInfo=0 Name=LOC_CITIZEN_MAYA_MODERN_FEMALE_8 Operation=46 PlotIndex=894
mission CityName=LOC_CITY_NAME_OTTAWA CompletionTurn=165 EscapeResult=0 InitialResult=2 LevelAfter=1 LootInfo=0 Name=LOC_CITIZEN_MAYA_MODERN_MALE_1 Operation=46 PlotIndex=894
mission CityName=LOC_CITY_NAME_OTTAWA CompletionTurn=165 EscapeResult=-1 InitialResult=0 LevelAfter=1 LootInfo=0 Name=LOC_CITIZEN_MAYA_MODERN_FEMALE_9 Operation=46 PlotIndex=894
mission CityName=LOC_CITY_NAME_OTTAWA CompletionTurn=163 EscapeResult=2 InitialResult=2 LevelAfter=1 LootInfo=0 Name=LOC_CITIZEN_MAYA_MODERN_FEMALE_1 Operation=46 PlotIndex=894
mission CityName=LOC_CITY_NAME_OTTAWA CompletionTurn=163 EscapeResult=-1 InitialResult=1 LevelAfter=1 LootInfo=0 Name=LOC_CITIZEN_MAYA_MODERN_FEMALE_4 Operation=46 PlotIndex=894
tally 5  SIPHON_FUNDS CAPTURED / NO_RESULT
tally 1  SIPHON_FUNDS FAIL_MUST_ESCAPE / CAPTURED
tally 3  SIPHON_FUNDS FAIL_MUST_ESCAPE / FAIL_MUST_ESCAPE
tally 3  SIPHON_FUNDS FAIL_MUST_ESCAPE / KILLED
tally 1  SIPHON_FUNDS FAIL_MUST_ESCAPE / NO_RESULT
tally 1  SIPHON_FUNDS FAIL_UNDETECTED / NO_RESULT
tally 8  SIPHON_FUNDS KILLED / NO_RESULT
tally 1  SIPHON_FUNDS SUCCESS_MUST_ESCAPE / CAPTURED
tally 2  SIPHON_FUNDS SUCCESS_UNDETECTED / NO_RESULT
turn 184 spies active 3 idle 1 missions 25 captured-enemy 0
spy 8912942 LOC_CITIZEN_MAYA_MALE_4 level 1 at 54:10 busy:UNITOPERATION_SPY_SIPHON_FUNDS
spy 9240632 LOC_CITIZEN_MAYA_MALE_6 level 1 at 54:10 busy:UNITOPERATION_SPY_SIPHON_FUNDS
spy 9306169 LOC_CITIZEN_MAYA_FEMALE_7 level 1 at 54:10 busy:UNITOPERATION_SPY_SIPHON_FUNDS
spy 9502778 LOC_CITIZEN_MAYA_MALE_5 level 1 at 54:11 start
defender 7471106 at 54:11 level 3 op -1
turn 184 spies 4 started 1 travelled 0 promoted 0 bought 2 gold 50000
    unblock: unblock: blocker ENDTURN_BLOCKING_SPY_CHOOSE_ESCAPE_ROUTE -> escape route DISTRICT_COMMERCIAL_HUB of 2 for spy 8912942 LOC_CITIZEN_MAYA_MALE_4 level 1 turn 184 city LOC_CITY_NAME_OTTAWA p1 at 54:10 pursuer police
    unblock: unblock: blocker ENDTURN_BLOCKING_FILL_CIVIC_SLOT -> nothing
    popup EspionagePopup -> closed
    grabbed p1: def: spy 7471106 at 54:11 level 3 xp 90 promos PROMOTION_SPY_TECHNOLOGIST,PROMOTION_SPY_DEMOLITIONS op -1 targets 54:11,53:13,53:9,54:10,54:12,56:11,55:11,54:8
    repost: def: post at 54:10 plotcan true requested plot
    after: def: spy 7471106 at 54:10 level 3 xp 90 promos PROMOTION_SPY_TECHNOLOGIST,PROMOTION_SPY_DEMOLITIONS op UNITOPERATION_SPY_COUNTERSPY targets 
mission CityName=LOC_CITY_NAME_OTTAWA CompletionTurn=184 EscapeResult=2 InitialResult=2 LevelAfter=1 LootInfo=0 Name=LOC_CITIZEN_MAYA_MALE_4 Operation=46 PlotIndex=894
mission CityName=LOC_CITY_NAME_OTTAWA CompletionTurn=184 EscapeResult=-1 InitialResult=0 LevelAfter=1 LootInfo=0 Name=LOC_CITIZEN_MAYA_MODERN_FEMALE_5 Operation=46 PlotIndex=894
mission CityName=LOC_CITY_NAME_OTTAWA CompletionTurn=182 EscapeResult=-1 InitialResult=1 LevelAfter=2 LootInfo=0 Name=LOC_CITIZEN_MAYA_MODERN_FEMALE_6 Operation=46 PlotIndex=894
mission CityName=LOC_CITY_NAME_OTTAWA CompletionTurn=181 EscapeResult=-1 InitialResult=0 LevelAfter=1 LootInfo=0 Name=LOC_CITIZEN_MAYA_MODERN_FEMALE_3 Operation=46 PlotIndex=894
mission CityName=LOC_CITY_NAME_OTTAWA CompletionTurn=180 EscapeResult=-1 InitialResult=0 LevelAfter=1 LootInfo=0 Name=LOC_CITIZEN_MAYA_MALE_8 Operation=46 PlotIndex=894
mission CityName=LOC_CITY_NAME_OTTAWA CompletionTurn=179 EscapeResult=-1 InitialResult=1 LevelAfter=1 LootInfo=0 Name=LOC_CITIZEN_MAYA_MODERN_MALE_10 Operation=46 PlotIndex=894
mission CityName=LOC_CITY_NAME_OTTAWA CompletionTurn=178 EscapeResult=0 InitialResult=2 LevelAfter=1 LootInfo=0 Name=LOC_CITIZEN_MAYA_MODERN_FEMALE_7 Operation=46 PlotIndex=894
mission CityName=LOC_CITY_NAME_OTTAWA CompletionTurn=178 EscapeResult=-1 InitialResult=3 LevelAfter=2 LootInfo=0 Name=LOC_CITIZEN_MAYA_MODERN_FEMALE_6 Operation=46 PlotIndex=894
mission CityName=LOC_CITY_NAME_OTTAWA CompletionTurn=177 EscapeResult=-1 InitialResult=0 LevelAfter=1 LootInfo=0 Name=LOC_CITIZEN_MAYA_MODERN_FEMALE_2 Operation=46 PlotIndex=894
mission CityName=LOC_CITY_NAME_OTTAWA CompletionTurn=176 EscapeResult=-1 InitialResult=0 LevelAfter=2 LootInfo=0 Name=LOC_CITIZEN_MAYA_MODERN_MALE_4 Operation=46 PlotIndex=894
mission CityName=LOC_CITY_NAME_OTTAWA CompletionTurn=175 EscapeResult=1 InitialResult=4 LevelAfter=1 LootInfo=388 Name=LOC_CITIZEN_MAYA_MODERN_MALE_9 Operation=46 PlotIndex=894
mission CityName=LOC_CITY_NAME_OTTAWA CompletionTurn=175 EscapeResult=-1 InitialResult=1 LevelAfter=1 LootInfo=0 Name=LOC_CITIZEN_MAYA_MODERN_MALE_6 Operation=46 PlotIndex=894
mission CityName=LOC_CITY_NAME_OTTAWA CompletionTurn=173 EscapeResult=0 InitialResult=2 LevelAfter=1 LootInfo=0 Name=LOC_CITIZEN_MAYA_MODERN_FEMALE_1 Operation=46 PlotIndex=894
mission CityName=LOC_CITY_NAME_OTTAWA CompletionTurn=173 EscapeResult=-1 InitialResult=5 LevelAfter=2 LootInfo=368 Name=LOC_CITIZEN_MAYA_MODERN_FEMALE_6 Operation=46 PlotIndex=894
mission CityName=LOC_CITY_NAME_OTTAWA CompletionTurn=173 EscapeResult=-1 InitialResult=0 LevelAfter=1 LootInfo=0 Name=LOC_CITIZEN_MAYA_MALE_1 Operation=46 PlotIndex=894
mission CityName=LOC_CITY_NAME_OTTAWA CompletionTurn=171 EscapeResult=-1 InitialResult=5 LevelAfter=2 LootInfo=368 Name=LOC_CITIZEN_MAYA_MODERN_MALE_4 Operation=46 PlotIndex=894
mission CityName=LOC_CITY_NAME_OTTAWA CompletionTurn=171 EscapeResult=-1 InitialResult=0 LevelAfter=1 LootInfo=0 Name=LOC_CITIZEN_MAYA_MALE_3 Operation=46 PlotIndex=894
mission CityName=LOC_CITY_NAME_OTTAWA CompletionTurn=169 EscapeResult=2 InitialResult=2 LevelAfter=1 LootInfo=0 Name=LOC_CITIZEN_MAYA_MODERN_MALE_10 Operation=46 PlotIndex=894
mission CityName=LOC_CITY_NAME_OTTAWA CompletionTurn=169 EscapeResult=1 InitialResult=2 LevelAfter=1 LootInfo=0 Name=LOC_CITIZEN_MAYA_FEMALE_1 Operation=46 PlotIndex=894
mission CityName=LOC_CITY_NAME_OTTAWA CompletionTurn=167 EscapeResult=2 InitialResult=2 LevelAfter=1 LootInfo=0 Name=LOC_CITIZEN_MAYA_MODERN_FEMALE_2 Operation=46 PlotIndex=894
mission CityName=LOC_CITY_NAME_OTTAWA CompletionTurn=167 EscapeResult=-1 InitialResult=1 LevelAfter=1 LootInfo=0 Name=LOC_CITIZEN_MAYA_MODERN_FEMALE_8 Operation=46 PlotIndex=894
mission CityName=LOC_CITY_NAME_OTTAWA CompletionTurn=165 EscapeResult=0 InitialResult=2 LevelAfter=1 LootInfo=0 Name=LOC_CITIZEN_MAYA_MODERN_MALE_1 Operation=46 PlotIndex=894
mission CityName=LOC_CITY_NAME_OTTAWA CompletionTurn=165 EscapeResult=-1 InitialResult=0 LevelAfter=1 LootInfo=0 Name=LOC_CITIZEN_MAYA_MODERN_FEMALE_9 Operation=46 PlotIndex=894
mission CityName=LOC_CITY_NAME_OTTAWA CompletionTurn=163 EscapeResult=2 InitialResult=2 LevelAfter=1 LootInfo=0 Name=LOC_CITIZEN_MAYA_MODERN_FEMALE_1 Operation=46 PlotIndex=894
mission CityName=LOC_CITY_NAME_OTTAWA CompletionTurn=163 EscapeResult=-1 InitialResult=1 LevelAfter=1 LootInfo=0 Name=LOC_CITIZEN_MAYA_MODERN_FEMALE_4 Operation=46 PlotIndex=894
tally 5  SIPHON_FUNDS CAPTURED / NO_RESULT
tally 1  SIPHON_FUNDS FAIL_MUST_ESCAPE / CAPTURED
tally 4  SIPHON_FUNDS FAIL_MUST_ESCAPE / FAIL_MUST_ESCAPE
tally 3  SIPHON_FUNDS FAIL_MUST_ESCAPE / KILLED
tally 1  SIPHON_FUNDS FAIL_UNDETECTED / NO_RESULT
tally 8  SIPHON_FUNDS KILLED / NO_RESULT
tally 1  SIPHON_FUNDS SUCCESS_MUST_ESCAPE / CAPTURED
tally 2  SIPHON_FUNDS SUCCESS_UNDETECTED / NO_RESULT
turn 185 spies active 3 idle 1 missions 25 captured-enemy 0
spy 9240632 LOC_CITIZEN_MAYA_MALE_6 level 1 at 54:10 busy:UNITOPERATION_SPY_SIPHON_FUNDS
spy 9306169 LOC_CITIZEN_MAYA_FEMALE_7 level 1 at 54:10 busy:UNITOPERATION_SPY_SIPHON_FUNDS
spy 9502778 LOC_CITIZEN_MAYA_MALE_5 level 1 at 54:10 busy:UNITOPERATION_SPY_SIPHON_FUNDS
spy 9568315 LOC_CITIZEN_MAYA_MODERN_FEMALE_4 level 1 at 36:42 travel
defender 7471106 at 54:10 level 3 op UNITOPERATION_SPY_COUNTERSPY
turn 185 spies 4 started 0 travelled 1 promoted 0 bought 0 gold 50000
    unblock: unblock: blocker ENDTURN_BLOCKING_PRODUCTION -> CALAKMUL builds UNIT_WARRIOR
    unblock: unblock: blocker ENDTURN_BLOCKING_FILL_CIVIC_SLOT -> nothing
    grabbed p1: def: spy 7471106 at 54:10 level 3 xp 90 promos PROMOTION_SPY_TECHNOLOGIST,PROMOTION_SPY_DEMOLITIONS op UNITOPERATION_SPY_COUNTERSPY targets 
    cause session 2:2 -> closed sessions [2:2]
    cause popup DiplomacyActionView -> hidden
    cause popup LeaderScene -> hidden
mission CityName=LOC_CITY_NAME_OTTAWA CompletionTurn=186 EscapeResult=-1 InitialResult=0 LevelAfter=1 LootInfo=0 Name=LOC_CITIZEN_MAYA_MALE_6 Operation=46 PlotIndex=894
mission CityName=LOC_CITY_NAME_OTTAWA CompletionTurn=184 EscapeResult=2 InitialResult=2 LevelAfter=1 LootInfo=0 Name=LOC_CITIZEN_MAYA_MALE_4 Operation=46 PlotIndex=894
mission CityName=LOC_CITY_NAME_OTTAWA CompletionTurn=184 EscapeResult=-1 InitialResult=0 LevelAfter=1 LootInfo=0 Name=LOC_CITIZEN_MAYA_MODERN_FEMALE_5 Operation=46 PlotIndex=894
mission CityName=LOC_CITY_NAME_OTTAWA CompletionTurn=182 EscapeResult=-1 InitialResult=1 LevelAfter=2 LootInfo=0 Name=LOC_CITIZEN_MAYA_MODERN_FEMALE_6 Operation=46 PlotIndex=894
mission CityName=LOC_CITY_NAME_OTTAWA CompletionTurn=181 EscapeResult=-1 InitialResult=0 LevelAfter=1 LootInfo=0 Name=LOC_CITIZEN_MAYA_MODERN_FEMALE_3 Operation=46 PlotIndex=894
mission CityName=LOC_CITY_NAME_OTTAWA CompletionTurn=180 EscapeResult=-1 InitialResult=0 LevelAfter=1 LootInfo=0 Name=LOC_CITIZEN_MAYA_MALE_8 Operation=46 PlotIndex=894
mission CityName=LOC_CITY_NAME_OTTAWA CompletionTurn=179 EscapeResult=-1 InitialResult=1 LevelAfter=1 LootInfo=0 Name=LOC_CITIZEN_MAYA_MODERN_MALE_10 Operation=46 PlotIndex=894
mission CityName=LOC_CITY_NAME_OTTAWA CompletionTurn=178 EscapeResult=0 InitialResult=2 LevelAfter=1 LootInfo=0 Name=LOC_CITIZEN_MAYA_MODERN_FEMALE_7 Operation=46 PlotIndex=894
mission CityName=LOC_CITY_NAME_OTTAWA CompletionTurn=178 EscapeResult=-1 InitialResult=3 LevelAfter=2 LootInfo=0 Name=LOC_CITIZEN_MAYA_MODERN_FEMALE_6 Operation=46 PlotIndex=894
mission CityName=LOC_CITY_NAME_OTTAWA CompletionTurn=177 EscapeResult=-1 InitialResult=0 LevelAfter=1 LootInfo=0 Name=LOC_CITIZEN_MAYA_MODERN_FEMALE_2 Operation=46 PlotIndex=894
mission CityName=LOC_CITY_NAME_OTTAWA CompletionTurn=176 EscapeResult=-1 InitialResult=0 LevelAfter=2 LootInfo=0 Name=LOC_CITIZEN_MAYA_MODERN_MALE_4 Operation=46 PlotIndex=894
mission CityName=LOC_CITY_NAME_OTTAWA CompletionTurn=175 EscapeResult=1 InitialResult=4 LevelAfter=1 LootInfo=388 Name=LOC_CITIZEN_MAYA_MODERN_MALE_9 Operation=46 PlotIndex=894
mission CityName=LOC_CITY_NAME_OTTAWA CompletionTurn=175 EscapeResult=-1 InitialResult=1 LevelAfter=1 LootInfo=0 Name=LOC_CITIZEN_MAYA_MODERN_MALE_6 Operation=46 PlotIndex=894
mission CityName=LOC_CITY_NAME_OTTAWA CompletionTurn=173 EscapeResult=0 InitialResult=2 LevelAfter=1 LootInfo=0 Name=LOC_CITIZEN_MAYA_MODERN_FEMALE_1 Operation=46 PlotIndex=894
mission CityName=LOC_CITY_NAME_OTTAWA CompletionTurn=173 EscapeResult=-1 InitialResult=5 LevelAfter=2 LootInfo=368 Name=LOC_CITIZEN_MAYA_MODERN_FEMALE_6 Operation=46 PlotIndex=894
mission CityName=LOC_CITY_NAME_OTTAWA CompletionTurn=173 EscapeResult=-1 InitialResult=0 LevelAfter=1 LootInfo=0 Name=LOC_CITIZEN_MAYA_MALE_1 Operation=46 PlotIndex=894
mission CityName=LOC_CITY_NAME_OTTAWA CompletionTurn=171 EscapeResult=-1 InitialResult=5 LevelAfter=2 LootInfo=368 Name=LOC_CITIZEN_MAYA_MODERN_MALE_4 Operation=46 PlotIndex=894
mission CityName=LOC_CITY_NAME_OTTAWA CompletionTurn=171 EscapeResult=-1 InitialResult=0 LevelAfter=1 LootInfo=0 Name=LOC_CITIZEN_MAYA_MALE_3 Operation=46 PlotIndex=894
mission CityName=LOC_CITY_NAME_OTTAWA CompletionTurn=169 EscapeResult=2 InitialResult=2 LevelAfter=1 LootInfo=0 Name=LOC_CITIZEN_MAYA_MODERN_MALE_10 Operation=46 PlotIndex=894
mission CityName=LOC_CITY_NAME_OTTAWA CompletionTurn=169 EscapeResult=1 InitialResult=2 LevelAfter=1 LootInfo=0 Name=LOC_CITIZEN_MAYA_FEMALE_1 Operation=46 PlotIndex=894
mission CityName=LOC_CITY_NAME_OTTAWA CompletionTurn=167 EscapeResult=2 InitialResult=2 LevelAfter=1 LootInfo=0 Name=LOC_CITIZEN_MAYA_MODERN_FEMALE_2 Operation=46 PlotIndex=894
mission CityName=LOC_CITY_NAME_OTTAWA CompletionTurn=167 EscapeResult=-1 InitialResult=1 LevelAfter=1 LootInfo=0 Name=LOC_CITIZEN_MAYA_MODERN_FEMALE_8 Operation=46 PlotIndex=894
mission CityName=LOC_CITY_NAME_OTTAWA CompletionTurn=165 EscapeResult=0 InitialResult=2 LevelAfter=1 LootInfo=0 Name=LOC_CITIZEN_MAYA_MODERN_MALE_1 Operation=46 PlotIndex=894
mission CityName=LOC_CITY_NAME_OTTAWA CompletionTurn=165 EscapeResult=-1 InitialResult=0 LevelAfter=1 LootInfo=0 Name=LOC_CITIZEN_MAYA_MODERN_FEMALE_9 Operation=46 PlotIndex=894
mission CityName=LOC_CITY_NAME_OTTAWA CompletionTurn=163 EscapeResult=2 InitialResult=2 LevelAfter=1 LootInfo=0 Name=LOC_CITIZEN_MAYA_MODERN_FEMALE_1 Operation=46 PlotIndex=894
mission CityName=LOC_CITY_NAME_OTTAWA CompletionTurn=163 EscapeResult=-1 InitialResult=1 LevelAfter=1 LootInfo=0 Name=LOC_CITIZEN_MAYA_MODERN_FEMALE_4 Operation=46 PlotIndex=894
tally 5  SIPHON_FUNDS CAPTURED / NO_RESULT
tally 1  SIPHON_FUNDS FAIL_MUST_ESCAPE / CAPTURED
tally 4  SIPHON_FUNDS FAIL_MUST_ESCAPE / FAIL_MUST_ESCAPE
tally 3  SIPHON_FUNDS FAIL_MUST_ESCAPE / KILLED
tally 1  SIPHON_FUNDS FAIL_UNDETECTED / NO_RESULT
tally 9  SIPHON_FUNDS KILLED / NO_RESULT
tally 1  SIPHON_FUNDS SUCCESS_MUST_ESCAPE / CAPTURED
tally 2  SIPHON_FUNDS SUCCESS_UNDETECTED / NO_RESULT
turn 186 spies active 2 idle 0 missions 26 captured-enemy 0
spy 9306169 LOC_CITIZEN_MAYA_FEMALE_7 level 1 at 54:10 busy:UNITOPERATION_SPY_SIPHON_FUNDS
spy 9502778 LOC_CITIZEN_MAYA_MALE_5 level 1 at 54:10 busy:UNITOPERATION_SPY_SIPHON_FUNDS
defender 7471106 at 54:11 level 3 op -1
turn 186 spies 2 started 0 travelled 0 promoted 0 bought 2 gold 50000
    unblock: unblock: blocker ENDTURN_BLOCKING_PRODUCTION -> NARANJO builds UNIT_WARRIOR
    unblock: unblock: blocker ENDTURN_BLOCKING_FILL_CIVIC_SLOT -> nothing
    popup EspionagePopup -> closed
    grabbed p1: def: spy 7471106 at 54:11 level 3 xp 90 promos PROMOTION_SPY_TECHNOLOGIST,PROMOTION_SPY_DEMOLITIONS op -1 targets 54:11,53:13,53:9,54:10,54:12,56:11,55:11,54:8
    repost: def: post at 54:10 plotcan true requested plot
    after: def: spy 7471106 at 54:10 level 3 xp 90 promos PROMOTION_SPY_TECHNOLOGIST,PROMOTION_SPY_DEMOLITIONS op UNITOPERATION_SPY_COUNTERSPY targets 
    cause popup TechCivicCompletedPopup -> hidden
    cause popup EspionagePopup -> closed
mission CityName=LOC_CITY_NAME_OTTAWA CompletionTurn=187 EscapeResult=-1 InitialResult=1 LevelAfter=1 LootInfo=0 Name=LOC_CITIZEN_MAYA_FEMALE_7 Operation=46 PlotIndex=894
mission CityName=LOC_CITY_NAME_OTTAWA CompletionTurn=186 EscapeResult=-1 InitialResult=0 LevelAfter=1 LootInfo=0 Name=LOC_CITIZEN_MAYA_MALE_6 Operation=46 PlotIndex=894
mission CityName=LOC_CITY_NAME_OTTAWA CompletionTurn=184 EscapeResult=2 InitialResult=2 LevelAfter=1 LootInfo=0 Name=LOC_CITIZEN_MAYA_MALE_4 Operation=46 PlotIndex=894
mission CityName=LOC_CITY_NAME_OTTAWA CompletionTurn=184 EscapeResult=-1 InitialResult=0 LevelAfter=1 LootInfo=0 Name=LOC_CITIZEN_MAYA_MODERN_FEMALE_5 Operation=46 PlotIndex=894
mission CityName=LOC_CITY_NAME_OTTAWA CompletionTurn=182 EscapeResult=-1 InitialResult=1 LevelAfter=2 LootInfo=0 Name=LOC_CITIZEN_MAYA_MODERN_FEMALE_6 Operation=46 PlotIndex=894
mission CityName=LOC_CITY_NAME_OTTAWA CompletionTurn=181 EscapeResult=-1 InitialResult=0 LevelAfter=1 LootInfo=0 Name=LOC_CITIZEN_MAYA_MODERN_FEMALE_3 Operation=46 PlotIndex=894
mission CityName=LOC_CITY_NAME_OTTAWA CompletionTurn=180 EscapeResult=-1 InitialResult=0 LevelAfter=1 LootInfo=0 Name=LOC_CITIZEN_MAYA_MALE_8 Operation=46 PlotIndex=894
mission CityName=LOC_CITY_NAME_OTTAWA CompletionTurn=179 EscapeResult=-1 InitialResult=1 LevelAfter=1 LootInfo=0 Name=LOC_CITIZEN_MAYA_MODERN_MALE_10 Operation=46 PlotIndex=894
mission CityName=LOC_CITY_NAME_OTTAWA CompletionTurn=178 EscapeResult=0 InitialResult=2 LevelAfter=1 LootInfo=0 Name=LOC_CITIZEN_MAYA_MODERN_FEMALE_7 Operation=46 PlotIndex=894
mission CityName=LOC_CITY_NAME_OTTAWA CompletionTurn=178 EscapeResult=-1 InitialResult=3 LevelAfter=2 LootInfo=0 Name=LOC_CITIZEN_MAYA_MODERN_FEMALE_6 Operation=46 PlotIndex=894
mission CityName=LOC_CITY_NAME_OTTAWA CompletionTurn=177 EscapeResult=-1 InitialResult=0 LevelAfter=1 LootInfo=0 Name=LOC_CITIZEN_MAYA_MODERN_FEMALE_2 Operation=46 PlotIndex=894
mission CityName=LOC_CITY_NAME_OTTAWA CompletionTurn=176 EscapeResult=-1 InitialResult=0 LevelAfter=2 LootInfo=0 Name=LOC_CITIZEN_MAYA_MODERN_MALE_4 Operation=46 PlotIndex=894
mission CityName=LOC_CITY_NAME_OTTAWA CompletionTurn=175 EscapeResult=1 InitialResult=4 LevelAfter=1 LootInfo=388 Name=LOC_CITIZEN_MAYA_MODERN_MALE_9 Operation=46 PlotIndex=894
mission CityName=LOC_CITY_NAME_OTTAWA CompletionTurn=175 EscapeResult=-1 InitialResult=1 LevelAfter=1 LootInfo=0 Name=LOC_CITIZEN_MAYA_MODERN_MALE_6 Operation=46 PlotIndex=894
mission CityName=LOC_CITY_NAME_OTTAWA CompletionTurn=173 EscapeResult=0 InitialResult=2 LevelAfter=1 LootInfo=0 Name=LOC_CITIZEN_MAYA_MODERN_FEMALE_1 Operation=46 PlotIndex=894
mission CityName=LOC_CITY_NAME_OTTAWA CompletionTurn=173 EscapeResult=-1 InitialResult=5 LevelAfter=2 LootInfo=368 Name=LOC_CITIZEN_MAYA_MODERN_FEMALE_6 Operation=46 PlotIndex=894
mission CityName=LOC_CITY_NAME_OTTAWA CompletionTurn=173 EscapeResult=-1 InitialResult=0 LevelAfter=1 LootInfo=0 Name=LOC_CITIZEN_MAYA_MALE_1 Operation=46 PlotIndex=894
mission CityName=LOC_CITY_NAME_OTTAWA CompletionTurn=171 EscapeResult=-1 InitialResult=5 LevelAfter=2 LootInfo=368 Name=LOC_CITIZEN_MAYA_MODERN_MALE_4 Operation=46 PlotIndex=894
mission CityName=LOC_CITY_NAME_OTTAWA CompletionTurn=171 EscapeResult=-1 InitialResult=0 LevelAfter=1 LootInfo=0 Name=LOC_CITIZEN_MAYA_MALE_3 Operation=46 PlotIndex=894
mission CityName=LOC_CITY_NAME_OTTAWA CompletionTurn=169 EscapeResult=2 InitialResult=2 LevelAfter=1 LootInfo=0 Name=LOC_CITIZEN_MAYA_MODERN_MALE_10 Operation=46 PlotIndex=894
mission CityName=LOC_CITY_NAME_OTTAWA CompletionTurn=169 EscapeResult=1 InitialResult=2 LevelAfter=1 LootInfo=0 Name=LOC_CITIZEN_MAYA_FEMALE_1 Operation=46 PlotIndex=894
mission CityName=LOC_CITY_NAME_OTTAWA CompletionTurn=167 EscapeResult=2 InitialResult=2 LevelAfter=1 LootInfo=0 Name=LOC_CITIZEN_MAYA_MODERN_FEMALE_2 Operation=46 PlotIndex=894
mission CityName=LOC_CITY_NAME_OTTAWA CompletionTurn=167 EscapeResult=-1 InitialResult=1 LevelAfter=1 LootInfo=0 Name=LOC_CITIZEN_MAYA_MODERN_FEMALE_8 Operation=46 PlotIndex=894
mission CityName=LOC_CITY_NAME_OTTAWA CompletionTurn=165 EscapeResult=0 InitialResult=2 LevelAfter=1 LootInfo=0 Name=LOC_CITIZEN_MAYA_MODERN_MALE_1 Operation=46 PlotIndex=894
mission CityName=LOC_CITY_NAME_OTTAWA CompletionTurn=165 EscapeResult=-1 InitialResult=0 LevelAfter=1 LootInfo=0 Name=LOC_CITIZEN_MAYA_MODERN_FEMALE_9 Operation=46 PlotIndex=894
mission CityName=LOC_CITY_NAME_OTTAWA CompletionTurn=163 EscapeResult=2 InitialResult=2 LevelAfter=1 LootInfo=0 Name=LOC_CITIZEN_MAYA_MODERN_FEMALE_1 Operation=46 PlotIndex=894
mission CityName=LOC_CITY_NAME_OTTAWA CompletionTurn=163 EscapeResult=-1 InitialResult=1 LevelAfter=1 LootInfo=0 Name=LOC_CITIZEN_MAYA_MODERN_FEMALE_4 Operation=46 PlotIndex=894
tally 6  SIPHON_FUNDS CAPTURED / NO_RESULT
tally 1  SIPHON_FUNDS FAIL_MUST_ESCAPE / CAPTURED
tally 4  SIPHON_FUNDS FAIL_MUST_ESCAPE / FAIL_MUST_ESCAPE
tally 3  SIPHON_FUNDS FAIL_MUST_ESCAPE / KILLED
tally 1  SIPHON_FUNDS FAIL_UNDETECTED / NO_RESULT
tally 9  SIPHON_FUNDS KILLED / NO_RESULT
tally 1  SIPHON_FUNDS SUCCESS_MUST_ESCAPE / CAPTURED
tally 2  SIPHON_FUNDS SUCCESS_UNDETECTED / NO_RESULT
turn 187 spies active 1 idle 3 missions 27 captured-enemy 0
spy 9895992 LOC_CITIZEN_MAYA_MALE_4 level 1 at 36:42 travel
spy 9502778 LOC_CITIZEN_MAYA_MALE_5 level 1 at 54:10 busy:UNITOPERATION_SPY_SIPHON_FUNDS
spy 9830460 LOC_CITIZEN_MAYA_MALE_3 level 1 at 36:42 travel
spy 9961533 LOC_CITIZEN_MAYA_MODERN_FEMALE_4 level 1 at 54:11 start
defender 7471106 at 54:11 level 3 op -1
turn 187 spies 4 started 1 travelled 2 promoted 0 bought 0 gold 50000
    unblock: unblock: blocker ENDTURN_BLOCKING_PRODUCTION -> CALAKMUL builds UNIT_WARRIOR
    unblock: unblock: blocker ENDTURN_BLOCKING_FILL_CIVIC_SLOT -> nothing
    popup TechCivicCompletedPopup -> closed
    grabbed p1: def: spy 7471106 at 54:11 level 3 xp 90 promos PROMOTION_SPY_TECHNOLOGIST,PROMOTION_SPY_DEMOLITIONS op -1 targets 54:11,53:13,53:9,54:10,54:12,56:11,55:11,54:8
    repost: def: post at 54:10 plotcan true requested plot
    after: def: spy 7471106 at 54:10 level 3 xp 90 promos PROMOTION_SPY_TECHNOLOGIST,PROMOTION_SPY_DEMOLITIONS op UNITOPERATION_SPY_COUNTERSPY targets 
    cause popup EspionagePopup -> closed
mission CityName=LOC_CITY_NAME_OTTAWA CompletionTurn=188 EscapeResult=-1 InitialResult=0 LevelAfter=1 LootInfo=0 Name=LOC_CITIZEN_MAYA_MALE_5 Operation=46 PlotIndex=894
mission CityName=LOC_CITY_NAME_OTTAWA CompletionTurn=187 EscapeResult=-1 InitialResult=1 LevelAfter=1 LootInfo=0 Name=LOC_CITIZEN_MAYA_FEMALE_7 Operation=46 PlotIndex=894
mission CityName=LOC_CITY_NAME_OTTAWA CompletionTurn=186 EscapeResult=-1 InitialResult=0 LevelAfter=1 LootInfo=0 Name=LOC_CITIZEN_MAYA_MALE_6 Operation=46 PlotIndex=894
mission CityName=LOC_CITY_NAME_OTTAWA CompletionTurn=184 EscapeResult=2 InitialResult=2 LevelAfter=1 LootInfo=0 Name=LOC_CITIZEN_MAYA_MALE_4 Operation=46 PlotIndex=894
mission CityName=LOC_CITY_NAME_OTTAWA CompletionTurn=184 EscapeResult=-1 InitialResult=0 LevelAfter=1 LootInfo=0 Name=LOC_CITIZEN_MAYA_MODERN_FEMALE_5 Operation=46 PlotIndex=894
mission CityName=LOC_CITY_NAME_OTTAWA CompletionTurn=182 EscapeResult=-1 InitialResult=1 LevelAfter=2 LootInfo=0 Name=LOC_CITIZEN_MAYA_MODERN_FEMALE_6 Operation=46 PlotIndex=894
mission CityName=LOC_CITY_NAME_OTTAWA CompletionTurn=181 EscapeResult=-1 InitialResult=0 LevelAfter=1 LootInfo=0 Name=LOC_CITIZEN_MAYA_MODERN_FEMALE_3 Operation=46 PlotIndex=894
mission CityName=LOC_CITY_NAME_OTTAWA CompletionTurn=180 EscapeResult=-1 InitialResult=0 LevelAfter=1 LootInfo=0 Name=LOC_CITIZEN_MAYA_MALE_8 Operation=46 PlotIndex=894
mission CityName=LOC_CITY_NAME_OTTAWA CompletionTurn=179 EscapeResult=-1 InitialResult=1 LevelAfter=1 LootInfo=0 Name=LOC_CITIZEN_MAYA_MODERN_MALE_10 Operation=46 PlotIndex=894
mission CityName=LOC_CITY_NAME_OTTAWA CompletionTurn=178 EscapeResult=0 InitialResult=2 LevelAfter=1 LootInfo=0 Name=LOC_CITIZEN_MAYA_MODERN_FEMALE_7 Operation=46 PlotIndex=894
mission CityName=LOC_CITY_NAME_OTTAWA CompletionTurn=178 EscapeResult=-1 InitialResult=3 LevelAfter=2 LootInfo=0 Name=LOC_CITIZEN_MAYA_MODERN_FEMALE_6 Operation=46 PlotIndex=894
mission CityName=LOC_CITY_NAME_OTTAWA CompletionTurn=177 EscapeResult=-1 InitialResult=0 LevelAfter=1 LootInfo=0 Name=LOC_CITIZEN_MAYA_MODERN_FEMALE_2 Operation=46 PlotIndex=894
mission CityName=LOC_CITY_NAME_OTTAWA CompletionTurn=176 EscapeResult=-1 InitialResult=0 LevelAfter=2 LootInfo=0 Name=LOC_CITIZEN_MAYA_MODERN_MALE_4 Operation=46 PlotIndex=894
mission CityName=LOC_CITY_NAME_OTTAWA CompletionTurn=175 EscapeResult=1 InitialResult=4 LevelAfter=1 LootInfo=388 Name=LOC_CITIZEN_MAYA_MODERN_MALE_9 Operation=46 PlotIndex=894
mission CityName=LOC_CITY_NAME_OTTAWA CompletionTurn=175 EscapeResult=-1 InitialResult=1 LevelAfter=1 LootInfo=0 Name=LOC_CITIZEN_MAYA_MODERN_MALE_6 Operation=46 PlotIndex=894
mission CityName=LOC_CITY_NAME_OTTAWA CompletionTurn=173 EscapeResult=0 InitialResult=2 LevelAfter=1 LootInfo=0 Name=LOC_CITIZEN_MAYA_MODERN_FEMALE_1 Operation=46 PlotIndex=894
mission CityName=LOC_CITY_NAME_OTTAWA CompletionTurn=173 EscapeResult=-1 InitialResult=5 LevelAfter=2 LootInfo=368 Name=LOC_CITIZEN_MAYA_MODERN_FEMALE_6 Operation=46 PlotIndex=894
mission CityName=LOC_CITY_NAME_OTTAWA CompletionTurn=173 EscapeResult=-1 InitialResult=0 LevelAfter=1 LootInfo=0 Name=LOC_CITIZEN_MAYA_MALE_1 Operation=46 PlotIndex=894
mission CityName=LOC_CITY_NAME_OTTAWA CompletionTurn=171 EscapeResult=-1 InitialResult=5 LevelAfter=2 LootInfo=368 Name=LOC_CITIZEN_MAYA_MODERN_MALE_4 Operation=46 PlotIndex=894
mission CityName=LOC_CITY_NAME_OTTAWA CompletionTurn=171 EscapeResult=-1 InitialResult=0 LevelAfter=1 LootInfo=0 Name=LOC_CITIZEN_MAYA_MALE_3 Operation=46 PlotIndex=894
mission CityName=LOC_CITY_NAME_OTTAWA CompletionTurn=169 EscapeResult=2 InitialResult=2 LevelAfter=1 LootInfo=0 Name=LOC_CITIZEN_MAYA_MODERN_MALE_10 Operation=46 PlotIndex=894
mission CityName=LOC_CITY_NAME_OTTAWA CompletionTurn=169 EscapeResult=1 InitialResult=2 LevelAfter=1 LootInfo=0 Name=LOC_CITIZEN_MAYA_FEMALE_1 Operation=46 PlotIndex=894
mission CityName=LOC_CITY_NAME_OTTAWA CompletionTurn=167 EscapeResult=2 InitialResult=2 LevelAfter=1 LootInfo=0 Name=LOC_CITIZEN_MAYA_MODERN_FEMALE_2 Operation=46 PlotIndex=894
mission CityName=LOC_CITY_NAME_OTTAWA CompletionTurn=167 EscapeResult=-1 InitialResult=1 LevelAfter=1 LootInfo=0 Name=LOC_CITIZEN_MAYA_MODERN_FEMALE_8 Operation=46 PlotIndex=894
mission CityName=LOC_CITY_NAME_OTTAWA CompletionTurn=165 EscapeResult=0 InitialResult=2 LevelAfter=1 LootInfo=0 Name=LOC_CITIZEN_MAYA_MODERN_MALE_1 Operation=46 PlotIndex=894
mission CityName=LOC_CITY_NAME_OTTAWA CompletionTurn=165 EscapeResult=-1 InitialResult=0 LevelAfter=1 LootInfo=0 Name=LOC_CITIZEN_MAYA_MODERN_FEMALE_9 Operation=46 PlotIndex=894
mission CityName=LOC_CITY_NAME_OTTAWA CompletionTurn=163 EscapeResult=2 InitialResult=2 LevelAfter=1 LootInfo=0 Name=LOC_CITIZEN_MAYA_MODERN_FEMALE_1 Operation=46 PlotIndex=894
mission CityName=LOC_CITY_NAME_OTTAWA CompletionTurn=163 EscapeResult=-1 InitialResult=1 LevelAfter=1 LootInfo=0 Name=LOC_CITIZEN_MAYA_MODERN_FEMALE_4 Operation=46 PlotIndex=894
tally 6  SIPHON_FUNDS CAPTURED / NO_RESULT
tally 1  SIPHON_FUNDS FAIL_MUST_ESCAPE / CAPTURED
tally 4  SIPHON_FUNDS FAIL_MUST_ESCAPE / FAIL_MUST_ESCAPE
tally 3  SIPHON_FUNDS FAIL_MUST_ESCAPE / KILLED
tally 1  SIPHON_FUNDS FAIL_UNDETECTED / NO_RESULT
tally 10  SIPHON_FUNDS KILLED / NO_RESULT
tally 1  SIPHON_FUNDS SUCCESS_MUST_ESCAPE / CAPTURED
tally 2  SIPHON_FUNDS SUCCESS_UNDETECTED / NO_RESULT
turn 188 spies active 1 idle 0 missions 28 captured-enemy 0
spy 9961533 LOC_CITIZEN_MAYA_MODERN_FEMALE_4 level 1 at 54:10 busy:UNITOPERATION_SPY_SIPHON_FUNDS
defender 7471106 at 54:11 level 3 op -1
turn 188 spies 1 started 0 travelled 0 promoted 0 bought 2 gold 50000
    unblock: unblock: blocker ENDTURN_BLOCKING_PRODUCTION -> NARANJO builds UNIT_WARRIOR
    unblock: unblock: blocker ENDTURN_BLOCKING_FILL_CIVIC_SLOT -> nothing
    grabbed p1: def: spy 7471106 at 54:11 level 3 xp 90 promos PROMOTION_SPY_TECHNOLOGIST,PROMOTION_SPY_DEMOLITIONS op -1 targets 54:11,53:13,53:9,54:10,54:12,56:11,55:11,54:8
    repost: def: post at 54:10 plotcan true requested plot
    after: def: spy 7471106 at 54:10 level 3 xp 90 promos PROMOTION_SPY_TECHNOLOGIST,PROMOTION_SPY_DEMOLITIONS op UNITOPERATION_SPY_COUNTERSPY targets 
mission CityName=LOC_CITY_NAME_OTTAWA CompletionTurn=188 EscapeResult=-1 InitialResult=0 LevelAfter=1 LootInfo=0 Name=LOC_CITIZEN_MAYA_MALE_5 Operation=46 PlotIndex=894
mission CityName=LOC_CITY_NAME_OTTAWA CompletionTurn=187 EscapeResult=-1 InitialResult=1 LevelAfter=1 LootInfo=0 Name=LOC_CITIZEN_MAYA_FEMALE_7 Operation=46 PlotIndex=894
mission CityName=LOC_CITY_NAME_OTTAWA CompletionTurn=186 EscapeResult=-1 InitialResult=0 LevelAfter=1 LootInfo=0 Name=LOC_CITIZEN_MAYA_MALE_6 Operation=46 PlotIndex=894
mission CityName=LOC_CITY_NAME_OTTAWA CompletionTurn=184 EscapeResult=2 InitialResult=2 LevelAfter=1 LootInfo=0 Name=LOC_CITIZEN_MAYA_MALE_4 Operation=46 PlotIndex=894
mission CityName=LOC_CITY_NAME_OTTAWA CompletionTurn=184 EscapeResult=-1 InitialResult=0 LevelAfter=1 LootInfo=0 Name=LOC_CITIZEN_MAYA_MODERN_FEMALE_5 Operation=46 PlotIndex=894
mission CityName=LOC_CITY_NAME_OTTAWA CompletionTurn=182 EscapeResult=-1 InitialResult=1 LevelAfter=2 LootInfo=0 Name=LOC_CITIZEN_MAYA_MODERN_FEMALE_6 Operation=46 PlotIndex=894
mission CityName=LOC_CITY_NAME_OTTAWA CompletionTurn=181 EscapeResult=-1 InitialResult=0 LevelAfter=1 LootInfo=0 Name=LOC_CITIZEN_MAYA_MODERN_FEMALE_3 Operation=46 PlotIndex=894
mission CityName=LOC_CITY_NAME_OTTAWA CompletionTurn=180 EscapeResult=-1 InitialResult=0 LevelAfter=1 LootInfo=0 Name=LOC_CITIZEN_MAYA_MALE_8 Operation=46 PlotIndex=894
mission CityName=LOC_CITY_NAME_OTTAWA CompletionTurn=179 EscapeResult=-1 InitialResult=1 LevelAfter=1 LootInfo=0 Name=LOC_CITIZEN_MAYA_MODERN_MALE_10 Operation=46 PlotIndex=894
mission CityName=LOC_CITY_NAME_OTTAWA CompletionTurn=178 EscapeResult=0 InitialResult=2 LevelAfter=1 LootInfo=0 Name=LOC_CITIZEN_MAYA_MODERN_FEMALE_7 Operation=46 PlotIndex=894
mission CityName=LOC_CITY_NAME_OTTAWA CompletionTurn=178 EscapeResult=-1 InitialResult=3 LevelAfter=2 LootInfo=0 Name=LOC_CITIZEN_MAYA_MODERN_FEMALE_6 Operation=46 PlotIndex=894
mission CityName=LOC_CITY_NAME_OTTAWA CompletionTurn=177 EscapeResult=-1 InitialResult=0 LevelAfter=1 LootInfo=0 Name=LOC_CITIZEN_MAYA_MODERN_FEMALE_2 Operation=46 PlotIndex=894
mission CityName=LOC_CITY_NAME_OTTAWA CompletionTurn=176 EscapeResult=-1 InitialResult=0 LevelAfter=2 LootInfo=0 Name=LOC_CITIZEN_MAYA_MODERN_MALE_4 Operation=46 PlotIndex=894
mission CityName=LOC_CITY_NAME_OTTAWA CompletionTurn=175 EscapeResult=1 InitialResult=4 LevelAfter=1 LootInfo=388 Name=LOC_CITIZEN_MAYA_MODERN_MALE_9 Operation=46 PlotIndex=894
mission CityName=LOC_CITY_NAME_OTTAWA CompletionTurn=175 EscapeResult=-1 InitialResult=1 LevelAfter=1 LootInfo=0 Name=LOC_CITIZEN_MAYA_MODERN_MALE_6 Operation=46 PlotIndex=894
mission CityName=LOC_CITY_NAME_OTTAWA CompletionTurn=173 EscapeResult=0 InitialResult=2 LevelAfter=1 LootInfo=0 Name=LOC_CITIZEN_MAYA_MODERN_FEMALE_1 Operation=46 PlotIndex=894
mission CityName=LOC_CITY_NAME_OTTAWA CompletionTurn=173 EscapeResult=-1 InitialResult=5 LevelAfter=2 LootInfo=368 Name=LOC_CITIZEN_MAYA_MODERN_FEMALE_6 Operation=46 PlotIndex=894
mission CityName=LOC_CITY_NAME_OTTAWA CompletionTurn=173 EscapeResult=-1 InitialResult=0 LevelAfter=1 LootInfo=0 Name=LOC_CITIZEN_MAYA_MALE_1 Operation=46 PlotIndex=894
mission CityName=LOC_CITY_NAME_OTTAWA CompletionTurn=171 EscapeResult=-1 InitialResult=5 LevelAfter=2 LootInfo=368 Name=LOC_CITIZEN_MAYA_MODERN_MALE_4 Operation=46 PlotIndex=894
mission CityName=LOC_CITY_NAME_OTTAWA CompletionTurn=171 EscapeResult=-1 InitialResult=0 LevelAfter=1 LootInfo=0 Name=LOC_CITIZEN_MAYA_MALE_3 Operation=46 PlotIndex=894
mission CityName=LOC_CITY_NAME_OTTAWA CompletionTurn=169 EscapeResult=2 InitialResult=2 LevelAfter=1 LootInfo=0 Name=LOC_CITIZEN_MAYA_MODERN_MALE_10 Operation=46 PlotIndex=894
mission CityName=LOC_CITY_NAME_OTTAWA CompletionTurn=169 EscapeResult=1 InitialResult=2 LevelAfter=1 LootInfo=0 Name=LOC_CITIZEN_MAYA_FEMALE_1 Operation=46 PlotIndex=894
mission CityName=LOC_CITY_NAME_OTTAWA CompletionTurn=167 EscapeResult=2 InitialResult=2 LevelAfter=1 LootInfo=0 Name=LOC_CITIZEN_MAYA_MODERN_FEMALE_2 Operation=46 PlotIndex=894
mission CityName=LOC_CITY_NAME_OTTAWA CompletionTurn=167 EscapeResult=-1 InitialResult=1 LevelAfter=1 LootInfo=0 Name=LOC_CITIZEN_MAYA_MODERN_FEMALE_8 Operation=46 PlotIndex=894
mission CityName=LOC_CITY_NAME_OTTAWA CompletionTurn=165 EscapeResult=0 InitialResult=2 LevelAfter=1 LootInfo=0 Name=LOC_CITIZEN_MAYA_MODERN_MALE_1 Operation=46 PlotIndex=894
mission CityName=LOC_CITY_NAME_OTTAWA CompletionTurn=165 EscapeResult=-1 InitialResult=0 LevelAfter=1 LootInfo=0 Name=LOC_CITIZEN_MAYA_MODERN_FEMALE_9 Operation=46 PlotIndex=894
mission CityName=LOC_CITY_NAME_OTTAWA CompletionTurn=163 EscapeResult=2 InitialResult=2 LevelAfter=1 LootInfo=0 Name=LOC_CITIZEN_MAYA_MODERN_FEMALE_1 Operation=46 PlotIndex=894
mission CityName=LOC_CITY_NAME_OTTAWA CompletionTurn=163 EscapeResult=-1 InitialResult=1 LevelAfter=1 LootInfo=0 Name=LOC_CITIZEN_MAYA_MODERN_FEMALE_4 Operation=46 PlotIndex=894
tally 6  SIPHON_FUNDS CAPTURED / NO_RESULT
tally 1  SIPHON_FUNDS FAIL_MUST_ESCAPE / CAPTURED
tally 4  SIPHON_FUNDS FAIL_MUST_ESCAPE / FAIL_MUST_ESCAPE
tally 3  SIPHON_FUNDS FAIL_MUST_ESCAPE / KILLED
tally 1  SIPHON_FUNDS FAIL_UNDETECTED / NO_RESULT
tally 10  SIPHON_FUNDS KILLED / NO_RESULT
tally 1  SIPHON_FUNDS SUCCESS_MUST_ESCAPE / CAPTURED
tally 2  SIPHON_FUNDS SUCCESS_UNDETECTED / NO_RESULT
turn 189 spies active 1 idle 3 missions 28 captured-enemy 0
spy 10289208 LOC_CITIZEN_MAYA_MALE_3 level 1 at 54:11 start
spy 10158137 LOC_CITIZEN_MAYA_FEMALE_9 level 1 at 36:42 travel
spy 10223674 LOC_CITIZEN_MAYA_MALE_4 level 1 at 54:11 start
spy 9961533 LOC_CITIZEN_MAYA_MODERN_FEMALE_4 level 1 at 54:10 busy:UNITOPERATION_SPY_SIPHON_FUNDS
defender 7471106 at 54:10 level 3 op UNITOPERATION_SPY_COUNTERSPY
turn 189 spies 4 started 2 travelled 1 promoted 0 bought 0 gold 50000
    unblock: unblock: blocker ENDTURN_BLOCKING_PRODUCTION -> CALAKMUL builds UNIT_WARRIOR
    unblock: unblock: blocker ENDTURN_BLOCKING_FILL_CIVIC_SLOT -> nothing
    grabbed p1: def: spy 7471106 at 54:10 level 3 xp 90 promos PROMOTION_SPY_TECHNOLOGIST,PROMOTION_SPY_DEMOLITIONS op UNITOPERATION_SPY_COUNTERSPY targets 
mission CityName=LOC_CITY_NAME_OTTAWA CompletionTurn=188 EscapeResult=-1 InitialResult=0 LevelAfter=1 LootInfo=0 Name=LOC_CITIZEN_MAYA_MALE_5 Operation=46 PlotIndex=894
mission CityName=LOC_CITY_NAME_OTTAWA CompletionTurn=187 EscapeResult=-1 InitialResult=1 LevelAfter=1 LootInfo=0 Name=LOC_CITIZEN_MAYA_FEMALE_7 Operation=46 PlotIndex=894
mission CityName=LOC_CITY_NAME_OTTAWA CompletionTurn=186 EscapeResult=-1 InitialResult=0 LevelAfter=1 LootInfo=0 Name=LOC_CITIZEN_MAYA_MALE_6 Operation=46 PlotIndex=894
mission CityName=LOC_CITY_NAME_OTTAWA CompletionTurn=184 EscapeResult=2 InitialResult=2 LevelAfter=1 LootInfo=0 Name=LOC_CITIZEN_MAYA_MALE_4 Operation=46 PlotIndex=894
mission CityName=LOC_CITY_NAME_OTTAWA CompletionTurn=184 EscapeResult=-1 InitialResult=0 LevelAfter=1 LootInfo=0 Name=LOC_CITIZEN_MAYA_MODERN_FEMALE_5 Operation=46 PlotIndex=894
mission CityName=LOC_CITY_NAME_OTTAWA CompletionTurn=182 EscapeResult=-1 InitialResult=1 LevelAfter=2 LootInfo=0 Name=LOC_CITIZEN_MAYA_MODERN_FEMALE_6 Operation=46 PlotIndex=894
mission CityName=LOC_CITY_NAME_OTTAWA CompletionTurn=181 EscapeResult=-1 InitialResult=0 LevelAfter=1 LootInfo=0 Name=LOC_CITIZEN_MAYA_MODERN_FEMALE_3 Operation=46 PlotIndex=894
mission CityName=LOC_CITY_NAME_OTTAWA CompletionTurn=180 EscapeResult=-1 InitialResult=0 LevelAfter=1 LootInfo=0 Name=LOC_CITIZEN_MAYA_MALE_8 Operation=46 PlotIndex=894
mission CityName=LOC_CITY_NAME_OTTAWA CompletionTurn=179 EscapeResult=-1 InitialResult=1 LevelAfter=1 LootInfo=0 Name=LOC_CITIZEN_MAYA_MODERN_MALE_10 Operation=46 PlotIndex=894
mission CityName=LOC_CITY_NAME_OTTAWA CompletionTurn=178 EscapeResult=0 InitialResult=2 LevelAfter=1 LootInfo=0 Name=LOC_CITIZEN_MAYA_MODERN_FEMALE_7 Operation=46 PlotIndex=894
mission CityName=LOC_CITY_NAME_OTTAWA CompletionTurn=178 EscapeResult=-1 InitialResult=3 LevelAfter=2 LootInfo=0 Name=LOC_CITIZEN_MAYA_MODERN_FEMALE_6 Operation=46 PlotIndex=894
mission CityName=LOC_CITY_NAME_OTTAWA CompletionTurn=177 EscapeResult=-1 InitialResult=0 LevelAfter=1 LootInfo=0 Name=LOC_CITIZEN_MAYA_MODERN_FEMALE_2 Operation=46 PlotIndex=894
mission CityName=LOC_CITY_NAME_OTTAWA CompletionTurn=176 EscapeResult=-1 InitialResult=0 LevelAfter=2 LootInfo=0 Name=LOC_CITIZEN_MAYA_MODERN_MALE_4 Operation=46 PlotIndex=894
mission CityName=LOC_CITY_NAME_OTTAWA CompletionTurn=175 EscapeResult=1 InitialResult=4 LevelAfter=1 LootInfo=388 Name=LOC_CITIZEN_MAYA_MODERN_MALE_9 Operation=46 PlotIndex=894
mission CityName=LOC_CITY_NAME_OTTAWA CompletionTurn=175 EscapeResult=-1 InitialResult=1 LevelAfter=1 LootInfo=0 Name=LOC_CITIZEN_MAYA_MODERN_MALE_6 Operation=46 PlotIndex=894
mission CityName=LOC_CITY_NAME_OTTAWA CompletionTurn=173 EscapeResult=0 InitialResult=2 LevelAfter=1 LootInfo=0 Name=LOC_CITIZEN_MAYA_MODERN_FEMALE_1 Operation=46 PlotIndex=894
mission CityName=LOC_CITY_NAME_OTTAWA CompletionTurn=173 EscapeResult=-1 InitialResult=5 LevelAfter=2 LootInfo=368 Name=LOC_CITIZEN_MAYA_MODERN_FEMALE_6 Operation=46 PlotIndex=894
mission CityName=LOC_CITY_NAME_OTTAWA CompletionTurn=173 EscapeResult=-1 InitialResult=0 LevelAfter=1 LootInfo=0 Name=LOC_CITIZEN_MAYA_MALE_1 Operation=46 PlotIndex=894
mission CityName=LOC_CITY_NAME_OTTAWA CompletionTurn=171 EscapeResult=-1 InitialResult=5 LevelAfter=2 LootInfo=368 Name=LOC_CITIZEN_MAYA_MODERN_MALE_4 Operation=46 PlotIndex=894
mission CityName=LOC_CITY_NAME_OTTAWA CompletionTurn=171 EscapeResult=-1 InitialResult=0 LevelAfter=1 LootInfo=0 Name=LOC_CITIZEN_MAYA_MALE_3 Operation=46 PlotIndex=894
mission CityName=LOC_CITY_NAME_OTTAWA CompletionTurn=169 EscapeResult=2 InitialResult=2 LevelAfter=1 LootInfo=0 Name=LOC_CITIZEN_MAYA_MODERN_MALE_10 Operation=46 PlotIndex=894
mission CityName=LOC_CITY_NAME_OTTAWA CompletionTurn=169 EscapeResult=1 InitialResult=2 LevelAfter=1 LootInfo=0 Name=LOC_CITIZEN_MAYA_FEMALE_1 Operation=46 PlotIndex=894
mission CityName=LOC_CITY_NAME_OTTAWA CompletionTurn=167 EscapeResult=2 InitialResult=2 LevelAfter=1 LootInfo=0 Name=LOC_CITIZEN_MAYA_MODERN_FEMALE_2 Operation=46 PlotIndex=894
mission CityName=LOC_CITY_NAME_OTTAWA CompletionTurn=167 EscapeResult=-1 InitialResult=1 LevelAfter=1 LootInfo=0 Name=LOC_CITIZEN_MAYA_MODERN_FEMALE_8 Operation=46 PlotIndex=894
mission CityName=LOC_CITY_NAME_OTTAWA CompletionTurn=165 EscapeResult=0 InitialResult=2 LevelAfter=1 LootInfo=0 Name=LOC_CITIZEN_MAYA_MODERN_MALE_1 Operation=46 PlotIndex=894
mission CityName=LOC_CITY_NAME_OTTAWA CompletionTurn=165 EscapeResult=-1 InitialResult=0 LevelAfter=1 LootInfo=0 Name=LOC_CITIZEN_MAYA_MODERN_FEMALE_9 Operation=46 PlotIndex=894
mission CityName=LOC_CITY_NAME_OTTAWA CompletionTurn=163 EscapeResult=2 InitialResult=2 LevelAfter=1 LootInfo=0 Name=LOC_CITIZEN_MAYA_MODERN_FEMALE_1 Operation=46 PlotIndex=894
mission CityName=LOC_CITY_NAME_OTTAWA CompletionTurn=163 EscapeResult=-1 InitialResult=1 LevelAfter=1 LootInfo=0 Name=LOC_CITIZEN_MAYA_MODERN_FEMALE_4 Operation=46 PlotIndex=894
tally 6  SIPHON_FUNDS CAPTURED / NO_RESULT
tally 1  SIPHON_FUNDS FAIL_MUST_ESCAPE / CAPTURED
tally 4  SIPHON_FUNDS FAIL_MUST_ESCAPE / FAIL_MUST_ESCAPE
tally 3  SIPHON_FUNDS FAIL_MUST_ESCAPE / KILLED
tally 1  SIPHON_FUNDS FAIL_UNDETECTED / NO_RESULT
tally 10  SIPHON_FUNDS KILLED / NO_RESULT
tally 1  SIPHON_FUNDS SUCCESS_MUST_ESCAPE / CAPTURED
tally 2  SIPHON_FUNDS SUCCESS_UNDETECTED / NO_RESULT
turn 190 spies active 3 idle 0 missions 28 captured-enemy 0
spy 10289208 LOC_CITIZEN_MAYA_MALE_3 level 1 at 54:10 busy:UNITOPERATION_SPY_SIPHON_FUNDS
spy 10223674 LOC_CITIZEN_MAYA_MALE_4 level 1 at 54:10 busy:UNITOPERATION_SPY_SIPHON_FUNDS
spy 9961533 LOC_CITIZEN_MAYA_MODERN_FEMALE_4 level 1 at 54:10 busy:UNITOPERATION_SPY_SIPHON_FUNDS
defender 7471106 at 54:10 level 3 op UNITOPERATION_SPY_COUNTERSPY
turn 190 spies 3 started 0 travelled 0 promoted 0 bought 0 gold 50000
    unblock: unblock: blocker ENDTURN_BLOCKING_PRODUCTION -> NARANJO builds UNIT_WARRIOR
    unblock: unblock: blocker ENDTURN_BLOCKING_FILL_CIVIC_SLOT -> nothing
    grabbed p1: def: spy 7471106 at 54:10 level 3 xp 90 promos PROMOTION_SPY_TECHNOLOGIST,PROMOTION_SPY_DEMOLITIONS op UNITOPERATION_SPY_COUNTERSPY targets 
mission CityName=LOC_CITY_NAME_OTTAWA CompletionTurn=191 EscapeResult=-1 InitialResult=1 LevelAfter=1 LootInfo=0 Name=LOC_CITIZEN_MAYA_MODERN_FEMALE_4 Operation=46 PlotIndex=894
mission CityName=LOC_CITY_NAME_OTTAWA CompletionTurn=188 EscapeResult=-1 InitialResult=0 LevelAfter=1 LootInfo=0 Name=LOC_CITIZEN_MAYA_MALE_5 Operation=46 PlotIndex=894
mission CityName=LOC_CITY_NAME_OTTAWA CompletionTurn=187 EscapeResult=-1 InitialResult=1 LevelAfter=1 LootInfo=0 Name=LOC_CITIZEN_MAYA_FEMALE_7 Operation=46 PlotIndex=894
mission CityName=LOC_CITY_NAME_OTTAWA CompletionTurn=186 EscapeResult=-1 InitialResult=0 LevelAfter=1 LootInfo=0 Name=LOC_CITIZEN_MAYA_MALE_6 Operation=46 PlotIndex=894
mission CityName=LOC_CITY_NAME_OTTAWA CompletionTurn=184 EscapeResult=2 InitialResult=2 LevelAfter=1 LootInfo=0 Name=LOC_CITIZEN_MAYA_MALE_4 Operation=46 PlotIndex=894
mission CityName=LOC_CITY_NAME_OTTAWA CompletionTurn=184 EscapeResult=-1 InitialResult=0 LevelAfter=1 LootInfo=0 Name=LOC_CITIZEN_MAYA_MODERN_FEMALE_5 Operation=46 PlotIndex=894
mission CityName=LOC_CITY_NAME_OTTAWA CompletionTurn=182 EscapeResult=-1 InitialResult=1 LevelAfter=2 LootInfo=0 Name=LOC_CITIZEN_MAYA_MODERN_FEMALE_6 Operation=46 PlotIndex=894
mission CityName=LOC_CITY_NAME_OTTAWA CompletionTurn=181 EscapeResult=-1 InitialResult=0 LevelAfter=1 LootInfo=0 Name=LOC_CITIZEN_MAYA_MODERN_FEMALE_3 Operation=46 PlotIndex=894
mission CityName=LOC_CITY_NAME_OTTAWA CompletionTurn=180 EscapeResult=-1 InitialResult=0 LevelAfter=1 LootInfo=0 Name=LOC_CITIZEN_MAYA_MALE_8 Operation=46 PlotIndex=894
mission CityName=LOC_CITY_NAME_OTTAWA CompletionTurn=179 EscapeResult=-1 InitialResult=1 LevelAfter=1 LootInfo=0 Name=LOC_CITIZEN_MAYA_MODERN_MALE_10 Operation=46 PlotIndex=894
mission CityName=LOC_CITY_NAME_OTTAWA CompletionTurn=178 EscapeResult=0 InitialResult=2 LevelAfter=1 LootInfo=0 Name=LOC_CITIZEN_MAYA_MODERN_FEMALE_7 Operation=46 PlotIndex=894
mission CityName=LOC_CITY_NAME_OTTAWA CompletionTurn=178 EscapeResult=-1 InitialResult=3 LevelAfter=2 LootInfo=0 Name=LOC_CITIZEN_MAYA_MODERN_FEMALE_6 Operation=46 PlotIndex=894
mission CityName=LOC_CITY_NAME_OTTAWA CompletionTurn=177 EscapeResult=-1 InitialResult=0 LevelAfter=1 LootInfo=0 Name=LOC_CITIZEN_MAYA_MODERN_FEMALE_2 Operation=46 PlotIndex=894
mission CityName=LOC_CITY_NAME_OTTAWA CompletionTurn=176 EscapeResult=-1 InitialResult=0 LevelAfter=2 LootInfo=0 Name=LOC_CITIZEN_MAYA_MODERN_MALE_4 Operation=46 PlotIndex=894
mission CityName=LOC_CITY_NAME_OTTAWA CompletionTurn=175 EscapeResult=1 InitialResult=4 LevelAfter=1 LootInfo=388 Name=LOC_CITIZEN_MAYA_MODERN_MALE_9 Operation=46 PlotIndex=894
mission CityName=LOC_CITY_NAME_OTTAWA CompletionTurn=175 EscapeResult=-1 InitialResult=1 LevelAfter=1 LootInfo=0 Name=LOC_CITIZEN_MAYA_MODERN_MALE_6 Operation=46 PlotIndex=894
mission CityName=LOC_CITY_NAME_OTTAWA CompletionTurn=173 EscapeResult=0 InitialResult=2 LevelAfter=1 LootInfo=0 Name=LOC_CITIZEN_MAYA_MODERN_FEMALE_1 Operation=46 PlotIndex=894
mission CityName=LOC_CITY_NAME_OTTAWA CompletionTurn=173 EscapeResult=-1 InitialResult=5 LevelAfter=2 LootInfo=368 Name=LOC_CITIZEN_MAYA_MODERN_FEMALE_6 Operation=46 PlotIndex=894
mission CityName=LOC_CITY_NAME_OTTAWA CompletionTurn=173 EscapeResult=-1 InitialResult=0 LevelAfter=1 LootInfo=0 Name=LOC_CITIZEN_MAYA_MALE_1 Operation=46 PlotIndex=894
mission CityName=LOC_CITY_NAME_OTTAWA CompletionTurn=171 EscapeResult=-1 InitialResult=5 LevelAfter=2 LootInfo=368 Name=LOC_CITIZEN_MAYA_MODERN_MALE_4 Operation=46 PlotIndex=894
mission CityName=LOC_CITY_NAME_OTTAWA CompletionTurn=171 EscapeResult=-1 InitialResult=0 LevelAfter=1 LootInfo=0 Name=LOC_CITIZEN_MAYA_MALE_3 Operation=46 PlotIndex=894
mission CityName=LOC_CITY_NAME_OTTAWA CompletionTurn=169 EscapeResult=2 InitialResult=2 LevelAfter=1 LootInfo=0 Name=LOC_CITIZEN_MAYA_MODERN_MALE_10 Operation=46 PlotIndex=894
mission CityName=LOC_CITY_NAME_OTTAWA CompletionTurn=169 EscapeResult=1 InitialResult=2 LevelAfter=1 LootInfo=0 Name=LOC_CITIZEN_MAYA_FEMALE_1 Operation=46 PlotIndex=894
mission CityName=LOC_CITY_NAME_OTTAWA CompletionTurn=167 EscapeResult=2 InitialResult=2 LevelAfter=1 LootInfo=0 Name=LOC_CITIZEN_MAYA_MODERN_FEMALE_2 Operation=46 PlotIndex=894
mission CityName=LOC_CITY_NAME_OTTAWA CompletionTurn=167 EscapeResult=-1 InitialResult=1 LevelAfter=1 LootInfo=0 Name=LOC_CITIZEN_MAYA_MODERN_FEMALE_8 Operation=46 PlotIndex=894
mission CityName=LOC_CITY_NAME_OTTAWA CompletionTurn=165 EscapeResult=0 InitialResult=2 LevelAfter=1 LootInfo=0 Name=LOC_CITIZEN_MAYA_MODERN_MALE_1 Operation=46 PlotIndex=894
mission CityName=LOC_CITY_NAME_OTTAWA CompletionTurn=165 EscapeResult=-1 InitialResult=0 LevelAfter=1 LootInfo=0 Name=LOC_CITIZEN_MAYA_MODERN_FEMALE_9 Operation=46 PlotIndex=894
mission CityName=LOC_CITY_NAME_OTTAWA CompletionTurn=163 EscapeResult=2 InitialResult=2 LevelAfter=1 LootInfo=0 Name=LOC_CITIZEN_MAYA_MODERN_FEMALE_1 Operation=46 PlotIndex=894
mission CityName=LOC_CITY_NAME_OTTAWA CompletionTurn=163 EscapeResult=-1 InitialResult=1 LevelAfter=1 LootInfo=0 Name=LOC_CITIZEN_MAYA_MODERN_FEMALE_4 Operation=46 PlotIndex=894
tally 7  SIPHON_FUNDS CAPTURED / NO_RESULT
tally 1  SIPHON_FUNDS FAIL_MUST_ESCAPE / CAPTURED
tally 4  SIPHON_FUNDS FAIL_MUST_ESCAPE / FAIL_MUST_ESCAPE
tally 3  SIPHON_FUNDS FAIL_MUST_ESCAPE / KILLED
tally 1  SIPHON_FUNDS FAIL_UNDETECTED / NO_RESULT
tally 10  SIPHON_FUNDS KILLED / NO_RESULT
tally 1  SIPHON_FUNDS SUCCESS_MUST_ESCAPE / CAPTURED
tally 2  SIPHON_FUNDS SUCCESS_UNDETECTED / NO_RESULT
turn 191 spies active 2 idle 1 missions 29 captured-enemy 0
spy 10485768 LOC_CITIZEN_MAYA_FEMALE_9 level 1 at 54:11 start
spy 10289208 LOC_CITIZEN_MAYA_MALE_3 level 1 at 54:10 busy:UNITOPERATION_SPY_SIPHON_FUNDS
spy 10223674 LOC_CITIZEN_MAYA_MALE_4 level 1 at 54:10 busy:UNITOPERATION_SPY_SIPHON_FUNDS
defender 7471106 at 54:11 level 3 op -1
turn 191 spies 3 started 1 travelled 0 promoted 0 bought 0 gold 50000
    unblock: unblock: blocker ENDTURN_BLOCKING_RESEARCH -> research TECH_STIRRUPS
    unblock: unblock: blocker ENDTURN_BLOCKING_PRODUCTION -> CALAKMUL builds UNIT_WARRIOR
    unblock: unblock: blocker ENDTURN_BLOCKING_FILL_CIVIC_SLOT -> nothing
    popup TechCivicCompletedPopup -> closed
    grabbed p1: def: spy 7471106 at 54:11 level 3 xp 90 promos PROMOTION_SPY_TECHNOLOGIST,PROMOTION_SPY_DEMOLITIONS op -1 targets 54:11,53:13,53:9,54:10,54:12,56:11,55:11,54:8
    repost: def: post at 54:10 plotcan true requested plot
    after: def: spy 7471106 at 54:10 level 3 xp 90 promos PROMOTION_SPY_TECHNOLOGIST,PROMOTION_SPY_DEMOLITIONS op UNITOPERATION_SPY_COUNTERSPY targets 
    cause popup EspionagePopup -> closed
mission CityName=LOC_CITY_NAME_OTTAWA CompletionTurn=191 EscapeResult=-1 InitialResult=1 LevelAfter=1 LootInfo=0 Name=LOC_CITIZEN_MAYA_MODERN_FEMALE_4 Operation=46 PlotIndex=894
mission CityName=LOC_CITY_NAME_OTTAWA CompletionTurn=188 EscapeResult=-1 InitialResult=0 LevelAfter=1 LootInfo=0 Name=LOC_CITIZEN_MAYA_MALE_5 Operation=46 PlotIndex=894
mission CityName=LOC_CITY_NAME_OTTAWA CompletionTurn=187 EscapeResult=-1 InitialResult=1 LevelAfter=1 LootInfo=0 Name=LOC_CITIZEN_MAYA_FEMALE_7 Operation=46 PlotIndex=894
mission CityName=LOC_CITY_NAME_OTTAWA CompletionTurn=186 EscapeResult=-1 InitialResult=0 LevelAfter=1 LootInfo=0 Name=LOC_CITIZEN_MAYA_MALE_6 Operation=46 PlotIndex=894
mission CityName=LOC_CITY_NAME_OTTAWA CompletionTurn=184 EscapeResult=2 InitialResult=2 LevelAfter=1 LootInfo=0 Name=LOC_CITIZEN_MAYA_MALE_4 Operation=46 PlotIndex=894
mission CityName=LOC_CITY_NAME_OTTAWA CompletionTurn=184 EscapeResult=-1 InitialResult=0 LevelAfter=1 LootInfo=0 Name=LOC_CITIZEN_MAYA_MODERN_FEMALE_5 Operation=46 PlotIndex=894
mission CityName=LOC_CITY_NAME_OTTAWA CompletionTurn=182 EscapeResult=-1 InitialResult=1 LevelAfter=2 LootInfo=0 Name=LOC_CITIZEN_MAYA_MODERN_FEMALE_6 Operation=46 PlotIndex=894
mission CityName=LOC_CITY_NAME_OTTAWA CompletionTurn=181 EscapeResult=-1 InitialResult=0 LevelAfter=1 LootInfo=0 Name=LOC_CITIZEN_MAYA_MODERN_FEMALE_3 Operation=46 PlotIndex=894
mission CityName=LOC_CITY_NAME_OTTAWA CompletionTurn=180 EscapeResult=-1 InitialResult=0 LevelAfter=1 LootInfo=0 Name=LOC_CITIZEN_MAYA_MALE_8 Operation=46 PlotIndex=894
mission CityName=LOC_CITY_NAME_OTTAWA CompletionTurn=179 EscapeResult=-1 InitialResult=1 LevelAfter=1 LootInfo=0 Name=LOC_CITIZEN_MAYA_MODERN_MALE_10 Operation=46 PlotIndex=894
mission CityName=LOC_CITY_NAME_OTTAWA CompletionTurn=178 EscapeResult=0 InitialResult=2 LevelAfter=1 LootInfo=0 Name=LOC_CITIZEN_MAYA_MODERN_FEMALE_7 Operation=46 PlotIndex=894
mission CityName=LOC_CITY_NAME_OTTAWA CompletionTurn=178 EscapeResult=-1 InitialResult=3 LevelAfter=2 LootInfo=0 Name=LOC_CITIZEN_MAYA_MODERN_FEMALE_6 Operation=46 PlotIndex=894
mission CityName=LOC_CITY_NAME_OTTAWA CompletionTurn=177 EscapeResult=-1 InitialResult=0 LevelAfter=1 LootInfo=0 Name=LOC_CITIZEN_MAYA_MODERN_FEMALE_2 Operation=46 PlotIndex=894
mission CityName=LOC_CITY_NAME_OTTAWA CompletionTurn=176 EscapeResult=-1 InitialResult=0 LevelAfter=2 LootInfo=0 Name=LOC_CITIZEN_MAYA_MODERN_MALE_4 Operation=46 PlotIndex=894
mission CityName=LOC_CITY_NAME_OTTAWA CompletionTurn=175 EscapeResult=1 InitialResult=4 LevelAfter=1 LootInfo=388 Name=LOC_CITIZEN_MAYA_MODERN_MALE_9 Operation=46 PlotIndex=894
mission CityName=LOC_CITY_NAME_OTTAWA CompletionTurn=175 EscapeResult=-1 InitialResult=1 LevelAfter=1 LootInfo=0 Name=LOC_CITIZEN_MAYA_MODERN_MALE_6 Operation=46 PlotIndex=894
mission CityName=LOC_CITY_NAME_OTTAWA CompletionTurn=173 EscapeResult=0 InitialResult=2 LevelAfter=1 LootInfo=0 Name=LOC_CITIZEN_MAYA_MODERN_FEMALE_1 Operation=46 PlotIndex=894
mission CityName=LOC_CITY_NAME_OTTAWA CompletionTurn=173 EscapeResult=-1 InitialResult=5 LevelAfter=2 LootInfo=368 Name=LOC_CITIZEN_MAYA_MODERN_FEMALE_6 Operation=46 PlotIndex=894
mission CityName=LOC_CITY_NAME_OTTAWA CompletionTurn=173 EscapeResult=-1 InitialResult=0 LevelAfter=1 LootInfo=0 Name=LOC_CITIZEN_MAYA_MALE_1 Operation=46 PlotIndex=894
mission CityName=LOC_CITY_NAME_OTTAWA CompletionTurn=171 EscapeResult=-1 InitialResult=5 LevelAfter=2 LootInfo=368 Name=LOC_CITIZEN_MAYA_MODERN_MALE_4 Operation=46 PlotIndex=894
mission CityName=LOC_CITY_NAME_OTTAWA CompletionTurn=171 EscapeResult=-1 InitialResult=0 LevelAfter=1 LootInfo=0 Name=LOC_CITIZEN_MAYA_MALE_3 Operation=46 PlotIndex=894
mission CityName=LOC_CITY_NAME_OTTAWA CompletionTurn=169 EscapeResult=2 InitialResult=2 LevelAfter=1 LootInfo=0 Name=LOC_CITIZEN_MAYA_MODERN_MALE_10 Operation=46 PlotIndex=894
mission CityName=LOC_CITY_NAME_OTTAWA CompletionTurn=169 EscapeResult=1 InitialResult=2 LevelAfter=1 LootInfo=0 Name=LOC_CITIZEN_MAYA_FEMALE_1 Operation=46 PlotIndex=894
mission CityName=LOC_CITY_NAME_OTTAWA CompletionTurn=167 EscapeResult=2 InitialResult=2 LevelAfter=1 LootInfo=0 Name=LOC_CITIZEN_MAYA_MODERN_FEMALE_2 Operation=46 PlotIndex=894
mission CityName=LOC_CITY_NAME_OTTAWA CompletionTurn=167 EscapeResult=-1 InitialResult=1 LevelAfter=1 LootInfo=0 Name=LOC_CITIZEN_MAYA_MODERN_FEMALE_8 Operation=46 PlotIndex=894
mission CityName=LOC_CITY_NAME_OTTAWA CompletionTurn=165 EscapeResult=0 InitialResult=2 LevelAfter=1 LootInfo=0 Name=LOC_CITIZEN_MAYA_MODERN_MALE_1 Operation=46 PlotIndex=894
mission CityName=LOC_CITY_NAME_OTTAWA CompletionTurn=165 EscapeResult=-1 InitialResult=0 LevelAfter=1 LootInfo=0 Name=LOC_CITIZEN_MAYA_MODERN_FEMALE_9 Operation=46 PlotIndex=894
mission CityName=LOC_CITY_NAME_OTTAWA CompletionTurn=163 EscapeResult=2 InitialResult=2 LevelAfter=1 LootInfo=0 Name=LOC_CITIZEN_MAYA_MODERN_FEMALE_1 Operation=46 PlotIndex=894
mission CityName=LOC_CITY_NAME_OTTAWA CompletionTurn=163 EscapeResult=-1 InitialResult=1 LevelAfter=1 LootInfo=0 Name=LOC_CITIZEN_MAYA_MODERN_FEMALE_4 Operation=46 PlotIndex=894
tally 7  SIPHON_FUNDS CAPTURED / NO_RESULT
tally 1  SIPHON_FUNDS FAIL_MUST_ESCAPE / CAPTURED
tally 4  SIPHON_FUNDS FAIL_MUST_ESCAPE / FAIL_MUST_ESCAPE
tally 3  SIPHON_FUNDS FAIL_MUST_ESCAPE / KILLED
tally 1  SIPHON_FUNDS FAIL_UNDETECTED / NO_RESULT
tally 10  SIPHON_FUNDS KILLED / NO_RESULT
tally 1  SIPHON_FUNDS SUCCESS_MUST_ESCAPE / CAPTURED
tally 2  SIPHON_FUNDS SUCCESS_UNDETECTED / NO_RESULT
turn 192 spies active 3 idle 0 missions 29 captured-enemy 0
spy 10485768 LOC_CITIZEN_MAYA_FEMALE_9 level 1 at 54:10 busy:UNITOPERATION_SPY_SIPHON_FUNDS
spy 10289208 LOC_CITIZEN_MAYA_MALE_3 level 1 at 54:10 busy:UNITOPERATION_SPY_SIPHON_FUNDS
spy 10223674 LOC_CITIZEN_MAYA_MALE_4 level 1 at 54:10 busy:UNITOPERATION_SPY_SIPHON_FUNDS
defender 7471106 at 54:10 level 3 op UNITOPERATION_SPY_COUNTERSPY
turn 192 spies 3 started 0 travelled 0 promoted 0 bought 0 gold 50000
    unblock: unblock: blocker ENDTURN_BLOCKING_FILL_CIVIC_SLOT -> nothing
    grabbed p1: def: spy 7471106 at 54:10 level 3 xp 90 promos PROMOTION_SPY_TECHNOLOGIST,PROMOTION_SPY_DEMOLITIONS op UNITOPERATION_SPY_COUNTERSPY targets 
    cause popup TechCivicCompletedPopup -> hidden
    cause popup EspionagePopup -> closed
mission CityName=LOC_CITY_NAME_OTTAWA CompletionTurn=193 EscapeResult=-1 InitialResult=0 LevelAfter=1 LootInfo=0 Name=LOC_CITIZEN_MAYA_MALE_4 Operation=46 PlotIndex=894
mission CityName=LOC_CITY_NAME_OTTAWA CompletionTurn=193 EscapeResult=-1 InitialResult=1 LevelAfter=1 LootInfo=0 Name=LOC_CITIZEN_MAYA_MALE_3 Operation=46 PlotIndex=894
mission CityName=LOC_CITY_NAME_OTTAWA CompletionTurn=191 EscapeResult=-1 InitialResult=1 LevelAfter=1 LootInfo=0 Name=LOC_CITIZEN_MAYA_MODERN_FEMALE_4 Operation=46 PlotIndex=894
mission CityName=LOC_CITY_NAME_OTTAWA CompletionTurn=188 EscapeResult=-1 InitialResult=0 LevelAfter=1 LootInfo=0 Name=LOC_CITIZEN_MAYA_MALE_5 Operation=46 PlotIndex=894
mission CityName=LOC_CITY_NAME_OTTAWA CompletionTurn=187 EscapeResult=-1 InitialResult=1 LevelAfter=1 LootInfo=0 Name=LOC_CITIZEN_MAYA_FEMALE_7 Operation=46 PlotIndex=894
mission CityName=LOC_CITY_NAME_OTTAWA CompletionTurn=186 EscapeResult=-1 InitialResult=0 LevelAfter=1 LootInfo=0 Name=LOC_CITIZEN_MAYA_MALE_6 Operation=46 PlotIndex=894
mission CityName=LOC_CITY_NAME_OTTAWA CompletionTurn=184 EscapeResult=2 InitialResult=2 LevelAfter=1 LootInfo=0 Name=LOC_CITIZEN_MAYA_MALE_4 Operation=46 PlotIndex=894
mission CityName=LOC_CITY_NAME_OTTAWA CompletionTurn=184 EscapeResult=-1 InitialResult=0 LevelAfter=1 LootInfo=0 Name=LOC_CITIZEN_MAYA_MODERN_FEMALE_5 Operation=46 PlotIndex=894
mission CityName=LOC_CITY_NAME_OTTAWA CompletionTurn=182 EscapeResult=-1 InitialResult=1 LevelAfter=2 LootInfo=0 Name=LOC_CITIZEN_MAYA_MODERN_FEMALE_6 Operation=46 PlotIndex=894
mission CityName=LOC_CITY_NAME_OTTAWA CompletionTurn=181 EscapeResult=-1 InitialResult=0 LevelAfter=1 LootInfo=0 Name=LOC_CITIZEN_MAYA_MODERN_FEMALE_3 Operation=46 PlotIndex=894
mission CityName=LOC_CITY_NAME_OTTAWA CompletionTurn=180 EscapeResult=-1 InitialResult=0 LevelAfter=1 LootInfo=0 Name=LOC_CITIZEN_MAYA_MALE_8 Operation=46 PlotIndex=894
mission CityName=LOC_CITY_NAME_OTTAWA CompletionTurn=179 EscapeResult=-1 InitialResult=1 LevelAfter=1 LootInfo=0 Name=LOC_CITIZEN_MAYA_MODERN_MALE_10 Operation=46 PlotIndex=894
mission CityName=LOC_CITY_NAME_OTTAWA CompletionTurn=178 EscapeResult=0 InitialResult=2 LevelAfter=1 LootInfo=0 Name=LOC_CITIZEN_MAYA_MODERN_FEMALE_7 Operation=46 PlotIndex=894
mission CityName=LOC_CITY_NAME_OTTAWA CompletionTurn=178 EscapeResult=-1 InitialResult=3 LevelAfter=2 LootInfo=0 Name=LOC_CITIZEN_MAYA_MODERN_FEMALE_6 Operation=46 PlotIndex=894
mission CityName=LOC_CITY_NAME_OTTAWA CompletionTurn=177 EscapeResult=-1 InitialResult=0 LevelAfter=1 LootInfo=0 Name=LOC_CITIZEN_MAYA_MODERN_FEMALE_2 Operation=46 PlotIndex=894
mission CityName=LOC_CITY_NAME_OTTAWA CompletionTurn=176 EscapeResult=-1 InitialResult=0 LevelAfter=2 LootInfo=0 Name=LOC_CITIZEN_MAYA_MODERN_MALE_4 Operation=46 PlotIndex=894
mission CityName=LOC_CITY_NAME_OTTAWA CompletionTurn=175 EscapeResult=1 InitialResult=4 LevelAfter=1 LootInfo=388 Name=LOC_CITIZEN_MAYA_MODERN_MALE_9 Operation=46 PlotIndex=894
mission CityName=LOC_CITY_NAME_OTTAWA CompletionTurn=175 EscapeResult=-1 InitialResult=1 LevelAfter=1 LootInfo=0 Name=LOC_CITIZEN_MAYA_MODERN_MALE_6 Operation=46 PlotIndex=894
mission CityName=LOC_CITY_NAME_OTTAWA CompletionTurn=173 EscapeResult=0 InitialResult=2 LevelAfter=1 LootInfo=0 Name=LOC_CITIZEN_MAYA_MODERN_FEMALE_1 Operation=46 PlotIndex=894
mission CityName=LOC_CITY_NAME_OTTAWA CompletionTurn=173 EscapeResult=-1 InitialResult=5 LevelAfter=2 LootInfo=368 Name=LOC_CITIZEN_MAYA_MODERN_FEMALE_6 Operation=46 PlotIndex=894
mission CityName=LOC_CITY_NAME_OTTAWA CompletionTurn=173 EscapeResult=-1 InitialResult=0 LevelAfter=1 LootInfo=0 Name=LOC_CITIZEN_MAYA_MALE_1 Operation=46 PlotIndex=894
mission CityName=LOC_CITY_NAME_OTTAWA CompletionTurn=171 EscapeResult=-1 InitialResult=5 LevelAfter=2 LootInfo=368 Name=LOC_CITIZEN_MAYA_MODERN_MALE_4 Operation=46 PlotIndex=894
mission CityName=LOC_CITY_NAME_OTTAWA CompletionTurn=171 EscapeResult=-1 InitialResult=0 LevelAfter=1 LootInfo=0 Name=LOC_CITIZEN_MAYA_MALE_3 Operation=46 PlotIndex=894
mission CityName=LOC_CITY_NAME_OTTAWA CompletionTurn=169 EscapeResult=2 InitialResult=2 LevelAfter=1 LootInfo=0 Name=LOC_CITIZEN_MAYA_MODERN_MALE_10 Operation=46 PlotIndex=894
mission CityName=LOC_CITY_NAME_OTTAWA CompletionTurn=169 EscapeResult=1 InitialResult=2 LevelAfter=1 LootInfo=0 Name=LOC_CITIZEN_MAYA_FEMALE_1 Operation=46 PlotIndex=894
mission CityName=LOC_CITY_NAME_OTTAWA CompletionTurn=167 EscapeResult=2 InitialResult=2 LevelAfter=1 LootInfo=0 Name=LOC_CITIZEN_MAYA_MODERN_FEMALE_2 Operation=46 PlotIndex=894
mission CityName=LOC_CITY_NAME_OTTAWA CompletionTurn=167 EscapeResult=-1 InitialResult=1 LevelAfter=1 LootInfo=0 Name=LOC_CITIZEN_MAYA_MODERN_FEMALE_8 Operation=46 PlotIndex=894
mission CityName=LOC_CITY_NAME_OTTAWA CompletionTurn=165 EscapeResult=0 InitialResult=2 LevelAfter=1 LootInfo=0 Name=LOC_CITIZEN_MAYA_MODERN_MALE_1 Operation=46 PlotIndex=894
mission CityName=LOC_CITY_NAME_OTTAWA CompletionTurn=165 EscapeResult=-1 InitialResult=0 LevelAfter=1 LootInfo=0 Name=LOC_CITIZEN_MAYA_MODERN_FEMALE_9 Operation=46 PlotIndex=894
mission CityName=LOC_CITY_NAME_OTTAWA CompletionTurn=163 EscapeResult=2 InitialResult=2 LevelAfter=1 LootInfo=0 Name=LOC_CITIZEN_MAYA_MODERN_FEMALE_1 Operation=46 PlotIndex=894
mission CityName=LOC_CITY_NAME_OTTAWA CompletionTurn=163 EscapeResult=-1 InitialResult=1 LevelAfter=1 LootInfo=0 Name=LOC_CITIZEN_MAYA_MODERN_FEMALE_4 Operation=46 PlotIndex=894
tally 8  SIPHON_FUNDS CAPTURED / NO_RESULT
tally 1  SIPHON_FUNDS FAIL_MUST_ESCAPE / CAPTURED
tally 4  SIPHON_FUNDS FAIL_MUST_ESCAPE / FAIL_MUST_ESCAPE
tally 3  SIPHON_FUNDS FAIL_MUST_ESCAPE / KILLED
tally 1  SIPHON_FUNDS FAIL_UNDETECTED / NO_RESULT
tally 11  SIPHON_FUNDS KILLED / NO_RESULT
tally 1  SIPHON_FUNDS SUCCESS_MUST_ESCAPE / CAPTURED
tally 2  SIPHON_FUNDS SUCCESS_UNDETECTED / NO_RESULT
turn 193 spies active 1 idle 0 missions 31 captured-enemy 0
spy 10485768 LOC_CITIZEN_MAYA_FEMALE_9 level 1 at 54:10 busy:UNITOPERATION_SPY_SIPHON_FUNDS
defender 7471106 at 54:11 level 3 op -1
turn 193 spies 1 started 0 travelled 0 promoted 0 bought 2 gold 50000
    unblock: unblock: blocker ENDTURN_BLOCKING_PRODUCTION -> CALAKMUL builds UNIT_WARRIOR
    unblock: unblock: blocker ENDTURN_BLOCKING_FILL_CIVIC_SLOT -> nothing
    popup EspionagePopup -> closed
    grabbed p1: def: spy 7471106 at 54:11 level 3 xp 90 promos PROMOTION_SPY_TECHNOLOGIST,PROMOTION_SPY_DEMOLITIONS op -1 targets 54:11,53:13,53:9,54:10,54:12,56:11,55:11,54:8
    repost: def: post at 54:10 plotcan true requested plot
    after: def: spy 7471106 at 54:10 level 3 xp 90 promos PROMOTION_SPY_TECHNOLOGIST,PROMOTION_SPY_DEMOLITIONS op UNITOPERATION_SPY_COUNTERSPY targets 
    cause popup TechCivicCompletedPopup -> closed
mission CityName=LOC_CITY_NAME_OTTAWA CompletionTurn=193 EscapeResult=-1 InitialResult=0 LevelAfter=1 LootInfo=0 Name=LOC_CITIZEN_MAYA_MALE_4 Operation=46 PlotIndex=894
mission CityName=LOC_CITY_NAME_OTTAWA CompletionTurn=193 EscapeResult=-1 InitialResult=1 LevelAfter=1 LootInfo=0 Name=LOC_CITIZEN_MAYA_MALE_3 Operation=46 PlotIndex=894
mission CityName=LOC_CITY_NAME_OTTAWA CompletionTurn=191 EscapeResult=-1 InitialResult=1 LevelAfter=1 LootInfo=0 Name=LOC_CITIZEN_MAYA_MODERN_FEMALE_4 Operation=46 PlotIndex=894
mission CityName=LOC_CITY_NAME_OTTAWA CompletionTurn=188 EscapeResult=-1 InitialResult=0 LevelAfter=1 LootInfo=0 Name=LOC_CITIZEN_MAYA_MALE_5 Operation=46 PlotIndex=894
mission CityName=LOC_CITY_NAME_OTTAWA CompletionTurn=187 EscapeResult=-1 InitialResult=1 LevelAfter=1 LootInfo=0 Name=LOC_CITIZEN_MAYA_FEMALE_7 Operation=46 PlotIndex=894
mission CityName=LOC_CITY_NAME_OTTAWA CompletionTurn=186 EscapeResult=-1 InitialResult=0 LevelAfter=1 LootInfo=0 Name=LOC_CITIZEN_MAYA_MALE_6 Operation=46 PlotIndex=894
mission CityName=LOC_CITY_NAME_OTTAWA CompletionTurn=184 EscapeResult=2 InitialResult=2 LevelAfter=1 LootInfo=0 Name=LOC_CITIZEN_MAYA_MALE_4 Operation=46 PlotIndex=894
mission CityName=LOC_CITY_NAME_OTTAWA CompletionTurn=184 EscapeResult=-1 InitialResult=0 LevelAfter=1 LootInfo=0 Name=LOC_CITIZEN_MAYA_MODERN_FEMALE_5 Operation=46 PlotIndex=894
mission CityName=LOC_CITY_NAME_OTTAWA CompletionTurn=182 EscapeResult=-1 InitialResult=1 LevelAfter=2 LootInfo=0 Name=LOC_CITIZEN_MAYA_MODERN_FEMALE_6 Operation=46 PlotIndex=894
mission CityName=LOC_CITY_NAME_OTTAWA CompletionTurn=181 EscapeResult=-1 InitialResult=0 LevelAfter=1 LootInfo=0 Name=LOC_CITIZEN_MAYA_MODERN_FEMALE_3 Operation=46 PlotIndex=894
mission CityName=LOC_CITY_NAME_OTTAWA CompletionTurn=180 EscapeResult=-1 InitialResult=0 LevelAfter=1 LootInfo=0 Name=LOC_CITIZEN_MAYA_MALE_8 Operation=46 PlotIndex=894
mission CityName=LOC_CITY_NAME_OTTAWA CompletionTurn=179 EscapeResult=-1 InitialResult=1 LevelAfter=1 LootInfo=0 Name=LOC_CITIZEN_MAYA_MODERN_MALE_10 Operation=46 PlotIndex=894
mission CityName=LOC_CITY_NAME_OTTAWA CompletionTurn=178 EscapeResult=0 InitialResult=2 LevelAfter=1 LootInfo=0 Name=LOC_CITIZEN_MAYA_MODERN_FEMALE_7 Operation=46 PlotIndex=894
mission CityName=LOC_CITY_NAME_OTTAWA CompletionTurn=178 EscapeResult=-1 InitialResult=3 LevelAfter=2 LootInfo=0 Name=LOC_CITIZEN_MAYA_MODERN_FEMALE_6 Operation=46 PlotIndex=894
mission CityName=LOC_CITY_NAME_OTTAWA CompletionTurn=177 EscapeResult=-1 InitialResult=0 LevelAfter=1 LootInfo=0 Name=LOC_CITIZEN_MAYA_MODERN_FEMALE_2 Operation=46 PlotIndex=894
mission CityName=LOC_CITY_NAME_OTTAWA CompletionTurn=176 EscapeResult=-1 InitialResult=0 LevelAfter=2 LootInfo=0 Name=LOC_CITIZEN_MAYA_MODERN_MALE_4 Operation=46 PlotIndex=894
mission CityName=LOC_CITY_NAME_OTTAWA CompletionTurn=175 EscapeResult=1 InitialResult=4 LevelAfter=1 LootInfo=388 Name=LOC_CITIZEN_MAYA_MODERN_MALE_9 Operation=46 PlotIndex=894
mission CityName=LOC_CITY_NAME_OTTAWA CompletionTurn=175 EscapeResult=-1 InitialResult=1 LevelAfter=1 LootInfo=0 Name=LOC_CITIZEN_MAYA_MODERN_MALE_6 Operation=46 PlotIndex=894
mission CityName=LOC_CITY_NAME_OTTAWA CompletionTurn=173 EscapeResult=0 InitialResult=2 LevelAfter=1 LootInfo=0 Name=LOC_CITIZEN_MAYA_MODERN_FEMALE_1 Operation=46 PlotIndex=894
mission CityName=LOC_CITY_NAME_OTTAWA CompletionTurn=173 EscapeResult=-1 InitialResult=5 LevelAfter=2 LootInfo=368 Name=LOC_CITIZEN_MAYA_MODERN_FEMALE_6 Operation=46 PlotIndex=894
mission CityName=LOC_CITY_NAME_OTTAWA CompletionTurn=173 EscapeResult=-1 InitialResult=0 LevelAfter=1 LootInfo=0 Name=LOC_CITIZEN_MAYA_MALE_1 Operation=46 PlotIndex=894
mission CityName=LOC_CITY_NAME_OTTAWA CompletionTurn=171 EscapeResult=-1 InitialResult=5 LevelAfter=2 LootInfo=368 Name=LOC_CITIZEN_MAYA_MODERN_MALE_4 Operation=46 PlotIndex=894
mission CityName=LOC_CITY_NAME_OTTAWA CompletionTurn=171 EscapeResult=-1 InitialResult=0 LevelAfter=1 LootInfo=0 Name=LOC_CITIZEN_MAYA_MALE_3 Operation=46 PlotIndex=894
mission CityName=LOC_CITY_NAME_OTTAWA CompletionTurn=169 EscapeResult=2 InitialResult=2 LevelAfter=1 LootInfo=0 Name=LOC_CITIZEN_MAYA_MODERN_MALE_10 Operation=46 PlotIndex=894
mission CityName=LOC_CITY_NAME_OTTAWA CompletionTurn=169 EscapeResult=1 InitialResult=2 LevelAfter=1 LootInfo=0 Name=LOC_CITIZEN_MAYA_FEMALE_1 Operation=46 PlotIndex=894
mission CityName=LOC_CITY_NAME_OTTAWA CompletionTurn=167 EscapeResult=2 InitialResult=2 LevelAfter=1 LootInfo=0 Name=LOC_CITIZEN_MAYA_MODERN_FEMALE_2 Operation=46 PlotIndex=894
mission CityName=LOC_CITY_NAME_OTTAWA CompletionTurn=167 EscapeResult=-1 InitialResult=1 LevelAfter=1 LootInfo=0 Name=LOC_CITIZEN_MAYA_MODERN_FEMALE_8 Operation=46 PlotIndex=894
mission CityName=LOC_CITY_NAME_OTTAWA CompletionTurn=165 EscapeResult=0 InitialResult=2 LevelAfter=1 LootInfo=0 Name=LOC_CITIZEN_MAYA_MODERN_MALE_1 Operation=46 PlotIndex=894
mission CityName=LOC_CITY_NAME_OTTAWA CompletionTurn=165 EscapeResult=-1 InitialResult=0 LevelAfter=1 LootInfo=0 Name=LOC_CITIZEN_MAYA_MODERN_FEMALE_9 Operation=46 PlotIndex=894
mission CityName=LOC_CITY_NAME_OTTAWA CompletionTurn=163 EscapeResult=2 InitialResult=2 LevelAfter=1 LootInfo=0 Name=LOC_CITIZEN_MAYA_MODERN_FEMALE_1 Operation=46 PlotIndex=894
mission CityName=LOC_CITY_NAME_OTTAWA CompletionTurn=163 EscapeResult=-1 InitialResult=1 LevelAfter=1 LootInfo=0 Name=LOC_CITIZEN_MAYA_MODERN_FEMALE_4 Operation=46 PlotIndex=894
tally 8  SIPHON_FUNDS CAPTURED / NO_RESULT
tally 1  SIPHON_FUNDS FAIL_MUST_ESCAPE / CAPTURED
tally 4  SIPHON_FUNDS FAIL_MUST_ESCAPE / FAIL_MUST_ESCAPE
tally 3  SIPHON_FUNDS FAIL_MUST_ESCAPE / KILLED
tally 1  SIPHON_FUNDS FAIL_UNDETECTED / NO_RESULT
tally 11  SIPHON_FUNDS KILLED / NO_RESULT
tally 1  SIPHON_FUNDS SUCCESS_MUST_ESCAPE / CAPTURED
tally 2  SIPHON_FUNDS SUCCESS_UNDETECTED / NO_RESULT
turn 194 spies active 1 idle 1 missions 31 captured-enemy 0
spy 10485768 LOC_CITIZEN_MAYA_FEMALE_9 level 1 at 54:10 busy:UNITOPERATION_SPY_SIPHON_FUNDS
spy 10813507 LOC_CITIZEN_MAYA_MODERN_MALE_2 level 1 at 36:42 travel
defender 7471106 at 54:10 level 3 op UNITOPERATION_SPY_COUNTERSPY
turn 194 spies 2 started 0 travelled 1 promoted 0 bought 0 gold 50000
    unblock: unblock: blocker ENDTURN_BLOCKING_FILL_CIVIC_SLOT -> nothing
    grabbed p1: def: spy 7471106 at 54:10 level 3 xp 90 promos PROMOTION_SPY_TECHNOLOGIST,PROMOTION_SPY_DEMOLITIONS op UNITOPERATION_SPY_COUNTERSPY targets 
    cause popup EspionagePopup -> closed
mission CityName=LOC_CITY_NAME_OTTAWA CompletionTurn=195 EscapeResult=-1 InitialResult=0 LevelAfter=1 LootInfo=0 Name=LOC_CITIZEN_MAYA_FEMALE_9 Operation=46 PlotIndex=894
mission CityName=LOC_CITY_NAME_OTTAWA CompletionTurn=193 EscapeResult=-1 InitialResult=0 LevelAfter=1 LootInfo=0 Name=LOC_CITIZEN_MAYA_MALE_4 Operation=46 PlotIndex=894
mission CityName=LOC_CITY_NAME_OTTAWA CompletionTurn=193 EscapeResult=-1 InitialResult=1 LevelAfter=1 LootInfo=0 Name=LOC_CITIZEN_MAYA_MALE_3 Operation=46 PlotIndex=894
mission CityName=LOC_CITY_NAME_OTTAWA CompletionTurn=191 EscapeResult=-1 InitialResult=1 LevelAfter=1 LootInfo=0 Name=LOC_CITIZEN_MAYA_MODERN_FEMALE_4 Operation=46 PlotIndex=894
mission CityName=LOC_CITY_NAME_OTTAWA CompletionTurn=188 EscapeResult=-1 InitialResult=0 LevelAfter=1 LootInfo=0 Name=LOC_CITIZEN_MAYA_MALE_5 Operation=46 PlotIndex=894
mission CityName=LOC_CITY_NAME_OTTAWA CompletionTurn=187 EscapeResult=-1 InitialResult=1 LevelAfter=1 LootInfo=0 Name=LOC_CITIZEN_MAYA_FEMALE_7 Operation=46 PlotIndex=894
mission CityName=LOC_CITY_NAME_OTTAWA CompletionTurn=186 EscapeResult=-1 InitialResult=0 LevelAfter=1 LootInfo=0 Name=LOC_CITIZEN_MAYA_MALE_6 Operation=46 PlotIndex=894
mission CityName=LOC_CITY_NAME_OTTAWA CompletionTurn=184 EscapeResult=2 InitialResult=2 LevelAfter=1 LootInfo=0 Name=LOC_CITIZEN_MAYA_MALE_4 Operation=46 PlotIndex=894
mission CityName=LOC_CITY_NAME_OTTAWA CompletionTurn=184 EscapeResult=-1 InitialResult=0 LevelAfter=1 LootInfo=0 Name=LOC_CITIZEN_MAYA_MODERN_FEMALE_5 Operation=46 PlotIndex=894
mission CityName=LOC_CITY_NAME_OTTAWA CompletionTurn=182 EscapeResult=-1 InitialResult=1 LevelAfter=2 LootInfo=0 Name=LOC_CITIZEN_MAYA_MODERN_FEMALE_6 Operation=46 PlotIndex=894
mission CityName=LOC_CITY_NAME_OTTAWA CompletionTurn=181 EscapeResult=-1 InitialResult=0 LevelAfter=1 LootInfo=0 Name=LOC_CITIZEN_MAYA_MODERN_FEMALE_3 Operation=46 PlotIndex=894
mission CityName=LOC_CITY_NAME_OTTAWA CompletionTurn=180 EscapeResult=-1 InitialResult=0 LevelAfter=1 LootInfo=0 Name=LOC_CITIZEN_MAYA_MALE_8 Operation=46 PlotIndex=894
mission CityName=LOC_CITY_NAME_OTTAWA CompletionTurn=179 EscapeResult=-1 InitialResult=1 LevelAfter=1 LootInfo=0 Name=LOC_CITIZEN_MAYA_MODERN_MALE_10 Operation=46 PlotIndex=894
mission CityName=LOC_CITY_NAME_OTTAWA CompletionTurn=178 EscapeResult=0 InitialResult=2 LevelAfter=1 LootInfo=0 Name=LOC_CITIZEN_MAYA_MODERN_FEMALE_7 Operation=46 PlotIndex=894
mission CityName=LOC_CITY_NAME_OTTAWA CompletionTurn=178 EscapeResult=-1 InitialResult=3 LevelAfter=2 LootInfo=0 Name=LOC_CITIZEN_MAYA_MODERN_FEMALE_6 Operation=46 PlotIndex=894
mission CityName=LOC_CITY_NAME_OTTAWA CompletionTurn=177 EscapeResult=-1 InitialResult=0 LevelAfter=1 LootInfo=0 Name=LOC_CITIZEN_MAYA_MODERN_FEMALE_2 Operation=46 PlotIndex=894
mission CityName=LOC_CITY_NAME_OTTAWA CompletionTurn=176 EscapeResult=-1 InitialResult=0 LevelAfter=2 LootInfo=0 Name=LOC_CITIZEN_MAYA_MODERN_MALE_4 Operation=46 PlotIndex=894
mission CityName=LOC_CITY_NAME_OTTAWA CompletionTurn=175 EscapeResult=1 InitialResult=4 LevelAfter=1 LootInfo=388 Name=LOC_CITIZEN_MAYA_MODERN_MALE_9 Operation=46 PlotIndex=894
mission CityName=LOC_CITY_NAME_OTTAWA CompletionTurn=175 EscapeResult=-1 InitialResult=1 LevelAfter=1 LootInfo=0 Name=LOC_CITIZEN_MAYA_MODERN_MALE_6 Operation=46 PlotIndex=894
mission CityName=LOC_CITY_NAME_OTTAWA CompletionTurn=173 EscapeResult=0 InitialResult=2 LevelAfter=1 LootInfo=0 Name=LOC_CITIZEN_MAYA_MODERN_FEMALE_1 Operation=46 PlotIndex=894
mission CityName=LOC_CITY_NAME_OTTAWA CompletionTurn=173 EscapeResult=-1 InitialResult=5 LevelAfter=2 LootInfo=368 Name=LOC_CITIZEN_MAYA_MODERN_FEMALE_6 Operation=46 PlotIndex=894
mission CityName=LOC_CITY_NAME_OTTAWA CompletionTurn=173 EscapeResult=-1 InitialResult=0 LevelAfter=1 LootInfo=0 Name=LOC_CITIZEN_MAYA_MALE_1 Operation=46 PlotIndex=894
mission CityName=LOC_CITY_NAME_OTTAWA CompletionTurn=171 EscapeResult=-1 InitialResult=5 LevelAfter=2 LootInfo=368 Name=LOC_CITIZEN_MAYA_MODERN_MALE_4 Operation=46 PlotIndex=894
mission CityName=LOC_CITY_NAME_OTTAWA CompletionTurn=171 EscapeResult=-1 InitialResult=0 LevelAfter=1 LootInfo=0 Name=LOC_CITIZEN_MAYA_MALE_3 Operation=46 PlotIndex=894
mission CityName=LOC_CITY_NAME_OTTAWA CompletionTurn=169 EscapeResult=2 InitialResult=2 LevelAfter=1 LootInfo=0 Name=LOC_CITIZEN_MAYA_MODERN_MALE_10 Operation=46 PlotIndex=894
mission CityName=LOC_CITY_NAME_OTTAWA CompletionTurn=169 EscapeResult=1 InitialResult=2 LevelAfter=1 LootInfo=0 Name=LOC_CITIZEN_MAYA_FEMALE_1 Operation=46 PlotIndex=894
mission CityName=LOC_CITY_NAME_OTTAWA CompletionTurn=167 EscapeResult=2 InitialResult=2 LevelAfter=1 LootInfo=0 Name=LOC_CITIZEN_MAYA_MODERN_FEMALE_2 Operation=46 PlotIndex=894
mission CityName=LOC_CITY_NAME_OTTAWA CompletionTurn=167 EscapeResult=-1 InitialResult=1 LevelAfter=1 LootInfo=0 Name=LOC_CITIZEN_MAYA_MODERN_FEMALE_8 Operation=46 PlotIndex=894
mission CityName=LOC_CITY_NAME_OTTAWA CompletionTurn=165 EscapeResult=0 InitialResult=2 LevelAfter=1 LootInfo=0 Name=LOC_CITIZEN_MAYA_MODERN_MALE_1 Operation=46 PlotIndex=894
mission CityName=LOC_CITY_NAME_OTTAWA CompletionTurn=165 EscapeResult=-1 InitialResult=0 LevelAfter=1 LootInfo=0 Name=LOC_CITIZEN_MAYA_MODERN_FEMALE_9 Operation=46 PlotIndex=894
mission CityName=LOC_CITY_NAME_OTTAWA CompletionTurn=163 EscapeResult=2 InitialResult=2 LevelAfter=1 LootInfo=0 Name=LOC_CITIZEN_MAYA_MODERN_FEMALE_1 Operation=46 PlotIndex=894
mission CityName=LOC_CITY_NAME_OTTAWA CompletionTurn=163 EscapeResult=-1 InitialResult=1 LevelAfter=1 LootInfo=0 Name=LOC_CITIZEN_MAYA_MODERN_FEMALE_4 Operation=46 PlotIndex=894
tally 8  SIPHON_FUNDS CAPTURED / NO_RESULT
tally 1  SIPHON_FUNDS FAIL_MUST_ESCAPE / CAPTURED
tally 4  SIPHON_FUNDS FAIL_MUST_ESCAPE / FAIL_MUST_ESCAPE
tally 3  SIPHON_FUNDS FAIL_MUST_ESCAPE / KILLED
tally 1  SIPHON_FUNDS FAIL_UNDETECTED / NO_RESULT
tally 12  SIPHON_FUNDS KILLED / NO_RESULT
tally 1  SIPHON_FUNDS SUCCESS_MUST_ESCAPE / CAPTURED
tally 2  SIPHON_FUNDS SUCCESS_UNDETECTED / NO_RESULT
turn 195 spies active 0 idle 0 missions 32 captured-enemy 0
defender 7471106 at 54:11 level 3 op -1
turn 195 spies 0 started 0 travelled 0 promoted 0 bought 2 gold 50000
    unblock: unblock: blocker ENDTURN_BLOCKING_PRODUCTION -> CALAKMUL builds UNIT_WARRIOR
    unblock: unblock: blocker ENDTURN_BLOCKING_FILL_CIVIC_SLOT -> nothing
    grabbed p1: def: spy 7471106 at 54:11 level 3 xp 90 promos PROMOTION_SPY_TECHNOLOGIST,PROMOTION_SPY_DEMOLITIONS op -1 targets 54:11,53:13,53:9,54:10,54:12,56:11,55:11,54:8
    repost: def: post at 54:10 plotcan true requested plot
    after: def: spy 7471106 at 54:10 level 3 xp 90 promos PROMOTION_SPY_TECHNOLOGIST,PROMOTION_SPY_DEMOLITIONS op UNITOPERATION_SPY_COUNTERSPY targets 
mission CityName=LOC_CITY_NAME_OTTAWA CompletionTurn=195 EscapeResult=-1 InitialResult=0 LevelAfter=1 LootInfo=0 Name=LOC_CITIZEN_MAYA_FEMALE_9 Operation=46 PlotIndex=894
mission CityName=LOC_CITY_NAME_OTTAWA CompletionTurn=193 EscapeResult=-1 InitialResult=0 LevelAfter=1 LootInfo=0 Name=LOC_CITIZEN_MAYA_MALE_4 Operation=46 PlotIndex=894
mission CityName=LOC_CITY_NAME_OTTAWA CompletionTurn=193 EscapeResult=-1 InitialResult=1 LevelAfter=1 LootInfo=0 Name=LOC_CITIZEN_MAYA_MALE_3 Operation=46 PlotIndex=894
mission CityName=LOC_CITY_NAME_OTTAWA CompletionTurn=191 EscapeResult=-1 InitialResult=1 LevelAfter=1 LootInfo=0 Name=LOC_CITIZEN_MAYA_MODERN_FEMALE_4 Operation=46 PlotIndex=894
mission CityName=LOC_CITY_NAME_OTTAWA CompletionTurn=188 EscapeResult=-1 InitialResult=0 LevelAfter=1 LootInfo=0 Name=LOC_CITIZEN_MAYA_MALE_5 Operation=46 PlotIndex=894
mission CityName=LOC_CITY_NAME_OTTAWA CompletionTurn=187 EscapeResult=-1 InitialResult=1 LevelAfter=1 LootInfo=0 Name=LOC_CITIZEN_MAYA_FEMALE_7 Operation=46 PlotIndex=894
mission CityName=LOC_CITY_NAME_OTTAWA CompletionTurn=186 EscapeResult=-1 InitialResult=0 LevelAfter=1 LootInfo=0 Name=LOC_CITIZEN_MAYA_MALE_6 Operation=46 PlotIndex=894
mission CityName=LOC_CITY_NAME_OTTAWA CompletionTurn=184 EscapeResult=2 InitialResult=2 LevelAfter=1 LootInfo=0 Name=LOC_CITIZEN_MAYA_MALE_4 Operation=46 PlotIndex=894
mission CityName=LOC_CITY_NAME_OTTAWA CompletionTurn=184 EscapeResult=-1 InitialResult=0 LevelAfter=1 LootInfo=0 Name=LOC_CITIZEN_MAYA_MODERN_FEMALE_5 Operation=46 PlotIndex=894
mission CityName=LOC_CITY_NAME_OTTAWA CompletionTurn=182 EscapeResult=-1 InitialResult=1 LevelAfter=2 LootInfo=0 Name=LOC_CITIZEN_MAYA_MODERN_FEMALE_6 Operation=46 PlotIndex=894
mission CityName=LOC_CITY_NAME_OTTAWA CompletionTurn=181 EscapeResult=-1 InitialResult=0 LevelAfter=1 LootInfo=0 Name=LOC_CITIZEN_MAYA_MODERN_FEMALE_3 Operation=46 PlotIndex=894
mission CityName=LOC_CITY_NAME_OTTAWA CompletionTurn=180 EscapeResult=-1 InitialResult=0 LevelAfter=1 LootInfo=0 Name=LOC_CITIZEN_MAYA_MALE_8 Operation=46 PlotIndex=894
mission CityName=LOC_CITY_NAME_OTTAWA CompletionTurn=179 EscapeResult=-1 InitialResult=1 LevelAfter=1 LootInfo=0 Name=LOC_CITIZEN_MAYA_MODERN_MALE_10 Operation=46 PlotIndex=894
mission CityName=LOC_CITY_NAME_OTTAWA CompletionTurn=178 EscapeResult=0 InitialResult=2 LevelAfter=1 LootInfo=0 Name=LOC_CITIZEN_MAYA_MODERN_FEMALE_7 Operation=46 PlotIndex=894
mission CityName=LOC_CITY_NAME_OTTAWA CompletionTurn=178 EscapeResult=-1 InitialResult=3 LevelAfter=2 LootInfo=0 Name=LOC_CITIZEN_MAYA_MODERN_FEMALE_6 Operation=46 PlotIndex=894
mission CityName=LOC_CITY_NAME_OTTAWA CompletionTurn=177 EscapeResult=-1 InitialResult=0 LevelAfter=1 LootInfo=0 Name=LOC_CITIZEN_MAYA_MODERN_FEMALE_2 Operation=46 PlotIndex=894
mission CityName=LOC_CITY_NAME_OTTAWA CompletionTurn=176 EscapeResult=-1 InitialResult=0 LevelAfter=2 LootInfo=0 Name=LOC_CITIZEN_MAYA_MODERN_MALE_4 Operation=46 PlotIndex=894
mission CityName=LOC_CITY_NAME_OTTAWA CompletionTurn=175 EscapeResult=1 InitialResult=4 LevelAfter=1 LootInfo=388 Name=LOC_CITIZEN_MAYA_MODERN_MALE_9 Operation=46 PlotIndex=894
mission CityName=LOC_CITY_NAME_OTTAWA CompletionTurn=175 EscapeResult=-1 InitialResult=1 LevelAfter=1 LootInfo=0 Name=LOC_CITIZEN_MAYA_MODERN_MALE_6 Operation=46 PlotIndex=894
mission CityName=LOC_CITY_NAME_OTTAWA CompletionTurn=173 EscapeResult=0 InitialResult=2 LevelAfter=1 LootInfo=0 Name=LOC_CITIZEN_MAYA_MODERN_FEMALE_1 Operation=46 PlotIndex=894
mission CityName=LOC_CITY_NAME_OTTAWA CompletionTurn=173 EscapeResult=-1 InitialResult=5 LevelAfter=2 LootInfo=368 Name=LOC_CITIZEN_MAYA_MODERN_FEMALE_6 Operation=46 PlotIndex=894
mission CityName=LOC_CITY_NAME_OTTAWA CompletionTurn=173 EscapeResult=-1 InitialResult=0 LevelAfter=1 LootInfo=0 Name=LOC_CITIZEN_MAYA_MALE_1 Operation=46 PlotIndex=894
mission CityName=LOC_CITY_NAME_OTTAWA CompletionTurn=171 EscapeResult=-1 InitialResult=5 LevelAfter=2 LootInfo=368 Name=LOC_CITIZEN_MAYA_MODERN_MALE_4 Operation=46 PlotIndex=894
mission CityName=LOC_CITY_NAME_OTTAWA CompletionTurn=171 EscapeResult=-1 InitialResult=0 LevelAfter=1 LootInfo=0 Name=LOC_CITIZEN_MAYA_MALE_3 Operation=46 PlotIndex=894
mission CityName=LOC_CITY_NAME_OTTAWA CompletionTurn=169 EscapeResult=2 InitialResult=2 LevelAfter=1 LootInfo=0 Name=LOC_CITIZEN_MAYA_MODERN_MALE_10 Operation=46 PlotIndex=894
mission CityName=LOC_CITY_NAME_OTTAWA CompletionTurn=169 EscapeResult=1 InitialResult=2 LevelAfter=1 LootInfo=0 Name=LOC_CITIZEN_MAYA_FEMALE_1 Operation=46 PlotIndex=894
mission CityName=LOC_CITY_NAME_OTTAWA CompletionTurn=167 EscapeResult=2 InitialResult=2 LevelAfter=1 LootInfo=0 Name=LOC_CITIZEN_MAYA_MODERN_FEMALE_2 Operation=46 PlotIndex=894
mission CityName=LOC_CITY_NAME_OTTAWA CompletionTurn=167 EscapeResult=-1 InitialResult=1 LevelAfter=1 LootInfo=0 Name=LOC_CITIZEN_MAYA_MODERN_FEMALE_8 Operation=46 PlotIndex=894
mission CityName=LOC_CITY_NAME_OTTAWA CompletionTurn=165 EscapeResult=0 InitialResult=2 LevelAfter=1 LootInfo=0 Name=LOC_CITIZEN_MAYA_MODERN_MALE_1 Operation=46 PlotIndex=894
mission CityName=LOC_CITY_NAME_OTTAWA CompletionTurn=165 EscapeResult=-1 InitialResult=0 LevelAfter=1 LootInfo=0 Name=LOC_CITIZEN_MAYA_MODERN_FEMALE_9 Operation=46 PlotIndex=894
mission CityName=LOC_CITY_NAME_OTTAWA CompletionTurn=163 EscapeResult=2 InitialResult=2 LevelAfter=1 LootInfo=0 Name=LOC_CITIZEN_MAYA_MODERN_FEMALE_1 Operation=46 PlotIndex=894
mission CityName=LOC_CITY_NAME_OTTAWA CompletionTurn=163 EscapeResult=-1 InitialResult=1 LevelAfter=1 LootInfo=0 Name=LOC_CITIZEN_MAYA_MODERN_FEMALE_4 Operation=46 PlotIndex=894
tally 8  SIPHON_FUNDS CAPTURED / NO_RESULT
tally 1  SIPHON_FUNDS FAIL_MUST_ESCAPE / CAPTURED
tally 4  SIPHON_FUNDS FAIL_MUST_ESCAPE / FAIL_MUST_ESCAPE
tally 3  SIPHON_FUNDS FAIL_MUST_ESCAPE / KILLED
tally 1  SIPHON_FUNDS FAIL_UNDETECTED / NO_RESULT
tally 12  SIPHON_FUNDS KILLED / NO_RESULT
tally 1  SIPHON_FUNDS SUCCESS_MUST_ESCAPE / CAPTURED
tally 2  SIPHON_FUNDS SUCCESS_UNDETECTED / NO_RESULT
turn 196 spies active 0 idle 2 missions 32 captured-enemy 0
spy 11075592 LOC_CITIZEN_MAYA_MODERN_MALE_2 level 1 at 54:11 start
spy 11010104 LOC_CITIZEN_MAYA_MODERN_MALE_1 level 1 at 36:42 travel
defender 7471106 at 54:10 level 3 op UNITOPERATION_SPY_COUNTERSPY
turn 196 spies 2 started 1 travelled 1 promoted 0 bought 0 gold 50000
    unblock: unblock: blocker ENDTURN_BLOCKING_CIVIC -> civic CIVIC_HUMANISM
    unblock: unblock: blocker ENDTURN_BLOCKING_PRODUCTION -> NARANJO builds UNIT_WARRIOR
    unblock: unblock: blocker ENDTURN_BLOCKING_FILL_CIVIC_SLOT -> nothing
    popup TechCivicCompletedPopup -> closed
    grabbed p1: def: spy 7471106 at 54:10 level 3 xp 90 promos PROMOTION_SPY_TECHNOLOGIST,PROMOTION_SPY_DEMOLITIONS op UNITOPERATION_SPY_COUNTERSPY targets 
mission CityName=LOC_CITY_NAME_OTTAWA CompletionTurn=195 EscapeResult=-1 InitialResult=0 LevelAfter=1 LootInfo=0 Name=LOC_CITIZEN_MAYA_FEMALE_9 Operation=46 PlotIndex=894
mission CityName=LOC_CITY_NAME_OTTAWA CompletionTurn=193 EscapeResult=-1 InitialResult=0 LevelAfter=1 LootInfo=0 Name=LOC_CITIZEN_MAYA_MALE_4 Operation=46 PlotIndex=894
mission CityName=LOC_CITY_NAME_OTTAWA CompletionTurn=193 EscapeResult=-1 InitialResult=1 LevelAfter=1 LootInfo=0 Name=LOC_CITIZEN_MAYA_MALE_3 Operation=46 PlotIndex=894
mission CityName=LOC_CITY_NAME_OTTAWA CompletionTurn=191 EscapeResult=-1 InitialResult=1 LevelAfter=1 LootInfo=0 Name=LOC_CITIZEN_MAYA_MODERN_FEMALE_4 Operation=46 PlotIndex=894
mission CityName=LOC_CITY_NAME_OTTAWA CompletionTurn=188 EscapeResult=-1 InitialResult=0 LevelAfter=1 LootInfo=0 Name=LOC_CITIZEN_MAYA_MALE_5 Operation=46 PlotIndex=894
mission CityName=LOC_CITY_NAME_OTTAWA CompletionTurn=187 EscapeResult=-1 InitialResult=1 LevelAfter=1 LootInfo=0 Name=LOC_CITIZEN_MAYA_FEMALE_7 Operation=46 PlotIndex=894
mission CityName=LOC_CITY_NAME_OTTAWA CompletionTurn=186 EscapeResult=-1 InitialResult=0 LevelAfter=1 LootInfo=0 Name=LOC_CITIZEN_MAYA_MALE_6 Operation=46 PlotIndex=894
mission CityName=LOC_CITY_NAME_OTTAWA CompletionTurn=184 EscapeResult=2 InitialResult=2 LevelAfter=1 LootInfo=0 Name=LOC_CITIZEN_MAYA_MALE_4 Operation=46 PlotIndex=894
mission CityName=LOC_CITY_NAME_OTTAWA CompletionTurn=184 EscapeResult=-1 InitialResult=0 LevelAfter=1 LootInfo=0 Name=LOC_CITIZEN_MAYA_MODERN_FEMALE_5 Operation=46 PlotIndex=894
mission CityName=LOC_CITY_NAME_OTTAWA CompletionTurn=182 EscapeResult=-1 InitialResult=1 LevelAfter=2 LootInfo=0 Name=LOC_CITIZEN_MAYA_MODERN_FEMALE_6 Operation=46 PlotIndex=894
mission CityName=LOC_CITY_NAME_OTTAWA CompletionTurn=181 EscapeResult=-1 InitialResult=0 LevelAfter=1 LootInfo=0 Name=LOC_CITIZEN_MAYA_MODERN_FEMALE_3 Operation=46 PlotIndex=894
mission CityName=LOC_CITY_NAME_OTTAWA CompletionTurn=180 EscapeResult=-1 InitialResult=0 LevelAfter=1 LootInfo=0 Name=LOC_CITIZEN_MAYA_MALE_8 Operation=46 PlotIndex=894
mission CityName=LOC_CITY_NAME_OTTAWA CompletionTurn=179 EscapeResult=-1 InitialResult=1 LevelAfter=1 LootInfo=0 Name=LOC_CITIZEN_MAYA_MODERN_MALE_10 Operation=46 PlotIndex=894
mission CityName=LOC_CITY_NAME_OTTAWA CompletionTurn=178 EscapeResult=0 InitialResult=2 LevelAfter=1 LootInfo=0 Name=LOC_CITIZEN_MAYA_MODERN_FEMALE_7 Operation=46 PlotIndex=894
mission CityName=LOC_CITY_NAME_OTTAWA CompletionTurn=178 EscapeResult=-1 InitialResult=3 LevelAfter=2 LootInfo=0 Name=LOC_CITIZEN_MAYA_MODERN_FEMALE_6 Operation=46 PlotIndex=894
mission CityName=LOC_CITY_NAME_OTTAWA CompletionTurn=177 EscapeResult=-1 InitialResult=0 LevelAfter=1 LootInfo=0 Name=LOC_CITIZEN_MAYA_MODERN_FEMALE_2 Operation=46 PlotIndex=894
mission CityName=LOC_CITY_NAME_OTTAWA CompletionTurn=176 EscapeResult=-1 InitialResult=0 LevelAfter=2 LootInfo=0 Name=LOC_CITIZEN_MAYA_MODERN_MALE_4 Operation=46 PlotIndex=894
mission CityName=LOC_CITY_NAME_OTTAWA CompletionTurn=175 EscapeResult=1 InitialResult=4 LevelAfter=1 LootInfo=388 Name=LOC_CITIZEN_MAYA_MODERN_MALE_9 Operation=46 PlotIndex=894
mission CityName=LOC_CITY_NAME_OTTAWA CompletionTurn=175 EscapeResult=-1 InitialResult=1 LevelAfter=1 LootInfo=0 Name=LOC_CITIZEN_MAYA_MODERN_MALE_6 Operation=46 PlotIndex=894
mission CityName=LOC_CITY_NAME_OTTAWA CompletionTurn=173 EscapeResult=0 InitialResult=2 LevelAfter=1 LootInfo=0 Name=LOC_CITIZEN_MAYA_MODERN_FEMALE_1 Operation=46 PlotIndex=894
mission CityName=LOC_CITY_NAME_OTTAWA CompletionTurn=173 EscapeResult=-1 InitialResult=5 LevelAfter=2 LootInfo=368 Name=LOC_CITIZEN_MAYA_MODERN_FEMALE_6 Operation=46 PlotIndex=894
mission CityName=LOC_CITY_NAME_OTTAWA CompletionTurn=173 EscapeResult=-1 InitialResult=0 LevelAfter=1 LootInfo=0 Name=LOC_CITIZEN_MAYA_MALE_1 Operation=46 PlotIndex=894
mission CityName=LOC_CITY_NAME_OTTAWA CompletionTurn=171 EscapeResult=-1 InitialResult=5 LevelAfter=2 LootInfo=368 Name=LOC_CITIZEN_MAYA_MODERN_MALE_4 Operation=46 PlotIndex=894
mission CityName=LOC_CITY_NAME_OTTAWA CompletionTurn=171 EscapeResult=-1 InitialResult=0 LevelAfter=1 LootInfo=0 Name=LOC_CITIZEN_MAYA_MALE_3 Operation=46 PlotIndex=894
mission CityName=LOC_CITY_NAME_OTTAWA CompletionTurn=169 EscapeResult=2 InitialResult=2 LevelAfter=1 LootInfo=0 Name=LOC_CITIZEN_MAYA_MODERN_MALE_10 Operation=46 PlotIndex=894
mission CityName=LOC_CITY_NAME_OTTAWA CompletionTurn=169 EscapeResult=1 InitialResult=2 LevelAfter=1 LootInfo=0 Name=LOC_CITIZEN_MAYA_FEMALE_1 Operation=46 PlotIndex=894
mission CityName=LOC_CITY_NAME_OTTAWA CompletionTurn=167 EscapeResult=2 InitialResult=2 LevelAfter=1 LootInfo=0 Name=LOC_CITIZEN_MAYA_MODERN_FEMALE_2 Operation=46 PlotIndex=894
mission CityName=LOC_CITY_NAME_OTTAWA CompletionTurn=167 EscapeResult=-1 InitialResult=1 LevelAfter=1 LootInfo=0 Name=LOC_CITIZEN_MAYA_MODERN_FEMALE_8 Operation=46 PlotIndex=894
mission CityName=LOC_CITY_NAME_OTTAWA CompletionTurn=165 EscapeResult=0 InitialResult=2 LevelAfter=1 LootInfo=0 Name=LOC_CITIZEN_MAYA_MODERN_MALE_1 Operation=46 PlotIndex=894
mission CityName=LOC_CITY_NAME_OTTAWA CompletionTurn=165 EscapeResult=-1 InitialResult=0 LevelAfter=1 LootInfo=0 Name=LOC_CITIZEN_MAYA_MODERN_FEMALE_9 Operation=46 PlotIndex=894
mission CityName=LOC_CITY_NAME_OTTAWA CompletionTurn=163 EscapeResult=2 InitialResult=2 LevelAfter=1 LootInfo=0 Name=LOC_CITIZEN_MAYA_MODERN_FEMALE_1 Operation=46 PlotIndex=894
mission CityName=LOC_CITY_NAME_OTTAWA CompletionTurn=163 EscapeResult=-1 InitialResult=1 LevelAfter=1 LootInfo=0 Name=LOC_CITIZEN_MAYA_MODERN_FEMALE_4 Operation=46 PlotIndex=894
tally 8  SIPHON_FUNDS CAPTURED / NO_RESULT
tally 1  SIPHON_FUNDS FAIL_MUST_ESCAPE / CAPTURED
tally 4  SIPHON_FUNDS FAIL_MUST_ESCAPE / FAIL_MUST_ESCAPE
tally 3  SIPHON_FUNDS FAIL_MUST_ESCAPE / KILLED
tally 1  SIPHON_FUNDS FAIL_UNDETECTED / NO_RESULT
tally 12  SIPHON_FUNDS KILLED / NO_RESULT
tally 1  SIPHON_FUNDS SUCCESS_MUST_ESCAPE / CAPTURED
tally 2  SIPHON_FUNDS SUCCESS_UNDETECTED / NO_RESULT
turn 197 spies active 1 idle 0 missions 32 captured-enemy 0
spy 11075592 LOC_CITIZEN_MAYA_MODERN_MALE_2 level 1 at 54:10 busy:UNITOPERATION_SPY_SIPHON_FUNDS
defender 7471106 at 54:10 level 3 op UNITOPERATION_SPY_COUNTERSPY
turn 197 spies 1 started 0 travelled 0 promoted 0 bought 0 gold 50000
    unblock: unblock: blocker ENDTURN_BLOCKING_PRODUCTION -> CALAKMUL builds UNIT_WARRIOR
    unblock: unblock: blocker ENDTURN_BLOCKING_FILL_CIVIC_SLOT -> nothing
    grabbed p1: def: spy 7471106 at 54:10 level 3 xp 90 promos PROMOTION_SPY_TECHNOLOGIST,PROMOTION_SPY_DEMOLITIONS op UNITOPERATION_SPY_COUNTERSPY targets 
mission CityName=LOC_CITY_NAME_OTTAWA CompletionTurn=195 EscapeResult=-1 InitialResult=0 LevelAfter=1 LootInfo=0 Name=LOC_CITIZEN_MAYA_FEMALE_9 Operation=46 PlotIndex=894
mission CityName=LOC_CITY_NAME_OTTAWA CompletionTurn=193 EscapeResult=-1 InitialResult=0 LevelAfter=1 LootInfo=0 Name=LOC_CITIZEN_MAYA_MALE_4 Operation=46 PlotIndex=894
mission CityName=LOC_CITY_NAME_OTTAWA CompletionTurn=193 EscapeResult=-1 InitialResult=1 LevelAfter=1 LootInfo=0 Name=LOC_CITIZEN_MAYA_MALE_3 Operation=46 PlotIndex=894
mission CityName=LOC_CITY_NAME_OTTAWA CompletionTurn=191 EscapeResult=-1 InitialResult=1 LevelAfter=1 LootInfo=0 Name=LOC_CITIZEN_MAYA_MODERN_FEMALE_4 Operation=46 PlotIndex=894
mission CityName=LOC_CITY_NAME_OTTAWA CompletionTurn=188 EscapeResult=-1 InitialResult=0 LevelAfter=1 LootInfo=0 Name=LOC_CITIZEN_MAYA_MALE_5 Operation=46 PlotIndex=894
mission CityName=LOC_CITY_NAME_OTTAWA CompletionTurn=187 EscapeResult=-1 InitialResult=1 LevelAfter=1 LootInfo=0 Name=LOC_CITIZEN_MAYA_FEMALE_7 Operation=46 PlotIndex=894
mission CityName=LOC_CITY_NAME_OTTAWA CompletionTurn=186 EscapeResult=-1 InitialResult=0 LevelAfter=1 LootInfo=0 Name=LOC_CITIZEN_MAYA_MALE_6 Operation=46 PlotIndex=894
mission CityName=LOC_CITY_NAME_OTTAWA CompletionTurn=184 EscapeResult=2 InitialResult=2 LevelAfter=1 LootInfo=0 Name=LOC_CITIZEN_MAYA_MALE_4 Operation=46 PlotIndex=894
mission CityName=LOC_CITY_NAME_OTTAWA CompletionTurn=184 EscapeResult=-1 InitialResult=0 LevelAfter=1 LootInfo=0 Name=LOC_CITIZEN_MAYA_MODERN_FEMALE_5 Operation=46 PlotIndex=894
mission CityName=LOC_CITY_NAME_OTTAWA CompletionTurn=182 EscapeResult=-1 InitialResult=1 LevelAfter=2 LootInfo=0 Name=LOC_CITIZEN_MAYA_MODERN_FEMALE_6 Operation=46 PlotIndex=894
mission CityName=LOC_CITY_NAME_OTTAWA CompletionTurn=181 EscapeResult=-1 InitialResult=0 LevelAfter=1 LootInfo=0 Name=LOC_CITIZEN_MAYA_MODERN_FEMALE_3 Operation=46 PlotIndex=894
mission CityName=LOC_CITY_NAME_OTTAWA CompletionTurn=180 EscapeResult=-1 InitialResult=0 LevelAfter=1 LootInfo=0 Name=LOC_CITIZEN_MAYA_MALE_8 Operation=46 PlotIndex=894
mission CityName=LOC_CITY_NAME_OTTAWA CompletionTurn=179 EscapeResult=-1 InitialResult=1 LevelAfter=1 LootInfo=0 Name=LOC_CITIZEN_MAYA_MODERN_MALE_10 Operation=46 PlotIndex=894
mission CityName=LOC_CITY_NAME_OTTAWA CompletionTurn=178 EscapeResult=0 InitialResult=2 LevelAfter=1 LootInfo=0 Name=LOC_CITIZEN_MAYA_MODERN_FEMALE_7 Operation=46 PlotIndex=894
mission CityName=LOC_CITY_NAME_OTTAWA CompletionTurn=178 EscapeResult=-1 InitialResult=3 LevelAfter=2 LootInfo=0 Name=LOC_CITIZEN_MAYA_MODERN_FEMALE_6 Operation=46 PlotIndex=894
mission CityName=LOC_CITY_NAME_OTTAWA CompletionTurn=177 EscapeResult=-1 InitialResult=0 LevelAfter=1 LootInfo=0 Name=LOC_CITIZEN_MAYA_MODERN_FEMALE_2 Operation=46 PlotIndex=894
mission CityName=LOC_CITY_NAME_OTTAWA CompletionTurn=176 EscapeResult=-1 InitialResult=0 LevelAfter=2 LootInfo=0 Name=LOC_CITIZEN_MAYA_MODERN_MALE_4 Operation=46 PlotIndex=894
mission CityName=LOC_CITY_NAME_OTTAWA CompletionTurn=175 EscapeResult=1 InitialResult=4 LevelAfter=1 LootInfo=388 Name=LOC_CITIZEN_MAYA_MODERN_MALE_9 Operation=46 PlotIndex=894
mission CityName=LOC_CITY_NAME_OTTAWA CompletionTurn=175 EscapeResult=-1 InitialResult=1 LevelAfter=1 LootInfo=0 Name=LOC_CITIZEN_MAYA_MODERN_MALE_6 Operation=46 PlotIndex=894
mission CityName=LOC_CITY_NAME_OTTAWA CompletionTurn=173 EscapeResult=0 InitialResult=2 LevelAfter=1 LootInfo=0 Name=LOC_CITIZEN_MAYA_MODERN_FEMALE_1 Operation=46 PlotIndex=894
mission CityName=LOC_CITY_NAME_OTTAWA CompletionTurn=173 EscapeResult=-1 InitialResult=5 LevelAfter=2 LootInfo=368 Name=LOC_CITIZEN_MAYA_MODERN_FEMALE_6 Operation=46 PlotIndex=894
mission CityName=LOC_CITY_NAME_OTTAWA CompletionTurn=173 EscapeResult=-1 InitialResult=0 LevelAfter=1 LootInfo=0 Name=LOC_CITIZEN_MAYA_MALE_1 Operation=46 PlotIndex=894
mission CityName=LOC_CITY_NAME_OTTAWA CompletionTurn=171 EscapeResult=-1 InitialResult=5 LevelAfter=2 LootInfo=368 Name=LOC_CITIZEN_MAYA_MODERN_MALE_4 Operation=46 PlotIndex=894
mission CityName=LOC_CITY_NAME_OTTAWA CompletionTurn=171 EscapeResult=-1 InitialResult=0 LevelAfter=1 LootInfo=0 Name=LOC_CITIZEN_MAYA_MALE_3 Operation=46 PlotIndex=894
mission CityName=LOC_CITY_NAME_OTTAWA CompletionTurn=169 EscapeResult=2 InitialResult=2 LevelAfter=1 LootInfo=0 Name=LOC_CITIZEN_MAYA_MODERN_MALE_10 Operation=46 PlotIndex=894
mission CityName=LOC_CITY_NAME_OTTAWA CompletionTurn=169 EscapeResult=1 InitialResult=2 LevelAfter=1 LootInfo=0 Name=LOC_CITIZEN_MAYA_FEMALE_1 Operation=46 PlotIndex=894
mission CityName=LOC_CITY_NAME_OTTAWA CompletionTurn=167 EscapeResult=2 InitialResult=2 LevelAfter=1 LootInfo=0 Name=LOC_CITIZEN_MAYA_MODERN_FEMALE_2 Operation=46 PlotIndex=894
mission CityName=LOC_CITY_NAME_OTTAWA CompletionTurn=167 EscapeResult=-1 InitialResult=1 LevelAfter=1 LootInfo=0 Name=LOC_CITIZEN_MAYA_MODERN_FEMALE_8 Operation=46 PlotIndex=894
mission CityName=LOC_CITY_NAME_OTTAWA CompletionTurn=165 EscapeResult=0 InitialResult=2 LevelAfter=1 LootInfo=0 Name=LOC_CITIZEN_MAYA_MODERN_MALE_1 Operation=46 PlotIndex=894
mission CityName=LOC_CITY_NAME_OTTAWA CompletionTurn=165 EscapeResult=-1 InitialResult=0 LevelAfter=1 LootInfo=0 Name=LOC_CITIZEN_MAYA_MODERN_FEMALE_9 Operation=46 PlotIndex=894
mission CityName=LOC_CITY_NAME_OTTAWA CompletionTurn=163 EscapeResult=2 InitialResult=2 LevelAfter=1 LootInfo=0 Name=LOC_CITIZEN_MAYA_MODERN_FEMALE_1 Operation=46 PlotIndex=894
mission CityName=LOC_CITY_NAME_OTTAWA CompletionTurn=163 EscapeResult=-1 InitialResult=1 LevelAfter=1 LootInfo=0 Name=LOC_CITIZEN_MAYA_MODERN_FEMALE_4 Operation=46 PlotIndex=894
tally 8  SIPHON_FUNDS CAPTURED / NO_RESULT
tally 1  SIPHON_FUNDS FAIL_MUST_ESCAPE / CAPTURED
tally 4  SIPHON_FUNDS FAIL_MUST_ESCAPE / FAIL_MUST_ESCAPE
tally 3  SIPHON_FUNDS FAIL_MUST_ESCAPE / KILLED
tally 1  SIPHON_FUNDS FAIL_UNDETECTED / NO_RESULT
tally 12  SIPHON_FUNDS KILLED / NO_RESULT
tally 1  SIPHON_FUNDS SUCCESS_MUST_ESCAPE / CAPTURED
tally 2  SIPHON_FUNDS SUCCESS_UNDETECTED / NO_RESULT
turn 198 spies active 1 idle 1 missions 32 captured-enemy 0
spy 11075592 LOC_CITIZEN_MAYA_MODERN_MALE_2 level 1 at 54:10 busy:UNITOPERATION_SPY_SIPHON_FUNDS
spy 11272261 LOC_CITIZEN_MAYA_MODERN_MALE_1 level 1 at 54:11 start
defender 7471106 at 54:10 level 3 op UNITOPERATION_SPY_COUNTERSPY
turn 198 spies 2 started 1 travelled 0 promoted 0 bought 0 gold 50000
    unblock: unblock: blocker ENDTURN_BLOCKING_PRODUCTION -> NARANJO builds UNIT_WARRIOR
    unblock: unblock: blocker ENDTURN_BLOCKING_FILL_CIVIC_SLOT -> nothing
    popup DiplomacyActionView -> closed
    popup LeaderScene -> hidden
    grabbed p1: def: spy 7471106 at 54:10 level 3 xp 90 promos PROMOTION_SPY_TECHNOLOGIST,PROMOTION_SPY_DEMOLITIONS op UNITOPERATION_SPY_COUNTERSPY targets 
    cause popup EraCompletePopup -> closed
mission CityName=LOC_CITY_NAME_OTTAWA CompletionTurn=195 EscapeResult=-1 InitialResult=0 LevelAfter=1 LootInfo=0 Name=LOC_CITIZEN_MAYA_FEMALE_9 Operation=46 PlotIndex=894
mission CityName=LOC_CITY_NAME_OTTAWA CompletionTurn=193 EscapeResult=-1 InitialResult=0 LevelAfter=1 LootInfo=0 Name=LOC_CITIZEN_MAYA_MALE_4 Operation=46 PlotIndex=894
mission CityName=LOC_CITY_NAME_OTTAWA CompletionTurn=193 EscapeResult=-1 InitialResult=1 LevelAfter=1 LootInfo=0 Name=LOC_CITIZEN_MAYA_MALE_3 Operation=46 PlotIndex=894
mission CityName=LOC_CITY_NAME_OTTAWA CompletionTurn=191 EscapeResult=-1 InitialResult=1 LevelAfter=1 LootInfo=0 Name=LOC_CITIZEN_MAYA_MODERN_FEMALE_4 Operation=46 PlotIndex=894
mission CityName=LOC_CITY_NAME_OTTAWA CompletionTurn=188 EscapeResult=-1 InitialResult=0 LevelAfter=1 LootInfo=0 Name=LOC_CITIZEN_MAYA_MALE_5 Operation=46 PlotIndex=894
mission CityName=LOC_CITY_NAME_OTTAWA CompletionTurn=187 EscapeResult=-1 InitialResult=1 LevelAfter=1 LootInfo=0 Name=LOC_CITIZEN_MAYA_FEMALE_7 Operation=46 PlotIndex=894
mission CityName=LOC_CITY_NAME_OTTAWA CompletionTurn=186 EscapeResult=-1 InitialResult=0 LevelAfter=1 LootInfo=0 Name=LOC_CITIZEN_MAYA_MALE_6 Operation=46 PlotIndex=894
mission CityName=LOC_CITY_NAME_OTTAWA CompletionTurn=184 EscapeResult=2 InitialResult=2 LevelAfter=1 LootInfo=0 Name=LOC_CITIZEN_MAYA_MALE_4 Operation=46 PlotIndex=894
mission CityName=LOC_CITY_NAME_OTTAWA CompletionTurn=184 EscapeResult=-1 InitialResult=0 LevelAfter=1 LootInfo=0 Name=LOC_CITIZEN_MAYA_MODERN_FEMALE_5 Operation=46 PlotIndex=894
mission CityName=LOC_CITY_NAME_OTTAWA CompletionTurn=182 EscapeResult=-1 InitialResult=1 LevelAfter=2 LootInfo=0 Name=LOC_CITIZEN_MAYA_MODERN_FEMALE_6 Operation=46 PlotIndex=894
mission CityName=LOC_CITY_NAME_OTTAWA CompletionTurn=181 EscapeResult=-1 InitialResult=0 LevelAfter=1 LootInfo=0 Name=LOC_CITIZEN_MAYA_MODERN_FEMALE_3 Operation=46 PlotIndex=894
mission CityName=LOC_CITY_NAME_OTTAWA CompletionTurn=180 EscapeResult=-1 InitialResult=0 LevelAfter=1 LootInfo=0 Name=LOC_CITIZEN_MAYA_MALE_8 Operation=46 PlotIndex=894
mission CityName=LOC_CITY_NAME_OTTAWA CompletionTurn=179 EscapeResult=-1 InitialResult=1 LevelAfter=1 LootInfo=0 Name=LOC_CITIZEN_MAYA_MODERN_MALE_10 Operation=46 PlotIndex=894
mission CityName=LOC_CITY_NAME_OTTAWA CompletionTurn=178 EscapeResult=0 InitialResult=2 LevelAfter=1 LootInfo=0 Name=LOC_CITIZEN_MAYA_MODERN_FEMALE_7 Operation=46 PlotIndex=894
mission CityName=LOC_CITY_NAME_OTTAWA CompletionTurn=178 EscapeResult=-1 InitialResult=3 LevelAfter=2 LootInfo=0 Name=LOC_CITIZEN_MAYA_MODERN_FEMALE_6 Operation=46 PlotIndex=894
mission CityName=LOC_CITY_NAME_OTTAWA CompletionTurn=177 EscapeResult=-1 InitialResult=0 LevelAfter=1 LootInfo=0 Name=LOC_CITIZEN_MAYA_MODERN_FEMALE_2 Operation=46 PlotIndex=894
mission CityName=LOC_CITY_NAME_OTTAWA CompletionTurn=176 EscapeResult=-1 InitialResult=0 LevelAfter=2 LootInfo=0 Name=LOC_CITIZEN_MAYA_MODERN_MALE_4 Operation=46 PlotIndex=894
mission CityName=LOC_CITY_NAME_OTTAWA CompletionTurn=175 EscapeResult=1 InitialResult=4 LevelAfter=1 LootInfo=388 Name=LOC_CITIZEN_MAYA_MODERN_MALE_9 Operation=46 PlotIndex=894
mission CityName=LOC_CITY_NAME_OTTAWA CompletionTurn=175 EscapeResult=-1 InitialResult=1 LevelAfter=1 LootInfo=0 Name=LOC_CITIZEN_MAYA_MODERN_MALE_6 Operation=46 PlotIndex=894
mission CityName=LOC_CITY_NAME_OTTAWA CompletionTurn=173 EscapeResult=0 InitialResult=2 LevelAfter=1 LootInfo=0 Name=LOC_CITIZEN_MAYA_MODERN_FEMALE_1 Operation=46 PlotIndex=894
mission CityName=LOC_CITY_NAME_OTTAWA CompletionTurn=173 EscapeResult=-1 InitialResult=5 LevelAfter=2 LootInfo=368 Name=LOC_CITIZEN_MAYA_MODERN_FEMALE_6 Operation=46 PlotIndex=894
mission CityName=LOC_CITY_NAME_OTTAWA CompletionTurn=173 EscapeResult=-1 InitialResult=0 LevelAfter=1 LootInfo=0 Name=LOC_CITIZEN_MAYA_MALE_1 Operation=46 PlotIndex=894
mission CityName=LOC_CITY_NAME_OTTAWA CompletionTurn=171 EscapeResult=-1 InitialResult=5 LevelAfter=2 LootInfo=368 Name=LOC_CITIZEN_MAYA_MODERN_MALE_4 Operation=46 PlotIndex=894
mission CityName=LOC_CITY_NAME_OTTAWA CompletionTurn=171 EscapeResult=-1 InitialResult=0 LevelAfter=1 LootInfo=0 Name=LOC_CITIZEN_MAYA_MALE_3 Operation=46 PlotIndex=894
mission CityName=LOC_CITY_NAME_OTTAWA CompletionTurn=169 EscapeResult=2 InitialResult=2 LevelAfter=1 LootInfo=0 Name=LOC_CITIZEN_MAYA_MODERN_MALE_10 Operation=46 PlotIndex=894
mission CityName=LOC_CITY_NAME_OTTAWA CompletionTurn=169 EscapeResult=1 InitialResult=2 LevelAfter=1 LootInfo=0 Name=LOC_CITIZEN_MAYA_FEMALE_1 Operation=46 PlotIndex=894
mission CityName=LOC_CITY_NAME_OTTAWA CompletionTurn=167 EscapeResult=2 InitialResult=2 LevelAfter=1 LootInfo=0 Name=LOC_CITIZEN_MAYA_MODERN_FEMALE_2 Operation=46 PlotIndex=894
mission CityName=LOC_CITY_NAME_OTTAWA CompletionTurn=167 EscapeResult=-1 InitialResult=1 LevelAfter=1 LootInfo=0 Name=LOC_CITIZEN_MAYA_MODERN_FEMALE_8 Operation=46 PlotIndex=894
mission CityName=LOC_CITY_NAME_OTTAWA CompletionTurn=165 EscapeResult=0 InitialResult=2 LevelAfter=1 LootInfo=0 Name=LOC_CITIZEN_MAYA_MODERN_MALE_1 Operation=46 PlotIndex=894
mission CityName=LOC_CITY_NAME_OTTAWA CompletionTurn=165 EscapeResult=-1 InitialResult=0 LevelAfter=1 LootInfo=0 Name=LOC_CITIZEN_MAYA_MODERN_FEMALE_9 Operation=46 PlotIndex=894
mission CityName=LOC_CITY_NAME_OTTAWA CompletionTurn=163 EscapeResult=2 InitialResult=2 LevelAfter=1 LootInfo=0 Name=LOC_CITIZEN_MAYA_MODERN_FEMALE_1 Operation=46 PlotIndex=894
mission CityName=LOC_CITY_NAME_OTTAWA CompletionTurn=163 EscapeResult=-1 InitialResult=1 LevelAfter=1 LootInfo=0 Name=LOC_CITIZEN_MAYA_MODERN_FEMALE_4 Operation=46 PlotIndex=894
tally 8  SIPHON_FUNDS CAPTURED / NO_RESULT
tally 1  SIPHON_FUNDS FAIL_MUST_ESCAPE / CAPTURED
tally 4  SIPHON_FUNDS FAIL_MUST_ESCAPE / FAIL_MUST_ESCAPE
tally 3  SIPHON_FUNDS FAIL_MUST_ESCAPE / KILLED
tally 1  SIPHON_FUNDS FAIL_UNDETECTED / NO_RESULT
tally 12  SIPHON_FUNDS KILLED / NO_RESULT
tally 1  SIPHON_FUNDS SUCCESS_MUST_ESCAPE / CAPTURED
tally 2  SIPHON_FUNDS SUCCESS_UNDETECTED / NO_RESULT
turn 199 spies active 2 idle 0 missions 32 captured-enemy 0
spy 11075592 LOC_CITIZEN_MAYA_MODERN_MALE_2 level 1 at 54:10 busy:UNITOPERATION_SPY_SIPHON_FUNDS
spy 11272261 LOC_CITIZEN_MAYA_MODERN_MALE_1 level 1 at 54:10 busy:UNITOPERATION_SPY_SIPHON_FUNDS
defender 7471106 at 54:10 level 3 op UNITOPERATION_SPY_COUNTERSPY
turn 199 spies 2 started 0 travelled 0 promoted 0 bought 0 gold 50000
    unblock: unblock: blocker ENDTURN_BLOCKING_COMMEMORATION_AVAILABLE -> nothing
    popup DiplomacyActionView -> closed
    popup LeaderScene -> open, no close
    no grab of p1 this turn
    cause blocker ENDTURN_BLOCKING_COMMEMORATION_AVAILABLE -> {"kind":"commemorate","allowed":1,"picked":"COMMEMORATION_TOURISM","blockerBefore":"ENDTURN_BLOCKING_COMMEMORATION_AVAILABLE","blockerNow":"ENDTURN_BLOCKING_COMMEMORATION_AVAILABLE","turn":199}
    cause session 4:4 -> closed sessions [4:4,6:6]
    cause session 6:6 -> Request to BulkHide( false, Diplomacy ), Show on 0 = 0 | Request to BulkHide( true, Diplomacy ), Show on 0 = 1 | closed sessions []
    cause popup DiplomacyActionView -> closed
    cause popup LeaderScene -> hidden
    cause blocker ENDTURN_BLOCKING_PRODUCTION -> unblock: blocker ENDTURN_BLOCKING_PRODUCTION -> CALAKMUL builds UNIT_WARRIOR
    cause blocker ENDTURN_BLOCKING_FILL_CIVIC_SLOT: no handler
