################ save lab4_t200 seat 0 op UNITOPERATION_SPY_FOMENT_UNREST cap 12 extra 12
setup: four spy civics granted, 12 extra grants
turn 200 spies 0 started 0 travelled 0 promoted 0 bought 4 gold 50000
unblock: blocker ENDTURN_BLOCKING_COMMEMORATION_AVAILABLE -> nothing | end turn requested
unstuck: HistoricMoments: closed
unblock: blocker ENDTURN_BLOCKING_CIVIC -> civic CIVIC_MILITARY_TRADITION | end turn requested
unstuck: HistoricMoments: closed
unblock: blocker ENDTURN_BLOCKING_RESEARCH -> research TECH_CASTLES | end turn requested
unstuck: HistoricMoments: closed
turn 201 spies active 0 idle 4 missions 0 captured-enemy 0
spy 4259845 LOC_CITIZEN_MAYA_MODERN_MALE_10 level 1 at 36:46 travel
spy 4128777 LOC_CITIZEN_MAYA_MODERN_MALE_4 level 1 at 37:38 travel
spy 4194315 LOC_CITIZEN_MAYA_MODERN_MALE_6 level 1 at 32:42 travel
spy 4063247 LOC_CITIZEN_MAYA_MALE_6 level 1 at 36:42 travel
turn 201 spies 4 started 0 travelled 4 promoted 0 bought 0 gold 50000
unblock: blocker ENDTURN_BLOCKING_RESEARCH -> research TECH_CASTLES | end turn requested
unstuck: HistoricMoments: closed
unstuck: TechCivicCompletedPopup: closed
unstuck: WorldCrisisPopup: closed
unblock: blocker ENDTURN_BLOCKING_PRODUCTION -> TIKAL builds BUILDING_GRANARY | end turn requested
unstuck: closed sessions [2:2]
unstuck: DiplomacyActionView: Closing Diplomacy Action View. m_eventID: 811481
unblock: blocker ENDTURN_BLOCKING_PRODUCTION -> TIKAL builds BUILDING_GRANARY | end turn requested
unstuck: closed sessions [3:3]
unstuck: DiplomacyActionView: Closing Diplomacy Action View. m_eventID: 812551
unblock: blocker ENDTURN_BLOCKING_PRODUCTION -> TIKAL builds BUILDING_GRANARY | end turn requested
unstuck: WorldCongressIntro: closed
unstuck: WorldCongressPopup: closed
unblock: blocker ENDTURN_BLOCKING_WORLD_CONGRESS_SESSION -> nothing | end turn requested
unstuck: EraCompletePopup: closed
unstuck: WorldCongressPopup: closed
turn 202 spies active 0 idle 0 missions 0 captured-enemy 0
turn 202 spies 0 started 0 travelled 0 promoted 0 bought 4 gold 50000
unblock: blocker ENDTURN_BLOCKING_COMMEMORATION_AVAILABLE -> nothing | end turn requested
unstuck: BoostUnlockedPopup: closed
unblock: blocker ENDTURN_BLOCKING_COMMEMORATION_AVAILABLE -> nothing | end turn requested
unblock: blocker ENDTURN_BLOCKING_COMMEMORATION_AVAILABLE -> nothing | end turn requested
unstuck: NaturalWonderPopup: closed
turn 203 spies active 0 idle 8 missions 0 captured-enemy 0
spy 4849664 LOC_CITIZEN_MAYA_MALE_6 level 1 at 60:16 start
spy 4784130 LOC_CITIZEN_MAYA_MODERN_MALE_6 level 1 at 54:21 start
spy 4587523 LOC_CITIZEN_MAYA_MODERN_FEMALE_3 level 1 at 36:46 travel
spy 4718596 LOC_CITIZEN_MAYA_MODERN_MALE_4 level 1 at 54:15 start
spy 4521989 LOC_CITIZEN_MAYA_FEMALE_6 level 1 at 32:42 travel
spy 4456457 LOC_CITIZEN_MAYA_FEMALE_3 level 1 at 37:38 travel
spy 4653066 LOC_CITIZEN_MAYA_MODERN_MALE_10 level 1 at 54:11 start
spy 4390923 LOC_CITIZEN_MAYA_MODERN_FEMALE_1 level 1 at 36:42 travel
turn 203 spies 8 started 4 travelled 4 promoted 0 bought 0 gold 50000
unblock: blocker ENDTURN_BLOCKING_COMMEMORATION_AVAILABLE -> nothing | end turn requested
unstuck: HistoricMoments: closed
unblock: blocker ENDTURN_BLOCKING_COMMEMORATION_AVAILABLE -> nothing | end turn requested
turn 203 spies active 4 idle 0 missions 0 captured-enemy 0
spy 4849664 LOC_CITIZEN_MAYA_MALE_6 level 1 at 60:16 busy
spy 4784130 LOC_CITIZEN_MAYA_MODERN_MALE_6 level 1 at 54:21 busy
spy 4718596 LOC_CITIZEN_MAYA_MODERN_MALE_4 level 1 at 54:15 busy
spy 4653066 LOC_CITIZEN_MAYA_MODERN_MALE_10 level 1 at 54:11 busy
turn 204 spies 4 started 0 travelled 0 promoted 0 bought 4 gold 50000
unblock: blocker ENDTURN_BLOCKING_COMMEMORATION_AVAILABLE -> nothing | end turn requested
unblock: blocker ENDTURN_BLOCKING_COMMEMORATION_AVAILABLE -> nothing | end turn requested
turn 205 spies active 4 idle 5 missions 0 captured-enemy 0
spy 4849664 LOC_CITIZEN_MAYA_MALE_6 level 1 at 60:16 busy
spy 4784130 LOC_CITIZEN_MAYA_MODERN_MALE_6 level 1 at 54:21 busy
spy 5111811 LOC_CITIZEN_MAYA_MODERN_MALE_1 level 1 at 32:42 travel
spy 4718596 LOC_CITIZEN_MAYA_MODERN_MALE_4 level 1 at 54:15 busy
spy 5046277 LOC_CITIZEN_MAYA_FEMALE_4 level 1 at 37:38 travel
spy 4980745 LOC_CITIZEN_MAYA_MODERN_FEMALE_4 level 1 at 36:42 travel
spy 4653066 LOC_CITIZEN_MAYA_MODERN_MALE_10 level 1 at 54:11 busy
spy 4915211 LOC_CITIZEN_MAYA_MODERN_FEMALE_3 level 1 at 65:16 start
spy 5308429 LOC_CITIZEN_MAYA_MODERN_FEMALE_1 level 1 at 63:20 start
spy 5242896 LOC_CITIZEN_MAYA_FEMALE_6 level 1 at 59:23 start
spy 5177364 LOC_CITIZEN_MAYA_FEMALE_1 level 1 at 36:46 travel
turn 205 spies 11 started 3 travelled 4 promoted 0 bought 0 gold 50000
unblock: blocker ENDTURN_BLOCKING_COMMEMORATION_AVAILABLE -> nothing | end turn requested
unblock: blocker ENDTURN_BLOCKING_COMMEMORATION_AVAILABLE -> nothing | end turn requested
unblock: blocker ENDTURN_BLOCKING_COMMEMORATION_AVAILABLE -> nothing | end turn requested
turn 206 spies active 7 idle 1 missions 0 captured-enemy 0
spy 4849664 LOC_CITIZEN_MAYA_MALE_6 level 1 at 60:16 busy
spy 4784130 LOC_CITIZEN_MAYA_MODERN_MALE_6 level 1 at 54:21 busy
spy 4718596 LOC_CITIZEN_MAYA_MODERN_MALE_4 level 1 at 54:15 busy
spy 4653066 LOC_CITIZEN_MAYA_MODERN_MALE_10 level 1 at 54:11 busy
spy 4915211 LOC_CITIZEN_MAYA_MODERN_FEMALE_3 level 1 at 65:16 busy
spy 5308429 LOC_CITIZEN_MAYA_MODERN_FEMALE_1 level 1 at 63:20 busy
spy 5242896 LOC_CITIZEN_MAYA_FEMALE_6 level 1 at 59:23 busy
spy 5373972 LOC_CITIZEN_MAYA_FEMALE_3 level 1 at 49:10 start
turn 206 spies 8 started 1 travelled 0 promoted 0 bought 3 gold 50000
unblock: blocker ENDTURN_BLOCKING_COMMEMORATION_AVAILABLE -> nothing | end turn requested
unblock: blocker ENDTURN_BLOCKING_COMMEMORATION_AVAILABLE -> nothing | end turn requested
unblock: blocker ENDTURN_BLOCKING_COMMEMORATION_AVAILABLE -> nothing | end turn requested
mission CityName=LOC_CITY_NAME_OTTAWA CompletionTurn=207 EscapeResult=-1 InitialResult=2 LevelAfter=1 LootInfo=-1 Name=LOC_CITIZEN_MAYA_MODERN_MALE_10 Operation=58 PlotIndex=978
mission CityName=LOC_CITY_NAME_MONTREAL CompletionTurn=207 EscapeResult=-1 InitialResult=0 LevelAfter=1 LootInfo=-1 Name=LOC_CITIZEN_MAYA_MODERN_MALE_4 Operation=58 PlotIndex=1314
mission CityName=LOC_CITY_NAME_TORONTO CompletionTurn=207 EscapeResult=-1 InitialResult=1 LevelAfter=1 LootInfo=-1 Name=LOC_CITIZEN_MAYA_MODERN_MALE_6 Operation=58 PlotIndex=1818
mission CityName=LOC_CITY_NAME_QUEBEC_CITY CompletionTurn=207 EscapeResult=-1 InitialResult=1 LevelAfter=1 LootInfo=-1 Name=LOC_CITIZEN_MAYA_MALE_6 Operation=58 PlotIndex=1404
tally 2  FOMENT_UNREST CAPTURED / NO_RESULT
tally 1  FOMENT_UNREST FAIL_MUST_ESCAPE / NO_RESULT
tally 1  FOMENT_UNREST KILLED / NO_RESULT
turn 207 spies active 5 idle 3 missions 4 captured-enemy 0
spy 5570569 LOC_CITIZEN_MAYA_MALE_2 level 1 at 36:46 travel
spy 4653066 LOC_CITIZEN_MAYA_MODERN_MALE_10 level 1 at 54:11 busy
spy 4915211 LOC_CITIZEN_MAYA_MODERN_FEMALE_3 level 1 at 65:16 busy
spy 5308429 LOC_CITIZEN_MAYA_MODERN_FEMALE_1 level 1 at 63:20 busy
spy 5242896 LOC_CITIZEN_MAYA_FEMALE_6 level 1 at 59:23 busy
spy 5505041 LOC_CITIZEN_MAYA_MODERN_MALE_9 level 1 at 32:42 travel
spy 5439506 LOC_CITIZEN_MAYA_FEMALE_7 level 1 at 37:38 travel
spy 5373972 LOC_CITIZEN_MAYA_FEMALE_3 level 1 at 49:10 busy
turn 207 spies 8 started 0 travelled 3 promoted 0 bought 0 gold 50000
unblock: blocker ENDTURN_BLOCKING_SPY_CHOOSE_ESCAPE_ROUTE -> escape route DISTRICT_COMMERCIAL_HUB of 2 for spy 4653066 LOC_CITIZEN_MAYA_MODERN_MALE_10 level 1 turn 207 city LOC_CITY_NAME_OTTAWA p1 at 54:11 pursuer police | end turn requested
unblock: blocker ENDTURN_BLOCKING_COMMEMORATION_AVAILABLE -> nothing | end turn requested
unblock: blocker ENDTURN_BLOCKING_COMMEMORATION_AVAILABLE -> nothing | end turn requested
unstuck: WorldCongressIntro: closed
unstuck: WorldCongressPopup: closed
unblock: blocker ENDTURN_BLOCKING_WORLD_CONGRESS_SESSION -> nothing | end turn requested
unstuck: WorldCongressPopup: closed
mission CityName=LOC_CITY_NAME_OTTAWA CompletionTurn=207 EscapeResult=2 InitialResult=2 LevelAfter=1 LootInfo=-1 Name=LOC_CITIZEN_MAYA_MODERN_MALE_10 Operation=58 PlotIndex=978
mission CityName=LOC_CITY_NAME_MONTREAL CompletionTurn=207 EscapeResult=-1 InitialResult=0 LevelAfter=1 LootInfo=-1 Name=LOC_CITIZEN_MAYA_MODERN_MALE_4 Operation=58 PlotIndex=1314
mission CityName=LOC_CITY_NAME_TORONTO CompletionTurn=207 EscapeResult=-1 InitialResult=1 LevelAfter=1 LootInfo=-1 Name=LOC_CITIZEN_MAYA_MODERN_MALE_6 Operation=58 PlotIndex=1818
mission CityName=LOC_CITY_NAME_QUEBEC_CITY CompletionTurn=207 EscapeResult=-1 InitialResult=1 LevelAfter=1 LootInfo=-1 Name=LOC_CITIZEN_MAYA_MALE_6 Operation=58 PlotIndex=1404
tally 2  FOMENT_UNREST CAPTURED / NO_RESULT
tally 1  FOMENT_UNREST FAIL_MUST_ESCAPE / FAIL_MUST_ESCAPE
tally 1  FOMENT_UNREST KILLED / NO_RESULT
turn 208 spies active 4 idle 5 missions 4 captured-enemy 0
spy 5898249 LOC_CITIZEN_MAYA_MODERN_MALE_10 level 1 at 36:46 travel
spy 5832714 LOC_CITIZEN_MAYA_FEMALE_1 level 1 at 57:19 start
spy 4915211 LOC_CITIZEN_MAYA_MODERN_FEMALE_3 level 1 at 65:16 busy
spy 5308429 LOC_CITIZEN_MAYA_MODERN_FEMALE_1 level 1 at 63:20 busy
spy 5767183 LOC_CITIZEN_MAYA_MODERN_FEMALE_4 level 1 at 48:16 start
spy 5242896 LOC_CITIZEN_MAYA_FEMALE_6 level 1 at 59:23 busy
spy 5701649 LOC_CITIZEN_MAYA_FEMALE_4 level 1 at 45:9 start
spy 5636114 LOC_CITIZEN_MAYA_MODERN_MALE_1 level 1 at 49:10 refused
spy 5373972 LOC_CITIZEN_MAYA_FEMALE_3 level 1 at 49:10 busy
turn 208 spies 9 started 3 travelled 1 promoted 0 bought 1 gold 50000
unblock: blocker ENDTURN_BLOCKING_PRODUCTION -> TIKAL builds BUILDING_GRANARY | end turn requested
unblock: blocker ENDTURN_BLOCKING_CIVIC -> civic CIVIC_MYSTICISM | end turn requested
mission CityName=LOC_CITY_NAME_SAINT_JOHN CompletionTurn=209 EscapeResult=-1 InitialResult=4 LevelAfter=2 LootInfo=-1 Name=LOC_CITIZEN_MAYA_FEMALE_6 Operation=58 PlotIndex=1991
mission CityName=LOC_CITY_NAME_WINNIPEG CompletionTurn=209 EscapeResult=-1 InitialResult=4 LevelAfter=2 LootInfo=-1 Name=LOC_CITIZEN_MAYA_MODERN_FEMALE_1 Operation=58 PlotIndex=1743
mission CityName=LOC_CITY_NAME_HALIFAX CompletionTurn=209 EscapeResult=-1 InitialResult=5 LevelAfter=2 LootInfo=-1 Name=LOC_CITIZEN_MAYA_MODERN_FEMALE_3 Operation=58 PlotIndex=1409
mission CityName=LOC_CITY_NAME_OTTAWA CompletionTurn=207 EscapeResult=2 InitialResult=2 LevelAfter=1 LootInfo=-1 Name=LOC_CITIZEN_MAYA_MODERN_MALE_10 Operation=58 PlotIndex=978
mission CityName=LOC_CITY_NAME_MONTREAL CompletionTurn=207 EscapeResult=-1 InitialResult=0 LevelAfter=1 LootInfo=-1 Name=LOC_CITIZEN_MAYA_MODERN_MALE_4 Operation=58 PlotIndex=1314
mission CityName=LOC_CITY_NAME_TORONTO CompletionTurn=207 EscapeResult=-1 InitialResult=1 LevelAfter=1 LootInfo=-1 Name=LOC_CITIZEN_MAYA_MODERN_MALE_6 Operation=58 PlotIndex=1818
mission CityName=LOC_CITY_NAME_QUEBEC_CITY CompletionTurn=207 EscapeResult=-1 InitialResult=1 LevelAfter=1 LootInfo=-1 Name=LOC_CITIZEN_MAYA_MALE_6 Operation=58 PlotIndex=1404
tally 2  FOMENT_UNREST CAPTURED / NO_RESULT
tally 1  FOMENT_UNREST FAIL_MUST_ESCAPE / FAIL_MUST_ESCAPE
tally 1  FOMENT_UNREST KILLED / NO_RESULT
tally 2  FOMENT_UNREST SUCCESS_MUST_ESCAPE / NO_RESULT
tally 1  FOMENT_UNREST SUCCESS_UNDETECTED / NO_RESULT
turn 209 spies active 7 idle 2 missions 7 captured-enemy 0
spy 6160384 LOC_CITIZEN_MAYA_FEMALE_7 level 1 at 60:16 start
spy 6094850 LOC_CITIZEN_MAYA_MODERN_MALE_9 level 1 at 54:21 start
spy 5963780 LOC_CITIZEN_MAYA_MODERN_FEMALE_7 level 1 at 32:42 travel
spy 6029321 LOC_CITIZEN_MAYA_MALE_2 level 1 at 54:15 start
spy 5832714 LOC_CITIZEN_MAYA_FEMALE_1 level 1 at 57:19 busy
spy 4915211 LOC_CITIZEN_MAYA_MODERN_FEMALE_3 level 1 at 65:16 start
spy 5308429 LOC_CITIZEN_MAYA_MODERN_FEMALE_1 level 1 at 63:20 busy
spy 5767183 LOC_CITIZEN_MAYA_MODERN_FEMALE_4 level 1 at 48:16 busy
spy 5242896 LOC_CITIZEN_MAYA_FEMALE_6 level 1 at 59:23 busy
spy 5701649 LOC_CITIZEN_MAYA_FEMALE_4 level 1 at 45:9 busy
spy 5636114 LOC_CITIZEN_MAYA_MODERN_MALE_1 level 1 at 49:10 refused
spy 5373972 LOC_CITIZEN_MAYA_FEMALE_3 level 1 at 49:10 busy
turn 209 spies 12 started 4 travelled 1 promoted 3 bought 0 gold 50000
unblock: blocker ENDTURN_BLOCKING_SPY_CHOOSE_ESCAPE_ROUTE -> escape route DISTRICT_CITY_CENTER of 2 for spy 5308429 LOC_CITIZEN_MAYA_MODERN_FEMALE_1 level 2 turn 209 city LOC_CITY_NAME_WINNIPEG p1 at 63:20 pursuer police | end turn requested
unblock: blocker ENDTURN_BLOCKING_SPY_CHOOSE_ESCAPE_ROUTE -> escape route DISTRICT_HARBOR of 2 for spy 5242896 LOC_CITIZEN_MAYA_FEMALE_6 level 2 turn 209 city LOC_CITY_NAME_SAINT_JOHN p1 at 59:23 pursuer police | end turn requested
mission CityName=LOC_CITY_NAME_VICTORIA CompletionTurn=210 EscapeResult=-1 InitialResult=2 LevelAfter=1 LootInfo=-1 Name=LOC_CITIZEN_MAYA_FEMALE_3 Operation=58 PlotIndex=889
mission CityName=LOC_CITY_NAME_SAINT_JOHN CompletionTurn=209 EscapeResult=-1 InitialResult=4 LevelAfter=2 LootInfo=-1 Name=LOC_CITIZEN_MAYA_FEMALE_6 Operation=58 PlotIndex=1991
mission CityName=LOC_CITY_NAME_WINNIPEG CompletionTurn=209 EscapeResult=1 InitialResult=4 LevelAfter=2 LootInfo=-1 Name=LOC_CITIZEN_MAYA_MODERN_FEMALE_1 Operation=58 PlotIndex=1743
mission CityName=LOC_CITY_NAME_HALIFAX CompletionTurn=209 EscapeResult=-1 InitialResult=5 LevelAfter=2 LootInfo=-1 Name=LOC_CITIZEN_MAYA_MODERN_FEMALE_3 Operation=58 PlotIndex=1409
mission CityName=LOC_CITY_NAME_OTTAWA CompletionTurn=207 EscapeResult=2 InitialResult=2 LevelAfter=1 LootInfo=-1 Name=LOC_CITIZEN_MAYA_MODERN_MALE_10 Operation=58 PlotIndex=978
mission CityName=LOC_CITY_NAME_MONTREAL CompletionTurn=207 EscapeResult=-1 InitialResult=0 LevelAfter=1 LootInfo=-1 Name=LOC_CITIZEN_MAYA_MODERN_MALE_4 Operation=58 PlotIndex=1314
mission CityName=LOC_CITY_NAME_TORONTO CompletionTurn=207 EscapeResult=-1 InitialResult=1 LevelAfter=1 LootInfo=-1 Name=LOC_CITIZEN_MAYA_MODERN_MALE_6 Operation=58 PlotIndex=1818
mission CityName=LOC_CITY_NAME_QUEBEC_CITY CompletionTurn=207 EscapeResult=-1 InitialResult=1 LevelAfter=1 LootInfo=-1 Name=LOC_CITIZEN_MAYA_MALE_6 Operation=58 PlotIndex=1404
tally 2  FOMENT_UNREST CAPTURED / NO_RESULT
tally 1  FOMENT_UNREST FAIL_MUST_ESCAPE / FAIL_MUST_ESCAPE
tally 1  FOMENT_UNREST FAIL_MUST_ESCAPE / NO_RESULT
tally 1  FOMENT_UNREST KILLED / NO_RESULT
tally 1  FOMENT_UNREST SUCCESS_MUST_ESCAPE / CAPTURED
tally 1  FOMENT_UNREST SUCCESS_MUST_ESCAPE / NO_RESULT
tally 1  FOMENT_UNREST SUCCESS_UNDETECTED / NO_RESULT
turn 210 spies active 9 idle 1 missions 8 captured-enemy 0
spy 6160384 LOC_CITIZEN_MAYA_FEMALE_7 level 1 at 60:16 busy
spy 6094850 LOC_CITIZEN_MAYA_MODERN_MALE_9 level 1 at 54:21 busy
spy 6029321 LOC_CITIZEN_MAYA_MALE_2 level 1 at 54:15 busy
spy 5832714 LOC_CITIZEN_MAYA_FEMALE_1 level 1 at 57:19 busy
spy 4915211 LOC_CITIZEN_MAYA_MODERN_FEMALE_3 level 2 at 65:16 busy
spy 6291469 LOC_CITIZEN_MAYA_MODERN_MALE_10 level 1 at 54:11 start
spy 5767183 LOC_CITIZEN_MAYA_MODERN_FEMALE_4 level 1 at 48:16 busy
spy 5242896 LOC_CITIZEN_MAYA_FEMALE_6 level 2 at 59:23 busy
spy 5701649 LOC_CITIZEN_MAYA_FEMALE_4 level 1 at 45:9 busy
spy 5636114 LOC_CITIZEN_MAYA_MODERN_MALE_1 level 1 at 49:10 refused
spy 5373972 LOC_CITIZEN_MAYA_FEMALE_3 level 1 at 49:10 busy
turn 210 spies 11 started 1 travelled 0 promoted 0 bought 1 gold 50000
unblock: blocker ENDTURN_BLOCKING_SPY_CHOOSE_ESCAPE_ROUTE -> escape route DISTRICT_HARBOR of 2 for spy 5242896 LOC_CITIZEN_MAYA_FEMALE_6 level 2 turn 210 city LOC_CITY_NAME_SAINT_JOHN p1 at 59:23 pursuer police | end turn requested
unblock: blocker ENDTURN_BLOCKING_SPY_CHOOSE_ESCAPE_ROUTE -> escape route DISTRICT_CITY_CENTER of 1 for spy 5373972 LOC_CITIZEN_MAYA_FEMALE_3 level 1 turn 210 city LOC_CITY_NAME_VICTORIA p1 at 49:10 pursuer police | end turn requested
unblock: blocker ENDTURN_BLOCKING_CIVIC -> civic CIVIC_MYSTICISM | end turn requested
mission CityName=LOC_CITY_NAME_VICTORIA CompletionTurn=210 EscapeResult=1 InitialResult=2 LevelAfter=1 LootInfo=-1 Name=LOC_CITIZEN_MAYA_FEMALE_3 Operation=58 PlotIndex=889
mission CityName=LOC_CITY_NAME_SAINT_JOHN CompletionTurn=209 EscapeResult=2 InitialResult=4 LevelAfter=2 LootInfo=-1 Name=LOC_CITIZEN_MAYA_FEMALE_6 Operation=58 PlotIndex=1991
mission CityName=LOC_CITY_NAME_WINNIPEG CompletionTurn=209 EscapeResult=1 InitialResult=4 LevelAfter=2 LootInfo=-1 Name=LOC_CITIZEN_MAYA_MODERN_FEMALE_1 Operation=58 PlotIndex=1743
mission CityName=LOC_CITY_NAME_HALIFAX CompletionTurn=209 EscapeResult=-1 InitialResult=5 LevelAfter=2 LootInfo=-1 Name=LOC_CITIZEN_MAYA_MODERN_FEMALE_3 Operation=58 PlotIndex=1409
mission CityName=LOC_CITY_NAME_OTTAWA CompletionTurn=207 EscapeResult=2 InitialResult=2 LevelAfter=1 LootInfo=-1 Name=LOC_CITIZEN_MAYA_MODERN_MALE_10 Operation=58 PlotIndex=978
mission CityName=LOC_CITY_NAME_MONTREAL CompletionTurn=207 EscapeResult=-1 InitialResult=0 LevelAfter=1 LootInfo=-1 Name=LOC_CITIZEN_MAYA_MODERN_MALE_4 Operation=58 PlotIndex=1314
mission CityName=LOC_CITY_NAME_TORONTO CompletionTurn=207 EscapeResult=-1 InitialResult=1 LevelAfter=1 LootInfo=-1 Name=LOC_CITIZEN_MAYA_MODERN_MALE_6 Operation=58 PlotIndex=1818
mission CityName=LOC_CITY_NAME_QUEBEC_CITY CompletionTurn=207 EscapeResult=-1 InitialResult=1 LevelAfter=1 LootInfo=-1 Name=LOC_CITIZEN_MAYA_MALE_6 Operation=58 PlotIndex=1404
tally 2  FOMENT_UNREST CAPTURED / NO_RESULT
tally 1  FOMENT_UNREST FAIL_MUST_ESCAPE / CAPTURED
tally 1  FOMENT_UNREST FAIL_MUST_ESCAPE / FAIL_MUST_ESCAPE
tally 1  FOMENT_UNREST KILLED / NO_RESULT
tally 1  FOMENT_UNREST SUCCESS_MUST_ESCAPE / CAPTURED
tally 1  FOMENT_UNREST SUCCESS_MUST_ESCAPE / FAIL_MUST_ESCAPE
tally 1  FOMENT_UNREST SUCCESS_UNDETECTED / NO_RESULT
turn 211 spies active 7 idle 3 missions 8 captured-enemy 0
spy 6160384 LOC_CITIZEN_MAYA_FEMALE_7 level 1 at 60:16 busy
spy 6094850 LOC_CITIZEN_MAYA_MODERN_MALE_9 level 1 at 54:21 busy
spy 6356996 LOC_CITIZEN_MAYA_MALE_8 level 1 at 32:42 travel
spy 6029321 LOC_CITIZEN_MAYA_MALE_2 level 1 at 54:15 busy
spy 5832714 LOC_CITIZEN_MAYA_FEMALE_1 level 1 at 57:19 busy
spy 4915211 LOC_CITIZEN_MAYA_MODERN_FEMALE_3 level 2 at 65:16 start
spy 6291469 LOC_CITIZEN_MAYA_MODERN_MALE_10 level 1 at 54:11 busy
spy 5767183 LOC_CITIZEN_MAYA_MODERN_FEMALE_4 level 1 at 48:16 busy
spy 5701649 LOC_CITIZEN_MAYA_FEMALE_4 level 1 at 45:9 busy
spy 5636114 LOC_CITIZEN_MAYA_MODERN_MALE_1 level 1 at 49:10 start
spy 6422548 LOC_CITIZEN_MAYA_MODERN_FEMALE_7 level 1 at 54:11 refused
turn 211 spies 11 started 2 travelled 1 promoted 0 bought 0 gold 50000
unblock: blocker ENDTURN_BLOCKING_CIVIC -> civic CIVIC_MYSTICISM | end turn requested
unstuck: InGamePopup: open, no close
unstuck: TechCivicCompletedPopup: closed
unblock: blocker ENDTURN_BLOCKING_PRODUCTION -> TIKAL builds BUILDING_MONUMENT | end turn requested
unstuck: closed sessions [2:2]
unstuck: DiplomacyActionView: Closing Diplomacy Action View. m_eventID: 945840
unstuck: InGamePopup: open, no close
unblock: blocker ENDTURN_BLOCKING_PRODUCTION -> TIKAL builds BUILDING_MONUMENT | end turn requested
unstuck: InGamePopup: open, no close
mission CityName=LOC_CITY_NAME_VANCOUVER CompletionTurn=212 EscapeResult=-1 InitialResult=5 LevelAfter=2 LootInfo=-1 Name=LOC_CITIZEN_MAYA_FEMALE_4 Operation=58 PlotIndex=801
mission CityName=LOC_CITY_NAME_KINGSTON CompletionTurn=212 EscapeResult=-1 InitialResult=2 LevelAfter=1 LootInfo=-1 Name=LOC_CITIZEN_MAYA_MODERN_FEMALE_4 Operation=58 PlotIndex=1392
mission CityName=LOC_CITY_NAME_BOLOGNA CompletionTurn=212 EscapeResult=-1 InitialResult=5 LevelAfter=2 LootInfo=-1 Name=LOC_CITIZEN_MAYA_FEMALE_1 Operation=58 PlotIndex=1653
mission CityName=LOC_CITY_NAME_VICTORIA CompletionTurn=210 EscapeResult=1 InitialResult=2 LevelAfter=1 LootInfo=-1 Name=LOC_CITIZEN_MAYA_FEMALE_3 Operation=58 PlotIndex=889
mission CityName=LOC_CITY_NAME_SAINT_JOHN CompletionTurn=209 EscapeResult=2 InitialResult=4 LevelAfter=2 LootInfo=-1 Name=LOC_CITIZEN_MAYA_FEMALE_6 Operation=58 PlotIndex=1991
mission CityName=LOC_CITY_NAME_WINNIPEG CompletionTurn=209 EscapeResult=1 InitialResult=4 LevelAfter=2 LootInfo=-1 Name=LOC_CITIZEN_MAYA_MODERN_FEMALE_1 Operation=58 PlotIndex=1743
mission CityName=LOC_CITY_NAME_HALIFAX CompletionTurn=209 EscapeResult=-1 InitialResult=5 LevelAfter=2 LootInfo=-1 Name=LOC_CITIZEN_MAYA_MODERN_FEMALE_3 Operation=58 PlotIndex=1409
mission CityName=LOC_CITY_NAME_OTTAWA CompletionTurn=207 EscapeResult=2 InitialResult=2 LevelAfter=1 LootInfo=-1 Name=LOC_CITIZEN_MAYA_MODERN_MALE_10 Operation=58 PlotIndex=978
mission CityName=LOC_CITY_NAME_MONTREAL CompletionTurn=207 EscapeResult=-1 InitialResult=0 LevelAfter=1 LootInfo=-1 Name=LOC_CITIZEN_MAYA_MODERN_MALE_4 Operation=58 PlotIndex=1314
mission CityName=LOC_CITY_NAME_TORONTO CompletionTurn=207 EscapeResult=-1 InitialResult=1 LevelAfter=1 LootInfo=-1 Name=LOC_CITIZEN_MAYA_MODERN_MALE_6 Operation=58 PlotIndex=1818
mission CityName=LOC_CITY_NAME_QUEBEC_CITY CompletionTurn=207 EscapeResult=-1 InitialResult=1 LevelAfter=1 LootInfo=-1 Name=LOC_CITIZEN_MAYA_MALE_6 Operation=58 PlotIndex=1404
tally 2  FOMENT_UNREST CAPTURED / NO_RESULT
tally 1  FOMENT_UNREST FAIL_MUST_ESCAPE / CAPTURED
tally 1  FOMENT_UNREST FAIL_MUST_ESCAPE / FAIL_MUST_ESCAPE
tally 1  FOMENT_UNREST FAIL_MUST_ESCAPE / NO_RESULT
tally 1  FOMENT_UNREST KILLED / NO_RESULT
tally 1  FOMENT_UNREST SUCCESS_MUST_ESCAPE / CAPTURED
tally 1  FOMENT_UNREST SUCCESS_MUST_ESCAPE / FAIL_MUST_ESCAPE
tally 3  FOMENT_UNREST SUCCESS_UNDETECTED / NO_RESULT
turn 212 spies active 7 idle 4 missions 11 captured-enemy 0
spy 6160384 LOC_CITIZEN_MAYA_FEMALE_7 level 1 at 60:16 busy
spy 6094850 LOC_CITIZEN_MAYA_MODERN_MALE_9 level 1 at 54:21 busy
spy 6488068 LOC_CITIZEN_MAYA_FEMALE_6 level 2 at 36:46 travel
spy 6029321 LOC_CITIZEN_MAYA_MALE_2 level 1 at 54:15 busy
spy 5832714 LOC_CITIZEN_MAYA_FEMALE_1 level 1 at 57:19 start
spy 4915211 LOC_CITIZEN_MAYA_MODERN_FEMALE_3 level 2 at 65:16 busy
spy 6291469 LOC_CITIZEN_MAYA_MODERN_MALE_10 level 1 at 54:11 busy
spy 5767183 LOC_CITIZEN_MAYA_MODERN_FEMALE_4 level 1 at 48:16 busy
spy 5701649 LOC_CITIZEN_MAYA_FEMALE_4 level 1 at 45:9 start
spy 5636114 LOC_CITIZEN_MAYA_MODERN_MALE_1 level 1 at 49:10 busy
spy 6422548 LOC_CITIZEN_MAYA_MODERN_FEMALE_7 level 1 at 54:11 refused
turn 212 spies 11 started 2 travelled 1 promoted 2 bought 0 gold 50000
unblock: blocker ENDTURN_BLOCKING_SPY_CHOOSE_ESCAPE_ROUTE -> escape route DISTRICT_CITY_CENTER of 1 for spy 5767183 LOC_CITIZEN_MAYA_MODERN_FEMALE_4 level 1 turn 212 city LOC_CITY_NAME_KINGSTON p1 at 48:16 pursuer police | end turn requested
unstuck: InGamePopup: open, no close
unstuck: TechCivicCompletedPopup: closed
unblock: blocker ENDTURN_BLOCKING_PRODUCTION -> TIKAL builds BUILDING_MONUMENT | end turn requested
unstuck: InGamePopup: open, no close
mission CityName=LOC_CITY_NAME_MONTREAL CompletionTurn=213 EscapeResult=-1 InitialResult=1 LevelAfter=1 LootInfo=-1 Name=LOC_CITIZEN_MAYA_MALE_2 Operation=58 PlotIndex=1314
mission CityName=LOC_CITY_NAME_TORONTO CompletionTurn=213 EscapeResult=-1 InitialResult=2 LevelAfter=1 LootInfo=-1 Name=LOC_CITIZEN_MAYA_MODERN_MALE_9 Operation=58 PlotIndex=1818
mission CityName=LOC_CITY_NAME_QUEBEC_CITY CompletionTurn=213 EscapeResult=-1 InitialResult=2 LevelAfter=1 LootInfo=-1 Name=LOC_CITIZEN_MAYA_FEMALE_7 Operation=58 PlotIndex=1404
mission CityName=LOC_CITY_NAME_VANCOUVER CompletionTurn=212 EscapeResult=-1 InitialResult=5 LevelAfter=2 LootInfo=-1 Name=LOC_CITIZEN_MAYA_FEMALE_4 Operation=58 PlotIndex=801
mission CityName=LOC_CITY_NAME_KINGSTON CompletionTurn=212 EscapeResult=2 InitialResult=2 LevelAfter=1 LootInfo=-1 Name=LOC_CITIZEN_MAYA_MODERN_FEMALE_4 Operation=58 PlotIndex=1392
mission CityName=LOC_CITY_NAME_BOLOGNA CompletionTurn=212 EscapeResult=-1 InitialResult=5 LevelAfter=2 LootInfo=-1 Name=LOC_CITIZEN_MAYA_FEMALE_1 Operation=58 PlotIndex=1653
mission CityName=LOC_CITY_NAME_VICTORIA CompletionTurn=210 EscapeResult=1 InitialResult=2 LevelAfter=1 LootInfo=-1 Name=LOC_CITIZEN_MAYA_FEMALE_3 Operation=58 PlotIndex=889
mission CityName=LOC_CITY_NAME_SAINT_JOHN CompletionTurn=209 EscapeResult=2 InitialResult=4 LevelAfter=2 LootInfo=-1 Name=LOC_CITIZEN_MAYA_FEMALE_6 Operation=58 PlotIndex=1991
mission CityName=LOC_CITY_NAME_WINNIPEG CompletionTurn=209 EscapeResult=1 InitialResult=4 LevelAfter=2 LootInfo=-1 Name=LOC_CITIZEN_MAYA_MODERN_FEMALE_1 Operation=58 PlotIndex=1743
mission CityName=LOC_CITY_NAME_HALIFAX CompletionTurn=209 EscapeResult=-1 InitialResult=5 LevelAfter=2 LootInfo=-1 Name=LOC_CITIZEN_MAYA_MODERN_FEMALE_3 Operation=58 PlotIndex=1409
mission CityName=LOC_CITY_NAME_OTTAWA CompletionTurn=207 EscapeResult=2 InitialResult=2 LevelAfter=1 LootInfo=-1 Name=LOC_CITIZEN_MAYA_MODERN_MALE_10 Operation=58 PlotIndex=978
mission CityName=LOC_CITY_NAME_MONTREAL CompletionTurn=207 EscapeResult=-1 InitialResult=0 LevelAfter=1 LootInfo=-1 Name=LOC_CITIZEN_MAYA_MODERN_MALE_4 Operation=58 PlotIndex=1314
mission CityName=LOC_CITY_NAME_TORONTO CompletionTurn=207 EscapeResult=-1 InitialResult=1 LevelAfter=1 LootInfo=-1 Name=LOC_CITIZEN_MAYA_MODERN_MALE_6 Operation=58 PlotIndex=1818
mission CityName=LOC_CITY_NAME_QUEBEC_CITY CompletionTurn=207 EscapeResult=-1 InitialResult=1 LevelAfter=1 LootInfo=-1 Name=LOC_CITIZEN_MAYA_MALE_6 Operation=58 PlotIndex=1404
tally 3  FOMENT_UNREST CAPTURED / NO_RESULT
tally 1  FOMENT_UNREST FAIL_MUST_ESCAPE / CAPTURED
tally 2  FOMENT_UNREST FAIL_MUST_ESCAPE / FAIL_MUST_ESCAPE
tally 2  FOMENT_UNREST FAIL_MUST_ESCAPE / NO_RESULT
tally 1  FOMENT_UNREST KILLED / NO_RESULT
tally 1  FOMENT_UNREST SUCCESS_MUST_ESCAPE / CAPTURED
tally 1  FOMENT_UNREST SUCCESS_MUST_ESCAPE / FAIL_MUST_ESCAPE
tally 3  FOMENT_UNREST SUCCESS_UNDETECTED / NO_RESULT
turn 213 spies active 8 idle 1 missions 14 captured-enemy 0
spy 6160384 LOC_CITIZEN_MAYA_FEMALE_7 level 1 at 60:16 busy
spy 6094850 LOC_CITIZEN_MAYA_MODERN_MALE_9 level 1 at 54:21 busy
spy 5832714 LOC_CITIZEN_MAYA_FEMALE_1 level 2 at 57:19 busy
spy 4915211 LOC_CITIZEN_MAYA_MODERN_FEMALE_3 level 2 at 65:16 busy
spy 6291469 LOC_CITIZEN_MAYA_MODERN_MALE_10 level 1 at 54:11 busy
spy 6553615 LOC_CITIZEN_MAYA_MALE_8 level 1 at 59:23 start
spy 5701649 LOC_CITIZEN_MAYA_FEMALE_4 level 2 at 45:9 busy
spy 5636114 LOC_CITIZEN_MAYA_MODERN_MALE_1 level 1 at 49:10 busy
spy 6422548 LOC_CITIZEN_MAYA_MODERN_FEMALE_7 level 1 at 54:11 refused
turn 213 spies 9 started 1 travelled 0 promoted 0 bought 0 gold 50000
unblock: blocker ENDTURN_BLOCKING_SPY_CHOOSE_ESCAPE_ROUTE -> escape route DISTRICT_COMMERCIAL_HUB of 2 for spy 6160384 LOC_CITIZEN_MAYA_FEMALE_7 level 1 turn 213 city LOC_CITY_NAME_QUEBEC_CITY p1 at 60:16 pursuer police | end turn requested
unstuck: InGamePopup: open, no close
unblock: blocker ENDTURN_BLOCKING_SPY_CHOOSE_ESCAPE_ROUTE -> escape route DISTRICT_HARBOR of 2 for spy 6094850 LOC_CITIZEN_MAYA_MODERN_MALE_9 level 1 turn 213 city LOC_CITY_NAME_TORONTO p1 at 54:21 pursuer police | end turn requested
unstuck: InGamePopup: open, no close
unblock: blocker ENDTURN_BLOCKING_PRODUCTION -> TIKAL builds BUILDING_MONUMENT | end turn requested
unstuck: InGamePopup: open, no close
mission CityName=LOC_CITY_NAME_MONTREAL CompletionTurn=213 EscapeResult=-1 InitialResult=1 LevelAfter=1 LootInfo=-1 Name=LOC_CITIZEN_MAYA_MALE_2 Operation=58 PlotIndex=1314
mission CityName=LOC_CITY_NAME_TORONTO CompletionTurn=213 EscapeResult=2 InitialResult=2 LevelAfter=1 LootInfo=-1 Name=LOC_CITIZEN_MAYA_MODERN_MALE_9 Operation=58 PlotIndex=1818
mission CityName=LOC_CITY_NAME_QUEBEC_CITY CompletionTurn=213 EscapeResult=0 InitialResult=2 LevelAfter=1 LootInfo=-1 Name=LOC_CITIZEN_MAYA_FEMALE_7 Operation=58 PlotIndex=1404
mission CityName=LOC_CITY_NAME_VANCOUVER CompletionTurn=212 EscapeResult=-1 InitialResult=5 LevelAfter=2 LootInfo=-1 Name=LOC_CITIZEN_MAYA_FEMALE_4 Operation=58 PlotIndex=801
mission CityName=LOC_CITY_NAME_KINGSTON CompletionTurn=212 EscapeResult=2 InitialResult=2 LevelAfter=1 LootInfo=-1 Name=LOC_CITIZEN_MAYA_MODERN_FEMALE_4 Operation=58 PlotIndex=1392
mission CityName=LOC_CITY_NAME_BOLOGNA CompletionTurn=212 EscapeResult=-1 InitialResult=5 LevelAfter=2 LootInfo=-1 Name=LOC_CITIZEN_MAYA_FEMALE_1 Operation=58 PlotIndex=1653
mission CityName=LOC_CITY_NAME_VICTORIA CompletionTurn=210 EscapeResult=1 InitialResult=2 LevelAfter=1 LootInfo=-1 Name=LOC_CITIZEN_MAYA_FEMALE_3 Operation=58 PlotIndex=889
mission CityName=LOC_CITY_NAME_SAINT_JOHN CompletionTurn=209 EscapeResult=2 InitialResult=4 LevelAfter=2 LootInfo=-1 Name=LOC_CITIZEN_MAYA_FEMALE_6 Operation=58 PlotIndex=1991
mission CityName=LOC_CITY_NAME_WINNIPEG CompletionTurn=209 EscapeResult=1 InitialResult=4 LevelAfter=2 LootInfo=-1 Name=LOC_CITIZEN_MAYA_MODERN_FEMALE_1 Operation=58 PlotIndex=1743
mission CityName=LOC_CITY_NAME_HALIFAX CompletionTurn=209 EscapeResult=-1 InitialResult=5 LevelAfter=2 LootInfo=-1 Name=LOC_CITIZEN_MAYA_MODERN_FEMALE_3 Operation=58 PlotIndex=1409
mission CityName=LOC_CITY_NAME_OTTAWA CompletionTurn=207 EscapeResult=2 InitialResult=2 LevelAfter=1 LootInfo=-1 Name=LOC_CITIZEN_MAYA_MODERN_MALE_10 Operation=58 PlotIndex=978
mission CityName=LOC_CITY_NAME_MONTREAL CompletionTurn=207 EscapeResult=-1 InitialResult=0 LevelAfter=1 LootInfo=-1 Name=LOC_CITIZEN_MAYA_MODERN_MALE_4 Operation=58 PlotIndex=1314
mission CityName=LOC_CITY_NAME_TORONTO CompletionTurn=207 EscapeResult=-1 InitialResult=1 LevelAfter=1 LootInfo=-1 Name=LOC_CITIZEN_MAYA_MODERN_MALE_6 Operation=58 PlotIndex=1818
mission CityName=LOC_CITY_NAME_QUEBEC_CITY CompletionTurn=207 EscapeResult=-1 InitialResult=1 LevelAfter=1 LootInfo=-1 Name=LOC_CITIZEN_MAYA_MALE_6 Operation=58 PlotIndex=1404
tally 3  FOMENT_UNREST CAPTURED / NO_RESULT
tally 1  FOMENT_UNREST FAIL_MUST_ESCAPE / CAPTURED
tally 3  FOMENT_UNREST FAIL_MUST_ESCAPE / FAIL_MUST_ESCAPE
tally 1  FOMENT_UNREST FAIL_MUST_ESCAPE / KILLED
tally 1  FOMENT_UNREST KILLED / NO_RESULT
tally 1  FOMENT_UNREST SUCCESS_MUST_ESCAPE / CAPTURED
tally 1  FOMENT_UNREST SUCCESS_MUST_ESCAPE / FAIL_MUST_ESCAPE
tally 3  FOMENT_UNREST SUCCESS_UNDETECTED / NO_RESULT
turn 214 spies active 4 idle 3 missions 14 captured-enemy 0
spy 6619145 LOC_CITIZEN_MAYA_FEMALE_6 level 2 at 59:23 refused
spy 5832714 LOC_CITIZEN_MAYA_FEMALE_1 level 2 at 57:19 start
spy 4915211 LOC_CITIZEN_MAYA_MODERN_FEMALE_3 level 2 at 65:16 busy
spy 6291469 LOC_CITIZEN_MAYA_MODERN_MALE_10 level 1 at 54:11 busy
spy 6553615 LOC_CITIZEN_MAYA_MALE_8 level 1 at 59:23 busy
spy 5701649 LOC_CITIZEN_MAYA_FEMALE_4 level 2 at 45:9 start
spy 5636114 LOC_CITIZEN_MAYA_MODERN_MALE_1 level 1 at 49:10 busy
spy 6422548 LOC_CITIZEN_MAYA_MODERN_FEMALE_7 level 1 at 54:11 refused
turn 214 spies 8 started 2 travelled 0 promoted 0 bought 1 gold 50000
unblock: blocker ENDTURN_BLOCKING_SPY_CHOOSE_ESCAPE_ROUTE -> escape route DISTRICT_CITY_CENTER of 2 for spy 6291469 LOC_CITIZEN_MAYA_MODERN_MALE_10 level 1 turn 214 city LOC_CITY_NAME_OTTAWA p1 at 54:11 pursuer police | end turn requested
unstuck: InGamePopup: open, no close
unblock: blocker ENDTURN_BLOCKING_PRODUCTION -> TIKAL builds BUILDING_MONUMENT | end turn requested
unstuck: InGamePopup: open, no close
mission CityName=LOC_CITY_NAME_VICTORIA CompletionTurn=215 EscapeResult=-1 InitialResult=2 LevelAfter=1 LootInfo=-1 Name=LOC_CITIZEN_MAYA_MODERN_MALE_1 Operation=58 PlotIndex=889
mission CityName=LOC_CITY_NAME_HALIFAX CompletionTurn=215 EscapeResult=-1 InitialResult=2 LevelAfter=2 LootInfo=-1 Name=LOC_CITIZEN_MAYA_MODERN_FEMALE_3 Operation=58 PlotIndex=1409
mission CityName=LOC_CITY_NAME_OTTAWA CompletionTurn=214 EscapeResult=2 InitialResult=2 LevelAfter=1 LootInfo=-1 Name=LOC_CITIZEN_MAYA_MODERN_MALE_10 Operation=58 PlotIndex=978
mission CityName=LOC_CITY_NAME_MONTREAL CompletionTurn=213 EscapeResult=-1 InitialResult=1 LevelAfter=1 LootInfo=-1 Name=LOC_CITIZEN_MAYA_MALE_2 Operation=58 PlotIndex=1314
mission CityName=LOC_CITY_NAME_TORONTO CompletionTurn=213 EscapeResult=2 InitialResult=2 LevelAfter=1 LootInfo=-1 Name=LOC_CITIZEN_MAYA_MODERN_MALE_9 Operation=58 PlotIndex=1818
mission CityName=LOC_CITY_NAME_QUEBEC_CITY CompletionTurn=213 EscapeResult=0 InitialResult=2 LevelAfter=1 LootInfo=-1 Name=LOC_CITIZEN_MAYA_FEMALE_7 Operation=58 PlotIndex=1404
mission CityName=LOC_CITY_NAME_VANCOUVER CompletionTurn=212 EscapeResult=-1 InitialResult=5 LevelAfter=2 LootInfo=-1 Name=LOC_CITIZEN_MAYA_FEMALE_4 Operation=58 PlotIndex=801
mission CityName=LOC_CITY_NAME_KINGSTON CompletionTurn=212 EscapeResult=2 InitialResult=2 LevelAfter=1 LootInfo=-1 Name=LOC_CITIZEN_MAYA_MODERN_FEMALE_4 Operation=58 PlotIndex=1392
mission CityName=LOC_CITY_NAME_BOLOGNA CompletionTurn=212 EscapeResult=-1 InitialResult=5 LevelAfter=2 LootInfo=-1 Name=LOC_CITIZEN_MAYA_FEMALE_1 Operation=58 PlotIndex=1653
mission CityName=LOC_CITY_NAME_VICTORIA CompletionTurn=210 EscapeResult=1 InitialResult=2 LevelAfter=1 LootInfo=-1 Name=LOC_CITIZEN_MAYA_FEMALE_3 Operation=58 PlotIndex=889
mission CityName=LOC_CITY_NAME_SAINT_JOHN CompletionTurn=209 EscapeResult=2 InitialResult=4 LevelAfter=2 LootInfo=-1 Name=LOC_CITIZEN_MAYA_FEMALE_6 Operation=58 PlotIndex=1991
mission CityName=LOC_CITY_NAME_WINNIPEG CompletionTurn=209 EscapeResult=1 InitialResult=4 LevelAfter=2 LootInfo=-1 Name=LOC_CITIZEN_MAYA_MODERN_FEMALE_1 Operation=58 PlotIndex=1743
mission CityName=LOC_CITY_NAME_HALIFAX CompletionTurn=209 EscapeResult=-1 InitialResult=5 LevelAfter=2 LootInfo=-1 Name=LOC_CITIZEN_MAYA_MODERN_FEMALE_3 Operation=58 PlotIndex=1409
mission CityName=LOC_CITY_NAME_OTTAWA CompletionTurn=207 EscapeResult=2 InitialResult=2 LevelAfter=1 LootInfo=-1 Name=LOC_CITIZEN_MAYA_MODERN_MALE_10 Operation=58 PlotIndex=978
mission CityName=LOC_CITY_NAME_MONTREAL CompletionTurn=207 EscapeResult=-1 InitialResult=0 LevelAfter=1 LootInfo=-1 Name=LOC_CITIZEN_MAYA_MODERN_MALE_4 Operation=58 PlotIndex=1314
mission CityName=LOC_CITY_NAME_TORONTO CompletionTurn=207 EscapeResult=-1 InitialResult=1 LevelAfter=1 LootInfo=-1 Name=LOC_CITIZEN_MAYA_MODERN_MALE_6 Operation=58 PlotIndex=1818
mission CityName=LOC_CITY_NAME_QUEBEC_CITY CompletionTurn=207 EscapeResult=-1 InitialResult=1 LevelAfter=1 LootInfo=-1 Name=LOC_CITIZEN_MAYA_MALE_6 Operation=58 PlotIndex=1404
tally 3  FOMENT_UNREST CAPTURED / NO_RESULT
tally 1  FOMENT_UNREST FAIL_MUST_ESCAPE / CAPTURED
tally 4  FOMENT_UNREST FAIL_MUST_ESCAPE / FAIL_MUST_ESCAPE
tally 1  FOMENT_UNREST FAIL_MUST_ESCAPE / KILLED
tally 2  FOMENT_UNREST FAIL_MUST_ESCAPE / NO_RESULT
tally 1  FOMENT_UNREST KILLED / NO_RESULT
tally 1  FOMENT_UNREST SUCCESS_MUST_ESCAPE / CAPTURED
tally 1  FOMENT_UNREST SUCCESS_MUST_ESCAPE / FAIL_MUST_ESCAPE
tally 3  FOMENT_UNREST SUCCESS_UNDETECTED / NO_RESULT
turn 215 spies active 5 idle 3 missions 17 captured-enemy 0
spy 6684674 LOC_CITIZEN_MAYA_MALE_5 level 1 at 36:46 travel
spy 6619145 LOC_CITIZEN_MAYA_FEMALE_6 level 2 at 59:23 refused
spy 5832714 LOC_CITIZEN_MAYA_FEMALE_1 level 2 at 57:19 busy
spy 4915211 LOC_CITIZEN_MAYA_MODERN_FEMALE_3 level 2 at 65:16 busy
spy 6750221 LOC_CITIZEN_MAYA_MODERN_MALE_9 level 1 at 36:46 travel
spy 6553615 LOC_CITIZEN_MAYA_MALE_8 level 1 at 59:23 busy
spy 5701649 LOC_CITIZEN_MAYA_FEMALE_4 level 2 at 45:9 busy
spy 5636114 LOC_CITIZEN_MAYA_MODERN_MALE_1 level 1 at 49:10 busy
spy 6422548 LOC_CITIZEN_MAYA_MODERN_FEMALE_7 level 1 at 54:11 start
turn 215 spies 9 started 1 travelled 2 promoted 0 bought 0 gold 50000
unblock: blocker ENDTURN_BLOCKING_SPY_CHOOSE_ESCAPE_ROUTE -> escape route DISTRICT_CITY_CENTER of 3 for spy 4915211 LOC_CITIZEN_MAYA_MODERN_FEMALE_3 level 2 turn 215 city LOC_CITY_NAME_HALIFAX p1 at 65:16 pursuer police | end turn requested
unstuck: InGamePopup: open, no close
unblock: blocker ENDTURN_BLOCKING_SPY_CHOOSE_ESCAPE_ROUTE -> escape route DISTRICT_CITY_CENTER of 1 for spy 5636114 LOC_CITIZEN_MAYA_MODERN_MALE_1 level 1 turn 215 city LOC_CITY_NAME_VICTORIA p1 at 49:10 pursuer police | end turn requested
unstuck: InGamePopup: open, no close
mission CityName=LOC_CITY_NAME_VICTORIA CompletionTurn=215 EscapeResult=-1 InitialResult=2 LevelAfter=1 LootInfo=-1 Name=LOC_CITIZEN_MAYA_MODERN_MALE_1 Operation=58 PlotIndex=889
mission CityName=LOC_CITY_NAME_HALIFAX CompletionTurn=215 EscapeResult=2 InitialResult=2 LevelAfter=2 LootInfo=-1 Name=LOC_CITIZEN_MAYA_MODERN_FEMALE_3 Operation=58 PlotIndex=1409
mission CityName=LOC_CITY_NAME_OTTAWA CompletionTurn=214 EscapeResult=2 InitialResult=2 LevelAfter=1 LootInfo=-1 Name=LOC_CITIZEN_MAYA_MODERN_MALE_10 Operation=58 PlotIndex=978
mission CityName=LOC_CITY_NAME_MONTREAL CompletionTurn=213 EscapeResult=-1 InitialResult=1 LevelAfter=1 LootInfo=-1 Name=LOC_CITIZEN_MAYA_MALE_2 Operation=58 PlotIndex=1314
mission CityName=LOC_CITY_NAME_TORONTO CompletionTurn=213 EscapeResult=2 InitialResult=2 LevelAfter=1 LootInfo=-1 Name=LOC_CITIZEN_MAYA_MODERN_MALE_9 Operation=58 PlotIndex=1818
mission CityName=LOC_CITY_NAME_QUEBEC_CITY CompletionTurn=213 EscapeResult=0 InitialResult=2 LevelAfter=1 LootInfo=-1 Name=LOC_CITIZEN_MAYA_FEMALE_7 Operation=58 PlotIndex=1404
mission CityName=LOC_CITY_NAME_VANCOUVER CompletionTurn=212 EscapeResult=-1 InitialResult=5 LevelAfter=2 LootInfo=-1 Name=LOC_CITIZEN_MAYA_FEMALE_4 Operation=58 PlotIndex=801
mission CityName=LOC_CITY_NAME_KINGSTON CompletionTurn=212 EscapeResult=2 InitialResult=2 LevelAfter=1 LootInfo=-1 Name=LOC_CITIZEN_MAYA_MODERN_FEMALE_4 Operation=58 PlotIndex=1392
mission CityName=LOC_CITY_NAME_BOLOGNA CompletionTurn=212 EscapeResult=-1 InitialResult=5 LevelAfter=2 LootInfo=-1 Name=LOC_CITIZEN_MAYA_FEMALE_1 Operation=58 PlotIndex=1653
mission CityName=LOC_CITY_NAME_VICTORIA CompletionTurn=210 EscapeResult=1 InitialResult=2 LevelAfter=1 LootInfo=-1 Name=LOC_CITIZEN_MAYA_FEMALE_3 Operation=58 PlotIndex=889
mission CityName=LOC_CITY_NAME_SAINT_JOHN CompletionTurn=209 EscapeResult=2 InitialResult=4 LevelAfter=2 LootInfo=-1 Name=LOC_CITIZEN_MAYA_FEMALE_6 Operation=58 PlotIndex=1991
mission CityName=LOC_CITY_NAME_WINNIPEG CompletionTurn=209 EscapeResult=1 InitialResult=4 LevelAfter=2 LootInfo=-1 Name=LOC_CITIZEN_MAYA_MODERN_FEMALE_1 Operation=58 PlotIndex=1743
mission CityName=LOC_CITY_NAME_HALIFAX CompletionTurn=209 EscapeResult=-1 InitialResult=5 LevelAfter=2 LootInfo=-1 Name=LOC_CITIZEN_MAYA_MODERN_FEMALE_3 Operation=58 PlotIndex=1409
mission CityName=LOC_CITY_NAME_OTTAWA CompletionTurn=207 EscapeResult=2 InitialResult=2 LevelAfter=1 LootInfo=-1 Name=LOC_CITIZEN_MAYA_MODERN_MALE_10 Operation=58 PlotIndex=978
mission CityName=LOC_CITY_NAME_MONTREAL CompletionTurn=207 EscapeResult=-1 InitialResult=0 LevelAfter=1 LootInfo=-1 Name=LOC_CITIZEN_MAYA_MODERN_MALE_4 Operation=58 PlotIndex=1314
mission CityName=LOC_CITY_NAME_TORONTO CompletionTurn=207 EscapeResult=-1 InitialResult=1 LevelAfter=1 LootInfo=-1 Name=LOC_CITIZEN_MAYA_MODERN_MALE_6 Operation=58 PlotIndex=1818
mission CityName=LOC_CITY_NAME_QUEBEC_CITY CompletionTurn=207 EscapeResult=-1 InitialResult=1 LevelAfter=1 LootInfo=-1 Name=LOC_CITIZEN_MAYA_MALE_6 Operation=58 PlotIndex=1404
tally 3  FOMENT_UNREST CAPTURED / NO_RESULT
tally 1  FOMENT_UNREST FAIL_MUST_ESCAPE / CAPTURED
tally 5  FOMENT_UNREST FAIL_MUST_ESCAPE / FAIL_MUST_ESCAPE
tally 1  FOMENT_UNREST FAIL_MUST_ESCAPE / KILLED
tally 1  FOMENT_UNREST FAIL_MUST_ESCAPE / NO_RESULT
tally 1  FOMENT_UNREST KILLED / NO_RESULT
tally 1  FOMENT_UNREST SUCCESS_MUST_ESCAPE / CAPTURED
tally 1  FOMENT_UNREST SUCCESS_MUST_ESCAPE / FAIL_MUST_ESCAPE
tally 3  FOMENT_UNREST SUCCESS_UNDETECTED / NO_RESULT
turn 215 spies active 5 idle 1 missions 17 captured-enemy 0
spy 6619145 LOC_CITIZEN_MAYA_FEMALE_6 level 2 at 59:23 refused
spy 5832714 LOC_CITIZEN_MAYA_FEMALE_1 level 2 at 57:19 busy
spy 6553615 LOC_CITIZEN_MAYA_MALE_8 level 1 at 59:23 busy
spy 5701649 LOC_CITIZEN_MAYA_FEMALE_4 level 2 at 45:9 busy
spy 5636114 LOC_CITIZEN_MAYA_MODERN_MALE_1 level 1 at 49:10 busy
spy 6422548 LOC_CITIZEN_MAYA_MODERN_FEMALE_7 level 1 at 54:11 busy
turn 215 spies 6 started 0 travelled 0 promoted 0 bought 0 gold 50000
unblock: blocker ENDTURN_BLOCKING_SPY_CHOOSE_ESCAPE_ROUTE -> escape route DISTRICT_CITY_CENTER of 1 for spy 5636114 LOC_CITIZEN_MAYA_MODERN_MALE_1 level 1 turn 215 city LOC_CITY_NAME_VICTORIA p1 at 49:10 pursuer police | end turn requested
unstuck: InGamePopup: open, no close
unblock: blocker ENDTURN_BLOCKING_SPY_CHOOSE_ESCAPE_ROUTE -> escape route DISTRICT_CITY_CENTER of 1 for spy 5636114 LOC_CITIZEN_MAYA_MODERN_MALE_1 level 1 turn 215 city LOC_CITY_NAME_VICTORIA p1 at 49:10 pursuer police | end turn requested
unstuck: InGamePopup: open, no close
unblock: blocker ENDTURN_BLOCKING_SPY_CHOOSE_ESCAPE_ROUTE -> escape route DISTRICT_CITY_CENTER of 1 for spy 5636114 LOC_CITIZEN_MAYA_MODERN_MALE_1 level 1 turn 215 city LOC_CITY_NAME_VICTORIA p1 at 49:10 pursuer police | end turn requested
unstuck: InGamePopup: open, no close
unblock: blocker ENDTURN_BLOCKING_SPY_CHOOSE_ESCAPE_ROUTE -> escape route DISTRICT_CITY_CENTER of 1 for spy 5636114 LOC_CITIZEN_MAYA_MODERN_MALE_1 level 1 turn 215 city LOC_CITY_NAME_VICTORIA p1 at 49:10 pursuer police | end turn requested
unstuck: InGamePopup: open, no close
unblock: blocker ENDTURN_BLOCKING_SPY_CHOOSE_ESCAPE_ROUTE -> escape route DISTRICT_CITY_CENTER of 1 for spy 5636114 LOC_CITIZEN_MAYA_MODERN_MALE_1 level 1 turn 215 city LOC_CITY_NAME_VICTORIA p1 at 49:10 pursuer police | end turn requested
unstuck: InGamePopup: open, no close
unblock: blocker ENDTURN_BLOCKING_SPY_CHOOSE_ESCAPE_ROUTE -> escape route DISTRICT_CITY_CENTER of 1 for spy 5636114 LOC_CITIZEN_MAYA_MODERN_MALE_1 level 1 turn 215 city LOC_CITY_NAME_VICTORIA p1 at 49:10 pursuer police | end turn requested
unstuck: InGamePopup: open, no close
unblock: blocker ENDTURN_BLOCKING_SPY_CHOOSE_ESCAPE_ROUTE -> escape route DISTRICT_CITY_CENTER of 1 for spy 5636114 LOC_CITIZEN_MAYA_MODERN_MALE_1 level 1 turn 215 city LOC_CITY_NAME_VICTORIA p1 at 49:10 pursuer police | end turn requested
unstuck: InGamePopup: open, no close
unblock: blocker ENDTURN_BLOCKING_SPY_CHOOSE_ESCAPE_ROUTE -> escape route DISTRICT_CITY_CENTER of 1 for spy 5636114 LOC_CITIZEN_MAYA_MODERN_MALE_1 level 1 turn 215 city LOC_CITY_NAME_VICTORIA p1 at 49:10 pursuer police | end turn requested
unstuck: InGamePopup: open, no close
unblock: blocker ENDTURN_BLOCKING_SPY_CHOOSE_ESCAPE_ROUTE -> escape route DISTRICT_CITY_CENTER of 1 for spy 5636114 LOC_CITIZEN_MAYA_MODERN_MALE_1 level 1 turn 215 city LOC_CITY_NAME_VICTORIA p1 at 49:10 pursuer police | end turn requested
unstuck: InGamePopup: open, no close
unblock: blocker ENDTURN_BLOCKING_SPY_CHOOSE_ESCAPE_ROUTE -> escape route DISTRICT_CITY_CENTER of 1 for spy 5636114 LOC_CITIZEN_MAYA_MODERN_MALE_1 level 1 turn 215 city LOC_CITY_NAME_VICTORIA p1 at 49:10 pursuer police | end turn requested
unstuck: InGamePopup: open, no close
unblock: blocker ENDTURN_BLOCKING_SPY_CHOOSE_ESCAPE_ROUTE -> escape route DISTRICT_CITY_CENTER of 1 for spy 5636114 LOC_CITIZEN_MAYA_MODERN_MALE_1 level 1 turn 216 city LOC_CITY_NAME_VICTORIA p1 at 49:10 pursuer police | end turn requested
unstuck: InGamePopup: open, no close
unblock: blocker ENDTURN_BLOCKING_SPY_CHOOSE_ESCAPE_ROUTE -> escape route DISTRICT_CITY_CENTER of 1 for spy 5636114 LOC_CITIZEN_MAYA_MODERN_MALE_1 level 1 turn 216 city LOC_CITY_NAME_VICTORIA p1 at 49:10 pursuer police | end turn requested
unstuck: InGamePopup: open, no close
mission CityName=LOC_CITY_NAME_SAINT_JOHN CompletionTurn=217 EscapeResult=-1 InitialResult=3 LevelAfter=1 LootInfo=-1 Name=LOC_CITIZEN_MAYA_MALE_8 Operation=58 PlotIndex=1991
mission CityName=LOC_CITY_NAME_VICTORIA CompletionTurn=215 EscapeResult=-1 InitialResult=2 LevelAfter=1 LootInfo=-1 Name=LOC_CITIZEN_MAYA_MODERN_MALE_1 Operation=58 PlotIndex=889
mission CityName=LOC_CITY_NAME_HALIFAX CompletionTurn=215 EscapeResult=2 InitialResult=2 LevelAfter=2 LootInfo=-1 Name=LOC_CITIZEN_MAYA_MODERN_FEMALE_3 Operation=58 PlotIndex=1409
mission CityName=LOC_CITY_NAME_OTTAWA CompletionTurn=214 EscapeResult=2 InitialResult=2 LevelAfter=1 LootInfo=-1 Name=LOC_CITIZEN_MAYA_MODERN_MALE_10 Operation=58 PlotIndex=978
mission CityName=LOC_CITY_NAME_MONTREAL CompletionTurn=213 EscapeResult=-1 InitialResult=1 LevelAfter=1 LootInfo=-1 Name=LOC_CITIZEN_MAYA_MALE_2 Operation=58 PlotIndex=1314
mission CityName=LOC_CITY_NAME_TORONTO CompletionTurn=213 EscapeResult=2 InitialResult=2 LevelAfter=1 LootInfo=-1 Name=LOC_CITIZEN_MAYA_MODERN_MALE_9 Operation=58 PlotIndex=1818
mission CityName=LOC_CITY_NAME_QUEBEC_CITY CompletionTurn=213 EscapeResult=0 InitialResult=2 LevelAfter=1 LootInfo=-1 Name=LOC_CITIZEN_MAYA_FEMALE_7 Operation=58 PlotIndex=1404
mission CityName=LOC_CITY_NAME_VANCOUVER CompletionTurn=212 EscapeResult=-1 InitialResult=5 LevelAfter=2 LootInfo=-1 Name=LOC_CITIZEN_MAYA_FEMALE_4 Operation=58 PlotIndex=801
mission CityName=LOC_CITY_NAME_KINGSTON CompletionTurn=212 EscapeResult=2 InitialResult=2 LevelAfter=1 LootInfo=-1 Name=LOC_CITIZEN_MAYA_MODERN_FEMALE_4 Operation=58 PlotIndex=1392
mission CityName=LOC_CITY_NAME_BOLOGNA CompletionTurn=212 EscapeResult=-1 InitialResult=5 LevelAfter=2 LootInfo=-1 Name=LOC_CITIZEN_MAYA_FEMALE_1 Operation=58 PlotIndex=1653
mission CityName=LOC_CITY_NAME_VICTORIA CompletionTurn=210 EscapeResult=1 InitialResult=2 LevelAfter=1 LootInfo=-1 Name=LOC_CITIZEN_MAYA_FEMALE_3 Operation=58 PlotIndex=889
mission CityName=LOC_CITY_NAME_SAINT_JOHN CompletionTurn=209 EscapeResult=2 InitialResult=4 LevelAfter=2 LootInfo=-1 Name=LOC_CITIZEN_MAYA_FEMALE_6 Operation=58 PlotIndex=1991
mission CityName=LOC_CITY_NAME_WINNIPEG CompletionTurn=209 EscapeResult=1 InitialResult=4 LevelAfter=2 LootInfo=-1 Name=LOC_CITIZEN_MAYA_MODERN_FEMALE_1 Operation=58 PlotIndex=1743
mission CityName=LOC_CITY_NAME_HALIFAX CompletionTurn=209 EscapeResult=-1 InitialResult=5 LevelAfter=2 LootInfo=-1 Name=LOC_CITIZEN_MAYA_MODERN_FEMALE_3 Operation=58 PlotIndex=1409
mission CityName=LOC_CITY_NAME_OTTAWA CompletionTurn=207 EscapeResult=2 InitialResult=2 LevelAfter=1 LootInfo=-1 Name=LOC_CITIZEN_MAYA_MODERN_MALE_10 Operation=58 PlotIndex=978
mission CityName=LOC_CITY_NAME_MONTREAL CompletionTurn=207 EscapeResult=-1 InitialResult=0 LevelAfter=1 LootInfo=-1 Name=LOC_CITIZEN_MAYA_MODERN_MALE_4 Operation=58 PlotIndex=1314
mission CityName=LOC_CITY_NAME_TORONTO CompletionTurn=207 EscapeResult=-1 InitialResult=1 LevelAfter=1 LootInfo=-1 Name=LOC_CITIZEN_MAYA_MODERN_MALE_6 Operation=58 PlotIndex=1818
mission CityName=LOC_CITY_NAME_QUEBEC_CITY CompletionTurn=207 EscapeResult=-1 InitialResult=1 LevelAfter=1 LootInfo=-1 Name=LOC_CITIZEN_MAYA_MALE_6 Operation=58 PlotIndex=1404
tally 3  FOMENT_UNREST CAPTURED / NO_RESULT
tally 1  FOMENT_UNREST FAIL_MUST_ESCAPE / CAPTURED
tally 5  FOMENT_UNREST FAIL_MUST_ESCAPE / FAIL_MUST_ESCAPE
tally 1  FOMENT_UNREST FAIL_MUST_ESCAPE / KILLED
tally 1  FOMENT_UNREST FAIL_MUST_ESCAPE / NO_RESULT
tally 1  FOMENT_UNREST FAIL_UNDETECTED / NO_RESULT
tally 1  FOMENT_UNREST KILLED / NO_RESULT
tally 1  FOMENT_UNREST SUCCESS_MUST_ESCAPE / CAPTURED
tally 1  FOMENT_UNREST SUCCESS_MUST_ESCAPE / FAIL_MUST_ESCAPE
tally 3  FOMENT_UNREST SUCCESS_UNDETECTED / NO_RESULT
turn 217 spies active 4 idle 5 missions 18 captured-enemy 0
spy 6946818 LOC_CITIZEN_MAYA_MODERN_MALE_9 level 1 at 54:21 refused
spy 6619145 LOC_CITIZEN_MAYA_FEMALE_6 level 2 at 59:23 refused
spy 5832714 LOC_CITIZEN_MAYA_FEMALE_1 level 2 at 57:19 busy
spy 6881291 LOC_CITIZEN_MAYA_MALE_5 level 1 at 54:15 refused
spy 6815757 LOC_CITIZEN_MAYA_MODERN_FEMALE_4 level 1 at 36:46 notarget
spy 6553615 LOC_CITIZEN_MAYA_MALE_8 level 1 at 59:23 refused
spy 5701649 LOC_CITIZEN_MAYA_FEMALE_4 level 2 at 45:9 busy
spy 5636114 LOC_CITIZEN_MAYA_MODERN_MALE_1 level 1 at 49:10 busy
spy 6422548 LOC_CITIZEN_MAYA_MODERN_FEMALE_7 level 1 at 54:11 busy
turn 217 spies 9 started 0 travelled 0 promoted 0 bought 0 gold 50000
unblock: blocker ENDTURN_BLOCKING_SPY_CHOOSE_ESCAPE_ROUTE -> escape route DISTRICT_CITY_CENTER of 1 for spy 5636114 LOC_CITIZEN_MAYA_MODERN_MALE_1 level 1 turn 217 city LOC_CITY_NAME_VICTORIA p1 at 49:10 pursuer police | end turn requested
unstuck: InGamePopup: open, no close
mission CityName=LOC_CITY_NAME_SAINT_JOHN CompletionTurn=217 EscapeResult=-1 InitialResult=3 LevelAfter=1 LootInfo=-1 Name=LOC_CITIZEN_MAYA_MALE_8 Operation=58 PlotIndex=1991
mission CityName=LOC_CITY_NAME_VICTORIA CompletionTurn=215 EscapeResult=-1 InitialResult=2 LevelAfter=1 LootInfo=-1 Name=LOC_CITIZEN_MAYA_MODERN_MALE_1 Operation=58 PlotIndex=889
mission CityName=LOC_CITY_NAME_HALIFAX CompletionTurn=215 EscapeResult=2 InitialResult=2 LevelAfter=2 LootInfo=-1 Name=LOC_CITIZEN_MAYA_MODERN_FEMALE_3 Operation=58 PlotIndex=1409
mission CityName=LOC_CITY_NAME_OTTAWA CompletionTurn=214 EscapeResult=2 InitialResult=2 LevelAfter=1 LootInfo=-1 Name=LOC_CITIZEN_MAYA_MODERN_MALE_10 Operation=58 PlotIndex=978
mission CityName=LOC_CITY_NAME_MONTREAL CompletionTurn=213 EscapeResult=-1 InitialResult=1 LevelAfter=1 LootInfo=-1 Name=LOC_CITIZEN_MAYA_MALE_2 Operation=58 PlotIndex=1314
mission CityName=LOC_CITY_NAME_TORONTO CompletionTurn=213 EscapeResult=2 InitialResult=2 LevelAfter=1 LootInfo=-1 Name=LOC_CITIZEN_MAYA_MODERN_MALE_9 Operation=58 PlotIndex=1818
mission CityName=LOC_CITY_NAME_QUEBEC_CITY CompletionTurn=213 EscapeResult=0 InitialResult=2 LevelAfter=1 LootInfo=-1 Name=LOC_CITIZEN_MAYA_FEMALE_7 Operation=58 PlotIndex=1404
mission CityName=LOC_CITY_NAME_VANCOUVER CompletionTurn=212 EscapeResult=-1 InitialResult=5 LevelAfter=2 LootInfo=-1 Name=LOC_CITIZEN_MAYA_FEMALE_4 Operation=58 PlotIndex=801
mission CityName=LOC_CITY_NAME_KINGSTON CompletionTurn=212 EscapeResult=2 InitialResult=2 LevelAfter=1 LootInfo=-1 Name=LOC_CITIZEN_MAYA_MODERN_FEMALE_4 Operation=58 PlotIndex=1392
mission CityName=LOC_CITY_NAME_BOLOGNA CompletionTurn=212 EscapeResult=-1 InitialResult=5 LevelAfter=2 LootInfo=-1 Name=LOC_CITIZEN_MAYA_FEMALE_1 Operation=58 PlotIndex=1653
mission CityName=LOC_CITY_NAME_VICTORIA CompletionTurn=210 EscapeResult=1 InitialResult=2 LevelAfter=1 LootInfo=-1 Name=LOC_CITIZEN_MAYA_FEMALE_3 Operation=58 PlotIndex=889
mission CityName=LOC_CITY_NAME_SAINT_JOHN CompletionTurn=209 EscapeResult=2 InitialResult=4 LevelAfter=2 LootInfo=-1 Name=LOC_CITIZEN_MAYA_FEMALE_6 Operation=58 PlotIndex=1991
mission CityName=LOC_CITY_NAME_WINNIPEG CompletionTurn=209 EscapeResult=1 InitialResult=4 LevelAfter=2 LootInfo=-1 Name=LOC_CITIZEN_MAYA_MODERN_FEMALE_1 Operation=58 PlotIndex=1743
mission CityName=LOC_CITY_NAME_HALIFAX CompletionTurn=209 EscapeResult=-1 InitialResult=5 LevelAfter=2 LootInfo=-1 Name=LOC_CITIZEN_MAYA_MODERN_FEMALE_3 Operation=58 PlotIndex=1409
mission CityName=LOC_CITY_NAME_OTTAWA CompletionTurn=207 EscapeResult=2 InitialResult=2 LevelAfter=1 LootInfo=-1 Name=LOC_CITIZEN_MAYA_MODERN_MALE_10 Operation=58 PlotIndex=978
mission CityName=LOC_CITY_NAME_MONTREAL CompletionTurn=207 EscapeResult=-1 InitialResult=0 LevelAfter=1 LootInfo=-1 Name=LOC_CITIZEN_MAYA_MODERN_MALE_4 Operation=58 PlotIndex=1314
mission CityName=LOC_CITY_NAME_TORONTO CompletionTurn=207 EscapeResult=-1 InitialResult=1 LevelAfter=1 LootInfo=-1 Name=LOC_CITIZEN_MAYA_MODERN_MALE_6 Operation=58 PlotIndex=1818
mission CityName=LOC_CITY_NAME_QUEBEC_CITY CompletionTurn=207 EscapeResult=-1 InitialResult=1 LevelAfter=1 LootInfo=-1 Name=LOC_CITIZEN_MAYA_MALE_6 Operation=58 PlotIndex=1404
tally 3  FOMENT_UNREST CAPTURED / NO_RESULT
tally 1  FOMENT_UNREST FAIL_MUST_ESCAPE / CAPTURED
tally 5  FOMENT_UNREST FAIL_MUST_ESCAPE / FAIL_MUST_ESCAPE
tally 1  FOMENT_UNREST FAIL_MUST_ESCAPE / KILLED
tally 1  FOMENT_UNREST FAIL_MUST_ESCAPE / NO_RESULT
tally 1  FOMENT_UNREST FAIL_UNDETECTED / NO_RESULT
tally 1  FOMENT_UNREST KILLED / NO_RESULT
tally 1  FOMENT_UNREST SUCCESS_MUST_ESCAPE / CAPTURED
tally 1  FOMENT_UNREST SUCCESS_MUST_ESCAPE / FAIL_MUST_ESCAPE
tally 3  FOMENT_UNREST SUCCESS_UNDETECTED / NO_RESULT
turn 217 spies active 4 idle 5 missions 18 captured-enemy 0
spy 6946818 LOC_CITIZEN_MAYA_MODERN_MALE_9 level 1 at 54:21 start
spy 6619145 LOC_CITIZEN_MAYA_FEMALE_6 level 2 at 59:23 start
spy 5832714 LOC_CITIZEN_MAYA_FEMALE_1 level 2 at 57:19 busy
spy 6881291 LOC_CITIZEN_MAYA_MALE_5 level 1 at 54:15 start
spy 6815757 LOC_CITIZEN_MAYA_MODERN_FEMALE_4 level 1 at 36:46 travel
spy 6553615 LOC_CITIZEN_MAYA_MALE_8 level 1 at 59:23 start
spy 5701649 LOC_CITIZEN_MAYA_FEMALE_4 level 2 at 45:9 busy
spy 5636114 LOC_CITIZEN_MAYA_MODERN_MALE_1 level 1 at 49:10 busy
spy 6422548 LOC_CITIZEN_MAYA_MODERN_FEMALE_7 level 1 at 54:11 busy
turn 217 spies 9 started 4 travelled 1 promoted 0 bought 0 gold 50000
unblock: blocker ENDTURN_BLOCKING_SPY_CHOOSE_ESCAPE_ROUTE -> escape route DISTRICT_CITY_CENTER of 1 for spy 5636114 LOC_CITIZEN_MAYA_MODERN_MALE_1 level 1 turn 217 city LOC_CITY_NAME_VICTORIA p1 at 49:10 pursuer police | end turn requested
unstuck: InGamePopup: open, no close
unstuck: NaturalDisasterPopup: closed
unblock: blocker ENDTURN_BLOCKING_SPY_CHOOSE_ESCAPE_ROUTE -> escape route DISTRICT_CITY_CENTER of 1 for spy 5832714 LOC_CITIZEN_MAYA_FEMALE_1 level 2 turn 218 city LOC_CITY_NAME_BOLOGNA p1 at 57:19 pursuer police | end turn requested
unstuck: InGamePopup: open, no close
mission CityName=LOC_CITY_NAME_OTTAWA CompletionTurn=219 EscapeResult=-1 InitialResult=1 LevelAfter=1 LootInfo=-1 Name=LOC_CITIZEN_MAYA_MODERN_FEMALE_7 Operation=58 PlotIndex=978
mission CityName=LOC_CITY_NAME_VANCOUVER CompletionTurn=218 EscapeResult=-1 InitialResult=5 LevelAfter=3 LootInfo=-1 Name=LOC_CITIZEN_MAYA_FEMALE_4 Operation=58 PlotIndex=801
mission CityName=LOC_CITY_NAME_BOLOGNA CompletionTurn=218 EscapeResult=-1 InitialResult=2 LevelAfter=2 LootInfo=-1 Name=LOC_CITIZEN_MAYA_FEMALE_1 Operation=58 PlotIndex=1653
mission CityName=LOC_CITY_NAME_SAINT_JOHN CompletionTurn=217 EscapeResult=-1 InitialResult=3 LevelAfter=1 LootInfo=-1 Name=LOC_CITIZEN_MAYA_MALE_8 Operation=58 PlotIndex=1991
mission CityName=LOC_CITY_NAME_VICTORIA CompletionTurn=215 EscapeResult=-1 InitialResult=2 LevelAfter=1 LootInfo=-1 Name=LOC_CITIZEN_MAYA_MODERN_MALE_1 Operation=58 PlotIndex=889
mission CityName=LOC_CITY_NAME_HALIFAX CompletionTurn=215 EscapeResult=2 InitialResult=2 LevelAfter=2 LootInfo=-1 Name=LOC_CITIZEN_MAYA_MODERN_FEMALE_3 Operation=58 PlotIndex=1409
mission CityName=LOC_CITY_NAME_OTTAWA CompletionTurn=214 EscapeResult=2 InitialResult=2 LevelAfter=1 LootInfo=-1 Name=LOC_CITIZEN_MAYA_MODERN_MALE_10 Operation=58 PlotIndex=978
mission CityName=LOC_CITY_NAME_MONTREAL CompletionTurn=213 EscapeResult=-1 InitialResult=1 LevelAfter=1 LootInfo=-1 Name=LOC_CITIZEN_MAYA_MALE_2 Operation=58 PlotIndex=1314
mission CityName=LOC_CITY_NAME_TORONTO CompletionTurn=213 EscapeResult=2 InitialResult=2 LevelAfter=1 LootInfo=-1 Name=LOC_CITIZEN_MAYA_MODERN_MALE_9 Operation=58 PlotIndex=1818
mission CityName=LOC_CITY_NAME_QUEBEC_CITY CompletionTurn=213 EscapeResult=0 InitialResult=2 LevelAfter=1 LootInfo=-1 Name=LOC_CITIZEN_MAYA_FEMALE_7 Operation=58 PlotIndex=1404
mission CityName=LOC_CITY_NAME_VANCOUVER CompletionTurn=212 EscapeResult=-1 InitialResult=5 LevelAfter=2 LootInfo=-1 Name=LOC_CITIZEN_MAYA_FEMALE_4 Operation=58 PlotIndex=801
mission CityName=LOC_CITY_NAME_KINGSTON CompletionTurn=212 EscapeResult=2 InitialResult=2 LevelAfter=1 LootInfo=-1 Name=LOC_CITIZEN_MAYA_MODERN_FEMALE_4 Operation=58 PlotIndex=1392
mission CityName=LOC_CITY_NAME_BOLOGNA CompletionTurn=212 EscapeResult=-1 InitialResult=5 LevelAfter=2 LootInfo=-1 Name=LOC_CITIZEN_MAYA_FEMALE_1 Operation=58 PlotIndex=1653
mission CityName=LOC_CITY_NAME_VICTORIA CompletionTurn=210 EscapeResult=1 InitialResult=2 LevelAfter=1 LootInfo=-1 Name=LOC_CITIZEN_MAYA_FEMALE_3 Operation=58 PlotIndex=889
mission CityName=LOC_CITY_NAME_SAINT_JOHN CompletionTurn=209 EscapeResult=2 InitialResult=4 LevelAfter=2 LootInfo=-1 Name=LOC_CITIZEN_MAYA_FEMALE_6 Operation=58 PlotIndex=1991
mission CityName=LOC_CITY_NAME_WINNIPEG CompletionTurn=209 EscapeResult=1 InitialResult=4 LevelAfter=2 LootInfo=-1 Name=LOC_CITIZEN_MAYA_MODERN_FEMALE_1 Operation=58 PlotIndex=1743
mission CityName=LOC_CITY_NAME_HALIFAX CompletionTurn=209 EscapeResult=-1 InitialResult=5 LevelAfter=2 LootInfo=-1 Name=LOC_CITIZEN_MAYA_MODERN_FEMALE_3 Operation=58 PlotIndex=1409
mission CityName=LOC_CITY_NAME_OTTAWA CompletionTurn=207 EscapeResult=2 InitialResult=2 LevelAfter=1 LootInfo=-1 Name=LOC_CITIZEN_MAYA_MODERN_MALE_10 Operation=58 PlotIndex=978
mission CityName=LOC_CITY_NAME_MONTREAL CompletionTurn=207 EscapeResult=-1 InitialResult=0 LevelAfter=1 LootInfo=-1 Name=LOC_CITIZEN_MAYA_MODERN_MALE_4 Operation=58 PlotIndex=1314
mission CityName=LOC_CITY_NAME_TORONTO CompletionTurn=207 EscapeResult=-1 InitialResult=1 LevelAfter=1 LootInfo=-1 Name=LOC_CITIZEN_MAYA_MODERN_MALE_6 Operation=58 PlotIndex=1818
mission CityName=LOC_CITY_NAME_QUEBEC_CITY CompletionTurn=207 EscapeResult=-1 InitialResult=1 LevelAfter=1 LootInfo=-1 Name=LOC_CITIZEN_MAYA_MALE_6 Operation=58 PlotIndex=1404
tally 4  FOMENT_UNREST CAPTURED / NO_RESULT
tally 1  FOMENT_UNREST FAIL_MUST_ESCAPE / CAPTURED
tally 5  FOMENT_UNREST FAIL_MUST_ESCAPE / FAIL_MUST_ESCAPE
tally 1  FOMENT_UNREST FAIL_MUST_ESCAPE / KILLED
tally 2  FOMENT_UNREST FAIL_MUST_ESCAPE / NO_RESULT
tally 1  FOMENT_UNREST FAIL_UNDETECTED / NO_RESULT
tally 1  FOMENT_UNREST KILLED / NO_RESULT
tally 1  FOMENT_UNREST SUCCESS_MUST_ESCAPE / CAPTURED
tally 1  FOMENT_UNREST SUCCESS_MUST_ESCAPE / FAIL_MUST_ESCAPE
tally 4  FOMENT_UNREST SUCCESS_UNDETECTED / NO_RESULT
turn 219 spies active 3 idle 7 missions 21 captured-enemy 0
spy 7012352 LOC_CITIZEN_MAYA_MODERN_MALE_10 level 1 at 36:46 travel
spy 6946818 LOC_CITIZEN_MAYA_MODERN_MALE_9 level 1 at 54:21 start
spy 6619145 LOC_CITIZEN_MAYA_FEMALE_6 level 2 at 59:23 start
spy 5832714 LOC_CITIZEN_MAYA_FEMALE_1 level 2 at 57:19 busy
spy 6881291 LOC_CITIZEN_MAYA_MALE_5 level 1 at 54:15 start
spy 6815757 LOC_CITIZEN_MAYA_MODERN_FEMALE_4 level 1 at 36:46 travel
spy 7077902 LOC_CITIZEN_MAYA_MODERN_FEMALE_3 level 2 at 36:46 travel
spy 6553615 LOC_CITIZEN_MAYA_MALE_8 level 1 at 59:23 start
spy 5701649 LOC_CITIZEN_MAYA_FEMALE_4 level 2 at 45:9 start
spy 5636114 LOC_CITIZEN_MAYA_MODERN_MALE_1 level 1 at 49:10 busy
turn 219 spies 10 started 5 travelled 3 promoted 1 bought 0 gold 50000
unblock: blocker ENDTURN_BLOCKING_SPY_CHOOSE_ESCAPE_ROUTE -> escape route DISTRICT_CITY_CENTER of 1 for spy 5832714 LOC_CITIZEN_MAYA_FEMALE_1 level 2 turn 219 city LOC_CITY_NAME_BOLOGNA p1 at 57:19 pursuer police | end turn requested
unstuck: InGamePopup: open, no close
unblock: blocker ENDTURN_BLOCKING_SPY_CHOOSE_ESCAPE_ROUTE -> escape route DISTRICT_CITY_CENTER of 1 for spy 5636114 LOC_CITIZEN_MAYA_MODERN_MALE_1 level 1 turn 219 city LOC_CITY_NAME_VICTORIA p1 at 49:10 pursuer police | end turn requested
unstuck: InGamePopup: open, no close
unblock: blocker ENDTURN_BLOCKING_SPY_CHOOSE_ESCAPE_ROUTE -> escape route DISTRICT_CITY_CENTER of 1 for spy 5636114 LOC_CITIZEN_MAYA_MODERN_MALE_1 level 1 turn 219 city LOC_CITY_NAME_VICTORIA p1 at 49:10 pursuer police | end turn requested
unstuck: closed sessions [7:7]
unstuck: DiplomacyActionView: Closing Diplomacy Action View. m_eventID: 1059709
unstuck: InGamePopup: open, no close
mission CityName=LOC_CITY_NAME_OTTAWA CompletionTurn=219 EscapeResult=-1 InitialResult=1 LevelAfter=1 LootInfo=-1 Name=LOC_CITIZEN_MAYA_MODERN_FEMALE_7 Operation=58 PlotIndex=978
mission CityName=LOC_CITY_NAME_VANCOUVER CompletionTurn=218 EscapeResult=-1 InitialResult=5 LevelAfter=3 LootInfo=-1 Name=LOC_CITIZEN_MAYA_FEMALE_4 Operation=58 PlotIndex=801
mission CityName=LOC_CITY_NAME_BOLOGNA CompletionTurn=218 EscapeResult=1 InitialResult=2 LevelAfter=2 LootInfo=-1 Name=LOC_CITIZEN_MAYA_FEMALE_1 Operation=58 PlotIndex=1653
mission CityName=LOC_CITY_NAME_SAINT_JOHN CompletionTurn=217 EscapeResult=-1 InitialResult=3 LevelAfter=1 LootInfo=-1 Name=LOC_CITIZEN_MAYA_MALE_8 Operation=58 PlotIndex=1991
mission CityName=LOC_CITY_NAME_VICTORIA CompletionTurn=215 EscapeResult=-1 InitialResult=2 LevelAfter=1 LootInfo=-1 Name=LOC_CITIZEN_MAYA_MODERN_MALE_1 Operation=58 PlotIndex=889
mission CityName=LOC_CITY_NAME_HALIFAX CompletionTurn=215 EscapeResult=2 InitialResult=2 LevelAfter=2 LootInfo=-1 Name=LOC_CITIZEN_MAYA_MODERN_FEMALE_3 Operation=58 PlotIndex=1409
mission CityName=LOC_CITY_NAME_OTTAWA CompletionTurn=214 EscapeResult=2 InitialResult=2 LevelAfter=1 LootInfo=-1 Name=LOC_CITIZEN_MAYA_MODERN_MALE_10 Operation=58 PlotIndex=978
mission CityName=LOC_CITY_NAME_MONTREAL CompletionTurn=213 EscapeResult=-1 InitialResult=1 LevelAfter=1 LootInfo=-1 Name=LOC_CITIZEN_MAYA_MALE_2 Operation=58 PlotIndex=1314
mission CityName=LOC_CITY_NAME_TORONTO CompletionTurn=213 EscapeResult=2 InitialResult=2 LevelAfter=1 LootInfo=-1 Name=LOC_CITIZEN_MAYA_MODERN_MALE_9 Operation=58 PlotIndex=1818
mission CityName=LOC_CITY_NAME_QUEBEC_CITY CompletionTurn=213 EscapeResult=0 InitialResult=2 LevelAfter=1 LootInfo=-1 Name=LOC_CITIZEN_MAYA_FEMALE_7 Operation=58 PlotIndex=1404
mission CityName=LOC_CITY_NAME_VANCOUVER CompletionTurn=212 EscapeResult=-1 InitialResult=5 LevelAfter=2 LootInfo=-1 Name=LOC_CITIZEN_MAYA_FEMALE_4 Operation=58 PlotIndex=801
mission CityName=LOC_CITY_NAME_KINGSTON CompletionTurn=212 EscapeResult=2 InitialResult=2 LevelAfter=1 LootInfo=-1 Name=LOC_CITIZEN_MAYA_MODERN_FEMALE_4 Operation=58 PlotIndex=1392
mission CityName=LOC_CITY_NAME_BOLOGNA CompletionTurn=212 EscapeResult=-1 InitialResult=5 LevelAfter=2 LootInfo=-1 Name=LOC_CITIZEN_MAYA_FEMALE_1 Operation=58 PlotIndex=1653
mission CityName=LOC_CITY_NAME_VICTORIA CompletionTurn=210 EscapeResult=1 InitialResult=2 LevelAfter=1 LootInfo=-1 Name=LOC_CITIZEN_MAYA_FEMALE_3 Operation=58 PlotIndex=889
mission CityName=LOC_CITY_NAME_SAINT_JOHN CompletionTurn=209 EscapeResult=2 InitialResult=4 LevelAfter=2 LootInfo=-1 Name=LOC_CITIZEN_MAYA_FEMALE_6 Operation=58 PlotIndex=1991
mission CityName=LOC_CITY_NAME_WINNIPEG CompletionTurn=209 EscapeResult=1 InitialResult=4 LevelAfter=2 LootInfo=-1 Name=LOC_CITIZEN_MAYA_MODERN_FEMALE_1 Operation=58 PlotIndex=1743
mission CityName=LOC_CITY_NAME_HALIFAX CompletionTurn=209 EscapeResult=-1 InitialResult=5 LevelAfter=2 LootInfo=-1 Name=LOC_CITIZEN_MAYA_MODERN_FEMALE_3 Operation=58 PlotIndex=1409
mission CityName=LOC_CITY_NAME_OTTAWA CompletionTurn=207 EscapeResult=2 InitialResult=2 LevelAfter=1 LootInfo=-1 Name=LOC_CITIZEN_MAYA_MODERN_MALE_10 Operation=58 PlotIndex=978
mission CityName=LOC_CITY_NAME_MONTREAL CompletionTurn=207 EscapeResult=-1 InitialResult=0 LevelAfter=1 LootInfo=-1 Name=LOC_CITIZEN_MAYA_MODERN_MALE_4 Operation=58 PlotIndex=1314
mission CityName=LOC_CITY_NAME_TORONTO CompletionTurn=207 EscapeResult=-1 InitialResult=1 LevelAfter=1 LootInfo=-1 Name=LOC_CITIZEN_MAYA_MODERN_MALE_6 Operation=58 PlotIndex=1818
mission CityName=LOC_CITY_NAME_QUEBEC_CITY CompletionTurn=207 EscapeResult=-1 InitialResult=1 LevelAfter=1 LootInfo=-1 Name=LOC_CITIZEN_MAYA_MALE_6 Operation=58 PlotIndex=1404
tally 4  FOMENT_UNREST CAPTURED / NO_RESULT
tally 2  FOMENT_UNREST FAIL_MUST_ESCAPE / CAPTURED
tally 5  FOMENT_UNREST FAIL_MUST_ESCAPE / FAIL_MUST_ESCAPE
tally 1  FOMENT_UNREST FAIL_MUST_ESCAPE / KILLED
tally 1  FOMENT_UNREST FAIL_MUST_ESCAPE / NO_RESULT
tally 1  FOMENT_UNREST FAIL_UNDETECTED / NO_RESULT
tally 1  FOMENT_UNREST KILLED / NO_RESULT
tally 1  FOMENT_UNREST SUCCESS_MUST_ESCAPE / CAPTURED
tally 1  FOMENT_UNREST SUCCESS_MUST_ESCAPE / FAIL_MUST_ESCAPE
tally 4  FOMENT_UNREST SUCCESS_UNDETECTED / NO_RESULT
turn 220 spies active 5 idle 2 missions 21 captured-enemy 0
spy 6946818 LOC_CITIZEN_MAYA_MODERN_MALE_9 level 1 at 54:21 busy
spy 6619145 LOC_CITIZEN_MAYA_FEMALE_6 level 2 at 59:23 busy
spy 6881291 LOC_CITIZEN_MAYA_MALE_5 level 1 at 54:15 busy
spy 6553615 LOC_CITIZEN_MAYA_MALE_8 level 1 at 59:23 refused
spy 5701649 LOC_CITIZEN_MAYA_FEMALE_4 level 3 at 45:9 busy
spy 5636114 LOC_CITIZEN_MAYA_MODERN_MALE_1 level 1 at 49:10 busy
spy 7143444 LOC_CITIZEN_MAYA_MODERN_FEMALE_3 level 2 at 65:16 start
turn 220 spies 7 started 1 travelled 0 promoted 0 bought 0 gold 50000
unblock: blocker ENDTURN_BLOCKING_SPY_CHOOSE_ESCAPE_ROUTE -> escape route DISTRICT_CITY_CENTER of 1 for spy 5636114 LOC_CITIZEN_MAYA_MODERN_MALE_1 level 1 turn 220 city LOC_CITY_NAME_VICTORIA p1 at 49:10 pursuer police | end turn requested
unstuck: InGamePopup: open, no close
unblock: blocker ENDTURN_BLOCKING_CONSIDER_DISLOYAL_CITY -> nothing | end turn requested
unstuck: InGamePopup: open, no close
unblock: blocker ENDTURN_BLOCKING_PRODUCTION -> TIKAL builds BUILDING_MONUMENT | end turn requested
unstuck: InGamePopup: open, no close
mission CityName=LOC_CITY_NAME_OTTAWA CompletionTurn=219 EscapeResult=-1 InitialResult=1 LevelAfter=1 LootInfo=-1 Name=LOC_CITIZEN_MAYA_MODERN_FEMALE_7 Operation=58 PlotIndex=978
mission CityName=LOC_CITY_NAME_VANCOUVER CompletionTurn=218 EscapeResult=-1 InitialResult=5 LevelAfter=3 LootInfo=-1 Name=LOC_CITIZEN_MAYA_FEMALE_4 Operation=58 PlotIndex=801
mission CityName=LOC_CITY_NAME_BOLOGNA CompletionTurn=218 EscapeResult=1 InitialResult=2 LevelAfter=2 LootInfo=-1 Name=LOC_CITIZEN_MAYA_FEMALE_1 Operation=58 PlotIndex=1653
mission CityName=LOC_CITY_NAME_SAINT_JOHN CompletionTurn=217 EscapeResult=-1 InitialResult=3 LevelAfter=1 LootInfo=-1 Name=LOC_CITIZEN_MAYA_MALE_8 Operation=58 PlotIndex=1991
mission CityName=LOC_CITY_NAME_VICTORIA CompletionTurn=215 EscapeResult=0 InitialResult=2 LevelAfter=1 LootInfo=-1 Name=LOC_CITIZEN_MAYA_MODERN_MALE_1 Operation=58 PlotIndex=889
mission CityName=LOC_CITY_NAME_HALIFAX CompletionTurn=215 EscapeResult=2 InitialResult=2 LevelAfter=2 LootInfo=-1 Name=LOC_CITIZEN_MAYA_MODERN_FEMALE_3 Operation=58 PlotIndex=1409
mission CityName=LOC_CITY_NAME_OTTAWA CompletionTurn=214 EscapeResult=2 InitialResult=2 LevelAfter=1 LootInfo=-1 Name=LOC_CITIZEN_MAYA_MODERN_MALE_10 Operation=58 PlotIndex=978
mission CityName=LOC_CITY_NAME_MONTREAL CompletionTurn=213 EscapeResult=-1 InitialResult=1 LevelAfter=1 LootInfo=-1 Name=LOC_CITIZEN_MAYA_MALE_2 Operation=58 PlotIndex=1314
mission CityName=LOC_CITY_NAME_TORONTO CompletionTurn=213 EscapeResult=2 InitialResult=2 LevelAfter=1 LootInfo=-1 Name=LOC_CITIZEN_MAYA_MODERN_MALE_9 Operation=58 PlotIndex=1818
mission CityName=LOC_CITY_NAME_QUEBEC_CITY CompletionTurn=213 EscapeResult=0 InitialResult=2 LevelAfter=1 LootInfo=-1 Name=LOC_CITIZEN_MAYA_FEMALE_7 Operation=58 PlotIndex=1404
mission CityName=LOC_CITY_NAME_VANCOUVER CompletionTurn=212 EscapeResult=-1 InitialResult=5 LevelAfter=2 LootInfo=-1 Name=LOC_CITIZEN_MAYA_FEMALE_4 Operation=58 PlotIndex=801
mission CityName=LOC_CITY_NAME_KINGSTON CompletionTurn=212 EscapeResult=2 InitialResult=2 LevelAfter=1 LootInfo=-1 Name=LOC_CITIZEN_MAYA_MODERN_FEMALE_4 Operation=58 PlotIndex=1392
mission CityName=LOC_CITY_NAME_BOLOGNA CompletionTurn=212 EscapeResult=-1 InitialResult=5 LevelAfter=2 LootInfo=-1 Name=LOC_CITIZEN_MAYA_FEMALE_1 Operation=58 PlotIndex=1653
mission CityName=LOC_CITY_NAME_VICTORIA CompletionTurn=210 EscapeResult=1 InitialResult=2 LevelAfter=1 LootInfo=-1 Name=LOC_CITIZEN_MAYA_FEMALE_3 Operation=58 PlotIndex=889
mission CityName=LOC_CITY_NAME_SAINT_JOHN CompletionTurn=209 EscapeResult=2 InitialResult=4 LevelAfter=2 LootInfo=-1 Name=LOC_CITIZEN_MAYA_FEMALE_6 Operation=58 PlotIndex=1991
mission CityName=LOC_CITY_NAME_WINNIPEG CompletionTurn=209 EscapeResult=1 InitialResult=4 LevelAfter=2 LootInfo=-1 Name=LOC_CITIZEN_MAYA_MODERN_FEMALE_1 Operation=58 PlotIndex=1743
mission CityName=LOC_CITY_NAME_HALIFAX CompletionTurn=209 EscapeResult=-1 InitialResult=5 LevelAfter=2 LootInfo=-1 Name=LOC_CITIZEN_MAYA_MODERN_FEMALE_3 Operation=58 PlotIndex=1409
mission CityName=LOC_CITY_NAME_OTTAWA CompletionTurn=207 EscapeResult=2 InitialResult=2 LevelAfter=1 LootInfo=-1 Name=LOC_CITIZEN_MAYA_MODERN_MALE_10 Operation=58 PlotIndex=978
mission CityName=LOC_CITY_NAME_MONTREAL CompletionTurn=207 EscapeResult=-1 InitialResult=0 LevelAfter=1 LootInfo=-1 Name=LOC_CITIZEN_MAYA_MODERN_MALE_4 Operation=58 PlotIndex=1314
mission CityName=LOC_CITY_NAME_TORONTO CompletionTurn=207 EscapeResult=-1 InitialResult=1 LevelAfter=1 LootInfo=-1 Name=LOC_CITIZEN_MAYA_MODERN_MALE_6 Operation=58 PlotIndex=1818
mission CityName=LOC_CITY_NAME_QUEBEC_CITY CompletionTurn=207 EscapeResult=-1 InitialResult=1 LevelAfter=1 LootInfo=-1 Name=LOC_CITIZEN_MAYA_MALE_6 Operation=58 PlotIndex=1404
tally 4  FOMENT_UNREST CAPTURED / NO_RESULT
tally 2  FOMENT_UNREST FAIL_MUST_ESCAPE / CAPTURED
tally 5  FOMENT_UNREST FAIL_MUST_ESCAPE / FAIL_MUST_ESCAPE
tally 2  FOMENT_UNREST FAIL_MUST_ESCAPE / KILLED
tally 1  FOMENT_UNREST FAIL_UNDETECTED / NO_RESULT
tally 1  FOMENT_UNREST KILLED / NO_RESULT
tally 1  FOMENT_UNREST SUCCESS_MUST_ESCAPE / CAPTURED
tally 1  FOMENT_UNREST SUCCESS_MUST_ESCAPE / FAIL_MUST_ESCAPE
tally 4  FOMENT_UNREST SUCCESS_UNDETECTED / NO_RESULT
turn 221 spies active 4 idle 2 missions 21 captured-enemy 0
spy 6946818 LOC_CITIZEN_MAYA_MODERN_MALE_9 level 1 at 54:21 busy
spy 6619145 LOC_CITIZEN_MAYA_FEMALE_6 level 2 at 59:23 busy
spy 6881291 LOC_CITIZEN_MAYA_MALE_5 level 1 at 54:15 busy
spy 7274510 LOC_CITIZEN_MAYA_MODERN_FEMALE_4 level 1 at 60:16 start
spy 6553615 LOC_CITIZEN_MAYA_MALE_8 level 1 at 59:23 refused
spy 5701649 LOC_CITIZEN_MAYA_FEMALE_4 level 3 at 45:9 start
spy 7208978 LOC_CITIZEN_MAYA_MODERN_MALE_10 level 1 at 54:11 start
spy 7143444 LOC_CITIZEN_MAYA_MODERN_FEMALE_3 level 2 at 65:16 busy
turn 221 spies 8 started 3 travelled 0 promoted 0 bought 2 gold 50000
unblock: blocker ENDTURN_BLOCKING_PRODUCTION -> TIKAL builds BUILDING_MONUMENT | end turn requested
unstuck: InGamePopup: open, no close
unblock: blocker ENDTURN_BLOCKING_RESEARCH -> research TECH_CARTOGRAPHY | end turn requested
unstuck: InGamePopup: open, no close
unblock: blocker ENDTURN_BLOCKING_WORLD_CONGRESS_SESSION -> nothing | end turn requested
unstuck: InGamePopup: open, no close
unstuck: WorldCongressIntro: closed
unstuck: WorldCongressPopup: closed
mission CityName=LOC_CITY_NAME_OTTAWA CompletionTurn=219 EscapeResult=-1 InitialResult=1 LevelAfter=1 LootInfo=-1 Name=LOC_CITIZEN_MAYA_MODERN_FEMALE_7 Operation=58 PlotIndex=978
mission CityName=LOC_CITY_NAME_VANCOUVER CompletionTurn=218 EscapeResult=-1 InitialResult=5 LevelAfter=3 LootInfo=-1 Name=LOC_CITIZEN_MAYA_FEMALE_4 Operation=58 PlotIndex=801
mission CityName=LOC_CITY_NAME_BOLOGNA CompletionTurn=218 EscapeResult=1 InitialResult=2 LevelAfter=2 LootInfo=-1 Name=LOC_CITIZEN_MAYA_FEMALE_1 Operation=58 PlotIndex=1653
mission CityName=LOC_CITY_NAME_SAINT_JOHN CompletionTurn=217 EscapeResult=-1 InitialResult=3 LevelAfter=1 LootInfo=-1 Name=LOC_CITIZEN_MAYA_MALE_8 Operation=58 PlotIndex=1991
mission CityName=LOC_CITY_NAME_VICTORIA CompletionTurn=215 EscapeResult=0 InitialResult=2 LevelAfter=1 LootInfo=-1 Name=LOC_CITIZEN_MAYA_MODERN_MALE_1 Operation=58 PlotIndex=889
mission CityName=LOC_CITY_NAME_HALIFAX CompletionTurn=215 EscapeResult=2 InitialResult=2 LevelAfter=2 LootInfo=-1 Name=LOC_CITIZEN_MAYA_MODERN_FEMALE_3 Operation=58 PlotIndex=1409
mission CityName=LOC_CITY_NAME_OTTAWA CompletionTurn=214 EscapeResult=2 InitialResult=2 LevelAfter=1 LootInfo=-1 Name=LOC_CITIZEN_MAYA_MODERN_MALE_10 Operation=58 PlotIndex=978
mission CityName=LOC_CITY_NAME_MONTREAL CompletionTurn=213 EscapeResult=-1 InitialResult=1 LevelAfter=1 LootInfo=-1 Name=LOC_CITIZEN_MAYA_MALE_2 Operation=58 PlotIndex=1314
mission CityName=LOC_CITY_NAME_TORONTO CompletionTurn=213 EscapeResult=2 InitialResult=2 LevelAfter=1 LootInfo=-1 Name=LOC_CITIZEN_MAYA_MODERN_MALE_9 Operation=58 PlotIndex=1818
mission CityName=LOC_CITY_NAME_QUEBEC_CITY CompletionTurn=213 EscapeResult=0 InitialResult=2 LevelAfter=1 LootInfo=-1 Name=LOC_CITIZEN_MAYA_FEMALE_7 Operation=58 PlotIndex=1404
mission CityName=LOC_CITY_NAME_VANCOUVER CompletionTurn=212 EscapeResult=-1 InitialResult=5 LevelAfter=2 LootInfo=-1 Name=LOC_CITIZEN_MAYA_FEMALE_4 Operation=58 PlotIndex=801
mission CityName=LOC_CITY_NAME_KINGSTON CompletionTurn=212 EscapeResult=2 InitialResult=2 LevelAfter=1 LootInfo=-1 Name=LOC_CITIZEN_MAYA_MODERN_FEMALE_4 Operation=58 PlotIndex=1392
mission CityName=LOC_CITY_NAME_BOLOGNA CompletionTurn=212 EscapeResult=-1 InitialResult=5 LevelAfter=2 LootInfo=-1 Name=LOC_CITIZEN_MAYA_FEMALE_1 Operation=58 PlotIndex=1653
mission CityName=LOC_CITY_NAME_VICTORIA CompletionTurn=210 EscapeResult=1 InitialResult=2 LevelAfter=1 LootInfo=-1 Name=LOC_CITIZEN_MAYA_FEMALE_3 Operation=58 PlotIndex=889
mission CityName=LOC_CITY_NAME_SAINT_JOHN CompletionTurn=209 EscapeResult=2 InitialResult=4 LevelAfter=2 LootInfo=-1 Name=LOC_CITIZEN_MAYA_FEMALE_6 Operation=58 PlotIndex=1991
mission CityName=LOC_CITY_NAME_WINNIPEG CompletionTurn=209 EscapeResult=1 InitialResult=4 LevelAfter=2 LootInfo=-1 Name=LOC_CITIZEN_MAYA_MODERN_FEMALE_1 Operation=58 PlotIndex=1743
mission CityName=LOC_CITY_NAME_HALIFAX CompletionTurn=209 EscapeResult=-1 InitialResult=5 LevelAfter=2 LootInfo=-1 Name=LOC_CITIZEN_MAYA_MODERN_FEMALE_3 Operation=58 PlotIndex=1409
mission CityName=LOC_CITY_NAME_OTTAWA CompletionTurn=207 EscapeResult=2 InitialResult=2 LevelAfter=1 LootInfo=-1 Name=LOC_CITIZEN_MAYA_MODERN_MALE_10 Operation=58 PlotIndex=978
mission CityName=LOC_CITY_NAME_MONTREAL CompletionTurn=207 EscapeResult=-1 InitialResult=0 LevelAfter=1 LootInfo=-1 Name=LOC_CITIZEN_MAYA_MODERN_MALE_4 Operation=58 PlotIndex=1314
mission CityName=LOC_CITY_NAME_TORONTO CompletionTurn=207 EscapeResult=-1 InitialResult=1 LevelAfter=1 LootInfo=-1 Name=LOC_CITIZEN_MAYA_MODERN_MALE_6 Operation=58 PlotIndex=1818
mission CityName=LOC_CITY_NAME_QUEBEC_CITY CompletionTurn=207 EscapeResult=-1 InitialResult=1 LevelAfter=1 LootInfo=-1 Name=LOC_CITIZEN_MAYA_MALE_6 Operation=58 PlotIndex=1404
tally 4  FOMENT_UNREST CAPTURED / NO_RESULT
tally 2  FOMENT_UNREST FAIL_MUST_ESCAPE / CAPTURED
tally 5  FOMENT_UNREST FAIL_MUST_ESCAPE / FAIL_MUST_ESCAPE
tally 2  FOMENT_UNREST FAIL_MUST_ESCAPE / KILLED
tally 1  FOMENT_UNREST FAIL_UNDETECTED / NO_RESULT
tally 1  FOMENT_UNREST KILLED / NO_RESULT
tally 1  FOMENT_UNREST SUCCESS_MUST_ESCAPE / CAPTURED
tally 1  FOMENT_UNREST SUCCESS_MUST_ESCAPE / FAIL_MUST_ESCAPE
tally 4  FOMENT_UNREST SUCCESS_UNDETECTED / NO_RESULT
turn 222 spies active 7 idle 2 missions 21 captured-enemy 0
spy 6946818 LOC_CITIZEN_MAYA_MODERN_MALE_9 level 1 at 54:21 busy
spy 6619145 LOC_CITIZEN_MAYA_FEMALE_6 level 2 at 59:23 busy
spy 6881291 LOC_CITIZEN_MAYA_MALE_5 level 1 at 54:15 busy
spy 7340045 LOC_CITIZEN_MAYA_MODERN_FEMALE_5 level 1 at 30:48 travel
spy 7274510 LOC_CITIZEN_MAYA_MODERN_FEMALE_4 level 1 at 60:16 busy
spy 6553615 LOC_CITIZEN_MAYA_MALE_8 level 1 at 59:23 refused
spy 5701649 LOC_CITIZEN_MAYA_FEMALE_4 level 3 at 45:9 busy
spy 7208978 LOC_CITIZEN_MAYA_MODERN_MALE_10 level 1 at 54:11 busy
spy 7143444 LOC_CITIZEN_MAYA_MODERN_FEMALE_3 level 2 at 65:16 busy
turn 222 spies 9 started 0 travelled 1 promoted 0 bought 0 gold 50000
unblock: blocker ENDTURN_BLOCKING_RESEARCH -> research TECH_CARTOGRAPHY | end turn requested
unstuck: InGamePopup: open, no close
unblock: blocker ENDTURN_BLOCKING_CIVIC -> civic CIVIC_MILITARY_TRAINING | end turn requested
unstuck: InGamePopup: open, no close
mission CityName=LOC_CITY_NAME_MONTREAL CompletionTurn=223 EscapeResult=-1 InitialResult=2 LevelAfter=1 LootInfo=-1 Name=LOC_CITIZEN_MAYA_MALE_5 Operation=58 PlotIndex=1314
mission CityName=LOC_CITY_NAME_SAINT_JOHN CompletionTurn=223 EscapeResult=-1 InitialResult=1 LevelAfter=2 LootInfo=-1 Name=LOC_CITIZEN_MAYA_FEMALE_6 Operation=58 PlotIndex=1991
mission CityName=LOC_CITY_NAME_TORONTO CompletionTurn=223 EscapeResult=-1 InitialResult=5 LevelAfter=2 LootInfo=-1 Name=LOC_CITIZEN_MAYA_MODERN_MALE_9 Operation=58 PlotIndex=1818
mission CityName=LOC_CITY_NAME_OTTAWA CompletionTurn=219 EscapeResult=-1 InitialResult=1 LevelAfter=1 LootInfo=-1 Name=LOC_CITIZEN_MAYA_MODERN_FEMALE_7 Operation=58 PlotIndex=978
mission CityName=LOC_CITY_NAME_VANCOUVER CompletionTurn=218 EscapeResult=-1 InitialResult=5 LevelAfter=3 LootInfo=-1 Name=LOC_CITIZEN_MAYA_FEMALE_4 Operation=58 PlotIndex=801
mission CityName=LOC_CITY_NAME_BOLOGNA CompletionTurn=218 EscapeResult=1 InitialResult=2 LevelAfter=2 LootInfo=-1 Name=LOC_CITIZEN_MAYA_FEMALE_1 Operation=58 PlotIndex=1653
mission CityName=LOC_CITY_NAME_SAINT_JOHN CompletionTurn=217 EscapeResult=-1 InitialResult=3 LevelAfter=1 LootInfo=-1 Name=LOC_CITIZEN_MAYA_MALE_8 Operation=58 PlotIndex=1991
mission CityName=LOC_CITY_NAME_VICTORIA CompletionTurn=215 EscapeResult=0 InitialResult=2 LevelAfter=1 LootInfo=-1 Name=LOC_CITIZEN_MAYA_MODERN_MALE_1 Operation=58 PlotIndex=889
mission CityName=LOC_CITY_NAME_HALIFAX CompletionTurn=215 EscapeResult=2 InitialResult=2 LevelAfter=2 LootInfo=-1 Name=LOC_CITIZEN_MAYA_MODERN_FEMALE_3 Operation=58 PlotIndex=1409
mission CityName=LOC_CITY_NAME_OTTAWA CompletionTurn=214 EscapeResult=2 InitialResult=2 LevelAfter=1 LootInfo=-1 Name=LOC_CITIZEN_MAYA_MODERN_MALE_10 Operation=58 PlotIndex=978
mission CityName=LOC_CITY_NAME_MONTREAL CompletionTurn=213 EscapeResult=-1 InitialResult=1 LevelAfter=1 LootInfo=-1 Name=LOC_CITIZEN_MAYA_MALE_2 Operation=58 PlotIndex=1314
mission CityName=LOC_CITY_NAME_TORONTO CompletionTurn=213 EscapeResult=2 InitialResult=2 LevelAfter=1 LootInfo=-1 Name=LOC_CITIZEN_MAYA_MODERN_MALE_9 Operation=58 PlotIndex=1818
mission CityName=LOC_CITY_NAME_QUEBEC_CITY CompletionTurn=213 EscapeResult=0 InitialResult=2 LevelAfter=1 LootInfo=-1 Name=LOC_CITIZEN_MAYA_FEMALE_7 Operation=58 PlotIndex=1404
mission CityName=LOC_CITY_NAME_VANCOUVER CompletionTurn=212 EscapeResult=-1 InitialResult=5 LevelAfter=2 LootInfo=-1 Name=LOC_CITIZEN_MAYA_FEMALE_4 Operation=58 PlotIndex=801
mission CityName=LOC_CITY_NAME_KINGSTON CompletionTurn=212 EscapeResult=2 InitialResult=2 LevelAfter=1 LootInfo=-1 Name=LOC_CITIZEN_MAYA_MODERN_FEMALE_4 Operation=58 PlotIndex=1392
mission CityName=LOC_CITY_NAME_BOLOGNA CompletionTurn=212 EscapeResult=-1 InitialResult=5 LevelAfter=2 LootInfo=-1 Name=LOC_CITIZEN_MAYA_FEMALE_1 Operation=58 PlotIndex=1653
mission CityName=LOC_CITY_NAME_VICTORIA CompletionTurn=210 EscapeResult=1 InitialResult=2 LevelAfter=1 LootInfo=-1 Name=LOC_CITIZEN_MAYA_FEMALE_3 Operation=58 PlotIndex=889
mission CityName=LOC_CITY_NAME_SAINT_JOHN CompletionTurn=209 EscapeResult=2 InitialResult=4 LevelAfter=2 LootInfo=-1 Name=LOC_CITIZEN_MAYA_FEMALE_6 Operation=58 PlotIndex=1991
mission CityName=LOC_CITY_NAME_WINNIPEG CompletionTurn=209 EscapeResult=1 InitialResult=4 LevelAfter=2 LootInfo=-1 Name=LOC_CITIZEN_MAYA_MODERN_FEMALE_1 Operation=58 PlotIndex=1743
mission CityName=LOC_CITY_NAME_HALIFAX CompletionTurn=209 EscapeResult=-1 InitialResult=5 LevelAfter=2 LootInfo=-1 Name=LOC_CITIZEN_MAYA_MODERN_FEMALE_3 Operation=58 PlotIndex=1409
mission CityName=LOC_CITY_NAME_OTTAWA CompletionTurn=207 EscapeResult=2 InitialResult=2 LevelAfter=1 LootInfo=-1 Name=LOC_CITIZEN_MAYA_MODERN_MALE_10 Operation=58 PlotIndex=978
mission CityName=LOC_CITY_NAME_MONTREAL CompletionTurn=207 EscapeResult=-1 InitialResult=0 LevelAfter=1 LootInfo=-1 Name=LOC_CITIZEN_MAYA_MODERN_MALE_4 Operation=58 PlotIndex=1314
mission CityName=LOC_CITY_NAME_TORONTO CompletionTurn=207 EscapeResult=-1 InitialResult=1 LevelAfter=1 LootInfo=-1 Name=LOC_CITIZEN_MAYA_MODERN_MALE_6 Operation=58 PlotIndex=1818
mission CityName=LOC_CITY_NAME_QUEBEC_CITY CompletionTurn=207 EscapeResult=-1 InitialResult=1 LevelAfter=1 LootInfo=-1 Name=LOC_CITIZEN_MAYA_MALE_6 Operation=58 PlotIndex=1404
tally 5  FOMENT_UNREST CAPTURED / NO_RESULT
tally 2  FOMENT_UNREST FAIL_MUST_ESCAPE / CAPTURED
tally 5  FOMENT_UNREST FAIL_MUST_ESCAPE / FAIL_MUST_ESCAPE
tally 2  FOMENT_UNREST FAIL_MUST_ESCAPE / KILLED
tally 1  FOMENT_UNREST FAIL_MUST_ESCAPE / NO_RESULT
tally 1  FOMENT_UNREST FAIL_UNDETECTED / NO_RESULT
tally 1  FOMENT_UNREST KILLED / NO_RESULT
tally 1  FOMENT_UNREST SUCCESS_MUST_ESCAPE / CAPTURED
tally 1  FOMENT_UNREST SUCCESS_MUST_ESCAPE / FAIL_MUST_ESCAPE
tally 5  FOMENT_UNREST SUCCESS_UNDETECTED / NO_RESULT
turn 223 spies active 7 idle 1 missions 24 captured-enemy 0
spy 6946818 LOC_CITIZEN_MAYA_MODERN_MALE_9 level 1 at 54:21 start
spy 6881291 LOC_CITIZEN_MAYA_MALE_5 level 1 at 54:15 busy
spy 7274510 LOC_CITIZEN_MAYA_MODERN_FEMALE_4 level 1 at 60:16 busy
spy 6553615 LOC_CITIZEN_MAYA_MALE_8 level 1 at 59:23 start
spy 5701649 LOC_CITIZEN_MAYA_FEMALE_4 level 3 at 45:9 busy
spy 7208978 LOC_CITIZEN_MAYA_MODERN_MALE_10 level 1 at 54:11 busy
spy 7143444 LOC_CITIZEN_MAYA_MODERN_FEMALE_3 level 2 at 65:16 busy
turn 223 spies 7 started 2 travelled 0 promoted 1 bought 0 gold 50000
unblock: blocker ENDTURN_BLOCKING_SPY_CHOOSE_ESCAPE_ROUTE -> escape route DISTRICT_CITY_CENTER of 3 for spy 6881291 LOC_CITIZEN_MAYA_MALE_5 level 1 turn 223 city LOC_CITY_NAME_MONTREAL p1 at 54:15 pursuer police | end turn requested
unstuck: InGamePopup: open, no close
unblock: blocker ENDTURN_BLOCKING_CIVIC -> civic CIVIC_MILITARY_TRAINING | end turn requested
unstuck: InGamePopup: open, no close
mission CityName=LOC_CITY_NAME_HALIFAX CompletionTurn=224 EscapeResult=-1 InitialResult=1 LevelAfter=2 LootInfo=-1 Name=LOC_CITIZEN_MAYA_MODERN_FEMALE_3 Operation=58 PlotIndex=1409
mission CityName=LOC_CITY_NAME_MONTREAL CompletionTurn=223 EscapeResult=1 InitialResult=2 LevelAfter=1 LootInfo=-1 Name=LOC_CITIZEN_MAYA_MALE_5 Operation=58 PlotIndex=1314
mission CityName=LOC_CITY_NAME_SAINT_JOHN CompletionTurn=223 EscapeResult=-1 InitialResult=1 LevelAfter=2 LootInfo=-1 Name=LOC_CITIZEN_MAYA_FEMALE_6 Operation=58 PlotIndex=1991
mission CityName=LOC_CITY_NAME_TORONTO CompletionTurn=223 EscapeResult=-1 InitialResult=5 LevelAfter=2 LootInfo=-1 Name=LOC_CITIZEN_MAYA_MODERN_MALE_9 Operation=58 PlotIndex=1818
mission CityName=LOC_CITY_NAME_OTTAWA CompletionTurn=219 EscapeResult=-1 InitialResult=1 LevelAfter=1 LootInfo=-1 Name=LOC_CITIZEN_MAYA_MODERN_FEMALE_7 Operation=58 PlotIndex=978
mission CityName=LOC_CITY_NAME_VANCOUVER CompletionTurn=218 EscapeResult=-1 InitialResult=5 LevelAfter=3 LootInfo=-1 Name=LOC_CITIZEN_MAYA_FEMALE_4 Operation=58 PlotIndex=801
mission CityName=LOC_CITY_NAME_BOLOGNA CompletionTurn=218 EscapeResult=1 InitialResult=2 LevelAfter=2 LootInfo=-1 Name=LOC_CITIZEN_MAYA_FEMALE_1 Operation=58 PlotIndex=1653
mission CityName=LOC_CITY_NAME_SAINT_JOHN CompletionTurn=217 EscapeResult=-1 InitialResult=3 LevelAfter=1 LootInfo=-1 Name=LOC_CITIZEN_MAYA_MALE_8 Operation=58 PlotIndex=1991
mission CityName=LOC_CITY_NAME_VICTORIA CompletionTurn=215 EscapeResult=0 InitialResult=2 LevelAfter=1 LootInfo=-1 Name=LOC_CITIZEN_MAYA_MODERN_MALE_1 Operation=58 PlotIndex=889
mission CityName=LOC_CITY_NAME_HALIFAX CompletionTurn=215 EscapeResult=2 InitialResult=2 LevelAfter=2 LootInfo=-1 Name=LOC_CITIZEN_MAYA_MODERN_FEMALE_3 Operation=58 PlotIndex=1409
mission CityName=LOC_CITY_NAME_OTTAWA CompletionTurn=214 EscapeResult=2 InitialResult=2 LevelAfter=1 LootInfo=-1 Name=LOC_CITIZEN_MAYA_MODERN_MALE_10 Operation=58 PlotIndex=978
mission CityName=LOC_CITY_NAME_MONTREAL CompletionTurn=213 EscapeResult=-1 InitialResult=1 LevelAfter=1 LootInfo=-1 Name=LOC_CITIZEN_MAYA_MALE_2 Operation=58 PlotIndex=1314
mission CityName=LOC_CITY_NAME_TORONTO CompletionTurn=213 EscapeResult=2 InitialResult=2 LevelAfter=1 LootInfo=-1 Name=LOC_CITIZEN_MAYA_MODERN_MALE_9 Operation=58 PlotIndex=1818
mission CityName=LOC_CITY_NAME_QUEBEC_CITY CompletionTurn=213 EscapeResult=0 InitialResult=2 LevelAfter=1 LootInfo=-1 Name=LOC_CITIZEN_MAYA_FEMALE_7 Operation=58 PlotIndex=1404
mission CityName=LOC_CITY_NAME_VANCOUVER CompletionTurn=212 EscapeResult=-1 InitialResult=5 LevelAfter=2 LootInfo=-1 Name=LOC_CITIZEN_MAYA_FEMALE_4 Operation=58 PlotIndex=801
mission CityName=LOC_CITY_NAME_KINGSTON CompletionTurn=212 EscapeResult=2 InitialResult=2 LevelAfter=1 LootInfo=-1 Name=LOC_CITIZEN_MAYA_MODERN_FEMALE_4 Operation=58 PlotIndex=1392
mission CityName=LOC_CITY_NAME_BOLOGNA CompletionTurn=212 EscapeResult=-1 InitialResult=5 LevelAfter=2 LootInfo=-1 Name=LOC_CITIZEN_MAYA_FEMALE_1 Operation=58 PlotIndex=1653
mission CityName=LOC_CITY_NAME_VICTORIA CompletionTurn=210 EscapeResult=1 InitialResult=2 LevelAfter=1 LootInfo=-1 Name=LOC_CITIZEN_MAYA_FEMALE_3 Operation=58 PlotIndex=889
mission CityName=LOC_CITY_NAME_SAINT_JOHN CompletionTurn=209 EscapeResult=2 InitialResult=4 LevelAfter=2 LootInfo=-1 Name=LOC_CITIZEN_MAYA_FEMALE_6 Operation=58 PlotIndex=1991
mission CityName=LOC_CITY_NAME_WINNIPEG CompletionTurn=209 EscapeResult=1 InitialResult=4 LevelAfter=2 LootInfo=-1 Name=LOC_CITIZEN_MAYA_MODERN_FEMALE_1 Operation=58 PlotIndex=1743
mission CityName=LOC_CITY_NAME_HALIFAX CompletionTurn=209 EscapeResult=-1 InitialResult=5 LevelAfter=2 LootInfo=-1 Name=LOC_CITIZEN_MAYA_MODERN_FEMALE_3 Operation=58 PlotIndex=1409
mission CityName=LOC_CITY_NAME_OTTAWA CompletionTurn=207 EscapeResult=2 InitialResult=2 LevelAfter=1 LootInfo=-1 Name=LOC_CITIZEN_MAYA_MODERN_MALE_10 Operation=58 PlotIndex=978
mission CityName=LOC_CITY_NAME_MONTREAL CompletionTurn=207 EscapeResult=-1 InitialResult=0 LevelAfter=1 LootInfo=-1 Name=LOC_CITIZEN_MAYA_MODERN_MALE_4 Operation=58 PlotIndex=1314
mission CityName=LOC_CITY_NAME_TORONTO CompletionTurn=207 EscapeResult=-1 InitialResult=1 LevelAfter=1 LootInfo=-1 Name=LOC_CITIZEN_MAYA_MODERN_MALE_6 Operation=58 PlotIndex=1818
mission CityName=LOC_CITY_NAME_QUEBEC_CITY CompletionTurn=207 EscapeResult=-1 InitialResult=1 LevelAfter=1 LootInfo=-1 Name=LOC_CITIZEN_MAYA_MALE_6 Operation=58 PlotIndex=1404
tally 6  FOMENT_UNREST CAPTURED / NO_RESULT
tally 3  FOMENT_UNREST FAIL_MUST_ESCAPE / CAPTURED
tally 5  FOMENT_UNREST FAIL_MUST_ESCAPE / FAIL_MUST_ESCAPE
tally 2  FOMENT_UNREST FAIL_MUST_ESCAPE / KILLED
tally 1  FOMENT_UNREST FAIL_UNDETECTED / NO_RESULT
tally 1  FOMENT_UNREST KILLED / NO_RESULT
tally 1  FOMENT_UNREST SUCCESS_MUST_ESCAPE / CAPTURED
tally 1  FOMENT_UNREST SUCCESS_MUST_ESCAPE / FAIL_MUST_ESCAPE
tally 5  FOMENT_UNREST SUCCESS_UNDETECTED / NO_RESULT
turn 224 spies active 6 idle 0 missions 25 captured-enemy 0
spy 6946818 LOC_CITIZEN_MAYA_MODERN_MALE_9 level 2 at 54:21 busy
spy 7274510 LOC_CITIZEN_MAYA_MODERN_FEMALE_4 level 1 at 60:16 busy
spy 6553615 LOC_CITIZEN_MAYA_MALE_8 level 1 at 59:23 busy
spy 5701649 LOC_CITIZEN_MAYA_FEMALE_4 level 3 at 45:9 busy
spy 7208978 LOC_CITIZEN_MAYA_MODERN_MALE_10 level 1 at 54:11 busy
turn 224 spies 5 started 0 travelled 0 promoted 0 bought 0 gold 50000
unblock: blocker ENDTURN_BLOCKING_CIVIC -> civic CIVIC_MILITARY_TRAINING | end turn requested
unstuck: InGamePopup: open, no close
unblock: blocker ENDTURN_BLOCKING_PRODUCTION -> TIKAL builds UNIT_WARRIOR | end turn requested
unstuck: InGamePopup: open, no close
unblock: blocker ENDTURN_BLOCKING_FILL_CIVIC_SLOT -> nothing | end turn requested
unstuck: InGamePopup: open, no close
unblock: blocker ENDTURN_BLOCKING_WORLD_CONGRESS_SESSION -> nothing | end turn requested
unstuck: InGamePopup: open, no close
unstuck: WorldCongressIntro: closed
unstuck: WorldCongressPopup: closed
mission CityName=LOC_CITY_NAME_OTTAWA CompletionTurn=225 EscapeResult=-1 InitialResult=3 LevelAfter=1 LootInfo=-1 Name=LOC_CITIZEN_MAYA_MODERN_MALE_10 Operation=58 PlotIndex=978
mission CityName=LOC_CITY_NAME_VANCOUVER CompletionTurn=225 EscapeResult=-1 InitialResult=5 LevelAfter=4 LootInfo=-1 Name=LOC_CITIZEN_MAYA_FEMALE_4 Operation=58 PlotIndex=801
mission CityName=LOC_CITY_NAME_QUEBEC_CITY CompletionTurn=225 EscapeResult=-1 InitialResult=3 LevelAfter=1 LootInfo=-1 Name=LOC_CITIZEN_MAYA_MODERN_FEMALE_4 Operation=58 PlotIndex=1404
mission CityName=LOC_CITY_NAME_HALIFAX CompletionTurn=224 EscapeResult=-1 InitialResult=1 LevelAfter=2 LootInfo=-1 Name=LOC_CITIZEN_MAYA_MODERN_FEMALE_3 Operation=58 PlotIndex=1409
mission CityName=LOC_CITY_NAME_MONTREAL CompletionTurn=223 EscapeResult=1 InitialResult=2 LevelAfter=1 LootInfo=-1 Name=LOC_CITIZEN_MAYA_MALE_5 Operation=58 PlotIndex=1314
mission CityName=LOC_CITY_NAME_SAINT_JOHN CompletionTurn=223 EscapeResult=-1 InitialResult=1 LevelAfter=2 LootInfo=-1 Name=LOC_CITIZEN_MAYA_FEMALE_6 Operation=58 PlotIndex=1991
mission CityName=LOC_CITY_NAME_TORONTO CompletionTurn=223 EscapeResult=-1 InitialResult=5 LevelAfter=2 LootInfo=-1 Name=LOC_CITIZEN_MAYA_MODERN_MALE_9 Operation=58 PlotIndex=1818
mission CityName=LOC_CITY_NAME_OTTAWA CompletionTurn=219 EscapeResult=-1 InitialResult=1 LevelAfter=1 LootInfo=-1 Name=LOC_CITIZEN_MAYA_MODERN_FEMALE_7 Operation=58 PlotIndex=978
mission CityName=LOC_CITY_NAME_VANCOUVER CompletionTurn=218 EscapeResult=-1 InitialResult=5 LevelAfter=3 LootInfo=-1 Name=LOC_CITIZEN_MAYA_FEMALE_4 Operation=58 PlotIndex=801
mission CityName=LOC_CITY_NAME_BOLOGNA CompletionTurn=218 EscapeResult=1 InitialResult=2 LevelAfter=2 LootInfo=-1 Name=LOC_CITIZEN_MAYA_FEMALE_1 Operation=58 PlotIndex=1653
mission CityName=LOC_CITY_NAME_SAINT_JOHN CompletionTurn=217 EscapeResult=-1 InitialResult=3 LevelAfter=1 LootInfo=-1 Name=LOC_CITIZEN_MAYA_MALE_8 Operation=58 PlotIndex=1991
mission CityName=LOC_CITY_NAME_VICTORIA CompletionTurn=215 EscapeResult=0 InitialResult=2 LevelAfter=1 LootInfo=-1 Name=LOC_CITIZEN_MAYA_MODERN_MALE_1 Operation=58 PlotIndex=889
mission CityName=LOC_CITY_NAME_HALIFAX CompletionTurn=215 EscapeResult=2 InitialResult=2 LevelAfter=2 LootInfo=-1 Name=LOC_CITIZEN_MAYA_MODERN_FEMALE_3 Operation=58 PlotIndex=1409
mission CityName=LOC_CITY_NAME_OTTAWA CompletionTurn=214 EscapeResult=2 InitialResult=2 LevelAfter=1 LootInfo=-1 Name=LOC_CITIZEN_MAYA_MODERN_MALE_10 Operation=58 PlotIndex=978
mission CityName=LOC_CITY_NAME_MONTREAL CompletionTurn=213 EscapeResult=-1 InitialResult=1 LevelAfter=1 LootInfo=-1 Name=LOC_CITIZEN_MAYA_MALE_2 Operation=58 PlotIndex=1314
mission CityName=LOC_CITY_NAME_TORONTO CompletionTurn=213 EscapeResult=2 InitialResult=2 LevelAfter=1 LootInfo=-1 Name=LOC_CITIZEN_MAYA_MODERN_MALE_9 Operation=58 PlotIndex=1818
mission CityName=LOC_CITY_NAME_QUEBEC_CITY CompletionTurn=213 EscapeResult=0 InitialResult=2 LevelAfter=1 LootInfo=-1 Name=LOC_CITIZEN_MAYA_FEMALE_7 Operation=58 PlotIndex=1404
mission CityName=LOC_CITY_NAME_VANCOUVER CompletionTurn=212 EscapeResult=-1 InitialResult=5 LevelAfter=2 LootInfo=-1 Name=LOC_CITIZEN_MAYA_FEMALE_4 Operation=58 PlotIndex=801
mission CityName=LOC_CITY_NAME_KINGSTON CompletionTurn=212 EscapeResult=2 InitialResult=2 LevelAfter=1 LootInfo=-1 Name=LOC_CITIZEN_MAYA_MODERN_FEMALE_4 Operation=58 PlotIndex=1392
mission CityName=LOC_CITY_NAME_BOLOGNA CompletionTurn=212 EscapeResult=-1 InitialResult=5 LevelAfter=2 LootInfo=-1 Name=LOC_CITIZEN_MAYA_FEMALE_1 Operation=58 PlotIndex=1653
mission CityName=LOC_CITY_NAME_VICTORIA CompletionTurn=210 EscapeResult=1 InitialResult=2 LevelAfter=1 LootInfo=-1 Name=LOC_CITIZEN_MAYA_FEMALE_3 Operation=58 PlotIndex=889
mission CityName=LOC_CITY_NAME_SAINT_JOHN CompletionTurn=209 EscapeResult=2 InitialResult=4 LevelAfter=2 LootInfo=-1 Name=LOC_CITIZEN_MAYA_FEMALE_6 Operation=58 PlotIndex=1991
mission CityName=LOC_CITY_NAME_WINNIPEG CompletionTurn=209 EscapeResult=1 InitialResult=4 LevelAfter=2 LootInfo=-1 Name=LOC_CITIZEN_MAYA_MODERN_FEMALE_1 Operation=58 PlotIndex=1743
mission CityName=LOC_CITY_NAME_HALIFAX CompletionTurn=209 EscapeResult=-1 InitialResult=5 LevelAfter=2 LootInfo=-1 Name=LOC_CITIZEN_MAYA_MODERN_FEMALE_3 Operation=58 PlotIndex=1409
mission CityName=LOC_CITY_NAME_OTTAWA CompletionTurn=207 EscapeResult=2 InitialResult=2 LevelAfter=1 LootInfo=-1 Name=LOC_CITIZEN_MAYA_MODERN_MALE_10 Operation=58 PlotIndex=978
mission CityName=LOC_CITY_NAME_MONTREAL CompletionTurn=207 EscapeResult=-1 InitialResult=0 LevelAfter=1 LootInfo=-1 Name=LOC_CITIZEN_MAYA_MODERN_MALE_4 Operation=58 PlotIndex=1314
mission CityName=LOC_CITY_NAME_TORONTO CompletionTurn=207 EscapeResult=-1 InitialResult=1 LevelAfter=1 LootInfo=-1 Name=LOC_CITIZEN_MAYA_MODERN_MALE_6 Operation=58 PlotIndex=1818
mission CityName=LOC_CITY_NAME_QUEBEC_CITY CompletionTurn=207 EscapeResult=-1 InitialResult=1 LevelAfter=1 LootInfo=-1 Name=LOC_CITIZEN_MAYA_MALE_6 Operation=58 PlotIndex=1404
tally 6  FOMENT_UNREST CAPTURED / NO_RESULT
tally 3  FOMENT_UNREST FAIL_MUST_ESCAPE / CAPTURED
tally 5  FOMENT_UNREST FAIL_MUST_ESCAPE / FAIL_MUST_ESCAPE
tally 2  FOMENT_UNREST FAIL_MUST_ESCAPE / KILLED
tally 3  FOMENT_UNREST FAIL_UNDETECTED / NO_RESULT
tally 1  FOMENT_UNREST KILLED / NO_RESULT
tally 1  FOMENT_UNREST SUCCESS_MUST_ESCAPE / CAPTURED
tally 1  FOMENT_UNREST SUCCESS_MUST_ESCAPE / FAIL_MUST_ESCAPE
tally 6  FOMENT_UNREST SUCCESS_UNDETECTED / NO_RESULT
turn 225 spies active 1 idle 5 missions 28 captured-enemy 0
spy 6946818 LOC_CITIZEN_MAYA_MODERN_MALE_9 level 2 at 54:21 start
spy 7274510 LOC_CITIZEN_MAYA_MODERN_FEMALE_4 level 1 at 60:16 start
spy 6553615 LOC_CITIZEN_MAYA_MALE_8 level 1 at 59:23 busy
spy 5701649 LOC_CITIZEN_MAYA_FEMALE_4 level 3 at 45:9 start
spy 7208978 LOC_CITIZEN_MAYA_MODERN_MALE_10 level 1 at 54:11 start
spy 7405588 LOC_CITIZEN_MAYA_MODERN_FEMALE_5 level 1 at 49:10 start
turn 225 spies 6 started 5 travelled 0 promoted 1 bought 0 gold 50000
unblock: blocker ENDTURN_BLOCKING_CIVIC -> civic CIVIC_DEFENSIVE_TACTICS | end turn requested
unstuck: InGamePopup: open, no close
unstuck: TechCivicCompletedPopup: closed
unblock: blocker ENDTURN_BLOCKING_PRODUCTION -> TIKAL builds UNIT_WARRIOR | end turn requested
unstuck: InGamePopup: open, no close
unblock: blocker ENDTURN_BLOCKING_PRODUCTION -> TIKAL builds UNIT_WARRIOR | end turn requested
unstuck: InGamePopup: open, no close
unstuck: TechCivicCompletedPopup: closed
mission CityName=LOC_CITY_NAME_OTTAWA CompletionTurn=225 EscapeResult=-1 InitialResult=3 LevelAfter=1 LootInfo=-1 Name=LOC_CITIZEN_MAYA_MODERN_MALE_10 Operation=58 PlotIndex=978
mission CityName=LOC_CITY_NAME_VANCOUVER CompletionTurn=225 EscapeResult=-1 InitialResult=5 LevelAfter=4 LootInfo=-1 Name=LOC_CITIZEN_MAYA_FEMALE_4 Operation=58 PlotIndex=801
mission CityName=LOC_CITY_NAME_QUEBEC_CITY CompletionTurn=225 EscapeResult=-1 InitialResult=3 LevelAfter=1 LootInfo=-1 Name=LOC_CITIZEN_MAYA_MODERN_FEMALE_4 Operation=58 PlotIndex=1404
mission CityName=LOC_CITY_NAME_HALIFAX CompletionTurn=224 EscapeResult=-1 InitialResult=1 LevelAfter=2 LootInfo=-1 Name=LOC_CITIZEN_MAYA_MODERN_FEMALE_3 Operation=58 PlotIndex=1409
mission CityName=LOC_CITY_NAME_MONTREAL CompletionTurn=223 EscapeResult=1 InitialResult=2 LevelAfter=1 LootInfo=-1 Name=LOC_CITIZEN_MAYA_MALE_5 Operation=58 PlotIndex=1314
mission CityName=LOC_CITY_NAME_SAINT_JOHN CompletionTurn=223 EscapeResult=-1 InitialResult=1 LevelAfter=2 LootInfo=-1 Name=LOC_CITIZEN_MAYA_FEMALE_6 Operation=58 PlotIndex=1991
mission CityName=LOC_CITY_NAME_TORONTO CompletionTurn=223 EscapeResult=-1 InitialResult=5 LevelAfter=2 LootInfo=-1 Name=LOC_CITIZEN_MAYA_MODERN_MALE_9 Operation=58 PlotIndex=1818
mission CityName=LOC_CITY_NAME_OTTAWA CompletionTurn=219 EscapeResult=-1 InitialResult=1 LevelAfter=1 LootInfo=-1 Name=LOC_CITIZEN_MAYA_MODERN_FEMALE_7 Operation=58 PlotIndex=978
mission CityName=LOC_CITY_NAME_VANCOUVER CompletionTurn=218 EscapeResult=-1 InitialResult=5 LevelAfter=3 LootInfo=-1 Name=LOC_CITIZEN_MAYA_FEMALE_4 Operation=58 PlotIndex=801
mission CityName=LOC_CITY_NAME_BOLOGNA CompletionTurn=218 EscapeResult=1 InitialResult=2 LevelAfter=2 LootInfo=-1 Name=LOC_CITIZEN_MAYA_FEMALE_1 Operation=58 PlotIndex=1653
mission CityName=LOC_CITY_NAME_SAINT_JOHN CompletionTurn=217 EscapeResult=-1 InitialResult=3 LevelAfter=1 LootInfo=-1 Name=LOC_CITIZEN_MAYA_MALE_8 Operation=58 PlotIndex=1991
mission CityName=LOC_CITY_NAME_VICTORIA CompletionTurn=215 EscapeResult=0 InitialResult=2 LevelAfter=1 LootInfo=-1 Name=LOC_CITIZEN_MAYA_MODERN_MALE_1 Operation=58 PlotIndex=889
mission CityName=LOC_CITY_NAME_HALIFAX CompletionTurn=215 EscapeResult=2 InitialResult=2 LevelAfter=2 LootInfo=-1 Name=LOC_CITIZEN_MAYA_MODERN_FEMALE_3 Operation=58 PlotIndex=1409
mission CityName=LOC_CITY_NAME_OTTAWA CompletionTurn=214 EscapeResult=2 InitialResult=2 LevelAfter=1 LootInfo=-1 Name=LOC_CITIZEN_MAYA_MODERN_MALE_10 Operation=58 PlotIndex=978
mission CityName=LOC_CITY_NAME_MONTREAL CompletionTurn=213 EscapeResult=-1 InitialResult=1 LevelAfter=1 LootInfo=-1 Name=LOC_CITIZEN_MAYA_MALE_2 Operation=58 PlotIndex=1314
mission CityName=LOC_CITY_NAME_TORONTO CompletionTurn=213 EscapeResult=2 InitialResult=2 LevelAfter=1 LootInfo=-1 Name=LOC_CITIZEN_MAYA_MODERN_MALE_9 Operation=58 PlotIndex=1818
mission CityName=LOC_CITY_NAME_QUEBEC_CITY CompletionTurn=213 EscapeResult=0 InitialResult=2 LevelAfter=1 LootInfo=-1 Name=LOC_CITIZEN_MAYA_FEMALE_7 Operation=58 PlotIndex=1404
mission CityName=LOC_CITY_NAME_VANCOUVER CompletionTurn=212 EscapeResult=-1 InitialResult=5 LevelAfter=2 LootInfo=-1 Name=LOC_CITIZEN_MAYA_FEMALE_4 Operation=58 PlotIndex=801
mission CityName=LOC_CITY_NAME_KINGSTON CompletionTurn=212 EscapeResult=2 InitialResult=2 LevelAfter=1 LootInfo=-1 Name=LOC_CITIZEN_MAYA_MODERN_FEMALE_4 Operation=58 PlotIndex=1392
mission CityName=LOC_CITY_NAME_BOLOGNA CompletionTurn=212 EscapeResult=-1 InitialResult=5 LevelAfter=2 LootInfo=-1 Name=LOC_CITIZEN_MAYA_FEMALE_1 Operation=58 PlotIndex=1653
mission CityName=LOC_CITY_NAME_VICTORIA CompletionTurn=210 EscapeResult=1 InitialResult=2 LevelAfter=1 LootInfo=-1 Name=LOC_CITIZEN_MAYA_FEMALE_3 Operation=58 PlotIndex=889
mission CityName=LOC_CITY_NAME_SAINT_JOHN CompletionTurn=209 EscapeResult=2 InitialResult=4 LevelAfter=2 LootInfo=-1 Name=LOC_CITIZEN_MAYA_FEMALE_6 Operation=58 PlotIndex=1991
mission CityName=LOC_CITY_NAME_WINNIPEG CompletionTurn=209 EscapeResult=1 InitialResult=4 LevelAfter=2 LootInfo=-1 Name=LOC_CITIZEN_MAYA_MODERN_FEMALE_1 Operation=58 PlotIndex=1743
mission CityName=LOC_CITY_NAME_HALIFAX CompletionTurn=209 EscapeResult=-1 InitialResult=5 LevelAfter=2 LootInfo=-1 Name=LOC_CITIZEN_MAYA_MODERN_FEMALE_3 Operation=58 PlotIndex=1409
mission CityName=LOC_CITY_NAME_OTTAWA CompletionTurn=207 EscapeResult=2 InitialResult=2 LevelAfter=1 LootInfo=-1 Name=LOC_CITIZEN_MAYA_MODERN_MALE_10 Operation=58 PlotIndex=978
mission CityName=LOC_CITY_NAME_MONTREAL CompletionTurn=207 EscapeResult=-1 InitialResult=0 LevelAfter=1 LootInfo=-1 Name=LOC_CITIZEN_MAYA_MODERN_MALE_4 Operation=58 PlotIndex=1314
mission CityName=LOC_CITY_NAME_TORONTO CompletionTurn=207 EscapeResult=-1 InitialResult=1 LevelAfter=1 LootInfo=-1 Name=LOC_CITIZEN_MAYA_MODERN_MALE_6 Operation=58 PlotIndex=1818
mission CityName=LOC_CITY_NAME_QUEBEC_CITY CompletionTurn=207 EscapeResult=-1 InitialResult=1 LevelAfter=1 LootInfo=-1 Name=LOC_CITIZEN_MAYA_MALE_6 Operation=58 PlotIndex=1404
tally 6  FOMENT_UNREST CAPTURED / NO_RESULT
tally 3  FOMENT_UNREST FAIL_MUST_ESCAPE / CAPTURED
tally 5  FOMENT_UNREST FAIL_MUST_ESCAPE / FAIL_MUST_ESCAPE
tally 2  FOMENT_UNREST FAIL_MUST_ESCAPE / KILLED
tally 3  FOMENT_UNREST FAIL_UNDETECTED / NO_RESULT
tally 1  FOMENT_UNREST KILLED / NO_RESULT
tally 1  FOMENT_UNREST SUCCESS_MUST_ESCAPE / CAPTURED
tally 1  FOMENT_UNREST SUCCESS_MUST_ESCAPE / FAIL_MUST_ESCAPE
tally 6  FOMENT_UNREST SUCCESS_UNDETECTED / NO_RESULT
turn 226 spies active 6 idle 0 missions 28 captured-enemy 0
spy 6946818 LOC_CITIZEN_MAYA_MODERN_MALE_9 level 2 at 54:21 busy
spy 7274510 LOC_CITIZEN_MAYA_MODERN_FEMALE_4 level 1 at 60:16 busy
spy 6553615 LOC_CITIZEN_MAYA_MALE_8 level 1 at 59:23 busy
spy 5701649 LOC_CITIZEN_MAYA_FEMALE_4 level 4 at 45:9 busy
spy 7208978 LOC_CITIZEN_MAYA_MODERN_MALE_10 level 1 at 54:11 busy
spy 7405588 LOC_CITIZEN_MAYA_MODERN_FEMALE_5 level 1 at 49:10 busy
turn 226 spies 6 started 0 travelled 0 promoted 0 bought 0 gold 50000
unblock: blocker ENDTURN_BLOCKING_PRODUCTION -> TIKAL builds UNIT_WARRIOR | end turn requested
unstuck: InGamePopup: open, no close
unblock: blocker ENDTURN_BLOCKING_CIVIC -> civic CIVIC_RECORDED_HISTORY | end turn requested
unstuck: InGamePopup: open, no close
unblock: blocker ENDTURN_BLOCKING_FILL_CIVIC_SLOT -> nothing | end turn requested
unstuck: InGamePopup: open, no close
mission CityName=LOC_CITY_NAME_SAINT_JOHN CompletionTurn=227 EscapeResult=-1 InitialResult=2 LevelAfter=1 LootInfo=-1 Name=LOC_CITIZEN_MAYA_MALE_8 Operation=58 PlotIndex=1991
mission CityName=LOC_CITY_NAME_OTTAWA CompletionTurn=225 EscapeResult=-1 InitialResult=3 LevelAfter=1 LootInfo=-1 Name=LOC_CITIZEN_MAYA_MODERN_MALE_10 Operation=58 PlotIndex=978
mission CityName=LOC_CITY_NAME_VANCOUVER CompletionTurn=225 EscapeResult=-1 InitialResult=5 LevelAfter=4 LootInfo=-1 Name=LOC_CITIZEN_MAYA_FEMALE_4 Operation=58 PlotIndex=801
mission CityName=LOC_CITY_NAME_QUEBEC_CITY CompletionTurn=225 EscapeResult=-1 InitialResult=3 LevelAfter=1 LootInfo=-1 Name=LOC_CITIZEN_MAYA_MODERN_FEMALE_4 Operation=58 PlotIndex=1404
mission CityName=LOC_CITY_NAME_HALIFAX CompletionTurn=224 EscapeResult=-1 InitialResult=1 LevelAfter=2 LootInfo=-1 Name=LOC_CITIZEN_MAYA_MODERN_FEMALE_3 Operation=58 PlotIndex=1409
mission CityName=LOC_CITY_NAME_MONTREAL CompletionTurn=223 EscapeResult=1 InitialResult=2 LevelAfter=1 LootInfo=-1 Name=LOC_CITIZEN_MAYA_MALE_5 Operation=58 PlotIndex=1314
mission CityName=LOC_CITY_NAME_SAINT_JOHN CompletionTurn=223 EscapeResult=-1 InitialResult=1 LevelAfter=2 LootInfo=-1 Name=LOC_CITIZEN_MAYA_FEMALE_6 Operation=58 PlotIndex=1991
mission CityName=LOC_CITY_NAME_TORONTO CompletionTurn=223 EscapeResult=-1 InitialResult=5 LevelAfter=2 LootInfo=-1 Name=LOC_CITIZEN_MAYA_MODERN_MALE_9 Operation=58 PlotIndex=1818
mission CityName=LOC_CITY_NAME_OTTAWA CompletionTurn=219 EscapeResult=-1 InitialResult=1 LevelAfter=1 LootInfo=-1 Name=LOC_CITIZEN_MAYA_MODERN_FEMALE_7 Operation=58 PlotIndex=978
mission CityName=LOC_CITY_NAME_VANCOUVER CompletionTurn=218 EscapeResult=-1 InitialResult=5 LevelAfter=3 LootInfo=-1 Name=LOC_CITIZEN_MAYA_FEMALE_4 Operation=58 PlotIndex=801
mission CityName=LOC_CITY_NAME_BOLOGNA CompletionTurn=218 EscapeResult=1 InitialResult=2 LevelAfter=2 LootInfo=-1 Name=LOC_CITIZEN_MAYA_FEMALE_1 Operation=58 PlotIndex=1653
mission CityName=LOC_CITY_NAME_SAINT_JOHN CompletionTurn=217 EscapeResult=-1 InitialResult=3 LevelAfter=1 LootInfo=-1 Name=LOC_CITIZEN_MAYA_MALE_8 Operation=58 PlotIndex=1991
mission CityName=LOC_CITY_NAME_VICTORIA CompletionTurn=215 EscapeResult=0 InitialResult=2 LevelAfter=1 LootInfo=-1 Name=LOC_CITIZEN_MAYA_MODERN_MALE_1 Operation=58 PlotIndex=889
mission CityName=LOC_CITY_NAME_HALIFAX CompletionTurn=215 EscapeResult=2 InitialResult=2 LevelAfter=2 LootInfo=-1 Name=LOC_CITIZEN_MAYA_MODERN_FEMALE_3 Operation=58 PlotIndex=1409
mission CityName=LOC_CITY_NAME_OTTAWA CompletionTurn=214 EscapeResult=2 InitialResult=2 LevelAfter=1 LootInfo=-1 Name=LOC_CITIZEN_MAYA_MODERN_MALE_10 Operation=58 PlotIndex=978
mission CityName=LOC_CITY_NAME_MONTREAL CompletionTurn=213 EscapeResult=-1 InitialResult=1 LevelAfter=1 LootInfo=-1 Name=LOC_CITIZEN_MAYA_MALE_2 Operation=58 PlotIndex=1314
mission CityName=LOC_CITY_NAME_TORONTO CompletionTurn=213 EscapeResult=2 InitialResult=2 LevelAfter=1 LootInfo=-1 Name=LOC_CITIZEN_MAYA_MODERN_MALE_9 Operation=58 PlotIndex=1818
mission CityName=LOC_CITY_NAME_QUEBEC_CITY CompletionTurn=213 EscapeResult=0 InitialResult=2 LevelAfter=1 LootInfo=-1 Name=LOC_CITIZEN_MAYA_FEMALE_7 Operation=58 PlotIndex=1404
mission CityName=LOC_CITY_NAME_VANCOUVER CompletionTurn=212 EscapeResult=-1 InitialResult=5 LevelAfter=2 LootInfo=-1 Name=LOC_CITIZEN_MAYA_FEMALE_4 Operation=58 PlotIndex=801
mission CityName=LOC_CITY_NAME_KINGSTON CompletionTurn=212 EscapeResult=2 InitialResult=2 LevelAfter=1 LootInfo=-1 Name=LOC_CITIZEN_MAYA_MODERN_FEMALE_4 Operation=58 PlotIndex=1392
mission CityName=LOC_CITY_NAME_BOLOGNA CompletionTurn=212 EscapeResult=-1 InitialResult=5 LevelAfter=2 LootInfo=-1 Name=LOC_CITIZEN_MAYA_FEMALE_1 Operation=58 PlotIndex=1653
mission CityName=LOC_CITY_NAME_VICTORIA CompletionTurn=210 EscapeResult=1 InitialResult=2 LevelAfter=1 LootInfo=-1 Name=LOC_CITIZEN_MAYA_FEMALE_3 Operation=58 PlotIndex=889
mission CityName=LOC_CITY_NAME_SAINT_JOHN CompletionTurn=209 EscapeResult=2 InitialResult=4 LevelAfter=2 LootInfo=-1 Name=LOC_CITIZEN_MAYA_FEMALE_6 Operation=58 PlotIndex=1991
mission CityName=LOC_CITY_NAME_WINNIPEG CompletionTurn=209 EscapeResult=1 InitialResult=4 LevelAfter=2 LootInfo=-1 Name=LOC_CITIZEN_MAYA_MODERN_FEMALE_1 Operation=58 PlotIndex=1743
mission CityName=LOC_CITY_NAME_HALIFAX CompletionTurn=209 EscapeResult=-1 InitialResult=5 LevelAfter=2 LootInfo=-1 Name=LOC_CITIZEN_MAYA_MODERN_FEMALE_3 Operation=58 PlotIndex=1409
mission CityName=LOC_CITY_NAME_OTTAWA CompletionTurn=207 EscapeResult=2 InitialResult=2 LevelAfter=1 LootInfo=-1 Name=LOC_CITIZEN_MAYA_MODERN_MALE_10 Operation=58 PlotIndex=978
mission CityName=LOC_CITY_NAME_MONTREAL CompletionTurn=207 EscapeResult=-1 InitialResult=0 LevelAfter=1 LootInfo=-1 Name=LOC_CITIZEN_MAYA_MODERN_MALE_4 Operation=58 PlotIndex=1314
mission CityName=LOC_CITY_NAME_TORONTO CompletionTurn=207 EscapeResult=-1 InitialResult=1 LevelAfter=1 LootInfo=-1 Name=LOC_CITIZEN_MAYA_MODERN_MALE_6 Operation=58 PlotIndex=1818
mission CityName=LOC_CITY_NAME_QUEBEC_CITY CompletionTurn=207 EscapeResult=-1 InitialResult=1 LevelAfter=1 LootInfo=-1 Name=LOC_CITIZEN_MAYA_MALE_6 Operation=58 PlotIndex=1404
tally 6  FOMENT_UNREST CAPTURED / NO_RESULT
tally 3  FOMENT_UNREST FAIL_MUST_ESCAPE / CAPTURED
tally 5  FOMENT_UNREST FAIL_MUST_ESCAPE / FAIL_MUST_ESCAPE
tally 2  FOMENT_UNREST FAIL_MUST_ESCAPE / KILLED
tally 1  FOMENT_UNREST FAIL_MUST_ESCAPE / NO_RESULT
tally 3  FOMENT_UNREST FAIL_UNDETECTED / NO_RESULT
tally 1  FOMENT_UNREST KILLED / NO_RESULT
tally 1  FOMENT_UNREST SUCCESS_MUST_ESCAPE / CAPTURED
tally 1  FOMENT_UNREST SUCCESS_MUST_ESCAPE / FAIL_MUST_ESCAPE
tally 6  FOMENT_UNREST SUCCESS_UNDETECTED / NO_RESULT
turn 227 spies active 5 idle 1 missions 29 captured-enemy 0
spy 6946818 LOC_CITIZEN_MAYA_MODERN_MALE_9 level 2 at 54:21 busy
spy 7274510 LOC_CITIZEN_MAYA_MODERN_FEMALE_4 level 1 at 60:16 busy
spy 6553615 LOC_CITIZEN_MAYA_MALE_8 level 1 at 59:23 busy
spy 5701649 LOC_CITIZEN_MAYA_FEMALE_4 level 4 at 45:9 start
spy 7208978 LOC_CITIZEN_MAYA_MODERN_MALE_10 level 1 at 54:11 busy
spy 7405588 LOC_CITIZEN_MAYA_MODERN_FEMALE_5 level 1 at 49:10 busy
turn 227 spies 6 started 1 travelled 0 promoted 0 bought 0 gold 50000
unblock: blocker ENDTURN_BLOCKING_SPY_CHOOSE_ESCAPE_ROUTE -> escape route DISTRICT_HARBOR of 3 for spy 6553615 LOC_CITIZEN_MAYA_MALE_8 level 1 turn 227 city LOC_CITY_NAME_SAINT_JOHN p1 at 59:23 pursuer police | end turn requested
unstuck: InGamePopup: open, no close
unstuck: TechCivicCompletedPopup: closed
unblock: blocker ENDTURN_BLOCKING_CIVIC -> civic CIVIC_THEOLOGY | end turn requested
unstuck: InGamePopup: open, no close
mission CityName=LOC_CITY_NAME_SAINT_JOHN CompletionTurn=227 EscapeResult=2 InitialResult=2 LevelAfter=1 LootInfo=-1 Name=LOC_CITIZEN_MAYA_MALE_8 Operation=58 PlotIndex=1991
mission CityName=LOC_CITY_NAME_OTTAWA CompletionTurn=225 EscapeResult=-1 InitialResult=3 LevelAfter=1 LootInfo=-1 Name=LOC_CITIZEN_MAYA_MODERN_MALE_10 Operation=58 PlotIndex=978
mission CityName=LOC_CITY_NAME_VANCOUVER CompletionTurn=225 EscapeResult=-1 InitialResult=5 LevelAfter=4 LootInfo=-1 Name=LOC_CITIZEN_MAYA_FEMALE_4 Operation=58 PlotIndex=801
mission CityName=LOC_CITY_NAME_QUEBEC_CITY CompletionTurn=225 EscapeResult=-1 InitialResult=3 LevelAfter=1 LootInfo=-1 Name=LOC_CITIZEN_MAYA_MODERN_FEMALE_4 Operation=58 PlotIndex=1404
mission CityName=LOC_CITY_NAME_HALIFAX CompletionTurn=224 EscapeResult=-1 InitialResult=1 LevelAfter=2 LootInfo=-1 Name=LOC_CITIZEN_MAYA_MODERN_FEMALE_3 Operation=58 PlotIndex=1409
mission CityName=LOC_CITY_NAME_MONTREAL CompletionTurn=223 EscapeResult=1 InitialResult=2 LevelAfter=1 LootInfo=-1 Name=LOC_CITIZEN_MAYA_MALE_5 Operation=58 PlotIndex=1314
mission CityName=LOC_CITY_NAME_SAINT_JOHN CompletionTurn=223 EscapeResult=-1 InitialResult=1 LevelAfter=2 LootInfo=-1 Name=LOC_CITIZEN_MAYA_FEMALE_6 Operation=58 PlotIndex=1991
mission CityName=LOC_CITY_NAME_TORONTO CompletionTurn=223 EscapeResult=-1 InitialResult=5 LevelAfter=2 LootInfo=-1 Name=LOC_CITIZEN_MAYA_MODERN_MALE_9 Operation=58 PlotIndex=1818
mission CityName=LOC_CITY_NAME_OTTAWA CompletionTurn=219 EscapeResult=-1 InitialResult=1 LevelAfter=1 LootInfo=-1 Name=LOC_CITIZEN_MAYA_MODERN_FEMALE_7 Operation=58 PlotIndex=978
mission CityName=LOC_CITY_NAME_VANCOUVER CompletionTurn=218 EscapeResult=-1 InitialResult=5 LevelAfter=3 LootInfo=-1 Name=LOC_CITIZEN_MAYA_FEMALE_4 Operation=58 PlotIndex=801
mission CityName=LOC_CITY_NAME_BOLOGNA CompletionTurn=218 EscapeResult=1 InitialResult=2 LevelAfter=2 LootInfo=-1 Name=LOC_CITIZEN_MAYA_FEMALE_1 Operation=58 PlotIndex=1653
mission CityName=LOC_CITY_NAME_SAINT_JOHN CompletionTurn=217 EscapeResult=-1 InitialResult=3 LevelAfter=1 LootInfo=-1 Name=LOC_CITIZEN_MAYA_MALE_8 Operation=58 PlotIndex=1991
mission CityName=LOC_CITY_NAME_VICTORIA CompletionTurn=215 EscapeResult=0 InitialResult=2 LevelAfter=1 LootInfo=-1 Name=LOC_CITIZEN_MAYA_MODERN_MALE_1 Operation=58 PlotIndex=889
mission CityName=LOC_CITY_NAME_HALIFAX CompletionTurn=215 EscapeResult=2 InitialResult=2 LevelAfter=2 LootInfo=-1 Name=LOC_CITIZEN_MAYA_MODERN_FEMALE_3 Operation=58 PlotIndex=1409
mission CityName=LOC_CITY_NAME_OTTAWA CompletionTurn=214 EscapeResult=2 InitialResult=2 LevelAfter=1 LootInfo=-1 Name=LOC_CITIZEN_MAYA_MODERN_MALE_10 Operation=58 PlotIndex=978
mission CityName=LOC_CITY_NAME_MONTREAL CompletionTurn=213 EscapeResult=-1 InitialResult=1 LevelAfter=1 LootInfo=-1 Name=LOC_CITIZEN_MAYA_MALE_2 Operation=58 PlotIndex=1314
mission CityName=LOC_CITY_NAME_TORONTO CompletionTurn=213 EscapeResult=2 InitialResult=2 LevelAfter=1 LootInfo=-1 Name=LOC_CITIZEN_MAYA_MODERN_MALE_9 Operation=58 PlotIndex=1818
mission CityName=LOC_CITY_NAME_QUEBEC_CITY CompletionTurn=213 EscapeResult=0 InitialResult=2 LevelAfter=1 LootInfo=-1 Name=LOC_CITIZEN_MAYA_FEMALE_7 Operation=58 PlotIndex=1404
mission CityName=LOC_CITY_NAME_VANCOUVER CompletionTurn=212 EscapeResult=-1 InitialResult=5 LevelAfter=2 LootInfo=-1 Name=LOC_CITIZEN_MAYA_FEMALE_4 Operation=58 PlotIndex=801
mission CityName=LOC_CITY_NAME_KINGSTON CompletionTurn=212 EscapeResult=2 InitialResult=2 LevelAfter=1 LootInfo=-1 Name=LOC_CITIZEN_MAYA_MODERN_FEMALE_4 Operation=58 PlotIndex=1392
mission CityName=LOC_CITY_NAME_BOLOGNA CompletionTurn=212 EscapeResult=-1 InitialResult=5 LevelAfter=2 LootInfo=-1 Name=LOC_CITIZEN_MAYA_FEMALE_1 Operation=58 PlotIndex=1653
mission CityName=LOC_CITY_NAME_VICTORIA CompletionTurn=210 EscapeResult=1 InitialResult=2 LevelAfter=1 LootInfo=-1 Name=LOC_CITIZEN_MAYA_FEMALE_3 Operation=58 PlotIndex=889
mission CityName=LOC_CITY_NAME_SAINT_JOHN CompletionTurn=209 EscapeResult=2 InitialResult=4 LevelAfter=2 LootInfo=-1 Name=LOC_CITIZEN_MAYA_FEMALE_6 Operation=58 PlotIndex=1991
mission CityName=LOC_CITY_NAME_WINNIPEG CompletionTurn=209 EscapeResult=1 InitialResult=4 LevelAfter=2 LootInfo=-1 Name=LOC_CITIZEN_MAYA_MODERN_FEMALE_1 Operation=58 PlotIndex=1743
mission CityName=LOC_CITY_NAME_HALIFAX CompletionTurn=209 EscapeResult=-1 InitialResult=5 LevelAfter=2 LootInfo=-1 Name=LOC_CITIZEN_MAYA_MODERN_FEMALE_3 Operation=58 PlotIndex=1409
mission CityName=LOC_CITY_NAME_OTTAWA CompletionTurn=207 EscapeResult=2 InitialResult=2 LevelAfter=1 LootInfo=-1 Name=LOC_CITIZEN_MAYA_MODERN_MALE_10 Operation=58 PlotIndex=978
mission CityName=LOC_CITY_NAME_MONTREAL CompletionTurn=207 EscapeResult=-1 InitialResult=0 LevelAfter=1 LootInfo=-1 Name=LOC_CITIZEN_MAYA_MODERN_MALE_4 Operation=58 PlotIndex=1314
mission CityName=LOC_CITY_NAME_TORONTO CompletionTurn=207 EscapeResult=-1 InitialResult=1 LevelAfter=1 LootInfo=-1 Name=LOC_CITIZEN_MAYA_MODERN_MALE_6 Operation=58 PlotIndex=1818
mission CityName=LOC_CITY_NAME_QUEBEC_CITY CompletionTurn=207 EscapeResult=-1 InitialResult=1 LevelAfter=1 LootInfo=-1 Name=LOC_CITIZEN_MAYA_MALE_6 Operation=58 PlotIndex=1404
tally 6  FOMENT_UNREST CAPTURED / NO_RESULT
tally 3  FOMENT_UNREST FAIL_MUST_ESCAPE / CAPTURED
tally 6  FOMENT_UNREST FAIL_MUST_ESCAPE / FAIL_MUST_ESCAPE
tally 2  FOMENT_UNREST FAIL_MUST_ESCAPE / KILLED
tally 3  FOMENT_UNREST FAIL_UNDETECTED / NO_RESULT
tally 1  FOMENT_UNREST KILLED / NO_RESULT
tally 1  FOMENT_UNREST SUCCESS_MUST_ESCAPE / CAPTURED
tally 1  FOMENT_UNREST SUCCESS_MUST_ESCAPE / FAIL_MUST_ESCAPE
tally 6  FOMENT_UNREST SUCCESS_UNDETECTED / NO_RESULT
turn 228 spies active 5 idle 0 missions 29 captured-enemy 0
spy 6946818 LOC_CITIZEN_MAYA_MODERN_MALE_9 level 2 at 54:21 busy
spy 7274510 LOC_CITIZEN_MAYA_MODERN_FEMALE_4 level 1 at 60:16 busy
spy 5701649 LOC_CITIZEN_MAYA_FEMALE_4 level 4 at 45:9 busy
spy 7208978 LOC_CITIZEN_MAYA_MODERN_MALE_10 level 1 at 54:11 busy
spy 7405588 LOC_CITIZEN_MAYA_MODERN_FEMALE_5 level 1 at 49:10 busy
turn 228 spies 5 started 0 travelled 0 promoted 0 bought 0 gold 50000
unblock: blocker ENDTURN_BLOCKING_CIVIC -> civic CIVIC_THEOLOGY | end turn requested
unstuck: InGamePopup: open, no close
unblock: blocker ENDTURN_BLOCKING_PRODUCTION -> TIKAL builds UNIT_WARRIOR | end turn requested
unstuck: InGamePopup: open, no close
unblock: blocker ENDTURN_BLOCKING_PRODUCTION -> TIKAL builds UNIT_WARRIOR | end turn requested
unstuck: InGamePopup: open, no close
unstuck: NaturalDisasterPopup: closed
unstuck: TechCivicCompletedPopup: closed
mission CityName=LOC_CITY_NAME_VICTORIA CompletionTurn=229 EscapeResult=-1 InitialResult=3 LevelAfter=1 LootInfo=-1 Name=LOC_CITIZEN_MAYA_MODERN_FEMALE_5 Operation=58 PlotIndex=889
mission CityName=LOC_CITY_NAME_OTTAWA CompletionTurn=229 EscapeResult=-1 InitialResult=4 LevelAfter=2 LootInfo=-1 Name=LOC_CITIZEN_MAYA_MODERN_MALE_10 Operation=58 PlotIndex=978
mission CityName=LOC_CITY_NAME_QUEBEC_CITY CompletionTurn=229 EscapeResult=-1 InitialResult=2 LevelAfter=1 LootInfo=-1 Name=LOC_CITIZEN_MAYA_MODERN_FEMALE_4 Operation=58 PlotIndex=1404
mission CityName=LOC_CITY_NAME_TORONTO CompletionTurn=229 EscapeResult=-1 InitialResult=2 LevelAfter=2 LootInfo=-1 Name=LOC_CITIZEN_MAYA_MODERN_MALE_9 Operation=58 PlotIndex=1818
mission CityName=LOC_CITY_NAME_SAINT_JOHN CompletionTurn=227 EscapeResult=2 InitialResult=2 LevelAfter=1 LootInfo=-1 Name=LOC_CITIZEN_MAYA_MALE_8 Operation=58 PlotIndex=1991
mission CityName=LOC_CITY_NAME_OTTAWA CompletionTurn=225 EscapeResult=-1 InitialResult=3 LevelAfter=1 LootInfo=-1 Name=LOC_CITIZEN_MAYA_MODERN_MALE_10 Operation=58 PlotIndex=978
mission CityName=LOC_CITY_NAME_VANCOUVER CompletionTurn=225 EscapeResult=-1 InitialResult=5 LevelAfter=4 LootInfo=-1 Name=LOC_CITIZEN_MAYA_FEMALE_4 Operation=58 PlotIndex=801
mission CityName=LOC_CITY_NAME_QUEBEC_CITY CompletionTurn=225 EscapeResult=-1 InitialResult=3 LevelAfter=1 LootInfo=-1 Name=LOC_CITIZEN_MAYA_MODERN_FEMALE_4 Operation=58 PlotIndex=1404
mission CityName=LOC_CITY_NAME_HALIFAX CompletionTurn=224 EscapeResult=-1 InitialResult=1 LevelAfter=2 LootInfo=-1 Name=LOC_CITIZEN_MAYA_MODERN_FEMALE_3 Operation=58 PlotIndex=1409
mission CityName=LOC_CITY_NAME_MONTREAL CompletionTurn=223 EscapeResult=1 InitialResult=2 LevelAfter=1 LootInfo=-1 Name=LOC_CITIZEN_MAYA_MALE_5 Operation=58 PlotIndex=1314
mission CityName=LOC_CITY_NAME_SAINT_JOHN CompletionTurn=223 EscapeResult=-1 InitialResult=1 LevelAfter=2 LootInfo=-1 Name=LOC_CITIZEN_MAYA_FEMALE_6 Operation=58 PlotIndex=1991
mission CityName=LOC_CITY_NAME_TORONTO CompletionTurn=223 EscapeResult=-1 InitialResult=5 LevelAfter=2 LootInfo=-1 Name=LOC_CITIZEN_MAYA_MODERN_MALE_9 Operation=58 PlotIndex=1818
mission CityName=LOC_CITY_NAME_OTTAWA CompletionTurn=219 EscapeResult=-1 InitialResult=1 LevelAfter=1 LootInfo=-1 Name=LOC_CITIZEN_MAYA_MODERN_FEMALE_7 Operation=58 PlotIndex=978
mission CityName=LOC_CITY_NAME_VANCOUVER CompletionTurn=218 EscapeResult=-1 InitialResult=5 LevelAfter=3 LootInfo=-1 Name=LOC_CITIZEN_MAYA_FEMALE_4 Operation=58 PlotIndex=801
mission CityName=LOC_CITY_NAME_BOLOGNA CompletionTurn=218 EscapeResult=1 InitialResult=2 LevelAfter=2 LootInfo=-1 Name=LOC_CITIZEN_MAYA_FEMALE_1 Operation=58 PlotIndex=1653
mission CityName=LOC_CITY_NAME_SAINT_JOHN CompletionTurn=217 EscapeResult=-1 InitialResult=3 LevelAfter=1 LootInfo=-1 Name=LOC_CITIZEN_MAYA_MALE_8 Operation=58 PlotIndex=1991
mission CityName=LOC_CITY_NAME_VICTORIA CompletionTurn=215 EscapeResult=0 InitialResult=2 LevelAfter=1 LootInfo=-1 Name=LOC_CITIZEN_MAYA_MODERN_MALE_1 Operation=58 PlotIndex=889
mission CityName=LOC_CITY_NAME_HALIFAX CompletionTurn=215 EscapeResult=2 InitialResult=2 LevelAfter=2 LootInfo=-1 Name=LOC_CITIZEN_MAYA_MODERN_FEMALE_3 Operation=58 PlotIndex=1409
mission CityName=LOC_CITY_NAME_OTTAWA CompletionTurn=214 EscapeResult=2 InitialResult=2 LevelAfter=1 LootInfo=-1 Name=LOC_CITIZEN_MAYA_MODERN_MALE_10 Operation=58 PlotIndex=978
mission CityName=LOC_CITY_NAME_MONTREAL CompletionTurn=213 EscapeResult=-1 InitialResult=1 LevelAfter=1 LootInfo=-1 Name=LOC_CITIZEN_MAYA_MALE_2 Operation=58 PlotIndex=1314
mission CityName=LOC_CITY_NAME_TORONTO CompletionTurn=213 EscapeResult=2 InitialResult=2 LevelAfter=1 LootInfo=-1 Name=LOC_CITIZEN_MAYA_MODERN_MALE_9 Operation=58 PlotIndex=1818
mission CityName=LOC_CITY_NAME_QUEBEC_CITY CompletionTurn=213 EscapeResult=0 InitialResult=2 LevelAfter=1 LootInfo=-1 Name=LOC_CITIZEN_MAYA_FEMALE_7 Operation=58 PlotIndex=1404
mission CityName=LOC_CITY_NAME_VANCOUVER CompletionTurn=212 EscapeResult=-1 InitialResult=5 LevelAfter=2 LootInfo=-1 Name=LOC_CITIZEN_MAYA_FEMALE_4 Operation=58 PlotIndex=801
mission CityName=LOC_CITY_NAME_KINGSTON CompletionTurn=212 EscapeResult=2 InitialResult=2 LevelAfter=1 LootInfo=-1 Name=LOC_CITIZEN_MAYA_MODERN_FEMALE_4 Operation=58 PlotIndex=1392
mission CityName=LOC_CITY_NAME_BOLOGNA CompletionTurn=212 EscapeResult=-1 InitialResult=5 LevelAfter=2 LootInfo=-1 Name=LOC_CITIZEN_MAYA_FEMALE_1 Operation=58 PlotIndex=1653
mission CityName=LOC_CITY_NAME_VICTORIA CompletionTurn=210 EscapeResult=1 InitialResult=2 LevelAfter=1 LootInfo=-1 Name=LOC_CITIZEN_MAYA_FEMALE_3 Operation=58 PlotIndex=889
mission CityName=LOC_CITY_NAME_SAINT_JOHN CompletionTurn=209 EscapeResult=2 InitialResult=4 LevelAfter=2 LootInfo=-1 Name=LOC_CITIZEN_MAYA_FEMALE_6 Operation=58 PlotIndex=1991
mission CityName=LOC_CITY_NAME_WINNIPEG CompletionTurn=209 EscapeResult=1 InitialResult=4 LevelAfter=2 LootInfo=-1 Name=LOC_CITIZEN_MAYA_MODERN_FEMALE_1 Operation=58 PlotIndex=1743
mission CityName=LOC_CITY_NAME_HALIFAX CompletionTurn=209 EscapeResult=-1 InitialResult=5 LevelAfter=2 LootInfo=-1 Name=LOC_CITIZEN_MAYA_MODERN_FEMALE_3 Operation=58 PlotIndex=1409
mission CityName=LOC_CITY_NAME_OTTAWA CompletionTurn=207 EscapeResult=2 InitialResult=2 LevelAfter=1 LootInfo=-1 Name=LOC_CITIZEN_MAYA_MODERN_MALE_10 Operation=58 PlotIndex=978
mission CityName=LOC_CITY_NAME_MONTREAL CompletionTurn=207 EscapeResult=-1 InitialResult=0 LevelAfter=1 LootInfo=-1 Name=LOC_CITIZEN_MAYA_MODERN_MALE_4 Operation=58 PlotIndex=1314
mission CityName=LOC_CITY_NAME_TORONTO CompletionTurn=207 EscapeResult=-1 InitialResult=1 LevelAfter=1 LootInfo=-1 Name=LOC_CITIZEN_MAYA_MODERN_MALE_6 Operation=58 PlotIndex=1818
mission CityName=LOC_CITY_NAME_QUEBEC_CITY CompletionTurn=207 EscapeResult=-1 InitialResult=1 LevelAfter=1 LootInfo=-1 Name=LOC_CITIZEN_MAYA_MALE_6 Operation=58 PlotIndex=1404
tally 6  FOMENT_UNREST CAPTURED / NO_RESULT
tally 3  FOMENT_UNREST FAIL_MUST_ESCAPE / CAPTURED
tally 6  FOMENT_UNREST FAIL_MUST_ESCAPE / FAIL_MUST_ESCAPE
tally 2  FOMENT_UNREST FAIL_MUST_ESCAPE / KILLED
tally 2  FOMENT_UNREST FAIL_MUST_ESCAPE / NO_RESULT
tally 4  FOMENT_UNREST FAIL_UNDETECTED / NO_RESULT
tally 1  FOMENT_UNREST KILLED / NO_RESULT
tally 1  FOMENT_UNREST SUCCESS_MUST_ESCAPE / CAPTURED
tally 1  FOMENT_UNREST SUCCESS_MUST_ESCAPE / FAIL_MUST_ESCAPE
tally 1  FOMENT_UNREST SUCCESS_MUST_ESCAPE / NO_RESULT
tally 6  FOMENT_UNREST SUCCESS_UNDETECTED / NO_RESULT
turn 229 spies active 4 idle 2 missions 33 captured-enemy 0
spy 6946818 LOC_CITIZEN_MAYA_MODERN_MALE_9 level 2 at 54:21 busy
spy 7274510 LOC_CITIZEN_MAYA_MODERN_FEMALE_4 level 1 at 60:16 busy
spy 7602191 LOC_CITIZEN_MAYA_MALE_8 level 1 at 36:46 travel
spy 5701649 LOC_CITIZEN_MAYA_FEMALE_4 level 4 at 45:9 busy
spy 7208978 LOC_CITIZEN_MAYA_MODERN_MALE_10 level 1 at 54:11 busy
spy 7405588 LOC_CITIZEN_MAYA_MODERN_FEMALE_5 level 1 at 49:10 start
turn 229 spies 6 started 1 travelled 1 promoted 1 bought 0 gold 50000
unblock: blocker ENDTURN_BLOCKING_SPY_CHOOSE_ESCAPE_ROUTE -> escape route DISTRICT_HARBOR of 2 for spy 6946818 LOC_CITIZEN_MAYA_MODERN_MALE_9 level 2 turn 229 city LOC_CITY_NAME_TORONTO p1 at 54:21 pursuer police | end turn requested
unstuck: InGamePopup: open, no close
unblock: blocker ENDTURN_BLOCKING_SPY_CHOOSE_ESCAPE_ROUTE -> escape route DISTRICT_COMMERCIAL_HUB of 2 for spy 7274510 LOC_CITIZEN_MAYA_MODERN_FEMALE_4 level 1 turn 229 city LOC_CITY_NAME_QUEBEC_CITY p1 at 60:16 pursuer police | end turn requested
unstuck: InGamePopup: open, no close
unblock: blocker ENDTURN_BLOCKING_SPY_CHOOSE_ESCAPE_ROUTE -> escape route DISTRICT_COMMERCIAL_HUB of 2 for spy 7274510 LOC_CITIZEN_MAYA_MODERN_FEMALE_4 level 1 turn 229 city LOC_CITY_NAME_QUEBEC_CITY p1 at 60:16 pursuer police | end turn requested
unstuck: InGamePopup: open, no close
mission CityName=LOC_CITY_NAME_VANCOUVER CompletionTurn=230 EscapeResult=-1 InitialResult=5 LevelAfter=4 LootInfo=-1 Name=LOC_CITIZEN_MAYA_FEMALE_4 Operation=58 PlotIndex=801
mission CityName=LOC_CITY_NAME_VICTORIA CompletionTurn=229 EscapeResult=-1 InitialResult=3 LevelAfter=1 LootInfo=-1 Name=LOC_CITIZEN_MAYA_MODERN_FEMALE_5 Operation=58 PlotIndex=889
mission CityName=LOC_CITY_NAME_OTTAWA CompletionTurn=229 EscapeResult=-1 InitialResult=4 LevelAfter=2 LootInfo=-1 Name=LOC_CITIZEN_MAYA_MODERN_MALE_10 Operation=58 PlotIndex=978
mission CityName=LOC_CITY_NAME_QUEBEC_CITY CompletionTurn=229 EscapeResult=-1 InitialResult=2 LevelAfter=1 LootInfo=-1 Name=LOC_CITIZEN_MAYA_MODERN_FEMALE_4 Operation=58 PlotIndex=1404
mission CityName=LOC_CITY_NAME_TORONTO CompletionTurn=229 EscapeResult=2 InitialResult=2 LevelAfter=2 LootInfo=-1 Name=LOC_CITIZEN_MAYA_MODERN_MALE_9 Operation=58 PlotIndex=1818
mission CityName=LOC_CITY_NAME_SAINT_JOHN CompletionTurn=227 EscapeResult=2 InitialResult=2 LevelAfter=1 LootInfo=-1 Name=LOC_CITIZEN_MAYA_MALE_8 Operation=58 PlotIndex=1991
mission CityName=LOC_CITY_NAME_OTTAWA CompletionTurn=225 EscapeResult=-1 InitialResult=3 LevelAfter=1 LootInfo=-1 Name=LOC_CITIZEN_MAYA_MODERN_MALE_10 Operation=58 PlotIndex=978
mission CityName=LOC_CITY_NAME_VANCOUVER CompletionTurn=225 EscapeResult=-1 InitialResult=5 LevelAfter=4 LootInfo=-1 Name=LOC_CITIZEN_MAYA_FEMALE_4 Operation=58 PlotIndex=801
mission CityName=LOC_CITY_NAME_QUEBEC_CITY CompletionTurn=225 EscapeResult=-1 InitialResult=3 LevelAfter=1 LootInfo=-1 Name=LOC_CITIZEN_MAYA_MODERN_FEMALE_4 Operation=58 PlotIndex=1404
mission CityName=LOC_CITY_NAME_HALIFAX CompletionTurn=224 EscapeResult=-1 InitialResult=1 LevelAfter=2 LootInfo=-1 Name=LOC_CITIZEN_MAYA_MODERN_FEMALE_3 Operation=58 PlotIndex=1409
mission CityName=LOC_CITY_NAME_MONTREAL CompletionTurn=223 EscapeResult=1 InitialResult=2 LevelAfter=1 LootInfo=-1 Name=LOC_CITIZEN_MAYA_MALE_5 Operation=58 PlotIndex=1314
mission CityName=LOC_CITY_NAME_SAINT_JOHN CompletionTurn=223 EscapeResult=-1 InitialResult=1 LevelAfter=2 LootInfo=-1 Name=LOC_CITIZEN_MAYA_FEMALE_6 Operation=58 PlotIndex=1991
mission CityName=LOC_CITY_NAME_TORONTO CompletionTurn=223 EscapeResult=-1 InitialResult=5 LevelAfter=2 LootInfo=-1 Name=LOC_CITIZEN_MAYA_MODERN_MALE_9 Operation=58 PlotIndex=1818
mission CityName=LOC_CITY_NAME_OTTAWA CompletionTurn=219 EscapeResult=-1 InitialResult=1 LevelAfter=1 LootInfo=-1 Name=LOC_CITIZEN_MAYA_MODERN_FEMALE_7 Operation=58 PlotIndex=978
mission CityName=LOC_CITY_NAME_VANCOUVER CompletionTurn=218 EscapeResult=-1 InitialResult=5 LevelAfter=3 LootInfo=-1 Name=LOC_CITIZEN_MAYA_FEMALE_4 Operation=58 PlotIndex=801
mission CityName=LOC_CITY_NAME_BOLOGNA CompletionTurn=218 EscapeResult=1 InitialResult=2 LevelAfter=2 LootInfo=-1 Name=LOC_CITIZEN_MAYA_FEMALE_1 Operation=58 PlotIndex=1653
mission CityName=LOC_CITY_NAME_SAINT_JOHN CompletionTurn=217 EscapeResult=-1 InitialResult=3 LevelAfter=1 LootInfo=-1 Name=LOC_CITIZEN_MAYA_MALE_8 Operation=58 PlotIndex=1991
mission CityName=LOC_CITY_NAME_VICTORIA CompletionTurn=215 EscapeResult=0 InitialResult=2 LevelAfter=1 LootInfo=-1 Name=LOC_CITIZEN_MAYA_MODERN_MALE_1 Operation=58 PlotIndex=889
mission CityName=LOC_CITY_NAME_HALIFAX CompletionTurn=215 EscapeResult=2 InitialResult=2 LevelAfter=2 LootInfo=-1 Name=LOC_CITIZEN_MAYA_MODERN_FEMALE_3 Operation=58 PlotIndex=1409
mission CityName=LOC_CITY_NAME_OTTAWA CompletionTurn=214 EscapeResult=2 InitialResult=2 LevelAfter=1 LootInfo=-1 Name=LOC_CITIZEN_MAYA_MODERN_MALE_10 Operation=58 PlotIndex=978
mission CityName=LOC_CITY_NAME_MONTREAL CompletionTurn=213 EscapeResult=-1 InitialResult=1 LevelAfter=1 LootInfo=-1 Name=LOC_CITIZEN_MAYA_MALE_2 Operation=58 PlotIndex=1314
mission CityName=LOC_CITY_NAME_TORONTO CompletionTurn=213 EscapeResult=2 InitialResult=2 LevelAfter=1 LootInfo=-1 Name=LOC_CITIZEN_MAYA_MODERN_MALE_9 Operation=58 PlotIndex=1818
mission CityName=LOC_CITY_NAME_QUEBEC_CITY CompletionTurn=213 EscapeResult=0 InitialResult=2 LevelAfter=1 LootInfo=-1 Name=LOC_CITIZEN_MAYA_FEMALE_7 Operation=58 PlotIndex=1404
mission CityName=LOC_CITY_NAME_VANCOUVER CompletionTurn=212 EscapeResult=-1 InitialResult=5 LevelAfter=2 LootInfo=-1 Name=LOC_CITIZEN_MAYA_FEMALE_4 Operation=58 PlotIndex=801
mission CityName=LOC_CITY_NAME_KINGSTON CompletionTurn=212 EscapeResult=2 InitialResult=2 LevelAfter=1 LootInfo=-1 Name=LOC_CITIZEN_MAYA_MODERN_FEMALE_4 Operation=58 PlotIndex=1392
mission CityName=LOC_CITY_NAME_BOLOGNA CompletionTurn=212 EscapeResult=-1 InitialResult=5 LevelAfter=2 LootInfo=-1 Name=LOC_CITIZEN_MAYA_FEMALE_1 Operation=58 PlotIndex=1653
mission CityName=LOC_CITY_NAME_VICTORIA CompletionTurn=210 EscapeResult=1 InitialResult=2 LevelAfter=1 LootInfo=-1 Name=LOC_CITIZEN_MAYA_FEMALE_3 Operation=58 PlotIndex=889
mission CityName=LOC_CITY_NAME_SAINT_JOHN CompletionTurn=209 EscapeResult=2 InitialResult=4 LevelAfter=2 LootInfo=-1 Name=LOC_CITIZEN_MAYA_FEMALE_6 Operation=58 PlotIndex=1991
mission CityName=LOC_CITY_NAME_WINNIPEG CompletionTurn=209 EscapeResult=1 InitialResult=4 LevelAfter=2 LootInfo=-1 Name=LOC_CITIZEN_MAYA_MODERN_FEMALE_1 Operation=58 PlotIndex=1743
mission CityName=LOC_CITY_NAME_HALIFAX CompletionTurn=209 EscapeResult=-1 InitialResult=5 LevelAfter=2 LootInfo=-1 Name=LOC_CITIZEN_MAYA_MODERN_FEMALE_3 Operation=58 PlotIndex=1409
mission CityName=LOC_CITY_NAME_OTTAWA CompletionTurn=207 EscapeResult=2 InitialResult=2 LevelAfter=1 LootInfo=-1 Name=LOC_CITIZEN_MAYA_MODERN_MALE_10 Operation=58 PlotIndex=978
mission CityName=LOC_CITY_NAME_MONTREAL CompletionTurn=207 EscapeResult=-1 InitialResult=0 LevelAfter=1 LootInfo=-1 Name=LOC_CITIZEN_MAYA_MODERN_MALE_4 Operation=58 PlotIndex=1314
mission CityName=LOC_CITY_NAME_TORONTO CompletionTurn=207 EscapeResult=-1 InitialResult=1 LevelAfter=1 LootInfo=-1 Name=LOC_CITIZEN_MAYA_MODERN_MALE_6 Operation=58 PlotIndex=1818
mission CityName=LOC_CITY_NAME_QUEBEC_CITY CompletionTurn=207 EscapeResult=-1 InitialResult=1 LevelAfter=1 LootInfo=-1 Name=LOC_CITIZEN_MAYA_MALE_6 Operation=58 PlotIndex=1404
tally 6  FOMENT_UNREST CAPTURED / NO_RESULT
tally 3  FOMENT_UNREST FAIL_MUST_ESCAPE / CAPTURED
tally 7  FOMENT_UNREST FAIL_MUST_ESCAPE / FAIL_MUST_ESCAPE
tally 2  FOMENT_UNREST FAIL_MUST_ESCAPE / KILLED
tally 1  FOMENT_UNREST FAIL_MUST_ESCAPE / NO_RESULT
tally 4  FOMENT_UNREST FAIL_UNDETECTED / NO_RESULT
tally 1  FOMENT_UNREST KILLED / NO_RESULT
tally 1  FOMENT_UNREST SUCCESS_MUST_ESCAPE / CAPTURED
tally 1  FOMENT_UNREST SUCCESS_MUST_ESCAPE / FAIL_MUST_ESCAPE
tally 1  FOMENT_UNREST SUCCESS_MUST_ESCAPE / NO_RESULT
tally 7  FOMENT_UNREST SUCCESS_UNDETECTED / NO_RESULT
turn 230 spies active 3 idle 2 missions 34 captured-enemy 0
spy 7274510 LOC_CITIZEN_MAYA_MODERN_FEMALE_4 level 1 at 60:16 busy
spy 7667727 LOC_CITIZEN_MAYA_MALE_8 level 1 at 54:15 start
spy 5701649 LOC_CITIZEN_MAYA_FEMALE_4 level 4 at 45:9 start
spy 7208978 LOC_CITIZEN_MAYA_MODERN_MALE_10 level 2 at 54:11 busy
spy 7405588 LOC_CITIZEN_MAYA_MODERN_FEMALE_5 level 1 at 49:10 busy
turn 230 spies 5 started 2 travelled 0 promoted 0 bought 0 gold 50000
unblock: blocker ENDTURN_BLOCKING_SPY_CHOOSE_ESCAPE_ROUTE -> escape route DISTRICT_COMMERCIAL_HUB of 2 for spy 7274510 LOC_CITIZEN_MAYA_MODERN_FEMALE_4 level 1 turn 230 city LOC_CITY_NAME_QUEBEC_CITY p1 at 60:16 pursuer police | end turn requested
unstuck: InGamePopup: open, no close
unblock: blocker ENDTURN_BLOCKING_SPY_CHOOSE_ESCAPE_ROUTE -> escape route DISTRICT_COMMERCIAL_HUB of 2 for spy 7208978 LOC_CITIZEN_MAYA_MODERN_MALE_10 level 2 turn 230 city LOC_CITY_NAME_OTTAWA p1 at 54:11 pursuer police | end turn requested
unstuck: InGamePopup: open, no close
mission CityName=LOC_CITY_NAME_VANCOUVER CompletionTurn=230 EscapeResult=-1 InitialResult=5 LevelAfter=4 LootInfo=-1 Name=LOC_CITIZEN_MAYA_FEMALE_4 Operation=58 PlotIndex=801
mission CityName=LOC_CITY_NAME_VICTORIA CompletionTurn=229 EscapeResult=-1 InitialResult=3 LevelAfter=1 LootInfo=-1 Name=LOC_CITIZEN_MAYA_MODERN_FEMALE_5 Operation=58 PlotIndex=889
mission CityName=LOC_CITY_NAME_OTTAWA CompletionTurn=229 EscapeResult=-1 InitialResult=4 LevelAfter=2 LootInfo=-1 Name=LOC_CITIZEN_MAYA_MODERN_MALE_10 Operation=58 PlotIndex=978
mission CityName=LOC_CITY_NAME_QUEBEC_CITY CompletionTurn=229 EscapeResult=2 InitialResult=2 LevelAfter=1 LootInfo=-1 Name=LOC_CITIZEN_MAYA_MODERN_FEMALE_4 Operation=58 PlotIndex=1404
mission CityName=LOC_CITY_NAME_TORONTO CompletionTurn=229 EscapeResult=2 InitialResult=2 LevelAfter=2 LootInfo=-1 Name=LOC_CITIZEN_MAYA_MODERN_MALE_9 Operation=58 PlotIndex=1818
mission CityName=LOC_CITY_NAME_SAINT_JOHN CompletionTurn=227 EscapeResult=2 InitialResult=2 LevelAfter=1 LootInfo=-1 Name=LOC_CITIZEN_MAYA_MALE_8 Operation=58 PlotIndex=1991
mission CityName=LOC_CITY_NAME_OTTAWA CompletionTurn=225 EscapeResult=-1 InitialResult=3 LevelAfter=1 LootInfo=-1 Name=LOC_CITIZEN_MAYA_MODERN_MALE_10 Operation=58 PlotIndex=978
mission CityName=LOC_CITY_NAME_VANCOUVER CompletionTurn=225 EscapeResult=-1 InitialResult=5 LevelAfter=4 LootInfo=-1 Name=LOC_CITIZEN_MAYA_FEMALE_4 Operation=58 PlotIndex=801
mission CityName=LOC_CITY_NAME_QUEBEC_CITY CompletionTurn=225 EscapeResult=-1 InitialResult=3 LevelAfter=1 LootInfo=-1 Name=LOC_CITIZEN_MAYA_MODERN_FEMALE_4 Operation=58 PlotIndex=1404
mission CityName=LOC_CITY_NAME_HALIFAX CompletionTurn=224 EscapeResult=-1 InitialResult=1 LevelAfter=2 LootInfo=-1 Name=LOC_CITIZEN_MAYA_MODERN_FEMALE_3 Operation=58 PlotIndex=1409
mission CityName=LOC_CITY_NAME_MONTREAL CompletionTurn=223 EscapeResult=1 InitialResult=2 LevelAfter=1 LootInfo=-1 Name=LOC_CITIZEN_MAYA_MALE_5 Operation=58 PlotIndex=1314
mission CityName=LOC_CITY_NAME_SAINT_JOHN CompletionTurn=223 EscapeResult=-1 InitialResult=1 LevelAfter=2 LootInfo=-1 Name=LOC_CITIZEN_MAYA_FEMALE_6 Operation=58 PlotIndex=1991
mission CityName=LOC_CITY_NAME_TORONTO CompletionTurn=223 EscapeResult=-1 InitialResult=5 LevelAfter=2 LootInfo=-1 Name=LOC_CITIZEN_MAYA_MODERN_MALE_9 Operation=58 PlotIndex=1818
mission CityName=LOC_CITY_NAME_OTTAWA CompletionTurn=219 EscapeResult=-1 InitialResult=1 LevelAfter=1 LootInfo=-1 Name=LOC_CITIZEN_MAYA_MODERN_FEMALE_7 Operation=58 PlotIndex=978
mission CityName=LOC_CITY_NAME_VANCOUVER CompletionTurn=218 EscapeResult=-1 InitialResult=5 LevelAfter=3 LootInfo=-1 Name=LOC_CITIZEN_MAYA_FEMALE_4 Operation=58 PlotIndex=801
mission CityName=LOC_CITY_NAME_BOLOGNA CompletionTurn=218 EscapeResult=1 InitialResult=2 LevelAfter=2 LootInfo=-1 Name=LOC_CITIZEN_MAYA_FEMALE_1 Operation=58 PlotIndex=1653
mission CityName=LOC_CITY_NAME_SAINT_JOHN CompletionTurn=217 EscapeResult=-1 InitialResult=3 LevelAfter=1 LootInfo=-1 Name=LOC_CITIZEN_MAYA_MALE_8 Operation=58 PlotIndex=1991
mission CityName=LOC_CITY_NAME_VICTORIA CompletionTurn=215 EscapeResult=0 InitialResult=2 LevelAfter=1 LootInfo=-1 Name=LOC_CITIZEN_MAYA_MODERN_MALE_1 Operation=58 PlotIndex=889
mission CityName=LOC_CITY_NAME_HALIFAX CompletionTurn=215 EscapeResult=2 InitialResult=2 LevelAfter=2 LootInfo=-1 Name=LOC_CITIZEN_MAYA_MODERN_FEMALE_3 Operation=58 PlotIndex=1409
mission CityName=LOC_CITY_NAME_OTTAWA CompletionTurn=214 EscapeResult=2 InitialResult=2 LevelAfter=1 LootInfo=-1 Name=LOC_CITIZEN_MAYA_MODERN_MALE_10 Operation=58 PlotIndex=978
mission CityName=LOC_CITY_NAME_MONTREAL CompletionTurn=213 EscapeResult=-1 InitialResult=1 LevelAfter=1 LootInfo=-1 Name=LOC_CITIZEN_MAYA_MALE_2 Operation=58 PlotIndex=1314
mission CityName=LOC_CITY_NAME_TORONTO CompletionTurn=213 EscapeResult=2 InitialResult=2 LevelAfter=1 LootInfo=-1 Name=LOC_CITIZEN_MAYA_MODERN_MALE_9 Operation=58 PlotIndex=1818
mission CityName=LOC_CITY_NAME_QUEBEC_CITY CompletionTurn=213 EscapeResult=0 InitialResult=2 LevelAfter=1 LootInfo=-1 Name=LOC_CITIZEN_MAYA_FEMALE_7 Operation=58 PlotIndex=1404
mission CityName=LOC_CITY_NAME_VANCOUVER CompletionTurn=212 EscapeResult=-1 InitialResult=5 LevelAfter=2 LootInfo=-1 Name=LOC_CITIZEN_MAYA_FEMALE_4 Operation=58 PlotIndex=801
mission CityName=LOC_CITY_NAME_KINGSTON CompletionTurn=212 EscapeResult=2 InitialResult=2 LevelAfter=1 LootInfo=-1 Name=LOC_CITIZEN_MAYA_MODERN_FEMALE_4 Operation=58 PlotIndex=1392
mission CityName=LOC_CITY_NAME_BOLOGNA CompletionTurn=212 EscapeResult=-1 InitialResult=5 LevelAfter=2 LootInfo=-1 Name=LOC_CITIZEN_MAYA_FEMALE_1 Operation=58 PlotIndex=1653
mission CityName=LOC_CITY_NAME_VICTORIA CompletionTurn=210 EscapeResult=1 InitialResult=2 LevelAfter=1 LootInfo=-1 Name=LOC_CITIZEN_MAYA_FEMALE_3 Operation=58 PlotIndex=889
mission CityName=LOC_CITY_NAME_SAINT_JOHN CompletionTurn=209 EscapeResult=2 InitialResult=4 LevelAfter=2 LootInfo=-1 Name=LOC_CITIZEN_MAYA_FEMALE_6 Operation=58 PlotIndex=1991
mission CityName=LOC_CITY_NAME_WINNIPEG CompletionTurn=209 EscapeResult=1 InitialResult=4 LevelAfter=2 LootInfo=-1 Name=LOC_CITIZEN_MAYA_MODERN_FEMALE_1 Operation=58 PlotIndex=1743
mission CityName=LOC_CITY_NAME_HALIFAX CompletionTurn=209 EscapeResult=-1 InitialResult=5 LevelAfter=2 LootInfo=-1 Name=LOC_CITIZEN_MAYA_MODERN_FEMALE_3 Operation=58 PlotIndex=1409
mission CityName=LOC_CITY_NAME_OTTAWA CompletionTurn=207 EscapeResult=2 InitialResult=2 LevelAfter=1 LootInfo=-1 Name=LOC_CITIZEN_MAYA_MODERN_MALE_10 Operation=58 PlotIndex=978
mission CityName=LOC_CITY_NAME_MONTREAL CompletionTurn=207 EscapeResult=-1 InitialResult=0 LevelAfter=1 LootInfo=-1 Name=LOC_CITIZEN_MAYA_MODERN_MALE_4 Operation=58 PlotIndex=1314
mission CityName=LOC_CITY_NAME_TORONTO CompletionTurn=207 EscapeResult=-1 InitialResult=1 LevelAfter=1 LootInfo=-1 Name=LOC_CITIZEN_MAYA_MODERN_MALE_6 Operation=58 PlotIndex=1818
mission CityName=LOC_CITY_NAME_QUEBEC_CITY CompletionTurn=207 EscapeResult=-1 InitialResult=1 LevelAfter=1 LootInfo=-1 Name=LOC_CITIZEN_MAYA_MALE_6 Operation=58 PlotIndex=1404
tally 6  FOMENT_UNREST CAPTURED / NO_RESULT
tally 3  FOMENT_UNREST FAIL_MUST_ESCAPE / CAPTURED
tally 8  FOMENT_UNREST FAIL_MUST_ESCAPE / FAIL_MUST_ESCAPE
tally 2  FOMENT_UNREST FAIL_MUST_ESCAPE / KILLED
tally 4  FOMENT_UNREST FAIL_UNDETECTED / NO_RESULT
tally 1  FOMENT_UNREST KILLED / NO_RESULT
tally 1  FOMENT_UNREST SUCCESS_MUST_ESCAPE / CAPTURED
tally 1  FOMENT_UNREST SUCCESS_MUST_ESCAPE / FAIL_MUST_ESCAPE
tally 1  FOMENT_UNREST SUCCESS_MUST_ESCAPE / NO_RESULT
tally 7  FOMENT_UNREST SUCCESS_UNDETECTED / NO_RESULT
turn 231 spies active 4 idle 0 missions 34 captured-enemy 0
spy 7733262 LOC_CITIZEN_MAYA_MODERN_MALE_9 level 2 at 36:46 travel
spy 7667727 LOC_CITIZEN_MAYA_MALE_8 level 1 at 54:15 busy
spy 5701649 LOC_CITIZEN_MAYA_FEMALE_4 level 4 at 45:9 busy
spy 7208978 LOC_CITIZEN_MAYA_MODERN_MALE_10 level 2 at 54:11 busy
spy 7405588 LOC_CITIZEN_MAYA_MODERN_FEMALE_5 level 1 at 49:10 busy
turn 231 spies 5 started 0 travelled 1 promoted 0 bought 0 gold 50000
unblock: blocker ENDTURN_BLOCKING_SPY_CHOOSE_ESCAPE_ROUTE -> escape route DISTRICT_COMMERCIAL_HUB of 2 for spy 7208978 LOC_CITIZEN_MAYA_MODERN_MALE_10 level 2 turn 231 city LOC_CITY_NAME_OTTAWA p1 at 54:11 pursuer police | end turn requested
unstuck: InGamePopup: open, no close
unblock: blocker ENDTURN_BLOCKING_PRODUCTION -> TIKAL builds UNIT_WARRIOR | end turn requested
unstuck: InGamePopup: open, no close
unblock: blocker ENDTURN_BLOCKING_PRODUCTION -> TIKAL builds UNIT_WARRIOR | end turn requested
unstuck: InGamePopup: open, no close
mission CityName=LOC_CITY_NAME_VANCOUVER CompletionTurn=230 EscapeResult=-1 InitialResult=5 LevelAfter=4 LootInfo=-1 Name=LOC_CITIZEN_MAYA_FEMALE_4 Operation=58 PlotIndex=801
mission CityName=LOC_CITY_NAME_VICTORIA CompletionTurn=229 EscapeResult=-1 InitialResult=3 LevelAfter=1 LootInfo=-1 Name=LOC_CITIZEN_MAYA_MODERN_FEMALE_5 Operation=58 PlotIndex=889
mission CityName=LOC_CITY_NAME_OTTAWA CompletionTurn=229 EscapeResult=2 InitialResult=4 LevelAfter=2 LootInfo=-1 Name=LOC_CITIZEN_MAYA_MODERN_MALE_10 Operation=58 PlotIndex=978
mission CityName=LOC_CITY_NAME_QUEBEC_CITY CompletionTurn=229 EscapeResult=2 InitialResult=2 LevelAfter=1 LootInfo=-1 Name=LOC_CITIZEN_MAYA_MODERN_FEMALE_4 Operation=58 PlotIndex=1404
mission CityName=LOC_CITY_NAME_TORONTO CompletionTurn=229 EscapeResult=2 InitialResult=2 LevelAfter=2 LootInfo=-1 Name=LOC_CITIZEN_MAYA_MODERN_MALE_9 Operation=58 PlotIndex=1818
mission CityName=LOC_CITY_NAME_SAINT_JOHN CompletionTurn=227 EscapeResult=2 InitialResult=2 LevelAfter=1 LootInfo=-1 Name=LOC_CITIZEN_MAYA_MALE_8 Operation=58 PlotIndex=1991
mission CityName=LOC_CITY_NAME_OTTAWA CompletionTurn=225 EscapeResult=-1 InitialResult=3 LevelAfter=1 LootInfo=-1 Name=LOC_CITIZEN_MAYA_MODERN_MALE_10 Operation=58 PlotIndex=978
mission CityName=LOC_CITY_NAME_VANCOUVER CompletionTurn=225 EscapeResult=-1 InitialResult=5 LevelAfter=4 LootInfo=-1 Name=LOC_CITIZEN_MAYA_FEMALE_4 Operation=58 PlotIndex=801
mission CityName=LOC_CITY_NAME_QUEBEC_CITY CompletionTurn=225 EscapeResult=-1 InitialResult=3 LevelAfter=1 LootInfo=-1 Name=LOC_CITIZEN_MAYA_MODERN_FEMALE_4 Operation=58 PlotIndex=1404
mission CityName=LOC_CITY_NAME_HALIFAX CompletionTurn=224 EscapeResult=-1 InitialResult=1 LevelAfter=2 LootInfo=-1 Name=LOC_CITIZEN_MAYA_MODERN_FEMALE_3 Operation=58 PlotIndex=1409
mission CityName=LOC_CITY_NAME_MONTREAL CompletionTurn=223 EscapeResult=1 InitialResult=2 LevelAfter=1 LootInfo=-1 Name=LOC_CITIZEN_MAYA_MALE_5 Operation=58 PlotIndex=1314
mission CityName=LOC_CITY_NAME_SAINT_JOHN CompletionTurn=223 EscapeResult=-1 InitialResult=1 LevelAfter=2 LootInfo=-1 Name=LOC_CITIZEN_MAYA_FEMALE_6 Operation=58 PlotIndex=1991
mission CityName=LOC_CITY_NAME_TORONTO CompletionTurn=223 EscapeResult=-1 InitialResult=5 LevelAfter=2 LootInfo=-1 Name=LOC_CITIZEN_MAYA_MODERN_MALE_9 Operation=58 PlotIndex=1818
mission CityName=LOC_CITY_NAME_OTTAWA CompletionTurn=219 EscapeResult=-1 InitialResult=1 LevelAfter=1 LootInfo=-1 Name=LOC_CITIZEN_MAYA_MODERN_FEMALE_7 Operation=58 PlotIndex=978
mission CityName=LOC_CITY_NAME_VANCOUVER CompletionTurn=218 EscapeResult=-1 InitialResult=5 LevelAfter=3 LootInfo=-1 Name=LOC_CITIZEN_MAYA_FEMALE_4 Operation=58 PlotIndex=801
mission CityName=LOC_CITY_NAME_BOLOGNA CompletionTurn=218 EscapeResult=1 InitialResult=2 LevelAfter=2 LootInfo=-1 Name=LOC_CITIZEN_MAYA_FEMALE_1 Operation=58 PlotIndex=1653
mission CityName=LOC_CITY_NAME_SAINT_JOHN CompletionTurn=217 EscapeResult=-1 InitialResult=3 LevelAfter=1 LootInfo=-1 Name=LOC_CITIZEN_MAYA_MALE_8 Operation=58 PlotIndex=1991
mission CityName=LOC_CITY_NAME_VICTORIA CompletionTurn=215 EscapeResult=0 InitialResult=2 LevelAfter=1 LootInfo=-1 Name=LOC_CITIZEN_MAYA_MODERN_MALE_1 Operation=58 PlotIndex=889
mission CityName=LOC_CITY_NAME_HALIFAX CompletionTurn=215 EscapeResult=2 InitialResult=2 LevelAfter=2 LootInfo=-1 Name=LOC_CITIZEN_MAYA_MODERN_FEMALE_3 Operation=58 PlotIndex=1409
mission CityName=LOC_CITY_NAME_OTTAWA CompletionTurn=214 EscapeResult=2 InitialResult=2 LevelAfter=1 LootInfo=-1 Name=LOC_CITIZEN_MAYA_MODERN_MALE_10 Operation=58 PlotIndex=978
mission CityName=LOC_CITY_NAME_MONTREAL CompletionTurn=213 EscapeResult=-1 InitialResult=1 LevelAfter=1 LootInfo=-1 Name=LOC_CITIZEN_MAYA_MALE_2 Operation=58 PlotIndex=1314
mission CityName=LOC_CITY_NAME_TORONTO CompletionTurn=213 EscapeResult=2 InitialResult=2 LevelAfter=1 LootInfo=-1 Name=LOC_CITIZEN_MAYA_MODERN_MALE_9 Operation=58 PlotIndex=1818
mission CityName=LOC_CITY_NAME_QUEBEC_CITY CompletionTurn=213 EscapeResult=0 InitialResult=2 LevelAfter=1 LootInfo=-1 Name=LOC_CITIZEN_MAYA_FEMALE_7 Operation=58 PlotIndex=1404
mission CityName=LOC_CITY_NAME_VANCOUVER CompletionTurn=212 EscapeResult=-1 InitialResult=5 LevelAfter=2 LootInfo=-1 Name=LOC_CITIZEN_MAYA_FEMALE_4 Operation=58 PlotIndex=801
mission CityName=LOC_CITY_NAME_KINGSTON CompletionTurn=212 EscapeResult=2 InitialResult=2 LevelAfter=1 LootInfo=-1 Name=LOC_CITIZEN_MAYA_MODERN_FEMALE_4 Operation=58 PlotIndex=1392
mission CityName=LOC_CITY_NAME_BOLOGNA CompletionTurn=212 EscapeResult=-1 InitialResult=5 LevelAfter=2 LootInfo=-1 Name=LOC_CITIZEN_MAYA_FEMALE_1 Operation=58 PlotIndex=1653
mission CityName=LOC_CITY_NAME_VICTORIA CompletionTurn=210 EscapeResult=1 InitialResult=2 LevelAfter=1 LootInfo=-1 Name=LOC_CITIZEN_MAYA_FEMALE_3 Operation=58 PlotIndex=889
mission CityName=LOC_CITY_NAME_SAINT_JOHN CompletionTurn=209 EscapeResult=2 InitialResult=4 LevelAfter=2 LootInfo=-1 Name=LOC_CITIZEN_MAYA_FEMALE_6 Operation=58 PlotIndex=1991
mission CityName=LOC_CITY_NAME_WINNIPEG CompletionTurn=209 EscapeResult=1 InitialResult=4 LevelAfter=2 LootInfo=-1 Name=LOC_CITIZEN_MAYA_MODERN_FEMALE_1 Operation=58 PlotIndex=1743
mission CityName=LOC_CITY_NAME_HALIFAX CompletionTurn=209 EscapeResult=-1 InitialResult=5 LevelAfter=2 LootInfo=-1 Name=LOC_CITIZEN_MAYA_MODERN_FEMALE_3 Operation=58 PlotIndex=1409
mission CityName=LOC_CITY_NAME_OTTAWA CompletionTurn=207 EscapeResult=2 InitialResult=2 LevelAfter=1 LootInfo=-1 Name=LOC_CITIZEN_MAYA_MODERN_MALE_10 Operation=58 PlotIndex=978
mission CityName=LOC_CITY_NAME_MONTREAL CompletionTurn=207 EscapeResult=-1 InitialResult=0 LevelAfter=1 LootInfo=-1 Name=LOC_CITIZEN_MAYA_MODERN_MALE_4 Operation=58 PlotIndex=1314
mission CityName=LOC_CITY_NAME_TORONTO CompletionTurn=207 EscapeResult=-1 InitialResult=1 LevelAfter=1 LootInfo=-1 Name=LOC_CITIZEN_MAYA_MODERN_MALE_6 Operation=58 PlotIndex=1818
mission CityName=LOC_CITY_NAME_QUEBEC_CITY CompletionTurn=207 EscapeResult=-1 InitialResult=1 LevelAfter=1 LootInfo=-1 Name=LOC_CITIZEN_MAYA_MALE_6 Operation=58 PlotIndex=1404
tally 6  FOMENT_UNREST CAPTURED / NO_RESULT
tally 3  FOMENT_UNREST FAIL_MUST_ESCAPE / CAPTURED
tally 8  FOMENT_UNREST FAIL_MUST_ESCAPE / FAIL_MUST_ESCAPE
tally 2  FOMENT_UNREST FAIL_MUST_ESCAPE / KILLED
tally 4  FOMENT_UNREST FAIL_UNDETECTED / NO_RESULT
tally 1  FOMENT_UNREST KILLED / NO_RESULT
tally 1  FOMENT_UNREST SUCCESS_MUST_ESCAPE / CAPTURED
tally 2  FOMENT_UNREST SUCCESS_MUST_ESCAPE / FAIL_MUST_ESCAPE
tally 7  FOMENT_UNREST SUCCESS_UNDETECTED / NO_RESULT
turn 232 spies active 3 idle 0 missions 34 captured-enemy 0
spy 7667727 LOC_CITIZEN_MAYA_MALE_8 level 1 at 54:15 busy
spy 5701649 LOC_CITIZEN_MAYA_FEMALE_4 level 4 at 45:9 busy
spy 7405588 LOC_CITIZEN_MAYA_MODERN_FEMALE_5 level 1 at 49:10 busy
turn 232 spies 3 started 0 travelled 0 promoted 0 bought 0 gold 50000
unblock: blocker ENDTURN_BLOCKING_COMMEMORATION_AVAILABLE -> nothing | end turn requested
unstuck: InGamePopup: open, no close
unstuck: EraCompletePopup: closed
unblock: blocker ENDTURN_BLOCKING_COMMEMORATION_AVAILABLE -> nothing | end turn requested
unstuck: InGamePopup: open, no close
unblock: blocker ENDTURN_BLOCKING_COMMEMORATION_AVAILABLE -> nothing | end turn requested
unstuck: InGamePopup: open, no close
unblock: blocker ENDTURN_BLOCKING_COMMEMORATION_AVAILABLE -> nothing | end turn requested
unstuck: InGamePopup: open, no close
mission CityName=LOC_CITY_NAME_VICTORIA CompletionTurn=233 EscapeResult=-1 InitialResult=0 LevelAfter=1 LootInfo=-1 Name=LOC_CITIZEN_MAYA_MODERN_FEMALE_5 Operation=58 PlotIndex=889
mission CityName=LOC_CITY_NAME_VANCOUVER CompletionTurn=233 EscapeResult=-1 InitialResult=5 LevelAfter=4 LootInfo=-1 Name=LOC_CITIZEN_MAYA_FEMALE_4 Operation=58 PlotIndex=801
mission CityName=LOC_CITY_NAME_VANCOUVER CompletionTurn=230 EscapeResult=-1 InitialResult=5 LevelAfter=4 LootInfo=-1 Name=LOC_CITIZEN_MAYA_FEMALE_4 Operation=58 PlotIndex=801
mission CityName=LOC_CITY_NAME_VICTORIA CompletionTurn=229 EscapeResult=-1 InitialResult=3 LevelAfter=1 LootInfo=-1 Name=LOC_CITIZEN_MAYA_MODERN_FEMALE_5 Operation=58 PlotIndex=889
mission CityName=LOC_CITY_NAME_OTTAWA CompletionTurn=229 EscapeResult=2 InitialResult=4 LevelAfter=2 LootInfo=-1 Name=LOC_CITIZEN_MAYA_MODERN_MALE_10 Operation=58 PlotIndex=978
mission CityName=LOC_CITY_NAME_QUEBEC_CITY CompletionTurn=229 EscapeResult=2 InitialResult=2 LevelAfter=1 LootInfo=-1 Name=LOC_CITIZEN_MAYA_MODERN_FEMALE_4 Operation=58 PlotIndex=1404
mission CityName=LOC_CITY_NAME_TORONTO CompletionTurn=229 EscapeResult=2 InitialResult=2 LevelAfter=2 LootInfo=-1 Name=LOC_CITIZEN_MAYA_MODERN_MALE_9 Operation=58 PlotIndex=1818
mission CityName=LOC_CITY_NAME_SAINT_JOHN CompletionTurn=227 EscapeResult=2 InitialResult=2 LevelAfter=1 LootInfo=-1 Name=LOC_CITIZEN_MAYA_MALE_8 Operation=58 PlotIndex=1991
mission CityName=LOC_CITY_NAME_OTTAWA CompletionTurn=225 EscapeResult=-1 InitialResult=3 LevelAfter=1 LootInfo=-1 Name=LOC_CITIZEN_MAYA_MODERN_MALE_10 Operation=58 PlotIndex=978
mission CityName=LOC_CITY_NAME_VANCOUVER CompletionTurn=225 EscapeResult=-1 InitialResult=5 LevelAfter=4 LootInfo=-1 Name=LOC_CITIZEN_MAYA_FEMALE_4 Operation=58 PlotIndex=801
mission CityName=LOC_CITY_NAME_QUEBEC_CITY CompletionTurn=225 EscapeResult=-1 InitialResult=3 LevelAfter=1 LootInfo=-1 Name=LOC_CITIZEN_MAYA_MODERN_FEMALE_4 Operation=58 PlotIndex=1404
mission CityName=LOC_CITY_NAME_HALIFAX CompletionTurn=224 EscapeResult=-1 InitialResult=1 LevelAfter=2 LootInfo=-1 Name=LOC_CITIZEN_MAYA_MODERN_FEMALE_3 Operation=58 PlotIndex=1409
mission CityName=LOC_CITY_NAME_MONTREAL CompletionTurn=223 EscapeResult=1 InitialResult=2 LevelAfter=1 LootInfo=-1 Name=LOC_CITIZEN_MAYA_MALE_5 Operation=58 PlotIndex=1314
mission CityName=LOC_CITY_NAME_SAINT_JOHN CompletionTurn=223 EscapeResult=-1 InitialResult=1 LevelAfter=2 LootInfo=-1 Name=LOC_CITIZEN_MAYA_FEMALE_6 Operation=58 PlotIndex=1991
mission CityName=LOC_CITY_NAME_TORONTO CompletionTurn=223 EscapeResult=-1 InitialResult=5 LevelAfter=2 LootInfo=-1 Name=LOC_CITIZEN_MAYA_MODERN_MALE_9 Operation=58 PlotIndex=1818
mission CityName=LOC_CITY_NAME_OTTAWA CompletionTurn=219 EscapeResult=-1 InitialResult=1 LevelAfter=1 LootInfo=-1 Name=LOC_CITIZEN_MAYA_MODERN_FEMALE_7 Operation=58 PlotIndex=978
mission CityName=LOC_CITY_NAME_VANCOUVER CompletionTurn=218 EscapeResult=-1 InitialResult=5 LevelAfter=3 LootInfo=-1 Name=LOC_CITIZEN_MAYA_FEMALE_4 Operation=58 PlotIndex=801
mission CityName=LOC_CITY_NAME_BOLOGNA CompletionTurn=218 EscapeResult=1 InitialResult=2 LevelAfter=2 LootInfo=-1 Name=LOC_CITIZEN_MAYA_FEMALE_1 Operation=58 PlotIndex=1653
mission CityName=LOC_CITY_NAME_SAINT_JOHN CompletionTurn=217 EscapeResult=-1 InitialResult=3 LevelAfter=1 LootInfo=-1 Name=LOC_CITIZEN_MAYA_MALE_8 Operation=58 PlotIndex=1991
mission CityName=LOC_CITY_NAME_VICTORIA CompletionTurn=215 EscapeResult=0 InitialResult=2 LevelAfter=1 LootInfo=-1 Name=LOC_CITIZEN_MAYA_MODERN_MALE_1 Operation=58 PlotIndex=889
mission CityName=LOC_CITY_NAME_HALIFAX CompletionTurn=215 EscapeResult=2 InitialResult=2 LevelAfter=2 LootInfo=-1 Name=LOC_CITIZEN_MAYA_MODERN_FEMALE_3 Operation=58 PlotIndex=1409
mission CityName=LOC_CITY_NAME_OTTAWA CompletionTurn=214 EscapeResult=2 InitialResult=2 LevelAfter=1 LootInfo=-1 Name=LOC_CITIZEN_MAYA_MODERN_MALE_10 Operation=58 PlotIndex=978
mission CityName=LOC_CITY_NAME_MONTREAL CompletionTurn=213 EscapeResult=-1 InitialResult=1 LevelAfter=1 LootInfo=-1 Name=LOC_CITIZEN_MAYA_MALE_2 Operation=58 PlotIndex=1314
mission CityName=LOC_CITY_NAME_TORONTO CompletionTurn=213 EscapeResult=2 InitialResult=2 LevelAfter=1 LootInfo=-1 Name=LOC_CITIZEN_MAYA_MODERN_MALE_9 Operation=58 PlotIndex=1818
mission CityName=LOC_CITY_NAME_QUEBEC_CITY CompletionTurn=213 EscapeResult=0 InitialResult=2 LevelAfter=1 LootInfo=-1 Name=LOC_CITIZEN_MAYA_FEMALE_7 Operation=58 PlotIndex=1404
mission CityName=LOC_CITY_NAME_VANCOUVER CompletionTurn=212 EscapeResult=-1 InitialResult=5 LevelAfter=2 LootInfo=-1 Name=LOC_CITIZEN_MAYA_FEMALE_4 Operation=58 PlotIndex=801
mission CityName=LOC_CITY_NAME_KINGSTON CompletionTurn=212 EscapeResult=2 InitialResult=2 LevelAfter=1 LootInfo=-1 Name=LOC_CITIZEN_MAYA_MODERN_FEMALE_4 Operation=58 PlotIndex=1392
mission CityName=LOC_CITY_NAME_BOLOGNA CompletionTurn=212 EscapeResult=-1 InitialResult=5 LevelAfter=2 LootInfo=-1 Name=LOC_CITIZEN_MAYA_FEMALE_1 Operation=58 PlotIndex=1653
mission CityName=LOC_CITY_NAME_VICTORIA CompletionTurn=210 EscapeResult=1 InitialResult=2 LevelAfter=1 LootInfo=-1 Name=LOC_CITIZEN_MAYA_FEMALE_3 Operation=58 PlotIndex=889
mission CityName=LOC_CITY_NAME_SAINT_JOHN CompletionTurn=209 EscapeResult=2 InitialResult=4 LevelAfter=2 LootInfo=-1 Name=LOC_CITIZEN_MAYA_FEMALE_6 Operation=58 PlotIndex=1991
mission CityName=LOC_CITY_NAME_WINNIPEG CompletionTurn=209 EscapeResult=1 InitialResult=4 LevelAfter=2 LootInfo=-1 Name=LOC_CITIZEN_MAYA_MODERN_FEMALE_1 Operation=58 PlotIndex=1743
mission CityName=LOC_CITY_NAME_HALIFAX CompletionTurn=209 EscapeResult=-1 InitialResult=5 LevelAfter=2 LootInfo=-1 Name=LOC_CITIZEN_MAYA_MODERN_FEMALE_3 Operation=58 PlotIndex=1409
mission CityName=LOC_CITY_NAME_OTTAWA CompletionTurn=207 EscapeResult=2 InitialResult=2 LevelAfter=1 LootInfo=-1 Name=LOC_CITIZEN_MAYA_MODERN_MALE_10 Operation=58 PlotIndex=978
mission CityName=LOC_CITY_NAME_MONTREAL CompletionTurn=207 EscapeResult=-1 InitialResult=0 LevelAfter=1 LootInfo=-1 Name=LOC_CITIZEN_MAYA_MODERN_MALE_4 Operation=58 PlotIndex=1314
mission CityName=LOC_CITY_NAME_TORONTO CompletionTurn=207 EscapeResult=-1 InitialResult=1 LevelAfter=1 LootInfo=-1 Name=LOC_CITIZEN_MAYA_MODERN_MALE_6 Operation=58 PlotIndex=1818
mission CityName=LOC_CITY_NAME_QUEBEC_CITY CompletionTurn=207 EscapeResult=-1 InitialResult=1 LevelAfter=1 LootInfo=-1 Name=LOC_CITIZEN_MAYA_MALE_6 Operation=58 PlotIndex=1404
tally 6  FOMENT_UNREST CAPTURED / NO_RESULT
tally 3  FOMENT_UNREST FAIL_MUST_ESCAPE / CAPTURED
tally 8  FOMENT_UNREST FAIL_MUST_ESCAPE / FAIL_MUST_ESCAPE
tally 2  FOMENT_UNREST FAIL_MUST_ESCAPE / KILLED
tally 4  FOMENT_UNREST FAIL_UNDETECTED / NO_RESULT
tally 2  FOMENT_UNREST KILLED / NO_RESULT
tally 1  FOMENT_UNREST SUCCESS_MUST_ESCAPE / CAPTURED
tally 2  FOMENT_UNREST SUCCESS_MUST_ESCAPE / FAIL_MUST_ESCAPE
tally 8  FOMENT_UNREST SUCCESS_UNDETECTED / NO_RESULT
turn 233 spies active 1 idle 3 missions 36 captured-enemy 0
spy 7798791 LOC_CITIZEN_MAYA_MODERN_FEMALE_4 level 1 at 36:46 travel
spy 7667727 LOC_CITIZEN_MAYA_MALE_8 level 1 at 54:15 busy
spy 5701649 LOC_CITIZEN_MAYA_FEMALE_4 level 4 at 45:9 start
spy 7864338 LOC_CITIZEN_MAYA_MODERN_MALE_9 level 2 at 54:21 start
turn 233 spies 4 started 2 travelled 1 promoted 0 bought 1 gold 50000
unblock: blocker ENDTURN_BLOCKING_COMMEMORATION_AVAILABLE -> nothing | end turn requested
unstuck: closed sessions [1:1]
unstuck: DiplomacyActionView: closed
unstuck: InGamePopup: open, no close
unblock: blocker ENDTURN_BLOCKING_PRODUCTION -> TIKAL builds UNIT_WARRIOR | end turn requested
unstuck: closed sessions [1:1]
unstuck: InGamePopup: open, no close
unblock: blocker ENDTURN_BLOCKING_CIVIC -> civic CIVIC_NAVAL_TRADITION | end turn requested
unstuck: DiplomacyActionView: closed
unstuck: InGamePopup: open, no close
unblock: blocker ENDTURN_BLOCKING_CIVIC -> civic CIVIC_NAVAL_TRADITION | end turn requested
unstuck: closed sessions [2:2]
unstuck: DiplomacyActionView: Closing Diplomacy Action View. m_eventID: 1239191
unstuck: InGamePopup: open, no close
unblock: blocker ENDTURN_BLOCKING_CIVIC -> civic CIVIC_NAVAL_TRADITION | end turn requested
unstuck: InGamePopup: open, no close
mission CityName=LOC_CITY_NAME_VICTORIA CompletionTurn=233 EscapeResult=-1 InitialResult=0 LevelAfter=1 LootInfo=-1 Name=LOC_CITIZEN_MAYA_MODERN_FEMALE_5 Operation=58 PlotIndex=889
mission CityName=LOC_CITY_NAME_VANCOUVER CompletionTurn=233 EscapeResult=-1 InitialResult=5 LevelAfter=4 LootInfo=-1 Name=LOC_CITIZEN_MAYA_FEMALE_4 Operation=58 PlotIndex=801
mission CityName=LOC_CITY_NAME_VANCOUVER CompletionTurn=230 EscapeResult=-1 InitialResult=5 LevelAfter=4 LootInfo=-1 Name=LOC_CITIZEN_MAYA_FEMALE_4 Operation=58 PlotIndex=801
mission CityName=LOC_CITY_NAME_VICTORIA CompletionTurn=229 EscapeResult=-1 InitialResult=3 LevelAfter=1 LootInfo=-1 Name=LOC_CITIZEN_MAYA_MODERN_FEMALE_5 Operation=58 PlotIndex=889
mission CityName=LOC_CITY_NAME_OTTAWA CompletionTurn=229 EscapeResult=2 InitialResult=4 LevelAfter=2 LootInfo=-1 Name=LOC_CITIZEN_MAYA_MODERN_MALE_10 Operation=58 PlotIndex=978
mission CityName=LOC_CITY_NAME_QUEBEC_CITY CompletionTurn=229 EscapeResult=2 InitialResult=2 LevelAfter=1 LootInfo=-1 Name=LOC_CITIZEN_MAYA_MODERN_FEMALE_4 Operation=58 PlotIndex=1404
mission CityName=LOC_CITY_NAME_TORONTO CompletionTurn=229 EscapeResult=2 InitialResult=2 LevelAfter=2 LootInfo=-1 Name=LOC_CITIZEN_MAYA_MODERN_MALE_9 Operation=58 PlotIndex=1818
mission CityName=LOC_CITY_NAME_SAINT_JOHN CompletionTurn=227 EscapeResult=2 InitialResult=2 LevelAfter=1 LootInfo=-1 Name=LOC_CITIZEN_MAYA_MALE_8 Operation=58 PlotIndex=1991
mission CityName=LOC_CITY_NAME_OTTAWA CompletionTurn=225 EscapeResult=-1 InitialResult=3 LevelAfter=1 LootInfo=-1 Name=LOC_CITIZEN_MAYA_MODERN_MALE_10 Operation=58 PlotIndex=978
mission CityName=LOC_CITY_NAME_VANCOUVER CompletionTurn=225 EscapeResult=-1 InitialResult=5 LevelAfter=4 LootInfo=-1 Name=LOC_CITIZEN_MAYA_FEMALE_4 Operation=58 PlotIndex=801
mission CityName=LOC_CITY_NAME_QUEBEC_CITY CompletionTurn=225 EscapeResult=-1 InitialResult=3 LevelAfter=1 LootInfo=-1 Name=LOC_CITIZEN_MAYA_MODERN_FEMALE_4 Operation=58 PlotIndex=1404
mission CityName=LOC_CITY_NAME_HALIFAX CompletionTurn=224 EscapeResult=-1 InitialResult=1 LevelAfter=2 LootInfo=-1 Name=LOC_CITIZEN_MAYA_MODERN_FEMALE_3 Operation=58 PlotIndex=1409
mission CityName=LOC_CITY_NAME_MONTREAL CompletionTurn=223 EscapeResult=1 InitialResult=2 LevelAfter=1 LootInfo=-1 Name=LOC_CITIZEN_MAYA_MALE_5 Operation=58 PlotIndex=1314
mission CityName=LOC_CITY_NAME_SAINT_JOHN CompletionTurn=223 EscapeResult=-1 InitialResult=1 LevelAfter=2 LootInfo=-1 Name=LOC_CITIZEN_MAYA_FEMALE_6 Operation=58 PlotIndex=1991
mission CityName=LOC_CITY_NAME_TORONTO CompletionTurn=223 EscapeResult=-1 InitialResult=5 LevelAfter=2 LootInfo=-1 Name=LOC_CITIZEN_MAYA_MODERN_MALE_9 Operation=58 PlotIndex=1818
mission CityName=LOC_CITY_NAME_OTTAWA CompletionTurn=219 EscapeResult=-1 InitialResult=1 LevelAfter=1 LootInfo=-1 Name=LOC_CITIZEN_MAYA_MODERN_FEMALE_7 Operation=58 PlotIndex=978
mission CityName=LOC_CITY_NAME_VANCOUVER CompletionTurn=218 EscapeResult=-1 InitialResult=5 LevelAfter=3 LootInfo=-1 Name=LOC_CITIZEN_MAYA_FEMALE_4 Operation=58 PlotIndex=801
mission CityName=LOC_CITY_NAME_BOLOGNA CompletionTurn=218 EscapeResult=1 InitialResult=2 LevelAfter=2 LootInfo=-1 Name=LOC_CITIZEN_MAYA_FEMALE_1 Operation=58 PlotIndex=1653
mission CityName=LOC_CITY_NAME_SAINT_JOHN CompletionTurn=217 EscapeResult=-1 InitialResult=3 LevelAfter=1 LootInfo=-1 Name=LOC_CITIZEN_MAYA_MALE_8 Operation=58 PlotIndex=1991
mission CityName=LOC_CITY_NAME_VICTORIA CompletionTurn=215 EscapeResult=0 InitialResult=2 LevelAfter=1 LootInfo=-1 Name=LOC_CITIZEN_MAYA_MODERN_MALE_1 Operation=58 PlotIndex=889
mission CityName=LOC_CITY_NAME_HALIFAX CompletionTurn=215 EscapeResult=2 InitialResult=2 LevelAfter=2 LootInfo=-1 Name=LOC_CITIZEN_MAYA_MODERN_FEMALE_3 Operation=58 PlotIndex=1409
mission CityName=LOC_CITY_NAME_OTTAWA CompletionTurn=214 EscapeResult=2 InitialResult=2 LevelAfter=1 LootInfo=-1 Name=LOC_CITIZEN_MAYA_MODERN_MALE_10 Operation=58 PlotIndex=978
mission CityName=LOC_CITY_NAME_MONTREAL CompletionTurn=213 EscapeResult=-1 InitialResult=1 LevelAfter=1 LootInfo=-1 Name=LOC_CITIZEN_MAYA_MALE_2 Operation=58 PlotIndex=1314
mission CityName=LOC_CITY_NAME_TORONTO CompletionTurn=213 EscapeResult=2 InitialResult=2 LevelAfter=1 LootInfo=-1 Name=LOC_CITIZEN_MAYA_MODERN_MALE_9 Operation=58 PlotIndex=1818
mission CityName=LOC_CITY_NAME_QUEBEC_CITY CompletionTurn=213 EscapeResult=0 InitialResult=2 LevelAfter=1 LootInfo=-1 Name=LOC_CITIZEN_MAYA_FEMALE_7 Operation=58 PlotIndex=1404
mission CityName=LOC_CITY_NAME_VANCOUVER CompletionTurn=212 EscapeResult=-1 InitialResult=5 LevelAfter=2 LootInfo=-1 Name=LOC_CITIZEN_MAYA_FEMALE_4 Operation=58 PlotIndex=801
mission CityName=LOC_CITY_NAME_KINGSTON CompletionTurn=212 EscapeResult=2 InitialResult=2 LevelAfter=1 LootInfo=-1 Name=LOC_CITIZEN_MAYA_MODERN_FEMALE_4 Operation=58 PlotIndex=1392
mission CityName=LOC_CITY_NAME_BOLOGNA CompletionTurn=212 EscapeResult=-1 InitialResult=5 LevelAfter=2 LootInfo=-1 Name=LOC_CITIZEN_MAYA_FEMALE_1 Operation=58 PlotIndex=1653
mission CityName=LOC_CITY_NAME_VICTORIA CompletionTurn=210 EscapeResult=1 InitialResult=2 LevelAfter=1 LootInfo=-1 Name=LOC_CITIZEN_MAYA_FEMALE_3 Operation=58 PlotIndex=889
mission CityName=LOC_CITY_NAME_SAINT_JOHN CompletionTurn=209 EscapeResult=2 InitialResult=4 LevelAfter=2 LootInfo=-1 Name=LOC_CITIZEN_MAYA_FEMALE_6 Operation=58 PlotIndex=1991
mission CityName=LOC_CITY_NAME_WINNIPEG CompletionTurn=209 EscapeResult=1 InitialResult=4 LevelAfter=2 LootInfo=-1 Name=LOC_CITIZEN_MAYA_MODERN_FEMALE_1 Operation=58 PlotIndex=1743
mission CityName=LOC_CITY_NAME_HALIFAX CompletionTurn=209 EscapeResult=-1 InitialResult=5 LevelAfter=2 LootInfo=-1 Name=LOC_CITIZEN_MAYA_MODERN_FEMALE_3 Operation=58 PlotIndex=1409
mission CityName=LOC_CITY_NAME_OTTAWA CompletionTurn=207 EscapeResult=2 InitialResult=2 LevelAfter=1 LootInfo=-1 Name=LOC_CITIZEN_MAYA_MODERN_MALE_10 Operation=58 PlotIndex=978
mission CityName=LOC_CITY_NAME_MONTREAL CompletionTurn=207 EscapeResult=-1 InitialResult=0 LevelAfter=1 LootInfo=-1 Name=LOC_CITIZEN_MAYA_MODERN_MALE_4 Operation=58 PlotIndex=1314
mission CityName=LOC_CITY_NAME_TORONTO CompletionTurn=207 EscapeResult=-1 InitialResult=1 LevelAfter=1 LootInfo=-1 Name=LOC_CITIZEN_MAYA_MODERN_MALE_6 Operation=58 PlotIndex=1818
mission CityName=LOC_CITY_NAME_QUEBEC_CITY CompletionTurn=207 EscapeResult=-1 InitialResult=1 LevelAfter=1 LootInfo=-1 Name=LOC_CITIZEN_MAYA_MALE_6 Operation=58 PlotIndex=1404
tally 6  FOMENT_UNREST CAPTURED / NO_RESULT
tally 3  FOMENT_UNREST FAIL_MUST_ESCAPE / CAPTURED
tally 8  FOMENT_UNREST FAIL_MUST_ESCAPE / FAIL_MUST_ESCAPE
tally 2  FOMENT_UNREST FAIL_MUST_ESCAPE / KILLED
tally 4  FOMENT_UNREST FAIL_UNDETECTED / NO_RESULT
tally 2  FOMENT_UNREST KILLED / NO_RESULT
tally 1  FOMENT_UNREST SUCCESS_MUST_ESCAPE / CAPTURED
tally 2  FOMENT_UNREST SUCCESS_MUST_ESCAPE / FAIL_MUST_ESCAPE
tally 8  FOMENT_UNREST SUCCESS_UNDETECTED / NO_RESULT
turn 234 spies active 3 idle 1 missions 36 captured-enemy 0
spy 7929870 LOC_CITIZEN_MAYA_MODERN_FEMALE_2 level 1 at 30:48 travel
spy 7667727 LOC_CITIZEN_MAYA_MALE_8 level 1 at 54:15 start
spy 5701649 LOC_CITIZEN_MAYA_FEMALE_4 level 4 at 45:9 busy
spy 7864338 LOC_CITIZEN_MAYA_MODERN_MALE_9 level 2 at 54:21 busy
spy 7995412 LOC_CITIZEN_MAYA_MODERN_MALE_10 level 2 at 36:46 travel
turn 234 spies 5 started 1 travelled 2 promoted 0 bought 0 gold 50000
unblock: blocker ENDTURN_BLOCKING_CIVIC -> civic CIVIC_NAVAL_TRADITION | end turn requested
unstuck: InGamePopup: open, no close
unblock: blocker ENDTURN_BLOCKING_PRODUCTION -> TIKAL builds UNIT_WARRIOR | end turn requested
unstuck: InGamePopup: open, no close
unblock: blocker ENDTURN_BLOCKING_PRODUCTION -> TIKAL builds UNIT_WARRIOR | end turn requested
unstuck: InGamePopup: open, no close
unstuck: TechCivicCompletedPopup: closed
mission CityName=LOC_CITY_NAME_MONTREAL CompletionTurn=234 EscapeResult=-1 InitialResult=3 LevelAfter=1 LootInfo=-1 Name=LOC_CITIZEN_MAYA_MALE_8 Operation=58 PlotIndex=1314
mission CityName=LOC_CITY_NAME_VICTORIA CompletionTurn=233 EscapeResult=-1 InitialResult=0 LevelAfter=1 LootInfo=-1 Name=LOC_CITIZEN_MAYA_MODERN_FEMALE_5 Operation=58 PlotIndex=889
mission CityName=LOC_CITY_NAME_VANCOUVER CompletionTurn=233 EscapeResult=-1 InitialResult=5 LevelAfter=4 LootInfo=-1 Name=LOC_CITIZEN_MAYA_FEMALE_4 Operation=58 PlotIndex=801
mission CityName=LOC_CITY_NAME_VANCOUVER CompletionTurn=230 EscapeResult=-1 InitialResult=5 LevelAfter=4 LootInfo=-1 Name=LOC_CITIZEN_MAYA_FEMALE_4 Operation=58 PlotIndex=801
mission CityName=LOC_CITY_NAME_VICTORIA CompletionTurn=229 EscapeResult=-1 InitialResult=3 LevelAfter=1 LootInfo=-1 Name=LOC_CITIZEN_MAYA_MODERN_FEMALE_5 Operation=58 PlotIndex=889
mission CityName=LOC_CITY_NAME_OTTAWA CompletionTurn=229 EscapeResult=2 InitialResult=4 LevelAfter=2 LootInfo=-1 Name=LOC_CITIZEN_MAYA_MODERN_MALE_10 Operation=58 PlotIndex=978
mission CityName=LOC_CITY_NAME_QUEBEC_CITY CompletionTurn=229 EscapeResult=2 InitialResult=2 LevelAfter=1 LootInfo=-1 Name=LOC_CITIZEN_MAYA_MODERN_FEMALE_4 Operation=58 PlotIndex=1404
mission CityName=LOC_CITY_NAME_TORONTO CompletionTurn=229 EscapeResult=2 InitialResult=2 LevelAfter=2 LootInfo=-1 Name=LOC_CITIZEN_MAYA_MODERN_MALE_9 Operation=58 PlotIndex=1818
mission CityName=LOC_CITY_NAME_SAINT_JOHN CompletionTurn=227 EscapeResult=2 InitialResult=2 LevelAfter=1 LootInfo=-1 Name=LOC_CITIZEN_MAYA_MALE_8 Operation=58 PlotIndex=1991
mission CityName=LOC_CITY_NAME_OTTAWA CompletionTurn=225 EscapeResult=-1 InitialResult=3 LevelAfter=1 LootInfo=-1 Name=LOC_CITIZEN_MAYA_MODERN_MALE_10 Operation=58 PlotIndex=978
mission CityName=LOC_CITY_NAME_VANCOUVER CompletionTurn=225 EscapeResult=-1 InitialResult=5 LevelAfter=4 LootInfo=-1 Name=LOC_CITIZEN_MAYA_FEMALE_4 Operation=58 PlotIndex=801
mission CityName=LOC_CITY_NAME_QUEBEC_CITY CompletionTurn=225 EscapeResult=-1 InitialResult=3 LevelAfter=1 LootInfo=-1 Name=LOC_CITIZEN_MAYA_MODERN_FEMALE_4 Operation=58 PlotIndex=1404
mission CityName=LOC_CITY_NAME_HALIFAX CompletionTurn=224 EscapeResult=-1 InitialResult=1 LevelAfter=2 LootInfo=-1 Name=LOC_CITIZEN_MAYA_MODERN_FEMALE_3 Operation=58 PlotIndex=1409
mission CityName=LOC_CITY_NAME_MONTREAL CompletionTurn=223 EscapeResult=1 InitialResult=2 LevelAfter=1 LootInfo=-1 Name=LOC_CITIZEN_MAYA_MALE_5 Operation=58 PlotIndex=1314
mission CityName=LOC_CITY_NAME_SAINT_JOHN CompletionTurn=223 EscapeResult=-1 InitialResult=1 LevelAfter=2 LootInfo=-1 Name=LOC_CITIZEN_MAYA_FEMALE_6 Operation=58 PlotIndex=1991
mission CityName=LOC_CITY_NAME_TORONTO CompletionTurn=223 EscapeResult=-1 InitialResult=5 LevelAfter=2 LootInfo=-1 Name=LOC_CITIZEN_MAYA_MODERN_MALE_9 Operation=58 PlotIndex=1818
mission CityName=LOC_CITY_NAME_OTTAWA CompletionTurn=219 EscapeResult=-1 InitialResult=1 LevelAfter=1 LootInfo=-1 Name=LOC_CITIZEN_MAYA_MODERN_FEMALE_7 Operation=58 PlotIndex=978
mission CityName=LOC_CITY_NAME_VANCOUVER CompletionTurn=218 EscapeResult=-1 InitialResult=5 LevelAfter=3 LootInfo=-1 Name=LOC_CITIZEN_MAYA_FEMALE_4 Operation=58 PlotIndex=801
mission CityName=LOC_CITY_NAME_BOLOGNA CompletionTurn=218 EscapeResult=1 InitialResult=2 LevelAfter=2 LootInfo=-1 Name=LOC_CITIZEN_MAYA_FEMALE_1 Operation=58 PlotIndex=1653
mission CityName=LOC_CITY_NAME_SAINT_JOHN CompletionTurn=217 EscapeResult=-1 InitialResult=3 LevelAfter=1 LootInfo=-1 Name=LOC_CITIZEN_MAYA_MALE_8 Operation=58 PlotIndex=1991
mission CityName=LOC_CITY_NAME_VICTORIA CompletionTurn=215 EscapeResult=0 InitialResult=2 LevelAfter=1 LootInfo=-1 Name=LOC_CITIZEN_MAYA_MODERN_MALE_1 Operation=58 PlotIndex=889
mission CityName=LOC_CITY_NAME_HALIFAX CompletionTurn=215 EscapeResult=2 InitialResult=2 LevelAfter=2 LootInfo=-1 Name=LOC_CITIZEN_MAYA_MODERN_FEMALE_3 Operation=58 PlotIndex=1409
mission CityName=LOC_CITY_NAME_OTTAWA CompletionTurn=214 EscapeResult=2 InitialResult=2 LevelAfter=1 LootInfo=-1 Name=LOC_CITIZEN_MAYA_MODERN_MALE_10 Operation=58 PlotIndex=978
mission CityName=LOC_CITY_NAME_MONTREAL CompletionTurn=213 EscapeResult=-1 InitialResult=1 LevelAfter=1 LootInfo=-1 Name=LOC_CITIZEN_MAYA_MALE_2 Operation=58 PlotIndex=1314
mission CityName=LOC_CITY_NAME_TORONTO CompletionTurn=213 EscapeResult=2 InitialResult=2 LevelAfter=1 LootInfo=-1 Name=LOC_CITIZEN_MAYA_MODERN_MALE_9 Operation=58 PlotIndex=1818
mission CityName=LOC_CITY_NAME_QUEBEC_CITY CompletionTurn=213 EscapeResult=0 InitialResult=2 LevelAfter=1 LootInfo=-1 Name=LOC_CITIZEN_MAYA_FEMALE_7 Operation=58 PlotIndex=1404
mission CityName=LOC_CITY_NAME_VANCOUVER CompletionTurn=212 EscapeResult=-1 InitialResult=5 LevelAfter=2 LootInfo=-1 Name=LOC_CITIZEN_MAYA_FEMALE_4 Operation=58 PlotIndex=801
mission CityName=LOC_CITY_NAME_KINGSTON CompletionTurn=212 EscapeResult=2 InitialResult=2 LevelAfter=1 LootInfo=-1 Name=LOC_CITIZEN_MAYA_MODERN_FEMALE_4 Operation=58 PlotIndex=1392
mission CityName=LOC_CITY_NAME_BOLOGNA CompletionTurn=212 EscapeResult=-1 InitialResult=5 LevelAfter=2 LootInfo=-1 Name=LOC_CITIZEN_MAYA_FEMALE_1 Operation=58 PlotIndex=1653
mission CityName=LOC_CITY_NAME_VICTORIA CompletionTurn=210 EscapeResult=1 InitialResult=2 LevelAfter=1 LootInfo=-1 Name=LOC_CITIZEN_MAYA_FEMALE_3 Operation=58 PlotIndex=889
mission CityName=LOC_CITY_NAME_SAINT_JOHN CompletionTurn=209 EscapeResult=2 InitialResult=4 LevelAfter=2 LootInfo=-1 Name=LOC_CITIZEN_MAYA_FEMALE_6 Operation=58 PlotIndex=1991
mission CityName=LOC_CITY_NAME_WINNIPEG CompletionTurn=209 EscapeResult=1 InitialResult=4 LevelAfter=2 LootInfo=-1 Name=LOC_CITIZEN_MAYA_MODERN_FEMALE_1 Operation=58 PlotIndex=1743
mission CityName=LOC_CITY_NAME_HALIFAX CompletionTurn=209 EscapeResult=-1 InitialResult=5 LevelAfter=2 LootInfo=-1 Name=LOC_CITIZEN_MAYA_MODERN_FEMALE_3 Operation=58 PlotIndex=1409
mission CityName=LOC_CITY_NAME_OTTAWA CompletionTurn=207 EscapeResult=2 InitialResult=2 LevelAfter=1 LootInfo=-1 Name=LOC_CITIZEN_MAYA_MODERN_MALE_10 Operation=58 PlotIndex=978
mission CityName=LOC_CITY_NAME_MONTREAL CompletionTurn=207 EscapeResult=-1 InitialResult=0 LevelAfter=1 LootInfo=-1 Name=LOC_CITIZEN_MAYA_MODERN_MALE_4 Operation=58 PlotIndex=1314
mission CityName=LOC_CITY_NAME_TORONTO CompletionTurn=207 EscapeResult=-1 InitialResult=1 LevelAfter=1 LootInfo=-1 Name=LOC_CITIZEN_MAYA_MODERN_MALE_6 Operation=58 PlotIndex=1818
mission CityName=LOC_CITY_NAME_QUEBEC_CITY CompletionTurn=207 EscapeResult=-1 InitialResult=1 LevelAfter=1 LootInfo=-1 Name=LOC_CITIZEN_MAYA_MALE_6 Operation=58 PlotIndex=1404
tally 6  FOMENT_UNREST CAPTURED / NO_RESULT
tally 3  FOMENT_UNREST FAIL_MUST_ESCAPE / CAPTURED
tally 8  FOMENT_UNREST FAIL_MUST_ESCAPE / FAIL_MUST_ESCAPE
tally 2  FOMENT_UNREST FAIL_MUST_ESCAPE / KILLED
tally 5  FOMENT_UNREST FAIL_UNDETECTED / NO_RESULT
tally 2  FOMENT_UNREST KILLED / NO_RESULT
tally 1  FOMENT_UNREST SUCCESS_MUST_ESCAPE / CAPTURED
tally 2  FOMENT_UNREST SUCCESS_MUST_ESCAPE / FAIL_MUST_ESCAPE
tally 8  FOMENT_UNREST SUCCESS_UNDETECTED / NO_RESULT
turn 235 spies active 3 idle 2 missions 37 captured-enemy 0
spy 8192014 LOC_CITIZEN_MAYA_MODERN_MALE_10 level 2 at 60:16 start
spy 7667727 LOC_CITIZEN_MAYA_MALE_8 level 1 at 54:15 busy
spy 5701649 LOC_CITIZEN_MAYA_FEMALE_4 level 4 at 45:9 busy
spy 7864338 LOC_CITIZEN_MAYA_MODERN_MALE_9 level 2 at 54:21 busy
spy 8126484 LOC_CITIZEN_MAYA_MODERN_FEMALE_4 level 1 at 54:11 start
turn 235 spies 5 started 2 travelled 0 promoted 0 bought 0 gold 50000
unblock: blocker ENDTURN_BLOCKING_PRODUCTION -> TIKAL builds UNIT_WARRIOR | end turn requested
unstuck: InGamePopup: open, no close
unblock: blocker ENDTURN_BLOCKING_CIVIC -> civic CIVIC_FEUDALISM | end turn requested
unstuck: InGamePopup: open, no close
unblock: blocker ENDTURN_BLOCKING_CIVIC -> civic CIVIC_FEUDALISM | end turn requested
unstuck: InGamePopup: open, no close
mission CityName=LOC_CITY_NAME_VANCOUVER CompletionTurn=236 EscapeResult=-1 InitialResult=5 LevelAfter=4 LootInfo=-1 Name=LOC_CITIZEN_MAYA_FEMALE_4 Operation=58 PlotIndex=801
mission CityName=LOC_CITY_NAME_MONTREAL CompletionTurn=234 EscapeResult=-1 InitialResult=3 LevelAfter=1 LootInfo=-1 Name=LOC_CITIZEN_MAYA_MALE_8 Operation=58 PlotIndex=1314
mission CityName=LOC_CITY_NAME_VICTORIA CompletionTurn=233 EscapeResult=-1 InitialResult=0 LevelAfter=1 LootInfo=-1 Name=LOC_CITIZEN_MAYA_MODERN_FEMALE_5 Operation=58 PlotIndex=889
mission CityName=LOC_CITY_NAME_VANCOUVER CompletionTurn=233 EscapeResult=-1 InitialResult=5 LevelAfter=4 LootInfo=-1 Name=LOC_CITIZEN_MAYA_FEMALE_4 Operation=58 PlotIndex=801
mission CityName=LOC_CITY_NAME_VANCOUVER CompletionTurn=230 EscapeResult=-1 InitialResult=5 LevelAfter=4 LootInfo=-1 Name=LOC_CITIZEN_MAYA_FEMALE_4 Operation=58 PlotIndex=801
mission CityName=LOC_CITY_NAME_VICTORIA CompletionTurn=229 EscapeResult=-1 InitialResult=3 LevelAfter=1 LootInfo=-1 Name=LOC_CITIZEN_MAYA_MODERN_FEMALE_5 Operation=58 PlotIndex=889
mission CityName=LOC_CITY_NAME_OTTAWA CompletionTurn=229 EscapeResult=2 InitialResult=4 LevelAfter=2 LootInfo=-1 Name=LOC_CITIZEN_MAYA_MODERN_MALE_10 Operation=58 PlotIndex=978
mission CityName=LOC_CITY_NAME_QUEBEC_CITY CompletionTurn=229 EscapeResult=2 InitialResult=2 LevelAfter=1 LootInfo=-1 Name=LOC_CITIZEN_MAYA_MODERN_FEMALE_4 Operation=58 PlotIndex=1404
mission CityName=LOC_CITY_NAME_TORONTO CompletionTurn=229 EscapeResult=2 InitialResult=2 LevelAfter=2 LootInfo=-1 Name=LOC_CITIZEN_MAYA_MODERN_MALE_9 Operation=58 PlotIndex=1818
mission CityName=LOC_CITY_NAME_SAINT_JOHN CompletionTurn=227 EscapeResult=2 InitialResult=2 LevelAfter=1 LootInfo=-1 Name=LOC_CITIZEN_MAYA_MALE_8 Operation=58 PlotIndex=1991
mission CityName=LOC_CITY_NAME_OTTAWA CompletionTurn=225 EscapeResult=-1 InitialResult=3 LevelAfter=1 LootInfo=-1 Name=LOC_CITIZEN_MAYA_MODERN_MALE_10 Operation=58 PlotIndex=978
mission CityName=LOC_CITY_NAME_VANCOUVER CompletionTurn=225 EscapeResult=-1 InitialResult=5 LevelAfter=4 LootInfo=-1 Name=LOC_CITIZEN_MAYA_FEMALE_4 Operation=58 PlotIndex=801
mission CityName=LOC_CITY_NAME_QUEBEC_CITY CompletionTurn=225 EscapeResult=-1 InitialResult=3 LevelAfter=1 LootInfo=-1 Name=LOC_CITIZEN_MAYA_MODERN_FEMALE_4 Operation=58 PlotIndex=1404
mission CityName=LOC_CITY_NAME_HALIFAX CompletionTurn=224 EscapeResult=-1 InitialResult=1 LevelAfter=2 LootInfo=-1 Name=LOC_CITIZEN_MAYA_MODERN_FEMALE_3 Operation=58 PlotIndex=1409
mission CityName=LOC_CITY_NAME_MONTREAL CompletionTurn=223 EscapeResult=1 InitialResult=2 LevelAfter=1 LootInfo=-1 Name=LOC_CITIZEN_MAYA_MALE_5 Operation=58 PlotIndex=1314
mission CityName=LOC_CITY_NAME_SAINT_JOHN CompletionTurn=223 EscapeResult=-1 InitialResult=1 LevelAfter=2 LootInfo=-1 Name=LOC_CITIZEN_MAYA_FEMALE_6 Operation=58 PlotIndex=1991
mission CityName=LOC_CITY_NAME_TORONTO CompletionTurn=223 EscapeResult=-1 InitialResult=5 LevelAfter=2 LootInfo=-1 Name=LOC_CITIZEN_MAYA_MODERN_MALE_9 Operation=58 PlotIndex=1818
mission CityName=LOC_CITY_NAME_OTTAWA CompletionTurn=219 EscapeResult=-1 InitialResult=1 LevelAfter=1 LootInfo=-1 Name=LOC_CITIZEN_MAYA_MODERN_FEMALE_7 Operation=58 PlotIndex=978
mission CityName=LOC_CITY_NAME_VANCOUVER CompletionTurn=218 EscapeResult=-1 InitialResult=5 LevelAfter=3 LootInfo=-1 Name=LOC_CITIZEN_MAYA_FEMALE_4 Operation=58 PlotIndex=801
mission CityName=LOC_CITY_NAME_BOLOGNA CompletionTurn=218 EscapeResult=1 InitialResult=2 LevelAfter=2 LootInfo=-1 Name=LOC_CITIZEN_MAYA_FEMALE_1 Operation=58 PlotIndex=1653
mission CityName=LOC_CITY_NAME_SAINT_JOHN CompletionTurn=217 EscapeResult=-1 InitialResult=3 LevelAfter=1 LootInfo=-1 Name=LOC_CITIZEN_MAYA_MALE_8 Operation=58 PlotIndex=1991
mission CityName=LOC_CITY_NAME_VICTORIA CompletionTurn=215 EscapeResult=0 InitialResult=2 LevelAfter=1 LootInfo=-1 Name=LOC_CITIZEN_MAYA_MODERN_MALE_1 Operation=58 PlotIndex=889
mission CityName=LOC_CITY_NAME_HALIFAX CompletionTurn=215 EscapeResult=2 InitialResult=2 LevelAfter=2 LootInfo=-1 Name=LOC_CITIZEN_MAYA_MODERN_FEMALE_3 Operation=58 PlotIndex=1409
mission CityName=LOC_CITY_NAME_OTTAWA CompletionTurn=214 EscapeResult=2 InitialResult=2 LevelAfter=1 LootInfo=-1 Name=LOC_CITIZEN_MAYA_MODERN_MALE_10 Operation=58 PlotIndex=978
mission CityName=LOC_CITY_NAME_MONTREAL CompletionTurn=213 EscapeResult=-1 InitialResult=1 LevelAfter=1 LootInfo=-1 Name=LOC_CITIZEN_MAYA_MALE_2 Operation=58 PlotIndex=1314
mission CityName=LOC_CITY_NAME_TORONTO CompletionTurn=213 EscapeResult=2 InitialResult=2 LevelAfter=1 LootInfo=-1 Name=LOC_CITIZEN_MAYA_MODERN_MALE_9 Operation=58 PlotIndex=1818
mission CityName=LOC_CITY_NAME_QUEBEC_CITY CompletionTurn=213 EscapeResult=0 InitialResult=2 LevelAfter=1 LootInfo=-1 Name=LOC_CITIZEN_MAYA_FEMALE_7 Operation=58 PlotIndex=1404
mission CityName=LOC_CITY_NAME_VANCOUVER CompletionTurn=212 EscapeResult=-1 InitialResult=5 LevelAfter=2 LootInfo=-1 Name=LOC_CITIZEN_MAYA_FEMALE_4 Operation=58 PlotIndex=801
mission CityName=LOC_CITY_NAME_KINGSTON CompletionTurn=212 EscapeResult=2 InitialResult=2 LevelAfter=1 LootInfo=-1 Name=LOC_CITIZEN_MAYA_MODERN_FEMALE_4 Operation=58 PlotIndex=1392
mission CityName=LOC_CITY_NAME_BOLOGNA CompletionTurn=212 EscapeResult=-1 InitialResult=5 LevelAfter=2 LootInfo=-1 Name=LOC_CITIZEN_MAYA_FEMALE_1 Operation=58 PlotIndex=1653
mission CityName=LOC_CITY_NAME_VICTORIA CompletionTurn=210 EscapeResult=1 InitialResult=2 LevelAfter=1 LootInfo=-1 Name=LOC_CITIZEN_MAYA_FEMALE_3 Operation=58 PlotIndex=889
mission CityName=LOC_CITY_NAME_SAINT_JOHN CompletionTurn=209 EscapeResult=2 InitialResult=4 LevelAfter=2 LootInfo=-1 Name=LOC_CITIZEN_MAYA_FEMALE_6 Operation=58 PlotIndex=1991
mission CityName=LOC_CITY_NAME_WINNIPEG CompletionTurn=209 EscapeResult=1 InitialResult=4 LevelAfter=2 LootInfo=-1 Name=LOC_CITIZEN_MAYA_MODERN_FEMALE_1 Operation=58 PlotIndex=1743
mission CityName=LOC_CITY_NAME_HALIFAX CompletionTurn=209 EscapeResult=-1 InitialResult=5 LevelAfter=2 LootInfo=-1 Name=LOC_CITIZEN_MAYA_MODERN_FEMALE_3 Operation=58 PlotIndex=1409
mission CityName=LOC_CITY_NAME_OTTAWA CompletionTurn=207 EscapeResult=2 InitialResult=2 LevelAfter=1 LootInfo=-1 Name=LOC_CITIZEN_MAYA_MODERN_MALE_10 Operation=58 PlotIndex=978
mission CityName=LOC_CITY_NAME_MONTREAL CompletionTurn=207 EscapeResult=-1 InitialResult=0 LevelAfter=1 LootInfo=-1 Name=LOC_CITIZEN_MAYA_MODERN_MALE_4 Operation=58 PlotIndex=1314
mission CityName=LOC_CITY_NAME_TORONTO CompletionTurn=207 EscapeResult=-1 InitialResult=1 LevelAfter=1 LootInfo=-1 Name=LOC_CITIZEN_MAYA_MODERN_MALE_6 Operation=58 PlotIndex=1818
mission CityName=LOC_CITY_NAME_QUEBEC_CITY CompletionTurn=207 EscapeResult=-1 InitialResult=1 LevelAfter=1 LootInfo=-1 Name=LOC_CITIZEN_MAYA_MALE_6 Operation=58 PlotIndex=1404
tally 6  FOMENT_UNREST CAPTURED / NO_RESULT
tally 3  FOMENT_UNREST FAIL_MUST_ESCAPE / CAPTURED
tally 8  FOMENT_UNREST FAIL_MUST_ESCAPE / FAIL_MUST_ESCAPE
tally 2  FOMENT_UNREST FAIL_MUST_ESCAPE / KILLED
tally 5  FOMENT_UNREST FAIL_UNDETECTED / NO_RESULT
tally 2  FOMENT_UNREST KILLED / NO_RESULT
tally 1  FOMENT_UNREST SUCCESS_MUST_ESCAPE / CAPTURED
tally 2  FOMENT_UNREST SUCCESS_MUST_ESCAPE / FAIL_MUST_ESCAPE
tally 9  FOMENT_UNREST SUCCESS_UNDETECTED / NO_RESULT
turn 236 spies active 4 idle 2 missions 38 captured-enemy 0
spy 8257544 LOC_CITIZEN_MAYA_MODERN_FEMALE_2 level 1 at 54:11 refused
spy 8192014 LOC_CITIZEN_MAYA_MODERN_MALE_10 level 2 at 60:16 busy
spy 7667727 LOC_CITIZEN_MAYA_MALE_8 level 1 at 54:15 busy
spy 5701649 LOC_CITIZEN_MAYA_FEMALE_4 level 4 at 45:9 start
spy 7864338 LOC_CITIZEN_MAYA_MODERN_MALE_9 level 2 at 54:21 busy
spy 8126484 LOC_CITIZEN_MAYA_MODERN_FEMALE_4 level 1 at 54:11 busy
turn 236 spies 6 started 1 travelled 0 promoted 0 bought 0 gold 50000
unblock: blocker ENDTURN_BLOCKING_CIVIC -> civic CIVIC_FEUDALISM | end turn requested
unstuck: InGamePopup: open, no close
unblock: blocker ENDTURN_BLOCKING_PRODUCTION -> TIKAL builds UNIT_WARRIOR | end turn requested
unstuck: InGamePopup: open, no close
unblock: blocker ENDTURN_BLOCKING_PRODUCTION -> TIKAL builds UNIT_WARRIOR | end turn requested
unstuck: InGamePopup: open, no close
unstuck: NaturalDisasterPopup: closed
unstuck: TechCivicCompletedPopup: closed
mission CityName=LOC_CITY_NAME_TORONTO CompletionTurn=237 EscapeResult=-1 InitialResult=2 LevelAfter=2 LootInfo=-1 Name=LOC_CITIZEN_MAYA_MODERN_MALE_9 Operation=58 PlotIndex=1818
mission CityName=LOC_CITY_NAME_VANCOUVER CompletionTurn=236 EscapeResult=-1 InitialResult=5 LevelAfter=4 LootInfo=-1 Name=LOC_CITIZEN_MAYA_FEMALE_4 Operation=58 PlotIndex=801
mission CityName=LOC_CITY_NAME_MONTREAL CompletionTurn=234 EscapeResult=-1 InitialResult=3 LevelAfter=1 LootInfo=-1 Name=LOC_CITIZEN_MAYA_MALE_8 Operation=58 PlotIndex=1314
mission CityName=LOC_CITY_NAME_VICTORIA CompletionTurn=233 EscapeResult=-1 InitialResult=0 LevelAfter=1 LootInfo=-1 Name=LOC_CITIZEN_MAYA_MODERN_FEMALE_5 Operation=58 PlotIndex=889
mission CityName=LOC_CITY_NAME_VANCOUVER CompletionTurn=233 EscapeResult=-1 InitialResult=5 LevelAfter=4 LootInfo=-1 Name=LOC_CITIZEN_MAYA_FEMALE_4 Operation=58 PlotIndex=801
mission CityName=LOC_CITY_NAME_VANCOUVER CompletionTurn=230 EscapeResult=-1 InitialResult=5 LevelAfter=4 LootInfo=-1 Name=LOC_CITIZEN_MAYA_FEMALE_4 Operation=58 PlotIndex=801
mission CityName=LOC_CITY_NAME_VICTORIA CompletionTurn=229 EscapeResult=-1 InitialResult=3 LevelAfter=1 LootInfo=-1 Name=LOC_CITIZEN_MAYA_MODERN_FEMALE_5 Operation=58 PlotIndex=889
mission CityName=LOC_CITY_NAME_OTTAWA CompletionTurn=229 EscapeResult=2 InitialResult=4 LevelAfter=2 LootInfo=-1 Name=LOC_CITIZEN_MAYA_MODERN_MALE_10 Operation=58 PlotIndex=978
mission CityName=LOC_CITY_NAME_QUEBEC_CITY CompletionTurn=229 EscapeResult=2 InitialResult=2 LevelAfter=1 LootInfo=-1 Name=LOC_CITIZEN_MAYA_MODERN_FEMALE_4 Operation=58 PlotIndex=1404
mission CityName=LOC_CITY_NAME_TORONTO CompletionTurn=229 EscapeResult=2 InitialResult=2 LevelAfter=2 LootInfo=-1 Name=LOC_CITIZEN_MAYA_MODERN_MALE_9 Operation=58 PlotIndex=1818
mission CityName=LOC_CITY_NAME_SAINT_JOHN CompletionTurn=227 EscapeResult=2 InitialResult=2 LevelAfter=1 LootInfo=-1 Name=LOC_CITIZEN_MAYA_MALE_8 Operation=58 PlotIndex=1991
mission CityName=LOC_CITY_NAME_OTTAWA CompletionTurn=225 EscapeResult=-1 InitialResult=3 LevelAfter=1 LootInfo=-1 Name=LOC_CITIZEN_MAYA_MODERN_MALE_10 Operation=58 PlotIndex=978
mission CityName=LOC_CITY_NAME_VANCOUVER CompletionTurn=225 EscapeResult=-1 InitialResult=5 LevelAfter=4 LootInfo=-1 Name=LOC_CITIZEN_MAYA_FEMALE_4 Operation=58 PlotIndex=801
mission CityName=LOC_CITY_NAME_QUEBEC_CITY CompletionTurn=225 EscapeResult=-1 InitialResult=3 LevelAfter=1 LootInfo=-1 Name=LOC_CITIZEN_MAYA_MODERN_FEMALE_4 Operation=58 PlotIndex=1404
mission CityName=LOC_CITY_NAME_HALIFAX CompletionTurn=224 EscapeResult=-1 InitialResult=1 LevelAfter=2 LootInfo=-1 Name=LOC_CITIZEN_MAYA_MODERN_FEMALE_3 Operation=58 PlotIndex=1409
mission CityName=LOC_CITY_NAME_MONTREAL CompletionTurn=223 EscapeResult=1 InitialResult=2 LevelAfter=1 LootInfo=-1 Name=LOC_CITIZEN_MAYA_MALE_5 Operation=58 PlotIndex=1314
mission CityName=LOC_CITY_NAME_SAINT_JOHN CompletionTurn=223 EscapeResult=-1 InitialResult=1 LevelAfter=2 LootInfo=-1 Name=LOC_CITIZEN_MAYA_FEMALE_6 Operation=58 PlotIndex=1991
mission CityName=LOC_CITY_NAME_TORONTO CompletionTurn=223 EscapeResult=-1 InitialResult=5 LevelAfter=2 LootInfo=-1 Name=LOC_CITIZEN_MAYA_MODERN_MALE_9 Operation=58 PlotIndex=1818
mission CityName=LOC_CITY_NAME_OTTAWA CompletionTurn=219 EscapeResult=-1 InitialResult=1 LevelAfter=1 LootInfo=-1 Name=LOC_CITIZEN_MAYA_MODERN_FEMALE_7 Operation=58 PlotIndex=978
mission CityName=LOC_CITY_NAME_VANCOUVER CompletionTurn=218 EscapeResult=-1 InitialResult=5 LevelAfter=3 LootInfo=-1 Name=LOC_CITIZEN_MAYA_FEMALE_4 Operation=58 PlotIndex=801
mission CityName=LOC_CITY_NAME_BOLOGNA CompletionTurn=218 EscapeResult=1 InitialResult=2 LevelAfter=2 LootInfo=-1 Name=LOC_CITIZEN_MAYA_FEMALE_1 Operation=58 PlotIndex=1653
mission CityName=LOC_CITY_NAME_SAINT_JOHN CompletionTurn=217 EscapeResult=-1 InitialResult=3 LevelAfter=1 LootInfo=-1 Name=LOC_CITIZEN_MAYA_MALE_8 Operation=58 PlotIndex=1991
mission CityName=LOC_CITY_NAME_VICTORIA CompletionTurn=215 EscapeResult=0 InitialResult=2 LevelAfter=1 LootInfo=-1 Name=LOC_CITIZEN_MAYA_MODERN_MALE_1 Operation=58 PlotIndex=889
mission CityName=LOC_CITY_NAME_HALIFAX CompletionTurn=215 EscapeResult=2 InitialResult=2 LevelAfter=2 LootInfo=-1 Name=LOC_CITIZEN_MAYA_MODERN_FEMALE_3 Operation=58 PlotIndex=1409
mission CityName=LOC_CITY_NAME_OTTAWA CompletionTurn=214 EscapeResult=2 InitialResult=2 LevelAfter=1 LootInfo=-1 Name=LOC_CITIZEN_MAYA_MODERN_MALE_10 Operation=58 PlotIndex=978
mission CityName=LOC_CITY_NAME_MONTREAL CompletionTurn=213 EscapeResult=-1 InitialResult=1 LevelAfter=1 LootInfo=-1 Name=LOC_CITIZEN_MAYA_MALE_2 Operation=58 PlotIndex=1314
mission CityName=LOC_CITY_NAME_TORONTO CompletionTurn=213 EscapeResult=2 InitialResult=2 LevelAfter=1 LootInfo=-1 Name=LOC_CITIZEN_MAYA_MODERN_MALE_9 Operation=58 PlotIndex=1818
mission CityName=LOC_CITY_NAME_QUEBEC_CITY CompletionTurn=213 EscapeResult=0 InitialResult=2 LevelAfter=1 LootInfo=-1 Name=LOC_CITIZEN_MAYA_FEMALE_7 Operation=58 PlotIndex=1404
mission CityName=LOC_CITY_NAME_VANCOUVER CompletionTurn=212 EscapeResult=-1 InitialResult=5 LevelAfter=2 LootInfo=-1 Name=LOC_CITIZEN_MAYA_FEMALE_4 Operation=58 PlotIndex=801
mission CityName=LOC_CITY_NAME_KINGSTON CompletionTurn=212 EscapeResult=2 InitialResult=2 LevelAfter=1 LootInfo=-1 Name=LOC_CITIZEN_MAYA_MODERN_FEMALE_4 Operation=58 PlotIndex=1392
mission CityName=LOC_CITY_NAME_BOLOGNA CompletionTurn=212 EscapeResult=-1 InitialResult=5 LevelAfter=2 LootInfo=-1 Name=LOC_CITIZEN_MAYA_FEMALE_1 Operation=58 PlotIndex=1653
mission CityName=LOC_CITY_NAME_VICTORIA CompletionTurn=210 EscapeResult=1 InitialResult=2 LevelAfter=1 LootInfo=-1 Name=LOC_CITIZEN_MAYA_FEMALE_3 Operation=58 PlotIndex=889
mission CityName=LOC_CITY_NAME_SAINT_JOHN CompletionTurn=209 EscapeResult=2 InitialResult=4 LevelAfter=2 LootInfo=-1 Name=LOC_CITIZEN_MAYA_FEMALE_6 Operation=58 PlotIndex=1991
mission CityName=LOC_CITY_NAME_WINNIPEG CompletionTurn=209 EscapeResult=1 InitialResult=4 LevelAfter=2 LootInfo=-1 Name=LOC_CITIZEN_MAYA_MODERN_FEMALE_1 Operation=58 PlotIndex=1743
mission CityName=LOC_CITY_NAME_HALIFAX CompletionTurn=209 EscapeResult=-1 InitialResult=5 LevelAfter=2 LootInfo=-1 Name=LOC_CITIZEN_MAYA_MODERN_FEMALE_3 Operation=58 PlotIndex=1409
mission CityName=LOC_CITY_NAME_OTTAWA CompletionTurn=207 EscapeResult=2 InitialResult=2 LevelAfter=1 LootInfo=-1 Name=LOC_CITIZEN_MAYA_MODERN_MALE_10 Operation=58 PlotIndex=978
mission CityName=LOC_CITY_NAME_MONTREAL CompletionTurn=207 EscapeResult=-1 InitialResult=0 LevelAfter=1 LootInfo=-1 Name=LOC_CITIZEN_MAYA_MODERN_MALE_4 Operation=58 PlotIndex=1314
mission CityName=LOC_CITY_NAME_TORONTO CompletionTurn=207 EscapeResult=-1 InitialResult=1 LevelAfter=1 LootInfo=-1 Name=LOC_CITIZEN_MAYA_MODERN_MALE_6 Operation=58 PlotIndex=1818
mission CityName=LOC_CITY_NAME_QUEBEC_CITY CompletionTurn=207 EscapeResult=-1 InitialResult=1 LevelAfter=1 LootInfo=-1 Name=LOC_CITIZEN_MAYA_MALE_6 Operation=58 PlotIndex=1404
tally 6  FOMENT_UNREST CAPTURED / NO_RESULT
tally 3  FOMENT_UNREST FAIL_MUST_ESCAPE / CAPTURED
tally 8  FOMENT_UNREST FAIL_MUST_ESCAPE / FAIL_MUST_ESCAPE
tally 2  FOMENT_UNREST FAIL_MUST_ESCAPE / KILLED
tally 1  FOMENT_UNREST FAIL_MUST_ESCAPE / NO_RESULT
tally 5  FOMENT_UNREST FAIL_UNDETECTED / NO_RESULT
tally 2  FOMENT_UNREST KILLED / NO_RESULT
tally 1  FOMENT_UNREST SUCCESS_MUST_ESCAPE / CAPTURED
tally 2  FOMENT_UNREST SUCCESS_MUST_ESCAPE / FAIL_MUST_ESCAPE
tally 9  FOMENT_UNREST SUCCESS_UNDETECTED / NO_RESULT
turn 237 spies active 5 idle 1 missions 39 captured-enemy 0
spy 8257544 LOC_CITIZEN_MAYA_MODERN_FEMALE_2 level 1 at 54:11 refused
spy 8192014 LOC_CITIZEN_MAYA_MODERN_MALE_10 level 2 at 60:16 busy
spy 7667727 LOC_CITIZEN_MAYA_MALE_8 level 1 at 54:15 busy
spy 5701649 LOC_CITIZEN_MAYA_FEMALE_4 level 4 at 45:9 busy
spy 7864338 LOC_CITIZEN_MAYA_MODERN_MALE_9 level 2 at 54:21 busy
spy 8126484 LOC_CITIZEN_MAYA_MODERN_FEMALE_4 level 1 at 54:11 busy
turn 237 spies 6 started 0 travelled 0 promoted 0 bought 0 gold 50000
unblock: blocker ENDTURN_BLOCKING_SPY_CHOOSE_ESCAPE_ROUTE -> escape route DISTRICT_HARBOR of 2 for spy 7864338 LOC_CITIZEN_MAYA_MODERN_MALE_9 level 2 turn 237 city LOC_CITY_NAME_TORONTO p1 at 54:21 pursuer police | end turn requested
unstuck: InGamePopup: open, no close
unblock: blocker ENDTURN_BLOCKING_PRODUCTION -> TIKAL builds UNIT_WARRIOR | end turn requested
unstuck: InGamePopup: open, no close
mission CityName=LOC_CITY_NAME_TORONTO CompletionTurn=237 EscapeResult=1 InitialResult=2 LevelAfter=2 LootInfo=-1 Name=LOC_CITIZEN_MAYA_MODERN_MALE_9 Operation=58 PlotIndex=1818
mission CityName=LOC_CITY_NAME_VANCOUVER CompletionTurn=236 EscapeResult=-1 InitialResult=5 LevelAfter=4 LootInfo=-1 Name=LOC_CITIZEN_MAYA_FEMALE_4 Operation=58 PlotIndex=801
mission CityName=LOC_CITY_NAME_MONTREAL CompletionTurn=234 EscapeResult=-1 InitialResult=3 LevelAfter=1 LootInfo=-1 Name=LOC_CITIZEN_MAYA_MALE_8 Operation=58 PlotIndex=1314
mission CityName=LOC_CITY_NAME_VICTORIA CompletionTurn=233 EscapeResult=-1 InitialResult=0 LevelAfter=1 LootInfo=-1 Name=LOC_CITIZEN_MAYA_MODERN_FEMALE_5 Operation=58 PlotIndex=889
mission CityName=LOC_CITY_NAME_VANCOUVER CompletionTurn=233 EscapeResult=-1 InitialResult=5 LevelAfter=4 LootInfo=-1 Name=LOC_CITIZEN_MAYA_FEMALE_4 Operation=58 PlotIndex=801
mission CityName=LOC_CITY_NAME_VANCOUVER CompletionTurn=230 EscapeResult=-1 InitialResult=5 LevelAfter=4 LootInfo=-1 Name=LOC_CITIZEN_MAYA_FEMALE_4 Operation=58 PlotIndex=801
mission CityName=LOC_CITY_NAME_VICTORIA CompletionTurn=229 EscapeResult=-1 InitialResult=3 LevelAfter=1 LootInfo=-1 Name=LOC_CITIZEN_MAYA_MODERN_FEMALE_5 Operation=58 PlotIndex=889
mission CityName=LOC_CITY_NAME_OTTAWA CompletionTurn=229 EscapeResult=2 InitialResult=4 LevelAfter=2 LootInfo=-1 Name=LOC_CITIZEN_MAYA_MODERN_MALE_10 Operation=58 PlotIndex=978
mission CityName=LOC_CITY_NAME_QUEBEC_CITY CompletionTurn=229 EscapeResult=2 InitialResult=2 LevelAfter=1 LootInfo=-1 Name=LOC_CITIZEN_MAYA_MODERN_FEMALE_4 Operation=58 PlotIndex=1404
mission CityName=LOC_CITY_NAME_TORONTO CompletionTurn=229 EscapeResult=2 InitialResult=2 LevelAfter=2 LootInfo=-1 Name=LOC_CITIZEN_MAYA_MODERN_MALE_9 Operation=58 PlotIndex=1818
mission CityName=LOC_CITY_NAME_SAINT_JOHN CompletionTurn=227 EscapeResult=2 InitialResult=2 LevelAfter=1 LootInfo=-1 Name=LOC_CITIZEN_MAYA_MALE_8 Operation=58 PlotIndex=1991
mission CityName=LOC_CITY_NAME_OTTAWA CompletionTurn=225 EscapeResult=-1 InitialResult=3 LevelAfter=1 LootInfo=-1 Name=LOC_CITIZEN_MAYA_MODERN_MALE_10 Operation=58 PlotIndex=978
mission CityName=LOC_CITY_NAME_VANCOUVER CompletionTurn=225 EscapeResult=-1 InitialResult=5 LevelAfter=4 LootInfo=-1 Name=LOC_CITIZEN_MAYA_FEMALE_4 Operation=58 PlotIndex=801
mission CityName=LOC_CITY_NAME_QUEBEC_CITY CompletionTurn=225 EscapeResult=-1 InitialResult=3 LevelAfter=1 LootInfo=-1 Name=LOC_CITIZEN_MAYA_MODERN_FEMALE_4 Operation=58 PlotIndex=1404
mission CityName=LOC_CITY_NAME_HALIFAX CompletionTurn=224 EscapeResult=-1 InitialResult=1 LevelAfter=2 LootInfo=-1 Name=LOC_CITIZEN_MAYA_MODERN_FEMALE_3 Operation=58 PlotIndex=1409
mission CityName=LOC_CITY_NAME_MONTREAL CompletionTurn=223 EscapeResult=1 InitialResult=2 LevelAfter=1 LootInfo=-1 Name=LOC_CITIZEN_MAYA_MALE_5 Operation=58 PlotIndex=1314
mission CityName=LOC_CITY_NAME_SAINT_JOHN CompletionTurn=223 EscapeResult=-1 InitialResult=1 LevelAfter=2 LootInfo=-1 Name=LOC_CITIZEN_MAYA_FEMALE_6 Operation=58 PlotIndex=1991
mission CityName=LOC_CITY_NAME_TORONTO CompletionTurn=223 EscapeResult=-1 InitialResult=5 LevelAfter=2 LootInfo=-1 Name=LOC_CITIZEN_MAYA_MODERN_MALE_9 Operation=58 PlotIndex=1818
mission CityName=LOC_CITY_NAME_OTTAWA CompletionTurn=219 EscapeResult=-1 InitialResult=1 LevelAfter=1 LootInfo=-1 Name=LOC_CITIZEN_MAYA_MODERN_FEMALE_7 Operation=58 PlotIndex=978
mission CityName=LOC_CITY_NAME_VANCOUVER CompletionTurn=218 EscapeResult=-1 InitialResult=5 LevelAfter=3 LootInfo=-1 Name=LOC_CITIZEN_MAYA_FEMALE_4 Operation=58 PlotIndex=801
mission CityName=LOC_CITY_NAME_BOLOGNA CompletionTurn=218 EscapeResult=1 InitialResult=2 LevelAfter=2 LootInfo=-1 Name=LOC_CITIZEN_MAYA_FEMALE_1 Operation=58 PlotIndex=1653
mission CityName=LOC_CITY_NAME_SAINT_JOHN CompletionTurn=217 EscapeResult=-1 InitialResult=3 LevelAfter=1 LootInfo=-1 Name=LOC_CITIZEN_MAYA_MALE_8 Operation=58 PlotIndex=1991
mission CityName=LOC_CITY_NAME_VICTORIA CompletionTurn=215 EscapeResult=0 InitialResult=2 LevelAfter=1 LootInfo=-1 Name=LOC_CITIZEN_MAYA_MODERN_MALE_1 Operation=58 PlotIndex=889
mission CityName=LOC_CITY_NAME_HALIFAX CompletionTurn=215 EscapeResult=2 InitialResult=2 LevelAfter=2 LootInfo=-1 Name=LOC_CITIZEN_MAYA_MODERN_FEMALE_3 Operation=58 PlotIndex=1409
mission CityName=LOC_CITY_NAME_OTTAWA CompletionTurn=214 EscapeResult=2 InitialResult=2 LevelAfter=1 LootInfo=-1 Name=LOC_CITIZEN_MAYA_MODERN_MALE_10 Operation=58 PlotIndex=978
mission CityName=LOC_CITY_NAME_MONTREAL CompletionTurn=213 EscapeResult=-1 InitialResult=1 LevelAfter=1 LootInfo=-1 Name=LOC_CITIZEN_MAYA_MALE_2 Operation=58 PlotIndex=1314
mission CityName=LOC_CITY_NAME_TORONTO CompletionTurn=213 EscapeResult=2 InitialResult=2 LevelAfter=1 LootInfo=-1 Name=LOC_CITIZEN_MAYA_MODERN_MALE_9 Operation=58 PlotIndex=1818
mission CityName=LOC_CITY_NAME_QUEBEC_CITY CompletionTurn=213 EscapeResult=0 InitialResult=2 LevelAfter=1 LootInfo=-1 Name=LOC_CITIZEN_MAYA_FEMALE_7 Operation=58 PlotIndex=1404
mission CityName=LOC_CITY_NAME_VANCOUVER CompletionTurn=212 EscapeResult=-1 InitialResult=5 LevelAfter=2 LootInfo=-1 Name=LOC_CITIZEN_MAYA_FEMALE_4 Operation=58 PlotIndex=801
mission CityName=LOC_CITY_NAME_KINGSTON CompletionTurn=212 EscapeResult=2 InitialResult=2 LevelAfter=1 LootInfo=-1 Name=LOC_CITIZEN_MAYA_MODERN_FEMALE_4 Operation=58 PlotIndex=1392
mission CityName=LOC_CITY_NAME_BOLOGNA CompletionTurn=212 EscapeResult=-1 InitialResult=5 LevelAfter=2 LootInfo=-1 Name=LOC_CITIZEN_MAYA_FEMALE_1 Operation=58 PlotIndex=1653
mission CityName=LOC_CITY_NAME_VICTORIA CompletionTurn=210 EscapeResult=1 InitialResult=2 LevelAfter=1 LootInfo=-1 Name=LOC_CITIZEN_MAYA_FEMALE_3 Operation=58 PlotIndex=889
mission CityName=LOC_CITY_NAME_SAINT_JOHN CompletionTurn=209 EscapeResult=2 InitialResult=4 LevelAfter=2 LootInfo=-1 Name=LOC_CITIZEN_MAYA_FEMALE_6 Operation=58 PlotIndex=1991
mission CityName=LOC_CITY_NAME_WINNIPEG CompletionTurn=209 EscapeResult=1 InitialResult=4 LevelAfter=2 LootInfo=-1 Name=LOC_CITIZEN_MAYA_MODERN_FEMALE_1 Operation=58 PlotIndex=1743
mission CityName=LOC_CITY_NAME_HALIFAX CompletionTurn=209 EscapeResult=-1 InitialResult=5 LevelAfter=2 LootInfo=-1 Name=LOC_CITIZEN_MAYA_MODERN_FEMALE_3 Operation=58 PlotIndex=1409
mission CityName=LOC_CITY_NAME_OTTAWA CompletionTurn=207 EscapeResult=2 InitialResult=2 LevelAfter=1 LootInfo=-1 Name=LOC_CITIZEN_MAYA_MODERN_MALE_10 Operation=58 PlotIndex=978
mission CityName=LOC_CITY_NAME_MONTREAL CompletionTurn=207 EscapeResult=-1 InitialResult=0 LevelAfter=1 LootInfo=-1 Name=LOC_CITIZEN_MAYA_MODERN_MALE_4 Operation=58 PlotIndex=1314
mission CityName=LOC_CITY_NAME_TORONTO CompletionTurn=207 EscapeResult=-1 InitialResult=1 LevelAfter=1 LootInfo=-1 Name=LOC_CITIZEN_MAYA_MODERN_MALE_6 Operation=58 PlotIndex=1818
mission CityName=LOC_CITY_NAME_QUEBEC_CITY CompletionTurn=207 EscapeResult=-1 InitialResult=1 LevelAfter=1 LootInfo=-1 Name=LOC_CITIZEN_MAYA_MALE_6 Operation=58 PlotIndex=1404
tally 6  FOMENT_UNREST CAPTURED / NO_RESULT
tally 4  FOMENT_UNREST FAIL_MUST_ESCAPE / CAPTURED
tally 8  FOMENT_UNREST FAIL_MUST_ESCAPE / FAIL_MUST_ESCAPE
tally 2  FOMENT_UNREST FAIL_MUST_ESCAPE / KILLED
tally 5  FOMENT_UNREST FAIL_UNDETECTED / NO_RESULT
tally 2  FOMENT_UNREST KILLED / NO_RESULT
tally 1  FOMENT_UNREST SUCCESS_MUST_ESCAPE / CAPTURED
tally 2  FOMENT_UNREST SUCCESS_MUST_ESCAPE / FAIL_MUST_ESCAPE
tally 9  FOMENT_UNREST SUCCESS_UNDETECTED / NO_RESULT
turn 238 spies active 4 idle 1 missions 39 captured-enemy 0
spy 8257544 LOC_CITIZEN_MAYA_MODERN_FEMALE_2 level 1 at 54:11 refused
spy 8192014 LOC_CITIZEN_MAYA_MODERN_MALE_10 level 2 at 60:16 busy
spy 7667727 LOC_CITIZEN_MAYA_MALE_8 level 1 at 54:15 start
spy 5701649 LOC_CITIZEN_MAYA_FEMALE_4 level 4 at 45:9 busy
spy 8126484 LOC_CITIZEN_MAYA_MODERN_FEMALE_4 level 1 at 54:11 busy
turn 238 spies 5 started 1 travelled 0 promoted 1 bought 0 gold 50000
unblock: blocker ENDTURN_BLOCKING_PRODUCTION -> TIKAL builds UNIT_WARRIOR | end turn requested
unstuck: InGamePopup: open, no close
unblock: blocker ENDTURN_BLOCKING_CIVIC -> civic CIVIC_CIVIL_SERVICE | end turn requested
unstuck: InGamePopup: open, no close
unblock: blocker ENDTURN_BLOCKING_CIVIC -> civic CIVIC_CIVIL_SERVICE | end turn requested
unstuck: InGamePopup: open, no close
mission CityName=LOC_CITY_NAME_OTTAWA CompletionTurn=239 EscapeResult=-1 InitialResult=2 LevelAfter=1 LootInfo=-1 Name=LOC_CITIZEN_MAYA_MODERN_FEMALE_4 Operation=58 PlotIndex=978
mission CityName=LOC_CITY_NAME_VANCOUVER CompletionTurn=239 EscapeResult=-1 InitialResult=5 LevelAfter=4 LootInfo=-1 Name=LOC_CITIZEN_MAYA_FEMALE_4 Operation=58 PlotIndex=801
mission CityName=LOC_CITY_NAME_QUEBEC_CITY CompletionTurn=239 EscapeResult=-1 InitialResult=2 LevelAfter=2 LootInfo=-1 Name=LOC_CITIZEN_MAYA_MODERN_MALE_10 Operation=58 PlotIndex=1404
mission CityName=LOC_CITY_NAME_MONTREAL CompletionTurn=238 EscapeResult=-1 InitialResult=5 LevelAfter=2 LootInfo=-1 Name=LOC_CITIZEN_MAYA_MALE_8 Operation=58 PlotIndex=1314
mission CityName=LOC_CITY_NAME_TORONTO CompletionTurn=237 EscapeResult=1 InitialResult=2 LevelAfter=2 LootInfo=-1 Name=LOC_CITIZEN_MAYA_MODERN_MALE_9 Operation=58 PlotIndex=1818
mission CityName=LOC_CITY_NAME_VANCOUVER CompletionTurn=236 EscapeResult=-1 InitialResult=5 LevelAfter=4 LootInfo=-1 Name=LOC_CITIZEN_MAYA_FEMALE_4 Operation=58 PlotIndex=801
mission CityName=LOC_CITY_NAME_MONTREAL CompletionTurn=234 EscapeResult=-1 InitialResult=3 LevelAfter=1 LootInfo=-1 Name=LOC_CITIZEN_MAYA_MALE_8 Operation=58 PlotIndex=1314
mission CityName=LOC_CITY_NAME_VICTORIA CompletionTurn=233 EscapeResult=-1 InitialResult=0 LevelAfter=1 LootInfo=-1 Name=LOC_CITIZEN_MAYA_MODERN_FEMALE_5 Operation=58 PlotIndex=889
mission CityName=LOC_CITY_NAME_VANCOUVER CompletionTurn=233 EscapeResult=-1 InitialResult=5 LevelAfter=4 LootInfo=-1 Name=LOC_CITIZEN_MAYA_FEMALE_4 Operation=58 PlotIndex=801
mission CityName=LOC_CITY_NAME_VANCOUVER CompletionTurn=230 EscapeResult=-1 InitialResult=5 LevelAfter=4 LootInfo=-1 Name=LOC_CITIZEN_MAYA_FEMALE_4 Operation=58 PlotIndex=801
mission CityName=LOC_CITY_NAME_VICTORIA CompletionTurn=229 EscapeResult=-1 InitialResult=3 LevelAfter=1 LootInfo=-1 Name=LOC_CITIZEN_MAYA_MODERN_FEMALE_5 Operation=58 PlotIndex=889
mission CityName=LOC_CITY_NAME_OTTAWA CompletionTurn=229 EscapeResult=2 InitialResult=4 LevelAfter=2 LootInfo=-1 Name=LOC_CITIZEN_MAYA_MODERN_MALE_10 Operation=58 PlotIndex=978
mission CityName=LOC_CITY_NAME_QUEBEC_CITY CompletionTurn=229 EscapeResult=2 InitialResult=2 LevelAfter=1 LootInfo=-1 Name=LOC_CITIZEN_MAYA_MODERN_FEMALE_4 Operation=58 PlotIndex=1404
mission CityName=LOC_CITY_NAME_TORONTO CompletionTurn=229 EscapeResult=2 InitialResult=2 LevelAfter=2 LootInfo=-1 Name=LOC_CITIZEN_MAYA_MODERN_MALE_9 Operation=58 PlotIndex=1818
mission CityName=LOC_CITY_NAME_SAINT_JOHN CompletionTurn=227 EscapeResult=2 InitialResult=2 LevelAfter=1 LootInfo=-1 Name=LOC_CITIZEN_MAYA_MALE_8 Operation=58 PlotIndex=1991
mission CityName=LOC_CITY_NAME_OTTAWA CompletionTurn=225 EscapeResult=-1 InitialResult=3 LevelAfter=1 LootInfo=-1 Name=LOC_CITIZEN_MAYA_MODERN_MALE_10 Operation=58 PlotIndex=978
mission CityName=LOC_CITY_NAME_VANCOUVER CompletionTurn=225 EscapeResult=-1 InitialResult=5 LevelAfter=4 LootInfo=-1 Name=LOC_CITIZEN_MAYA_FEMALE_4 Operation=58 PlotIndex=801
mission CityName=LOC_CITY_NAME_QUEBEC_CITY CompletionTurn=225 EscapeResult=-1 InitialResult=3 LevelAfter=1 LootInfo=-1 Name=LOC_CITIZEN_MAYA_MODERN_FEMALE_4 Operation=58 PlotIndex=1404
mission CityName=LOC_CITY_NAME_HALIFAX CompletionTurn=224 EscapeResult=-1 InitialResult=1 LevelAfter=2 LootInfo=-1 Name=LOC_CITIZEN_MAYA_MODERN_FEMALE_3 Operation=58 PlotIndex=1409
mission CityName=LOC_CITY_NAME_MONTREAL CompletionTurn=223 EscapeResult=1 InitialResult=2 LevelAfter=1 LootInfo=-1 Name=LOC_CITIZEN_MAYA_MALE_5 Operation=58 PlotIndex=1314
mission CityName=LOC_CITY_NAME_SAINT_JOHN CompletionTurn=223 EscapeResult=-1 InitialResult=1 LevelAfter=2 LootInfo=-1 Name=LOC_CITIZEN_MAYA_FEMALE_6 Operation=58 PlotIndex=1991
mission CityName=LOC_CITY_NAME_TORONTO CompletionTurn=223 EscapeResult=-1 InitialResult=5 LevelAfter=2 LootInfo=-1 Name=LOC_CITIZEN_MAYA_MODERN_MALE_9 Operation=58 PlotIndex=1818
mission CityName=LOC_CITY_NAME_OTTAWA CompletionTurn=219 EscapeResult=-1 InitialResult=1 LevelAfter=1 LootInfo=-1 Name=LOC_CITIZEN_MAYA_MODERN_FEMALE_7 Operation=58 PlotIndex=978
mission CityName=LOC_CITY_NAME_VANCOUVER CompletionTurn=218 EscapeResult=-1 InitialResult=5 LevelAfter=3 LootInfo=-1 Name=LOC_CITIZEN_MAYA_FEMALE_4 Operation=58 PlotIndex=801
mission CityName=LOC_CITY_NAME_BOLOGNA CompletionTurn=218 EscapeResult=1 InitialResult=2 LevelAfter=2 LootInfo=-1 Name=LOC_CITIZEN_MAYA_FEMALE_1 Operation=58 PlotIndex=1653
mission CityName=LOC_CITY_NAME_SAINT_JOHN CompletionTurn=217 EscapeResult=-1 InitialResult=3 LevelAfter=1 LootInfo=-1 Name=LOC_CITIZEN_MAYA_MALE_8 Operation=58 PlotIndex=1991
mission CityName=LOC_CITY_NAME_VICTORIA CompletionTurn=215 EscapeResult=0 InitialResult=2 LevelAfter=1 LootInfo=-1 Name=LOC_CITIZEN_MAYA_MODERN_MALE_1 Operation=58 PlotIndex=889
mission CityName=LOC_CITY_NAME_HALIFAX CompletionTurn=215 EscapeResult=2 InitialResult=2 LevelAfter=2 LootInfo=-1 Name=LOC_CITIZEN_MAYA_MODERN_FEMALE_3 Operation=58 PlotIndex=1409
mission CityName=LOC_CITY_NAME_OTTAWA CompletionTurn=214 EscapeResult=2 InitialResult=2 LevelAfter=1 LootInfo=-1 Name=LOC_CITIZEN_MAYA_MODERN_MALE_10 Operation=58 PlotIndex=978
mission CityName=LOC_CITY_NAME_MONTREAL CompletionTurn=213 EscapeResult=-1 InitialResult=1 LevelAfter=1 LootInfo=-1 Name=LOC_CITIZEN_MAYA_MALE_2 Operation=58 PlotIndex=1314
mission CityName=LOC_CITY_NAME_TORONTO CompletionTurn=213 EscapeResult=2 InitialResult=2 LevelAfter=1 LootInfo=-1 Name=LOC_CITIZEN_MAYA_MODERN_MALE_9 Operation=58 PlotIndex=1818
mission CityName=LOC_CITY_NAME_QUEBEC_CITY CompletionTurn=213 EscapeResult=0 InitialResult=2 LevelAfter=1 LootInfo=-1 Name=LOC_CITIZEN_MAYA_FEMALE_7 Operation=58 PlotIndex=1404
mission CityName=LOC_CITY_NAME_VANCOUVER CompletionTurn=212 EscapeResult=-1 InitialResult=5 LevelAfter=2 LootInfo=-1 Name=LOC_CITIZEN_MAYA_FEMALE_4 Operation=58 PlotIndex=801
mission CityName=LOC_CITY_NAME_KINGSTON CompletionTurn=212 EscapeResult=2 InitialResult=2 LevelAfter=1 LootInfo=-1 Name=LOC_CITIZEN_MAYA_MODERN_FEMALE_4 Operation=58 PlotIndex=1392
mission CityName=LOC_CITY_NAME_BOLOGNA CompletionTurn=212 EscapeResult=-1 InitialResult=5 LevelAfter=2 LootInfo=-1 Name=LOC_CITIZEN_MAYA_FEMALE_1 Operation=58 PlotIndex=1653
mission CityName=LOC_CITY_NAME_VICTORIA CompletionTurn=210 EscapeResult=1 InitialResult=2 LevelAfter=1 LootInfo=-1 Name=LOC_CITIZEN_MAYA_FEMALE_3 Operation=58 PlotIndex=889
mission CityName=LOC_CITY_NAME_SAINT_JOHN CompletionTurn=209 EscapeResult=2 InitialResult=4 LevelAfter=2 LootInfo=-1 Name=LOC_CITIZEN_MAYA_FEMALE_6 Operation=58 PlotIndex=1991
mission CityName=LOC_CITY_NAME_WINNIPEG CompletionTurn=209 EscapeResult=1 InitialResult=4 LevelAfter=2 LootInfo=-1 Name=LOC_CITIZEN_MAYA_MODERN_FEMALE_1 Operation=58 PlotIndex=1743
mission CityName=LOC_CITY_NAME_HALIFAX CompletionTurn=209 EscapeResult=-1 InitialResult=5 LevelAfter=2 LootInfo=-1 Name=LOC_CITIZEN_MAYA_MODERN_FEMALE_3 Operation=58 PlotIndex=1409
mission CityName=LOC_CITY_NAME_OTTAWA CompletionTurn=207 EscapeResult=2 InitialResult=2 LevelAfter=1 LootInfo=-1 Name=LOC_CITIZEN_MAYA_MODERN_MALE_10 Operation=58 PlotIndex=978
mission CityName=LOC_CITY_NAME_MONTREAL CompletionTurn=207 EscapeResult=-1 InitialResult=0 LevelAfter=1 LootInfo=-1 Name=LOC_CITIZEN_MAYA_MODERN_MALE_4 Operation=58 PlotIndex=1314
mission CityName=LOC_CITY_NAME_TORONTO CompletionTurn=207 EscapeResult=-1 InitialResult=1 LevelAfter=1 LootInfo=-1 Name=LOC_CITIZEN_MAYA_MODERN_MALE_6 Operation=58 PlotIndex=1818
mission CityName=LOC_CITY_NAME_QUEBEC_CITY CompletionTurn=207 EscapeResult=-1 InitialResult=1 LevelAfter=1 LootInfo=-1 Name=LOC_CITIZEN_MAYA_MALE_6 Operation=58 PlotIndex=1404
tally 6  FOMENT_UNREST CAPTURED / NO_RESULT
tally 4  FOMENT_UNREST FAIL_MUST_ESCAPE / CAPTURED
tally 8  FOMENT_UNREST FAIL_MUST_ESCAPE / FAIL_MUST_ESCAPE
tally 2  FOMENT_UNREST FAIL_MUST_ESCAPE / KILLED
tally 2  FOMENT_UNREST FAIL_MUST_ESCAPE / NO_RESULT
tally 5  FOMENT_UNREST FAIL_UNDETECTED / NO_RESULT
tally 2  FOMENT_UNREST KILLED / NO_RESULT
tally 1  FOMENT_UNREST SUCCESS_MUST_ESCAPE / CAPTURED
tally 2  FOMENT_UNREST SUCCESS_MUST_ESCAPE / FAIL_MUST_ESCAPE
tally 11  FOMENT_UNREST SUCCESS_UNDETECTED / NO_RESULT
turn 239 spies active 3 idle 2 missions 43 captured-enemy 0
spy 8257544 LOC_CITIZEN_MAYA_MODERN_FEMALE_2 level 1 at 54:11 refused
spy 8192014 LOC_CITIZEN_MAYA_MODERN_MALE_10 level 2 at 60:16 busy
spy 7667727 LOC_CITIZEN_MAYA_MALE_8 level 2 at 54:15 busy
spy 5701649 LOC_CITIZEN_MAYA_FEMALE_4 level 4 at 45:9 start
spy 8126484 LOC_CITIZEN_MAYA_MODERN_FEMALE_4 level 1 at 54:11 busy
turn 239 spies 5 started 1 travelled 0 promoted 0 bought 0 gold 50000
unblock: blocker ENDTURN_BLOCKING_SPY_CHOOSE_ESCAPE_ROUTE -> escape route DISTRICT_COMMERCIAL_HUB of 3 for spy 8192014 LOC_CITIZEN_MAYA_MODERN_MALE_10 level 2 turn 239 city LOC_CITY_NAME_QUEBEC_CITY p1 at 60:16 pursuer police | end turn requested
unstuck: InGamePopup: open, no close
unblock: blocker ENDTURN_BLOCKING_SPY_CHOOSE_ESCAPE_ROUTE -> escape route DISTRICT_COMMERCIAL_HUB of 2 for spy 8126484 LOC_CITIZEN_MAYA_MODERN_FEMALE_4 level 1 turn 239 city LOC_CITY_NAME_OTTAWA p1 at 54:11 pursuer police | end turn requested
unstuck: InGamePopup: open, no close
unblock: blocker ENDTURN_BLOCKING_CIVIC -> civic CIVIC_CIVIL_SERVICE | end turn requested
unstuck: InGamePopup: open, no close
mission CityName=LOC_CITY_NAME_OTTAWA CompletionTurn=239 EscapeResult=1 InitialResult=2 LevelAfter=1 LootInfo=-1 Name=LOC_CITIZEN_MAYA_MODERN_FEMALE_4 Operation=58 PlotIndex=978
mission CityName=LOC_CITY_NAME_VANCOUVER CompletionTurn=239 EscapeResult=-1 InitialResult=5 LevelAfter=4 LootInfo=-1 Name=LOC_CITIZEN_MAYA_FEMALE_4 Operation=58 PlotIndex=801
mission CityName=LOC_CITY_NAME_QUEBEC_CITY CompletionTurn=239 EscapeResult=1 InitialResult=2 LevelAfter=2 LootInfo=-1 Name=LOC_CITIZEN_MAYA_MODERN_MALE_10 Operation=58 PlotIndex=1404
mission CityName=LOC_CITY_NAME_MONTREAL CompletionTurn=238 EscapeResult=-1 InitialResult=5 LevelAfter=2 LootInfo=-1 Name=LOC_CITIZEN_MAYA_MALE_8 Operation=58 PlotIndex=1314
mission CityName=LOC_CITY_NAME_TORONTO CompletionTurn=237 EscapeResult=1 InitialResult=2 LevelAfter=2 LootInfo=-1 Name=LOC_CITIZEN_MAYA_MODERN_MALE_9 Operation=58 PlotIndex=1818
mission CityName=LOC_CITY_NAME_VANCOUVER CompletionTurn=236 EscapeResult=-1 InitialResult=5 LevelAfter=4 LootInfo=-1 Name=LOC_CITIZEN_MAYA_FEMALE_4 Operation=58 PlotIndex=801
mission CityName=LOC_CITY_NAME_MONTREAL CompletionTurn=234 EscapeResult=-1 InitialResult=3 LevelAfter=1 LootInfo=-1 Name=LOC_CITIZEN_MAYA_MALE_8 Operation=58 PlotIndex=1314
mission CityName=LOC_CITY_NAME_VICTORIA CompletionTurn=233 EscapeResult=-1 InitialResult=0 LevelAfter=1 LootInfo=-1 Name=LOC_CITIZEN_MAYA_MODERN_FEMALE_5 Operation=58 PlotIndex=889
mission CityName=LOC_CITY_NAME_VANCOUVER CompletionTurn=233 EscapeResult=-1 InitialResult=5 LevelAfter=4 LootInfo=-1 Name=LOC_CITIZEN_MAYA_FEMALE_4 Operation=58 PlotIndex=801
mission CityName=LOC_CITY_NAME_VANCOUVER CompletionTurn=230 EscapeResult=-1 InitialResult=5 LevelAfter=4 LootInfo=-1 Name=LOC_CITIZEN_MAYA_FEMALE_4 Operation=58 PlotIndex=801
mission CityName=LOC_CITY_NAME_VICTORIA CompletionTurn=229 EscapeResult=-1 InitialResult=3 LevelAfter=1 LootInfo=-1 Name=LOC_CITIZEN_MAYA_MODERN_FEMALE_5 Operation=58 PlotIndex=889
mission CityName=LOC_CITY_NAME_OTTAWA CompletionTurn=229 EscapeResult=2 InitialResult=4 LevelAfter=2 LootInfo=-1 Name=LOC_CITIZEN_MAYA_MODERN_MALE_10 Operation=58 PlotIndex=978
mission CityName=LOC_CITY_NAME_QUEBEC_CITY CompletionTurn=229 EscapeResult=2 InitialResult=2 LevelAfter=1 LootInfo=-1 Name=LOC_CITIZEN_MAYA_MODERN_FEMALE_4 Operation=58 PlotIndex=1404
mission CityName=LOC_CITY_NAME_TORONTO CompletionTurn=229 EscapeResult=2 InitialResult=2 LevelAfter=2 LootInfo=-1 Name=LOC_CITIZEN_MAYA_MODERN_MALE_9 Operation=58 PlotIndex=1818
mission CityName=LOC_CITY_NAME_SAINT_JOHN CompletionTurn=227 EscapeResult=2 InitialResult=2 LevelAfter=1 LootInfo=-1 Name=LOC_CITIZEN_MAYA_MALE_8 Operation=58 PlotIndex=1991
mission CityName=LOC_CITY_NAME_OTTAWA CompletionTurn=225 EscapeResult=-1 InitialResult=3 LevelAfter=1 LootInfo=-1 Name=LOC_CITIZEN_MAYA_MODERN_MALE_10 Operation=58 PlotIndex=978
mission CityName=LOC_CITY_NAME_VANCOUVER CompletionTurn=225 EscapeResult=-1 InitialResult=5 LevelAfter=4 LootInfo=-1 Name=LOC_CITIZEN_MAYA_FEMALE_4 Operation=58 PlotIndex=801
mission CityName=LOC_CITY_NAME_QUEBEC_CITY CompletionTurn=225 EscapeResult=-1 InitialResult=3 LevelAfter=1 LootInfo=-1 Name=LOC_CITIZEN_MAYA_MODERN_FEMALE_4 Operation=58 PlotIndex=1404
mission CityName=LOC_CITY_NAME_HALIFAX CompletionTurn=224 EscapeResult=-1 InitialResult=1 LevelAfter=2 LootInfo=-1 Name=LOC_CITIZEN_MAYA_MODERN_FEMALE_3 Operation=58 PlotIndex=1409
mission CityName=LOC_CITY_NAME_MONTREAL CompletionTurn=223 EscapeResult=1 InitialResult=2 LevelAfter=1 LootInfo=-1 Name=LOC_CITIZEN_MAYA_MALE_5 Operation=58 PlotIndex=1314
mission CityName=LOC_CITY_NAME_SAINT_JOHN CompletionTurn=223 EscapeResult=-1 InitialResult=1 LevelAfter=2 LootInfo=-1 Name=LOC_CITIZEN_MAYA_FEMALE_6 Operation=58 PlotIndex=1991
mission CityName=LOC_CITY_NAME_TORONTO CompletionTurn=223 EscapeResult=-1 InitialResult=5 LevelAfter=2 LootInfo=-1 Name=LOC_CITIZEN_MAYA_MODERN_MALE_9 Operation=58 PlotIndex=1818
mission CityName=LOC_CITY_NAME_OTTAWA CompletionTurn=219 EscapeResult=-1 InitialResult=1 LevelAfter=1 LootInfo=-1 Name=LOC_CITIZEN_MAYA_MODERN_FEMALE_7 Operation=58 PlotIndex=978
mission CityName=LOC_CITY_NAME_VANCOUVER CompletionTurn=218 EscapeResult=-1 InitialResult=5 LevelAfter=3 LootInfo=-1 Name=LOC_CITIZEN_MAYA_FEMALE_4 Operation=58 PlotIndex=801
mission CityName=LOC_CITY_NAME_BOLOGNA CompletionTurn=218 EscapeResult=1 InitialResult=2 LevelAfter=2 LootInfo=-1 Name=LOC_CITIZEN_MAYA_FEMALE_1 Operation=58 PlotIndex=1653
mission CityName=LOC_CITY_NAME_SAINT_JOHN CompletionTurn=217 EscapeResult=-1 InitialResult=3 LevelAfter=1 LootInfo=-1 Name=LOC_CITIZEN_MAYA_MALE_8 Operation=58 PlotIndex=1991
mission CityName=LOC_CITY_NAME_VICTORIA CompletionTurn=215 EscapeResult=0 InitialResult=2 LevelAfter=1 LootInfo=-1 Name=LOC_CITIZEN_MAYA_MODERN_MALE_1 Operation=58 PlotIndex=889
mission CityName=LOC_CITY_NAME_HALIFAX CompletionTurn=215 EscapeResult=2 InitialResult=2 LevelAfter=2 LootInfo=-1 Name=LOC_CITIZEN_MAYA_MODERN_FEMALE_3 Operation=58 PlotIndex=1409
mission CityName=LOC_CITY_NAME_OTTAWA CompletionTurn=214 EscapeResult=2 InitialResult=2 LevelAfter=1 LootInfo=-1 Name=LOC_CITIZEN_MAYA_MODERN_MALE_10 Operation=58 PlotIndex=978
mission CityName=LOC_CITY_NAME_MONTREAL CompletionTurn=213 EscapeResult=-1 InitialResult=1 LevelAfter=1 LootInfo=-1 Name=LOC_CITIZEN_MAYA_MALE_2 Operation=58 PlotIndex=1314
mission CityName=LOC_CITY_NAME_TORONTO CompletionTurn=213 EscapeResult=2 InitialResult=2 LevelAfter=1 LootInfo=-1 Name=LOC_CITIZEN_MAYA_MODERN_MALE_9 Operation=58 PlotIndex=1818
mission CityName=LOC_CITY_NAME_QUEBEC_CITY CompletionTurn=213 EscapeResult=0 InitialResult=2 LevelAfter=1 LootInfo=-1 Name=LOC_CITIZEN_MAYA_FEMALE_7 Operation=58 PlotIndex=1404
mission CityName=LOC_CITY_NAME_VANCOUVER CompletionTurn=212 EscapeResult=-1 InitialResult=5 LevelAfter=2 LootInfo=-1 Name=LOC_CITIZEN_MAYA_FEMALE_4 Operation=58 PlotIndex=801
mission CityName=LOC_CITY_NAME_KINGSTON CompletionTurn=212 EscapeResult=2 InitialResult=2 LevelAfter=1 LootInfo=-1 Name=LOC_CITIZEN_MAYA_MODERN_FEMALE_4 Operation=58 PlotIndex=1392
mission CityName=LOC_CITY_NAME_BOLOGNA CompletionTurn=212 EscapeResult=-1 InitialResult=5 LevelAfter=2 LootInfo=-1 Name=LOC_CITIZEN_MAYA_FEMALE_1 Operation=58 PlotIndex=1653
mission CityName=LOC_CITY_NAME_VICTORIA CompletionTurn=210 EscapeResult=1 InitialResult=2 LevelAfter=1 LootInfo=-1 Name=LOC_CITIZEN_MAYA_FEMALE_3 Operation=58 PlotIndex=889
mission CityName=LOC_CITY_NAME_SAINT_JOHN CompletionTurn=209 EscapeResult=2 InitialResult=4 LevelAfter=2 LootInfo=-1 Name=LOC_CITIZEN_MAYA_FEMALE_6 Operation=58 PlotIndex=1991
mission CityName=LOC_CITY_NAME_WINNIPEG CompletionTurn=209 EscapeResult=1 InitialResult=4 LevelAfter=2 LootInfo=-1 Name=LOC_CITIZEN_MAYA_MODERN_FEMALE_1 Operation=58 PlotIndex=1743
mission CityName=LOC_CITY_NAME_HALIFAX CompletionTurn=209 EscapeResult=-1 InitialResult=5 LevelAfter=2 LootInfo=-1 Name=LOC_CITIZEN_MAYA_MODERN_FEMALE_3 Operation=58 PlotIndex=1409
mission CityName=LOC_CITY_NAME_OTTAWA CompletionTurn=207 EscapeResult=2 InitialResult=2 LevelAfter=1 LootInfo=-1 Name=LOC_CITIZEN_MAYA_MODERN_MALE_10 Operation=58 PlotIndex=978
mission CityName=LOC_CITY_NAME_MONTREAL CompletionTurn=207 EscapeResult=-1 InitialResult=0 LevelAfter=1 LootInfo=-1 Name=LOC_CITIZEN_MAYA_MODERN_MALE_4 Operation=58 PlotIndex=1314
mission CityName=LOC_CITY_NAME_TORONTO CompletionTurn=207 EscapeResult=-1 InitialResult=1 LevelAfter=1 LootInfo=-1 Name=LOC_CITIZEN_MAYA_MODERN_MALE_6 Operation=58 PlotIndex=1818
mission CityName=LOC_CITY_NAME_QUEBEC_CITY CompletionTurn=207 EscapeResult=-1 InitialResult=1 LevelAfter=1 LootInfo=-1 Name=LOC_CITIZEN_MAYA_MALE_6 Operation=58 PlotIndex=1404
tally 6  FOMENT_UNREST CAPTURED / NO_RESULT
tally 6  FOMENT_UNREST FAIL_MUST_ESCAPE / CAPTURED
tally 8  FOMENT_UNREST FAIL_MUST_ESCAPE / FAIL_MUST_ESCAPE
tally 2  FOMENT_UNREST FAIL_MUST_ESCAPE / KILLED
tally 5  FOMENT_UNREST FAIL_UNDETECTED / NO_RESULT
tally 2  FOMENT_UNREST KILLED / NO_RESULT
tally 1  FOMENT_UNREST SUCCESS_MUST_ESCAPE / CAPTURED
tally 2  FOMENT_UNREST SUCCESS_MUST_ESCAPE / FAIL_MUST_ESCAPE
tally 11  FOMENT_UNREST SUCCESS_UNDETECTED / NO_RESULT
turn 239 spies active 1 idle 2 missions 43 captured-enemy 0
spy 8257544 LOC_CITIZEN_MAYA_MODERN_FEMALE_2 level 1 at 54:11 start
spy 7667727 LOC_CITIZEN_MAYA_MALE_8 level 2 at 54:15 start
spy 5701649 LOC_CITIZEN_MAYA_FEMALE_4 level 4 at 45:9 busy
turn 240 spies 3 started 2 travelled 0 promoted 0 bought 0 gold 50000
unblock: blocker ENDTURN_BLOCKING_CIVIC -> civic CIVIC_CIVIL_SERVICE | end turn requested
unstuck: InGamePopup: open, no close
unblock: blocker ENDTURN_BLOCKING_PRODUCTION -> TIKAL builds UNIT_WARRIOR | end turn requested
unstuck: InGamePopup: open, no close
unblock: blocker ENDTURN_BLOCKING_PRODUCTION -> TIKAL builds UNIT_WARRIOR | end turn requested
unstuck: InGamePopup: open, no close
unstuck: TechCivicCompletedPopup: closed
mission CityName=LOC_CITY_NAME_OTTAWA CompletionTurn=239 EscapeResult=1 InitialResult=2 LevelAfter=1 LootInfo=-1 Name=LOC_CITIZEN_MAYA_MODERN_FEMALE_4 Operation=58 PlotIndex=978
mission CityName=LOC_CITY_NAME_VANCOUVER CompletionTurn=239 EscapeResult=-1 InitialResult=5 LevelAfter=4 LootInfo=-1 Name=LOC_CITIZEN_MAYA_FEMALE_4 Operation=58 PlotIndex=801
mission CityName=LOC_CITY_NAME_QUEBEC_CITY CompletionTurn=239 EscapeResult=1 InitialResult=2 LevelAfter=2 LootInfo=-1 Name=LOC_CITIZEN_MAYA_MODERN_MALE_10 Operation=58 PlotIndex=1404
mission CityName=LOC_CITY_NAME_MONTREAL CompletionTurn=238 EscapeResult=-1 InitialResult=5 LevelAfter=2 LootInfo=-1 Name=LOC_CITIZEN_MAYA_MALE_8 Operation=58 PlotIndex=1314
mission CityName=LOC_CITY_NAME_TORONTO CompletionTurn=237 EscapeResult=1 InitialResult=2 LevelAfter=2 LootInfo=-1 Name=LOC_CITIZEN_MAYA_MODERN_MALE_9 Operation=58 PlotIndex=1818
mission CityName=LOC_CITY_NAME_VANCOUVER CompletionTurn=236 EscapeResult=-1 InitialResult=5 LevelAfter=4 LootInfo=-1 Name=LOC_CITIZEN_MAYA_FEMALE_4 Operation=58 PlotIndex=801
mission CityName=LOC_CITY_NAME_MONTREAL CompletionTurn=234 EscapeResult=-1 InitialResult=3 LevelAfter=1 LootInfo=-1 Name=LOC_CITIZEN_MAYA_MALE_8 Operation=58 PlotIndex=1314
mission CityName=LOC_CITY_NAME_VICTORIA CompletionTurn=233 EscapeResult=-1 InitialResult=0 LevelAfter=1 LootInfo=-1 Name=LOC_CITIZEN_MAYA_MODERN_FEMALE_5 Operation=58 PlotIndex=889
mission CityName=LOC_CITY_NAME_VANCOUVER CompletionTurn=233 EscapeResult=-1 InitialResult=5 LevelAfter=4 LootInfo=-1 Name=LOC_CITIZEN_MAYA_FEMALE_4 Operation=58 PlotIndex=801
mission CityName=LOC_CITY_NAME_VANCOUVER CompletionTurn=230 EscapeResult=-1 InitialResult=5 LevelAfter=4 LootInfo=-1 Name=LOC_CITIZEN_MAYA_FEMALE_4 Operation=58 PlotIndex=801
mission CityName=LOC_CITY_NAME_VICTORIA CompletionTurn=229 EscapeResult=-1 InitialResult=3 LevelAfter=1 LootInfo=-1 Name=LOC_CITIZEN_MAYA_MODERN_FEMALE_5 Operation=58 PlotIndex=889
mission CityName=LOC_CITY_NAME_OTTAWA CompletionTurn=229 EscapeResult=2 InitialResult=4 LevelAfter=2 LootInfo=-1 Name=LOC_CITIZEN_MAYA_MODERN_MALE_10 Operation=58 PlotIndex=978
mission CityName=LOC_CITY_NAME_QUEBEC_CITY CompletionTurn=229 EscapeResult=2 InitialResult=2 LevelAfter=1 LootInfo=-1 Name=LOC_CITIZEN_MAYA_MODERN_FEMALE_4 Operation=58 PlotIndex=1404
mission CityName=LOC_CITY_NAME_TORONTO CompletionTurn=229 EscapeResult=2 InitialResult=2 LevelAfter=2 LootInfo=-1 Name=LOC_CITIZEN_MAYA_MODERN_MALE_9 Operation=58 PlotIndex=1818
mission CityName=LOC_CITY_NAME_SAINT_JOHN CompletionTurn=227 EscapeResult=2 InitialResult=2 LevelAfter=1 LootInfo=-1 Name=LOC_CITIZEN_MAYA_MALE_8 Operation=58 PlotIndex=1991
mission CityName=LOC_CITY_NAME_OTTAWA CompletionTurn=225 EscapeResult=-1 InitialResult=3 LevelAfter=1 LootInfo=-1 Name=LOC_CITIZEN_MAYA_MODERN_MALE_10 Operation=58 PlotIndex=978
mission CityName=LOC_CITY_NAME_VANCOUVER CompletionTurn=225 EscapeResult=-1 InitialResult=5 LevelAfter=4 LootInfo=-1 Name=LOC_CITIZEN_MAYA_FEMALE_4 Operation=58 PlotIndex=801
mission CityName=LOC_CITY_NAME_QUEBEC_CITY CompletionTurn=225 EscapeResult=-1 InitialResult=3 LevelAfter=1 LootInfo=-1 Name=LOC_CITIZEN_MAYA_MODERN_FEMALE_4 Operation=58 PlotIndex=1404
mission CityName=LOC_CITY_NAME_HALIFAX CompletionTurn=224 EscapeResult=-1 InitialResult=1 LevelAfter=2 LootInfo=-1 Name=LOC_CITIZEN_MAYA_MODERN_FEMALE_3 Operation=58 PlotIndex=1409
mission CityName=LOC_CITY_NAME_MONTREAL CompletionTurn=223 EscapeResult=1 InitialResult=2 LevelAfter=1 LootInfo=-1 Name=LOC_CITIZEN_MAYA_MALE_5 Operation=58 PlotIndex=1314
mission CityName=LOC_CITY_NAME_SAINT_JOHN CompletionTurn=223 EscapeResult=-1 InitialResult=1 LevelAfter=2 LootInfo=-1 Name=LOC_CITIZEN_MAYA_FEMALE_6 Operation=58 PlotIndex=1991
mission CityName=LOC_CITY_NAME_TORONTO CompletionTurn=223 EscapeResult=-1 InitialResult=5 LevelAfter=2 LootInfo=-1 Name=LOC_CITIZEN_MAYA_MODERN_MALE_9 Operation=58 PlotIndex=1818
mission CityName=LOC_CITY_NAME_OTTAWA CompletionTurn=219 EscapeResult=-1 InitialResult=1 LevelAfter=1 LootInfo=-1 Name=LOC_CITIZEN_MAYA_MODERN_FEMALE_7 Operation=58 PlotIndex=978
mission CityName=LOC_CITY_NAME_VANCOUVER CompletionTurn=218 EscapeResult=-1 InitialResult=5 LevelAfter=3 LootInfo=-1 Name=LOC_CITIZEN_MAYA_FEMALE_4 Operation=58 PlotIndex=801
mission CityName=LOC_CITY_NAME_BOLOGNA CompletionTurn=218 EscapeResult=1 InitialResult=2 LevelAfter=2 LootInfo=-1 Name=LOC_CITIZEN_MAYA_FEMALE_1 Operation=58 PlotIndex=1653
mission CityName=LOC_CITY_NAME_SAINT_JOHN CompletionTurn=217 EscapeResult=-1 InitialResult=3 LevelAfter=1 LootInfo=-1 Name=LOC_CITIZEN_MAYA_MALE_8 Operation=58 PlotIndex=1991
mission CityName=LOC_CITY_NAME_VICTORIA CompletionTurn=215 EscapeResult=0 InitialResult=2 LevelAfter=1 LootInfo=-1 Name=LOC_CITIZEN_MAYA_MODERN_MALE_1 Operation=58 PlotIndex=889
mission CityName=LOC_CITY_NAME_HALIFAX CompletionTurn=215 EscapeResult=2 InitialResult=2 LevelAfter=2 LootInfo=-1 Name=LOC_CITIZEN_MAYA_MODERN_FEMALE_3 Operation=58 PlotIndex=1409
mission CityName=LOC_CITY_NAME_OTTAWA CompletionTurn=214 EscapeResult=2 InitialResult=2 LevelAfter=1 LootInfo=-1 Name=LOC_CITIZEN_MAYA_MODERN_MALE_10 Operation=58 PlotIndex=978
mission CityName=LOC_CITY_NAME_MONTREAL CompletionTurn=213 EscapeResult=-1 InitialResult=1 LevelAfter=1 LootInfo=-1 Name=LOC_CITIZEN_MAYA_MALE_2 Operation=58 PlotIndex=1314
mission CityName=LOC_CITY_NAME_TORONTO CompletionTurn=213 EscapeResult=2 InitialResult=2 LevelAfter=1 LootInfo=-1 Name=LOC_CITIZEN_MAYA_MODERN_MALE_9 Operation=58 PlotIndex=1818
mission CityName=LOC_CITY_NAME_QUEBEC_CITY CompletionTurn=213 EscapeResult=0 InitialResult=2 LevelAfter=1 LootInfo=-1 Name=LOC_CITIZEN_MAYA_FEMALE_7 Operation=58 PlotIndex=1404
mission CityName=LOC_CITY_NAME_VANCOUVER CompletionTurn=212 EscapeResult=-1 InitialResult=5 LevelAfter=2 LootInfo=-1 Name=LOC_CITIZEN_MAYA_FEMALE_4 Operation=58 PlotIndex=801
mission CityName=LOC_CITY_NAME_KINGSTON CompletionTurn=212 EscapeResult=2 InitialResult=2 LevelAfter=1 LootInfo=-1 Name=LOC_CITIZEN_MAYA_MODERN_FEMALE_4 Operation=58 PlotIndex=1392
mission CityName=LOC_CITY_NAME_BOLOGNA CompletionTurn=212 EscapeResult=-1 InitialResult=5 LevelAfter=2 LootInfo=-1 Name=LOC_CITIZEN_MAYA_FEMALE_1 Operation=58 PlotIndex=1653
mission CityName=LOC_CITY_NAME_VICTORIA CompletionTurn=210 EscapeResult=1 InitialResult=2 LevelAfter=1 LootInfo=-1 Name=LOC_CITIZEN_MAYA_FEMALE_3 Operation=58 PlotIndex=889
mission CityName=LOC_CITY_NAME_SAINT_JOHN CompletionTurn=209 EscapeResult=2 InitialResult=4 LevelAfter=2 LootInfo=-1 Name=LOC_CITIZEN_MAYA_FEMALE_6 Operation=58 PlotIndex=1991
mission CityName=LOC_CITY_NAME_WINNIPEG CompletionTurn=209 EscapeResult=1 InitialResult=4 LevelAfter=2 LootInfo=-1 Name=LOC_CITIZEN_MAYA_MODERN_FEMALE_1 Operation=58 PlotIndex=1743
mission CityName=LOC_CITY_NAME_HALIFAX CompletionTurn=209 EscapeResult=-1 InitialResult=5 LevelAfter=2 LootInfo=-1 Name=LOC_CITIZEN_MAYA_MODERN_FEMALE_3 Operation=58 PlotIndex=1409
mission CityName=LOC_CITY_NAME_OTTAWA CompletionTurn=207 EscapeResult=2 InitialResult=2 LevelAfter=1 LootInfo=-1 Name=LOC_CITIZEN_MAYA_MODERN_MALE_10 Operation=58 PlotIndex=978
mission CityName=LOC_CITY_NAME_MONTREAL CompletionTurn=207 EscapeResult=-1 InitialResult=0 LevelAfter=1 LootInfo=-1 Name=LOC_CITIZEN_MAYA_MODERN_MALE_4 Operation=58 PlotIndex=1314
mission CityName=LOC_CITY_NAME_TORONTO CompletionTurn=207 EscapeResult=-1 InitialResult=1 LevelAfter=1 LootInfo=-1 Name=LOC_CITIZEN_MAYA_MODERN_MALE_6 Operation=58 PlotIndex=1818
mission CityName=LOC_CITY_NAME_QUEBEC_CITY CompletionTurn=207 EscapeResult=-1 InitialResult=1 LevelAfter=1 LootInfo=-1 Name=LOC_CITIZEN_MAYA_MALE_6 Operation=58 PlotIndex=1404
tally 6  FOMENT_UNREST CAPTURED / NO_RESULT
tally 6  FOMENT_UNREST FAIL_MUST_ESCAPE / CAPTURED
tally 8  FOMENT_UNREST FAIL_MUST_ESCAPE / FAIL_MUST_ESCAPE
tally 2  FOMENT_UNREST FAIL_MUST_ESCAPE / KILLED
tally 5  FOMENT_UNREST FAIL_UNDETECTED / NO_RESULT
tally 2  FOMENT_UNREST KILLED / NO_RESULT
tally 1  FOMENT_UNREST SUCCESS_MUST_ESCAPE / CAPTURED
tally 2  FOMENT_UNREST SUCCESS_MUST_ESCAPE / FAIL_MUST_ESCAPE
tally 11  FOMENT_UNREST SUCCESS_UNDETECTED / NO_RESULT
turn 241 spies active 3 idle 0 missions 43 captured-enemy 0
spy 8257544 LOC_CITIZEN_MAYA_MODERN_FEMALE_2 level 1 at 54:11 busy
spy 7667727 LOC_CITIZEN_MAYA_MALE_8 level 2 at 54:15 busy
spy 5701649 LOC_CITIZEN_MAYA_FEMALE_4 level 4 at 45:9 busy
turn 241 spies 3 started 0 travelled 0 promoted 0 bought 0 gold 50000
unblock: blocker ENDTURN_BLOCKING_WORLD_CONGRESS_LOOK -> nothing | end turn requested
unstuck: InGamePopup: open, no close
unblock: blocker ENDTURN_BLOCKING_WORLD_CONGRESS_LOOK -> nothing | end turn requested
unstuck: InGamePopup: open, no close
unblock: blocker ENDTURN_BLOCKING_WORLD_CONGRESS_LOOK -> nothing | end turn requested
unstuck: InGamePopup: open, no close
unstuck: WorldCongressIntro: closed
unstuck: WorldCongressPopup: closed
unblock: blocker ENDTURN_BLOCKING_WORLD_CONGRESS_SESSION -> nothing | end turn requested
unstuck: InGamePopup: open, no close
unstuck: WorldCongressPopup: closed
mission CityName=LOC_CITY_NAME_VANCOUVER CompletionTurn=242 EscapeResult=-1 InitialResult=5 LevelAfter=4 LootInfo=-1 Name=LOC_CITIZEN_MAYA_FEMALE_4 Operation=58 PlotIndex=801
mission CityName=LOC_CITY_NAME_OTTAWA CompletionTurn=239 EscapeResult=1 InitialResult=2 LevelAfter=1 LootInfo=-1 Name=LOC_CITIZEN_MAYA_MODERN_FEMALE_4 Operation=58 PlotIndex=978
mission CityName=LOC_CITY_NAME_VANCOUVER CompletionTurn=239 EscapeResult=-1 InitialResult=5 LevelAfter=4 LootInfo=-1 Name=LOC_CITIZEN_MAYA_FEMALE_4 Operation=58 PlotIndex=801
mission CityName=LOC_CITY_NAME_QUEBEC_CITY CompletionTurn=239 EscapeResult=1 InitialResult=2 LevelAfter=2 LootInfo=-1 Name=LOC_CITIZEN_MAYA_MODERN_MALE_10 Operation=58 PlotIndex=1404
mission CityName=LOC_CITY_NAME_MONTREAL CompletionTurn=238 EscapeResult=-1 InitialResult=5 LevelAfter=2 LootInfo=-1 Name=LOC_CITIZEN_MAYA_MALE_8 Operation=58 PlotIndex=1314
mission CityName=LOC_CITY_NAME_TORONTO CompletionTurn=237 EscapeResult=1 InitialResult=2 LevelAfter=2 LootInfo=-1 Name=LOC_CITIZEN_MAYA_MODERN_MALE_9 Operation=58 PlotIndex=1818
mission CityName=LOC_CITY_NAME_VANCOUVER CompletionTurn=236 EscapeResult=-1 InitialResult=5 LevelAfter=4 LootInfo=-1 Name=LOC_CITIZEN_MAYA_FEMALE_4 Operation=58 PlotIndex=801
mission CityName=LOC_CITY_NAME_MONTREAL CompletionTurn=234 EscapeResult=-1 InitialResult=3 LevelAfter=1 LootInfo=-1 Name=LOC_CITIZEN_MAYA_MALE_8 Operation=58 PlotIndex=1314
mission CityName=LOC_CITY_NAME_VICTORIA CompletionTurn=233 EscapeResult=-1 InitialResult=0 LevelAfter=1 LootInfo=-1 Name=LOC_CITIZEN_MAYA_MODERN_FEMALE_5 Operation=58 PlotIndex=889
mission CityName=LOC_CITY_NAME_VANCOUVER CompletionTurn=233 EscapeResult=-1 InitialResult=5 LevelAfter=4 LootInfo=-1 Name=LOC_CITIZEN_MAYA_FEMALE_4 Operation=58 PlotIndex=801
mission CityName=LOC_CITY_NAME_VANCOUVER CompletionTurn=230 EscapeResult=-1 InitialResult=5 LevelAfter=4 LootInfo=-1 Name=LOC_CITIZEN_MAYA_FEMALE_4 Operation=58 PlotIndex=801
mission CityName=LOC_CITY_NAME_VICTORIA CompletionTurn=229 EscapeResult=-1 InitialResult=3 LevelAfter=1 LootInfo=-1 Name=LOC_CITIZEN_MAYA_MODERN_FEMALE_5 Operation=58 PlotIndex=889
mission CityName=LOC_CITY_NAME_OTTAWA CompletionTurn=229 EscapeResult=2 InitialResult=4 LevelAfter=2 LootInfo=-1 Name=LOC_CITIZEN_MAYA_MODERN_MALE_10 Operation=58 PlotIndex=978
mission CityName=LOC_CITY_NAME_QUEBEC_CITY CompletionTurn=229 EscapeResult=2 InitialResult=2 LevelAfter=1 LootInfo=-1 Name=LOC_CITIZEN_MAYA_MODERN_FEMALE_4 Operation=58 PlotIndex=1404
mission CityName=LOC_CITY_NAME_TORONTO CompletionTurn=229 EscapeResult=2 InitialResult=2 LevelAfter=2 LootInfo=-1 Name=LOC_CITIZEN_MAYA_MODERN_MALE_9 Operation=58 PlotIndex=1818
mission CityName=LOC_CITY_NAME_SAINT_JOHN CompletionTurn=227 EscapeResult=2 InitialResult=2 LevelAfter=1 LootInfo=-1 Name=LOC_CITIZEN_MAYA_MALE_8 Operation=58 PlotIndex=1991
mission CityName=LOC_CITY_NAME_OTTAWA CompletionTurn=225 EscapeResult=-1 InitialResult=3 LevelAfter=1 LootInfo=-1 Name=LOC_CITIZEN_MAYA_MODERN_MALE_10 Operation=58 PlotIndex=978
mission CityName=LOC_CITY_NAME_VANCOUVER CompletionTurn=225 EscapeResult=-1 InitialResult=5 LevelAfter=4 LootInfo=-1 Name=LOC_CITIZEN_MAYA_FEMALE_4 Operation=58 PlotIndex=801
mission CityName=LOC_CITY_NAME_QUEBEC_CITY CompletionTurn=225 EscapeResult=-1 InitialResult=3 LevelAfter=1 LootInfo=-1 Name=LOC_CITIZEN_MAYA_MODERN_FEMALE_4 Operation=58 PlotIndex=1404
mission CityName=LOC_CITY_NAME_HALIFAX CompletionTurn=224 EscapeResult=-1 InitialResult=1 LevelAfter=2 LootInfo=-1 Name=LOC_CITIZEN_MAYA_MODERN_FEMALE_3 Operation=58 PlotIndex=1409
mission CityName=LOC_CITY_NAME_MONTREAL CompletionTurn=223 EscapeResult=1 InitialResult=2 LevelAfter=1 LootInfo=-1 Name=LOC_CITIZEN_MAYA_MALE_5 Operation=58 PlotIndex=1314
mission CityName=LOC_CITY_NAME_SAINT_JOHN CompletionTurn=223 EscapeResult=-1 InitialResult=1 LevelAfter=2 LootInfo=-1 Name=LOC_CITIZEN_MAYA_FEMALE_6 Operation=58 PlotIndex=1991
mission CityName=LOC_CITY_NAME_TORONTO CompletionTurn=223 EscapeResult=-1 InitialResult=5 LevelAfter=2 LootInfo=-1 Name=LOC_CITIZEN_MAYA_MODERN_MALE_9 Operation=58 PlotIndex=1818
mission CityName=LOC_CITY_NAME_OTTAWA CompletionTurn=219 EscapeResult=-1 InitialResult=1 LevelAfter=1 LootInfo=-1 Name=LOC_CITIZEN_MAYA_MODERN_FEMALE_7 Operation=58 PlotIndex=978
mission CityName=LOC_CITY_NAME_VANCOUVER CompletionTurn=218 EscapeResult=-1 InitialResult=5 LevelAfter=3 LootInfo=-1 Name=LOC_CITIZEN_MAYA_FEMALE_4 Operation=58 PlotIndex=801
mission CityName=LOC_CITY_NAME_BOLOGNA CompletionTurn=218 EscapeResult=1 InitialResult=2 LevelAfter=2 LootInfo=-1 Name=LOC_CITIZEN_MAYA_FEMALE_1 Operation=58 PlotIndex=1653
mission CityName=LOC_CITY_NAME_SAINT_JOHN CompletionTurn=217 EscapeResult=-1 InitialResult=3 LevelAfter=1 LootInfo=-1 Name=LOC_CITIZEN_MAYA_MALE_8 Operation=58 PlotIndex=1991
mission CityName=LOC_CITY_NAME_VICTORIA CompletionTurn=215 EscapeResult=0 InitialResult=2 LevelAfter=1 LootInfo=-1 Name=LOC_CITIZEN_MAYA_MODERN_MALE_1 Operation=58 PlotIndex=889
mission CityName=LOC_CITY_NAME_HALIFAX CompletionTurn=215 EscapeResult=2 InitialResult=2 LevelAfter=2 LootInfo=-1 Name=LOC_CITIZEN_MAYA_MODERN_FEMALE_3 Operation=58 PlotIndex=1409
mission CityName=LOC_CITY_NAME_OTTAWA CompletionTurn=214 EscapeResult=2 InitialResult=2 LevelAfter=1 LootInfo=-1 Name=LOC_CITIZEN_MAYA_MODERN_MALE_10 Operation=58 PlotIndex=978
mission CityName=LOC_CITY_NAME_MONTREAL CompletionTurn=213 EscapeResult=-1 InitialResult=1 LevelAfter=1 LootInfo=-1 Name=LOC_CITIZEN_MAYA_MALE_2 Operation=58 PlotIndex=1314
mission CityName=LOC_CITY_NAME_TORONTO CompletionTurn=213 EscapeResult=2 InitialResult=2 LevelAfter=1 LootInfo=-1 Name=LOC_CITIZEN_MAYA_MODERN_MALE_9 Operation=58 PlotIndex=1818
mission CityName=LOC_CITY_NAME_QUEBEC_CITY CompletionTurn=213 EscapeResult=0 InitialResult=2 LevelAfter=1 LootInfo=-1 Name=LOC_CITIZEN_MAYA_FEMALE_7 Operation=58 PlotIndex=1404
mission CityName=LOC_CITY_NAME_VANCOUVER CompletionTurn=212 EscapeResult=-1 InitialResult=5 LevelAfter=2 LootInfo=-1 Name=LOC_CITIZEN_MAYA_FEMALE_4 Operation=58 PlotIndex=801
mission CityName=LOC_CITY_NAME_KINGSTON CompletionTurn=212 EscapeResult=2 InitialResult=2 LevelAfter=1 LootInfo=-1 Name=LOC_CITIZEN_MAYA_MODERN_FEMALE_4 Operation=58 PlotIndex=1392
mission CityName=LOC_CITY_NAME_BOLOGNA CompletionTurn=212 EscapeResult=-1 InitialResult=5 LevelAfter=2 LootInfo=-1 Name=LOC_CITIZEN_MAYA_FEMALE_1 Operation=58 PlotIndex=1653
mission CityName=LOC_CITY_NAME_VICTORIA CompletionTurn=210 EscapeResult=1 InitialResult=2 LevelAfter=1 LootInfo=-1 Name=LOC_CITIZEN_MAYA_FEMALE_3 Operation=58 PlotIndex=889
mission CityName=LOC_CITY_NAME_SAINT_JOHN CompletionTurn=209 EscapeResult=2 InitialResult=4 LevelAfter=2 LootInfo=-1 Name=LOC_CITIZEN_MAYA_FEMALE_6 Operation=58 PlotIndex=1991
mission CityName=LOC_CITY_NAME_WINNIPEG CompletionTurn=209 EscapeResult=1 InitialResult=4 LevelAfter=2 LootInfo=-1 Name=LOC_CITIZEN_MAYA_MODERN_FEMALE_1 Operation=58 PlotIndex=1743
mission CityName=LOC_CITY_NAME_HALIFAX CompletionTurn=209 EscapeResult=-1 InitialResult=5 LevelAfter=2 LootInfo=-1 Name=LOC_CITIZEN_MAYA_MODERN_FEMALE_3 Operation=58 PlotIndex=1409
mission CityName=LOC_CITY_NAME_OTTAWA CompletionTurn=207 EscapeResult=2 InitialResult=2 LevelAfter=1 LootInfo=-1 Name=LOC_CITIZEN_MAYA_MODERN_MALE_10 Operation=58 PlotIndex=978
mission CityName=LOC_CITY_NAME_MONTREAL CompletionTurn=207 EscapeResult=-1 InitialResult=0 LevelAfter=1 LootInfo=-1 Name=LOC_CITIZEN_MAYA_MODERN_MALE_4 Operation=58 PlotIndex=1314
mission CityName=LOC_CITY_NAME_TORONTO CompletionTurn=207 EscapeResult=-1 InitialResult=1 LevelAfter=1 LootInfo=-1 Name=LOC_CITIZEN_MAYA_MODERN_MALE_6 Operation=58 PlotIndex=1818
mission CityName=LOC_CITY_NAME_QUEBEC_CITY CompletionTurn=207 EscapeResult=-1 InitialResult=1 LevelAfter=1 LootInfo=-1 Name=LOC_CITIZEN_MAYA_MALE_6 Operation=58 PlotIndex=1404
tally 6  FOMENT_UNREST CAPTURED / NO_RESULT
tally 6  FOMENT_UNREST FAIL_MUST_ESCAPE / CAPTURED
tally 8  FOMENT_UNREST FAIL_MUST_ESCAPE / FAIL_MUST_ESCAPE
tally 2  FOMENT_UNREST FAIL_MUST_ESCAPE / KILLED
tally 5  FOMENT_UNREST FAIL_UNDETECTED / NO_RESULT
tally 2  FOMENT_UNREST KILLED / NO_RESULT
tally 1  FOMENT_UNREST SUCCESS_MUST_ESCAPE / CAPTURED
tally 2  FOMENT_UNREST SUCCESS_MUST_ESCAPE / FAIL_MUST_ESCAPE
tally 12  FOMENT_UNREST SUCCESS_UNDETECTED / NO_RESULT
turn 242 spies active 2 idle 1 missions 44 captured-enemy 0
spy 8257544 LOC_CITIZEN_MAYA_MODERN_FEMALE_2 level 1 at 54:11 busy
spy 7667727 LOC_CITIZEN_MAYA_MALE_8 level 2 at 54:15 busy
spy 5701649 LOC_CITIZEN_MAYA_FEMALE_4 level 4 at 45:9 start
turn 242 spies 3 started 1 travelled 0 promoted 0 bought 0 gold 50000
unblock: blocker ENDTURN_BLOCKING_PRODUCTION -> TIKAL builds UNIT_WARRIOR | end turn requested
unstuck: InGamePopup: open, no close
unblock: blocker ENDTURN_BLOCKING_CIVIC -> civic CIVIC_MERCENARIES | end turn requested
unstuck: InGamePopup: open, no close
unblock: blocker ENDTURN_BLOCKING_WORLD_CONGRESS_SESSION -> nothing | end turn requested
unstuck: InGamePopup: open, no close
unstuck: WorldCongressIntro: closed
unstuck: WorldCongressPopup: closed
mission CityName=LOC_CITY_NAME_VANCOUVER CompletionTurn=242 EscapeResult=-1 InitialResult=5 LevelAfter=4 LootInfo=-1 Name=LOC_CITIZEN_MAYA_FEMALE_4 Operation=58 PlotIndex=801
mission CityName=LOC_CITY_NAME_OTTAWA CompletionTurn=239 EscapeResult=1 InitialResult=2 LevelAfter=1 LootInfo=-1 Name=LOC_CITIZEN_MAYA_MODERN_FEMALE_4 Operation=58 PlotIndex=978
mission CityName=LOC_CITY_NAME_VANCOUVER CompletionTurn=239 EscapeResult=-1 InitialResult=5 LevelAfter=4 LootInfo=-1 Name=LOC_CITIZEN_MAYA_FEMALE_4 Operation=58 PlotIndex=801
mission CityName=LOC_CITY_NAME_QUEBEC_CITY CompletionTurn=239 EscapeResult=1 InitialResult=2 LevelAfter=2 LootInfo=-1 Name=LOC_CITIZEN_MAYA_MODERN_MALE_10 Operation=58 PlotIndex=1404
mission CityName=LOC_CITY_NAME_MONTREAL CompletionTurn=238 EscapeResult=-1 InitialResult=5 LevelAfter=2 LootInfo=-1 Name=LOC_CITIZEN_MAYA_MALE_8 Operation=58 PlotIndex=1314
mission CityName=LOC_CITY_NAME_TORONTO CompletionTurn=237 EscapeResult=1 InitialResult=2 LevelAfter=2 LootInfo=-1 Name=LOC_CITIZEN_MAYA_MODERN_MALE_9 Operation=58 PlotIndex=1818
mission CityName=LOC_CITY_NAME_VANCOUVER CompletionTurn=236 EscapeResult=-1 InitialResult=5 LevelAfter=4 LootInfo=-1 Name=LOC_CITIZEN_MAYA_FEMALE_4 Operation=58 PlotIndex=801
mission CityName=LOC_CITY_NAME_MONTREAL CompletionTurn=234 EscapeResult=-1 InitialResult=3 LevelAfter=1 LootInfo=-1 Name=LOC_CITIZEN_MAYA_MALE_8 Operation=58 PlotIndex=1314
mission CityName=LOC_CITY_NAME_VICTORIA CompletionTurn=233 EscapeResult=-1 InitialResult=0 LevelAfter=1 LootInfo=-1 Name=LOC_CITIZEN_MAYA_MODERN_FEMALE_5 Operation=58 PlotIndex=889
mission CityName=LOC_CITY_NAME_VANCOUVER CompletionTurn=233 EscapeResult=-1 InitialResult=5 LevelAfter=4 LootInfo=-1 Name=LOC_CITIZEN_MAYA_FEMALE_4 Operation=58 PlotIndex=801
mission CityName=LOC_CITY_NAME_VANCOUVER CompletionTurn=230 EscapeResult=-1 InitialResult=5 LevelAfter=4 LootInfo=-1 Name=LOC_CITIZEN_MAYA_FEMALE_4 Operation=58 PlotIndex=801
mission CityName=LOC_CITY_NAME_VICTORIA CompletionTurn=229 EscapeResult=-1 InitialResult=3 LevelAfter=1 LootInfo=-1 Name=LOC_CITIZEN_MAYA_MODERN_FEMALE_5 Operation=58 PlotIndex=889
mission CityName=LOC_CITY_NAME_OTTAWA CompletionTurn=229 EscapeResult=2 InitialResult=4 LevelAfter=2 LootInfo=-1 Name=LOC_CITIZEN_MAYA_MODERN_MALE_10 Operation=58 PlotIndex=978
mission CityName=LOC_CITY_NAME_QUEBEC_CITY CompletionTurn=229 EscapeResult=2 InitialResult=2 LevelAfter=1 LootInfo=-1 Name=LOC_CITIZEN_MAYA_MODERN_FEMALE_4 Operation=58 PlotIndex=1404
mission CityName=LOC_CITY_NAME_TORONTO CompletionTurn=229 EscapeResult=2 InitialResult=2 LevelAfter=2 LootInfo=-1 Name=LOC_CITIZEN_MAYA_MODERN_MALE_9 Operation=58 PlotIndex=1818
mission CityName=LOC_CITY_NAME_SAINT_JOHN CompletionTurn=227 EscapeResult=2 InitialResult=2 LevelAfter=1 LootInfo=-1 Name=LOC_CITIZEN_MAYA_MALE_8 Operation=58 PlotIndex=1991
mission CityName=LOC_CITY_NAME_OTTAWA CompletionTurn=225 EscapeResult=-1 InitialResult=3 LevelAfter=1 LootInfo=-1 Name=LOC_CITIZEN_MAYA_MODERN_MALE_10 Operation=58 PlotIndex=978
mission CityName=LOC_CITY_NAME_VANCOUVER CompletionTurn=225 EscapeResult=-1 InitialResult=5 LevelAfter=4 LootInfo=-1 Name=LOC_CITIZEN_MAYA_FEMALE_4 Operation=58 PlotIndex=801
mission CityName=LOC_CITY_NAME_QUEBEC_CITY CompletionTurn=225 EscapeResult=-1 InitialResult=3 LevelAfter=1 LootInfo=-1 Name=LOC_CITIZEN_MAYA_MODERN_FEMALE_4 Operation=58 PlotIndex=1404
mission CityName=LOC_CITY_NAME_HALIFAX CompletionTurn=224 EscapeResult=-1 InitialResult=1 LevelAfter=2 LootInfo=-1 Name=LOC_CITIZEN_MAYA_MODERN_FEMALE_3 Operation=58 PlotIndex=1409
mission CityName=LOC_CITY_NAME_MONTREAL CompletionTurn=223 EscapeResult=1 InitialResult=2 LevelAfter=1 LootInfo=-1 Name=LOC_CITIZEN_MAYA_MALE_5 Operation=58 PlotIndex=1314
mission CityName=LOC_CITY_NAME_SAINT_JOHN CompletionTurn=223 EscapeResult=-1 InitialResult=1 LevelAfter=2 LootInfo=-1 Name=LOC_CITIZEN_MAYA_FEMALE_6 Operation=58 PlotIndex=1991
mission CityName=LOC_CITY_NAME_TORONTO CompletionTurn=223 EscapeResult=-1 InitialResult=5 LevelAfter=2 LootInfo=-1 Name=LOC_CITIZEN_MAYA_MODERN_MALE_9 Operation=58 PlotIndex=1818
mission CityName=LOC_CITY_NAME_OTTAWA CompletionTurn=219 EscapeResult=-1 InitialResult=1 LevelAfter=1 LootInfo=-1 Name=LOC_CITIZEN_MAYA_MODERN_FEMALE_7 Operation=58 PlotIndex=978
mission CityName=LOC_CITY_NAME_VANCOUVER CompletionTurn=218 EscapeResult=-1 InitialResult=5 LevelAfter=3 LootInfo=-1 Name=LOC_CITIZEN_MAYA_FEMALE_4 Operation=58 PlotIndex=801
mission CityName=LOC_CITY_NAME_BOLOGNA CompletionTurn=218 EscapeResult=1 InitialResult=2 LevelAfter=2 LootInfo=-1 Name=LOC_CITIZEN_MAYA_FEMALE_1 Operation=58 PlotIndex=1653
mission CityName=LOC_CITY_NAME_SAINT_JOHN CompletionTurn=217 EscapeResult=-1 InitialResult=3 LevelAfter=1 LootInfo=-1 Name=LOC_CITIZEN_MAYA_MALE_8 Operation=58 PlotIndex=1991
mission CityName=LOC_CITY_NAME_VICTORIA CompletionTurn=215 EscapeResult=0 InitialResult=2 LevelAfter=1 LootInfo=-1 Name=LOC_CITIZEN_MAYA_MODERN_MALE_1 Operation=58 PlotIndex=889
mission CityName=LOC_CITY_NAME_HALIFAX CompletionTurn=215 EscapeResult=2 InitialResult=2 LevelAfter=2 LootInfo=-1 Name=LOC_CITIZEN_MAYA_MODERN_FEMALE_3 Operation=58 PlotIndex=1409
mission CityName=LOC_CITY_NAME_OTTAWA CompletionTurn=214 EscapeResult=2 InitialResult=2 LevelAfter=1 LootInfo=-1 Name=LOC_CITIZEN_MAYA_MODERN_MALE_10 Operation=58 PlotIndex=978
mission CityName=LOC_CITY_NAME_MONTREAL CompletionTurn=213 EscapeResult=-1 InitialResult=1 LevelAfter=1 LootInfo=-1 Name=LOC_CITIZEN_MAYA_MALE_2 Operation=58 PlotIndex=1314
mission CityName=LOC_CITY_NAME_TORONTO CompletionTurn=213 EscapeResult=2 InitialResult=2 LevelAfter=1 LootInfo=-1 Name=LOC_CITIZEN_MAYA_MODERN_MALE_9 Operation=58 PlotIndex=1818
mission CityName=LOC_CITY_NAME_QUEBEC_CITY CompletionTurn=213 EscapeResult=0 InitialResult=2 LevelAfter=1 LootInfo=-1 Name=LOC_CITIZEN_MAYA_FEMALE_7 Operation=58 PlotIndex=1404
mission CityName=LOC_CITY_NAME_VANCOUVER CompletionTurn=212 EscapeResult=-1 InitialResult=5 LevelAfter=2 LootInfo=-1 Name=LOC_CITIZEN_MAYA_FEMALE_4 Operation=58 PlotIndex=801
mission CityName=LOC_CITY_NAME_KINGSTON CompletionTurn=212 EscapeResult=2 InitialResult=2 LevelAfter=1 LootInfo=-1 Name=LOC_CITIZEN_MAYA_MODERN_FEMALE_4 Operation=58 PlotIndex=1392
mission CityName=LOC_CITY_NAME_BOLOGNA CompletionTurn=212 EscapeResult=-1 InitialResult=5 LevelAfter=2 LootInfo=-1 Name=LOC_CITIZEN_MAYA_FEMALE_1 Operation=58 PlotIndex=1653
mission CityName=LOC_CITY_NAME_VICTORIA CompletionTurn=210 EscapeResult=1 InitialResult=2 LevelAfter=1 LootInfo=-1 Name=LOC_CITIZEN_MAYA_FEMALE_3 Operation=58 PlotIndex=889
mission CityName=LOC_CITY_NAME_SAINT_JOHN CompletionTurn=209 EscapeResult=2 InitialResult=4 LevelAfter=2 LootInfo=-1 Name=LOC_CITIZEN_MAYA_FEMALE_6 Operation=58 PlotIndex=1991
mission CityName=LOC_CITY_NAME_WINNIPEG CompletionTurn=209 EscapeResult=1 InitialResult=4 LevelAfter=2 LootInfo=-1 Name=LOC_CITIZEN_MAYA_MODERN_FEMALE_1 Operation=58 PlotIndex=1743
mission CityName=LOC_CITY_NAME_HALIFAX CompletionTurn=209 EscapeResult=-1 InitialResult=5 LevelAfter=2 LootInfo=-1 Name=LOC_CITIZEN_MAYA_MODERN_FEMALE_3 Operation=58 PlotIndex=1409
mission CityName=LOC_CITY_NAME_OTTAWA CompletionTurn=207 EscapeResult=2 InitialResult=2 LevelAfter=1 LootInfo=-1 Name=LOC_CITIZEN_MAYA_MODERN_MALE_10 Operation=58 PlotIndex=978
mission CityName=LOC_CITY_NAME_MONTREAL CompletionTurn=207 EscapeResult=-1 InitialResult=0 LevelAfter=1 LootInfo=-1 Name=LOC_CITIZEN_MAYA_MODERN_MALE_4 Operation=58 PlotIndex=1314
mission CityName=LOC_CITY_NAME_TORONTO CompletionTurn=207 EscapeResult=-1 InitialResult=1 LevelAfter=1 LootInfo=-1 Name=LOC_CITIZEN_MAYA_MODERN_MALE_6 Operation=58 PlotIndex=1818
mission CityName=LOC_CITY_NAME_QUEBEC_CITY CompletionTurn=207 EscapeResult=-1 InitialResult=1 LevelAfter=1 LootInfo=-1 Name=LOC_CITIZEN_MAYA_MALE_6 Operation=58 PlotIndex=1404
tally 6  FOMENT_UNREST CAPTURED / NO_RESULT
tally 6  FOMENT_UNREST FAIL_MUST_ESCAPE / CAPTURED
tally 8  FOMENT_UNREST FAIL_MUST_ESCAPE / FAIL_MUST_ESCAPE
tally 2  FOMENT_UNREST FAIL_MUST_ESCAPE / KILLED
tally 5  FOMENT_UNREST FAIL_UNDETECTED / NO_RESULT
tally 2  FOMENT_UNREST KILLED / NO_RESULT
tally 1  FOMENT_UNREST SUCCESS_MUST_ESCAPE / CAPTURED
tally 2  FOMENT_UNREST SUCCESS_MUST_ESCAPE / FAIL_MUST_ESCAPE
tally 12  FOMENT_UNREST SUCCESS_UNDETECTED / NO_RESULT
turn 243 spies active 3 idle 0 missions 44 captured-enemy 0
spy 8257544 LOC_CITIZEN_MAYA_MODERN_FEMALE_2 level 1 at 54:11 busy
spy 7667727 LOC_CITIZEN_MAYA_MALE_8 level 2 at 54:15 busy
spy 5701649 LOC_CITIZEN_MAYA_FEMALE_4 level 4 at 45:9 busy
turn 243 spies 3 started 0 travelled 0 promoted 0 bought 0 gold 50000
unblock: blocker ENDTURN_BLOCKING_CIVIC -> civic CIVIC_MERCENARIES | end turn requested
unstuck: InGamePopup: open, no close
unstuck: TechCivicCompletedPopup: closed
unblock: blocker ENDTURN_BLOCKING_RESEARCH -> research TECH_MASS_PRODUCTION | end turn requested
unstuck: InGamePopup: open, no close
mission CityName=LOC_CITY_NAME_VANCOUVER CompletionTurn=242 EscapeResult=-1 InitialResult=5 LevelAfter=4 LootInfo=-1 Name=LOC_CITIZEN_MAYA_FEMALE_4 Operation=58 PlotIndex=801
mission CityName=LOC_CITY_NAME_OTTAWA CompletionTurn=239 EscapeResult=1 InitialResult=2 LevelAfter=1 LootInfo=-1 Name=LOC_CITIZEN_MAYA_MODERN_FEMALE_4 Operation=58 PlotIndex=978
mission CityName=LOC_CITY_NAME_VANCOUVER CompletionTurn=239 EscapeResult=-1 InitialResult=5 LevelAfter=4 LootInfo=-1 Name=LOC_CITIZEN_MAYA_FEMALE_4 Operation=58 PlotIndex=801
mission CityName=LOC_CITY_NAME_QUEBEC_CITY CompletionTurn=239 EscapeResult=1 InitialResult=2 LevelAfter=2 LootInfo=-1 Name=LOC_CITIZEN_MAYA_MODERN_MALE_10 Operation=58 PlotIndex=1404
mission CityName=LOC_CITY_NAME_MONTREAL CompletionTurn=238 EscapeResult=-1 InitialResult=5 LevelAfter=2 LootInfo=-1 Name=LOC_CITIZEN_MAYA_MALE_8 Operation=58 PlotIndex=1314
mission CityName=LOC_CITY_NAME_TORONTO CompletionTurn=237 EscapeResult=1 InitialResult=2 LevelAfter=2 LootInfo=-1 Name=LOC_CITIZEN_MAYA_MODERN_MALE_9 Operation=58 PlotIndex=1818
mission CityName=LOC_CITY_NAME_VANCOUVER CompletionTurn=236 EscapeResult=-1 InitialResult=5 LevelAfter=4 LootInfo=-1 Name=LOC_CITIZEN_MAYA_FEMALE_4 Operation=58 PlotIndex=801
mission CityName=LOC_CITY_NAME_MONTREAL CompletionTurn=234 EscapeResult=-1 InitialResult=3 LevelAfter=1 LootInfo=-1 Name=LOC_CITIZEN_MAYA_MALE_8 Operation=58 PlotIndex=1314
mission CityName=LOC_CITY_NAME_VICTORIA CompletionTurn=233 EscapeResult=-1 InitialResult=0 LevelAfter=1 LootInfo=-1 Name=LOC_CITIZEN_MAYA_MODERN_FEMALE_5 Operation=58 PlotIndex=889
mission CityName=LOC_CITY_NAME_VANCOUVER CompletionTurn=233 EscapeResult=-1 InitialResult=5 LevelAfter=4 LootInfo=-1 Name=LOC_CITIZEN_MAYA_FEMALE_4 Operation=58 PlotIndex=801
mission CityName=LOC_CITY_NAME_VANCOUVER CompletionTurn=230 EscapeResult=-1 InitialResult=5 LevelAfter=4 LootInfo=-1 Name=LOC_CITIZEN_MAYA_FEMALE_4 Operation=58 PlotIndex=801
mission CityName=LOC_CITY_NAME_VICTORIA CompletionTurn=229 EscapeResult=-1 InitialResult=3 LevelAfter=1 LootInfo=-1 Name=LOC_CITIZEN_MAYA_MODERN_FEMALE_5 Operation=58 PlotIndex=889
mission CityName=LOC_CITY_NAME_OTTAWA CompletionTurn=229 EscapeResult=2 InitialResult=4 LevelAfter=2 LootInfo=-1 Name=LOC_CITIZEN_MAYA_MODERN_MALE_10 Operation=58 PlotIndex=978
mission CityName=LOC_CITY_NAME_QUEBEC_CITY CompletionTurn=229 EscapeResult=2 InitialResult=2 LevelAfter=1 LootInfo=-1 Name=LOC_CITIZEN_MAYA_MODERN_FEMALE_4 Operation=58 PlotIndex=1404
mission CityName=LOC_CITY_NAME_TORONTO CompletionTurn=229 EscapeResult=2 InitialResult=2 LevelAfter=2 LootInfo=-1 Name=LOC_CITIZEN_MAYA_MODERN_MALE_9 Operation=58 PlotIndex=1818
mission CityName=LOC_CITY_NAME_SAINT_JOHN CompletionTurn=227 EscapeResult=2 InitialResult=2 LevelAfter=1 LootInfo=-1 Name=LOC_CITIZEN_MAYA_MALE_8 Operation=58 PlotIndex=1991
mission CityName=LOC_CITY_NAME_OTTAWA CompletionTurn=225 EscapeResult=-1 InitialResult=3 LevelAfter=1 LootInfo=-1 Name=LOC_CITIZEN_MAYA_MODERN_MALE_10 Operation=58 PlotIndex=978
mission CityName=LOC_CITY_NAME_VANCOUVER CompletionTurn=225 EscapeResult=-1 InitialResult=5 LevelAfter=4 LootInfo=-1 Name=LOC_CITIZEN_MAYA_FEMALE_4 Operation=58 PlotIndex=801
mission CityName=LOC_CITY_NAME_QUEBEC_CITY CompletionTurn=225 EscapeResult=-1 InitialResult=3 LevelAfter=1 LootInfo=-1 Name=LOC_CITIZEN_MAYA_MODERN_FEMALE_4 Operation=58 PlotIndex=1404
mission CityName=LOC_CITY_NAME_HALIFAX CompletionTurn=224 EscapeResult=-1 InitialResult=1 LevelAfter=2 LootInfo=-1 Name=LOC_CITIZEN_MAYA_MODERN_FEMALE_3 Operation=58 PlotIndex=1409
mission CityName=LOC_CITY_NAME_MONTREAL CompletionTurn=223 EscapeResult=1 InitialResult=2 LevelAfter=1 LootInfo=-1 Name=LOC_CITIZEN_MAYA_MALE_5 Operation=58 PlotIndex=1314
mission CityName=LOC_CITY_NAME_SAINT_JOHN CompletionTurn=223 EscapeResult=-1 InitialResult=1 LevelAfter=2 LootInfo=-1 Name=LOC_CITIZEN_MAYA_FEMALE_6 Operation=58 PlotIndex=1991
mission CityName=LOC_CITY_NAME_TORONTO CompletionTurn=223 EscapeResult=-1 InitialResult=5 LevelAfter=2 LootInfo=-1 Name=LOC_CITIZEN_MAYA_MODERN_MALE_9 Operation=58 PlotIndex=1818
mission CityName=LOC_CITY_NAME_OTTAWA CompletionTurn=219 EscapeResult=-1 InitialResult=1 LevelAfter=1 LootInfo=-1 Name=LOC_CITIZEN_MAYA_MODERN_FEMALE_7 Operation=58 PlotIndex=978
mission CityName=LOC_CITY_NAME_VANCOUVER CompletionTurn=218 EscapeResult=-1 InitialResult=5 LevelAfter=3 LootInfo=-1 Name=LOC_CITIZEN_MAYA_FEMALE_4 Operation=58 PlotIndex=801
mission CityName=LOC_CITY_NAME_BOLOGNA CompletionTurn=218 EscapeResult=1 InitialResult=2 LevelAfter=2 LootInfo=-1 Name=LOC_CITIZEN_MAYA_FEMALE_1 Operation=58 PlotIndex=1653
mission CityName=LOC_CITY_NAME_SAINT_JOHN CompletionTurn=217 EscapeResult=-1 InitialResult=3 LevelAfter=1 LootInfo=-1 Name=LOC_CITIZEN_MAYA_MALE_8 Operation=58 PlotIndex=1991
mission CityName=LOC_CITY_NAME_VICTORIA CompletionTurn=215 EscapeResult=0 InitialResult=2 LevelAfter=1 LootInfo=-1 Name=LOC_CITIZEN_MAYA_MODERN_MALE_1 Operation=58 PlotIndex=889
mission CityName=LOC_CITY_NAME_HALIFAX CompletionTurn=215 EscapeResult=2 InitialResult=2 LevelAfter=2 LootInfo=-1 Name=LOC_CITIZEN_MAYA_MODERN_FEMALE_3 Operation=58 PlotIndex=1409
mission CityName=LOC_CITY_NAME_OTTAWA CompletionTurn=214 EscapeResult=2 InitialResult=2 LevelAfter=1 LootInfo=-1 Name=LOC_CITIZEN_MAYA_MODERN_MALE_10 Operation=58 PlotIndex=978
mission CityName=LOC_CITY_NAME_MONTREAL CompletionTurn=213 EscapeResult=-1 InitialResult=1 LevelAfter=1 LootInfo=-1 Name=LOC_CITIZEN_MAYA_MALE_2 Operation=58 PlotIndex=1314
mission CityName=LOC_CITY_NAME_TORONTO CompletionTurn=213 EscapeResult=2 InitialResult=2 LevelAfter=1 LootInfo=-1 Name=LOC_CITIZEN_MAYA_MODERN_MALE_9 Operation=58 PlotIndex=1818
mission CityName=LOC_CITY_NAME_QUEBEC_CITY CompletionTurn=213 EscapeResult=0 InitialResult=2 LevelAfter=1 LootInfo=-1 Name=LOC_CITIZEN_MAYA_FEMALE_7 Operation=58 PlotIndex=1404
mission CityName=LOC_CITY_NAME_VANCOUVER CompletionTurn=212 EscapeResult=-1 InitialResult=5 LevelAfter=2 LootInfo=-1 Name=LOC_CITIZEN_MAYA_FEMALE_4 Operation=58 PlotIndex=801
mission CityName=LOC_CITY_NAME_KINGSTON CompletionTurn=212 EscapeResult=2 InitialResult=2 LevelAfter=1 LootInfo=-1 Name=LOC_CITIZEN_MAYA_MODERN_FEMALE_4 Operation=58 PlotIndex=1392
mission CityName=LOC_CITY_NAME_BOLOGNA CompletionTurn=212 EscapeResult=-1 InitialResult=5 LevelAfter=2 LootInfo=-1 Name=LOC_CITIZEN_MAYA_FEMALE_1 Operation=58 PlotIndex=1653
mission CityName=LOC_CITY_NAME_VICTORIA CompletionTurn=210 EscapeResult=1 InitialResult=2 LevelAfter=1 LootInfo=-1 Name=LOC_CITIZEN_MAYA_FEMALE_3 Operation=58 PlotIndex=889
mission CityName=LOC_CITY_NAME_SAINT_JOHN CompletionTurn=209 EscapeResult=2 InitialResult=4 LevelAfter=2 LootInfo=-1 Name=LOC_CITIZEN_MAYA_FEMALE_6 Operation=58 PlotIndex=1991
mission CityName=LOC_CITY_NAME_WINNIPEG CompletionTurn=209 EscapeResult=1 InitialResult=4 LevelAfter=2 LootInfo=-1 Name=LOC_CITIZEN_MAYA_MODERN_FEMALE_1 Operation=58 PlotIndex=1743
mission CityName=LOC_CITY_NAME_HALIFAX CompletionTurn=209 EscapeResult=-1 InitialResult=5 LevelAfter=2 LootInfo=-1 Name=LOC_CITIZEN_MAYA_MODERN_FEMALE_3 Operation=58 PlotIndex=1409
mission CityName=LOC_CITY_NAME_OTTAWA CompletionTurn=207 EscapeResult=2 InitialResult=2 LevelAfter=1 LootInfo=-1 Name=LOC_CITIZEN_MAYA_MODERN_MALE_10 Operation=58 PlotIndex=978
mission CityName=LOC_CITY_NAME_MONTREAL CompletionTurn=207 EscapeResult=-1 InitialResult=0 LevelAfter=1 LootInfo=-1 Name=LOC_CITIZEN_MAYA_MODERN_MALE_4 Operation=58 PlotIndex=1314
mission CityName=LOC_CITY_NAME_TORONTO CompletionTurn=207 EscapeResult=-1 InitialResult=1 LevelAfter=1 LootInfo=-1 Name=LOC_CITIZEN_MAYA_MODERN_MALE_6 Operation=58 PlotIndex=1818
mission CityName=LOC_CITY_NAME_QUEBEC_CITY CompletionTurn=207 EscapeResult=-1 InitialResult=1 LevelAfter=1 LootInfo=-1 Name=LOC_CITIZEN_MAYA_MALE_6 Operation=58 PlotIndex=1404
tally 6  FOMENT_UNREST CAPTURED / NO_RESULT
tally 6  FOMENT_UNREST FAIL_MUST_ESCAPE / CAPTURED
tally 8  FOMENT_UNREST FAIL_MUST_ESCAPE / FAIL_MUST_ESCAPE
tally 2  FOMENT_UNREST FAIL_MUST_ESCAPE / KILLED
tally 5  FOMENT_UNREST FAIL_UNDETECTED / NO_RESULT
tally 2  FOMENT_UNREST KILLED / NO_RESULT
tally 1  FOMENT_UNREST SUCCESS_MUST_ESCAPE / CAPTURED
tally 2  FOMENT_UNREST SUCCESS_MUST_ESCAPE / FAIL_MUST_ESCAPE
tally 12  FOMENT_UNREST SUCCESS_UNDETECTED / NO_RESULT
turn 244 spies active 3 idle 0 missions 44 captured-enemy 0
spy 7667727 LOC_CITIZEN_MAYA_MALE_8 level 2 at 54:15 start
spy 5701649 LOC_CITIZEN_MAYA_FEMALE_4 level 4 at 45:9 busy
turn 244 spies 2 started 1 travelled 0 promoted 0 bought 2 gold 50000
unblock: blocker ENDTURN_BLOCKING_RESEARCH -> research TECH_MASS_PRODUCTION | end turn requested
unstuck: InGamePopup: open, no close
unstuck: TechCivicCompletedPopup: closed
unblock: blocker ENDTURN_BLOCKING_PRODUCTION -> TIKAL builds UNIT_WARRIOR | end turn requested
unstuck: InGamePopup: open, no close
unblock: blocker ENDTURN_BLOCKING_PRODUCTION -> TIKAL builds UNIT_WARRIOR | end turn requested
unstuck: InGamePopup: open, no close
mission CityName=LOC_CITY_NAME_VANCOUVER CompletionTurn=245 EscapeResult=-1 InitialResult=5 LevelAfter=4 LootInfo=-1 Name=LOC_CITIZEN_MAYA_FEMALE_4 Operation=58 PlotIndex=801
mission CityName=LOC_CITY_NAME_MONTREAL CompletionTurn=244 EscapeResult=-1 InitialResult=3 LevelAfter=2 LootInfo=-1 Name=LOC_CITIZEN_MAYA_MALE_8 Operation=58 PlotIndex=1314
mission CityName=LOC_CITY_NAME_OTTAWA CompletionTurn=244 EscapeResult=-1 InitialResult=0 LevelAfter=1 LootInfo=-1 Name=LOC_CITIZEN_MAYA_MODERN_FEMALE_2 Operation=58 PlotIndex=978
mission CityName=LOC_CITY_NAME_VANCOUVER CompletionTurn=242 EscapeResult=-1 InitialResult=5 LevelAfter=4 LootInfo=-1 Name=LOC_CITIZEN_MAYA_FEMALE_4 Operation=58 PlotIndex=801
mission CityName=LOC_CITY_NAME_OTTAWA CompletionTurn=239 EscapeResult=1 InitialResult=2 LevelAfter=1 LootInfo=-1 Name=LOC_CITIZEN_MAYA_MODERN_FEMALE_4 Operation=58 PlotIndex=978
mission CityName=LOC_CITY_NAME_VANCOUVER CompletionTurn=239 EscapeResult=-1 InitialResult=5 LevelAfter=4 LootInfo=-1 Name=LOC_CITIZEN_MAYA_FEMALE_4 Operation=58 PlotIndex=801
mission CityName=LOC_CITY_NAME_QUEBEC_CITY CompletionTurn=239 EscapeResult=1 InitialResult=2 LevelAfter=2 LootInfo=-1 Name=LOC_CITIZEN_MAYA_MODERN_MALE_10 Operation=58 PlotIndex=1404
mission CityName=LOC_CITY_NAME_MONTREAL CompletionTurn=238 EscapeResult=-1 InitialResult=5 LevelAfter=2 LootInfo=-1 Name=LOC_CITIZEN_MAYA_MALE_8 Operation=58 PlotIndex=1314
mission CityName=LOC_CITY_NAME_TORONTO CompletionTurn=237 EscapeResult=1 InitialResult=2 LevelAfter=2 LootInfo=-1 Name=LOC_CITIZEN_MAYA_MODERN_MALE_9 Operation=58 PlotIndex=1818
mission CityName=LOC_CITY_NAME_VANCOUVER CompletionTurn=236 EscapeResult=-1 InitialResult=5 LevelAfter=4 LootInfo=-1 Name=LOC_CITIZEN_MAYA_FEMALE_4 Operation=58 PlotIndex=801
mission CityName=LOC_CITY_NAME_MONTREAL CompletionTurn=234 EscapeResult=-1 InitialResult=3 LevelAfter=1 LootInfo=-1 Name=LOC_CITIZEN_MAYA_MALE_8 Operation=58 PlotIndex=1314
mission CityName=LOC_CITY_NAME_VICTORIA CompletionTurn=233 EscapeResult=-1 InitialResult=0 LevelAfter=1 LootInfo=-1 Name=LOC_CITIZEN_MAYA_MODERN_FEMALE_5 Operation=58 PlotIndex=889
mission CityName=LOC_CITY_NAME_VANCOUVER CompletionTurn=233 EscapeResult=-1 InitialResult=5 LevelAfter=4 LootInfo=-1 Name=LOC_CITIZEN_MAYA_FEMALE_4 Operation=58 PlotIndex=801
mission CityName=LOC_CITY_NAME_VANCOUVER CompletionTurn=230 EscapeResult=-1 InitialResult=5 LevelAfter=4 LootInfo=-1 Name=LOC_CITIZEN_MAYA_FEMALE_4 Operation=58 PlotIndex=801
mission CityName=LOC_CITY_NAME_VICTORIA CompletionTurn=229 EscapeResult=-1 InitialResult=3 LevelAfter=1 LootInfo=-1 Name=LOC_CITIZEN_MAYA_MODERN_FEMALE_5 Operation=58 PlotIndex=889
mission CityName=LOC_CITY_NAME_OTTAWA CompletionTurn=229 EscapeResult=2 InitialResult=4 LevelAfter=2 LootInfo=-1 Name=LOC_CITIZEN_MAYA_MODERN_MALE_10 Operation=58 PlotIndex=978
mission CityName=LOC_CITY_NAME_QUEBEC_CITY CompletionTurn=229 EscapeResult=2 InitialResult=2 LevelAfter=1 LootInfo=-1 Name=LOC_CITIZEN_MAYA_MODERN_FEMALE_4 Operation=58 PlotIndex=1404
mission CityName=LOC_CITY_NAME_TORONTO CompletionTurn=229 EscapeResult=2 InitialResult=2 LevelAfter=2 LootInfo=-1 Name=LOC_CITIZEN_MAYA_MODERN_MALE_9 Operation=58 PlotIndex=1818
mission CityName=LOC_CITY_NAME_SAINT_JOHN CompletionTurn=227 EscapeResult=2 InitialResult=2 LevelAfter=1 LootInfo=-1 Name=LOC_CITIZEN_MAYA_MALE_8 Operation=58 PlotIndex=1991
mission CityName=LOC_CITY_NAME_OTTAWA CompletionTurn=225 EscapeResult=-1 InitialResult=3 LevelAfter=1 LootInfo=-1 Name=LOC_CITIZEN_MAYA_MODERN_MALE_10 Operation=58 PlotIndex=978
mission CityName=LOC_CITY_NAME_VANCOUVER CompletionTurn=225 EscapeResult=-1 InitialResult=5 LevelAfter=4 LootInfo=-1 Name=LOC_CITIZEN_MAYA_FEMALE_4 Operation=58 PlotIndex=801
mission CityName=LOC_CITY_NAME_QUEBEC_CITY CompletionTurn=225 EscapeResult=-1 InitialResult=3 LevelAfter=1 LootInfo=-1 Name=LOC_CITIZEN_MAYA_MODERN_FEMALE_4 Operation=58 PlotIndex=1404
mission CityName=LOC_CITY_NAME_HALIFAX CompletionTurn=224 EscapeResult=-1 InitialResult=1 LevelAfter=2 LootInfo=-1 Name=LOC_CITIZEN_MAYA_MODERN_FEMALE_3 Operation=58 PlotIndex=1409
mission CityName=LOC_CITY_NAME_MONTREAL CompletionTurn=223 EscapeResult=1 InitialResult=2 LevelAfter=1 LootInfo=-1 Name=LOC_CITIZEN_MAYA_MALE_5 Operation=58 PlotIndex=1314
mission CityName=LOC_CITY_NAME_SAINT_JOHN CompletionTurn=223 EscapeResult=-1 InitialResult=1 LevelAfter=2 LootInfo=-1 Name=LOC_CITIZEN_MAYA_FEMALE_6 Operation=58 PlotIndex=1991
mission CityName=LOC_CITY_NAME_TORONTO CompletionTurn=223 EscapeResult=-1 InitialResult=5 LevelAfter=2 LootInfo=-1 Name=LOC_CITIZEN_MAYA_MODERN_MALE_9 Operation=58 PlotIndex=1818
mission CityName=LOC_CITY_NAME_OTTAWA CompletionTurn=219 EscapeResult=-1 InitialResult=1 LevelAfter=1 LootInfo=-1 Name=LOC_CITIZEN_MAYA_MODERN_FEMALE_7 Operation=58 PlotIndex=978
mission CityName=LOC_CITY_NAME_VANCOUVER CompletionTurn=218 EscapeResult=-1 InitialResult=5 LevelAfter=3 LootInfo=-1 Name=LOC_CITIZEN_MAYA_FEMALE_4 Operation=58 PlotIndex=801
mission CityName=LOC_CITY_NAME_BOLOGNA CompletionTurn=218 EscapeResult=1 InitialResult=2 LevelAfter=2 LootInfo=-1 Name=LOC_CITIZEN_MAYA_FEMALE_1 Operation=58 PlotIndex=1653
mission CityName=LOC_CITY_NAME_SAINT_JOHN CompletionTurn=217 EscapeResult=-1 InitialResult=3 LevelAfter=1 LootInfo=-1 Name=LOC_CITIZEN_MAYA_MALE_8 Operation=58 PlotIndex=1991
mission CityName=LOC_CITY_NAME_VICTORIA CompletionTurn=215 EscapeResult=0 InitialResult=2 LevelAfter=1 LootInfo=-1 Name=LOC_CITIZEN_MAYA_MODERN_MALE_1 Operation=58 PlotIndex=889
mission CityName=LOC_CITY_NAME_HALIFAX CompletionTurn=215 EscapeResult=2 InitialResult=2 LevelAfter=2 LootInfo=-1 Name=LOC_CITIZEN_MAYA_MODERN_FEMALE_3 Operation=58 PlotIndex=1409
mission CityName=LOC_CITY_NAME_OTTAWA CompletionTurn=214 EscapeResult=2 InitialResult=2 LevelAfter=1 LootInfo=-1 Name=LOC_CITIZEN_MAYA_MODERN_MALE_10 Operation=58 PlotIndex=978
mission CityName=LOC_CITY_NAME_MONTREAL CompletionTurn=213 EscapeResult=-1 InitialResult=1 LevelAfter=1 LootInfo=-1 Name=LOC_CITIZEN_MAYA_MALE_2 Operation=58 PlotIndex=1314
mission CityName=LOC_CITY_NAME_TORONTO CompletionTurn=213 EscapeResult=2 InitialResult=2 LevelAfter=1 LootInfo=-1 Name=LOC_CITIZEN_MAYA_MODERN_MALE_9 Operation=58 PlotIndex=1818
mission CityName=LOC_CITY_NAME_QUEBEC_CITY CompletionTurn=213 EscapeResult=0 InitialResult=2 LevelAfter=1 LootInfo=-1 Name=LOC_CITIZEN_MAYA_FEMALE_7 Operation=58 PlotIndex=1404
mission CityName=LOC_CITY_NAME_VANCOUVER CompletionTurn=212 EscapeResult=-1 InitialResult=5 LevelAfter=2 LootInfo=-1 Name=LOC_CITIZEN_MAYA_FEMALE_4 Operation=58 PlotIndex=801
mission CityName=LOC_CITY_NAME_KINGSTON CompletionTurn=212 EscapeResult=2 InitialResult=2 LevelAfter=1 LootInfo=-1 Name=LOC_CITIZEN_MAYA_MODERN_FEMALE_4 Operation=58 PlotIndex=1392
mission CityName=LOC_CITY_NAME_BOLOGNA CompletionTurn=212 EscapeResult=-1 InitialResult=5 LevelAfter=2 LootInfo=-1 Name=LOC_CITIZEN_MAYA_FEMALE_1 Operation=58 PlotIndex=1653
mission CityName=LOC_CITY_NAME_VICTORIA CompletionTurn=210 EscapeResult=1 InitialResult=2 LevelAfter=1 LootInfo=-1 Name=LOC_CITIZEN_MAYA_FEMALE_3 Operation=58 PlotIndex=889
mission CityName=LOC_CITY_NAME_SAINT_JOHN CompletionTurn=209 EscapeResult=2 InitialResult=4 LevelAfter=2 LootInfo=-1 Name=LOC_CITIZEN_MAYA_FEMALE_6 Operation=58 PlotIndex=1991
mission CityName=LOC_CITY_NAME_WINNIPEG CompletionTurn=209 EscapeResult=1 InitialResult=4 LevelAfter=2 LootInfo=-1 Name=LOC_CITIZEN_MAYA_MODERN_FEMALE_1 Operation=58 PlotIndex=1743
mission CityName=LOC_CITY_NAME_HALIFAX CompletionTurn=209 EscapeResult=-1 InitialResult=5 LevelAfter=2 LootInfo=-1 Name=LOC_CITIZEN_MAYA_MODERN_FEMALE_3 Operation=58 PlotIndex=1409
mission CityName=LOC_CITY_NAME_OTTAWA CompletionTurn=207 EscapeResult=2 InitialResult=2 LevelAfter=1 LootInfo=-1 Name=LOC_CITIZEN_MAYA_MODERN_MALE_10 Operation=58 PlotIndex=978
mission CityName=LOC_CITY_NAME_MONTREAL CompletionTurn=207 EscapeResult=-1 InitialResult=0 LevelAfter=1 LootInfo=-1 Name=LOC_CITIZEN_MAYA_MODERN_MALE_4 Operation=58 PlotIndex=1314
mission CityName=LOC_CITY_NAME_TORONTO CompletionTurn=207 EscapeResult=-1 InitialResult=1 LevelAfter=1 LootInfo=-1 Name=LOC_CITIZEN_MAYA_MODERN_MALE_6 Operation=58 PlotIndex=1818
mission CityName=LOC_CITY_NAME_QUEBEC_CITY CompletionTurn=207 EscapeResult=-1 InitialResult=1 LevelAfter=1 LootInfo=-1 Name=LOC_CITIZEN_MAYA_MALE_6 Operation=58 PlotIndex=1404
tally 6  FOMENT_UNREST CAPTURED / NO_RESULT
tally 6  FOMENT_UNREST FAIL_MUST_ESCAPE / CAPTURED
tally 8  FOMENT_UNREST FAIL_MUST_ESCAPE / FAIL_MUST_ESCAPE
tally 2  FOMENT_UNREST FAIL_MUST_ESCAPE / KILLED
tally 6  FOMENT_UNREST FAIL_UNDETECTED / NO_RESULT
tally 3  FOMENT_UNREST KILLED / NO_RESULT
tally 1  FOMENT_UNREST SUCCESS_MUST_ESCAPE / CAPTURED
tally 2  FOMENT_UNREST SUCCESS_MUST_ESCAPE / FAIL_MUST_ESCAPE
tally 13  FOMENT_UNREST SUCCESS_UNDETECTED / NO_RESULT
turn 245 spies active 1 idle 2 missions 47 captured-enemy 0
spy 8519694 LOC_CITIZEN_MAYA_FEMALE_8 level 1 at 30:48 travel
spy 7667727 LOC_CITIZEN_MAYA_MALE_8 level 2 at 54:15 busy
spy 5701649 LOC_CITIZEN_MAYA_FEMALE_4 level 4 at 45:9 start
turn 245 spies 3 started 1 travelled 1 promoted 0 bought 0 gold 50000
unblock: blocker ENDTURN_BLOCKING_PRODUCTION -> TIKAL builds UNIT_WARRIOR | end turn requested
unstuck: InGamePopup: open, no close
unblock: blocker ENDTURN_BLOCKING_CIVIC -> civic CIVIC_MEDIEVAL_FAIRES | end turn requested
unstuck: InGamePopup: open, no close
unblock: blocker ENDTURN_BLOCKING_CIVIC -> civic CIVIC_MEDIEVAL_FAIRES | end turn requested
unstuck: InGamePopup: open, no close
mission CityName=LOC_CITY_NAME_VANCOUVER CompletionTurn=245 EscapeResult=-1 InitialResult=5 LevelAfter=4 LootInfo=-1 Name=LOC_CITIZEN_MAYA_FEMALE_4 Operation=58 PlotIndex=801
mission CityName=LOC_CITY_NAME_MONTREAL CompletionTurn=244 EscapeResult=-1 InitialResult=3 LevelAfter=2 LootInfo=-1 Name=LOC_CITIZEN_MAYA_MALE_8 Operation=58 PlotIndex=1314
mission CityName=LOC_CITY_NAME_OTTAWA CompletionTurn=244 EscapeResult=-1 InitialResult=0 LevelAfter=1 LootInfo=-1 Name=LOC_CITIZEN_MAYA_MODERN_FEMALE_2 Operation=58 PlotIndex=978
mission CityName=LOC_CITY_NAME_VANCOUVER CompletionTurn=242 EscapeResult=-1 InitialResult=5 LevelAfter=4 LootInfo=-1 Name=LOC_CITIZEN_MAYA_FEMALE_4 Operation=58 PlotIndex=801
mission CityName=LOC_CITY_NAME_OTTAWA CompletionTurn=239 EscapeResult=1 InitialResult=2 LevelAfter=1 LootInfo=-1 Name=LOC_CITIZEN_MAYA_MODERN_FEMALE_4 Operation=58 PlotIndex=978
mission CityName=LOC_CITY_NAME_VANCOUVER CompletionTurn=239 EscapeResult=-1 InitialResult=5 LevelAfter=4 LootInfo=-1 Name=LOC_CITIZEN_MAYA_FEMALE_4 Operation=58 PlotIndex=801
mission CityName=LOC_CITY_NAME_QUEBEC_CITY CompletionTurn=239 EscapeResult=1 InitialResult=2 LevelAfter=2 LootInfo=-1 Name=LOC_CITIZEN_MAYA_MODERN_MALE_10 Operation=58 PlotIndex=1404
mission CityName=LOC_CITY_NAME_MONTREAL CompletionTurn=238 EscapeResult=-1 InitialResult=5 LevelAfter=2 LootInfo=-1 Name=LOC_CITIZEN_MAYA_MALE_8 Operation=58 PlotIndex=1314
mission CityName=LOC_CITY_NAME_TORONTO CompletionTurn=237 EscapeResult=1 InitialResult=2 LevelAfter=2 LootInfo=-1 Name=LOC_CITIZEN_MAYA_MODERN_MALE_9 Operation=58 PlotIndex=1818
mission CityName=LOC_CITY_NAME_VANCOUVER CompletionTurn=236 EscapeResult=-1 InitialResult=5 LevelAfter=4 LootInfo=-1 Name=LOC_CITIZEN_MAYA_FEMALE_4 Operation=58 PlotIndex=801
mission CityName=LOC_CITY_NAME_MONTREAL CompletionTurn=234 EscapeResult=-1 InitialResult=3 LevelAfter=1 LootInfo=-1 Name=LOC_CITIZEN_MAYA_MALE_8 Operation=58 PlotIndex=1314
mission CityName=LOC_CITY_NAME_VICTORIA CompletionTurn=233 EscapeResult=-1 InitialResult=0 LevelAfter=1 LootInfo=-1 Name=LOC_CITIZEN_MAYA_MODERN_FEMALE_5 Operation=58 PlotIndex=889
mission CityName=LOC_CITY_NAME_VANCOUVER CompletionTurn=233 EscapeResult=-1 InitialResult=5 LevelAfter=4 LootInfo=-1 Name=LOC_CITIZEN_MAYA_FEMALE_4 Operation=58 PlotIndex=801
mission CityName=LOC_CITY_NAME_VANCOUVER CompletionTurn=230 EscapeResult=-1 InitialResult=5 LevelAfter=4 LootInfo=-1 Name=LOC_CITIZEN_MAYA_FEMALE_4 Operation=58 PlotIndex=801
mission CityName=LOC_CITY_NAME_VICTORIA CompletionTurn=229 EscapeResult=-1 InitialResult=3 LevelAfter=1 LootInfo=-1 Name=LOC_CITIZEN_MAYA_MODERN_FEMALE_5 Operation=58 PlotIndex=889
mission CityName=LOC_CITY_NAME_OTTAWA CompletionTurn=229 EscapeResult=2 InitialResult=4 LevelAfter=2 LootInfo=-1 Name=LOC_CITIZEN_MAYA_MODERN_MALE_10 Operation=58 PlotIndex=978
mission CityName=LOC_CITY_NAME_QUEBEC_CITY CompletionTurn=229 EscapeResult=2 InitialResult=2 LevelAfter=1 LootInfo=-1 Name=LOC_CITIZEN_MAYA_MODERN_FEMALE_4 Operation=58 PlotIndex=1404
mission CityName=LOC_CITY_NAME_TORONTO CompletionTurn=229 EscapeResult=2 InitialResult=2 LevelAfter=2 LootInfo=-1 Name=LOC_CITIZEN_MAYA_MODERN_MALE_9 Operation=58 PlotIndex=1818
mission CityName=LOC_CITY_NAME_SAINT_JOHN CompletionTurn=227 EscapeResult=2 InitialResult=2 LevelAfter=1 LootInfo=-1 Name=LOC_CITIZEN_MAYA_MALE_8 Operation=58 PlotIndex=1991
mission CityName=LOC_CITY_NAME_OTTAWA CompletionTurn=225 EscapeResult=-1 InitialResult=3 LevelAfter=1 LootInfo=-1 Name=LOC_CITIZEN_MAYA_MODERN_MALE_10 Operation=58 PlotIndex=978
mission CityName=LOC_CITY_NAME_VANCOUVER CompletionTurn=225 EscapeResult=-1 InitialResult=5 LevelAfter=4 LootInfo=-1 Name=LOC_CITIZEN_MAYA_FEMALE_4 Operation=58 PlotIndex=801
mission CityName=LOC_CITY_NAME_QUEBEC_CITY CompletionTurn=225 EscapeResult=-1 InitialResult=3 LevelAfter=1 LootInfo=-1 Name=LOC_CITIZEN_MAYA_MODERN_FEMALE_4 Operation=58 PlotIndex=1404
mission CityName=LOC_CITY_NAME_HALIFAX CompletionTurn=224 EscapeResult=-1 InitialResult=1 LevelAfter=2 LootInfo=-1 Name=LOC_CITIZEN_MAYA_MODERN_FEMALE_3 Operation=58 PlotIndex=1409
mission CityName=LOC_CITY_NAME_MONTREAL CompletionTurn=223 EscapeResult=1 InitialResult=2 LevelAfter=1 LootInfo=-1 Name=LOC_CITIZEN_MAYA_MALE_5 Operation=58 PlotIndex=1314
mission CityName=LOC_CITY_NAME_SAINT_JOHN CompletionTurn=223 EscapeResult=-1 InitialResult=1 LevelAfter=2 LootInfo=-1 Name=LOC_CITIZEN_MAYA_FEMALE_6 Operation=58 PlotIndex=1991
mission CityName=LOC_CITY_NAME_TORONTO CompletionTurn=223 EscapeResult=-1 InitialResult=5 LevelAfter=2 LootInfo=-1 Name=LOC_CITIZEN_MAYA_MODERN_MALE_9 Operation=58 PlotIndex=1818
mission CityName=LOC_CITY_NAME_OTTAWA CompletionTurn=219 EscapeResult=-1 InitialResult=1 LevelAfter=1 LootInfo=-1 Name=LOC_CITIZEN_MAYA_MODERN_FEMALE_7 Operation=58 PlotIndex=978
mission CityName=LOC_CITY_NAME_VANCOUVER CompletionTurn=218 EscapeResult=-1 InitialResult=5 LevelAfter=3 LootInfo=-1 Name=LOC_CITIZEN_MAYA_FEMALE_4 Operation=58 PlotIndex=801
mission CityName=LOC_CITY_NAME_BOLOGNA CompletionTurn=218 EscapeResult=1 InitialResult=2 LevelAfter=2 LootInfo=-1 Name=LOC_CITIZEN_MAYA_FEMALE_1 Operation=58 PlotIndex=1653
mission CityName=LOC_CITY_NAME_SAINT_JOHN CompletionTurn=217 EscapeResult=-1 InitialResult=3 LevelAfter=1 LootInfo=-1 Name=LOC_CITIZEN_MAYA_MALE_8 Operation=58 PlotIndex=1991
mission CityName=LOC_CITY_NAME_VICTORIA CompletionTurn=215 EscapeResult=0 InitialResult=2 LevelAfter=1 LootInfo=-1 Name=LOC_CITIZEN_MAYA_MODERN_MALE_1 Operation=58 PlotIndex=889
mission CityName=LOC_CITY_NAME_HALIFAX CompletionTurn=215 EscapeResult=2 InitialResult=2 LevelAfter=2 LootInfo=-1 Name=LOC_CITIZEN_MAYA_MODERN_FEMALE_3 Operation=58 PlotIndex=1409
mission CityName=LOC_CITY_NAME_OTTAWA CompletionTurn=214 EscapeResult=2 InitialResult=2 LevelAfter=1 LootInfo=-1 Name=LOC_CITIZEN_MAYA_MODERN_MALE_10 Operation=58 PlotIndex=978
mission CityName=LOC_CITY_NAME_MONTREAL CompletionTurn=213 EscapeResult=-1 InitialResult=1 LevelAfter=1 LootInfo=-1 Name=LOC_CITIZEN_MAYA_MALE_2 Operation=58 PlotIndex=1314
mission CityName=LOC_CITY_NAME_TORONTO CompletionTurn=213 EscapeResult=2 InitialResult=2 LevelAfter=1 LootInfo=-1 Name=LOC_CITIZEN_MAYA_MODERN_MALE_9 Operation=58 PlotIndex=1818
mission CityName=LOC_CITY_NAME_QUEBEC_CITY CompletionTurn=213 EscapeResult=0 InitialResult=2 LevelAfter=1 LootInfo=-1 Name=LOC_CITIZEN_MAYA_FEMALE_7 Operation=58 PlotIndex=1404
mission CityName=LOC_CITY_NAME_VANCOUVER CompletionTurn=212 EscapeResult=-1 InitialResult=5 LevelAfter=2 LootInfo=-1 Name=LOC_CITIZEN_MAYA_FEMALE_4 Operation=58 PlotIndex=801
mission CityName=LOC_CITY_NAME_KINGSTON CompletionTurn=212 EscapeResult=2 InitialResult=2 LevelAfter=1 LootInfo=-1 Name=LOC_CITIZEN_MAYA_MODERN_FEMALE_4 Operation=58 PlotIndex=1392
mission CityName=LOC_CITY_NAME_BOLOGNA CompletionTurn=212 EscapeResult=-1 InitialResult=5 LevelAfter=2 LootInfo=-1 Name=LOC_CITIZEN_MAYA_FEMALE_1 Operation=58 PlotIndex=1653
mission CityName=LOC_CITY_NAME_VICTORIA CompletionTurn=210 EscapeResult=1 InitialResult=2 LevelAfter=1 LootInfo=-1 Name=LOC_CITIZEN_MAYA_FEMALE_3 Operation=58 PlotIndex=889
mission CityName=LOC_CITY_NAME_SAINT_JOHN CompletionTurn=209 EscapeResult=2 InitialResult=4 LevelAfter=2 LootInfo=-1 Name=LOC_CITIZEN_MAYA_FEMALE_6 Operation=58 PlotIndex=1991
mission CityName=LOC_CITY_NAME_WINNIPEG CompletionTurn=209 EscapeResult=1 InitialResult=4 LevelAfter=2 LootInfo=-1 Name=LOC_CITIZEN_MAYA_MODERN_FEMALE_1 Operation=58 PlotIndex=1743
mission CityName=LOC_CITY_NAME_HALIFAX CompletionTurn=209 EscapeResult=-1 InitialResult=5 LevelAfter=2 LootInfo=-1 Name=LOC_CITIZEN_MAYA_MODERN_FEMALE_3 Operation=58 PlotIndex=1409
mission CityName=LOC_CITY_NAME_OTTAWA CompletionTurn=207 EscapeResult=2 InitialResult=2 LevelAfter=1 LootInfo=-1 Name=LOC_CITIZEN_MAYA_MODERN_MALE_10 Operation=58 PlotIndex=978
mission CityName=LOC_CITY_NAME_MONTREAL CompletionTurn=207 EscapeResult=-1 InitialResult=0 LevelAfter=1 LootInfo=-1 Name=LOC_CITIZEN_MAYA_MODERN_MALE_4 Operation=58 PlotIndex=1314
mission CityName=LOC_CITY_NAME_TORONTO CompletionTurn=207 EscapeResult=-1 InitialResult=1 LevelAfter=1 LootInfo=-1 Name=LOC_CITIZEN_MAYA_MODERN_MALE_6 Operation=58 PlotIndex=1818
mission CityName=LOC_CITY_NAME_QUEBEC_CITY CompletionTurn=207 EscapeResult=-1 InitialResult=1 LevelAfter=1 LootInfo=-1 Name=LOC_CITIZEN_MAYA_MALE_6 Operation=58 PlotIndex=1404
tally 6  FOMENT_UNREST CAPTURED / NO_RESULT
tally 6  FOMENT_UNREST FAIL_MUST_ESCAPE / CAPTURED
tally 8  FOMENT_UNREST FAIL_MUST_ESCAPE / FAIL_MUST_ESCAPE
tally 2  FOMENT_UNREST FAIL_MUST_ESCAPE / KILLED
tally 6  FOMENT_UNREST FAIL_UNDETECTED / NO_RESULT
tally 3  FOMENT_UNREST KILLED / NO_RESULT
tally 1  FOMENT_UNREST SUCCESS_MUST_ESCAPE / CAPTURED
tally 2  FOMENT_UNREST SUCCESS_MUST_ESCAPE / FAIL_MUST_ESCAPE
tally 13  FOMENT_UNREST SUCCESS_UNDETECTED / NO_RESULT
turn 246 spies active 2 idle 0 missions 47 captured-enemy 0
spy 7667727 LOC_CITIZEN_MAYA_MALE_8 level 2 at 54:15 busy
spy 5701649 LOC_CITIZEN_MAYA_FEMALE_4 level 4 at 45:9 busy
turn 246 spies 2 started 0 travelled 0 promoted 0 bought 0 gold 50000
unblock: blocker ENDTURN_BLOCKING_CIVIC -> civic CIVIC_MEDIEVAL_FAIRES | end turn requested
unstuck: InGamePopup: open, no close
unblock: blocker ENDTURN_BLOCKING_PRODUCTION -> TIKAL builds UNIT_WARRIOR | end turn requested
unstuck: InGamePopup: open, no close
unblock: blocker ENDTURN_BLOCKING_PRODUCTION -> TIKAL builds UNIT_WARRIOR | end turn requested
unstuck: InGamePopup: open, no close
mission CityName=LOC_CITY_NAME_VANCOUVER CompletionTurn=245 EscapeResult=-1 InitialResult=5 LevelAfter=4 LootInfo=-1 Name=LOC_CITIZEN_MAYA_FEMALE_4 Operation=58 PlotIndex=801
mission CityName=LOC_CITY_NAME_MONTREAL CompletionTurn=244 EscapeResult=-1 InitialResult=3 LevelAfter=2 LootInfo=-1 Name=LOC_CITIZEN_MAYA_MALE_8 Operation=58 PlotIndex=1314
mission CityName=LOC_CITY_NAME_OTTAWA CompletionTurn=244 EscapeResult=-1 InitialResult=0 LevelAfter=1 LootInfo=-1 Name=LOC_CITIZEN_MAYA_MODERN_FEMALE_2 Operation=58 PlotIndex=978
mission CityName=LOC_CITY_NAME_VANCOUVER CompletionTurn=242 EscapeResult=-1 InitialResult=5 LevelAfter=4 LootInfo=-1 Name=LOC_CITIZEN_MAYA_FEMALE_4 Operation=58 PlotIndex=801
mission CityName=LOC_CITY_NAME_OTTAWA CompletionTurn=239 EscapeResult=1 InitialResult=2 LevelAfter=1 LootInfo=-1 Name=LOC_CITIZEN_MAYA_MODERN_FEMALE_4 Operation=58 PlotIndex=978
mission CityName=LOC_CITY_NAME_VANCOUVER CompletionTurn=239 EscapeResult=-1 InitialResult=5 LevelAfter=4 LootInfo=-1 Name=LOC_CITIZEN_MAYA_FEMALE_4 Operation=58 PlotIndex=801
mission CityName=LOC_CITY_NAME_QUEBEC_CITY CompletionTurn=239 EscapeResult=1 InitialResult=2 LevelAfter=2 LootInfo=-1 Name=LOC_CITIZEN_MAYA_MODERN_MALE_10 Operation=58 PlotIndex=1404
mission CityName=LOC_CITY_NAME_MONTREAL CompletionTurn=238 EscapeResult=-1 InitialResult=5 LevelAfter=2 LootInfo=-1 Name=LOC_CITIZEN_MAYA_MALE_8 Operation=58 PlotIndex=1314
mission CityName=LOC_CITY_NAME_TORONTO CompletionTurn=237 EscapeResult=1 InitialResult=2 LevelAfter=2 LootInfo=-1 Name=LOC_CITIZEN_MAYA_MODERN_MALE_9 Operation=58 PlotIndex=1818
mission CityName=LOC_CITY_NAME_VANCOUVER CompletionTurn=236 EscapeResult=-1 InitialResult=5 LevelAfter=4 LootInfo=-1 Name=LOC_CITIZEN_MAYA_FEMALE_4 Operation=58 PlotIndex=801
mission CityName=LOC_CITY_NAME_MONTREAL CompletionTurn=234 EscapeResult=-1 InitialResult=3 LevelAfter=1 LootInfo=-1 Name=LOC_CITIZEN_MAYA_MALE_8 Operation=58 PlotIndex=1314
mission CityName=LOC_CITY_NAME_VICTORIA CompletionTurn=233 EscapeResult=-1 InitialResult=0 LevelAfter=1 LootInfo=-1 Name=LOC_CITIZEN_MAYA_MODERN_FEMALE_5 Operation=58 PlotIndex=889
mission CityName=LOC_CITY_NAME_VANCOUVER CompletionTurn=233 EscapeResult=-1 InitialResult=5 LevelAfter=4 LootInfo=-1 Name=LOC_CITIZEN_MAYA_FEMALE_4 Operation=58 PlotIndex=801
mission CityName=LOC_CITY_NAME_VANCOUVER CompletionTurn=230 EscapeResult=-1 InitialResult=5 LevelAfter=4 LootInfo=-1 Name=LOC_CITIZEN_MAYA_FEMALE_4 Operation=58 PlotIndex=801
mission CityName=LOC_CITY_NAME_VICTORIA CompletionTurn=229 EscapeResult=-1 InitialResult=3 LevelAfter=1 LootInfo=-1 Name=LOC_CITIZEN_MAYA_MODERN_FEMALE_5 Operation=58 PlotIndex=889
mission CityName=LOC_CITY_NAME_OTTAWA CompletionTurn=229 EscapeResult=2 InitialResult=4 LevelAfter=2 LootInfo=-1 Name=LOC_CITIZEN_MAYA_MODERN_MALE_10 Operation=58 PlotIndex=978
mission CityName=LOC_CITY_NAME_QUEBEC_CITY CompletionTurn=229 EscapeResult=2 InitialResult=2 LevelAfter=1 LootInfo=-1 Name=LOC_CITIZEN_MAYA_MODERN_FEMALE_4 Operation=58 PlotIndex=1404
mission CityName=LOC_CITY_NAME_TORONTO CompletionTurn=229 EscapeResult=2 InitialResult=2 LevelAfter=2 LootInfo=-1 Name=LOC_CITIZEN_MAYA_MODERN_MALE_9 Operation=58 PlotIndex=1818
mission CityName=LOC_CITY_NAME_SAINT_JOHN CompletionTurn=227 EscapeResult=2 InitialResult=2 LevelAfter=1 LootInfo=-1 Name=LOC_CITIZEN_MAYA_MALE_8 Operation=58 PlotIndex=1991
mission CityName=LOC_CITY_NAME_OTTAWA CompletionTurn=225 EscapeResult=-1 InitialResult=3 LevelAfter=1 LootInfo=-1 Name=LOC_CITIZEN_MAYA_MODERN_MALE_10 Operation=58 PlotIndex=978
mission CityName=LOC_CITY_NAME_VANCOUVER CompletionTurn=225 EscapeResult=-1 InitialResult=5 LevelAfter=4 LootInfo=-1 Name=LOC_CITIZEN_MAYA_FEMALE_4 Operation=58 PlotIndex=801
mission CityName=LOC_CITY_NAME_QUEBEC_CITY CompletionTurn=225 EscapeResult=-1 InitialResult=3 LevelAfter=1 LootInfo=-1 Name=LOC_CITIZEN_MAYA_MODERN_FEMALE_4 Operation=58 PlotIndex=1404
mission CityName=LOC_CITY_NAME_HALIFAX CompletionTurn=224 EscapeResult=-1 InitialResult=1 LevelAfter=2 LootInfo=-1 Name=LOC_CITIZEN_MAYA_MODERN_FEMALE_3 Operation=58 PlotIndex=1409
mission CityName=LOC_CITY_NAME_MONTREAL CompletionTurn=223 EscapeResult=1 InitialResult=2 LevelAfter=1 LootInfo=-1 Name=LOC_CITIZEN_MAYA_MALE_5 Operation=58 PlotIndex=1314
mission CityName=LOC_CITY_NAME_SAINT_JOHN CompletionTurn=223 EscapeResult=-1 InitialResult=1 LevelAfter=2 LootInfo=-1 Name=LOC_CITIZEN_MAYA_FEMALE_6 Operation=58 PlotIndex=1991
mission CityName=LOC_CITY_NAME_TORONTO CompletionTurn=223 EscapeResult=-1 InitialResult=5 LevelAfter=2 LootInfo=-1 Name=LOC_CITIZEN_MAYA_MODERN_MALE_9 Operation=58 PlotIndex=1818
mission CityName=LOC_CITY_NAME_OTTAWA CompletionTurn=219 EscapeResult=-1 InitialResult=1 LevelAfter=1 LootInfo=-1 Name=LOC_CITIZEN_MAYA_MODERN_FEMALE_7 Operation=58 PlotIndex=978
mission CityName=LOC_CITY_NAME_VANCOUVER CompletionTurn=218 EscapeResult=-1 InitialResult=5 LevelAfter=3 LootInfo=-1 Name=LOC_CITIZEN_MAYA_FEMALE_4 Operation=58 PlotIndex=801
mission CityName=LOC_CITY_NAME_BOLOGNA CompletionTurn=218 EscapeResult=1 InitialResult=2 LevelAfter=2 LootInfo=-1 Name=LOC_CITIZEN_MAYA_FEMALE_1 Operation=58 PlotIndex=1653
mission CityName=LOC_CITY_NAME_SAINT_JOHN CompletionTurn=217 EscapeResult=-1 InitialResult=3 LevelAfter=1 LootInfo=-1 Name=LOC_CITIZEN_MAYA_MALE_8 Operation=58 PlotIndex=1991
mission CityName=LOC_CITY_NAME_VICTORIA CompletionTurn=215 EscapeResult=0 InitialResult=2 LevelAfter=1 LootInfo=-1 Name=LOC_CITIZEN_MAYA_MODERN_MALE_1 Operation=58 PlotIndex=889
mission CityName=LOC_CITY_NAME_HALIFAX CompletionTurn=215 EscapeResult=2 InitialResult=2 LevelAfter=2 LootInfo=-1 Name=LOC_CITIZEN_MAYA_MODERN_FEMALE_3 Operation=58 PlotIndex=1409
mission CityName=LOC_CITY_NAME_OTTAWA CompletionTurn=214 EscapeResult=2 InitialResult=2 LevelAfter=1 LootInfo=-1 Name=LOC_CITIZEN_MAYA_MODERN_MALE_10 Operation=58 PlotIndex=978
mission CityName=LOC_CITY_NAME_MONTREAL CompletionTurn=213 EscapeResult=-1 InitialResult=1 LevelAfter=1 LootInfo=-1 Name=LOC_CITIZEN_MAYA_MALE_2 Operation=58 PlotIndex=1314
mission CityName=LOC_CITY_NAME_TORONTO CompletionTurn=213 EscapeResult=2 InitialResult=2 LevelAfter=1 LootInfo=-1 Name=LOC_CITIZEN_MAYA_MODERN_MALE_9 Operation=58 PlotIndex=1818
mission CityName=LOC_CITY_NAME_QUEBEC_CITY CompletionTurn=213 EscapeResult=0 InitialResult=2 LevelAfter=1 LootInfo=-1 Name=LOC_CITIZEN_MAYA_FEMALE_7 Operation=58 PlotIndex=1404
mission CityName=LOC_CITY_NAME_VANCOUVER CompletionTurn=212 EscapeResult=-1 InitialResult=5 LevelAfter=2 LootInfo=-1 Name=LOC_CITIZEN_MAYA_FEMALE_4 Operation=58 PlotIndex=801
mission CityName=LOC_CITY_NAME_KINGSTON CompletionTurn=212 EscapeResult=2 InitialResult=2 LevelAfter=1 LootInfo=-1 Name=LOC_CITIZEN_MAYA_MODERN_FEMALE_4 Operation=58 PlotIndex=1392
mission CityName=LOC_CITY_NAME_BOLOGNA CompletionTurn=212 EscapeResult=-1 InitialResult=5 LevelAfter=2 LootInfo=-1 Name=LOC_CITIZEN_MAYA_FEMALE_1 Operation=58 PlotIndex=1653
mission CityName=LOC_CITY_NAME_VICTORIA CompletionTurn=210 EscapeResult=1 InitialResult=2 LevelAfter=1 LootInfo=-1 Name=LOC_CITIZEN_MAYA_FEMALE_3 Operation=58 PlotIndex=889
mission CityName=LOC_CITY_NAME_SAINT_JOHN CompletionTurn=209 EscapeResult=2 InitialResult=4 LevelAfter=2 LootInfo=-1 Name=LOC_CITIZEN_MAYA_FEMALE_6 Operation=58 PlotIndex=1991
mission CityName=LOC_CITY_NAME_WINNIPEG CompletionTurn=209 EscapeResult=1 InitialResult=4 LevelAfter=2 LootInfo=-1 Name=LOC_CITIZEN_MAYA_MODERN_FEMALE_1 Operation=58 PlotIndex=1743
mission CityName=LOC_CITY_NAME_HALIFAX CompletionTurn=209 EscapeResult=-1 InitialResult=5 LevelAfter=2 LootInfo=-1 Name=LOC_CITIZEN_MAYA_MODERN_FEMALE_3 Operation=58 PlotIndex=1409
mission CityName=LOC_CITY_NAME_OTTAWA CompletionTurn=207 EscapeResult=2 InitialResult=2 LevelAfter=1 LootInfo=-1 Name=LOC_CITIZEN_MAYA_MODERN_MALE_10 Operation=58 PlotIndex=978
mission CityName=LOC_CITY_NAME_MONTREAL CompletionTurn=207 EscapeResult=-1 InitialResult=0 LevelAfter=1 LootInfo=-1 Name=LOC_CITIZEN_MAYA_MODERN_MALE_4 Operation=58 PlotIndex=1314
mission CityName=LOC_CITY_NAME_TORONTO CompletionTurn=207 EscapeResult=-1 InitialResult=1 LevelAfter=1 LootInfo=-1 Name=LOC_CITIZEN_MAYA_MODERN_MALE_6 Operation=58 PlotIndex=1818
mission CityName=LOC_CITY_NAME_QUEBEC_CITY CompletionTurn=207 EscapeResult=-1 InitialResult=1 LevelAfter=1 LootInfo=-1 Name=LOC_CITIZEN_MAYA_MALE_6 Operation=58 PlotIndex=1404
tally 6  FOMENT_UNREST CAPTURED / NO_RESULT
tally 6  FOMENT_UNREST FAIL_MUST_ESCAPE / CAPTURED
tally 8  FOMENT_UNREST FAIL_MUST_ESCAPE / FAIL_MUST_ESCAPE
tally 2  FOMENT_UNREST FAIL_MUST_ESCAPE / KILLED
tally 6  FOMENT_UNREST FAIL_UNDETECTED / NO_RESULT
tally 3  FOMENT_UNREST KILLED / NO_RESULT
tally 1  FOMENT_UNREST SUCCESS_MUST_ESCAPE / CAPTURED
tally 2  FOMENT_UNREST SUCCESS_MUST_ESCAPE / FAIL_MUST_ESCAPE
tally 13  FOMENT_UNREST SUCCESS_UNDETECTED / NO_RESULT
turn 246 spies active 2 idle 0 missions 47 captured-enemy 0
spy 7667727 LOC_CITIZEN_MAYA_MALE_8 level 2 at 54:15 busy
spy 5701649 LOC_CITIZEN_MAYA_FEMALE_4 level 4 at 45:9 busy
turn 246 spies 2 started 0 travelled 0 promoted 0 bought 0 gold 50000
unblock: blocker ENDTURN_BLOCKING_PRODUCTION -> TIKAL builds UNIT_WARRIOR | end turn requested
unstuck: InGamePopup: open, no close
unstuck: NaturalDisasterPopup: closed
unblock: blocker ENDTURN_BLOCKING_PRODUCTION -> TIKAL builds UNIT_WARRIOR | end turn requested
unstuck: InGamePopup: open, no close
unblock: blocker ENDTURN_BLOCKING_PRODUCTION -> TIKAL builds UNIT_WARRIOR | end turn requested
unstuck: InGamePopup: open, no close
mission CityName=LOC_CITY_NAME_VANCOUVER CompletionTurn=248 EscapeResult=-1 InitialResult=5 LevelAfter=4 LootInfo=-1 Name=LOC_CITIZEN_MAYA_FEMALE_4 Operation=58 PlotIndex=801
mission CityName=LOC_CITY_NAME_MONTREAL CompletionTurn=248 EscapeResult=-1 InitialResult=4 LevelAfter=3 LootInfo=-1 Name=LOC_CITIZEN_MAYA_MALE_8 Operation=58 PlotIndex=1314
mission CityName=LOC_CITY_NAME_VANCOUVER CompletionTurn=245 EscapeResult=-1 InitialResult=5 LevelAfter=4 LootInfo=-1 Name=LOC_CITIZEN_MAYA_FEMALE_4 Operation=58 PlotIndex=801
mission CityName=LOC_CITY_NAME_MONTREAL CompletionTurn=244 EscapeResult=-1 InitialResult=3 LevelAfter=2 LootInfo=-1 Name=LOC_CITIZEN_MAYA_MALE_8 Operation=58 PlotIndex=1314
mission CityName=LOC_CITY_NAME_OTTAWA CompletionTurn=244 EscapeResult=-1 InitialResult=0 LevelAfter=1 LootInfo=-1 Name=LOC_CITIZEN_MAYA_MODERN_FEMALE_2 Operation=58 PlotIndex=978
mission CityName=LOC_CITY_NAME_VANCOUVER CompletionTurn=242 EscapeResult=-1 InitialResult=5 LevelAfter=4 LootInfo=-1 Name=LOC_CITIZEN_MAYA_FEMALE_4 Operation=58 PlotIndex=801
mission CityName=LOC_CITY_NAME_OTTAWA CompletionTurn=239 EscapeResult=1 InitialResult=2 LevelAfter=1 LootInfo=-1 Name=LOC_CITIZEN_MAYA_MODERN_FEMALE_4 Operation=58 PlotIndex=978
mission CityName=LOC_CITY_NAME_VANCOUVER CompletionTurn=239 EscapeResult=-1 InitialResult=5 LevelAfter=4 LootInfo=-1 Name=LOC_CITIZEN_MAYA_FEMALE_4 Operation=58 PlotIndex=801
mission CityName=LOC_CITY_NAME_QUEBEC_CITY CompletionTurn=239 EscapeResult=1 InitialResult=2 LevelAfter=2 LootInfo=-1 Name=LOC_CITIZEN_MAYA_MODERN_MALE_10 Operation=58 PlotIndex=1404
mission CityName=LOC_CITY_NAME_MONTREAL CompletionTurn=238 EscapeResult=-1 InitialResult=5 LevelAfter=2 LootInfo=-1 Name=LOC_CITIZEN_MAYA_MALE_8 Operation=58 PlotIndex=1314
mission CityName=LOC_CITY_NAME_TORONTO CompletionTurn=237 EscapeResult=1 InitialResult=2 LevelAfter=2 LootInfo=-1 Name=LOC_CITIZEN_MAYA_MODERN_MALE_9 Operation=58 PlotIndex=1818
mission CityName=LOC_CITY_NAME_VANCOUVER CompletionTurn=236 EscapeResult=-1 InitialResult=5 LevelAfter=4 LootInfo=-1 Name=LOC_CITIZEN_MAYA_FEMALE_4 Operation=58 PlotIndex=801
mission CityName=LOC_CITY_NAME_MONTREAL CompletionTurn=234 EscapeResult=-1 InitialResult=3 LevelAfter=1 LootInfo=-1 Name=LOC_CITIZEN_MAYA_MALE_8 Operation=58 PlotIndex=1314
mission CityName=LOC_CITY_NAME_VICTORIA CompletionTurn=233 EscapeResult=-1 InitialResult=0 LevelAfter=1 LootInfo=-1 Name=LOC_CITIZEN_MAYA_MODERN_FEMALE_5 Operation=58 PlotIndex=889
mission CityName=LOC_CITY_NAME_VANCOUVER CompletionTurn=233 EscapeResult=-1 InitialResult=5 LevelAfter=4 LootInfo=-1 Name=LOC_CITIZEN_MAYA_FEMALE_4 Operation=58 PlotIndex=801
mission CityName=LOC_CITY_NAME_VANCOUVER CompletionTurn=230 EscapeResult=-1 InitialResult=5 LevelAfter=4 LootInfo=-1 Name=LOC_CITIZEN_MAYA_FEMALE_4 Operation=58 PlotIndex=801
mission CityName=LOC_CITY_NAME_VICTORIA CompletionTurn=229 EscapeResult=-1 InitialResult=3 LevelAfter=1 LootInfo=-1 Name=LOC_CITIZEN_MAYA_MODERN_FEMALE_5 Operation=58 PlotIndex=889
mission CityName=LOC_CITY_NAME_OTTAWA CompletionTurn=229 EscapeResult=2 InitialResult=4 LevelAfter=2 LootInfo=-1 Name=LOC_CITIZEN_MAYA_MODERN_MALE_10 Operation=58 PlotIndex=978
mission CityName=LOC_CITY_NAME_QUEBEC_CITY CompletionTurn=229 EscapeResult=2 InitialResult=2 LevelAfter=1 LootInfo=-1 Name=LOC_CITIZEN_MAYA_MODERN_FEMALE_4 Operation=58 PlotIndex=1404
mission CityName=LOC_CITY_NAME_TORONTO CompletionTurn=229 EscapeResult=2 InitialResult=2 LevelAfter=2 LootInfo=-1 Name=LOC_CITIZEN_MAYA_MODERN_MALE_9 Operation=58 PlotIndex=1818
mission CityName=LOC_CITY_NAME_SAINT_JOHN CompletionTurn=227 EscapeResult=2 InitialResult=2 LevelAfter=1 LootInfo=-1 Name=LOC_CITIZEN_MAYA_MALE_8 Operation=58 PlotIndex=1991
mission CityName=LOC_CITY_NAME_OTTAWA CompletionTurn=225 EscapeResult=-1 InitialResult=3 LevelAfter=1 LootInfo=-1 Name=LOC_CITIZEN_MAYA_MODERN_MALE_10 Operation=58 PlotIndex=978
mission CityName=LOC_CITY_NAME_VANCOUVER CompletionTurn=225 EscapeResult=-1 InitialResult=5 LevelAfter=4 LootInfo=-1 Name=LOC_CITIZEN_MAYA_FEMALE_4 Operation=58 PlotIndex=801
mission CityName=LOC_CITY_NAME_QUEBEC_CITY CompletionTurn=225 EscapeResult=-1 InitialResult=3 LevelAfter=1 LootInfo=-1 Name=LOC_CITIZEN_MAYA_MODERN_FEMALE_4 Operation=58 PlotIndex=1404
mission CityName=LOC_CITY_NAME_HALIFAX CompletionTurn=224 EscapeResult=-1 InitialResult=1 LevelAfter=2 LootInfo=-1 Name=LOC_CITIZEN_MAYA_MODERN_FEMALE_3 Operation=58 PlotIndex=1409
mission CityName=LOC_CITY_NAME_MONTREAL CompletionTurn=223 EscapeResult=1 InitialResult=2 LevelAfter=1 LootInfo=-1 Name=LOC_CITIZEN_MAYA_MALE_5 Operation=58 PlotIndex=1314
mission CityName=LOC_CITY_NAME_SAINT_JOHN CompletionTurn=223 EscapeResult=-1 InitialResult=1 LevelAfter=2 LootInfo=-1 Name=LOC_CITIZEN_MAYA_FEMALE_6 Operation=58 PlotIndex=1991
mission CityName=LOC_CITY_NAME_TORONTO CompletionTurn=223 EscapeResult=-1 InitialResult=5 LevelAfter=2 LootInfo=-1 Name=LOC_CITIZEN_MAYA_MODERN_MALE_9 Operation=58 PlotIndex=1818
mission CityName=LOC_CITY_NAME_OTTAWA CompletionTurn=219 EscapeResult=-1 InitialResult=1 LevelAfter=1 LootInfo=-1 Name=LOC_CITIZEN_MAYA_MODERN_FEMALE_7 Operation=58 PlotIndex=978
mission CityName=LOC_CITY_NAME_VANCOUVER CompletionTurn=218 EscapeResult=-1 InitialResult=5 LevelAfter=3 LootInfo=-1 Name=LOC_CITIZEN_MAYA_FEMALE_4 Operation=58 PlotIndex=801
mission CityName=LOC_CITY_NAME_BOLOGNA CompletionTurn=218 EscapeResult=1 InitialResult=2 LevelAfter=2 LootInfo=-1 Name=LOC_CITIZEN_MAYA_FEMALE_1 Operation=58 PlotIndex=1653
mission CityName=LOC_CITY_NAME_SAINT_JOHN CompletionTurn=217 EscapeResult=-1 InitialResult=3 LevelAfter=1 LootInfo=-1 Name=LOC_CITIZEN_MAYA_MALE_8 Operation=58 PlotIndex=1991
mission CityName=LOC_CITY_NAME_VICTORIA CompletionTurn=215 EscapeResult=0 InitialResult=2 LevelAfter=1 LootInfo=-1 Name=LOC_CITIZEN_MAYA_MODERN_MALE_1 Operation=58 PlotIndex=889
mission CityName=LOC_CITY_NAME_HALIFAX CompletionTurn=215 EscapeResult=2 InitialResult=2 LevelAfter=2 LootInfo=-1 Name=LOC_CITIZEN_MAYA_MODERN_FEMALE_3 Operation=58 PlotIndex=1409
mission CityName=LOC_CITY_NAME_OTTAWA CompletionTurn=214 EscapeResult=2 InitialResult=2 LevelAfter=1 LootInfo=-1 Name=LOC_CITIZEN_MAYA_MODERN_MALE_10 Operation=58 PlotIndex=978
mission CityName=LOC_CITY_NAME_MONTREAL CompletionTurn=213 EscapeResult=-1 InitialResult=1 LevelAfter=1 LootInfo=-1 Name=LOC_CITIZEN_MAYA_MALE_2 Operation=58 PlotIndex=1314
mission CityName=LOC_CITY_NAME_TORONTO CompletionTurn=213 EscapeResult=2 InitialResult=2 LevelAfter=1 LootInfo=-1 Name=LOC_CITIZEN_MAYA_MODERN_MALE_9 Operation=58 PlotIndex=1818
mission CityName=LOC_CITY_NAME_QUEBEC_CITY CompletionTurn=213 EscapeResult=0 InitialResult=2 LevelAfter=1 LootInfo=-1 Name=LOC_CITIZEN_MAYA_FEMALE_7 Operation=58 PlotIndex=1404
mission CityName=LOC_CITY_NAME_VANCOUVER CompletionTurn=212 EscapeResult=-1 InitialResult=5 LevelAfter=2 LootInfo=-1 Name=LOC_CITIZEN_MAYA_FEMALE_4 Operation=58 PlotIndex=801
mission CityName=LOC_CITY_NAME_KINGSTON CompletionTurn=212 EscapeResult=2 InitialResult=2 LevelAfter=1 LootInfo=-1 Name=LOC_CITIZEN_MAYA_MODERN_FEMALE_4 Operation=58 PlotIndex=1392
mission CityName=LOC_CITY_NAME_BOLOGNA CompletionTurn=212 EscapeResult=-1 InitialResult=5 LevelAfter=2 LootInfo=-1 Name=LOC_CITIZEN_MAYA_FEMALE_1 Operation=58 PlotIndex=1653
mission CityName=LOC_CITY_NAME_VICTORIA CompletionTurn=210 EscapeResult=1 InitialResult=2 LevelAfter=1 LootInfo=-1 Name=LOC_CITIZEN_MAYA_FEMALE_3 Operation=58 PlotIndex=889
mission CityName=LOC_CITY_NAME_SAINT_JOHN CompletionTurn=209 EscapeResult=2 InitialResult=4 LevelAfter=2 LootInfo=-1 Name=LOC_CITIZEN_MAYA_FEMALE_6 Operation=58 PlotIndex=1991
mission CityName=LOC_CITY_NAME_WINNIPEG CompletionTurn=209 EscapeResult=1 InitialResult=4 LevelAfter=2 LootInfo=-1 Name=LOC_CITIZEN_MAYA_MODERN_FEMALE_1 Operation=58 PlotIndex=1743
mission CityName=LOC_CITY_NAME_HALIFAX CompletionTurn=209 EscapeResult=-1 InitialResult=5 LevelAfter=2 LootInfo=-1 Name=LOC_CITIZEN_MAYA_MODERN_FEMALE_3 Operation=58 PlotIndex=1409
mission CityName=LOC_CITY_NAME_OTTAWA CompletionTurn=207 EscapeResult=2 InitialResult=2 LevelAfter=1 LootInfo=-1 Name=LOC_CITIZEN_MAYA_MODERN_MALE_10 Operation=58 PlotIndex=978
mission CityName=LOC_CITY_NAME_MONTREAL CompletionTurn=207 EscapeResult=-1 InitialResult=0 LevelAfter=1 LootInfo=-1 Name=LOC_CITIZEN_MAYA_MODERN_MALE_4 Operation=58 PlotIndex=1314
mission CityName=LOC_CITY_NAME_TORONTO CompletionTurn=207 EscapeResult=-1 InitialResult=1 LevelAfter=1 LootInfo=-1 Name=LOC_CITIZEN_MAYA_MODERN_MALE_6 Operation=58 PlotIndex=1818
mission CityName=LOC_CITY_NAME_QUEBEC_CITY CompletionTurn=207 EscapeResult=-1 InitialResult=1 LevelAfter=1 LootInfo=-1 Name=LOC_CITIZEN_MAYA_MALE_6 Operation=58 PlotIndex=1404
tally 6  FOMENT_UNREST CAPTURED / NO_RESULT
tally 6  FOMENT_UNREST FAIL_MUST_ESCAPE / CAPTURED
tally 8  FOMENT_UNREST FAIL_MUST_ESCAPE / FAIL_MUST_ESCAPE
tally 2  FOMENT_UNREST FAIL_MUST_ESCAPE / KILLED
tally 6  FOMENT_UNREST FAIL_UNDETECTED / NO_RESULT
tally 3  FOMENT_UNREST KILLED / NO_RESULT
tally 1  FOMENT_UNREST SUCCESS_MUST_ESCAPE / CAPTURED
tally 2  FOMENT_UNREST SUCCESS_MUST_ESCAPE / FAIL_MUST_ESCAPE
tally 1  FOMENT_UNREST SUCCESS_MUST_ESCAPE / NO_RESULT
tally 14  FOMENT_UNREST SUCCESS_UNDETECTED / NO_RESULT
turn 248 spies active 1 idle 2 missions 49 captured-enemy 0
