################ save lab4_t175 seat 0 op UNITOPERATION_SPY_FOMENT_UNREST cap 12 extra 12
setup: four spy civics granted, 12 extra grants
turn 175 spies 0 started 0 travelled 0 promoted 0 bought 3 gold 50000
unblock: blocker ENDTURN_BLOCKING_COMMEMORATION_AVAILABLE -> nothing | end turn requested
unstuck: HistoricMoments: closed
unblock: blocker ENDTURN_BLOCKING_COMMEMORATION_AVAILABLE -> nothing | end turn requested
unstuck: HistoricMoments: closed
turn 176 spies active 0 idle 3 missions 0 captured-enemy 0
spy 3801090 LOC_CITIZEN_MAYA_MODERN_FEMALE_8 level 1 at 32:42 travel
spy 3735556 LOC_CITIZEN_MAYA_MODERN_FEMALE_7 level 1 at 37:38 travel
spy 3670025 LOC_CITIZEN_MAYA_MODERN_FEMALE_5 level 1 at 36:42 travel
turn 176 spies 3 started 0 travelled 3 promoted 0 bought 0 gold 50000
unblock: blocker ENDTURN_BLOCKING_COMMEMORATION_AVAILABLE -> nothing | end turn requested
unstuck: HistoricMoments: closed
unblock: blocker ENDTURN_BLOCKING_COMMEMORATION_AVAILABLE -> nothing | end turn requested
unstuck: HistoricMoments: closed
turn 177 spies active 0 idle 0 missions 0 captured-enemy 0
turn 177 spies 0 started 0 travelled 0 promoted 0 bought 3 gold 50000
unblock: blocker ENDTURN_BLOCKING_COMMEMORATION_AVAILABLE -> nothing | end turn requested
unblock: blocker ENDTURN_BLOCKING_COMMEMORATION_AVAILABLE -> nothing | end turn requested
turn 178 spies active 0 idle 6 missions 0 captured-enemy 0
spy 4063234 LOC_CITIZEN_MAYA_MODERN_MALE_10 level 1 at 32:42 travel
spy 3997700 LOC_CITIZEN_MAYA_MODERN_MALE_6 level 1 at 37:38 travel
spy 3932169 LOC_CITIZEN_MAYA_MODERN_FEMALE_9 level 1 at 36:42 travel
spy 4259853 LOC_UNIT_SPY_NAME level 1 at 54:21 start
spy 4194320 LOC_CITIZEN_MAYA_MODERN_FEMALE_7 level 1 at 54:15 start
spy 4128788 LOC_CITIZEN_MAYA_MODERN_FEMALE_8 level 1 at 54:11 start
turn 178 spies 6 started 3 travelled 3 promoted 0 bought 0 gold 46833
unblock: blocker ENDTURN_BLOCKING_COMMEMORATION_AVAILABLE -> nothing | end turn requested
unstuck: NaturalWonderPopup: closed
unblock: blocker ENDTURN_BLOCKING_COMMEMORATION_AVAILABLE -> nothing | end turn requested
unstuck: HistoricMoments: closed
turn 179 spies active 3 idle 0 missions 0 captured-enemy 0
spy 4259853 LOC_CITIZEN_MAYA_MODERN_FEMALE_5 level 1 at 54:21 busy
spy 4194320 LOC_CITIZEN_MAYA_MODERN_FEMALE_7 level 1 at 54:15 busy
spy 4128788 LOC_CITIZEN_MAYA_MODERN_FEMALE_8 level 1 at 54:11 busy
turn 179 spies 3 started 0 travelled 0 promoted 0 bought 3 gold 50000
unblock: blocker ENDTURN_BLOCKING_COMMEMORATION_AVAILABLE -> nothing | end turn requested
unblock: blocker ENDTURN_BLOCKING_COMMEMORATION_AVAILABLE -> nothing | end turn requested
turn 180 spies active 3 idle 5 missions 0 captured-enemy 0
spy 4456450 LOC_CITIZEN_MAYA_MODERN_MALE_9 level 1 at 32:42 travel
spy 4390916 LOC_CITIZEN_MAYA_FEMALE_7 level 1 at 37:38 travel
spy 4325385 LOC_CITIZEN_MAYA_FEMALE_4 level 1 at 36:42 travel
spy 4259853 LOC_CITIZEN_MAYA_MODERN_FEMALE_5 level 1 at 54:21 busy
spy 4194320 LOC_CITIZEN_MAYA_MODERN_FEMALE_7 level 1 at 54:15 busy
spy 4128788 LOC_CITIZEN_MAYA_MODERN_FEMALE_8 level 1 at 54:11 busy
spy 4587542 LOC_CITIZEN_MAYA_MODERN_FEMALE_9 level 1 at 59:23 start
spy 4522007 LOC_CITIZEN_MAYA_MODERN_MALE_10 level 1 at 60:16 start
turn 180 spies 8 started 2 travelled 3 promoted 0 bought 0 gold 50000
unblock: blocker ENDTURN_BLOCKING_COMMEMORATION_AVAILABLE -> nothing | end turn requested
unstuck: TechCivicCompletedPopup: closed
unblock: blocker ENDTURN_BLOCKING_COMMEMORATION_AVAILABLE -> nothing | end turn requested
turn 181 spies active 5 idle 0 missions 0 captured-enemy 0
spy 4259853 LOC_CITIZEN_MAYA_MODERN_FEMALE_5 level 1 at 54:21 busy
spy 4194320 LOC_CITIZEN_MAYA_MODERN_FEMALE_7 level 1 at 54:15 busy
spy 4128788 LOC_CITIZEN_MAYA_MODERN_FEMALE_8 level 1 at 54:11 busy
spy 4587542 LOC_CITIZEN_MAYA_MODERN_FEMALE_9 level 1 at 59:23 busy
spy 4522007 LOC_CITIZEN_MAYA_MODERN_MALE_10 level 1 at 60:16 busy
turn 181 spies 5 started 0 travelled 0 promoted 0 bought 3 gold 50000
unblock: blocker ENDTURN_BLOCKING_COMMEMORATION_AVAILABLE -> nothing | end turn requested
unstuck: EraCompletePopup: closed
unstuck: WorldCrisisPopup: closed
unblock: blocker ENDTURN_BLOCKING_COMMEMORATION_AVAILABLE -> nothing | end turn requested
unblock: blocker ENDTURN_BLOCKING_WORLD_CONGRESS_SESSION -> nothing | end turn requested
unstuck: WorldCongressIntro: closed
turn 181 spies active 5 idle 4 missions 0 captured-enemy 0
spy 4784130 LOC_CITIZEN_MAYA_MALE_8 level 1 at 32:42 travel
spy 4718596 LOC_CITIZEN_MAYA_MODERN_FEMALE_3 level 1 at 37:38 travel
spy 4653065 LOC_CITIZEN_MAYA_MODERN_FEMALE_4 level 1 at 36:42 travel
spy 4259853 LOC_CITIZEN_MAYA_MODERN_FEMALE_5 level 1 at 54:21 busy
spy 4194320 LOC_CITIZEN_MAYA_MODERN_FEMALE_7 level 1 at 54:15 busy
spy 4128788 LOC_CITIZEN_MAYA_MODERN_FEMALE_8 level 1 at 54:11 busy
spy 4849685 LOC_CITIZEN_MAYA_MODERN_MALE_6 level 1 at 65:16 start
spy 4587542 LOC_CITIZEN_MAYA_MODERN_FEMALE_9 level 1 at 59:23 busy
spy 4522007 LOC_CITIZEN_MAYA_MODERN_MALE_10 level 1 at 60:16 busy
turn 181 spies 9 started 1 travelled 3 promoted 0 bought 0 gold 44110
unblock: blocker ENDTURN_BLOCKING_COMMEMORATION_AVAILABLE -> nothing | end turn requested
unstuck: closed sessions [1:1]
unstuck: NaturalDisasterPopup: closed
unblock: blocker ENDTURN_BLOCKING_COMMEMORATION_AVAILABLE -> nothing | end turn requested
unstuck: WorldCongressPopup: closed
unblock: blocker ENDTURN_BLOCKING_COMMEMORATION_AVAILABLE -> nothing | end turn requested
mission CityName=LOC_CITY_NAME_OTTAWA CompletionTurn=182 EscapeResult=-1 InitialResult=4 LevelAfter=2 LootInfo=-1 Name=LOC_CITIZEN_MAYA_MODERN_FEMALE_8 Operation=58 PlotIndex=978
mission CityName=LOC_CITY_NAME_MONTREAL CompletionTurn=182 EscapeResult=-1 InitialResult=4 LevelAfter=2 LootInfo=-1 Name=LOC_CITIZEN_MAYA_MODERN_FEMALE_7 Operation=58 PlotIndex=1314
mission CityName=LOC_CITY_NAME_TORONTO CompletionTurn=182 EscapeResult=-1 InitialResult=1 LevelAfter=1 LootInfo=-1 Name=LOC_CITIZEN_MAYA_MODERN_FEMALE_5 Operation=58 PlotIndex=1818
tally 1  FOMENT_UNREST CAPTURED / NO_RESULT
tally 2  FOMENT_UNREST SUCCESS_MUST_ESCAPE / NO_RESULT
turn 183 spies active 4 idle 7 missions 3 captured-enemy 0
spy 4784130 LOC_CITIZEN_MAYA_MALE_8 level 1 at 32:42 travel
spy 4718596 LOC_CITIZEN_MAYA_MODERN_FEMALE_3 level 1 at 37:38 travel
spy 4653065 LOC_CITIZEN_MAYA_MODERN_FEMALE_4 level 1 at 36:42 travel
spy 5046285 LOC_CITIZEN_MAYA_MODERN_MALE_9 level 1 at 65:16 start
spy 4194320 LOC_CITIZEN_MAYA_MODERN_FEMALE_7 level 1 at 54:15 busy
spy 4915219 LOC_CITIZEN_MAYA_FEMALE_4 level 1 at 63:20 start
spy 4128788 LOC_CITIZEN_MAYA_MODERN_FEMALE_8 level 1 at 54:11 busy
spy 4849685 LOC_CITIZEN_MAYA_MODERN_MALE_6 level 1 at 65:16 start
spy 4587542 LOC_CITIZEN_MAYA_MODERN_FEMALE_9 level 1 at 59:23 busy
spy 4522007 LOC_CITIZEN_MAYA_MODERN_MALE_10 level 1 at 60:16 busy
spy 5111833 LOC_CITIZEN_MAYA_FEMALE_7 level 1 at 49:10 start
turn 183 spies 11 started 4 travelled 3 promoted 2 bought 0 gold 50000
unblock: blocker ENDTURN_BLOCKING_COMMEMORATION_AVAILABLE -> nothing | end turn requested
unblock: blocker ENDTURN_BLOCKING_COMMEMORATION_AVAILABLE -> nothing | end turn requested
mission CityName=LOC_CITY_NAME_QUEBEC_CITY CompletionTurn=184 EscapeResult=-1 InitialResult=0 LevelAfter=1 LootInfo=-1 Name=LOC_CITIZEN_MAYA_MODERN_MALE_10 Operation=58 PlotIndex=1404
mission CityName=LOC_CITY_NAME_SAINT_JOHN CompletionTurn=184 EscapeResult=-1 InitialResult=4 LevelAfter=2 LootInfo=-1 Name=LOC_CITIZEN_MAYA_MODERN_FEMALE_9 Operation=58 PlotIndex=1991
mission CityName=LOC_CITY_NAME_OTTAWA CompletionTurn=182 EscapeResult=-1 InitialResult=4 LevelAfter=2 LootInfo=-1 Name=LOC_CITIZEN_MAYA_MODERN_FEMALE_8 Operation=58 PlotIndex=978
mission CityName=LOC_CITY_NAME_MONTREAL CompletionTurn=182 EscapeResult=-1 InitialResult=4 LevelAfter=2 LootInfo=-1 Name=LOC_CITIZEN_MAYA_MODERN_FEMALE_7 Operation=58 PlotIndex=1314
mission CityName=LOC_CITY_NAME_TORONTO CompletionTurn=182 EscapeResult=-1 InitialResult=1 LevelAfter=1 LootInfo=-1 Name=LOC_CITIZEN_MAYA_MODERN_FEMALE_5 Operation=58 PlotIndex=1818
tally 1  FOMENT_UNREST CAPTURED / NO_RESULT
tally 1  FOMENT_UNREST KILLED / NO_RESULT
tally 3  FOMENT_UNREST SUCCESS_MUST_ESCAPE / NO_RESULT
turn 184 spies active 6 idle 1 missions 5 captured-enemy 0
spy 5046285 LOC_CITIZEN_MAYA_MODERN_MALE_9 level 1 at 65:16 busy
spy 4194320 LOC_CITIZEN_MAYA_MODERN_FEMALE_7 level 2 at 54:15 busy
spy 4915219 LOC_CITIZEN_MAYA_FEMALE_4 level 1 at 63:20 busy
spy 4128788 LOC_CITIZEN_MAYA_MODERN_FEMALE_8 level 2 at 54:11 busy
spy 4849685 LOC_CITIZEN_MAYA_MODERN_MALE_6 level 1 at 65:16 refused
spy 4587542 LOC_CITIZEN_MAYA_MODERN_FEMALE_9 level 1 at 59:23 busy
spy 5111833 LOC_CITIZEN_MAYA_FEMALE_7 level 1 at 49:10 busy
turn 184 spies 7 started 0 travelled 0 promoted 1 bought 3 gold 50000
unblock: blocker ENDTURN_BLOCKING_COMMEMORATION_AVAILABLE -> nothing | end turn requested
unblock: blocker ENDTURN_BLOCKING_COMMEMORATION_AVAILABLE -> nothing | end turn requested
mission CityName=LOC_CITY_NAME_QUEBEC_CITY CompletionTurn=184 EscapeResult=-1 InitialResult=0 LevelAfter=1 LootInfo=-1 Name=LOC_CITIZEN_MAYA_MODERN_MALE_10 Operation=58 PlotIndex=1404
mission CityName=LOC_CITY_NAME_SAINT_JOHN CompletionTurn=184 EscapeResult=-1 InitialResult=4 LevelAfter=2 LootInfo=-1 Name=LOC_CITIZEN_MAYA_MODERN_FEMALE_9 Operation=58 PlotIndex=1991
mission CityName=LOC_CITY_NAME_OTTAWA CompletionTurn=182 EscapeResult=-1 InitialResult=4 LevelAfter=2 LootInfo=-1 Name=LOC_CITIZEN_MAYA_MODERN_FEMALE_8 Operation=58 PlotIndex=978
mission CityName=LOC_CITY_NAME_MONTREAL CompletionTurn=182 EscapeResult=-1 InitialResult=4 LevelAfter=2 LootInfo=-1 Name=LOC_CITIZEN_MAYA_MODERN_FEMALE_7 Operation=58 PlotIndex=1314
mission CityName=LOC_CITY_NAME_TORONTO CompletionTurn=182 EscapeResult=-1 InitialResult=1 LevelAfter=1 LootInfo=-1 Name=LOC_CITIZEN_MAYA_MODERN_FEMALE_5 Operation=58 PlotIndex=1818
tally 1  FOMENT_UNREST CAPTURED / NO_RESULT
tally 1  FOMENT_UNREST KILLED / NO_RESULT
tally 3  FOMENT_UNREST SUCCESS_MUST_ESCAPE / NO_RESULT
turn 185 spies active 6 idle 4 missions 5 captured-enemy 0
spy 5308418 LOC_CITIZEN_MAYA_FEMALE_6 level 1 at 32:42 travel
spy 5242884 LOC_CITIZEN_MAYA_MODERN_FEMALE_2 level 1 at 37:38 travel
spy 5177353 LOC_CITIZEN_MAYA_MODERN_FEMALE_6 level 1 at 36:42 travel
spy 5046285 LOC_CITIZEN_MAYA_MODERN_MALE_9 level 1 at 65:16 busy
spy 4194320 LOC_CITIZEN_MAYA_MODERN_FEMALE_7 level 2 at 54:15 busy
spy 4915219 LOC_CITIZEN_MAYA_FEMALE_4 level 1 at 63:20 busy
spy 4128788 LOC_CITIZEN_MAYA_MODERN_FEMALE_8 level 2 at 54:11 busy
spy 4849685 LOC_CITIZEN_MAYA_MODERN_MALE_6 level 1 at 65:16 refused
spy 4587542 LOC_CITIZEN_MAYA_MODERN_FEMALE_9 level 2 at 59:23 busy
spy 5373975 LOC_CITIZEN_MAYA_MALE_8 level 1 at 54:21 start
spy 5111833 LOC_CITIZEN_MAYA_FEMALE_7 level 1 at 49:10 busy
spy 5439514 LOC_CITIZEN_MAYA_MODERN_FEMALE_4 level 1 at 16:9 start
turn 185 spies 12 started 2 travelled 3 promoted 0 bought 0 gold 50000
unblock: blocker ENDTURN_BLOCKING_COMMEMORATION_AVAILABLE -> nothing | end turn requested
unblock: blocker ENDTURN_BLOCKING_COMMEMORATION_AVAILABLE -> nothing | end turn requested
mission CityName=LOC_CITY_NAME_QUEBEC_CITY CompletionTurn=184 EscapeResult=-1 InitialResult=0 LevelAfter=1 LootInfo=-1 Name=LOC_CITIZEN_MAYA_MODERN_MALE_10 Operation=58 PlotIndex=1404
mission CityName=LOC_CITY_NAME_SAINT_JOHN CompletionTurn=184 EscapeResult=-1 InitialResult=4 LevelAfter=2 LootInfo=-1 Name=LOC_CITIZEN_MAYA_MODERN_FEMALE_9 Operation=58 PlotIndex=1991
mission CityName=LOC_CITY_NAME_OTTAWA CompletionTurn=182 EscapeResult=-1 InitialResult=4 LevelAfter=2 LootInfo=-1 Name=LOC_CITIZEN_MAYA_MODERN_FEMALE_8 Operation=58 PlotIndex=978
mission CityName=LOC_CITY_NAME_MONTREAL CompletionTurn=182 EscapeResult=-1 InitialResult=4 LevelAfter=2 LootInfo=-1 Name=LOC_CITIZEN_MAYA_MODERN_FEMALE_7 Operation=58 PlotIndex=1314
mission CityName=LOC_CITY_NAME_TORONTO CompletionTurn=182 EscapeResult=-1 InitialResult=1 LevelAfter=1 LootInfo=-1 Name=LOC_CITIZEN_MAYA_MODERN_FEMALE_5 Operation=58 PlotIndex=1818
tally 1  FOMENT_UNREST CAPTURED / NO_RESULT
tally 1  FOMENT_UNREST KILLED / NO_RESULT
tally 3  FOMENT_UNREST SUCCESS_MUST_ESCAPE / NO_RESULT
turn 186 spies active 8 idle 2 missions 5 captured-enemy 0
spy 5505033 LOC_CITIZEN_MAYA_MODERN_FEMALE_3 level 1 at 45:9 start
spy 5046285 LOC_CITIZEN_MAYA_MODERN_MALE_9 level 1 at 65:16 busy
spy 4194320 LOC_CITIZEN_MAYA_MODERN_FEMALE_7 level 2 at 54:15 busy
spy 4915219 LOC_CITIZEN_MAYA_FEMALE_4 level 1 at 63:20 busy
spy 4128788 LOC_CITIZEN_MAYA_MODERN_FEMALE_8 level 2 at 54:11 busy
spy 4849685 LOC_CITIZEN_MAYA_MODERN_MALE_6 level 1 at 65:16 refused
spy 4587542 LOC_CITIZEN_MAYA_MODERN_FEMALE_9 level 2 at 59:23 busy
spy 5373975 LOC_CITIZEN_MAYA_MALE_8 level 1 at 54:21 busy
spy 5111833 LOC_CITIZEN_MAYA_FEMALE_7 level 1 at 49:10 busy
spy 5439514 LOC_CITIZEN_MAYA_MODERN_FEMALE_4 level 1 at 16:9 busy
turn 186 spies 10 started 1 travelled 0 promoted 0 bought 2 gold 50000
unblock: blocker ENDTURN_BLOCKING_COMMEMORATION_AVAILABLE -> nothing | end turn requested
unblock: blocker ENDTURN_BLOCKING_COMMEMORATION_AVAILABLE -> nothing | end turn requested
mission CityName=LOC_CITY_NAME_QUEBEC_CITY CompletionTurn=184 EscapeResult=-1 InitialResult=0 LevelAfter=1 LootInfo=-1 Name=LOC_CITIZEN_MAYA_MODERN_MALE_10 Operation=58 PlotIndex=1404
mission CityName=LOC_CITY_NAME_SAINT_JOHN CompletionTurn=184 EscapeResult=-1 InitialResult=4 LevelAfter=2 LootInfo=-1 Name=LOC_CITIZEN_MAYA_MODERN_FEMALE_9 Operation=58 PlotIndex=1991
mission CityName=LOC_CITY_NAME_OTTAWA CompletionTurn=182 EscapeResult=-1 InitialResult=4 LevelAfter=2 LootInfo=-1 Name=LOC_CITIZEN_MAYA_MODERN_FEMALE_8 Operation=58 PlotIndex=978
mission CityName=LOC_CITY_NAME_MONTREAL CompletionTurn=182 EscapeResult=-1 InitialResult=4 LevelAfter=2 LootInfo=-1 Name=LOC_CITIZEN_MAYA_MODERN_FEMALE_7 Operation=58 PlotIndex=1314
mission CityName=LOC_CITY_NAME_TORONTO CompletionTurn=182 EscapeResult=-1 InitialResult=1 LevelAfter=1 LootInfo=-1 Name=LOC_CITIZEN_MAYA_MODERN_FEMALE_5 Operation=58 PlotIndex=1818
tally 1  FOMENT_UNREST CAPTURED / NO_RESULT
tally 1  FOMENT_UNREST KILLED / NO_RESULT
tally 3  FOMENT_UNREST SUCCESS_MUST_ESCAPE / NO_RESULT
turn 187 spies active 9 idle 3 missions 5 captured-enemy 0
spy 5636098 LOC_CITIZEN_MAYA_MALE_6 level 1 at 37:38 travel
spy 5570564 LOC_CITIZEN_MAYA_MODERN_MALE_4 level 1 at 36:42 travel
spy 5505033 LOC_CITIZEN_MAYA_MODERN_FEMALE_3 level 1 at 45:9 busy
spy 5046285 LOC_CITIZEN_MAYA_MODERN_MALE_9 level 1 at 65:16 busy
spy 4194320 LOC_CITIZEN_MAYA_MODERN_FEMALE_7 level 2 at 54:15 busy
spy 4915219 LOC_CITIZEN_MAYA_FEMALE_4 level 1 at 63:20 busy
spy 4128788 LOC_CITIZEN_MAYA_MODERN_FEMALE_8 level 2 at 54:11 busy
spy 4849685 LOC_CITIZEN_MAYA_MODERN_MALE_6 level 1 at 65:16 refused
spy 4587542 LOC_CITIZEN_MAYA_MODERN_FEMALE_9 level 2 at 59:23 busy
spy 5373975 LOC_CITIZEN_MAYA_MALE_8 level 1 at 54:21 busy
spy 5111833 LOC_CITIZEN_MAYA_FEMALE_7 level 1 at 49:10 busy
spy 5439514 LOC_CITIZEN_MAYA_MODERN_FEMALE_4 level 1 at 16:9 busy
turn 187 spies 12 started 0 travelled 2 promoted 2 bought 0 gold 44455
unblock: blocker ENDTURN_BLOCKING_COMMEMORATION_AVAILABLE -> nothing | end turn requested
unblock: blocker ENDTURN_BLOCKING_COMMEMORATION_AVAILABLE -> nothing | end turn requested
mission CityName=LOC_CITY_NAME_VICTORIA CompletionTurn=187 EscapeResult=-1 InitialResult=4 LevelAfter=2 LootInfo=-1 Name=LOC_CITIZEN_MAYA_FEMALE_7 Operation=58 PlotIndex=889
mission CityName=LOC_CITY_NAME_WINNIPEG CompletionTurn=187 EscapeResult=-1 InitialResult=2 LevelAfter=1 LootInfo=-1 Name=LOC_CITIZEN_MAYA_FEMALE_4 Operation=58 PlotIndex=1743
mission CityName=LOC_CITY_NAME_HALIFAX CompletionTurn=187 EscapeResult=-1 InitialResult=4 LevelAfter=2 LootInfo=-1 Name=LOC_CITIZEN_MAYA_MODERN_MALE_9 Operation=58 PlotIndex=1409
mission CityName=LOC_CITY_NAME_QUEBEC_CITY CompletionTurn=184 EscapeResult=-1 InitialResult=0 LevelAfter=1 LootInfo=-1 Name=LOC_CITIZEN_MAYA_MODERN_MALE_10 Operation=58 PlotIndex=1404
mission CityName=LOC_CITY_NAME_SAINT_JOHN CompletionTurn=184 EscapeResult=-1 InitialResult=4 LevelAfter=2 LootInfo=-1 Name=LOC_CITIZEN_MAYA_MODERN_FEMALE_9 Operation=58 PlotIndex=1991
mission CityName=LOC_CITY_NAME_OTTAWA CompletionTurn=182 EscapeResult=-1 InitialResult=4 LevelAfter=2 LootInfo=-1 Name=LOC_CITIZEN_MAYA_MODERN_FEMALE_8 Operation=58 PlotIndex=978
mission CityName=LOC_CITY_NAME_MONTREAL CompletionTurn=182 EscapeResult=-1 InitialResult=4 LevelAfter=2 LootInfo=-1 Name=LOC_CITIZEN_MAYA_MODERN_FEMALE_7 Operation=58 PlotIndex=1314
mission CityName=LOC_CITY_NAME_TORONTO CompletionTurn=182 EscapeResult=-1 InitialResult=1 LevelAfter=1 LootInfo=-1 Name=LOC_CITIZEN_MAYA_MODERN_FEMALE_5 Operation=58 PlotIndex=1818
tally 1  FOMENT_UNREST CAPTURED / NO_RESULT
tally 1  FOMENT_UNREST FAIL_MUST_ESCAPE / NO_RESULT
tally 1  FOMENT_UNREST KILLED / NO_RESULT
tally 5  FOMENT_UNREST SUCCESS_MUST_ESCAPE / NO_RESULT
turn 188 spies active 9 idle 4 missions 8 captured-enemy 0
spy 5832708 LOC_CITIZEN_MAYA_MODERN_FEMALE_2 level 1 at 45:9 refused
spy 5505033 LOC_CITIZEN_MAYA_MODERN_FEMALE_3 level 1 at 45:9 busy
spy 5046285 LOC_CITIZEN_MAYA_MODERN_MALE_9 level 2 at 65:16 busy
spy 4194320 LOC_CITIZEN_MAYA_MODERN_FEMALE_7 level 2 at 54:15 busy
spy 4915219 LOC_CITIZEN_MAYA_FEMALE_4 level 1 at 63:20 busy
spy 4128788 LOC_CITIZEN_MAYA_MODERN_FEMALE_8 level 2 at 54:11 busy
spy 4849685 LOC_CITIZEN_MAYA_MODERN_MALE_6 level 1 at 65:16 refused
spy 4587542 LOC_CITIZEN_MAYA_MODERN_FEMALE_9 level 2 at 59:23 busy
spy 5373975 LOC_CITIZEN_MAYA_MALE_8 level 1 at 54:21 busy
spy 5111833 LOC_CITIZEN_MAYA_FEMALE_7 level 2 at 49:10 busy
spy 5439514 LOC_CITIZEN_MAYA_MODERN_FEMALE_4 level 1 at 16:9 busy
spy 5701659 LOC_CITIZEN_MAYA_FEMALE_6 level 1 at 60:16 start
spy 5767196 LOC_CITIZEN_MAYA_MODERN_FEMALE_6 level 1 at 69:21 start
turn 188 spies 13 started 2 travelled 0 promoted 0 bought 0 gold 50000
unblock: blocker ENDTURN_BLOCKING_COMMEMORATION_AVAILABLE -> nothing | end turn requested
unblock: blocker ENDTURN_BLOCKING_COMMEMORATION_AVAILABLE -> nothing | end turn requested
mission CityName=LOC_CITY_NAME_TE_HOKIANGA_NU_A_KUPE CompletionTurn=189 EscapeResult=-1 InitialResult=2 LevelAfter=1 LootInfo=-1 Name=LOC_CITIZEN_MAYA_MODERN_FEMALE_4 Operation=58 PlotIndex=772
mission CityName=LOC_CITY_NAME_TORONTO CompletionTurn=189 EscapeResult=-1 InitialResult=2 LevelAfter=1 LootInfo=-1 Name=LOC_CITIZEN_MAYA_MALE_8 Operation=58 PlotIndex=1818
mission CityName=LOC_CITY_NAME_VICTORIA CompletionTurn=187 EscapeResult=-1 InitialResult=4 LevelAfter=2 LootInfo=-1 Name=LOC_CITIZEN_MAYA_FEMALE_7 Operation=58 PlotIndex=889
mission CityName=LOC_CITY_NAME_WINNIPEG CompletionTurn=187 EscapeResult=-1 InitialResult=2 LevelAfter=1 LootInfo=-1 Name=LOC_CITIZEN_MAYA_FEMALE_4 Operation=58 PlotIndex=1743
mission CityName=LOC_CITY_NAME_HALIFAX CompletionTurn=187 EscapeResult=-1 InitialResult=4 LevelAfter=2 LootInfo=-1 Name=LOC_CITIZEN_MAYA_MODERN_MALE_9 Operation=58 PlotIndex=1409
mission CityName=LOC_CITY_NAME_QUEBEC_CITY CompletionTurn=184 EscapeResult=-1 InitialResult=0 LevelAfter=1 LootInfo=-1 Name=LOC_CITIZEN_MAYA_MODERN_MALE_10 Operation=58 PlotIndex=1404
mission CityName=LOC_CITY_NAME_SAINT_JOHN CompletionTurn=184 EscapeResult=-1 InitialResult=4 LevelAfter=2 LootInfo=-1 Name=LOC_CITIZEN_MAYA_MODERN_FEMALE_9 Operation=58 PlotIndex=1991
mission CityName=LOC_CITY_NAME_OTTAWA CompletionTurn=182 EscapeResult=-1 InitialResult=4 LevelAfter=2 LootInfo=-1 Name=LOC_CITIZEN_MAYA_MODERN_FEMALE_8 Operation=58 PlotIndex=978
mission CityName=LOC_CITY_NAME_MONTREAL CompletionTurn=182 EscapeResult=-1 InitialResult=4 LevelAfter=2 LootInfo=-1 Name=LOC_CITIZEN_MAYA_MODERN_FEMALE_7 Operation=58 PlotIndex=1314
mission CityName=LOC_CITY_NAME_TORONTO CompletionTurn=182 EscapeResult=-1 InitialResult=1 LevelAfter=1 LootInfo=-1 Name=LOC_CITIZEN_MAYA_MODERN_FEMALE_5 Operation=58 PlotIndex=1818
tally 1  FOMENT_UNREST CAPTURED / NO_RESULT
tally 3  FOMENT_UNREST FAIL_MUST_ESCAPE / NO_RESULT
tally 1  FOMENT_UNREST KILLED / NO_RESULT
tally 5  FOMENT_UNREST SUCCESS_MUST_ESCAPE / NO_RESULT
turn 189 spies active 11 idle 4 missions 10 captured-enemy 0
spy 5898242 LOC_CITIZEN_MAYA_MALE_6 level 1 at 60:16 refused
spy 5832708 LOC_CITIZEN_MAYA_MODERN_FEMALE_2 level 1 at 45:9 refused
spy 5505033 LOC_CITIZEN_MAYA_MODERN_FEMALE_3 level 1 at 45:9 busy
spy 5046285 LOC_CITIZEN_MAYA_MODERN_MALE_9 level 2 at 65:16 busy
spy 4194320 LOC_CITIZEN_MAYA_MODERN_FEMALE_7 level 2 at 54:15 busy
spy 4915219 LOC_CITIZEN_MAYA_FEMALE_4 level 1 at 63:20 busy
spy 4128788 LOC_CITIZEN_MAYA_MODERN_FEMALE_8 level 2 at 54:11 busy
spy 4849685 LOC_CITIZEN_MAYA_MODERN_MALE_6 level 1 at 65:16 refused
spy 4587542 LOC_CITIZEN_MAYA_MODERN_FEMALE_9 level 2 at 59:23 busy
spy 5373975 LOC_CITIZEN_MAYA_MALE_8 level 1 at 54:21 busy
spy 5111833 LOC_CITIZEN_MAYA_FEMALE_7 level 2 at 49:10 busy
spy 5439514 LOC_CITIZEN_MAYA_MODERN_FEMALE_4 level 1 at 16:9 busy
spy 5701659 LOC_CITIZEN_MAYA_FEMALE_6 level 1 at 60:16 busy
spy 5767196 LOC_CITIZEN_MAYA_MODERN_FEMALE_6 level 1 at 69:21 busy
spy 5963805 LOC_CITIZEN_MAYA_MODERN_MALE_4 level 1 at 69:21 refused
turn 189 spies 15 started 0 travelled 0 promoted 0 bought 0 gold 50000
unblock: blocker ENDTURN_BLOCKING_COMMEMORATION_AVAILABLE -> nothing | end turn requested
unblock: blocker ENDTURN_BLOCKING_COMMEMORATION_AVAILABLE -> nothing | end turn requested
mission CityName=LOC_CITY_NAME_VANCOUVER CompletionTurn=190 EscapeResult=-1 InitialResult=0 LevelAfter=1 LootInfo=-1 Name=LOC_CITIZEN_MAYA_MODERN_FEMALE_3 Operation=58 PlotIndex=801
mission CityName=LOC_CITY_NAME_TE_HOKIANGA_NU_A_KUPE CompletionTurn=189 EscapeResult=-1 InitialResult=2 LevelAfter=1 LootInfo=-1 Name=LOC_CITIZEN_MAYA_MODERN_FEMALE_4 Operation=58 PlotIndex=772
mission CityName=LOC_CITY_NAME_TORONTO CompletionTurn=189 EscapeResult=-1 InitialResult=2 LevelAfter=1 LootInfo=-1 Name=LOC_CITIZEN_MAYA_MALE_8 Operation=58 PlotIndex=1818
mission CityName=LOC_CITY_NAME_VICTORIA CompletionTurn=187 EscapeResult=-1 InitialResult=4 LevelAfter=2 LootInfo=-1 Name=LOC_CITIZEN_MAYA_FEMALE_7 Operation=58 PlotIndex=889
mission CityName=LOC_CITY_NAME_WINNIPEG CompletionTurn=187 EscapeResult=-1 InitialResult=2 LevelAfter=1 LootInfo=-1 Name=LOC_CITIZEN_MAYA_FEMALE_4 Operation=58 PlotIndex=1743
mission CityName=LOC_CITY_NAME_HALIFAX CompletionTurn=187 EscapeResult=-1 InitialResult=4 LevelAfter=2 LootInfo=-1 Name=LOC_CITIZEN_MAYA_MODERN_MALE_9 Operation=58 PlotIndex=1409
mission CityName=LOC_CITY_NAME_QUEBEC_CITY CompletionTurn=184 EscapeResult=-1 InitialResult=0 LevelAfter=1 LootInfo=-1 Name=LOC_CITIZEN_MAYA_MODERN_MALE_10 Operation=58 PlotIndex=1404
mission CityName=LOC_CITY_NAME_SAINT_JOHN CompletionTurn=184 EscapeResult=-1 InitialResult=4 LevelAfter=2 LootInfo=-1 Name=LOC_CITIZEN_MAYA_MODERN_FEMALE_9 Operation=58 PlotIndex=1991
mission CityName=LOC_CITY_NAME_OTTAWA CompletionTurn=182 EscapeResult=-1 InitialResult=4 LevelAfter=2 LootInfo=-1 Name=LOC_CITIZEN_MAYA_MODERN_FEMALE_8 Operation=58 PlotIndex=978
mission CityName=LOC_CITY_NAME_MONTREAL CompletionTurn=182 EscapeResult=-1 InitialResult=4 LevelAfter=2 LootInfo=-1 Name=LOC_CITIZEN_MAYA_MODERN_FEMALE_7 Operation=58 PlotIndex=1314
mission CityName=LOC_CITY_NAME_TORONTO CompletionTurn=182 EscapeResult=-1 InitialResult=1 LevelAfter=1 LootInfo=-1 Name=LOC_CITIZEN_MAYA_MODERN_FEMALE_5 Operation=58 PlotIndex=1818
tally 1  FOMENT_UNREST CAPTURED / NO_RESULT
tally 3  FOMENT_UNREST FAIL_MUST_ESCAPE / NO_RESULT
tally 2  FOMENT_UNREST KILLED / NO_RESULT
tally 5  FOMENT_UNREST SUCCESS_MUST_ESCAPE / NO_RESULT
turn 190 spies active 10 idle 4 missions 11 captured-enemy 0
spy 5898242 LOC_CITIZEN_MAYA_MALE_6 level 1 at 60:16 refused
spy 5832708 LOC_CITIZEN_MAYA_MODERN_FEMALE_2 level 1 at 45:9 start
spy 5046285 LOC_CITIZEN_MAYA_MODERN_MALE_9 level 2 at 65:16 busy
spy 4194320 LOC_CITIZEN_MAYA_MODERN_FEMALE_7 level 2 at 54:15 busy
spy 4915219 LOC_CITIZEN_MAYA_FEMALE_4 level 1 at 63:20 busy
spy 4128788 LOC_CITIZEN_MAYA_MODERN_FEMALE_8 level 2 at 54:11 busy
spy 4849685 LOC_CITIZEN_MAYA_MODERN_MALE_6 level 1 at 65:16 refused
spy 4587542 LOC_CITIZEN_MAYA_MODERN_FEMALE_9 level 2 at 59:23 busy
spy 5373975 LOC_CITIZEN_MAYA_MALE_8 level 1 at 54:21 busy
spy 5111833 LOC_CITIZEN_MAYA_FEMALE_7 level 2 at 49:10 busy
spy 5439514 LOC_CITIZEN_MAYA_MODERN_FEMALE_4 level 1 at 16:9 busy
spy 5701659 LOC_CITIZEN_MAYA_FEMALE_6 level 1 at 60:16 busy
spy 5767196 LOC_CITIZEN_MAYA_MODERN_FEMALE_6 level 1 at 69:21 busy
spy 5963805 LOC_CITIZEN_MAYA_MODERN_MALE_4 level 1 at 69:21 refused
turn 190 spies 14 started 1 travelled 0 promoted 0 bought 0 gold 50000
unblock: blocker ENDTURN_BLOCKING_COMMEMORATION_AVAILABLE -> nothing | end turn requested
unblock: blocker ENDTURN_BLOCKING_COMMEMORATION_AVAILABLE -> nothing | end turn requested
unblock: blocker ENDTURN_BLOCKING_WORLD_CONGRESS_SESSION -> nothing | end turn requested
unstuck: WorldCongressIntro: closed
unstuck: WorldCongressPopup: closed
mission CityName=LOC_CITY_NAME_VANCOUVER CompletionTurn=190 EscapeResult=-1 InitialResult=0 LevelAfter=1 LootInfo=-1 Name=LOC_CITIZEN_MAYA_MODERN_FEMALE_3 Operation=58 PlotIndex=801
mission CityName=LOC_CITY_NAME_TE_HOKIANGA_NU_A_KUPE CompletionTurn=189 EscapeResult=-1 InitialResult=2 LevelAfter=1 LootInfo=-1 Name=LOC_CITIZEN_MAYA_MODERN_FEMALE_4 Operation=58 PlotIndex=772
mission CityName=LOC_CITY_NAME_TORONTO CompletionTurn=189 EscapeResult=-1 InitialResult=2 LevelAfter=1 LootInfo=-1 Name=LOC_CITIZEN_MAYA_MALE_8 Operation=58 PlotIndex=1818
mission CityName=LOC_CITY_NAME_VICTORIA CompletionTurn=187 EscapeResult=-1 InitialResult=4 LevelAfter=2 LootInfo=-1 Name=LOC_CITIZEN_MAYA_FEMALE_7 Operation=58 PlotIndex=889
mission CityName=LOC_CITY_NAME_WINNIPEG CompletionTurn=187 EscapeResult=-1 InitialResult=2 LevelAfter=1 LootInfo=-1 Name=LOC_CITIZEN_MAYA_FEMALE_4 Operation=58 PlotIndex=1743
mission CityName=LOC_CITY_NAME_HALIFAX CompletionTurn=187 EscapeResult=-1 InitialResult=4 LevelAfter=2 LootInfo=-1 Name=LOC_CITIZEN_MAYA_MODERN_MALE_9 Operation=58 PlotIndex=1409
mission CityName=LOC_CITY_NAME_QUEBEC_CITY CompletionTurn=184 EscapeResult=-1 InitialResult=0 LevelAfter=1 LootInfo=-1 Name=LOC_CITIZEN_MAYA_MODERN_MALE_10 Operation=58 PlotIndex=1404
mission CityName=LOC_CITY_NAME_SAINT_JOHN CompletionTurn=184 EscapeResult=-1 InitialResult=4 LevelAfter=2 LootInfo=-1 Name=LOC_CITIZEN_MAYA_MODERN_FEMALE_9 Operation=58 PlotIndex=1991
mission CityName=LOC_CITY_NAME_OTTAWA CompletionTurn=182 EscapeResult=-1 InitialResult=4 LevelAfter=2 LootInfo=-1 Name=LOC_CITIZEN_MAYA_MODERN_FEMALE_8 Operation=58 PlotIndex=978
mission CityName=LOC_CITY_NAME_MONTREAL CompletionTurn=182 EscapeResult=-1 InitialResult=4 LevelAfter=2 LootInfo=-1 Name=LOC_CITIZEN_MAYA_MODERN_FEMALE_7 Operation=58 PlotIndex=1314
mission CityName=LOC_CITY_NAME_TORONTO CompletionTurn=182 EscapeResult=-1 InitialResult=1 LevelAfter=1 LootInfo=-1 Name=LOC_CITIZEN_MAYA_MODERN_FEMALE_5 Operation=58 PlotIndex=1818
tally 1  FOMENT_UNREST CAPTURED / NO_RESULT
tally 3  FOMENT_UNREST FAIL_MUST_ESCAPE / NO_RESULT
tally 2  FOMENT_UNREST KILLED / NO_RESULT
tally 5  FOMENT_UNREST SUCCESS_MUST_ESCAPE / NO_RESULT
turn 190 spies active 11 idle 3 missions 11 captured-enemy 0
spy 5898242 LOC_CITIZEN_MAYA_MALE_6 level 1 at 60:16 refused
spy 5832708 LOC_CITIZEN_MAYA_MODERN_FEMALE_2 level 1 at 45:9 busy
spy 5046285 LOC_CITIZEN_MAYA_MODERN_MALE_9 level 2 at 65:16 busy
spy 4194320 LOC_CITIZEN_MAYA_MODERN_FEMALE_7 level 2 at 54:15 busy
spy 4915219 LOC_CITIZEN_MAYA_FEMALE_4 level 1 at 63:20 busy
spy 4128788 LOC_CITIZEN_MAYA_MODERN_FEMALE_8 level 2 at 54:11 busy
spy 4849685 LOC_CITIZEN_MAYA_MODERN_MALE_6 level 1 at 65:16 refused
spy 4587542 LOC_CITIZEN_MAYA_MODERN_FEMALE_9 level 2 at 59:23 busy
spy 5373975 LOC_CITIZEN_MAYA_MALE_8 level 1 at 54:21 busy
spy 5111833 LOC_CITIZEN_MAYA_FEMALE_7 level 2 at 49:10 busy
spy 5439514 LOC_CITIZEN_MAYA_MODERN_FEMALE_4 level 1 at 16:9 busy
spy 5701659 LOC_CITIZEN_MAYA_FEMALE_6 level 1 at 60:16 busy
spy 5767196 LOC_CITIZEN_MAYA_MODERN_FEMALE_6 level 1 at 69:21 busy
spy 5963805 LOC_CITIZEN_MAYA_MODERN_MALE_4 level 1 at 69:21 refused
turn 190 spies 14 started 0 travelled 0 promoted 0 bought 0 gold 50000
unblock: blocker ENDTURN_BLOCKING_COMMEMORATION_AVAILABLE -> nothing | end turn requested
unstuck: NaturalDisasterPopup: closed
unblock: blocker ENDTURN_BLOCKING_COMMEMORATION_AVAILABLE -> nothing | end turn requested
mission CityName=LOC_CITY_NAME_NGARUAWAHIA CompletionTurn=192 EscapeResult=-1 InitialResult=5 LevelAfter=2 LootInfo=-1 Name=LOC_CITIZEN_MAYA_MODERN_FEMALE_6 Operation=58 PlotIndex=1833
mission CityName=LOC_CITY_NAME_QUEBEC_CITY CompletionTurn=192 EscapeResult=-1 InitialResult=1 LevelAfter=1 LootInfo=-1 Name=LOC_CITIZEN_MAYA_FEMALE_6 Operation=58 PlotIndex=1404
mission CityName=LOC_CITY_NAME_VANCOUVER CompletionTurn=190 EscapeResult=-1 InitialResult=0 LevelAfter=1 LootInfo=-1 Name=LOC_CITIZEN_MAYA_MODERN_FEMALE_3 Operation=58 PlotIndex=801
mission CityName=LOC_CITY_NAME_TE_HOKIANGA_NU_A_KUPE CompletionTurn=189 EscapeResult=-1 InitialResult=2 LevelAfter=1 LootInfo=-1 Name=LOC_CITIZEN_MAYA_MODERN_FEMALE_4 Operation=58 PlotIndex=772
mission CityName=LOC_CITY_NAME_TORONTO CompletionTurn=189 EscapeResult=-1 InitialResult=2 LevelAfter=1 LootInfo=-1 Name=LOC_CITIZEN_MAYA_MALE_8 Operation=58 PlotIndex=1818
mission CityName=LOC_CITY_NAME_VICTORIA CompletionTurn=187 EscapeResult=-1 InitialResult=4 LevelAfter=2 LootInfo=-1 Name=LOC_CITIZEN_MAYA_FEMALE_7 Operation=58 PlotIndex=889
mission CityName=LOC_CITY_NAME_WINNIPEG CompletionTurn=187 EscapeResult=-1 InitialResult=2 LevelAfter=1 LootInfo=-1 Name=LOC_CITIZEN_MAYA_FEMALE_4 Operation=58 PlotIndex=1743
mission CityName=LOC_CITY_NAME_HALIFAX CompletionTurn=187 EscapeResult=-1 InitialResult=4 LevelAfter=2 LootInfo=-1 Name=LOC_CITIZEN_MAYA_MODERN_MALE_9 Operation=58 PlotIndex=1409
mission CityName=LOC_CITY_NAME_QUEBEC_CITY CompletionTurn=184 EscapeResult=-1 InitialResult=0 LevelAfter=1 LootInfo=-1 Name=LOC_CITIZEN_MAYA_MODERN_MALE_10 Operation=58 PlotIndex=1404
mission CityName=LOC_CITY_NAME_SAINT_JOHN CompletionTurn=184 EscapeResult=-1 InitialResult=4 LevelAfter=2 LootInfo=-1 Name=LOC_CITIZEN_MAYA_MODERN_FEMALE_9 Operation=58 PlotIndex=1991
mission CityName=LOC_CITY_NAME_OTTAWA CompletionTurn=182 EscapeResult=-1 InitialResult=4 LevelAfter=2 LootInfo=-1 Name=LOC_CITIZEN_MAYA_MODERN_FEMALE_8 Operation=58 PlotIndex=978
mission CityName=LOC_CITY_NAME_MONTREAL CompletionTurn=182 EscapeResult=-1 InitialResult=4 LevelAfter=2 LootInfo=-1 Name=LOC_CITIZEN_MAYA_MODERN_FEMALE_7 Operation=58 PlotIndex=1314
mission CityName=LOC_CITY_NAME_TORONTO CompletionTurn=182 EscapeResult=-1 InitialResult=1 LevelAfter=1 LootInfo=-1 Name=LOC_CITIZEN_MAYA_MODERN_FEMALE_5 Operation=58 PlotIndex=1818
tally 2  FOMENT_UNREST CAPTURED / NO_RESULT
tally 3  FOMENT_UNREST FAIL_MUST_ESCAPE / NO_RESULT
tally 2  FOMENT_UNREST KILLED / NO_RESULT
tally 5  FOMENT_UNREST SUCCESS_MUST_ESCAPE / NO_RESULT
tally 1  FOMENT_UNREST SUCCESS_UNDETECTED / NO_RESULT
turn 192 spies active 11 idle 3 missions 13 captured-enemy 0
spy 5898242 LOC_CITIZEN_MAYA_MALE_6 level 1 at 60:16 start
spy 5832708 LOC_CITIZEN_MAYA_MODERN_FEMALE_2 level 1 at 45:9 busy
spy 5046285 LOC_CITIZEN_MAYA_MODERN_MALE_9 level 2 at 65:16 busy
spy 4194320 LOC_CITIZEN_MAYA_MODERN_FEMALE_7 level 2 at 54:15 busy
spy 4915219 LOC_CITIZEN_MAYA_FEMALE_4 level 1 at 63:20 busy
spy 4128788 LOC_CITIZEN_MAYA_MODERN_FEMALE_8 level 2 at 54:11 busy
spy 4849685 LOC_CITIZEN_MAYA_MODERN_MALE_6 level 1 at 65:16 refused
spy 4587542 LOC_CITIZEN_MAYA_MODERN_FEMALE_9 level 2 at 59:23 busy
spy 5373975 LOC_CITIZEN_MAYA_MALE_8 level 1 at 54:21 busy
spy 5111833 LOC_CITIZEN_MAYA_FEMALE_7 level 2 at 49:10 busy
spy 5439514 LOC_CITIZEN_MAYA_MODERN_FEMALE_4 level 1 at 16:9 busy
spy 5767196 LOC_CITIZEN_MAYA_MODERN_FEMALE_6 level 1 at 69:21 start
spy 5963805 LOC_CITIZEN_MAYA_MODERN_MALE_4 level 1 at 69:21 start
turn 192 spies 13 started 3 travelled 0 promoted 1 bought 0 gold 50000
unblock: blocker ENDTURN_BLOCKING_COMMEMORATION_AVAILABLE -> nothing | end turn requested
unblock: blocker ENDTURN_BLOCKING_COMMEMORATION_AVAILABLE -> nothing | end turn requested
mission CityName=LOC_CITY_NAME_NGARUAWAHIA CompletionTurn=192 EscapeResult=-1 InitialResult=5 LevelAfter=2 LootInfo=-1 Name=LOC_CITIZEN_MAYA_MODERN_FEMALE_6 Operation=58 PlotIndex=1833
mission CityName=LOC_CITY_NAME_QUEBEC_CITY CompletionTurn=192 EscapeResult=-1 InitialResult=1 LevelAfter=1 LootInfo=-1 Name=LOC_CITIZEN_MAYA_FEMALE_6 Operation=58 PlotIndex=1404
mission CityName=LOC_CITY_NAME_VANCOUVER CompletionTurn=190 EscapeResult=-1 InitialResult=0 LevelAfter=1 LootInfo=-1 Name=LOC_CITIZEN_MAYA_MODERN_FEMALE_3 Operation=58 PlotIndex=801
mission CityName=LOC_CITY_NAME_TE_HOKIANGA_NU_A_KUPE CompletionTurn=189 EscapeResult=-1 InitialResult=2 LevelAfter=1 LootInfo=-1 Name=LOC_CITIZEN_MAYA_MODERN_FEMALE_4 Operation=58 PlotIndex=772
mission CityName=LOC_CITY_NAME_TORONTO CompletionTurn=189 EscapeResult=-1 InitialResult=2 LevelAfter=1 LootInfo=-1 Name=LOC_CITIZEN_MAYA_MALE_8 Operation=58 PlotIndex=1818
mission CityName=LOC_CITY_NAME_VICTORIA CompletionTurn=187 EscapeResult=-1 InitialResult=4 LevelAfter=2 LootInfo=-1 Name=LOC_CITIZEN_MAYA_FEMALE_7 Operation=58 PlotIndex=889
mission CityName=LOC_CITY_NAME_WINNIPEG CompletionTurn=187 EscapeResult=-1 InitialResult=2 LevelAfter=1 LootInfo=-1 Name=LOC_CITIZEN_MAYA_FEMALE_4 Operation=58 PlotIndex=1743
mission CityName=LOC_CITY_NAME_HALIFAX CompletionTurn=187 EscapeResult=-1 InitialResult=4 LevelAfter=2 LootInfo=-1 Name=LOC_CITIZEN_MAYA_MODERN_MALE_9 Operation=58 PlotIndex=1409
mission CityName=LOC_CITY_NAME_QUEBEC_CITY CompletionTurn=184 EscapeResult=-1 InitialResult=0 LevelAfter=1 LootInfo=-1 Name=LOC_CITIZEN_MAYA_MODERN_MALE_10 Operation=58 PlotIndex=1404
mission CityName=LOC_CITY_NAME_SAINT_JOHN CompletionTurn=184 EscapeResult=-1 InitialResult=4 LevelAfter=2 LootInfo=-1 Name=LOC_CITIZEN_MAYA_MODERN_FEMALE_9 Operation=58 PlotIndex=1991
mission CityName=LOC_CITY_NAME_OTTAWA CompletionTurn=182 EscapeResult=-1 InitialResult=4 LevelAfter=2 LootInfo=-1 Name=LOC_CITIZEN_MAYA_MODERN_FEMALE_8 Operation=58 PlotIndex=978
mission CityName=LOC_CITY_NAME_MONTREAL CompletionTurn=182 EscapeResult=-1 InitialResult=4 LevelAfter=2 LootInfo=-1 Name=LOC_CITIZEN_MAYA_MODERN_FEMALE_7 Operation=58 PlotIndex=1314
mission CityName=LOC_CITY_NAME_TORONTO CompletionTurn=182 EscapeResult=-1 InitialResult=1 LevelAfter=1 LootInfo=-1 Name=LOC_CITIZEN_MAYA_MODERN_FEMALE_5 Operation=58 PlotIndex=1818
tally 2  FOMENT_UNREST CAPTURED / NO_RESULT
tally 3  FOMENT_UNREST FAIL_MUST_ESCAPE / NO_RESULT
tally 2  FOMENT_UNREST KILLED / NO_RESULT
tally 5  FOMENT_UNREST SUCCESS_MUST_ESCAPE / NO_RESULT
tally 1  FOMENT_UNREST SUCCESS_UNDETECTED / NO_RESULT
turn 193 spies active 11 idle 2 missions 13 captured-enemy 0
spy 5898242 LOC_CITIZEN_MAYA_MALE_6 level 1 at 60:16 busy
spy 5832708 LOC_CITIZEN_MAYA_MODERN_FEMALE_2 level 1 at 45:9 busy
spy 5046285 LOC_CITIZEN_MAYA_MODERN_MALE_9 level 2 at 65:16 busy
spy 4194320 LOC_CITIZEN_MAYA_MODERN_FEMALE_7 level 2 at 54:15 busy
spy 4915219 LOC_CITIZEN_MAYA_FEMALE_4 level 1 at 63:20 busy
spy 4128788 LOC_CITIZEN_MAYA_MODERN_FEMALE_8 level 2 at 54:11 busy
spy 4849685 LOC_CITIZEN_MAYA_MODERN_MALE_6 level 1 at 65:16 refused
spy 4587542 LOC_CITIZEN_MAYA_MODERN_FEMALE_9 level 2 at 59:23 busy
spy 5373975 LOC_CITIZEN_MAYA_MALE_8 level 1 at 54:21 busy
spy 5111833 LOC_CITIZEN_MAYA_FEMALE_7 level 2 at 49:10 busy
spy 5439514 LOC_CITIZEN_MAYA_MODERN_FEMALE_4 level 1 at 16:9 busy
spy 5767196 LOC_CITIZEN_MAYA_MODERN_FEMALE_6 level 2 at 69:21 busy
spy 5963805 LOC_CITIZEN_MAYA_MODERN_MALE_4 level 1 at 69:21 refused
turn 193 spies 13 started 0 travelled 0 promoted 0 bought 0 gold 50000
unblock: blocker ENDTURN_BLOCKING_COMMEMORATION_AVAILABLE -> nothing | end turn requested
unblock: blocker ENDTURN_BLOCKING_CIVIC -> civic CIVIC_MILITARY_TRADITION | end turn requested
unblock: blocker ENDTURN_BLOCKING_PRODUCTION -> PALENQUE_MAYA builds BUILDING_GRANARY | end turn requested
mission CityName=LOC_CITY_NAME_VANCOUVER CompletionTurn=194 EscapeResult=-1 InitialResult=4 LevelAfter=2 LootInfo=-1 Name=LOC_CITIZEN_MAYA_MODERN_FEMALE_2 Operation=58 PlotIndex=801
mission CityName=LOC_CITY_NAME_NGARUAWAHIA CompletionTurn=192 EscapeResult=-1 InitialResult=5 LevelAfter=2 LootInfo=-1 Name=LOC_CITIZEN_MAYA_MODERN_FEMALE_6 Operation=58 PlotIndex=1833
mission CityName=LOC_CITY_NAME_QUEBEC_CITY CompletionTurn=192 EscapeResult=-1 InitialResult=1 LevelAfter=1 LootInfo=-1 Name=LOC_CITIZEN_MAYA_FEMALE_6 Operation=58 PlotIndex=1404
mission CityName=LOC_CITY_NAME_VANCOUVER CompletionTurn=190 EscapeResult=-1 InitialResult=0 LevelAfter=1 LootInfo=-1 Name=LOC_CITIZEN_MAYA_MODERN_FEMALE_3 Operation=58 PlotIndex=801
mission CityName=LOC_CITY_NAME_TE_HOKIANGA_NU_A_KUPE CompletionTurn=189 EscapeResult=-1 InitialResult=2 LevelAfter=1 LootInfo=-1 Name=LOC_CITIZEN_MAYA_MODERN_FEMALE_4 Operation=58 PlotIndex=772
mission CityName=LOC_CITY_NAME_TORONTO CompletionTurn=189 EscapeResult=-1 InitialResult=2 LevelAfter=1 LootInfo=-1 Name=LOC_CITIZEN_MAYA_MALE_8 Operation=58 PlotIndex=1818
mission CityName=LOC_CITY_NAME_VICTORIA CompletionTurn=187 EscapeResult=-1 InitialResult=4 LevelAfter=2 LootInfo=-1 Name=LOC_CITIZEN_MAYA_FEMALE_7 Operation=58 PlotIndex=889
mission CityName=LOC_CITY_NAME_WINNIPEG CompletionTurn=187 EscapeResult=-1 InitialResult=2 LevelAfter=1 LootInfo=-1 Name=LOC_CITIZEN_MAYA_FEMALE_4 Operation=58 PlotIndex=1743
mission CityName=LOC_CITY_NAME_HALIFAX CompletionTurn=187 EscapeResult=-1 InitialResult=4 LevelAfter=2 LootInfo=-1 Name=LOC_CITIZEN_MAYA_MODERN_MALE_9 Operation=58 PlotIndex=1409
mission CityName=LOC_CITY_NAME_QUEBEC_CITY CompletionTurn=184 EscapeResult=-1 InitialResult=0 LevelAfter=1 LootInfo=-1 Name=LOC_CITIZEN_MAYA_MODERN_MALE_10 Operation=58 PlotIndex=1404
mission CityName=LOC_CITY_NAME_SAINT_JOHN CompletionTurn=184 EscapeResult=-1 InitialResult=4 LevelAfter=2 LootInfo=-1 Name=LOC_CITIZEN_MAYA_MODERN_FEMALE_9 Operation=58 PlotIndex=1991
mission CityName=LOC_CITY_NAME_OTTAWA CompletionTurn=182 EscapeResult=-1 InitialResult=4 LevelAfter=2 LootInfo=-1 Name=LOC_CITIZEN_MAYA_MODERN_FEMALE_8 Operation=58 PlotIndex=978
mission CityName=LOC_CITY_NAME_MONTREAL CompletionTurn=182 EscapeResult=-1 InitialResult=4 LevelAfter=2 LootInfo=-1 Name=LOC_CITIZEN_MAYA_MODERN_FEMALE_7 Operation=58 PlotIndex=1314
mission CityName=LOC_CITY_NAME_TORONTO CompletionTurn=182 EscapeResult=-1 InitialResult=1 LevelAfter=1 LootInfo=-1 Name=LOC_CITIZEN_MAYA_MODERN_FEMALE_5 Operation=58 PlotIndex=1818
tally 2  FOMENT_UNREST CAPTURED / NO_RESULT
tally 3  FOMENT_UNREST FAIL_MUST_ESCAPE / NO_RESULT
tally 2  FOMENT_UNREST KILLED / NO_RESULT
tally 6  FOMENT_UNREST SUCCESS_MUST_ESCAPE / NO_RESULT
tally 1  FOMENT_UNREST SUCCESS_UNDETECTED / NO_RESULT
turn 194 spies active 10 idle 3 missions 14 captured-enemy 0
spy 5898242 LOC_CITIZEN_MAYA_MALE_6 level 1 at 60:16 busy
spy 5832708 LOC_CITIZEN_MAYA_MODERN_FEMALE_2 level 1 at 45:9 busy
spy 5046285 LOC_CITIZEN_MAYA_MODERN_MALE_9 level 2 at 65:16 busy
spy 4194320 LOC_CITIZEN_MAYA_MODERN_FEMALE_7 level 2 at 54:15 busy
spy 4915219 LOC_CITIZEN_MAYA_FEMALE_4 level 1 at 63:20 busy
spy 4128788 LOC_CITIZEN_MAYA_MODERN_FEMALE_8 level 2 at 54:11 busy
spy 4849685 LOC_CITIZEN_MAYA_MODERN_MALE_6 level 1 at 65:16 refused
spy 4587542 LOC_CITIZEN_MAYA_MODERN_FEMALE_9 level 2 at 59:23 busy
spy 5373975 LOC_CITIZEN_MAYA_MALE_8 level 1 at 54:21 busy
spy 5111833 LOC_CITIZEN_MAYA_FEMALE_7 level 2 at 49:10 busy
spy 5439514 LOC_CITIZEN_MAYA_MODERN_FEMALE_4 level 1 at 16:9 busy
spy 5767196 LOC_CITIZEN_MAYA_MODERN_FEMALE_6 level 2 at 69:21 start
spy 5963805 LOC_CITIZEN_MAYA_MODERN_MALE_4 level 1 at 69:21 start
turn 194 spies 13 started 2 travelled 0 promoted 1 bought 0 gold 50000
unblock: blocker ENDTURN_BLOCKING_PRODUCTION -> PALENQUE_MAYA builds BUILDING_GRANARY | end turn requested
unstuck: TechCivicCompletedPopup: closed
unstuck: WorldCrisisPopup: closed
unblock: blocker ENDTURN_BLOCKING_RESEARCH -> research TECH_EDUCATION | end turn requested
mission CityName=LOC_CITY_NAME_VANCOUVER CompletionTurn=194 EscapeResult=-1 InitialResult=4 LevelAfter=2 LootInfo=-1 Name=LOC_CITIZEN_MAYA_MODERN_FEMALE_2 Operation=58 PlotIndex=801
mission CityName=LOC_CITY_NAME_NGARUAWAHIA CompletionTurn=192 EscapeResult=-1 InitialResult=5 LevelAfter=2 LootInfo=-1 Name=LOC_CITIZEN_MAYA_MODERN_FEMALE_6 Operation=58 PlotIndex=1833
mission CityName=LOC_CITY_NAME_QUEBEC_CITY CompletionTurn=192 EscapeResult=-1 InitialResult=1 LevelAfter=1 LootInfo=-1 Name=LOC_CITIZEN_MAYA_FEMALE_6 Operation=58 PlotIndex=1404
mission CityName=LOC_CITY_NAME_VANCOUVER CompletionTurn=190 EscapeResult=-1 InitialResult=0 LevelAfter=1 LootInfo=-1 Name=LOC_CITIZEN_MAYA_MODERN_FEMALE_3 Operation=58 PlotIndex=801
mission CityName=LOC_CITY_NAME_TE_HOKIANGA_NU_A_KUPE CompletionTurn=189 EscapeResult=-1 InitialResult=2 LevelAfter=1 LootInfo=-1 Name=LOC_CITIZEN_MAYA_MODERN_FEMALE_4 Operation=58 PlotIndex=772
mission CityName=LOC_CITY_NAME_TORONTO CompletionTurn=189 EscapeResult=-1 InitialResult=2 LevelAfter=1 LootInfo=-1 Name=LOC_CITIZEN_MAYA_MALE_8 Operation=58 PlotIndex=1818
mission CityName=LOC_CITY_NAME_VICTORIA CompletionTurn=187 EscapeResult=-1 InitialResult=4 LevelAfter=2 LootInfo=-1 Name=LOC_CITIZEN_MAYA_FEMALE_7 Operation=58 PlotIndex=889
mission CityName=LOC_CITY_NAME_WINNIPEG CompletionTurn=187 EscapeResult=-1 InitialResult=2 LevelAfter=1 LootInfo=-1 Name=LOC_CITIZEN_MAYA_FEMALE_4 Operation=58 PlotIndex=1743
mission CityName=LOC_CITY_NAME_HALIFAX CompletionTurn=187 EscapeResult=-1 InitialResult=4 LevelAfter=2 LootInfo=-1 Name=LOC_CITIZEN_MAYA_MODERN_MALE_9 Operation=58 PlotIndex=1409
mission CityName=LOC_CITY_NAME_QUEBEC_CITY CompletionTurn=184 EscapeResult=-1 InitialResult=0 LevelAfter=1 LootInfo=-1 Name=LOC_CITIZEN_MAYA_MODERN_MALE_10 Operation=58 PlotIndex=1404
mission CityName=LOC_CITY_NAME_SAINT_JOHN CompletionTurn=184 EscapeResult=-1 InitialResult=4 LevelAfter=2 LootInfo=-1 Name=LOC_CITIZEN_MAYA_MODERN_FEMALE_9 Operation=58 PlotIndex=1991
mission CityName=LOC_CITY_NAME_OTTAWA CompletionTurn=182 EscapeResult=-1 InitialResult=4 LevelAfter=2 LootInfo=-1 Name=LOC_CITIZEN_MAYA_MODERN_FEMALE_8 Operation=58 PlotIndex=978
mission CityName=LOC_CITY_NAME_MONTREAL CompletionTurn=182 EscapeResult=-1 InitialResult=4 LevelAfter=2 LootInfo=-1 Name=LOC_CITIZEN_MAYA_MODERN_FEMALE_7 Operation=58 PlotIndex=1314
mission CityName=LOC_CITY_NAME_TORONTO CompletionTurn=182 EscapeResult=-1 InitialResult=1 LevelAfter=1 LootInfo=-1 Name=LOC_CITIZEN_MAYA_MODERN_FEMALE_5 Operation=58 PlotIndex=1818
tally 2  FOMENT_UNREST CAPTURED / NO_RESULT
tally 3  FOMENT_UNREST FAIL_MUST_ESCAPE / NO_RESULT
tally 2  FOMENT_UNREST KILLED / NO_RESULT
tally 6  FOMENT_UNREST SUCCESS_MUST_ESCAPE / NO_RESULT
tally 1  FOMENT_UNREST SUCCESS_UNDETECTED / NO_RESULT
turn 195 spies active 11 idle 2 missions 14 captured-enemy 0
spy 5898242 LOC_CITIZEN_MAYA_MALE_6 level 1 at 60:16 busy
spy 5832708 LOC_CITIZEN_MAYA_MODERN_FEMALE_2 level 2 at 45:9 busy
spy 5046285 LOC_CITIZEN_MAYA_MODERN_MALE_9 level 2 at 65:16 busy
spy 4194320 LOC_CITIZEN_MAYA_MODERN_FEMALE_7 level 2 at 54:15 busy
spy 4915219 LOC_CITIZEN_MAYA_FEMALE_4 level 1 at 63:20 busy
spy 4128788 LOC_CITIZEN_MAYA_MODERN_FEMALE_8 level 2 at 54:11 busy
spy 4849685 LOC_CITIZEN_MAYA_MODERN_MALE_6 level 1 at 65:16 refused
spy 4587542 LOC_CITIZEN_MAYA_MODERN_FEMALE_9 level 2 at 59:23 busy
spy 5373975 LOC_CITIZEN_MAYA_MALE_8 level 1 at 54:21 busy
spy 5111833 LOC_CITIZEN_MAYA_FEMALE_7 level 2 at 49:10 busy
spy 5439514 LOC_CITIZEN_MAYA_MODERN_FEMALE_4 level 1 at 16:9 busy
spy 5767196 LOC_CITIZEN_MAYA_MODERN_FEMALE_6 level 2 at 69:21 busy
spy 5963805 LOC_CITIZEN_MAYA_MODERN_MALE_4 level 1 at 69:21 refused
turn 195 spies 13 started 0 travelled 0 promoted 0 bought 0 gold 50000
unblock: blocker ENDTURN_BLOCKING_RESEARCH -> research TECH_EDUCATION | end turn requested
unblock: blocker ENDTURN_BLOCKING_SPY_CHOOSE_ESCAPE_ROUTE -> escape route DISTRICT_CITY_CENTER of 1 for spy 5832708 LOC_CITIZEN_MAYA_MODERN_FEMALE_2 level 2 turn 195 city LOC_CITY_NAME_VANCOUVER p1 at 45:9 pursuer police | end turn requested
mission CityName=LOC_CITY_NAME_QUEBEC_CITY CompletionTurn=196 EscapeResult=-1 InitialResult=1 LevelAfter=1 LootInfo=-1 Name=LOC_CITIZEN_MAYA_MALE_6 Operation=58 PlotIndex=1404
mission CityName=LOC_CITY_NAME_VANCOUVER CompletionTurn=194 EscapeResult=-1 InitialResult=4 LevelAfter=2 LootInfo=-1 Name=LOC_CITIZEN_MAYA_MODERN_FEMALE_2 Operation=58 PlotIndex=801
mission CityName=LOC_GOSSIP_LOST_CITY CompletionTurn=192 EscapeResult=-1 InitialResult=5 LevelAfter=2 LootInfo=-1 Name=LOC_CITIZEN_MAYA_MODERN_FEMALE_6 Operation=58 PlotIndex=1833
mission CityName=LOC_CITY_NAME_QUEBEC_CITY CompletionTurn=192 EscapeResult=-1 InitialResult=1 LevelAfter=1 LootInfo=-1 Name=LOC_CITIZEN_MAYA_FEMALE_6 Operation=58 PlotIndex=1404
mission CityName=LOC_CITY_NAME_VANCOUVER CompletionTurn=190 EscapeResult=-1 InitialResult=0 LevelAfter=1 LootInfo=-1 Name=LOC_CITIZEN_MAYA_MODERN_FEMALE_3 Operation=58 PlotIndex=801
mission CityName=LOC_CITY_NAME_TE_HOKIANGA_NU_A_KUPE CompletionTurn=189 EscapeResult=-1 InitialResult=2 LevelAfter=1 LootInfo=-1 Name=LOC_CITIZEN_MAYA_MODERN_FEMALE_4 Operation=58 PlotIndex=772
mission CityName=LOC_CITY_NAME_TORONTO CompletionTurn=189 EscapeResult=-1 InitialResult=2 LevelAfter=1 LootInfo=-1 Name=LOC_CITIZEN_MAYA_MALE_8 Operation=58 PlotIndex=1818
mission CityName=LOC_CITY_NAME_VICTORIA CompletionTurn=187 EscapeResult=-1 InitialResult=4 LevelAfter=2 LootInfo=-1 Name=LOC_CITIZEN_MAYA_FEMALE_7 Operation=58 PlotIndex=889
mission CityName=LOC_CITY_NAME_WINNIPEG CompletionTurn=187 EscapeResult=-1 InitialResult=2 LevelAfter=1 LootInfo=-1 Name=LOC_CITIZEN_MAYA_FEMALE_4 Operation=58 PlotIndex=1743
mission CityName=LOC_CITY_NAME_HALIFAX CompletionTurn=187 EscapeResult=-1 InitialResult=4 LevelAfter=2 LootInfo=-1 Name=LOC_CITIZEN_MAYA_MODERN_MALE_9 Operation=58 PlotIndex=1409
mission CityName=LOC_CITY_NAME_QUEBEC_CITY CompletionTurn=184 EscapeResult=-1 InitialResult=0 LevelAfter=1 LootInfo=-1 Name=LOC_CITIZEN_MAYA_MODERN_MALE_10 Operation=58 PlotIndex=1404
mission CityName=LOC_CITY_NAME_SAINT_JOHN CompletionTurn=184 EscapeResult=-1 InitialResult=4 LevelAfter=2 LootInfo=-1 Name=LOC_CITIZEN_MAYA_MODERN_FEMALE_9 Operation=58 PlotIndex=1991
mission CityName=LOC_CITY_NAME_OTTAWA CompletionTurn=182 EscapeResult=-1 InitialResult=4 LevelAfter=2 LootInfo=-1 Name=LOC_CITIZEN_MAYA_MODERN_FEMALE_8 Operation=58 PlotIndex=978
mission CityName=LOC_CITY_NAME_MONTREAL CompletionTurn=182 EscapeResult=-1 InitialResult=4 LevelAfter=2 LootInfo=-1 Name=LOC_CITIZEN_MAYA_MODERN_FEMALE_7 Operation=58 PlotIndex=1314
mission CityName=LOC_CITY_NAME_TORONTO CompletionTurn=182 EscapeResult=-1 InitialResult=1 LevelAfter=1 LootInfo=-1 Name=LOC_CITIZEN_MAYA_MODERN_FEMALE_5 Operation=58 PlotIndex=1818
tally 3  FOMENT_UNREST CAPTURED / NO_RESULT
tally 3  FOMENT_UNREST FAIL_MUST_ESCAPE / NO_RESULT
tally 2  FOMENT_UNREST KILLED / NO_RESULT
tally 6  FOMENT_UNREST SUCCESS_MUST_ESCAPE / NO_RESULT
tally 1  FOMENT_UNREST SUCCESS_UNDETECTED / NO_RESULT
turn 196 spies active 10 idle 3 missions 15 captured-enemy 0
spy 5832708 LOC_CITIZEN_MAYA_MODERN_FEMALE_2 level 2 at 45:9 busy
spy 5046285 LOC_CITIZEN_MAYA_MODERN_MALE_9 level 2 at 65:16 busy
spy 4194320 LOC_CITIZEN_MAYA_MODERN_FEMALE_7 level 2 at 54:15 busy
spy 4915219 LOC_CITIZEN_MAYA_FEMALE_4 level 1 at 63:20 busy
spy 4128788 LOC_CITIZEN_MAYA_MODERN_FEMALE_8 level 2 at 54:11 busy
spy 4849685 LOC_CITIZEN_MAYA_MODERN_MALE_6 level 1 at 65:16 refused
spy 4587542 LOC_CITIZEN_MAYA_MODERN_FEMALE_9 level 2 at 59:23 busy
spy 5373975 LOC_CITIZEN_MAYA_MALE_8 level 1 at 54:21 busy
spy 5111833 LOC_CITIZEN_MAYA_FEMALE_7 level 2 at 49:10 busy
spy 5439514 LOC_CITIZEN_MAYA_MODERN_FEMALE_4 level 1 at 16:9 busy
spy 5767196 LOC_CITIZEN_MAYA_MODERN_FEMALE_6 level 2 at 36:42 travel
spy 5963805 LOC_CITIZEN_MAYA_MODERN_MALE_4 level 1 at 36:42 travel
turn 196 spies 12 started 0 travelled 2 promoted 0 bought 0 gold 50000
unblock: blocker ENDTURN_BLOCKING_SPY_CHOOSE_ESCAPE_ROUTE -> escape route DISTRICT_CITY_CENTER of 1 for spy 5832708 LOC_CITIZEN_MAYA_MODERN_FEMALE_2 level 2 turn 196 city LOC_CITY_NAME_VANCOUVER p1 at 45:9 pursuer police | end turn requested
unstuck: TechCivicCompletedPopup: closed
unblock: blocker ENDTURN_BLOCKING_SPY_CHOOSE_ESCAPE_ROUTE -> escape route DISTRICT_CITY_CENTER of 2 for spy 5046285 LOC_CITIZEN_MAYA_MODERN_MALE_9 level 2 turn 196 city LOC_CITY_NAME_HALIFAX p1 at 65:16 pursuer police | end turn requested
mission CityName=LOC_CITY_NAME_QUEBEC_CITY CompletionTurn=196 EscapeResult=-1 InitialResult=1 LevelAfter=1 LootInfo=-1 Name=LOC_CITIZEN_MAYA_MALE_6 Operation=58 PlotIndex=1404
mission CityName=LOC_CITY_NAME_VANCOUVER CompletionTurn=194 EscapeResult=0 InitialResult=4 LevelAfter=2 LootInfo=-1 Name=LOC_CITIZEN_MAYA_MODERN_FEMALE_2 Operation=58 PlotIndex=801
mission CityName=LOC_GOSSIP_LOST_CITY CompletionTurn=192 EscapeResult=-1 InitialResult=5 LevelAfter=2 LootInfo=-1 Name=LOC_CITIZEN_MAYA_MODERN_FEMALE_6 Operation=58 PlotIndex=1833
mission CityName=LOC_CITY_NAME_QUEBEC_CITY CompletionTurn=192 EscapeResult=-1 InitialResult=1 LevelAfter=1 LootInfo=-1 Name=LOC_CITIZEN_MAYA_FEMALE_6 Operation=58 PlotIndex=1404
mission CityName=LOC_CITY_NAME_VANCOUVER CompletionTurn=190 EscapeResult=-1 InitialResult=0 LevelAfter=1 LootInfo=-1 Name=LOC_CITIZEN_MAYA_MODERN_FEMALE_3 Operation=58 PlotIndex=801
mission CityName=LOC_CITY_NAME_TE_HOKIANGA_NU_A_KUPE CompletionTurn=189 EscapeResult=-1 InitialResult=2 LevelAfter=1 LootInfo=-1 Name=LOC_CITIZEN_MAYA_MODERN_FEMALE_4 Operation=58 PlotIndex=772
mission CityName=LOC_CITY_NAME_TORONTO CompletionTurn=189 EscapeResult=-1 InitialResult=2 LevelAfter=1 LootInfo=-1 Name=LOC_CITIZEN_MAYA_MALE_8 Operation=58 PlotIndex=1818
mission CityName=LOC_CITY_NAME_VICTORIA CompletionTurn=187 EscapeResult=-1 InitialResult=4 LevelAfter=2 LootInfo=-1 Name=LOC_CITIZEN_MAYA_FEMALE_7 Operation=58 PlotIndex=889
mission CityName=LOC_CITY_NAME_WINNIPEG CompletionTurn=187 EscapeResult=-1 InitialResult=2 LevelAfter=1 LootInfo=-1 Name=LOC_CITIZEN_MAYA_FEMALE_4 Operation=58 PlotIndex=1743
mission CityName=LOC_CITY_NAME_HALIFAX CompletionTurn=187 EscapeResult=-1 InitialResult=4 LevelAfter=2 LootInfo=-1 Name=LOC_CITIZEN_MAYA_MODERN_MALE_9 Operation=58 PlotIndex=1409
mission CityName=LOC_CITY_NAME_QUEBEC_CITY CompletionTurn=184 EscapeResult=-1 InitialResult=0 LevelAfter=1 LootInfo=-1 Name=LOC_CITIZEN_MAYA_MODERN_MALE_10 Operation=58 PlotIndex=1404
mission CityName=LOC_CITY_NAME_SAINT_JOHN CompletionTurn=184 EscapeResult=-1 InitialResult=4 LevelAfter=2 LootInfo=-1 Name=LOC_CITIZEN_MAYA_MODERN_FEMALE_9 Operation=58 PlotIndex=1991
mission CityName=LOC_CITY_NAME_OTTAWA CompletionTurn=182 EscapeResult=-1 InitialResult=4 LevelAfter=2 LootInfo=-1 Name=LOC_CITIZEN_MAYA_MODERN_FEMALE_8 Operation=58 PlotIndex=978
mission CityName=LOC_CITY_NAME_MONTREAL CompletionTurn=182 EscapeResult=-1 InitialResult=4 LevelAfter=2 LootInfo=-1 Name=LOC_CITIZEN_MAYA_MODERN_FEMALE_7 Operation=58 PlotIndex=1314
mission CityName=LOC_CITY_NAME_TORONTO CompletionTurn=182 EscapeResult=-1 InitialResult=1 LevelAfter=1 LootInfo=-1 Name=LOC_CITIZEN_MAYA_MODERN_FEMALE_5 Operation=58 PlotIndex=1818
tally 3  FOMENT_UNREST CAPTURED / NO_RESULT
tally 3  FOMENT_UNREST FAIL_MUST_ESCAPE / NO_RESULT
tally 2  FOMENT_UNREST KILLED / NO_RESULT
tally 1  FOMENT_UNREST SUCCESS_MUST_ESCAPE / KILLED
tally 5  FOMENT_UNREST SUCCESS_MUST_ESCAPE / NO_RESULT
tally 1  FOMENT_UNREST SUCCESS_UNDETECTED / NO_RESULT
turn 197 spies active 8 idle 1 missions 15 captured-enemy 0
spy 5046285 LOC_CITIZEN_MAYA_MODERN_MALE_9 level 2 at 65:16 busy
spy 4194320 LOC_CITIZEN_MAYA_MODERN_FEMALE_7 level 2 at 54:15 busy
spy 4915219 LOC_CITIZEN_MAYA_FEMALE_4 level 1 at 63:20 busy
spy 4128788 LOC_CITIZEN_MAYA_MODERN_FEMALE_8 level 2 at 54:11 busy
spy 4849685 LOC_CITIZEN_MAYA_MODERN_MALE_6 level 1 at 65:16 refused
spy 4587542 LOC_CITIZEN_MAYA_MODERN_FEMALE_9 level 2 at 59:23 busy
spy 5373975 LOC_CITIZEN_MAYA_MALE_8 level 1 at 54:21 busy
spy 5111833 LOC_CITIZEN_MAYA_FEMALE_7 level 2 at 49:10 busy
spy 5439514 LOC_CITIZEN_MAYA_MODERN_FEMALE_4 level 1 at 16:9 busy
turn 197 spies 9 started 0 travelled 0 promoted 0 bought 3 gold 50000
unblock: blocker ENDTURN_BLOCKING_SPY_CHOOSE_ESCAPE_ROUTE -> escape route DISTRICT_CITY_CENTER of 2 for spy 5046285 LOC_CITIZEN_MAYA_MODERN_MALE_9 level 2 turn 197 city LOC_CITY_NAME_HALIFAX p1 at 65:16 pursuer police | end turn requested
unblock: blocker ENDTURN_BLOCKING_SPY_CHOOSE_ESCAPE_ROUTE -> escape route DISTRICT_COMMERCIAL_HUB of 2 for spy 4194320 LOC_CITIZEN_MAYA_MODERN_FEMALE_7 level 2 turn 197 city LOC_CITY_NAME_MONTREAL p1 at 54:15 pursuer police | end turn requested
mission CityName=LOC_CITY_NAME_QUEBEC_CITY CompletionTurn=196 EscapeResult=-1 InitialResult=1 LevelAfter=1 LootInfo=-1 Name=LOC_CITIZEN_MAYA_MALE_6 Operation=58 PlotIndex=1404
mission CityName=LOC_CITY_NAME_VANCOUVER CompletionTurn=194 EscapeResult=0 InitialResult=4 LevelAfter=2 LootInfo=-1 Name=LOC_CITIZEN_MAYA_MODERN_FEMALE_2 Operation=58 PlotIndex=801
mission CityName=LOC_GOSSIP_LOST_CITY CompletionTurn=192 EscapeResult=-1 InitialResult=5 LevelAfter=2 LootInfo=-1 Name=LOC_CITIZEN_MAYA_MODERN_FEMALE_6 Operation=58 PlotIndex=1833
mission CityName=LOC_CITY_NAME_QUEBEC_CITY CompletionTurn=192 EscapeResult=-1 InitialResult=1 LevelAfter=1 LootInfo=-1 Name=LOC_CITIZEN_MAYA_FEMALE_6 Operation=58 PlotIndex=1404
mission CityName=LOC_CITY_NAME_VANCOUVER CompletionTurn=190 EscapeResult=-1 InitialResult=0 LevelAfter=1 LootInfo=-1 Name=LOC_CITIZEN_MAYA_MODERN_FEMALE_3 Operation=58 PlotIndex=801
mission CityName=LOC_CITY_NAME_TE_HOKIANGA_NU_A_KUPE CompletionTurn=189 EscapeResult=-1 InitialResult=2 LevelAfter=1 LootInfo=-1 Name=LOC_CITIZEN_MAYA_MODERN_FEMALE_4 Operation=58 PlotIndex=772
mission CityName=LOC_CITY_NAME_TORONTO CompletionTurn=189 EscapeResult=-1 InitialResult=2 LevelAfter=1 LootInfo=-1 Name=LOC_CITIZEN_MAYA_MALE_8 Operation=58 PlotIndex=1818
mission CityName=LOC_CITY_NAME_VICTORIA CompletionTurn=187 EscapeResult=-1 InitialResult=4 LevelAfter=2 LootInfo=-1 Name=LOC_CITIZEN_MAYA_FEMALE_7 Operation=58 PlotIndex=889
mission CityName=LOC_CITY_NAME_WINNIPEG CompletionTurn=187 EscapeResult=-1 InitialResult=2 LevelAfter=1 LootInfo=-1 Name=LOC_CITIZEN_MAYA_FEMALE_4 Operation=58 PlotIndex=1743
mission CityName=LOC_CITY_NAME_HALIFAX CompletionTurn=187 EscapeResult=2 InitialResult=4 LevelAfter=2 LootInfo=-1 Name=LOC_CITIZEN_MAYA_MODERN_MALE_9 Operation=58 PlotIndex=1409
mission CityName=LOC_CITY_NAME_QUEBEC_CITY CompletionTurn=184 EscapeResult=-1 InitialResult=0 LevelAfter=1 LootInfo=-1 Name=LOC_CITIZEN_MAYA_MODERN_MALE_10 Operation=58 PlotIndex=1404
mission CityName=LOC_CITY_NAME_SAINT_JOHN CompletionTurn=184 EscapeResult=-1 InitialResult=4 LevelAfter=2 LootInfo=-1 Name=LOC_CITIZEN_MAYA_MODERN_FEMALE_9 Operation=58 PlotIndex=1991
mission CityName=LOC_CITY_NAME_OTTAWA CompletionTurn=182 EscapeResult=-1 InitialResult=4 LevelAfter=2 LootInfo=-1 Name=LOC_CITIZEN_MAYA_MODERN_FEMALE_8 Operation=58 PlotIndex=978
mission CityName=LOC_CITY_NAME_MONTREAL CompletionTurn=182 EscapeResult=-1 InitialResult=4 LevelAfter=2 LootInfo=-1 Name=LOC_CITIZEN_MAYA_MODERN_FEMALE_7 Operation=58 PlotIndex=1314
mission CityName=LOC_CITY_NAME_TORONTO CompletionTurn=182 EscapeResult=-1 InitialResult=1 LevelAfter=1 LootInfo=-1 Name=LOC_CITIZEN_MAYA_MODERN_FEMALE_5 Operation=58 PlotIndex=1818
tally 3  FOMENT_UNREST CAPTURED / NO_RESULT
tally 3  FOMENT_UNREST FAIL_MUST_ESCAPE / NO_RESULT
tally 2  FOMENT_UNREST KILLED / NO_RESULT
tally 1  FOMENT_UNREST SUCCESS_MUST_ESCAPE / FAIL_MUST_ESCAPE
tally 1  FOMENT_UNREST SUCCESS_MUST_ESCAPE / KILLED
tally 4  FOMENT_UNREST SUCCESS_MUST_ESCAPE / NO_RESULT
tally 1  FOMENT_UNREST SUCCESS_UNDETECTED / NO_RESULT
turn 197 spies active 7 idle 3 missions 15 captured-enemy 0
spy 4194320 LOC_CITIZEN_MAYA_MODERN_FEMALE_7 level 2 at 54:15 busy
spy 4915219 LOC_CITIZEN_MAYA_FEMALE_4 level 1 at 63:20 busy
spy 4128788 LOC_CITIZEN_MAYA_MODERN_FEMALE_8 level 2 at 54:11 busy
spy 4849685 LOC_CITIZEN_MAYA_MODERN_MALE_6 level 1 at 65:16 start
spy 4587542 LOC_CITIZEN_MAYA_MODERN_FEMALE_9 level 2 at 59:23 busy
spy 5373975 LOC_CITIZEN_MAYA_MALE_8 level 1 at 54:21 busy
spy 5111833 LOC_CITIZEN_MAYA_FEMALE_7 level 2 at 49:10 busy
spy 5439514 LOC_CITIZEN_MAYA_MODERN_FEMALE_4 level 1 at 16:9 busy
spy 6225948 LOC_CITIZEN_MAYA_MODERN_FEMALE_1 level 1 at 37:38 notarget
spy 6160413 LOC_CITIZEN_MAYA_MALE_5 level 1 at 36:42 notarget
turn 197 spies 10 started 1 travelled 0 promoted 0 bought 0 gold 43855
unblock: blocker ENDTURN_BLOCKING_SPY_CHOOSE_ESCAPE_ROUTE -> escape route DISTRICT_COMMERCIAL_HUB of 2 for spy 4194320 LOC_CITIZEN_MAYA_MODERN_FEMALE_7 level 2 turn 197 city LOC_CITY_NAME_MONTREAL p1 at 54:15 pursuer police | end turn requested
unstuck: NaturalDisasterPopup: closed
unblock: blocker ENDTURN_BLOCKING_SPY_CHOOSE_ESCAPE_ROUTE -> escape route DISTRICT_COMMERCIAL_HUB of 2 for spy 4194320 LOC_CITIZEN_MAYA_MODERN_FEMALE_7 level 2 turn 198 city LOC_CITY_NAME_MONTREAL p1 at 54:15 pursuer police | end turn requested
mission CityName=LOC_CITY_NAME_QUEBEC_CITY CompletionTurn=196 EscapeResult=-1 InitialResult=1 LevelAfter=1 LootInfo=-1 Name=LOC_CITIZEN_MAYA_MALE_6 Operation=58 PlotIndex=1404
mission CityName=LOC_CITY_NAME_VANCOUVER CompletionTurn=194 EscapeResult=0 InitialResult=4 LevelAfter=2 LootInfo=-1 Name=LOC_CITIZEN_MAYA_MODERN_FEMALE_2 Operation=58 PlotIndex=801
mission CityName=LOC_GOSSIP_LOST_CITY CompletionTurn=192 EscapeResult=-1 InitialResult=5 LevelAfter=2 LootInfo=-1 Name=LOC_CITIZEN_MAYA_MODERN_FEMALE_6 Operation=58 PlotIndex=1833
mission CityName=LOC_CITY_NAME_QUEBEC_CITY CompletionTurn=192 EscapeResult=-1 InitialResult=1 LevelAfter=1 LootInfo=-1 Name=LOC_CITIZEN_MAYA_FEMALE_6 Operation=58 PlotIndex=1404
mission CityName=LOC_CITY_NAME_VANCOUVER CompletionTurn=190 EscapeResult=-1 InitialResult=0 LevelAfter=1 LootInfo=-1 Name=LOC_CITIZEN_MAYA_MODERN_FEMALE_3 Operation=58 PlotIndex=801
mission CityName=LOC_CITY_NAME_TE_HOKIANGA_NU_A_KUPE CompletionTurn=189 EscapeResult=-1 InitialResult=2 LevelAfter=1 LootInfo=-1 Name=LOC_CITIZEN_MAYA_MODERN_FEMALE_4 Operation=58 PlotIndex=772
mission CityName=LOC_CITY_NAME_TORONTO CompletionTurn=189 EscapeResult=-1 InitialResult=2 LevelAfter=1 LootInfo=-1 Name=LOC_CITIZEN_MAYA_MALE_8 Operation=58 PlotIndex=1818
mission CityName=LOC_CITY_NAME_VICTORIA CompletionTurn=187 EscapeResult=-1 InitialResult=4 LevelAfter=2 LootInfo=-1 Name=LOC_CITIZEN_MAYA_FEMALE_7 Operation=58 PlotIndex=889
mission CityName=LOC_CITY_NAME_WINNIPEG CompletionTurn=187 EscapeResult=-1 InitialResult=2 LevelAfter=1 LootInfo=-1 Name=LOC_CITIZEN_MAYA_FEMALE_4 Operation=58 PlotIndex=1743
mission CityName=LOC_CITY_NAME_HALIFAX CompletionTurn=187 EscapeResult=2 InitialResult=4 LevelAfter=2 LootInfo=-1 Name=LOC_CITIZEN_MAYA_MODERN_MALE_9 Operation=58 PlotIndex=1409
mission CityName=LOC_CITY_NAME_QUEBEC_CITY CompletionTurn=184 EscapeResult=-1 InitialResult=0 LevelAfter=1 LootInfo=-1 Name=LOC_CITIZEN_MAYA_MODERN_MALE_10 Operation=58 PlotIndex=1404
mission CityName=LOC_CITY_NAME_SAINT_JOHN CompletionTurn=184 EscapeResult=-1 InitialResult=4 LevelAfter=2 LootInfo=-1 Name=LOC_CITIZEN_MAYA_MODERN_FEMALE_9 Operation=58 PlotIndex=1991
mission CityName=LOC_CITY_NAME_OTTAWA CompletionTurn=182 EscapeResult=-1 InitialResult=4 LevelAfter=2 LootInfo=-1 Name=LOC_CITIZEN_MAYA_MODERN_FEMALE_8 Operation=58 PlotIndex=978
mission CityName=LOC_CITY_NAME_MONTREAL CompletionTurn=182 EscapeResult=-1 InitialResult=4 LevelAfter=2 LootInfo=-1 Name=LOC_CITIZEN_MAYA_MODERN_FEMALE_7 Operation=58 PlotIndex=1314
mission CityName=LOC_CITY_NAME_TORONTO CompletionTurn=182 EscapeResult=-1 InitialResult=1 LevelAfter=1 LootInfo=-1 Name=LOC_CITIZEN_MAYA_MODERN_FEMALE_5 Operation=58 PlotIndex=1818
tally 3  FOMENT_UNREST CAPTURED / NO_RESULT
tally 3  FOMENT_UNREST FAIL_MUST_ESCAPE / NO_RESULT
tally 2  FOMENT_UNREST KILLED / NO_RESULT
tally 1  FOMENT_UNREST SUCCESS_MUST_ESCAPE / FAIL_MUST_ESCAPE
tally 1  FOMENT_UNREST SUCCESS_MUST_ESCAPE / KILLED
tally 4  FOMENT_UNREST SUCCESS_MUST_ESCAPE / NO_RESULT
tally 1  FOMENT_UNREST SUCCESS_UNDETECTED / NO_RESULT
turn 199 spies active 7 idle 5 missions 15 captured-enemy 0
spy 6356996 LOC_CITIZEN_MAYA_MODERN_MALE_4 level 1 at 23:43 start
spy 6291469 LOC_CITIZEN_MAYA_MODERN_FEMALE_6 level 2 at 60:16 start
spy 4194320 LOC_CITIZEN_MAYA_MODERN_FEMALE_7 level 2 at 54:15 busy
spy 4915219 LOC_CITIZEN_MAYA_FEMALE_4 level 1 at 63:20 busy
spy 4128788 LOC_CITIZEN_MAYA_MODERN_FEMALE_8 level 2 at 54:11 busy
spy 4849685 LOC_CITIZEN_MAYA_MODERN_MALE_6 level 1 at 65:16 start
spy 4587542 LOC_CITIZEN_MAYA_MODERN_FEMALE_9 level 2 at 59:23 busy
spy 5373975 LOC_CITIZEN_MAYA_MALE_8 level 1 at 54:21 busy
spy 5111833 LOC_CITIZEN_MAYA_FEMALE_7 level 2 at 49:10 busy
spy 5439514 LOC_CITIZEN_MAYA_MODERN_FEMALE_4 level 1 at 16:9 busy
spy 6225948 LOC_CITIZEN_MAYA_MODERN_FEMALE_1 level 1 at 37:38 travel
spy 6160413 LOC_CITIZEN_MAYA_MALE_5 level 1 at 36:42 travel
turn 199 spies 12 started 3 travelled 2 promoted 0 bought 0 gold 50000
unblock: blocker ENDTURN_BLOCKING_SPY_CHOOSE_ESCAPE_ROUTE -> escape route DISTRICT_COMMERCIAL_HUB of 2 for spy 4194320 LOC_CITIZEN_MAYA_MODERN_FEMALE_7 level 2 turn 199 city LOC_CITY_NAME_MONTREAL p1 at 54:15 pursuer police | end turn requested
unstuck: HistoricMoments: closed
unblock: blocker ENDTURN_BLOCKING_SPY_CHOOSE_ESCAPE_ROUTE -> escape route DISTRICT_CITY_CENTER of 2 for spy 4915219 LOC_CITIZEN_MAYA_FEMALE_4 level 1 turn 199 city LOC_CITY_NAME_WINNIPEG p1 at 63:20 pursuer police | end turn requested
mission CityName=LOC_CITY_NAME_QUEBEC_CITY CompletionTurn=196 EscapeResult=-1 InitialResult=1 LevelAfter=1 LootInfo=-1 Name=LOC_CITIZEN_MAYA_MALE_6 Operation=58 PlotIndex=1404
mission CityName=LOC_CITY_NAME_VANCOUVER CompletionTurn=194 EscapeResult=0 InitialResult=4 LevelAfter=2 LootInfo=-1 Name=LOC_CITIZEN_MAYA_MODERN_FEMALE_2 Operation=58 PlotIndex=801
mission CityName=LOC_GOSSIP_LOST_CITY CompletionTurn=192 EscapeResult=-1 InitialResult=5 LevelAfter=2 LootInfo=-1 Name=LOC_CITIZEN_MAYA_MODERN_FEMALE_6 Operation=58 PlotIndex=1833
mission CityName=LOC_CITY_NAME_QUEBEC_CITY CompletionTurn=192 EscapeResult=-1 InitialResult=1 LevelAfter=1 LootInfo=-1 Name=LOC_CITIZEN_MAYA_FEMALE_6 Operation=58 PlotIndex=1404
mission CityName=LOC_CITY_NAME_VANCOUVER CompletionTurn=190 EscapeResult=-1 InitialResult=0 LevelAfter=1 LootInfo=-1 Name=LOC_CITIZEN_MAYA_MODERN_FEMALE_3 Operation=58 PlotIndex=801
mission CityName=LOC_CITY_NAME_TE_HOKIANGA_NU_A_KUPE CompletionTurn=189 EscapeResult=-1 InitialResult=2 LevelAfter=1 LootInfo=-1 Name=LOC_CITIZEN_MAYA_MODERN_FEMALE_4 Operation=58 PlotIndex=772
mission CityName=LOC_CITY_NAME_TORONTO CompletionTurn=189 EscapeResult=-1 InitialResult=2 LevelAfter=1 LootInfo=-1 Name=LOC_CITIZEN_MAYA_MALE_8 Operation=58 PlotIndex=1818
mission CityName=LOC_CITY_NAME_VICTORIA CompletionTurn=187 EscapeResult=-1 InitialResult=4 LevelAfter=2 LootInfo=-1 Name=LOC_CITIZEN_MAYA_FEMALE_7 Operation=58 PlotIndex=889
mission CityName=LOC_CITY_NAME_WINNIPEG CompletionTurn=187 EscapeResult=-1 InitialResult=2 LevelAfter=1 LootInfo=-1 Name=LOC_CITIZEN_MAYA_FEMALE_4 Operation=58 PlotIndex=1743
mission CityName=LOC_CITY_NAME_HALIFAX CompletionTurn=187 EscapeResult=2 InitialResult=4 LevelAfter=2 LootInfo=-1 Name=LOC_CITIZEN_MAYA_MODERN_MALE_9 Operation=58 PlotIndex=1409
mission CityName=LOC_CITY_NAME_QUEBEC_CITY CompletionTurn=184 EscapeResult=-1 InitialResult=0 LevelAfter=1 LootInfo=-1 Name=LOC_CITIZEN_MAYA_MODERN_MALE_10 Operation=58 PlotIndex=1404
mission CityName=LOC_CITY_NAME_SAINT_JOHN CompletionTurn=184 EscapeResult=-1 InitialResult=4 LevelAfter=2 LootInfo=-1 Name=LOC_CITIZEN_MAYA_MODERN_FEMALE_9 Operation=58 PlotIndex=1991
mission CityName=LOC_CITY_NAME_OTTAWA CompletionTurn=182 EscapeResult=-1 InitialResult=4 LevelAfter=2 LootInfo=-1 Name=LOC_CITIZEN_MAYA_MODERN_FEMALE_8 Operation=58 PlotIndex=978
mission CityName=LOC_CITY_NAME_MONTREAL CompletionTurn=182 EscapeResult=2 InitialResult=4 LevelAfter=2 LootInfo=-1 Name=LOC_CITIZEN_MAYA_MODERN_FEMALE_7 Operation=58 PlotIndex=1314
mission CityName=LOC_CITY_NAME_TORONTO CompletionTurn=182 EscapeResult=-1 InitialResult=1 LevelAfter=1 LootInfo=-1 Name=LOC_CITIZEN_MAYA_MODERN_FEMALE_5 Operation=58 PlotIndex=1818
tally 3  FOMENT_UNREST CAPTURED / NO_RESULT
tally 3  FOMENT_UNREST FAIL_MUST_ESCAPE / NO_RESULT
tally 2  FOMENT_UNREST KILLED / NO_RESULT
tally 2  FOMENT_UNREST SUCCESS_MUST_ESCAPE / FAIL_MUST_ESCAPE
tally 1  FOMENT_UNREST SUCCESS_MUST_ESCAPE / KILLED
tally 3  FOMENT_UNREST SUCCESS_MUST_ESCAPE / NO_RESULT
tally 1  FOMENT_UNREST SUCCESS_UNDETECTED / NO_RESULT
turn 200 spies active 9 idle 0 missions 15 captured-enemy 0
spy 6356996 LOC_CITIZEN_MAYA_MODERN_MALE_4 level 1 at 23:43 busy
spy 6291469 LOC_CITIZEN_MAYA_MODERN_FEMALE_6 level 2 at 60:16 busy
spy 4915219 LOC_CITIZEN_MAYA_FEMALE_4 level 1 at 63:20 busy
spy 4128788 LOC_CITIZEN_MAYA_MODERN_FEMALE_8 level 2 at 54:11 busy
spy 4849685 LOC_CITIZEN_MAYA_MODERN_MALE_6 level 1 at 65:16 busy
spy 4587542 LOC_CITIZEN_MAYA_MODERN_FEMALE_9 level 2 at 59:23 busy
spy 5373975 LOC_CITIZEN_MAYA_MALE_8 level 1 at 54:21 busy
spy 5111833 LOC_CITIZEN_MAYA_FEMALE_7 level 2 at 49:10 busy
spy 5439514 LOC_CITIZEN_MAYA_MODERN_FEMALE_4 level 1 at 16:9 busy
turn 200 spies 9 started 0 travelled 0 promoted 0 bought 0 gold 50000
unblock: blocker ENDTURN_BLOCKING_SPY_CHOOSE_ESCAPE_ROUTE -> escape route DISTRICT_CITY_CENTER of 2 for spy 4915219 LOC_CITIZEN_MAYA_FEMALE_4 level 1 turn 200 city LOC_CITY_NAME_WINNIPEG p1 at 63:20 pursuer police | end turn requested
unblock: blocker ENDTURN_BLOCKING_SPY_CHOOSE_ESCAPE_ROUTE -> escape route DISTRICT_COMMERCIAL_HUB of 2 for spy 4128788 LOC_CITIZEN_MAYA_MODERN_FEMALE_8 level 2 turn 200 city LOC_CITY_NAME_OTTAWA p1 at 54:11 pursuer police | end turn requested
mission CityName=LOC_CITY_NAME_QUEBEC_CITY CompletionTurn=196 EscapeResult=-1 InitialResult=1 LevelAfter=1 LootInfo=-1 Name=LOC_CITIZEN_MAYA_MALE_6 Operation=58 PlotIndex=1404
mission CityName=LOC_CITY_NAME_VANCOUVER CompletionTurn=194 EscapeResult=0 InitialResult=4 LevelAfter=2 LootInfo=-1 Name=LOC_CITIZEN_MAYA_MODERN_FEMALE_2 Operation=58 PlotIndex=801
mission CityName=LOC_GOSSIP_LOST_CITY CompletionTurn=192 EscapeResult=-1 InitialResult=5 LevelAfter=2 LootInfo=-1 Name=LOC_CITIZEN_MAYA_MODERN_FEMALE_6 Operation=58 PlotIndex=1833
mission CityName=LOC_CITY_NAME_QUEBEC_CITY CompletionTurn=192 EscapeResult=-1 InitialResult=1 LevelAfter=1 LootInfo=-1 Name=LOC_CITIZEN_MAYA_FEMALE_6 Operation=58 PlotIndex=1404
mission CityName=LOC_CITY_NAME_VANCOUVER CompletionTurn=190 EscapeResult=-1 InitialResult=0 LevelAfter=1 LootInfo=-1 Name=LOC_CITIZEN_MAYA_MODERN_FEMALE_3 Operation=58 PlotIndex=801
mission CityName=LOC_CITY_NAME_TE_HOKIANGA_NU_A_KUPE CompletionTurn=189 EscapeResult=-1 InitialResult=2 LevelAfter=1 LootInfo=-1 Name=LOC_CITIZEN_MAYA_MODERN_FEMALE_4 Operation=58 PlotIndex=772
mission CityName=LOC_CITY_NAME_TORONTO CompletionTurn=189 EscapeResult=-1 InitialResult=2 LevelAfter=1 LootInfo=-1 Name=LOC_CITIZEN_MAYA_MALE_8 Operation=58 PlotIndex=1818
mission CityName=LOC_CITY_NAME_VICTORIA CompletionTurn=187 EscapeResult=-1 InitialResult=4 LevelAfter=2 LootInfo=-1 Name=LOC_CITIZEN_MAYA_FEMALE_7 Operation=58 PlotIndex=889
mission CityName=LOC_CITY_NAME_WINNIPEG CompletionTurn=187 EscapeResult=1 InitialResult=2 LevelAfter=1 LootInfo=-1 Name=LOC_CITIZEN_MAYA_FEMALE_4 Operation=58 PlotIndex=1743
mission CityName=LOC_CITY_NAME_HALIFAX CompletionTurn=187 EscapeResult=2 InitialResult=4 LevelAfter=2 LootInfo=-1 Name=LOC_CITIZEN_MAYA_MODERN_MALE_9 Operation=58 PlotIndex=1409
mission CityName=LOC_CITY_NAME_QUEBEC_CITY CompletionTurn=184 EscapeResult=-1 InitialResult=0 LevelAfter=1 LootInfo=-1 Name=LOC_CITIZEN_MAYA_MODERN_MALE_10 Operation=58 PlotIndex=1404
mission CityName=LOC_CITY_NAME_SAINT_JOHN CompletionTurn=184 EscapeResult=-1 InitialResult=4 LevelAfter=2 LootInfo=-1 Name=LOC_CITIZEN_MAYA_MODERN_FEMALE_9 Operation=58 PlotIndex=1991
mission CityName=LOC_CITY_NAME_OTTAWA CompletionTurn=182 EscapeResult=-1 InitialResult=4 LevelAfter=2 LootInfo=-1 Name=LOC_CITIZEN_MAYA_MODERN_FEMALE_8 Operation=58 PlotIndex=978
mission CityName=LOC_CITY_NAME_MONTREAL CompletionTurn=182 EscapeResult=2 InitialResult=4 LevelAfter=2 LootInfo=-1 Name=LOC_CITIZEN_MAYA_MODERN_FEMALE_7 Operation=58 PlotIndex=1314
mission CityName=LOC_CITY_NAME_TORONTO CompletionTurn=182 EscapeResult=-1 InitialResult=1 LevelAfter=1 LootInfo=-1 Name=LOC_CITIZEN_MAYA_MODERN_FEMALE_5 Operation=58 PlotIndex=1818
tally 3  FOMENT_UNREST CAPTURED / NO_RESULT
tally 1  FOMENT_UNREST FAIL_MUST_ESCAPE / CAPTURED
tally 2  FOMENT_UNREST FAIL_MUST_ESCAPE / NO_RESULT
tally 2  FOMENT_UNREST KILLED / NO_RESULT
tally 2  FOMENT_UNREST SUCCESS_MUST_ESCAPE / FAIL_MUST_ESCAPE
tally 1  FOMENT_UNREST SUCCESS_MUST_ESCAPE / KILLED
tally 3  FOMENT_UNREST SUCCESS_MUST_ESCAPE / NO_RESULT
tally 1  FOMENT_UNREST SUCCESS_UNDETECTED / NO_RESULT
turn 200 spies active 8 idle 0 missions 15 captured-enemy 0
spy 6356996 LOC_CITIZEN_MAYA_MODERN_MALE_4 level 1 at 23:43 busy
spy 6291469 LOC_CITIZEN_MAYA_MODERN_FEMALE_6 level 2 at 60:16 busy
spy 4128788 LOC_CITIZEN_MAYA_MODERN_FEMALE_8 level 2 at 54:11 busy
spy 4849685 LOC_CITIZEN_MAYA_MODERN_MALE_6 level 1 at 65:16 busy
spy 4587542 LOC_CITIZEN_MAYA_MODERN_FEMALE_9 level 2 at 59:23 busy
spy 5373975 LOC_CITIZEN_MAYA_MALE_8 level 1 at 54:21 busy
spy 5111833 LOC_CITIZEN_MAYA_FEMALE_7 level 2 at 49:10 busy
spy 5439514 LOC_CITIZEN_MAYA_MODERN_FEMALE_4 level 1 at 16:9 busy
turn 201 spies 8 started 0 travelled 0 promoted 0 bought 0 gold 50000
unblock: blocker ENDTURN_BLOCKING_SPY_CHOOSE_ESCAPE_ROUTE -> escape route DISTRICT_COMMERCIAL_HUB of 2 for spy 4128788 LOC_CITIZEN_MAYA_MODERN_FEMALE_8 level 2 turn 201 city LOC_CITY_NAME_OTTAWA p1 at 54:11 pursuer police | end turn requested
unblock: blocker ENDTURN_BLOCKING_SPY_CHOOSE_ESCAPE_ROUTE -> escape route DISTRICT_HARBOR of 2 for spy 4587542 LOC_CITIZEN_MAYA_MODERN_FEMALE_9 level 2 turn 201 city LOC_CITY_NAME_SAINT_JOHN p1 at 59:23 pursuer police | end turn requested
unblock: blocker ENDTURN_BLOCKING_WORLD_CONGRESS_SESSION -> nothing | end turn requested
unstuck: WorldCongressIntro: closed
unstuck: WorldCongressPopup: closed
mission CityName=LOC_CITY_NAME_QUEBEC_CITY CompletionTurn=196 EscapeResult=-1 InitialResult=1 LevelAfter=1 LootInfo=-1 Name=LOC_CITIZEN_MAYA_MALE_6 Operation=58 PlotIndex=1404
mission CityName=LOC_CITY_NAME_VANCOUVER CompletionTurn=194 EscapeResult=0 InitialResult=4 LevelAfter=2 LootInfo=-1 Name=LOC_CITIZEN_MAYA_MODERN_FEMALE_2 Operation=58 PlotIndex=801
mission CityName=LOC_GOSSIP_LOST_CITY CompletionTurn=192 EscapeResult=-1 InitialResult=5 LevelAfter=2 LootInfo=-1 Name=LOC_CITIZEN_MAYA_MODERN_FEMALE_6 Operation=58 PlotIndex=1833
mission CityName=LOC_CITY_NAME_QUEBEC_CITY CompletionTurn=192 EscapeResult=-1 InitialResult=1 LevelAfter=1 LootInfo=-1 Name=LOC_CITIZEN_MAYA_FEMALE_6 Operation=58 PlotIndex=1404
mission CityName=LOC_CITY_NAME_VANCOUVER CompletionTurn=190 EscapeResult=-1 InitialResult=0 LevelAfter=1 LootInfo=-1 Name=LOC_CITIZEN_MAYA_MODERN_FEMALE_3 Operation=58 PlotIndex=801
mission CityName=LOC_CITY_NAME_TE_HOKIANGA_NU_A_KUPE CompletionTurn=189 EscapeResult=-1 InitialResult=2 LevelAfter=1 LootInfo=-1 Name=LOC_CITIZEN_MAYA_MODERN_FEMALE_4 Operation=58 PlotIndex=772
mission CityName=LOC_CITY_NAME_TORONTO CompletionTurn=189 EscapeResult=-1 InitialResult=2 LevelAfter=1 LootInfo=-1 Name=LOC_CITIZEN_MAYA_MALE_8 Operation=58 PlotIndex=1818
mission CityName=LOC_CITY_NAME_VICTORIA CompletionTurn=187 EscapeResult=-1 InitialResult=4 LevelAfter=2 LootInfo=-1 Name=LOC_CITIZEN_MAYA_FEMALE_7 Operation=58 PlotIndex=889
mission CityName=LOC_CITY_NAME_WINNIPEG CompletionTurn=187 EscapeResult=1 InitialResult=2 LevelAfter=1 LootInfo=-1 Name=LOC_CITIZEN_MAYA_FEMALE_4 Operation=58 PlotIndex=1743
mission CityName=LOC_CITY_NAME_HALIFAX CompletionTurn=187 EscapeResult=2 InitialResult=4 LevelAfter=2 LootInfo=-1 Name=LOC_CITIZEN_MAYA_MODERN_MALE_9 Operation=58 PlotIndex=1409
mission CityName=LOC_CITY_NAME_QUEBEC_CITY CompletionTurn=184 EscapeResult=-1 InitialResult=0 LevelAfter=1 LootInfo=-1 Name=LOC_CITIZEN_MAYA_MODERN_MALE_10 Operation=58 PlotIndex=1404
mission CityName=LOC_CITY_NAME_SAINT_JOHN CompletionTurn=184 EscapeResult=-1 InitialResult=4 LevelAfter=2 LootInfo=-1 Name=LOC_CITIZEN_MAYA_MODERN_FEMALE_9 Operation=58 PlotIndex=1991
mission CityName=LOC_CITY_NAME_OTTAWA CompletionTurn=182 EscapeResult=0 InitialResult=4 LevelAfter=2 LootInfo=-1 Name=LOC_CITIZEN_MAYA_MODERN_FEMALE_8 Operation=58 PlotIndex=978
mission CityName=LOC_CITY_NAME_MONTREAL CompletionTurn=182 EscapeResult=2 InitialResult=4 LevelAfter=2 LootInfo=-1 Name=LOC_CITIZEN_MAYA_MODERN_FEMALE_7 Operation=58 PlotIndex=1314
mission CityName=LOC_CITY_NAME_TORONTO CompletionTurn=182 EscapeResult=-1 InitialResult=1 LevelAfter=1 LootInfo=-1 Name=LOC_CITIZEN_MAYA_MODERN_FEMALE_5 Operation=58 PlotIndex=1818
tally 3  FOMENT_UNREST CAPTURED / NO_RESULT
tally 1  FOMENT_UNREST FAIL_MUST_ESCAPE / CAPTURED
tally 2  FOMENT_UNREST FAIL_MUST_ESCAPE / NO_RESULT
tally 2  FOMENT_UNREST KILLED / NO_RESULT
tally 2  FOMENT_UNREST SUCCESS_MUST_ESCAPE / FAIL_MUST_ESCAPE
tally 2  FOMENT_UNREST SUCCESS_MUST_ESCAPE / KILLED
tally 2  FOMENT_UNREST SUCCESS_MUST_ESCAPE / NO_RESULT
tally 1  FOMENT_UNREST SUCCESS_UNDETECTED / NO_RESULT
turn 202 spies active 7 idle 4 missions 15 captured-enemy 0
spy 6356996 LOC_CITIZEN_MAYA_MODERN_MALE_4 level 1 at 23:43 busy
spy 6291469 LOC_CITIZEN_MAYA_MODERN_FEMALE_6 level 2 at 60:16 busy
spy 6422547 LOC_CITIZEN_MAYA_MODERN_MALE_9 level 2 at 36:42 travel
spy 6488084 LOC_CITIZEN_MAYA_MODERN_FEMALE_1 level 1 at 45:9 start
spy 4849685 LOC_CITIZEN_MAYA_MODERN_MALE_6 level 1 at 65:16 busy
spy 4587542 LOC_CITIZEN_MAYA_MODERN_FEMALE_9 level 2 at 59:23 busy
spy 5373975 LOC_CITIZEN_MAYA_MALE_8 level 1 at 54:21 busy
spy 5111833 LOC_CITIZEN_MAYA_FEMALE_7 level 2 at 49:10 busy
spy 5439514 LOC_CITIZEN_MAYA_MODERN_FEMALE_4 level 1 at 16:9 busy
spy 6619164 LOC_CITIZEN_MAYA_MODERN_FEMALE_7 level 2 at 36:42 travel
spy 6553629 LOC_CITIZEN_MAYA_MALE_5 level 1 at 48:16 start
turn 202 spies 11 started 2 travelled 2 promoted 0 bought 1 gold 50000
unblock: blocker ENDTURN_BLOCKING_SPY_CHOOSE_ESCAPE_ROUTE -> escape route DISTRICT_HARBOR of 2 for spy 4587542 LOC_CITIZEN_MAYA_MODERN_FEMALE_9 level 2 turn 202 city LOC_CITY_NAME_SAINT_JOHN p1 at 59:23 pursuer police | end turn requested
unblock: blocker ENDTURN_BLOCKING_SPY_CHOOSE_ESCAPE_ROUTE -> escape route DISTRICT_CITY_CENTER of 2 for spy 5373975 LOC_CITIZEN_MAYA_MALE_8 level 1 turn 202 city LOC_CITY_NAME_TORONTO p1 at 54:21 pursuer police | end turn requested
mission CityName=LOC_CITY_NAME_QUEBEC_CITY CompletionTurn=196 EscapeResult=-1 InitialResult=1 LevelAfter=1 LootInfo=-1 Name=LOC_CITIZEN_MAYA_MALE_6 Operation=58 PlotIndex=1404
mission CityName=LOC_CITY_NAME_VANCOUVER CompletionTurn=194 EscapeResult=0 InitialResult=4 LevelAfter=2 LootInfo=-1 Name=LOC_CITIZEN_MAYA_MODERN_FEMALE_2 Operation=58 PlotIndex=801
mission CityName=LOC_GOSSIP_LOST_CITY CompletionTurn=192 EscapeResult=-1 InitialResult=5 LevelAfter=2 LootInfo=-1 Name=LOC_CITIZEN_MAYA_MODERN_FEMALE_6 Operation=58 PlotIndex=1833
mission CityName=LOC_CITY_NAME_QUEBEC_CITY CompletionTurn=192 EscapeResult=-1 InitialResult=1 LevelAfter=1 LootInfo=-1 Name=LOC_CITIZEN_MAYA_FEMALE_6 Operation=58 PlotIndex=1404
mission CityName=LOC_CITY_NAME_VANCOUVER CompletionTurn=190 EscapeResult=-1 InitialResult=0 LevelAfter=1 LootInfo=-1 Name=LOC_CITIZEN_MAYA_MODERN_FEMALE_3 Operation=58 PlotIndex=801
mission CityName=LOC_CITY_NAME_TE_HOKIANGA_NU_A_KUPE CompletionTurn=189 EscapeResult=-1 InitialResult=2 LevelAfter=1 LootInfo=-1 Name=LOC_CITIZEN_MAYA_MODERN_FEMALE_4 Operation=58 PlotIndex=772
mission CityName=LOC_CITY_NAME_TORONTO CompletionTurn=189 EscapeResult=-1 InitialResult=2 LevelAfter=1 LootInfo=-1 Name=LOC_CITIZEN_MAYA_MALE_8 Operation=58 PlotIndex=1818
mission CityName=LOC_CITY_NAME_VICTORIA CompletionTurn=187 EscapeResult=-1 InitialResult=4 LevelAfter=2 LootInfo=-1 Name=LOC_CITIZEN_MAYA_FEMALE_7 Operation=58 PlotIndex=889
mission CityName=LOC_CITY_NAME_WINNIPEG CompletionTurn=187 EscapeResult=1 InitialResult=2 LevelAfter=1 LootInfo=-1 Name=LOC_CITIZEN_MAYA_FEMALE_4 Operation=58 PlotIndex=1743
mission CityName=LOC_CITY_NAME_HALIFAX CompletionTurn=187 EscapeResult=2 InitialResult=4 LevelAfter=2 LootInfo=-1 Name=LOC_CITIZEN_MAYA_MODERN_MALE_9 Operation=58 PlotIndex=1409
mission CityName=LOC_CITY_NAME_QUEBEC_CITY CompletionTurn=184 EscapeResult=-1 InitialResult=0 LevelAfter=1 LootInfo=-1 Name=LOC_CITIZEN_MAYA_MODERN_MALE_10 Operation=58 PlotIndex=1404
mission CityName=LOC_CITY_NAME_SAINT_JOHN CompletionTurn=184 EscapeResult=2 InitialResult=4 LevelAfter=2 LootInfo=-1 Name=LOC_CITIZEN_MAYA_MODERN_FEMALE_9 Operation=58 PlotIndex=1991
mission CityName=LOC_CITY_NAME_OTTAWA CompletionTurn=182 EscapeResult=0 InitialResult=4 LevelAfter=2 LootInfo=-1 Name=LOC_CITIZEN_MAYA_MODERN_FEMALE_8 Operation=58 PlotIndex=978
mission CityName=LOC_CITY_NAME_MONTREAL CompletionTurn=182 EscapeResult=2 InitialResult=4 LevelAfter=2 LootInfo=-1 Name=LOC_CITIZEN_MAYA_MODERN_FEMALE_7 Operation=58 PlotIndex=1314
mission CityName=LOC_CITY_NAME_TORONTO CompletionTurn=182 EscapeResult=-1 InitialResult=1 LevelAfter=1 LootInfo=-1 Name=LOC_CITIZEN_MAYA_MODERN_FEMALE_5 Operation=58 PlotIndex=1818
tally 3  FOMENT_UNREST CAPTURED / NO_RESULT
tally 1  FOMENT_UNREST FAIL_MUST_ESCAPE / CAPTURED
tally 2  FOMENT_UNREST FAIL_MUST_ESCAPE / NO_RESULT
tally 2  FOMENT_UNREST KILLED / NO_RESULT
tally 3  FOMENT_UNREST SUCCESS_MUST_ESCAPE / FAIL_MUST_ESCAPE
tally 2  FOMENT_UNREST SUCCESS_MUST_ESCAPE / KILLED
tally 1  FOMENT_UNREST SUCCESS_MUST_ESCAPE / NO_RESULT
tally 1  FOMENT_UNREST SUCCESS_UNDETECTED / NO_RESULT
turn 202 spies active 8 idle 1 missions 15 captured-enemy 0
spy 6356996 LOC_CITIZEN_MAYA_MODERN_MALE_4 level 1 at 23:43 busy
spy 6291469 LOC_CITIZEN_MAYA_MODERN_FEMALE_6 level 2 at 60:16 busy
spy 6684688 LOC_CITIZEN_MAYA_MODERN_MALE_1 level 1 at 37:38 notarget
spy 6488084 LOC_CITIZEN_MAYA_MODERN_FEMALE_1 level 1 at 45:9 busy
spy 4849685 LOC_CITIZEN_MAYA_MODERN_MALE_6 level 1 at 65:16 busy
spy 5373975 LOC_CITIZEN_MAYA_MALE_8 level 1 at 54:21 busy
spy 5111833 LOC_CITIZEN_MAYA_FEMALE_7 level 2 at 49:10 busy
spy 5439514 LOC_CITIZEN_MAYA_MODERN_FEMALE_4 level 1 at 16:9 busy
spy 6553629 LOC_CITIZEN_MAYA_MALE_5 level 1 at 48:16 busy
turn 202 spies 9 started 0 travelled 0 promoted 0 bought 0 gold 46700
unblock: blocker ENDTURN_BLOCKING_COMMEMORATION_AVAILABLE -> nothing | end turn requested
unstuck: closed sessions [4:4,6:6]
unstuck: NaturalDisasterPopup: closed
unblock: blocker ENDTURN_BLOCKING_COMMEMORATION_AVAILABLE -> nothing | end turn requested
unstuck: EraCompletePopup: closed
unblock: blocker ENDTURN_BLOCKING_COMMEMORATION_AVAILABLE -> nothing | end turn requested
unstuck: DiplomacyActionView: closed
unblock: blocker ENDTURN_BLOCKING_COMMEMORATION_AVAILABLE -> nothing | end turn requested
mission CityName=LOC_CITY_NAME_HALIFAX CompletionTurn=203 EscapeResult=-1 InitialResult=5 LevelAfter=2 LootInfo=-1 Name=LOC_CITIZEN_MAYA_MODERN_MALE_6 Operation=58 PlotIndex=1409
mission CityName=LOC_CITY_NAME_QUEBEC_CITY CompletionTurn=203 EscapeResult=-1 InitialResult=5 LevelAfter=3 LootInfo=-1 Name=LOC_CITIZEN_MAYA_MODERN_FEMALE_6 Operation=58 PlotIndex=1404
mission CityName=LOC_CITY_NAME_OPANGO CompletionTurn=203 EscapeResult=-1 InitialResult=4 LevelAfter=2 LootInfo=-1 Name=LOC_CITIZEN_MAYA_MODERN_MALE_4 Operation=58 PlotIndex=3635
mission CityName=LOC_CITY_NAME_QUEBEC_CITY CompletionTurn=196 EscapeResult=-1 InitialResult=1 LevelAfter=1 LootInfo=-1 Name=LOC_CITIZEN_MAYA_MALE_6 Operation=58 PlotIndex=1404
mission CityName=LOC_CITY_NAME_VANCOUVER CompletionTurn=194 EscapeResult=0 InitialResult=4 LevelAfter=2 LootInfo=-1 Name=LOC_CITIZEN_MAYA_MODERN_FEMALE_2 Operation=58 PlotIndex=801
mission CityName=LOC_GOSSIP_LOST_CITY CompletionTurn=192 EscapeResult=-1 InitialResult=5 LevelAfter=2 LootInfo=-1 Name=LOC_CITIZEN_MAYA_MODERN_FEMALE_6 Operation=58 PlotIndex=1833
mission CityName=LOC_CITY_NAME_QUEBEC_CITY CompletionTurn=192 EscapeResult=-1 InitialResult=1 LevelAfter=1 LootInfo=-1 Name=LOC_CITIZEN_MAYA_FEMALE_6 Operation=58 PlotIndex=1404
mission CityName=LOC_CITY_NAME_VANCOUVER CompletionTurn=190 EscapeResult=-1 InitialResult=0 LevelAfter=1 LootInfo=-1 Name=LOC_CITIZEN_MAYA_MODERN_FEMALE_3 Operation=58 PlotIndex=801
mission CityName=LOC_CITY_NAME_TE_HOKIANGA_NU_A_KUPE CompletionTurn=189 EscapeResult=-1 InitialResult=2 LevelAfter=1 LootInfo=-1 Name=LOC_CITIZEN_MAYA_MODERN_FEMALE_4 Operation=58 PlotIndex=772
mission CityName=LOC_CITY_NAME_TORONTO CompletionTurn=189 EscapeResult=-1 InitialResult=2 LevelAfter=1 LootInfo=-1 Name=LOC_CITIZEN_MAYA_MALE_8 Operation=58 PlotIndex=1818
mission CityName=LOC_CITY_NAME_VICTORIA CompletionTurn=187 EscapeResult=-1 InitialResult=4 LevelAfter=2 LootInfo=-1 Name=LOC_CITIZEN_MAYA_FEMALE_7 Operation=58 PlotIndex=889
mission CityName=LOC_CITY_NAME_WINNIPEG CompletionTurn=187 EscapeResult=1 InitialResult=2 LevelAfter=1 LootInfo=-1 Name=LOC_CITIZEN_MAYA_FEMALE_4 Operation=58 PlotIndex=1743
mission CityName=LOC_CITY_NAME_HALIFAX CompletionTurn=187 EscapeResult=2 InitialResult=4 LevelAfter=2 LootInfo=-1 Name=LOC_CITIZEN_MAYA_MODERN_MALE_9 Operation=58 PlotIndex=1409
mission CityName=LOC_CITY_NAME_QUEBEC_CITY CompletionTurn=184 EscapeResult=-1 InitialResult=0 LevelAfter=1 LootInfo=-1 Name=LOC_CITIZEN_MAYA_MODERN_MALE_10 Operation=58 PlotIndex=1404
mission CityName=LOC_CITY_NAME_SAINT_JOHN CompletionTurn=184 EscapeResult=2 InitialResult=4 LevelAfter=2 LootInfo=-1 Name=LOC_CITIZEN_MAYA_MODERN_FEMALE_9 Operation=58 PlotIndex=1991
mission CityName=LOC_CITY_NAME_OTTAWA CompletionTurn=182 EscapeResult=0 InitialResult=4 LevelAfter=2 LootInfo=-1 Name=LOC_CITIZEN_MAYA_MODERN_FEMALE_8 Operation=58 PlotIndex=978
mission CityName=LOC_CITY_NAME_MONTREAL CompletionTurn=182 EscapeResult=2 InitialResult=4 LevelAfter=2 LootInfo=-1 Name=LOC_CITIZEN_MAYA_MODERN_FEMALE_7 Operation=58 PlotIndex=1314
mission CityName=LOC_CITY_NAME_TORONTO CompletionTurn=182 EscapeResult=-1 InitialResult=1 LevelAfter=1 LootInfo=-1 Name=LOC_CITIZEN_MAYA_MODERN_FEMALE_5 Operation=58 PlotIndex=1818
tally 3  FOMENT_UNREST CAPTURED / NO_RESULT
tally 1  FOMENT_UNREST FAIL_MUST_ESCAPE / CAPTURED
tally 2  FOMENT_UNREST FAIL_MUST_ESCAPE / NO_RESULT
tally 2  FOMENT_UNREST KILLED / NO_RESULT
tally 3  FOMENT_UNREST SUCCESS_MUST_ESCAPE / FAIL_MUST_ESCAPE
tally 2  FOMENT_UNREST SUCCESS_MUST_ESCAPE / KILLED
tally 2  FOMENT_UNREST SUCCESS_MUST_ESCAPE / NO_RESULT
tally 3  FOMENT_UNREST SUCCESS_UNDETECTED / NO_RESULT
turn 204 spies active 6 idle 3 missions 18 captured-enemy 0
spy 6356996 LOC_CITIZEN_MAYA_MODERN_MALE_4 level 1 at 23:43 busy
spy 6291469 LOC_CITIZEN_MAYA_MODERN_FEMALE_6 level 2 at 60:16 start
spy 6684688 LOC_CITIZEN_MAYA_MODERN_MALE_1 level 1 at 37:38 travel
spy 6881299 LOC_CITIZEN_MAYA_MODERN_FEMALE_9 level 2 at 36:42 travel
spy 6488084 LOC_CITIZEN_MAYA_MODERN_FEMALE_1 level 1 at 45:9 busy
spy 4849685 LOC_CITIZEN_MAYA_MODERN_MALE_6 level 1 at 65:16 start
spy 6815766 LOC_CITIZEN_MAYA_MODERN_FEMALE_7 level 2 at 54:15 start
spy 5373975 LOC_CITIZEN_MAYA_MALE_8 level 1 at 54:21 busy
spy 5111833 LOC_CITIZEN_MAYA_FEMALE_7 level 2 at 49:10 busy
spy 5439514 LOC_CITIZEN_MAYA_MODERN_FEMALE_4 level 1 at 16:9 busy
spy 6750236 LOC_CITIZEN_MAYA_MODERN_MALE_9 level 2 at 54:11 start
spy 6553629 LOC_CITIZEN_MAYA_MALE_5 level 1 at 48:16 busy
turn 204 spies 12 started 4 travelled 2 promoted 3 bought 0 gold 50000
unblock: blocker ENDTURN_BLOCKING_COMMEMORATION_AVAILABLE -> nothing | end turn requested
unblock: blocker ENDTURN_BLOCKING_COMMEMORATION_AVAILABLE -> nothing | end turn requested
mission CityName=LOC_CITY_NAME_HALIFAX CompletionTurn=203 EscapeResult=-1 InitialResult=5 LevelAfter=2 LootInfo=-1 Name=LOC_CITIZEN_MAYA_MODERN_MALE_6 Operation=58 PlotIndex=1409
mission CityName=LOC_CITY_NAME_QUEBEC_CITY CompletionTurn=203 EscapeResult=-1 InitialResult=5 LevelAfter=3 LootInfo=-1 Name=LOC_CITIZEN_MAYA_MODERN_FEMALE_6 Operation=58 PlotIndex=1404
mission CityName=LOC_CITY_NAME_OPANGO CompletionTurn=203 EscapeResult=-1 InitialResult=4 LevelAfter=2 LootInfo=-1 Name=LOC_CITIZEN_MAYA_MODERN_MALE_4 Operation=58 PlotIndex=3635
mission CityName=LOC_CITY_NAME_QUEBEC_CITY CompletionTurn=196 EscapeResult=-1 InitialResult=1 LevelAfter=1 LootInfo=-1 Name=LOC_CITIZEN_MAYA_MALE_6 Operation=58 PlotIndex=1404
mission CityName=LOC_CITY_NAME_VANCOUVER CompletionTurn=194 EscapeResult=0 InitialResult=4 LevelAfter=2 LootInfo=-1 Name=LOC_CITIZEN_MAYA_MODERN_FEMALE_2 Operation=58 PlotIndex=801
mission CityName=LOC_GOSSIP_LOST_CITY CompletionTurn=192 EscapeResult=-1 InitialResult=5 LevelAfter=2 LootInfo=-1 Name=LOC_CITIZEN_MAYA_MODERN_FEMALE_6 Operation=58 PlotIndex=1833
mission CityName=LOC_CITY_NAME_QUEBEC_CITY CompletionTurn=192 EscapeResult=-1 InitialResult=1 LevelAfter=1 LootInfo=-1 Name=LOC_CITIZEN_MAYA_FEMALE_6 Operation=58 PlotIndex=1404
mission CityName=LOC_CITY_NAME_VANCOUVER CompletionTurn=190 EscapeResult=-1 InitialResult=0 LevelAfter=1 LootInfo=-1 Name=LOC_CITIZEN_MAYA_MODERN_FEMALE_3 Operation=58 PlotIndex=801
mission CityName=LOC_CITY_NAME_TE_HOKIANGA_NU_A_KUPE CompletionTurn=189 EscapeResult=-1 InitialResult=2 LevelAfter=1 LootInfo=-1 Name=LOC_CITIZEN_MAYA_MODERN_FEMALE_4 Operation=58 PlotIndex=772
mission CityName=LOC_CITY_NAME_TORONTO CompletionTurn=189 EscapeResult=-1 InitialResult=2 LevelAfter=1 LootInfo=-1 Name=LOC_CITIZEN_MAYA_MALE_8 Operation=58 PlotIndex=1818
mission CityName=LOC_CITY_NAME_VICTORIA CompletionTurn=187 EscapeResult=-1 InitialResult=4 LevelAfter=2 LootInfo=-1 Name=LOC_CITIZEN_MAYA_FEMALE_7 Operation=58 PlotIndex=889
mission CityName=LOC_CITY_NAME_WINNIPEG CompletionTurn=187 EscapeResult=1 InitialResult=2 LevelAfter=1 LootInfo=-1 Name=LOC_CITIZEN_MAYA_FEMALE_4 Operation=58 PlotIndex=1743
mission CityName=LOC_CITY_NAME_HALIFAX CompletionTurn=187 EscapeResult=2 InitialResult=4 LevelAfter=2 LootInfo=-1 Name=LOC_CITIZEN_MAYA_MODERN_MALE_9 Operation=58 PlotIndex=1409
mission CityName=LOC_CITY_NAME_QUEBEC_CITY CompletionTurn=184 EscapeResult=-1 InitialResult=0 LevelAfter=1 LootInfo=-1 Name=LOC_CITIZEN_MAYA_MODERN_MALE_10 Operation=58 PlotIndex=1404
mission CityName=LOC_CITY_NAME_SAINT_JOHN CompletionTurn=184 EscapeResult=2 InitialResult=4 LevelAfter=2 LootInfo=-1 Name=LOC_CITIZEN_MAYA_MODERN_FEMALE_9 Operation=58 PlotIndex=1991
mission CityName=LOC_CITY_NAME_OTTAWA CompletionTurn=182 EscapeResult=0 InitialResult=4 LevelAfter=2 LootInfo=-1 Name=LOC_CITIZEN_MAYA_MODERN_FEMALE_8 Operation=58 PlotIndex=978
mission CityName=LOC_CITY_NAME_MONTREAL CompletionTurn=182 EscapeResult=2 InitialResult=4 LevelAfter=2 LootInfo=-1 Name=LOC_CITIZEN_MAYA_MODERN_FEMALE_7 Operation=58 PlotIndex=1314
mission CityName=LOC_CITY_NAME_TORONTO CompletionTurn=182 EscapeResult=-1 InitialResult=1 LevelAfter=1 LootInfo=-1 Name=LOC_CITIZEN_MAYA_MODERN_FEMALE_5 Operation=58 PlotIndex=1818
tally 3  FOMENT_UNREST CAPTURED / NO_RESULT
tally 1  FOMENT_UNREST FAIL_MUST_ESCAPE / CAPTURED
tally 2  FOMENT_UNREST FAIL_MUST_ESCAPE / NO_RESULT
tally 2  FOMENT_UNREST KILLED / NO_RESULT
tally 3  FOMENT_UNREST SUCCESS_MUST_ESCAPE / FAIL_MUST_ESCAPE
tally 2  FOMENT_UNREST SUCCESS_MUST_ESCAPE / KILLED
tally 2  FOMENT_UNREST SUCCESS_MUST_ESCAPE / NO_RESULT
tally 3  FOMENT_UNREST SUCCESS_UNDETECTED / NO_RESULT
turn 205 spies active 10 idle 0 missions 18 captured-enemy 0
spy 6356996 LOC_CITIZEN_MAYA_MODERN_MALE_4 level 2 at 23:43 busy
spy 6291469 LOC_CITIZEN_MAYA_MODERN_FEMALE_6 level 3 at 60:16 busy
spy 6488084 LOC_CITIZEN_MAYA_MODERN_FEMALE_1 level 1 at 45:9 busy
spy 4849685 LOC_CITIZEN_MAYA_MODERN_MALE_6 level 2 at 65:16 busy
spy 6815766 LOC_CITIZEN_MAYA_MODERN_FEMALE_7 level 2 at 54:15 busy
spy 5373975 LOC_CITIZEN_MAYA_MALE_8 level 1 at 54:21 busy
spy 5111833 LOC_CITIZEN_MAYA_FEMALE_7 level 2 at 49:10 busy
spy 5439514 LOC_CITIZEN_MAYA_MODERN_FEMALE_4 level 1 at 16:9 busy
spy 6750236 LOC_CITIZEN_MAYA_MODERN_MALE_9 level 2 at 54:11 busy
spy 6553629 LOC_CITIZEN_MAYA_MALE_5 level 1 at 48:16 busy
turn 205 spies 10 started 0 travelled 0 promoted 0 bought 0 gold 50000
unblock: blocker ENDTURN_BLOCKING_COMMEMORATION_AVAILABLE -> nothing | end turn requested
unblock: blocker ENDTURN_BLOCKING_SPY_CHOOSE_ESCAPE_ROUTE -> escape route DISTRICT_HARBOR of 2 for spy 6356996 LOC_CITIZEN_MAYA_MODERN_MALE_4 level 2 turn 205 city LOC_CITY_NAME_OPANGO p2 at 23:43 pursuer police | end turn requested
unstuck: closed sessions [2:2]
unstuck: DiplomacyActionView: Closing Diplomacy Action View. m_eventID: 349240
unblock: blocker ENDTURN_BLOCKING_SPY_CHOOSE_ESCAPE_ROUTE -> escape route DISTRICT_CITY_CENTER of 2 for spy 5373975 LOC_CITIZEN_MAYA_MALE_8 level 1 turn 205 city LOC_CITY_NAME_TORONTO p1 at 54:21 pursuer police | end turn requested
unblock: blocker ENDTURN_BLOCKING_SPY_CHOOSE_ESCAPE_ROUTE -> escape route DISTRICT_CITY_CENTER of 1 for spy 5111833 LOC_CITIZEN_MAYA_FEMALE_7 level 2 turn 205 city LOC_CITY_NAME_VICTORIA p1 at 49:10 pursuer police | end turn requested
mission CityName=LOC_CITY_NAME_WINDSOR CompletionTurn=206 EscapeResult=-1 InitialResult=0 LevelAfter=1 LootInfo=-1 Name=LOC_CITIZEN_MAYA_MALE_5 Operation=58 PlotIndex=1392
mission CityName=LOC_CITY_NAME_VANCOUVER CompletionTurn=206 EscapeResult=-1 InitialResult=0 LevelAfter=1 LootInfo=-1 Name=LOC_CITIZEN_MAYA_MODERN_FEMALE_1 Operation=58 PlotIndex=801
mission CityName=LOC_CITY_NAME_HALIFAX CompletionTurn=203 EscapeResult=-1 InitialResult=5 LevelAfter=2 LootInfo=-1 Name=LOC_CITIZEN_MAYA_MODERN_MALE_6 Operation=58 PlotIndex=1409
mission CityName=LOC_CITY_NAME_QUEBEC_CITY CompletionTurn=203 EscapeResult=-1 InitialResult=5 LevelAfter=3 LootInfo=-1 Name=LOC_CITIZEN_MAYA_MODERN_FEMALE_6 Operation=58 PlotIndex=1404
mission CityName=LOC_CITY_NAME_OPANGO CompletionTurn=203 EscapeResult=0 InitialResult=4 LevelAfter=2 LootInfo=-1 Name=LOC_CITIZEN_MAYA_MODERN_MALE_4 Operation=58 PlotIndex=3635
mission CityName=LOC_CITY_NAME_QUEBEC_CITY CompletionTurn=196 EscapeResult=-1 InitialResult=1 LevelAfter=1 LootInfo=-1 Name=LOC_CITIZEN_MAYA_MALE_6 Operation=58 PlotIndex=1404
mission CityName=LOC_CITY_NAME_VANCOUVER CompletionTurn=194 EscapeResult=0 InitialResult=4 LevelAfter=2 LootInfo=-1 Name=LOC_CITIZEN_MAYA_MODERN_FEMALE_2 Operation=58 PlotIndex=801
mission CityName=LOC_GOSSIP_LOST_CITY CompletionTurn=192 EscapeResult=-1 InitialResult=5 LevelAfter=2 LootInfo=-1 Name=LOC_CITIZEN_MAYA_MODERN_FEMALE_6 Operation=58 PlotIndex=1833
mission CityName=LOC_CITY_NAME_QUEBEC_CITY CompletionTurn=192 EscapeResult=-1 InitialResult=1 LevelAfter=1 LootInfo=-1 Name=LOC_CITIZEN_MAYA_FEMALE_6 Operation=58 PlotIndex=1404
mission CityName=LOC_CITY_NAME_VANCOUVER CompletionTurn=190 EscapeResult=-1 InitialResult=0 LevelAfter=1 LootInfo=-1 Name=LOC_CITIZEN_MAYA_MODERN_FEMALE_3 Operation=58 PlotIndex=801
mission CityName=LOC_CITY_NAME_TE_HOKIANGA_NU_A_KUPE CompletionTurn=189 EscapeResult=-1 InitialResult=2 LevelAfter=1 LootInfo=-1 Name=LOC_CITIZEN_MAYA_MODERN_FEMALE_4 Operation=58 PlotIndex=772
mission CityName=LOC_CITY_NAME_TORONTO CompletionTurn=189 EscapeResult=2 InitialResult=2 LevelAfter=1 LootInfo=-1 Name=LOC_CITIZEN_MAYA_MALE_8 Operation=58 PlotIndex=1818
mission CityName=LOC_CITY_NAME_VICTORIA CompletionTurn=187 EscapeResult=-1 InitialResult=4 LevelAfter=2 LootInfo=-1 Name=LOC_CITIZEN_MAYA_FEMALE_7 Operation=58 PlotIndex=889
mission CityName=LOC_CITY_NAME_WINNIPEG CompletionTurn=187 EscapeResult=1 InitialResult=2 LevelAfter=1 LootInfo=-1 Name=LOC_CITIZEN_MAYA_FEMALE_4 Operation=58 PlotIndex=1743
mission CityName=LOC_CITY_NAME_HALIFAX CompletionTurn=187 EscapeResult=2 InitialResult=4 LevelAfter=2 LootInfo=-1 Name=LOC_CITIZEN_MAYA_MODERN_MALE_9 Operation=58 PlotIndex=1409
mission CityName=LOC_CITY_NAME_QUEBEC_CITY CompletionTurn=184 EscapeResult=-1 InitialResult=0 LevelAfter=1 LootInfo=-1 Name=LOC_CITIZEN_MAYA_MODERN_MALE_10 Operation=58 PlotIndex=1404
mission CityName=LOC_CITY_NAME_SAINT_JOHN CompletionTurn=184 EscapeResult=2 InitialResult=4 LevelAfter=2 LootInfo=-1 Name=LOC_CITIZEN_MAYA_MODERN_FEMALE_9 Operation=58 PlotIndex=1991
mission CityName=LOC_CITY_NAME_OTTAWA CompletionTurn=182 EscapeResult=0 InitialResult=4 LevelAfter=2 LootInfo=-1 Name=LOC_CITIZEN_MAYA_MODERN_FEMALE_8 Operation=58 PlotIndex=978
mission CityName=LOC_CITY_NAME_MONTREAL CompletionTurn=182 EscapeResult=2 InitialResult=4 LevelAfter=2 LootInfo=-1 Name=LOC_CITIZEN_MAYA_MODERN_FEMALE_7 Operation=58 PlotIndex=1314
mission CityName=LOC_CITY_NAME_TORONTO CompletionTurn=182 EscapeResult=-1 InitialResult=1 LevelAfter=1 LootInfo=-1 Name=LOC_CITIZEN_MAYA_MODERN_FEMALE_5 Operation=58 PlotIndex=1818
tally 3  FOMENT_UNREST CAPTURED / NO_RESULT
tally 1  FOMENT_UNREST FAIL_MUST_ESCAPE / CAPTURED
tally 1  FOMENT_UNREST FAIL_MUST_ESCAPE / FAIL_MUST_ESCAPE
tally 1  FOMENT_UNREST FAIL_MUST_ESCAPE / NO_RESULT
tally 4  FOMENT_UNREST KILLED / NO_RESULT
tally 3  FOMENT_UNREST SUCCESS_MUST_ESCAPE / FAIL_MUST_ESCAPE
tally 3  FOMENT_UNREST SUCCESS_MUST_ESCAPE / KILLED
tally 1  FOMENT_UNREST SUCCESS_MUST_ESCAPE / NO_RESULT
tally 3  FOMENT_UNREST SUCCESS_UNDETECTED / NO_RESULT
turn 206 spies active 4 idle 4 missions 20 captured-enemy 0
spy 7012356 LOC_CITIZEN_MAYA_MODERN_FEMALE_9 level 2 at 63:20 start
spy 6291469 LOC_CITIZEN_MAYA_MODERN_FEMALE_6 level 3 at 60:16 start
spy 4849685 LOC_CITIZEN_MAYA_MODERN_MALE_6 level 2 at 65:16 start
spy 6815766 LOC_CITIZEN_MAYA_MODERN_FEMALE_7 level 2 at 54:15 busy
spy 6946839 LOC_CITIZEN_MAYA_MODERN_MALE_1 level 1 at 59:23 start
spy 5111833 LOC_CITIZEN_MAYA_FEMALE_7 level 2 at 49:10 busy
spy 5439514 LOC_CITIZEN_MAYA_MODERN_FEMALE_4 level 1 at 16:9 busy
spy 6750236 LOC_CITIZEN_MAYA_MODERN_MALE_9 level 2 at 54:11 busy
turn 206 spies 8 started 4 travelled 0 promoted 0 bought 3 gold 50000
unblock: blocker ENDTURN_BLOCKING_SPY_CHOOSE_ESCAPE_ROUTE -> escape route DISTRICT_CITY_CENTER of 1 for spy 5111833 LOC_CITIZEN_MAYA_FEMALE_7 level 2 turn 206 city LOC_CITY_NAME_VICTORIA p1 at 49:10 pursuer police | end turn requested
unstuck: closed sessions [1:1]
unstuck: DiplomacyActionView: Closing Diplomacy Action View. m_eventID: 360928
unblock: blocker ENDTURN_BLOCKING_SPY_CHOOSE_ESCAPE_ROUTE -> escape route DISTRICT_HARBOR of 2 for spy 5439514 LOC_CITIZEN_MAYA_MODERN_FEMALE_4 level 1 turn 206 city LOC_CITY_NAME_TE_HOKIANGA_NU_A_KUPE p2 at 16:9 pursuer police | end turn requested
unblock: blocker ENDTURN_BLOCKING_CIVIC -> civic CIVIC_MYSTICISM | end turn requested
mission CityName=LOC_CITY_NAME_WINDSOR CompletionTurn=206 EscapeResult=-1 InitialResult=0 LevelAfter=1 LootInfo=-1 Name=LOC_CITIZEN_MAYA_MALE_5 Operation=58 PlotIndex=1392
mission CityName=LOC_CITY_NAME_VANCOUVER CompletionTurn=206 EscapeResult=-1 InitialResult=0 LevelAfter=1 LootInfo=-1 Name=LOC_CITIZEN_MAYA_MODERN_FEMALE_1 Operation=58 PlotIndex=801
mission CityName=LOC_CITY_NAME_HALIFAX CompletionTurn=203 EscapeResult=-1 InitialResult=5 LevelAfter=2 LootInfo=-1 Name=LOC_CITIZEN_MAYA_MODERN_MALE_6 Operation=58 PlotIndex=1409
mission CityName=LOC_CITY_NAME_QUEBEC_CITY CompletionTurn=203 EscapeResult=-1 InitialResult=5 LevelAfter=3 LootInfo=-1 Name=LOC_CITIZEN_MAYA_MODERN_FEMALE_6 Operation=58 PlotIndex=1404
mission CityName=LOC_CITY_NAME_OPANGO CompletionTurn=203 EscapeResult=0 InitialResult=4 LevelAfter=2 LootInfo=-1 Name=LOC_CITIZEN_MAYA_MODERN_MALE_4 Operation=58 PlotIndex=3635
mission CityName=LOC_CITY_NAME_QUEBEC_CITY CompletionTurn=196 EscapeResult=-1 InitialResult=1 LevelAfter=1 LootInfo=-1 Name=LOC_CITIZEN_MAYA_MALE_6 Operation=58 PlotIndex=1404
mission CityName=LOC_CITY_NAME_VANCOUVER CompletionTurn=194 EscapeResult=0 InitialResult=4 LevelAfter=2 LootInfo=-1 Name=LOC_CITIZEN_MAYA_MODERN_FEMALE_2 Operation=58 PlotIndex=801
mission CityName=LOC_GOSSIP_LOST_CITY CompletionTurn=192 EscapeResult=-1 InitialResult=5 LevelAfter=2 LootInfo=-1 Name=LOC_CITIZEN_MAYA_MODERN_FEMALE_6 Operation=58 PlotIndex=1833
mission CityName=LOC_CITY_NAME_QUEBEC_CITY CompletionTurn=192 EscapeResult=-1 InitialResult=1 LevelAfter=1 LootInfo=-1 Name=LOC_CITIZEN_MAYA_FEMALE_6 Operation=58 PlotIndex=1404
mission CityName=LOC_CITY_NAME_VANCOUVER CompletionTurn=190 EscapeResult=-1 InitialResult=0 LevelAfter=1 LootInfo=-1 Name=LOC_CITIZEN_MAYA_MODERN_FEMALE_3 Operation=58 PlotIndex=801
mission CityName=LOC_CITY_NAME_TE_HOKIANGA_NU_A_KUPE CompletionTurn=189 EscapeResult=2 InitialResult=2 LevelAfter=1 LootInfo=-1 Name=LOC_CITIZEN_MAYA_MODERN_FEMALE_4 Operation=58 PlotIndex=772
mission CityName=LOC_CITY_NAME_TORONTO CompletionTurn=189 EscapeResult=2 InitialResult=2 LevelAfter=1 LootInfo=-1 Name=LOC_CITIZEN_MAYA_MALE_8 Operation=58 PlotIndex=1818
mission CityName=LOC_CITY_NAME_VICTORIA CompletionTurn=187 EscapeResult=0 InitialResult=4 LevelAfter=2 LootInfo=-1 Name=LOC_CITIZEN_MAYA_FEMALE_7 Operation=58 PlotIndex=889
mission CityName=LOC_CITY_NAME_WINNIPEG CompletionTurn=187 EscapeResult=1 InitialResult=2 LevelAfter=1 LootInfo=-1 Name=LOC_CITIZEN_MAYA_FEMALE_4 Operation=58 PlotIndex=1743
mission CityName=LOC_CITY_NAME_HALIFAX CompletionTurn=187 EscapeResult=2 InitialResult=4 LevelAfter=2 LootInfo=-1 Name=LOC_CITIZEN_MAYA_MODERN_MALE_9 Operation=58 PlotIndex=1409
mission CityName=LOC_CITY_NAME_QUEBEC_CITY CompletionTurn=184 EscapeResult=-1 InitialResult=0 LevelAfter=1 LootInfo=-1 Name=LOC_CITIZEN_MAYA_MODERN_MALE_10 Operation=58 PlotIndex=1404
mission CityName=LOC_CITY_NAME_SAINT_JOHN CompletionTurn=184 EscapeResult=2 InitialResult=4 LevelAfter=2 LootInfo=-1 Name=LOC_CITIZEN_MAYA_MODERN_FEMALE_9 Operation=58 PlotIndex=1991
mission CityName=LOC_CITY_NAME_OTTAWA CompletionTurn=182 EscapeResult=0 InitialResult=4 LevelAfter=2 LootInfo=-1 Name=LOC_CITIZEN_MAYA_MODERN_FEMALE_8 Operation=58 PlotIndex=978
mission CityName=LOC_CITY_NAME_MONTREAL CompletionTurn=182 EscapeResult=2 InitialResult=4 LevelAfter=2 LootInfo=-1 Name=LOC_CITIZEN_MAYA_MODERN_FEMALE_7 Operation=58 PlotIndex=1314
mission CityName=LOC_CITY_NAME_TORONTO CompletionTurn=182 EscapeResult=-1 InitialResult=1 LevelAfter=1 LootInfo=-1 Name=LOC_CITIZEN_MAYA_MODERN_FEMALE_5 Operation=58 PlotIndex=1818
tally 3  FOMENT_UNREST CAPTURED / NO_RESULT
tally 1  FOMENT_UNREST FAIL_MUST_ESCAPE / CAPTURED
tally 2  FOMENT_UNREST FAIL_MUST_ESCAPE / FAIL_MUST_ESCAPE
tally 4  FOMENT_UNREST KILLED / NO_RESULT
tally 3  FOMENT_UNREST SUCCESS_MUST_ESCAPE / FAIL_MUST_ESCAPE
tally 4  FOMENT_UNREST SUCCESS_MUST_ESCAPE / KILLED
tally 3  FOMENT_UNREST SUCCESS_UNDETECTED / NO_RESULT
turn 207 spies active 6 idle 3 missions 20 captured-enemy 0
spy 7208962 LOC_CITIZEN_MAYA_FEMALE_8 level 1 at 32:42 travel
spy 7012356 LOC_CITIZEN_MAYA_MODERN_FEMALE_9 level 2 at 63:20 busy
spy 6291469 LOC_CITIZEN_MAYA_MODERN_FEMALE_6 level 3 at 60:16 busy
spy 7143440 LOC_CITIZEN_MAYA_MALE_1 level 1 at 37:38 travel
spy 7077907 LOC_CITIZEN_MAYA_FEMALE_3 level 1 at 36:42 travel
spy 4849685 LOC_CITIZEN_MAYA_MODERN_MALE_6 level 2 at 65:16 busy
spy 6815766 LOC_CITIZEN_MAYA_MODERN_FEMALE_7 level 2 at 54:15 busy
spy 6946839 LOC_CITIZEN_MAYA_MODERN_MALE_1 level 1 at 59:23 busy
spy 6750236 LOC_CITIZEN_MAYA_MODERN_MALE_9 level 2 at 54:11 busy
turn 207 spies 9 started 0 travelled 3 promoted 0 bought 0 gold 50000
unblock: blocker ENDTURN_BLOCKING_CIVIC -> civic CIVIC_MYSTICISM | end turn requested
unblock: blocker ENDTURN_BLOCKING_PRODUCTION -> PALENQUE_MAYA builds BUILDING_MONUMENT | end turn requested
unblock: blocker ENDTURN_BLOCKING_WORLD_CONGRESS_SESSION -> nothing | end turn requested
unstuck: WorldCongressIntro: closed
unstuck: WorldCongressPopup: closed
mission CityName=LOC_CITY_NAME_OTTAWA CompletionTurn=208 EscapeResult=-1 InitialResult=5 LevelAfter=3 LootInfo=-1 Name=LOC_CITIZEN_MAYA_MODERN_MALE_9 Operation=58 PlotIndex=978
mission CityName=LOC_CITY_NAME_MONTREAL CompletionTurn=208 EscapeResult=-1 InitialResult=2 LevelAfter=2 LootInfo=-1 Name=LOC_CITIZEN_MAYA_MODERN_FEMALE_7 Operation=58 PlotIndex=1314
mission CityName=LOC_CITY_NAME_WINDSOR CompletionTurn=206 EscapeResult=-1 InitialResult=0 LevelAfter=1 LootInfo=-1 Name=LOC_CITIZEN_MAYA_MALE_5 Operation=58 PlotIndex=1392
mission CityName=LOC_CITY_NAME_VANCOUVER CompletionTurn=206 EscapeResult=-1 InitialResult=0 LevelAfter=1 LootInfo=-1 Name=LOC_CITIZEN_MAYA_MODERN_FEMALE_1 Operation=58 PlotIndex=801
mission CityName=LOC_CITY_NAME_HALIFAX CompletionTurn=203 EscapeResult=-1 InitialResult=5 LevelAfter=2 LootInfo=-1 Name=LOC_CITIZEN_MAYA_MODERN_MALE_6 Operation=58 PlotIndex=1409
mission CityName=LOC_CITY_NAME_QUEBEC_CITY CompletionTurn=203 EscapeResult=-1 InitialResult=5 LevelAfter=3 LootInfo=-1 Name=LOC_CITIZEN_MAYA_MODERN_FEMALE_6 Operation=58 PlotIndex=1404
mission CityName=LOC_CITY_NAME_OPANGO CompletionTurn=203 EscapeResult=0 InitialResult=4 LevelAfter=2 LootInfo=-1 Name=LOC_CITIZEN_MAYA_MODERN_MALE_4 Operation=58 PlotIndex=3635
mission CityName=LOC_CITY_NAME_QUEBEC_CITY CompletionTurn=196 EscapeResult=-1 InitialResult=1 LevelAfter=1 LootInfo=-1 Name=LOC_CITIZEN_MAYA_MALE_6 Operation=58 PlotIndex=1404
mission CityName=LOC_CITY_NAME_VANCOUVER CompletionTurn=194 EscapeResult=0 InitialResult=4 LevelAfter=2 LootInfo=-1 Name=LOC_CITIZEN_MAYA_MODERN_FEMALE_2 Operation=58 PlotIndex=801
mission CityName=LOC_GOSSIP_LOST_CITY CompletionTurn=192 EscapeResult=-1 InitialResult=5 LevelAfter=2 LootInfo=-1 Name=LOC_CITIZEN_MAYA_MODERN_FEMALE_6 Operation=58 PlotIndex=1833
mission CityName=LOC_CITY_NAME_QUEBEC_CITY CompletionTurn=192 EscapeResult=-1 InitialResult=1 LevelAfter=1 LootInfo=-1 Name=LOC_CITIZEN_MAYA_FEMALE_6 Operation=58 PlotIndex=1404
mission CityName=LOC_CITY_NAME_VANCOUVER CompletionTurn=190 EscapeResult=-1 InitialResult=0 LevelAfter=1 LootInfo=-1 Name=LOC_CITIZEN_MAYA_MODERN_FEMALE_3 Operation=58 PlotIndex=801
mission CityName=LOC_CITY_NAME_TE_HOKIANGA_NU_A_KUPE CompletionTurn=189 EscapeResult=2 InitialResult=2 LevelAfter=1 LootInfo=-1 Name=LOC_CITIZEN_MAYA_MODERN_FEMALE_4 Operation=58 PlotIndex=772
mission CityName=LOC_CITY_NAME_TORONTO CompletionTurn=189 EscapeResult=2 InitialResult=2 LevelAfter=1 LootInfo=-1 Name=LOC_CITIZEN_MAYA_MALE_8 Operation=58 PlotIndex=1818
mission CityName=LOC_CITY_NAME_VICTORIA CompletionTurn=187 EscapeResult=0 InitialResult=4 LevelAfter=2 LootInfo=-1 Name=LOC_CITIZEN_MAYA_FEMALE_7 Operation=58 PlotIndex=889
mission CityName=LOC_CITY_NAME_WINNIPEG CompletionTurn=187 EscapeResult=1 InitialResult=2 LevelAfter=1 LootInfo=-1 Name=LOC_CITIZEN_MAYA_FEMALE_4 Operation=58 PlotIndex=1743
mission CityName=LOC_CITY_NAME_HALIFAX CompletionTurn=187 EscapeResult=2 InitialResult=4 LevelAfter=2 LootInfo=-1 Name=LOC_CITIZEN_MAYA_MODERN_MALE_9 Operation=58 PlotIndex=1409
mission CityName=LOC_CITY_NAME_QUEBEC_CITY CompletionTurn=184 EscapeResult=-1 InitialResult=0 LevelAfter=1 LootInfo=-1 Name=LOC_CITIZEN_MAYA_MODERN_MALE_10 Operation=58 PlotIndex=1404
mission CityName=LOC_CITY_NAME_SAINT_JOHN CompletionTurn=184 EscapeResult=2 InitialResult=4 LevelAfter=2 LootInfo=-1 Name=LOC_CITIZEN_MAYA_MODERN_FEMALE_9 Operation=58 PlotIndex=1991
mission CityName=LOC_CITY_NAME_OTTAWA CompletionTurn=182 EscapeResult=0 InitialResult=4 LevelAfter=2 LootInfo=-1 Name=LOC_CITIZEN_MAYA_MODERN_FEMALE_8 Operation=58 PlotIndex=978
mission CityName=LOC_CITY_NAME_MONTREAL CompletionTurn=182 EscapeResult=2 InitialResult=4 LevelAfter=2 LootInfo=-1 Name=LOC_CITIZEN_MAYA_MODERN_FEMALE_7 Operation=58 PlotIndex=1314
mission CityName=LOC_CITY_NAME_TORONTO CompletionTurn=182 EscapeResult=-1 InitialResult=1 LevelAfter=1 LootInfo=-1 Name=LOC_CITIZEN_MAYA_MODERN_FEMALE_5 Operation=58 PlotIndex=1818
tally 3  FOMENT_UNREST CAPTURED / NO_RESULT
tally 1  FOMENT_UNREST FAIL_MUST_ESCAPE / CAPTURED
tally 2  FOMENT_UNREST FAIL_MUST_ESCAPE / FAIL_MUST_ESCAPE
tally 1  FOMENT_UNREST FAIL_MUST_ESCAPE / NO_RESULT
tally 4  FOMENT_UNREST KILLED / NO_RESULT
tally 3  FOMENT_UNREST SUCCESS_MUST_ESCAPE / FAIL_MUST_ESCAPE
tally 4  FOMENT_UNREST SUCCESS_MUST_ESCAPE / KILLED
tally 4  FOMENT_UNREST SUCCESS_UNDETECTED / NO_RESULT
turn 208 spies active 5 idle 3 missions 22 captured-enemy 0
spy 7012356 LOC_CITIZEN_MAYA_MODERN_FEMALE_9 level 2 at 63:20 busy
spy 6291469 LOC_CITIZEN_MAYA_MODERN_FEMALE_6 level 3 at 60:16 busy
spy 7340048 LOC_CITIZEN_MAYA_FEMALE_3 level 1 at 45:9 start
spy 7274515 LOC_CITIZEN_MAYA_MODERN_FEMALE_4 level 1 at 36:42 travel
spy 4849685 LOC_CITIZEN_MAYA_MODERN_MALE_6 level 2 at 65:16 busy
spy 6815766 LOC_CITIZEN_MAYA_MODERN_FEMALE_7 level 2 at 54:15 busy
spy 6946839 LOC_CITIZEN_MAYA_MODERN_MALE_1 level 1 at 59:23 busy
spy 6750236 LOC_CITIZEN_MAYA_MODERN_MALE_9 level 2 at 54:11 start
turn 208 spies 8 started 2 travelled 1 promoted 1 bought 2 gold 50000
unblock: blocker ENDTURN_BLOCKING_PRODUCTION -> PALENQUE_MAYA builds BUILDING_MONUMENT | end turn requested
unstuck: TechCivicCompletedPopup: closed
unblock: blocker ENDTURN_BLOCKING_RESEARCH -> research TECH_STIRRUPS | end turn requested
mission CityName=LOC_CITY_NAME_OTTAWA CompletionTurn=208 EscapeResult=-1 InitialResult=5 LevelAfter=3 LootInfo=-1 Name=LOC_CITIZEN_MAYA_MODERN_MALE_9 Operation=58 PlotIndex=978
mission CityName=LOC_CITY_NAME_MONTREAL CompletionTurn=208 EscapeResult=-1 InitialResult=2 LevelAfter=2 LootInfo=-1 Name=LOC_CITIZEN_MAYA_MODERN_FEMALE_7 Operation=58 PlotIndex=1314
mission CityName=LOC_CITY_NAME_WINDSOR CompletionTurn=206 EscapeResult=-1 InitialResult=0 LevelAfter=1 LootInfo=-1 Name=LOC_CITIZEN_MAYA_MALE_5 Operation=58 PlotIndex=1392
mission CityName=LOC_CITY_NAME_VANCOUVER CompletionTurn=206 EscapeResult=-1 InitialResult=0 LevelAfter=1 LootInfo=-1 Name=LOC_CITIZEN_MAYA_MODERN_FEMALE_1 Operation=58 PlotIndex=801
mission CityName=LOC_CITY_NAME_HALIFAX CompletionTurn=203 EscapeResult=-1 InitialResult=5 LevelAfter=2 LootInfo=-1 Name=LOC_CITIZEN_MAYA_MODERN_MALE_6 Operation=58 PlotIndex=1409
mission CityName=LOC_CITY_NAME_QUEBEC_CITY CompletionTurn=203 EscapeResult=-1 InitialResult=5 LevelAfter=3 LootInfo=-1 Name=LOC_CITIZEN_MAYA_MODERN_FEMALE_6 Operation=58 PlotIndex=1404
mission CityName=LOC_CITY_NAME_OPANGO CompletionTurn=203 EscapeResult=0 InitialResult=4 LevelAfter=2 LootInfo=-1 Name=LOC_CITIZEN_MAYA_MODERN_MALE_4 Operation=58 PlotIndex=3635
mission CityName=LOC_CITY_NAME_QUEBEC_CITY CompletionTurn=196 EscapeResult=-1 InitialResult=1 LevelAfter=1 LootInfo=-1 Name=LOC_CITIZEN_MAYA_MALE_6 Operation=58 PlotIndex=1404
mission CityName=LOC_CITY_NAME_VANCOUVER CompletionTurn=194 EscapeResult=0 InitialResult=4 LevelAfter=2 LootInfo=-1 Name=LOC_CITIZEN_MAYA_MODERN_FEMALE_2 Operation=58 PlotIndex=801
mission CityName=LOC_GOSSIP_LOST_CITY CompletionTurn=192 EscapeResult=-1 InitialResult=5 LevelAfter=2 LootInfo=-1 Name=LOC_CITIZEN_MAYA_MODERN_FEMALE_6 Operation=58 PlotIndex=1833
mission CityName=LOC_CITY_NAME_QUEBEC_CITY CompletionTurn=192 EscapeResult=-1 InitialResult=1 LevelAfter=1 LootInfo=-1 Name=LOC_CITIZEN_MAYA_FEMALE_6 Operation=58 PlotIndex=1404
mission CityName=LOC_CITY_NAME_VANCOUVER CompletionTurn=190 EscapeResult=-1 InitialResult=0 LevelAfter=1 LootInfo=-1 Name=LOC_CITIZEN_MAYA_MODERN_FEMALE_3 Operation=58 PlotIndex=801
mission CityName=LOC_CITY_NAME_TE_HOKIANGA_NU_A_KUPE CompletionTurn=189 EscapeResult=2 InitialResult=2 LevelAfter=1 LootInfo=-1 Name=LOC_CITIZEN_MAYA_MODERN_FEMALE_4 Operation=58 PlotIndex=772
mission CityName=LOC_CITY_NAME_TORONTO CompletionTurn=189 EscapeResult=2 InitialResult=2 LevelAfter=1 LootInfo=-1 Name=LOC_CITIZEN_MAYA_MALE_8 Operation=58 PlotIndex=1818
mission CityName=LOC_CITY_NAME_VICTORIA CompletionTurn=187 EscapeResult=0 InitialResult=4 LevelAfter=2 LootInfo=-1 Name=LOC_CITIZEN_MAYA_FEMALE_7 Operation=58 PlotIndex=889
mission CityName=LOC_CITY_NAME_WINNIPEG CompletionTurn=187 EscapeResult=1 InitialResult=2 LevelAfter=1 LootInfo=-1 Name=LOC_CITIZEN_MAYA_FEMALE_4 Operation=58 PlotIndex=1743
mission CityName=LOC_CITY_NAME_HALIFAX CompletionTurn=187 EscapeResult=2 InitialResult=4 LevelAfter=2 LootInfo=-1 Name=LOC_CITIZEN_MAYA_MODERN_MALE_9 Operation=58 PlotIndex=1409
mission CityName=LOC_CITY_NAME_QUEBEC_CITY CompletionTurn=184 EscapeResult=-1 InitialResult=0 LevelAfter=1 LootInfo=-1 Name=LOC_CITIZEN_MAYA_MODERN_MALE_10 Operation=58 PlotIndex=1404
mission CityName=LOC_CITY_NAME_SAINT_JOHN CompletionTurn=184 EscapeResult=2 InitialResult=4 LevelAfter=2 LootInfo=-1 Name=LOC_CITIZEN_MAYA_MODERN_FEMALE_9 Operation=58 PlotIndex=1991
mission CityName=LOC_CITY_NAME_OTTAWA CompletionTurn=182 EscapeResult=0 InitialResult=4 LevelAfter=2 LootInfo=-1 Name=LOC_CITIZEN_MAYA_MODERN_FEMALE_8 Operation=58 PlotIndex=978
mission CityName=LOC_CITY_NAME_MONTREAL CompletionTurn=182 EscapeResult=2 InitialResult=4 LevelAfter=2 LootInfo=-1 Name=LOC_CITIZEN_MAYA_MODERN_FEMALE_7 Operation=58 PlotIndex=1314
mission CityName=LOC_CITY_NAME_TORONTO CompletionTurn=182 EscapeResult=-1 InitialResult=1 LevelAfter=1 LootInfo=-1 Name=LOC_CITIZEN_MAYA_MODERN_FEMALE_5 Operation=58 PlotIndex=1818
tally 3  FOMENT_UNREST CAPTURED / NO_RESULT
tally 1  FOMENT_UNREST FAIL_MUST_ESCAPE / CAPTURED
tally 2  FOMENT_UNREST FAIL_MUST_ESCAPE / FAIL_MUST_ESCAPE
tally 1  FOMENT_UNREST FAIL_MUST_ESCAPE / NO_RESULT
tally 4  FOMENT_UNREST KILLED / NO_RESULT
tally 3  FOMENT_UNREST SUCCESS_MUST_ESCAPE / FAIL_MUST_ESCAPE
tally 4  FOMENT_UNREST SUCCESS_MUST_ESCAPE / KILLED
tally 4  FOMENT_UNREST SUCCESS_UNDETECTED / NO_RESULT
turn 209 spies active 7 idle 1 missions 22 captured-enemy 0
spy 7405570 LOC_CITIZEN_MAYA_MODERN_FEMALE_8 level 1 at 37:38 travel
spy 7012356 LOC_CITIZEN_MAYA_MODERN_FEMALE_9 level 2 at 63:20 busy
spy 6291469 LOC_CITIZEN_MAYA_MODERN_FEMALE_6 level 3 at 60:16 busy
spy 7340048 LOC_CITIZEN_MAYA_FEMALE_3 level 1 at 45:9 busy
spy 4849685 LOC_CITIZEN_MAYA_MODERN_MALE_6 level 2 at 65:16 busy
spy 6815766 LOC_CITIZEN_MAYA_MODERN_FEMALE_7 level 2 at 54:15 busy
spy 6946839 LOC_CITIZEN_MAYA_MODERN_MALE_1 level 1 at 59:23 busy
spy 6750236 LOC_CITIZEN_MAYA_MODERN_MALE_9 level 3 at 54:11 busy
turn 209 spies 8 started 0 travelled 1 promoted 0 bought 1 gold 46100
unblock: blocker ENDTURN_BLOCKING_RESEARCH -> research TECH_STIRRUPS | end turn requested
unblock: blocker ENDTURN_BLOCKING_CIVIC -> civic CIVIC_POLITICAL_PHILOSOPHY | end turn requested
unblock: blocker ENDTURN_BLOCKING_SPY_CHOOSE_ESCAPE_ROUTE -> escape route DISTRICT_COMMERCIAL_HUB of 2 for spy 6815766 LOC_CITIZEN_MAYA_MODERN_FEMALE_7 level 2 turn 209 city LOC_CITY_NAME_MONTREAL p1 at 54:15 pursuer police | end turn requested
mission CityName=LOC_CITY_NAME_HALIFAX CompletionTurn=209 EscapeResult=-1 InitialResult=0 LevelAfter=2 LootInfo=-1 Name=LOC_CITIZEN_MAYA_MODERN_MALE_6 Operation=58 PlotIndex=1409
mission CityName=LOC_CITY_NAME_OTTAWA CompletionTurn=208 EscapeResult=-1 InitialResult=5 LevelAfter=3 LootInfo=-1 Name=LOC_CITIZEN_MAYA_MODERN_MALE_9 Operation=58 PlotIndex=978
mission CityName=LOC_CITY_NAME_MONTREAL CompletionTurn=208 EscapeResult=-1 InitialResult=2 LevelAfter=2 LootInfo=-1 Name=LOC_CITIZEN_MAYA_MODERN_FEMALE_7 Operation=58 PlotIndex=1314
mission CityName=LOC_CITY_NAME_WINDSOR CompletionTurn=206 EscapeResult=-1 InitialResult=0 LevelAfter=1 LootInfo=-1 Name=LOC_CITIZEN_MAYA_MALE_5 Operation=58 PlotIndex=1392
mission CityName=LOC_CITY_NAME_VANCOUVER CompletionTurn=206 EscapeResult=-1 InitialResult=0 LevelAfter=1 LootInfo=-1 Name=LOC_CITIZEN_MAYA_MODERN_FEMALE_1 Operation=58 PlotIndex=801
mission CityName=LOC_CITY_NAME_HALIFAX CompletionTurn=203 EscapeResult=-1 InitialResult=5 LevelAfter=2 LootInfo=-1 Name=LOC_CITIZEN_MAYA_MODERN_MALE_6 Operation=58 PlotIndex=1409
mission CityName=LOC_CITY_NAME_QUEBEC_CITY CompletionTurn=203 EscapeResult=-1 InitialResult=5 LevelAfter=3 LootInfo=-1 Name=LOC_CITIZEN_MAYA_MODERN_FEMALE_6 Operation=58 PlotIndex=1404
mission CityName=LOC_CITY_NAME_OPANGO CompletionTurn=203 EscapeResult=0 InitialResult=4 LevelAfter=2 LootInfo=-1 Name=LOC_CITIZEN_MAYA_MODERN_MALE_4 Operation=58 PlotIndex=3635
mission CityName=LOC_CITY_NAME_QUEBEC_CITY CompletionTurn=196 EscapeResult=-1 InitialResult=1 LevelAfter=1 LootInfo=-1 Name=LOC_CITIZEN_MAYA_MALE_6 Operation=58 PlotIndex=1404
mission CityName=LOC_CITY_NAME_VANCOUVER CompletionTurn=194 EscapeResult=0 InitialResult=4 LevelAfter=2 LootInfo=-1 Name=LOC_CITIZEN_MAYA_MODERN_FEMALE_2 Operation=58 PlotIndex=801
mission CityName=LOC_GOSSIP_LOST_CITY CompletionTurn=192 EscapeResult=-1 InitialResult=5 LevelAfter=2 LootInfo=-1 Name=LOC_CITIZEN_MAYA_MODERN_FEMALE_6 Operation=58 PlotIndex=1833
mission CityName=LOC_CITY_NAME_QUEBEC_CITY CompletionTurn=192 EscapeResult=-1 InitialResult=1 LevelAfter=1 LootInfo=-1 Name=LOC_CITIZEN_MAYA_FEMALE_6 Operation=58 PlotIndex=1404
mission CityName=LOC_CITY_NAME_VANCOUVER CompletionTurn=190 EscapeResult=-1 InitialResult=0 LevelAfter=1 LootInfo=-1 Name=LOC_CITIZEN_MAYA_MODERN_FEMALE_3 Operation=58 PlotIndex=801
mission CityName=LOC_CITY_NAME_TE_HOKIANGA_NU_A_KUPE CompletionTurn=189 EscapeResult=2 InitialResult=2 LevelAfter=1 LootInfo=-1 Name=LOC_CITIZEN_MAYA_MODERN_FEMALE_4 Operation=58 PlotIndex=772
mission CityName=LOC_CITY_NAME_TORONTO CompletionTurn=189 EscapeResult=2 InitialResult=2 LevelAfter=1 LootInfo=-1 Name=LOC_CITIZEN_MAYA_MALE_8 Operation=58 PlotIndex=1818
mission CityName=LOC_CITY_NAME_VICTORIA CompletionTurn=187 EscapeResult=0 InitialResult=4 LevelAfter=2 LootInfo=-1 Name=LOC_CITIZEN_MAYA_FEMALE_7 Operation=58 PlotIndex=889
mission CityName=LOC_CITY_NAME_WINNIPEG CompletionTurn=187 EscapeResult=1 InitialResult=2 LevelAfter=1 LootInfo=-1 Name=LOC_CITIZEN_MAYA_FEMALE_4 Operation=58 PlotIndex=1743
mission CityName=LOC_CITY_NAME_HALIFAX CompletionTurn=187 EscapeResult=2 InitialResult=4 LevelAfter=2 LootInfo=-1 Name=LOC_CITIZEN_MAYA_MODERN_MALE_9 Operation=58 PlotIndex=1409
mission CityName=LOC_CITY_NAME_QUEBEC_CITY CompletionTurn=184 EscapeResult=-1 InitialResult=0 LevelAfter=1 LootInfo=-1 Name=LOC_CITIZEN_MAYA_MODERN_MALE_10 Operation=58 PlotIndex=1404
mission CityName=LOC_CITY_NAME_SAINT_JOHN CompletionTurn=184 EscapeResult=2 InitialResult=4 LevelAfter=2 LootInfo=-1 Name=LOC_CITIZEN_MAYA_MODERN_FEMALE_9 Operation=58 PlotIndex=1991
mission CityName=LOC_CITY_NAME_OTTAWA CompletionTurn=182 EscapeResult=0 InitialResult=4 LevelAfter=2 LootInfo=-1 Name=LOC_CITIZEN_MAYA_MODERN_FEMALE_8 Operation=58 PlotIndex=978
mission CityName=LOC_CITY_NAME_MONTREAL CompletionTurn=182 EscapeResult=2 InitialResult=4 LevelAfter=2 LootInfo=-1 Name=LOC_CITIZEN_MAYA_MODERN_FEMALE_7 Operation=58 PlotIndex=1314
mission CityName=LOC_CITY_NAME_TORONTO CompletionTurn=182 EscapeResult=-1 InitialResult=1 LevelAfter=1 LootInfo=-1 Name=LOC_CITIZEN_MAYA_MODERN_FEMALE_5 Operation=58 PlotIndex=1818
tally 3  FOMENT_UNREST CAPTURED / NO_RESULT
tally 1  FOMENT_UNREST FAIL_MUST_ESCAPE / CAPTURED
tally 2  FOMENT_UNREST FAIL_MUST_ESCAPE / FAIL_MUST_ESCAPE
tally 1  FOMENT_UNREST FAIL_MUST_ESCAPE / NO_RESULT
tally 5  FOMENT_UNREST KILLED / NO_RESULT
tally 3  FOMENT_UNREST SUCCESS_MUST_ESCAPE / FAIL_MUST_ESCAPE
tally 4  FOMENT_UNREST SUCCESS_MUST_ESCAPE / KILLED
tally 4  FOMENT_UNREST SUCCESS_UNDETECTED / NO_RESULT
turn 209 spies active 5 idle 4 missions 23 captured-enemy 0
spy 7012356 LOC_CITIZEN_MAYA_MODERN_FEMALE_9 level 2 at 63:20 busy
spy 6291469 LOC_CITIZEN_MAYA_MODERN_FEMALE_6 level 3 at 60:16 busy
spy 7340048 LOC_CITIZEN_MAYA_FEMALE_3 level 1 at 45:9 busy
spy 7471123 LOC_CITIZEN_MAYA_MALE_8 level 1 at 36:42 travel
spy 7733268 LOC_CITIZEN_MAYA_FEMALE_1 level 1 at 32:42 notarget
spy 6815766 LOC_CITIZEN_MAYA_MODERN_FEMALE_7 level 2 at 54:15 busy
spy 6946839 LOC_CITIZEN_MAYA_MODERN_MALE_1 level 1 at 59:23 busy
spy 6750236 LOC_CITIZEN_MAYA_MODERN_MALE_9 level 3 at 54:11 start
spy 7536669 LOC_CITIZEN_MAYA_FEMALE_8 level 1 at 54:21 start
turn 210 spies 9 started 2 travelled 1 promoted 0 bought 0 gold 50000
unblock: blocker ENDTURN_BLOCKING_SPY_CHOOSE_ESCAPE_ROUTE -> escape route DISTRICT_COMMERCIAL_HUB of 2 for spy 6815766 LOC_CITIZEN_MAYA_MODERN_FEMALE_7 level 2 turn 210 city LOC_CITY_NAME_MONTREAL p1 at 54:15 pursuer police | end turn requested
unstuck: TechCivicCompletedPopup: closed
unblock: blocker ENDTURN_BLOCKING_PRODUCTION -> PALENQUE_MAYA builds UNIT_WARRIOR | end turn requested
unstuck: TechCivicCompletedPopup: closed
mission CityName=LOC_CITY_NAME_SAINT_JOHN CompletionTurn=210 EscapeResult=-1 InitialResult=3 LevelAfter=1 LootInfo=-1 Name=LOC_CITIZEN_MAYA_MODERN_MALE_1 Operation=58 PlotIndex=1991
mission CityName=LOC_CITY_NAME_QUEBEC_CITY CompletionTurn=210 EscapeResult=-1 InitialResult=3 LevelAfter=3 LootInfo=-1 Name=LOC_CITIZEN_MAYA_MODERN_FEMALE_6 Operation=58 PlotIndex=1404
mission CityName=LOC_CITY_NAME_WINNIPEG CompletionTurn=210 EscapeResult=-1 InitialResult=5 LevelAfter=3 LootInfo=-1 Name=LOC_CITIZEN_MAYA_MODERN_FEMALE_9 Operation=58 PlotIndex=1743
mission CityName=LOC_CITY_NAME_HALIFAX CompletionTurn=209 EscapeResult=-1 InitialResult=0 LevelAfter=2 LootInfo=-1 Name=LOC_CITIZEN_MAYA_MODERN_MALE_6 Operation=58 PlotIndex=1409
mission CityName=LOC_CITY_NAME_OTTAWA CompletionTurn=208 EscapeResult=-1 InitialResult=5 LevelAfter=3 LootInfo=-1 Name=LOC_CITIZEN_MAYA_MODERN_MALE_9 Operation=58 PlotIndex=978
mission CityName=LOC_CITY_NAME_MONTREAL CompletionTurn=208 EscapeResult=0 InitialResult=2 LevelAfter=2 LootInfo=-1 Name=LOC_CITIZEN_MAYA_MODERN_FEMALE_7 Operation=58 PlotIndex=1314
mission CityName=LOC_CITY_NAME_WINDSOR CompletionTurn=206 EscapeResult=-1 InitialResult=0 LevelAfter=1 LootInfo=-1 Name=LOC_CITIZEN_MAYA_MALE_5 Operation=58 PlotIndex=1392
mission CityName=LOC_CITY_NAME_VANCOUVER CompletionTurn=206 EscapeResult=-1 InitialResult=0 LevelAfter=1 LootInfo=-1 Name=LOC_CITIZEN_MAYA_MODERN_FEMALE_1 Operation=58 PlotIndex=801
mission CityName=LOC_CITY_NAME_HALIFAX CompletionTurn=203 EscapeResult=-1 InitialResult=5 LevelAfter=2 LootInfo=-1 Name=LOC_CITIZEN_MAYA_MODERN_MALE_6 Operation=58 PlotIndex=1409
mission CityName=LOC_CITY_NAME_QUEBEC_CITY CompletionTurn=203 EscapeResult=-1 InitialResult=5 LevelAfter=3 LootInfo=-1 Name=LOC_CITIZEN_MAYA_MODERN_FEMALE_6 Operation=58 PlotIndex=1404
mission CityName=LOC_CITY_NAME_OPANGO CompletionTurn=203 EscapeResult=0 InitialResult=4 LevelAfter=2 LootInfo=-1 Name=LOC_CITIZEN_MAYA_MODERN_MALE_4 Operation=58 PlotIndex=3635
mission CityName=LOC_CITY_NAME_QUEBEC_CITY CompletionTurn=196 EscapeResult=-1 InitialResult=1 LevelAfter=1 LootInfo=-1 Name=LOC_CITIZEN_MAYA_MALE_6 Operation=58 PlotIndex=1404
mission CityName=LOC_CITY_NAME_VANCOUVER CompletionTurn=194 EscapeResult=0 InitialResult=4 LevelAfter=2 LootInfo=-1 Name=LOC_CITIZEN_MAYA_MODERN_FEMALE_2 Operation=58 PlotIndex=801
mission CityName=LOC_GOSSIP_LOST_CITY CompletionTurn=192 EscapeResult=-1 InitialResult=5 LevelAfter=2 LootInfo=-1 Name=LOC_CITIZEN_MAYA_MODERN_FEMALE_6 Operation=58 PlotIndex=1833
mission CityName=LOC_CITY_NAME_QUEBEC_CITY CompletionTurn=192 EscapeResult=-1 InitialResult=1 LevelAfter=1 LootInfo=-1 Name=LOC_CITIZEN_MAYA_FEMALE_6 Operation=58 PlotIndex=1404
mission CityName=LOC_CITY_NAME_VANCOUVER CompletionTurn=190 EscapeResult=-1 InitialResult=0 LevelAfter=1 LootInfo=-1 Name=LOC_CITIZEN_MAYA_MODERN_FEMALE_3 Operation=58 PlotIndex=801
mission CityName=LOC_CITY_NAME_TE_HOKIANGA_NU_A_KUPE CompletionTurn=189 EscapeResult=2 InitialResult=2 LevelAfter=1 LootInfo=-1 Name=LOC_CITIZEN_MAYA_MODERN_FEMALE_4 Operation=58 PlotIndex=772
mission CityName=LOC_CITY_NAME_TORONTO CompletionTurn=189 EscapeResult=2 InitialResult=2 LevelAfter=1 LootInfo=-1 Name=LOC_CITIZEN_MAYA_MALE_8 Operation=58 PlotIndex=1818
mission CityName=LOC_CITY_NAME_VICTORIA CompletionTurn=187 EscapeResult=0 InitialResult=4 LevelAfter=2 LootInfo=-1 Name=LOC_CITIZEN_MAYA_FEMALE_7 Operation=58 PlotIndex=889
mission CityName=LOC_CITY_NAME_WINNIPEG CompletionTurn=187 EscapeResult=1 InitialResult=2 LevelAfter=1 LootInfo=-1 Name=LOC_CITIZEN_MAYA_FEMALE_4 Operation=58 PlotIndex=1743
mission CityName=LOC_CITY_NAME_HALIFAX CompletionTurn=187 EscapeResult=2 InitialResult=4 LevelAfter=2 LootInfo=-1 Name=LOC_CITIZEN_MAYA_MODERN_MALE_9 Operation=58 PlotIndex=1409
mission CityName=LOC_CITY_NAME_QUEBEC_CITY CompletionTurn=184 EscapeResult=-1 InitialResult=0 LevelAfter=1 LootInfo=-1 Name=LOC_CITIZEN_MAYA_MODERN_MALE_10 Operation=58 PlotIndex=1404
mission CityName=LOC_CITY_NAME_SAINT_JOHN CompletionTurn=184 EscapeResult=2 InitialResult=4 LevelAfter=2 LootInfo=-1 Name=LOC_CITIZEN_MAYA_MODERN_FEMALE_9 Operation=58 PlotIndex=1991
mission CityName=LOC_CITY_NAME_OTTAWA CompletionTurn=182 EscapeResult=0 InitialResult=4 LevelAfter=2 LootInfo=-1 Name=LOC_CITIZEN_MAYA_MODERN_FEMALE_8 Operation=58 PlotIndex=978
mission CityName=LOC_CITY_NAME_MONTREAL CompletionTurn=182 EscapeResult=2 InitialResult=4 LevelAfter=2 LootInfo=-1 Name=LOC_CITIZEN_MAYA_MODERN_FEMALE_7 Operation=58 PlotIndex=1314
mission CityName=LOC_CITY_NAME_TORONTO CompletionTurn=182 EscapeResult=-1 InitialResult=1 LevelAfter=1 LootInfo=-1 Name=LOC_CITIZEN_MAYA_MODERN_FEMALE_5 Operation=58 PlotIndex=1818
tally 3  FOMENT_UNREST CAPTURED / NO_RESULT
tally 1  FOMENT_UNREST FAIL_MUST_ESCAPE / CAPTURED
tally 2  FOMENT_UNREST FAIL_MUST_ESCAPE / FAIL_MUST_ESCAPE
tally 1  FOMENT_UNREST FAIL_MUST_ESCAPE / KILLED
tally 2  FOMENT_UNREST FAIL_UNDETECTED / NO_RESULT
tally 5  FOMENT_UNREST KILLED / NO_RESULT
tally 3  FOMENT_UNREST SUCCESS_MUST_ESCAPE / FAIL_MUST_ESCAPE
tally 4  FOMENT_UNREST SUCCESS_MUST_ESCAPE / KILLED
tally 5  FOMENT_UNREST SUCCESS_UNDETECTED / NO_RESULT
turn 211 spies active 3 idle 6 missions 26 captured-enemy 0
spy 7864322 LOC_CITIZEN_MAYA_MODERN_FEMALE_4 level 1 at 54:21 refused
spy 7012356 LOC_CITIZEN_MAYA_MODERN_FEMALE_9 level 2 at 63:20 start
spy 6291469 LOC_CITIZEN_MAYA_MODERN_FEMALE_6 level 3 at 60:16 start
spy 7340048 LOC_CITIZEN_MAYA_FEMALE_3 level 1 at 45:9 busy
spy 7995411 LOC_CITIZEN_MAYA_MALE_8 level 1 at 65:16 start
spy 7733268 LOC_CITIZEN_MAYA_FEMALE_1 level 1 at 32:42 travel
spy 7798805 LOC_CITIZEN_MAYA_MALE_1 level 1 at 49:10 start
spy 7929878 LOC_CITIZEN_MAYA_MODERN_FEMALE_8 level 1 at 54:21 refused
spy 6946839 LOC_CITIZEN_MAYA_MODERN_MALE_1 level 1 at 59:23 start
spy 6750236 LOC_CITIZEN_MAYA_MODERN_MALE_9 level 3 at 54:11 busy
spy 7536669 LOC_CITIZEN_MAYA_FEMALE_8 level 1 at 54:21 busy
turn 211 spies 11 started 5 travelled 1 promoted 1 bought 1 gold 50000
unblock: blocker ENDTURN_BLOCKING_PRODUCTION -> PALENQUE_MAYA builds UNIT_WARRIOR | end turn requested
unblock: blocker ENDTURN_BLOCKING_RESEARCH -> research TECH_CASTLES | end turn requested
mission CityName=LOC_CITY_NAME_SAINT_JOHN CompletionTurn=210 EscapeResult=-1 InitialResult=3 LevelAfter=1 LootInfo=-1 Name=LOC_CITIZEN_MAYA_MODERN_MALE_1 Operation=58 PlotIndex=1991
mission CityName=LOC_CITY_NAME_QUEBEC_CITY CompletionTurn=210 EscapeResult=-1 InitialResult=3 LevelAfter=3 LootInfo=-1 Name=LOC_CITIZEN_MAYA_MODERN_FEMALE_6 Operation=58 PlotIndex=1404
mission CityName=LOC_CITY_NAME_WINNIPEG CompletionTurn=210 EscapeResult=-1 InitialResult=5 LevelAfter=3 LootInfo=-1 Name=LOC_CITIZEN_MAYA_MODERN_FEMALE_9 Operation=58 PlotIndex=1743
mission CityName=LOC_CITY_NAME_HALIFAX CompletionTurn=209 EscapeResult=-1 InitialResult=0 LevelAfter=2 LootInfo=-1 Name=LOC_CITIZEN_MAYA_MODERN_MALE_6 Operation=58 PlotIndex=1409
mission CityName=LOC_CITY_NAME_OTTAWA CompletionTurn=208 EscapeResult=-1 InitialResult=5 LevelAfter=3 LootInfo=-1 Name=LOC_CITIZEN_MAYA_MODERN_MALE_9 Operation=58 PlotIndex=978
mission CityName=LOC_CITY_NAME_MONTREAL CompletionTurn=208 EscapeResult=0 InitialResult=2 LevelAfter=2 LootInfo=-1 Name=LOC_CITIZEN_MAYA_MODERN_FEMALE_7 Operation=58 PlotIndex=1314
mission CityName=LOC_CITY_NAME_WINDSOR CompletionTurn=206 EscapeResult=-1 InitialResult=0 LevelAfter=1 LootInfo=-1 Name=LOC_CITIZEN_MAYA_MALE_5 Operation=58 PlotIndex=1392
mission CityName=LOC_CITY_NAME_VANCOUVER CompletionTurn=206 EscapeResult=-1 InitialResult=0 LevelAfter=1 LootInfo=-1 Name=LOC_CITIZEN_MAYA_MODERN_FEMALE_1 Operation=58 PlotIndex=801
mission CityName=LOC_CITY_NAME_HALIFAX CompletionTurn=203 EscapeResult=-1 InitialResult=5 LevelAfter=2 LootInfo=-1 Name=LOC_CITIZEN_MAYA_MODERN_MALE_6 Operation=58 PlotIndex=1409
mission CityName=LOC_CITY_NAME_QUEBEC_CITY CompletionTurn=203 EscapeResult=-1 InitialResult=5 LevelAfter=3 LootInfo=-1 Name=LOC_CITIZEN_MAYA_MODERN_FEMALE_6 Operation=58 PlotIndex=1404
mission CityName=LOC_CITY_NAME_OPANGO CompletionTurn=203 EscapeResult=0 InitialResult=4 LevelAfter=2 LootInfo=-1 Name=LOC_CITIZEN_MAYA_MODERN_MALE_4 Operation=58 PlotIndex=3635
mission CityName=LOC_CITY_NAME_QUEBEC_CITY CompletionTurn=196 EscapeResult=-1 InitialResult=1 LevelAfter=1 LootInfo=-1 Name=LOC_CITIZEN_MAYA_MALE_6 Operation=58 PlotIndex=1404
mission CityName=LOC_CITY_NAME_VANCOUVER CompletionTurn=194 EscapeResult=0 InitialResult=4 LevelAfter=2 LootInfo=-1 Name=LOC_CITIZEN_MAYA_MODERN_FEMALE_2 Operation=58 PlotIndex=801
mission CityName=LOC_GOSSIP_LOST_CITY CompletionTurn=192 EscapeResult=-1 InitialResult=5 LevelAfter=2 LootInfo=-1 Name=LOC_CITIZEN_MAYA_MODERN_FEMALE_6 Operation=58 PlotIndex=1833
mission CityName=LOC_CITY_NAME_QUEBEC_CITY CompletionTurn=192 EscapeResult=-1 InitialResult=1 LevelAfter=1 LootInfo=-1 Name=LOC_CITIZEN_MAYA_FEMALE_6 Operation=58 PlotIndex=1404
mission CityName=LOC_CITY_NAME_VANCOUVER CompletionTurn=190 EscapeResult=-1 InitialResult=0 LevelAfter=1 LootInfo=-1 Name=LOC_CITIZEN_MAYA_MODERN_FEMALE_3 Operation=58 PlotIndex=801
mission CityName=LOC_CITY_NAME_TE_HOKIANGA_NU_A_KUPE CompletionTurn=189 EscapeResult=2 InitialResult=2 LevelAfter=1 LootInfo=-1 Name=LOC_CITIZEN_MAYA_MODERN_FEMALE_4 Operation=58 PlotIndex=772
mission CityName=LOC_CITY_NAME_TORONTO CompletionTurn=189 EscapeResult=2 InitialResult=2 LevelAfter=1 LootInfo=-1 Name=LOC_CITIZEN_MAYA_MALE_8 Operation=58 PlotIndex=1818
mission CityName=LOC_CITY_NAME_VICTORIA CompletionTurn=187 EscapeResult=0 InitialResult=4 LevelAfter=2 LootInfo=-1 Name=LOC_CITIZEN_MAYA_FEMALE_7 Operation=58 PlotIndex=889
mission CityName=LOC_CITY_NAME_WINNIPEG CompletionTurn=187 EscapeResult=1 InitialResult=2 LevelAfter=1 LootInfo=-1 Name=LOC_CITIZEN_MAYA_FEMALE_4 Operation=58 PlotIndex=1743
mission CityName=LOC_CITY_NAME_HALIFAX CompletionTurn=187 EscapeResult=2 InitialResult=4 LevelAfter=2 LootInfo=-1 Name=LOC_CITIZEN_MAYA_MODERN_MALE_9 Operation=58 PlotIndex=1409
mission CityName=LOC_CITY_NAME_QUEBEC_CITY CompletionTurn=184 EscapeResult=-1 InitialResult=0 LevelAfter=1 LootInfo=-1 Name=LOC_CITIZEN_MAYA_MODERN_MALE_10 Operation=58 PlotIndex=1404
mission CityName=LOC_CITY_NAME_SAINT_JOHN CompletionTurn=184 EscapeResult=2 InitialResult=4 LevelAfter=2 LootInfo=-1 Name=LOC_CITIZEN_MAYA_MODERN_FEMALE_9 Operation=58 PlotIndex=1991
mission CityName=LOC_CITY_NAME_OTTAWA CompletionTurn=182 EscapeResult=0 InitialResult=4 LevelAfter=2 LootInfo=-1 Name=LOC_CITIZEN_MAYA_MODERN_FEMALE_8 Operation=58 PlotIndex=978
mission CityName=LOC_CITY_NAME_MONTREAL CompletionTurn=182 EscapeResult=2 InitialResult=4 LevelAfter=2 LootInfo=-1 Name=LOC_CITIZEN_MAYA_MODERN_FEMALE_7 Operation=58 PlotIndex=1314
mission CityName=LOC_CITY_NAME_TORONTO CompletionTurn=182 EscapeResult=-1 InitialResult=1 LevelAfter=1 LootInfo=-1 Name=LOC_CITIZEN_MAYA_MODERN_FEMALE_5 Operation=58 PlotIndex=1818
tally 3  FOMENT_UNREST CAPTURED / NO_RESULT
tally 1  FOMENT_UNREST FAIL_MUST_ESCAPE / CAPTURED
tally 2  FOMENT_UNREST FAIL_MUST_ESCAPE / FAIL_MUST_ESCAPE
tally 1  FOMENT_UNREST FAIL_MUST_ESCAPE / KILLED
tally 2  FOMENT_UNREST FAIL_UNDETECTED / NO_RESULT
tally 5  FOMENT_UNREST KILLED / NO_RESULT
tally 3  FOMENT_UNREST SUCCESS_MUST_ESCAPE / FAIL_MUST_ESCAPE
tally 4  FOMENT_UNREST SUCCESS_MUST_ESCAPE / KILLED
tally 5  FOMENT_UNREST SUCCESS_UNDETECTED / NO_RESULT
turn 212 spies active 8 idle 3 missions 26 captured-enemy 0
spy 7864322 LOC_CITIZEN_MAYA_MODERN_FEMALE_4 level 1 at 54:21 refused
spy 7012356 LOC_CITIZEN_MAYA_MODERN_FEMALE_9 level 3 at 63:20 busy
spy 8060936 LOC_CITIZEN_MAYA_MALE_6 level 1 at 36:42 travel
spy 6291469 LOC_CITIZEN_MAYA_MODERN_FEMALE_6 level 3 at 60:16 busy
spy 7340048 LOC_CITIZEN_MAYA_FEMALE_3 level 1 at 45:9 busy
spy 7995411 LOC_CITIZEN_MAYA_MALE_8 level 1 at 65:16 busy
spy 7798805 LOC_CITIZEN_MAYA_MALE_1 level 1 at 49:10 busy
spy 7929878 LOC_CITIZEN_MAYA_MODERN_FEMALE_8 level 1 at 54:21 refused
spy 6946839 LOC_CITIZEN_MAYA_MODERN_MALE_1 level 1 at 59:23 busy
spy 6750236 LOC_CITIZEN_MAYA_MODERN_MALE_9 level 3 at 54:11 busy
spy 7536669 LOC_CITIZEN_MAYA_FEMALE_8 level 1 at 54:21 busy
turn 212 spies 11 started 0 travelled 1 promoted 0 bought 0 gold 45800
unblock: blocker ENDTURN_BLOCKING_RESEARCH -> research TECH_CASTLES | end turn requested
unblock: blocker ENDTURN_BLOCKING_CIVIC -> civic CIVIC_MILITARY_TRAINING | end turn requested
unblock: blocker ENDTURN_BLOCKING_PRODUCTION -> PALENQUE_MAYA builds UNIT_WARRIOR | end turn requested
mission CityName=LOC_CITY_NAME_VANCOUVER CompletionTurn=212 EscapeResult=-1 InitialResult=1 LevelAfter=1 LootInfo=-1 Name=LOC_CITIZEN_MAYA_FEMALE_3 Operation=58 PlotIndex=801
mission CityName=LOC_CITY_NAME_SAINT_JOHN CompletionTurn=210 EscapeResult=-1 InitialResult=3 LevelAfter=1 LootInfo=-1 Name=LOC_CITIZEN_MAYA_MODERN_MALE_1 Operation=58 PlotIndex=1991
mission CityName=LOC_CITY_NAME_QUEBEC_CITY CompletionTurn=210 EscapeResult=-1 InitialResult=3 LevelAfter=3 LootInfo=-1 Name=LOC_CITIZEN_MAYA_MODERN_FEMALE_6 Operation=58 PlotIndex=1404
mission CityName=LOC_CITY_NAME_WINNIPEG CompletionTurn=210 EscapeResult=-1 InitialResult=5 LevelAfter=3 LootInfo=-1 Name=LOC_CITIZEN_MAYA_MODERN_FEMALE_9 Operation=58 PlotIndex=1743
mission CityName=LOC_CITY_NAME_HALIFAX CompletionTurn=209 EscapeResult=-1 InitialResult=0 LevelAfter=2 LootInfo=-1 Name=LOC_CITIZEN_MAYA_MODERN_MALE_6 Operation=58 PlotIndex=1409
mission CityName=LOC_CITY_NAME_OTTAWA CompletionTurn=208 EscapeResult=-1 InitialResult=5 LevelAfter=3 LootInfo=-1 Name=LOC_CITIZEN_MAYA_MODERN_MALE_9 Operation=58 PlotIndex=978
mission CityName=LOC_CITY_NAME_MONTREAL CompletionTurn=208 EscapeResult=0 InitialResult=2 LevelAfter=2 LootInfo=-1 Name=LOC_CITIZEN_MAYA_MODERN_FEMALE_7 Operation=58 PlotIndex=1314
mission CityName=LOC_CITY_NAME_WINDSOR CompletionTurn=206 EscapeResult=-1 InitialResult=0 LevelAfter=1 LootInfo=-1 Name=LOC_CITIZEN_MAYA_MALE_5 Operation=58 PlotIndex=1392
mission CityName=LOC_CITY_NAME_VANCOUVER CompletionTurn=206 EscapeResult=-1 InitialResult=0 LevelAfter=1 LootInfo=-1 Name=LOC_CITIZEN_MAYA_MODERN_FEMALE_1 Operation=58 PlotIndex=801
mission CityName=LOC_CITY_NAME_HALIFAX CompletionTurn=203 EscapeResult=-1 InitialResult=5 LevelAfter=2 LootInfo=-1 Name=LOC_CITIZEN_MAYA_MODERN_MALE_6 Operation=58 PlotIndex=1409
mission CityName=LOC_CITY_NAME_QUEBEC_CITY CompletionTurn=203 EscapeResult=-1 InitialResult=5 LevelAfter=3 LootInfo=-1 Name=LOC_CITIZEN_MAYA_MODERN_FEMALE_6 Operation=58 PlotIndex=1404
mission CityName=LOC_CITY_NAME_OPANGO CompletionTurn=203 EscapeResult=0 InitialResult=4 LevelAfter=2 LootInfo=-1 Name=LOC_CITIZEN_MAYA_MODERN_MALE_4 Operation=58 PlotIndex=3635
mission CityName=LOC_CITY_NAME_QUEBEC_CITY CompletionTurn=196 EscapeResult=-1 InitialResult=1 LevelAfter=1 LootInfo=-1 Name=LOC_CITIZEN_MAYA_MALE_6 Operation=58 PlotIndex=1404
mission CityName=LOC_CITY_NAME_VANCOUVER CompletionTurn=194 EscapeResult=0 InitialResult=4 LevelAfter=2 LootInfo=-1 Name=LOC_CITIZEN_MAYA_MODERN_FEMALE_2 Operation=58 PlotIndex=801
mission CityName=LOC_GOSSIP_LOST_CITY CompletionTurn=192 EscapeResult=-1 InitialResult=5 LevelAfter=2 LootInfo=-1 Name=LOC_CITIZEN_MAYA_MODERN_FEMALE_6 Operation=58 PlotIndex=1833
mission CityName=LOC_CITY_NAME_QUEBEC_CITY CompletionTurn=192 EscapeResult=-1 InitialResult=1 LevelAfter=1 LootInfo=-1 Name=LOC_CITIZEN_MAYA_FEMALE_6 Operation=58 PlotIndex=1404
mission CityName=LOC_CITY_NAME_VANCOUVER CompletionTurn=190 EscapeResult=-1 InitialResult=0 LevelAfter=1 LootInfo=-1 Name=LOC_CITIZEN_MAYA_MODERN_FEMALE_3 Operation=58 PlotIndex=801
mission CityName=LOC_CITY_NAME_TE_HOKIANGA_NU_A_KUPE CompletionTurn=189 EscapeResult=2 InitialResult=2 LevelAfter=1 LootInfo=-1 Name=LOC_CITIZEN_MAYA_MODERN_FEMALE_4 Operation=58 PlotIndex=772
mission CityName=LOC_CITY_NAME_TORONTO CompletionTurn=189 EscapeResult=2 InitialResult=2 LevelAfter=1 LootInfo=-1 Name=LOC_CITIZEN_MAYA_MALE_8 Operation=58 PlotIndex=1818
mission CityName=LOC_CITY_NAME_VICTORIA CompletionTurn=187 EscapeResult=0 InitialResult=4 LevelAfter=2 LootInfo=-1 Name=LOC_CITIZEN_MAYA_FEMALE_7 Operation=58 PlotIndex=889
mission CityName=LOC_CITY_NAME_WINNIPEG CompletionTurn=187 EscapeResult=1 InitialResult=2 LevelAfter=1 LootInfo=-1 Name=LOC_CITIZEN_MAYA_FEMALE_4 Operation=58 PlotIndex=1743
mission CityName=LOC_CITY_NAME_HALIFAX CompletionTurn=187 EscapeResult=2 InitialResult=4 LevelAfter=2 LootInfo=-1 Name=LOC_CITIZEN_MAYA_MODERN_MALE_9 Operation=58 PlotIndex=1409
mission CityName=LOC_CITY_NAME_QUEBEC_CITY CompletionTurn=184 EscapeResult=-1 InitialResult=0 LevelAfter=1 LootInfo=-1 Name=LOC_CITIZEN_MAYA_MODERN_MALE_10 Operation=58 PlotIndex=1404
mission CityName=LOC_CITY_NAME_SAINT_JOHN CompletionTurn=184 EscapeResult=2 InitialResult=4 LevelAfter=2 LootInfo=-1 Name=LOC_CITIZEN_MAYA_MODERN_FEMALE_9 Operation=58 PlotIndex=1991
mission CityName=LOC_CITY_NAME_OTTAWA CompletionTurn=182 EscapeResult=0 InitialResult=4 LevelAfter=2 LootInfo=-1 Name=LOC_CITIZEN_MAYA_MODERN_FEMALE_8 Operation=58 PlotIndex=978
mission CityName=LOC_CITY_NAME_MONTREAL CompletionTurn=182 EscapeResult=2 InitialResult=4 LevelAfter=2 LootInfo=-1 Name=LOC_CITIZEN_MAYA_MODERN_FEMALE_7 Operation=58 PlotIndex=1314
mission CityName=LOC_CITY_NAME_TORONTO CompletionTurn=182 EscapeResult=-1 InitialResult=1 LevelAfter=1 LootInfo=-1 Name=LOC_CITIZEN_MAYA_MODERN_FEMALE_5 Operation=58 PlotIndex=1818
tally 4  FOMENT_UNREST CAPTURED / NO_RESULT
tally 1  FOMENT_UNREST FAIL_MUST_ESCAPE / CAPTURED
tally 2  FOMENT_UNREST FAIL_MUST_ESCAPE / FAIL_MUST_ESCAPE
tally 1  FOMENT_UNREST FAIL_MUST_ESCAPE / KILLED
tally 2  FOMENT_UNREST FAIL_UNDETECTED / NO_RESULT
tally 5  FOMENT_UNREST KILLED / NO_RESULT
tally 3  FOMENT_UNREST SUCCESS_MUST_ESCAPE / FAIL_MUST_ESCAPE
tally 4  FOMENT_UNREST SUCCESS_MUST_ESCAPE / KILLED
tally 5  FOMENT_UNREST SUCCESS_UNDETECTED / NO_RESULT
turn 213 spies active 6 idle 3 missions 27 captured-enemy 0
spy 7864322 LOC_CITIZEN_MAYA_MODERN_FEMALE_4 level 1 at 54:21 refused
spy 7012356 LOC_CITIZEN_MAYA_MODERN_FEMALE_9 level 3 at 63:20 start
spy 6291469 LOC_CITIZEN_MAYA_MODERN_FEMALE_6 level 3 at 60:16 busy
spy 8323088 LOC_CITIZEN_MAYA_FEMALE_1 level 1 at 54:15 start
spy 7995411 LOC_CITIZEN_MAYA_MALE_8 level 1 at 65:16 busy
spy 7798805 LOC_CITIZEN_MAYA_MALE_1 level 1 at 49:10 busy
spy 7929878 LOC_CITIZEN_MAYA_MODERN_FEMALE_8 level 1 at 54:21 refused
spy 6946839 LOC_CITIZEN_MAYA_MODERN_MALE_1 level 1 at 59:23 busy
spy 6750236 LOC_CITIZEN_MAYA_MODERN_MALE_9 level 3 at 54:11 busy
spy 7536669 LOC_CITIZEN_MAYA_FEMALE_8 level 1 at 54:21 busy
turn 213 spies 10 started 2 travelled 0 promoted 0 bought 0 gold 50000
unblock: blocker ENDTURN_BLOCKING_PRODUCTION -> PALENQUE_MAYA builds UNIT_WARRIOR | end turn requested
unstuck: closed sessions [1:1]
unstuck: TechCivicCompletedPopup: closed
unblock: blocker ENDTURN_BLOCKING_CIVIC -> civic CIVIC_DEFENSIVE_TACTICS | end turn requested
unstuck: DiplomacyActionView: closed
unblock: blocker ENDTURN_BLOCKING_CIVIC -> civic CIVIC_DEFENSIVE_TACTICS | end turn requested
unstuck: closed sessions [2:2]
unstuck: DiplomacyActionView: Closing Diplomacy Action View. m_eventID: 449379
unblock: blocker ENDTURN_BLOCKING_CIVIC -> civic CIVIC_DEFENSIVE_TACTICS | end turn requested
mission CityName=LOC_CITY_NAME_TORONTO CompletionTurn=214 EscapeResult=-1 InitialResult=3 LevelAfter=1 LootInfo=-1 Name=LOC_CITIZEN_MAYA_FEMALE_8 Operation=58 PlotIndex=1818
mission CityName=LOC_CITY_NAME_OTTAWA CompletionTurn=214 EscapeResult=-1 InitialResult=5 LevelAfter=4 LootInfo=-1 Name=LOC_CITIZEN_MAYA_MODERN_MALE_9 Operation=58 PlotIndex=978
mission CityName=LOC_CITY_NAME_VANCOUVER CompletionTurn=212 EscapeResult=-1 InitialResult=1 LevelAfter=1 LootInfo=-1 Name=LOC_CITIZEN_MAYA_FEMALE_3 Operation=58 PlotIndex=801
mission CityName=LOC_CITY_NAME_SAINT_JOHN CompletionTurn=210 EscapeResult=-1 InitialResult=3 LevelAfter=1 LootInfo=-1 Name=LOC_CITIZEN_MAYA_MODERN_MALE_1 Operation=58 PlotIndex=1991
mission CityName=LOC_CITY_NAME_QUEBEC_CITY CompletionTurn=210 EscapeResult=-1 InitialResult=3 LevelAfter=3 LootInfo=-1 Name=LOC_CITIZEN_MAYA_MODERN_FEMALE_6 Operation=58 PlotIndex=1404
mission CityName=LOC_CITY_NAME_WINNIPEG CompletionTurn=210 EscapeResult=-1 InitialResult=5 LevelAfter=3 LootInfo=-1 Name=LOC_CITIZEN_MAYA_MODERN_FEMALE_9 Operation=58 PlotIndex=1743
mission CityName=LOC_CITY_NAME_HALIFAX CompletionTurn=209 EscapeResult=-1 InitialResult=0 LevelAfter=2 LootInfo=-1 Name=LOC_CITIZEN_MAYA_MODERN_MALE_6 Operation=58 PlotIndex=1409
mission CityName=LOC_CITY_NAME_OTTAWA CompletionTurn=208 EscapeResult=-1 InitialResult=5 LevelAfter=3 LootInfo=-1 Name=LOC_CITIZEN_MAYA_MODERN_MALE_9 Operation=58 PlotIndex=978
mission CityName=LOC_CITY_NAME_MONTREAL CompletionTurn=208 EscapeResult=0 InitialResult=2 LevelAfter=2 LootInfo=-1 Name=LOC_CITIZEN_MAYA_MODERN_FEMALE_7 Operation=58 PlotIndex=1314
mission CityName=LOC_CITY_NAME_WINDSOR CompletionTurn=206 EscapeResult=-1 InitialResult=0 LevelAfter=1 LootInfo=-1 Name=LOC_CITIZEN_MAYA_MALE_5 Operation=58 PlotIndex=1392
mission CityName=LOC_CITY_NAME_VANCOUVER CompletionTurn=206 EscapeResult=-1 InitialResult=0 LevelAfter=1 LootInfo=-1 Name=LOC_CITIZEN_MAYA_MODERN_FEMALE_1 Operation=58 PlotIndex=801
mission CityName=LOC_CITY_NAME_HALIFAX CompletionTurn=203 EscapeResult=-1 InitialResult=5 LevelAfter=2 LootInfo=-1 Name=LOC_CITIZEN_MAYA_MODERN_MALE_6 Operation=58 PlotIndex=1409
mission CityName=LOC_CITY_NAME_QUEBEC_CITY CompletionTurn=203 EscapeResult=-1 InitialResult=5 LevelAfter=3 LootInfo=-1 Name=LOC_CITIZEN_MAYA_MODERN_FEMALE_6 Operation=58 PlotIndex=1404
mission CityName=LOC_CITY_NAME_OPANGO CompletionTurn=203 EscapeResult=0 InitialResult=4 LevelAfter=2 LootInfo=-1 Name=LOC_CITIZEN_MAYA_MODERN_MALE_4 Operation=58 PlotIndex=3635
mission CityName=LOC_CITY_NAME_QUEBEC_CITY CompletionTurn=196 EscapeResult=-1 InitialResult=1 LevelAfter=1 LootInfo=-1 Name=LOC_CITIZEN_MAYA_MALE_6 Operation=58 PlotIndex=1404
mission CityName=LOC_CITY_NAME_VANCOUVER CompletionTurn=194 EscapeResult=0 InitialResult=4 LevelAfter=2 LootInfo=-1 Name=LOC_CITIZEN_MAYA_MODERN_FEMALE_2 Operation=58 PlotIndex=801
mission CityName=LOC_GOSSIP_LOST_CITY CompletionTurn=192 EscapeResult=-1 InitialResult=5 LevelAfter=2 LootInfo=-1 Name=LOC_CITIZEN_MAYA_MODERN_FEMALE_6 Operation=58 PlotIndex=1833
mission CityName=LOC_CITY_NAME_QUEBEC_CITY CompletionTurn=192 EscapeResult=-1 InitialResult=1 LevelAfter=1 LootInfo=-1 Name=LOC_CITIZEN_MAYA_FEMALE_6 Operation=58 PlotIndex=1404
mission CityName=LOC_CITY_NAME_VANCOUVER CompletionTurn=190 EscapeResult=-1 InitialResult=0 LevelAfter=1 LootInfo=-1 Name=LOC_CITIZEN_MAYA_MODERN_FEMALE_3 Operation=58 PlotIndex=801
mission CityName=LOC_CITY_NAME_TE_HOKIANGA_NU_A_KUPE CompletionTurn=189 EscapeResult=2 InitialResult=2 LevelAfter=1 LootInfo=-1 Name=LOC_CITIZEN_MAYA_MODERN_FEMALE_4 Operation=58 PlotIndex=772
mission CityName=LOC_CITY_NAME_TORONTO CompletionTurn=189 EscapeResult=2 InitialResult=2 LevelAfter=1 LootInfo=-1 Name=LOC_CITIZEN_MAYA_MALE_8 Operation=58 PlotIndex=1818
mission CityName=LOC_CITY_NAME_VICTORIA CompletionTurn=187 EscapeResult=0 InitialResult=4 LevelAfter=2 LootInfo=-1 Name=LOC_CITIZEN_MAYA_FEMALE_7 Operation=58 PlotIndex=889
mission CityName=LOC_CITY_NAME_WINNIPEG CompletionTurn=187 EscapeResult=1 InitialResult=2 LevelAfter=1 LootInfo=-1 Name=LOC_CITIZEN_MAYA_FEMALE_4 Operation=58 PlotIndex=1743
mission CityName=LOC_CITY_NAME_HALIFAX CompletionTurn=187 EscapeResult=2 InitialResult=4 LevelAfter=2 LootInfo=-1 Name=LOC_CITIZEN_MAYA_MODERN_MALE_9 Operation=58 PlotIndex=1409
mission CityName=LOC_CITY_NAME_QUEBEC_CITY CompletionTurn=184 EscapeResult=-1 InitialResult=0 LevelAfter=1 LootInfo=-1 Name=LOC_CITIZEN_MAYA_MODERN_MALE_10 Operation=58 PlotIndex=1404
mission CityName=LOC_CITY_NAME_SAINT_JOHN CompletionTurn=184 EscapeResult=2 InitialResult=4 LevelAfter=2 LootInfo=-1 Name=LOC_CITIZEN_MAYA_MODERN_FEMALE_9 Operation=58 PlotIndex=1991
mission CityName=LOC_CITY_NAME_OTTAWA CompletionTurn=182 EscapeResult=0 InitialResult=4 LevelAfter=2 LootInfo=-1 Name=LOC_CITIZEN_MAYA_MODERN_FEMALE_8 Operation=58 PlotIndex=978
mission CityName=LOC_CITY_NAME_MONTREAL CompletionTurn=182 EscapeResult=2 InitialResult=4 LevelAfter=2 LootInfo=-1 Name=LOC_CITIZEN_MAYA_MODERN_FEMALE_7 Operation=58 PlotIndex=1314
mission CityName=LOC_CITY_NAME_TORONTO CompletionTurn=182 EscapeResult=-1 InitialResult=1 LevelAfter=1 LootInfo=-1 Name=LOC_CITIZEN_MAYA_MODERN_FEMALE_5 Operation=58 PlotIndex=1818
tally 4  FOMENT_UNREST CAPTURED / NO_RESULT
tally 1  FOMENT_UNREST FAIL_MUST_ESCAPE / CAPTURED
tally 2  FOMENT_UNREST FAIL_MUST_ESCAPE / FAIL_MUST_ESCAPE
tally 1  FOMENT_UNREST FAIL_MUST_ESCAPE / KILLED
tally 3  FOMENT_UNREST FAIL_UNDETECTED / NO_RESULT
tally 5  FOMENT_UNREST KILLED / NO_RESULT
tally 3  FOMENT_UNREST SUCCESS_MUST_ESCAPE / FAIL_MUST_ESCAPE
tally 4  FOMENT_UNREST SUCCESS_MUST_ESCAPE / KILLED
tally 6  FOMENT_UNREST SUCCESS_UNDETECTED / NO_RESULT
turn 214 spies active 6 idle 5 missions 29 captured-enemy 0
spy 7864322 LOC_CITIZEN_MAYA_MODERN_FEMALE_4 level 1 at 54:21 start
spy 7012356 LOC_CITIZEN_MAYA_MODERN_FEMALE_9 level 3 at 63:20 busy
spy 8388616 LOC_CITIZEN_MAYA_MALE_6 level 1 at 54:15 refused
spy 6291469 LOC_CITIZEN_MAYA_MODERN_FEMALE_6 level 3 at 60:16 busy
spy 8323088 LOC_CITIZEN_MAYA_FEMALE_1 level 1 at 54:15 busy
spy 7995411 LOC_CITIZEN_MAYA_MALE_8 level 1 at 65:16 busy
spy 7798805 LOC_CITIZEN_MAYA_MALE_1 level 1 at 49:10 busy
spy 7929878 LOC_CITIZEN_MAYA_MODERN_FEMALE_8 level 1 at 54:21 start
spy 6946839 LOC_CITIZEN_MAYA_MODERN_MALE_1 level 1 at 59:23 busy
spy 6750236 LOC_CITIZEN_MAYA_MODERN_MALE_9 level 3 at 54:11 start
spy 7536669 LOC_CITIZEN_MAYA_FEMALE_8 level 1 at 54:21 start
turn 214 spies 11 started 4 travelled 0 promoted 1 bought 0 gold 50000
unblock: blocker ENDTURN_BLOCKING_CIVIC -> civic CIVIC_DEFENSIVE_TACTICS | end turn requested
unstuck: HistoricMoments: closed
unstuck: TechCivicCompletedPopup: closed
unblock: blocker ENDTURN_BLOCKING_RESEARCH -> research TECH_CARTOGRAPHY | end turn requested
mission CityName=LOC_CITY_NAME_SAINT_JOHN CompletionTurn=215 EscapeResult=-1 InitialResult=2 LevelAfter=1 LootInfo=-1 Name=LOC_CITIZEN_MAYA_MODERN_MALE_1 Operation=58 PlotIndex=1991
mission CityName=LOC_CITY_NAME_VICTORIA CompletionTurn=215 EscapeResult=-1 InitialResult=2 LevelAfter=1 LootInfo=-1 Name=LOC_CITIZEN_MAYA_MALE_1 Operation=58 PlotIndex=889
mission CityName=LOC_CITY_NAME_HALIFAX CompletionTurn=215 EscapeResult=-1 InitialResult=1 LevelAfter=1 LootInfo=-1 Name=LOC_CITIZEN_MAYA_MALE_8 Operation=58 PlotIndex=1409
mission CityName=LOC_CITY_NAME_QUEBEC_CITY CompletionTurn=215 EscapeResult=-1 InitialResult=5 LevelAfter=4 LootInfo=-1 Name=LOC_CITIZEN_MAYA_MODERN_FEMALE_6 Operation=58 PlotIndex=1404
mission CityName=LOC_CITY_NAME_TORONTO CompletionTurn=214 EscapeResult=-1 InitialResult=3 LevelAfter=1 LootInfo=-1 Name=LOC_CITIZEN_MAYA_FEMALE_8 Operation=58 PlotIndex=1818
mission CityName=LOC_CITY_NAME_OTTAWA CompletionTurn=214 EscapeResult=-1 InitialResult=5 LevelAfter=4 LootInfo=-1 Name=LOC_CITIZEN_MAYA_MODERN_MALE_9 Operation=58 PlotIndex=978
mission CityName=LOC_CITY_NAME_VANCOUVER CompletionTurn=212 EscapeResult=-1 InitialResult=1 LevelAfter=1 LootInfo=-1 Name=LOC_CITIZEN_MAYA_FEMALE_3 Operation=58 PlotIndex=801
mission CityName=LOC_CITY_NAME_SAINT_JOHN CompletionTurn=210 EscapeResult=-1 InitialResult=3 LevelAfter=1 LootInfo=-1 Name=LOC_CITIZEN_MAYA_MODERN_MALE_1 Operation=58 PlotIndex=1991
mission CityName=LOC_CITY_NAME_QUEBEC_CITY CompletionTurn=210 EscapeResult=-1 InitialResult=3 LevelAfter=3 LootInfo=-1 Name=LOC_CITIZEN_MAYA_MODERN_FEMALE_6 Operation=58 PlotIndex=1404
mission CityName=LOC_CITY_NAME_WINNIPEG CompletionTurn=210 EscapeResult=-1 InitialResult=5 LevelAfter=3 LootInfo=-1 Name=LOC_CITIZEN_MAYA_MODERN_FEMALE_9 Operation=58 PlotIndex=1743
mission CityName=LOC_CITY_NAME_HALIFAX CompletionTurn=209 EscapeResult=-1 InitialResult=0 LevelAfter=2 LootInfo=-1 Name=LOC_CITIZEN_MAYA_MODERN_MALE_6 Operation=58 PlotIndex=1409
mission CityName=LOC_CITY_NAME_OTTAWA CompletionTurn=208 EscapeResult=-1 InitialResult=5 LevelAfter=3 LootInfo=-1 Name=LOC_CITIZEN_MAYA_MODERN_MALE_9 Operation=58 PlotIndex=978
mission CityName=LOC_CITY_NAME_MONTREAL CompletionTurn=208 EscapeResult=0 InitialResult=2 LevelAfter=2 LootInfo=-1 Name=LOC_CITIZEN_MAYA_MODERN_FEMALE_7 Operation=58 PlotIndex=1314
mission CityName=LOC_CITY_NAME_WINDSOR CompletionTurn=206 EscapeResult=-1 InitialResult=0 LevelAfter=1 LootInfo=-1 Name=LOC_CITIZEN_MAYA_MALE_5 Operation=58 PlotIndex=1392
mission CityName=LOC_CITY_NAME_VANCOUVER CompletionTurn=206 EscapeResult=-1 InitialResult=0 LevelAfter=1 LootInfo=-1 Name=LOC_CITIZEN_MAYA_MODERN_FEMALE_1 Operation=58 PlotIndex=801
mission CityName=LOC_CITY_NAME_HALIFAX CompletionTurn=203 EscapeResult=-1 InitialResult=5 LevelAfter=2 LootInfo=-1 Name=LOC_CITIZEN_MAYA_MODERN_MALE_6 Operation=58 PlotIndex=1409
mission CityName=LOC_CITY_NAME_QUEBEC_CITY CompletionTurn=203 EscapeResult=-1 InitialResult=5 LevelAfter=3 LootInfo=-1 Name=LOC_CITIZEN_MAYA_MODERN_FEMALE_6 Operation=58 PlotIndex=1404
mission CityName=LOC_CITY_NAME_OPANGO CompletionTurn=203 EscapeResult=0 InitialResult=4 LevelAfter=2 LootInfo=-1 Name=LOC_CITIZEN_MAYA_MODERN_MALE_4 Operation=58 PlotIndex=3635
mission CityName=LOC_CITY_NAME_QUEBEC_CITY CompletionTurn=196 EscapeResult=-1 InitialResult=1 LevelAfter=1 LootInfo=-1 Name=LOC_CITIZEN_MAYA_MALE_6 Operation=58 PlotIndex=1404
mission CityName=LOC_CITY_NAME_VANCOUVER CompletionTurn=194 EscapeResult=0 InitialResult=4 LevelAfter=2 LootInfo=-1 Name=LOC_CITIZEN_MAYA_MODERN_FEMALE_2 Operation=58 PlotIndex=801
mission CityName=LOC_GOSSIP_LOST_CITY CompletionTurn=192 EscapeResult=-1 InitialResult=5 LevelAfter=2 LootInfo=-1 Name=LOC_CITIZEN_MAYA_MODERN_FEMALE_6 Operation=58 PlotIndex=1833
mission CityName=LOC_CITY_NAME_QUEBEC_CITY CompletionTurn=192 EscapeResult=-1 InitialResult=1 LevelAfter=1 LootInfo=-1 Name=LOC_CITIZEN_MAYA_FEMALE_6 Operation=58 PlotIndex=1404
mission CityName=LOC_CITY_NAME_VANCOUVER CompletionTurn=190 EscapeResult=-1 InitialResult=0 LevelAfter=1 LootInfo=-1 Name=LOC_CITIZEN_MAYA_MODERN_FEMALE_3 Operation=58 PlotIndex=801
mission CityName=LOC_CITY_NAME_TE_HOKIANGA_NU_A_KUPE CompletionTurn=189 EscapeResult=2 InitialResult=2 LevelAfter=1 LootInfo=-1 Name=LOC_CITIZEN_MAYA_MODERN_FEMALE_4 Operation=58 PlotIndex=772
mission CityName=LOC_CITY_NAME_TORONTO CompletionTurn=189 EscapeResult=2 InitialResult=2 LevelAfter=1 LootInfo=-1 Name=LOC_CITIZEN_MAYA_MALE_8 Operation=58 PlotIndex=1818
mission CityName=LOC_CITY_NAME_VICTORIA CompletionTurn=187 EscapeResult=0 InitialResult=4 LevelAfter=2 LootInfo=-1 Name=LOC_CITIZEN_MAYA_FEMALE_7 Operation=58 PlotIndex=889
mission CityName=LOC_CITY_NAME_WINNIPEG CompletionTurn=187 EscapeResult=1 InitialResult=2 LevelAfter=1 LootInfo=-1 Name=LOC_CITIZEN_MAYA_FEMALE_4 Operation=58 PlotIndex=1743
mission CityName=LOC_CITY_NAME_HALIFAX CompletionTurn=187 EscapeResult=2 InitialResult=4 LevelAfter=2 LootInfo=-1 Name=LOC_CITIZEN_MAYA_MODERN_MALE_9 Operation=58 PlotIndex=1409
mission CityName=LOC_CITY_NAME_QUEBEC_CITY CompletionTurn=184 EscapeResult=-1 InitialResult=0 LevelAfter=1 LootInfo=-1 Name=LOC_CITIZEN_MAYA_MODERN_MALE_10 Operation=58 PlotIndex=1404
mission CityName=LOC_CITY_NAME_SAINT_JOHN CompletionTurn=184 EscapeResult=2 InitialResult=4 LevelAfter=2 LootInfo=-1 Name=LOC_CITIZEN_MAYA_MODERN_FEMALE_9 Operation=58 PlotIndex=1991
mission CityName=LOC_CITY_NAME_OTTAWA CompletionTurn=182 EscapeResult=0 InitialResult=4 LevelAfter=2 LootInfo=-1 Name=LOC_CITIZEN_MAYA_MODERN_FEMALE_8 Operation=58 PlotIndex=978
mission CityName=LOC_CITY_NAME_MONTREAL CompletionTurn=182 EscapeResult=2 InitialResult=4 LevelAfter=2 LootInfo=-1 Name=LOC_CITIZEN_MAYA_MODERN_FEMALE_7 Operation=58 PlotIndex=1314
mission CityName=LOC_CITY_NAME_TORONTO CompletionTurn=182 EscapeResult=-1 InitialResult=1 LevelAfter=1 LootInfo=-1 Name=LOC_CITIZEN_MAYA_MODERN_FEMALE_5 Operation=58 PlotIndex=1818
tally 5  FOMENT_UNREST CAPTURED / NO_RESULT
tally 1  FOMENT_UNREST FAIL_MUST_ESCAPE / CAPTURED
tally 2  FOMENT_UNREST FAIL_MUST_ESCAPE / FAIL_MUST_ESCAPE
tally 1  FOMENT_UNREST FAIL_MUST_ESCAPE / KILLED
tally 2  FOMENT_UNREST FAIL_MUST_ESCAPE / NO_RESULT
tally 3  FOMENT_UNREST FAIL_UNDETECTED / NO_RESULT
tally 5  FOMENT_UNREST KILLED / NO_RESULT
tally 3  FOMENT_UNREST SUCCESS_MUST_ESCAPE / FAIL_MUST_ESCAPE
tally 4  FOMENT_UNREST SUCCESS_MUST_ESCAPE / KILLED
tally 7  FOMENT_UNREST SUCCESS_UNDETECTED / NO_RESULT
turn 215 spies active 8 idle 3 missions 33 captured-enemy 0
spy 7864322 LOC_CITIZEN_MAYA_MODERN_FEMALE_4 level 1 at 54:21 busy
spy 7012356 LOC_CITIZEN_MAYA_MODERN_FEMALE_9 level 3 at 63:20 busy
spy 8388616 LOC_CITIZEN_MAYA_MALE_6 level 1 at 54:15 refused
spy 6291469 LOC_CITIZEN_MAYA_MODERN_FEMALE_6 level 3 at 60:16 start
spy 8323088 LOC_CITIZEN_MAYA_FEMALE_1 level 1 at 54:15 busy
spy 7798805 LOC_CITIZEN_MAYA_MALE_1 level 1 at 49:10 busy
spy 7929878 LOC_CITIZEN_MAYA_MODERN_FEMALE_8 level 1 at 54:21 refused
spy 6946839 LOC_CITIZEN_MAYA_MODERN_MALE_1 level 1 at 59:23 busy
spy 6750236 LOC_CITIZEN_MAYA_MODERN_MALE_9 level 4 at 54:11 busy
spy 7536669 LOC_CITIZEN_MAYA_FEMALE_8 level 1 at 54:21 refused
turn 215 spies 10 started 1 travelled 0 promoted 1 bought 0 gold 50000
unblock: blocker ENDTURN_BLOCKING_RESEARCH -> research TECH_CARTOGRAPHY | end turn requested
unstuck: TechCivicCompletedPopup: closed
unblock: blocker ENDTURN_BLOCKING_PRODUCTION -> PALENQUE_MAYA builds UNIT_WARRIOR | end turn requested
unblock: blocker ENDTURN_BLOCKING_CIVIC -> civic CIVIC_RECORDED_HISTORY | end turn requested
mission CityName=LOC_CITY_NAME_SAINT_JOHN CompletionTurn=215 EscapeResult=-1 InitialResult=2 LevelAfter=1 LootInfo=-1 Name=LOC_CITIZEN_MAYA_MODERN_MALE_1 Operation=58 PlotIndex=1991
mission CityName=LOC_CITY_NAME_VICTORIA CompletionTurn=215 EscapeResult=-1 InitialResult=2 LevelAfter=1 LootInfo=-1 Name=LOC_CITIZEN_MAYA_MALE_1 Operation=58 PlotIndex=889
mission CityName=LOC_CITY_NAME_HALIFAX CompletionTurn=215 EscapeResult=-1 InitialResult=1 LevelAfter=1 LootInfo=-1 Name=LOC_CITIZEN_MAYA_MALE_8 Operation=58 PlotIndex=1409
mission CityName=LOC_CITY_NAME_QUEBEC_CITY CompletionTurn=215 EscapeResult=-1 InitialResult=5 LevelAfter=4 LootInfo=-1 Name=LOC_CITIZEN_MAYA_MODERN_FEMALE_6 Operation=58 PlotIndex=1404
mission CityName=LOC_CITY_NAME_TORONTO CompletionTurn=214 EscapeResult=-1 InitialResult=3 LevelAfter=1 LootInfo=-1 Name=LOC_CITIZEN_MAYA_FEMALE_8 Operation=58 PlotIndex=1818
mission CityName=LOC_CITY_NAME_OTTAWA CompletionTurn=214 EscapeResult=-1 InitialResult=5 LevelAfter=4 LootInfo=-1 Name=LOC_CITIZEN_MAYA_MODERN_MALE_9 Operation=58 PlotIndex=978
mission CityName=LOC_CITY_NAME_VANCOUVER CompletionTurn=212 EscapeResult=-1 InitialResult=1 LevelAfter=1 LootInfo=-1 Name=LOC_CITIZEN_MAYA_FEMALE_3 Operation=58 PlotIndex=801
mission CityName=LOC_CITY_NAME_SAINT_JOHN CompletionTurn=210 EscapeResult=-1 InitialResult=3 LevelAfter=1 LootInfo=-1 Name=LOC_CITIZEN_MAYA_MODERN_MALE_1 Operation=58 PlotIndex=1991
mission CityName=LOC_CITY_NAME_QUEBEC_CITY CompletionTurn=210 EscapeResult=-1 InitialResult=3 LevelAfter=3 LootInfo=-1 Name=LOC_CITIZEN_MAYA_MODERN_FEMALE_6 Operation=58 PlotIndex=1404
mission CityName=LOC_CITY_NAME_WINNIPEG CompletionTurn=210 EscapeResult=-1 InitialResult=5 LevelAfter=3 LootInfo=-1 Name=LOC_CITIZEN_MAYA_MODERN_FEMALE_9 Operation=58 PlotIndex=1743
mission CityName=LOC_CITY_NAME_HALIFAX CompletionTurn=209 EscapeResult=-1 InitialResult=0 LevelAfter=2 LootInfo=-1 Name=LOC_CITIZEN_MAYA_MODERN_MALE_6 Operation=58 PlotIndex=1409
mission CityName=LOC_CITY_NAME_OTTAWA CompletionTurn=208 EscapeResult=-1 InitialResult=5 LevelAfter=3 LootInfo=-1 Name=LOC_CITIZEN_MAYA_MODERN_MALE_9 Operation=58 PlotIndex=978
mission CityName=LOC_CITY_NAME_MONTREAL CompletionTurn=208 EscapeResult=0 InitialResult=2 LevelAfter=2 LootInfo=-1 Name=LOC_CITIZEN_MAYA_MODERN_FEMALE_7 Operation=58 PlotIndex=1314
mission CityName=LOC_CITY_NAME_WINDSOR CompletionTurn=206 EscapeResult=-1 InitialResult=0 LevelAfter=1 LootInfo=-1 Name=LOC_CITIZEN_MAYA_MALE_5 Operation=58 PlotIndex=1392
mission CityName=LOC_CITY_NAME_VANCOUVER CompletionTurn=206 EscapeResult=-1 InitialResult=0 LevelAfter=1 LootInfo=-1 Name=LOC_CITIZEN_MAYA_MODERN_FEMALE_1 Operation=58 PlotIndex=801
mission CityName=LOC_CITY_NAME_HALIFAX CompletionTurn=203 EscapeResult=-1 InitialResult=5 LevelAfter=2 LootInfo=-1 Name=LOC_CITIZEN_MAYA_MODERN_MALE_6 Operation=58 PlotIndex=1409
mission CityName=LOC_CITY_NAME_QUEBEC_CITY CompletionTurn=203 EscapeResult=-1 InitialResult=5 LevelAfter=3 LootInfo=-1 Name=LOC_CITIZEN_MAYA_MODERN_FEMALE_6 Operation=58 PlotIndex=1404
mission CityName=LOC_CITY_NAME_OPANGO CompletionTurn=203 EscapeResult=0 InitialResult=4 LevelAfter=2 LootInfo=-1 Name=LOC_CITIZEN_MAYA_MODERN_MALE_4 Operation=58 PlotIndex=3635
mission CityName=LOC_CITY_NAME_QUEBEC_CITY CompletionTurn=196 EscapeResult=-1 InitialResult=1 LevelAfter=1 LootInfo=-1 Name=LOC_CITIZEN_MAYA_MALE_6 Operation=58 PlotIndex=1404
mission CityName=LOC_CITY_NAME_VANCOUVER CompletionTurn=194 EscapeResult=0 InitialResult=4 LevelAfter=2 LootInfo=-1 Name=LOC_CITIZEN_MAYA_MODERN_FEMALE_2 Operation=58 PlotIndex=801
mission CityName=LOC_CITY_NAME_RUATORIA CompletionTurn=192 EscapeResult=-1 InitialResult=5 LevelAfter=2 LootInfo=-1 Name=LOC_CITIZEN_MAYA_MODERN_FEMALE_6 Operation=58 PlotIndex=1833
mission CityName=LOC_CITY_NAME_QUEBEC_CITY CompletionTurn=192 EscapeResult=-1 InitialResult=1 LevelAfter=1 LootInfo=-1 Name=LOC_CITIZEN_MAYA_FEMALE_6 Operation=58 PlotIndex=1404
mission CityName=LOC_CITY_NAME_VANCOUVER CompletionTurn=190 EscapeResult=-1 InitialResult=0 LevelAfter=1 LootInfo=-1 Name=LOC_CITIZEN_MAYA_MODERN_FEMALE_3 Operation=58 PlotIndex=801
mission CityName=LOC_CITY_NAME_TE_HOKIANGA_NU_A_KUPE CompletionTurn=189 EscapeResult=2 InitialResult=2 LevelAfter=1 LootInfo=-1 Name=LOC_CITIZEN_MAYA_MODERN_FEMALE_4 Operation=58 PlotIndex=772
mission CityName=LOC_CITY_NAME_TORONTO CompletionTurn=189 EscapeResult=2 InitialResult=2 LevelAfter=1 LootInfo=-1 Name=LOC_CITIZEN_MAYA_MALE_8 Operation=58 PlotIndex=1818
mission CityName=LOC_CITY_NAME_VICTORIA CompletionTurn=187 EscapeResult=0 InitialResult=4 LevelAfter=2 LootInfo=-1 Name=LOC_CITIZEN_MAYA_FEMALE_7 Operation=58 PlotIndex=889
mission CityName=LOC_CITY_NAME_WINNIPEG CompletionTurn=187 EscapeResult=1 InitialResult=2 LevelAfter=1 LootInfo=-1 Name=LOC_CITIZEN_MAYA_FEMALE_4 Operation=58 PlotIndex=1743
mission CityName=LOC_CITY_NAME_HALIFAX CompletionTurn=187 EscapeResult=2 InitialResult=4 LevelAfter=2 LootInfo=-1 Name=LOC_CITIZEN_MAYA_MODERN_MALE_9 Operation=58 PlotIndex=1409
mission CityName=LOC_CITY_NAME_QUEBEC_CITY CompletionTurn=184 EscapeResult=-1 InitialResult=0 LevelAfter=1 LootInfo=-1 Name=LOC_CITIZEN_MAYA_MODERN_MALE_10 Operation=58 PlotIndex=1404
mission CityName=LOC_CITY_NAME_SAINT_JOHN CompletionTurn=184 EscapeResult=2 InitialResult=4 LevelAfter=2 LootInfo=-1 Name=LOC_CITIZEN_MAYA_MODERN_FEMALE_9 Operation=58 PlotIndex=1991
mission CityName=LOC_CITY_NAME_OTTAWA CompletionTurn=182 EscapeResult=0 InitialResult=4 LevelAfter=2 LootInfo=-1 Name=LOC_CITIZEN_MAYA_MODERN_FEMALE_8 Operation=58 PlotIndex=978
mission CityName=LOC_CITY_NAME_MONTREAL CompletionTurn=182 EscapeResult=2 InitialResult=4 LevelAfter=2 LootInfo=-1 Name=LOC_CITIZEN_MAYA_MODERN_FEMALE_7 Operation=58 PlotIndex=1314
mission CityName=LOC_CITY_NAME_TORONTO CompletionTurn=182 EscapeResult=-1 InitialResult=1 LevelAfter=1 LootInfo=-1 Name=LOC_CITIZEN_MAYA_MODERN_FEMALE_5 Operation=58 PlotIndex=1818
tally 5  FOMENT_UNREST CAPTURED / NO_RESULT
tally 1  FOMENT_UNREST FAIL_MUST_ESCAPE / CAPTURED
tally 2  FOMENT_UNREST FAIL_MUST_ESCAPE / FAIL_MUST_ESCAPE
tally 1  FOMENT_UNREST FAIL_MUST_ESCAPE / KILLED
tally 2  FOMENT_UNREST FAIL_MUST_ESCAPE / NO_RESULT
tally 3  FOMENT_UNREST FAIL_UNDETECTED / NO_RESULT
tally 5  FOMENT_UNREST KILLED / NO_RESULT
tally 3  FOMENT_UNREST SUCCESS_MUST_ESCAPE / FAIL_MUST_ESCAPE
tally 4  FOMENT_UNREST SUCCESS_MUST_ESCAPE / KILLED
tally 7  FOMENT_UNREST SUCCESS_UNDETECTED / NO_RESULT
turn 216 spies active 6 idle 4 missions 33 captured-enemy 0
spy 7864322 LOC_CITIZEN_MAYA_MODERN_FEMALE_4 level 1 at 54:21 busy
spy 7012356 LOC_CITIZEN_MAYA_MODERN_FEMALE_9 level 3 at 63:20 busy
spy 8388616 LOC_CITIZEN_MAYA_MALE_6 level 1 at 54:15 refused
spy 6291469 LOC_CITIZEN_MAYA_MODERN_FEMALE_6 level 4 at 60:16 busy
spy 8323088 LOC_CITIZEN_MAYA_FEMALE_1 level 1 at 54:15 busy
spy 7798805 LOC_CITIZEN_MAYA_MALE_1 level 1 at 49:10 busy
spy 7929878 LOC_CITIZEN_MAYA_MODERN_FEMALE_8 level 1 at 54:21 refused
spy 6946839 LOC_CITIZEN_MAYA_MODERN_MALE_1 level 1 at 59:23 busy
spy 6750236 LOC_CITIZEN_MAYA_MODERN_MALE_9 level 4 at 54:11 start
spy 7536669 LOC_CITIZEN_MAYA_FEMALE_8 level 1 at 54:21 refused
turn 216 spies 10 started 1 travelled 0 promoted 0 bought 0 gold 50000
unblock: blocker ENDTURN_BLOCKING_CIVIC -> civic CIVIC_RECORDED_HISTORY | end turn requested
unblock: blocker ENDTURN_BLOCKING_SPY_CHOOSE_ESCAPE_ROUTE -> escape route DISTRICT_CITY_CENTER of 1 for spy 7798805 LOC_CITIZEN_MAYA_MALE_1 level 1 turn 216 city LOC_CITY_NAME_VICTORIA p1 at 49:10 pursuer police | end turn requested
unblock: blocker ENDTURN_BLOCKING_SPY_CHOOSE_ESCAPE_ROUTE -> escape route DISTRICT_CITY_CENTER of 2 for spy 6946839 LOC_CITIZEN_MAYA_MODERN_MALE_1 level 1 turn 216 city LOC_CITY_NAME_SAINT_JOHN p1 at 59:23 pursuer police | end turn requested
mission CityName=LOC_CITY_NAME_MONTREAL CompletionTurn=217 EscapeResult=-1 InitialResult=5 LevelAfter=2 LootInfo=-1 Name=LOC_CITIZEN_MAYA_FEMALE_1 Operation=58 PlotIndex=1314
mission CityName=LOC_CITY_NAME_WINNIPEG CompletionTurn=217 EscapeResult=-1 InitialResult=5 LevelAfter=4 LootInfo=-1 Name=LOC_CITIZEN_MAYA_MODERN_FEMALE_9 Operation=58 PlotIndex=1743
mission CityName=LOC_CITY_NAME_SAINT_JOHN CompletionTurn=215 EscapeResult=-1 InitialResult=2 LevelAfter=1 LootInfo=-1 Name=LOC_CITIZEN_MAYA_MODERN_MALE_1 Operation=58 PlotIndex=1991
mission CityName=LOC_CITY_NAME_VICTORIA CompletionTurn=215 EscapeResult=0 InitialResult=2 LevelAfter=1 LootInfo=-1 Name=LOC_CITIZEN_MAYA_MALE_1 Operation=58 PlotIndex=889
mission CityName=LOC_CITY_NAME_HALIFAX CompletionTurn=215 EscapeResult=-1 InitialResult=1 LevelAfter=1 LootInfo=-1 Name=LOC_CITIZEN_MAYA_MALE_8 Operation=58 PlotIndex=1409
mission CityName=LOC_CITY_NAME_QUEBEC_CITY CompletionTurn=215 EscapeResult=-1 InitialResult=5 LevelAfter=4 LootInfo=-1 Name=LOC_CITIZEN_MAYA_MODERN_FEMALE_6 Operation=58 PlotIndex=1404
mission CityName=LOC_CITY_NAME_TORONTO CompletionTurn=214 EscapeResult=-1 InitialResult=3 LevelAfter=1 LootInfo=-1 Name=LOC_CITIZEN_MAYA_FEMALE_8 Operation=58 PlotIndex=1818
mission CityName=LOC_CITY_NAME_OTTAWA CompletionTurn=214 EscapeResult=-1 InitialResult=5 LevelAfter=4 LootInfo=-1 Name=LOC_CITIZEN_MAYA_MODERN_MALE_9 Operation=58 PlotIndex=978
mission CityName=LOC_CITY_NAME_VANCOUVER CompletionTurn=212 EscapeResult=-1 InitialResult=1 LevelAfter=1 LootInfo=-1 Name=LOC_CITIZEN_MAYA_FEMALE_3 Operation=58 PlotIndex=801
mission CityName=LOC_CITY_NAME_SAINT_JOHN CompletionTurn=210 EscapeResult=-1 InitialResult=3 LevelAfter=1 LootInfo=-1 Name=LOC_CITIZEN_MAYA_MODERN_MALE_1 Operation=58 PlotIndex=1991
mission CityName=LOC_CITY_NAME_QUEBEC_CITY CompletionTurn=210 EscapeResult=-1 InitialResult=3 LevelAfter=3 LootInfo=-1 Name=LOC_CITIZEN_MAYA_MODERN_FEMALE_6 Operation=58 PlotIndex=1404
mission CityName=LOC_CITY_NAME_WINNIPEG CompletionTurn=210 EscapeResult=-1 InitialResult=5 LevelAfter=3 LootInfo=-1 Name=LOC_CITIZEN_MAYA_MODERN_FEMALE_9 Operation=58 PlotIndex=1743
mission CityName=LOC_CITY_NAME_HALIFAX CompletionTurn=209 EscapeResult=-1 InitialResult=0 LevelAfter=2 LootInfo=-1 Name=LOC_CITIZEN_MAYA_MODERN_MALE_6 Operation=58 PlotIndex=1409
mission CityName=LOC_CITY_NAME_OTTAWA CompletionTurn=208 EscapeResult=-1 InitialResult=5 LevelAfter=3 LootInfo=-1 Name=LOC_CITIZEN_MAYA_MODERN_MALE_9 Operation=58 PlotIndex=978
mission CityName=LOC_CITY_NAME_MONTREAL CompletionTurn=208 EscapeResult=0 InitialResult=2 LevelAfter=2 LootInfo=-1 Name=LOC_CITIZEN_MAYA_MODERN_FEMALE_7 Operation=58 PlotIndex=1314
mission CityName=LOC_CITY_NAME_WINDSOR CompletionTurn=206 EscapeResult=-1 InitialResult=0 LevelAfter=1 LootInfo=-1 Name=LOC_CITIZEN_MAYA_MALE_5 Operation=58 PlotIndex=1392
mission CityName=LOC_CITY_NAME_VANCOUVER CompletionTurn=206 EscapeResult=-1 InitialResult=0 LevelAfter=1 LootInfo=-1 Name=LOC_CITIZEN_MAYA_MODERN_FEMALE_1 Operation=58 PlotIndex=801
mission CityName=LOC_CITY_NAME_HALIFAX CompletionTurn=203 EscapeResult=-1 InitialResult=5 LevelAfter=2 LootInfo=-1 Name=LOC_CITIZEN_MAYA_MODERN_MALE_6 Operation=58 PlotIndex=1409
mission CityName=LOC_CITY_NAME_QUEBEC_CITY CompletionTurn=203 EscapeResult=-1 InitialResult=5 LevelAfter=3 LootInfo=-1 Name=LOC_CITIZEN_MAYA_MODERN_FEMALE_6 Operation=58 PlotIndex=1404
mission CityName=LOC_CITY_NAME_OPANGO CompletionTurn=203 EscapeResult=0 InitialResult=4 LevelAfter=2 LootInfo=-1 Name=LOC_CITIZEN_MAYA_MODERN_MALE_4 Operation=58 PlotIndex=3635
mission CityName=LOC_CITY_NAME_QUEBEC_CITY CompletionTurn=196 EscapeResult=-1 InitialResult=1 LevelAfter=1 LootInfo=-1 Name=LOC_CITIZEN_MAYA_MALE_6 Operation=58 PlotIndex=1404
mission CityName=LOC_CITY_NAME_VANCOUVER CompletionTurn=194 EscapeResult=0 InitialResult=4 LevelAfter=2 LootInfo=-1 Name=LOC_CITIZEN_MAYA_MODERN_FEMALE_2 Operation=58 PlotIndex=801
mission CityName=LOC_CITY_NAME_RUATORIA CompletionTurn=192 EscapeResult=-1 InitialResult=5 LevelAfter=2 LootInfo=-1 Name=LOC_CITIZEN_MAYA_MODERN_FEMALE_6 Operation=58 PlotIndex=1833
mission CityName=LOC_CITY_NAME_QUEBEC_CITY CompletionTurn=192 EscapeResult=-1 InitialResult=1 LevelAfter=1 LootInfo=-1 Name=LOC_CITIZEN_MAYA_FEMALE_6 Operation=58 PlotIndex=1404
mission CityName=LOC_CITY_NAME_VANCOUVER CompletionTurn=190 EscapeResult=-1 InitialResult=0 LevelAfter=1 LootInfo=-1 Name=LOC_CITIZEN_MAYA_MODERN_FEMALE_3 Operation=58 PlotIndex=801
mission CityName=LOC_CITY_NAME_TE_HOKIANGA_NU_A_KUPE CompletionTurn=189 EscapeResult=2 InitialResult=2 LevelAfter=1 LootInfo=-1 Name=LOC_CITIZEN_MAYA_MODERN_FEMALE_4 Operation=58 PlotIndex=772
mission CityName=LOC_CITY_NAME_TORONTO CompletionTurn=189 EscapeResult=2 InitialResult=2 LevelAfter=1 LootInfo=-1 Name=LOC_CITIZEN_MAYA_MALE_8 Operation=58 PlotIndex=1818
mission CityName=LOC_CITY_NAME_VICTORIA CompletionTurn=187 EscapeResult=0 InitialResult=4 LevelAfter=2 LootInfo=-1 Name=LOC_CITIZEN_MAYA_FEMALE_7 Operation=58 PlotIndex=889
mission CityName=LOC_CITY_NAME_WINNIPEG CompletionTurn=187 EscapeResult=1 InitialResult=2 LevelAfter=1 LootInfo=-1 Name=LOC_CITIZEN_MAYA_FEMALE_4 Operation=58 PlotIndex=1743
mission CityName=LOC_CITY_NAME_HALIFAX CompletionTurn=187 EscapeResult=2 InitialResult=4 LevelAfter=2 LootInfo=-1 Name=LOC_CITIZEN_MAYA_MODERN_MALE_9 Operation=58 PlotIndex=1409
mission CityName=LOC_CITY_NAME_QUEBEC_CITY CompletionTurn=184 EscapeResult=-1 InitialResult=0 LevelAfter=1 LootInfo=-1 Name=LOC_CITIZEN_MAYA_MODERN_MALE_10 Operation=58 PlotIndex=1404
mission CityName=LOC_CITY_NAME_SAINT_JOHN CompletionTurn=184 EscapeResult=2 InitialResult=4 LevelAfter=2 LootInfo=-1 Name=LOC_CITIZEN_MAYA_MODERN_FEMALE_9 Operation=58 PlotIndex=1991
mission CityName=LOC_CITY_NAME_OTTAWA CompletionTurn=182 EscapeResult=0 InitialResult=4 LevelAfter=2 LootInfo=-1 Name=LOC_CITIZEN_MAYA_MODERN_FEMALE_8 Operation=58 PlotIndex=978
mission CityName=LOC_CITY_NAME_MONTREAL CompletionTurn=182 EscapeResult=2 InitialResult=4 LevelAfter=2 LootInfo=-1 Name=LOC_CITIZEN_MAYA_MODERN_FEMALE_7 Operation=58 PlotIndex=1314
mission CityName=LOC_CITY_NAME_TORONTO CompletionTurn=182 EscapeResult=-1 InitialResult=1 LevelAfter=1 LootInfo=-1 Name=LOC_CITIZEN_MAYA_MODERN_FEMALE_5 Operation=58 PlotIndex=1818
tally 5  FOMENT_UNREST CAPTURED / NO_RESULT
tally 1  FOMENT_UNREST FAIL_MUST_ESCAPE / CAPTURED
tally 2  FOMENT_UNREST FAIL_MUST_ESCAPE / FAIL_MUST_ESCAPE
tally 2  FOMENT_UNREST FAIL_MUST_ESCAPE / KILLED
tally 1  FOMENT_UNREST FAIL_MUST_ESCAPE / NO_RESULT
tally 3  FOMENT_UNREST FAIL_UNDETECTED / NO_RESULT
tally 5  FOMENT_UNREST KILLED / NO_RESULT
tally 3  FOMENT_UNREST SUCCESS_MUST_ESCAPE / FAIL_MUST_ESCAPE
tally 4  FOMENT_UNREST SUCCESS_MUST_ESCAPE / KILLED
tally 9  FOMENT_UNREST SUCCESS_UNDETECTED / NO_RESULT
turn 217 spies active 5 idle 4 missions 35 captured-enemy 0
spy 7864322 LOC_CITIZEN_MAYA_MODERN_FEMALE_4 level 1 at 54:21 busy
spy 7012356 LOC_CITIZEN_MAYA_MODERN_FEMALE_9 level 3 at 63:20 start
spy 8388616 LOC_CITIZEN_MAYA_MALE_6 level 1 at 54:15 start
spy 6291469 LOC_CITIZEN_MAYA_MODERN_FEMALE_6 level 4 at 60:16 start
spy 8323088 LOC_CITIZEN_MAYA_FEMALE_1 level 1 at 54:15 start
spy 7929878 LOC_CITIZEN_MAYA_MODERN_FEMALE_8 level 1 at 54:21 refused
spy 6946839 LOC_CITIZEN_MAYA_MODERN_MALE_1 level 1 at 59:23 busy
spy 6750236 LOC_CITIZEN_MAYA_MODERN_MALE_9 level 4 at 54:11 busy
spy 7536669 LOC_CITIZEN_MAYA_FEMALE_8 level 1 at 54:21 refused
turn 217 spies 9 started 4 travelled 0 promoted 2 bought 3 gold 50000
unblock: blocker ENDTURN_BLOCKING_SPY_CHOOSE_ESCAPE_ROUTE -> escape route DISTRICT_CITY_CENTER of 2 for spy 6946839 LOC_CITIZEN_MAYA_MODERN_MALE_1 level 1 turn 217 city LOC_CITY_NAME_SAINT_JOHN p1 at 59:23 pursuer police | end turn requested
unstuck: TechCivicCompletedPopup: closed
unblock: blocker ENDTURN_BLOCKING_PRODUCTION -> PALENQUE_MAYA builds UNIT_WARRIOR | end turn requested
unblock: blocker ENDTURN_BLOCKING_PRODUCTION -> PALENQUE_MAYA builds UNIT_WARRIOR | end turn requested
unstuck: closed sessions [6:6]
unstuck: DiplomacyActionView: Closing Diplomacy Action View. m_eventID: 503129
mission CityName=LOC_CITY_NAME_MONTREAL CompletionTurn=218 EscapeResult=-1 InitialResult=4 LevelAfter=3 LootInfo=-1 Name=LOC_CITIZEN_MAYA_FEMALE_1 Operation=58 PlotIndex=1314
mission CityName=LOC_CITY_NAME_TORONTO CompletionTurn=218 EscapeResult=-1 InitialResult=5 LevelAfter=2 LootInfo=-1 Name=LOC_CITIZEN_MAYA_MODERN_FEMALE_4 Operation=58 PlotIndex=1818
mission CityName=LOC_CITY_NAME_MONTREAL CompletionTurn=217 EscapeResult=-1 InitialResult=5 LevelAfter=2 LootInfo=-1 Name=LOC_CITIZEN_MAYA_FEMALE_1 Operation=58 PlotIndex=1314
mission CityName=LOC_CITY_NAME_WINNIPEG CompletionTurn=217 EscapeResult=-1 InitialResult=5 LevelAfter=4 LootInfo=-1 Name=LOC_CITIZEN_MAYA_MODERN_FEMALE_9 Operation=58 PlotIndex=1743
mission CityName=LOC_CITY_NAME_SAINT_JOHN CompletionTurn=215 EscapeResult=0 InitialResult=2 LevelAfter=1 LootInfo=-1 Name=LOC_CITIZEN_MAYA_MODERN_MALE_1 Operation=58 PlotIndex=1991
mission CityName=LOC_CITY_NAME_VICTORIA CompletionTurn=215 EscapeResult=0 InitialResult=2 LevelAfter=1 LootInfo=-1 Name=LOC_CITIZEN_MAYA_MALE_1 Operation=58 PlotIndex=889
mission CityName=LOC_CITY_NAME_HALIFAX CompletionTurn=215 EscapeResult=-1 InitialResult=1 LevelAfter=1 LootInfo=-1 Name=LOC_CITIZEN_MAYA_MALE_8 Operation=58 PlotIndex=1409
mission CityName=LOC_CITY_NAME_QUEBEC_CITY CompletionTurn=215 EscapeResult=-1 InitialResult=5 LevelAfter=4 LootInfo=-1 Name=LOC_CITIZEN_MAYA_MODERN_FEMALE_6 Operation=58 PlotIndex=1404
mission CityName=LOC_CITY_NAME_TORONTO CompletionTurn=214 EscapeResult=-1 InitialResult=3 LevelAfter=1 LootInfo=-1 Name=LOC_CITIZEN_MAYA_FEMALE_8 Operation=58 PlotIndex=1818
mission CityName=LOC_CITY_NAME_OTTAWA CompletionTurn=214 EscapeResult=-1 InitialResult=5 LevelAfter=4 LootInfo=-1 Name=LOC_CITIZEN_MAYA_MODERN_MALE_9 Operation=58 PlotIndex=978
mission CityName=LOC_CITY_NAME_VANCOUVER CompletionTurn=212 EscapeResult=-1 InitialResult=1 LevelAfter=1 LootInfo=-1 Name=LOC_CITIZEN_MAYA_FEMALE_3 Operation=58 PlotIndex=801
mission CityName=LOC_CITY_NAME_SAINT_JOHN CompletionTurn=210 EscapeResult=-1 InitialResult=3 LevelAfter=1 LootInfo=-1 Name=LOC_CITIZEN_MAYA_MODERN_MALE_1 Operation=58 PlotIndex=1991
mission CityName=LOC_CITY_NAME_QUEBEC_CITY CompletionTurn=210 EscapeResult=-1 InitialResult=3 LevelAfter=3 LootInfo=-1 Name=LOC_CITIZEN_MAYA_MODERN_FEMALE_6 Operation=58 PlotIndex=1404
mission CityName=LOC_CITY_NAME_WINNIPEG CompletionTurn=210 EscapeResult=-1 InitialResult=5 LevelAfter=3 LootInfo=-1 Name=LOC_CITIZEN_MAYA_MODERN_FEMALE_9 Operation=58 PlotIndex=1743
mission CityName=LOC_CITY_NAME_HALIFAX CompletionTurn=209 EscapeResult=-1 InitialResult=0 LevelAfter=2 LootInfo=-1 Name=LOC_CITIZEN_MAYA_MODERN_MALE_6 Operation=58 PlotIndex=1409
mission CityName=LOC_CITY_NAME_OTTAWA CompletionTurn=208 EscapeResult=-1 InitialResult=5 LevelAfter=3 LootInfo=-1 Name=LOC_CITIZEN_MAYA_MODERN_MALE_9 Operation=58 PlotIndex=978
mission CityName=LOC_CITY_NAME_MONTREAL CompletionTurn=208 EscapeResult=0 InitialResult=2 LevelAfter=2 LootInfo=-1 Name=LOC_CITIZEN_MAYA_MODERN_FEMALE_7 Operation=58 PlotIndex=1314
mission CityName=LOC_CITY_NAME_WINDSOR CompletionTurn=206 EscapeResult=-1 InitialResult=0 LevelAfter=1 LootInfo=-1 Name=LOC_CITIZEN_MAYA_MALE_5 Operation=58 PlotIndex=1392
mission CityName=LOC_CITY_NAME_VANCOUVER CompletionTurn=206 EscapeResult=-1 InitialResult=0 LevelAfter=1 LootInfo=-1 Name=LOC_CITIZEN_MAYA_MODERN_FEMALE_1 Operation=58 PlotIndex=801
mission CityName=LOC_CITY_NAME_HALIFAX CompletionTurn=203 EscapeResult=-1 InitialResult=5 LevelAfter=2 LootInfo=-1 Name=LOC_CITIZEN_MAYA_MODERN_MALE_6 Operation=58 PlotIndex=1409
mission CityName=LOC_CITY_NAME_QUEBEC_CITY CompletionTurn=203 EscapeResult=-1 InitialResult=5 LevelAfter=3 LootInfo=-1 Name=LOC_CITIZEN_MAYA_MODERN_FEMALE_6 Operation=58 PlotIndex=1404
mission CityName=LOC_CITY_NAME_OPANGO CompletionTurn=203 EscapeResult=0 InitialResult=4 LevelAfter=2 LootInfo=-1 Name=LOC_CITIZEN_MAYA_MODERN_MALE_4 Operation=58 PlotIndex=3635
mission CityName=LOC_CITY_NAME_QUEBEC_CITY CompletionTurn=196 EscapeResult=-1 InitialResult=1 LevelAfter=1 LootInfo=-1 Name=LOC_CITIZEN_MAYA_MALE_6 Operation=58 PlotIndex=1404
mission CityName=LOC_CITY_NAME_VANCOUVER CompletionTurn=194 EscapeResult=0 InitialResult=4 LevelAfter=2 LootInfo=-1 Name=LOC_CITIZEN_MAYA_MODERN_FEMALE_2 Operation=58 PlotIndex=801
mission CityName=LOC_CITY_NAME_RUATORIA CompletionTurn=192 EscapeResult=-1 InitialResult=5 LevelAfter=2 LootInfo=-1 Name=LOC_CITIZEN_MAYA_MODERN_FEMALE_6 Operation=58 PlotIndex=1833
mission CityName=LOC_CITY_NAME_QUEBEC_CITY CompletionTurn=192 EscapeResult=-1 InitialResult=1 LevelAfter=1 LootInfo=-1 Name=LOC_CITIZEN_MAYA_FEMALE_6 Operation=58 PlotIndex=1404
mission CityName=LOC_CITY_NAME_VANCOUVER CompletionTurn=190 EscapeResult=-1 InitialResult=0 LevelAfter=1 LootInfo=-1 Name=LOC_CITIZEN_MAYA_MODERN_FEMALE_3 Operation=58 PlotIndex=801
mission CityName=LOC_CITY_NAME_TE_HOKIANGA_NU_A_KUPE CompletionTurn=189 EscapeResult=2 InitialResult=2 LevelAfter=1 LootInfo=-1 Name=LOC_CITIZEN_MAYA_MODERN_FEMALE_4 Operation=58 PlotIndex=772
mission CityName=LOC_CITY_NAME_TORONTO CompletionTurn=189 EscapeResult=2 InitialResult=2 LevelAfter=1 LootInfo=-1 Name=LOC_CITIZEN_MAYA_MALE_8 Operation=58 PlotIndex=1818
mission CityName=LOC_CITY_NAME_VICTORIA CompletionTurn=187 EscapeResult=0 InitialResult=4 LevelAfter=2 LootInfo=-1 Name=LOC_CITIZEN_MAYA_FEMALE_7 Operation=58 PlotIndex=889
mission CityName=LOC_CITY_NAME_WINNIPEG CompletionTurn=187 EscapeResult=1 InitialResult=2 LevelAfter=1 LootInfo=-1 Name=LOC_CITIZEN_MAYA_FEMALE_4 Operation=58 PlotIndex=1743
mission CityName=LOC_CITY_NAME_HALIFAX CompletionTurn=187 EscapeResult=2 InitialResult=4 LevelAfter=2 LootInfo=-1 Name=LOC_CITIZEN_MAYA_MODERN_MALE_9 Operation=58 PlotIndex=1409
mission CityName=LOC_CITY_NAME_QUEBEC_CITY CompletionTurn=184 EscapeResult=-1 InitialResult=0 LevelAfter=1 LootInfo=-1 Name=LOC_CITIZEN_MAYA_MODERN_MALE_10 Operation=58 PlotIndex=1404
mission CityName=LOC_CITY_NAME_SAINT_JOHN CompletionTurn=184 EscapeResult=2 InitialResult=4 LevelAfter=2 LootInfo=-1 Name=LOC_CITIZEN_MAYA_MODERN_FEMALE_9 Operation=58 PlotIndex=1991
mission CityName=LOC_CITY_NAME_OTTAWA CompletionTurn=182 EscapeResult=0 InitialResult=4 LevelAfter=2 LootInfo=-1 Name=LOC_CITIZEN_MAYA_MODERN_FEMALE_8 Operation=58 PlotIndex=978
mission CityName=LOC_CITY_NAME_MONTREAL CompletionTurn=182 EscapeResult=2 InitialResult=4 LevelAfter=2 LootInfo=-1 Name=LOC_CITIZEN_MAYA_MODERN_FEMALE_7 Operation=58 PlotIndex=1314
mission CityName=LOC_CITY_NAME_TORONTO CompletionTurn=182 EscapeResult=-1 InitialResult=1 LevelAfter=1 LootInfo=-1 Name=LOC_CITIZEN_MAYA_MODERN_FEMALE_5 Operation=58 PlotIndex=1818
tally 5  FOMENT_UNREST CAPTURED / NO_RESULT
tally 1  FOMENT_UNREST FAIL_MUST_ESCAPE / CAPTURED
tally 2  FOMENT_UNREST FAIL_MUST_ESCAPE / FAIL_MUST_ESCAPE
tally 3  FOMENT_UNREST FAIL_MUST_ESCAPE / KILLED
tally 3  FOMENT_UNREST FAIL_UNDETECTED / NO_RESULT
tally 5  FOMENT_UNREST KILLED / NO_RESULT
tally 3  FOMENT_UNREST SUCCESS_MUST_ESCAPE / FAIL_MUST_ESCAPE
tally 4  FOMENT_UNREST SUCCESS_MUST_ESCAPE / KILLED
tally 1  FOMENT_UNREST SUCCESS_MUST_ESCAPE / NO_RESULT
tally 10  FOMENT_UNREST SUCCESS_UNDETECTED / NO_RESULT
turn 218 spies active 5 idle 4 missions 37 captured-enemy 0
spy 7864322 LOC_CITIZEN_MAYA_MODERN_FEMALE_4 level 1 at 54:21 start
spy 7012356 LOC_CITIZEN_MAYA_MODERN_FEMALE_9 level 4 at 63:20 busy
spy 8388616 LOC_CITIZEN_MAYA_MALE_6 level 1 at 54:15 busy
spy 6291469 LOC_CITIZEN_MAYA_MODERN_FEMALE_6 level 4 at 60:16 busy
spy 8323088 LOC_CITIZEN_MAYA_FEMALE_1 level 2 at 54:15 refused
spy 8847381 LOC_CITIZEN_MAYA_MODERN_MALE_9 level 1 at 36:42 travel
spy 7929878 LOC_CITIZEN_MAYA_MODERN_FEMALE_8 level 1 at 54:21 start
spy 6750236 LOC_CITIZEN_MAYA_MODERN_MALE_9 level 4 at 54:11 busy
spy 7536669 LOC_CITIZEN_MAYA_FEMALE_8 level 1 at 54:21 start
turn 218 spies 9 started 3 travelled 1 promoted 2 bought 2 gold 50000
unblock: blocker ENDTURN_BLOCKING_PRODUCTION -> PALENQUE_MAYA builds UNIT_WARRIOR | end turn requested
unblock: blocker ENDTURN_BLOCKING_CIVIC -> civic CIVIC_THEOLOGY | end turn requested
unblock: blocker ENDTURN_BLOCKING_SPY_CHOOSE_ESCAPE_ROUTE -> escape route DISTRICT_COMMERCIAL_HUB of 2 for spy 8323088 LOC_CITIZEN_MAYA_FEMALE_1 level 3 turn 218 city LOC_CITY_NAME_MONTREAL p1 at 54:15 pursuer police | end turn requested
mission CityName=LOC_CITY_NAME_MONTREAL CompletionTurn=218 EscapeResult=-1 InitialResult=4 LevelAfter=3 LootInfo=-1 Name=LOC_CITIZEN_MAYA_FEMALE_1 Operation=58 PlotIndex=1314
mission CityName=LOC_CITY_NAME_TORONTO CompletionTurn=218 EscapeResult=-1 InitialResult=5 LevelAfter=2 LootInfo=-1 Name=LOC_CITIZEN_MAYA_MODERN_FEMALE_4 Operation=58 PlotIndex=1818
mission CityName=LOC_CITY_NAME_MONTREAL CompletionTurn=217 EscapeResult=-1 InitialResult=5 LevelAfter=2 LootInfo=-1 Name=LOC_CITIZEN_MAYA_FEMALE_1 Operation=58 PlotIndex=1314
mission CityName=LOC_CITY_NAME_WINNIPEG CompletionTurn=217 EscapeResult=-1 InitialResult=5 LevelAfter=4 LootInfo=-1 Name=LOC_CITIZEN_MAYA_MODERN_FEMALE_9 Operation=58 PlotIndex=1743
mission CityName=LOC_CITY_NAME_SAINT_JOHN CompletionTurn=215 EscapeResult=0 InitialResult=2 LevelAfter=1 LootInfo=-1 Name=LOC_CITIZEN_MAYA_MODERN_MALE_1 Operation=58 PlotIndex=1991
mission CityName=LOC_CITY_NAME_VICTORIA CompletionTurn=215 EscapeResult=0 InitialResult=2 LevelAfter=1 LootInfo=-1 Name=LOC_CITIZEN_MAYA_MALE_1 Operation=58 PlotIndex=889
mission CityName=LOC_CITY_NAME_HALIFAX CompletionTurn=215 EscapeResult=-1 InitialResult=1 LevelAfter=1 LootInfo=-1 Name=LOC_CITIZEN_MAYA_MALE_8 Operation=58 PlotIndex=1409
mission CityName=LOC_CITY_NAME_QUEBEC_CITY CompletionTurn=215 EscapeResult=-1 InitialResult=5 LevelAfter=4 LootInfo=-1 Name=LOC_CITIZEN_MAYA_MODERN_FEMALE_6 Operation=58 PlotIndex=1404
mission CityName=LOC_CITY_NAME_TORONTO CompletionTurn=214 EscapeResult=-1 InitialResult=3 LevelAfter=1 LootInfo=-1 Name=LOC_CITIZEN_MAYA_FEMALE_8 Operation=58 PlotIndex=1818
mission CityName=LOC_CITY_NAME_OTTAWA CompletionTurn=214 EscapeResult=-1 InitialResult=5 LevelAfter=4 LootInfo=-1 Name=LOC_CITIZEN_MAYA_MODERN_MALE_9 Operation=58 PlotIndex=978
mission CityName=LOC_CITY_NAME_VANCOUVER CompletionTurn=212 EscapeResult=-1 InitialResult=1 LevelAfter=1 LootInfo=-1 Name=LOC_CITIZEN_MAYA_FEMALE_3 Operation=58 PlotIndex=801
mission CityName=LOC_CITY_NAME_SAINT_JOHN CompletionTurn=210 EscapeResult=-1 InitialResult=3 LevelAfter=1 LootInfo=-1 Name=LOC_CITIZEN_MAYA_MODERN_MALE_1 Operation=58 PlotIndex=1991
mission CityName=LOC_CITY_NAME_QUEBEC_CITY CompletionTurn=210 EscapeResult=-1 InitialResult=3 LevelAfter=3 LootInfo=-1 Name=LOC_CITIZEN_MAYA_MODERN_FEMALE_6 Operation=58 PlotIndex=1404
mission CityName=LOC_CITY_NAME_WINNIPEG CompletionTurn=210 EscapeResult=-1 InitialResult=5 LevelAfter=3 LootInfo=-1 Name=LOC_CITIZEN_MAYA_MODERN_FEMALE_9 Operation=58 PlotIndex=1743
mission CityName=LOC_CITY_NAME_HALIFAX CompletionTurn=209 EscapeResult=-1 InitialResult=0 LevelAfter=2 LootInfo=-1 Name=LOC_CITIZEN_MAYA_MODERN_MALE_6 Operation=58 PlotIndex=1409
mission CityName=LOC_CITY_NAME_OTTAWA CompletionTurn=208 EscapeResult=-1 InitialResult=5 LevelAfter=3 LootInfo=-1 Name=LOC_CITIZEN_MAYA_MODERN_MALE_9 Operation=58 PlotIndex=978
mission CityName=LOC_CITY_NAME_MONTREAL CompletionTurn=208 EscapeResult=0 InitialResult=2 LevelAfter=2 LootInfo=-1 Name=LOC_CITIZEN_MAYA_MODERN_FEMALE_7 Operation=58 PlotIndex=1314
mission CityName=LOC_CITY_NAME_WINDSOR CompletionTurn=206 EscapeResult=-1 InitialResult=0 LevelAfter=1 LootInfo=-1 Name=LOC_CITIZEN_MAYA_MALE_5 Operation=58 PlotIndex=1392
mission CityName=LOC_CITY_NAME_VANCOUVER CompletionTurn=206 EscapeResult=-1 InitialResult=0 LevelAfter=1 LootInfo=-1 Name=LOC_CITIZEN_MAYA_MODERN_FEMALE_1 Operation=58 PlotIndex=801
mission CityName=LOC_CITY_NAME_HALIFAX CompletionTurn=203 EscapeResult=-1 InitialResult=5 LevelAfter=2 LootInfo=-1 Name=LOC_CITIZEN_MAYA_MODERN_MALE_6 Operation=58 PlotIndex=1409
mission CityName=LOC_CITY_NAME_QUEBEC_CITY CompletionTurn=203 EscapeResult=-1 InitialResult=5 LevelAfter=3 LootInfo=-1 Name=LOC_CITIZEN_MAYA_MODERN_FEMALE_6 Operation=58 PlotIndex=1404
mission CityName=LOC_CITY_NAME_OPANGO CompletionTurn=203 EscapeResult=0 InitialResult=4 LevelAfter=2 LootInfo=-1 Name=LOC_CITIZEN_MAYA_MODERN_MALE_4 Operation=58 PlotIndex=3635
mission CityName=LOC_CITY_NAME_QUEBEC_CITY CompletionTurn=196 EscapeResult=-1 InitialResult=1 LevelAfter=1 LootInfo=-1 Name=LOC_CITIZEN_MAYA_MALE_6 Operation=58 PlotIndex=1404
mission CityName=LOC_CITY_NAME_VANCOUVER CompletionTurn=194 EscapeResult=0 InitialResult=4 LevelAfter=2 LootInfo=-1 Name=LOC_CITIZEN_MAYA_MODERN_FEMALE_2 Operation=58 PlotIndex=801
mission CityName=LOC_CITY_NAME_RUATORIA CompletionTurn=192 EscapeResult=-1 InitialResult=5 LevelAfter=2 LootInfo=-1 Name=LOC_CITIZEN_MAYA_MODERN_FEMALE_6 Operation=58 PlotIndex=1833
mission CityName=LOC_CITY_NAME_QUEBEC_CITY CompletionTurn=192 EscapeResult=-1 InitialResult=1 LevelAfter=1 LootInfo=-1 Name=LOC_CITIZEN_MAYA_FEMALE_6 Operation=58 PlotIndex=1404
mission CityName=LOC_CITY_NAME_VANCOUVER CompletionTurn=190 EscapeResult=-1 InitialResult=0 LevelAfter=1 LootInfo=-1 Name=LOC_CITIZEN_MAYA_MODERN_FEMALE_3 Operation=58 PlotIndex=801
mission CityName=LOC_CITY_NAME_TE_HOKIANGA_NU_A_KUPE CompletionTurn=189 EscapeResult=2 InitialResult=2 LevelAfter=1 LootInfo=-1 Name=LOC_CITIZEN_MAYA_MODERN_FEMALE_4 Operation=58 PlotIndex=772
mission CityName=LOC_CITY_NAME_TORONTO CompletionTurn=189 EscapeResult=2 InitialResult=2 LevelAfter=1 LootInfo=-1 Name=LOC_CITIZEN_MAYA_MALE_8 Operation=58 PlotIndex=1818
mission CityName=LOC_CITY_NAME_VICTORIA CompletionTurn=187 EscapeResult=0 InitialResult=4 LevelAfter=2 LootInfo=-1 Name=LOC_CITIZEN_MAYA_FEMALE_7 Operation=58 PlotIndex=889
mission CityName=LOC_CITY_NAME_WINNIPEG CompletionTurn=187 EscapeResult=1 InitialResult=2 LevelAfter=1 LootInfo=-1 Name=LOC_CITIZEN_MAYA_FEMALE_4 Operation=58 PlotIndex=1743
mission CityName=LOC_CITY_NAME_HALIFAX CompletionTurn=187 EscapeResult=2 InitialResult=4 LevelAfter=2 LootInfo=-1 Name=LOC_CITIZEN_MAYA_MODERN_MALE_9 Operation=58 PlotIndex=1409
mission CityName=LOC_CITY_NAME_QUEBEC_CITY CompletionTurn=184 EscapeResult=-1 InitialResult=0 LevelAfter=1 LootInfo=-1 Name=LOC_CITIZEN_MAYA_MODERN_MALE_10 Operation=58 PlotIndex=1404
mission CityName=LOC_CITY_NAME_SAINT_JOHN CompletionTurn=184 EscapeResult=2 InitialResult=4 LevelAfter=2 LootInfo=-1 Name=LOC_CITIZEN_MAYA_MODERN_FEMALE_9 Operation=58 PlotIndex=1991
mission CityName=LOC_CITY_NAME_OTTAWA CompletionTurn=182 EscapeResult=0 InitialResult=4 LevelAfter=2 LootInfo=-1 Name=LOC_CITIZEN_MAYA_MODERN_FEMALE_8 Operation=58 PlotIndex=978
mission CityName=LOC_CITY_NAME_MONTREAL CompletionTurn=182 EscapeResult=2 InitialResult=4 LevelAfter=2 LootInfo=-1 Name=LOC_CITIZEN_MAYA_MODERN_FEMALE_7 Operation=58 PlotIndex=1314
mission CityName=LOC_CITY_NAME_TORONTO CompletionTurn=182 EscapeResult=-1 InitialResult=1 LevelAfter=1 LootInfo=-1 Name=LOC_CITIZEN_MAYA_MODERN_FEMALE_5 Operation=58 PlotIndex=1818
tally 5  FOMENT_UNREST CAPTURED / NO_RESULT
tally 1  FOMENT_UNREST FAIL_MUST_ESCAPE / CAPTURED
tally 2  FOMENT_UNREST FAIL_MUST_ESCAPE / FAIL_MUST_ESCAPE
tally 3  FOMENT_UNREST FAIL_MUST_ESCAPE / KILLED
tally 3  FOMENT_UNREST FAIL_UNDETECTED / NO_RESULT
tally 5  FOMENT_UNREST KILLED / NO_RESULT
tally 3  FOMENT_UNREST SUCCESS_MUST_ESCAPE / FAIL_MUST_ESCAPE
tally 4  FOMENT_UNREST SUCCESS_MUST_ESCAPE / KILLED
tally 1  FOMENT_UNREST SUCCESS_MUST_ESCAPE / NO_RESULT
tally 10  FOMENT_UNREST SUCCESS_UNDETECTED / NO_RESULT
turn 219 spies active 4 idle 5 missions 37 captured-enemy 0
spy 7864322 LOC_CITIZEN_MAYA_MODERN_FEMALE_4 level 2 at 54:21 busy
spy 7012356 LOC_CITIZEN_MAYA_MODERN_FEMALE_9 level 4 at 63:20 start
spy 8388616 LOC_CITIZEN_MAYA_MALE_6 level 1 at 54:15 busy
spy 6291469 LOC_CITIZEN_MAYA_MODERN_FEMALE_6 level 4 at 60:16 busy
spy 8323088 LOC_CITIZEN_MAYA_FEMALE_1 level 3 at 54:15 refused
spy 8978453 LOC_CITIZEN_MAYA_MODERN_MALE_9 level 1 at 65:16 start
spy 7929878 LOC_CITIZEN_MAYA_MODERN_FEMALE_8 level 1 at 54:21 refused
spy 8912919 LOC_CITIZEN_MAYA_MODERN_FEMALE_1 level 1 at 37:38 travel
spy 6750236 LOC_CITIZEN_MAYA_MODERN_MALE_9 level 4 at 54:11 busy
spy 7536669 LOC_CITIZEN_MAYA_FEMALE_8 level 1 at 54:21 refused
turn 219 spies 10 started 2 travelled 1 promoted 0 bought 0 gold 50000
unblock: blocker ENDTURN_BLOCKING_SPY_CHOOSE_ESCAPE_ROUTE -> escape route DISTRICT_COMMERCIAL_HUB of 2 for spy 8323088 LOC_CITIZEN_MAYA_FEMALE_1 level 3 turn 219 city LOC_CITY_NAME_MONTREAL p1 at 54:15 pursuer police | end turn requested
unstuck: TechCivicCompletedPopup: closed
unblock: blocker ENDTURN_BLOCKING_CIVIC -> civic CIVIC_NAVAL_TRADITION | end turn requested
unblock: blocker ENDTURN_BLOCKING_PRODUCTION -> PALENQUE_MAYA builds UNIT_WARRIOR | end turn requested
mission CityName=LOC_CITY_NAME_MONTREAL CompletionTurn=218 EscapeResult=-1 InitialResult=4 LevelAfter=3 LootInfo=-1 Name=LOC_CITIZEN_MAYA_FEMALE_1 Operation=58 PlotIndex=1314
mission CityName=LOC_CITY_NAME_TORONTO CompletionTurn=218 EscapeResult=-1 InitialResult=5 LevelAfter=2 LootInfo=-1 Name=LOC_CITIZEN_MAYA_MODERN_FEMALE_4 Operation=58 PlotIndex=1818
mission CityName=LOC_CITY_NAME_MONTREAL CompletionTurn=217 EscapeResult=-1 InitialResult=5 LevelAfter=2 LootInfo=-1 Name=LOC_CITIZEN_MAYA_FEMALE_1 Operation=58 PlotIndex=1314
mission CityName=LOC_CITY_NAME_WINNIPEG CompletionTurn=217 EscapeResult=-1 InitialResult=5 LevelAfter=4 LootInfo=-1 Name=LOC_CITIZEN_MAYA_MODERN_FEMALE_9 Operation=58 PlotIndex=1743
mission CityName=LOC_CITY_NAME_SAINT_JOHN CompletionTurn=215 EscapeResult=0 InitialResult=2 LevelAfter=1 LootInfo=-1 Name=LOC_CITIZEN_MAYA_MODERN_MALE_1 Operation=58 PlotIndex=1991
mission CityName=LOC_CITY_NAME_VICTORIA CompletionTurn=215 EscapeResult=0 InitialResult=2 LevelAfter=1 LootInfo=-1 Name=LOC_CITIZEN_MAYA_MALE_1 Operation=58 PlotIndex=889
mission CityName=LOC_CITY_NAME_HALIFAX CompletionTurn=215 EscapeResult=-1 InitialResult=1 LevelAfter=1 LootInfo=-1 Name=LOC_CITIZEN_MAYA_MALE_8 Operation=58 PlotIndex=1409
mission CityName=LOC_CITY_NAME_QUEBEC_CITY CompletionTurn=215 EscapeResult=-1 InitialResult=5 LevelAfter=4 LootInfo=-1 Name=LOC_CITIZEN_MAYA_MODERN_FEMALE_6 Operation=58 PlotIndex=1404
mission CityName=LOC_CITY_NAME_TORONTO CompletionTurn=214 EscapeResult=-1 InitialResult=3 LevelAfter=1 LootInfo=-1 Name=LOC_CITIZEN_MAYA_FEMALE_8 Operation=58 PlotIndex=1818
mission CityName=LOC_CITY_NAME_OTTAWA CompletionTurn=214 EscapeResult=-1 InitialResult=5 LevelAfter=4 LootInfo=-1 Name=LOC_CITIZEN_MAYA_MODERN_MALE_9 Operation=58 PlotIndex=978
mission CityName=LOC_CITY_NAME_VANCOUVER CompletionTurn=212 EscapeResult=-1 InitialResult=1 LevelAfter=1 LootInfo=-1 Name=LOC_CITIZEN_MAYA_FEMALE_3 Operation=58 PlotIndex=801
mission CityName=LOC_CITY_NAME_SAINT_JOHN CompletionTurn=210 EscapeResult=-1 InitialResult=3 LevelAfter=1 LootInfo=-1 Name=LOC_CITIZEN_MAYA_MODERN_MALE_1 Operation=58 PlotIndex=1991
mission CityName=LOC_CITY_NAME_QUEBEC_CITY CompletionTurn=210 EscapeResult=-1 InitialResult=3 LevelAfter=3 LootInfo=-1 Name=LOC_CITIZEN_MAYA_MODERN_FEMALE_6 Operation=58 PlotIndex=1404
mission CityName=LOC_CITY_NAME_WINNIPEG CompletionTurn=210 EscapeResult=-1 InitialResult=5 LevelAfter=3 LootInfo=-1 Name=LOC_CITIZEN_MAYA_MODERN_FEMALE_9 Operation=58 PlotIndex=1743
mission CityName=LOC_CITY_NAME_HALIFAX CompletionTurn=209 EscapeResult=-1 InitialResult=0 LevelAfter=2 LootInfo=-1 Name=LOC_CITIZEN_MAYA_MODERN_MALE_6 Operation=58 PlotIndex=1409
mission CityName=LOC_CITY_NAME_OTTAWA CompletionTurn=208 EscapeResult=-1 InitialResult=5 LevelAfter=3 LootInfo=-1 Name=LOC_CITIZEN_MAYA_MODERN_MALE_9 Operation=58 PlotIndex=978
mission CityName=LOC_CITY_NAME_MONTREAL CompletionTurn=208 EscapeResult=0 InitialResult=2 LevelAfter=2 LootInfo=-1 Name=LOC_CITIZEN_MAYA_MODERN_FEMALE_7 Operation=58 PlotIndex=1314
mission CityName=LOC_CITY_NAME_WINDSOR CompletionTurn=206 EscapeResult=-1 InitialResult=0 LevelAfter=1 LootInfo=-1 Name=LOC_CITIZEN_MAYA_MALE_5 Operation=58 PlotIndex=1392
mission CityName=LOC_CITY_NAME_VANCOUVER CompletionTurn=206 EscapeResult=-1 InitialResult=0 LevelAfter=1 LootInfo=-1 Name=LOC_CITIZEN_MAYA_MODERN_FEMALE_1 Operation=58 PlotIndex=801
mission CityName=LOC_CITY_NAME_HALIFAX CompletionTurn=203 EscapeResult=-1 InitialResult=5 LevelAfter=2 LootInfo=-1 Name=LOC_CITIZEN_MAYA_MODERN_MALE_6 Operation=58 PlotIndex=1409
mission CityName=LOC_CITY_NAME_QUEBEC_CITY CompletionTurn=203 EscapeResult=-1 InitialResult=5 LevelAfter=3 LootInfo=-1 Name=LOC_CITIZEN_MAYA_MODERN_FEMALE_6 Operation=58 PlotIndex=1404
mission CityName=LOC_CITY_NAME_OPANGO CompletionTurn=203 EscapeResult=0 InitialResult=4 LevelAfter=2 LootInfo=-1 Name=LOC_CITIZEN_MAYA_MODERN_MALE_4 Operation=58 PlotIndex=3635
mission CityName=LOC_CITY_NAME_QUEBEC_CITY CompletionTurn=196 EscapeResult=-1 InitialResult=1 LevelAfter=1 LootInfo=-1 Name=LOC_CITIZEN_MAYA_MALE_6 Operation=58 PlotIndex=1404
mission CityName=LOC_CITY_NAME_VANCOUVER CompletionTurn=194 EscapeResult=0 InitialResult=4 LevelAfter=2 LootInfo=-1 Name=LOC_CITIZEN_MAYA_MODERN_FEMALE_2 Operation=58 PlotIndex=801
mission CityName=LOC_CITY_NAME_RUATORIA CompletionTurn=192 EscapeResult=-1 InitialResult=5 LevelAfter=2 LootInfo=-1 Name=LOC_CITIZEN_MAYA_MODERN_FEMALE_6 Operation=58 PlotIndex=1833
mission CityName=LOC_CITY_NAME_QUEBEC_CITY CompletionTurn=192 EscapeResult=-1 InitialResult=1 LevelAfter=1 LootInfo=-1 Name=LOC_CITIZEN_MAYA_FEMALE_6 Operation=58 PlotIndex=1404
mission CityName=LOC_CITY_NAME_VANCOUVER CompletionTurn=190 EscapeResult=-1 InitialResult=0 LevelAfter=1 LootInfo=-1 Name=LOC_CITIZEN_MAYA_MODERN_FEMALE_3 Operation=58 PlotIndex=801
mission CityName=LOC_CITY_NAME_TE_HOKIANGA_NU_A_KUPE CompletionTurn=189 EscapeResult=2 InitialResult=2 LevelAfter=1 LootInfo=-1 Name=LOC_CITIZEN_MAYA_MODERN_FEMALE_4 Operation=58 PlotIndex=772
mission CityName=LOC_CITY_NAME_TORONTO CompletionTurn=189 EscapeResult=2 InitialResult=2 LevelAfter=1 LootInfo=-1 Name=LOC_CITIZEN_MAYA_MALE_8 Operation=58 PlotIndex=1818
mission CityName=LOC_CITY_NAME_VICTORIA CompletionTurn=187 EscapeResult=0 InitialResult=4 LevelAfter=2 LootInfo=-1 Name=LOC_CITIZEN_MAYA_FEMALE_7 Operation=58 PlotIndex=889
mission CityName=LOC_CITY_NAME_WINNIPEG CompletionTurn=187 EscapeResult=1 InitialResult=2 LevelAfter=1 LootInfo=-1 Name=LOC_CITIZEN_MAYA_FEMALE_4 Operation=58 PlotIndex=1743
mission CityName=LOC_CITY_NAME_HALIFAX CompletionTurn=187 EscapeResult=2 InitialResult=4 LevelAfter=2 LootInfo=-1 Name=LOC_CITIZEN_MAYA_MODERN_MALE_9 Operation=58 PlotIndex=1409
mission CityName=LOC_CITY_NAME_QUEBEC_CITY CompletionTurn=184 EscapeResult=-1 InitialResult=0 LevelAfter=1 LootInfo=-1 Name=LOC_CITIZEN_MAYA_MODERN_MALE_10 Operation=58 PlotIndex=1404
mission CityName=LOC_CITY_NAME_SAINT_JOHN CompletionTurn=184 EscapeResult=2 InitialResult=4 LevelAfter=2 LootInfo=-1 Name=LOC_CITIZEN_MAYA_MODERN_FEMALE_9 Operation=58 PlotIndex=1991
mission CityName=LOC_CITY_NAME_OTTAWA CompletionTurn=182 EscapeResult=0 InitialResult=4 LevelAfter=2 LootInfo=-1 Name=LOC_CITIZEN_MAYA_MODERN_FEMALE_8 Operation=58 PlotIndex=978
mission CityName=LOC_CITY_NAME_MONTREAL CompletionTurn=182 EscapeResult=2 InitialResult=4 LevelAfter=2 LootInfo=-1 Name=LOC_CITIZEN_MAYA_MODERN_FEMALE_7 Operation=58 PlotIndex=1314
mission CityName=LOC_CITY_NAME_TORONTO CompletionTurn=182 EscapeResult=-1 InitialResult=1 LevelAfter=1 LootInfo=-1 Name=LOC_CITIZEN_MAYA_MODERN_FEMALE_5 Operation=58 PlotIndex=1818
tally 5  FOMENT_UNREST CAPTURED / NO_RESULT
tally 1  FOMENT_UNREST FAIL_MUST_ESCAPE / CAPTURED
tally 2  FOMENT_UNREST FAIL_MUST_ESCAPE / FAIL_MUST_ESCAPE
tally 3  FOMENT_UNREST FAIL_MUST_ESCAPE / KILLED
tally 3  FOMENT_UNREST FAIL_UNDETECTED / NO_RESULT
tally 5  FOMENT_UNREST KILLED / NO_RESULT
tally 3  FOMENT_UNREST SUCCESS_MUST_ESCAPE / FAIL_MUST_ESCAPE
tally 4  FOMENT_UNREST SUCCESS_MUST_ESCAPE / KILLED
tally 1  FOMENT_UNREST SUCCESS_MUST_ESCAPE / NO_RESULT
tally 10  FOMENT_UNREST SUCCESS_UNDETECTED / NO_RESULT
turn 219 spies active 5 idle 3 missions 37 captured-enemy 0
spy 7864322 LOC_CITIZEN_MAYA_MODERN_FEMALE_4 level 2 at 54:21 start
spy 7012356 LOC_CITIZEN_MAYA_MODERN_FEMALE_9 level 4 at 63:20 busy
spy 8388616 LOC_CITIZEN_MAYA_MALE_6 level 1 at 54:15 busy
spy 6291469 LOC_CITIZEN_MAYA_MODERN_FEMALE_6 level 4 at 60:16 busy
spy 8978453 LOC_CITIZEN_MAYA_MODERN_MALE_9 level 1 at 65:16 busy
spy 7929878 LOC_CITIZEN_MAYA_MODERN_FEMALE_8 level 1 at 54:21 start
spy 6750236 LOC_CITIZEN_MAYA_MODERN_MALE_9 level 4 at 54:11 busy
spy 7536669 LOC_CITIZEN_MAYA_FEMALE_8 level 1 at 54:21 start
turn 219 spies 8 started 3 travelled 0 promoted 0 bought 0 gold 50000
unblock: blocker ENDTURN_BLOCKING_PRODUCTION -> PALENQUE_MAYA builds UNIT_WARRIOR | end turn requested
unstuck: NaturalDisasterPopup: closed
unblock: blocker ENDTURN_BLOCKING_PRODUCTION -> PALENQUE_MAYA builds UNIT_WARRIOR | end turn requested
unblock: blocker ENDTURN_BLOCKING_PRODUCTION -> PALENQUE_MAYA builds UNIT_WARRIOR | end turn requested
mission CityName=LOC_CITY_NAME_QUEBEC_CITY CompletionTurn=221 EscapeResult=-1 InitialResult=3 LevelAfter=4 LootInfo=-1 Name=LOC_CITIZEN_MAYA_MODERN_FEMALE_6 Operation=58 PlotIndex=1404
mission CityName=LOC_CITY_NAME_MONTREAL CompletionTurn=221 EscapeResult=-1 InitialResult=2 LevelAfter=1 LootInfo=-1 Name=LOC_CITIZEN_MAYA_MALE_6 Operation=58 PlotIndex=1314
mission CityName=LOC_CITY_NAME_OTTAWA CompletionTurn=220 EscapeResult=-1 InitialResult=5 LevelAfter=4 LootInfo=-1 Name=LOC_CITIZEN_MAYA_MODERN_MALE_9 Operation=58 PlotIndex=978
mission CityName=LOC_CITY_NAME_MONTREAL CompletionTurn=218 EscapeResult=-1 InitialResult=4 LevelAfter=3 LootInfo=-1 Name=LOC_CITIZEN_MAYA_FEMALE_1 Operation=58 PlotIndex=1314
mission CityName=LOC_CITY_NAME_TORONTO CompletionTurn=218 EscapeResult=-1 InitialResult=5 LevelAfter=2 LootInfo=-1 Name=LOC_CITIZEN_MAYA_MODERN_FEMALE_4 Operation=58 PlotIndex=1818
mission CityName=LOC_CITY_NAME_MONTREAL CompletionTurn=217 EscapeResult=-1 InitialResult=5 LevelAfter=2 LootInfo=-1 Name=LOC_CITIZEN_MAYA_FEMALE_1 Operation=58 PlotIndex=1314
mission CityName=LOC_CITY_NAME_WINNIPEG CompletionTurn=217 EscapeResult=-1 InitialResult=5 LevelAfter=4 LootInfo=-1 Name=LOC_CITIZEN_MAYA_MODERN_FEMALE_9 Operation=58 PlotIndex=1743
mission CityName=LOC_CITY_NAME_SAINT_JOHN CompletionTurn=215 EscapeResult=0 InitialResult=2 LevelAfter=1 LootInfo=-1 Name=LOC_CITIZEN_MAYA_MODERN_MALE_1 Operation=58 PlotIndex=1991
mission CityName=LOC_CITY_NAME_VICTORIA CompletionTurn=215 EscapeResult=0 InitialResult=2 LevelAfter=1 LootInfo=-1 Name=LOC_CITIZEN_MAYA_MALE_1 Operation=58 PlotIndex=889
mission CityName=LOC_CITY_NAME_HALIFAX CompletionTurn=215 EscapeResult=-1 InitialResult=1 LevelAfter=1 LootInfo=-1 Name=LOC_CITIZEN_MAYA_MALE_8 Operation=58 PlotIndex=1409
mission CityName=LOC_CITY_NAME_QUEBEC_CITY CompletionTurn=215 EscapeResult=-1 InitialResult=5 LevelAfter=4 LootInfo=-1 Name=LOC_CITIZEN_MAYA_MODERN_FEMALE_6 Operation=58 PlotIndex=1404
mission CityName=LOC_CITY_NAME_TORONTO CompletionTurn=214 EscapeResult=-1 InitialResult=3 LevelAfter=1 LootInfo=-1 Name=LOC_CITIZEN_MAYA_FEMALE_8 Operation=58 PlotIndex=1818
mission CityName=LOC_CITY_NAME_OTTAWA CompletionTurn=214 EscapeResult=-1 InitialResult=5 LevelAfter=4 LootInfo=-1 Name=LOC_CITIZEN_MAYA_MODERN_MALE_9 Operation=58 PlotIndex=978
mission CityName=LOC_CITY_NAME_VANCOUVER CompletionTurn=212 EscapeResult=-1 InitialResult=1 LevelAfter=1 LootInfo=-1 Name=LOC_CITIZEN_MAYA_FEMALE_3 Operation=58 PlotIndex=801
mission CityName=LOC_CITY_NAME_SAINT_JOHN CompletionTurn=210 EscapeResult=-1 InitialResult=3 LevelAfter=1 LootInfo=-1 Name=LOC_CITIZEN_MAYA_MODERN_MALE_1 Operation=58 PlotIndex=1991
mission CityName=LOC_CITY_NAME_QUEBEC_CITY CompletionTurn=210 EscapeResult=-1 InitialResult=3 LevelAfter=3 LootInfo=-1 Name=LOC_CITIZEN_MAYA_MODERN_FEMALE_6 Operation=58 PlotIndex=1404
mission CityName=LOC_CITY_NAME_WINNIPEG CompletionTurn=210 EscapeResult=-1 InitialResult=5 LevelAfter=3 LootInfo=-1 Name=LOC_CITIZEN_MAYA_MODERN_FEMALE_9 Operation=58 PlotIndex=1743
mission CityName=LOC_CITY_NAME_HALIFAX CompletionTurn=209 EscapeResult=-1 InitialResult=0 LevelAfter=2 LootInfo=-1 Name=LOC_CITIZEN_MAYA_MODERN_MALE_6 Operation=58 PlotIndex=1409
mission CityName=LOC_CITY_NAME_OTTAWA CompletionTurn=208 EscapeResult=-1 InitialResult=5 LevelAfter=3 LootInfo=-1 Name=LOC_CITIZEN_MAYA_MODERN_MALE_9 Operation=58 PlotIndex=978
mission CityName=LOC_CITY_NAME_MONTREAL CompletionTurn=208 EscapeResult=0 InitialResult=2 LevelAfter=2 LootInfo=-1 Name=LOC_CITIZEN_MAYA_MODERN_FEMALE_7 Operation=58 PlotIndex=1314
mission CityName=LOC_CITY_NAME_WINDSOR CompletionTurn=206 EscapeResult=-1 InitialResult=0 LevelAfter=1 LootInfo=-1 Name=LOC_CITIZEN_MAYA_MALE_5 Operation=58 PlotIndex=1392
mission CityName=LOC_CITY_NAME_VANCOUVER CompletionTurn=206 EscapeResult=-1 InitialResult=0 LevelAfter=1 LootInfo=-1 Name=LOC_CITIZEN_MAYA_MODERN_FEMALE_1 Operation=58 PlotIndex=801
mission CityName=LOC_CITY_NAME_HALIFAX CompletionTurn=203 EscapeResult=-1 InitialResult=5 LevelAfter=2 LootInfo=-1 Name=LOC_CITIZEN_MAYA_MODERN_MALE_6 Operation=58 PlotIndex=1409
mission CityName=LOC_CITY_NAME_QUEBEC_CITY CompletionTurn=203 EscapeResult=-1 InitialResult=5 LevelAfter=3 LootInfo=-1 Name=LOC_CITIZEN_MAYA_MODERN_FEMALE_6 Operation=58 PlotIndex=1404
mission CityName=LOC_CITY_NAME_OPANGO CompletionTurn=203 EscapeResult=0 InitialResult=4 LevelAfter=2 LootInfo=-1 Name=LOC_CITIZEN_MAYA_MODERN_MALE_4 Operation=58 PlotIndex=3635
mission CityName=LOC_CITY_NAME_QUEBEC_CITY CompletionTurn=196 EscapeResult=-1 InitialResult=1 LevelAfter=1 LootInfo=-1 Name=LOC_CITIZEN_MAYA_MALE_6 Operation=58 PlotIndex=1404
mission CityName=LOC_CITY_NAME_VANCOUVER CompletionTurn=194 EscapeResult=0 InitialResult=4 LevelAfter=2 LootInfo=-1 Name=LOC_CITIZEN_MAYA_MODERN_FEMALE_2 Operation=58 PlotIndex=801
mission CityName=LOC_CITY_NAME_RUATORIA CompletionTurn=192 EscapeResult=-1 InitialResult=5 LevelAfter=2 LootInfo=-1 Name=LOC_CITIZEN_MAYA_MODERN_FEMALE_6 Operation=58 PlotIndex=1833
mission CityName=LOC_CITY_NAME_QUEBEC_CITY CompletionTurn=192 EscapeResult=-1 InitialResult=1 LevelAfter=1 LootInfo=-1 Name=LOC_CITIZEN_MAYA_FEMALE_6 Operation=58 PlotIndex=1404
mission CityName=LOC_CITY_NAME_VANCOUVER CompletionTurn=190 EscapeResult=-1 InitialResult=0 LevelAfter=1 LootInfo=-1 Name=LOC_CITIZEN_MAYA_MODERN_FEMALE_3 Operation=58 PlotIndex=801
mission CityName=LOC_CITY_NAME_TE_HOKIANGA_NU_A_KUPE CompletionTurn=189 EscapeResult=2 InitialResult=2 LevelAfter=1 LootInfo=-1 Name=LOC_CITIZEN_MAYA_MODERN_FEMALE_4 Operation=58 PlotIndex=772
mission CityName=LOC_CITY_NAME_TORONTO CompletionTurn=189 EscapeResult=2 InitialResult=2 LevelAfter=1 LootInfo=-1 Name=LOC_CITIZEN_MAYA_MALE_8 Operation=58 PlotIndex=1818
mission CityName=LOC_CITY_NAME_VICTORIA CompletionTurn=187 EscapeResult=0 InitialResult=4 LevelAfter=2 LootInfo=-1 Name=LOC_CITIZEN_MAYA_FEMALE_7 Operation=58 PlotIndex=889
mission CityName=LOC_CITY_NAME_WINNIPEG CompletionTurn=187 EscapeResult=1 InitialResult=2 LevelAfter=1 LootInfo=-1 Name=LOC_CITIZEN_MAYA_FEMALE_4 Operation=58 PlotIndex=1743
mission CityName=LOC_CITY_NAME_HALIFAX CompletionTurn=187 EscapeResult=2 InitialResult=4 LevelAfter=2 LootInfo=-1 Name=LOC_CITIZEN_MAYA_MODERN_MALE_9 Operation=58 PlotIndex=1409
mission CityName=LOC_CITY_NAME_QUEBEC_CITY CompletionTurn=184 EscapeResult=-1 InitialResult=0 LevelAfter=1 LootInfo=-1 Name=LOC_CITIZEN_MAYA_MODERN_MALE_10 Operation=58 PlotIndex=1404
mission CityName=LOC_CITY_NAME_SAINT_JOHN CompletionTurn=184 EscapeResult=2 InitialResult=4 LevelAfter=2 LootInfo=-1 Name=LOC_CITIZEN_MAYA_MODERN_FEMALE_9 Operation=58 PlotIndex=1991
mission CityName=LOC_CITY_NAME_OTTAWA CompletionTurn=182 EscapeResult=0 InitialResult=4 LevelAfter=2 LootInfo=-1 Name=LOC_CITIZEN_MAYA_MODERN_FEMALE_8 Operation=58 PlotIndex=978
mission CityName=LOC_CITY_NAME_MONTREAL CompletionTurn=182 EscapeResult=2 InitialResult=4 LevelAfter=2 LootInfo=-1 Name=LOC_CITIZEN_MAYA_MODERN_FEMALE_7 Operation=58 PlotIndex=1314
mission CityName=LOC_CITY_NAME_TORONTO CompletionTurn=182 EscapeResult=-1 InitialResult=1 LevelAfter=1 LootInfo=-1 Name=LOC_CITIZEN_MAYA_MODERN_FEMALE_5 Operation=58 PlotIndex=1818
tally 5  FOMENT_UNREST CAPTURED / NO_RESULT
tally 1  FOMENT_UNREST FAIL_MUST_ESCAPE / CAPTURED
tally 2  FOMENT_UNREST FAIL_MUST_ESCAPE / FAIL_MUST_ESCAPE
tally 3  FOMENT_UNREST FAIL_MUST_ESCAPE / KILLED
tally 1  FOMENT_UNREST FAIL_MUST_ESCAPE / NO_RESULT
tally 4  FOMENT_UNREST FAIL_UNDETECTED / NO_RESULT
tally 5  FOMENT_UNREST KILLED / NO_RESULT
tally 3  FOMENT_UNREST SUCCESS_MUST_ESCAPE / FAIL_MUST_ESCAPE
tally 4  FOMENT_UNREST SUCCESS_MUST_ESCAPE / KILLED
tally 1  FOMENT_UNREST SUCCESS_MUST_ESCAPE / NO_RESULT
tally 11  FOMENT_UNREST SUCCESS_UNDETECTED / NO_RESULT
turn 221 spies active 3 idle 6 missions 40 captured-enemy 0
spy 7864322 LOC_CITIZEN_MAYA_MODERN_FEMALE_4 level 2 at 54:21 start
spy 7012356 LOC_CITIZEN_MAYA_MODERN_FEMALE_9 level 4 at 63:20 busy
spy 8388616 LOC_CITIZEN_MAYA_MALE_6 level 1 at 54:15 busy
spy 6291469 LOC_CITIZEN_MAYA_MODERN_FEMALE_6 level 4 at 60:16 start
spy 8978453 LOC_CITIZEN_MAYA_MODERN_MALE_9 level 1 at 65:16 busy
spy 7929878 LOC_CITIZEN_MAYA_MODERN_FEMALE_8 level 1 at 54:21 start
spy 9240599 LOC_CITIZEN_MAYA_MODERN_FEMALE_1 level 1 at 59:23 start
spy 6750236 LOC_CITIZEN_MAYA_MODERN_MALE_9 level 4 at 54:11 start
spy 7536669 LOC_CITIZEN_MAYA_FEMALE_8 level 1 at 54:21 start
turn 221 spies 9 started 6 travelled 0 promoted 0 bought 0 gold 50000
unblock: blocker ENDTURN_BLOCKING_PRODUCTION -> PALENQUE_MAYA builds UNIT_WARRIOR | end turn requested
unblock: blocker ENDTURN_BLOCKING_CIVIC -> civic CIVIC_FEUDALISM | end turn requested
unblock: blocker ENDTURN_BLOCKING_WORLD_CONGRESS_SESSION -> nothing | end turn requested
unstuck: WorldCongressIntro: closed
mission CityName=LOC_CITY_NAME_QUEBEC_CITY CompletionTurn=221 EscapeResult=-1 InitialResult=3 LevelAfter=4 LootInfo=-1 Name=LOC_CITIZEN_MAYA_MODERN_FEMALE_6 Operation=58 PlotIndex=1404
mission CityName=LOC_CITY_NAME_MONTREAL CompletionTurn=221 EscapeResult=-1 InitialResult=2 LevelAfter=1 LootInfo=-1 Name=LOC_CITIZEN_MAYA_MALE_6 Operation=58 PlotIndex=1314
mission CityName=LOC_CITY_NAME_OTTAWA CompletionTurn=220 EscapeResult=-1 InitialResult=5 LevelAfter=4 LootInfo=-1 Name=LOC_CITIZEN_MAYA_MODERN_MALE_9 Operation=58 PlotIndex=978
mission CityName=LOC_CITY_NAME_MONTREAL CompletionTurn=218 EscapeResult=-1 InitialResult=4 LevelAfter=3 LootInfo=-1 Name=LOC_CITIZEN_MAYA_FEMALE_1 Operation=58 PlotIndex=1314
mission CityName=LOC_CITY_NAME_TORONTO CompletionTurn=218 EscapeResult=-1 InitialResult=5 LevelAfter=2 LootInfo=-1 Name=LOC_CITIZEN_MAYA_MODERN_FEMALE_4 Operation=58 PlotIndex=1818
mission CityName=LOC_CITY_NAME_MONTREAL CompletionTurn=217 EscapeResult=-1 InitialResult=5 LevelAfter=2 LootInfo=-1 Name=LOC_CITIZEN_MAYA_FEMALE_1 Operation=58 PlotIndex=1314
mission CityName=LOC_CITY_NAME_WINNIPEG CompletionTurn=217 EscapeResult=-1 InitialResult=5 LevelAfter=4 LootInfo=-1 Name=LOC_CITIZEN_MAYA_MODERN_FEMALE_9 Operation=58 PlotIndex=1743
mission CityName=LOC_CITY_NAME_SAINT_JOHN CompletionTurn=215 EscapeResult=0 InitialResult=2 LevelAfter=1 LootInfo=-1 Name=LOC_CITIZEN_MAYA_MODERN_MALE_1 Operation=58 PlotIndex=1991
mission CityName=LOC_CITY_NAME_VICTORIA CompletionTurn=215 EscapeResult=0 InitialResult=2 LevelAfter=1 LootInfo=-1 Name=LOC_CITIZEN_MAYA_MALE_1 Operation=58 PlotIndex=889
mission CityName=LOC_CITY_NAME_HALIFAX CompletionTurn=215 EscapeResult=-1 InitialResult=1 LevelAfter=1 LootInfo=-1 Name=LOC_CITIZEN_MAYA_MALE_8 Operation=58 PlotIndex=1409
mission CityName=LOC_CITY_NAME_QUEBEC_CITY CompletionTurn=215 EscapeResult=-1 InitialResult=5 LevelAfter=4 LootInfo=-1 Name=LOC_CITIZEN_MAYA_MODERN_FEMALE_6 Operation=58 PlotIndex=1404
mission CityName=LOC_CITY_NAME_TORONTO CompletionTurn=214 EscapeResult=-1 InitialResult=3 LevelAfter=1 LootInfo=-1 Name=LOC_CITIZEN_MAYA_FEMALE_8 Operation=58 PlotIndex=1818
mission CityName=LOC_CITY_NAME_OTTAWA CompletionTurn=214 EscapeResult=-1 InitialResult=5 LevelAfter=4 LootInfo=-1 Name=LOC_CITIZEN_MAYA_MODERN_MALE_9 Operation=58 PlotIndex=978
mission CityName=LOC_CITY_NAME_VANCOUVER CompletionTurn=212 EscapeResult=-1 InitialResult=1 LevelAfter=1 LootInfo=-1 Name=LOC_CITIZEN_MAYA_FEMALE_3 Operation=58 PlotIndex=801
mission CityName=LOC_CITY_NAME_SAINT_JOHN CompletionTurn=210 EscapeResult=-1 InitialResult=3 LevelAfter=1 LootInfo=-1 Name=LOC_CITIZEN_MAYA_MODERN_MALE_1 Operation=58 PlotIndex=1991
mission CityName=LOC_CITY_NAME_QUEBEC_CITY CompletionTurn=210 EscapeResult=-1 InitialResult=3 LevelAfter=3 LootInfo=-1 Name=LOC_CITIZEN_MAYA_MODERN_FEMALE_6 Operation=58 PlotIndex=1404
mission CityName=LOC_CITY_NAME_WINNIPEG CompletionTurn=210 EscapeResult=-1 InitialResult=5 LevelAfter=3 LootInfo=-1 Name=LOC_CITIZEN_MAYA_MODERN_FEMALE_9 Operation=58 PlotIndex=1743
mission CityName=LOC_CITY_NAME_HALIFAX CompletionTurn=209 EscapeResult=-1 InitialResult=0 LevelAfter=2 LootInfo=-1 Name=LOC_CITIZEN_MAYA_MODERN_MALE_6 Operation=58 PlotIndex=1409
mission CityName=LOC_CITY_NAME_OTTAWA CompletionTurn=208 EscapeResult=-1 InitialResult=5 LevelAfter=3 LootInfo=-1 Name=LOC_CITIZEN_MAYA_MODERN_MALE_9 Operation=58 PlotIndex=978
mission CityName=LOC_CITY_NAME_MONTREAL CompletionTurn=208 EscapeResult=0 InitialResult=2 LevelAfter=2 LootInfo=-1 Name=LOC_CITIZEN_MAYA_MODERN_FEMALE_7 Operation=58 PlotIndex=1314
mission CityName=LOC_CITY_NAME_WINDSOR CompletionTurn=206 EscapeResult=-1 InitialResult=0 LevelAfter=1 LootInfo=-1 Name=LOC_CITIZEN_MAYA_MALE_5 Operation=58 PlotIndex=1392
mission CityName=LOC_CITY_NAME_VANCOUVER CompletionTurn=206 EscapeResult=-1 InitialResult=0 LevelAfter=1 LootInfo=-1 Name=LOC_CITIZEN_MAYA_MODERN_FEMALE_1 Operation=58 PlotIndex=801
mission CityName=LOC_CITY_NAME_HALIFAX CompletionTurn=203 EscapeResult=-1 InitialResult=5 LevelAfter=2 LootInfo=-1 Name=LOC_CITIZEN_MAYA_MODERN_MALE_6 Operation=58 PlotIndex=1409
mission CityName=LOC_CITY_NAME_QUEBEC_CITY CompletionTurn=203 EscapeResult=-1 InitialResult=5 LevelAfter=3 LootInfo=-1 Name=LOC_CITIZEN_MAYA_MODERN_FEMALE_6 Operation=58 PlotIndex=1404
mission CityName=LOC_CITY_NAME_OPANGO CompletionTurn=203 EscapeResult=0 InitialResult=4 LevelAfter=2 LootInfo=-1 Name=LOC_CITIZEN_MAYA_MODERN_MALE_4 Operation=58 PlotIndex=3635
mission CityName=LOC_CITY_NAME_QUEBEC_CITY CompletionTurn=196 EscapeResult=-1 InitialResult=1 LevelAfter=1 LootInfo=-1 Name=LOC_CITIZEN_MAYA_MALE_6 Operation=58 PlotIndex=1404
mission CityName=LOC_CITY_NAME_VANCOUVER CompletionTurn=194 EscapeResult=0 InitialResult=4 LevelAfter=2 LootInfo=-1 Name=LOC_CITIZEN_MAYA_MODERN_FEMALE_2 Operation=58 PlotIndex=801
mission CityName=LOC_CITY_NAME_RUATORIA CompletionTurn=192 EscapeResult=-1 InitialResult=5 LevelAfter=2 LootInfo=-1 Name=LOC_CITIZEN_MAYA_MODERN_FEMALE_6 Operation=58 PlotIndex=1833
mission CityName=LOC_CITY_NAME_QUEBEC_CITY CompletionTurn=192 EscapeResult=-1 InitialResult=1 LevelAfter=1 LootInfo=-1 Name=LOC_CITIZEN_MAYA_FEMALE_6 Operation=58 PlotIndex=1404
mission CityName=LOC_CITY_NAME_VANCOUVER CompletionTurn=190 EscapeResult=-1 InitialResult=0 LevelAfter=1 LootInfo=-1 Name=LOC_CITIZEN_MAYA_MODERN_FEMALE_3 Operation=58 PlotIndex=801
mission CityName=LOC_CITY_NAME_TE_HOKIANGA_NU_A_KUPE CompletionTurn=189 EscapeResult=2 InitialResult=2 LevelAfter=1 LootInfo=-1 Name=LOC_CITIZEN_MAYA_MODERN_FEMALE_4 Operation=58 PlotIndex=772
mission CityName=LOC_CITY_NAME_TORONTO CompletionTurn=189 EscapeResult=2 InitialResult=2 LevelAfter=1 LootInfo=-1 Name=LOC_CITIZEN_MAYA_MALE_8 Operation=58 PlotIndex=1818
mission CityName=LOC_CITY_NAME_VICTORIA CompletionTurn=187 EscapeResult=0 InitialResult=4 LevelAfter=2 LootInfo=-1 Name=LOC_CITIZEN_MAYA_FEMALE_7 Operation=58 PlotIndex=889
mission CityName=LOC_CITY_NAME_WINNIPEG CompletionTurn=187 EscapeResult=1 InitialResult=2 LevelAfter=1 LootInfo=-1 Name=LOC_CITIZEN_MAYA_FEMALE_4 Operation=58 PlotIndex=1743
mission CityName=LOC_CITY_NAME_HALIFAX CompletionTurn=187 EscapeResult=2 InitialResult=4 LevelAfter=2 LootInfo=-1 Name=LOC_CITIZEN_MAYA_MODERN_MALE_9 Operation=58 PlotIndex=1409
mission CityName=LOC_CITY_NAME_QUEBEC_CITY CompletionTurn=184 EscapeResult=-1 InitialResult=0 LevelAfter=1 LootInfo=-1 Name=LOC_CITIZEN_MAYA_MODERN_MALE_10 Operation=58 PlotIndex=1404
mission CityName=LOC_CITY_NAME_SAINT_JOHN CompletionTurn=184 EscapeResult=2 InitialResult=4 LevelAfter=2 LootInfo=-1 Name=LOC_CITIZEN_MAYA_MODERN_FEMALE_9 Operation=58 PlotIndex=1991
mission CityName=LOC_CITY_NAME_OTTAWA CompletionTurn=182 EscapeResult=0 InitialResult=4 LevelAfter=2 LootInfo=-1 Name=LOC_CITIZEN_MAYA_MODERN_FEMALE_8 Operation=58 PlotIndex=978
mission CityName=LOC_CITY_NAME_MONTREAL CompletionTurn=182 EscapeResult=2 InitialResult=4 LevelAfter=2 LootInfo=-1 Name=LOC_CITIZEN_MAYA_MODERN_FEMALE_7 Operation=58 PlotIndex=1314
mission CityName=LOC_CITY_NAME_TORONTO CompletionTurn=182 EscapeResult=-1 InitialResult=1 LevelAfter=1 LootInfo=-1 Name=LOC_CITIZEN_MAYA_MODERN_FEMALE_5 Operation=58 PlotIndex=1818
tally 5  FOMENT_UNREST CAPTURED / NO_RESULT
tally 1  FOMENT_UNREST FAIL_MUST_ESCAPE / CAPTURED
tally 2  FOMENT_UNREST FAIL_MUST_ESCAPE / FAIL_MUST_ESCAPE
tally 3  FOMENT_UNREST FAIL_MUST_ESCAPE / KILLED
tally 1  FOMENT_UNREST FAIL_MUST_ESCAPE / NO_RESULT
tally 4  FOMENT_UNREST FAIL_UNDETECTED / NO_RESULT
tally 5  FOMENT_UNREST KILLED / NO_RESULT
tally 3  FOMENT_UNREST SUCCESS_MUST_ESCAPE / FAIL_MUST_ESCAPE
tally 4  FOMENT_UNREST SUCCESS_MUST_ESCAPE / KILLED
tally 1  FOMENT_UNREST SUCCESS_MUST_ESCAPE / NO_RESULT
tally 11  FOMENT_UNREST SUCCESS_UNDETECTED / NO_RESULT
turn 222 spies active 7 idle 3 missions 40 captured-enemy 0
spy 7864322 LOC_CITIZEN_MAYA_MODERN_FEMALE_4 level 2 at 54:21 busy
spy 7012356 LOC_CITIZEN_MAYA_MODERN_FEMALE_9 level 4 at 63:20 busy
spy 8388616 LOC_CITIZEN_MAYA_MALE_6 level 1 at 54:15 busy
spy 9306122 LOC_CITIZEN_MAYA_FEMALE_1 level 3 at 36:42 travel
spy 6291469 LOC_CITIZEN_MAYA_MODERN_FEMALE_6 level 4 at 60:16 busy
spy 8978453 LOC_CITIZEN_MAYA_MODERN_MALE_9 level 1 at 65:16 busy
spy 7929878 LOC_CITIZEN_MAYA_MODERN_FEMALE_8 level 1 at 54:21 refused
spy 9240599 LOC_CITIZEN_MAYA_MODERN_FEMALE_1 level 1 at 59:23 busy
spy 6750236 LOC_CITIZEN_MAYA_MODERN_MALE_9 level 4 at 54:11 busy
spy 7536669 LOC_CITIZEN_MAYA_FEMALE_8 level 1 at 54:21 refused
turn 222 spies 10 started 0 travelled 1 promoted 0 bought 0 gold 50000
unblock: blocker ENDTURN_BLOCKING_CIVIC -> civic CIVIC_FEUDALISM | end turn requested
unblock: blocker ENDTURN_BLOCKING_SPY_CHOOSE_ESCAPE_ROUTE -> escape route DISTRICT_COMMERCIAL_HUB of 3 for spy 8388616 LOC_CITIZEN_MAYA_MALE_6 level 1 turn 222 city LOC_CITY_NAME_MONTREAL p1 at 54:15 pursuer police | end turn requested
mission CityName=LOC_CITY_NAME_QUEBEC_CITY CompletionTurn=221 EscapeResult=-1 InitialResult=3 LevelAfter=4 LootInfo=-1 Name=LOC_CITIZEN_MAYA_MODERN_FEMALE_6 Operation=58 PlotIndex=1404
mission CityName=LOC_CITY_NAME_MONTREAL CompletionTurn=221 EscapeResult=-1 InitialResult=2 LevelAfter=1 LootInfo=-1 Name=LOC_CITIZEN_MAYA_MALE_6 Operation=58 PlotIndex=1314
mission CityName=LOC_CITY_NAME_OTTAWA CompletionTurn=220 EscapeResult=-1 InitialResult=5 LevelAfter=4 LootInfo=-1 Name=LOC_CITIZEN_MAYA_MODERN_MALE_9 Operation=58 PlotIndex=978
mission CityName=LOC_CITY_NAME_MONTREAL CompletionTurn=218 EscapeResult=-1 InitialResult=4 LevelAfter=3 LootInfo=-1 Name=LOC_CITIZEN_MAYA_FEMALE_1 Operation=58 PlotIndex=1314
mission CityName=LOC_CITY_NAME_TORONTO CompletionTurn=218 EscapeResult=-1 InitialResult=5 LevelAfter=2 LootInfo=-1 Name=LOC_CITIZEN_MAYA_MODERN_FEMALE_4 Operation=58 PlotIndex=1818
mission CityName=LOC_CITY_NAME_MONTREAL CompletionTurn=217 EscapeResult=-1 InitialResult=5 LevelAfter=2 LootInfo=-1 Name=LOC_CITIZEN_MAYA_FEMALE_1 Operation=58 PlotIndex=1314
mission CityName=LOC_CITY_NAME_WINNIPEG CompletionTurn=217 EscapeResult=-1 InitialResult=5 LevelAfter=4 LootInfo=-1 Name=LOC_CITIZEN_MAYA_MODERN_FEMALE_9 Operation=58 PlotIndex=1743
mission CityName=LOC_CITY_NAME_SAINT_JOHN CompletionTurn=215 EscapeResult=0 InitialResult=2 LevelAfter=1 LootInfo=-1 Name=LOC_CITIZEN_MAYA_MODERN_MALE_1 Operation=58 PlotIndex=1991
mission CityName=LOC_CITY_NAME_VICTORIA CompletionTurn=215 EscapeResult=0 InitialResult=2 LevelAfter=1 LootInfo=-1 Name=LOC_CITIZEN_MAYA_MALE_1 Operation=58 PlotIndex=889
mission CityName=LOC_CITY_NAME_HALIFAX CompletionTurn=215 EscapeResult=-1 InitialResult=1 LevelAfter=1 LootInfo=-1 Name=LOC_CITIZEN_MAYA_MALE_8 Operation=58 PlotIndex=1409
mission CityName=LOC_CITY_NAME_QUEBEC_CITY CompletionTurn=215 EscapeResult=-1 InitialResult=5 LevelAfter=4 LootInfo=-1 Name=LOC_CITIZEN_MAYA_MODERN_FEMALE_6 Operation=58 PlotIndex=1404
mission CityName=LOC_CITY_NAME_TORONTO CompletionTurn=214 EscapeResult=-1 InitialResult=3 LevelAfter=1 LootInfo=-1 Name=LOC_CITIZEN_MAYA_FEMALE_8 Operation=58 PlotIndex=1818
mission CityName=LOC_CITY_NAME_OTTAWA CompletionTurn=214 EscapeResult=-1 InitialResult=5 LevelAfter=4 LootInfo=-1 Name=LOC_CITIZEN_MAYA_MODERN_MALE_9 Operation=58 PlotIndex=978
mission CityName=LOC_CITY_NAME_VANCOUVER CompletionTurn=212 EscapeResult=-1 InitialResult=1 LevelAfter=1 LootInfo=-1 Name=LOC_CITIZEN_MAYA_FEMALE_3 Operation=58 PlotIndex=801
mission CityName=LOC_CITY_NAME_SAINT_JOHN CompletionTurn=210 EscapeResult=-1 InitialResult=3 LevelAfter=1 LootInfo=-1 Name=LOC_CITIZEN_MAYA_MODERN_MALE_1 Operation=58 PlotIndex=1991
mission CityName=LOC_CITY_NAME_QUEBEC_CITY CompletionTurn=210 EscapeResult=-1 InitialResult=3 LevelAfter=3 LootInfo=-1 Name=LOC_CITIZEN_MAYA_MODERN_FEMALE_6 Operation=58 PlotIndex=1404
mission CityName=LOC_CITY_NAME_WINNIPEG CompletionTurn=210 EscapeResult=-1 InitialResult=5 LevelAfter=3 LootInfo=-1 Name=LOC_CITIZEN_MAYA_MODERN_FEMALE_9 Operation=58 PlotIndex=1743
mission CityName=LOC_CITY_NAME_HALIFAX CompletionTurn=209 EscapeResult=-1 InitialResult=0 LevelAfter=2 LootInfo=-1 Name=LOC_CITIZEN_MAYA_MODERN_MALE_6 Operation=58 PlotIndex=1409
mission CityName=LOC_CITY_NAME_OTTAWA CompletionTurn=208 EscapeResult=-1 InitialResult=5 LevelAfter=3 LootInfo=-1 Name=LOC_CITIZEN_MAYA_MODERN_MALE_9 Operation=58 PlotIndex=978
mission CityName=LOC_CITY_NAME_MONTREAL CompletionTurn=208 EscapeResult=0 InitialResult=2 LevelAfter=2 LootInfo=-1 Name=LOC_CITIZEN_MAYA_MODERN_FEMALE_7 Operation=58 PlotIndex=1314
mission CityName=LOC_CITY_NAME_WINDSOR CompletionTurn=206 EscapeResult=-1 InitialResult=0 LevelAfter=1 LootInfo=-1 Name=LOC_CITIZEN_MAYA_MALE_5 Operation=58 PlotIndex=1392
mission CityName=LOC_CITY_NAME_VANCOUVER CompletionTurn=206 EscapeResult=-1 InitialResult=0 LevelAfter=1 LootInfo=-1 Name=LOC_CITIZEN_MAYA_MODERN_FEMALE_1 Operation=58 PlotIndex=801
mission CityName=LOC_CITY_NAME_HALIFAX CompletionTurn=203 EscapeResult=-1 InitialResult=5 LevelAfter=2 LootInfo=-1 Name=LOC_CITIZEN_MAYA_MODERN_MALE_6 Operation=58 PlotIndex=1409
mission CityName=LOC_CITY_NAME_QUEBEC_CITY CompletionTurn=203 EscapeResult=-1 InitialResult=5 LevelAfter=3 LootInfo=-1 Name=LOC_CITIZEN_MAYA_MODERN_FEMALE_6 Operation=58 PlotIndex=1404
mission CityName=LOC_CITY_NAME_OPANGO CompletionTurn=203 EscapeResult=0 InitialResult=4 LevelAfter=2 LootInfo=-1 Name=LOC_CITIZEN_MAYA_MODERN_MALE_4 Operation=58 PlotIndex=3635
mission CityName=LOC_CITY_NAME_QUEBEC_CITY CompletionTurn=196 EscapeResult=-1 InitialResult=1 LevelAfter=1 LootInfo=-1 Name=LOC_CITIZEN_MAYA_MALE_6 Operation=58 PlotIndex=1404
mission CityName=LOC_CITY_NAME_VANCOUVER CompletionTurn=194 EscapeResult=0 InitialResult=4 LevelAfter=2 LootInfo=-1 Name=LOC_CITIZEN_MAYA_MODERN_FEMALE_2 Operation=58 PlotIndex=801
mission CityName=LOC_CITY_NAME_RUATORIA CompletionTurn=192 EscapeResult=-1 InitialResult=5 LevelAfter=2 LootInfo=-1 Name=LOC_CITIZEN_MAYA_MODERN_FEMALE_6 Operation=58 PlotIndex=1833
mission CityName=LOC_CITY_NAME_QUEBEC_CITY CompletionTurn=192 EscapeResult=-1 InitialResult=1 LevelAfter=1 LootInfo=-1 Name=LOC_CITIZEN_MAYA_FEMALE_6 Operation=58 PlotIndex=1404
mission CityName=LOC_CITY_NAME_VANCOUVER CompletionTurn=190 EscapeResult=-1 InitialResult=0 LevelAfter=1 LootInfo=-1 Name=LOC_CITIZEN_MAYA_MODERN_FEMALE_3 Operation=58 PlotIndex=801
mission CityName=LOC_CITY_NAME_TE_HOKIANGA_NU_A_KUPE CompletionTurn=189 EscapeResult=2 InitialResult=2 LevelAfter=1 LootInfo=-1 Name=LOC_CITIZEN_MAYA_MODERN_FEMALE_4 Operation=58 PlotIndex=772
mission CityName=LOC_CITY_NAME_TORONTO CompletionTurn=189 EscapeResult=2 InitialResult=2 LevelAfter=1 LootInfo=-1 Name=LOC_CITIZEN_MAYA_MALE_8 Operation=58 PlotIndex=1818
mission CityName=LOC_CITY_NAME_VICTORIA CompletionTurn=187 EscapeResult=0 InitialResult=4 LevelAfter=2 LootInfo=-1 Name=LOC_CITIZEN_MAYA_FEMALE_7 Operation=58 PlotIndex=889
mission CityName=LOC_CITY_NAME_WINNIPEG CompletionTurn=187 EscapeResult=1 InitialResult=2 LevelAfter=1 LootInfo=-1 Name=LOC_CITIZEN_MAYA_FEMALE_4 Operation=58 PlotIndex=1743
mission CityName=LOC_CITY_NAME_HALIFAX CompletionTurn=187 EscapeResult=2 InitialResult=4 LevelAfter=2 LootInfo=-1 Name=LOC_CITIZEN_MAYA_MODERN_MALE_9 Operation=58 PlotIndex=1409
mission CityName=LOC_CITY_NAME_QUEBEC_CITY CompletionTurn=184 EscapeResult=-1 InitialResult=0 LevelAfter=1 LootInfo=-1 Name=LOC_CITIZEN_MAYA_MODERN_MALE_10 Operation=58 PlotIndex=1404
mission CityName=LOC_CITY_NAME_SAINT_JOHN CompletionTurn=184 EscapeResult=2 InitialResult=4 LevelAfter=2 LootInfo=-1 Name=LOC_CITIZEN_MAYA_MODERN_FEMALE_9 Operation=58 PlotIndex=1991
mission CityName=LOC_CITY_NAME_OTTAWA CompletionTurn=182 EscapeResult=0 InitialResult=4 LevelAfter=2 LootInfo=-1 Name=LOC_CITIZEN_MAYA_MODERN_FEMALE_8 Operation=58 PlotIndex=978
mission CityName=LOC_CITY_NAME_MONTREAL CompletionTurn=182 EscapeResult=2 InitialResult=4 LevelAfter=2 LootInfo=-1 Name=LOC_CITIZEN_MAYA_MODERN_FEMALE_7 Operation=58 PlotIndex=1314
mission CityName=LOC_CITY_NAME_TORONTO CompletionTurn=182 EscapeResult=-1 InitialResult=1 LevelAfter=1 LootInfo=-1 Name=LOC_CITIZEN_MAYA_MODERN_FEMALE_5 Operation=58 PlotIndex=1818
tally 5  FOMENT_UNREST CAPTURED / NO_RESULT
tally 1  FOMENT_UNREST FAIL_MUST_ESCAPE / CAPTURED
tally 2  FOMENT_UNREST FAIL_MUST_ESCAPE / FAIL_MUST_ESCAPE
tally 3  FOMENT_UNREST FAIL_MUST_ESCAPE / KILLED
tally 1  FOMENT_UNREST FAIL_MUST_ESCAPE / NO_RESULT
tally 4  FOMENT_UNREST FAIL_UNDETECTED / NO_RESULT
tally 5  FOMENT_UNREST KILLED / NO_RESULT
tally 3  FOMENT_UNREST SUCCESS_MUST_ESCAPE / FAIL_MUST_ESCAPE
tally 4  FOMENT_UNREST SUCCESS_MUST_ESCAPE / KILLED
tally 1  FOMENT_UNREST SUCCESS_MUST_ESCAPE / NO_RESULT
tally 11  FOMENT_UNREST SUCCESS_UNDETECTED / NO_RESULT
turn 222 spies active 7 idle 2 missions 40 captured-enemy 0
spy 7864322 LOC_CITIZEN_MAYA_MODERN_FEMALE_4 level 2 at 54:21 busy
spy 7012356 LOC_CITIZEN_MAYA_MODERN_FEMALE_9 level 4 at 63:20 busy
spy 8388616 LOC_CITIZEN_MAYA_MALE_6 level 1 at 54:15 busy
spy 6291469 LOC_CITIZEN_MAYA_MODERN_FEMALE_6 level 4 at 60:16 busy
spy 8978453 LOC_CITIZEN_MAYA_MODERN_MALE_9 level 1 at 65:16 busy
spy 7929878 LOC_CITIZEN_MAYA_MODERN_FEMALE_8 level 1 at 54:21 refused
spy 9240599 LOC_CITIZEN_MAYA_MODERN_FEMALE_1 level 1 at 59:23 busy
spy 6750236 LOC_CITIZEN_MAYA_MODERN_MALE_9 level 4 at 54:11 busy
spy 7536669 LOC_CITIZEN_MAYA_FEMALE_8 level 1 at 54:21 refused
turn 223 spies 9 started 0 travelled 0 promoted 0 bought 0 gold 50000
unblock: blocker ENDTURN_BLOCKING_SPY_CHOOSE_ESCAPE_ROUTE -> escape route DISTRICT_COMMERCIAL_HUB of 3 for spy 8388616 LOC_CITIZEN_MAYA_MALE_6 level 1 turn 223 city LOC_CITY_NAME_MONTREAL p1 at 54:15 pursuer police | end turn requested
unstuck: TechCivicCompletedPopup: closed
unblock: blocker ENDTURN_BLOCKING_PRODUCTION -> PALENQUE_MAYA builds UNIT_WARRIOR | end turn requested
mission CityName=LOC_CITY_NAME_HALIFAX CompletionTurn=223 EscapeResult=-1 InitialResult=1 LevelAfter=1 LootInfo=-1 Name=LOC_CITIZEN_MAYA_MODERN_MALE_9 Operation=58 PlotIndex=1409
mission CityName=LOC_CITY_NAME_WINNIPEG CompletionTurn=223 EscapeResult=-1 InitialResult=5 LevelAfter=4 LootInfo=-1 Name=LOC_CITIZEN_MAYA_MODERN_FEMALE_9 Operation=58 PlotIndex=1743
mission CityName=LOC_CITY_NAME_QUEBEC_CITY CompletionTurn=221 EscapeResult=-1 InitialResult=3 LevelAfter=4 LootInfo=-1 Name=LOC_CITIZEN_MAYA_MODERN_FEMALE_6 Operation=58 PlotIndex=1404
mission CityName=LOC_CITY_NAME_MONTREAL CompletionTurn=221 EscapeResult=2 InitialResult=2 LevelAfter=1 LootInfo=-1 Name=LOC_CITIZEN_MAYA_MALE_6 Operation=58 PlotIndex=1314
mission CityName=LOC_CITY_NAME_OTTAWA CompletionTurn=220 EscapeResult=-1 InitialResult=5 LevelAfter=4 LootInfo=-1 Name=LOC_CITIZEN_MAYA_MODERN_MALE_9 Operation=58 PlotIndex=978
mission CityName=LOC_CITY_NAME_MONTREAL CompletionTurn=218 EscapeResult=-1 InitialResult=4 LevelAfter=3 LootInfo=-1 Name=LOC_CITIZEN_MAYA_FEMALE_1 Operation=58 PlotIndex=1314
mission CityName=LOC_CITY_NAME_TORONTO CompletionTurn=218 EscapeResult=-1 InitialResult=5 LevelAfter=2 LootInfo=-1 Name=LOC_CITIZEN_MAYA_MODERN_FEMALE_4 Operation=58 PlotIndex=1818
mission CityName=LOC_CITY_NAME_MONTREAL CompletionTurn=217 EscapeResult=-1 InitialResult=5 LevelAfter=2 LootInfo=-1 Name=LOC_CITIZEN_MAYA_FEMALE_1 Operation=58 PlotIndex=1314
mission CityName=LOC_CITY_NAME_WINNIPEG CompletionTurn=217 EscapeResult=-1 InitialResult=5 LevelAfter=4 LootInfo=-1 Name=LOC_CITIZEN_MAYA_MODERN_FEMALE_9 Operation=58 PlotIndex=1743
mission CityName=LOC_CITY_NAME_SAINT_JOHN CompletionTurn=215 EscapeResult=0 InitialResult=2 LevelAfter=1 LootInfo=-1 Name=LOC_CITIZEN_MAYA_MODERN_MALE_1 Operation=58 PlotIndex=1991
mission CityName=LOC_CITY_NAME_VICTORIA CompletionTurn=215 EscapeResult=0 InitialResult=2 LevelAfter=1 LootInfo=-1 Name=LOC_CITIZEN_MAYA_MALE_1 Operation=58 PlotIndex=889
mission CityName=LOC_CITY_NAME_HALIFAX CompletionTurn=215 EscapeResult=-1 InitialResult=1 LevelAfter=1 LootInfo=-1 Name=LOC_CITIZEN_MAYA_MALE_8 Operation=58 PlotIndex=1409
mission CityName=LOC_CITY_NAME_QUEBEC_CITY CompletionTurn=215 EscapeResult=-1 InitialResult=5 LevelAfter=4 LootInfo=-1 Name=LOC_CITIZEN_MAYA_MODERN_FEMALE_6 Operation=58 PlotIndex=1404
mission CityName=LOC_CITY_NAME_TORONTO CompletionTurn=214 EscapeResult=-1 InitialResult=3 LevelAfter=1 LootInfo=-1 Name=LOC_CITIZEN_MAYA_FEMALE_8 Operation=58 PlotIndex=1818
mission CityName=LOC_CITY_NAME_OTTAWA CompletionTurn=214 EscapeResult=-1 InitialResult=5 LevelAfter=4 LootInfo=-1 Name=LOC_CITIZEN_MAYA_MODERN_MALE_9 Operation=58 PlotIndex=978
mission CityName=LOC_CITY_NAME_VANCOUVER CompletionTurn=212 EscapeResult=-1 InitialResult=1 LevelAfter=1 LootInfo=-1 Name=LOC_CITIZEN_MAYA_FEMALE_3 Operation=58 PlotIndex=801
mission CityName=LOC_CITY_NAME_SAINT_JOHN CompletionTurn=210 EscapeResult=-1 InitialResult=3 LevelAfter=1 LootInfo=-1 Name=LOC_CITIZEN_MAYA_MODERN_MALE_1 Operation=58 PlotIndex=1991
mission CityName=LOC_CITY_NAME_QUEBEC_CITY CompletionTurn=210 EscapeResult=-1 InitialResult=3 LevelAfter=3 LootInfo=-1 Name=LOC_CITIZEN_MAYA_MODERN_FEMALE_6 Operation=58 PlotIndex=1404
mission CityName=LOC_CITY_NAME_WINNIPEG CompletionTurn=210 EscapeResult=-1 InitialResult=5 LevelAfter=3 LootInfo=-1 Name=LOC_CITIZEN_MAYA_MODERN_FEMALE_9 Operation=58 PlotIndex=1743
mission CityName=LOC_CITY_NAME_HALIFAX CompletionTurn=209 EscapeResult=-1 InitialResult=0 LevelAfter=2 LootInfo=-1 Name=LOC_CITIZEN_MAYA_MODERN_MALE_6 Operation=58 PlotIndex=1409
mission CityName=LOC_CITY_NAME_OTTAWA CompletionTurn=208 EscapeResult=-1 InitialResult=5 LevelAfter=3 LootInfo=-1 Name=LOC_CITIZEN_MAYA_MODERN_MALE_9 Operation=58 PlotIndex=978
mission CityName=LOC_CITY_NAME_MONTREAL CompletionTurn=208 EscapeResult=0 InitialResult=2 LevelAfter=2 LootInfo=-1 Name=LOC_CITIZEN_MAYA_MODERN_FEMALE_7 Operation=58 PlotIndex=1314
mission CityName=LOC_CITY_NAME_WINDSOR CompletionTurn=206 EscapeResult=-1 InitialResult=0 LevelAfter=1 LootInfo=-1 Name=LOC_CITIZEN_MAYA_MALE_5 Operation=58 PlotIndex=1392
mission CityName=LOC_CITY_NAME_VANCOUVER CompletionTurn=206 EscapeResult=-1 InitialResult=0 LevelAfter=1 LootInfo=-1 Name=LOC_CITIZEN_MAYA_MODERN_FEMALE_1 Operation=58 PlotIndex=801
mission CityName=LOC_CITY_NAME_HALIFAX CompletionTurn=203 EscapeResult=-1 InitialResult=5 LevelAfter=2 LootInfo=-1 Name=LOC_CITIZEN_MAYA_MODERN_MALE_6 Operation=58 PlotIndex=1409
mission CityName=LOC_CITY_NAME_QUEBEC_CITY CompletionTurn=203 EscapeResult=-1 InitialResult=5 LevelAfter=3 LootInfo=-1 Name=LOC_CITIZEN_MAYA_MODERN_FEMALE_6 Operation=58 PlotIndex=1404
mission CityName=LOC_CITY_NAME_OPANGO CompletionTurn=203 EscapeResult=0 InitialResult=4 LevelAfter=2 LootInfo=-1 Name=LOC_CITIZEN_MAYA_MODERN_MALE_4 Operation=58 PlotIndex=3635
mission CityName=LOC_CITY_NAME_QUEBEC_CITY CompletionTurn=196 EscapeResult=-1 InitialResult=1 LevelAfter=1 LootInfo=-1 Name=LOC_CITIZEN_MAYA_MALE_6 Operation=58 PlotIndex=1404
mission CityName=LOC_CITY_NAME_VANCOUVER CompletionTurn=194 EscapeResult=0 InitialResult=4 LevelAfter=2 LootInfo=-1 Name=LOC_CITIZEN_MAYA_MODERN_FEMALE_2 Operation=58 PlotIndex=801
mission CityName=LOC_CITY_NAME_RUATORIA CompletionTurn=192 EscapeResult=-1 InitialResult=5 LevelAfter=2 LootInfo=-1 Name=LOC_CITIZEN_MAYA_MODERN_FEMALE_6 Operation=58 PlotIndex=1833
mission CityName=LOC_CITY_NAME_QUEBEC_CITY CompletionTurn=192 EscapeResult=-1 InitialResult=1 LevelAfter=1 LootInfo=-1 Name=LOC_CITIZEN_MAYA_FEMALE_6 Operation=58 PlotIndex=1404
mission CityName=LOC_CITY_NAME_VANCOUVER CompletionTurn=190 EscapeResult=-1 InitialResult=0 LevelAfter=1 LootInfo=-1 Name=LOC_CITIZEN_MAYA_MODERN_FEMALE_3 Operation=58 PlotIndex=801
mission CityName=LOC_CITY_NAME_TE_HOKIANGA_NU_A_KUPE CompletionTurn=189 EscapeResult=2 InitialResult=2 LevelAfter=1 LootInfo=-1 Name=LOC_CITIZEN_MAYA_MODERN_FEMALE_4 Operation=58 PlotIndex=772
mission CityName=LOC_CITY_NAME_TORONTO CompletionTurn=189 EscapeResult=2 InitialResult=2 LevelAfter=1 LootInfo=-1 Name=LOC_CITIZEN_MAYA_MALE_8 Operation=58 PlotIndex=1818
mission CityName=LOC_CITY_NAME_VICTORIA CompletionTurn=187 EscapeResult=0 InitialResult=4 LevelAfter=2 LootInfo=-1 Name=LOC_CITIZEN_MAYA_FEMALE_7 Operation=58 PlotIndex=889
mission CityName=LOC_CITY_NAME_WINNIPEG CompletionTurn=187 EscapeResult=1 InitialResult=2 LevelAfter=1 LootInfo=-1 Name=LOC_CITIZEN_MAYA_FEMALE_4 Operation=58 PlotIndex=1743
mission CityName=LOC_CITY_NAME_HALIFAX CompletionTurn=187 EscapeResult=2 InitialResult=4 LevelAfter=2 LootInfo=-1 Name=LOC_CITIZEN_MAYA_MODERN_MALE_9 Operation=58 PlotIndex=1409
mission CityName=LOC_CITY_NAME_QUEBEC_CITY CompletionTurn=184 EscapeResult=-1 InitialResult=0 LevelAfter=1 LootInfo=-1 Name=LOC_CITIZEN_MAYA_MODERN_MALE_10 Operation=58 PlotIndex=1404
mission CityName=LOC_CITY_NAME_SAINT_JOHN CompletionTurn=184 EscapeResult=2 InitialResult=4 LevelAfter=2 LootInfo=-1 Name=LOC_CITIZEN_MAYA_MODERN_FEMALE_9 Operation=58 PlotIndex=1991
mission CityName=LOC_CITY_NAME_OTTAWA CompletionTurn=182 EscapeResult=0 InitialResult=4 LevelAfter=2 LootInfo=-1 Name=LOC_CITIZEN_MAYA_MODERN_FEMALE_8 Operation=58 PlotIndex=978
mission CityName=LOC_CITY_NAME_MONTREAL CompletionTurn=182 EscapeResult=2 InitialResult=4 LevelAfter=2 LootInfo=-1 Name=LOC_CITIZEN_MAYA_MODERN_FEMALE_7 Operation=58 PlotIndex=1314
mission CityName=LOC_CITY_NAME_TORONTO CompletionTurn=182 EscapeResult=-1 InitialResult=1 LevelAfter=1 LootInfo=-1 Name=LOC_CITIZEN_MAYA_MODERN_FEMALE_5 Operation=58 PlotIndex=1818
tally 6  FOMENT_UNREST CAPTURED / NO_RESULT
tally 1  FOMENT_UNREST FAIL_MUST_ESCAPE / CAPTURED
tally 3  FOMENT_UNREST FAIL_MUST_ESCAPE / FAIL_MUST_ESCAPE
tally 3  FOMENT_UNREST FAIL_MUST_ESCAPE / KILLED
tally 4  FOMENT_UNREST FAIL_UNDETECTED / NO_RESULT
tally 5  FOMENT_UNREST KILLED / NO_RESULT
tally 3  FOMENT_UNREST SUCCESS_MUST_ESCAPE / FAIL_MUST_ESCAPE
tally 4  FOMENT_UNREST SUCCESS_MUST_ESCAPE / KILLED
tally 1  FOMENT_UNREST SUCCESS_MUST_ESCAPE / NO_RESULT
tally 12  FOMENT_UNREST SUCCESS_UNDETECTED / NO_RESULT
turn 224 spies active 4 idle 3 missions 42 captured-enemy 0
spy 7864322 LOC_CITIZEN_MAYA_MODERN_FEMALE_4 level 2 at 54:21 busy
spy 7012356 LOC_CITIZEN_MAYA_MODERN_FEMALE_9 level 4 at 63:20 start
spy 6291469 LOC_CITIZEN_MAYA_MODERN_FEMALE_6 level 4 at 60:16 busy
spy 7929878 LOC_CITIZEN_MAYA_MODERN_FEMALE_8 level 1 at 54:21 refused
spy 9240599 LOC_CITIZEN_MAYA_MODERN_FEMALE_1 level 1 at 59:23 busy
spy 6750236 LOC_CITIZEN_MAYA_MODERN_MALE_9 level 4 at 54:11 busy
spy 7536669 LOC_CITIZEN_MAYA_FEMALE_8 level 1 at 54:21 refused
turn 224 spies 7 started 1 travelled 0 promoted 0 bought 0 gold 49959
unblock: blocker ENDTURN_BLOCKING_PRODUCTION -> PALENQUE_MAYA builds UNIT_WARRIOR | end turn requested
unblock: blocker ENDTURN_BLOCKING_CIVIC -> civic CIVIC_CIVIL_SERVICE | end turn requested
unblock: blocker ENDTURN_BLOCKING_WORLD_CONGRESS_SESSION -> nothing | end turn requested
unstuck: WorldCongressIntro: closed
unstuck: WorldCongressPopup: closed
mission CityName=LOC_CITY_NAME_OTTAWA CompletionTurn=225 EscapeResult=-1 InitialResult=3 LevelAfter=4 LootInfo=-1 Name=LOC_CITIZEN_MAYA_MODERN_MALE_9 Operation=58 PlotIndex=978
mission CityName=LOC_CITY_NAME_SAINT_JOHN CompletionTurn=225 EscapeResult=-1 InitialResult=2 LevelAfter=1 LootInfo=-1 Name=LOC_CITIZEN_MAYA_MODERN_FEMALE_1 Operation=58 PlotIndex=1991
mission CityName=LOC_CITY_NAME_QUEBEC_CITY CompletionTurn=225 EscapeResult=-1 InitialResult=5 LevelAfter=4 LootInfo=-1 Name=LOC_CITIZEN_MAYA_MODERN_FEMALE_6 Operation=58 PlotIndex=1404
mission CityName=LOC_CITY_NAME_TORONTO CompletionTurn=225 EscapeResult=-1 InitialResult=4 LevelAfter=3 LootInfo=-1 Name=LOC_CITIZEN_MAYA_MODERN_FEMALE_4 Operation=58 PlotIndex=1818
mission CityName=LOC_CITY_NAME_HALIFAX CompletionTurn=223 EscapeResult=-1 InitialResult=1 LevelAfter=1 LootInfo=-1 Name=LOC_CITIZEN_MAYA_MODERN_MALE_9 Operation=58 PlotIndex=1409
mission CityName=LOC_CITY_NAME_WINNIPEG CompletionTurn=223 EscapeResult=-1 InitialResult=5 LevelAfter=4 LootInfo=-1 Name=LOC_CITIZEN_MAYA_MODERN_FEMALE_9 Operation=58 PlotIndex=1743
mission CityName=LOC_CITY_NAME_QUEBEC_CITY CompletionTurn=221 EscapeResult=-1 InitialResult=3 LevelAfter=4 LootInfo=-1 Name=LOC_CITIZEN_MAYA_MODERN_FEMALE_6 Operation=58 PlotIndex=1404
mission CityName=LOC_CITY_NAME_MONTREAL CompletionTurn=221 EscapeResult=2 InitialResult=2 LevelAfter=1 LootInfo=-1 Name=LOC_CITIZEN_MAYA_MALE_6 Operation=58 PlotIndex=1314
mission CityName=LOC_CITY_NAME_OTTAWA CompletionTurn=220 EscapeResult=-1 InitialResult=5 LevelAfter=4 LootInfo=-1 Name=LOC_CITIZEN_MAYA_MODERN_MALE_9 Operation=58 PlotIndex=978
mission CityName=LOC_CITY_NAME_MONTREAL CompletionTurn=218 EscapeResult=-1 InitialResult=4 LevelAfter=3 LootInfo=-1 Name=LOC_CITIZEN_MAYA_FEMALE_1 Operation=58 PlotIndex=1314
mission CityName=LOC_CITY_NAME_TORONTO CompletionTurn=218 EscapeResult=-1 InitialResult=5 LevelAfter=2 LootInfo=-1 Name=LOC_CITIZEN_MAYA_MODERN_FEMALE_4 Operation=58 PlotIndex=1818
mission CityName=LOC_CITY_NAME_MONTREAL CompletionTurn=217 EscapeResult=-1 InitialResult=5 LevelAfter=2 LootInfo=-1 Name=LOC_CITIZEN_MAYA_FEMALE_1 Operation=58 PlotIndex=1314
mission CityName=LOC_CITY_NAME_WINNIPEG CompletionTurn=217 EscapeResult=-1 InitialResult=5 LevelAfter=4 LootInfo=-1 Name=LOC_CITIZEN_MAYA_MODERN_FEMALE_9 Operation=58 PlotIndex=1743
mission CityName=LOC_CITY_NAME_SAINT_JOHN CompletionTurn=215 EscapeResult=0 InitialResult=2 LevelAfter=1 LootInfo=-1 Name=LOC_CITIZEN_MAYA_MODERN_MALE_1 Operation=58 PlotIndex=1991
mission CityName=LOC_CITY_NAME_VICTORIA CompletionTurn=215 EscapeResult=0 InitialResult=2 LevelAfter=1 LootInfo=-1 Name=LOC_CITIZEN_MAYA_MALE_1 Operation=58 PlotIndex=889
mission CityName=LOC_CITY_NAME_HALIFAX CompletionTurn=215 EscapeResult=-1 InitialResult=1 LevelAfter=1 LootInfo=-1 Name=LOC_CITIZEN_MAYA_MALE_8 Operation=58 PlotIndex=1409
mission CityName=LOC_CITY_NAME_QUEBEC_CITY CompletionTurn=215 EscapeResult=-1 InitialResult=5 LevelAfter=4 LootInfo=-1 Name=LOC_CITIZEN_MAYA_MODERN_FEMALE_6 Operation=58 PlotIndex=1404
mission CityName=LOC_CITY_NAME_TORONTO CompletionTurn=214 EscapeResult=-1 InitialResult=3 LevelAfter=1 LootInfo=-1 Name=LOC_CITIZEN_MAYA_FEMALE_8 Operation=58 PlotIndex=1818
mission CityName=LOC_CITY_NAME_OTTAWA CompletionTurn=214 EscapeResult=-1 InitialResult=5 LevelAfter=4 LootInfo=-1 Name=LOC_CITIZEN_MAYA_MODERN_MALE_9 Operation=58 PlotIndex=978
mission CityName=LOC_CITY_NAME_VANCOUVER CompletionTurn=212 EscapeResult=-1 InitialResult=1 LevelAfter=1 LootInfo=-1 Name=LOC_CITIZEN_MAYA_FEMALE_3 Operation=58 PlotIndex=801
mission CityName=LOC_CITY_NAME_SAINT_JOHN CompletionTurn=210 EscapeResult=-1 InitialResult=3 LevelAfter=1 LootInfo=-1 Name=LOC_CITIZEN_MAYA_MODERN_MALE_1 Operation=58 PlotIndex=1991
mission CityName=LOC_CITY_NAME_QUEBEC_CITY CompletionTurn=210 EscapeResult=-1 InitialResult=3 LevelAfter=3 LootInfo=-1 Name=LOC_CITIZEN_MAYA_MODERN_FEMALE_6 Operation=58 PlotIndex=1404
mission CityName=LOC_CITY_NAME_WINNIPEG CompletionTurn=210 EscapeResult=-1 InitialResult=5 LevelAfter=3 LootInfo=-1 Name=LOC_CITIZEN_MAYA_MODERN_FEMALE_9 Operation=58 PlotIndex=1743
mission CityName=LOC_CITY_NAME_HALIFAX CompletionTurn=209 EscapeResult=-1 InitialResult=0 LevelAfter=2 LootInfo=-1 Name=LOC_CITIZEN_MAYA_MODERN_MALE_6 Operation=58 PlotIndex=1409
mission CityName=LOC_CITY_NAME_OTTAWA CompletionTurn=208 EscapeResult=-1 InitialResult=5 LevelAfter=3 LootInfo=-1 Name=LOC_CITIZEN_MAYA_MODERN_MALE_9 Operation=58 PlotIndex=978
mission CityName=LOC_CITY_NAME_MONTREAL CompletionTurn=208 EscapeResult=0 InitialResult=2 LevelAfter=2 LootInfo=-1 Name=LOC_CITIZEN_MAYA_MODERN_FEMALE_7 Operation=58 PlotIndex=1314
mission CityName=LOC_CITY_NAME_WINDSOR CompletionTurn=206 EscapeResult=-1 InitialResult=0 LevelAfter=1 LootInfo=-1 Name=LOC_CITIZEN_MAYA_MALE_5 Operation=58 PlotIndex=1392
mission CityName=LOC_CITY_NAME_VANCOUVER CompletionTurn=206 EscapeResult=-1 InitialResult=0 LevelAfter=1 LootInfo=-1 Name=LOC_CITIZEN_MAYA_MODERN_FEMALE_1 Operation=58 PlotIndex=801
mission CityName=LOC_CITY_NAME_HALIFAX CompletionTurn=203 EscapeResult=-1 InitialResult=5 LevelAfter=2 LootInfo=-1 Name=LOC_CITIZEN_MAYA_MODERN_MALE_6 Operation=58 PlotIndex=1409
mission CityName=LOC_CITY_NAME_QUEBEC_CITY CompletionTurn=203 EscapeResult=-1 InitialResult=5 LevelAfter=3 LootInfo=-1 Name=LOC_CITIZEN_MAYA_MODERN_FEMALE_6 Operation=58 PlotIndex=1404
mission CityName=LOC_CITY_NAME_OPANGO CompletionTurn=203 EscapeResult=0 InitialResult=4 LevelAfter=2 LootInfo=-1 Name=LOC_CITIZEN_MAYA_MODERN_MALE_4 Operation=58 PlotIndex=3635
mission CityName=LOC_CITY_NAME_QUEBEC_CITY CompletionTurn=196 EscapeResult=-1 InitialResult=1 LevelAfter=1 LootInfo=-1 Name=LOC_CITIZEN_MAYA_MALE_6 Operation=58 PlotIndex=1404
mission CityName=LOC_CITY_NAME_VANCOUVER CompletionTurn=194 EscapeResult=0 InitialResult=4 LevelAfter=2 LootInfo=-1 Name=LOC_CITIZEN_MAYA_MODERN_FEMALE_2 Operation=58 PlotIndex=801
mission CityName=LOC_CITY_NAME_RUATORIA CompletionTurn=192 EscapeResult=-1 InitialResult=5 LevelAfter=2 LootInfo=-1 Name=LOC_CITIZEN_MAYA_MODERN_FEMALE_6 Operation=58 PlotIndex=1833
mission CityName=LOC_CITY_NAME_QUEBEC_CITY CompletionTurn=192 EscapeResult=-1 InitialResult=1 LevelAfter=1 LootInfo=-1 Name=LOC_CITIZEN_MAYA_FEMALE_6 Operation=58 PlotIndex=1404
mission CityName=LOC_CITY_NAME_VANCOUVER CompletionTurn=190 EscapeResult=-1 InitialResult=0 LevelAfter=1 LootInfo=-1 Name=LOC_CITIZEN_MAYA_MODERN_FEMALE_3 Operation=58 PlotIndex=801
mission CityName=LOC_CITY_NAME_TE_HOKIANGA_NU_A_KUPE CompletionTurn=189 EscapeResult=2 InitialResult=2 LevelAfter=1 LootInfo=-1 Name=LOC_CITIZEN_MAYA_MODERN_FEMALE_4 Operation=58 PlotIndex=772
mission CityName=LOC_CITY_NAME_TORONTO CompletionTurn=189 EscapeResult=2 InitialResult=2 LevelAfter=1 LootInfo=-1 Name=LOC_CITIZEN_MAYA_MALE_8 Operation=58 PlotIndex=1818
mission CityName=LOC_CITY_NAME_VICTORIA CompletionTurn=187 EscapeResult=0 InitialResult=4 LevelAfter=2 LootInfo=-1 Name=LOC_CITIZEN_MAYA_FEMALE_7 Operation=58 PlotIndex=889
mission CityName=LOC_CITY_NAME_WINNIPEG CompletionTurn=187 EscapeResult=1 InitialResult=2 LevelAfter=1 LootInfo=-1 Name=LOC_CITIZEN_MAYA_FEMALE_4 Operation=58 PlotIndex=1743
mission CityName=LOC_CITY_NAME_HALIFAX CompletionTurn=187 EscapeResult=2 InitialResult=4 LevelAfter=2 LootInfo=-1 Name=LOC_CITIZEN_MAYA_MODERN_MALE_9 Operation=58 PlotIndex=1409
mission CityName=LOC_CITY_NAME_QUEBEC_CITY CompletionTurn=184 EscapeResult=-1 InitialResult=0 LevelAfter=1 LootInfo=-1 Name=LOC_CITIZEN_MAYA_MODERN_MALE_10 Operation=58 PlotIndex=1404
mission CityName=LOC_CITY_NAME_SAINT_JOHN CompletionTurn=184 EscapeResult=2 InitialResult=4 LevelAfter=2 LootInfo=-1 Name=LOC_CITIZEN_MAYA_MODERN_FEMALE_9 Operation=58 PlotIndex=1991
mission CityName=LOC_CITY_NAME_OTTAWA CompletionTurn=182 EscapeResult=0 InitialResult=4 LevelAfter=2 LootInfo=-1 Name=LOC_CITIZEN_MAYA_MODERN_FEMALE_8 Operation=58 PlotIndex=978
mission CityName=LOC_CITY_NAME_MONTREAL CompletionTurn=182 EscapeResult=2 InitialResult=4 LevelAfter=2 LootInfo=-1 Name=LOC_CITIZEN_MAYA_MODERN_FEMALE_7 Operation=58 PlotIndex=1314
mission CityName=LOC_CITY_NAME_TORONTO CompletionTurn=182 EscapeResult=-1 InitialResult=1 LevelAfter=1 LootInfo=-1 Name=LOC_CITIZEN_MAYA_MODERN_FEMALE_5 Operation=58 PlotIndex=1818
tally 6  FOMENT_UNREST CAPTURED / NO_RESULT
tally 1  FOMENT_UNREST FAIL_MUST_ESCAPE / CAPTURED
tally 3  FOMENT_UNREST FAIL_MUST_ESCAPE / FAIL_MUST_ESCAPE
tally 3  FOMENT_UNREST FAIL_MUST_ESCAPE / KILLED
tally 1  FOMENT_UNREST FAIL_MUST_ESCAPE / NO_RESULT
tally 5  FOMENT_UNREST FAIL_UNDETECTED / NO_RESULT
tally 5  FOMENT_UNREST KILLED / NO_RESULT
tally 3  FOMENT_UNREST SUCCESS_MUST_ESCAPE / FAIL_MUST_ESCAPE
tally 4  FOMENT_UNREST SUCCESS_MUST_ESCAPE / KILLED
tally 2  FOMENT_UNREST SUCCESS_MUST_ESCAPE / NO_RESULT
tally 13  FOMENT_UNREST SUCCESS_UNDETECTED / NO_RESULT
turn 225 spies active 3 idle 5 missions 46 captured-enemy 0
spy 7864322 LOC_CITIZEN_MAYA_MODERN_FEMALE_4 level 2 at 54:21 busy
spy 7012356 LOC_CITIZEN_MAYA_MODERN_FEMALE_9 level 4 at 63:20 busy
spy 6291469 LOC_CITIZEN_MAYA_MODERN_FEMALE_6 level 4 at 60:16 start
spy 9568277 LOC_CITIZEN_MAYA_FEMALE_1 level 3 at 49:10 start
spy 7929878 LOC_CITIZEN_MAYA_MODERN_FEMALE_8 level 1 at 54:21 refused
spy 9240599 LOC_CITIZEN_MAYA_MODERN_FEMALE_1 level 1 at 59:23 busy
spy 6750236 LOC_CITIZEN_MAYA_MODERN_MALE_9 level 4 at 54:11 start
spy 7536669 LOC_CITIZEN_MAYA_FEMALE_8 level 1 at 54:21 refused
turn 225 spies 8 started 3 travelled 0 promoted 1 bought 0 gold 50000
unblock: blocker ENDTURN_BLOCKING_CIVIC -> civic CIVIC_CIVIL_SERVICE | end turn requested
unblock: blocker ENDTURN_BLOCKING_PRODUCTION -> PALENQUE_MAYA builds UNIT_WARRIOR | end turn requested
mission CityName=LOC_CITY_NAME_OTTAWA CompletionTurn=225 EscapeResult=-1 InitialResult=3 LevelAfter=4 LootInfo=-1 Name=LOC_CITIZEN_MAYA_MODERN_MALE_9 Operation=58 PlotIndex=978
mission CityName=LOC_CITY_NAME_SAINT_JOHN CompletionTurn=225 EscapeResult=-1 InitialResult=2 LevelAfter=1 LootInfo=-1 Name=LOC_CITIZEN_MAYA_MODERN_FEMALE_1 Operation=58 PlotIndex=1991
mission CityName=LOC_CITY_NAME_QUEBEC_CITY CompletionTurn=225 EscapeResult=-1 InitialResult=5 LevelAfter=4 LootInfo=-1 Name=LOC_CITIZEN_MAYA_MODERN_FEMALE_6 Operation=58 PlotIndex=1404
mission CityName=LOC_CITY_NAME_TORONTO CompletionTurn=225 EscapeResult=-1 InitialResult=4 LevelAfter=3 LootInfo=-1 Name=LOC_CITIZEN_MAYA_MODERN_FEMALE_4 Operation=58 PlotIndex=1818
mission CityName=LOC_CITY_NAME_HALIFAX CompletionTurn=223 EscapeResult=-1 InitialResult=1 LevelAfter=1 LootInfo=-1 Name=LOC_CITIZEN_MAYA_MODERN_MALE_9 Operation=58 PlotIndex=1409
mission CityName=LOC_CITY_NAME_WINNIPEG CompletionTurn=223 EscapeResult=-1 InitialResult=5 LevelAfter=4 LootInfo=-1 Name=LOC_CITIZEN_MAYA_MODERN_FEMALE_9 Operation=58 PlotIndex=1743
mission CityName=LOC_CITY_NAME_QUEBEC_CITY CompletionTurn=221 EscapeResult=-1 InitialResult=3 LevelAfter=4 LootInfo=-1 Name=LOC_CITIZEN_MAYA_MODERN_FEMALE_6 Operation=58 PlotIndex=1404
mission CityName=LOC_CITY_NAME_MONTREAL CompletionTurn=221 EscapeResult=2 InitialResult=2 LevelAfter=1 LootInfo=-1 Name=LOC_CITIZEN_MAYA_MALE_6 Operation=58 PlotIndex=1314
mission CityName=LOC_CITY_NAME_OTTAWA CompletionTurn=220 EscapeResult=-1 InitialResult=5 LevelAfter=4 LootInfo=-1 Name=LOC_CITIZEN_MAYA_MODERN_MALE_9 Operation=58 PlotIndex=978
mission CityName=LOC_CITY_NAME_MONTREAL CompletionTurn=218 EscapeResult=-1 InitialResult=4 LevelAfter=3 LootInfo=-1 Name=LOC_CITIZEN_MAYA_FEMALE_1 Operation=58 PlotIndex=1314
mission CityName=LOC_CITY_NAME_TORONTO CompletionTurn=218 EscapeResult=-1 InitialResult=5 LevelAfter=2 LootInfo=-1 Name=LOC_CITIZEN_MAYA_MODERN_FEMALE_4 Operation=58 PlotIndex=1818
mission CityName=LOC_CITY_NAME_MONTREAL CompletionTurn=217 EscapeResult=-1 InitialResult=5 LevelAfter=2 LootInfo=-1 Name=LOC_CITIZEN_MAYA_FEMALE_1 Operation=58 PlotIndex=1314
mission CityName=LOC_CITY_NAME_WINNIPEG CompletionTurn=217 EscapeResult=-1 InitialResult=5 LevelAfter=4 LootInfo=-1 Name=LOC_CITIZEN_MAYA_MODERN_FEMALE_9 Operation=58 PlotIndex=1743
mission CityName=LOC_CITY_NAME_SAINT_JOHN CompletionTurn=215 EscapeResult=0 InitialResult=2 LevelAfter=1 LootInfo=-1 Name=LOC_CITIZEN_MAYA_MODERN_MALE_1 Operation=58 PlotIndex=1991
mission CityName=LOC_CITY_NAME_VICTORIA CompletionTurn=215 EscapeResult=0 InitialResult=2 LevelAfter=1 LootInfo=-1 Name=LOC_CITIZEN_MAYA_MALE_1 Operation=58 PlotIndex=889
mission CityName=LOC_CITY_NAME_HALIFAX CompletionTurn=215 EscapeResult=-1 InitialResult=1 LevelAfter=1 LootInfo=-1 Name=LOC_CITIZEN_MAYA_MALE_8 Operation=58 PlotIndex=1409
mission CityName=LOC_CITY_NAME_QUEBEC_CITY CompletionTurn=215 EscapeResult=-1 InitialResult=5 LevelAfter=4 LootInfo=-1 Name=LOC_CITIZEN_MAYA_MODERN_FEMALE_6 Operation=58 PlotIndex=1404
mission CityName=LOC_CITY_NAME_TORONTO CompletionTurn=214 EscapeResult=-1 InitialResult=3 LevelAfter=1 LootInfo=-1 Name=LOC_CITIZEN_MAYA_FEMALE_8 Operation=58 PlotIndex=1818
mission CityName=LOC_CITY_NAME_OTTAWA CompletionTurn=214 EscapeResult=-1 InitialResult=5 LevelAfter=4 LootInfo=-1 Name=LOC_CITIZEN_MAYA_MODERN_MALE_9 Operation=58 PlotIndex=978
mission CityName=LOC_CITY_NAME_VANCOUVER CompletionTurn=212 EscapeResult=-1 InitialResult=1 LevelAfter=1 LootInfo=-1 Name=LOC_CITIZEN_MAYA_FEMALE_3 Operation=58 PlotIndex=801
mission CityName=LOC_CITY_NAME_SAINT_JOHN CompletionTurn=210 EscapeResult=-1 InitialResult=3 LevelAfter=1 LootInfo=-1 Name=LOC_CITIZEN_MAYA_MODERN_MALE_1 Operation=58 PlotIndex=1991
mission CityName=LOC_CITY_NAME_QUEBEC_CITY CompletionTurn=210 EscapeResult=-1 InitialResult=3 LevelAfter=3 LootInfo=-1 Name=LOC_CITIZEN_MAYA_MODERN_FEMALE_6 Operation=58 PlotIndex=1404
mission CityName=LOC_CITY_NAME_WINNIPEG CompletionTurn=210 EscapeResult=-1 InitialResult=5 LevelAfter=3 LootInfo=-1 Name=LOC_CITIZEN_MAYA_MODERN_FEMALE_9 Operation=58 PlotIndex=1743
mission CityName=LOC_CITY_NAME_HALIFAX CompletionTurn=209 EscapeResult=-1 InitialResult=0 LevelAfter=2 LootInfo=-1 Name=LOC_CITIZEN_MAYA_MODERN_MALE_6 Operation=58 PlotIndex=1409
mission CityName=LOC_CITY_NAME_OTTAWA CompletionTurn=208 EscapeResult=-1 InitialResult=5 LevelAfter=3 LootInfo=-1 Name=LOC_CITIZEN_MAYA_MODERN_MALE_9 Operation=58 PlotIndex=978
mission CityName=LOC_CITY_NAME_MONTREAL CompletionTurn=208 EscapeResult=0 InitialResult=2 LevelAfter=2 LootInfo=-1 Name=LOC_CITIZEN_MAYA_MODERN_FEMALE_7 Operation=58 PlotIndex=1314
mission CityName=LOC_CITY_NAME_WINDSOR CompletionTurn=206 EscapeResult=-1 InitialResult=0 LevelAfter=1 LootInfo=-1 Name=LOC_CITIZEN_MAYA_MALE_5 Operation=58 PlotIndex=1392
mission CityName=LOC_CITY_NAME_VANCOUVER CompletionTurn=206 EscapeResult=-1 InitialResult=0 LevelAfter=1 LootInfo=-1 Name=LOC_CITIZEN_MAYA_MODERN_FEMALE_1 Operation=58 PlotIndex=801
mission CityName=LOC_CITY_NAME_HALIFAX CompletionTurn=203 EscapeResult=-1 InitialResult=5 LevelAfter=2 LootInfo=-1 Name=LOC_CITIZEN_MAYA_MODERN_MALE_6 Operation=58 PlotIndex=1409
mission CityName=LOC_CITY_NAME_QUEBEC_CITY CompletionTurn=203 EscapeResult=-1 InitialResult=5 LevelAfter=3 LootInfo=-1 Name=LOC_CITIZEN_MAYA_MODERN_FEMALE_6 Operation=58 PlotIndex=1404
mission CityName=LOC_CITY_NAME_OPANGO CompletionTurn=203 EscapeResult=0 InitialResult=4 LevelAfter=2 LootInfo=-1 Name=LOC_CITIZEN_MAYA_MODERN_MALE_4 Operation=58 PlotIndex=3635
mission CityName=LOC_CITY_NAME_QUEBEC_CITY CompletionTurn=196 EscapeResult=-1 InitialResult=1 LevelAfter=1 LootInfo=-1 Name=LOC_CITIZEN_MAYA_MALE_6 Operation=58 PlotIndex=1404
mission CityName=LOC_CITY_NAME_VANCOUVER CompletionTurn=194 EscapeResult=0 InitialResult=4 LevelAfter=2 LootInfo=-1 Name=LOC_CITIZEN_MAYA_MODERN_FEMALE_2 Operation=58 PlotIndex=801
mission CityName=LOC_CITY_NAME_RUATORIA CompletionTurn=192 EscapeResult=-1 InitialResult=5 LevelAfter=2 LootInfo=-1 Name=LOC_CITIZEN_MAYA_MODERN_FEMALE_6 Operation=58 PlotIndex=1833
mission CityName=LOC_CITY_NAME_QUEBEC_CITY CompletionTurn=192 EscapeResult=-1 InitialResult=1 LevelAfter=1 LootInfo=-1 Name=LOC_CITIZEN_MAYA_FEMALE_6 Operation=58 PlotIndex=1404
mission CityName=LOC_CITY_NAME_VANCOUVER CompletionTurn=190 EscapeResult=-1 InitialResult=0 LevelAfter=1 LootInfo=-1 Name=LOC_CITIZEN_MAYA_MODERN_FEMALE_3 Operation=58 PlotIndex=801
mission CityName=LOC_CITY_NAME_TE_HOKIANGA_NU_A_KUPE CompletionTurn=189 EscapeResult=2 InitialResult=2 LevelAfter=1 LootInfo=-1 Name=LOC_CITIZEN_MAYA_MODERN_FEMALE_4 Operation=58 PlotIndex=772
mission CityName=LOC_CITY_NAME_TORONTO CompletionTurn=189 EscapeResult=2 InitialResult=2 LevelAfter=1 LootInfo=-1 Name=LOC_CITIZEN_MAYA_MALE_8 Operation=58 PlotIndex=1818
mission CityName=LOC_CITY_NAME_VICTORIA CompletionTurn=187 EscapeResult=0 InitialResult=4 LevelAfter=2 LootInfo=-1 Name=LOC_CITIZEN_MAYA_FEMALE_7 Operation=58 PlotIndex=889
mission CityName=LOC_CITY_NAME_WINNIPEG CompletionTurn=187 EscapeResult=1 InitialResult=2 LevelAfter=1 LootInfo=-1 Name=LOC_CITIZEN_MAYA_FEMALE_4 Operation=58 PlotIndex=1743
mission CityName=LOC_CITY_NAME_HALIFAX CompletionTurn=187 EscapeResult=2 InitialResult=4 LevelAfter=2 LootInfo=-1 Name=LOC_CITIZEN_MAYA_MODERN_MALE_9 Operation=58 PlotIndex=1409
mission CityName=LOC_CITY_NAME_QUEBEC_CITY CompletionTurn=184 EscapeResult=-1 InitialResult=0 LevelAfter=1 LootInfo=-1 Name=LOC_CITIZEN_MAYA_MODERN_MALE_10 Operation=58 PlotIndex=1404
mission CityName=LOC_CITY_NAME_SAINT_JOHN CompletionTurn=184 EscapeResult=2 InitialResult=4 LevelAfter=2 LootInfo=-1 Name=LOC_CITIZEN_MAYA_MODERN_FEMALE_9 Operation=58 PlotIndex=1991
mission CityName=LOC_CITY_NAME_OTTAWA CompletionTurn=182 EscapeResult=0 InitialResult=4 LevelAfter=2 LootInfo=-1 Name=LOC_CITIZEN_MAYA_MODERN_FEMALE_8 Operation=58 PlotIndex=978
mission CityName=LOC_CITY_NAME_MONTREAL CompletionTurn=182 EscapeResult=2 InitialResult=4 LevelAfter=2 LootInfo=-1 Name=LOC_CITIZEN_MAYA_MODERN_FEMALE_7 Operation=58 PlotIndex=1314
mission CityName=LOC_CITY_NAME_TORONTO CompletionTurn=182 EscapeResult=-1 InitialResult=1 LevelAfter=1 LootInfo=-1 Name=LOC_CITIZEN_MAYA_MODERN_FEMALE_5 Operation=58 PlotIndex=1818
tally 6  FOMENT_UNREST CAPTURED / NO_RESULT
tally 1  FOMENT_UNREST FAIL_MUST_ESCAPE / CAPTURED
tally 3  FOMENT_UNREST FAIL_MUST_ESCAPE / FAIL_MUST_ESCAPE
tally 3  FOMENT_UNREST FAIL_MUST_ESCAPE / KILLED
tally 1  FOMENT_UNREST FAIL_MUST_ESCAPE / NO_RESULT
tally 5  FOMENT_UNREST FAIL_UNDETECTED / NO_RESULT
tally 5  FOMENT_UNREST KILLED / NO_RESULT
tally 3  FOMENT_UNREST SUCCESS_MUST_ESCAPE / FAIL_MUST_ESCAPE
tally 4  FOMENT_UNREST SUCCESS_MUST_ESCAPE / KILLED
tally 2  FOMENT_UNREST SUCCESS_MUST_ESCAPE / NO_RESULT
tally 13  FOMENT_UNREST SUCCESS_UNDETECTED / NO_RESULT
turn 226 spies active 6 idle 2 missions 46 captured-enemy 0
spy 7864322 LOC_CITIZEN_MAYA_MODERN_FEMALE_4 level 3 at 54:21 busy
spy 7012356 LOC_CITIZEN_MAYA_MODERN_FEMALE_9 level 4 at 63:20 busy
spy 6291469 LOC_CITIZEN_MAYA_MODERN_FEMALE_6 level 4 at 60:16 busy
spy 9568277 LOC_CITIZEN_MAYA_FEMALE_1 level 3 at 49:10 busy
spy 7929878 LOC_CITIZEN_MAYA_MODERN_FEMALE_8 level 1 at 54:21 refused
spy 9240599 LOC_CITIZEN_MAYA_MODERN_FEMALE_1 level 1 at 59:23 busy
spy 6750236 LOC_CITIZEN_MAYA_MODERN_MALE_9 level 4 at 54:11 busy
spy 7536669 LOC_CITIZEN_MAYA_FEMALE_8 level 1 at 54:21 refused
turn 226 spies 8 started 0 travelled 0 promoted 0 bought 0 gold 50000
unblock: blocker ENDTURN_BLOCKING_PRODUCTION -> PALENQUE_MAYA builds UNIT_WARRIOR | end turn requested
unstuck: TechCivicCompletedPopup: closed
unblock: blocker ENDTURN_BLOCKING_SPY_CHOOSE_ESCAPE_ROUTE -> escape route DISTRICT_HARBOR of 2 for spy 7864322 LOC_CITIZEN_MAYA_MODERN_FEMALE_4 level 3 turn 226 city LOC_CITY_NAME_TORONTO p1 at 54:21 pursuer police | end turn requested
mission CityName=LOC_CITY_NAME_OTTAWA CompletionTurn=225 EscapeResult=-1 InitialResult=3 LevelAfter=4 LootInfo=-1 Name=LOC_CITIZEN_MAYA_MODERN_MALE_9 Operation=58 PlotIndex=978
mission CityName=LOC_CITY_NAME_SAINT_JOHN CompletionTurn=225 EscapeResult=-1 InitialResult=2 LevelAfter=1 LootInfo=-1 Name=LOC_CITIZEN_MAYA_MODERN_FEMALE_1 Operation=58 PlotIndex=1991
mission CityName=LOC_CITY_NAME_QUEBEC_CITY CompletionTurn=225 EscapeResult=-1 InitialResult=5 LevelAfter=4 LootInfo=-1 Name=LOC_CITIZEN_MAYA_MODERN_FEMALE_6 Operation=58 PlotIndex=1404
mission CityName=LOC_CITY_NAME_TORONTO CompletionTurn=225 EscapeResult=-1 InitialResult=4 LevelAfter=3 LootInfo=-1 Name=LOC_CITIZEN_MAYA_MODERN_FEMALE_4 Operation=58 PlotIndex=1818
mission CityName=LOC_CITY_NAME_HALIFAX CompletionTurn=223 EscapeResult=-1 InitialResult=1 LevelAfter=1 LootInfo=-1 Name=LOC_CITIZEN_MAYA_MODERN_MALE_9 Operation=58 PlotIndex=1409
mission CityName=LOC_CITY_NAME_WINNIPEG CompletionTurn=223 EscapeResult=-1 InitialResult=5 LevelAfter=4 LootInfo=-1 Name=LOC_CITIZEN_MAYA_MODERN_FEMALE_9 Operation=58 PlotIndex=1743
mission CityName=LOC_CITY_NAME_QUEBEC_CITY CompletionTurn=221 EscapeResult=-1 InitialResult=3 LevelAfter=4 LootInfo=-1 Name=LOC_CITIZEN_MAYA_MODERN_FEMALE_6 Operation=58 PlotIndex=1404
mission CityName=LOC_CITY_NAME_MONTREAL CompletionTurn=221 EscapeResult=2 InitialResult=2 LevelAfter=1 LootInfo=-1 Name=LOC_CITIZEN_MAYA_MALE_6 Operation=58 PlotIndex=1314
mission CityName=LOC_CITY_NAME_OTTAWA CompletionTurn=220 EscapeResult=-1 InitialResult=5 LevelAfter=4 LootInfo=-1 Name=LOC_CITIZEN_MAYA_MODERN_MALE_9 Operation=58 PlotIndex=978
mission CityName=LOC_CITY_NAME_MONTREAL CompletionTurn=218 EscapeResult=-1 InitialResult=4 LevelAfter=3 LootInfo=-1 Name=LOC_CITIZEN_MAYA_FEMALE_1 Operation=58 PlotIndex=1314
mission CityName=LOC_CITY_NAME_TORONTO CompletionTurn=218 EscapeResult=-1 InitialResult=5 LevelAfter=2 LootInfo=-1 Name=LOC_CITIZEN_MAYA_MODERN_FEMALE_4 Operation=58 PlotIndex=1818
mission CityName=LOC_CITY_NAME_MONTREAL CompletionTurn=217 EscapeResult=-1 InitialResult=5 LevelAfter=2 LootInfo=-1 Name=LOC_CITIZEN_MAYA_FEMALE_1 Operation=58 PlotIndex=1314
mission CityName=LOC_CITY_NAME_WINNIPEG CompletionTurn=217 EscapeResult=-1 InitialResult=5 LevelAfter=4 LootInfo=-1 Name=LOC_CITIZEN_MAYA_MODERN_FEMALE_9 Operation=58 PlotIndex=1743
mission CityName=LOC_CITY_NAME_SAINT_JOHN CompletionTurn=215 EscapeResult=0 InitialResult=2 LevelAfter=1 LootInfo=-1 Name=LOC_CITIZEN_MAYA_MODERN_MALE_1 Operation=58 PlotIndex=1991
mission CityName=LOC_CITY_NAME_VICTORIA CompletionTurn=215 EscapeResult=0 InitialResult=2 LevelAfter=1 LootInfo=-1 Name=LOC_CITIZEN_MAYA_MALE_1 Operation=58 PlotIndex=889
mission CityName=LOC_CITY_NAME_HALIFAX CompletionTurn=215 EscapeResult=-1 InitialResult=1 LevelAfter=1 LootInfo=-1 Name=LOC_CITIZEN_MAYA_MALE_8 Operation=58 PlotIndex=1409
mission CityName=LOC_CITY_NAME_QUEBEC_CITY CompletionTurn=215 EscapeResult=-1 InitialResult=5 LevelAfter=4 LootInfo=-1 Name=LOC_CITIZEN_MAYA_MODERN_FEMALE_6 Operation=58 PlotIndex=1404
mission CityName=LOC_CITY_NAME_TORONTO CompletionTurn=214 EscapeResult=-1 InitialResult=3 LevelAfter=1 LootInfo=-1 Name=LOC_CITIZEN_MAYA_FEMALE_8 Operation=58 PlotIndex=1818
mission CityName=LOC_CITY_NAME_OTTAWA CompletionTurn=214 EscapeResult=-1 InitialResult=5 LevelAfter=4 LootInfo=-1 Name=LOC_CITIZEN_MAYA_MODERN_MALE_9 Operation=58 PlotIndex=978
mission CityName=LOC_CITY_NAME_VANCOUVER CompletionTurn=212 EscapeResult=-1 InitialResult=1 LevelAfter=1 LootInfo=-1 Name=LOC_CITIZEN_MAYA_FEMALE_3 Operation=58 PlotIndex=801
mission CityName=LOC_CITY_NAME_SAINT_JOHN CompletionTurn=210 EscapeResult=-1 InitialResult=3 LevelAfter=1 LootInfo=-1 Name=LOC_CITIZEN_MAYA_MODERN_MALE_1 Operation=58 PlotIndex=1991
mission CityName=LOC_CITY_NAME_QUEBEC_CITY CompletionTurn=210 EscapeResult=-1 InitialResult=3 LevelAfter=3 LootInfo=-1 Name=LOC_CITIZEN_MAYA_MODERN_FEMALE_6 Operation=58 PlotIndex=1404
mission CityName=LOC_CITY_NAME_WINNIPEG CompletionTurn=210 EscapeResult=-1 InitialResult=5 LevelAfter=3 LootInfo=-1 Name=LOC_CITIZEN_MAYA_MODERN_FEMALE_9 Operation=58 PlotIndex=1743
mission CityName=LOC_CITY_NAME_HALIFAX CompletionTurn=209 EscapeResult=-1 InitialResult=0 LevelAfter=2 LootInfo=-1 Name=LOC_CITIZEN_MAYA_MODERN_MALE_6 Operation=58 PlotIndex=1409
mission CityName=LOC_CITY_NAME_OTTAWA CompletionTurn=208 EscapeResult=-1 InitialResult=5 LevelAfter=3 LootInfo=-1 Name=LOC_CITIZEN_MAYA_MODERN_MALE_9 Operation=58 PlotIndex=978
mission CityName=LOC_CITY_NAME_MONTREAL CompletionTurn=208 EscapeResult=0 InitialResult=2 LevelAfter=2 LootInfo=-1 Name=LOC_CITIZEN_MAYA_MODERN_FEMALE_7 Operation=58 PlotIndex=1314
mission CityName=LOC_CITY_NAME_WINDSOR CompletionTurn=206 EscapeResult=-1 InitialResult=0 LevelAfter=1 LootInfo=-1 Name=LOC_CITIZEN_MAYA_MALE_5 Operation=58 PlotIndex=1392
mission CityName=LOC_CITY_NAME_VANCOUVER CompletionTurn=206 EscapeResult=-1 InitialResult=0 LevelAfter=1 LootInfo=-1 Name=LOC_CITIZEN_MAYA_MODERN_FEMALE_1 Operation=58 PlotIndex=801
mission CityName=LOC_CITY_NAME_HALIFAX CompletionTurn=203 EscapeResult=-1 InitialResult=5 LevelAfter=2 LootInfo=-1 Name=LOC_CITIZEN_MAYA_MODERN_MALE_6 Operation=58 PlotIndex=1409
mission CityName=LOC_CITY_NAME_QUEBEC_CITY CompletionTurn=203 EscapeResult=-1 InitialResult=5 LevelAfter=3 LootInfo=-1 Name=LOC_CITIZEN_MAYA_MODERN_FEMALE_6 Operation=58 PlotIndex=1404
mission CityName=LOC_CITY_NAME_OPANGO CompletionTurn=203 EscapeResult=0 InitialResult=4 LevelAfter=2 LootInfo=-1 Name=LOC_CITIZEN_MAYA_MODERN_MALE_4 Operation=58 PlotIndex=3635
mission CityName=LOC_CITY_NAME_QUEBEC_CITY CompletionTurn=196 EscapeResult=-1 InitialResult=1 LevelAfter=1 LootInfo=-1 Name=LOC_CITIZEN_MAYA_MALE_6 Operation=58 PlotIndex=1404
mission CityName=LOC_CITY_NAME_VANCOUVER CompletionTurn=194 EscapeResult=0 InitialResult=4 LevelAfter=2 LootInfo=-1 Name=LOC_CITIZEN_MAYA_MODERN_FEMALE_2 Operation=58 PlotIndex=801
mission CityName=LOC_CITY_NAME_RUATORIA CompletionTurn=192 EscapeResult=-1 InitialResult=5 LevelAfter=2 LootInfo=-1 Name=LOC_CITIZEN_MAYA_MODERN_FEMALE_6 Operation=58 PlotIndex=1833
mission CityName=LOC_CITY_NAME_QUEBEC_CITY CompletionTurn=192 EscapeResult=-1 InitialResult=1 LevelAfter=1 LootInfo=-1 Name=LOC_CITIZEN_MAYA_FEMALE_6 Operation=58 PlotIndex=1404
mission CityName=LOC_CITY_NAME_VANCOUVER CompletionTurn=190 EscapeResult=-1 InitialResult=0 LevelAfter=1 LootInfo=-1 Name=LOC_CITIZEN_MAYA_MODERN_FEMALE_3 Operation=58 PlotIndex=801
mission CityName=LOC_CITY_NAME_TE_HOKIANGA_NU_A_KUPE CompletionTurn=189 EscapeResult=2 InitialResult=2 LevelAfter=1 LootInfo=-1 Name=LOC_CITIZEN_MAYA_MODERN_FEMALE_4 Operation=58 PlotIndex=772
mission CityName=LOC_CITY_NAME_TORONTO CompletionTurn=189 EscapeResult=2 InitialResult=2 LevelAfter=1 LootInfo=-1 Name=LOC_CITIZEN_MAYA_MALE_8 Operation=58 PlotIndex=1818
mission CityName=LOC_CITY_NAME_VICTORIA CompletionTurn=187 EscapeResult=0 InitialResult=4 LevelAfter=2 LootInfo=-1 Name=LOC_CITIZEN_MAYA_FEMALE_7 Operation=58 PlotIndex=889
mission CityName=LOC_CITY_NAME_WINNIPEG CompletionTurn=187 EscapeResult=1 InitialResult=2 LevelAfter=1 LootInfo=-1 Name=LOC_CITIZEN_MAYA_FEMALE_4 Operation=58 PlotIndex=1743
mission CityName=LOC_CITY_NAME_HALIFAX CompletionTurn=187 EscapeResult=2 InitialResult=4 LevelAfter=2 LootInfo=-1 Name=LOC_CITIZEN_MAYA_MODERN_MALE_9 Operation=58 PlotIndex=1409
mission CityName=LOC_CITY_NAME_QUEBEC_CITY CompletionTurn=184 EscapeResult=-1 InitialResult=0 LevelAfter=1 LootInfo=-1 Name=LOC_CITIZEN_MAYA_MODERN_MALE_10 Operation=58 PlotIndex=1404
mission CityName=LOC_CITY_NAME_SAINT_JOHN CompletionTurn=184 EscapeResult=2 InitialResult=4 LevelAfter=2 LootInfo=-1 Name=LOC_CITIZEN_MAYA_MODERN_FEMALE_9 Operation=58 PlotIndex=1991
mission CityName=LOC_CITY_NAME_OTTAWA CompletionTurn=182 EscapeResult=0 InitialResult=4 LevelAfter=2 LootInfo=-1 Name=LOC_CITIZEN_MAYA_MODERN_FEMALE_8 Operation=58 PlotIndex=978
mission CityName=LOC_CITY_NAME_MONTREAL CompletionTurn=182 EscapeResult=2 InitialResult=4 LevelAfter=2 LootInfo=-1 Name=LOC_CITIZEN_MAYA_MODERN_FEMALE_7 Operation=58 PlotIndex=1314
mission CityName=LOC_CITY_NAME_TORONTO CompletionTurn=182 EscapeResult=-1 InitialResult=1 LevelAfter=1 LootInfo=-1 Name=LOC_CITIZEN_MAYA_MODERN_FEMALE_5 Operation=58 PlotIndex=1818
tally 6  FOMENT_UNREST CAPTURED / NO_RESULT
tally 1  FOMENT_UNREST FAIL_MUST_ESCAPE / CAPTURED
tally 3  FOMENT_UNREST FAIL_MUST_ESCAPE / FAIL_MUST_ESCAPE
tally 3  FOMENT_UNREST FAIL_MUST_ESCAPE / KILLED
tally 1  FOMENT_UNREST FAIL_MUST_ESCAPE / NO_RESULT
tally 5  FOMENT_UNREST FAIL_UNDETECTED / NO_RESULT
tally 5  FOMENT_UNREST KILLED / NO_RESULT
tally 3  FOMENT_UNREST SUCCESS_MUST_ESCAPE / FAIL_MUST_ESCAPE
tally 4  FOMENT_UNREST SUCCESS_MUST_ESCAPE / KILLED
tally 2  FOMENT_UNREST SUCCESS_MUST_ESCAPE / NO_RESULT
tally 13  FOMENT_UNREST SUCCESS_UNDETECTED / NO_RESULT
turn 227 spies active 6 idle 3 missions 46 captured-enemy 0
spy 7864322 LOC_CITIZEN_MAYA_MODERN_FEMALE_4 level 3 at 54:21 busy
spy 7012356 LOC_CITIZEN_MAYA_MODERN_FEMALE_9 level 4 at 63:20 busy
spy 6291469 LOC_CITIZEN_MAYA_MODERN_FEMALE_6 level 4 at 60:16 busy
spy 9568277 LOC_CITIZEN_MAYA_FEMALE_1 level 3 at 49:10 busy
spy 7929878 LOC_CITIZEN_MAYA_MODERN_FEMALE_8 level 1 at 54:21 refused
spy 9240599 LOC_CITIZEN_MAYA_MODERN_FEMALE_1 level 1 at 59:23 busy
spy 6750236 LOC_CITIZEN_MAYA_MODERN_MALE_9 level 4 at 54:11 busy
spy 7536669 LOC_CITIZEN_MAYA_FEMALE_8 level 1 at 54:21 refused
spy 9830439 LOC_CITIZEN_MAYA_MALE_6 level 1 at 36:42 travel
turn 227 spies 9 started 0 travelled 1 promoted 0 bought 0 gold 50000
unblock: blocker ENDTURN_BLOCKING_SPY_CHOOSE_ESCAPE_ROUTE -> escape route DISTRICT_HARBOR of 2 for spy 7864322 LOC_CITIZEN_MAYA_MODERN_FEMALE_4 level 3 turn 227 city LOC_CITY_NAME_TORONTO p1 at 54:21 pursuer police | end turn requested
unblock: blocker ENDTURN_BLOCKING_SPY_CHOOSE_ESCAPE_ROUTE -> escape route DISTRICT_CITY_CENTER of 3 for spy 9240599 LOC_CITIZEN_MAYA_MODERN_FEMALE_1 level 1 turn 227 city LOC_CITY_NAME_SAINT_JOHN p1 at 59:23 pursuer police | end turn requested
mission CityName=LOC_CITY_NAME_VICTORIA CompletionTurn=228 EscapeResult=-1 InitialResult=4 LevelAfter=4 LootInfo=-1 Name=LOC_CITIZEN_MAYA_FEMALE_1 Operation=58 PlotIndex=889
mission CityName=LOC_CITY_NAME_WINNIPEG CompletionTurn=228 EscapeResult=-1 InitialResult=4 LevelAfter=4 LootInfo=-1 Name=LOC_CITIZEN_MAYA_MODERN_FEMALE_9 Operation=58 PlotIndex=1743
mission CityName=LOC_CITY_NAME_OTTAWA CompletionTurn=225 EscapeResult=-1 InitialResult=3 LevelAfter=4 LootInfo=-1 Name=LOC_CITIZEN_MAYA_MODERN_MALE_9 Operation=58 PlotIndex=978
mission CityName=LOC_CITY_NAME_SAINT_JOHN CompletionTurn=225 EscapeResult=-1 InitialResult=2 LevelAfter=1 LootInfo=-1 Name=LOC_CITIZEN_MAYA_MODERN_FEMALE_1 Operation=58 PlotIndex=1991
mission CityName=LOC_CITY_NAME_QUEBEC_CITY CompletionTurn=225 EscapeResult=-1 InitialResult=5 LevelAfter=4 LootInfo=-1 Name=LOC_CITIZEN_MAYA_MODERN_FEMALE_6 Operation=58 PlotIndex=1404
mission CityName=LOC_CITY_NAME_TORONTO CompletionTurn=225 EscapeResult=2 InitialResult=4 LevelAfter=3 LootInfo=-1 Name=LOC_CITIZEN_MAYA_MODERN_FEMALE_4 Operation=58 PlotIndex=1818
mission CityName=LOC_CITY_NAME_HALIFAX CompletionTurn=223 EscapeResult=-1 InitialResult=1 LevelAfter=1 LootInfo=-1 Name=LOC_CITIZEN_MAYA_MODERN_MALE_9 Operation=58 PlotIndex=1409
mission CityName=LOC_CITY_NAME_WINNIPEG CompletionTurn=223 EscapeResult=-1 InitialResult=5 LevelAfter=4 LootInfo=-1 Name=LOC_CITIZEN_MAYA_MODERN_FEMALE_9 Operation=58 PlotIndex=1743
mission CityName=LOC_CITY_NAME_QUEBEC_CITY CompletionTurn=221 EscapeResult=-1 InitialResult=3 LevelAfter=4 LootInfo=-1 Name=LOC_CITIZEN_MAYA_MODERN_FEMALE_6 Operation=58 PlotIndex=1404
mission CityName=LOC_CITY_NAME_MONTREAL CompletionTurn=221 EscapeResult=2 InitialResult=2 LevelAfter=1 LootInfo=-1 Name=LOC_CITIZEN_MAYA_MALE_6 Operation=58 PlotIndex=1314
mission CityName=LOC_CITY_NAME_OTTAWA CompletionTurn=220 EscapeResult=-1 InitialResult=5 LevelAfter=4 LootInfo=-1 Name=LOC_CITIZEN_MAYA_MODERN_MALE_9 Operation=58 PlotIndex=978
mission CityName=LOC_CITY_NAME_MONTREAL CompletionTurn=218 EscapeResult=-1 InitialResult=4 LevelAfter=3 LootInfo=-1 Name=LOC_CITIZEN_MAYA_FEMALE_1 Operation=58 PlotIndex=1314
mission CityName=LOC_CITY_NAME_TORONTO CompletionTurn=218 EscapeResult=-1 InitialResult=5 LevelAfter=2 LootInfo=-1 Name=LOC_CITIZEN_MAYA_MODERN_FEMALE_4 Operation=58 PlotIndex=1818
mission CityName=LOC_CITY_NAME_MONTREAL CompletionTurn=217 EscapeResult=-1 InitialResult=5 LevelAfter=2 LootInfo=-1 Name=LOC_CITIZEN_MAYA_FEMALE_1 Operation=58 PlotIndex=1314
mission CityName=LOC_CITY_NAME_WINNIPEG CompletionTurn=217 EscapeResult=-1 InitialResult=5 LevelAfter=4 LootInfo=-1 Name=LOC_CITIZEN_MAYA_MODERN_FEMALE_9 Operation=58 PlotIndex=1743
mission CityName=LOC_CITY_NAME_SAINT_JOHN CompletionTurn=215 EscapeResult=0 InitialResult=2 LevelAfter=1 LootInfo=-1 Name=LOC_CITIZEN_MAYA_MODERN_MALE_1 Operation=58 PlotIndex=1991
mission CityName=LOC_CITY_NAME_VICTORIA CompletionTurn=215 EscapeResult=0 InitialResult=2 LevelAfter=1 LootInfo=-1 Name=LOC_CITIZEN_MAYA_MALE_1 Operation=58 PlotIndex=889
mission CityName=LOC_CITY_NAME_HALIFAX CompletionTurn=215 EscapeResult=-1 InitialResult=1 LevelAfter=1 LootInfo=-1 Name=LOC_CITIZEN_MAYA_MALE_8 Operation=58 PlotIndex=1409
mission CityName=LOC_CITY_NAME_QUEBEC_CITY CompletionTurn=215 EscapeResult=-1 InitialResult=5 LevelAfter=4 LootInfo=-1 Name=LOC_CITIZEN_MAYA_MODERN_FEMALE_6 Operation=58 PlotIndex=1404
mission CityName=LOC_CITY_NAME_TORONTO CompletionTurn=214 EscapeResult=-1 InitialResult=3 LevelAfter=1 LootInfo=-1 Name=LOC_CITIZEN_MAYA_FEMALE_8 Operation=58 PlotIndex=1818
mission CityName=LOC_CITY_NAME_OTTAWA CompletionTurn=214 EscapeResult=-1 InitialResult=5 LevelAfter=4 LootInfo=-1 Name=LOC_CITIZEN_MAYA_MODERN_MALE_9 Operation=58 PlotIndex=978
mission CityName=LOC_CITY_NAME_VANCOUVER CompletionTurn=212 EscapeResult=-1 InitialResult=1 LevelAfter=1 LootInfo=-1 Name=LOC_CITIZEN_MAYA_FEMALE_3 Operation=58 PlotIndex=801
mission CityName=LOC_CITY_NAME_SAINT_JOHN CompletionTurn=210 EscapeResult=-1 InitialResult=3 LevelAfter=1 LootInfo=-1 Name=LOC_CITIZEN_MAYA_MODERN_MALE_1 Operation=58 PlotIndex=1991
mission CityName=LOC_CITY_NAME_QUEBEC_CITY CompletionTurn=210 EscapeResult=-1 InitialResult=3 LevelAfter=3 LootInfo=-1 Name=LOC_CITIZEN_MAYA_MODERN_FEMALE_6 Operation=58 PlotIndex=1404
mission CityName=LOC_CITY_NAME_WINNIPEG CompletionTurn=210 EscapeResult=-1 InitialResult=5 LevelAfter=3 LootInfo=-1 Name=LOC_CITIZEN_MAYA_MODERN_FEMALE_9 Operation=58 PlotIndex=1743
mission CityName=LOC_CITY_NAME_HALIFAX CompletionTurn=209 EscapeResult=-1 InitialResult=0 LevelAfter=2 LootInfo=-1 Name=LOC_CITIZEN_MAYA_MODERN_MALE_6 Operation=58 PlotIndex=1409
mission CityName=LOC_CITY_NAME_OTTAWA CompletionTurn=208 EscapeResult=-1 InitialResult=5 LevelAfter=3 LootInfo=-1 Name=LOC_CITIZEN_MAYA_MODERN_MALE_9 Operation=58 PlotIndex=978
mission CityName=LOC_CITY_NAME_MONTREAL CompletionTurn=208 EscapeResult=0 InitialResult=2 LevelAfter=2 LootInfo=-1 Name=LOC_CITIZEN_MAYA_MODERN_FEMALE_7 Operation=58 PlotIndex=1314
mission CityName=LOC_CITY_NAME_WINDSOR CompletionTurn=206 EscapeResult=-1 InitialResult=0 LevelAfter=1 LootInfo=-1 Name=LOC_CITIZEN_MAYA_MALE_5 Operation=58 PlotIndex=1392
mission CityName=LOC_CITY_NAME_VANCOUVER CompletionTurn=206 EscapeResult=-1 InitialResult=0 LevelAfter=1 LootInfo=-1 Name=LOC_CITIZEN_MAYA_MODERN_FEMALE_1 Operation=58 PlotIndex=801
mission CityName=LOC_CITY_NAME_HALIFAX CompletionTurn=203 EscapeResult=-1 InitialResult=5 LevelAfter=2 LootInfo=-1 Name=LOC_CITIZEN_MAYA_MODERN_MALE_6 Operation=58 PlotIndex=1409
mission CityName=LOC_CITY_NAME_QUEBEC_CITY CompletionTurn=203 EscapeResult=-1 InitialResult=5 LevelAfter=3 LootInfo=-1 Name=LOC_CITIZEN_MAYA_MODERN_FEMALE_6 Operation=58 PlotIndex=1404
mission CityName=LOC_CITY_NAME_OPANGO CompletionTurn=203 EscapeResult=0 InitialResult=4 LevelAfter=2 LootInfo=-1 Name=LOC_CITIZEN_MAYA_MODERN_MALE_4 Operation=58 PlotIndex=3635
mission CityName=LOC_CITY_NAME_QUEBEC_CITY CompletionTurn=196 EscapeResult=-1 InitialResult=1 LevelAfter=1 LootInfo=-1 Name=LOC_CITIZEN_MAYA_MALE_6 Operation=58 PlotIndex=1404
mission CityName=LOC_CITY_NAME_VANCOUVER CompletionTurn=194 EscapeResult=0 InitialResult=4 LevelAfter=2 LootInfo=-1 Name=LOC_CITIZEN_MAYA_MODERN_FEMALE_2 Operation=58 PlotIndex=801
mission CityName=LOC_CITY_NAME_RUATORIA CompletionTurn=192 EscapeResult=-1 InitialResult=5 LevelAfter=2 LootInfo=-1 Name=LOC_CITIZEN_MAYA_MODERN_FEMALE_6 Operation=58 PlotIndex=1833
mission CityName=LOC_CITY_NAME_QUEBEC_CITY CompletionTurn=192 EscapeResult=-1 InitialResult=1 LevelAfter=1 LootInfo=-1 Name=LOC_CITIZEN_MAYA_FEMALE_6 Operation=58 PlotIndex=1404
mission CityName=LOC_CITY_NAME_VANCOUVER CompletionTurn=190 EscapeResult=-1 InitialResult=0 LevelAfter=1 LootInfo=-1 Name=LOC_CITIZEN_MAYA_MODERN_FEMALE_3 Operation=58 PlotIndex=801
mission CityName=LOC_CITY_NAME_TE_HOKIANGA_NU_A_KUPE CompletionTurn=189 EscapeResult=2 InitialResult=2 LevelAfter=1 LootInfo=-1 Name=LOC_CITIZEN_MAYA_MODERN_FEMALE_4 Operation=58 PlotIndex=772
mission CityName=LOC_CITY_NAME_TORONTO CompletionTurn=189 EscapeResult=2 InitialResult=2 LevelAfter=1 LootInfo=-1 Name=LOC_CITIZEN_MAYA_MALE_8 Operation=58 PlotIndex=1818
mission CityName=LOC_CITY_NAME_VICTORIA CompletionTurn=187 EscapeResult=0 InitialResult=4 LevelAfter=2 LootInfo=-1 Name=LOC_CITIZEN_MAYA_FEMALE_7 Operation=58 PlotIndex=889
mission CityName=LOC_CITY_NAME_WINNIPEG CompletionTurn=187 EscapeResult=1 InitialResult=2 LevelAfter=1 LootInfo=-1 Name=LOC_CITIZEN_MAYA_FEMALE_4 Operation=58 PlotIndex=1743
mission CityName=LOC_CITY_NAME_HALIFAX CompletionTurn=187 EscapeResult=2 InitialResult=4 LevelAfter=2 LootInfo=-1 Name=LOC_CITIZEN_MAYA_MODERN_MALE_9 Operation=58 PlotIndex=1409
mission CityName=LOC_CITY_NAME_QUEBEC_CITY CompletionTurn=184 EscapeResult=-1 InitialResult=0 LevelAfter=1 LootInfo=-1 Name=LOC_CITIZEN_MAYA_MODERN_MALE_10 Operation=58 PlotIndex=1404
mission CityName=LOC_CITY_NAME_SAINT_JOHN CompletionTurn=184 EscapeResult=2 InitialResult=4 LevelAfter=2 LootInfo=-1 Name=LOC_CITIZEN_MAYA_MODERN_FEMALE_9 Operation=58 PlotIndex=1991
mission CityName=LOC_CITY_NAME_OTTAWA CompletionTurn=182 EscapeResult=0 InitialResult=4 LevelAfter=2 LootInfo=-1 Name=LOC_CITIZEN_MAYA_MODERN_FEMALE_8 Operation=58 PlotIndex=978
mission CityName=LOC_CITY_NAME_MONTREAL CompletionTurn=182 EscapeResult=2 InitialResult=4 LevelAfter=2 LootInfo=-1 Name=LOC_CITIZEN_MAYA_MODERN_FEMALE_7 Operation=58 PlotIndex=1314
mission CityName=LOC_CITY_NAME_TORONTO CompletionTurn=182 EscapeResult=-1 InitialResult=1 LevelAfter=1 LootInfo=-1 Name=LOC_CITIZEN_MAYA_MODERN_FEMALE_5 Operation=58 PlotIndex=1818
tally 6  FOMENT_UNREST CAPTURED / NO_RESULT
tally 1  FOMENT_UNREST FAIL_MUST_ESCAPE / CAPTURED
tally 3  FOMENT_UNREST FAIL_MUST_ESCAPE / FAIL_MUST_ESCAPE
tally 3  FOMENT_UNREST FAIL_MUST_ESCAPE / KILLED
tally 1  FOMENT_UNREST FAIL_MUST_ESCAPE / NO_RESULT
tally 5  FOMENT_UNREST FAIL_UNDETECTED / NO_RESULT
tally 5  FOMENT_UNREST KILLED / NO_RESULT
tally 4  FOMENT_UNREST SUCCESS_MUST_ESCAPE / FAIL_MUST_ESCAPE
tally 4  FOMENT_UNREST SUCCESS_MUST_ESCAPE / KILLED
tally 3  FOMENT_UNREST SUCCESS_MUST_ESCAPE / NO_RESULT
tally 13  FOMENT_UNREST SUCCESS_UNDETECTED / NO_RESULT
turn 228 spies active 5 idle 2 missions 48 captured-enemy 0
spy 7012356 LOC_CITIZEN_MAYA_MODERN_FEMALE_9 level 4 at 63:20 busy
spy 6291469 LOC_CITIZEN_MAYA_MODERN_FEMALE_6 level 4 at 60:16 busy
spy 9568277 LOC_CITIZEN_MAYA_FEMALE_1 level 3 at 49:10 busy
spy 7929878 LOC_CITIZEN_MAYA_MODERN_FEMALE_8 level 1 at 54:21 start
spy 9240599 LOC_CITIZEN_MAYA_MODERN_FEMALE_1 level 1 at 59:23 busy
spy 6750236 LOC_CITIZEN_MAYA_MODERN_MALE_9 level 4 at 54:11 busy
spy 7536669 LOC_CITIZEN_MAYA_FEMALE_8 level 1 at 54:21 start
spy 10092583 LOC_CITIZEN_MAYA_MALE_6 level 1 at 54:15 start
turn 228 spies 8 started 3 travelled 0 promoted 1 bought 0 gold 50000
unblock: blocker ENDTURN_BLOCKING_SPY_CHOOSE_ESCAPE_ROUTE -> escape route DISTRICT_HARBOR of 2 for spy 7012356 LOC_CITIZEN_MAYA_MODERN_FEMALE_9 level 4 turn 228 city LOC_CITY_NAME_WINNIPEG p1 at 63:20 pursuer police | end turn requested
unblock: blocker ENDTURN_BLOCKING_SPY_CHOOSE_ESCAPE_ROUTE -> escape route DISTRICT_CITY_CENTER of 1 for spy 9568277 LOC_CITIZEN_MAYA_FEMALE_1 level 4 turn 228 city LOC_CITY_NAME_VICTORIA p1 at 49:10 pursuer police | end turn requested
mission CityName=LOC_CITY_NAME_VICTORIA CompletionTurn=228 EscapeResult=-1 InitialResult=4 LevelAfter=4 LootInfo=-1 Name=LOC_CITIZEN_MAYA_FEMALE_1 Operation=58 PlotIndex=889
mission CityName=LOC_CITY_NAME_WINNIPEG CompletionTurn=228 EscapeResult=2 InitialResult=4 LevelAfter=4 LootInfo=-1 Name=LOC_CITIZEN_MAYA_MODERN_FEMALE_9 Operation=58 PlotIndex=1743
mission CityName=LOC_CITY_NAME_OTTAWA CompletionTurn=225 EscapeResult=-1 InitialResult=3 LevelAfter=4 LootInfo=-1 Name=LOC_CITIZEN_MAYA_MODERN_MALE_9 Operation=58 PlotIndex=978
mission CityName=LOC_CITY_NAME_SAINT_JOHN CompletionTurn=225 EscapeResult=-1 InitialResult=2 LevelAfter=1 LootInfo=-1 Name=LOC_CITIZEN_MAYA_MODERN_FEMALE_1 Operation=58 PlotIndex=1991
mission CityName=LOC_CITY_NAME_QUEBEC_CITY CompletionTurn=225 EscapeResult=-1 InitialResult=5 LevelAfter=4 LootInfo=-1 Name=LOC_CITIZEN_MAYA_MODERN_FEMALE_6 Operation=58 PlotIndex=1404
mission CityName=LOC_CITY_NAME_TORONTO CompletionTurn=225 EscapeResult=2 InitialResult=4 LevelAfter=3 LootInfo=-1 Name=LOC_CITIZEN_MAYA_MODERN_FEMALE_4 Operation=58 PlotIndex=1818
mission CityName=LOC_CITY_NAME_HALIFAX CompletionTurn=223 EscapeResult=-1 InitialResult=1 LevelAfter=1 LootInfo=-1 Name=LOC_CITIZEN_MAYA_MODERN_MALE_9 Operation=58 PlotIndex=1409
mission CityName=LOC_CITY_NAME_WINNIPEG CompletionTurn=223 EscapeResult=-1 InitialResult=5 LevelAfter=4 LootInfo=-1 Name=LOC_CITIZEN_MAYA_MODERN_FEMALE_9 Operation=58 PlotIndex=1743
mission CityName=LOC_CITY_NAME_QUEBEC_CITY CompletionTurn=221 EscapeResult=-1 InitialResult=3 LevelAfter=4 LootInfo=-1 Name=LOC_CITIZEN_MAYA_MODERN_FEMALE_6 Operation=58 PlotIndex=1404
mission CityName=LOC_CITY_NAME_MONTREAL CompletionTurn=221 EscapeResult=2 InitialResult=2 LevelAfter=1 LootInfo=-1 Name=LOC_CITIZEN_MAYA_MALE_6 Operation=58 PlotIndex=1314
mission CityName=LOC_CITY_NAME_OTTAWA CompletionTurn=220 EscapeResult=-1 InitialResult=5 LevelAfter=4 LootInfo=-1 Name=LOC_CITIZEN_MAYA_MODERN_MALE_9 Operation=58 PlotIndex=978
mission CityName=LOC_CITY_NAME_MONTREAL CompletionTurn=218 EscapeResult=-1 InitialResult=4 LevelAfter=3 LootInfo=-1 Name=LOC_CITIZEN_MAYA_FEMALE_1 Operation=58 PlotIndex=1314
mission CityName=LOC_CITY_NAME_TORONTO CompletionTurn=218 EscapeResult=-1 InitialResult=5 LevelAfter=2 LootInfo=-1 Name=LOC_CITIZEN_MAYA_MODERN_FEMALE_4 Operation=58 PlotIndex=1818
mission CityName=LOC_CITY_NAME_MONTREAL CompletionTurn=217 EscapeResult=-1 InitialResult=5 LevelAfter=2 LootInfo=-1 Name=LOC_CITIZEN_MAYA_FEMALE_1 Operation=58 PlotIndex=1314
mission CityName=LOC_CITY_NAME_WINNIPEG CompletionTurn=217 EscapeResult=-1 InitialResult=5 LevelAfter=4 LootInfo=-1 Name=LOC_CITIZEN_MAYA_MODERN_FEMALE_9 Operation=58 PlotIndex=1743
mission CityName=LOC_CITY_NAME_SAINT_JOHN CompletionTurn=215 EscapeResult=0 InitialResult=2 LevelAfter=1 LootInfo=-1 Name=LOC_CITIZEN_MAYA_MODERN_MALE_1 Operation=58 PlotIndex=1991
mission CityName=LOC_CITY_NAME_VICTORIA CompletionTurn=215 EscapeResult=0 InitialResult=2 LevelAfter=1 LootInfo=-1 Name=LOC_CITIZEN_MAYA_MALE_1 Operation=58 PlotIndex=889
mission CityName=LOC_CITY_NAME_HALIFAX CompletionTurn=215 EscapeResult=-1 InitialResult=1 LevelAfter=1 LootInfo=-1 Name=LOC_CITIZEN_MAYA_MALE_8 Operation=58 PlotIndex=1409
mission CityName=LOC_CITY_NAME_QUEBEC_CITY CompletionTurn=215 EscapeResult=-1 InitialResult=5 LevelAfter=4 LootInfo=-1 Name=LOC_CITIZEN_MAYA_MODERN_FEMALE_6 Operation=58 PlotIndex=1404
mission CityName=LOC_CITY_NAME_TORONTO CompletionTurn=214 EscapeResult=-1 InitialResult=3 LevelAfter=1 LootInfo=-1 Name=LOC_CITIZEN_MAYA_FEMALE_8 Operation=58 PlotIndex=1818
mission CityName=LOC_CITY_NAME_OTTAWA CompletionTurn=214 EscapeResult=-1 InitialResult=5 LevelAfter=4 LootInfo=-1 Name=LOC_CITIZEN_MAYA_MODERN_MALE_9 Operation=58 PlotIndex=978
mission CityName=LOC_CITY_NAME_VANCOUVER CompletionTurn=212 EscapeResult=-1 InitialResult=1 LevelAfter=1 LootInfo=-1 Name=LOC_CITIZEN_MAYA_FEMALE_3 Operation=58 PlotIndex=801
mission CityName=LOC_CITY_NAME_SAINT_JOHN CompletionTurn=210 EscapeResult=-1 InitialResult=3 LevelAfter=1 LootInfo=-1 Name=LOC_CITIZEN_MAYA_MODERN_MALE_1 Operation=58 PlotIndex=1991
mission CityName=LOC_CITY_NAME_QUEBEC_CITY CompletionTurn=210 EscapeResult=-1 InitialResult=3 LevelAfter=3 LootInfo=-1 Name=LOC_CITIZEN_MAYA_MODERN_FEMALE_6 Operation=58 PlotIndex=1404
mission CityName=LOC_CITY_NAME_WINNIPEG CompletionTurn=210 EscapeResult=-1 InitialResult=5 LevelAfter=3 LootInfo=-1 Name=LOC_CITIZEN_MAYA_MODERN_FEMALE_9 Operation=58 PlotIndex=1743
mission CityName=LOC_CITY_NAME_HALIFAX CompletionTurn=209 EscapeResult=-1 InitialResult=0 LevelAfter=2 LootInfo=-1 Name=LOC_CITIZEN_MAYA_MODERN_MALE_6 Operation=58 PlotIndex=1409
mission CityName=LOC_CITY_NAME_OTTAWA CompletionTurn=208 EscapeResult=-1 InitialResult=5 LevelAfter=3 LootInfo=-1 Name=LOC_CITIZEN_MAYA_MODERN_MALE_9 Operation=58 PlotIndex=978
mission CityName=LOC_CITY_NAME_MONTREAL CompletionTurn=208 EscapeResult=0 InitialResult=2 LevelAfter=2 LootInfo=-1 Name=LOC_CITIZEN_MAYA_MODERN_FEMALE_7 Operation=58 PlotIndex=1314
mission CityName=LOC_CITY_NAME_WINDSOR CompletionTurn=206 EscapeResult=-1 InitialResult=0 LevelAfter=1 LootInfo=-1 Name=LOC_CITIZEN_MAYA_MALE_5 Operation=58 PlotIndex=1392
mission CityName=LOC_CITY_NAME_VANCOUVER CompletionTurn=206 EscapeResult=-1 InitialResult=0 LevelAfter=1 LootInfo=-1 Name=LOC_CITIZEN_MAYA_MODERN_FEMALE_1 Operation=58 PlotIndex=801
mission CityName=LOC_CITY_NAME_HALIFAX CompletionTurn=203 EscapeResult=-1 InitialResult=5 LevelAfter=2 LootInfo=-1 Name=LOC_CITIZEN_MAYA_MODERN_MALE_6 Operation=58 PlotIndex=1409
mission CityName=LOC_CITY_NAME_QUEBEC_CITY CompletionTurn=203 EscapeResult=-1 InitialResult=5 LevelAfter=3 LootInfo=-1 Name=LOC_CITIZEN_MAYA_MODERN_FEMALE_6 Operation=58 PlotIndex=1404
mission CityName=LOC_GOSSIP_LOST_CITY CompletionTurn=203 EscapeResult=0 InitialResult=4 LevelAfter=2 LootInfo=-1 Name=LOC_CITIZEN_MAYA_MODERN_MALE_4 Operation=58 PlotIndex=3635
mission CityName=LOC_CITY_NAME_QUEBEC_CITY CompletionTurn=196 EscapeResult=-1 InitialResult=1 LevelAfter=1 LootInfo=-1 Name=LOC_CITIZEN_MAYA_MALE_6 Operation=58 PlotIndex=1404
mission CityName=LOC_CITY_NAME_VANCOUVER CompletionTurn=194 EscapeResult=0 InitialResult=4 LevelAfter=2 LootInfo=-1 Name=LOC_CITIZEN_MAYA_MODERN_FEMALE_2 Operation=58 PlotIndex=801
mission CityName=LOC_CITY_NAME_RUATORIA CompletionTurn=192 EscapeResult=-1 InitialResult=5 LevelAfter=2 LootInfo=-1 Name=LOC_CITIZEN_MAYA_MODERN_FEMALE_6 Operation=58 PlotIndex=1833
mission CityName=LOC_CITY_NAME_QUEBEC_CITY CompletionTurn=192 EscapeResult=-1 InitialResult=1 LevelAfter=1 LootInfo=-1 Name=LOC_CITIZEN_MAYA_FEMALE_6 Operation=58 PlotIndex=1404
mission CityName=LOC_CITY_NAME_VANCOUVER CompletionTurn=190 EscapeResult=-1 InitialResult=0 LevelAfter=1 LootInfo=-1 Name=LOC_CITIZEN_MAYA_MODERN_FEMALE_3 Operation=58 PlotIndex=801
mission CityName=LOC_CITY_NAME_TE_HOKIANGA_NU_A_KUPE CompletionTurn=189 EscapeResult=2 InitialResult=2 LevelAfter=1 LootInfo=-1 Name=LOC_CITIZEN_MAYA_MODERN_FEMALE_4 Operation=58 PlotIndex=772
mission CityName=LOC_CITY_NAME_TORONTO CompletionTurn=189 EscapeResult=2 InitialResult=2 LevelAfter=1 LootInfo=-1 Name=LOC_CITIZEN_MAYA_MALE_8 Operation=58 PlotIndex=1818
mission CityName=LOC_CITY_NAME_VICTORIA CompletionTurn=187 EscapeResult=0 InitialResult=4 LevelAfter=2 LootInfo=-1 Name=LOC_CITIZEN_MAYA_FEMALE_7 Operation=58 PlotIndex=889
mission CityName=LOC_CITY_NAME_WINNIPEG CompletionTurn=187 EscapeResult=1 InitialResult=2 LevelAfter=1 LootInfo=-1 Name=LOC_CITIZEN_MAYA_FEMALE_4 Operation=58 PlotIndex=1743
mission CityName=LOC_CITY_NAME_HALIFAX CompletionTurn=187 EscapeResult=2 InitialResult=4 LevelAfter=2 LootInfo=-1 Name=LOC_CITIZEN_MAYA_MODERN_MALE_9 Operation=58 PlotIndex=1409
mission CityName=LOC_CITY_NAME_QUEBEC_CITY CompletionTurn=184 EscapeResult=-1 InitialResult=0 LevelAfter=1 LootInfo=-1 Name=LOC_CITIZEN_MAYA_MODERN_MALE_10 Operation=58 PlotIndex=1404
mission CityName=LOC_CITY_NAME_SAINT_JOHN CompletionTurn=184 EscapeResult=2 InitialResult=4 LevelAfter=2 LootInfo=-1 Name=LOC_CITIZEN_MAYA_MODERN_FEMALE_9 Operation=58 PlotIndex=1991
mission CityName=LOC_CITY_NAME_OTTAWA CompletionTurn=182 EscapeResult=0 InitialResult=4 LevelAfter=2 LootInfo=-1 Name=LOC_CITIZEN_MAYA_MODERN_FEMALE_8 Operation=58 PlotIndex=978
mission CityName=LOC_CITY_NAME_MONTREAL CompletionTurn=182 EscapeResult=2 InitialResult=4 LevelAfter=2 LootInfo=-1 Name=LOC_CITIZEN_MAYA_MODERN_FEMALE_7 Operation=58 PlotIndex=1314
mission CityName=LOC_CITY_NAME_TORONTO CompletionTurn=182 EscapeResult=-1 InitialResult=1 LevelAfter=1 LootInfo=-1 Name=LOC_CITIZEN_MAYA_MODERN_FEMALE_5 Operation=58 PlotIndex=1818
tally 6  FOMENT_UNREST CAPTURED / NO_RESULT
tally 1  FOMENT_UNREST FAIL_MUST_ESCAPE / CAPTURED
tally 3  FOMENT_UNREST FAIL_MUST_ESCAPE / FAIL_MUST_ESCAPE
tally 3  FOMENT_UNREST FAIL_MUST_ESCAPE / KILLED
tally 1  FOMENT_UNREST FAIL_MUST_ESCAPE / NO_RESULT
tally 5  FOMENT_UNREST FAIL_UNDETECTED / NO_RESULT
tally 5  FOMENT_UNREST KILLED / NO_RESULT
tally 5  FOMENT_UNREST SUCCESS_MUST_ESCAPE / FAIL_MUST_ESCAPE
tally 4  FOMENT_UNREST SUCCESS_MUST_ESCAPE / KILLED
tally 2  FOMENT_UNREST SUCCESS_MUST_ESCAPE / NO_RESULT
tally 13  FOMENT_UNREST SUCCESS_UNDETECTED / NO_RESULT
turn 229 spies active 6 idle 1 missions 48 captured-enemy 0
spy 6291469 LOC_CITIZEN_MAYA_MODERN_FEMALE_6 level 4 at 60:16 busy
spy 9568277 LOC_CITIZEN_MAYA_FEMALE_1 level 4 at 49:10 busy
spy 7929878 LOC_CITIZEN_MAYA_MODERN_FEMALE_8 level 1 at 54:21 busy
spy 9240599 LOC_CITIZEN_MAYA_MODERN_FEMALE_1 level 1 at 59:23 busy
spy 6750236 LOC_CITIZEN_MAYA_MODERN_MALE_9 level 4 at 54:11 busy
spy 7536669 LOC_CITIZEN_MAYA_FEMALE_8 level 1 at 54:21 refused
spy 10092583 LOC_CITIZEN_MAYA_MALE_6 level 1 at 54:15 busy
turn 229 spies 7 started 0 travelled 0 promoted 0 bought 0 gold 50000
unblock: blocker ENDTURN_BLOCKING_SPY_CHOOSE_ESCAPE_ROUTE -> escape route DISTRICT_CITY_CENTER of 2 for spy 6291469 LOC_CITIZEN_MAYA_MODERN_FEMALE_6 level 4 turn 229 city LOC_CITY_NAME_QUEBEC_CITY p1 at 60:16 pursuer police | end turn requested
unblock: blocker ENDTURN_BLOCKING_SPY_CHOOSE_ESCAPE_ROUTE -> escape route DISTRICT_CITY_CENTER of 1 for spy 9568277 LOC_CITIZEN_MAYA_FEMALE_1 level 4 turn 229 city LOC_CITY_NAME_VICTORIA p1 at 49:10 pursuer police | end turn requested
mission CityName=LOC_CITY_NAME_OTTAWA CompletionTurn=229 EscapeResult=-1 InitialResult=5 LevelAfter=4 LootInfo=-1 Name=LOC_CITIZEN_MAYA_MODERN_MALE_9 Operation=58 PlotIndex=978
mission CityName=LOC_CITY_NAME_QUEBEC_CITY CompletionTurn=229 EscapeResult=2 InitialResult=4 LevelAfter=4 LootInfo=-1 Name=LOC_CITIZEN_MAYA_MODERN_FEMALE_6 Operation=58 PlotIndex=1404
mission CityName=LOC_CITY_NAME_VICTORIA CompletionTurn=228 EscapeResult=-1 InitialResult=4 LevelAfter=4 LootInfo=-1 Name=LOC_CITIZEN_MAYA_FEMALE_1 Operation=58 PlotIndex=889
mission CityName=LOC_CITY_NAME_WINNIPEG CompletionTurn=228 EscapeResult=2 InitialResult=4 LevelAfter=4 LootInfo=-1 Name=LOC_CITIZEN_MAYA_MODERN_FEMALE_9 Operation=58 PlotIndex=1743
mission CityName=LOC_CITY_NAME_OTTAWA CompletionTurn=225 EscapeResult=-1 InitialResult=3 LevelAfter=4 LootInfo=-1 Name=LOC_CITIZEN_MAYA_MODERN_MALE_9 Operation=58 PlotIndex=978
mission CityName=LOC_CITY_NAME_SAINT_JOHN CompletionTurn=225 EscapeResult=-1 InitialResult=2 LevelAfter=1 LootInfo=-1 Name=LOC_CITIZEN_MAYA_MODERN_FEMALE_1 Operation=58 PlotIndex=1991
mission CityName=LOC_CITY_NAME_QUEBEC_CITY CompletionTurn=225 EscapeResult=-1 InitialResult=5 LevelAfter=4 LootInfo=-1 Name=LOC_CITIZEN_MAYA_MODERN_FEMALE_6 Operation=58 PlotIndex=1404
mission CityName=LOC_CITY_NAME_TORONTO CompletionTurn=225 EscapeResult=2 InitialResult=4 LevelAfter=3 LootInfo=-1 Name=LOC_CITIZEN_MAYA_MODERN_FEMALE_4 Operation=58 PlotIndex=1818
mission CityName=LOC_CITY_NAME_HALIFAX CompletionTurn=223 EscapeResult=-1 InitialResult=1 LevelAfter=1 LootInfo=-1 Name=LOC_CITIZEN_MAYA_MODERN_MALE_9 Operation=58 PlotIndex=1409
mission CityName=LOC_CITY_NAME_WINNIPEG CompletionTurn=223 EscapeResult=-1 InitialResult=5 LevelAfter=4 LootInfo=-1 Name=LOC_CITIZEN_MAYA_MODERN_FEMALE_9 Operation=58 PlotIndex=1743
mission CityName=LOC_CITY_NAME_QUEBEC_CITY CompletionTurn=221 EscapeResult=-1 InitialResult=3 LevelAfter=4 LootInfo=-1 Name=LOC_CITIZEN_MAYA_MODERN_FEMALE_6 Operation=58 PlotIndex=1404
mission CityName=LOC_CITY_NAME_MONTREAL CompletionTurn=221 EscapeResult=2 InitialResult=2 LevelAfter=1 LootInfo=-1 Name=LOC_CITIZEN_MAYA_MALE_6 Operation=58 PlotIndex=1314
mission CityName=LOC_CITY_NAME_OTTAWA CompletionTurn=220 EscapeResult=-1 InitialResult=5 LevelAfter=4 LootInfo=-1 Name=LOC_CITIZEN_MAYA_MODERN_MALE_9 Operation=58 PlotIndex=978
mission CityName=LOC_CITY_NAME_MONTREAL CompletionTurn=218 EscapeResult=-1 InitialResult=4 LevelAfter=3 LootInfo=-1 Name=LOC_CITIZEN_MAYA_FEMALE_1 Operation=58 PlotIndex=1314
mission CityName=LOC_CITY_NAME_TORONTO CompletionTurn=218 EscapeResult=-1 InitialResult=5 LevelAfter=2 LootInfo=-1 Name=LOC_CITIZEN_MAYA_MODERN_FEMALE_4 Operation=58 PlotIndex=1818
mission CityName=LOC_CITY_NAME_MONTREAL CompletionTurn=217 EscapeResult=-1 InitialResult=5 LevelAfter=2 LootInfo=-1 Name=LOC_CITIZEN_MAYA_FEMALE_1 Operation=58 PlotIndex=1314
mission CityName=LOC_CITY_NAME_WINNIPEG CompletionTurn=217 EscapeResult=-1 InitialResult=5 LevelAfter=4 LootInfo=-1 Name=LOC_CITIZEN_MAYA_MODERN_FEMALE_9 Operation=58 PlotIndex=1743
mission CityName=LOC_CITY_NAME_SAINT_JOHN CompletionTurn=215 EscapeResult=0 InitialResult=2 LevelAfter=1 LootInfo=-1 Name=LOC_CITIZEN_MAYA_MODERN_MALE_1 Operation=58 PlotIndex=1991
mission CityName=LOC_CITY_NAME_VICTORIA CompletionTurn=215 EscapeResult=0 InitialResult=2 LevelAfter=1 LootInfo=-1 Name=LOC_CITIZEN_MAYA_MALE_1 Operation=58 PlotIndex=889
mission CityName=LOC_CITY_NAME_HALIFAX CompletionTurn=215 EscapeResult=-1 InitialResult=1 LevelAfter=1 LootInfo=-1 Name=LOC_CITIZEN_MAYA_MALE_8 Operation=58 PlotIndex=1409
mission CityName=LOC_CITY_NAME_QUEBEC_CITY CompletionTurn=215 EscapeResult=-1 InitialResult=5 LevelAfter=4 LootInfo=-1 Name=LOC_CITIZEN_MAYA_MODERN_FEMALE_6 Operation=58 PlotIndex=1404
mission CityName=LOC_CITY_NAME_TORONTO CompletionTurn=214 EscapeResult=-1 InitialResult=3 LevelAfter=1 LootInfo=-1 Name=LOC_CITIZEN_MAYA_FEMALE_8 Operation=58 PlotIndex=1818
mission CityName=LOC_CITY_NAME_OTTAWA CompletionTurn=214 EscapeResult=-1 InitialResult=5 LevelAfter=4 LootInfo=-1 Name=LOC_CITIZEN_MAYA_MODERN_MALE_9 Operation=58 PlotIndex=978
mission CityName=LOC_CITY_NAME_VANCOUVER CompletionTurn=212 EscapeResult=-1 InitialResult=1 LevelAfter=1 LootInfo=-1 Name=LOC_CITIZEN_MAYA_FEMALE_3 Operation=58 PlotIndex=801
mission CityName=LOC_CITY_NAME_SAINT_JOHN CompletionTurn=210 EscapeResult=-1 InitialResult=3 LevelAfter=1 LootInfo=-1 Name=LOC_CITIZEN_MAYA_MODERN_MALE_1 Operation=58 PlotIndex=1991
mission CityName=LOC_CITY_NAME_QUEBEC_CITY CompletionTurn=210 EscapeResult=-1 InitialResult=3 LevelAfter=3 LootInfo=-1 Name=LOC_CITIZEN_MAYA_MODERN_FEMALE_6 Operation=58 PlotIndex=1404
mission CityName=LOC_CITY_NAME_WINNIPEG CompletionTurn=210 EscapeResult=-1 InitialResult=5 LevelAfter=3 LootInfo=-1 Name=LOC_CITIZEN_MAYA_MODERN_FEMALE_9 Operation=58 PlotIndex=1743
mission CityName=LOC_CITY_NAME_HALIFAX CompletionTurn=209 EscapeResult=-1 InitialResult=0 LevelAfter=2 LootInfo=-1 Name=LOC_CITIZEN_MAYA_MODERN_MALE_6 Operation=58 PlotIndex=1409
mission CityName=LOC_CITY_NAME_OTTAWA CompletionTurn=208 EscapeResult=-1 InitialResult=5 LevelAfter=3 LootInfo=-1 Name=LOC_CITIZEN_MAYA_MODERN_MALE_9 Operation=58 PlotIndex=978
mission CityName=LOC_CITY_NAME_MONTREAL CompletionTurn=208 EscapeResult=0 InitialResult=2 LevelAfter=2 LootInfo=-1 Name=LOC_CITIZEN_MAYA_MODERN_FEMALE_7 Operation=58 PlotIndex=1314
mission CityName=LOC_CITY_NAME_WINDSOR CompletionTurn=206 EscapeResult=-1 InitialResult=0 LevelAfter=1 LootInfo=-1 Name=LOC_CITIZEN_MAYA_MALE_5 Operation=58 PlotIndex=1392
mission CityName=LOC_CITY_NAME_VANCOUVER CompletionTurn=206 EscapeResult=-1 InitialResult=0 LevelAfter=1 LootInfo=-1 Name=LOC_CITIZEN_MAYA_MODERN_FEMALE_1 Operation=58 PlotIndex=801
mission CityName=LOC_CITY_NAME_HALIFAX CompletionTurn=203 EscapeResult=-1 InitialResult=5 LevelAfter=2 LootInfo=-1 Name=LOC_CITIZEN_MAYA_MODERN_MALE_6 Operation=58 PlotIndex=1409
mission CityName=LOC_CITY_NAME_QUEBEC_CITY CompletionTurn=203 EscapeResult=-1 InitialResult=5 LevelAfter=3 LootInfo=-1 Name=LOC_CITIZEN_MAYA_MODERN_FEMALE_6 Operation=58 PlotIndex=1404
mission CityName=LOC_GOSSIP_LOST_CITY CompletionTurn=203 EscapeResult=0 InitialResult=4 LevelAfter=2 LootInfo=-1 Name=LOC_CITIZEN_MAYA_MODERN_MALE_4 Operation=58 PlotIndex=3635
mission CityName=LOC_CITY_NAME_QUEBEC_CITY CompletionTurn=196 EscapeResult=-1 InitialResult=1 LevelAfter=1 LootInfo=-1 Name=LOC_CITIZEN_MAYA_MALE_6 Operation=58 PlotIndex=1404
mission CityName=LOC_CITY_NAME_VANCOUVER CompletionTurn=194 EscapeResult=0 InitialResult=4 LevelAfter=2 LootInfo=-1 Name=LOC_CITIZEN_MAYA_MODERN_FEMALE_2 Operation=58 PlotIndex=801
mission CityName=LOC_CITY_NAME_RUATORIA CompletionTurn=192 EscapeResult=-1 InitialResult=5 LevelAfter=2 LootInfo=-1 Name=LOC_CITIZEN_MAYA_MODERN_FEMALE_6 Operation=58 PlotIndex=1833
mission CityName=LOC_CITY_NAME_QUEBEC_CITY CompletionTurn=192 EscapeResult=-1 InitialResult=1 LevelAfter=1 LootInfo=-1 Name=LOC_CITIZEN_MAYA_FEMALE_6 Operation=58 PlotIndex=1404
mission CityName=LOC_CITY_NAME_VANCOUVER CompletionTurn=190 EscapeResult=-1 InitialResult=0 LevelAfter=1 LootInfo=-1 Name=LOC_CITIZEN_MAYA_MODERN_FEMALE_3 Operation=58 PlotIndex=801
mission CityName=LOC_CITY_NAME_TE_HOKIANGA_NU_A_KUPE CompletionTurn=189 EscapeResult=2 InitialResult=2 LevelAfter=1 LootInfo=-1 Name=LOC_CITIZEN_MAYA_MODERN_FEMALE_4 Operation=58 PlotIndex=772
mission CityName=LOC_CITY_NAME_TORONTO CompletionTurn=189 EscapeResult=2 InitialResult=2 LevelAfter=1 LootInfo=-1 Name=LOC_CITIZEN_MAYA_MALE_8 Operation=58 PlotIndex=1818
mission CityName=LOC_CITY_NAME_VICTORIA CompletionTurn=187 EscapeResult=0 InitialResult=4 LevelAfter=2 LootInfo=-1 Name=LOC_CITIZEN_MAYA_FEMALE_7 Operation=58 PlotIndex=889
mission CityName=LOC_CITY_NAME_WINNIPEG CompletionTurn=187 EscapeResult=1 InitialResult=2 LevelAfter=1 LootInfo=-1 Name=LOC_CITIZEN_MAYA_FEMALE_4 Operation=58 PlotIndex=1743
mission CityName=LOC_CITY_NAME_HALIFAX CompletionTurn=187 EscapeResult=2 InitialResult=4 LevelAfter=2 LootInfo=-1 Name=LOC_CITIZEN_MAYA_MODERN_MALE_9 Operation=58 PlotIndex=1409
mission CityName=LOC_CITY_NAME_QUEBEC_CITY CompletionTurn=184 EscapeResult=-1 InitialResult=0 LevelAfter=1 LootInfo=-1 Name=LOC_CITIZEN_MAYA_MODERN_MALE_10 Operation=58 PlotIndex=1404
mission CityName=LOC_CITY_NAME_SAINT_JOHN CompletionTurn=184 EscapeResult=2 InitialResult=4 LevelAfter=2 LootInfo=-1 Name=LOC_CITIZEN_MAYA_MODERN_FEMALE_9 Operation=58 PlotIndex=1991
mission CityName=LOC_CITY_NAME_OTTAWA CompletionTurn=182 EscapeResult=0 InitialResult=4 LevelAfter=2 LootInfo=-1 Name=LOC_CITIZEN_MAYA_MODERN_FEMALE_8 Operation=58 PlotIndex=978
mission CityName=LOC_CITY_NAME_MONTREAL CompletionTurn=182 EscapeResult=2 InitialResult=4 LevelAfter=2 LootInfo=-1 Name=LOC_CITIZEN_MAYA_MODERN_FEMALE_7 Operation=58 PlotIndex=1314
mission CityName=LOC_CITY_NAME_TORONTO CompletionTurn=182 EscapeResult=-1 InitialResult=1 LevelAfter=1 LootInfo=-1 Name=LOC_CITIZEN_MAYA_MODERN_FEMALE_5 Operation=58 PlotIndex=1818
tally 6  FOMENT_UNREST CAPTURED / NO_RESULT
tally 1  FOMENT_UNREST FAIL_MUST_ESCAPE / CAPTURED
tally 3  FOMENT_UNREST FAIL_MUST_ESCAPE / FAIL_MUST_ESCAPE
tally 3  FOMENT_UNREST FAIL_MUST_ESCAPE / KILLED
tally 1  FOMENT_UNREST FAIL_MUST_ESCAPE / NO_RESULT
tally 5  FOMENT_UNREST FAIL_UNDETECTED / NO_RESULT
tally 5  FOMENT_UNREST KILLED / NO_RESULT
tally 6  FOMENT_UNREST SUCCESS_MUST_ESCAPE / FAIL_MUST_ESCAPE
tally 4  FOMENT_UNREST SUCCESS_MUST_ESCAPE / KILLED
tally 2  FOMENT_UNREST SUCCESS_MUST_ESCAPE / NO_RESULT
tally 14  FOMENT_UNREST SUCCESS_UNDETECTED / NO_RESULT
turn 229 spies active 4 idle 3 missions 50 captured-enemy 0
spy 10158084 LOC_CITIZEN_MAYA_MODERN_FEMALE_4 level 3 at 36:42 travel
spy 9568277 LOC_CITIZEN_MAYA_FEMALE_1 level 4 at 49:10 busy
spy 7929878 LOC_CITIZEN_MAYA_MODERN_FEMALE_8 level 1 at 54:21 busy
spy 9240599 LOC_CITIZEN_MAYA_MODERN_FEMALE_1 level 1 at 59:23 busy
spy 6750236 LOC_CITIZEN_MAYA_MODERN_MALE_9 level 4 at 54:11 start
spy 7536669 LOC_CITIZEN_MAYA_FEMALE_8 level 1 at 54:21 refused
spy 10092583 LOC_CITIZEN_MAYA_MALE_6 level 1 at 54:15 busy
turn 229 spies 7 started 1 travelled 1 promoted 0 bought 0 gold 50000
unblock: blocker ENDTURN_BLOCKING_SPY_CHOOSE_ESCAPE_ROUTE -> escape route DISTRICT_CITY_CENTER of 1 for spy 9568277 LOC_CITIZEN_MAYA_FEMALE_1 level 4 turn 229 city LOC_CITY_NAME_VICTORIA p1 at 49:10 pursuer police | end turn requested
unstuck: NaturalDisasterPopup: closed
unblock: blocker ENDTURN_BLOCKING_SPY_CHOOSE_ESCAPE_ROUTE -> escape route DISTRICT_CITY_CENTER of 1 for spy 9568277 LOC_CITIZEN_MAYA_FEMALE_1 level 4 turn 230 city LOC_CITY_NAME_VICTORIA p1 at 49:10 pursuer police | end turn requested
unblock: blocker ENDTURN_BLOCKING_SPY_CHOOSE_ESCAPE_ROUTE -> escape route DISTRICT_CITY_CENTER of 1 for spy 9568277 LOC_CITIZEN_MAYA_FEMALE_1 level 4 turn 230 city LOC_CITY_NAME_VICTORIA p1 at 49:10 pursuer police | end turn requested
unstuck: HistoricMoments: closed
unstuck: TechCivicCompletedPopup: closed
mission CityName=LOC_CITY_NAME_OTTAWA CompletionTurn=229 EscapeResult=-1 InitialResult=5 LevelAfter=4 LootInfo=-1 Name=LOC_CITIZEN_MAYA_MODERN_MALE_9 Operation=58 PlotIndex=978
mission CityName=LOC_CITY_NAME_QUEBEC_CITY CompletionTurn=229 EscapeResult=2 InitialResult=4 LevelAfter=4 LootInfo=-1 Name=LOC_CITIZEN_MAYA_MODERN_FEMALE_6 Operation=58 PlotIndex=1404
mission CityName=LOC_CITY_NAME_VICTORIA CompletionTurn=228 EscapeResult=-1 InitialResult=4 LevelAfter=4 LootInfo=-1 Name=LOC_CITIZEN_MAYA_FEMALE_1 Operation=58 PlotIndex=889
mission CityName=LOC_CITY_NAME_WINNIPEG CompletionTurn=228 EscapeResult=2 InitialResult=4 LevelAfter=4 LootInfo=-1 Name=LOC_CITIZEN_MAYA_MODERN_FEMALE_9 Operation=58 PlotIndex=1743
mission CityName=LOC_CITY_NAME_OTTAWA CompletionTurn=225 EscapeResult=-1 InitialResult=3 LevelAfter=4 LootInfo=-1 Name=LOC_CITIZEN_MAYA_MODERN_MALE_9 Operation=58 PlotIndex=978
mission CityName=LOC_CITY_NAME_SAINT_JOHN CompletionTurn=225 EscapeResult=-1 InitialResult=2 LevelAfter=1 LootInfo=-1 Name=LOC_CITIZEN_MAYA_MODERN_FEMALE_1 Operation=58 PlotIndex=1991
mission CityName=LOC_CITY_NAME_QUEBEC_CITY CompletionTurn=225 EscapeResult=-1 InitialResult=5 LevelAfter=4 LootInfo=-1 Name=LOC_CITIZEN_MAYA_MODERN_FEMALE_6 Operation=58 PlotIndex=1404
mission CityName=LOC_CITY_NAME_TORONTO CompletionTurn=225 EscapeResult=2 InitialResult=4 LevelAfter=3 LootInfo=-1 Name=LOC_CITIZEN_MAYA_MODERN_FEMALE_4 Operation=58 PlotIndex=1818
mission CityName=LOC_CITY_NAME_HALIFAX CompletionTurn=223 EscapeResult=-1 InitialResult=1 LevelAfter=1 LootInfo=-1 Name=LOC_CITIZEN_MAYA_MODERN_MALE_9 Operation=58 PlotIndex=1409
mission CityName=LOC_CITY_NAME_WINNIPEG CompletionTurn=223 EscapeResult=-1 InitialResult=5 LevelAfter=4 LootInfo=-1 Name=LOC_CITIZEN_MAYA_MODERN_FEMALE_9 Operation=58 PlotIndex=1743
mission CityName=LOC_CITY_NAME_QUEBEC_CITY CompletionTurn=221 EscapeResult=-1 InitialResult=3 LevelAfter=4 LootInfo=-1 Name=LOC_CITIZEN_MAYA_MODERN_FEMALE_6 Operation=58 PlotIndex=1404
mission CityName=LOC_CITY_NAME_MONTREAL CompletionTurn=221 EscapeResult=2 InitialResult=2 LevelAfter=1 LootInfo=-1 Name=LOC_CITIZEN_MAYA_MALE_6 Operation=58 PlotIndex=1314
mission CityName=LOC_CITY_NAME_OTTAWA CompletionTurn=220 EscapeResult=-1 InitialResult=5 LevelAfter=4 LootInfo=-1 Name=LOC_CITIZEN_MAYA_MODERN_MALE_9 Operation=58 PlotIndex=978
mission CityName=LOC_CITY_NAME_MONTREAL CompletionTurn=218 EscapeResult=-1 InitialResult=4 LevelAfter=3 LootInfo=-1 Name=LOC_CITIZEN_MAYA_FEMALE_1 Operation=58 PlotIndex=1314
mission CityName=LOC_CITY_NAME_TORONTO CompletionTurn=218 EscapeResult=-1 InitialResult=5 LevelAfter=2 LootInfo=-1 Name=LOC_CITIZEN_MAYA_MODERN_FEMALE_4 Operation=58 PlotIndex=1818
mission CityName=LOC_CITY_NAME_MONTREAL CompletionTurn=217 EscapeResult=-1 InitialResult=5 LevelAfter=2 LootInfo=-1 Name=LOC_CITIZEN_MAYA_FEMALE_1 Operation=58 PlotIndex=1314
mission CityName=LOC_CITY_NAME_WINNIPEG CompletionTurn=217 EscapeResult=-1 InitialResult=5 LevelAfter=4 LootInfo=-1 Name=LOC_CITIZEN_MAYA_MODERN_FEMALE_9 Operation=58 PlotIndex=1743
mission CityName=LOC_CITY_NAME_SAINT_JOHN CompletionTurn=215 EscapeResult=0 InitialResult=2 LevelAfter=1 LootInfo=-1 Name=LOC_CITIZEN_MAYA_MODERN_MALE_1 Operation=58 PlotIndex=1991
mission CityName=LOC_CITY_NAME_VICTORIA CompletionTurn=215 EscapeResult=0 InitialResult=2 LevelAfter=1 LootInfo=-1 Name=LOC_CITIZEN_MAYA_MALE_1 Operation=58 PlotIndex=889
mission CityName=LOC_CITY_NAME_HALIFAX CompletionTurn=215 EscapeResult=-1 InitialResult=1 LevelAfter=1 LootInfo=-1 Name=LOC_CITIZEN_MAYA_MALE_8 Operation=58 PlotIndex=1409
mission CityName=LOC_CITY_NAME_QUEBEC_CITY CompletionTurn=215 EscapeResult=-1 InitialResult=5 LevelAfter=4 LootInfo=-1 Name=LOC_CITIZEN_MAYA_MODERN_FEMALE_6 Operation=58 PlotIndex=1404
mission CityName=LOC_CITY_NAME_TORONTO CompletionTurn=214 EscapeResult=-1 InitialResult=3 LevelAfter=1 LootInfo=-1 Name=LOC_CITIZEN_MAYA_FEMALE_8 Operation=58 PlotIndex=1818
mission CityName=LOC_CITY_NAME_OTTAWA CompletionTurn=214 EscapeResult=-1 InitialResult=5 LevelAfter=4 LootInfo=-1 Name=LOC_CITIZEN_MAYA_MODERN_MALE_9 Operation=58 PlotIndex=978
mission CityName=LOC_CITY_NAME_VANCOUVER CompletionTurn=212 EscapeResult=-1 InitialResult=1 LevelAfter=1 LootInfo=-1 Name=LOC_CITIZEN_MAYA_FEMALE_3 Operation=58 PlotIndex=801
mission CityName=LOC_CITY_NAME_SAINT_JOHN CompletionTurn=210 EscapeResult=-1 InitialResult=3 LevelAfter=1 LootInfo=-1 Name=LOC_CITIZEN_MAYA_MODERN_MALE_1 Operation=58 PlotIndex=1991
mission CityName=LOC_CITY_NAME_QUEBEC_CITY CompletionTurn=210 EscapeResult=-1 InitialResult=3 LevelAfter=3 LootInfo=-1 Name=LOC_CITIZEN_MAYA_MODERN_FEMALE_6 Operation=58 PlotIndex=1404
mission CityName=LOC_CITY_NAME_WINNIPEG CompletionTurn=210 EscapeResult=-1 InitialResult=5 LevelAfter=3 LootInfo=-1 Name=LOC_CITIZEN_MAYA_MODERN_FEMALE_9 Operation=58 PlotIndex=1743
mission CityName=LOC_CITY_NAME_HALIFAX CompletionTurn=209 EscapeResult=-1 InitialResult=0 LevelAfter=2 LootInfo=-1 Name=LOC_CITIZEN_MAYA_MODERN_MALE_6 Operation=58 PlotIndex=1409
mission CityName=LOC_CITY_NAME_OTTAWA CompletionTurn=208 EscapeResult=-1 InitialResult=5 LevelAfter=3 LootInfo=-1 Name=LOC_CITIZEN_MAYA_MODERN_MALE_9 Operation=58 PlotIndex=978
mission CityName=LOC_CITY_NAME_MONTREAL CompletionTurn=208 EscapeResult=0 InitialResult=2 LevelAfter=2 LootInfo=-1 Name=LOC_CITIZEN_MAYA_MODERN_FEMALE_7 Operation=58 PlotIndex=1314
mission CityName=LOC_CITY_NAME_WINDSOR CompletionTurn=206 EscapeResult=-1 InitialResult=0 LevelAfter=1 LootInfo=-1 Name=LOC_CITIZEN_MAYA_MALE_5 Operation=58 PlotIndex=1392
mission CityName=LOC_CITY_NAME_VANCOUVER CompletionTurn=206 EscapeResult=-1 InitialResult=0 LevelAfter=1 LootInfo=-1 Name=LOC_CITIZEN_MAYA_MODERN_FEMALE_1 Operation=58 PlotIndex=801
mission CityName=LOC_CITY_NAME_HALIFAX CompletionTurn=203 EscapeResult=-1 InitialResult=5 LevelAfter=2 LootInfo=-1 Name=LOC_CITIZEN_MAYA_MODERN_MALE_6 Operation=58 PlotIndex=1409
mission CityName=LOC_CITY_NAME_QUEBEC_CITY CompletionTurn=203 EscapeResult=-1 InitialResult=5 LevelAfter=3 LootInfo=-1 Name=LOC_CITIZEN_MAYA_MODERN_FEMALE_6 Operation=58 PlotIndex=1404
mission CityName=LOC_GOSSIP_LOST_CITY CompletionTurn=203 EscapeResult=0 InitialResult=4 LevelAfter=2 LootInfo=-1 Name=LOC_CITIZEN_MAYA_MODERN_MALE_4 Operation=58 PlotIndex=3635
mission CityName=LOC_CITY_NAME_QUEBEC_CITY CompletionTurn=196 EscapeResult=-1 InitialResult=1 LevelAfter=1 LootInfo=-1 Name=LOC_CITIZEN_MAYA_MALE_6 Operation=58 PlotIndex=1404
mission CityName=LOC_CITY_NAME_VANCOUVER CompletionTurn=194 EscapeResult=0 InitialResult=4 LevelAfter=2 LootInfo=-1 Name=LOC_CITIZEN_MAYA_MODERN_FEMALE_2 Operation=58 PlotIndex=801
mission CityName=LOC_CITY_NAME_RUATORIA CompletionTurn=192 EscapeResult=-1 InitialResult=5 LevelAfter=2 LootInfo=-1 Name=LOC_CITIZEN_MAYA_MODERN_FEMALE_6 Operation=58 PlotIndex=1833
mission CityName=LOC_CITY_NAME_QUEBEC_CITY CompletionTurn=192 EscapeResult=-1 InitialResult=1 LevelAfter=1 LootInfo=-1 Name=LOC_CITIZEN_MAYA_FEMALE_6 Operation=58 PlotIndex=1404
mission CityName=LOC_CITY_NAME_VANCOUVER CompletionTurn=190 EscapeResult=-1 InitialResult=0 LevelAfter=1 LootInfo=-1 Name=LOC_CITIZEN_MAYA_MODERN_FEMALE_3 Operation=58 PlotIndex=801
mission CityName=LOC_CITY_NAME_TE_HOKIANGA_NU_A_KUPE CompletionTurn=189 EscapeResult=2 InitialResult=2 LevelAfter=1 LootInfo=-1 Name=LOC_CITIZEN_MAYA_MODERN_FEMALE_4 Operation=58 PlotIndex=772
mission CityName=LOC_CITY_NAME_TORONTO CompletionTurn=189 EscapeResult=2 InitialResult=2 LevelAfter=1 LootInfo=-1 Name=LOC_CITIZEN_MAYA_MALE_8 Operation=58 PlotIndex=1818
mission CityName=LOC_CITY_NAME_VICTORIA CompletionTurn=187 EscapeResult=0 InitialResult=4 LevelAfter=2 LootInfo=-1 Name=LOC_CITIZEN_MAYA_FEMALE_7 Operation=58 PlotIndex=889
mission CityName=LOC_CITY_NAME_WINNIPEG CompletionTurn=187 EscapeResult=1 InitialResult=2 LevelAfter=1 LootInfo=-1 Name=LOC_CITIZEN_MAYA_FEMALE_4 Operation=58 PlotIndex=1743
mission CityName=LOC_CITY_NAME_HALIFAX CompletionTurn=187 EscapeResult=2 InitialResult=4 LevelAfter=2 LootInfo=-1 Name=LOC_CITIZEN_MAYA_MODERN_MALE_9 Operation=58 PlotIndex=1409
mission CityName=LOC_CITY_NAME_QUEBEC_CITY CompletionTurn=184 EscapeResult=-1 InitialResult=0 LevelAfter=1 LootInfo=-1 Name=LOC_CITIZEN_MAYA_MODERN_MALE_10 Operation=58 PlotIndex=1404
mission CityName=LOC_CITY_NAME_SAINT_JOHN CompletionTurn=184 EscapeResult=2 InitialResult=4 LevelAfter=2 LootInfo=-1 Name=LOC_CITIZEN_MAYA_MODERN_FEMALE_9 Operation=58 PlotIndex=1991
mission CityName=LOC_CITY_NAME_OTTAWA CompletionTurn=182 EscapeResult=0 InitialResult=4 LevelAfter=2 LootInfo=-1 Name=LOC_CITIZEN_MAYA_MODERN_FEMALE_8 Operation=58 PlotIndex=978
mission CityName=LOC_CITY_NAME_MONTREAL CompletionTurn=182 EscapeResult=2 InitialResult=4 LevelAfter=2 LootInfo=-1 Name=LOC_CITIZEN_MAYA_MODERN_FEMALE_7 Operation=58 PlotIndex=1314
mission CityName=LOC_CITY_NAME_TORONTO CompletionTurn=182 EscapeResult=-1 InitialResult=1 LevelAfter=1 LootInfo=-1 Name=LOC_CITIZEN_MAYA_MODERN_FEMALE_5 Operation=58 PlotIndex=1818
tally 6  FOMENT_UNREST CAPTURED / NO_RESULT
tally 1  FOMENT_UNREST FAIL_MUST_ESCAPE / CAPTURED
tally 3  FOMENT_UNREST FAIL_MUST_ESCAPE / FAIL_MUST_ESCAPE
tally 3  FOMENT_UNREST FAIL_MUST_ESCAPE / KILLED
tally 1  FOMENT_UNREST FAIL_MUST_ESCAPE / NO_RESULT
tally 5  FOMENT_UNREST FAIL_UNDETECTED / NO_RESULT
tally 5  FOMENT_UNREST KILLED / NO_RESULT
tally 6  FOMENT_UNREST SUCCESS_MUST_ESCAPE / FAIL_MUST_ESCAPE
tally 4  FOMENT_UNREST SUCCESS_MUST_ESCAPE / KILLED
tally 2  FOMENT_UNREST SUCCESS_MUST_ESCAPE / NO_RESULT
tally 14  FOMENT_UNREST SUCCESS_UNDETECTED / NO_RESULT
turn 231 spies active 4 idle 4 missions 50 captured-enemy 0
spy 10158084 LOC_CITIZEN_MAYA_MODERN_FEMALE_4 level 3 at 36:42 travel
spy 10223629 LOC_CITIZEN_MAYA_MODERN_FEMALE_9 level 4 at 36:42 travel
spy 9568277 LOC_CITIZEN_MAYA_FEMALE_1 level 4 at 49:10 busy
spy 7929878 LOC_CITIZEN_MAYA_MODERN_FEMALE_8 level 1 at 54:21 busy
spy 9240599 LOC_CITIZEN_MAYA_MODERN_FEMALE_1 level 1 at 59:23 busy
spy 6750236 LOC_CITIZEN_MAYA_MODERN_MALE_9 level 4 at 54:11 start
spy 7536669 LOC_CITIZEN_MAYA_FEMALE_8 level 1 at 54:21 refused
spy 10092583 LOC_CITIZEN_MAYA_MALE_6 level 1 at 54:15 busy
turn 231 spies 8 started 1 travelled 2 promoted 0 bought 0 gold 50000
unblock: blocker ENDTURN_BLOCKING_SPY_CHOOSE_ESCAPE_ROUTE -> escape route DISTRICT_CITY_CENTER of 1 for spy 9568277 LOC_CITIZEN_MAYA_FEMALE_1 level 4 turn 231 city LOC_CITY_NAME_VICTORIA p1 at 49:10 pursuer police | end turn requested
unstuck: closed sessions [1:1]
unblock: blocker ENDTURN_BLOCKING_SPY_CHOOSE_ESCAPE_ROUTE -> escape route DISTRICT_CITY_CENTER of 3 for spy 9240599 LOC_CITIZEN_MAYA_MODERN_FEMALE_1 level 1 turn 231 city LOC_CITY_NAME_SAINT_JOHN p1 at 59:23 pursuer police | end turn requested
unblock: blocker ENDTURN_BLOCKING_CIVIC -> civic CIVIC_MERCENARIES | end turn requested
mission CityName=LOC_CITY_NAME_MONTREAL CompletionTurn=232 EscapeResult=-1 InitialResult=0 LevelAfter=1 LootInfo=-1 Name=LOC_CITIZEN_MAYA_MALE_6 Operation=58 PlotIndex=1314
mission CityName=LOC_CITY_NAME_TORONTO CompletionTurn=232 EscapeResult=-1 InitialResult=3 LevelAfter=1 LootInfo=-1 Name=LOC_CITIZEN_MAYA_MODERN_FEMALE_8 Operation=58 PlotIndex=1818
mission CityName=LOC_CITY_NAME_OTTAWA CompletionTurn=229 EscapeResult=-1 InitialResult=5 LevelAfter=4 LootInfo=-1 Name=LOC_CITIZEN_MAYA_MODERN_MALE_9 Operation=58 PlotIndex=978
mission CityName=LOC_CITY_NAME_QUEBEC_CITY CompletionTurn=229 EscapeResult=2 InitialResult=4 LevelAfter=4 LootInfo=-1 Name=LOC_CITIZEN_MAYA_MODERN_FEMALE_6 Operation=58 PlotIndex=1404
mission CityName=LOC_CITY_NAME_VICTORIA CompletionTurn=228 EscapeResult=0 InitialResult=4 LevelAfter=4 LootInfo=-1 Name=LOC_CITIZEN_MAYA_FEMALE_1 Operation=58 PlotIndex=889
mission CityName=LOC_CITY_NAME_WINNIPEG CompletionTurn=228 EscapeResult=2 InitialResult=4 LevelAfter=4 LootInfo=-1 Name=LOC_CITIZEN_MAYA_MODERN_FEMALE_9 Operation=58 PlotIndex=1743
mission CityName=LOC_CITY_NAME_OTTAWA CompletionTurn=225 EscapeResult=-1 InitialResult=3 LevelAfter=4 LootInfo=-1 Name=LOC_CITIZEN_MAYA_MODERN_MALE_9 Operation=58 PlotIndex=978
mission CityName=LOC_CITY_NAME_SAINT_JOHN CompletionTurn=225 EscapeResult=2 InitialResult=2 LevelAfter=1 LootInfo=-1 Name=LOC_CITIZEN_MAYA_MODERN_FEMALE_1 Operation=58 PlotIndex=1991
mission CityName=LOC_CITY_NAME_QUEBEC_CITY CompletionTurn=225 EscapeResult=-1 InitialResult=5 LevelAfter=4 LootInfo=-1 Name=LOC_CITIZEN_MAYA_MODERN_FEMALE_6 Operation=58 PlotIndex=1404
mission CityName=LOC_CITY_NAME_TORONTO CompletionTurn=225 EscapeResult=2 InitialResult=4 LevelAfter=3 LootInfo=-1 Name=LOC_CITIZEN_MAYA_MODERN_FEMALE_4 Operation=58 PlotIndex=1818
mission CityName=LOC_CITY_NAME_HALIFAX CompletionTurn=223 EscapeResult=-1 InitialResult=1 LevelAfter=1 LootInfo=-1 Name=LOC_CITIZEN_MAYA_MODERN_MALE_9 Operation=58 PlotIndex=1409
mission CityName=LOC_CITY_NAME_WINNIPEG CompletionTurn=223 EscapeResult=-1 InitialResult=5 LevelAfter=4 LootInfo=-1 Name=LOC_CITIZEN_MAYA_MODERN_FEMALE_9 Operation=58 PlotIndex=1743
mission CityName=LOC_CITY_NAME_QUEBEC_CITY CompletionTurn=221 EscapeResult=-1 InitialResult=3 LevelAfter=4 LootInfo=-1 Name=LOC_CITIZEN_MAYA_MODERN_FEMALE_6 Operation=58 PlotIndex=1404
mission CityName=LOC_CITY_NAME_MONTREAL CompletionTurn=221 EscapeResult=2 InitialResult=2 LevelAfter=1 LootInfo=-1 Name=LOC_CITIZEN_MAYA_MALE_6 Operation=58 PlotIndex=1314
mission CityName=LOC_CITY_NAME_OTTAWA CompletionTurn=220 EscapeResult=-1 InitialResult=5 LevelAfter=4 LootInfo=-1 Name=LOC_CITIZEN_MAYA_MODERN_MALE_9 Operation=58 PlotIndex=978
mission CityName=LOC_CITY_NAME_MONTREAL CompletionTurn=218 EscapeResult=-1 InitialResult=4 LevelAfter=3 LootInfo=-1 Name=LOC_CITIZEN_MAYA_FEMALE_1 Operation=58 PlotIndex=1314
mission CityName=LOC_CITY_NAME_TORONTO CompletionTurn=218 EscapeResult=-1 InitialResult=5 LevelAfter=2 LootInfo=-1 Name=LOC_CITIZEN_MAYA_MODERN_FEMALE_4 Operation=58 PlotIndex=1818
mission CityName=LOC_CITY_NAME_MONTREAL CompletionTurn=217 EscapeResult=-1 InitialResult=5 LevelAfter=2 LootInfo=-1 Name=LOC_CITIZEN_MAYA_FEMALE_1 Operation=58 PlotIndex=1314
mission CityName=LOC_CITY_NAME_WINNIPEG CompletionTurn=217 EscapeResult=-1 InitialResult=5 LevelAfter=4 LootInfo=-1 Name=LOC_CITIZEN_MAYA_MODERN_FEMALE_9 Operation=58 PlotIndex=1743
mission CityName=LOC_CITY_NAME_SAINT_JOHN CompletionTurn=215 EscapeResult=0 InitialResult=2 LevelAfter=1 LootInfo=-1 Name=LOC_CITIZEN_MAYA_MODERN_MALE_1 Operation=58 PlotIndex=1991
mission CityName=LOC_CITY_NAME_VICTORIA CompletionTurn=215 EscapeResult=0 InitialResult=2 LevelAfter=1 LootInfo=-1 Name=LOC_CITIZEN_MAYA_MALE_1 Operation=58 PlotIndex=889
mission CityName=LOC_CITY_NAME_HALIFAX CompletionTurn=215 EscapeResult=-1 InitialResult=1 LevelAfter=1 LootInfo=-1 Name=LOC_CITIZEN_MAYA_MALE_8 Operation=58 PlotIndex=1409
mission CityName=LOC_CITY_NAME_QUEBEC_CITY CompletionTurn=215 EscapeResult=-1 InitialResult=5 LevelAfter=4 LootInfo=-1 Name=LOC_CITIZEN_MAYA_MODERN_FEMALE_6 Operation=58 PlotIndex=1404
mission CityName=LOC_CITY_NAME_TORONTO CompletionTurn=214 EscapeResult=-1 InitialResult=3 LevelAfter=1 LootInfo=-1 Name=LOC_CITIZEN_MAYA_FEMALE_8 Operation=58 PlotIndex=1818
mission CityName=LOC_CITY_NAME_OTTAWA CompletionTurn=214 EscapeResult=-1 InitialResult=5 LevelAfter=4 LootInfo=-1 Name=LOC_CITIZEN_MAYA_MODERN_MALE_9 Operation=58 PlotIndex=978
mission CityName=LOC_CITY_NAME_VANCOUVER CompletionTurn=212 EscapeResult=-1 InitialResult=1 LevelAfter=1 LootInfo=-1 Name=LOC_CITIZEN_MAYA_FEMALE_3 Operation=58 PlotIndex=801
mission CityName=LOC_CITY_NAME_SAINT_JOHN CompletionTurn=210 EscapeResult=-1 InitialResult=3 LevelAfter=1 LootInfo=-1 Name=LOC_CITIZEN_MAYA_MODERN_MALE_1 Operation=58 PlotIndex=1991
mission CityName=LOC_CITY_NAME_QUEBEC_CITY CompletionTurn=210 EscapeResult=-1 InitialResult=3 LevelAfter=3 LootInfo=-1 Name=LOC_CITIZEN_MAYA_MODERN_FEMALE_6 Operation=58 PlotIndex=1404
mission CityName=LOC_CITY_NAME_WINNIPEG CompletionTurn=210 EscapeResult=-1 InitialResult=5 LevelAfter=3 LootInfo=-1 Name=LOC_CITIZEN_MAYA_MODERN_FEMALE_9 Operation=58 PlotIndex=1743
mission CityName=LOC_CITY_NAME_HALIFAX CompletionTurn=209 EscapeResult=-1 InitialResult=0 LevelAfter=2 LootInfo=-1 Name=LOC_CITIZEN_MAYA_MODERN_MALE_6 Operation=58 PlotIndex=1409
mission CityName=LOC_CITY_NAME_OTTAWA CompletionTurn=208 EscapeResult=-1 InitialResult=5 LevelAfter=3 LootInfo=-1 Name=LOC_CITIZEN_MAYA_MODERN_MALE_9 Operation=58 PlotIndex=978
mission CityName=LOC_CITY_NAME_MONTREAL CompletionTurn=208 EscapeResult=0 InitialResult=2 LevelAfter=2 LootInfo=-1 Name=LOC_CITIZEN_MAYA_MODERN_FEMALE_7 Operation=58 PlotIndex=1314
mission CityName=LOC_CITY_NAME_WINDSOR CompletionTurn=206 EscapeResult=-1 InitialResult=0 LevelAfter=1 LootInfo=-1 Name=LOC_CITIZEN_MAYA_MALE_5 Operation=58 PlotIndex=1392
mission CityName=LOC_CITY_NAME_VANCOUVER CompletionTurn=206 EscapeResult=-1 InitialResult=0 LevelAfter=1 LootInfo=-1 Name=LOC_CITIZEN_MAYA_MODERN_FEMALE_1 Operation=58 PlotIndex=801
mission CityName=LOC_CITY_NAME_HALIFAX CompletionTurn=203 EscapeResult=-1 InitialResult=5 LevelAfter=2 LootInfo=-1 Name=LOC_CITIZEN_MAYA_MODERN_MALE_6 Operation=58 PlotIndex=1409
mission CityName=LOC_CITY_NAME_QUEBEC_CITY CompletionTurn=203 EscapeResult=-1 InitialResult=5 LevelAfter=3 LootInfo=-1 Name=LOC_CITIZEN_MAYA_MODERN_FEMALE_6 Operation=58 PlotIndex=1404
mission CityName=LOC_GOSSIP_LOST_CITY CompletionTurn=203 EscapeResult=0 InitialResult=4 LevelAfter=2 LootInfo=-1 Name=LOC_CITIZEN_MAYA_MODERN_MALE_4 Operation=58 PlotIndex=3635
mission CityName=LOC_CITY_NAME_QUEBEC_CITY CompletionTurn=196 EscapeResult=-1 InitialResult=1 LevelAfter=1 LootInfo=-1 Name=LOC_CITIZEN_MAYA_MALE_6 Operation=58 PlotIndex=1404
mission CityName=LOC_CITY_NAME_VANCOUVER CompletionTurn=194 EscapeResult=0 InitialResult=4 LevelAfter=2 LootInfo=-1 Name=LOC_CITIZEN_MAYA_MODERN_FEMALE_2 Operation=58 PlotIndex=801
mission CityName=LOC_CITY_NAME_RUATORIA CompletionTurn=192 EscapeResult=-1 InitialResult=5 LevelAfter=2 LootInfo=-1 Name=LOC_CITIZEN_MAYA_MODERN_FEMALE_6 Operation=58 PlotIndex=1833
mission CityName=LOC_CITY_NAME_QUEBEC_CITY CompletionTurn=192 EscapeResult=-1 InitialResult=1 LevelAfter=1 LootInfo=-1 Name=LOC_CITIZEN_MAYA_FEMALE_6 Operation=58 PlotIndex=1404
mission CityName=LOC_CITY_NAME_VANCOUVER CompletionTurn=190 EscapeResult=-1 InitialResult=0 LevelAfter=1 LootInfo=-1 Name=LOC_CITIZEN_MAYA_MODERN_FEMALE_3 Operation=58 PlotIndex=801
mission CityName=LOC_CITY_NAME_TE_HOKIANGA_NU_A_KUPE CompletionTurn=189 EscapeResult=2 InitialResult=2 LevelAfter=1 LootInfo=-1 Name=LOC_CITIZEN_MAYA_MODERN_FEMALE_4 Operation=58 PlotIndex=772
mission CityName=LOC_CITY_NAME_TORONTO CompletionTurn=189 EscapeResult=2 InitialResult=2 LevelAfter=1 LootInfo=-1 Name=LOC_CITIZEN_MAYA_MALE_8 Operation=58 PlotIndex=1818
mission CityName=LOC_CITY_NAME_VICTORIA CompletionTurn=187 EscapeResult=0 InitialResult=4 LevelAfter=2 LootInfo=-1 Name=LOC_CITIZEN_MAYA_FEMALE_7 Operation=58 PlotIndex=889
mission CityName=LOC_CITY_NAME_WINNIPEG CompletionTurn=187 EscapeResult=1 InitialResult=2 LevelAfter=1 LootInfo=-1 Name=LOC_CITIZEN_MAYA_FEMALE_4 Operation=58 PlotIndex=1743
mission CityName=LOC_CITY_NAME_HALIFAX CompletionTurn=187 EscapeResult=2 InitialResult=4 LevelAfter=2 LootInfo=-1 Name=LOC_CITIZEN_MAYA_MODERN_MALE_9 Operation=58 PlotIndex=1409
mission CityName=LOC_CITY_NAME_QUEBEC_CITY CompletionTurn=184 EscapeResult=-1 InitialResult=0 LevelAfter=1 LootInfo=-1 Name=LOC_CITIZEN_MAYA_MODERN_MALE_10 Operation=58 PlotIndex=1404
mission CityName=LOC_CITY_NAME_SAINT_JOHN CompletionTurn=184 EscapeResult=2 InitialResult=4 LevelAfter=2 LootInfo=-1 Name=LOC_CITIZEN_MAYA_MODERN_FEMALE_9 Operation=58 PlotIndex=1991
mission CityName=LOC_CITY_NAME_OTTAWA CompletionTurn=182 EscapeResult=0 InitialResult=4 LevelAfter=2 LootInfo=-1 Name=LOC_CITIZEN_MAYA_MODERN_FEMALE_8 Operation=58 PlotIndex=978
mission CityName=LOC_CITY_NAME_MONTREAL CompletionTurn=182 EscapeResult=2 InitialResult=4 LevelAfter=2 LootInfo=-1 Name=LOC_CITIZEN_MAYA_MODERN_FEMALE_7 Operation=58 PlotIndex=1314
mission CityName=LOC_CITY_NAME_TORONTO CompletionTurn=182 EscapeResult=-1 InitialResult=1 LevelAfter=1 LootInfo=-1 Name=LOC_CITIZEN_MAYA_MODERN_FEMALE_5 Operation=58 PlotIndex=1818
tally 6  FOMENT_UNREST CAPTURED / NO_RESULT
tally 1  FOMENT_UNREST FAIL_MUST_ESCAPE / CAPTURED
tally 4  FOMENT_UNREST FAIL_MUST_ESCAPE / FAIL_MUST_ESCAPE
tally 3  FOMENT_UNREST FAIL_MUST_ESCAPE / KILLED
tally 6  FOMENT_UNREST FAIL_UNDETECTED / NO_RESULT
tally 6  FOMENT_UNREST KILLED / NO_RESULT
tally 6  FOMENT_UNREST SUCCESS_MUST_ESCAPE / FAIL_MUST_ESCAPE
tally 5  FOMENT_UNREST SUCCESS_MUST_ESCAPE / KILLED
tally 1  FOMENT_UNREST SUCCESS_MUST_ESCAPE / NO_RESULT
tally 14  FOMENT_UNREST SUCCESS_UNDETECTED / NO_RESULT
turn 232 spies active 3 idle 1 missions 52 captured-enemy 0
spy 10354709 LOC_CITIZEN_MAYA_MODERN_FEMALE_9 level 4 at 65:16 start
spy 7929878 LOC_CITIZEN_MAYA_MODERN_FEMALE_8 level 1 at 54:21 start
spy 10289175 LOC_CITIZEN_MAYA_MODERN_FEMALE_4 level 3 at 60:16 start
spy 6750236 LOC_CITIZEN_MAYA_MODERN_MALE_9 level 4 at 54:11 busy
spy 7536669 LOC_CITIZEN_MAYA_FEMALE_8 level 1 at 54:21 start
turn 232 spies 5 started 4 travelled 0 promoted 0 bought 3 gold 50000
unblock: blocker ENDTURN_BLOCKING_CIVIC -> civic CIVIC_MERCENARIES | end turn requested
unblock: blocker ENDTURN_BLOCKING_PRODUCTION -> PALENQUE_MAYA builds UNIT_WARRIOR | end turn requested
mission CityName=LOC_CITY_NAME_MONTREAL CompletionTurn=232 EscapeResult=-1 InitialResult=0 LevelAfter=1 LootInfo=-1 Name=LOC_CITIZEN_MAYA_MALE_6 Operation=58 PlotIndex=1314
mission CityName=LOC_CITY_NAME_TORONTO CompletionTurn=232 EscapeResult=-1 InitialResult=3 LevelAfter=1 LootInfo=-1 Name=LOC_CITIZEN_MAYA_MODERN_FEMALE_8 Operation=58 PlotIndex=1818
mission CityName=LOC_CITY_NAME_OTTAWA CompletionTurn=229 EscapeResult=-1 InitialResult=5 LevelAfter=4 LootInfo=-1 Name=LOC_CITIZEN_MAYA_MODERN_MALE_9 Operation=58 PlotIndex=978
mission CityName=LOC_CITY_NAME_QUEBEC_CITY CompletionTurn=229 EscapeResult=2 InitialResult=4 LevelAfter=4 LootInfo=-1 Name=LOC_CITIZEN_MAYA_MODERN_FEMALE_6 Operation=58 PlotIndex=1404
mission CityName=LOC_CITY_NAME_VICTORIA CompletionTurn=228 EscapeResult=0 InitialResult=4 LevelAfter=4 LootInfo=-1 Name=LOC_CITIZEN_MAYA_FEMALE_1 Operation=58 PlotIndex=889
mission CityName=LOC_CITY_NAME_WINNIPEG CompletionTurn=228 EscapeResult=2 InitialResult=4 LevelAfter=4 LootInfo=-1 Name=LOC_CITIZEN_MAYA_MODERN_FEMALE_9 Operation=58 PlotIndex=1743
mission CityName=LOC_CITY_NAME_OTTAWA CompletionTurn=225 EscapeResult=-1 InitialResult=3 LevelAfter=4 LootInfo=-1 Name=LOC_CITIZEN_MAYA_MODERN_MALE_9 Operation=58 PlotIndex=978
mission CityName=LOC_CITY_NAME_SAINT_JOHN CompletionTurn=225 EscapeResult=2 InitialResult=2 LevelAfter=1 LootInfo=-1 Name=LOC_CITIZEN_MAYA_MODERN_FEMALE_1 Operation=58 PlotIndex=1991
mission CityName=LOC_CITY_NAME_QUEBEC_CITY CompletionTurn=225 EscapeResult=-1 InitialResult=5 LevelAfter=4 LootInfo=-1 Name=LOC_CITIZEN_MAYA_MODERN_FEMALE_6 Operation=58 PlotIndex=1404
mission CityName=LOC_CITY_NAME_TORONTO CompletionTurn=225 EscapeResult=2 InitialResult=4 LevelAfter=3 LootInfo=-1 Name=LOC_CITIZEN_MAYA_MODERN_FEMALE_4 Operation=58 PlotIndex=1818
mission CityName=LOC_CITY_NAME_HALIFAX CompletionTurn=223 EscapeResult=-1 InitialResult=1 LevelAfter=1 LootInfo=-1 Name=LOC_CITIZEN_MAYA_MODERN_MALE_9 Operation=58 PlotIndex=1409
mission CityName=LOC_CITY_NAME_WINNIPEG CompletionTurn=223 EscapeResult=-1 InitialResult=5 LevelAfter=4 LootInfo=-1 Name=LOC_CITIZEN_MAYA_MODERN_FEMALE_9 Operation=58 PlotIndex=1743
mission CityName=LOC_CITY_NAME_QUEBEC_CITY CompletionTurn=221 EscapeResult=-1 InitialResult=3 LevelAfter=4 LootInfo=-1 Name=LOC_CITIZEN_MAYA_MODERN_FEMALE_6 Operation=58 PlotIndex=1404
mission CityName=LOC_CITY_NAME_MONTREAL CompletionTurn=221 EscapeResult=2 InitialResult=2 LevelAfter=1 LootInfo=-1 Name=LOC_CITIZEN_MAYA_MALE_6 Operation=58 PlotIndex=1314
mission CityName=LOC_CITY_NAME_OTTAWA CompletionTurn=220 EscapeResult=-1 InitialResult=5 LevelAfter=4 LootInfo=-1 Name=LOC_CITIZEN_MAYA_MODERN_MALE_9 Operation=58 PlotIndex=978
mission CityName=LOC_CITY_NAME_MONTREAL CompletionTurn=218 EscapeResult=-1 InitialResult=4 LevelAfter=3 LootInfo=-1 Name=LOC_CITIZEN_MAYA_FEMALE_1 Operation=58 PlotIndex=1314
mission CityName=LOC_CITY_NAME_TORONTO CompletionTurn=218 EscapeResult=-1 InitialResult=5 LevelAfter=2 LootInfo=-1 Name=LOC_CITIZEN_MAYA_MODERN_FEMALE_4 Operation=58 PlotIndex=1818
mission CityName=LOC_CITY_NAME_MONTREAL CompletionTurn=217 EscapeResult=-1 InitialResult=5 LevelAfter=2 LootInfo=-1 Name=LOC_CITIZEN_MAYA_FEMALE_1 Operation=58 PlotIndex=1314
mission CityName=LOC_CITY_NAME_WINNIPEG CompletionTurn=217 EscapeResult=-1 InitialResult=5 LevelAfter=4 LootInfo=-1 Name=LOC_CITIZEN_MAYA_MODERN_FEMALE_9 Operation=58 PlotIndex=1743
mission CityName=LOC_CITY_NAME_SAINT_JOHN CompletionTurn=215 EscapeResult=0 InitialResult=2 LevelAfter=1 LootInfo=-1 Name=LOC_CITIZEN_MAYA_MODERN_MALE_1 Operation=58 PlotIndex=1991
mission CityName=LOC_CITY_NAME_VICTORIA CompletionTurn=215 EscapeResult=0 InitialResult=2 LevelAfter=1 LootInfo=-1 Name=LOC_CITIZEN_MAYA_MALE_1 Operation=58 PlotIndex=889
mission CityName=LOC_CITY_NAME_HALIFAX CompletionTurn=215 EscapeResult=-1 InitialResult=1 LevelAfter=1 LootInfo=-1 Name=LOC_CITIZEN_MAYA_MALE_8 Operation=58 PlotIndex=1409
mission CityName=LOC_CITY_NAME_QUEBEC_CITY CompletionTurn=215 EscapeResult=-1 InitialResult=5 LevelAfter=4 LootInfo=-1 Name=LOC_CITIZEN_MAYA_MODERN_FEMALE_6 Operation=58 PlotIndex=1404
mission CityName=LOC_CITY_NAME_TORONTO CompletionTurn=214 EscapeResult=-1 InitialResult=3 LevelAfter=1 LootInfo=-1 Name=LOC_CITIZEN_MAYA_FEMALE_8 Operation=58 PlotIndex=1818
mission CityName=LOC_CITY_NAME_OTTAWA CompletionTurn=214 EscapeResult=-1 InitialResult=5 LevelAfter=4 LootInfo=-1 Name=LOC_CITIZEN_MAYA_MODERN_MALE_9 Operation=58 PlotIndex=978
mission CityName=LOC_CITY_NAME_VANCOUVER CompletionTurn=212 EscapeResult=-1 InitialResult=1 LevelAfter=1 LootInfo=-1 Name=LOC_CITIZEN_MAYA_FEMALE_3 Operation=58 PlotIndex=801
mission CityName=LOC_CITY_NAME_SAINT_JOHN CompletionTurn=210 EscapeResult=-1 InitialResult=3 LevelAfter=1 LootInfo=-1 Name=LOC_CITIZEN_MAYA_MODERN_MALE_1 Operation=58 PlotIndex=1991
mission CityName=LOC_CITY_NAME_QUEBEC_CITY CompletionTurn=210 EscapeResult=-1 InitialResult=3 LevelAfter=3 LootInfo=-1 Name=LOC_CITIZEN_MAYA_MODERN_FEMALE_6 Operation=58 PlotIndex=1404
mission CityName=LOC_CITY_NAME_WINNIPEG CompletionTurn=210 EscapeResult=-1 InitialResult=5 LevelAfter=3 LootInfo=-1 Name=LOC_CITIZEN_MAYA_MODERN_FEMALE_9 Operation=58 PlotIndex=1743
mission CityName=LOC_CITY_NAME_HALIFAX CompletionTurn=209 EscapeResult=-1 InitialResult=0 LevelAfter=2 LootInfo=-1 Name=LOC_CITIZEN_MAYA_MODERN_MALE_6 Operation=58 PlotIndex=1409
mission CityName=LOC_CITY_NAME_OTTAWA CompletionTurn=208 EscapeResult=-1 InitialResult=5 LevelAfter=3 LootInfo=-1 Name=LOC_CITIZEN_MAYA_MODERN_MALE_9 Operation=58 PlotIndex=978
mission CityName=LOC_CITY_NAME_MONTREAL CompletionTurn=208 EscapeResult=0 InitialResult=2 LevelAfter=2 LootInfo=-1 Name=LOC_CITIZEN_MAYA_MODERN_FEMALE_7 Operation=58 PlotIndex=1314
mission CityName=LOC_CITY_NAME_WINDSOR CompletionTurn=206 EscapeResult=-1 InitialResult=0 LevelAfter=1 LootInfo=-1 Name=LOC_CITIZEN_MAYA_MALE_5 Operation=58 PlotIndex=1392
mission CityName=LOC_CITY_NAME_VANCOUVER CompletionTurn=206 EscapeResult=-1 InitialResult=0 LevelAfter=1 LootInfo=-1 Name=LOC_CITIZEN_MAYA_MODERN_FEMALE_1 Operation=58 PlotIndex=801
mission CityName=LOC_CITY_NAME_HALIFAX CompletionTurn=203 EscapeResult=-1 InitialResult=5 LevelAfter=2 LootInfo=-1 Name=LOC_CITIZEN_MAYA_MODERN_MALE_6 Operation=58 PlotIndex=1409
mission CityName=LOC_CITY_NAME_QUEBEC_CITY CompletionTurn=203 EscapeResult=-1 InitialResult=5 LevelAfter=3 LootInfo=-1 Name=LOC_CITIZEN_MAYA_MODERN_FEMALE_6 Operation=58 PlotIndex=1404
mission CityName=LOC_GOSSIP_LOST_CITY CompletionTurn=203 EscapeResult=0 InitialResult=4 LevelAfter=2 LootInfo=-1 Name=LOC_CITIZEN_MAYA_MODERN_MALE_4 Operation=58 PlotIndex=3635
mission CityName=LOC_CITY_NAME_QUEBEC_CITY CompletionTurn=196 EscapeResult=-1 InitialResult=1 LevelAfter=1 LootInfo=-1 Name=LOC_CITIZEN_MAYA_MALE_6 Operation=58 PlotIndex=1404
mission CityName=LOC_CITY_NAME_VANCOUVER CompletionTurn=194 EscapeResult=0 InitialResult=4 LevelAfter=2 LootInfo=-1 Name=LOC_CITIZEN_MAYA_MODERN_FEMALE_2 Operation=58 PlotIndex=801
mission CityName=LOC_CITY_NAME_RUATORIA CompletionTurn=192 EscapeResult=-1 InitialResult=5 LevelAfter=2 LootInfo=-1 Name=LOC_CITIZEN_MAYA_MODERN_FEMALE_6 Operation=58 PlotIndex=1833
mission CityName=LOC_CITY_NAME_QUEBEC_CITY CompletionTurn=192 EscapeResult=-1 InitialResult=1 LevelAfter=1 LootInfo=-1 Name=LOC_CITIZEN_MAYA_FEMALE_6 Operation=58 PlotIndex=1404
mission CityName=LOC_CITY_NAME_VANCOUVER CompletionTurn=190 EscapeResult=-1 InitialResult=0 LevelAfter=1 LootInfo=-1 Name=LOC_CITIZEN_MAYA_MODERN_FEMALE_3 Operation=58 PlotIndex=801
mission CityName=LOC_CITY_NAME_TE_HOKIANGA_NU_A_KUPE CompletionTurn=189 EscapeResult=2 InitialResult=2 LevelAfter=1 LootInfo=-1 Name=LOC_CITIZEN_MAYA_MODERN_FEMALE_4 Operation=58 PlotIndex=772
mission CityName=LOC_CITY_NAME_TORONTO CompletionTurn=189 EscapeResult=2 InitialResult=2 LevelAfter=1 LootInfo=-1 Name=LOC_CITIZEN_MAYA_MALE_8 Operation=58 PlotIndex=1818
mission CityName=LOC_CITY_NAME_VICTORIA CompletionTurn=187 EscapeResult=0 InitialResult=4 LevelAfter=2 LootInfo=-1 Name=LOC_CITIZEN_MAYA_FEMALE_7 Operation=58 PlotIndex=889
mission CityName=LOC_CITY_NAME_WINNIPEG CompletionTurn=187 EscapeResult=1 InitialResult=2 LevelAfter=1 LootInfo=-1 Name=LOC_CITIZEN_MAYA_FEMALE_4 Operation=58 PlotIndex=1743
mission CityName=LOC_CITY_NAME_HALIFAX CompletionTurn=187 EscapeResult=2 InitialResult=4 LevelAfter=2 LootInfo=-1 Name=LOC_CITIZEN_MAYA_MODERN_MALE_9 Operation=58 PlotIndex=1409
mission CityName=LOC_CITY_NAME_QUEBEC_CITY CompletionTurn=184 EscapeResult=-1 InitialResult=0 LevelAfter=1 LootInfo=-1 Name=LOC_CITIZEN_MAYA_MODERN_MALE_10 Operation=58 PlotIndex=1404
mission CityName=LOC_CITY_NAME_SAINT_JOHN CompletionTurn=184 EscapeResult=2 InitialResult=4 LevelAfter=2 LootInfo=-1 Name=LOC_CITIZEN_MAYA_MODERN_FEMALE_9 Operation=58 PlotIndex=1991
mission CityName=LOC_CITY_NAME_OTTAWA CompletionTurn=182 EscapeResult=0 InitialResult=4 LevelAfter=2 LootInfo=-1 Name=LOC_CITIZEN_MAYA_MODERN_FEMALE_8 Operation=58 PlotIndex=978
mission CityName=LOC_CITY_NAME_MONTREAL CompletionTurn=182 EscapeResult=2 InitialResult=4 LevelAfter=2 LootInfo=-1 Name=LOC_CITIZEN_MAYA_MODERN_FEMALE_7 Operation=58 PlotIndex=1314
mission CityName=LOC_CITY_NAME_TORONTO CompletionTurn=182 EscapeResult=-1 InitialResult=1 LevelAfter=1 LootInfo=-1 Name=LOC_CITIZEN_MAYA_MODERN_FEMALE_5 Operation=58 PlotIndex=1818
tally 6  FOMENT_UNREST CAPTURED / NO_RESULT
tally 1  FOMENT_UNREST FAIL_MUST_ESCAPE / CAPTURED
tally 4  FOMENT_UNREST FAIL_MUST_ESCAPE / FAIL_MUST_ESCAPE
tally 3  FOMENT_UNREST FAIL_MUST_ESCAPE / KILLED
tally 6  FOMENT_UNREST FAIL_UNDETECTED / NO_RESULT
tally 6  FOMENT_UNREST KILLED / NO_RESULT
tally 6  FOMENT_UNREST SUCCESS_MUST_ESCAPE / FAIL_MUST_ESCAPE
tally 5  FOMENT_UNREST SUCCESS_MUST_ESCAPE / KILLED
tally 1  FOMENT_UNREST SUCCESS_MUST_ESCAPE / NO_RESULT
tally 14  FOMENT_UNREST SUCCESS_UNDETECTED / NO_RESULT
turn 232 spies active 4 idle 3 missions 52 captured-enemy 0
spy 10485764 LOC_CITIZEN_MAYA_MODERN_MALE_5 level 1 at 37:38 notarget
spy 10420237 LOC_CITIZEN_MAYA_MALE_5 level 1 at 36:42 notarget
spy 10354709 LOC_CITIZEN_MAYA_MODERN_FEMALE_9 level 4 at 65:16 busy
spy 7929878 LOC_CITIZEN_MAYA_MODERN_FEMALE_8 level 1 at 54:21 busy
spy 10289175 LOC_CITIZEN_MAYA_MODERN_FEMALE_4 level 3 at 60:16 busy
spy 6750236 LOC_CITIZEN_MAYA_MODERN_MALE_9 level 4 at 54:11 busy
spy 7536669 LOC_CITIZEN_MAYA_FEMALE_8 level 1 at 54:21 refused
turn 233 spies 7 started 0 travelled 0 promoted 0 bought 0 gold 40555
unblock: blocker ENDTURN_BLOCKING_COMMEMORATION_AVAILABLE -> nothing | end turn requested
unstuck: EraCompletePopup: closed
unblock: blocker ENDTURN_BLOCKING_COMMEMORATION_AVAILABLE -> nothing | end turn requested
unblock: blocker ENDTURN_BLOCKING_COMMEMORATION_AVAILABLE -> nothing | end turn requested
mission CityName=LOC_CITY_NAME_MONTREAL CompletionTurn=232 EscapeResult=-1 InitialResult=0 LevelAfter=1 LootInfo=-1 Name=LOC_CITIZEN_MAYA_MALE_6 Operation=58 PlotIndex=1314
mission CityName=LOC_CITY_NAME_TORONTO CompletionTurn=232 EscapeResult=-1 InitialResult=3 LevelAfter=1 LootInfo=-1 Name=LOC_CITIZEN_MAYA_MODERN_FEMALE_8 Operation=58 PlotIndex=1818
mission CityName=LOC_CITY_NAME_OTTAWA CompletionTurn=229 EscapeResult=-1 InitialResult=5 LevelAfter=4 LootInfo=-1 Name=LOC_CITIZEN_MAYA_MODERN_MALE_9 Operation=58 PlotIndex=978
mission CityName=LOC_CITY_NAME_QUEBEC_CITY CompletionTurn=229 EscapeResult=2 InitialResult=4 LevelAfter=4 LootInfo=-1 Name=LOC_CITIZEN_MAYA_MODERN_FEMALE_6 Operation=58 PlotIndex=1404
mission CityName=LOC_CITY_NAME_VICTORIA CompletionTurn=228 EscapeResult=0 InitialResult=4 LevelAfter=4 LootInfo=-1 Name=LOC_CITIZEN_MAYA_FEMALE_1 Operation=58 PlotIndex=889
mission CityName=LOC_CITY_NAME_WINNIPEG CompletionTurn=228 EscapeResult=2 InitialResult=4 LevelAfter=4 LootInfo=-1 Name=LOC_CITIZEN_MAYA_MODERN_FEMALE_9 Operation=58 PlotIndex=1743
mission CityName=LOC_CITY_NAME_OTTAWA CompletionTurn=225 EscapeResult=-1 InitialResult=3 LevelAfter=4 LootInfo=-1 Name=LOC_CITIZEN_MAYA_MODERN_MALE_9 Operation=58 PlotIndex=978
mission CityName=LOC_CITY_NAME_SAINT_JOHN CompletionTurn=225 EscapeResult=2 InitialResult=2 LevelAfter=1 LootInfo=-1 Name=LOC_CITIZEN_MAYA_MODERN_FEMALE_1 Operation=58 PlotIndex=1991
mission CityName=LOC_CITY_NAME_QUEBEC_CITY CompletionTurn=225 EscapeResult=-1 InitialResult=5 LevelAfter=4 LootInfo=-1 Name=LOC_CITIZEN_MAYA_MODERN_FEMALE_6 Operation=58 PlotIndex=1404
mission CityName=LOC_CITY_NAME_TORONTO CompletionTurn=225 EscapeResult=2 InitialResult=4 LevelAfter=3 LootInfo=-1 Name=LOC_CITIZEN_MAYA_MODERN_FEMALE_4 Operation=58 PlotIndex=1818
mission CityName=LOC_CITY_NAME_HALIFAX CompletionTurn=223 EscapeResult=-1 InitialResult=1 LevelAfter=1 LootInfo=-1 Name=LOC_CITIZEN_MAYA_MODERN_MALE_9 Operation=58 PlotIndex=1409
mission CityName=LOC_CITY_NAME_WINNIPEG CompletionTurn=223 EscapeResult=-1 InitialResult=5 LevelAfter=4 LootInfo=-1 Name=LOC_CITIZEN_MAYA_MODERN_FEMALE_9 Operation=58 PlotIndex=1743
mission CityName=LOC_CITY_NAME_QUEBEC_CITY CompletionTurn=221 EscapeResult=-1 InitialResult=3 LevelAfter=4 LootInfo=-1 Name=LOC_CITIZEN_MAYA_MODERN_FEMALE_6 Operation=58 PlotIndex=1404
mission CityName=LOC_CITY_NAME_MONTREAL CompletionTurn=221 EscapeResult=2 InitialResult=2 LevelAfter=1 LootInfo=-1 Name=LOC_CITIZEN_MAYA_MALE_6 Operation=58 PlotIndex=1314
mission CityName=LOC_CITY_NAME_OTTAWA CompletionTurn=220 EscapeResult=-1 InitialResult=5 LevelAfter=4 LootInfo=-1 Name=LOC_CITIZEN_MAYA_MODERN_MALE_9 Operation=58 PlotIndex=978
mission CityName=LOC_CITY_NAME_MONTREAL CompletionTurn=218 EscapeResult=-1 InitialResult=4 LevelAfter=3 LootInfo=-1 Name=LOC_CITIZEN_MAYA_FEMALE_1 Operation=58 PlotIndex=1314
mission CityName=LOC_CITY_NAME_TORONTO CompletionTurn=218 EscapeResult=-1 InitialResult=5 LevelAfter=2 LootInfo=-1 Name=LOC_CITIZEN_MAYA_MODERN_FEMALE_4 Operation=58 PlotIndex=1818
mission CityName=LOC_CITY_NAME_MONTREAL CompletionTurn=217 EscapeResult=-1 InitialResult=5 LevelAfter=2 LootInfo=-1 Name=LOC_CITIZEN_MAYA_FEMALE_1 Operation=58 PlotIndex=1314
mission CityName=LOC_CITY_NAME_WINNIPEG CompletionTurn=217 EscapeResult=-1 InitialResult=5 LevelAfter=4 LootInfo=-1 Name=LOC_CITIZEN_MAYA_MODERN_FEMALE_9 Operation=58 PlotIndex=1743
mission CityName=LOC_CITY_NAME_SAINT_JOHN CompletionTurn=215 EscapeResult=0 InitialResult=2 LevelAfter=1 LootInfo=-1 Name=LOC_CITIZEN_MAYA_MODERN_MALE_1 Operation=58 PlotIndex=1991
mission CityName=LOC_CITY_NAME_VICTORIA CompletionTurn=215 EscapeResult=0 InitialResult=2 LevelAfter=1 LootInfo=-1 Name=LOC_CITIZEN_MAYA_MALE_1 Operation=58 PlotIndex=889
mission CityName=LOC_CITY_NAME_HALIFAX CompletionTurn=215 EscapeResult=-1 InitialResult=1 LevelAfter=1 LootInfo=-1 Name=LOC_CITIZEN_MAYA_MALE_8 Operation=58 PlotIndex=1409
mission CityName=LOC_CITY_NAME_QUEBEC_CITY CompletionTurn=215 EscapeResult=-1 InitialResult=5 LevelAfter=4 LootInfo=-1 Name=LOC_CITIZEN_MAYA_MODERN_FEMALE_6 Operation=58 PlotIndex=1404
mission CityName=LOC_CITY_NAME_TORONTO CompletionTurn=214 EscapeResult=-1 InitialResult=3 LevelAfter=1 LootInfo=-1 Name=LOC_CITIZEN_MAYA_FEMALE_8 Operation=58 PlotIndex=1818
mission CityName=LOC_CITY_NAME_OTTAWA CompletionTurn=214 EscapeResult=-1 InitialResult=5 LevelAfter=4 LootInfo=-1 Name=LOC_CITIZEN_MAYA_MODERN_MALE_9 Operation=58 PlotIndex=978
mission CityName=LOC_CITY_NAME_VANCOUVER CompletionTurn=212 EscapeResult=-1 InitialResult=1 LevelAfter=1 LootInfo=-1 Name=LOC_CITIZEN_MAYA_FEMALE_3 Operation=58 PlotIndex=801
mission CityName=LOC_CITY_NAME_SAINT_JOHN CompletionTurn=210 EscapeResult=-1 InitialResult=3 LevelAfter=1 LootInfo=-1 Name=LOC_CITIZEN_MAYA_MODERN_MALE_1 Operation=58 PlotIndex=1991
mission CityName=LOC_CITY_NAME_QUEBEC_CITY CompletionTurn=210 EscapeResult=-1 InitialResult=3 LevelAfter=3 LootInfo=-1 Name=LOC_CITIZEN_MAYA_MODERN_FEMALE_6 Operation=58 PlotIndex=1404
mission CityName=LOC_CITY_NAME_WINNIPEG CompletionTurn=210 EscapeResult=-1 InitialResult=5 LevelAfter=3 LootInfo=-1 Name=LOC_CITIZEN_MAYA_MODERN_FEMALE_9 Operation=58 PlotIndex=1743
mission CityName=LOC_CITY_NAME_HALIFAX CompletionTurn=209 EscapeResult=-1 InitialResult=0 LevelAfter=2 LootInfo=-1 Name=LOC_CITIZEN_MAYA_MODERN_MALE_6 Operation=58 PlotIndex=1409
mission CityName=LOC_CITY_NAME_OTTAWA CompletionTurn=208 EscapeResult=-1 InitialResult=5 LevelAfter=3 LootInfo=-1 Name=LOC_CITIZEN_MAYA_MODERN_MALE_9 Operation=58 PlotIndex=978
mission CityName=LOC_CITY_NAME_MONTREAL CompletionTurn=208 EscapeResult=0 InitialResult=2 LevelAfter=2 LootInfo=-1 Name=LOC_CITIZEN_MAYA_MODERN_FEMALE_7 Operation=58 PlotIndex=1314
mission CityName=LOC_CITY_NAME_WINDSOR CompletionTurn=206 EscapeResult=-1 InitialResult=0 LevelAfter=1 LootInfo=-1 Name=LOC_CITIZEN_MAYA_MALE_5 Operation=58 PlotIndex=1392
mission CityName=LOC_CITY_NAME_VANCOUVER CompletionTurn=206 EscapeResult=-1 InitialResult=0 LevelAfter=1 LootInfo=-1 Name=LOC_CITIZEN_MAYA_MODERN_FEMALE_1 Operation=58 PlotIndex=801
mission CityName=LOC_CITY_NAME_HALIFAX CompletionTurn=203 EscapeResult=-1 InitialResult=5 LevelAfter=2 LootInfo=-1 Name=LOC_CITIZEN_MAYA_MODERN_MALE_6 Operation=58 PlotIndex=1409
mission CityName=LOC_CITY_NAME_QUEBEC_CITY CompletionTurn=203 EscapeResult=-1 InitialResult=5 LevelAfter=3 LootInfo=-1 Name=LOC_CITIZEN_MAYA_MODERN_FEMALE_6 Operation=58 PlotIndex=1404
mission CityName=LOC_GOSSIP_LOST_CITY CompletionTurn=203 EscapeResult=0 InitialResult=4 LevelAfter=2 LootInfo=-1 Name=LOC_CITIZEN_MAYA_MODERN_MALE_4 Operation=58 PlotIndex=3635
mission CityName=LOC_CITY_NAME_QUEBEC_CITY CompletionTurn=196 EscapeResult=-1 InitialResult=1 LevelAfter=1 LootInfo=-1 Name=LOC_CITIZEN_MAYA_MALE_6 Operation=58 PlotIndex=1404
mission CityName=LOC_CITY_NAME_VANCOUVER CompletionTurn=194 EscapeResult=0 InitialResult=4 LevelAfter=2 LootInfo=-1 Name=LOC_CITIZEN_MAYA_MODERN_FEMALE_2 Operation=58 PlotIndex=801
mission CityName=LOC_CITY_NAME_RUATORIA CompletionTurn=192 EscapeResult=-1 InitialResult=5 LevelAfter=2 LootInfo=-1 Name=LOC_CITIZEN_MAYA_MODERN_FEMALE_6 Operation=58 PlotIndex=1833
mission CityName=LOC_CITY_NAME_QUEBEC_CITY CompletionTurn=192 EscapeResult=-1 InitialResult=1 LevelAfter=1 LootInfo=-1 Name=LOC_CITIZEN_MAYA_FEMALE_6 Operation=58 PlotIndex=1404
mission CityName=LOC_CITY_NAME_VANCOUVER CompletionTurn=190 EscapeResult=-1 InitialResult=0 LevelAfter=1 LootInfo=-1 Name=LOC_CITIZEN_MAYA_MODERN_FEMALE_3 Operation=58 PlotIndex=801
mission CityName=LOC_CITY_NAME_TE_HOKIANGA_NU_A_KUPE CompletionTurn=189 EscapeResult=2 InitialResult=2 LevelAfter=1 LootInfo=-1 Name=LOC_CITIZEN_MAYA_MODERN_FEMALE_4 Operation=58 PlotIndex=772
mission CityName=LOC_CITY_NAME_TORONTO CompletionTurn=189 EscapeResult=2 InitialResult=2 LevelAfter=1 LootInfo=-1 Name=LOC_CITIZEN_MAYA_MALE_8 Operation=58 PlotIndex=1818
mission CityName=LOC_CITY_NAME_VICTORIA CompletionTurn=187 EscapeResult=0 InitialResult=4 LevelAfter=2 LootInfo=-1 Name=LOC_CITIZEN_MAYA_FEMALE_7 Operation=58 PlotIndex=889
mission CityName=LOC_CITY_NAME_WINNIPEG CompletionTurn=187 EscapeResult=1 InitialResult=2 LevelAfter=1 LootInfo=-1 Name=LOC_CITIZEN_MAYA_FEMALE_4 Operation=58 PlotIndex=1743
mission CityName=LOC_CITY_NAME_HALIFAX CompletionTurn=187 EscapeResult=2 InitialResult=4 LevelAfter=2 LootInfo=-1 Name=LOC_CITIZEN_MAYA_MODERN_MALE_9 Operation=58 PlotIndex=1409
mission CityName=LOC_CITY_NAME_QUEBEC_CITY CompletionTurn=184 EscapeResult=-1 InitialResult=0 LevelAfter=1 LootInfo=-1 Name=LOC_CITIZEN_MAYA_MODERN_MALE_10 Operation=58 PlotIndex=1404
mission CityName=LOC_CITY_NAME_SAINT_JOHN CompletionTurn=184 EscapeResult=2 InitialResult=4 LevelAfter=2 LootInfo=-1 Name=LOC_CITIZEN_MAYA_MODERN_FEMALE_9 Operation=58 PlotIndex=1991
mission CityName=LOC_CITY_NAME_OTTAWA CompletionTurn=182 EscapeResult=0 InitialResult=4 LevelAfter=2 LootInfo=-1 Name=LOC_CITIZEN_MAYA_MODERN_FEMALE_8 Operation=58 PlotIndex=978
mission CityName=LOC_CITY_NAME_MONTREAL CompletionTurn=182 EscapeResult=2 InitialResult=4 LevelAfter=2 LootInfo=-1 Name=LOC_CITIZEN_MAYA_MODERN_FEMALE_7 Operation=58 PlotIndex=1314
mission CityName=LOC_CITY_NAME_TORONTO CompletionTurn=182 EscapeResult=-1 InitialResult=1 LevelAfter=1 LootInfo=-1 Name=LOC_CITIZEN_MAYA_MODERN_FEMALE_5 Operation=58 PlotIndex=1818
tally 6  FOMENT_UNREST CAPTURED / NO_RESULT
tally 1  FOMENT_UNREST FAIL_MUST_ESCAPE / CAPTURED
tally 4  FOMENT_UNREST FAIL_MUST_ESCAPE / FAIL_MUST_ESCAPE
tally 3  FOMENT_UNREST FAIL_MUST_ESCAPE / KILLED
tally 6  FOMENT_UNREST FAIL_UNDETECTED / NO_RESULT
tally 6  FOMENT_UNREST KILLED / NO_RESULT
tally 6  FOMENT_UNREST SUCCESS_MUST_ESCAPE / FAIL_MUST_ESCAPE
tally 5  FOMENT_UNREST SUCCESS_MUST_ESCAPE / KILLED
tally 1  FOMENT_UNREST SUCCESS_MUST_ESCAPE / NO_RESULT
tally 14  FOMENT_UNREST SUCCESS_UNDETECTED / NO_RESULT
turn 234 spies active 4 idle 4 missions 52 captured-enemy 0
spy 10485764 LOC_CITIZEN_MAYA_MODERN_MALE_5 level 1 at 37:38 travel
spy 10420237 LOC_CITIZEN_MAYA_MALE_5 level 1 at 36:42 travel
spy 10354709 LOC_CITIZEN_MAYA_MODERN_FEMALE_9 level 4 at 65:16 busy
spy 7929878 LOC_CITIZEN_MAYA_MODERN_FEMALE_8 level 1 at 54:21 busy
spy 10289175 LOC_CITIZEN_MAYA_MODERN_FEMALE_4 level 3 at 60:16 busy
spy 6750236 LOC_CITIZEN_MAYA_MODERN_MALE_9 level 4 at 54:11 busy
spy 7536669 LOC_CITIZEN_MAYA_FEMALE_8 level 1 at 54:21 refused
spy 10551335 LOC_CITIZEN_MAYA_MODERN_FEMALE_6 level 4 at 36:42 travel
turn 234 spies 8 started 0 travelled 3 promoted 0 bought 0 gold 50000
unblock: blocker ENDTURN_BLOCKING_COMMEMORATION_AVAILABLE -> nothing | end turn requested
unblock: blocker ENDTURN_BLOCKING_COMMEMORATION_AVAILABLE -> nothing | end turn requested
mission CityName=LOC_CITY_NAME_OTTAWA CompletionTurn=235 EscapeResult=-1 InitialResult=5 LevelAfter=4 LootInfo=-1 Name=LOC_CITIZEN_MAYA_MODERN_MALE_9 Operation=58 PlotIndex=978
mission CityName=LOC_CITY_NAME_MONTREAL CompletionTurn=232 EscapeResult=-1 InitialResult=0 LevelAfter=1 LootInfo=-1 Name=LOC_CITIZEN_MAYA_MALE_6 Operation=58 PlotIndex=1314
mission CityName=LOC_CITY_NAME_TORONTO CompletionTurn=232 EscapeResult=-1 InitialResult=3 LevelAfter=1 LootInfo=-1 Name=LOC_CITIZEN_MAYA_MODERN_FEMALE_8 Operation=58 PlotIndex=1818
mission CityName=LOC_CITY_NAME_OTTAWA CompletionTurn=229 EscapeResult=-1 InitialResult=5 LevelAfter=4 LootInfo=-1 Name=LOC_CITIZEN_MAYA_MODERN_MALE_9 Operation=58 PlotIndex=978
mission CityName=LOC_CITY_NAME_QUEBEC_CITY CompletionTurn=229 EscapeResult=2 InitialResult=4 LevelAfter=4 LootInfo=-1 Name=LOC_CITIZEN_MAYA_MODERN_FEMALE_6 Operation=58 PlotIndex=1404
mission CityName=LOC_CITY_NAME_VICTORIA CompletionTurn=228 EscapeResult=0 InitialResult=4 LevelAfter=4 LootInfo=-1 Name=LOC_CITIZEN_MAYA_FEMALE_1 Operation=58 PlotIndex=889
mission CityName=LOC_CITY_NAME_WINNIPEG CompletionTurn=228 EscapeResult=2 InitialResult=4 LevelAfter=4 LootInfo=-1 Name=LOC_CITIZEN_MAYA_MODERN_FEMALE_9 Operation=58 PlotIndex=1743
mission CityName=LOC_CITY_NAME_OTTAWA CompletionTurn=225 EscapeResult=-1 InitialResult=3 LevelAfter=4 LootInfo=-1 Name=LOC_CITIZEN_MAYA_MODERN_MALE_9 Operation=58 PlotIndex=978
mission CityName=LOC_CITY_NAME_SAINT_JOHN CompletionTurn=225 EscapeResult=2 InitialResult=2 LevelAfter=1 LootInfo=-1 Name=LOC_CITIZEN_MAYA_MODERN_FEMALE_1 Operation=58 PlotIndex=1991
mission CityName=LOC_CITY_NAME_QUEBEC_CITY CompletionTurn=225 EscapeResult=-1 InitialResult=5 LevelAfter=4 LootInfo=-1 Name=LOC_CITIZEN_MAYA_MODERN_FEMALE_6 Operation=58 PlotIndex=1404
mission CityName=LOC_CITY_NAME_TORONTO CompletionTurn=225 EscapeResult=2 InitialResult=4 LevelAfter=3 LootInfo=-1 Name=LOC_CITIZEN_MAYA_MODERN_FEMALE_4 Operation=58 PlotIndex=1818
mission CityName=LOC_CITY_NAME_HALIFAX CompletionTurn=223 EscapeResult=-1 InitialResult=1 LevelAfter=1 LootInfo=-1 Name=LOC_CITIZEN_MAYA_MODERN_MALE_9 Operation=58 PlotIndex=1409
mission CityName=LOC_CITY_NAME_WINNIPEG CompletionTurn=223 EscapeResult=-1 InitialResult=5 LevelAfter=4 LootInfo=-1 Name=LOC_CITIZEN_MAYA_MODERN_FEMALE_9 Operation=58 PlotIndex=1743
mission CityName=LOC_CITY_NAME_QUEBEC_CITY CompletionTurn=221 EscapeResult=-1 InitialResult=3 LevelAfter=4 LootInfo=-1 Name=LOC_CITIZEN_MAYA_MODERN_FEMALE_6 Operation=58 PlotIndex=1404
mission CityName=LOC_CITY_NAME_MONTREAL CompletionTurn=221 EscapeResult=2 InitialResult=2 LevelAfter=1 LootInfo=-1 Name=LOC_CITIZEN_MAYA_MALE_6 Operation=58 PlotIndex=1314
mission CityName=LOC_CITY_NAME_OTTAWA CompletionTurn=220 EscapeResult=-1 InitialResult=5 LevelAfter=4 LootInfo=-1 Name=LOC_CITIZEN_MAYA_MODERN_MALE_9 Operation=58 PlotIndex=978
mission CityName=LOC_CITY_NAME_MONTREAL CompletionTurn=218 EscapeResult=-1 InitialResult=4 LevelAfter=3 LootInfo=-1 Name=LOC_CITIZEN_MAYA_FEMALE_1 Operation=58 PlotIndex=1314
mission CityName=LOC_CITY_NAME_TORONTO CompletionTurn=218 EscapeResult=-1 InitialResult=5 LevelAfter=2 LootInfo=-1 Name=LOC_CITIZEN_MAYA_MODERN_FEMALE_4 Operation=58 PlotIndex=1818
mission CityName=LOC_CITY_NAME_MONTREAL CompletionTurn=217 EscapeResult=-1 InitialResult=5 LevelAfter=2 LootInfo=-1 Name=LOC_CITIZEN_MAYA_FEMALE_1 Operation=58 PlotIndex=1314
mission CityName=LOC_CITY_NAME_WINNIPEG CompletionTurn=217 EscapeResult=-1 InitialResult=5 LevelAfter=4 LootInfo=-1 Name=LOC_CITIZEN_MAYA_MODERN_FEMALE_9 Operation=58 PlotIndex=1743
mission CityName=LOC_CITY_NAME_SAINT_JOHN CompletionTurn=215 EscapeResult=0 InitialResult=2 LevelAfter=1 LootInfo=-1 Name=LOC_CITIZEN_MAYA_MODERN_MALE_1 Operation=58 PlotIndex=1991
mission CityName=LOC_CITY_NAME_VICTORIA CompletionTurn=215 EscapeResult=0 InitialResult=2 LevelAfter=1 LootInfo=-1 Name=LOC_CITIZEN_MAYA_MALE_1 Operation=58 PlotIndex=889
mission CityName=LOC_CITY_NAME_HALIFAX CompletionTurn=215 EscapeResult=-1 InitialResult=1 LevelAfter=1 LootInfo=-1 Name=LOC_CITIZEN_MAYA_MALE_8 Operation=58 PlotIndex=1409
mission CityName=LOC_CITY_NAME_QUEBEC_CITY CompletionTurn=215 EscapeResult=-1 InitialResult=5 LevelAfter=4 LootInfo=-1 Name=LOC_CITIZEN_MAYA_MODERN_FEMALE_6 Operation=58 PlotIndex=1404
mission CityName=LOC_CITY_NAME_TORONTO CompletionTurn=214 EscapeResult=-1 InitialResult=3 LevelAfter=1 LootInfo=-1 Name=LOC_CITIZEN_MAYA_FEMALE_8 Operation=58 PlotIndex=1818
mission CityName=LOC_CITY_NAME_OTTAWA CompletionTurn=214 EscapeResult=-1 InitialResult=5 LevelAfter=4 LootInfo=-1 Name=LOC_CITIZEN_MAYA_MODERN_MALE_9 Operation=58 PlotIndex=978
mission CityName=LOC_CITY_NAME_VANCOUVER CompletionTurn=212 EscapeResult=-1 InitialResult=1 LevelAfter=1 LootInfo=-1 Name=LOC_CITIZEN_MAYA_FEMALE_3 Operation=58 PlotIndex=801
mission CityName=LOC_CITY_NAME_SAINT_JOHN CompletionTurn=210 EscapeResult=-1 InitialResult=3 LevelAfter=1 LootInfo=-1 Name=LOC_CITIZEN_MAYA_MODERN_MALE_1 Operation=58 PlotIndex=1991
mission CityName=LOC_CITY_NAME_QUEBEC_CITY CompletionTurn=210 EscapeResult=-1 InitialResult=3 LevelAfter=3 LootInfo=-1 Name=LOC_CITIZEN_MAYA_MODERN_FEMALE_6 Operation=58 PlotIndex=1404
mission CityName=LOC_CITY_NAME_WINNIPEG CompletionTurn=210 EscapeResult=-1 InitialResult=5 LevelAfter=3 LootInfo=-1 Name=LOC_CITIZEN_MAYA_MODERN_FEMALE_9 Operation=58 PlotIndex=1743
mission CityName=LOC_CITY_NAME_HALIFAX CompletionTurn=209 EscapeResult=-1 InitialResult=0 LevelAfter=2 LootInfo=-1 Name=LOC_CITIZEN_MAYA_MODERN_MALE_6 Operation=58 PlotIndex=1409
mission CityName=LOC_CITY_NAME_OTTAWA CompletionTurn=208 EscapeResult=-1 InitialResult=5 LevelAfter=3 LootInfo=-1 Name=LOC_CITIZEN_MAYA_MODERN_MALE_9 Operation=58 PlotIndex=978
mission CityName=LOC_CITY_NAME_MONTREAL CompletionTurn=208 EscapeResult=0 InitialResult=2 LevelAfter=2 LootInfo=-1 Name=LOC_CITIZEN_MAYA_MODERN_FEMALE_7 Operation=58 PlotIndex=1314
mission CityName=LOC_CITY_NAME_WINDSOR CompletionTurn=206 EscapeResult=-1 InitialResult=0 LevelAfter=1 LootInfo=-1 Name=LOC_CITIZEN_MAYA_MALE_5 Operation=58 PlotIndex=1392
mission CityName=LOC_CITY_NAME_VANCOUVER CompletionTurn=206 EscapeResult=-1 InitialResult=0 LevelAfter=1 LootInfo=-1 Name=LOC_CITIZEN_MAYA_MODERN_FEMALE_1 Operation=58 PlotIndex=801
mission CityName=LOC_CITY_NAME_HALIFAX CompletionTurn=203 EscapeResult=-1 InitialResult=5 LevelAfter=2 LootInfo=-1 Name=LOC_CITIZEN_MAYA_MODERN_MALE_6 Operation=58 PlotIndex=1409
mission CityName=LOC_CITY_NAME_QUEBEC_CITY CompletionTurn=203 EscapeResult=-1 InitialResult=5 LevelAfter=3 LootInfo=-1 Name=LOC_CITIZEN_MAYA_MODERN_FEMALE_6 Operation=58 PlotIndex=1404
mission CityName=LOC_GOSSIP_LOST_CITY CompletionTurn=203 EscapeResult=0 InitialResult=4 LevelAfter=2 LootInfo=-1 Name=LOC_CITIZEN_MAYA_MODERN_MALE_4 Operation=58 PlotIndex=3635
mission CityName=LOC_CITY_NAME_QUEBEC_CITY CompletionTurn=196 EscapeResult=-1 InitialResult=1 LevelAfter=1 LootInfo=-1 Name=LOC_CITIZEN_MAYA_MALE_6 Operation=58 PlotIndex=1404
mission CityName=LOC_CITY_NAME_VANCOUVER CompletionTurn=194 EscapeResult=0 InitialResult=4 LevelAfter=2 LootInfo=-1 Name=LOC_CITIZEN_MAYA_MODERN_FEMALE_2 Operation=58 PlotIndex=801
mission CityName=LOC_CITY_NAME_RUATORIA CompletionTurn=192 EscapeResult=-1 InitialResult=5 LevelAfter=2 LootInfo=-1 Name=LOC_CITIZEN_MAYA_MODERN_FEMALE_6 Operation=58 PlotIndex=1833
mission CityName=LOC_CITY_NAME_QUEBEC_CITY CompletionTurn=192 EscapeResult=-1 InitialResult=1 LevelAfter=1 LootInfo=-1 Name=LOC_CITIZEN_MAYA_FEMALE_6 Operation=58 PlotIndex=1404
mission CityName=LOC_CITY_NAME_VANCOUVER CompletionTurn=190 EscapeResult=-1 InitialResult=0 LevelAfter=1 LootInfo=-1 Name=LOC_CITIZEN_MAYA_MODERN_FEMALE_3 Operation=58 PlotIndex=801
mission CityName=LOC_CITY_NAME_TE_HOKIANGA_NU_A_KUPE CompletionTurn=189 EscapeResult=2 InitialResult=2 LevelAfter=1 LootInfo=-1 Name=LOC_CITIZEN_MAYA_MODERN_FEMALE_4 Operation=58 PlotIndex=772
mission CityName=LOC_CITY_NAME_TORONTO CompletionTurn=189 EscapeResult=2 InitialResult=2 LevelAfter=1 LootInfo=-1 Name=LOC_CITIZEN_MAYA_MALE_8 Operation=58 PlotIndex=1818
mission CityName=LOC_CITY_NAME_VICTORIA CompletionTurn=187 EscapeResult=0 InitialResult=4 LevelAfter=2 LootInfo=-1 Name=LOC_CITIZEN_MAYA_FEMALE_7 Operation=58 PlotIndex=889
mission CityName=LOC_CITY_NAME_WINNIPEG CompletionTurn=187 EscapeResult=1 InitialResult=2 LevelAfter=1 LootInfo=-1 Name=LOC_CITIZEN_MAYA_FEMALE_4 Operation=58 PlotIndex=1743
mission CityName=LOC_CITY_NAME_HALIFAX CompletionTurn=187 EscapeResult=2 InitialResult=4 LevelAfter=2 LootInfo=-1 Name=LOC_CITIZEN_MAYA_MODERN_MALE_9 Operation=58 PlotIndex=1409
mission CityName=LOC_CITY_NAME_QUEBEC_CITY CompletionTurn=184 EscapeResult=-1 InitialResult=0 LevelAfter=1 LootInfo=-1 Name=LOC_CITIZEN_MAYA_MODERN_MALE_10 Operation=58 PlotIndex=1404
mission CityName=LOC_CITY_NAME_SAINT_JOHN CompletionTurn=184 EscapeResult=2 InitialResult=4 LevelAfter=2 LootInfo=-1 Name=LOC_CITIZEN_MAYA_MODERN_FEMALE_9 Operation=58 PlotIndex=1991
mission CityName=LOC_CITY_NAME_OTTAWA CompletionTurn=182 EscapeResult=0 InitialResult=4 LevelAfter=2 LootInfo=-1 Name=LOC_CITIZEN_MAYA_MODERN_FEMALE_8 Operation=58 PlotIndex=978
mission CityName=LOC_CITY_NAME_MONTREAL CompletionTurn=182 EscapeResult=2 InitialResult=4 LevelAfter=2 LootInfo=-1 Name=LOC_CITIZEN_MAYA_MODERN_FEMALE_7 Operation=58 PlotIndex=1314
mission CityName=LOC_CITY_NAME_TORONTO CompletionTurn=182 EscapeResult=-1 InitialResult=1 LevelAfter=1 LootInfo=-1 Name=LOC_CITIZEN_MAYA_MODERN_FEMALE_5 Operation=58 PlotIndex=1818
tally 6  FOMENT_UNREST CAPTURED / NO_RESULT
tally 1  FOMENT_UNREST FAIL_MUST_ESCAPE / CAPTURED
tally 4  FOMENT_UNREST FAIL_MUST_ESCAPE / FAIL_MUST_ESCAPE
tally 3  FOMENT_UNREST FAIL_MUST_ESCAPE / KILLED
tally 6  FOMENT_UNREST FAIL_UNDETECTED / NO_RESULT
tally 6  FOMENT_UNREST KILLED / NO_RESULT
tally 6  FOMENT_UNREST SUCCESS_MUST_ESCAPE / FAIL_MUST_ESCAPE
tally 5  FOMENT_UNREST SUCCESS_MUST_ESCAPE / KILLED
tally 1  FOMENT_UNREST SUCCESS_MUST_ESCAPE / NO_RESULT
tally 15  FOMENT_UNREST SUCCESS_UNDETECTED / NO_RESULT
turn 235 spies active 4 idle 1 missions 53 captured-enemy 0
spy 10682381 LOC_CITIZEN_MAYA_MODERN_MALE_5 level 1 at 54:15 start
spy 10354709 LOC_CITIZEN_MAYA_MODERN_FEMALE_9 level 4 at 65:16 busy
spy 7929878 LOC_CITIZEN_MAYA_MODERN_FEMALE_8 level 1 at 54:21 busy
spy 10289175 LOC_CITIZEN_MAYA_MODERN_FEMALE_4 level 3 at 60:16 busy
spy 6750236 LOC_CITIZEN_MAYA_MODERN_MALE_9 level 4 at 54:11 start
spy 7536669 LOC_CITIZEN_MAYA_FEMALE_8 level 1 at 54:21 refused
spy 10616871 LOC_CITIZEN_MAYA_MODERN_FEMALE_1 level 1 at 36:42 travel
turn 235 spies 7 started 2 travelled 1 promoted 0 bought 0 gold 50000
unblock: blocker ENDTURN_BLOCKING_COMMEMORATION_AVAILABLE -> nothing | end turn requested
unblock: blocker ENDTURN_BLOCKING_COMMEMORATION_AVAILABLE -> nothing | end turn requested
unblock: blocker ENDTURN_BLOCKING_COMMEMORATION_AVAILABLE -> nothing | end turn requested
unstuck: NaturalDisasterPopup: closed
mission CityName=LOC_CITY_NAME_QUEBEC_CITY CompletionTurn=236 EscapeResult=-1 InitialResult=4 LevelAfter=4 LootInfo=-1 Name=LOC_CITIZEN_MAYA_MODERN_FEMALE_4 Operation=58 PlotIndex=1404
mission CityName=LOC_CITY_NAME_TORONTO CompletionTurn=236 EscapeResult=-1 InitialResult=4 LevelAfter=2 LootInfo=-1 Name=LOC_CITIZEN_MAYA_MODERN_FEMALE_8 Operation=58 PlotIndex=1818
mission CityName=LOC_CITY_NAME_HALIFAX CompletionTurn=236 EscapeResult=-1 InitialResult=3 LevelAfter=4 LootInfo=-1 Name=LOC_CITIZEN_MAYA_MODERN_FEMALE_9 Operation=58 PlotIndex=1409
mission CityName=LOC_CITY_NAME_OTTAWA CompletionTurn=235 EscapeResult=-1 InitialResult=5 LevelAfter=4 LootInfo=-1 Name=LOC_CITIZEN_MAYA_MODERN_MALE_9 Operation=58 PlotIndex=978
mission CityName=LOC_CITY_NAME_MONTREAL CompletionTurn=232 EscapeResult=-1 InitialResult=0 LevelAfter=1 LootInfo=-1 Name=LOC_CITIZEN_MAYA_MALE_6 Operation=58 PlotIndex=1314
mission CityName=LOC_CITY_NAME_TORONTO CompletionTurn=232 EscapeResult=-1 InitialResult=3 LevelAfter=1 LootInfo=-1 Name=LOC_CITIZEN_MAYA_MODERN_FEMALE_8 Operation=58 PlotIndex=1818
mission CityName=LOC_CITY_NAME_OTTAWA CompletionTurn=229 EscapeResult=-1 InitialResult=5 LevelAfter=4 LootInfo=-1 Name=LOC_CITIZEN_MAYA_MODERN_MALE_9 Operation=58 PlotIndex=978
mission CityName=LOC_CITY_NAME_QUEBEC_CITY CompletionTurn=229 EscapeResult=2 InitialResult=4 LevelAfter=4 LootInfo=-1 Name=LOC_CITIZEN_MAYA_MODERN_FEMALE_6 Operation=58 PlotIndex=1404
mission CityName=LOC_CITY_NAME_VICTORIA CompletionTurn=228 EscapeResult=0 InitialResult=4 LevelAfter=4 LootInfo=-1 Name=LOC_CITIZEN_MAYA_FEMALE_1 Operation=58 PlotIndex=889
mission CityName=LOC_CITY_NAME_WINNIPEG CompletionTurn=228 EscapeResult=2 InitialResult=4 LevelAfter=4 LootInfo=-1 Name=LOC_CITIZEN_MAYA_MODERN_FEMALE_9 Operation=58 PlotIndex=1743
mission CityName=LOC_CITY_NAME_OTTAWA CompletionTurn=225 EscapeResult=-1 InitialResult=3 LevelAfter=4 LootInfo=-1 Name=LOC_CITIZEN_MAYA_MODERN_MALE_9 Operation=58 PlotIndex=978
mission CityName=LOC_CITY_NAME_SAINT_JOHN CompletionTurn=225 EscapeResult=2 InitialResult=2 LevelAfter=1 LootInfo=-1 Name=LOC_CITIZEN_MAYA_MODERN_FEMALE_1 Operation=58 PlotIndex=1991
mission CityName=LOC_CITY_NAME_QUEBEC_CITY CompletionTurn=225 EscapeResult=-1 InitialResult=5 LevelAfter=4 LootInfo=-1 Name=LOC_CITIZEN_MAYA_MODERN_FEMALE_6 Operation=58 PlotIndex=1404
mission CityName=LOC_CITY_NAME_TORONTO CompletionTurn=225 EscapeResult=2 InitialResult=4 LevelAfter=3 LootInfo=-1 Name=LOC_CITIZEN_MAYA_MODERN_FEMALE_4 Operation=58 PlotIndex=1818
mission CityName=LOC_CITY_NAME_HALIFAX CompletionTurn=223 EscapeResult=-1 InitialResult=1 LevelAfter=1 LootInfo=-1 Name=LOC_CITIZEN_MAYA_MODERN_MALE_9 Operation=58 PlotIndex=1409
mission CityName=LOC_CITY_NAME_WINNIPEG CompletionTurn=223 EscapeResult=-1 InitialResult=5 LevelAfter=4 LootInfo=-1 Name=LOC_CITIZEN_MAYA_MODERN_FEMALE_9 Operation=58 PlotIndex=1743
mission CityName=LOC_CITY_NAME_QUEBEC_CITY CompletionTurn=221 EscapeResult=-1 InitialResult=3 LevelAfter=4 LootInfo=-1 Name=LOC_CITIZEN_MAYA_MODERN_FEMALE_6 Operation=58 PlotIndex=1404
mission CityName=LOC_CITY_NAME_MONTREAL CompletionTurn=221 EscapeResult=2 InitialResult=2 LevelAfter=1 LootInfo=-1 Name=LOC_CITIZEN_MAYA_MALE_6 Operation=58 PlotIndex=1314
mission CityName=LOC_CITY_NAME_OTTAWA CompletionTurn=220 EscapeResult=-1 InitialResult=5 LevelAfter=4 LootInfo=-1 Name=LOC_CITIZEN_MAYA_MODERN_MALE_9 Operation=58 PlotIndex=978
mission CityName=LOC_CITY_NAME_MONTREAL CompletionTurn=218 EscapeResult=-1 InitialResult=4 LevelAfter=3 LootInfo=-1 Name=LOC_CITIZEN_MAYA_FEMALE_1 Operation=58 PlotIndex=1314
mission CityName=LOC_CITY_NAME_TORONTO CompletionTurn=218 EscapeResult=-1 InitialResult=5 LevelAfter=2 LootInfo=-1 Name=LOC_CITIZEN_MAYA_MODERN_FEMALE_4 Operation=58 PlotIndex=1818
mission CityName=LOC_CITY_NAME_MONTREAL CompletionTurn=217 EscapeResult=-1 InitialResult=5 LevelAfter=2 LootInfo=-1 Name=LOC_CITIZEN_MAYA_FEMALE_1 Operation=58 PlotIndex=1314
mission CityName=LOC_CITY_NAME_WINNIPEG CompletionTurn=217 EscapeResult=-1 InitialResult=5 LevelAfter=4 LootInfo=-1 Name=LOC_CITIZEN_MAYA_MODERN_FEMALE_9 Operation=58 PlotIndex=1743
mission CityName=LOC_CITY_NAME_SAINT_JOHN CompletionTurn=215 EscapeResult=0 InitialResult=2 LevelAfter=1 LootInfo=-1 Name=LOC_CITIZEN_MAYA_MODERN_MALE_1 Operation=58 PlotIndex=1991
mission CityName=LOC_CITY_NAME_VICTORIA CompletionTurn=215 EscapeResult=0 InitialResult=2 LevelAfter=1 LootInfo=-1 Name=LOC_CITIZEN_MAYA_MALE_1 Operation=58 PlotIndex=889
mission CityName=LOC_CITY_NAME_HALIFAX CompletionTurn=215 EscapeResult=-1 InitialResult=1 LevelAfter=1 LootInfo=-1 Name=LOC_CITIZEN_MAYA_MALE_8 Operation=58 PlotIndex=1409
mission CityName=LOC_CITY_NAME_QUEBEC_CITY CompletionTurn=215 EscapeResult=-1 InitialResult=5 LevelAfter=4 LootInfo=-1 Name=LOC_CITIZEN_MAYA_MODERN_FEMALE_6 Operation=58 PlotIndex=1404
mission CityName=LOC_CITY_NAME_TORONTO CompletionTurn=214 EscapeResult=-1 InitialResult=3 LevelAfter=1 LootInfo=-1 Name=LOC_CITIZEN_MAYA_FEMALE_8 Operation=58 PlotIndex=1818
mission CityName=LOC_CITY_NAME_OTTAWA CompletionTurn=214 EscapeResult=-1 InitialResult=5 LevelAfter=4 LootInfo=-1 Name=LOC_CITIZEN_MAYA_MODERN_MALE_9 Operation=58 PlotIndex=978
mission CityName=LOC_CITY_NAME_VANCOUVER CompletionTurn=212 EscapeResult=-1 InitialResult=1 LevelAfter=1 LootInfo=-1 Name=LOC_CITIZEN_MAYA_FEMALE_3 Operation=58 PlotIndex=801
mission CityName=LOC_CITY_NAME_SAINT_JOHN CompletionTurn=210 EscapeResult=-1 InitialResult=3 LevelAfter=1 LootInfo=-1 Name=LOC_CITIZEN_MAYA_MODERN_MALE_1 Operation=58 PlotIndex=1991
mission CityName=LOC_CITY_NAME_QUEBEC_CITY CompletionTurn=210 EscapeResult=-1 InitialResult=3 LevelAfter=3 LootInfo=-1 Name=LOC_CITIZEN_MAYA_MODERN_FEMALE_6 Operation=58 PlotIndex=1404
mission CityName=LOC_CITY_NAME_WINNIPEG CompletionTurn=210 EscapeResult=-1 InitialResult=5 LevelAfter=3 LootInfo=-1 Name=LOC_CITIZEN_MAYA_MODERN_FEMALE_9 Operation=58 PlotIndex=1743
mission CityName=LOC_CITY_NAME_HALIFAX CompletionTurn=209 EscapeResult=-1 InitialResult=0 LevelAfter=2 LootInfo=-1 Name=LOC_CITIZEN_MAYA_MODERN_MALE_6 Operation=58 PlotIndex=1409
mission CityName=LOC_CITY_NAME_OTTAWA CompletionTurn=208 EscapeResult=-1 InitialResult=5 LevelAfter=3 LootInfo=-1 Name=LOC_CITIZEN_MAYA_MODERN_MALE_9 Operation=58 PlotIndex=978
mission CityName=LOC_CITY_NAME_MONTREAL CompletionTurn=208 EscapeResult=0 InitialResult=2 LevelAfter=2 LootInfo=-1 Name=LOC_CITIZEN_MAYA_MODERN_FEMALE_7 Operation=58 PlotIndex=1314
mission CityName=LOC_CITY_NAME_WINDSOR CompletionTurn=206 EscapeResult=-1 InitialResult=0 LevelAfter=1 LootInfo=-1 Name=LOC_CITIZEN_MAYA_MALE_5 Operation=58 PlotIndex=1392
mission CityName=LOC_CITY_NAME_VANCOUVER CompletionTurn=206 EscapeResult=-1 InitialResult=0 LevelAfter=1 LootInfo=-1 Name=LOC_CITIZEN_MAYA_MODERN_FEMALE_1 Operation=58 PlotIndex=801
mission CityName=LOC_CITY_NAME_HALIFAX CompletionTurn=203 EscapeResult=-1 InitialResult=5 LevelAfter=2 LootInfo=-1 Name=LOC_CITIZEN_MAYA_MODERN_MALE_6 Operation=58 PlotIndex=1409
mission CityName=LOC_CITY_NAME_QUEBEC_CITY CompletionTurn=203 EscapeResult=-1 InitialResult=5 LevelAfter=3 LootInfo=-1 Name=LOC_CITIZEN_MAYA_MODERN_FEMALE_6 Operation=58 PlotIndex=1404
mission CityName=LOC_GOSSIP_LOST_CITY CompletionTurn=203 EscapeResult=0 InitialResult=4 LevelAfter=2 LootInfo=-1 Name=LOC_CITIZEN_MAYA_MODERN_MALE_4 Operation=58 PlotIndex=3635
mission CityName=LOC_CITY_NAME_QUEBEC_CITY CompletionTurn=196 EscapeResult=-1 InitialResult=1 LevelAfter=1 LootInfo=-1 Name=LOC_CITIZEN_MAYA_MALE_6 Operation=58 PlotIndex=1404
mission CityName=LOC_CITY_NAME_VANCOUVER CompletionTurn=194 EscapeResult=0 InitialResult=4 LevelAfter=2 LootInfo=-1 Name=LOC_CITIZEN_MAYA_MODERN_FEMALE_2 Operation=58 PlotIndex=801
mission CityName=LOC_CITY_NAME_RUATORIA CompletionTurn=192 EscapeResult=-1 InitialResult=5 LevelAfter=2 LootInfo=-1 Name=LOC_CITIZEN_MAYA_MODERN_FEMALE_6 Operation=58 PlotIndex=1833
mission CityName=LOC_CITY_NAME_QUEBEC_CITY CompletionTurn=192 EscapeResult=-1 InitialResult=1 LevelAfter=1 LootInfo=-1 Name=LOC_CITIZEN_MAYA_FEMALE_6 Operation=58 PlotIndex=1404
mission CityName=LOC_CITY_NAME_VANCOUVER CompletionTurn=190 EscapeResult=-1 InitialResult=0 LevelAfter=1 LootInfo=-1 Name=LOC_CITIZEN_MAYA_MODERN_FEMALE_3 Operation=58 PlotIndex=801
mission CityName=LOC_CITY_NAME_TE_HOKIANGA_NU_A_KUPE CompletionTurn=189 EscapeResult=2 InitialResult=2 LevelAfter=1 LootInfo=-1 Name=LOC_CITIZEN_MAYA_MODERN_FEMALE_4 Operation=58 PlotIndex=772
mission CityName=LOC_CITY_NAME_TORONTO CompletionTurn=189 EscapeResult=2 InitialResult=2 LevelAfter=1 LootInfo=-1 Name=LOC_CITIZEN_MAYA_MALE_8 Operation=58 PlotIndex=1818
mission CityName=LOC_CITY_NAME_VICTORIA CompletionTurn=187 EscapeResult=0 InitialResult=4 LevelAfter=2 LootInfo=-1 Name=LOC_CITIZEN_MAYA_FEMALE_7 Operation=58 PlotIndex=889
mission CityName=LOC_CITY_NAME_WINNIPEG CompletionTurn=187 EscapeResult=1 InitialResult=2 LevelAfter=1 LootInfo=-1 Name=LOC_CITIZEN_MAYA_FEMALE_4 Operation=58 PlotIndex=1743
mission CityName=LOC_CITY_NAME_HALIFAX CompletionTurn=187 EscapeResult=2 InitialResult=4 LevelAfter=2 LootInfo=-1 Name=LOC_CITIZEN_MAYA_MODERN_MALE_9 Operation=58 PlotIndex=1409
mission CityName=LOC_CITY_NAME_QUEBEC_CITY CompletionTurn=184 EscapeResult=-1 InitialResult=0 LevelAfter=1 LootInfo=-1 Name=LOC_CITIZEN_MAYA_MODERN_MALE_10 Operation=58 PlotIndex=1404
mission CityName=LOC_CITY_NAME_SAINT_JOHN CompletionTurn=184 EscapeResult=2 InitialResult=4 LevelAfter=2 LootInfo=-1 Name=LOC_CITIZEN_MAYA_MODERN_FEMALE_9 Operation=58 PlotIndex=1991
mission CityName=LOC_CITY_NAME_OTTAWA CompletionTurn=182 EscapeResult=0 InitialResult=4 LevelAfter=2 LootInfo=-1 Name=LOC_CITIZEN_MAYA_MODERN_FEMALE_8 Operation=58 PlotIndex=978
mission CityName=LOC_CITY_NAME_MONTREAL CompletionTurn=182 EscapeResult=2 InitialResult=4 LevelAfter=2 LootInfo=-1 Name=LOC_CITIZEN_MAYA_MODERN_FEMALE_7 Operation=58 PlotIndex=1314
mission CityName=LOC_CITY_NAME_TORONTO CompletionTurn=182 EscapeResult=-1 InitialResult=1 LevelAfter=1 LootInfo=-1 Name=LOC_CITIZEN_MAYA_MODERN_FEMALE_5 Operation=58 PlotIndex=1818
tally 6  FOMENT_UNREST CAPTURED / NO_RESULT
tally 1  FOMENT_UNREST FAIL_MUST_ESCAPE / CAPTURED
tally 4  FOMENT_UNREST FAIL_MUST_ESCAPE / FAIL_MUST_ESCAPE
tally 3  FOMENT_UNREST FAIL_MUST_ESCAPE / KILLED
tally 7  FOMENT_UNREST FAIL_UNDETECTED / NO_RESULT
tally 6  FOMENT_UNREST KILLED / NO_RESULT
tally 6  FOMENT_UNREST SUCCESS_MUST_ESCAPE / FAIL_MUST_ESCAPE
tally 5  FOMENT_UNREST SUCCESS_MUST_ESCAPE / KILLED
tally 3  FOMENT_UNREST SUCCESS_MUST_ESCAPE / NO_RESULT
tally 15  FOMENT_UNREST SUCCESS_UNDETECTED / NO_RESULT
turn 236 spies active 4 idle 3 missions 56 captured-enemy 0
spy 10682381 LOC_CITIZEN_MAYA_MODERN_MALE_5 level 1 at 54:15 busy
spy 10354709 LOC_CITIZEN_MAYA_MODERN_FEMALE_9 level 4 at 65:16 start
spy 7929878 LOC_CITIZEN_MAYA_MODERN_FEMALE_8 level 1 at 54:21 busy
spy 10289175 LOC_CITIZEN_MAYA_MODERN_FEMALE_4 level 3 at 60:16 busy
spy 6750236 LOC_CITIZEN_MAYA_MODERN_MALE_9 level 4 at 54:11 busy
spy 7536669 LOC_CITIZEN_MAYA_FEMALE_8 level 1 at 54:21 refused
spy 10747945 LOC_CITIZEN_MAYA_MALE_5 level 1 at 59:23 start
turn 236 spies 7 started 2 travelled 0 promoted 2 bought 0 gold 50000
unblock: blocker ENDTURN_BLOCKING_COMMEMORATION_AVAILABLE -> nothing | end turn requested
unblock: blocker ENDTURN_BLOCKING_COMMEMORATION_AVAILABLE -> nothing | end turn requested
mission CityName=LOC_CITY_NAME_QUEBEC_CITY CompletionTurn=236 EscapeResult=-1 InitialResult=4 LevelAfter=4 LootInfo=-1 Name=LOC_CITIZEN_MAYA_MODERN_FEMALE_4 Operation=58 PlotIndex=1404
mission CityName=LOC_CITY_NAME_TORONTO CompletionTurn=236 EscapeResult=-1 InitialResult=4 LevelAfter=2 LootInfo=-1 Name=LOC_CITIZEN_MAYA_MODERN_FEMALE_8 Operation=58 PlotIndex=1818
mission CityName=LOC_CITY_NAME_HALIFAX CompletionTurn=236 EscapeResult=-1 InitialResult=3 LevelAfter=4 LootInfo=-1 Name=LOC_CITIZEN_MAYA_MODERN_FEMALE_9 Operation=58 PlotIndex=1409
mission CityName=LOC_CITY_NAME_OTTAWA CompletionTurn=235 EscapeResult=-1 InitialResult=5 LevelAfter=4 LootInfo=-1 Name=LOC_CITIZEN_MAYA_MODERN_MALE_9 Operation=58 PlotIndex=978
mission CityName=LOC_CITY_NAME_MONTREAL CompletionTurn=232 EscapeResult=-1 InitialResult=0 LevelAfter=1 LootInfo=-1 Name=LOC_CITIZEN_MAYA_MALE_6 Operation=58 PlotIndex=1314
mission CityName=LOC_CITY_NAME_TORONTO CompletionTurn=232 EscapeResult=-1 InitialResult=3 LevelAfter=1 LootInfo=-1 Name=LOC_CITIZEN_MAYA_MODERN_FEMALE_8 Operation=58 PlotIndex=1818
mission CityName=LOC_CITY_NAME_OTTAWA CompletionTurn=229 EscapeResult=-1 InitialResult=5 LevelAfter=4 LootInfo=-1 Name=LOC_CITIZEN_MAYA_MODERN_MALE_9 Operation=58 PlotIndex=978
mission CityName=LOC_CITY_NAME_QUEBEC_CITY CompletionTurn=229 EscapeResult=2 InitialResult=4 LevelAfter=4 LootInfo=-1 Name=LOC_CITIZEN_MAYA_MODERN_FEMALE_6 Operation=58 PlotIndex=1404
mission CityName=LOC_CITY_NAME_VICTORIA CompletionTurn=228 EscapeResult=0 InitialResult=4 LevelAfter=4 LootInfo=-1 Name=LOC_CITIZEN_MAYA_FEMALE_1 Operation=58 PlotIndex=889
mission CityName=LOC_CITY_NAME_WINNIPEG CompletionTurn=228 EscapeResult=2 InitialResult=4 LevelAfter=4 LootInfo=-1 Name=LOC_CITIZEN_MAYA_MODERN_FEMALE_9 Operation=58 PlotIndex=1743
mission CityName=LOC_CITY_NAME_OTTAWA CompletionTurn=225 EscapeResult=-1 InitialResult=3 LevelAfter=4 LootInfo=-1 Name=LOC_CITIZEN_MAYA_MODERN_MALE_9 Operation=58 PlotIndex=978
mission CityName=LOC_CITY_NAME_SAINT_JOHN CompletionTurn=225 EscapeResult=2 InitialResult=2 LevelAfter=1 LootInfo=-1 Name=LOC_CITIZEN_MAYA_MODERN_FEMALE_1 Operation=58 PlotIndex=1991
mission CityName=LOC_CITY_NAME_QUEBEC_CITY CompletionTurn=225 EscapeResult=-1 InitialResult=5 LevelAfter=4 LootInfo=-1 Name=LOC_CITIZEN_MAYA_MODERN_FEMALE_6 Operation=58 PlotIndex=1404
mission CityName=LOC_CITY_NAME_TORONTO CompletionTurn=225 EscapeResult=2 InitialResult=4 LevelAfter=3 LootInfo=-1 Name=LOC_CITIZEN_MAYA_MODERN_FEMALE_4 Operation=58 PlotIndex=1818
mission CityName=LOC_CITY_NAME_HALIFAX CompletionTurn=223 EscapeResult=-1 InitialResult=1 LevelAfter=1 LootInfo=-1 Name=LOC_CITIZEN_MAYA_MODERN_MALE_9 Operation=58 PlotIndex=1409
mission CityName=LOC_CITY_NAME_WINNIPEG CompletionTurn=223 EscapeResult=-1 InitialResult=5 LevelAfter=4 LootInfo=-1 Name=LOC_CITIZEN_MAYA_MODERN_FEMALE_9 Operation=58 PlotIndex=1743
mission CityName=LOC_CITY_NAME_QUEBEC_CITY CompletionTurn=221 EscapeResult=-1 InitialResult=3 LevelAfter=4 LootInfo=-1 Name=LOC_CITIZEN_MAYA_MODERN_FEMALE_6 Operation=58 PlotIndex=1404
mission CityName=LOC_CITY_NAME_MONTREAL CompletionTurn=221 EscapeResult=2 InitialResult=2 LevelAfter=1 LootInfo=-1 Name=LOC_CITIZEN_MAYA_MALE_6 Operation=58 PlotIndex=1314
mission CityName=LOC_CITY_NAME_OTTAWA CompletionTurn=220 EscapeResult=-1 InitialResult=5 LevelAfter=4 LootInfo=-1 Name=LOC_CITIZEN_MAYA_MODERN_MALE_9 Operation=58 PlotIndex=978
mission CityName=LOC_CITY_NAME_MONTREAL CompletionTurn=218 EscapeResult=-1 InitialResult=4 LevelAfter=3 LootInfo=-1 Name=LOC_CITIZEN_MAYA_FEMALE_1 Operation=58 PlotIndex=1314
mission CityName=LOC_CITY_NAME_TORONTO CompletionTurn=218 EscapeResult=-1 InitialResult=5 LevelAfter=2 LootInfo=-1 Name=LOC_CITIZEN_MAYA_MODERN_FEMALE_4 Operation=58 PlotIndex=1818
mission CityName=LOC_CITY_NAME_MONTREAL CompletionTurn=217 EscapeResult=-1 InitialResult=5 LevelAfter=2 LootInfo=-1 Name=LOC_CITIZEN_MAYA_FEMALE_1 Operation=58 PlotIndex=1314
mission CityName=LOC_CITY_NAME_WINNIPEG CompletionTurn=217 EscapeResult=-1 InitialResult=5 LevelAfter=4 LootInfo=-1 Name=LOC_CITIZEN_MAYA_MODERN_FEMALE_9 Operation=58 PlotIndex=1743
mission CityName=LOC_CITY_NAME_SAINT_JOHN CompletionTurn=215 EscapeResult=0 InitialResult=2 LevelAfter=1 LootInfo=-1 Name=LOC_CITIZEN_MAYA_MODERN_MALE_1 Operation=58 PlotIndex=1991
mission CityName=LOC_CITY_NAME_VICTORIA CompletionTurn=215 EscapeResult=0 InitialResult=2 LevelAfter=1 LootInfo=-1 Name=LOC_CITIZEN_MAYA_MALE_1 Operation=58 PlotIndex=889
mission CityName=LOC_CITY_NAME_HALIFAX CompletionTurn=215 EscapeResult=-1 InitialResult=1 LevelAfter=1 LootInfo=-1 Name=LOC_CITIZEN_MAYA_MALE_8 Operation=58 PlotIndex=1409
mission CityName=LOC_CITY_NAME_QUEBEC_CITY CompletionTurn=215 EscapeResult=-1 InitialResult=5 LevelAfter=4 LootInfo=-1 Name=LOC_CITIZEN_MAYA_MODERN_FEMALE_6 Operation=58 PlotIndex=1404
mission CityName=LOC_CITY_NAME_TORONTO CompletionTurn=214 EscapeResult=-1 InitialResult=3 LevelAfter=1 LootInfo=-1 Name=LOC_CITIZEN_MAYA_FEMALE_8 Operation=58 PlotIndex=1818
mission CityName=LOC_CITY_NAME_OTTAWA CompletionTurn=214 EscapeResult=-1 InitialResult=5 LevelAfter=4 LootInfo=-1 Name=LOC_CITIZEN_MAYA_MODERN_MALE_9 Operation=58 PlotIndex=978
mission CityName=LOC_CITY_NAME_VANCOUVER CompletionTurn=212 EscapeResult=-1 InitialResult=1 LevelAfter=1 LootInfo=-1 Name=LOC_CITIZEN_MAYA_FEMALE_3 Operation=58 PlotIndex=801
mission CityName=LOC_CITY_NAME_SAINT_JOHN CompletionTurn=210 EscapeResult=-1 InitialResult=3 LevelAfter=1 LootInfo=-1 Name=LOC_CITIZEN_MAYA_MODERN_MALE_1 Operation=58 PlotIndex=1991
mission CityName=LOC_CITY_NAME_QUEBEC_CITY CompletionTurn=210 EscapeResult=-1 InitialResult=3 LevelAfter=3 LootInfo=-1 Name=LOC_CITIZEN_MAYA_MODERN_FEMALE_6 Operation=58 PlotIndex=1404
mission CityName=LOC_CITY_NAME_WINNIPEG CompletionTurn=210 EscapeResult=-1 InitialResult=5 LevelAfter=3 LootInfo=-1 Name=LOC_CITIZEN_MAYA_MODERN_FEMALE_9 Operation=58 PlotIndex=1743
mission CityName=LOC_CITY_NAME_HALIFAX CompletionTurn=209 EscapeResult=-1 InitialResult=0 LevelAfter=2 LootInfo=-1 Name=LOC_CITIZEN_MAYA_MODERN_MALE_6 Operation=58 PlotIndex=1409
mission CityName=LOC_CITY_NAME_OTTAWA CompletionTurn=208 EscapeResult=-1 InitialResult=5 LevelAfter=3 LootInfo=-1 Name=LOC_CITIZEN_MAYA_MODERN_MALE_9 Operation=58 PlotIndex=978
mission CityName=LOC_CITY_NAME_MONTREAL CompletionTurn=208 EscapeResult=0 InitialResult=2 LevelAfter=2 LootInfo=-1 Name=LOC_CITIZEN_MAYA_MODERN_FEMALE_7 Operation=58 PlotIndex=1314
mission CityName=LOC_CITY_NAME_WINDSOR CompletionTurn=206 EscapeResult=-1 InitialResult=0 LevelAfter=1 LootInfo=-1 Name=LOC_CITIZEN_MAYA_MALE_5 Operation=58 PlotIndex=1392
mission CityName=LOC_CITY_NAME_VANCOUVER CompletionTurn=206 EscapeResult=-1 InitialResult=0 LevelAfter=1 LootInfo=-1 Name=LOC_CITIZEN_MAYA_MODERN_FEMALE_1 Operation=58 PlotIndex=801
mission CityName=LOC_CITY_NAME_HALIFAX CompletionTurn=203 EscapeResult=-1 InitialResult=5 LevelAfter=2 LootInfo=-1 Name=LOC_CITIZEN_MAYA_MODERN_MALE_6 Operation=58 PlotIndex=1409
mission CityName=LOC_CITY_NAME_QUEBEC_CITY CompletionTurn=203 EscapeResult=-1 InitialResult=5 LevelAfter=3 LootInfo=-1 Name=LOC_CITIZEN_MAYA_MODERN_FEMALE_6 Operation=58 PlotIndex=1404
mission CityName=LOC_GOSSIP_LOST_CITY CompletionTurn=203 EscapeResult=0 InitialResult=4 LevelAfter=2 LootInfo=-1 Name=LOC_CITIZEN_MAYA_MODERN_MALE_4 Operation=58 PlotIndex=3635
mission CityName=LOC_CITY_NAME_QUEBEC_CITY CompletionTurn=196 EscapeResult=-1 InitialResult=1 LevelAfter=1 LootInfo=-1 Name=LOC_CITIZEN_MAYA_MALE_6 Operation=58 PlotIndex=1404
mission CityName=LOC_CITY_NAME_VANCOUVER CompletionTurn=194 EscapeResult=0 InitialResult=4 LevelAfter=2 LootInfo=-1 Name=LOC_CITIZEN_MAYA_MODERN_FEMALE_2 Operation=58 PlotIndex=801
mission CityName=LOC_CITY_NAME_RUATORIA CompletionTurn=192 EscapeResult=-1 InitialResult=5 LevelAfter=2 LootInfo=-1 Name=LOC_CITIZEN_MAYA_MODERN_FEMALE_6 Operation=58 PlotIndex=1833
mission CityName=LOC_CITY_NAME_QUEBEC_CITY CompletionTurn=192 EscapeResult=-1 InitialResult=1 LevelAfter=1 LootInfo=-1 Name=LOC_CITIZEN_MAYA_FEMALE_6 Operation=58 PlotIndex=1404
mission CityName=LOC_CITY_NAME_VANCOUVER CompletionTurn=190 EscapeResult=-1 InitialResult=0 LevelAfter=1 LootInfo=-1 Name=LOC_CITIZEN_MAYA_MODERN_FEMALE_3 Operation=58 PlotIndex=801
mission CityName=LOC_CITY_NAME_TE_HOKIANGA_NU_A_KUPE CompletionTurn=189 EscapeResult=2 InitialResult=2 LevelAfter=1 LootInfo=-1 Name=LOC_CITIZEN_MAYA_MODERN_FEMALE_4 Operation=58 PlotIndex=772
mission CityName=LOC_CITY_NAME_TORONTO CompletionTurn=189 EscapeResult=2 InitialResult=2 LevelAfter=1 LootInfo=-1 Name=LOC_CITIZEN_MAYA_MALE_8 Operation=58 PlotIndex=1818
mission CityName=LOC_CITY_NAME_VICTORIA CompletionTurn=187 EscapeResult=0 InitialResult=4 LevelAfter=2 LootInfo=-1 Name=LOC_CITIZEN_MAYA_FEMALE_7 Operation=58 PlotIndex=889
mission CityName=LOC_CITY_NAME_WINNIPEG CompletionTurn=187 EscapeResult=1 InitialResult=2 LevelAfter=1 LootInfo=-1 Name=LOC_CITIZEN_MAYA_FEMALE_4 Operation=58 PlotIndex=1743
mission CityName=LOC_CITY_NAME_HALIFAX CompletionTurn=187 EscapeResult=2 InitialResult=4 LevelAfter=2 LootInfo=-1 Name=LOC_CITIZEN_MAYA_MODERN_MALE_9 Operation=58 PlotIndex=1409
mission CityName=LOC_CITY_NAME_QUEBEC_CITY CompletionTurn=184 EscapeResult=-1 InitialResult=0 LevelAfter=1 LootInfo=-1 Name=LOC_CITIZEN_MAYA_MODERN_MALE_10 Operation=58 PlotIndex=1404
mission CityName=LOC_CITY_NAME_SAINT_JOHN CompletionTurn=184 EscapeResult=2 InitialResult=4 LevelAfter=2 LootInfo=-1 Name=LOC_CITIZEN_MAYA_MODERN_FEMALE_9 Operation=58 PlotIndex=1991
mission CityName=LOC_CITY_NAME_OTTAWA CompletionTurn=182 EscapeResult=0 InitialResult=4 LevelAfter=2 LootInfo=-1 Name=LOC_CITIZEN_MAYA_MODERN_FEMALE_8 Operation=58 PlotIndex=978
mission CityName=LOC_CITY_NAME_MONTREAL CompletionTurn=182 EscapeResult=2 InitialResult=4 LevelAfter=2 LootInfo=-1 Name=LOC_CITIZEN_MAYA_MODERN_FEMALE_7 Operation=58 PlotIndex=1314
mission CityName=LOC_CITY_NAME_TORONTO CompletionTurn=182 EscapeResult=-1 InitialResult=1 LevelAfter=1 LootInfo=-1 Name=LOC_CITIZEN_MAYA_MODERN_FEMALE_5 Operation=58 PlotIndex=1818
tally 6  FOMENT_UNREST CAPTURED / NO_RESULT
tally 1  FOMENT_UNREST FAIL_MUST_ESCAPE / CAPTURED
tally 4  FOMENT_UNREST FAIL_MUST_ESCAPE / FAIL_MUST_ESCAPE
tally 3  FOMENT_UNREST FAIL_MUST_ESCAPE / KILLED
tally 7  FOMENT_UNREST FAIL_UNDETECTED / NO_RESULT
tally 6  FOMENT_UNREST KILLED / NO_RESULT
tally 6  FOMENT_UNREST SUCCESS_MUST_ESCAPE / FAIL_MUST_ESCAPE
tally 5  FOMENT_UNREST SUCCESS_MUST_ESCAPE / KILLED
tally 3  FOMENT_UNREST SUCCESS_MUST_ESCAPE / NO_RESULT
tally 15  FOMENT_UNREST SUCCESS_UNDETECTED / NO_RESULT
turn 237 spies active 6 idle 1 missions 56 captured-enemy 0
spy 10682381 LOC_CITIZEN_MAYA_MODERN_MALE_5 level 1 at 54:15 busy
spy 10354709 LOC_CITIZEN_MAYA_MODERN_FEMALE_9 level 4 at 65:16 busy
spy 7929878 LOC_CITIZEN_MAYA_MODERN_FEMALE_8 level 2 at 54:21 busy
spy 10289175 LOC_CITIZEN_MAYA_MODERN_FEMALE_4 level 4 at 60:16 busy
spy 6750236 LOC_CITIZEN_MAYA_MODERN_MALE_9 level 4 at 54:11 busy
spy 7536669 LOC_CITIZEN_MAYA_FEMALE_8 level 1 at 54:21 refused
spy 10879011 LOC_CITIZEN_MAYA_MODERN_FEMALE_1 level 1 at 59:23 refused
spy 10813479 LOC_CITIZEN_MAYA_MODERN_FEMALE_6 level 4 at 49:10 start
spy 10747945 LOC_CITIZEN_MAYA_MALE_5 level 1 at 59:23 busy
turn 237 spies 9 started 1 travelled 0 promoted 0 bought 0 gold 50000
unblock: blocker ENDTURN_BLOCKING_COMMEMORATION_AVAILABLE -> nothing | end turn requested
unblock: blocker ENDTURN_BLOCKING_COMMEMORATION_AVAILABLE -> nothing | end turn requested
mission CityName=LOC_CITY_NAME_QUEBEC_CITY CompletionTurn=236 EscapeResult=-1 InitialResult=4 LevelAfter=4 LootInfo=-1 Name=LOC_CITIZEN_MAYA_MODERN_FEMALE_4 Operation=58 PlotIndex=1404
mission CityName=LOC_CITY_NAME_TORONTO CompletionTurn=236 EscapeResult=-1 InitialResult=4 LevelAfter=2 LootInfo=-1 Name=LOC_CITIZEN_MAYA_MODERN_FEMALE_8 Operation=58 PlotIndex=1818
mission CityName=LOC_CITY_NAME_HALIFAX CompletionTurn=236 EscapeResult=-1 InitialResult=3 LevelAfter=4 LootInfo=-1 Name=LOC_CITIZEN_MAYA_MODERN_FEMALE_9 Operation=58 PlotIndex=1409
mission CityName=LOC_CITY_NAME_OTTAWA CompletionTurn=235 EscapeResult=-1 InitialResult=5 LevelAfter=4 LootInfo=-1 Name=LOC_CITIZEN_MAYA_MODERN_MALE_9 Operation=58 PlotIndex=978
mission CityName=LOC_CITY_NAME_MONTREAL CompletionTurn=232 EscapeResult=-1 InitialResult=0 LevelAfter=1 LootInfo=-1 Name=LOC_CITIZEN_MAYA_MALE_6 Operation=58 PlotIndex=1314
mission CityName=LOC_CITY_NAME_TORONTO CompletionTurn=232 EscapeResult=-1 InitialResult=3 LevelAfter=1 LootInfo=-1 Name=LOC_CITIZEN_MAYA_MODERN_FEMALE_8 Operation=58 PlotIndex=1818
mission CityName=LOC_CITY_NAME_OTTAWA CompletionTurn=229 EscapeResult=-1 InitialResult=5 LevelAfter=4 LootInfo=-1 Name=LOC_CITIZEN_MAYA_MODERN_MALE_9 Operation=58 PlotIndex=978
mission CityName=LOC_CITY_NAME_QUEBEC_CITY CompletionTurn=229 EscapeResult=2 InitialResult=4 LevelAfter=4 LootInfo=-1 Name=LOC_CITIZEN_MAYA_MODERN_FEMALE_6 Operation=58 PlotIndex=1404
mission CityName=LOC_CITY_NAME_VICTORIA CompletionTurn=228 EscapeResult=0 InitialResult=4 LevelAfter=4 LootInfo=-1 Name=LOC_CITIZEN_MAYA_FEMALE_1 Operation=58 PlotIndex=889
mission CityName=LOC_CITY_NAME_WINNIPEG CompletionTurn=228 EscapeResult=2 InitialResult=4 LevelAfter=4 LootInfo=-1 Name=LOC_CITIZEN_MAYA_MODERN_FEMALE_9 Operation=58 PlotIndex=1743
mission CityName=LOC_CITY_NAME_OTTAWA CompletionTurn=225 EscapeResult=-1 InitialResult=3 LevelAfter=4 LootInfo=-1 Name=LOC_CITIZEN_MAYA_MODERN_MALE_9 Operation=58 PlotIndex=978
mission CityName=LOC_CITY_NAME_SAINT_JOHN CompletionTurn=225 EscapeResult=2 InitialResult=2 LevelAfter=1 LootInfo=-1 Name=LOC_CITIZEN_MAYA_MODERN_FEMALE_1 Operation=58 PlotIndex=1991
mission CityName=LOC_CITY_NAME_QUEBEC_CITY CompletionTurn=225 EscapeResult=-1 InitialResult=5 LevelAfter=4 LootInfo=-1 Name=LOC_CITIZEN_MAYA_MODERN_FEMALE_6 Operation=58 PlotIndex=1404
mission CityName=LOC_CITY_NAME_TORONTO CompletionTurn=225 EscapeResult=2 InitialResult=4 LevelAfter=3 LootInfo=-1 Name=LOC_CITIZEN_MAYA_MODERN_FEMALE_4 Operation=58 PlotIndex=1818
mission CityName=LOC_CITY_NAME_HALIFAX CompletionTurn=223 EscapeResult=-1 InitialResult=1 LevelAfter=1 LootInfo=-1 Name=LOC_CITIZEN_MAYA_MODERN_MALE_9 Operation=58 PlotIndex=1409
mission CityName=LOC_CITY_NAME_WINNIPEG CompletionTurn=223 EscapeResult=-1 InitialResult=5 LevelAfter=4 LootInfo=-1 Name=LOC_CITIZEN_MAYA_MODERN_FEMALE_9 Operation=58 PlotIndex=1743
mission CityName=LOC_CITY_NAME_QUEBEC_CITY CompletionTurn=221 EscapeResult=-1 InitialResult=3 LevelAfter=4 LootInfo=-1 Name=LOC_CITIZEN_MAYA_MODERN_FEMALE_6 Operation=58 PlotIndex=1404
mission CityName=LOC_CITY_NAME_MONTREAL CompletionTurn=221 EscapeResult=2 InitialResult=2 LevelAfter=1 LootInfo=-1 Name=LOC_CITIZEN_MAYA_MALE_6 Operation=58 PlotIndex=1314
mission CityName=LOC_CITY_NAME_OTTAWA CompletionTurn=220 EscapeResult=-1 InitialResult=5 LevelAfter=4 LootInfo=-1 Name=LOC_CITIZEN_MAYA_MODERN_MALE_9 Operation=58 PlotIndex=978
mission CityName=LOC_CITY_NAME_MONTREAL CompletionTurn=218 EscapeResult=-1 InitialResult=4 LevelAfter=3 LootInfo=-1 Name=LOC_CITIZEN_MAYA_FEMALE_1 Operation=58 PlotIndex=1314
mission CityName=LOC_CITY_NAME_TORONTO CompletionTurn=218 EscapeResult=-1 InitialResult=5 LevelAfter=2 LootInfo=-1 Name=LOC_CITIZEN_MAYA_MODERN_FEMALE_4 Operation=58 PlotIndex=1818
mission CityName=LOC_CITY_NAME_MONTREAL CompletionTurn=217 EscapeResult=-1 InitialResult=5 LevelAfter=2 LootInfo=-1 Name=LOC_CITIZEN_MAYA_FEMALE_1 Operation=58 PlotIndex=1314
mission CityName=LOC_CITY_NAME_WINNIPEG CompletionTurn=217 EscapeResult=-1 InitialResult=5 LevelAfter=4 LootInfo=-1 Name=LOC_CITIZEN_MAYA_MODERN_FEMALE_9 Operation=58 PlotIndex=1743
mission CityName=LOC_CITY_NAME_SAINT_JOHN CompletionTurn=215 EscapeResult=0 InitialResult=2 LevelAfter=1 LootInfo=-1 Name=LOC_CITIZEN_MAYA_MODERN_MALE_1 Operation=58 PlotIndex=1991
mission CityName=LOC_CITY_NAME_VICTORIA CompletionTurn=215 EscapeResult=0 InitialResult=2 LevelAfter=1 LootInfo=-1 Name=LOC_CITIZEN_MAYA_MALE_1 Operation=58 PlotIndex=889
mission CityName=LOC_CITY_NAME_HALIFAX CompletionTurn=215 EscapeResult=-1 InitialResult=1 LevelAfter=1 LootInfo=-1 Name=LOC_CITIZEN_MAYA_MALE_8 Operation=58 PlotIndex=1409
mission CityName=LOC_CITY_NAME_QUEBEC_CITY CompletionTurn=215 EscapeResult=-1 InitialResult=5 LevelAfter=4 LootInfo=-1 Name=LOC_CITIZEN_MAYA_MODERN_FEMALE_6 Operation=58 PlotIndex=1404
mission CityName=LOC_CITY_NAME_TORONTO CompletionTurn=214 EscapeResult=-1 InitialResult=3 LevelAfter=1 LootInfo=-1 Name=LOC_CITIZEN_MAYA_FEMALE_8 Operation=58 PlotIndex=1818
mission CityName=LOC_CITY_NAME_OTTAWA CompletionTurn=214 EscapeResult=-1 InitialResult=5 LevelAfter=4 LootInfo=-1 Name=LOC_CITIZEN_MAYA_MODERN_MALE_9 Operation=58 PlotIndex=978
mission CityName=LOC_CITY_NAME_VANCOUVER CompletionTurn=212 EscapeResult=-1 InitialResult=1 LevelAfter=1 LootInfo=-1 Name=LOC_CITIZEN_MAYA_FEMALE_3 Operation=58 PlotIndex=801
mission CityName=LOC_CITY_NAME_SAINT_JOHN CompletionTurn=210 EscapeResult=-1 InitialResult=3 LevelAfter=1 LootInfo=-1 Name=LOC_CITIZEN_MAYA_MODERN_MALE_1 Operation=58 PlotIndex=1991
mission CityName=LOC_CITY_NAME_QUEBEC_CITY CompletionTurn=210 EscapeResult=-1 InitialResult=3 LevelAfter=3 LootInfo=-1 Name=LOC_CITIZEN_MAYA_MODERN_FEMALE_6 Operation=58 PlotIndex=1404
mission CityName=LOC_CITY_NAME_WINNIPEG CompletionTurn=210 EscapeResult=-1 InitialResult=5 LevelAfter=3 LootInfo=-1 Name=LOC_CITIZEN_MAYA_MODERN_FEMALE_9 Operation=58 PlotIndex=1743
mission CityName=LOC_CITY_NAME_HALIFAX CompletionTurn=209 EscapeResult=-1 InitialResult=0 LevelAfter=2 LootInfo=-1 Name=LOC_CITIZEN_MAYA_MODERN_MALE_6 Operation=58 PlotIndex=1409
mission CityName=LOC_CITY_NAME_OTTAWA CompletionTurn=208 EscapeResult=-1 InitialResult=5 LevelAfter=3 LootInfo=-1 Name=LOC_CITIZEN_MAYA_MODERN_MALE_9 Operation=58 PlotIndex=978
mission CityName=LOC_CITY_NAME_MONTREAL CompletionTurn=208 EscapeResult=0 InitialResult=2 LevelAfter=2 LootInfo=-1 Name=LOC_CITIZEN_MAYA_MODERN_FEMALE_7 Operation=58 PlotIndex=1314
mission CityName=LOC_CITY_NAME_WINDSOR CompletionTurn=206 EscapeResult=-1 InitialResult=0 LevelAfter=1 LootInfo=-1 Name=LOC_CITIZEN_MAYA_MALE_5 Operation=58 PlotIndex=1392
mission CityName=LOC_CITY_NAME_VANCOUVER CompletionTurn=206 EscapeResult=-1 InitialResult=0 LevelAfter=1 LootInfo=-1 Name=LOC_CITIZEN_MAYA_MODERN_FEMALE_1 Operation=58 PlotIndex=801
mission CityName=LOC_CITY_NAME_HALIFAX CompletionTurn=203 EscapeResult=-1 InitialResult=5 LevelAfter=2 LootInfo=-1 Name=LOC_CITIZEN_MAYA_MODERN_MALE_6 Operation=58 PlotIndex=1409
mission CityName=LOC_CITY_NAME_QUEBEC_CITY CompletionTurn=203 EscapeResult=-1 InitialResult=5 LevelAfter=3 LootInfo=-1 Name=LOC_CITIZEN_MAYA_MODERN_FEMALE_6 Operation=58 PlotIndex=1404
mission CityName=LOC_GOSSIP_LOST_CITY CompletionTurn=203 EscapeResult=0 InitialResult=4 LevelAfter=2 LootInfo=-1 Name=LOC_CITIZEN_MAYA_MODERN_MALE_4 Operation=58 PlotIndex=3635
mission CityName=LOC_CITY_NAME_QUEBEC_CITY CompletionTurn=196 EscapeResult=-1 InitialResult=1 LevelAfter=1 LootInfo=-1 Name=LOC_CITIZEN_MAYA_MALE_6 Operation=58 PlotIndex=1404
mission CityName=LOC_CITY_NAME_VANCOUVER CompletionTurn=194 EscapeResult=0 InitialResult=4 LevelAfter=2 LootInfo=-1 Name=LOC_CITIZEN_MAYA_MODERN_FEMALE_2 Operation=58 PlotIndex=801
mission CityName=LOC_CITY_NAME_RUATORIA CompletionTurn=192 EscapeResult=-1 InitialResult=5 LevelAfter=2 LootInfo=-1 Name=LOC_CITIZEN_MAYA_MODERN_FEMALE_6 Operation=58 PlotIndex=1833
mission CityName=LOC_CITY_NAME_QUEBEC_CITY CompletionTurn=192 EscapeResult=-1 InitialResult=1 LevelAfter=1 LootInfo=-1 Name=LOC_CITIZEN_MAYA_FEMALE_6 Operation=58 PlotIndex=1404
mission CityName=LOC_CITY_NAME_VANCOUVER CompletionTurn=190 EscapeResult=-1 InitialResult=0 LevelAfter=1 LootInfo=-1 Name=LOC_CITIZEN_MAYA_MODERN_FEMALE_3 Operation=58 PlotIndex=801
mission CityName=LOC_CITY_NAME_TE_HOKIANGA_NU_A_KUPE CompletionTurn=189 EscapeResult=2 InitialResult=2 LevelAfter=1 LootInfo=-1 Name=LOC_CITIZEN_MAYA_MODERN_FEMALE_4 Operation=58 PlotIndex=772
mission CityName=LOC_CITY_NAME_TORONTO CompletionTurn=189 EscapeResult=2 InitialResult=2 LevelAfter=1 LootInfo=-1 Name=LOC_CITIZEN_MAYA_MALE_8 Operation=58 PlotIndex=1818
mission CityName=LOC_CITY_NAME_VICTORIA CompletionTurn=187 EscapeResult=0 InitialResult=4 LevelAfter=2 LootInfo=-1 Name=LOC_CITIZEN_MAYA_FEMALE_7 Operation=58 PlotIndex=889
mission CityName=LOC_CITY_NAME_WINNIPEG CompletionTurn=187 EscapeResult=1 InitialResult=2 LevelAfter=1 LootInfo=-1 Name=LOC_CITIZEN_MAYA_FEMALE_4 Operation=58 PlotIndex=1743
mission CityName=LOC_CITY_NAME_HALIFAX CompletionTurn=187 EscapeResult=2 InitialResult=4 LevelAfter=2 LootInfo=-1 Name=LOC_CITIZEN_MAYA_MODERN_MALE_9 Operation=58 PlotIndex=1409
mission CityName=LOC_CITY_NAME_QUEBEC_CITY CompletionTurn=184 EscapeResult=-1 InitialResult=0 LevelAfter=1 LootInfo=-1 Name=LOC_CITIZEN_MAYA_MODERN_MALE_10 Operation=58 PlotIndex=1404
mission CityName=LOC_CITY_NAME_SAINT_JOHN CompletionTurn=184 EscapeResult=2 InitialResult=4 LevelAfter=2 LootInfo=-1 Name=LOC_CITIZEN_MAYA_MODERN_FEMALE_9 Operation=58 PlotIndex=1991
mission CityName=LOC_CITY_NAME_OTTAWA CompletionTurn=182 EscapeResult=0 InitialResult=4 LevelAfter=2 LootInfo=-1 Name=LOC_CITIZEN_MAYA_MODERN_FEMALE_8 Operation=58 PlotIndex=978
mission CityName=LOC_CITY_NAME_MONTREAL CompletionTurn=182 EscapeResult=2 InitialResult=4 LevelAfter=2 LootInfo=-1 Name=LOC_CITIZEN_MAYA_MODERN_FEMALE_7 Operation=58 PlotIndex=1314
mission CityName=LOC_CITY_NAME_TORONTO CompletionTurn=182 EscapeResult=-1 InitialResult=1 LevelAfter=1 LootInfo=-1 Name=LOC_CITIZEN_MAYA_MODERN_FEMALE_5 Operation=58 PlotIndex=1818
tally 6  FOMENT_UNREST CAPTURED / NO_RESULT
tally 1  FOMENT_UNREST FAIL_MUST_ESCAPE / CAPTURED
tally 4  FOMENT_UNREST FAIL_MUST_ESCAPE / FAIL_MUST_ESCAPE
tally 3  FOMENT_UNREST FAIL_MUST_ESCAPE / KILLED
tally 7  FOMENT_UNREST FAIL_UNDETECTED / NO_RESULT
tally 6  FOMENT_UNREST KILLED / NO_RESULT
tally 6  FOMENT_UNREST SUCCESS_MUST_ESCAPE / FAIL_MUST_ESCAPE
tally 5  FOMENT_UNREST SUCCESS_MUST_ESCAPE / KILLED
tally 3  FOMENT_UNREST SUCCESS_MUST_ESCAPE / NO_RESULT
tally 15  FOMENT_UNREST SUCCESS_UNDETECTED / NO_RESULT
turn 238 spies active 7 idle 2 missions 56 captured-enemy 0
spy 10682381 LOC_CITIZEN_MAYA_MODERN_MALE_5 level 1 at 54:15 busy
spy 10354709 LOC_CITIZEN_MAYA_MODERN_FEMALE_9 level 4 at 65:16 busy
spy 7929878 LOC_CITIZEN_MAYA_MODERN_FEMALE_8 level 2 at 54:21 busy
spy 10289175 LOC_CITIZEN_MAYA_MODERN_FEMALE_4 level 4 at 60:16 busy
spy 6750236 LOC_CITIZEN_MAYA_MODERN_MALE_9 level 4 at 54:11 busy
spy 7536669 LOC_CITIZEN_MAYA_FEMALE_8 level 1 at 54:21 refused
spy 10879011 LOC_CITIZEN_MAYA_MODERN_FEMALE_1 level 1 at 59:23 refused
spy 10813479 LOC_CITIZEN_MAYA_MODERN_FEMALE_6 level 4 at 49:10 busy
spy 10747945 LOC_CITIZEN_MAYA_MALE_5 level 1 at 59:23 busy
turn 238 spies 9 started 0 travelled 0 promoted 0 bought 0 gold 50000
unblock: blocker ENDTURN_BLOCKING_COMMEMORATION_AVAILABLE -> nothing | end turn requested
unblock: blocker ENDTURN_BLOCKING_COMMEMORATION_AVAILABLE -> nothing | end turn requested
mission CityName=LOC_CITY_NAME_OTTAWA CompletionTurn=239 EscapeResult=-1 InitialResult=5 LevelAfter=4 LootInfo=-1 Name=LOC_CITIZEN_MAYA_MODERN_MALE_9 Operation=58 PlotIndex=978
mission CityName=LOC_CITY_NAME_MONTREAL CompletionTurn=239 EscapeResult=-1 InitialResult=5 LevelAfter=2 LootInfo=-1 Name=LOC_CITIZEN_MAYA_MODERN_MALE_5 Operation=58 PlotIndex=1314
mission CityName=LOC_CITY_NAME_QUEBEC_CITY CompletionTurn=236 EscapeResult=-1 InitialResult=4 LevelAfter=4 LootInfo=-1 Name=LOC_CITIZEN_MAYA_MODERN_FEMALE_4 Operation=58 PlotIndex=1404
mission CityName=LOC_CITY_NAME_TORONTO CompletionTurn=236 EscapeResult=-1 InitialResult=4 LevelAfter=2 LootInfo=-1 Name=LOC_CITIZEN_MAYA_MODERN_FEMALE_8 Operation=58 PlotIndex=1818
mission CityName=LOC_CITY_NAME_HALIFAX CompletionTurn=236 EscapeResult=-1 InitialResult=3 LevelAfter=4 LootInfo=-1 Name=LOC_CITIZEN_MAYA_MODERN_FEMALE_9 Operation=58 PlotIndex=1409
mission CityName=LOC_CITY_NAME_OTTAWA CompletionTurn=235 EscapeResult=-1 InitialResult=5 LevelAfter=4 LootInfo=-1 Name=LOC_CITIZEN_MAYA_MODERN_MALE_9 Operation=58 PlotIndex=978
mission CityName=LOC_CITY_NAME_MONTREAL CompletionTurn=232 EscapeResult=-1 InitialResult=0 LevelAfter=1 LootInfo=-1 Name=LOC_CITIZEN_MAYA_MALE_6 Operation=58 PlotIndex=1314
mission CityName=LOC_CITY_NAME_TORONTO CompletionTurn=232 EscapeResult=-1 InitialResult=3 LevelAfter=1 LootInfo=-1 Name=LOC_CITIZEN_MAYA_MODERN_FEMALE_8 Operation=58 PlotIndex=1818
mission CityName=LOC_CITY_NAME_OTTAWA CompletionTurn=229 EscapeResult=-1 InitialResult=5 LevelAfter=4 LootInfo=-1 Name=LOC_CITIZEN_MAYA_MODERN_MALE_9 Operation=58 PlotIndex=978
mission CityName=LOC_CITY_NAME_QUEBEC_CITY CompletionTurn=229 EscapeResult=2 InitialResult=4 LevelAfter=4 LootInfo=-1 Name=LOC_CITIZEN_MAYA_MODERN_FEMALE_6 Operation=58 PlotIndex=1404
mission CityName=LOC_CITY_NAME_VICTORIA CompletionTurn=228 EscapeResult=0 InitialResult=4 LevelAfter=4 LootInfo=-1 Name=LOC_CITIZEN_MAYA_FEMALE_1 Operation=58 PlotIndex=889
mission CityName=LOC_CITY_NAME_WINNIPEG CompletionTurn=228 EscapeResult=2 InitialResult=4 LevelAfter=4 LootInfo=-1 Name=LOC_CITIZEN_MAYA_MODERN_FEMALE_9 Operation=58 PlotIndex=1743
mission CityName=LOC_CITY_NAME_OTTAWA CompletionTurn=225 EscapeResult=-1 InitialResult=3 LevelAfter=4 LootInfo=-1 Name=LOC_CITIZEN_MAYA_MODERN_MALE_9 Operation=58 PlotIndex=978
mission CityName=LOC_CITY_NAME_SAINT_JOHN CompletionTurn=225 EscapeResult=2 InitialResult=2 LevelAfter=1 LootInfo=-1 Name=LOC_CITIZEN_MAYA_MODERN_FEMALE_1 Operation=58 PlotIndex=1991
mission CityName=LOC_CITY_NAME_QUEBEC_CITY CompletionTurn=225 EscapeResult=-1 InitialResult=5 LevelAfter=4 LootInfo=-1 Name=LOC_CITIZEN_MAYA_MODERN_FEMALE_6 Operation=58 PlotIndex=1404
mission CityName=LOC_CITY_NAME_TORONTO CompletionTurn=225 EscapeResult=2 InitialResult=4 LevelAfter=3 LootInfo=-1 Name=LOC_CITIZEN_MAYA_MODERN_FEMALE_4 Operation=58 PlotIndex=1818
mission CityName=LOC_CITY_NAME_HALIFAX CompletionTurn=223 EscapeResult=-1 InitialResult=1 LevelAfter=1 LootInfo=-1 Name=LOC_CITIZEN_MAYA_MODERN_MALE_9 Operation=58 PlotIndex=1409
mission CityName=LOC_CITY_NAME_WINNIPEG CompletionTurn=223 EscapeResult=-1 InitialResult=5 LevelAfter=4 LootInfo=-1 Name=LOC_CITIZEN_MAYA_MODERN_FEMALE_9 Operation=58 PlotIndex=1743
mission CityName=LOC_CITY_NAME_QUEBEC_CITY CompletionTurn=221 EscapeResult=-1 InitialResult=3 LevelAfter=4 LootInfo=-1 Name=LOC_CITIZEN_MAYA_MODERN_FEMALE_6 Operation=58 PlotIndex=1404
mission CityName=LOC_CITY_NAME_MONTREAL CompletionTurn=221 EscapeResult=2 InitialResult=2 LevelAfter=1 LootInfo=-1 Name=LOC_CITIZEN_MAYA_MALE_6 Operation=58 PlotIndex=1314
mission CityName=LOC_CITY_NAME_OTTAWA CompletionTurn=220 EscapeResult=-1 InitialResult=5 LevelAfter=4 LootInfo=-1 Name=LOC_CITIZEN_MAYA_MODERN_MALE_9 Operation=58 PlotIndex=978
mission CityName=LOC_CITY_NAME_MONTREAL CompletionTurn=218 EscapeResult=-1 InitialResult=4 LevelAfter=3 LootInfo=-1 Name=LOC_CITIZEN_MAYA_FEMALE_1 Operation=58 PlotIndex=1314
mission CityName=LOC_CITY_NAME_TORONTO CompletionTurn=218 EscapeResult=-1 InitialResult=5 LevelAfter=2 LootInfo=-1 Name=LOC_CITIZEN_MAYA_MODERN_FEMALE_4 Operation=58 PlotIndex=1818
mission CityName=LOC_CITY_NAME_MONTREAL CompletionTurn=217 EscapeResult=-1 InitialResult=5 LevelAfter=2 LootInfo=-1 Name=LOC_CITIZEN_MAYA_FEMALE_1 Operation=58 PlotIndex=1314
mission CityName=LOC_CITY_NAME_WINNIPEG CompletionTurn=217 EscapeResult=-1 InitialResult=5 LevelAfter=4 LootInfo=-1 Name=LOC_CITIZEN_MAYA_MODERN_FEMALE_9 Operation=58 PlotIndex=1743
mission CityName=LOC_CITY_NAME_SAINT_JOHN CompletionTurn=215 EscapeResult=0 InitialResult=2 LevelAfter=1 LootInfo=-1 Name=LOC_CITIZEN_MAYA_MODERN_MALE_1 Operation=58 PlotIndex=1991
mission CityName=LOC_CITY_NAME_VICTORIA CompletionTurn=215 EscapeResult=0 InitialResult=2 LevelAfter=1 LootInfo=-1 Name=LOC_CITIZEN_MAYA_MALE_1 Operation=58 PlotIndex=889
mission CityName=LOC_CITY_NAME_HALIFAX CompletionTurn=215 EscapeResult=-1 InitialResult=1 LevelAfter=1 LootInfo=-1 Name=LOC_CITIZEN_MAYA_MALE_8 Operation=58 PlotIndex=1409
mission CityName=LOC_CITY_NAME_QUEBEC_CITY CompletionTurn=215 EscapeResult=-1 InitialResult=5 LevelAfter=4 LootInfo=-1 Name=LOC_CITIZEN_MAYA_MODERN_FEMALE_6 Operation=58 PlotIndex=1404
mission CityName=LOC_CITY_NAME_TORONTO CompletionTurn=214 EscapeResult=-1 InitialResult=3 LevelAfter=1 LootInfo=-1 Name=LOC_CITIZEN_MAYA_FEMALE_8 Operation=58 PlotIndex=1818
mission CityName=LOC_CITY_NAME_OTTAWA CompletionTurn=214 EscapeResult=-1 InitialResult=5 LevelAfter=4 LootInfo=-1 Name=LOC_CITIZEN_MAYA_MODERN_MALE_9 Operation=58 PlotIndex=978
mission CityName=LOC_CITY_NAME_VANCOUVER CompletionTurn=212 EscapeResult=-1 InitialResult=1 LevelAfter=1 LootInfo=-1 Name=LOC_CITIZEN_MAYA_FEMALE_3 Operation=58 PlotIndex=801
mission CityName=LOC_CITY_NAME_SAINT_JOHN CompletionTurn=210 EscapeResult=-1 InitialResult=3 LevelAfter=1 LootInfo=-1 Name=LOC_CITIZEN_MAYA_MODERN_MALE_1 Operation=58 PlotIndex=1991
mission CityName=LOC_CITY_NAME_QUEBEC_CITY CompletionTurn=210 EscapeResult=-1 InitialResult=3 LevelAfter=3 LootInfo=-1 Name=LOC_CITIZEN_MAYA_MODERN_FEMALE_6 Operation=58 PlotIndex=1404
mission CityName=LOC_CITY_NAME_WINNIPEG CompletionTurn=210 EscapeResult=-1 InitialResult=5 LevelAfter=3 LootInfo=-1 Name=LOC_CITIZEN_MAYA_MODERN_FEMALE_9 Operation=58 PlotIndex=1743
mission CityName=LOC_CITY_NAME_HALIFAX CompletionTurn=209 EscapeResult=-1 InitialResult=0 LevelAfter=2 LootInfo=-1 Name=LOC_CITIZEN_MAYA_MODERN_MALE_6 Operation=58 PlotIndex=1409
mission CityName=LOC_CITY_NAME_OTTAWA CompletionTurn=208 EscapeResult=-1 InitialResult=5 LevelAfter=3 LootInfo=-1 Name=LOC_CITIZEN_MAYA_MODERN_MALE_9 Operation=58 PlotIndex=978
mission CityName=LOC_CITY_NAME_MONTREAL CompletionTurn=208 EscapeResult=0 InitialResult=2 LevelAfter=2 LootInfo=-1 Name=LOC_CITIZEN_MAYA_MODERN_FEMALE_7 Operation=58 PlotIndex=1314
mission CityName=LOC_CITY_NAME_WINDSOR CompletionTurn=206 EscapeResult=-1 InitialResult=0 LevelAfter=1 LootInfo=-1 Name=LOC_CITIZEN_MAYA_MALE_5 Operation=58 PlotIndex=1392
mission CityName=LOC_CITY_NAME_VANCOUVER CompletionTurn=206 EscapeResult=-1 InitialResult=0 LevelAfter=1 LootInfo=-1 Name=LOC_CITIZEN_MAYA_MODERN_FEMALE_1 Operation=58 PlotIndex=801
mission CityName=LOC_CITY_NAME_HALIFAX CompletionTurn=203 EscapeResult=-1 InitialResult=5 LevelAfter=2 LootInfo=-1 Name=LOC_CITIZEN_MAYA_MODERN_MALE_6 Operation=58 PlotIndex=1409
mission CityName=LOC_CITY_NAME_QUEBEC_CITY CompletionTurn=203 EscapeResult=-1 InitialResult=5 LevelAfter=3 LootInfo=-1 Name=LOC_CITIZEN_MAYA_MODERN_FEMALE_6 Operation=58 PlotIndex=1404
mission CityName=LOC_GOSSIP_LOST_CITY CompletionTurn=203 EscapeResult=0 InitialResult=4 LevelAfter=2 LootInfo=-1 Name=LOC_CITIZEN_MAYA_MODERN_MALE_4 Operation=58 PlotIndex=3635
mission CityName=LOC_CITY_NAME_QUEBEC_CITY CompletionTurn=196 EscapeResult=-1 InitialResult=1 LevelAfter=1 LootInfo=-1 Name=LOC_CITIZEN_MAYA_MALE_6 Operation=58 PlotIndex=1404
mission CityName=LOC_CITY_NAME_VANCOUVER CompletionTurn=194 EscapeResult=0 InitialResult=4 LevelAfter=2 LootInfo=-1 Name=LOC_CITIZEN_MAYA_MODERN_FEMALE_2 Operation=58 PlotIndex=801
mission CityName=LOC_CITY_NAME_RUATORIA CompletionTurn=192 EscapeResult=-1 InitialResult=5 LevelAfter=2 LootInfo=-1 Name=LOC_CITIZEN_MAYA_MODERN_FEMALE_6 Operation=58 PlotIndex=1833
mission CityName=LOC_CITY_NAME_QUEBEC_CITY CompletionTurn=192 EscapeResult=-1 InitialResult=1 LevelAfter=1 LootInfo=-1 Name=LOC_CITIZEN_MAYA_FEMALE_6 Operation=58 PlotIndex=1404
mission CityName=LOC_CITY_NAME_VANCOUVER CompletionTurn=190 EscapeResult=-1 InitialResult=0 LevelAfter=1 LootInfo=-1 Name=LOC_CITIZEN_MAYA_MODERN_FEMALE_3 Operation=58 PlotIndex=801
mission CityName=LOC_CITY_NAME_TE_HOKIANGA_NU_A_KUPE CompletionTurn=189 EscapeResult=2 InitialResult=2 LevelAfter=1 LootInfo=-1 Name=LOC_CITIZEN_MAYA_MODERN_FEMALE_4 Operation=58 PlotIndex=772
mission CityName=LOC_CITY_NAME_TORONTO CompletionTurn=189 EscapeResult=2 InitialResult=2 LevelAfter=1 LootInfo=-1 Name=LOC_CITIZEN_MAYA_MALE_8 Operation=58 PlotIndex=1818
mission CityName=LOC_CITY_NAME_VICTORIA CompletionTurn=187 EscapeResult=0 InitialResult=4 LevelAfter=2 LootInfo=-1 Name=LOC_CITIZEN_MAYA_FEMALE_7 Operation=58 PlotIndex=889
mission CityName=LOC_CITY_NAME_WINNIPEG CompletionTurn=187 EscapeResult=1 InitialResult=2 LevelAfter=1 LootInfo=-1 Name=LOC_CITIZEN_MAYA_FEMALE_4 Operation=58 PlotIndex=1743
mission CityName=LOC_CITY_NAME_HALIFAX CompletionTurn=187 EscapeResult=2 InitialResult=4 LevelAfter=2 LootInfo=-1 Name=LOC_CITIZEN_MAYA_MODERN_MALE_9 Operation=58 PlotIndex=1409
mission CityName=LOC_CITY_NAME_QUEBEC_CITY CompletionTurn=184 EscapeResult=-1 InitialResult=0 LevelAfter=1 LootInfo=-1 Name=LOC_CITIZEN_MAYA_MODERN_MALE_10 Operation=58 PlotIndex=1404
mission CityName=LOC_CITY_NAME_SAINT_JOHN CompletionTurn=184 EscapeResult=2 InitialResult=4 LevelAfter=2 LootInfo=-1 Name=LOC_CITIZEN_MAYA_MODERN_FEMALE_9 Operation=58 PlotIndex=1991
mission CityName=LOC_CITY_NAME_OTTAWA CompletionTurn=182 EscapeResult=0 InitialResult=4 LevelAfter=2 LootInfo=-1 Name=LOC_CITIZEN_MAYA_MODERN_FEMALE_8 Operation=58 PlotIndex=978
mission CityName=LOC_CITY_NAME_MONTREAL CompletionTurn=182 EscapeResult=2 InitialResult=4 LevelAfter=2 LootInfo=-1 Name=LOC_CITIZEN_MAYA_MODERN_FEMALE_7 Operation=58 PlotIndex=1314
mission CityName=LOC_CITY_NAME_TORONTO CompletionTurn=182 EscapeResult=-1 InitialResult=1 LevelAfter=1 LootInfo=-1 Name=LOC_CITIZEN_MAYA_MODERN_FEMALE_5 Operation=58 PlotIndex=1818
tally 6  FOMENT_UNREST CAPTURED / NO_RESULT
tally 1  FOMENT_UNREST FAIL_MUST_ESCAPE / CAPTURED
tally 4  FOMENT_UNREST FAIL_MUST_ESCAPE / FAIL_MUST_ESCAPE
tally 3  FOMENT_UNREST FAIL_MUST_ESCAPE / KILLED
tally 7  FOMENT_UNREST FAIL_UNDETECTED / NO_RESULT
tally 6  FOMENT_UNREST KILLED / NO_RESULT
tally 6  FOMENT_UNREST SUCCESS_MUST_ESCAPE / FAIL_MUST_ESCAPE
tally 5  FOMENT_UNREST SUCCESS_MUST_ESCAPE / KILLED
tally 3  FOMENT_UNREST SUCCESS_MUST_ESCAPE / NO_RESULT
tally 17  FOMENT_UNREST SUCCESS_UNDETECTED / NO_RESULT
turn 239 spies active 7 idle 2 missions 58 captured-enemy 0
spy 10682381 LOC_CITIZEN_MAYA_MODERN_MALE_5 level 1 at 54:15 start
spy 10354709 LOC_CITIZEN_MAYA_MODERN_FEMALE_9 level 4 at 65:16 busy
spy 7929878 LOC_CITIZEN_MAYA_MODERN_FEMALE_8 level 2 at 54:21 busy
spy 10289175 LOC_CITIZEN_MAYA_MODERN_FEMALE_4 level 4 at 60:16 busy
spy 6750236 LOC_CITIZEN_MAYA_MODERN_MALE_9 level 4 at 54:11 start
spy 7536669 LOC_CITIZEN_MAYA_FEMALE_8 level 1 at 54:21 refused
spy 10879011 LOC_CITIZEN_MAYA_MODERN_FEMALE_1 level 1 at 59:23 refused
spy 10813479 LOC_CITIZEN_MAYA_MODERN_FEMALE_6 level 4 at 49:10 busy
spy 10747945 LOC_CITIZEN_MAYA_MALE_5 level 1 at 59:23 busy
turn 239 spies 9 started 2 travelled 0 promoted 1 bought 0 gold 50000
unblock: blocker ENDTURN_BLOCKING_COMMEMORATION_AVAILABLE -> nothing | end turn requested
unblock: blocker ENDTURN_BLOCKING_COMMEMORATION_AVAILABLE -> nothing | end turn requested
mission CityName=LOC_CITY_NAME_OTTAWA CompletionTurn=239 EscapeResult=-1 InitialResult=5 LevelAfter=4 LootInfo=-1 Name=LOC_CITIZEN_MAYA_MODERN_MALE_9 Operation=58 PlotIndex=978
mission CityName=LOC_CITY_NAME_MONTREAL CompletionTurn=239 EscapeResult=-1 InitialResult=5 LevelAfter=2 LootInfo=-1 Name=LOC_CITIZEN_MAYA_MODERN_MALE_5 Operation=58 PlotIndex=1314
mission CityName=LOC_CITY_NAME_QUEBEC_CITY CompletionTurn=236 EscapeResult=-1 InitialResult=4 LevelAfter=4 LootInfo=-1 Name=LOC_CITIZEN_MAYA_MODERN_FEMALE_4 Operation=58 PlotIndex=1404
mission CityName=LOC_CITY_NAME_TORONTO CompletionTurn=236 EscapeResult=-1 InitialResult=4 LevelAfter=2 LootInfo=-1 Name=LOC_CITIZEN_MAYA_MODERN_FEMALE_8 Operation=58 PlotIndex=1818
mission CityName=LOC_CITY_NAME_HALIFAX CompletionTurn=236 EscapeResult=-1 InitialResult=3 LevelAfter=4 LootInfo=-1 Name=LOC_CITIZEN_MAYA_MODERN_FEMALE_9 Operation=58 PlotIndex=1409
mission CityName=LOC_CITY_NAME_OTTAWA CompletionTurn=235 EscapeResult=-1 InitialResult=5 LevelAfter=4 LootInfo=-1 Name=LOC_CITIZEN_MAYA_MODERN_MALE_9 Operation=58 PlotIndex=978
mission CityName=LOC_CITY_NAME_MONTREAL CompletionTurn=232 EscapeResult=-1 InitialResult=0 LevelAfter=1 LootInfo=-1 Name=LOC_CITIZEN_MAYA_MALE_6 Operation=58 PlotIndex=1314
mission CityName=LOC_CITY_NAME_TORONTO CompletionTurn=232 EscapeResult=-1 InitialResult=3 LevelAfter=1 LootInfo=-1 Name=LOC_CITIZEN_MAYA_MODERN_FEMALE_8 Operation=58 PlotIndex=1818
mission CityName=LOC_CITY_NAME_OTTAWA CompletionTurn=229 EscapeResult=-1 InitialResult=5 LevelAfter=4 LootInfo=-1 Name=LOC_CITIZEN_MAYA_MODERN_MALE_9 Operation=58 PlotIndex=978
mission CityName=LOC_CITY_NAME_QUEBEC_CITY CompletionTurn=229 EscapeResult=2 InitialResult=4 LevelAfter=4 LootInfo=-1 Name=LOC_CITIZEN_MAYA_MODERN_FEMALE_6 Operation=58 PlotIndex=1404
mission CityName=LOC_CITY_NAME_VICTORIA CompletionTurn=228 EscapeResult=0 InitialResult=4 LevelAfter=4 LootInfo=-1 Name=LOC_CITIZEN_MAYA_FEMALE_1 Operation=58 PlotIndex=889
mission CityName=LOC_CITY_NAME_WINNIPEG CompletionTurn=228 EscapeResult=2 InitialResult=4 LevelAfter=4 LootInfo=-1 Name=LOC_CITIZEN_MAYA_MODERN_FEMALE_9 Operation=58 PlotIndex=1743
mission CityName=LOC_CITY_NAME_OTTAWA CompletionTurn=225 EscapeResult=-1 InitialResult=3 LevelAfter=4 LootInfo=-1 Name=LOC_CITIZEN_MAYA_MODERN_MALE_9 Operation=58 PlotIndex=978
mission CityName=LOC_CITY_NAME_SAINT_JOHN CompletionTurn=225 EscapeResult=2 InitialResult=2 LevelAfter=1 LootInfo=-1 Name=LOC_CITIZEN_MAYA_MODERN_FEMALE_1 Operation=58 PlotIndex=1991
mission CityName=LOC_CITY_NAME_QUEBEC_CITY CompletionTurn=225 EscapeResult=-1 InitialResult=5 LevelAfter=4 LootInfo=-1 Name=LOC_CITIZEN_MAYA_MODERN_FEMALE_6 Operation=58 PlotIndex=1404
mission CityName=LOC_CITY_NAME_TORONTO CompletionTurn=225 EscapeResult=2 InitialResult=4 LevelAfter=3 LootInfo=-1 Name=LOC_CITIZEN_MAYA_MODERN_FEMALE_4 Operation=58 PlotIndex=1818
mission CityName=LOC_CITY_NAME_HALIFAX CompletionTurn=223 EscapeResult=-1 InitialResult=1 LevelAfter=1 LootInfo=-1 Name=LOC_CITIZEN_MAYA_MODERN_MALE_9 Operation=58 PlotIndex=1409
mission CityName=LOC_CITY_NAME_WINNIPEG CompletionTurn=223 EscapeResult=-1 InitialResult=5 LevelAfter=4 LootInfo=-1 Name=LOC_CITIZEN_MAYA_MODERN_FEMALE_9 Operation=58 PlotIndex=1743
mission CityName=LOC_CITY_NAME_QUEBEC_CITY CompletionTurn=221 EscapeResult=-1 InitialResult=3 LevelAfter=4 LootInfo=-1 Name=LOC_CITIZEN_MAYA_MODERN_FEMALE_6 Operation=58 PlotIndex=1404
mission CityName=LOC_CITY_NAME_MONTREAL CompletionTurn=221 EscapeResult=2 InitialResult=2 LevelAfter=1 LootInfo=-1 Name=LOC_CITIZEN_MAYA_MALE_6 Operation=58 PlotIndex=1314
mission CityName=LOC_CITY_NAME_OTTAWA CompletionTurn=220 EscapeResult=-1 InitialResult=5 LevelAfter=4 LootInfo=-1 Name=LOC_CITIZEN_MAYA_MODERN_MALE_9 Operation=58 PlotIndex=978
mission CityName=LOC_CITY_NAME_MONTREAL CompletionTurn=218 EscapeResult=-1 InitialResult=4 LevelAfter=3 LootInfo=-1 Name=LOC_CITIZEN_MAYA_FEMALE_1 Operation=58 PlotIndex=1314
mission CityName=LOC_CITY_NAME_TORONTO CompletionTurn=218 EscapeResult=-1 InitialResult=5 LevelAfter=2 LootInfo=-1 Name=LOC_CITIZEN_MAYA_MODERN_FEMALE_4 Operation=58 PlotIndex=1818
mission CityName=LOC_CITY_NAME_MONTREAL CompletionTurn=217 EscapeResult=-1 InitialResult=5 LevelAfter=2 LootInfo=-1 Name=LOC_CITIZEN_MAYA_FEMALE_1 Operation=58 PlotIndex=1314
mission CityName=LOC_CITY_NAME_WINNIPEG CompletionTurn=217 EscapeResult=-1 InitialResult=5 LevelAfter=4 LootInfo=-1 Name=LOC_CITIZEN_MAYA_MODERN_FEMALE_9 Operation=58 PlotIndex=1743
mission CityName=LOC_CITY_NAME_SAINT_JOHN CompletionTurn=215 EscapeResult=0 InitialResult=2 LevelAfter=1 LootInfo=-1 Name=LOC_CITIZEN_MAYA_MODERN_MALE_1 Operation=58 PlotIndex=1991
mission CityName=LOC_CITY_NAME_VICTORIA CompletionTurn=215 EscapeResult=0 InitialResult=2 LevelAfter=1 LootInfo=-1 Name=LOC_CITIZEN_MAYA_MALE_1 Operation=58 PlotIndex=889
mission CityName=LOC_CITY_NAME_HALIFAX CompletionTurn=215 EscapeResult=-1 InitialResult=1 LevelAfter=1 LootInfo=-1 Name=LOC_CITIZEN_MAYA_MALE_8 Operation=58 PlotIndex=1409
mission CityName=LOC_CITY_NAME_QUEBEC_CITY CompletionTurn=215 EscapeResult=-1 InitialResult=5 LevelAfter=4 LootInfo=-1 Name=LOC_CITIZEN_MAYA_MODERN_FEMALE_6 Operation=58 PlotIndex=1404
mission CityName=LOC_CITY_NAME_TORONTO CompletionTurn=214 EscapeResult=-1 InitialResult=3 LevelAfter=1 LootInfo=-1 Name=LOC_CITIZEN_MAYA_FEMALE_8 Operation=58 PlotIndex=1818
mission CityName=LOC_CITY_NAME_OTTAWA CompletionTurn=214 EscapeResult=-1 InitialResult=5 LevelAfter=4 LootInfo=-1 Name=LOC_CITIZEN_MAYA_MODERN_MALE_9 Operation=58 PlotIndex=978
mission CityName=LOC_CITY_NAME_VANCOUVER CompletionTurn=212 EscapeResult=-1 InitialResult=1 LevelAfter=1 LootInfo=-1 Name=LOC_CITIZEN_MAYA_FEMALE_3 Operation=58 PlotIndex=801
mission CityName=LOC_CITY_NAME_SAINT_JOHN CompletionTurn=210 EscapeResult=-1 InitialResult=3 LevelAfter=1 LootInfo=-1 Name=LOC_CITIZEN_MAYA_MODERN_MALE_1 Operation=58 PlotIndex=1991
mission CityName=LOC_CITY_NAME_QUEBEC_CITY CompletionTurn=210 EscapeResult=-1 InitialResult=3 LevelAfter=3 LootInfo=-1 Name=LOC_CITIZEN_MAYA_MODERN_FEMALE_6 Operation=58 PlotIndex=1404
mission CityName=LOC_CITY_NAME_WINNIPEG CompletionTurn=210 EscapeResult=-1 InitialResult=5 LevelAfter=3 LootInfo=-1 Name=LOC_CITIZEN_MAYA_MODERN_FEMALE_9 Operation=58 PlotIndex=1743
mission CityName=LOC_CITY_NAME_HALIFAX CompletionTurn=209 EscapeResult=-1 InitialResult=0 LevelAfter=2 LootInfo=-1 Name=LOC_CITIZEN_MAYA_MODERN_MALE_6 Operation=58 PlotIndex=1409
mission CityName=LOC_CITY_NAME_OTTAWA CompletionTurn=208 EscapeResult=-1 InitialResult=5 LevelAfter=3 LootInfo=-1 Name=LOC_CITIZEN_MAYA_MODERN_MALE_9 Operation=58 PlotIndex=978
mission CityName=LOC_CITY_NAME_MONTREAL CompletionTurn=208 EscapeResult=0 InitialResult=2 LevelAfter=2 LootInfo=-1 Name=LOC_CITIZEN_MAYA_MODERN_FEMALE_7 Operation=58 PlotIndex=1314
mission CityName=LOC_CITY_NAME_WINDSOR CompletionTurn=206 EscapeResult=-1 InitialResult=0 LevelAfter=1 LootInfo=-1 Name=LOC_CITIZEN_MAYA_MALE_5 Operation=58 PlotIndex=1392
mission CityName=LOC_CITY_NAME_VANCOUVER CompletionTurn=206 EscapeResult=-1 InitialResult=0 LevelAfter=1 LootInfo=-1 Name=LOC_CITIZEN_MAYA_MODERN_FEMALE_1 Operation=58 PlotIndex=801
mission CityName=LOC_CITY_NAME_HALIFAX CompletionTurn=203 EscapeResult=-1 InitialResult=5 LevelAfter=2 LootInfo=-1 Name=LOC_CITIZEN_MAYA_MODERN_MALE_6 Operation=58 PlotIndex=1409
mission CityName=LOC_CITY_NAME_QUEBEC_CITY CompletionTurn=203 EscapeResult=-1 InitialResult=5 LevelAfter=3 LootInfo=-1 Name=LOC_CITIZEN_MAYA_MODERN_FEMALE_6 Operation=58 PlotIndex=1404
mission CityName=LOC_CITY_NAME_MOTUPOHUE CompletionTurn=203 EscapeResult=0 InitialResult=4 LevelAfter=2 LootInfo=-1 Name=LOC_CITIZEN_MAYA_MODERN_MALE_4 Operation=58 PlotIndex=3635
mission CityName=LOC_CITY_NAME_QUEBEC_CITY CompletionTurn=196 EscapeResult=-1 InitialResult=1 LevelAfter=1 LootInfo=-1 Name=LOC_CITIZEN_MAYA_MALE_6 Operation=58 PlotIndex=1404
mission CityName=LOC_CITY_NAME_VANCOUVER CompletionTurn=194 EscapeResult=0 InitialResult=4 LevelAfter=2 LootInfo=-1 Name=LOC_CITIZEN_MAYA_MODERN_FEMALE_2 Operation=58 PlotIndex=801
mission CityName=LOC_CITY_NAME_RUATORIA CompletionTurn=192 EscapeResult=-1 InitialResult=5 LevelAfter=2 LootInfo=-1 Name=LOC_CITIZEN_MAYA_MODERN_FEMALE_6 Operation=58 PlotIndex=1833
mission CityName=LOC_CITY_NAME_QUEBEC_CITY CompletionTurn=192 EscapeResult=-1 InitialResult=1 LevelAfter=1 LootInfo=-1 Name=LOC_CITIZEN_MAYA_FEMALE_6 Operation=58 PlotIndex=1404
mission CityName=LOC_CITY_NAME_VANCOUVER CompletionTurn=190 EscapeResult=-1 InitialResult=0 LevelAfter=1 LootInfo=-1 Name=LOC_CITIZEN_MAYA_MODERN_FEMALE_3 Operation=58 PlotIndex=801
mission CityName=LOC_CITY_NAME_TE_HOKIANGA_NU_A_KUPE CompletionTurn=189 EscapeResult=2 InitialResult=2 LevelAfter=1 LootInfo=-1 Name=LOC_CITIZEN_MAYA_MODERN_FEMALE_4 Operation=58 PlotIndex=772
mission CityName=LOC_CITY_NAME_TORONTO CompletionTurn=189 EscapeResult=2 InitialResult=2 LevelAfter=1 LootInfo=-1 Name=LOC_CITIZEN_MAYA_MALE_8 Operation=58 PlotIndex=1818
mission CityName=LOC_CITY_NAME_VICTORIA CompletionTurn=187 EscapeResult=0 InitialResult=4 LevelAfter=2 LootInfo=-1 Name=LOC_CITIZEN_MAYA_FEMALE_7 Operation=58 PlotIndex=889
mission CityName=LOC_CITY_NAME_WINNIPEG CompletionTurn=187 EscapeResult=1 InitialResult=2 LevelAfter=1 LootInfo=-1 Name=LOC_CITIZEN_MAYA_FEMALE_4 Operation=58 PlotIndex=1743
mission CityName=LOC_CITY_NAME_HALIFAX CompletionTurn=187 EscapeResult=2 InitialResult=4 LevelAfter=2 LootInfo=-1 Name=LOC_CITIZEN_MAYA_MODERN_MALE_9 Operation=58 PlotIndex=1409
mission CityName=LOC_CITY_NAME_QUEBEC_CITY CompletionTurn=184 EscapeResult=-1 InitialResult=0 LevelAfter=1 LootInfo=-1 Name=LOC_CITIZEN_MAYA_MODERN_MALE_10 Operation=58 PlotIndex=1404
mission CityName=LOC_CITY_NAME_SAINT_JOHN CompletionTurn=184 EscapeResult=2 InitialResult=4 LevelAfter=2 LootInfo=-1 Name=LOC_CITIZEN_MAYA_MODERN_FEMALE_9 Operation=58 PlotIndex=1991
mission CityName=LOC_CITY_NAME_OTTAWA CompletionTurn=182 EscapeResult=0 InitialResult=4 LevelAfter=2 LootInfo=-1 Name=LOC_CITIZEN_MAYA_MODERN_FEMALE_8 Operation=58 PlotIndex=978
mission CityName=LOC_CITY_NAME_MONTREAL CompletionTurn=182 EscapeResult=2 InitialResult=4 LevelAfter=2 LootInfo=-1 Name=LOC_CITIZEN_MAYA_MODERN_FEMALE_7 Operation=58 PlotIndex=1314
mission CityName=LOC_CITY_NAME_TORONTO CompletionTurn=182 EscapeResult=-1 InitialResult=1 LevelAfter=1 LootInfo=-1 Name=LOC_CITIZEN_MAYA_MODERN_FEMALE_5 Operation=58 PlotIndex=1818
tally 6  FOMENT_UNREST CAPTURED / NO_RESULT
tally 1  FOMENT_UNREST FAIL_MUST_ESCAPE / CAPTURED
tally 4  FOMENT_UNREST FAIL_MUST_ESCAPE / FAIL_MUST_ESCAPE
tally 3  FOMENT_UNREST FAIL_MUST_ESCAPE / KILLED
tally 7  FOMENT_UNREST FAIL_UNDETECTED / NO_RESULT
tally 6  FOMENT_UNREST KILLED / NO_RESULT
tally 6  FOMENT_UNREST SUCCESS_MUST_ESCAPE / FAIL_MUST_ESCAPE
tally 5  FOMENT_UNREST SUCCESS_MUST_ESCAPE / KILLED
tally 3  FOMENT_UNREST SUCCESS_MUST_ESCAPE / NO_RESULT
tally 17  FOMENT_UNREST SUCCESS_UNDETECTED / NO_RESULT
turn 240 spies active 7 idle 2 missions 58 captured-enemy 0
spy 10682381 LOC_CITIZEN_MAYA_MODERN_MALE_5 level 2 at 54:15 busy
spy 10354709 LOC_CITIZEN_MAYA_MODERN_FEMALE_9 level 4 at 65:16 busy
spy 7929878 LOC_CITIZEN_MAYA_MODERN_FEMALE_8 level 2 at 54:21 busy
spy 10289175 LOC_CITIZEN_MAYA_MODERN_FEMALE_4 level 4 at 60:16 busy
spy 6750236 LOC_CITIZEN_MAYA_MODERN_MALE_9 level 4 at 54:11 busy
spy 7536669 LOC_CITIZEN_MAYA_FEMALE_8 level 1 at 54:21 refused
spy 10879011 LOC_CITIZEN_MAYA_MODERN_FEMALE_1 level 1 at 59:23 refused
spy 10813479 LOC_CITIZEN_MAYA_MODERN_FEMALE_6 level 4 at 49:10 busy
spy 10747945 LOC_CITIZEN_MAYA_MALE_5 level 1 at 59:23 busy
turn 240 spies 9 started 0 travelled 0 promoted 0 bought 0 gold 50000
unblock: blocker ENDTURN_BLOCKING_COMMEMORATION_AVAILABLE -> nothing | end turn requested
unblock: blocker ENDTURN_BLOCKING_PRODUCTION -> PALENQUE_MAYA builds UNIT_WARRIOR | end turn requested
unblock: blocker ENDTURN_BLOCKING_RESEARCH -> research TECH_MASS_PRODUCTION | end turn requested
unblock: blocker ENDTURN_BLOCKING_RESEARCH -> research TECH_MASS_PRODUCTION | end turn requested
unblock: blocker ENDTURN_BLOCKING_RESEARCH -> research TECH_MASS_PRODUCTION | end turn requested
unblock: blocker ENDTURN_BLOCKING_RESEARCH -> research TECH_MASS_PRODUCTION | end turn requested
unblock: blocker ENDTURN_BLOCKING_RESEARCH -> research TECH_MASS_PRODUCTION | end turn requested
unblock: blocker ENDTURN_BLOCKING_RESEARCH -> research TECH_MASS_PRODUCTION | end turn requested
unblock: blocker ENDTURN_BLOCKING_RESEARCH -> research TECH_MASS_PRODUCTION | end turn requested
unblock: blocker ENDTURN_BLOCKING_RESEARCH -> research TECH_MASS_PRODUCTION | end turn requested
unblock: blocker ENDTURN_BLOCKING_RESEARCH -> research TECH_MASS_PRODUCTION | end turn requested
unblock: blocker ENDTURN_BLOCKING_RESEARCH -> research TECH_MASS_PRODUCTION | end turn requested
unblock: blocker ENDTURN_BLOCKING_RESEARCH -> research TECH_MASS_PRODUCTION | end turn requested
unblock: blocker ENDTURN_BLOCKING_RESEARCH -> research TECH_MASS_PRODUCTION | end turn requested
unblock: blocker ENDTURN_BLOCKING_RESEARCH -> research TECH_MASS_PRODUCTION | end turn requested
unblock: blocker ENDTURN_BLOCKING_RESEARCH -> research TECH_MASS_PRODUCTION | end turn requested
unblock: blocker ENDTURN_BLOCKING_RESEARCH -> research TECH_MASS_PRODUCTION | end turn requested
unblock: blocker ENDTURN_BLOCKING_RESEARCH -> research TECH_MASS_PRODUCTION | end turn requested
unblock: blocker ENDTURN_BLOCKING_RESEARCH -> research TECH_MASS_PRODUCTION | end turn requested
unblock: blocker ENDTURN_BLOCKING_RESEARCH -> research TECH_MASS_PRODUCTION | end turn requested
unblock: blocker ENDTURN_BLOCKING_RESEARCH -> research TECH_MASS_PRODUCTION | end turn requested
unblock: blocker ENDTURN_BLOCKING_RESEARCH -> research TECH_MASS_PRODUCTION | end turn requested
unblock: blocker ENDTURN_BLOCKING_RESEARCH -> research TECH_MASS_PRODUCTION | end turn requested
unblock: blocker ENDTURN_BLOCKING_RESEARCH -> research TECH_MASS_PRODUCTION | end turn requested
unblock: blocker ENDTURN_BLOCKING_RESEARCH -> research TECH_MASS_PRODUCTION | end turn requested
unblock: blocker ENDTURN_BLOCKING_RESEARCH -> research TECH_MASS_PRODUCTION | end turn requested
unblock: blocker ENDTURN_BLOCKING_RESEARCH -> research TECH_MASS_PRODUCTION | end turn requested
unblock: blocker ENDTURN_BLOCKING_RESEARCH -> research TECH_MASS_PRODUCTION | end turn requested
unblock: blocker ENDTURN_BLOCKING_RESEARCH -> research TECH_MASS_PRODUCTION | end turn requested
unblock: blocker ENDTURN_BLOCKING_RESEARCH -> research TECH_MASS_PRODUCTION | end turn requested
unblock: blocker ENDTURN_BLOCKING_RESEARCH -> research TECH_MASS_PRODUCTION | end turn requested
unblock: blocker ENDTURN_BLOCKING_RESEARCH -> research TECH_MASS_PRODUCTION | end turn requested
unblock: blocker ENDTURN_BLOCKING_RESEARCH -> research TECH_MASS_PRODUCTION | end turn requested
unblock: blocker ENDTURN_BLOCKING_RESEARCH -> research TECH_MASS_PRODUCTION | end turn requested
unblock: blocker ENDTURN_BLOCKING_RESEARCH -> research TECH_MASS_PRODUCTION | end turn requested
unblock: blocker ENDTURN_BLOCKING_RESEARCH -> research TECH_MASS_PRODUCTION | end turn requested
unblock: blocker ENDTURN_BLOCKING_RESEARCH -> research TECH_MASS_PRODUCTION | end turn requested
unblock: blocker ENDTURN_BLOCKING_RESEARCH -> research TECH_MASS_PRODUCTION | end turn requested
unblock: blocker ENDTURN_BLOCKING_RESEARCH -> research TECH_MASS_PRODUCTION | end turn requested
unblock: blocker ENDTURN_BLOCKING_RESEARCH -> research TECH_MASS_PRODUCTION | end turn requested
unblock: blocker ENDTURN_BLOCKING_RESEARCH -> research TECH_MASS_PRODUCTION | end turn requested
unblock: blocker ENDTURN_BLOCKING_RESEARCH -> research TECH_MASS_PRODUCTION | end turn requested
unblock: blocker ENDTURN_BLOCKING_RESEARCH -> research TECH_MASS_PRODUCTION | end turn requested
unblock: blocker ENDTURN_BLOCKING_RESEARCH -> research TECH_MASS_PRODUCTION | end turn requested
unblock: blocker ENDTURN_BLOCKING_RESEARCH -> research TECH_MASS_PRODUCTION | end turn requested
unblock: blocker ENDTURN_BLOCKING_RESEARCH -> research TECH_MASS_PRODUCTION | end turn requested
unblock: blocker ENDTURN_BLOCKING_RESEARCH -> research TECH_MASS_PRODUCTION | end turn requested
unblock: blocker ENDTURN_BLOCKING_RESEARCH -> research TECH_MASS_PRODUCTION | end turn requested
unblock: blocker ENDTURN_BLOCKING_RESEARCH -> research TECH_MASS_PRODUCTION | end turn requested
unblock: blocker ENDTURN_BLOCKING_RESEARCH -> research TECH_MASS_PRODUCTION | end turn requested
unblock: blocker ENDTURN_BLOCKING_RESEARCH -> research TECH_MASS_PRODUCTION | end turn requested
unblock: blocker ENDTURN_BLOCKING_RESEARCH -> research TECH_MASS_PRODUCTION | end turn requested
unblock: blocker ENDTURN_BLOCKING_RESEARCH -> research TECH_MASS_PRODUCTION | end turn requested
unblock: blocker ENDTURN_BLOCKING_RESEARCH -> research TECH_MASS_PRODUCTION | end turn requested
unblock: blocker ENDTURN_BLOCKING_RESEARCH -> research TECH_MASS_PRODUCTION | end turn requested
unblock: blocker ENDTURN_BLOCKING_RESEARCH -> research TECH_MASS_PRODUCTION | end turn requested
unblock: blocker ENDTURN_BLOCKING_RESEARCH -> research TECH_MASS_PRODUCTION | end turn requested
unblock: blocker ENDTURN_BLOCKING_RESEARCH -> research TECH_MASS_PRODUCTION | end turn requested
unblock: blocker ENDTURN_BLOCKING_RESEARCH -> research TECH_MASS_PRODUCTION | end turn requested
unblock: blocker ENDTURN_BLOCKING_RESEARCH -> research TECH_MASS_PRODUCTION | end turn requested
unblock: blocker ENDTURN_BLOCKING_RESEARCH -> research TECH_MASS_PRODUCTION | end turn requested
unblock: blocker ENDTURN_BLOCKING_RESEARCH -> research TECH_MASS_PRODUCTION | end turn requested
unblock: blocker ENDTURN_BLOCKING_RESEARCH -> research TECH_MASS_PRODUCTION | end turn requested
unblock: blocker ENDTURN_BLOCKING_RESEARCH -> research TECH_MASS_PRODUCTION | end turn requested
unblock: blocker ENDTURN_BLOCKING_RESEARCH -> research TECH_MASS_PRODUCTION | end turn requested
unblock: blocker ENDTURN_BLOCKING_RESEARCH -> research TECH_MASS_PRODUCTION | end turn requested
unblock: blocker ENDTURN_BLOCKING_RESEARCH -> research TECH_MASS_PRODUCTION | end turn requested
unblock: blocker ENDTURN_BLOCKING_RESEARCH -> research TECH_MASS_PRODUCTION | end turn requested
unblock: blocker ENDTURN_BLOCKING_RESEARCH -> research TECH_MASS_PRODUCTION | end turn requested
unblock: blocker ENDTURN_BLOCKING_RESEARCH -> research TECH_MASS_PRODUCTION | end turn requested
unblock: blocker ENDTURN_BLOCKING_RESEARCH -> research TECH_MASS_PRODUCTION | end turn requested
unblock: blocker ENDTURN_BLOCKING_RESEARCH -> research TECH_MASS_PRODUCTION | end turn requested
unblock: blocker ENDTURN_BLOCKING_RESEARCH -> research TECH_MASS_PRODUCTION | end turn requested
unblock: blocker ENDTURN_BLOCKING_RESEARCH -> research TECH_MASS_PRODUCTION | end turn requested
unblock: blocker ENDTURN_BLOCKING_RESEARCH -> research TECH_MASS_PRODUCTION | end turn requested
unblock: blocker ENDTURN_BLOCKING_RESEARCH -> research TECH_MASS_PRODUCTION | end turn requested
unblock: blocker ENDTURN_BLOCKING_RESEARCH -> research TECH_MASS_PRODUCTION | end turn requested
unblock: blocker ENDTURN_BLOCKING_RESEARCH -> research TECH_MASS_PRODUCTION | end turn requested
unblock: blocker ENDTURN_BLOCKING_RESEARCH -> research TECH_MASS_PRODUCTION | end turn requested
unblock: blocker ENDTURN_BLOCKING_RESEARCH -> research TECH_MASS_PRODUCTION | end turn requested
unblock: blocker ENDTURN_BLOCKING_RESEARCH -> research TECH_MASS_PRODUCTION | end turn requested
unblock: blocker ENDTURN_BLOCKING_RESEARCH -> research TECH_MASS_PRODUCTION | end turn requested
unblock: blocker ENDTURN_BLOCKING_RESEARCH -> research TECH_MASS_PRODUCTION | end turn requested
unblock: blocker ENDTURN_BLOCKING_RESEARCH -> research TECH_MASS_PRODUCTION | end turn requested
unblock: blocker ENDTURN_BLOCKING_RESEARCH -> research TECH_MASS_PRODUCTION | end turn requested
unblock: blocker ENDTURN_BLOCKING_RESEARCH -> research TECH_MASS_PRODUCTION | end turn requested
unblock: blocker ENDTURN_BLOCKING_RESEARCH -> research TECH_MASS_PRODUCTION | end turn requested
unblock: blocker ENDTURN_BLOCKING_RESEARCH -> research TECH_MASS_PRODUCTION | end turn requested
unblock: blocker ENDTURN_BLOCKING_RESEARCH -> research TECH_MASS_PRODUCTION | end turn requested
unblock: blocker ENDTURN_BLOCKING_RESEARCH -> research TECH_MASS_PRODUCTION | end turn requested
unblock: blocker ENDTURN_BLOCKING_RESEARCH -> research TECH_MASS_PRODUCTION | end turn requested
unblock: blocker ENDTURN_BLOCKING_RESEARCH -> research TECH_MASS_PRODUCTION | end turn requested
unblock: blocker ENDTURN_BLOCKING_RESEARCH -> research TECH_MASS_PRODUCTION | end turn requested
unblock: blocker ENDTURN_BLOCKING_RESEARCH -> research TECH_MASS_PRODUCTION | end turn requested
unblock: blocker ENDTURN_BLOCKING_RESEARCH -> research TECH_MASS_PRODUCTION | end turn requested
unblock: blocker ENDTURN_BLOCKING_RESEARCH -> research TECH_MASS_PRODUCTION | end turn requested
