################ save lab4_t100 seat 0 op UNITOPERATION_SPY_FOMENT_UNREST cap 12 extra 12
setup: four spy civics granted, 12 extra grants
turn 100 spies 0 started 0 travelled 0 promoted 0 bought 1 gold 50000
unblock: blocker ENDTURN_BLOCKING_COMMEMORATION_AVAILABLE -> nothing | end turn requested
unstuck: HistoricMoments: closed
unblock: blocker ENDTURN_BLOCKING_CIVIC -> civic CIVIC_MILITARY_TRADITION | end turn requested
unstuck: LeaderScene: open, no close
unblock: blocker ENDTURN_BLOCKING_PRODUCTION -> NARANJO builds UNIT_WARRIOR | end turn requested
unstuck: closed sessions [1:1]
unblock: blocker ENDTURN_BLOCKING_PRODUCTION -> NARANJO builds UNIT_WARRIOR | end turn requested
unstuck: closed sessions [3:3]
turn 101 spies active 0 idle 1 missions 0 captured-enemy 0
spy 2359297 LOC_CITIZEN_MAYA_MODERN_MALE_1 level 1 at 36:42 travel
turn 101 spies 1 started 0 travelled 1 promoted 0 bought 0 gold 50000
unblock: blocker ENDTURN_BLOCKING_PRODUCTION -> NARANJO builds UNIT_WARRIOR | end turn requested
unstuck: TechCivicCompletedPopup: closed
unblock: blocker ENDTURN_BLOCKING_CIVIC -> civic CIVIC_EARLY_EMPIRE | end turn requested
unstuck: closed sessions [6:6]
unblock: blocker ENDTURN_BLOCKING_WORLD_CONGRESS_SESSION -> nothing | end turn requested
unstuck: WorldCongressIntro: closed
unstuck: WorldCongressPopup: closed
turn 102 spies active 0 idle 0 missions 0 captured-enemy 0
turn 102 spies 0 started 0 travelled 0 promoted 0 bought 1 gold 50000
unblock: blocker ENDTURN_BLOCKING_CIVIC -> civic CIVIC_EARLY_EMPIRE | end turn requested
unblock: blocker ENDTURN_BLOCKING_FILL_CIVIC_SLOT -> nothing | end turn requested
unstuck: closed sessions [4:4]
turn 103 spies active 0 idle 2 missions 0 captured-enemy 0
spy 2424833 LOC_CITIZEN_MAYA_MODERN_FEMALE_7 level 1 at 36:42 travel
spy 2490375 LOC_CITIZEN_MAYA_MODERN_MALE_1 level 1 at 54:11 start
turn 103 spies 2 started 1 travelled 1 promoted 0 bought 0 gold 50000
unblock: blocker ENDTURN_BLOCKING_CIVIC -> civic CIVIC_MYSTICISM | end turn requested
unstuck: TechCivicCompletedPopup: closed
turn 104 spies active 1 idle 0 missions 0 captured-enemy 0
spy 2490375 LOC_CITIZEN_MAYA_MODERN_MALE_1 level 1 at 54:11 busy
turn 104 spies 1 started 0 travelled 0 promoted 0 bought 1 gold 50000
unblock: blocker ENDTURN_BLOCKING_PRODUCTION -> NARANJO builds UNIT_WARRIOR | end turn requested
unstuck: TechCivicCompletedPopup: closed
unblock: blocker ENDTURN_BLOCKING_RESEARCH -> research TECH_CELESTIAL_NAVIGATION | end turn requested
unstuck: closed sessions [1:1]
unstuck: DiplomacyActionView: Closing Diplomacy Action View. m_eventID: 2440299
unstuck: TechCivicCompletedPopup: closed
turn 105 spies active 1 idle 1 missions 0 captured-enemy 0
spy 2621441 LOC_CITIZEN_MAYA_FEMALE_7 level 1 at 36:42 travel
spy 2490375 LOC_CITIZEN_MAYA_MODERN_MALE_1 level 1 at 54:11 busy
turn 105 spies 2 started 0 travelled 1 promoted 0 bought 0 gold 50000
unblock: blocker ENDTURN_BLOCKING_RESEARCH -> research TECH_CELESTIAL_NAVIGATION | end turn requested
unblock: blocker ENDTURN_BLOCKING_WORLD_CONGRESS_SESSION -> nothing | end turn requested
unstuck: WorldCongressIntro: closed
unstuck: WorldCongressPopup: closed
turn 106 spies active 1 idle 1 missions 0 captured-enemy 0
spy 2686977 LOC_CITIZEN_MAYA_MODERN_FEMALE_7 level 1 at 54:15 start
spy 2490375 LOC_CITIZEN_MAYA_MODERN_MALE_1 level 1 at 54:11 busy
turn 106 spies 2 started 1 travelled 0 promoted 0 bought 1 gold 50000
unblock: blocker ENDTURN_BLOCKING_CIVIC -> civic CIVIC_POLITICAL_PHILOSOPHY | end turn requested
unstuck: HistoricMoments: closed
mission CityName=LOC_CITY_NAME_OTTAWA CompletionTurn=107 EscapeResult=-1 InitialResult=5 LevelAfter=2 LootInfo=-1 Name=LOC_CITIZEN_MAYA_MODERN_MALE_1 Operation=58 PlotIndex=978
tally 1  FOMENT_UNREST SUCCESS_UNDETECTED / NO_RESULT
turn 107 spies active 1 idle 2 missions 1 captured-enemy 0
spy 2686977 LOC_CITIZEN_MAYA_MODERN_FEMALE_7 level 1 at 54:15 busy
spy 2818054 LOC_CITIZEN_MAYA_FEMALE_3 level 1 at 36:42 travel
spy 2490375 LOC_CITIZEN_MAYA_MODERN_MALE_1 level 1 at 54:11 start
turn 107 spies 3 started 1 travelled 1 promoted 1 bought 0 gold 50000
unblock: blocker ENDTURN_BLOCKING_PRODUCTION -> NARANJO builds UNIT_WARRIOR | end turn requested
unstuck: InGamePopup: open, no close
unstuck: TechCivicCompletedPopup: closed
mission CityName=LOC_CITY_NAME_OTTAWA CompletionTurn=107 EscapeResult=-1 InitialResult=5 LevelAfter=2 LootInfo=-1 Name=LOC_CITIZEN_MAYA_MODERN_MALE_1 Operation=58 PlotIndex=978
tally 1  FOMENT_UNREST SUCCESS_UNDETECTED / NO_RESULT
turn 108 spies active 2 idle 1 missions 1 captured-enemy 0
spy 2686977 LOC_CITIZEN_MAYA_MODERN_FEMALE_7 level 1 at 54:15 busy
spy 2883590 LOC_CITIZEN_MAYA_FEMALE_7 level 1 at 54:15 refused
spy 2490375 LOC_CITIZEN_MAYA_MODERN_MALE_1 level 2 at 54:11 busy
turn 108 spies 3 started 0 travelled 0 promoted 0 bought 1 gold 50000
unblock: blocker ENDTURN_BLOCKING_CIVIC -> civic CIVIC_DRAMA_POETRY | end turn requested
unstuck: InGamePopup: open, no close
unblock: blocker ENDTURN_BLOCKING_PRODUCTION -> NARANJO builds UNIT_WARRIOR | end turn requested
unstuck: LeaderScene: open, no close
unstuck: InGamePopup: open, no close
unblock: blocker ENDTURN_BLOCKING_FILL_CIVIC_SLOT -> nothing | end turn requested
unstuck: closed sessions [1:1]
unstuck: DiplomacyActionView: Closing Diplomacy Action View. m_eventID: 2473557
unstuck: InGamePopup: open, no close
mission CityName=LOC_CITY_NAME_OTTAWA CompletionTurn=107 EscapeResult=-1 InitialResult=5 LevelAfter=2 LootInfo=-1 Name=LOC_CITIZEN_MAYA_MODERN_MALE_1 Operation=58 PlotIndex=978
tally 1  FOMENT_UNREST SUCCESS_UNDETECTED / NO_RESULT
turn 108 spies active 1 idle 3 missions 1 captured-enemy 0
spy 2686977 LOC_CITIZEN_MAYA_MODERN_FEMALE_7 level 1 at 54:15 busy
spy 3014661 LOC_CITIZEN_MAYA_MODERN_FEMALE_6 level 1 at 36:42 travel
spy 2883590 LOC_CITIZEN_MAYA_FEMALE_7 level 1 at 54:15 refused
spy 2490375 LOC_CITIZEN_MAYA_MODERN_MALE_1 level 2 at 54:11 start
turn 109 spies 4 started 1 travelled 1 promoted 0 bought 0 gold 50000
unblock: blocker ENDTURN_BLOCKING_CIVIC -> civic CIVIC_MILITARY_TRAINING | end turn requested
unstuck: InGamePopup: open, no close
unstuck: NaturalWonderPopup: closed
unstuck: TechCivicCompletedPopup: closed
unstuck: WorldCrisisPopup: closed
unblock: blocker ENDTURN_BLOCKING_FILL_CIVIC_SLOT -> nothing | end turn requested
unstuck: InGamePopup: open, no close
unstuck: TechCivicCompletedPopup: closed
mission CityName=LOC_CITY_NAME_MONTREAL CompletionTurn=110 EscapeResult=-1 InitialResult=1 LevelAfter=1 LootInfo=-1 Name=LOC_CITIZEN_MAYA_MODERN_FEMALE_7 Operation=58 PlotIndex=1314
mission CityName=LOC_CITY_NAME_OTTAWA CompletionTurn=107 EscapeResult=-1 InitialResult=5 LevelAfter=2 LootInfo=-1 Name=LOC_CITIZEN_MAYA_MODERN_MALE_1 Operation=58 PlotIndex=978
tally 1  FOMENT_UNREST CAPTURED / NO_RESULT
tally 1  FOMENT_UNREST SUCCESS_UNDETECTED / NO_RESULT
turn 110 spies active 1 idle 2 missions 2 captured-enemy 0
spy 2883590 LOC_CITIZEN_MAYA_FEMALE_7 level 1 at 54:15 start
spy 2490375 LOC_CITIZEN_MAYA_MODERN_MALE_1 level 2 at 54:11 busy
spy 3080210 LOC_CITIZEN_MAYA_FEMALE_3 level 1 at 54:21 start
turn 110 spies 3 started 2 travelled 0 promoted 0 bought 1 gold 50000
unblock: blocker ENDTURN_BLOCKING_CIVIC -> civic CIVIC_DEFENSIVE_TACTICS | end turn requested
unstuck: InGamePopup: open, no close
unblock: blocker ENDTURN_BLOCKING_PRODUCTION -> NARANJO builds UNIT_WARRIOR | end turn requested
unstuck: closed sessions [3:3]
unstuck: DiplomacyActionView: Closing Diplomacy Action View. m_eventID: 2493389
unstuck: InGamePopup: open, no close
mission CityName=LOC_CITY_NAME_MONTREAL CompletionTurn=110 EscapeResult=-1 InitialResult=1 LevelAfter=1 LootInfo=-1 Name=LOC_CITIZEN_MAYA_MODERN_FEMALE_7 Operation=58 PlotIndex=1314
mission CityName=LOC_CITY_NAME_OTTAWA CompletionTurn=107 EscapeResult=-1 InitialResult=5 LevelAfter=2 LootInfo=-1 Name=LOC_CITIZEN_MAYA_MODERN_MALE_1 Operation=58 PlotIndex=978
tally 1  FOMENT_UNREST CAPTURED / NO_RESULT
tally 1  FOMENT_UNREST SUCCESS_UNDETECTED / NO_RESULT
turn 111 spies active 3 idle 1 missions 2 captured-enemy 0
spy 3276801 LOC_CITIZEN_MAYA_MODERN_FEMALE_6 level 1 at 54:21 refused
spy 2883590 LOC_CITIZEN_MAYA_FEMALE_7 level 1 at 54:15 busy
spy 2490375 LOC_CITIZEN_MAYA_MODERN_MALE_1 level 2 at 54:11 busy
spy 3211281 LOC_CITIZEN_MAYA_MODERN_FEMALE_1 level 1 at 36:42 travel
spy 3080210 LOC_CITIZEN_MAYA_FEMALE_3 level 1 at 54:21 busy
turn 111 spies 5 started 0 travelled 1 promoted 0 bought 0 gold 50000
unblock: blocker ENDTURN_BLOCKING_PRODUCTION -> NARANJO builds UNIT_WARRIOR | end turn requested
unstuck: InGamePopup: open, no close
unstuck: TechCivicCompletedPopup: closed
mission CityName=LOC_CITY_NAME_MONTREAL CompletionTurn=110 EscapeResult=-1 InitialResult=1 LevelAfter=1 LootInfo=-1 Name=LOC_CITIZEN_MAYA_MODERN_FEMALE_7 Operation=58 PlotIndex=1314
mission CityName=LOC_CITY_NAME_OTTAWA CompletionTurn=107 EscapeResult=-1 InitialResult=5 LevelAfter=2 LootInfo=-1 Name=LOC_CITIZEN_MAYA_MODERN_MALE_1 Operation=58 PlotIndex=978
tally 1  FOMENT_UNREST CAPTURED / NO_RESULT
tally 1  FOMENT_UNREST SUCCESS_UNDETECTED / NO_RESULT
turn 112 spies active 3 idle 1 missions 2 captured-enemy 0
spy 3276801 LOC_CITIZEN_MAYA_MODERN_FEMALE_6 level 1 at 54:21 refused
spy 2883590 LOC_CITIZEN_MAYA_FEMALE_7 level 1 at 54:15 busy
spy 2490375 LOC_CITIZEN_MAYA_MODERN_MALE_1 level 2 at 54:11 busy
spy 3080210 LOC_CITIZEN_MAYA_FEMALE_3 level 1 at 54:21 busy
turn 112 spies 4 started 0 travelled 0 promoted 0 bought 1 gold 50000
unblock: blocker ENDTURN_BLOCKING_CIVIC -> civic CIVIC_RECORDED_HISTORY | end turn requested
unstuck: LeaderScene: open, no close
unstuck: InGamePopup: open, no close
unblock: blocker ENDTURN_BLOCKING_FILL_CIVIC_SLOT -> nothing | end turn requested
unstuck: closed sessions [1:1]
unstuck: InGamePopup: open, no close
mission CityName=LOC_CITY_NAME_MONTREAL CompletionTurn=110 EscapeResult=-1 InitialResult=1 LevelAfter=1 LootInfo=-1 Name=LOC_CITIZEN_MAYA_MODERN_FEMALE_7 Operation=58 PlotIndex=1314
mission CityName=LOC_CITY_NAME_OTTAWA CompletionTurn=107 EscapeResult=-1 InitialResult=5 LevelAfter=2 LootInfo=-1 Name=LOC_CITIZEN_MAYA_MODERN_MALE_1 Operation=58 PlotIndex=978
tally 1  FOMENT_UNREST CAPTURED / NO_RESULT
tally 1  FOMENT_UNREST SUCCESS_UNDETECTED / NO_RESULT
turn 112 spies active 3 idle 2 missions 2 captured-enemy 0
spy 3276801 LOC_CITIZEN_MAYA_MODERN_FEMALE_6 level 1 at 54:21 refused
spy 2883590 LOC_CITIZEN_MAYA_FEMALE_7 level 1 at 54:15 busy
spy 2490375 LOC_CITIZEN_MAYA_MODERN_MALE_1 level 2 at 54:11 busy
spy 3342353 LOC_CITIZEN_MAYA_FEMALE_6 level 1 at 36:42 notarget
spy 3080210 LOC_CITIZEN_MAYA_FEMALE_3 level 1 at 54:21 busy
turn 112 spies 5 started 0 travelled 0 promoted 0 bought 0 gold 48655
unblock: blocker ENDTURN_BLOCKING_FILL_CIVIC_SLOT -> nothing | end turn requested
unstuck: InGamePopup: open, no close
unstuck: NaturalDisasterPopup: closed
unblock: blocker ENDTURN_BLOCKING_RESEARCH -> research TECH_CONSTRUCTION | end turn requested
unstuck: InGamePopup: open, no close
mission CityName=LOC_CITY_NAME_TORONTO CompletionTurn=114 EscapeResult=-1 InitialResult=1 LevelAfter=1 LootInfo=-1 Name=LOC_CITIZEN_MAYA_FEMALE_3 Operation=58 PlotIndex=1818
mission CityName=LOC_CITY_NAME_MONTREAL CompletionTurn=114 EscapeResult=-1 InitialResult=5 LevelAfter=2 LootInfo=-1 Name=LOC_CITIZEN_MAYA_FEMALE_7 Operation=58 PlotIndex=1314
mission CityName=LOC_CITY_NAME_OTTAWA CompletionTurn=113 EscapeResult=-1 InitialResult=5 LevelAfter=3 LootInfo=-1 Name=LOC_CITIZEN_MAYA_MODERN_MALE_1 Operation=58 PlotIndex=978
mission CityName=LOC_CITY_NAME_MONTREAL CompletionTurn=110 EscapeResult=-1 InitialResult=1 LevelAfter=1 LootInfo=-1 Name=LOC_CITIZEN_MAYA_MODERN_FEMALE_7 Operation=58 PlotIndex=1314
mission CityName=LOC_CITY_NAME_OTTAWA CompletionTurn=107 EscapeResult=-1 InitialResult=5 LevelAfter=2 LootInfo=-1 Name=LOC_CITIZEN_MAYA_MODERN_MALE_1 Operation=58 PlotIndex=978
tally 2  FOMENT_UNREST CAPTURED / NO_RESULT
tally 3  FOMENT_UNREST SUCCESS_UNDETECTED / NO_RESULT
turn 114 spies active 0 idle 5 missions 5 captured-enemy 0
spy 3276801 LOC_CITIZEN_MAYA_MODERN_FEMALE_6 level 1 at 54:21 start
spy 2883590 LOC_CITIZEN_MAYA_FEMALE_7 level 1 at 54:15 start
spy 2490375 LOC_CITIZEN_MAYA_MODERN_MALE_1 level 2 at 54:11 start
spy 3407887 LOC_CITIZEN_MAYA_MODERN_FEMALE_1 level 1 at 60:16 start
spy 3342353 LOC_CITIZEN_MAYA_FEMALE_6 level 1 at 36:42 travel
turn 114 spies 5 started 4 travelled 1 promoted 2 bought 0 gold 50000
unblock: blocker ENDTURN_BLOCKING_RESEARCH -> research TECH_CONSTRUCTION | end turn requested
unstuck: InGamePopup: open, no close
unblock: blocker ENDTURN_BLOCKING_CIVIC -> civic CIVIC_THEOLOGY | end turn requested
unstuck: closed sessions [3:3]
unstuck: DiplomacyActionView: Closing Diplomacy Action View. m_eventID: 2526971
unstuck: InGamePopup: open, no close
mission CityName=LOC_CITY_NAME_TORONTO CompletionTurn=114 EscapeResult=-1 InitialResult=1 LevelAfter=1 LootInfo=-1 Name=LOC_CITIZEN_MAYA_FEMALE_3 Operation=58 PlotIndex=1818
mission CityName=LOC_CITY_NAME_MONTREAL CompletionTurn=114 EscapeResult=-1 InitialResult=5 LevelAfter=2 LootInfo=-1 Name=LOC_CITIZEN_MAYA_FEMALE_7 Operation=58 PlotIndex=1314
mission CityName=LOC_CITY_NAME_OTTAWA CompletionTurn=113 EscapeResult=-1 InitialResult=5 LevelAfter=3 LootInfo=-1 Name=LOC_CITIZEN_MAYA_MODERN_MALE_1 Operation=58 PlotIndex=978
mission CityName=LOC_CITY_NAME_MONTREAL CompletionTurn=110 EscapeResult=-1 InitialResult=1 LevelAfter=1 LootInfo=-1 Name=LOC_CITIZEN_MAYA_MODERN_FEMALE_7 Operation=58 PlotIndex=1314
mission CityName=LOC_CITY_NAME_OTTAWA CompletionTurn=107 EscapeResult=-1 InitialResult=5 LevelAfter=2 LootInfo=-1 Name=LOC_CITIZEN_MAYA_MODERN_MALE_1 Operation=58 PlotIndex=978
tally 2  FOMENT_UNREST CAPTURED / NO_RESULT
tally 3  FOMENT_UNREST SUCCESS_UNDETECTED / NO_RESULT
turn 114 spies active 4 idle 0 missions 5 captured-enemy 0
spy 3276801 LOC_CITIZEN_MAYA_MODERN_FEMALE_6 level 1 at 54:21 busy
spy 2883590 LOC_CITIZEN_MAYA_FEMALE_7 level 2 at 54:15 busy
spy 2490375 LOC_CITIZEN_MAYA_MODERN_MALE_1 level 3 at 54:11 busy
spy 3407887 LOC_CITIZEN_MAYA_MODERN_FEMALE_1 level 1 at 60:16 busy
turn 114 spies 4 started 0 travelled 0 promoted 0 bought 1 gold 50000
unblock: blocker ENDTURN_BLOCKING_CIVIC -> civic CIVIC_THEOLOGY | end turn requested
unstuck: InGamePopup: open, no close
unstuck: NaturalDisasterPopup: closed
unblock: blocker ENDTURN_BLOCKING_CIVIC -> civic CIVIC_THEOLOGY | end turn requested
unstuck: InGamePopup: open, no close
mission CityName=LOC_CITY_NAME_TORONTO CompletionTurn=114 EscapeResult=-1 InitialResult=1 LevelAfter=1 LootInfo=-1 Name=LOC_CITIZEN_MAYA_FEMALE_3 Operation=58 PlotIndex=1818
mission CityName=LOC_CITY_NAME_MONTREAL CompletionTurn=114 EscapeResult=-1 InitialResult=5 LevelAfter=2 LootInfo=-1 Name=LOC_CITIZEN_MAYA_FEMALE_7 Operation=58 PlotIndex=1314
mission CityName=LOC_CITY_NAME_OTTAWA CompletionTurn=113 EscapeResult=-1 InitialResult=5 LevelAfter=3 LootInfo=-1 Name=LOC_CITIZEN_MAYA_MODERN_MALE_1 Operation=58 PlotIndex=978
mission CityName=LOC_CITY_NAME_MONTREAL CompletionTurn=110 EscapeResult=-1 InitialResult=1 LevelAfter=1 LootInfo=-1 Name=LOC_CITIZEN_MAYA_MODERN_FEMALE_7 Operation=58 PlotIndex=1314
mission CityName=LOC_CITY_NAME_OTTAWA CompletionTurn=107 EscapeResult=-1 InitialResult=5 LevelAfter=2 LootInfo=-1 Name=LOC_CITIZEN_MAYA_MODERN_MALE_1 Operation=58 PlotIndex=978
tally 2  FOMENT_UNREST CAPTURED / NO_RESULT
tally 3  FOMENT_UNREST SUCCESS_UNDETECTED / NO_RESULT
turn 116 spies active 2 idle 2 missions 5 captured-enemy 0
spy 3276801 LOC_CITIZEN_MAYA_MODERN_FEMALE_6 level 1 at 54:21 busy
spy 2883590 LOC_CITIZEN_MAYA_FEMALE_7 level 2 at 54:15 start
spy 2490375 LOC_CITIZEN_MAYA_MODERN_MALE_1 level 3 at 54:11 start
spy 3407887 LOC_CITIZEN_MAYA_MODERN_FEMALE_1 level 1 at 60:16 busy
turn 116 spies 4 started 2 travelled 0 promoted 0 bought 1 gold 50000
unblock: blocker ENDTURN_BLOCKING_PRODUCTION -> NARANJO builds UNIT_WARRIOR | end turn requested
unstuck: InGamePopup: open, no close
unstuck: TechCivicCompletedPopup: closed
unblock: blocker ENDTURN_BLOCKING_CIVIC -> civic CIVIC_NAVAL_TRADITION | end turn requested
unstuck: closed sessions [1:1]
unstuck: DiplomacyActionView: closed
unstuck: InGamePopup: open, no close
mission CityName=LOC_CITY_NAME_TORONTO CompletionTurn=114 EscapeResult=-1 InitialResult=1 LevelAfter=1 LootInfo=-1 Name=LOC_CITIZEN_MAYA_FEMALE_3 Operation=58 PlotIndex=1818
mission CityName=LOC_CITY_NAME_MONTREAL CompletionTurn=114 EscapeResult=-1 InitialResult=5 LevelAfter=2 LootInfo=-1 Name=LOC_CITIZEN_MAYA_FEMALE_7 Operation=58 PlotIndex=1314
mission CityName=LOC_CITY_NAME_OTTAWA CompletionTurn=113 EscapeResult=-1 InitialResult=5 LevelAfter=3 LootInfo=-1 Name=LOC_CITIZEN_MAYA_MODERN_MALE_1 Operation=58 PlotIndex=978
mission CityName=LOC_CITY_NAME_MONTREAL CompletionTurn=110 EscapeResult=-1 InitialResult=1 LevelAfter=1 LootInfo=-1 Name=LOC_CITIZEN_MAYA_MODERN_FEMALE_7 Operation=58 PlotIndex=1314
mission CityName=LOC_CITY_NAME_OTTAWA CompletionTurn=107 EscapeResult=-1 InitialResult=5 LevelAfter=2 LootInfo=-1 Name=LOC_CITIZEN_MAYA_MODERN_MALE_1 Operation=58 PlotIndex=978
tally 2  FOMENT_UNREST CAPTURED / NO_RESULT
tally 3  FOMENT_UNREST SUCCESS_UNDETECTED / NO_RESULT
turn 117 spies active 4 idle 2 missions 5 captured-enemy 0
spy 3276801 LOC_CITIZEN_MAYA_MODERN_FEMALE_6 level 1 at 54:21 busy
spy 2883590 LOC_CITIZEN_MAYA_FEMALE_7 level 2 at 54:15 busy
spy 2490375 LOC_CITIZEN_MAYA_MODERN_MALE_1 level 3 at 54:11 busy
spy 3407887 LOC_CITIZEN_MAYA_MODERN_FEMALE_1 level 1 at 60:16 busy
spy 3604497 LOC_CITIZEN_MAYA_FEMALE_6 level 1 at 65:16 start
spy 3538962 LOC_CITIZEN_MAYA_MALE_8 level 1 at 36:42 travel
turn 117 spies 6 started 1 travelled 1 promoted 0 bought 0 gold 50000
unblock: blocker ENDTURN_BLOCKING_CIVIC -> civic CIVIC_NAVAL_TRADITION | end turn requested
unstuck: InGamePopup: open, no close
unblock: blocker ENDTURN_BLOCKING_PRODUCTION -> NARANJO builds UNIT_WARRIOR | end turn requested
unstuck: closed sessions [6:6]
unstuck: DiplomacyActionView: Closing Diplomacy Action View. m_eventID: 2556069
unstuck: InGamePopup: open, no close
mission CityName=LOC_CITY_NAME_TORONTO CompletionTurn=114 EscapeResult=-1 InitialResult=1 LevelAfter=1 LootInfo=-1 Name=LOC_CITIZEN_MAYA_FEMALE_3 Operation=58 PlotIndex=1818
mission CityName=LOC_CITY_NAME_MONTREAL CompletionTurn=114 EscapeResult=-1 InitialResult=5 LevelAfter=2 LootInfo=-1 Name=LOC_CITIZEN_MAYA_FEMALE_7 Operation=58 PlotIndex=1314
mission CityName=LOC_CITY_NAME_OTTAWA CompletionTurn=113 EscapeResult=-1 InitialResult=5 LevelAfter=3 LootInfo=-1 Name=LOC_CITIZEN_MAYA_MODERN_MALE_1 Operation=58 PlotIndex=978
mission CityName=LOC_CITY_NAME_MONTREAL CompletionTurn=110 EscapeResult=-1 InitialResult=1 LevelAfter=1 LootInfo=-1 Name=LOC_CITIZEN_MAYA_MODERN_FEMALE_7 Operation=58 PlotIndex=1314
mission CityName=LOC_CITY_NAME_OTTAWA CompletionTurn=107 EscapeResult=-1 InitialResult=5 LevelAfter=2 LootInfo=-1 Name=LOC_CITIZEN_MAYA_MODERN_MALE_1 Operation=58 PlotIndex=978
tally 2  FOMENT_UNREST CAPTURED / NO_RESULT
tally 3  FOMENT_UNREST SUCCESS_UNDETECTED / NO_RESULT
turn 117 spies active 5 idle 0 missions 5 captured-enemy 0
spy 3276801 LOC_CITIZEN_MAYA_MODERN_FEMALE_6 level 1 at 54:21 busy
spy 2883590 LOC_CITIZEN_MAYA_FEMALE_7 level 2 at 54:15 busy
spy 2490375 LOC_CITIZEN_MAYA_MODERN_MALE_1 level 3 at 54:11 busy
spy 3407887 LOC_CITIZEN_MAYA_MODERN_FEMALE_1 level 1 at 60:16 busy
spy 3604497 LOC_CITIZEN_MAYA_FEMALE_6 level 1 at 65:16 busy
turn 117 spies 5 started 0 travelled 0 promoted 0 bought 1 gold 50000
unblock: blocker ENDTURN_BLOCKING_PRODUCTION -> NARANJO builds UNIT_WARRIOR | end turn requested
unstuck: InGamePopup: open, no close
unstuck: NaturalDisasterPopup: closed
unblock: blocker ENDTURN_BLOCKING_SPY_CHOOSE_ESCAPE_ROUTE -> escape route DISTRICT_CITY_CENTER of 2 for spy 3276801 LOC_CITIZEN_MAYA_MODERN_FEMALE_6 level 1 turn 118 city LOC_CITY_NAME_TORONTO p1 at 54:21 pursuer police | end turn requested
unstuck: InGamePopup: open, no close
mission CityName=LOC_CITY_NAME_QUEBEC_CITY CompletionTurn=118 EscapeResult=-1 InitialResult=2 LevelAfter=1 LootInfo=-1 Name=LOC_CITIZEN_MAYA_MODERN_FEMALE_1 Operation=58 PlotIndex=1404
mission CityName=LOC_CITY_NAME_TORONTO CompletionTurn=118 EscapeResult=-1 InitialResult=4 LevelAfter=2 LootInfo=-1 Name=LOC_CITIZEN_MAYA_MODERN_FEMALE_6 Operation=58 PlotIndex=1818
mission CityName=LOC_CITY_NAME_TORONTO CompletionTurn=114 EscapeResult=-1 InitialResult=1 LevelAfter=1 LootInfo=-1 Name=LOC_CITIZEN_MAYA_FEMALE_3 Operation=58 PlotIndex=1818
mission CityName=LOC_CITY_NAME_MONTREAL CompletionTurn=114 EscapeResult=-1 InitialResult=5 LevelAfter=2 LootInfo=-1 Name=LOC_CITIZEN_MAYA_FEMALE_7 Operation=58 PlotIndex=1314
mission CityName=LOC_CITY_NAME_OTTAWA CompletionTurn=113 EscapeResult=-1 InitialResult=5 LevelAfter=3 LootInfo=-1 Name=LOC_CITIZEN_MAYA_MODERN_MALE_1 Operation=58 PlotIndex=978
mission CityName=LOC_CITY_NAME_MONTREAL CompletionTurn=110 EscapeResult=-1 InitialResult=1 LevelAfter=1 LootInfo=-1 Name=LOC_CITIZEN_MAYA_MODERN_FEMALE_7 Operation=58 PlotIndex=1314
mission CityName=LOC_CITY_NAME_OTTAWA CompletionTurn=107 EscapeResult=-1 InitialResult=5 LevelAfter=2 LootInfo=-1 Name=LOC_CITIZEN_MAYA_MODERN_MALE_1 Operation=58 PlotIndex=978
tally 2  FOMENT_UNREST CAPTURED / NO_RESULT
tally 1  FOMENT_UNREST FAIL_MUST_ESCAPE / NO_RESULT
tally 1  FOMENT_UNREST SUCCESS_MUST_ESCAPE / NO_RESULT
tally 3  FOMENT_UNREST SUCCESS_UNDETECTED / NO_RESULT
turn 119 spies active 5 idle 1 missions 7 captured-enemy 0
spy 3276801 LOC_CITIZEN_MAYA_MODERN_FEMALE_6 level 1 at 54:21 busy
spy 2883590 LOC_CITIZEN_MAYA_FEMALE_7 level 2 at 54:15 busy
spy 2490375 LOC_CITIZEN_MAYA_MODERN_MALE_1 level 3 at 54:11 busy
spy 3407887 LOC_CITIZEN_MAYA_MODERN_FEMALE_1 level 1 at 60:16 busy
spy 3604497 LOC_CITIZEN_MAYA_FEMALE_6 level 1 at 65:16 busy
spy 3735570 LOC_CITIZEN_MAYA_MALE_8 level 1 at 59:23 start
turn 119 spies 6 started 1 travelled 0 promoted 1 bought 1 gold 50000
unblock: blocker ENDTURN_BLOCKING_SPY_CHOOSE_ESCAPE_ROUTE -> escape route DISTRICT_CITY_CENTER of 2 for spy 3276801 LOC_CITIZEN_MAYA_MODERN_FEMALE_6 level 2 turn 119 city LOC_CITY_NAME_TORONTO p1 at 54:21 pursuer police | end turn requested
unstuck: closed sessions [1:1]
unstuck: InGamePopup: open, no close
unblock: blocker ENDTURN_BLOCKING_SPY_CHOOSE_ESCAPE_ROUTE -> escape route DISTRICT_CITY_CENTER of 2 for spy 3407887 LOC_CITIZEN_MAYA_MODERN_FEMALE_1 level 1 turn 119 city LOC_CITY_NAME_QUEBEC_CITY p1 at 60:16 pursuer police | end turn requested
unstuck: DiplomacyActionView: closed
unstuck: InGamePopup: open, no close
unblock: blocker ENDTURN_BLOCKING_SPY_CHOOSE_ESCAPE_ROUTE -> escape route DISTRICT_CITY_CENTER of 2 for spy 3407887 LOC_CITIZEN_MAYA_MODERN_FEMALE_1 level 1 turn 119 city LOC_CITY_NAME_QUEBEC_CITY p1 at 60:16 pursuer police | end turn requested
unstuck: closed sessions [2:2]
unstuck: DiplomacyActionView: Closing Diplomacy Action View. m_eventID: 2571711
unstuck: InGamePopup: open, no close
mission CityName=LOC_CITY_NAME_OTTAWA CompletionTurn=120 EscapeResult=-1 InitialResult=3 LevelAfter=3 LootInfo=-1 Name=LOC_CITIZEN_MAYA_MODERN_MALE_1 Operation=58 PlotIndex=978
mission CityName=LOC_CITY_NAME_MONTREAL CompletionTurn=120 EscapeResult=-1 InitialResult=0 LevelAfter=2 LootInfo=-1 Name=LOC_CITIZEN_MAYA_FEMALE_7 Operation=58 PlotIndex=1314
mission CityName=LOC_CITY_NAME_QUEBEC_CITY CompletionTurn=118 EscapeResult=-1 InitialResult=2 LevelAfter=1 LootInfo=-1 Name=LOC_CITIZEN_MAYA_MODERN_FEMALE_1 Operation=58 PlotIndex=1404
mission CityName=LOC_CITY_NAME_TORONTO CompletionTurn=118 EscapeResult=2 InitialResult=4 LevelAfter=2 LootInfo=-1 Name=LOC_CITIZEN_MAYA_MODERN_FEMALE_6 Operation=58 PlotIndex=1818
mission CityName=LOC_CITY_NAME_TORONTO CompletionTurn=114 EscapeResult=-1 InitialResult=1 LevelAfter=1 LootInfo=-1 Name=LOC_CITIZEN_MAYA_FEMALE_3 Operation=58 PlotIndex=1818
mission CityName=LOC_CITY_NAME_MONTREAL CompletionTurn=114 EscapeResult=-1 InitialResult=5 LevelAfter=2 LootInfo=-1 Name=LOC_CITIZEN_MAYA_FEMALE_7 Operation=58 PlotIndex=1314
mission CityName=LOC_CITY_NAME_OTTAWA CompletionTurn=113 EscapeResult=-1 InitialResult=5 LevelAfter=3 LootInfo=-1 Name=LOC_CITIZEN_MAYA_MODERN_MALE_1 Operation=58 PlotIndex=978
mission CityName=LOC_CITY_NAME_MONTREAL CompletionTurn=110 EscapeResult=-1 InitialResult=1 LevelAfter=1 LootInfo=-1 Name=LOC_CITIZEN_MAYA_MODERN_FEMALE_7 Operation=58 PlotIndex=1314
mission CityName=LOC_CITY_NAME_OTTAWA CompletionTurn=107 EscapeResult=-1 InitialResult=5 LevelAfter=2 LootInfo=-1 Name=LOC_CITIZEN_MAYA_MODERN_MALE_1 Operation=58 PlotIndex=978
tally 2  FOMENT_UNREST CAPTURED / NO_RESULT
tally 1  FOMENT_UNREST FAIL_MUST_ESCAPE / NO_RESULT
tally 1  FOMENT_UNREST FAIL_UNDETECTED / NO_RESULT
tally 1  FOMENT_UNREST KILLED / NO_RESULT
tally 1  FOMENT_UNREST SUCCESS_MUST_ESCAPE / FAIL_MUST_ESCAPE
tally 3  FOMENT_UNREST SUCCESS_UNDETECTED / NO_RESULT
turn 120 spies active 3 idle 2 missions 9 captured-enemy 0
spy 2490375 LOC_CITIZEN_MAYA_MODERN_MALE_1 level 3 at 54:11 start
spy 3801097 LOC_CITIZEN_MAYA_MALE_2 level 1 at 36:42 travel
spy 3407887 LOC_CITIZEN_MAYA_MODERN_FEMALE_1 level 1 at 60:16 busy
spy 3604497 LOC_CITIZEN_MAYA_FEMALE_6 level 1 at 65:16 busy
spy 3735570 LOC_CITIZEN_MAYA_MALE_8 level 1 at 59:23 busy
turn 120 spies 5 started 1 travelled 1 promoted 0 bought 0 gold 50000
unblock: blocker ENDTURN_BLOCKING_SPY_CHOOSE_ESCAPE_ROUTE -> escape route DISTRICT_CITY_CENTER of 2 for spy 3407887 LOC_CITIZEN_MAYA_MODERN_FEMALE_1 level 1 turn 120 city LOC_CITY_NAME_QUEBEC_CITY p1 at 60:16 pursuer police | end turn requested
unstuck: closed sessions [1:1]
unstuck: LeaderScene: open, no close
unstuck: InGamePopup: open, no close
unblock: blocker ENDTURN_BLOCKING_PRODUCTION -> NARANJO builds UNIT_WARRIOR | end turn requested
unstuck: DiplomacyActionView: closed
unstuck: InGamePopup: open, no close
unblock: blocker ENDTURN_BLOCKING_PRODUCTION -> NARANJO builds UNIT_WARRIOR | end turn requested
unstuck: closed sessions [3:3]
unstuck: DiplomacyActionView: closed
unstuck: InGamePopup: open, no close
mission CityName=LOC_CITY_NAME_OTTAWA CompletionTurn=120 EscapeResult=-1 InitialResult=3 LevelAfter=3 LootInfo=-1 Name=LOC_CITIZEN_MAYA_MODERN_MALE_1 Operation=58 PlotIndex=978
mission CityName=LOC_CITY_NAME_MONTREAL CompletionTurn=120 EscapeResult=-1 InitialResult=0 LevelAfter=2 LootInfo=-1 Name=LOC_CITIZEN_MAYA_FEMALE_7 Operation=58 PlotIndex=1314
mission CityName=LOC_CITY_NAME_QUEBEC_CITY CompletionTurn=118 EscapeResult=1 InitialResult=2 LevelAfter=1 LootInfo=-1 Name=LOC_CITIZEN_MAYA_MODERN_FEMALE_1 Operation=58 PlotIndex=1404
mission CityName=LOC_CITY_NAME_TORONTO CompletionTurn=118 EscapeResult=2 InitialResult=4 LevelAfter=2 LootInfo=-1 Name=LOC_CITIZEN_MAYA_MODERN_FEMALE_6 Operation=58 PlotIndex=1818
mission CityName=LOC_CITY_NAME_TORONTO CompletionTurn=114 EscapeResult=-1 InitialResult=1 LevelAfter=1 LootInfo=-1 Name=LOC_CITIZEN_MAYA_FEMALE_3 Operation=58 PlotIndex=1818
mission CityName=LOC_CITY_NAME_MONTREAL CompletionTurn=114 EscapeResult=-1 InitialResult=5 LevelAfter=2 LootInfo=-1 Name=LOC_CITIZEN_MAYA_FEMALE_7 Operation=58 PlotIndex=1314
mission CityName=LOC_CITY_NAME_OTTAWA CompletionTurn=113 EscapeResult=-1 InitialResult=5 LevelAfter=3 LootInfo=-1 Name=LOC_CITIZEN_MAYA_MODERN_MALE_1 Operation=58 PlotIndex=978
mission CityName=LOC_CITY_NAME_MONTREAL CompletionTurn=110 EscapeResult=-1 InitialResult=1 LevelAfter=1 LootInfo=-1 Name=LOC_CITIZEN_MAYA_MODERN_FEMALE_7 Operation=58 PlotIndex=1314
mission CityName=LOC_CITY_NAME_OTTAWA CompletionTurn=107 EscapeResult=-1 InitialResult=5 LevelAfter=2 LootInfo=-1 Name=LOC_CITIZEN_MAYA_MODERN_MALE_1 Operation=58 PlotIndex=978
tally 2  FOMENT_UNREST CAPTURED / NO_RESULT
tally 1  FOMENT_UNREST FAIL_MUST_ESCAPE / CAPTURED
tally 1  FOMENT_UNREST FAIL_UNDETECTED / NO_RESULT
tally 1  FOMENT_UNREST KILLED / NO_RESULT
tally 1  FOMENT_UNREST SUCCESS_MUST_ESCAPE / FAIL_MUST_ESCAPE
tally 3  FOMENT_UNREST SUCCESS_UNDETECTED / NO_RESULT
turn 121 spies active 3 idle 0 missions 9 captured-enemy 0
spy 2490375 LOC_CITIZEN_MAYA_MODERN_MALE_1 level 3 at 54:11 busy
spy 3604497 LOC_CITIZEN_MAYA_FEMALE_6 level 1 at 65:16 busy
spy 3735570 LOC_CITIZEN_MAYA_MALE_8 level 1 at 59:23 busy
turn 121 spies 3 started 0 travelled 0 promoted 0 bought 1 gold 50000
unblock: blocker ENDTURN_BLOCKING_COMMEMORATION_AVAILABLE -> nothing | end turn requested
unstuck: InGamePopup: open, no close
unstuck: EraCompletePopup: closed
unblock: blocker ENDTURN_BLOCKING_SPY_CHOOSE_ESCAPE_ROUTE -> escape route DISTRICT_CITY_CENTER of 1 for spy 3604497 LOC_CITIZEN_MAYA_FEMALE_6 level 1 turn 121 city LOC_CITY_NAME_HALIFAX p1 at 65:16 pursuer police | end turn requested
unstuck: closed sessions [1:1]
unstuck: DiplomacyActionView: Closing Diplomacy Action View. m_eventID: 2589147
unstuck: InGamePopup: open, no close
unblock: blocker ENDTURN_BLOCKING_SPY_CHOOSE_ESCAPE_ROUTE -> escape route DISTRICT_CITY_CENTER of 1 for spy 3604497 LOC_CITIZEN_MAYA_FEMALE_6 level 1 turn 121 city LOC_CITY_NAME_HALIFAX p1 at 65:16 pursuer police | end turn requested
unstuck: closed sessions [3:3]
unstuck: DiplomacyActionView: Closing Diplomacy Action View. m_eventID: 2591025
unstuck: InGamePopup: open, no close
unblock: blocker ENDTURN_BLOCKING_SPY_CHOOSE_ESCAPE_ROUTE -> escape route DISTRICT_CITY_CENTER of 1 for spy 3604497 LOC_CITIZEN_MAYA_FEMALE_6 level 1 turn 121 city LOC_CITY_NAME_HALIFAX p1 at 65:16 pursuer police | end turn requested
unstuck: closed sessions [6:6]
unstuck: DiplomacyActionView: Closing Diplomacy Action View. m_eventID: 2593346
unstuck: InGamePopup: open, no close
unblock: blocker ENDTURN_BLOCKING_SPY_CHOOSE_ESCAPE_ROUTE -> escape route DISTRICT_CITY_CENTER of 1 for spy 3604497 LOC_CITIZEN_MAYA_FEMALE_6 level 1 turn 121 city LOC_CITY_NAME_HALIFAX p1 at 65:16 pursuer police | end turn requested
unstuck: InGamePopup: open, no close
unstuck: WorldCongressIntro: closed
unstuck: WorldCongressPopup: closed
mission CityName=LOC_CITY_NAME_HALIFAX CompletionTurn=121 EscapeResult=-1 InitialResult=4 LevelAfter=2 LootInfo=-1 Name=LOC_CITIZEN_MAYA_FEMALE_6 Operation=58 PlotIndex=1409
mission CityName=LOC_CITY_NAME_OTTAWA CompletionTurn=120 EscapeResult=-1 InitialResult=3 LevelAfter=3 LootInfo=-1 Name=LOC_CITIZEN_MAYA_MODERN_MALE_1 Operation=58 PlotIndex=978
mission CityName=LOC_CITY_NAME_MONTREAL CompletionTurn=120 EscapeResult=-1 InitialResult=0 LevelAfter=2 LootInfo=-1 Name=LOC_CITIZEN_MAYA_FEMALE_7 Operation=58 PlotIndex=1314
mission CityName=LOC_CITY_NAME_QUEBEC_CITY CompletionTurn=118 EscapeResult=1 InitialResult=2 LevelAfter=1 LootInfo=-1 Name=LOC_CITIZEN_MAYA_MODERN_FEMALE_1 Operation=58 PlotIndex=1404
mission CityName=LOC_CITY_NAME_TORONTO CompletionTurn=118 EscapeResult=2 InitialResult=4 LevelAfter=2 LootInfo=-1 Name=LOC_CITIZEN_MAYA_MODERN_FEMALE_6 Operation=58 PlotIndex=1818
mission CityName=LOC_CITY_NAME_TORONTO CompletionTurn=114 EscapeResult=-1 InitialResult=1 LevelAfter=1 LootInfo=-1 Name=LOC_CITIZEN_MAYA_FEMALE_3 Operation=58 PlotIndex=1818
mission CityName=LOC_CITY_NAME_MONTREAL CompletionTurn=114 EscapeResult=-1 InitialResult=5 LevelAfter=2 LootInfo=-1 Name=LOC_CITIZEN_MAYA_FEMALE_7 Operation=58 PlotIndex=1314
mission CityName=LOC_CITY_NAME_OTTAWA CompletionTurn=113 EscapeResult=-1 InitialResult=5 LevelAfter=3 LootInfo=-1 Name=LOC_CITIZEN_MAYA_MODERN_MALE_1 Operation=58 PlotIndex=978
mission CityName=LOC_CITY_NAME_MONTREAL CompletionTurn=110 EscapeResult=-1 InitialResult=1 LevelAfter=1 LootInfo=-1 Name=LOC_CITIZEN_MAYA_MODERN_FEMALE_7 Operation=58 PlotIndex=1314
mission CityName=LOC_CITY_NAME_OTTAWA CompletionTurn=107 EscapeResult=-1 InitialResult=5 LevelAfter=2 LootInfo=-1 Name=LOC_CITIZEN_MAYA_MODERN_MALE_1 Operation=58 PlotIndex=978
tally 2  FOMENT_UNREST CAPTURED / NO_RESULT
tally 1  FOMENT_UNREST FAIL_MUST_ESCAPE / CAPTURED
tally 1  FOMENT_UNREST FAIL_UNDETECTED / NO_RESULT
tally 1  FOMENT_UNREST KILLED / NO_RESULT
tally 1  FOMENT_UNREST SUCCESS_MUST_ESCAPE / FAIL_MUST_ESCAPE
tally 1  FOMENT_UNREST SUCCESS_MUST_ESCAPE / NO_RESULT
tally 3  FOMENT_UNREST SUCCESS_UNDETECTED / NO_RESULT
turn 122 spies active 3 idle 1 missions 10 captured-enemy 0
spy 2490375 LOC_CITIZEN_MAYA_MODERN_MALE_1 level 3 at 54:11 busy
spy 3866639 LOC_CITIZEN_MAYA_MALE_5 level 1 at 36:42 travel
spy 3604497 LOC_CITIZEN_MAYA_FEMALE_6 level 1 at 65:16 busy
spy 3735570 LOC_CITIZEN_MAYA_MALE_8 level 1 at 59:23 busy
turn 122 spies 4 started 0 travelled 1 promoted 1 bought 0 gold 50000
unblock: blocker ENDTURN_BLOCKING_SPY_CHOOSE_ESCAPE_ROUTE -> escape route DISTRICT_CITY_CENTER of 1 for spy 3604497 LOC_CITIZEN_MAYA_FEMALE_6 level 2 turn 122 city LOC_CITY_NAME_HALIFAX p1 at 65:16 pursuer police | end turn requested
unstuck: InGamePopup: open, no close
mission CityName=LOC_CITY_NAME_HALIFAX CompletionTurn=121 EscapeResult=2 InitialResult=4 LevelAfter=2 LootInfo=-1 Name=LOC_CITIZEN_MAYA_FEMALE_6 Operation=58 PlotIndex=1409
mission CityName=LOC_CITY_NAME_OTTAWA CompletionTurn=120 EscapeResult=-1 InitialResult=3 LevelAfter=3 LootInfo=-1 Name=LOC_CITIZEN_MAYA_MODERN_MALE_1 Operation=58 PlotIndex=978
mission CityName=LOC_CITY_NAME_MONTREAL CompletionTurn=120 EscapeResult=-1 InitialResult=0 LevelAfter=2 LootInfo=-1 Name=LOC_CITIZEN_MAYA_FEMALE_7 Operation=58 PlotIndex=1314
mission CityName=LOC_CITY_NAME_QUEBEC_CITY CompletionTurn=118 EscapeResult=1 InitialResult=2 LevelAfter=1 LootInfo=-1 Name=LOC_CITIZEN_MAYA_MODERN_FEMALE_1 Operation=58 PlotIndex=1404
mission CityName=LOC_CITY_NAME_TORONTO CompletionTurn=118 EscapeResult=2 InitialResult=4 LevelAfter=2 LootInfo=-1 Name=LOC_CITIZEN_MAYA_MODERN_FEMALE_6 Operation=58 PlotIndex=1818
mission CityName=LOC_CITY_NAME_TORONTO CompletionTurn=114 EscapeResult=-1 InitialResult=1 LevelAfter=1 LootInfo=-1 Name=LOC_CITIZEN_MAYA_FEMALE_3 Operation=58 PlotIndex=1818
mission CityName=LOC_CITY_NAME_MONTREAL CompletionTurn=114 EscapeResult=-1 InitialResult=5 LevelAfter=2 LootInfo=-1 Name=LOC_CITIZEN_MAYA_FEMALE_7 Operation=58 PlotIndex=1314
mission CityName=LOC_CITY_NAME_OTTAWA CompletionTurn=113 EscapeResult=-1 InitialResult=5 LevelAfter=3 LootInfo=-1 Name=LOC_CITIZEN_MAYA_MODERN_MALE_1 Operation=58 PlotIndex=978
mission CityName=LOC_CITY_NAME_MONTREAL CompletionTurn=110 EscapeResult=-1 InitialResult=1 LevelAfter=1 LootInfo=-1 Name=LOC_CITIZEN_MAYA_MODERN_FEMALE_7 Operation=58 PlotIndex=1314
mission CityName=LOC_CITY_NAME_OTTAWA CompletionTurn=107 EscapeResult=-1 InitialResult=5 LevelAfter=2 LootInfo=-1 Name=LOC_CITIZEN_MAYA_MODERN_MALE_1 Operation=58 PlotIndex=978
tally 2  FOMENT_UNREST CAPTURED / NO_RESULT
tally 1  FOMENT_UNREST FAIL_MUST_ESCAPE / CAPTURED
tally 1  FOMENT_UNREST FAIL_UNDETECTED / NO_RESULT
tally 1  FOMENT_UNREST KILLED / NO_RESULT
tally 2  FOMENT_UNREST SUCCESS_MUST_ESCAPE / FAIL_MUST_ESCAPE
tally 3  FOMENT_UNREST SUCCESS_UNDETECTED / NO_RESULT
turn 123 spies active 2 idle 0 missions 10 captured-enemy 0
spy 2490375 LOC_CITIZEN_MAYA_MODERN_MALE_1 level 3 at 54:11 busy
spy 3997711 LOC_CITIZEN_MAYA_MALE_2 level 1 at 54:15 start
spy 3932177 LOC_CITIZEN_MAYA_MODERN_FEMALE_6 level 2 at 36:42 travel
spy 3735570 LOC_CITIZEN_MAYA_MALE_8 level 1 at 59:23 start
turn 123 spies 4 started 2 travelled 1 promoted 1 bought 0 gold 50000
unblock: blocker ENDTURN_BLOCKING_PRODUCTION -> NARANJO builds UNIT_WARRIOR | end turn requested
unstuck: InGamePopup: open, no close
unstuck: TechCivicCompletedPopup: closed
mission CityName=LOC_CITY_NAME_OTTAWA CompletionTurn=124 EscapeResult=-1 InitialResult=5 LevelAfter=4 LootInfo=-1 Name=LOC_CITIZEN_MAYA_MODERN_MALE_1 Operation=58 PlotIndex=978
mission CityName=LOC_CITY_NAME_CALGARY CompletionTurn=123 EscapeResult=-1 InitialResult=5 LevelAfter=2 LootInfo=-1 Name=LOC_CITIZEN_MAYA_MALE_8 Operation=58 PlotIndex=1991
mission CityName=LOC_CITY_NAME_HALIFAX CompletionTurn=121 EscapeResult=2 InitialResult=4 LevelAfter=2 LootInfo=-1 Name=LOC_CITIZEN_MAYA_FEMALE_6 Operation=58 PlotIndex=1409
mission CityName=LOC_CITY_NAME_OTTAWA CompletionTurn=120 EscapeResult=-1 InitialResult=3 LevelAfter=3 LootInfo=-1 Name=LOC_CITIZEN_MAYA_MODERN_MALE_1 Operation=58 PlotIndex=978
mission CityName=LOC_CITY_NAME_MONTREAL CompletionTurn=120 EscapeResult=-1 InitialResult=0 LevelAfter=2 LootInfo=-1 Name=LOC_CITIZEN_MAYA_FEMALE_7 Operation=58 PlotIndex=1314
mission CityName=LOC_CITY_NAME_QUEBEC_CITY CompletionTurn=118 EscapeResult=1 InitialResult=2 LevelAfter=1 LootInfo=-1 Name=LOC_CITIZEN_MAYA_MODERN_FEMALE_1 Operation=58 PlotIndex=1404
mission CityName=LOC_CITY_NAME_TORONTO CompletionTurn=118 EscapeResult=2 InitialResult=4 LevelAfter=2 LootInfo=-1 Name=LOC_CITIZEN_MAYA_MODERN_FEMALE_6 Operation=58 PlotIndex=1818
mission CityName=LOC_CITY_NAME_TORONTO CompletionTurn=114 EscapeResult=-1 InitialResult=1 LevelAfter=1 LootInfo=-1 Name=LOC_CITIZEN_MAYA_FEMALE_3 Operation=58 PlotIndex=1818
mission CityName=LOC_CITY_NAME_MONTREAL CompletionTurn=114 EscapeResult=-1 InitialResult=5 LevelAfter=2 LootInfo=-1 Name=LOC_CITIZEN_MAYA_FEMALE_7 Operation=58 PlotIndex=1314
mission CityName=LOC_CITY_NAME_OTTAWA CompletionTurn=113 EscapeResult=-1 InitialResult=5 LevelAfter=3 LootInfo=-1 Name=LOC_CITIZEN_MAYA_MODERN_MALE_1 Operation=58 PlotIndex=978
mission CityName=LOC_CITY_NAME_MONTREAL CompletionTurn=110 EscapeResult=-1 InitialResult=1 LevelAfter=1 LootInfo=-1 Name=LOC_CITIZEN_MAYA_MODERN_FEMALE_7 Operation=58 PlotIndex=1314
mission CityName=LOC_CITY_NAME_OTTAWA CompletionTurn=107 EscapeResult=-1 InitialResult=5 LevelAfter=2 LootInfo=-1 Name=LOC_CITIZEN_MAYA_MODERN_MALE_1 Operation=58 PlotIndex=978
tally 2  FOMENT_UNREST CAPTURED / NO_RESULT
tally 1  FOMENT_UNREST FAIL_MUST_ESCAPE / CAPTURED
tally 1  FOMENT_UNREST FAIL_UNDETECTED / NO_RESULT
tally 1  FOMENT_UNREST KILLED / NO_RESULT
tally 2  FOMENT_UNREST SUCCESS_MUST_ESCAPE / FAIL_MUST_ESCAPE
tally 5  FOMENT_UNREST SUCCESS_UNDETECTED / NO_RESULT
turn 124 spies active 3 idle 0 missions 12 captured-enemy 0
spy 2490375 LOC_CITIZEN_MAYA_MODERN_MALE_1 level 3 at 54:11 start
spy 3997711 LOC_CITIZEN_MAYA_MALE_2 level 1 at 54:15 busy
spy 3735570 LOC_CITIZEN_MAYA_MALE_8 level 2 at 59:23 busy
turn 124 spies 3 started 1 travelled 0 promoted 1 bought 1 gold 50000
unblock: blocker ENDTURN_BLOCKING_CIVIC -> civic CIVIC_FEUDALISM | end turn requested
unstuck: InGamePopup: open, no close
unblock: blocker ENDTURN_BLOCKING_RESEARCH -> research TECH_MILITARY_TACTICS | end turn requested
unstuck: InGamePopup: open, no close
unblock: blocker ENDTURN_BLOCKING_PRODUCTION -> NARANJO builds UNIT_WARRIOR | end turn requested
unstuck: closed sessions [3:3]
unstuck: DiplomacyActionView: Closing Diplomacy Action View. m_eventID: 2618743
unstuck: InGamePopup: open, no close
mission CityName=LOC_CITY_NAME_OTTAWA CompletionTurn=124 EscapeResult=-1 InitialResult=5 LevelAfter=4 LootInfo=-1 Name=LOC_CITIZEN_MAYA_MODERN_MALE_1 Operation=58 PlotIndex=978
mission CityName=LOC_CITY_NAME_CALGARY CompletionTurn=123 EscapeResult=-1 InitialResult=5 LevelAfter=2 LootInfo=-1 Name=LOC_CITIZEN_MAYA_MALE_8 Operation=58 PlotIndex=1991
mission CityName=LOC_CITY_NAME_HALIFAX CompletionTurn=121 EscapeResult=2 InitialResult=4 LevelAfter=2 LootInfo=-1 Name=LOC_CITIZEN_MAYA_FEMALE_6 Operation=58 PlotIndex=1409
mission CityName=LOC_CITY_NAME_OTTAWA CompletionTurn=120 EscapeResult=-1 InitialResult=3 LevelAfter=3 LootInfo=-1 Name=LOC_CITIZEN_MAYA_MODERN_MALE_1 Operation=58 PlotIndex=978
mission CityName=LOC_CITY_NAME_MONTREAL CompletionTurn=120 EscapeResult=-1 InitialResult=0 LevelAfter=2 LootInfo=-1 Name=LOC_CITIZEN_MAYA_FEMALE_7 Operation=58 PlotIndex=1314
mission CityName=LOC_CITY_NAME_QUEBEC_CITY CompletionTurn=118 EscapeResult=1 InitialResult=2 LevelAfter=1 LootInfo=-1 Name=LOC_CITIZEN_MAYA_MODERN_FEMALE_1 Operation=58 PlotIndex=1404
mission CityName=LOC_CITY_NAME_TORONTO CompletionTurn=118 EscapeResult=2 InitialResult=4 LevelAfter=2 LootInfo=-1 Name=LOC_CITIZEN_MAYA_MODERN_FEMALE_6 Operation=58 PlotIndex=1818
mission CityName=LOC_CITY_NAME_TORONTO CompletionTurn=114 EscapeResult=-1 InitialResult=1 LevelAfter=1 LootInfo=-1 Name=LOC_CITIZEN_MAYA_FEMALE_3 Operation=58 PlotIndex=1818
mission CityName=LOC_CITY_NAME_MONTREAL CompletionTurn=114 EscapeResult=-1 InitialResult=5 LevelAfter=2 LootInfo=-1 Name=LOC_CITIZEN_MAYA_FEMALE_7 Operation=58 PlotIndex=1314
mission CityName=LOC_CITY_NAME_OTTAWA CompletionTurn=113 EscapeResult=-1 InitialResult=5 LevelAfter=3 LootInfo=-1 Name=LOC_CITIZEN_MAYA_MODERN_MALE_1 Operation=58 PlotIndex=978
mission CityName=LOC_CITY_NAME_MONTREAL CompletionTurn=110 EscapeResult=-1 InitialResult=1 LevelAfter=1 LootInfo=-1 Name=LOC_CITIZEN_MAYA_MODERN_FEMALE_7 Operation=58 PlotIndex=1314
mission CityName=LOC_CITY_NAME_OTTAWA CompletionTurn=107 EscapeResult=-1 InitialResult=5 LevelAfter=2 LootInfo=-1 Name=LOC_CITIZEN_MAYA_MODERN_MALE_1 Operation=58 PlotIndex=978
tally 2  FOMENT_UNREST CAPTURED / NO_RESULT
tally 1  FOMENT_UNREST FAIL_MUST_ESCAPE / CAPTURED
tally 1  FOMENT_UNREST FAIL_UNDETECTED / NO_RESULT
tally 1  FOMENT_UNREST KILLED / NO_RESULT
tally 2  FOMENT_UNREST SUCCESS_MUST_ESCAPE / FAIL_MUST_ESCAPE
tally 5  FOMENT_UNREST SUCCESS_UNDETECTED / NO_RESULT
turn 125 spies active 2 idle 2 missions 12 captured-enemy 0
spy 4259841 LOC_CITIZEN_MAYA_MODERN_FEMALE_6 level 2 at 54:21 start
spy 4194310 LOC_CITIZEN_MAYA_MALE_5 level 1 at 54:15 refused
spy 2490375 LOC_CITIZEN_MAYA_MODERN_MALE_1 level 4 at 54:11 busy
spy 4128777 LOC_CITIZEN_MAYA_MODERN_MALE_9 level 1 at 36:42 travel
spy 3997711 LOC_CITIZEN_MAYA_MALE_2 level 1 at 54:15 busy
spy 3735570 LOC_CITIZEN_MAYA_MALE_8 level 2 at 59:23 start
turn 125 spies 6 started 2 travelled 1 promoted 0 bought 0 gold 50000
unblock: blocker ENDTURN_BLOCKING_PRODUCTION -> NARANJO builds UNIT_WARRIOR | end turn requested
unstuck: InGamePopup: open, no close
unstuck: TechCivicCompletedPopup: closed
unblock: blocker ENDTURN_BLOCKING_CIVIC -> civic CIVIC_CIVIL_SERVICE | end turn requested
unstuck: LeaderScene: open, no close
unstuck: InGamePopup: open, no close
unblock: blocker ENDTURN_BLOCKING_FILL_CIVIC_SLOT -> nothing | end turn requested
unstuck: closed sessions [1:1]
unstuck: DiplomacyActionView: Closing Diplomacy Action View. m_eventID: 2625818
unstuck: InGamePopup: open, no close
mission CityName=LOC_CITY_NAME_OTTAWA CompletionTurn=124 EscapeResult=-1 InitialResult=5 LevelAfter=4 LootInfo=-1 Name=LOC_CITIZEN_MAYA_MODERN_MALE_1 Operation=58 PlotIndex=978
mission CityName=LOC_CITY_NAME_CALGARY CompletionTurn=123 EscapeResult=-1 InitialResult=5 LevelAfter=2 LootInfo=-1 Name=LOC_CITIZEN_MAYA_MALE_8 Operation=58 PlotIndex=1991
mission CityName=LOC_CITY_NAME_HALIFAX CompletionTurn=121 EscapeResult=2 InitialResult=4 LevelAfter=2 LootInfo=-1 Name=LOC_CITIZEN_MAYA_FEMALE_6 Operation=58 PlotIndex=1409
mission CityName=LOC_CITY_NAME_OTTAWA CompletionTurn=120 EscapeResult=-1 InitialResult=3 LevelAfter=3 LootInfo=-1 Name=LOC_CITIZEN_MAYA_MODERN_MALE_1 Operation=58 PlotIndex=978
mission CityName=LOC_CITY_NAME_MONTREAL CompletionTurn=120 EscapeResult=-1 InitialResult=0 LevelAfter=2 LootInfo=-1 Name=LOC_CITIZEN_MAYA_FEMALE_7 Operation=58 PlotIndex=1314
mission CityName=LOC_CITY_NAME_QUEBEC_CITY CompletionTurn=118 EscapeResult=1 InitialResult=2 LevelAfter=1 LootInfo=-1 Name=LOC_CITIZEN_MAYA_MODERN_FEMALE_1 Operation=58 PlotIndex=1404
mission CityName=LOC_CITY_NAME_TORONTO CompletionTurn=118 EscapeResult=2 InitialResult=4 LevelAfter=2 LootInfo=-1 Name=LOC_CITIZEN_MAYA_MODERN_FEMALE_6 Operation=58 PlotIndex=1818
mission CityName=LOC_CITY_NAME_TORONTO CompletionTurn=114 EscapeResult=-1 InitialResult=1 LevelAfter=1 LootInfo=-1 Name=LOC_CITIZEN_MAYA_FEMALE_3 Operation=58 PlotIndex=1818
mission CityName=LOC_CITY_NAME_MONTREAL CompletionTurn=114 EscapeResult=-1 InitialResult=5 LevelAfter=2 LootInfo=-1 Name=LOC_CITIZEN_MAYA_FEMALE_7 Operation=58 PlotIndex=1314
mission CityName=LOC_CITY_NAME_OTTAWA CompletionTurn=113 EscapeResult=-1 InitialResult=5 LevelAfter=3 LootInfo=-1 Name=LOC_CITIZEN_MAYA_MODERN_MALE_1 Operation=58 PlotIndex=978
mission CityName=LOC_CITY_NAME_MONTREAL CompletionTurn=110 EscapeResult=-1 InitialResult=1 LevelAfter=1 LootInfo=-1 Name=LOC_CITIZEN_MAYA_MODERN_FEMALE_7 Operation=58 PlotIndex=1314
mission CityName=LOC_CITY_NAME_OTTAWA CompletionTurn=107 EscapeResult=-1 InitialResult=5 LevelAfter=2 LootInfo=-1 Name=LOC_CITIZEN_MAYA_MODERN_MALE_1 Operation=58 PlotIndex=978
tally 2  FOMENT_UNREST CAPTURED / NO_RESULT
tally 1  FOMENT_UNREST FAIL_MUST_ESCAPE / CAPTURED
tally 1  FOMENT_UNREST FAIL_UNDETECTED / NO_RESULT
tally 1  FOMENT_UNREST KILLED / NO_RESULT
tally 2  FOMENT_UNREST SUCCESS_MUST_ESCAPE / FAIL_MUST_ESCAPE
tally 5  FOMENT_UNREST SUCCESS_UNDETECTED / NO_RESULT
turn 126 spies active 3 idle 2 missions 12 captured-enemy 0
spy 4259841 LOC_CITIZEN_MAYA_MODERN_FEMALE_6 level 2 at 54:21 busy
spy 4194310 LOC_CITIZEN_MAYA_MALE_5 level 1 at 54:15 refused
spy 2490375 LOC_CITIZEN_MAYA_MODERN_MALE_1 level 4 at 54:11 start
spy 4325385 LOC_CITIZEN_MAYA_FEMALE_6 level 2 at 36:42 travel
spy 3997711 LOC_CITIZEN_MAYA_MALE_2 level 1 at 54:15 busy
spy 3735570 LOC_CITIZEN_MAYA_MALE_8 level 2 at 59:23 busy
turn 126 spies 6 started 1 travelled 1 promoted 0 bought 0 gold 50000
unblock: blocker ENDTURN_BLOCKING_CIVIC -> civic CIVIC_MERCENARIES | end turn requested
unstuck: InGamePopup: open, no close
unstuck: TechCivicCompletedPopup: closed
unblock: blocker ENDTURN_BLOCKING_WORLD_CONGRESS_SESSION -> nothing | end turn requested
unstuck: InGamePopup: open, no close
unstuck: WorldCongressIntro: closed
unstuck: WorldCongressPopup: closed
mission CityName=LOC_CITY_NAME_MONTREAL CompletionTurn=127 EscapeResult=-1 InitialResult=2 LevelAfter=1 LootInfo=-1 Name=LOC_CITIZEN_MAYA_MALE_2 Operation=58 PlotIndex=1314
mission CityName=LOC_CITY_NAME_OTTAWA CompletionTurn=124 EscapeResult=-1 InitialResult=5 LevelAfter=4 LootInfo=-1 Name=LOC_CITIZEN_MAYA_MODERN_MALE_1 Operation=58 PlotIndex=978
mission CityName=LOC_CITY_NAME_CALGARY CompletionTurn=123 EscapeResult=-1 InitialResult=5 LevelAfter=2 LootInfo=-1 Name=LOC_CITIZEN_MAYA_MALE_8 Operation=58 PlotIndex=1991
mission CityName=LOC_CITY_NAME_HALIFAX CompletionTurn=121 EscapeResult=2 InitialResult=4 LevelAfter=2 LootInfo=-1 Name=LOC_CITIZEN_MAYA_FEMALE_6 Operation=58 PlotIndex=1409
mission CityName=LOC_CITY_NAME_OTTAWA CompletionTurn=120 EscapeResult=-1 InitialResult=3 LevelAfter=3 LootInfo=-1 Name=LOC_CITIZEN_MAYA_MODERN_MALE_1 Operation=58 PlotIndex=978
mission CityName=LOC_CITY_NAME_MONTREAL CompletionTurn=120 EscapeResult=-1 InitialResult=0 LevelAfter=2 LootInfo=-1 Name=LOC_CITIZEN_MAYA_FEMALE_7 Operation=58 PlotIndex=1314
mission CityName=LOC_CITY_NAME_QUEBEC_CITY CompletionTurn=118 EscapeResult=1 InitialResult=2 LevelAfter=1 LootInfo=-1 Name=LOC_CITIZEN_MAYA_MODERN_FEMALE_1 Operation=58 PlotIndex=1404
mission CityName=LOC_CITY_NAME_TORONTO CompletionTurn=118 EscapeResult=2 InitialResult=4 LevelAfter=2 LootInfo=-1 Name=LOC_CITIZEN_MAYA_MODERN_FEMALE_6 Operation=58 PlotIndex=1818
mission CityName=LOC_CITY_NAME_TORONTO CompletionTurn=114 EscapeResult=-1 InitialResult=1 LevelAfter=1 LootInfo=-1 Name=LOC_CITIZEN_MAYA_FEMALE_3 Operation=58 PlotIndex=1818
mission CityName=LOC_CITY_NAME_MONTREAL CompletionTurn=114 EscapeResult=-1 InitialResult=5 LevelAfter=2 LootInfo=-1 Name=LOC_CITIZEN_MAYA_FEMALE_7 Operation=58 PlotIndex=1314
mission CityName=LOC_CITY_NAME_OTTAWA CompletionTurn=113 EscapeResult=-1 InitialResult=5 LevelAfter=3 LootInfo=-1 Name=LOC_CITIZEN_MAYA_MODERN_MALE_1 Operation=58 PlotIndex=978
mission CityName=LOC_CITY_NAME_MONTREAL CompletionTurn=110 EscapeResult=-1 InitialResult=1 LevelAfter=1 LootInfo=-1 Name=LOC_CITIZEN_MAYA_MODERN_FEMALE_7 Operation=58 PlotIndex=1314
mission CityName=LOC_CITY_NAME_OTTAWA CompletionTurn=107 EscapeResult=-1 InitialResult=5 LevelAfter=2 LootInfo=-1 Name=LOC_CITIZEN_MAYA_MODERN_MALE_1 Operation=58 PlotIndex=978
tally 2  FOMENT_UNREST CAPTURED / NO_RESULT
tally 1  FOMENT_UNREST FAIL_MUST_ESCAPE / CAPTURED
tally 1  FOMENT_UNREST FAIL_MUST_ESCAPE / NO_RESULT
tally 1  FOMENT_UNREST FAIL_UNDETECTED / NO_RESULT
tally 1  FOMENT_UNREST KILLED / NO_RESULT
tally 2  FOMENT_UNREST SUCCESS_MUST_ESCAPE / FAIL_MUST_ESCAPE
tally 5  FOMENT_UNREST SUCCESS_UNDETECTED / NO_RESULT
turn 127 spies active 4 idle 2 missions 13 captured-enemy 0
spy 4259841 LOC_CITIZEN_MAYA_MODERN_FEMALE_6 level 2 at 54:21 busy
spy 4194310 LOC_CITIZEN_MAYA_MALE_5 level 1 at 54:15 refused
spy 2490375 LOC_CITIZEN_MAYA_MODERN_MALE_1 level 4 at 54:11 busy
spy 4456457 LOC_CITIZEN_MAYA_MODERN_MALE_9 level 1 at 60:16 start
spy 3997711 LOC_CITIZEN_MAYA_MALE_2 level 1 at 54:15 busy
spy 3735570 LOC_CITIZEN_MAYA_MALE_8 level 2 at 59:23 busy
turn 127 spies 6 started 1 travelled 0 promoted 0 bought 1 gold 50000
unblock: blocker ENDTURN_BLOCKING_SPY_CHOOSE_ESCAPE_ROUTE -> escape route DISTRICT_CITY_CENTER of 1 for spy 3997711 LOC_CITIZEN_MAYA_MALE_2 level 1 turn 127 city LOC_CITY_NAME_MONTREAL p1 at 54:15 pursuer police | end turn requested
unstuck: InGamePopup: open, no close
mission CityName=LOC_CITY_NAME_MONTREAL CompletionTurn=127 EscapeResult=2 InitialResult=2 LevelAfter=1 LootInfo=-1 Name=LOC_CITIZEN_MAYA_MALE_2 Operation=58 PlotIndex=1314
mission CityName=LOC_CITY_NAME_OTTAWA CompletionTurn=124 EscapeResult=-1 InitialResult=5 LevelAfter=4 LootInfo=-1 Name=LOC_CITIZEN_MAYA_MODERN_MALE_1 Operation=58 PlotIndex=978
mission CityName=LOC_CITY_NAME_CALGARY CompletionTurn=123 EscapeResult=-1 InitialResult=5 LevelAfter=2 LootInfo=-1 Name=LOC_CITIZEN_MAYA_MALE_8 Operation=58 PlotIndex=1991
mission CityName=LOC_CITY_NAME_HALIFAX CompletionTurn=121 EscapeResult=2 InitialResult=4 LevelAfter=2 LootInfo=-1 Name=LOC_CITIZEN_MAYA_FEMALE_6 Operation=58 PlotIndex=1409
mission CityName=LOC_CITY_NAME_OTTAWA CompletionTurn=120 EscapeResult=-1 InitialResult=3 LevelAfter=3 LootInfo=-1 Name=LOC_CITIZEN_MAYA_MODERN_MALE_1 Operation=58 PlotIndex=978
mission CityName=LOC_CITY_NAME_MONTREAL CompletionTurn=120 EscapeResult=-1 InitialResult=0 LevelAfter=2 LootInfo=-1 Name=LOC_CITIZEN_MAYA_FEMALE_7 Operation=58 PlotIndex=1314
mission CityName=LOC_CITY_NAME_QUEBEC_CITY CompletionTurn=118 EscapeResult=1 InitialResult=2 LevelAfter=1 LootInfo=-1 Name=LOC_CITIZEN_MAYA_MODERN_FEMALE_1 Operation=58 PlotIndex=1404
mission CityName=LOC_CITY_NAME_TORONTO CompletionTurn=118 EscapeResult=2 InitialResult=4 LevelAfter=2 LootInfo=-1 Name=LOC_CITIZEN_MAYA_MODERN_FEMALE_6 Operation=58 PlotIndex=1818
mission CityName=LOC_CITY_NAME_TORONTO CompletionTurn=114 EscapeResult=-1 InitialResult=1 LevelAfter=1 LootInfo=-1 Name=LOC_CITIZEN_MAYA_FEMALE_3 Operation=58 PlotIndex=1818
mission CityName=LOC_CITY_NAME_MONTREAL CompletionTurn=114 EscapeResult=-1 InitialResult=5 LevelAfter=2 LootInfo=-1 Name=LOC_CITIZEN_MAYA_FEMALE_7 Operation=58 PlotIndex=1314
mission CityName=LOC_CITY_NAME_OTTAWA CompletionTurn=113 EscapeResult=-1 InitialResult=5 LevelAfter=3 LootInfo=-1 Name=LOC_CITIZEN_MAYA_MODERN_MALE_1 Operation=58 PlotIndex=978
mission CityName=LOC_CITY_NAME_MONTREAL CompletionTurn=110 EscapeResult=-1 InitialResult=1 LevelAfter=1 LootInfo=-1 Name=LOC_CITIZEN_MAYA_MODERN_FEMALE_7 Operation=58 PlotIndex=1314
mission CityName=LOC_CITY_NAME_OTTAWA CompletionTurn=107 EscapeResult=-1 InitialResult=5 LevelAfter=2 LootInfo=-1 Name=LOC_CITIZEN_MAYA_MODERN_MALE_1 Operation=58 PlotIndex=978
tally 2  FOMENT_UNREST CAPTURED / NO_RESULT
tally 1  FOMENT_UNREST FAIL_MUST_ESCAPE / CAPTURED
tally 1  FOMENT_UNREST FAIL_MUST_ESCAPE / FAIL_MUST_ESCAPE
tally 1  FOMENT_UNREST FAIL_UNDETECTED / NO_RESULT
tally 1  FOMENT_UNREST KILLED / NO_RESULT
tally 2  FOMENT_UNREST SUCCESS_MUST_ESCAPE / FAIL_MUST_ESCAPE
tally 5  FOMENT_UNREST SUCCESS_UNDETECTED / NO_RESULT
turn 128 spies active 4 idle 3 missions 13 captured-enemy 0
spy 4259841 LOC_CITIZEN_MAYA_MODERN_FEMALE_6 level 2 at 54:21 busy
spy 4521986 LOC_CITIZEN_MAYA_MODERN_FEMALE_8 level 1 at 36:42 travel
spy 4194310 LOC_CITIZEN_MAYA_MALE_5 level 1 at 54:15 start
spy 2490375 LOC_CITIZEN_MAYA_MODERN_MALE_1 level 4 at 54:11 busy
spy 4456457 LOC_CITIZEN_MAYA_MODERN_MALE_9 level 1 at 60:16 busy
spy 4587535 LOC_CITIZEN_MAYA_FEMALE_6 level 2 at 60:16 refused
spy 3735570 LOC_CITIZEN_MAYA_MALE_8 level 2 at 59:23 busy
turn 128 spies 7 started 1 travelled 1 promoted 0 bought 0 gold 50000
unblock: blocker ENDTURN_BLOCKING_PRODUCTION -> NARANJO builds UNIT_WARRIOR | end turn requested
unstuck: InGamePopup: open, no close
unblock: blocker ENDTURN_BLOCKING_FILL_CIVIC_SLOT -> nothing | end turn requested
unstuck: closed sessions [3:3]
unstuck: DiplomacyActionView: Closing Diplomacy Action View. m_eventID: 2654283
unstuck: InGamePopup: open, no close
mission CityName=LOC_CITY_NAME_CALGARY CompletionTurn=129 EscapeResult=-1 InitialResult=3 LevelAfter=2 LootInfo=-1 Name=LOC_CITIZEN_MAYA_MALE_8 Operation=58 PlotIndex=1991
mission CityName=LOC_CITY_NAME_TORONTO CompletionTurn=129 EscapeResult=-1 InitialResult=4 LevelAfter=3 LootInfo=-1 Name=LOC_CITIZEN_MAYA_MODERN_FEMALE_6 Operation=58 PlotIndex=1818
mission CityName=LOC_CITY_NAME_MONTREAL CompletionTurn=127 EscapeResult=2 InitialResult=2 LevelAfter=1 LootInfo=-1 Name=LOC_CITIZEN_MAYA_MALE_2 Operation=58 PlotIndex=1314
mission CityName=LOC_CITY_NAME_OTTAWA CompletionTurn=124 EscapeResult=-1 InitialResult=5 LevelAfter=4 LootInfo=-1 Name=LOC_CITIZEN_MAYA_MODERN_MALE_1 Operation=58 PlotIndex=978
mission CityName=LOC_CITY_NAME_CALGARY CompletionTurn=123 EscapeResult=-1 InitialResult=5 LevelAfter=2 LootInfo=-1 Name=LOC_CITIZEN_MAYA_MALE_8 Operation=58 PlotIndex=1991
mission CityName=LOC_CITY_NAME_HALIFAX CompletionTurn=121 EscapeResult=2 InitialResult=4 LevelAfter=2 LootInfo=-1 Name=LOC_CITIZEN_MAYA_FEMALE_6 Operation=58 PlotIndex=1409
mission CityName=LOC_CITY_NAME_OTTAWA CompletionTurn=120 EscapeResult=-1 InitialResult=3 LevelAfter=3 LootInfo=-1 Name=LOC_CITIZEN_MAYA_MODERN_MALE_1 Operation=58 PlotIndex=978
mission CityName=LOC_CITY_NAME_MONTREAL CompletionTurn=120 EscapeResult=-1 InitialResult=0 LevelAfter=2 LootInfo=-1 Name=LOC_CITIZEN_MAYA_FEMALE_7 Operation=58 PlotIndex=1314
mission CityName=LOC_CITY_NAME_QUEBEC_CITY CompletionTurn=118 EscapeResult=1 InitialResult=2 LevelAfter=1 LootInfo=-1 Name=LOC_CITIZEN_MAYA_MODERN_FEMALE_1 Operation=58 PlotIndex=1404
mission CityName=LOC_CITY_NAME_TORONTO CompletionTurn=118 EscapeResult=2 InitialResult=4 LevelAfter=2 LootInfo=-1 Name=LOC_CITIZEN_MAYA_MODERN_FEMALE_6 Operation=58 PlotIndex=1818
mission CityName=LOC_CITY_NAME_TORONTO CompletionTurn=114 EscapeResult=-1 InitialResult=1 LevelAfter=1 LootInfo=-1 Name=LOC_CITIZEN_MAYA_FEMALE_3 Operation=58 PlotIndex=1818
mission CityName=LOC_CITY_NAME_MONTREAL CompletionTurn=114 EscapeResult=-1 InitialResult=5 LevelAfter=2 LootInfo=-1 Name=LOC_CITIZEN_MAYA_FEMALE_7 Operation=58 PlotIndex=1314
mission CityName=LOC_CITY_NAME_OTTAWA CompletionTurn=113 EscapeResult=-1 InitialResult=5 LevelAfter=3 LootInfo=-1 Name=LOC_CITIZEN_MAYA_MODERN_MALE_1 Operation=58 PlotIndex=978
mission CityName=LOC_CITY_NAME_MONTREAL CompletionTurn=110 EscapeResult=-1 InitialResult=1 LevelAfter=1 LootInfo=-1 Name=LOC_CITIZEN_MAYA_MODERN_FEMALE_7 Operation=58 PlotIndex=1314
mission CityName=LOC_CITY_NAME_OTTAWA CompletionTurn=107 EscapeResult=-1 InitialResult=5 LevelAfter=2 LootInfo=-1 Name=LOC_CITIZEN_MAYA_MODERN_MALE_1 Operation=58 PlotIndex=978
tally 2  FOMENT_UNREST CAPTURED / NO_RESULT
tally 1  FOMENT_UNREST FAIL_MUST_ESCAPE / CAPTURED
tally 1  FOMENT_UNREST FAIL_MUST_ESCAPE / FAIL_MUST_ESCAPE
tally 2  FOMENT_UNREST FAIL_UNDETECTED / NO_RESULT
tally 1  FOMENT_UNREST KILLED / NO_RESULT
tally 2  FOMENT_UNREST SUCCESS_MUST_ESCAPE / FAIL_MUST_ESCAPE
tally 1  FOMENT_UNREST SUCCESS_MUST_ESCAPE / NO_RESULT
tally 5  FOMENT_UNREST SUCCESS_UNDETECTED / NO_RESULT
turn 129 spies active 5 idle 1 missions 15 captured-enemy 0
spy 4259841 LOC_CITIZEN_MAYA_MODERN_FEMALE_6 level 2 at 54:21 busy
spy 4194310 LOC_CITIZEN_MAYA_MALE_5 level 1 at 54:15 busy
spy 2490375 LOC_CITIZEN_MAYA_MODERN_MALE_1 level 4 at 54:11 busy
spy 4456457 LOC_CITIZEN_MAYA_MODERN_MALE_9 level 1 at 60:16 busy
spy 4587535 LOC_CITIZEN_MAYA_FEMALE_6 level 2 at 60:16 refused
spy 3735570 LOC_CITIZEN_MAYA_MALE_8 level 2 at 59:23 start
turn 129 spies 6 started 1 travelled 0 promoted 1 bought 1 gold 50000
unblock: blocker ENDTURN_BLOCKING_SPY_CHOOSE_ESCAPE_ROUTE -> escape route DISTRICT_CITY_CENTER of 2 for spy 4259841 LOC_CITIZEN_MAYA_MODERN_FEMALE_6 level 3 turn 129 city LOC_CITY_NAME_TORONTO p1 at 54:21 pursuer police | end turn requested
unstuck: InGamePopup: open, no close
unblock: blocker ENDTURN_BLOCKING_PRODUCTION -> NARANJO builds UNIT_WARRIOR | end turn requested
unstuck: closed sessions [1:1]
unstuck: DiplomacyActionView: Closing Diplomacy Action View. m_eventID: 2661473
unstuck: InGamePopup: open, no close
unblock: blocker ENDTURN_BLOCKING_PRODUCTION -> NARANJO builds UNIT_WARRIOR | end turn requested
unstuck: closed sessions [2:2]
unstuck: DiplomacyActionView: Closing Diplomacy Action View. m_eventID: 2662266
unstuck: InGamePopup: open, no close
unblock: blocker ENDTURN_BLOCKING_PRODUCTION -> NARANJO builds UNIT_WARRIOR | end turn requested
unstuck: closed sessions [3:3]
unstuck: DiplomacyActionView: Closing Diplomacy Action View. m_eventID: 2663002
unstuck: InGamePopup: open, no close
mission CityName=LOC_CITY_NAME_CALGARY CompletionTurn=129 EscapeResult=-1 InitialResult=3 LevelAfter=2 LootInfo=-1 Name=LOC_CITIZEN_MAYA_MALE_8 Operation=58 PlotIndex=1991
mission CityName=LOC_CITY_NAME_TORONTO CompletionTurn=129 EscapeResult=2 InitialResult=4 LevelAfter=3 LootInfo=-1 Name=LOC_CITIZEN_MAYA_MODERN_FEMALE_6 Operation=58 PlotIndex=1818
mission CityName=LOC_CITY_NAME_MONTREAL CompletionTurn=127 EscapeResult=2 InitialResult=2 LevelAfter=1 LootInfo=-1 Name=LOC_CITIZEN_MAYA_MALE_2 Operation=58 PlotIndex=1314
mission CityName=LOC_CITY_NAME_OTTAWA CompletionTurn=124 EscapeResult=-1 InitialResult=5 LevelAfter=4 LootInfo=-1 Name=LOC_CITIZEN_MAYA_MODERN_MALE_1 Operation=58 PlotIndex=978
mission CityName=LOC_CITY_NAME_CALGARY CompletionTurn=123 EscapeResult=-1 InitialResult=5 LevelAfter=2 LootInfo=-1 Name=LOC_CITIZEN_MAYA_MALE_8 Operation=58 PlotIndex=1991
mission CityName=LOC_CITY_NAME_HALIFAX CompletionTurn=121 EscapeResult=2 InitialResult=4 LevelAfter=2 LootInfo=-1 Name=LOC_CITIZEN_MAYA_FEMALE_6 Operation=58 PlotIndex=1409
mission CityName=LOC_CITY_NAME_OTTAWA CompletionTurn=120 EscapeResult=-1 InitialResult=3 LevelAfter=3 LootInfo=-1 Name=LOC_CITIZEN_MAYA_MODERN_MALE_1 Operation=58 PlotIndex=978
mission CityName=LOC_CITY_NAME_MONTREAL CompletionTurn=120 EscapeResult=-1 InitialResult=0 LevelAfter=2 LootInfo=-1 Name=LOC_CITIZEN_MAYA_FEMALE_7 Operation=58 PlotIndex=1314
mission CityName=LOC_CITY_NAME_QUEBEC_CITY CompletionTurn=118 EscapeResult=1 InitialResult=2 LevelAfter=1 LootInfo=-1 Name=LOC_CITIZEN_MAYA_MODERN_FEMALE_1 Operation=58 PlotIndex=1404
mission CityName=LOC_CITY_NAME_TORONTO CompletionTurn=118 EscapeResult=2 InitialResult=4 LevelAfter=2 LootInfo=-1 Name=LOC_CITIZEN_MAYA_MODERN_FEMALE_6 Operation=58 PlotIndex=1818
mission CityName=LOC_CITY_NAME_TORONTO CompletionTurn=114 EscapeResult=-1 InitialResult=1 LevelAfter=1 LootInfo=-1 Name=LOC_CITIZEN_MAYA_FEMALE_3 Operation=58 PlotIndex=1818
mission CityName=LOC_CITY_NAME_MONTREAL CompletionTurn=114 EscapeResult=-1 InitialResult=5 LevelAfter=2 LootInfo=-1 Name=LOC_CITIZEN_MAYA_FEMALE_7 Operation=58 PlotIndex=1314
mission CityName=LOC_CITY_NAME_OTTAWA CompletionTurn=113 EscapeResult=-1 InitialResult=5 LevelAfter=3 LootInfo=-1 Name=LOC_CITIZEN_MAYA_MODERN_MALE_1 Operation=58 PlotIndex=978
mission CityName=LOC_CITY_NAME_MONTREAL CompletionTurn=110 EscapeResult=-1 InitialResult=1 LevelAfter=1 LootInfo=-1 Name=LOC_CITIZEN_MAYA_MODERN_FEMALE_7 Operation=58 PlotIndex=1314
mission CityName=LOC_CITY_NAME_OTTAWA CompletionTurn=107 EscapeResult=-1 InitialResult=5 LevelAfter=2 LootInfo=-1 Name=LOC_CITIZEN_MAYA_MODERN_MALE_1 Operation=58 PlotIndex=978
tally 2  FOMENT_UNREST CAPTURED / NO_RESULT
tally 1  FOMENT_UNREST FAIL_MUST_ESCAPE / CAPTURED
tally 1  FOMENT_UNREST FAIL_MUST_ESCAPE / FAIL_MUST_ESCAPE
tally 2  FOMENT_UNREST FAIL_UNDETECTED / NO_RESULT
tally 1  FOMENT_UNREST KILLED / NO_RESULT
tally 3  FOMENT_UNREST SUCCESS_MUST_ESCAPE / FAIL_MUST_ESCAPE
tally 5  FOMENT_UNREST SUCCESS_UNDETECTED / NO_RESULT
turn 129 spies active 4 idle 2 missions 15 captured-enemy 0
spy 4718592 LOC_CITIZEN_MAYA_MODERN_FEMALE_4 level 1 at 36:42 notarget
spy 4194310 LOC_CITIZEN_MAYA_MALE_5 level 1 at 54:15 busy
spy 2490375 LOC_CITIZEN_MAYA_MODERN_MALE_1 level 4 at 54:11 busy
spy 4456457 LOC_CITIZEN_MAYA_MODERN_MALE_9 level 1 at 60:16 busy
spy 4587535 LOC_CITIZEN_MAYA_FEMALE_6 level 2 at 60:16 refused
spy 3735570 LOC_CITIZEN_MAYA_MALE_8 level 2 at 59:23 busy
turn 129 spies 6 started 0 travelled 0 promoted 0 bought 0 gold 47755
unblock: blocker ENDTURN_BLOCKING_PRODUCTION -> NARANJO builds UNIT_WARRIOR | end turn requested
unstuck: InGamePopup: open, no close
unstuck: NaturalDisasterPopup: closed
unblock: blocker ENDTURN_BLOCKING_PRODUCTION -> NARANJO builds UNIT_WARRIOR | end turn requested
unstuck: InGamePopup: open, no close
mission CityName=LOC_CITY_NAME_QUEBEC_CITY CompletionTurn=131 EscapeResult=-1 InitialResult=5 LevelAfter=2 LootInfo=-1 Name=LOC_CITIZEN_MAYA_MODERN_MALE_9 Operation=58 PlotIndex=1404
mission CityName=LOC_CITY_NAME_OTTAWA CompletionTurn=130 EscapeResult=-1 InitialResult=5 LevelAfter=4 LootInfo=-1 Name=LOC_CITIZEN_MAYA_MODERN_MALE_1 Operation=58 PlotIndex=978
mission CityName=LOC_CITY_NAME_CALGARY CompletionTurn=129 EscapeResult=-1 InitialResult=3 LevelAfter=2 LootInfo=-1 Name=LOC_CITIZEN_MAYA_MALE_8 Operation=58 PlotIndex=1991
mission CityName=LOC_CITY_NAME_TORONTO CompletionTurn=129 EscapeResult=2 InitialResult=4 LevelAfter=3 LootInfo=-1 Name=LOC_CITIZEN_MAYA_MODERN_FEMALE_6 Operation=58 PlotIndex=1818
mission CityName=LOC_CITY_NAME_MONTREAL CompletionTurn=127 EscapeResult=2 InitialResult=2 LevelAfter=1 LootInfo=-1 Name=LOC_CITIZEN_MAYA_MALE_2 Operation=58 PlotIndex=1314
mission CityName=LOC_CITY_NAME_OTTAWA CompletionTurn=124 EscapeResult=-1 InitialResult=5 LevelAfter=4 LootInfo=-1 Name=LOC_CITIZEN_MAYA_MODERN_MALE_1 Operation=58 PlotIndex=978
mission CityName=LOC_CITY_NAME_CALGARY CompletionTurn=123 EscapeResult=-1 InitialResult=5 LevelAfter=2 LootInfo=-1 Name=LOC_CITIZEN_MAYA_MALE_8 Operation=58 PlotIndex=1991
mission CityName=LOC_CITY_NAME_HALIFAX CompletionTurn=121 EscapeResult=2 InitialResult=4 LevelAfter=2 LootInfo=-1 Name=LOC_CITIZEN_MAYA_FEMALE_6 Operation=58 PlotIndex=1409
mission CityName=LOC_CITY_NAME_OTTAWA CompletionTurn=120 EscapeResult=-1 InitialResult=3 LevelAfter=3 LootInfo=-1 Name=LOC_CITIZEN_MAYA_MODERN_MALE_1 Operation=58 PlotIndex=978
mission CityName=LOC_CITY_NAME_MONTREAL CompletionTurn=120 EscapeResult=-1 InitialResult=0 LevelAfter=2 LootInfo=-1 Name=LOC_CITIZEN_MAYA_FEMALE_7 Operation=58 PlotIndex=1314
mission CityName=LOC_CITY_NAME_QUEBEC_CITY CompletionTurn=118 EscapeResult=1 InitialResult=2 LevelAfter=1 LootInfo=-1 Name=LOC_CITIZEN_MAYA_MODERN_FEMALE_1 Operation=58 PlotIndex=1404
mission CityName=LOC_CITY_NAME_TORONTO CompletionTurn=118 EscapeResult=2 InitialResult=4 LevelAfter=2 LootInfo=-1 Name=LOC_CITIZEN_MAYA_MODERN_FEMALE_6 Operation=58 PlotIndex=1818
mission CityName=LOC_CITY_NAME_TORONTO CompletionTurn=114 EscapeResult=-1 InitialResult=1 LevelAfter=1 LootInfo=-1 Name=LOC_CITIZEN_MAYA_FEMALE_3 Operation=58 PlotIndex=1818
mission CityName=LOC_CITY_NAME_MONTREAL CompletionTurn=114 EscapeResult=-1 InitialResult=5 LevelAfter=2 LootInfo=-1 Name=LOC_CITIZEN_MAYA_FEMALE_7 Operation=58 PlotIndex=1314
mission CityName=LOC_CITY_NAME_OTTAWA CompletionTurn=113 EscapeResult=-1 InitialResult=5 LevelAfter=3 LootInfo=-1 Name=LOC_CITIZEN_MAYA_MODERN_MALE_1 Operation=58 PlotIndex=978
mission CityName=LOC_CITY_NAME_MONTREAL CompletionTurn=110 EscapeResult=-1 InitialResult=1 LevelAfter=1 LootInfo=-1 Name=LOC_CITIZEN_MAYA_MODERN_FEMALE_7 Operation=58 PlotIndex=1314
mission CityName=LOC_CITY_NAME_OTTAWA CompletionTurn=107 EscapeResult=-1 InitialResult=5 LevelAfter=2 LootInfo=-1 Name=LOC_CITIZEN_MAYA_MODERN_MALE_1 Operation=58 PlotIndex=978
tally 2  FOMENT_UNREST CAPTURED / NO_RESULT
tally 1  FOMENT_UNREST FAIL_MUST_ESCAPE / CAPTURED
tally 1  FOMENT_UNREST FAIL_MUST_ESCAPE / FAIL_MUST_ESCAPE
tally 2  FOMENT_UNREST FAIL_UNDETECTED / NO_RESULT
tally 1  FOMENT_UNREST KILLED / NO_RESULT
tally 3  FOMENT_UNREST SUCCESS_MUST_ESCAPE / FAIL_MUST_ESCAPE
tally 7  FOMENT_UNREST SUCCESS_UNDETECTED / NO_RESULT
turn 131 spies active 2 idle 6 missions 17 captured-enemy 0
spy 4718592 LOC_CITIZEN_MAYA_MODERN_FEMALE_4 level 1 at 36:42 travel
spy 4784129 LOC_CITIZEN_MAYA_MALE_2 level 1 at 36:42 travel
spy 4194310 LOC_CITIZEN_MAYA_MALE_5 level 1 at 54:15 busy
spy 2490375 LOC_CITIZEN_MAYA_MODERN_MALE_1 level 4 at 54:11 start
spy 4456457 LOC_CITIZEN_MAYA_MODERN_MALE_9 level 1 at 60:16 start
spy 4587535 LOC_CITIZEN_MAYA_FEMALE_6 level 2 at 60:16 start
spy 3735570 LOC_CITIZEN_MAYA_MALE_8 level 2 at 59:23 busy
spy 4849684 LOC_CITIZEN_MAYA_MODERN_FEMALE_8 level 1 at 65:16 start
turn 131 spies 8 started 4 travelled 2 promoted 1 bought 0 gold 50000
unblock: blocker ENDTURN_BLOCKING_PRODUCTION -> NARANJO builds UNIT_WARRIOR | end turn requested
unstuck: InGamePopup: open, no close
mission CityName=LOC_CITY_NAME_MONTREAL CompletionTurn=132 EscapeResult=-1 InitialResult=2 LevelAfter=1 LootInfo=-1 Name=LOC_CITIZEN_MAYA_MALE_5 Operation=58 PlotIndex=1314
mission CityName=LOC_CITY_NAME_QUEBEC_CITY CompletionTurn=131 EscapeResult=-1 InitialResult=5 LevelAfter=2 LootInfo=-1 Name=LOC_CITIZEN_MAYA_MODERN_MALE_9 Operation=58 PlotIndex=1404
mission CityName=LOC_CITY_NAME_OTTAWA CompletionTurn=130 EscapeResult=-1 InitialResult=5 LevelAfter=4 LootInfo=-1 Name=LOC_CITIZEN_MAYA_MODERN_MALE_1 Operation=58 PlotIndex=978
mission CityName=LOC_CITY_NAME_CALGARY CompletionTurn=129 EscapeResult=-1 InitialResult=3 LevelAfter=2 LootInfo=-1 Name=LOC_CITIZEN_MAYA_MALE_8 Operation=58 PlotIndex=1991
mission CityName=LOC_CITY_NAME_TORONTO CompletionTurn=129 EscapeResult=2 InitialResult=4 LevelAfter=3 LootInfo=-1 Name=LOC_CITIZEN_MAYA_MODERN_FEMALE_6 Operation=58 PlotIndex=1818
mission CityName=LOC_CITY_NAME_MONTREAL CompletionTurn=127 EscapeResult=2 InitialResult=2 LevelAfter=1 LootInfo=-1 Name=LOC_CITIZEN_MAYA_MALE_2 Operation=58 PlotIndex=1314
mission CityName=LOC_CITY_NAME_OTTAWA CompletionTurn=124 EscapeResult=-1 InitialResult=5 LevelAfter=4 LootInfo=-1 Name=LOC_CITIZEN_MAYA_MODERN_MALE_1 Operation=58 PlotIndex=978
mission CityName=LOC_CITY_NAME_CALGARY CompletionTurn=123 EscapeResult=-1 InitialResult=5 LevelAfter=2 LootInfo=-1 Name=LOC_CITIZEN_MAYA_MALE_8 Operation=58 PlotIndex=1991
mission CityName=LOC_CITY_NAME_HALIFAX CompletionTurn=121 EscapeResult=2 InitialResult=4 LevelAfter=2 LootInfo=-1 Name=LOC_CITIZEN_MAYA_FEMALE_6 Operation=58 PlotIndex=1409
mission CityName=LOC_CITY_NAME_OTTAWA CompletionTurn=120 EscapeResult=-1 InitialResult=3 LevelAfter=3 LootInfo=-1 Name=LOC_CITIZEN_MAYA_MODERN_MALE_1 Operation=58 PlotIndex=978
mission CityName=LOC_CITY_NAME_MONTREAL CompletionTurn=120 EscapeResult=-1 InitialResult=0 LevelAfter=2 LootInfo=-1 Name=LOC_CITIZEN_MAYA_FEMALE_7 Operation=58 PlotIndex=1314
mission CityName=LOC_CITY_NAME_QUEBEC_CITY CompletionTurn=118 EscapeResult=1 InitialResult=2 LevelAfter=1 LootInfo=-1 Name=LOC_CITIZEN_MAYA_MODERN_FEMALE_1 Operation=58 PlotIndex=1404
mission CityName=LOC_CITY_NAME_TORONTO CompletionTurn=118 EscapeResult=2 InitialResult=4 LevelAfter=2 LootInfo=-1 Name=LOC_CITIZEN_MAYA_MODERN_FEMALE_6 Operation=58 PlotIndex=1818
mission CityName=LOC_CITY_NAME_TORONTO CompletionTurn=114 EscapeResult=-1 InitialResult=1 LevelAfter=1 LootInfo=-1 Name=LOC_CITIZEN_MAYA_FEMALE_3 Operation=58 PlotIndex=1818
mission CityName=LOC_CITY_NAME_MONTREAL CompletionTurn=114 EscapeResult=-1 InitialResult=5 LevelAfter=2 LootInfo=-1 Name=LOC_CITIZEN_MAYA_FEMALE_7 Operation=58 PlotIndex=1314
mission CityName=LOC_CITY_NAME_OTTAWA CompletionTurn=113 EscapeResult=-1 InitialResult=5 LevelAfter=3 LootInfo=-1 Name=LOC_CITIZEN_MAYA_MODERN_MALE_1 Operation=58 PlotIndex=978
mission CityName=LOC_CITY_NAME_MONTREAL CompletionTurn=110 EscapeResult=-1 InitialResult=1 LevelAfter=1 LootInfo=-1 Name=LOC_CITIZEN_MAYA_MODERN_FEMALE_7 Operation=58 PlotIndex=1314
mission CityName=LOC_CITY_NAME_OTTAWA CompletionTurn=107 EscapeResult=-1 InitialResult=5 LevelAfter=2 LootInfo=-1 Name=LOC_CITIZEN_MAYA_MODERN_MALE_1 Operation=58 PlotIndex=978
tally 2  FOMENT_UNREST CAPTURED / NO_RESULT
tally 1  FOMENT_UNREST FAIL_MUST_ESCAPE / CAPTURED
tally 1  FOMENT_UNREST FAIL_MUST_ESCAPE / FAIL_MUST_ESCAPE
tally 1  FOMENT_UNREST FAIL_MUST_ESCAPE / NO_RESULT
tally 2  FOMENT_UNREST FAIL_UNDETECTED / NO_RESULT
tally 1  FOMENT_UNREST KILLED / NO_RESULT
tally 3  FOMENT_UNREST SUCCESS_MUST_ESCAPE / FAIL_MUST_ESCAPE
tally 7  FOMENT_UNREST SUCCESS_UNDETECTED / NO_RESULT
turn 132 spies active 5 idle 1 missions 18 captured-enemy 0
spy 4194310 LOC_CITIZEN_MAYA_MALE_5 level 1 at 54:15 busy
spy 2490375 LOC_CITIZEN_MAYA_MODERN_MALE_1 level 4 at 54:11 busy
spy 4456457 LOC_CITIZEN_MAYA_MODERN_MALE_9 level 2 at 60:16 busy
spy 4587535 LOC_CITIZEN_MAYA_FEMALE_6 level 2 at 60:16 refused
spy 3735570 LOC_CITIZEN_MAYA_MALE_8 level 2 at 59:23 busy
spy 4849684 LOC_CITIZEN_MAYA_MODERN_FEMALE_8 level 1 at 65:16 busy
turn 132 spies 6 started 0 travelled 0 promoted 0 bought 1 gold 50000
unblock: blocker ENDTURN_BLOCKING_SPY_CHOOSE_ESCAPE_ROUTE -> escape route DISTRICT_CITY_CENTER of 1 for spy 4194310 LOC_CITIZEN_MAYA_MALE_5 level 1 turn 132 city LOC_CITY_NAME_MONTREAL p1 at 54:15 pursuer police | end turn requested
unstuck: InGamePopup: open, no close
unblock: blocker ENDTURN_BLOCKING_PRODUCTION -> NARANJO builds UNIT_WARRIOR | end turn requested
unstuck: InGamePopup: open, no close
mission CityName=LOC_CITY_NAME_CALGARY CompletionTurn=133 EscapeResult=-1 InitialResult=4 LevelAfter=3 LootInfo=-1 Name=LOC_CITIZEN_MAYA_MALE_8 Operation=58 PlotIndex=1991
mission CityName=LOC_CITY_NAME_MONTREAL CompletionTurn=132 EscapeResult=0 InitialResult=2 LevelAfter=1 LootInfo=-1 Name=LOC_CITIZEN_MAYA_MALE_5 Operation=58 PlotIndex=1314
mission CityName=LOC_CITY_NAME_QUEBEC_CITY CompletionTurn=131 EscapeResult=-1 InitialResult=5 LevelAfter=2 LootInfo=-1 Name=LOC_CITIZEN_MAYA_MODERN_MALE_9 Operation=58 PlotIndex=1404
mission CityName=LOC_CITY_NAME_OTTAWA CompletionTurn=130 EscapeResult=-1 InitialResult=5 LevelAfter=4 LootInfo=-1 Name=LOC_CITIZEN_MAYA_MODERN_MALE_1 Operation=58 PlotIndex=978
mission CityName=LOC_CITY_NAME_CALGARY CompletionTurn=129 EscapeResult=-1 InitialResult=3 LevelAfter=2 LootInfo=-1 Name=LOC_CITIZEN_MAYA_MALE_8 Operation=58 PlotIndex=1991
mission CityName=LOC_CITY_NAME_TORONTO CompletionTurn=129 EscapeResult=2 InitialResult=4 LevelAfter=3 LootInfo=-1 Name=LOC_CITIZEN_MAYA_MODERN_FEMALE_6 Operation=58 PlotIndex=1818
mission CityName=LOC_CITY_NAME_MONTREAL CompletionTurn=127 EscapeResult=2 InitialResult=2 LevelAfter=1 LootInfo=-1 Name=LOC_CITIZEN_MAYA_MALE_2 Operation=58 PlotIndex=1314
mission CityName=LOC_CITY_NAME_OTTAWA CompletionTurn=124 EscapeResult=-1 InitialResult=5 LevelAfter=4 LootInfo=-1 Name=LOC_CITIZEN_MAYA_MODERN_MALE_1 Operation=58 PlotIndex=978
mission CityName=LOC_CITY_NAME_CALGARY CompletionTurn=123 EscapeResult=-1 InitialResult=5 LevelAfter=2 LootInfo=-1 Name=LOC_CITIZEN_MAYA_MALE_8 Operation=58 PlotIndex=1991
mission CityName=LOC_CITY_NAME_HALIFAX CompletionTurn=121 EscapeResult=2 InitialResult=4 LevelAfter=2 LootInfo=-1 Name=LOC_CITIZEN_MAYA_FEMALE_6 Operation=58 PlotIndex=1409
mission CityName=LOC_CITY_NAME_OTTAWA CompletionTurn=120 EscapeResult=-1 InitialResult=3 LevelAfter=3 LootInfo=-1 Name=LOC_CITIZEN_MAYA_MODERN_MALE_1 Operation=58 PlotIndex=978
mission CityName=LOC_CITY_NAME_MONTREAL CompletionTurn=120 EscapeResult=-1 InitialResult=0 LevelAfter=2 LootInfo=-1 Name=LOC_CITIZEN_MAYA_FEMALE_7 Operation=58 PlotIndex=1314
mission CityName=LOC_CITY_NAME_QUEBEC_CITY CompletionTurn=118 EscapeResult=1 InitialResult=2 LevelAfter=1 LootInfo=-1 Name=LOC_CITIZEN_MAYA_MODERN_FEMALE_1 Operation=58 PlotIndex=1404
mission CityName=LOC_CITY_NAME_TORONTO CompletionTurn=118 EscapeResult=2 InitialResult=4 LevelAfter=2 LootInfo=-1 Name=LOC_CITIZEN_MAYA_MODERN_FEMALE_6 Operation=58 PlotIndex=1818
mission CityName=LOC_CITY_NAME_TORONTO CompletionTurn=114 EscapeResult=-1 InitialResult=1 LevelAfter=1 LootInfo=-1 Name=LOC_CITIZEN_MAYA_FEMALE_3 Operation=58 PlotIndex=1818
mission CityName=LOC_CITY_NAME_MONTREAL CompletionTurn=114 EscapeResult=-1 InitialResult=5 LevelAfter=2 LootInfo=-1 Name=LOC_CITIZEN_MAYA_FEMALE_7 Operation=58 PlotIndex=1314
mission CityName=LOC_CITY_NAME_OTTAWA CompletionTurn=113 EscapeResult=-1 InitialResult=5 LevelAfter=3 LootInfo=-1 Name=LOC_CITIZEN_MAYA_MODERN_MALE_1 Operation=58 PlotIndex=978
mission CityName=LOC_CITY_NAME_MONTREAL CompletionTurn=110 EscapeResult=-1 InitialResult=1 LevelAfter=1 LootInfo=-1 Name=LOC_CITIZEN_MAYA_MODERN_FEMALE_7 Operation=58 PlotIndex=1314
mission CityName=LOC_CITY_NAME_OTTAWA CompletionTurn=107 EscapeResult=-1 InitialResult=5 LevelAfter=2 LootInfo=-1 Name=LOC_CITIZEN_MAYA_MODERN_MALE_1 Operation=58 PlotIndex=978
tally 2  FOMENT_UNREST CAPTURED / NO_RESULT
tally 1  FOMENT_UNREST FAIL_MUST_ESCAPE / CAPTURED
tally 1  FOMENT_UNREST FAIL_MUST_ESCAPE / FAIL_MUST_ESCAPE
tally 1  FOMENT_UNREST FAIL_MUST_ESCAPE / KILLED
tally 2  FOMENT_UNREST FAIL_UNDETECTED / NO_RESULT
tally 1  FOMENT_UNREST KILLED / NO_RESULT
tally 3  FOMENT_UNREST SUCCESS_MUST_ESCAPE / FAIL_MUST_ESCAPE
tally 1  FOMENT_UNREST SUCCESS_MUST_ESCAPE / NO_RESULT
tally 7  FOMENT_UNREST SUCCESS_UNDETECTED / NO_RESULT
turn 133 spies active 3 idle 3 missions 19 captured-enemy 0
spy 4980736 LOC_CITIZEN_MAYA_MODERN_MALE_4 level 1 at 36:42 travel
spy 5046278 LOC_CITIZEN_MAYA_MODERN_FEMALE_6 level 3 at 36:42 travel
spy 2490375 LOC_CITIZEN_MAYA_MODERN_MALE_1 level 4 at 54:11 busy
spy 4456457 LOC_CITIZEN_MAYA_MODERN_MALE_9 level 2 at 60:16 start
spy 4587535 LOC_CITIZEN_MAYA_FEMALE_6 level 2 at 60:16 start
spy 5111824 LOC_CITIZEN_MAYA_MODERN_FEMALE_4 level 1 at 54:21 start
spy 3735570 LOC_CITIZEN_MAYA_MALE_8 level 2 at 59:23 busy
spy 4849684 LOC_CITIZEN_MAYA_MODERN_FEMALE_8 level 1 at 65:16 busy
turn 133 spies 8 started 3 travelled 2 promoted 1 bought 0 gold 50000
unblock: blocker ENDTURN_BLOCKING_SPY_CHOOSE_ESCAPE_ROUTE -> escape route DISTRICT_HARBOR of 2 for spy 3735570 LOC_CITIZEN_MAYA_MALE_8 level 3 turn 133 city LOC_CITY_NAME_CALGARY p1 at 59:23 pursuer police | end turn requested
unstuck: InGamePopup: open, no close
unstuck: TechCivicCompletedPopup: closed
unblock: blocker ENDTURN_BLOCKING_CIVIC -> civic CIVIC_MEDIEVAL_FAIRES | end turn requested
unstuck: closed sessions [1:1]
unstuck: DiplomacyActionView: Closing Diplomacy Action View. m_eventID: 2695873
unstuck: InGamePopup: open, no close
mission CityName=LOC_CITY_NAME_CALGARY CompletionTurn=133 EscapeResult=2 InitialResult=4 LevelAfter=3 LootInfo=-1 Name=LOC_CITIZEN_MAYA_MALE_8 Operation=58 PlotIndex=1991
mission CityName=LOC_CITY_NAME_MONTREAL CompletionTurn=132 EscapeResult=0 InitialResult=2 LevelAfter=1 LootInfo=-1 Name=LOC_CITIZEN_MAYA_MALE_5 Operation=58 PlotIndex=1314
mission CityName=LOC_CITY_NAME_QUEBEC_CITY CompletionTurn=131 EscapeResult=-1 InitialResult=5 LevelAfter=2 LootInfo=-1 Name=LOC_CITIZEN_MAYA_MODERN_MALE_9 Operation=58 PlotIndex=1404
mission CityName=LOC_CITY_NAME_OTTAWA CompletionTurn=130 EscapeResult=-1 InitialResult=5 LevelAfter=4 LootInfo=-1 Name=LOC_CITIZEN_MAYA_MODERN_MALE_1 Operation=58 PlotIndex=978
mission CityName=LOC_CITY_NAME_CALGARY CompletionTurn=129 EscapeResult=-1 InitialResult=3 LevelAfter=2 LootInfo=-1 Name=LOC_CITIZEN_MAYA_MALE_8 Operation=58 PlotIndex=1991
mission CityName=LOC_CITY_NAME_TORONTO CompletionTurn=129 EscapeResult=2 InitialResult=4 LevelAfter=3 LootInfo=-1 Name=LOC_CITIZEN_MAYA_MODERN_FEMALE_6 Operation=58 PlotIndex=1818
mission CityName=LOC_CITY_NAME_MONTREAL CompletionTurn=127 EscapeResult=2 InitialResult=2 LevelAfter=1 LootInfo=-1 Name=LOC_CITIZEN_MAYA_MALE_2 Operation=58 PlotIndex=1314
mission CityName=LOC_CITY_NAME_OTTAWA CompletionTurn=124 EscapeResult=-1 InitialResult=5 LevelAfter=4 LootInfo=-1 Name=LOC_CITIZEN_MAYA_MODERN_MALE_1 Operation=58 PlotIndex=978
mission CityName=LOC_CITY_NAME_CALGARY CompletionTurn=123 EscapeResult=-1 InitialResult=5 LevelAfter=2 LootInfo=-1 Name=LOC_CITIZEN_MAYA_MALE_8 Operation=58 PlotIndex=1991
mission CityName=LOC_CITY_NAME_HALIFAX CompletionTurn=121 EscapeResult=2 InitialResult=4 LevelAfter=2 LootInfo=-1 Name=LOC_CITIZEN_MAYA_FEMALE_6 Operation=58 PlotIndex=1409
mission CityName=LOC_CITY_NAME_OTTAWA CompletionTurn=120 EscapeResult=-1 InitialResult=3 LevelAfter=3 LootInfo=-1 Name=LOC_CITIZEN_MAYA_MODERN_MALE_1 Operation=58 PlotIndex=978
mission CityName=LOC_CITY_NAME_MONTREAL CompletionTurn=120 EscapeResult=-1 InitialResult=0 LevelAfter=2 LootInfo=-1 Name=LOC_CITIZEN_MAYA_FEMALE_7 Operation=58 PlotIndex=1314
mission CityName=LOC_CITY_NAME_QUEBEC_CITY CompletionTurn=118 EscapeResult=1 InitialResult=2 LevelAfter=1 LootInfo=-1 Name=LOC_CITIZEN_MAYA_MODERN_FEMALE_1 Operation=58 PlotIndex=1404
mission CityName=LOC_CITY_NAME_TORONTO CompletionTurn=118 EscapeResult=2 InitialResult=4 LevelAfter=2 LootInfo=-1 Name=LOC_CITIZEN_MAYA_MODERN_FEMALE_6 Operation=58 PlotIndex=1818
mission CityName=LOC_CITY_NAME_TORONTO CompletionTurn=114 EscapeResult=-1 InitialResult=1 LevelAfter=1 LootInfo=-1 Name=LOC_CITIZEN_MAYA_FEMALE_3 Operation=58 PlotIndex=1818
mission CityName=LOC_CITY_NAME_MONTREAL CompletionTurn=114 EscapeResult=-1 InitialResult=5 LevelAfter=2 LootInfo=-1 Name=LOC_CITIZEN_MAYA_FEMALE_7 Operation=58 PlotIndex=1314
mission CityName=LOC_CITY_NAME_OTTAWA CompletionTurn=113 EscapeResult=-1 InitialResult=5 LevelAfter=3 LootInfo=-1 Name=LOC_CITIZEN_MAYA_MODERN_MALE_1 Operation=58 PlotIndex=978
mission CityName=LOC_CITY_NAME_MONTREAL CompletionTurn=110 EscapeResult=-1 InitialResult=1 LevelAfter=1 LootInfo=-1 Name=LOC_CITIZEN_MAYA_MODERN_FEMALE_7 Operation=58 PlotIndex=1314
mission CityName=LOC_CITY_NAME_OTTAWA CompletionTurn=107 EscapeResult=-1 InitialResult=5 LevelAfter=2 LootInfo=-1 Name=LOC_CITIZEN_MAYA_MODERN_MALE_1 Operation=58 PlotIndex=978
tally 2  FOMENT_UNREST CAPTURED / NO_RESULT
tally 1  FOMENT_UNREST FAIL_MUST_ESCAPE / CAPTURED
tally 1  FOMENT_UNREST FAIL_MUST_ESCAPE / FAIL_MUST_ESCAPE
tally 1  FOMENT_UNREST FAIL_MUST_ESCAPE / KILLED
tally 2  FOMENT_UNREST FAIL_UNDETECTED / NO_RESULT
tally 1  FOMENT_UNREST KILLED / NO_RESULT
tally 4  FOMENT_UNREST SUCCESS_MUST_ESCAPE / FAIL_MUST_ESCAPE
tally 7  FOMENT_UNREST SUCCESS_UNDETECTED / NO_RESULT
turn 134 spies active 4 idle 1 missions 19 captured-enemy 0
spy 2490375 LOC_CITIZEN_MAYA_MODERN_MALE_1 level 4 at 54:11 busy
spy 4456457 LOC_CITIZEN_MAYA_MODERN_MALE_9 level 2 at 60:16 busy
spy 4587535 LOC_CITIZEN_MAYA_FEMALE_6 level 2 at 60:16 refused
spy 5111824 LOC_CITIZEN_MAYA_MODERN_FEMALE_4 level 1 at 54:21 busy
spy 5177362 LOC_CITIZEN_MAYA_MALE_2 level 1 at 48:10 start
spy 4849684 LOC_CITIZEN_MAYA_MODERN_FEMALE_8 level 1 at 65:16 busy
turn 134 spies 6 started 1 travelled 0 promoted 0 bought 1 gold 50000
unblock: blocker ENDTURN_BLOCKING_CIVIC -> civic CIVIC_MEDIEVAL_FAIRES | end turn requested
unstuck: InGamePopup: open, no close
unblock: blocker ENDTURN_BLOCKING_PRODUCTION -> NARANJO builds UNIT_WARRIOR | end turn requested
unstuck: closed sessions [2:2]
unstuck: DiplomacyActionView: Closing Diplomacy Action View. m_eventID: 2705254
unstuck: InGamePopup: open, no close
mission CityName=LOC_CITY_NAME_HALIFAX CompletionTurn=135 EscapeResult=-1 InitialResult=5 LevelAfter=2 LootInfo=-1 Name=LOC_CITIZEN_MAYA_MODERN_FEMALE_8 Operation=58 PlotIndex=1409
mission CityName=LOC_CITY_NAME_OTTAWA CompletionTurn=135 EscapeResult=-1 InitialResult=5 LevelAfter=4 LootInfo=-1 Name=LOC_CITIZEN_MAYA_MODERN_MALE_1 Operation=58 PlotIndex=978
mission CityName=LOC_CITY_NAME_CALGARY CompletionTurn=133 EscapeResult=2 InitialResult=4 LevelAfter=3 LootInfo=-1 Name=LOC_CITIZEN_MAYA_MALE_8 Operation=58 PlotIndex=1991
mission CityName=LOC_CITY_NAME_MONTREAL CompletionTurn=132 EscapeResult=0 InitialResult=2 LevelAfter=1 LootInfo=-1 Name=LOC_CITIZEN_MAYA_MALE_5 Operation=58 PlotIndex=1314
mission CityName=LOC_CITY_NAME_QUEBEC_CITY CompletionTurn=131 EscapeResult=-1 InitialResult=5 LevelAfter=2 LootInfo=-1 Name=LOC_CITIZEN_MAYA_MODERN_MALE_9 Operation=58 PlotIndex=1404
mission CityName=LOC_CITY_NAME_OTTAWA CompletionTurn=130 EscapeResult=-1 InitialResult=5 LevelAfter=4 LootInfo=-1 Name=LOC_CITIZEN_MAYA_MODERN_MALE_1 Operation=58 PlotIndex=978
mission CityName=LOC_CITY_NAME_CALGARY CompletionTurn=129 EscapeResult=-1 InitialResult=3 LevelAfter=2 LootInfo=-1 Name=LOC_CITIZEN_MAYA_MALE_8 Operation=58 PlotIndex=1991
mission CityName=LOC_CITY_NAME_TORONTO CompletionTurn=129 EscapeResult=2 InitialResult=4 LevelAfter=3 LootInfo=-1 Name=LOC_CITIZEN_MAYA_MODERN_FEMALE_6 Operation=58 PlotIndex=1818
mission CityName=LOC_CITY_NAME_MONTREAL CompletionTurn=127 EscapeResult=2 InitialResult=2 LevelAfter=1 LootInfo=-1 Name=LOC_CITIZEN_MAYA_MALE_2 Operation=58 PlotIndex=1314
mission CityName=LOC_CITY_NAME_OTTAWA CompletionTurn=124 EscapeResult=-1 InitialResult=5 LevelAfter=4 LootInfo=-1 Name=LOC_CITIZEN_MAYA_MODERN_MALE_1 Operation=58 PlotIndex=978
mission CityName=LOC_CITY_NAME_CALGARY CompletionTurn=123 EscapeResult=-1 InitialResult=5 LevelAfter=2 LootInfo=-1 Name=LOC_CITIZEN_MAYA_MALE_8 Operation=58 PlotIndex=1991
mission CityName=LOC_CITY_NAME_HALIFAX CompletionTurn=121 EscapeResult=2 InitialResult=4 LevelAfter=2 LootInfo=-1 Name=LOC_CITIZEN_MAYA_FEMALE_6 Operation=58 PlotIndex=1409
mission CityName=LOC_CITY_NAME_OTTAWA CompletionTurn=120 EscapeResult=-1 InitialResult=3 LevelAfter=3 LootInfo=-1 Name=LOC_CITIZEN_MAYA_MODERN_MALE_1 Operation=58 PlotIndex=978
mission CityName=LOC_CITY_NAME_MONTREAL CompletionTurn=120 EscapeResult=-1 InitialResult=0 LevelAfter=2 LootInfo=-1 Name=LOC_CITIZEN_MAYA_FEMALE_7 Operation=58 PlotIndex=1314
mission CityName=LOC_CITY_NAME_QUEBEC_CITY CompletionTurn=118 EscapeResult=1 InitialResult=2 LevelAfter=1 LootInfo=-1 Name=LOC_CITIZEN_MAYA_MODERN_FEMALE_1 Operation=58 PlotIndex=1404
mission CityName=LOC_CITY_NAME_TORONTO CompletionTurn=118 EscapeResult=2 InitialResult=4 LevelAfter=2 LootInfo=-1 Name=LOC_CITIZEN_MAYA_MODERN_FEMALE_6 Operation=58 PlotIndex=1818
mission CityName=LOC_CITY_NAME_TORONTO CompletionTurn=114 EscapeResult=-1 InitialResult=1 LevelAfter=1 LootInfo=-1 Name=LOC_CITIZEN_MAYA_FEMALE_3 Operation=58 PlotIndex=1818
mission CityName=LOC_CITY_NAME_MONTREAL CompletionTurn=114 EscapeResult=-1 InitialResult=5 LevelAfter=2 LootInfo=-1 Name=LOC_CITIZEN_MAYA_FEMALE_7 Operation=58 PlotIndex=1314
mission CityName=LOC_CITY_NAME_OTTAWA CompletionTurn=113 EscapeResult=-1 InitialResult=5 LevelAfter=3 LootInfo=-1 Name=LOC_CITIZEN_MAYA_MODERN_MALE_1 Operation=58 PlotIndex=978
mission CityName=LOC_CITY_NAME_MONTREAL CompletionTurn=110 EscapeResult=-1 InitialResult=1 LevelAfter=1 LootInfo=-1 Name=LOC_CITIZEN_MAYA_MODERN_FEMALE_7 Operation=58 PlotIndex=1314
mission CityName=LOC_CITY_NAME_OTTAWA CompletionTurn=107 EscapeResult=-1 InitialResult=5 LevelAfter=2 LootInfo=-1 Name=LOC_CITIZEN_MAYA_MODERN_MALE_1 Operation=58 PlotIndex=978
tally 2  FOMENT_UNREST CAPTURED / NO_RESULT
tally 1  FOMENT_UNREST FAIL_MUST_ESCAPE / CAPTURED
tally 1  FOMENT_UNREST FAIL_MUST_ESCAPE / FAIL_MUST_ESCAPE
tally 1  FOMENT_UNREST FAIL_MUST_ESCAPE / KILLED
tally 2  FOMENT_UNREST FAIL_UNDETECTED / NO_RESULT
tally 1  FOMENT_UNREST KILLED / NO_RESULT
tally 4  FOMENT_UNREST SUCCESS_MUST_ESCAPE / FAIL_MUST_ESCAPE
tally 9  FOMENT_UNREST SUCCESS_UNDETECTED / NO_RESULT
turn 135 spies active 3 idle 6 missions 21 captured-enemy 0
spy 5308416 LOC_CITIZEN_MAYA_MODERN_FEMALE_3 level 1 at 36:42 travel
spy 2490375 LOC_CITIZEN_MAYA_MODERN_MALE_1 level 4 at 54:11 start
spy 4456457 LOC_CITIZEN_MAYA_MODERN_MALE_9 level 2 at 60:16 busy
spy 5373965 LOC_CITIZEN_MAYA_MODERN_FEMALE_6 level 3 at 48:10 refused
spy 4587535 LOC_CITIZEN_MAYA_FEMALE_6 level 2 at 60:16 refused
spy 5111824 LOC_CITIZEN_MAYA_MODERN_FEMALE_4 level 1 at 54:21 busy
spy 5177362 LOC_CITIZEN_MAYA_MALE_2 level 1 at 48:10 busy
spy 4849684 LOC_CITIZEN_MAYA_MODERN_FEMALE_8 level 1 at 65:16 start
spy 5439511 LOC_CITIZEN_MAYA_MALE_8 level 3 at 36:42 travel
turn 135 spies 9 started 2 travelled 2 promoted 1 bought 0 gold 50000
unblock: blocker ENDTURN_BLOCKING_PRODUCTION -> NARANJO builds UNIT_WARRIOR | end turn requested
unstuck: InGamePopup: open, no close
unblock: blocker ENDTURN_BLOCKING_FILL_CIVIC_SLOT -> nothing | end turn requested
unstuck: closed sessions [3:3]
unstuck: DiplomacyActionView: Closing Diplomacy Action View. m_eventID: 2714569
unstuck: InGamePopup: open, no close
mission CityName=LOC_CITY_NAME_QUEBEC_CITY CompletionTurn=136 EscapeResult=-1 InitialResult=1 LevelAfter=2 LootInfo=-1 Name=LOC_CITIZEN_MAYA_MODERN_MALE_9 Operation=58 PlotIndex=1404
mission CityName=LOC_CITY_NAME_HALIFAX CompletionTurn=135 EscapeResult=-1 InitialResult=5 LevelAfter=2 LootInfo=-1 Name=LOC_CITIZEN_MAYA_MODERN_FEMALE_8 Operation=58 PlotIndex=1409
mission CityName=LOC_CITY_NAME_OTTAWA CompletionTurn=135 EscapeResult=-1 InitialResult=5 LevelAfter=4 LootInfo=-1 Name=LOC_CITIZEN_MAYA_MODERN_MALE_1 Operation=58 PlotIndex=978
mission CityName=LOC_CITY_NAME_CALGARY CompletionTurn=133 EscapeResult=2 InitialResult=4 LevelAfter=3 LootInfo=-1 Name=LOC_CITIZEN_MAYA_MALE_8 Operation=58 PlotIndex=1991
mission CityName=LOC_CITY_NAME_MONTREAL CompletionTurn=132 EscapeResult=0 InitialResult=2 LevelAfter=1 LootInfo=-1 Name=LOC_CITIZEN_MAYA_MALE_5 Operation=58 PlotIndex=1314
mission CityName=LOC_CITY_NAME_QUEBEC_CITY CompletionTurn=131 EscapeResult=-1 InitialResult=5 LevelAfter=2 LootInfo=-1 Name=LOC_CITIZEN_MAYA_MODERN_MALE_9 Operation=58 PlotIndex=1404
mission CityName=LOC_CITY_NAME_OTTAWA CompletionTurn=130 EscapeResult=-1 InitialResult=5 LevelAfter=4 LootInfo=-1 Name=LOC_CITIZEN_MAYA_MODERN_MALE_1 Operation=58 PlotIndex=978
mission CityName=LOC_CITY_NAME_CALGARY CompletionTurn=129 EscapeResult=-1 InitialResult=3 LevelAfter=2 LootInfo=-1 Name=LOC_CITIZEN_MAYA_MALE_8 Operation=58 PlotIndex=1991
mission CityName=LOC_CITY_NAME_TORONTO CompletionTurn=129 EscapeResult=2 InitialResult=4 LevelAfter=3 LootInfo=-1 Name=LOC_CITIZEN_MAYA_MODERN_FEMALE_6 Operation=58 PlotIndex=1818
mission CityName=LOC_CITY_NAME_MONTREAL CompletionTurn=127 EscapeResult=2 InitialResult=2 LevelAfter=1 LootInfo=-1 Name=LOC_CITIZEN_MAYA_MALE_2 Operation=58 PlotIndex=1314
mission CityName=LOC_CITY_NAME_OTTAWA CompletionTurn=124 EscapeResult=-1 InitialResult=5 LevelAfter=4 LootInfo=-1 Name=LOC_CITIZEN_MAYA_MODERN_MALE_1 Operation=58 PlotIndex=978
mission CityName=LOC_CITY_NAME_CALGARY CompletionTurn=123 EscapeResult=-1 InitialResult=5 LevelAfter=2 LootInfo=-1 Name=LOC_CITIZEN_MAYA_MALE_8 Operation=58 PlotIndex=1991
mission CityName=LOC_CITY_NAME_HALIFAX CompletionTurn=121 EscapeResult=2 InitialResult=4 LevelAfter=2 LootInfo=-1 Name=LOC_CITIZEN_MAYA_FEMALE_6 Operation=58 PlotIndex=1409
mission CityName=LOC_CITY_NAME_OTTAWA CompletionTurn=120 EscapeResult=-1 InitialResult=3 LevelAfter=3 LootInfo=-1 Name=LOC_CITIZEN_MAYA_MODERN_MALE_1 Operation=58 PlotIndex=978
mission CityName=LOC_CITY_NAME_MONTREAL CompletionTurn=120 EscapeResult=-1 InitialResult=0 LevelAfter=2 LootInfo=-1 Name=LOC_CITIZEN_MAYA_FEMALE_7 Operation=58 PlotIndex=1314
mission CityName=LOC_CITY_NAME_QUEBEC_CITY CompletionTurn=118 EscapeResult=1 InitialResult=2 LevelAfter=1 LootInfo=-1 Name=LOC_CITIZEN_MAYA_MODERN_FEMALE_1 Operation=58 PlotIndex=1404
mission CityName=LOC_CITY_NAME_TORONTO CompletionTurn=118 EscapeResult=2 InitialResult=4 LevelAfter=2 LootInfo=-1 Name=LOC_CITIZEN_MAYA_MODERN_FEMALE_6 Operation=58 PlotIndex=1818
mission CityName=LOC_CITY_NAME_TORONTO CompletionTurn=114 EscapeResult=-1 InitialResult=1 LevelAfter=1 LootInfo=-1 Name=LOC_CITIZEN_MAYA_FEMALE_3 Operation=58 PlotIndex=1818
mission CityName=LOC_CITY_NAME_MONTREAL CompletionTurn=114 EscapeResult=-1 InitialResult=5 LevelAfter=2 LootInfo=-1 Name=LOC_CITIZEN_MAYA_FEMALE_7 Operation=58 PlotIndex=1314
mission CityName=LOC_CITY_NAME_OTTAWA CompletionTurn=113 EscapeResult=-1 InitialResult=5 LevelAfter=3 LootInfo=-1 Name=LOC_CITIZEN_MAYA_MODERN_MALE_1 Operation=58 PlotIndex=978
mission CityName=LOC_CITY_NAME_MONTREAL CompletionTurn=110 EscapeResult=-1 InitialResult=1 LevelAfter=1 LootInfo=-1 Name=LOC_CITIZEN_MAYA_MODERN_FEMALE_7 Operation=58 PlotIndex=1314
mission CityName=LOC_CITY_NAME_OTTAWA CompletionTurn=107 EscapeResult=-1 InitialResult=5 LevelAfter=2 LootInfo=-1 Name=LOC_CITIZEN_MAYA_MODERN_MALE_1 Operation=58 PlotIndex=978
tally 3  FOMENT_UNREST CAPTURED / NO_RESULT
tally 1  FOMENT_UNREST FAIL_MUST_ESCAPE / CAPTURED
tally 1  FOMENT_UNREST FAIL_MUST_ESCAPE / FAIL_MUST_ESCAPE
tally 1  FOMENT_UNREST FAIL_MUST_ESCAPE / KILLED
tally 2  FOMENT_UNREST FAIL_UNDETECTED / NO_RESULT
tally 1  FOMENT_UNREST KILLED / NO_RESULT
tally 4  FOMENT_UNREST SUCCESS_MUST_ESCAPE / FAIL_MUST_ESCAPE
tally 9  FOMENT_UNREST SUCCESS_UNDETECTED / NO_RESULT
turn 136 spies active 4 idle 3 missions 22 captured-enemy 0
spy 2490375 LOC_CITIZEN_MAYA_MODERN_MALE_1 level 4 at 54:11 busy
spy 5373965 LOC_CITIZEN_MAYA_MODERN_FEMALE_6 level 3 at 48:10 refused
spy 4587535 LOC_CITIZEN_MAYA_FEMALE_6 level 2 at 60:16 start
spy 5111824 LOC_CITIZEN_MAYA_MODERN_FEMALE_4 level 1 at 54:21 busy
spy 5177362 LOC_CITIZEN_MAYA_MALE_2 level 1 at 48:10 busy
spy 4849684 LOC_CITIZEN_MAYA_MODERN_FEMALE_8 level 2 at 65:16 busy
spy 5505047 LOC_CITIZEN_MAYA_MODERN_MALE_4 level 1 at 54:15 start
turn 136 spies 7 started 2 travelled 0 promoted 0 bought 1 gold 50000
unblock: blocker ENDTURN_BLOCKING_PRODUCTION -> NARANJO builds UNIT_WARRIOR | end turn requested
unstuck: InGamePopup: open, no close
unblock: blocker ENDTURN_BLOCKING_FILL_CIVIC_SLOT -> nothing | end turn requested
unstuck: InGamePopup: open, no close
mission CityName=LOC_CITY_NAME_QUEBEC_CITY CompletionTurn=136 EscapeResult=-1 InitialResult=1 LevelAfter=2 LootInfo=-1 Name=LOC_CITIZEN_MAYA_MODERN_MALE_9 Operation=58 PlotIndex=1404
mission CityName=LOC_CITY_NAME_HALIFAX CompletionTurn=135 EscapeResult=-1 InitialResult=5 LevelAfter=2 LootInfo=-1 Name=LOC_CITIZEN_MAYA_MODERN_FEMALE_8 Operation=58 PlotIndex=1409
mission CityName=LOC_CITY_NAME_OTTAWA CompletionTurn=135 EscapeResult=-1 InitialResult=5 LevelAfter=4 LootInfo=-1 Name=LOC_CITIZEN_MAYA_MODERN_MALE_1 Operation=58 PlotIndex=978
mission CityName=LOC_CITY_NAME_CALGARY CompletionTurn=133 EscapeResult=2 InitialResult=4 LevelAfter=3 LootInfo=-1 Name=LOC_CITIZEN_MAYA_MALE_8 Operation=58 PlotIndex=1991
mission CityName=LOC_CITY_NAME_MONTREAL CompletionTurn=132 EscapeResult=0 InitialResult=2 LevelAfter=1 LootInfo=-1 Name=LOC_CITIZEN_MAYA_MALE_5 Operation=58 PlotIndex=1314
mission CityName=LOC_CITY_NAME_QUEBEC_CITY CompletionTurn=131 EscapeResult=-1 InitialResult=5 LevelAfter=2 LootInfo=-1 Name=LOC_CITIZEN_MAYA_MODERN_MALE_9 Operation=58 PlotIndex=1404
mission CityName=LOC_CITY_NAME_OTTAWA CompletionTurn=130 EscapeResult=-1 InitialResult=5 LevelAfter=4 LootInfo=-1 Name=LOC_CITIZEN_MAYA_MODERN_MALE_1 Operation=58 PlotIndex=978
mission CityName=LOC_CITY_NAME_CALGARY CompletionTurn=129 EscapeResult=-1 InitialResult=3 LevelAfter=2 LootInfo=-1 Name=LOC_CITIZEN_MAYA_MALE_8 Operation=58 PlotIndex=1991
mission CityName=LOC_CITY_NAME_TORONTO CompletionTurn=129 EscapeResult=2 InitialResult=4 LevelAfter=3 LootInfo=-1 Name=LOC_CITIZEN_MAYA_MODERN_FEMALE_6 Operation=58 PlotIndex=1818
mission CityName=LOC_CITY_NAME_MONTREAL CompletionTurn=127 EscapeResult=2 InitialResult=2 LevelAfter=1 LootInfo=-1 Name=LOC_CITIZEN_MAYA_MALE_2 Operation=58 PlotIndex=1314
mission CityName=LOC_CITY_NAME_OTTAWA CompletionTurn=124 EscapeResult=-1 InitialResult=5 LevelAfter=4 LootInfo=-1 Name=LOC_CITIZEN_MAYA_MODERN_MALE_1 Operation=58 PlotIndex=978
mission CityName=LOC_CITY_NAME_CALGARY CompletionTurn=123 EscapeResult=-1 InitialResult=5 LevelAfter=2 LootInfo=-1 Name=LOC_CITIZEN_MAYA_MALE_8 Operation=58 PlotIndex=1991
mission CityName=LOC_CITY_NAME_HALIFAX CompletionTurn=121 EscapeResult=2 InitialResult=4 LevelAfter=2 LootInfo=-1 Name=LOC_CITIZEN_MAYA_FEMALE_6 Operation=58 PlotIndex=1409
mission CityName=LOC_CITY_NAME_OTTAWA CompletionTurn=120 EscapeResult=-1 InitialResult=3 LevelAfter=3 LootInfo=-1 Name=LOC_CITIZEN_MAYA_MODERN_MALE_1 Operation=58 PlotIndex=978
mission CityName=LOC_CITY_NAME_MONTREAL CompletionTurn=120 EscapeResult=-1 InitialResult=0 LevelAfter=2 LootInfo=-1 Name=LOC_CITIZEN_MAYA_FEMALE_7 Operation=58 PlotIndex=1314
mission CityName=LOC_CITY_NAME_QUEBEC_CITY CompletionTurn=118 EscapeResult=1 InitialResult=2 LevelAfter=1 LootInfo=-1 Name=LOC_CITIZEN_MAYA_MODERN_FEMALE_1 Operation=58 PlotIndex=1404
mission CityName=LOC_CITY_NAME_TORONTO CompletionTurn=118 EscapeResult=2 InitialResult=4 LevelAfter=2 LootInfo=-1 Name=LOC_CITIZEN_MAYA_MODERN_FEMALE_6 Operation=58 PlotIndex=1818
mission CityName=LOC_CITY_NAME_TORONTO CompletionTurn=114 EscapeResult=-1 InitialResult=1 LevelAfter=1 LootInfo=-1 Name=LOC_CITIZEN_MAYA_FEMALE_3 Operation=58 PlotIndex=1818
mission CityName=LOC_CITY_NAME_MONTREAL CompletionTurn=114 EscapeResult=-1 InitialResult=5 LevelAfter=2 LootInfo=-1 Name=LOC_CITIZEN_MAYA_FEMALE_7 Operation=58 PlotIndex=1314
mission CityName=LOC_CITY_NAME_OTTAWA CompletionTurn=113 EscapeResult=-1 InitialResult=5 LevelAfter=3 LootInfo=-1 Name=LOC_CITIZEN_MAYA_MODERN_MALE_1 Operation=58 PlotIndex=978
mission CityName=LOC_CITY_NAME_MONTREAL CompletionTurn=110 EscapeResult=-1 InitialResult=1 LevelAfter=1 LootInfo=-1 Name=LOC_CITIZEN_MAYA_MODERN_FEMALE_7 Operation=58 PlotIndex=1314
mission CityName=LOC_CITY_NAME_OTTAWA CompletionTurn=107 EscapeResult=-1 InitialResult=5 LevelAfter=2 LootInfo=-1 Name=LOC_CITIZEN_MAYA_MODERN_MALE_1 Operation=58 PlotIndex=978
tally 3  FOMENT_UNREST CAPTURED / NO_RESULT
tally 1  FOMENT_UNREST FAIL_MUST_ESCAPE / CAPTURED
tally 1  FOMENT_UNREST FAIL_MUST_ESCAPE / FAIL_MUST_ESCAPE
tally 1  FOMENT_UNREST FAIL_MUST_ESCAPE / KILLED
tally 2  FOMENT_UNREST FAIL_UNDETECTED / NO_RESULT
tally 1  FOMENT_UNREST KILLED / NO_RESULT
tally 4  FOMENT_UNREST SUCCESS_MUST_ESCAPE / FAIL_MUST_ESCAPE
tally 9  FOMENT_UNREST SUCCESS_UNDETECTED / NO_RESULT
turn 136 spies active 5 idle 3 missions 22 captured-enemy 0
spy 2490375 LOC_CITIZEN_MAYA_MODERN_MALE_1 level 4 at 54:11 busy
spy 5373965 LOC_CITIZEN_MAYA_MODERN_FEMALE_6 level 3 at 48:10 refused
spy 4587535 LOC_CITIZEN_MAYA_FEMALE_6 level 2 at 60:16 busy
spy 5111824 LOC_CITIZEN_MAYA_MODERN_FEMALE_4 level 1 at 54:21 busy
spy 5177362 LOC_CITIZEN_MAYA_MALE_2 level 1 at 48:10 busy
spy 4849684 LOC_CITIZEN_MAYA_MODERN_FEMALE_8 level 2 at 65:16 start
spy 5636118 LOC_CITIZEN_MAYA_FEMALE_1 level 1 at 36:42 notarget
spy 5505047 LOC_CITIZEN_MAYA_MODERN_MALE_4 level 1 at 54:15 busy
turn 136 spies 8 started 1 travelled 0 promoted 0 bought 0 gold 47300
unblock: blocker ENDTURN_BLOCKING_FILL_CIVIC_SLOT -> nothing | end turn requested
unstuck: InGamePopup: open, no close
unblock: blocker ENDTURN_BLOCKING_FILL_CIVIC_SLOT -> nothing | end turn requested
unstuck: InGamePopup: open, no close
unblock: blocker ENDTURN_BLOCKING_FILL_CIVIC_SLOT -> nothing | end turn requested
unstuck: InGamePopup: open, no close
unblock: blocker ENDTURN_BLOCKING_FILL_CIVIC_SLOT -> nothing | end turn requested
unstuck: InGamePopup: open, no close
unblock: blocker ENDTURN_BLOCKING_FILL_CIVIC_SLOT -> nothing | end turn requested
unstuck: InGamePopup: open, no close
unblock: blocker ENDTURN_BLOCKING_FILL_CIVIC_SLOT -> nothing | end turn requested
unstuck: InGamePopup: open, no close
unblock: blocker ENDTURN_BLOCKING_FILL_CIVIC_SLOT -> nothing | end turn requested
unstuck: InGamePopup: open, no close
unblock: blocker ENDTURN_BLOCKING_FILL_CIVIC_SLOT -> nothing | end turn requested
unstuck: InGamePopup: open, no close
unblock: blocker ENDTURN_BLOCKING_FILL_CIVIC_SLOT -> nothing | end turn requested
unstuck: InGamePopup: open, no close
unblock: blocker ENDTURN_BLOCKING_FILL_CIVIC_SLOT -> nothing | end turn requested
unstuck: InGamePopup: open, no close
unblock: blocker ENDTURN_BLOCKING_FILL_CIVIC_SLOT -> nothing | end turn requested
unstuck: closed sessions [1:1]
unstuck: DiplomacyActionView: Closing Diplomacy Action View. m_eventID: 2730955
unstuck: InGamePopup: open, no close
mission CityName=LOC_CITY_NAME_VICTORIA CompletionTurn=138 EscapeResult=-1 InitialResult=4 LevelAfter=2 LootInfo=-1 Name=LOC_CITIZEN_MAYA_MALE_2 Operation=58 PlotIndex=888
mission CityName=LOC_CITY_NAME_TORONTO CompletionTurn=137 EscapeResult=-1 InitialResult=5 LevelAfter=2 LootInfo=-1 Name=LOC_CITIZEN_MAYA_MODERN_FEMALE_4 Operation=58 PlotIndex=1818
mission CityName=LOC_CITY_NAME_QUEBEC_CITY CompletionTurn=136 EscapeResult=-1 InitialResult=1 LevelAfter=2 LootInfo=-1 Name=LOC_CITIZEN_MAYA_MODERN_MALE_9 Operation=58 PlotIndex=1404
mission CityName=LOC_CITY_NAME_HALIFAX CompletionTurn=135 EscapeResult=-1 InitialResult=5 LevelAfter=2 LootInfo=-1 Name=LOC_CITIZEN_MAYA_MODERN_FEMALE_8 Operation=58 PlotIndex=1409
mission CityName=LOC_CITY_NAME_OTTAWA CompletionTurn=135 EscapeResult=-1 InitialResult=5 LevelAfter=4 LootInfo=-1 Name=LOC_CITIZEN_MAYA_MODERN_MALE_1 Operation=58 PlotIndex=978
mission CityName=LOC_CITY_NAME_CALGARY CompletionTurn=133 EscapeResult=2 InitialResult=4 LevelAfter=3 LootInfo=-1 Name=LOC_CITIZEN_MAYA_MALE_8 Operation=58 PlotIndex=1991
mission CityName=LOC_CITY_NAME_MONTREAL CompletionTurn=132 EscapeResult=0 InitialResult=2 LevelAfter=1 LootInfo=-1 Name=LOC_CITIZEN_MAYA_MALE_5 Operation=58 PlotIndex=1314
mission CityName=LOC_CITY_NAME_QUEBEC_CITY CompletionTurn=131 EscapeResult=-1 InitialResult=5 LevelAfter=2 LootInfo=-1 Name=LOC_CITIZEN_MAYA_MODERN_MALE_9 Operation=58 PlotIndex=1404
mission CityName=LOC_CITY_NAME_OTTAWA CompletionTurn=130 EscapeResult=-1 InitialResult=5 LevelAfter=4 LootInfo=-1 Name=LOC_CITIZEN_MAYA_MODERN_MALE_1 Operation=58 PlotIndex=978
mission CityName=LOC_CITY_NAME_CALGARY CompletionTurn=129 EscapeResult=-1 InitialResult=3 LevelAfter=2 LootInfo=-1 Name=LOC_CITIZEN_MAYA_MALE_8 Operation=58 PlotIndex=1991
mission CityName=LOC_CITY_NAME_TORONTO CompletionTurn=129 EscapeResult=2 InitialResult=4 LevelAfter=3 LootInfo=-1 Name=LOC_CITIZEN_MAYA_MODERN_FEMALE_6 Operation=58 PlotIndex=1818
mission CityName=LOC_CITY_NAME_MONTREAL CompletionTurn=127 EscapeResult=2 InitialResult=2 LevelAfter=1 LootInfo=-1 Name=LOC_CITIZEN_MAYA_MALE_2 Operation=58 PlotIndex=1314
mission CityName=LOC_CITY_NAME_OTTAWA CompletionTurn=124 EscapeResult=-1 InitialResult=5 LevelAfter=4 LootInfo=-1 Name=LOC_CITIZEN_MAYA_MODERN_MALE_1 Operation=58 PlotIndex=978
mission CityName=LOC_CITY_NAME_CALGARY CompletionTurn=123 EscapeResult=-1 InitialResult=5 LevelAfter=2 LootInfo=-1 Name=LOC_CITIZEN_MAYA_MALE_8 Operation=58 PlotIndex=1991
mission CityName=LOC_CITY_NAME_HALIFAX CompletionTurn=121 EscapeResult=2 InitialResult=4 LevelAfter=2 LootInfo=-1 Name=LOC_CITIZEN_MAYA_FEMALE_6 Operation=58 PlotIndex=1409
mission CityName=LOC_CITY_NAME_OTTAWA CompletionTurn=120 EscapeResult=-1 InitialResult=3 LevelAfter=3 LootInfo=-1 Name=LOC_CITIZEN_MAYA_MODERN_MALE_1 Operation=58 PlotIndex=978
mission CityName=LOC_CITY_NAME_MONTREAL CompletionTurn=120 EscapeResult=-1 InitialResult=0 LevelAfter=2 LootInfo=-1 Name=LOC_CITIZEN_MAYA_FEMALE_7 Operation=58 PlotIndex=1314
mission CityName=LOC_CITY_NAME_QUEBEC_CITY CompletionTurn=118 EscapeResult=1 InitialResult=2 LevelAfter=1 LootInfo=-1 Name=LOC_CITIZEN_MAYA_MODERN_FEMALE_1 Operation=58 PlotIndex=1404
mission CityName=LOC_CITY_NAME_TORONTO CompletionTurn=118 EscapeResult=2 InitialResult=4 LevelAfter=2 LootInfo=-1 Name=LOC_CITIZEN_MAYA_MODERN_FEMALE_6 Operation=58 PlotIndex=1818
mission CityName=LOC_CITY_NAME_TORONTO CompletionTurn=114 EscapeResult=-1 InitialResult=1 LevelAfter=1 LootInfo=-1 Name=LOC_CITIZEN_MAYA_FEMALE_3 Operation=58 PlotIndex=1818
mission CityName=LOC_CITY_NAME_MONTREAL CompletionTurn=114 EscapeResult=-1 InitialResult=5 LevelAfter=2 LootInfo=-1 Name=LOC_CITIZEN_MAYA_FEMALE_7 Operation=58 PlotIndex=1314
mission CityName=LOC_CITY_NAME_OTTAWA CompletionTurn=113 EscapeResult=-1 InitialResult=5 LevelAfter=3 LootInfo=-1 Name=LOC_CITIZEN_MAYA_MODERN_MALE_1 Operation=58 PlotIndex=978
mission CityName=LOC_CITY_NAME_MONTREAL CompletionTurn=110 EscapeResult=-1 InitialResult=1 LevelAfter=1 LootInfo=-1 Name=LOC_CITIZEN_MAYA_MODERN_FEMALE_7 Operation=58 PlotIndex=1314
mission CityName=LOC_CITY_NAME_OTTAWA CompletionTurn=107 EscapeResult=-1 InitialResult=5 LevelAfter=2 LootInfo=-1 Name=LOC_CITIZEN_MAYA_MODERN_MALE_1 Operation=58 PlotIndex=978
tally 3  FOMENT_UNREST CAPTURED / NO_RESULT
tally 1  FOMENT_UNREST FAIL_MUST_ESCAPE / CAPTURED
tally 1  FOMENT_UNREST FAIL_MUST_ESCAPE / FAIL_MUST_ESCAPE
tally 1  FOMENT_UNREST FAIL_MUST_ESCAPE / KILLED
tally 2  FOMENT_UNREST FAIL_UNDETECTED / NO_RESULT
tally 1  FOMENT_UNREST KILLED / NO_RESULT
tally 4  FOMENT_UNREST SUCCESS_MUST_ESCAPE / FAIL_MUST_ESCAPE
tally 1  FOMENT_UNREST SUCCESS_MUST_ESCAPE / NO_RESULT
tally 10  FOMENT_UNREST SUCCESS_UNDETECTED / NO_RESULT
turn 138 spies active 4 idle 5 missions 24 captured-enemy 0
spy 2490375 LOC_CITIZEN_MAYA_MODERN_MALE_1 level 4 at 54:11 busy
spy 5701641 LOC_CITIZEN_MAYA_MALE_8 level 3 at 59:23 start
spy 5373965 LOC_CITIZEN_MAYA_MODERN_FEMALE_6 level 3 at 48:10 refused
spy 4587535 LOC_CITIZEN_MAYA_FEMALE_6 level 2 at 60:16 busy
spy 5111824 LOC_CITIZEN_MAYA_MODERN_FEMALE_4 level 1 at 54:21 start
spy 5177362 LOC_CITIZEN_MAYA_MALE_2 level 1 at 48:10 busy
spy 4849684 LOC_CITIZEN_MAYA_MODERN_FEMALE_8 level 2 at 65:16 start
spy 5767189 LOC_CITIZEN_MAYA_MODERN_FEMALE_3 level 1 at 54:15 refused
spy 5636118 LOC_CITIZEN_MAYA_FEMALE_1 level 1 at 36:42 travel
spy 5505047 LOC_CITIZEN_MAYA_MODERN_MALE_4 level 1 at 54:15 busy
turn 138 spies 10 started 3 travelled 1 promoted 2 bought 0 gold 50000
unblock: blocker ENDTURN_BLOCKING_SPY_CHOOSE_ESCAPE_ROUTE -> escape route DISTRICT_CITY_CENTER of 1 for spy 5177362 LOC_CITIZEN_MAYA_MALE_2 level 2 turn 138 city LOC_CITY_NAME_VICTORIA p1 at 48:10 pursuer police | end turn requested
unstuck: InGamePopup: open, no close
unstuck: TechCivicCompletedPopup: closed
unblock: blocker ENDTURN_BLOCKING_RESEARCH -> research TECH_APPRENTICESHIP | end turn requested
unstuck: closed sessions [2:2]
unstuck: DiplomacyActionView: Closing Diplomacy Action View. m_eventID: 2740676
unstuck: InGamePopup: open, no close
mission CityName=LOC_CITY_NAME_OTTAWA CompletionTurn=139 EscapeResult=-1 InitialResult=5 LevelAfter=4 LootInfo=-1 Name=LOC_CITIZEN_MAYA_MODERN_MALE_1 Operation=58 PlotIndex=978
mission CityName=LOC_CITY_NAME_VICTORIA CompletionTurn=138 EscapeResult=1 InitialResult=4 LevelAfter=2 LootInfo=-1 Name=LOC_CITIZEN_MAYA_MALE_2 Operation=58 PlotIndex=888
mission CityName=LOC_CITY_NAME_TORONTO CompletionTurn=137 EscapeResult=-1 InitialResult=5 LevelAfter=2 LootInfo=-1 Name=LOC_CITIZEN_MAYA_MODERN_FEMALE_4 Operation=58 PlotIndex=1818
mission CityName=LOC_CITY_NAME_QUEBEC_CITY CompletionTurn=136 EscapeResult=-1 InitialResult=1 LevelAfter=2 LootInfo=-1 Name=LOC_CITIZEN_MAYA_MODERN_MALE_9 Operation=58 PlotIndex=1404
mission CityName=LOC_CITY_NAME_HALIFAX CompletionTurn=135 EscapeResult=-1 InitialResult=5 LevelAfter=2 LootInfo=-1 Name=LOC_CITIZEN_MAYA_MODERN_FEMALE_8 Operation=58 PlotIndex=1409
mission CityName=LOC_CITY_NAME_OTTAWA CompletionTurn=135 EscapeResult=-1 InitialResult=5 LevelAfter=4 LootInfo=-1 Name=LOC_CITIZEN_MAYA_MODERN_MALE_1 Operation=58 PlotIndex=978
mission CityName=LOC_CITY_NAME_CALGARY CompletionTurn=133 EscapeResult=2 InitialResult=4 LevelAfter=3 LootInfo=-1 Name=LOC_CITIZEN_MAYA_MALE_8 Operation=58 PlotIndex=1991
mission CityName=LOC_CITY_NAME_MONTREAL CompletionTurn=132 EscapeResult=0 InitialResult=2 LevelAfter=1 LootInfo=-1 Name=LOC_CITIZEN_MAYA_MALE_5 Operation=58 PlotIndex=1314
mission CityName=LOC_CITY_NAME_QUEBEC_CITY CompletionTurn=131 EscapeResult=-1 InitialResult=5 LevelAfter=2 LootInfo=-1 Name=LOC_CITIZEN_MAYA_MODERN_MALE_9 Operation=58 PlotIndex=1404
mission CityName=LOC_CITY_NAME_OTTAWA CompletionTurn=130 EscapeResult=-1 InitialResult=5 LevelAfter=4 LootInfo=-1 Name=LOC_CITIZEN_MAYA_MODERN_MALE_1 Operation=58 PlotIndex=978
mission CityName=LOC_CITY_NAME_CALGARY CompletionTurn=129 EscapeResult=-1 InitialResult=3 LevelAfter=2 LootInfo=-1 Name=LOC_CITIZEN_MAYA_MALE_8 Operation=58 PlotIndex=1991
mission CityName=LOC_CITY_NAME_TORONTO CompletionTurn=129 EscapeResult=2 InitialResult=4 LevelAfter=3 LootInfo=-1 Name=LOC_CITIZEN_MAYA_MODERN_FEMALE_6 Operation=58 PlotIndex=1818
mission CityName=LOC_CITY_NAME_MONTREAL CompletionTurn=127 EscapeResult=2 InitialResult=2 LevelAfter=1 LootInfo=-1 Name=LOC_CITIZEN_MAYA_MALE_2 Operation=58 PlotIndex=1314
mission CityName=LOC_CITY_NAME_OTTAWA CompletionTurn=124 EscapeResult=-1 InitialResult=5 LevelAfter=4 LootInfo=-1 Name=LOC_CITIZEN_MAYA_MODERN_MALE_1 Operation=58 PlotIndex=978
mission CityName=LOC_CITY_NAME_CALGARY CompletionTurn=123 EscapeResult=-1 InitialResult=5 LevelAfter=2 LootInfo=-1 Name=LOC_CITIZEN_MAYA_MALE_8 Operation=58 PlotIndex=1991
mission CityName=LOC_CITY_NAME_HALIFAX CompletionTurn=121 EscapeResult=2 InitialResult=4 LevelAfter=2 LootInfo=-1 Name=LOC_CITIZEN_MAYA_FEMALE_6 Operation=58 PlotIndex=1409
mission CityName=LOC_CITY_NAME_OTTAWA CompletionTurn=120 EscapeResult=-1 InitialResult=3 LevelAfter=3 LootInfo=-1 Name=LOC_CITIZEN_MAYA_MODERN_MALE_1 Operation=58 PlotIndex=978
mission CityName=LOC_CITY_NAME_MONTREAL CompletionTurn=120 EscapeResult=-1 InitialResult=0 LevelAfter=2 LootInfo=-1 Name=LOC_CITIZEN_MAYA_FEMALE_7 Operation=58 PlotIndex=1314
mission CityName=LOC_CITY_NAME_QUEBEC_CITY CompletionTurn=118 EscapeResult=1 InitialResult=2 LevelAfter=1 LootInfo=-1 Name=LOC_CITIZEN_MAYA_MODERN_FEMALE_1 Operation=58 PlotIndex=1404
mission CityName=LOC_CITY_NAME_TORONTO CompletionTurn=118 EscapeResult=2 InitialResult=4 LevelAfter=2 LootInfo=-1 Name=LOC_CITIZEN_MAYA_MODERN_FEMALE_6 Operation=58 PlotIndex=1818
mission CityName=LOC_CITY_NAME_TORONTO CompletionTurn=114 EscapeResult=-1 InitialResult=1 LevelAfter=1 LootInfo=-1 Name=LOC_CITIZEN_MAYA_FEMALE_3 Operation=58 PlotIndex=1818
mission CityName=LOC_CITY_NAME_MONTREAL CompletionTurn=114 EscapeResult=-1 InitialResult=5 LevelAfter=2 LootInfo=-1 Name=LOC_CITIZEN_MAYA_FEMALE_7 Operation=58 PlotIndex=1314
mission CityName=LOC_CITY_NAME_OTTAWA CompletionTurn=113 EscapeResult=-1 InitialResult=5 LevelAfter=3 LootInfo=-1 Name=LOC_CITIZEN_MAYA_MODERN_MALE_1 Operation=58 PlotIndex=978
mission CityName=LOC_CITY_NAME_MONTREAL CompletionTurn=110 EscapeResult=-1 InitialResult=1 LevelAfter=1 LootInfo=-1 Name=LOC_CITIZEN_MAYA_MODERN_FEMALE_7 Operation=58 PlotIndex=1314
mission CityName=LOC_CITY_NAME_OTTAWA CompletionTurn=107 EscapeResult=-1 InitialResult=5 LevelAfter=2 LootInfo=-1 Name=LOC_CITIZEN_MAYA_MODERN_MALE_1 Operation=58 PlotIndex=978
tally 3  FOMENT_UNREST CAPTURED / NO_RESULT
tally 1  FOMENT_UNREST FAIL_MUST_ESCAPE / CAPTURED
tally 1  FOMENT_UNREST FAIL_MUST_ESCAPE / FAIL_MUST_ESCAPE
tally 1  FOMENT_UNREST FAIL_MUST_ESCAPE / KILLED
tally 2  FOMENT_UNREST FAIL_UNDETECTED / NO_RESULT
tally 1  FOMENT_UNREST KILLED / NO_RESULT
tally 1  FOMENT_UNREST SUCCESS_MUST_ESCAPE / CAPTURED
tally 4  FOMENT_UNREST SUCCESS_MUST_ESCAPE / FAIL_MUST_ESCAPE
tally 11  FOMENT_UNREST SUCCESS_UNDETECTED / NO_RESULT
turn 139 spies active 6 idle 2 missions 25 captured-enemy 0
spy 2490375 LOC_CITIZEN_MAYA_MODERN_MALE_1 level 4 at 54:11 start
spy 5701641 LOC_CITIZEN_MAYA_MALE_8 level 3 at 59:23 busy
spy 5373965 LOC_CITIZEN_MAYA_MODERN_FEMALE_6 level 3 at 48:10 start
spy 4587535 LOC_CITIZEN_MAYA_FEMALE_6 level 2 at 60:16 busy
spy 5111824 LOC_CITIZEN_MAYA_MODERN_FEMALE_4 level 2 at 54:21 busy
spy 4849684 LOC_CITIZEN_MAYA_MODERN_FEMALE_8 level 2 at 65:16 busy
spy 5767189 LOC_CITIZEN_MAYA_MODERN_FEMALE_3 level 1 at 54:15 refused
spy 5505047 LOC_CITIZEN_MAYA_MODERN_MALE_4 level 1 at 54:15 busy
turn 139 spies 8 started 2 travelled 0 promoted 0 bought 1 gold 50000
unblock: blocker ENDTURN_BLOCKING_RESEARCH -> research TECH_APPRENTICESHIP | end turn requested
unstuck: InGamePopup: open, no close
unblock: blocker ENDTURN_BLOCKING_PRODUCTION -> NARANJO builds UNIT_WARRIOR | end turn requested
unstuck: InGamePopup: open, no close
unblock: blocker ENDTURN_BLOCKING_FILL_CIVIC_SLOT -> nothing | end turn requested
unstuck: closed sessions [3:3]
unstuck: DiplomacyActionView: Closing Diplomacy Action View. m_eventID: 2750709
unstuck: InGamePopup: open, no close
mission CityName=LOC_CITY_NAME_MONTREAL CompletionTurn=140 EscapeResult=-1 InitialResult=5 LevelAfter=2 LootInfo=-1 Name=LOC_CITIZEN_MAYA_MODERN_MALE_4 Operation=58 PlotIndex=1314
mission CityName=LOC_CITY_NAME_QUEBEC_CITY CompletionTurn=140 EscapeResult=-1 InitialResult=4 LevelAfter=3 LootInfo=-1 Name=LOC_CITIZEN_MAYA_FEMALE_6 Operation=58 PlotIndex=1404
mission CityName=LOC_CITY_NAME_OTTAWA CompletionTurn=139 EscapeResult=-1 InitialResult=5 LevelAfter=4 LootInfo=-1 Name=LOC_CITIZEN_MAYA_MODERN_MALE_1 Operation=58 PlotIndex=978
mission CityName=LOC_CITY_NAME_VICTORIA CompletionTurn=138 EscapeResult=1 InitialResult=4 LevelAfter=2 LootInfo=-1 Name=LOC_CITIZEN_MAYA_MALE_2 Operation=58 PlotIndex=888
mission CityName=LOC_CITY_NAME_TORONTO CompletionTurn=137 EscapeResult=-1 InitialResult=5 LevelAfter=2 LootInfo=-1 Name=LOC_CITIZEN_MAYA_MODERN_FEMALE_4 Operation=58 PlotIndex=1818
mission CityName=LOC_CITY_NAME_QUEBEC_CITY CompletionTurn=136 EscapeResult=-1 InitialResult=1 LevelAfter=2 LootInfo=-1 Name=LOC_CITIZEN_MAYA_MODERN_MALE_9 Operation=58 PlotIndex=1404
mission CityName=LOC_CITY_NAME_HALIFAX CompletionTurn=135 EscapeResult=-1 InitialResult=5 LevelAfter=2 LootInfo=-1 Name=LOC_CITIZEN_MAYA_MODERN_FEMALE_8 Operation=58 PlotIndex=1409
mission CityName=LOC_CITY_NAME_OTTAWA CompletionTurn=135 EscapeResult=-1 InitialResult=5 LevelAfter=4 LootInfo=-1 Name=LOC_CITIZEN_MAYA_MODERN_MALE_1 Operation=58 PlotIndex=978
mission CityName=LOC_CITY_NAME_CALGARY CompletionTurn=133 EscapeResult=2 InitialResult=4 LevelAfter=3 LootInfo=-1 Name=LOC_CITIZEN_MAYA_MALE_8 Operation=58 PlotIndex=1991
mission CityName=LOC_CITY_NAME_MONTREAL CompletionTurn=132 EscapeResult=0 InitialResult=2 LevelAfter=1 LootInfo=-1 Name=LOC_CITIZEN_MAYA_MALE_5 Operation=58 PlotIndex=1314
mission CityName=LOC_CITY_NAME_QUEBEC_CITY CompletionTurn=131 EscapeResult=-1 InitialResult=5 LevelAfter=2 LootInfo=-1 Name=LOC_CITIZEN_MAYA_MODERN_MALE_9 Operation=58 PlotIndex=1404
mission CityName=LOC_CITY_NAME_OTTAWA CompletionTurn=130 EscapeResult=-1 InitialResult=5 LevelAfter=4 LootInfo=-1 Name=LOC_CITIZEN_MAYA_MODERN_MALE_1 Operation=58 PlotIndex=978
mission CityName=LOC_CITY_NAME_CALGARY CompletionTurn=129 EscapeResult=-1 InitialResult=3 LevelAfter=2 LootInfo=-1 Name=LOC_CITIZEN_MAYA_MALE_8 Operation=58 PlotIndex=1991
mission CityName=LOC_CITY_NAME_TORONTO CompletionTurn=129 EscapeResult=2 InitialResult=4 LevelAfter=3 LootInfo=-1 Name=LOC_CITIZEN_MAYA_MODERN_FEMALE_6 Operation=58 PlotIndex=1818
mission CityName=LOC_CITY_NAME_MONTREAL CompletionTurn=127 EscapeResult=2 InitialResult=2 LevelAfter=1 LootInfo=-1 Name=LOC_CITIZEN_MAYA_MALE_2 Operation=58 PlotIndex=1314
mission CityName=LOC_CITY_NAME_OTTAWA CompletionTurn=124 EscapeResult=-1 InitialResult=5 LevelAfter=4 LootInfo=-1 Name=LOC_CITIZEN_MAYA_MODERN_MALE_1 Operation=58 PlotIndex=978
mission CityName=LOC_CITY_NAME_CALGARY CompletionTurn=123 EscapeResult=-1 InitialResult=5 LevelAfter=2 LootInfo=-1 Name=LOC_CITIZEN_MAYA_MALE_8 Operation=58 PlotIndex=1991
mission CityName=LOC_CITY_NAME_HALIFAX CompletionTurn=121 EscapeResult=2 InitialResult=4 LevelAfter=2 LootInfo=-1 Name=LOC_CITIZEN_MAYA_FEMALE_6 Operation=58 PlotIndex=1409
mission CityName=LOC_CITY_NAME_OTTAWA CompletionTurn=120 EscapeResult=-1 InitialResult=3 LevelAfter=3 LootInfo=-1 Name=LOC_CITIZEN_MAYA_MODERN_MALE_1 Operation=58 PlotIndex=978
mission CityName=LOC_CITY_NAME_MONTREAL CompletionTurn=120 EscapeResult=-1 InitialResult=0 LevelAfter=2 LootInfo=-1 Name=LOC_CITIZEN_MAYA_FEMALE_7 Operation=58 PlotIndex=1314
mission CityName=LOC_CITY_NAME_QUEBEC_CITY CompletionTurn=118 EscapeResult=1 InitialResult=2 LevelAfter=1 LootInfo=-1 Name=LOC_CITIZEN_MAYA_MODERN_FEMALE_1 Operation=58 PlotIndex=1404
mission CityName=LOC_CITY_NAME_TORONTO CompletionTurn=118 EscapeResult=2 InitialResult=4 LevelAfter=2 LootInfo=-1 Name=LOC_CITIZEN_MAYA_MODERN_FEMALE_6 Operation=58 PlotIndex=1818
mission CityName=LOC_CITY_NAME_TORONTO CompletionTurn=114 EscapeResult=-1 InitialResult=1 LevelAfter=1 LootInfo=-1 Name=LOC_CITIZEN_MAYA_FEMALE_3 Operation=58 PlotIndex=1818
mission CityName=LOC_CITY_NAME_MONTREAL CompletionTurn=114 EscapeResult=-1 InitialResult=5 LevelAfter=2 LootInfo=-1 Name=LOC_CITIZEN_MAYA_FEMALE_7 Operation=58 PlotIndex=1314
mission CityName=LOC_CITY_NAME_OTTAWA CompletionTurn=113 EscapeResult=-1 InitialResult=5 LevelAfter=3 LootInfo=-1 Name=LOC_CITIZEN_MAYA_MODERN_MALE_1 Operation=58 PlotIndex=978
mission CityName=LOC_CITY_NAME_MONTREAL CompletionTurn=110 EscapeResult=-1 InitialResult=1 LevelAfter=1 LootInfo=-1 Name=LOC_CITIZEN_MAYA_MODERN_FEMALE_7 Operation=58 PlotIndex=1314
mission CityName=LOC_CITY_NAME_OTTAWA CompletionTurn=107 EscapeResult=-1 InitialResult=5 LevelAfter=2 LootInfo=-1 Name=LOC_CITIZEN_MAYA_MODERN_MALE_1 Operation=58 PlotIndex=978
tally 3  FOMENT_UNREST CAPTURED / NO_RESULT
tally 1  FOMENT_UNREST FAIL_MUST_ESCAPE / CAPTURED
tally 1  FOMENT_UNREST FAIL_MUST_ESCAPE / FAIL_MUST_ESCAPE
tally 1  FOMENT_UNREST FAIL_MUST_ESCAPE / KILLED
tally 2  FOMENT_UNREST FAIL_UNDETECTED / NO_RESULT
tally 1  FOMENT_UNREST KILLED / NO_RESULT
tally 1  FOMENT_UNREST SUCCESS_MUST_ESCAPE / CAPTURED
tally 4  FOMENT_UNREST SUCCESS_MUST_ESCAPE / FAIL_MUST_ESCAPE
tally 1  FOMENT_UNREST SUCCESS_MUST_ESCAPE / NO_RESULT
tally 12  FOMENT_UNREST SUCCESS_UNDETECTED / NO_RESULT
turn 140 spies active 6 idle 3 missions 27 captured-enemy 0
spy 2490375 LOC_CITIZEN_MAYA_MODERN_MALE_1 level 4 at 54:11 busy
spy 5701641 LOC_CITIZEN_MAYA_MALE_8 level 3 at 59:23 busy
spy 5373965 LOC_CITIZEN_MAYA_MODERN_FEMALE_6 level 3 at 48:10 busy
spy 4587535 LOC_CITIZEN_MAYA_FEMALE_6 level 2 at 60:16 busy
spy 5111824 LOC_CITIZEN_MAYA_MODERN_FEMALE_4 level 2 at 54:21 start
spy 4849684 LOC_CITIZEN_MAYA_MODERN_FEMALE_8 level 2 at 65:16 busy
spy 5767189 LOC_CITIZEN_MAYA_MODERN_FEMALE_3 level 1 at 54:15 start
spy 5898262 LOC_CITIZEN_MAYA_FEMALE_8 level 1 at 36:42 travel
spy 5505047 LOC_CITIZEN_MAYA_MODERN_MALE_4 level 1 at 54:15 start
turn 140 spies 9 started 3 travelled 1 promoted 2 bought 0 gold 50000
unblock: blocker ENDTURN_BLOCKING_SPY_CHOOSE_ESCAPE_ROUTE -> escape route DISTRICT_CITY_CENTER of 2 for spy 4587535 LOC_CITIZEN_MAYA_FEMALE_6 level 3 turn 140 city LOC_CITY_NAME_QUEBEC_CITY p1 at 60:16 pursuer police | end turn requested
unstuck: InGamePopup: open, no close
unblock: blocker ENDTURN_BLOCKING_PRODUCTION -> NARANJO builds UNIT_WARRIOR | end turn requested
unstuck: closed sessions [6:6]
unstuck: DiplomacyActionView: Closing Diplomacy Action View. m_eventID: 2762933
unstuck: InGamePopup: open, no close
mission CityName=LOC_CITY_NAME_MONTREAL CompletionTurn=141 EscapeResult=-1 InitialResult=1 LevelAfter=2 LootInfo=-1 Name=LOC_CITIZEN_MAYA_MODERN_MALE_4 Operation=58 PlotIndex=1314
mission CityName=LOC_CITY_NAME_MONTREAL CompletionTurn=140 EscapeResult=-1 InitialResult=5 LevelAfter=2 LootInfo=-1 Name=LOC_CITIZEN_MAYA_MODERN_MALE_4 Operation=58 PlotIndex=1314
mission CityName=LOC_CITY_NAME_QUEBEC_CITY CompletionTurn=140 EscapeResult=2 InitialResult=4 LevelAfter=3 LootInfo=-1 Name=LOC_CITIZEN_MAYA_FEMALE_6 Operation=58 PlotIndex=1404
mission CityName=LOC_CITY_NAME_OTTAWA CompletionTurn=139 EscapeResult=-1 InitialResult=5 LevelAfter=4 LootInfo=-1 Name=LOC_CITIZEN_MAYA_MODERN_MALE_1 Operation=58 PlotIndex=978
mission CityName=LOC_CITY_NAME_VICTORIA CompletionTurn=138 EscapeResult=1 InitialResult=4 LevelAfter=2 LootInfo=-1 Name=LOC_CITIZEN_MAYA_MALE_2 Operation=58 PlotIndex=888
mission CityName=LOC_CITY_NAME_TORONTO CompletionTurn=137 EscapeResult=-1 InitialResult=5 LevelAfter=2 LootInfo=-1 Name=LOC_CITIZEN_MAYA_MODERN_FEMALE_4 Operation=58 PlotIndex=1818
mission CityName=LOC_CITY_NAME_QUEBEC_CITY CompletionTurn=136 EscapeResult=-1 InitialResult=1 LevelAfter=2 LootInfo=-1 Name=LOC_CITIZEN_MAYA_MODERN_MALE_9 Operation=58 PlotIndex=1404
mission CityName=LOC_CITY_NAME_HALIFAX CompletionTurn=135 EscapeResult=-1 InitialResult=5 LevelAfter=2 LootInfo=-1 Name=LOC_CITIZEN_MAYA_MODERN_FEMALE_8 Operation=58 PlotIndex=1409
mission CityName=LOC_CITY_NAME_OTTAWA CompletionTurn=135 EscapeResult=-1 InitialResult=5 LevelAfter=4 LootInfo=-1 Name=LOC_CITIZEN_MAYA_MODERN_MALE_1 Operation=58 PlotIndex=978
mission CityName=LOC_CITY_NAME_CALGARY CompletionTurn=133 EscapeResult=2 InitialResult=4 LevelAfter=3 LootInfo=-1 Name=LOC_CITIZEN_MAYA_MALE_8 Operation=58 PlotIndex=1991
mission CityName=LOC_CITY_NAME_MONTREAL CompletionTurn=132 EscapeResult=0 InitialResult=2 LevelAfter=1 LootInfo=-1 Name=LOC_CITIZEN_MAYA_MALE_5 Operation=58 PlotIndex=1314
mission CityName=LOC_CITY_NAME_QUEBEC_CITY CompletionTurn=131 EscapeResult=-1 InitialResult=5 LevelAfter=2 LootInfo=-1 Name=LOC_CITIZEN_MAYA_MODERN_MALE_9 Operation=58 PlotIndex=1404
mission CityName=LOC_CITY_NAME_OTTAWA CompletionTurn=130 EscapeResult=-1 InitialResult=5 LevelAfter=4 LootInfo=-1 Name=LOC_CITIZEN_MAYA_MODERN_MALE_1 Operation=58 PlotIndex=978
mission CityName=LOC_CITY_NAME_CALGARY CompletionTurn=129 EscapeResult=-1 InitialResult=3 LevelAfter=2 LootInfo=-1 Name=LOC_CITIZEN_MAYA_MALE_8 Operation=58 PlotIndex=1991
mission CityName=LOC_CITY_NAME_TORONTO CompletionTurn=129 EscapeResult=2 InitialResult=4 LevelAfter=3 LootInfo=-1 Name=LOC_CITIZEN_MAYA_MODERN_FEMALE_6 Operation=58 PlotIndex=1818
mission CityName=LOC_CITY_NAME_MONTREAL CompletionTurn=127 EscapeResult=2 InitialResult=2 LevelAfter=1 LootInfo=-1 Name=LOC_CITIZEN_MAYA_MALE_2 Operation=58 PlotIndex=1314
mission CityName=LOC_CITY_NAME_OTTAWA CompletionTurn=124 EscapeResult=-1 InitialResult=5 LevelAfter=4 LootInfo=-1 Name=LOC_CITIZEN_MAYA_MODERN_MALE_1 Operation=58 PlotIndex=978
mission CityName=LOC_CITY_NAME_CALGARY CompletionTurn=123 EscapeResult=-1 InitialResult=5 LevelAfter=2 LootInfo=-1 Name=LOC_CITIZEN_MAYA_MALE_8 Operation=58 PlotIndex=1991
mission CityName=LOC_CITY_NAME_HALIFAX CompletionTurn=121 EscapeResult=2 InitialResult=4 LevelAfter=2 LootInfo=-1 Name=LOC_CITIZEN_MAYA_FEMALE_6 Operation=58 PlotIndex=1409
mission CityName=LOC_CITY_NAME_OTTAWA CompletionTurn=120 EscapeResult=-1 InitialResult=3 LevelAfter=3 LootInfo=-1 Name=LOC_CITIZEN_MAYA_MODERN_MALE_1 Operation=58 PlotIndex=978
mission CityName=LOC_CITY_NAME_MONTREAL CompletionTurn=120 EscapeResult=-1 InitialResult=0 LevelAfter=2 LootInfo=-1 Name=LOC_CITIZEN_MAYA_FEMALE_7 Operation=58 PlotIndex=1314
mission CityName=LOC_CITY_NAME_QUEBEC_CITY CompletionTurn=118 EscapeResult=1 InitialResult=2 LevelAfter=1 LootInfo=-1 Name=LOC_CITIZEN_MAYA_MODERN_FEMALE_1 Operation=58 PlotIndex=1404
mission CityName=LOC_CITY_NAME_TORONTO CompletionTurn=118 EscapeResult=2 InitialResult=4 LevelAfter=2 LootInfo=-1 Name=LOC_CITIZEN_MAYA_MODERN_FEMALE_6 Operation=58 PlotIndex=1818
mission CityName=LOC_CITY_NAME_TORONTO CompletionTurn=114 EscapeResult=-1 InitialResult=1 LevelAfter=1 LootInfo=-1 Name=LOC_CITIZEN_MAYA_FEMALE_3 Operation=58 PlotIndex=1818
mission CityName=LOC_CITY_NAME_MONTREAL CompletionTurn=114 EscapeResult=-1 InitialResult=5 LevelAfter=2 LootInfo=-1 Name=LOC_CITIZEN_MAYA_FEMALE_7 Operation=58 PlotIndex=1314
mission CityName=LOC_CITY_NAME_OTTAWA CompletionTurn=113 EscapeResult=-1 InitialResult=5 LevelAfter=3 LootInfo=-1 Name=LOC_CITIZEN_MAYA_MODERN_MALE_1 Operation=58 PlotIndex=978
mission CityName=LOC_CITY_NAME_MONTREAL CompletionTurn=110 EscapeResult=-1 InitialResult=1 LevelAfter=1 LootInfo=-1 Name=LOC_CITIZEN_MAYA_MODERN_FEMALE_7 Operation=58 PlotIndex=1314
mission CityName=LOC_CITY_NAME_OTTAWA CompletionTurn=107 EscapeResult=-1 InitialResult=5 LevelAfter=2 LootInfo=-1 Name=LOC_CITIZEN_MAYA_MODERN_MALE_1 Operation=58 PlotIndex=978
tally 4  FOMENT_UNREST CAPTURED / NO_RESULT
tally 1  FOMENT_UNREST FAIL_MUST_ESCAPE / CAPTURED
tally 1  FOMENT_UNREST FAIL_MUST_ESCAPE / FAIL_MUST_ESCAPE
tally 1  FOMENT_UNREST FAIL_MUST_ESCAPE / KILLED
tally 2  FOMENT_UNREST FAIL_UNDETECTED / NO_RESULT
tally 1  FOMENT_UNREST KILLED / NO_RESULT
tally 1  FOMENT_UNREST SUCCESS_MUST_ESCAPE / CAPTURED
tally 5  FOMENT_UNREST SUCCESS_MUST_ESCAPE / FAIL_MUST_ESCAPE
tally 12  FOMENT_UNREST SUCCESS_UNDETECTED / NO_RESULT
turn 141 spies active 6 idle 1 missions 28 captured-enemy 0
spy 2490375 LOC_CITIZEN_MAYA_MODERN_MALE_1 level 4 at 54:11 busy
spy 5701641 LOC_CITIZEN_MAYA_MALE_8 level 3 at 59:23 busy
spy 5373965 LOC_CITIZEN_MAYA_MODERN_FEMALE_6 level 3 at 48:10 busy
spy 5111824 LOC_CITIZEN_MAYA_MODERN_FEMALE_4 level 2 at 54:21 busy
spy 4849684 LOC_CITIZEN_MAYA_MODERN_FEMALE_8 level 2 at 65:16 busy
spy 5767189 LOC_CITIZEN_MAYA_MODERN_FEMALE_3 level 1 at 54:15 busy
spy 6029334 LOC_CITIZEN_MAYA_FEMALE_1 level 1 at 63:20 start
turn 141 spies 7 started 1 travelled 0 promoted 0 bought 1 gold 50000
unblock: blocker ENDTURN_BLOCKING_PRODUCTION -> NARANJO builds UNIT_WARRIOR | end turn requested
unstuck: InGamePopup: open, no close
unblock: blocker ENDTURN_BLOCKING_FILL_CIVIC_SLOT -> nothing | end turn requested
unstuck: closed sessions [1:1]
unstuck: DiplomacyActionView: Closing Diplomacy Action View. m_eventID: 2768170
unstuck: InGamePopup: open, no close
unblock: blocker ENDTURN_BLOCKING_WORLD_CONGRESS_SESSION -> nothing | end turn requested
unstuck: InGamePopup: open, no close
unstuck: WorldCongressIntro: closed
unstuck: WorldCongressPopup: closed
mission CityName=LOC_CITY_NAME_HALIFAX CompletionTurn=142 EscapeResult=-1 InitialResult=5 LevelAfter=3 LootInfo=-1 Name=LOC_CITIZEN_MAYA_MODERN_FEMALE_8 Operation=58 PlotIndex=1409
mission CityName=LOC_CITY_NAME_CALGARY CompletionTurn=142 EscapeResult=-1 InitialResult=5 LevelAfter=4 LootInfo=-1 Name=LOC_CITIZEN_MAYA_MALE_8 Operation=58 PlotIndex=1991
mission CityName=LOC_CITY_NAME_MONTREAL CompletionTurn=141 EscapeResult=-1 InitialResult=1 LevelAfter=2 LootInfo=-1 Name=LOC_CITIZEN_MAYA_MODERN_MALE_4 Operation=58 PlotIndex=1314
mission CityName=LOC_CITY_NAME_MONTREAL CompletionTurn=140 EscapeResult=-1 InitialResult=5 LevelAfter=2 LootInfo=-1 Name=LOC_CITIZEN_MAYA_MODERN_MALE_4 Operation=58 PlotIndex=1314
mission CityName=LOC_CITY_NAME_QUEBEC_CITY CompletionTurn=140 EscapeResult=2 InitialResult=4 LevelAfter=3 LootInfo=-1 Name=LOC_CITIZEN_MAYA_FEMALE_6 Operation=58 PlotIndex=1404
mission CityName=LOC_CITY_NAME_OTTAWA CompletionTurn=139 EscapeResult=-1 InitialResult=5 LevelAfter=4 LootInfo=-1 Name=LOC_CITIZEN_MAYA_MODERN_MALE_1 Operation=58 PlotIndex=978
mission CityName=LOC_CITY_NAME_VICTORIA CompletionTurn=138 EscapeResult=1 InitialResult=4 LevelAfter=2 LootInfo=-1 Name=LOC_CITIZEN_MAYA_MALE_2 Operation=58 PlotIndex=888
mission CityName=LOC_CITY_NAME_TORONTO CompletionTurn=137 EscapeResult=-1 InitialResult=5 LevelAfter=2 LootInfo=-1 Name=LOC_CITIZEN_MAYA_MODERN_FEMALE_4 Operation=58 PlotIndex=1818
mission CityName=LOC_CITY_NAME_QUEBEC_CITY CompletionTurn=136 EscapeResult=-1 InitialResult=1 LevelAfter=2 LootInfo=-1 Name=LOC_CITIZEN_MAYA_MODERN_MALE_9 Operation=58 PlotIndex=1404
mission CityName=LOC_CITY_NAME_HALIFAX CompletionTurn=135 EscapeResult=-1 InitialResult=5 LevelAfter=2 LootInfo=-1 Name=LOC_CITIZEN_MAYA_MODERN_FEMALE_8 Operation=58 PlotIndex=1409
mission CityName=LOC_CITY_NAME_OTTAWA CompletionTurn=135 EscapeResult=-1 InitialResult=5 LevelAfter=4 LootInfo=-1 Name=LOC_CITIZEN_MAYA_MODERN_MALE_1 Operation=58 PlotIndex=978
mission CityName=LOC_CITY_NAME_CALGARY CompletionTurn=133 EscapeResult=2 InitialResult=4 LevelAfter=3 LootInfo=-1 Name=LOC_CITIZEN_MAYA_MALE_8 Operation=58 PlotIndex=1991
mission CityName=LOC_CITY_NAME_MONTREAL CompletionTurn=132 EscapeResult=0 InitialResult=2 LevelAfter=1 LootInfo=-1 Name=LOC_CITIZEN_MAYA_MALE_5 Operation=58 PlotIndex=1314
mission CityName=LOC_CITY_NAME_QUEBEC_CITY CompletionTurn=131 EscapeResult=-1 InitialResult=5 LevelAfter=2 LootInfo=-1 Name=LOC_CITIZEN_MAYA_MODERN_MALE_9 Operation=58 PlotIndex=1404
mission CityName=LOC_CITY_NAME_OTTAWA CompletionTurn=130 EscapeResult=-1 InitialResult=5 LevelAfter=4 LootInfo=-1 Name=LOC_CITIZEN_MAYA_MODERN_MALE_1 Operation=58 PlotIndex=978
mission CityName=LOC_CITY_NAME_CALGARY CompletionTurn=129 EscapeResult=-1 InitialResult=3 LevelAfter=2 LootInfo=-1 Name=LOC_CITIZEN_MAYA_MALE_8 Operation=58 PlotIndex=1991
mission CityName=LOC_CITY_NAME_TORONTO CompletionTurn=129 EscapeResult=2 InitialResult=4 LevelAfter=3 LootInfo=-1 Name=LOC_CITIZEN_MAYA_MODERN_FEMALE_6 Operation=58 PlotIndex=1818
mission CityName=LOC_CITY_NAME_MONTREAL CompletionTurn=127 EscapeResult=2 InitialResult=2 LevelAfter=1 LootInfo=-1 Name=LOC_CITIZEN_MAYA_MALE_2 Operation=58 PlotIndex=1314
mission CityName=LOC_CITY_NAME_OTTAWA CompletionTurn=124 EscapeResult=-1 InitialResult=5 LevelAfter=4 LootInfo=-1 Name=LOC_CITIZEN_MAYA_MODERN_MALE_1 Operation=58 PlotIndex=978
mission CityName=LOC_CITY_NAME_CALGARY CompletionTurn=123 EscapeResult=-1 InitialResult=5 LevelAfter=2 LootInfo=-1 Name=LOC_CITIZEN_MAYA_MALE_8 Operation=58 PlotIndex=1991
mission CityName=LOC_CITY_NAME_HALIFAX CompletionTurn=121 EscapeResult=2 InitialResult=4 LevelAfter=2 LootInfo=-1 Name=LOC_CITIZEN_MAYA_FEMALE_6 Operation=58 PlotIndex=1409
mission CityName=LOC_CITY_NAME_OTTAWA CompletionTurn=120 EscapeResult=-1 InitialResult=3 LevelAfter=3 LootInfo=-1 Name=LOC_CITIZEN_MAYA_MODERN_MALE_1 Operation=58 PlotIndex=978
mission CityName=LOC_CITY_NAME_MONTREAL CompletionTurn=120 EscapeResult=-1 InitialResult=0 LevelAfter=2 LootInfo=-1 Name=LOC_CITIZEN_MAYA_FEMALE_7 Operation=58 PlotIndex=1314
mission CityName=LOC_CITY_NAME_QUEBEC_CITY CompletionTurn=118 EscapeResult=1 InitialResult=2 LevelAfter=1 LootInfo=-1 Name=LOC_CITIZEN_MAYA_MODERN_FEMALE_1 Operation=58 PlotIndex=1404
mission CityName=LOC_CITY_NAME_TORONTO CompletionTurn=118 EscapeResult=2 InitialResult=4 LevelAfter=2 LootInfo=-1 Name=LOC_CITIZEN_MAYA_MODERN_FEMALE_6 Operation=58 PlotIndex=1818
mission CityName=LOC_CITY_NAME_TORONTO CompletionTurn=114 EscapeResult=-1 InitialResult=1 LevelAfter=1 LootInfo=-1 Name=LOC_CITIZEN_MAYA_FEMALE_3 Operation=58 PlotIndex=1818
mission CityName=LOC_CITY_NAME_MONTREAL CompletionTurn=114 EscapeResult=-1 InitialResult=5 LevelAfter=2 LootInfo=-1 Name=LOC_CITIZEN_MAYA_FEMALE_7 Operation=58 PlotIndex=1314
mission CityName=LOC_CITY_NAME_OTTAWA CompletionTurn=113 EscapeResult=-1 InitialResult=5 LevelAfter=3 LootInfo=-1 Name=LOC_CITIZEN_MAYA_MODERN_MALE_1 Operation=58 PlotIndex=978
mission CityName=LOC_CITY_NAME_MONTREAL CompletionTurn=110 EscapeResult=-1 InitialResult=1 LevelAfter=1 LootInfo=-1 Name=LOC_CITIZEN_MAYA_MODERN_FEMALE_7 Operation=58 PlotIndex=1314
mission CityName=LOC_CITY_NAME_OTTAWA CompletionTurn=107 EscapeResult=-1 InitialResult=5 LevelAfter=2 LootInfo=-1 Name=LOC_CITIZEN_MAYA_MODERN_MALE_1 Operation=58 PlotIndex=978
tally 4  FOMENT_UNREST CAPTURED / NO_RESULT
tally 1  FOMENT_UNREST FAIL_MUST_ESCAPE / CAPTURED
tally 1  FOMENT_UNREST FAIL_MUST_ESCAPE / FAIL_MUST_ESCAPE
tally 1  FOMENT_UNREST FAIL_MUST_ESCAPE / KILLED
tally 2  FOMENT_UNREST FAIL_UNDETECTED / NO_RESULT
tally 1  FOMENT_UNREST KILLED / NO_RESULT
tally 1  FOMENT_UNREST SUCCESS_MUST_ESCAPE / CAPTURED
tally 5  FOMENT_UNREST SUCCESS_MUST_ESCAPE / FAIL_MUST_ESCAPE
tally 14  FOMENT_UNREST SUCCESS_UNDETECTED / NO_RESULT
turn 142 spies active 5 idle 3 missions 30 captured-enemy 0
spy 2490375 LOC_CITIZEN_MAYA_MODERN_MALE_1 level 4 at 54:11 busy
spy 5701641 LOC_CITIZEN_MAYA_MALE_8 level 3 at 59:23 start
spy 5373965 LOC_CITIZEN_MAYA_MODERN_FEMALE_6 level 3 at 48:10 busy
spy 6094863 LOC_CITIZEN_MAYA_FEMALE_4 level 1 at 36:42 travel
spy 5111824 LOC_CITIZEN_MAYA_MODERN_FEMALE_4 level 2 at 54:21 busy
spy 4849684 LOC_CITIZEN_MAYA_MODERN_FEMALE_8 level 2 at 65:16 start
spy 5767189 LOC_CITIZEN_MAYA_MODERN_FEMALE_3 level 1 at 54:15 busy
spy 6029334 LOC_CITIZEN_MAYA_FEMALE_1 level 1 at 63:20 busy
turn 142 spies 8 started 2 travelled 1 promoted 2 bought 0 gold 50000
unblock: blocker ENDTURN_BLOCKING_PRODUCTION -> NARANJO builds UNIT_WARRIOR | end turn requested
unstuck: InGamePopup: open, no close
unblock: blocker ENDTURN_BLOCKING_FILL_CIVIC_SLOT -> nothing | end turn requested
unstuck: closed sessions [2:2]
unstuck: DiplomacyActionView: Closing Diplomacy Action View. m_eventID: 2777785
unstuck: InGamePopup: open, no close
mission CityName=LOC_CITY_NAME_HALIFAX CompletionTurn=142 EscapeResult=-1 InitialResult=5 LevelAfter=3 LootInfo=-1 Name=LOC_CITIZEN_MAYA_MODERN_FEMALE_8 Operation=58 PlotIndex=1409
mission CityName=LOC_CITY_NAME_CALGARY CompletionTurn=142 EscapeResult=-1 InitialResult=5 LevelAfter=4 LootInfo=-1 Name=LOC_CITIZEN_MAYA_MALE_8 Operation=58 PlotIndex=1991
mission CityName=LOC_CITY_NAME_MONTREAL CompletionTurn=141 EscapeResult=-1 InitialResult=1 LevelAfter=2 LootInfo=-1 Name=LOC_CITIZEN_MAYA_MODERN_MALE_4 Operation=58 PlotIndex=1314
mission CityName=LOC_CITY_NAME_MONTREAL CompletionTurn=140 EscapeResult=-1 InitialResult=5 LevelAfter=2 LootInfo=-1 Name=LOC_CITIZEN_MAYA_MODERN_MALE_4 Operation=58 PlotIndex=1314
mission CityName=LOC_CITY_NAME_QUEBEC_CITY CompletionTurn=140 EscapeResult=2 InitialResult=4 LevelAfter=3 LootInfo=-1 Name=LOC_CITIZEN_MAYA_FEMALE_6 Operation=58 PlotIndex=1404
mission CityName=LOC_CITY_NAME_OTTAWA CompletionTurn=139 EscapeResult=-1 InitialResult=5 LevelAfter=4 LootInfo=-1 Name=LOC_CITIZEN_MAYA_MODERN_MALE_1 Operation=58 PlotIndex=978
mission CityName=LOC_CITY_NAME_VICTORIA CompletionTurn=138 EscapeResult=1 InitialResult=4 LevelAfter=2 LootInfo=-1 Name=LOC_CITIZEN_MAYA_MALE_2 Operation=58 PlotIndex=888
mission CityName=LOC_CITY_NAME_TORONTO CompletionTurn=137 EscapeResult=-1 InitialResult=5 LevelAfter=2 LootInfo=-1 Name=LOC_CITIZEN_MAYA_MODERN_FEMALE_4 Operation=58 PlotIndex=1818
mission CityName=LOC_CITY_NAME_QUEBEC_CITY CompletionTurn=136 EscapeResult=-1 InitialResult=1 LevelAfter=2 LootInfo=-1 Name=LOC_CITIZEN_MAYA_MODERN_MALE_9 Operation=58 PlotIndex=1404
mission CityName=LOC_CITY_NAME_HALIFAX CompletionTurn=135 EscapeResult=-1 InitialResult=5 LevelAfter=2 LootInfo=-1 Name=LOC_CITIZEN_MAYA_MODERN_FEMALE_8 Operation=58 PlotIndex=1409
mission CityName=LOC_CITY_NAME_OTTAWA CompletionTurn=135 EscapeResult=-1 InitialResult=5 LevelAfter=4 LootInfo=-1 Name=LOC_CITIZEN_MAYA_MODERN_MALE_1 Operation=58 PlotIndex=978
mission CityName=LOC_CITY_NAME_CALGARY CompletionTurn=133 EscapeResult=2 InitialResult=4 LevelAfter=3 LootInfo=-1 Name=LOC_CITIZEN_MAYA_MALE_8 Operation=58 PlotIndex=1991
mission CityName=LOC_CITY_NAME_MONTREAL CompletionTurn=132 EscapeResult=0 InitialResult=2 LevelAfter=1 LootInfo=-1 Name=LOC_CITIZEN_MAYA_MALE_5 Operation=58 PlotIndex=1314
mission CityName=LOC_CITY_NAME_QUEBEC_CITY CompletionTurn=131 EscapeResult=-1 InitialResult=5 LevelAfter=2 LootInfo=-1 Name=LOC_CITIZEN_MAYA_MODERN_MALE_9 Operation=58 PlotIndex=1404
mission CityName=LOC_CITY_NAME_OTTAWA CompletionTurn=130 EscapeResult=-1 InitialResult=5 LevelAfter=4 LootInfo=-1 Name=LOC_CITIZEN_MAYA_MODERN_MALE_1 Operation=58 PlotIndex=978
mission CityName=LOC_CITY_NAME_CALGARY CompletionTurn=129 EscapeResult=-1 InitialResult=3 LevelAfter=2 LootInfo=-1 Name=LOC_CITIZEN_MAYA_MALE_8 Operation=58 PlotIndex=1991
mission CityName=LOC_CITY_NAME_TORONTO CompletionTurn=129 EscapeResult=2 InitialResult=4 LevelAfter=3 LootInfo=-1 Name=LOC_CITIZEN_MAYA_MODERN_FEMALE_6 Operation=58 PlotIndex=1818
mission CityName=LOC_CITY_NAME_MONTREAL CompletionTurn=127 EscapeResult=2 InitialResult=2 LevelAfter=1 LootInfo=-1 Name=LOC_CITIZEN_MAYA_MALE_2 Operation=58 PlotIndex=1314
mission CityName=LOC_CITY_NAME_OTTAWA CompletionTurn=124 EscapeResult=-1 InitialResult=5 LevelAfter=4 LootInfo=-1 Name=LOC_CITIZEN_MAYA_MODERN_MALE_1 Operation=58 PlotIndex=978
mission CityName=LOC_CITY_NAME_CALGARY CompletionTurn=123 EscapeResult=-1 InitialResult=5 LevelAfter=2 LootInfo=-1 Name=LOC_CITIZEN_MAYA_MALE_8 Operation=58 PlotIndex=1991
mission CityName=LOC_CITY_NAME_HALIFAX CompletionTurn=121 EscapeResult=2 InitialResult=4 LevelAfter=2 LootInfo=-1 Name=LOC_CITIZEN_MAYA_FEMALE_6 Operation=58 PlotIndex=1409
mission CityName=LOC_CITY_NAME_OTTAWA CompletionTurn=120 EscapeResult=-1 InitialResult=3 LevelAfter=3 LootInfo=-1 Name=LOC_CITIZEN_MAYA_MODERN_MALE_1 Operation=58 PlotIndex=978
mission CityName=LOC_CITY_NAME_MONTREAL CompletionTurn=120 EscapeResult=-1 InitialResult=0 LevelAfter=2 LootInfo=-1 Name=LOC_CITIZEN_MAYA_FEMALE_7 Operation=58 PlotIndex=1314
mission CityName=LOC_CITY_NAME_QUEBEC_CITY CompletionTurn=118 EscapeResult=1 InitialResult=2 LevelAfter=1 LootInfo=-1 Name=LOC_CITIZEN_MAYA_MODERN_FEMALE_1 Operation=58 PlotIndex=1404
mission CityName=LOC_CITY_NAME_TORONTO CompletionTurn=118 EscapeResult=2 InitialResult=4 LevelAfter=2 LootInfo=-1 Name=LOC_CITIZEN_MAYA_MODERN_FEMALE_6 Operation=58 PlotIndex=1818
mission CityName=LOC_CITY_NAME_TORONTO CompletionTurn=114 EscapeResult=-1 InitialResult=1 LevelAfter=1 LootInfo=-1 Name=LOC_CITIZEN_MAYA_FEMALE_3 Operation=58 PlotIndex=1818
mission CityName=LOC_CITY_NAME_MONTREAL CompletionTurn=114 EscapeResult=-1 InitialResult=5 LevelAfter=2 LootInfo=-1 Name=LOC_CITIZEN_MAYA_FEMALE_7 Operation=58 PlotIndex=1314
mission CityName=LOC_CITY_NAME_OTTAWA CompletionTurn=113 EscapeResult=-1 InitialResult=5 LevelAfter=3 LootInfo=-1 Name=LOC_CITIZEN_MAYA_MODERN_MALE_1 Operation=58 PlotIndex=978
mission CityName=LOC_CITY_NAME_MONTREAL CompletionTurn=110 EscapeResult=-1 InitialResult=1 LevelAfter=1 LootInfo=-1 Name=LOC_CITIZEN_MAYA_MODERN_FEMALE_7 Operation=58 PlotIndex=1314
mission CityName=LOC_CITY_NAME_OTTAWA CompletionTurn=107 EscapeResult=-1 InitialResult=5 LevelAfter=2 LootInfo=-1 Name=LOC_CITIZEN_MAYA_MODERN_MALE_1 Operation=58 PlotIndex=978
tally 4  FOMENT_UNREST CAPTURED / NO_RESULT
tally 1  FOMENT_UNREST FAIL_MUST_ESCAPE / CAPTURED
tally 1  FOMENT_UNREST FAIL_MUST_ESCAPE / FAIL_MUST_ESCAPE
tally 1  FOMENT_UNREST FAIL_MUST_ESCAPE / KILLED
tally 2  FOMENT_UNREST FAIL_UNDETECTED / NO_RESULT
tally 1  FOMENT_UNREST KILLED / NO_RESULT
tally 1  FOMENT_UNREST SUCCESS_MUST_ESCAPE / CAPTURED
tally 5  FOMENT_UNREST SUCCESS_MUST_ESCAPE / FAIL_MUST_ESCAPE
tally 14  FOMENT_UNREST SUCCESS_UNDETECTED / NO_RESULT
turn 143 spies active 7 idle 0 missions 30 captured-enemy 0
Request to BulkHide( true, Diplomacy ), Show on 0 = 1
spy 2490375 LOC_CITIZEN_MAYA_MODERN_MALE_1 level 4 at 54:11 start
spy 5701641 LOC_CITIZEN_MAYA_MALE_8 level 4 at 59:23 busy
spy 5373965 LOC_CITIZEN_MAYA_MODERN_FEMALE_6 level 3 at 48:10 busy
spy 6225935 LOC_CITIZEN_MAYA_FEMALE_8 level 1 at 63:20 refused
spy 5111824 LOC_CITIZEN_MAYA_MODERN_FEMALE_4 level 2 at 54:21 busy
spy 4849684 LOC_CITIZEN_MAYA_MODERN_FEMALE_8 level 3 at 65:16 busy
spy 5767189 LOC_CITIZEN_MAYA_MODERN_FEMALE_3 level 1 at 54:15 busy
spy 6029334 LOC_CITIZEN_MAYA_FEMALE_1 level 1 at 63:20 busy
turn 143 spies 8 started 1 travelled 0 promoted 0 bought 0 gold 50000
unblock: blocker ENDTURN_BLOCKING_SPY_CHOOSE_ESCAPE_ROUTE -> escape route DISTRICT_CITY_CENTER of 1 for spy 5373965 LOC_CITIZEN_MAYA_MODERN_FEMALE_6 level 3 turn 143 city LOC_CITY_NAME_VICTORIA p1 at 48:10 pursuer police | end turn requested
unstuck: DiplomacyActionView: Closing Diplomacy Action View. m_eventID: 2785412
unstuck: InGamePopup: open, no close
unblock: blocker ENDTURN_BLOCKING_PRODUCTION -> NARANJO builds UNIT_WARRIOR | end turn requested
unstuck: InGamePopup: open, no close
unblock: blocker ENDTURN_BLOCKING_WORLD_CONGRESS_SESSION -> nothing | end turn requested
unstuck: InGamePopup: open, no close
unstuck: WorldCongressIntro: closed
unstuck: WorldCongressPopup: closed
mission CityName=LOC_CITY_NAME_VICTORIA CompletionTurn=143 EscapeResult=0 InitialResult=2 LevelAfter=3 LootInfo=-1 Name=LOC_CITIZEN_MAYA_MODERN_FEMALE_6 Operation=58 PlotIndex=888
mission CityName=LOC_CITY_NAME_OTTAWA CompletionTurn=143 EscapeResult=-1 InitialResult=3 LevelAfter=4 LootInfo=-1 Name=LOC_CITIZEN_MAYA_MODERN_MALE_1 Operation=58 PlotIndex=978
mission CityName=LOC_CITY_NAME_HALIFAX CompletionTurn=142 EscapeResult=-1 InitialResult=5 LevelAfter=3 LootInfo=-1 Name=LOC_CITIZEN_MAYA_MODERN_FEMALE_8 Operation=58 PlotIndex=1409
mission CityName=LOC_CITY_NAME_CALGARY CompletionTurn=142 EscapeResult=-1 InitialResult=5 LevelAfter=4 LootInfo=-1 Name=LOC_CITIZEN_MAYA_MALE_8 Operation=58 PlotIndex=1991
mission CityName=LOC_CITY_NAME_MONTREAL CompletionTurn=141 EscapeResult=-1 InitialResult=1 LevelAfter=2 LootInfo=-1 Name=LOC_CITIZEN_MAYA_MODERN_MALE_4 Operation=58 PlotIndex=1314
mission CityName=LOC_CITY_NAME_MONTREAL CompletionTurn=140 EscapeResult=-1 InitialResult=5 LevelAfter=2 LootInfo=-1 Name=LOC_CITIZEN_MAYA_MODERN_MALE_4 Operation=58 PlotIndex=1314
mission CityName=LOC_CITY_NAME_QUEBEC_CITY CompletionTurn=140 EscapeResult=2 InitialResult=4 LevelAfter=3 LootInfo=-1 Name=LOC_CITIZEN_MAYA_FEMALE_6 Operation=58 PlotIndex=1404
mission CityName=LOC_CITY_NAME_OTTAWA CompletionTurn=139 EscapeResult=-1 InitialResult=5 LevelAfter=4 LootInfo=-1 Name=LOC_CITIZEN_MAYA_MODERN_MALE_1 Operation=58 PlotIndex=978
mission CityName=LOC_CITY_NAME_VICTORIA CompletionTurn=138 EscapeResult=1 InitialResult=4 LevelAfter=2 LootInfo=-1 Name=LOC_CITIZEN_MAYA_MALE_2 Operation=58 PlotIndex=888
mission CityName=LOC_CITY_NAME_TORONTO CompletionTurn=137 EscapeResult=-1 InitialResult=5 LevelAfter=2 LootInfo=-1 Name=LOC_CITIZEN_MAYA_MODERN_FEMALE_4 Operation=58 PlotIndex=1818
mission CityName=LOC_CITY_NAME_QUEBEC_CITY CompletionTurn=136 EscapeResult=-1 InitialResult=1 LevelAfter=2 LootInfo=-1 Name=LOC_CITIZEN_MAYA_MODERN_MALE_9 Operation=58 PlotIndex=1404
mission CityName=LOC_CITY_NAME_HALIFAX CompletionTurn=135 EscapeResult=-1 InitialResult=5 LevelAfter=2 LootInfo=-1 Name=LOC_CITIZEN_MAYA_MODERN_FEMALE_8 Operation=58 PlotIndex=1409
mission CityName=LOC_CITY_NAME_OTTAWA CompletionTurn=135 EscapeResult=-1 InitialResult=5 LevelAfter=4 LootInfo=-1 Name=LOC_CITIZEN_MAYA_MODERN_MALE_1 Operation=58 PlotIndex=978
mission CityName=LOC_CITY_NAME_CALGARY CompletionTurn=133 EscapeResult=2 InitialResult=4 LevelAfter=3 LootInfo=-1 Name=LOC_CITIZEN_MAYA_MALE_8 Operation=58 PlotIndex=1991
mission CityName=LOC_CITY_NAME_MONTREAL CompletionTurn=132 EscapeResult=0 InitialResult=2 LevelAfter=1 LootInfo=-1 Name=LOC_CITIZEN_MAYA_MALE_5 Operation=58 PlotIndex=1314
mission CityName=LOC_CITY_NAME_QUEBEC_CITY CompletionTurn=131 EscapeResult=-1 InitialResult=5 LevelAfter=2 LootInfo=-1 Name=LOC_CITIZEN_MAYA_MODERN_MALE_9 Operation=58 PlotIndex=1404
mission CityName=LOC_CITY_NAME_OTTAWA CompletionTurn=130 EscapeResult=-1 InitialResult=5 LevelAfter=4 LootInfo=-1 Name=LOC_CITIZEN_MAYA_MODERN_MALE_1 Operation=58 PlotIndex=978
mission CityName=LOC_CITY_NAME_CALGARY CompletionTurn=129 EscapeResult=-1 InitialResult=3 LevelAfter=2 LootInfo=-1 Name=LOC_CITIZEN_MAYA_MALE_8 Operation=58 PlotIndex=1991
mission CityName=LOC_CITY_NAME_TORONTO CompletionTurn=129 EscapeResult=2 InitialResult=4 LevelAfter=3 LootInfo=-1 Name=LOC_CITIZEN_MAYA_MODERN_FEMALE_6 Operation=58 PlotIndex=1818
mission CityName=LOC_CITY_NAME_MONTREAL CompletionTurn=127 EscapeResult=2 InitialResult=2 LevelAfter=1 LootInfo=-1 Name=LOC_CITIZEN_MAYA_MALE_2 Operation=58 PlotIndex=1314
mission CityName=LOC_CITY_NAME_OTTAWA CompletionTurn=124 EscapeResult=-1 InitialResult=5 LevelAfter=4 LootInfo=-1 Name=LOC_CITIZEN_MAYA_MODERN_MALE_1 Operation=58 PlotIndex=978
mission CityName=LOC_CITY_NAME_CALGARY CompletionTurn=123 EscapeResult=-1 InitialResult=5 LevelAfter=2 LootInfo=-1 Name=LOC_CITIZEN_MAYA_MALE_8 Operation=58 PlotIndex=1991
mission CityName=LOC_CITY_NAME_HALIFAX CompletionTurn=121 EscapeResult=2 InitialResult=4 LevelAfter=2 LootInfo=-1 Name=LOC_CITIZEN_MAYA_FEMALE_6 Operation=58 PlotIndex=1409
mission CityName=LOC_CITY_NAME_OTTAWA CompletionTurn=120 EscapeResult=-1 InitialResult=3 LevelAfter=3 LootInfo=-1 Name=LOC_CITIZEN_MAYA_MODERN_MALE_1 Operation=58 PlotIndex=978
mission CityName=LOC_CITY_NAME_MONTREAL CompletionTurn=120 EscapeResult=-1 InitialResult=0 LevelAfter=2 LootInfo=-1 Name=LOC_CITIZEN_MAYA_FEMALE_7 Operation=58 PlotIndex=1314
mission CityName=LOC_CITY_NAME_QUEBEC_CITY CompletionTurn=118 EscapeResult=1 InitialResult=2 LevelAfter=1 LootInfo=-1 Name=LOC_CITIZEN_MAYA_MODERN_FEMALE_1 Operation=58 PlotIndex=1404
mission CityName=LOC_CITY_NAME_TORONTO CompletionTurn=118 EscapeResult=2 InitialResult=4 LevelAfter=2 LootInfo=-1 Name=LOC_CITIZEN_MAYA_MODERN_FEMALE_6 Operation=58 PlotIndex=1818
mission CityName=LOC_CITY_NAME_TORONTO CompletionTurn=114 EscapeResult=-1 InitialResult=1 LevelAfter=1 LootInfo=-1 Name=LOC_CITIZEN_MAYA_FEMALE_3 Operation=58 PlotIndex=1818
mission CityName=LOC_CITY_NAME_MONTREAL CompletionTurn=114 EscapeResult=-1 InitialResult=5 LevelAfter=2 LootInfo=-1 Name=LOC_CITIZEN_MAYA_FEMALE_7 Operation=58 PlotIndex=1314
mission CityName=LOC_CITY_NAME_OTTAWA CompletionTurn=113 EscapeResult=-1 InitialResult=5 LevelAfter=3 LootInfo=-1 Name=LOC_CITIZEN_MAYA_MODERN_MALE_1 Operation=58 PlotIndex=978
mission CityName=LOC_CITY_NAME_MONTREAL CompletionTurn=110 EscapeResult=-1 InitialResult=1 LevelAfter=1 LootInfo=-1 Name=LOC_CITIZEN_MAYA_MODERN_FEMALE_7 Operation=58 PlotIndex=1314
mission CityName=LOC_CITY_NAME_OTTAWA CompletionTurn=107 EscapeResult=-1 InitialResult=5 LevelAfter=2 LootInfo=-1 Name=LOC_CITIZEN_MAYA_MODERN_MALE_1 Operation=58 PlotIndex=978
tally 4  FOMENT_UNREST CAPTURED / NO_RESULT
tally 1  FOMENT_UNREST FAIL_MUST_ESCAPE / CAPTURED
tally 1  FOMENT_UNREST FAIL_MUST_ESCAPE / FAIL_MUST_ESCAPE
tally 2  FOMENT_UNREST FAIL_MUST_ESCAPE / KILLED
tally 3  FOMENT_UNREST FAIL_UNDETECTED / NO_RESULT
tally 1  FOMENT_UNREST KILLED / NO_RESULT
tally 1  FOMENT_UNREST SUCCESS_MUST_ESCAPE / CAPTURED
tally 5  FOMENT_UNREST SUCCESS_MUST_ESCAPE / FAIL_MUST_ESCAPE
tally 14  FOMENT_UNREST SUCCESS_UNDETECTED / NO_RESULT
turn 143 spies active 4 idle 3 missions 32 captured-enemy 0
spy 2490375 LOC_CITIZEN_MAYA_MODERN_MALE_1 level 4 at 54:11 busy
spy 5701641 LOC_CITIZEN_MAYA_MALE_8 level 4 at 59:23 start
spy 6225935 LOC_CITIZEN_MAYA_FEMALE_8 level 1 at 63:20 refused
spy 5111824 LOC_CITIZEN_MAYA_MODERN_FEMALE_4 level 2 at 54:21 busy
spy 4849684 LOC_CITIZEN_MAYA_MODERN_FEMALE_8 level 3 at 65:16 start
spy 5767189 LOC_CITIZEN_MAYA_MODERN_FEMALE_3 level 1 at 54:15 busy
spy 6029334 LOC_CITIZEN_MAYA_FEMALE_1 level 1 at 63:20 busy
turn 143 spies 7 started 2 travelled 0 promoted 0 bought 1 gold 50000
unblock: blocker -138271579 -> nothing | end turn requested
unstuck: InGamePopup: open, no close
unstuck: NaturalDisasterPopup: closed
unblock: blocker ENDTURN_BLOCKING_SPY_CHOOSE_ESCAPE_ROUTE -> escape route DISTRICT_HARBOR of 2 for spy 5111824 LOC_CITIZEN_MAYA_MODERN_FEMALE_4 level 2 turn 144 city LOC_CITY_NAME_TORONTO p1 at 54:21 pursuer police | end turn requested
unstuck: closed sessions [6:6]
unstuck: DiplomacyActionView: Closing Diplomacy Action View. m_eventID: 2801594
unstuck: InGamePopup: open, no close
mission CityName=LOC_CITY_NAME_VANCOUVER CompletionTurn=145 EscapeResult=-1 InitialResult=2 LevelAfter=1 LootInfo=-1 Name=LOC_CITIZEN_MAYA_FEMALE_1 Operation=58 PlotIndex=1743
mission CityName=LOC_CITY_NAME_MONTREAL CompletionTurn=144 EscapeResult=-1 InitialResult=5 LevelAfter=2 LootInfo=-1 Name=LOC_CITIZEN_MAYA_MODERN_FEMALE_3 Operation=58 PlotIndex=1314
mission CityName=LOC_CITY_NAME_TORONTO CompletionTurn=144 EscapeResult=-1 InitialResult=2 LevelAfter=2 LootInfo=-1 Name=LOC_CITIZEN_MAYA_MODERN_FEMALE_4 Operation=58 PlotIndex=1818
mission CityName=LOC_CITY_NAME_VICTORIA CompletionTurn=143 EscapeResult=0 InitialResult=2 LevelAfter=3 LootInfo=-1 Name=LOC_CITIZEN_MAYA_MODERN_FEMALE_6 Operation=58 PlotIndex=888
mission CityName=LOC_CITY_NAME_OTTAWA CompletionTurn=143 EscapeResult=-1 InitialResult=3 LevelAfter=4 LootInfo=-1 Name=LOC_CITIZEN_MAYA_MODERN_MALE_1 Operation=58 PlotIndex=978
mission CityName=LOC_CITY_NAME_HALIFAX CompletionTurn=142 EscapeResult=-1 InitialResult=5 LevelAfter=3 LootInfo=-1 Name=LOC_CITIZEN_MAYA_MODERN_FEMALE_8 Operation=58 PlotIndex=1409
mission CityName=LOC_CITY_NAME_CALGARY CompletionTurn=142 EscapeResult=-1 InitialResult=5 LevelAfter=4 LootInfo=-1 Name=LOC_CITIZEN_MAYA_MALE_8 Operation=58 PlotIndex=1991
mission CityName=LOC_CITY_NAME_MONTREAL CompletionTurn=141 EscapeResult=-1 InitialResult=1 LevelAfter=2 LootInfo=-1 Name=LOC_CITIZEN_MAYA_MODERN_MALE_4 Operation=58 PlotIndex=1314
mission CityName=LOC_CITY_NAME_MONTREAL CompletionTurn=140 EscapeResult=-1 InitialResult=5 LevelAfter=2 LootInfo=-1 Name=LOC_CITIZEN_MAYA_MODERN_MALE_4 Operation=58 PlotIndex=1314
mission CityName=LOC_CITY_NAME_QUEBEC_CITY CompletionTurn=140 EscapeResult=2 InitialResult=4 LevelAfter=3 LootInfo=-1 Name=LOC_CITIZEN_MAYA_FEMALE_6 Operation=58 PlotIndex=1404
mission CityName=LOC_CITY_NAME_OTTAWA CompletionTurn=139 EscapeResult=-1 InitialResult=5 LevelAfter=4 LootInfo=-1 Name=LOC_CITIZEN_MAYA_MODERN_MALE_1 Operation=58 PlotIndex=978
mission CityName=LOC_CITY_NAME_VICTORIA CompletionTurn=138 EscapeResult=1 InitialResult=4 LevelAfter=2 LootInfo=-1 Name=LOC_CITIZEN_MAYA_MALE_2 Operation=58 PlotIndex=888
mission CityName=LOC_CITY_NAME_TORONTO CompletionTurn=137 EscapeResult=-1 InitialResult=5 LevelAfter=2 LootInfo=-1 Name=LOC_CITIZEN_MAYA_MODERN_FEMALE_4 Operation=58 PlotIndex=1818
mission CityName=LOC_CITY_NAME_QUEBEC_CITY CompletionTurn=136 EscapeResult=-1 InitialResult=1 LevelAfter=2 LootInfo=-1 Name=LOC_CITIZEN_MAYA_MODERN_MALE_9 Operation=58 PlotIndex=1404
mission CityName=LOC_CITY_NAME_HALIFAX CompletionTurn=135 EscapeResult=-1 InitialResult=5 LevelAfter=2 LootInfo=-1 Name=LOC_CITIZEN_MAYA_MODERN_FEMALE_8 Operation=58 PlotIndex=1409
mission CityName=LOC_CITY_NAME_OTTAWA CompletionTurn=135 EscapeResult=-1 InitialResult=5 LevelAfter=4 LootInfo=-1 Name=LOC_CITIZEN_MAYA_MODERN_MALE_1 Operation=58 PlotIndex=978
mission CityName=LOC_CITY_NAME_CALGARY CompletionTurn=133 EscapeResult=2 InitialResult=4 LevelAfter=3 LootInfo=-1 Name=LOC_CITIZEN_MAYA_MALE_8 Operation=58 PlotIndex=1991
mission CityName=LOC_CITY_NAME_MONTREAL CompletionTurn=132 EscapeResult=0 InitialResult=2 LevelAfter=1 LootInfo=-1 Name=LOC_CITIZEN_MAYA_MALE_5 Operation=58 PlotIndex=1314
mission CityName=LOC_CITY_NAME_QUEBEC_CITY CompletionTurn=131 EscapeResult=-1 InitialResult=5 LevelAfter=2 LootInfo=-1 Name=LOC_CITIZEN_MAYA_MODERN_MALE_9 Operation=58 PlotIndex=1404
mission CityName=LOC_CITY_NAME_OTTAWA CompletionTurn=130 EscapeResult=-1 InitialResult=5 LevelAfter=4 LootInfo=-1 Name=LOC_CITIZEN_MAYA_MODERN_MALE_1 Operation=58 PlotIndex=978
mission CityName=LOC_CITY_NAME_CALGARY CompletionTurn=129 EscapeResult=-1 InitialResult=3 LevelAfter=2 LootInfo=-1 Name=LOC_CITIZEN_MAYA_MALE_8 Operation=58 PlotIndex=1991
mission CityName=LOC_CITY_NAME_TORONTO CompletionTurn=129 EscapeResult=2 InitialResult=4 LevelAfter=3 LootInfo=-1 Name=LOC_CITIZEN_MAYA_MODERN_FEMALE_6 Operation=58 PlotIndex=1818
mission CityName=LOC_CITY_NAME_MONTREAL CompletionTurn=127 EscapeResult=2 InitialResult=2 LevelAfter=1 LootInfo=-1 Name=LOC_CITIZEN_MAYA_MALE_2 Operation=58 PlotIndex=1314
mission CityName=LOC_CITY_NAME_OTTAWA CompletionTurn=124 EscapeResult=-1 InitialResult=5 LevelAfter=4 LootInfo=-1 Name=LOC_CITIZEN_MAYA_MODERN_MALE_1 Operation=58 PlotIndex=978
mission CityName=LOC_CITY_NAME_CALGARY CompletionTurn=123 EscapeResult=-1 InitialResult=5 LevelAfter=2 LootInfo=-1 Name=LOC_CITIZEN_MAYA_MALE_8 Operation=58 PlotIndex=1991
mission CityName=LOC_CITY_NAME_HALIFAX CompletionTurn=121 EscapeResult=2 InitialResult=4 LevelAfter=2 LootInfo=-1 Name=LOC_CITIZEN_MAYA_FEMALE_6 Operation=58 PlotIndex=1409
mission CityName=LOC_CITY_NAME_OTTAWA CompletionTurn=120 EscapeResult=-1 InitialResult=3 LevelAfter=3 LootInfo=-1 Name=LOC_CITIZEN_MAYA_MODERN_MALE_1 Operation=58 PlotIndex=978
mission CityName=LOC_CITY_NAME_MONTREAL CompletionTurn=120 EscapeResult=-1 InitialResult=0 LevelAfter=2 LootInfo=-1 Name=LOC_CITIZEN_MAYA_FEMALE_7 Operation=58 PlotIndex=1314
mission CityName=LOC_CITY_NAME_QUEBEC_CITY CompletionTurn=118 EscapeResult=1 InitialResult=2 LevelAfter=1 LootInfo=-1 Name=LOC_CITIZEN_MAYA_MODERN_FEMALE_1 Operation=58 PlotIndex=1404
mission CityName=LOC_CITY_NAME_TORONTO CompletionTurn=118 EscapeResult=2 InitialResult=4 LevelAfter=2 LootInfo=-1 Name=LOC_CITIZEN_MAYA_MODERN_FEMALE_6 Operation=58 PlotIndex=1818
mission CityName=LOC_CITY_NAME_TORONTO CompletionTurn=114 EscapeResult=-1 InitialResult=1 LevelAfter=1 LootInfo=-1 Name=LOC_CITIZEN_MAYA_FEMALE_3 Operation=58 PlotIndex=1818
mission CityName=LOC_CITY_NAME_MONTREAL CompletionTurn=114 EscapeResult=-1 InitialResult=5 LevelAfter=2 LootInfo=-1 Name=LOC_CITIZEN_MAYA_FEMALE_7 Operation=58 PlotIndex=1314
mission CityName=LOC_CITY_NAME_OTTAWA CompletionTurn=113 EscapeResult=-1 InitialResult=5 LevelAfter=3 LootInfo=-1 Name=LOC_CITIZEN_MAYA_MODERN_MALE_1 Operation=58 PlotIndex=978
mission CityName=LOC_CITY_NAME_MONTREAL CompletionTurn=110 EscapeResult=-1 InitialResult=1 LevelAfter=1 LootInfo=-1 Name=LOC_CITIZEN_MAYA_MODERN_FEMALE_7 Operation=58 PlotIndex=1314
mission CityName=LOC_CITY_NAME_OTTAWA CompletionTurn=107 EscapeResult=-1 InitialResult=5 LevelAfter=2 LootInfo=-1 Name=LOC_CITIZEN_MAYA_MODERN_MALE_1 Operation=58 PlotIndex=978
tally 4  FOMENT_UNREST CAPTURED / NO_RESULT
tally 1  FOMENT_UNREST FAIL_MUST_ESCAPE / CAPTURED
tally 1  FOMENT_UNREST FAIL_MUST_ESCAPE / FAIL_MUST_ESCAPE
tally 2  FOMENT_UNREST FAIL_MUST_ESCAPE / KILLED
tally 2  FOMENT_UNREST FAIL_MUST_ESCAPE / NO_RESULT
tally 3  FOMENT_UNREST FAIL_UNDETECTED / NO_RESULT
tally 1  FOMENT_UNREST KILLED / NO_RESULT
tally 1  FOMENT_UNREST SUCCESS_MUST_ESCAPE / CAPTURED
tally 5  FOMENT_UNREST SUCCESS_MUST_ESCAPE / FAIL_MUST_ESCAPE
tally 15  FOMENT_UNREST SUCCESS_UNDETECTED / NO_RESULT
turn 145 spies active 3 idle 6 missions 35 captured-enemy 0
spy 2490375 LOC_CITIZEN_MAYA_MODERN_MALE_1 level 4 at 54:11 busy
spy 5701641 LOC_CITIZEN_MAYA_MALE_8 level 4 at 59:23 start
spy 6357005 LOC_CITIZEN_MAYA_FEMALE_6 level 3 at 36:42 travel
spy 6225935 LOC_CITIZEN_MAYA_FEMALE_8 level 1 at 63:20 refused
spy 5111824 LOC_CITIZEN_MAYA_MODERN_FEMALE_4 level 2 at 54:21 busy
spy 4849684 LOC_CITIZEN_MAYA_MODERN_FEMALE_8 level 3 at 65:16 start
spy 5767189 LOC_CITIZEN_MAYA_MODERN_FEMALE_3 level 1 at 54:15 start
spy 6029334 LOC_CITIZEN_MAYA_FEMALE_1 level 1 at 63:20 busy
spy 6422553 LOC_CITIZEN_MAYA_FEMALE_4 level 1 at 60:16 start
turn 145 spies 9 started 4 travelled 1 promoted 1 bought 0 gold 50000
unblock: blocker ENDTURN_BLOCKING_SPY_CHOOSE_ESCAPE_ROUTE -> escape route DISTRICT_HARBOR of 2 for spy 5111824 LOC_CITIZEN_MAYA_MODERN_FEMALE_4 level 2 turn 145 city LOC_CITY_NAME_TORONTO p1 at 54:21 pursuer police | end turn requested
unstuck: InGamePopup: open, no close
unblock: blocker ENDTURN_BLOCKING_SPY_CHOOSE_ESCAPE_ROUTE -> escape route DISTRICT_CITY_CENTER of 1 for spy 6029334 LOC_CITIZEN_MAYA_FEMALE_1 level 1 turn 145 city LOC_CITY_NAME_VANCOUVER p1 at 63:20 pursuer police | end turn requested
unstuck: closed sessions [1:1]
unstuck: DiplomacyActionView: Closing Diplomacy Action View. m_eventID: 2806905
unstuck: InGamePopup: open, no close
unblock: blocker ENDTURN_BLOCKING_SPY_CHOOSE_ESCAPE_ROUTE -> escape route DISTRICT_CITY_CENTER of 1 for spy 6029334 LOC_CITIZEN_MAYA_FEMALE_1 level 1 turn 145 city LOC_CITY_NAME_VANCOUVER p1 at 63:20 pursuer police | end turn requested
unstuck: closed sessions [4:4]
unstuck: InGamePopup: open, no close
mission CityName=LOC_CITY_NAME_VANCOUVER CompletionTurn=145 EscapeResult=-1 InitialResult=2 LevelAfter=1 LootInfo=-1 Name=LOC_CITIZEN_MAYA_FEMALE_1 Operation=58 PlotIndex=1743
mission CityName=LOC_CITY_NAME_MONTREAL CompletionTurn=144 EscapeResult=-1 InitialResult=5 LevelAfter=2 LootInfo=-1 Name=LOC_CITIZEN_MAYA_MODERN_FEMALE_3 Operation=58 PlotIndex=1314
mission CityName=LOC_CITY_NAME_TORONTO CompletionTurn=144 EscapeResult=2 InitialResult=2 LevelAfter=2 LootInfo=-1 Name=LOC_CITIZEN_MAYA_MODERN_FEMALE_4 Operation=58 PlotIndex=1818
mission CityName=LOC_CITY_NAME_VICTORIA CompletionTurn=143 EscapeResult=0 InitialResult=2 LevelAfter=3 LootInfo=-1 Name=LOC_CITIZEN_MAYA_MODERN_FEMALE_6 Operation=58 PlotIndex=888
mission CityName=LOC_CITY_NAME_OTTAWA CompletionTurn=143 EscapeResult=-1 InitialResult=3 LevelAfter=4 LootInfo=-1 Name=LOC_CITIZEN_MAYA_MODERN_MALE_1 Operation=58 PlotIndex=978
mission CityName=LOC_CITY_NAME_HALIFAX CompletionTurn=142 EscapeResult=-1 InitialResult=5 LevelAfter=3 LootInfo=-1 Name=LOC_CITIZEN_MAYA_MODERN_FEMALE_8 Operation=58 PlotIndex=1409
mission CityName=LOC_CITY_NAME_CALGARY CompletionTurn=142 EscapeResult=-1 InitialResult=5 LevelAfter=4 LootInfo=-1 Name=LOC_CITIZEN_MAYA_MALE_8 Operation=58 PlotIndex=1991
mission CityName=LOC_CITY_NAME_MONTREAL CompletionTurn=141 EscapeResult=-1 InitialResult=1 LevelAfter=2 LootInfo=-1 Name=LOC_CITIZEN_MAYA_MODERN_MALE_4 Operation=58 PlotIndex=1314
mission CityName=LOC_CITY_NAME_MONTREAL CompletionTurn=140 EscapeResult=-1 InitialResult=5 LevelAfter=2 LootInfo=-1 Name=LOC_CITIZEN_MAYA_MODERN_MALE_4 Operation=58 PlotIndex=1314
mission CityName=LOC_CITY_NAME_QUEBEC_CITY CompletionTurn=140 EscapeResult=2 InitialResult=4 LevelAfter=3 LootInfo=-1 Name=LOC_CITIZEN_MAYA_FEMALE_6 Operation=58 PlotIndex=1404
mission CityName=LOC_CITY_NAME_OTTAWA CompletionTurn=139 EscapeResult=-1 InitialResult=5 LevelAfter=4 LootInfo=-1 Name=LOC_CITIZEN_MAYA_MODERN_MALE_1 Operation=58 PlotIndex=978
mission CityName=LOC_CITY_NAME_VICTORIA CompletionTurn=138 EscapeResult=1 InitialResult=4 LevelAfter=2 LootInfo=-1 Name=LOC_CITIZEN_MAYA_MALE_2 Operation=58 PlotIndex=888
mission CityName=LOC_CITY_NAME_TORONTO CompletionTurn=137 EscapeResult=-1 InitialResult=5 LevelAfter=2 LootInfo=-1 Name=LOC_CITIZEN_MAYA_MODERN_FEMALE_4 Operation=58 PlotIndex=1818
mission CityName=LOC_CITY_NAME_QUEBEC_CITY CompletionTurn=136 EscapeResult=-1 InitialResult=1 LevelAfter=2 LootInfo=-1 Name=LOC_CITIZEN_MAYA_MODERN_MALE_9 Operation=58 PlotIndex=1404
mission CityName=LOC_CITY_NAME_HALIFAX CompletionTurn=135 EscapeResult=-1 InitialResult=5 LevelAfter=2 LootInfo=-1 Name=LOC_CITIZEN_MAYA_MODERN_FEMALE_8 Operation=58 PlotIndex=1409
mission CityName=LOC_CITY_NAME_OTTAWA CompletionTurn=135 EscapeResult=-1 InitialResult=5 LevelAfter=4 LootInfo=-1 Name=LOC_CITIZEN_MAYA_MODERN_MALE_1 Operation=58 PlotIndex=978
mission CityName=LOC_CITY_NAME_CALGARY CompletionTurn=133 EscapeResult=2 InitialResult=4 LevelAfter=3 LootInfo=-1 Name=LOC_CITIZEN_MAYA_MALE_8 Operation=58 PlotIndex=1991
mission CityName=LOC_CITY_NAME_MONTREAL CompletionTurn=132 EscapeResult=0 InitialResult=2 LevelAfter=1 LootInfo=-1 Name=LOC_CITIZEN_MAYA_MALE_5 Operation=58 PlotIndex=1314
mission CityName=LOC_CITY_NAME_QUEBEC_CITY CompletionTurn=131 EscapeResult=-1 InitialResult=5 LevelAfter=2 LootInfo=-1 Name=LOC_CITIZEN_MAYA_MODERN_MALE_9 Operation=58 PlotIndex=1404
mission CityName=LOC_CITY_NAME_OTTAWA CompletionTurn=130 EscapeResult=-1 InitialResult=5 LevelAfter=4 LootInfo=-1 Name=LOC_CITIZEN_MAYA_MODERN_MALE_1 Operation=58 PlotIndex=978
mission CityName=LOC_CITY_NAME_CALGARY CompletionTurn=129 EscapeResult=-1 InitialResult=3 LevelAfter=2 LootInfo=-1 Name=LOC_CITIZEN_MAYA_MALE_8 Operation=58 PlotIndex=1991
mission CityName=LOC_CITY_NAME_TORONTO CompletionTurn=129 EscapeResult=2 InitialResult=4 LevelAfter=3 LootInfo=-1 Name=LOC_CITIZEN_MAYA_MODERN_FEMALE_6 Operation=58 PlotIndex=1818
mission CityName=LOC_CITY_NAME_MONTREAL CompletionTurn=127 EscapeResult=2 InitialResult=2 LevelAfter=1 LootInfo=-1 Name=LOC_CITIZEN_MAYA_MALE_2 Operation=58 PlotIndex=1314
mission CityName=LOC_CITY_NAME_OTTAWA CompletionTurn=124 EscapeResult=-1 InitialResult=5 LevelAfter=4 LootInfo=-1 Name=LOC_CITIZEN_MAYA_MODERN_MALE_1 Operation=58 PlotIndex=978
mission CityName=LOC_CITY_NAME_CALGARY CompletionTurn=123 EscapeResult=-1 InitialResult=5 LevelAfter=2 LootInfo=-1 Name=LOC_CITIZEN_MAYA_MALE_8 Operation=58 PlotIndex=1991
mission CityName=LOC_CITY_NAME_HALIFAX CompletionTurn=121 EscapeResult=2 InitialResult=4 LevelAfter=2 LootInfo=-1 Name=LOC_CITIZEN_MAYA_FEMALE_6 Operation=58 PlotIndex=1409
mission CityName=LOC_CITY_NAME_OTTAWA CompletionTurn=120 EscapeResult=-1 InitialResult=3 LevelAfter=3 LootInfo=-1 Name=LOC_CITIZEN_MAYA_MODERN_MALE_1 Operation=58 PlotIndex=978
mission CityName=LOC_CITY_NAME_MONTREAL CompletionTurn=120 EscapeResult=-1 InitialResult=0 LevelAfter=2 LootInfo=-1 Name=LOC_CITIZEN_MAYA_FEMALE_7 Operation=58 PlotIndex=1314
mission CityName=LOC_CITY_NAME_QUEBEC_CITY CompletionTurn=118 EscapeResult=1 InitialResult=2 LevelAfter=1 LootInfo=-1 Name=LOC_CITIZEN_MAYA_MODERN_FEMALE_1 Operation=58 PlotIndex=1404
mission CityName=LOC_CITY_NAME_TORONTO CompletionTurn=118 EscapeResult=2 InitialResult=4 LevelAfter=2 LootInfo=-1 Name=LOC_CITIZEN_MAYA_MODERN_FEMALE_6 Operation=58 PlotIndex=1818
mission CityName=LOC_CITY_NAME_TORONTO CompletionTurn=114 EscapeResult=-1 InitialResult=1 LevelAfter=1 LootInfo=-1 Name=LOC_CITIZEN_MAYA_FEMALE_3 Operation=58 PlotIndex=1818
mission CityName=LOC_CITY_NAME_MONTREAL CompletionTurn=114 EscapeResult=-1 InitialResult=5 LevelAfter=2 LootInfo=-1 Name=LOC_CITIZEN_MAYA_FEMALE_7 Operation=58 PlotIndex=1314
mission CityName=LOC_CITY_NAME_OTTAWA CompletionTurn=113 EscapeResult=-1 InitialResult=5 LevelAfter=3 LootInfo=-1 Name=LOC_CITIZEN_MAYA_MODERN_MALE_1 Operation=58 PlotIndex=978
mission CityName=LOC_CITY_NAME_MONTREAL CompletionTurn=110 EscapeResult=-1 InitialResult=1 LevelAfter=1 LootInfo=-1 Name=LOC_CITIZEN_MAYA_MODERN_FEMALE_7 Operation=58 PlotIndex=1314
mission CityName=LOC_CITY_NAME_OTTAWA CompletionTurn=107 EscapeResult=-1 InitialResult=5 LevelAfter=2 LootInfo=-1 Name=LOC_CITIZEN_MAYA_MODERN_MALE_1 Operation=58 PlotIndex=978
tally 4  FOMENT_UNREST CAPTURED / NO_RESULT
tally 1  FOMENT_UNREST FAIL_MUST_ESCAPE / CAPTURED
tally 2  FOMENT_UNREST FAIL_MUST_ESCAPE / FAIL_MUST_ESCAPE
tally 2  FOMENT_UNREST FAIL_MUST_ESCAPE / KILLED
tally 1  FOMENT_UNREST FAIL_MUST_ESCAPE / NO_RESULT
tally 3  FOMENT_UNREST FAIL_UNDETECTED / NO_RESULT
tally 1  FOMENT_UNREST KILLED / NO_RESULT
tally 1  FOMENT_UNREST SUCCESS_MUST_ESCAPE / CAPTURED
tally 5  FOMENT_UNREST SUCCESS_MUST_ESCAPE / FAIL_MUST_ESCAPE
tally 15  FOMENT_UNREST SUCCESS_UNDETECTED / NO_RESULT
turn 146 spies active 6 idle 1 missions 35 captured-enemy 0
spy 2490375 LOC_CITIZEN_MAYA_MODERN_MALE_1 level 4 at 54:11 busy
spy 5701641 LOC_CITIZEN_MAYA_MALE_8 level 4 at 59:23 busy
spy 6225935 LOC_CITIZEN_MAYA_FEMALE_8 level 1 at 63:20 refused
spy 4849684 LOC_CITIZEN_MAYA_MODERN_FEMALE_8 level 3 at 65:16 busy
spy 5767189 LOC_CITIZEN_MAYA_MODERN_FEMALE_3 level 2 at 54:15 busy
spy 6029334 LOC_CITIZEN_MAYA_FEMALE_1 level 1 at 63:20 busy
spy 6422553 LOC_CITIZEN_MAYA_FEMALE_4 level 1 at 60:16 busy
turn 146 spies 7 started 0 travelled 0 promoted 0 bought 1 gold 50000
unblock: blocker ENDTURN_BLOCKING_SPY_CHOOSE_ESCAPE_ROUTE -> escape route DISTRICT_CITY_CENTER of 1 for spy 6029334 LOC_CITIZEN_MAYA_FEMALE_1 level 1 turn 146 city LOC_CITY_NAME_VANCOUVER p1 at 63:20 pursuer police | end turn requested
unstuck: InGamePopup: open, no close
unblock: blocker ENDTURN_BLOCKING_PRODUCTION -> NARANJO builds UNIT_WARRIOR | end turn requested
unstuck: InGamePopup: open, no close
unblock: blocker ENDTURN_BLOCKING_FILL_CIVIC_SLOT -> nothing | end turn requested
unstuck: closed sessions [2:2]
unstuck: DiplomacyActionView: Closing Diplomacy Action View. m_eventID: 2817662
unstuck: InGamePopup: open, no close
unblock: blocker ENDTURN_BLOCKING_FILL_CIVIC_SLOT -> nothing | end turn requested
unstuck: closed sessions [3:3]
unstuck: DiplomacyActionView: Closing Diplomacy Action View. m_eventID: 2818479
unstuck: InGamePopup: open, no close
unblock: blocker ENDTURN_BLOCKING_FILL_CIVIC_SLOT -> nothing | end turn requested
unstuck: InGamePopup: open, no close
mission CityName=LOC_CITY_NAME_OTTAWA CompletionTurn=147 EscapeResult=-1 InitialResult=4 LevelAfter=4 LootInfo=-1 Name=LOC_CITIZEN_MAYA_MODERN_MALE_1 Operation=58 PlotIndex=978
mission CityName=LOC_CITY_NAME_VANCOUVER CompletionTurn=145 EscapeResult=2 InitialResult=2 LevelAfter=1 LootInfo=-1 Name=LOC_CITIZEN_MAYA_FEMALE_1 Operation=58 PlotIndex=1743
mission CityName=LOC_CITY_NAME_MONTREAL CompletionTurn=144 EscapeResult=-1 InitialResult=5 LevelAfter=2 LootInfo=-1 Name=LOC_CITIZEN_MAYA_MODERN_FEMALE_3 Operation=58 PlotIndex=1314
mission CityName=LOC_CITY_NAME_TORONTO CompletionTurn=144 EscapeResult=2 InitialResult=2 LevelAfter=2 LootInfo=-1 Name=LOC_CITIZEN_MAYA_MODERN_FEMALE_4 Operation=58 PlotIndex=1818
mission CityName=LOC_CITY_NAME_VICTORIA CompletionTurn=143 EscapeResult=0 InitialResult=2 LevelAfter=3 LootInfo=-1 Name=LOC_CITIZEN_MAYA_MODERN_FEMALE_6 Operation=58 PlotIndex=888
mission CityName=LOC_CITY_NAME_OTTAWA CompletionTurn=143 EscapeResult=-1 InitialResult=3 LevelAfter=4 LootInfo=-1 Name=LOC_CITIZEN_MAYA_MODERN_MALE_1 Operation=58 PlotIndex=978
mission CityName=LOC_CITY_NAME_HALIFAX CompletionTurn=142 EscapeResult=-1 InitialResult=5 LevelAfter=3 LootInfo=-1 Name=LOC_CITIZEN_MAYA_MODERN_FEMALE_8 Operation=58 PlotIndex=1409
mission CityName=LOC_CITY_NAME_CALGARY CompletionTurn=142 EscapeResult=-1 InitialResult=5 LevelAfter=4 LootInfo=-1 Name=LOC_CITIZEN_MAYA_MALE_8 Operation=58 PlotIndex=1991
mission CityName=LOC_CITY_NAME_MONTREAL CompletionTurn=141 EscapeResult=-1 InitialResult=1 LevelAfter=2 LootInfo=-1 Name=LOC_CITIZEN_MAYA_MODERN_MALE_4 Operation=58 PlotIndex=1314
mission CityName=LOC_CITY_NAME_MONTREAL CompletionTurn=140 EscapeResult=-1 InitialResult=5 LevelAfter=2 LootInfo=-1 Name=LOC_CITIZEN_MAYA_MODERN_MALE_4 Operation=58 PlotIndex=1314
mission CityName=LOC_CITY_NAME_QUEBEC_CITY CompletionTurn=140 EscapeResult=2 InitialResult=4 LevelAfter=3 LootInfo=-1 Name=LOC_CITIZEN_MAYA_FEMALE_6 Operation=58 PlotIndex=1404
mission CityName=LOC_CITY_NAME_OTTAWA CompletionTurn=139 EscapeResult=-1 InitialResult=5 LevelAfter=4 LootInfo=-1 Name=LOC_CITIZEN_MAYA_MODERN_MALE_1 Operation=58 PlotIndex=978
mission CityName=LOC_CITY_NAME_VICTORIA CompletionTurn=138 EscapeResult=1 InitialResult=4 LevelAfter=2 LootInfo=-1 Name=LOC_CITIZEN_MAYA_MALE_2 Operation=58 PlotIndex=888
mission CityName=LOC_CITY_NAME_TORONTO CompletionTurn=137 EscapeResult=-1 InitialResult=5 LevelAfter=2 LootInfo=-1 Name=LOC_CITIZEN_MAYA_MODERN_FEMALE_4 Operation=58 PlotIndex=1818
mission CityName=LOC_CITY_NAME_QUEBEC_CITY CompletionTurn=136 EscapeResult=-1 InitialResult=1 LevelAfter=2 LootInfo=-1 Name=LOC_CITIZEN_MAYA_MODERN_MALE_9 Operation=58 PlotIndex=1404
mission CityName=LOC_CITY_NAME_HALIFAX CompletionTurn=135 EscapeResult=-1 InitialResult=5 LevelAfter=2 LootInfo=-1 Name=LOC_CITIZEN_MAYA_MODERN_FEMALE_8 Operation=58 PlotIndex=1409
mission CityName=LOC_CITY_NAME_OTTAWA CompletionTurn=135 EscapeResult=-1 InitialResult=5 LevelAfter=4 LootInfo=-1 Name=LOC_CITIZEN_MAYA_MODERN_MALE_1 Operation=58 PlotIndex=978
mission CityName=LOC_CITY_NAME_CALGARY CompletionTurn=133 EscapeResult=2 InitialResult=4 LevelAfter=3 LootInfo=-1 Name=LOC_CITIZEN_MAYA_MALE_8 Operation=58 PlotIndex=1991
mission CityName=LOC_CITY_NAME_MONTREAL CompletionTurn=132 EscapeResult=0 InitialResult=2 LevelAfter=1 LootInfo=-1 Name=LOC_CITIZEN_MAYA_MALE_5 Operation=58 PlotIndex=1314
mission CityName=LOC_CITY_NAME_QUEBEC_CITY CompletionTurn=131 EscapeResult=-1 InitialResult=5 LevelAfter=2 LootInfo=-1 Name=LOC_CITIZEN_MAYA_MODERN_MALE_9 Operation=58 PlotIndex=1404
mission CityName=LOC_CITY_NAME_OTTAWA CompletionTurn=130 EscapeResult=-1 InitialResult=5 LevelAfter=4 LootInfo=-1 Name=LOC_CITIZEN_MAYA_MODERN_MALE_1 Operation=58 PlotIndex=978
mission CityName=LOC_CITY_NAME_CALGARY CompletionTurn=129 EscapeResult=-1 InitialResult=3 LevelAfter=2 LootInfo=-1 Name=LOC_CITIZEN_MAYA_MALE_8 Operation=58 PlotIndex=1991
mission CityName=LOC_CITY_NAME_TORONTO CompletionTurn=129 EscapeResult=2 InitialResult=4 LevelAfter=3 LootInfo=-1 Name=LOC_CITIZEN_MAYA_MODERN_FEMALE_6 Operation=58 PlotIndex=1818
mission CityName=LOC_CITY_NAME_MONTREAL CompletionTurn=127 EscapeResult=2 InitialResult=2 LevelAfter=1 LootInfo=-1 Name=LOC_CITIZEN_MAYA_MALE_2 Operation=58 PlotIndex=1314
mission CityName=LOC_CITY_NAME_OTTAWA CompletionTurn=124 EscapeResult=-1 InitialResult=5 LevelAfter=4 LootInfo=-1 Name=LOC_CITIZEN_MAYA_MODERN_MALE_1 Operation=58 PlotIndex=978
mission CityName=LOC_CITY_NAME_CALGARY CompletionTurn=123 EscapeResult=-1 InitialResult=5 LevelAfter=2 LootInfo=-1 Name=LOC_CITIZEN_MAYA_MALE_8 Operation=58 PlotIndex=1991
mission CityName=LOC_CITY_NAME_HALIFAX CompletionTurn=121 EscapeResult=2 InitialResult=4 LevelAfter=2 LootInfo=-1 Name=LOC_CITIZEN_MAYA_FEMALE_6 Operation=58 PlotIndex=1409
mission CityName=LOC_CITY_NAME_OTTAWA CompletionTurn=120 EscapeResult=-1 InitialResult=3 LevelAfter=3 LootInfo=-1 Name=LOC_CITIZEN_MAYA_MODERN_MALE_1 Operation=58 PlotIndex=978
mission CityName=LOC_CITY_NAME_MONTREAL CompletionTurn=120 EscapeResult=-1 InitialResult=0 LevelAfter=2 LootInfo=-1 Name=LOC_CITIZEN_MAYA_FEMALE_7 Operation=58 PlotIndex=1314
mission CityName=LOC_CITY_NAME_QUEBEC_CITY CompletionTurn=118 EscapeResult=1 InitialResult=2 LevelAfter=1 LootInfo=-1 Name=LOC_CITIZEN_MAYA_MODERN_FEMALE_1 Operation=58 PlotIndex=1404
mission CityName=LOC_CITY_NAME_TORONTO CompletionTurn=118 EscapeResult=2 InitialResult=4 LevelAfter=2 LootInfo=-1 Name=LOC_CITIZEN_MAYA_MODERN_FEMALE_6 Operation=58 PlotIndex=1818
mission CityName=LOC_CITY_NAME_TORONTO CompletionTurn=114 EscapeResult=-1 InitialResult=1 LevelAfter=1 LootInfo=-1 Name=LOC_CITIZEN_MAYA_FEMALE_3 Operation=58 PlotIndex=1818
mission CityName=LOC_CITY_NAME_MONTREAL CompletionTurn=114 EscapeResult=-1 InitialResult=5 LevelAfter=2 LootInfo=-1 Name=LOC_CITIZEN_MAYA_FEMALE_7 Operation=58 PlotIndex=1314
mission CityName=LOC_CITY_NAME_OTTAWA CompletionTurn=113 EscapeResult=-1 InitialResult=5 LevelAfter=3 LootInfo=-1 Name=LOC_CITIZEN_MAYA_MODERN_MALE_1 Operation=58 PlotIndex=978
mission CityName=LOC_CITY_NAME_MONTREAL CompletionTurn=110 EscapeResult=-1 InitialResult=1 LevelAfter=1 LootInfo=-1 Name=LOC_CITIZEN_MAYA_MODERN_FEMALE_7 Operation=58 PlotIndex=1314
mission CityName=LOC_CITY_NAME_OTTAWA CompletionTurn=107 EscapeResult=-1 InitialResult=5 LevelAfter=2 LootInfo=-1 Name=LOC_CITIZEN_MAYA_MODERN_MALE_1 Operation=58 PlotIndex=978
tally 4  FOMENT_UNREST CAPTURED / NO_RESULT
tally 1  FOMENT_UNREST FAIL_MUST_ESCAPE / CAPTURED
tally 3  FOMENT_UNREST FAIL_MUST_ESCAPE / FAIL_MUST_ESCAPE
tally 2  FOMENT_UNREST FAIL_MUST_ESCAPE / KILLED
tally 3  FOMENT_UNREST FAIL_UNDETECTED / NO_RESULT
tally 1  FOMENT_UNREST KILLED / NO_RESULT
tally 1  FOMENT_UNREST SUCCESS_MUST_ESCAPE / CAPTURED
tally 5  FOMENT_UNREST SUCCESS_MUST_ESCAPE / FAIL_MUST_ESCAPE
tally 1  FOMENT_UNREST SUCCESS_MUST_ESCAPE / NO_RESULT
tally 15  FOMENT_UNREST SUCCESS_UNDETECTED / NO_RESULT
turn 147 spies active 4 idle 4 missions 36 captured-enemy 0
spy 2490375 LOC_CITIZEN_MAYA_MODERN_MALE_1 level 4 at 54:11 busy
spy 5701641 LOC_CITIZEN_MAYA_MALE_8 level 4 at 59:23 busy
spy 6225935 LOC_CITIZEN_MAYA_FEMALE_8 level 1 at 63:20 refused
spy 6553616 LOC_CITIZEN_MAYA_MODERN_MALE_6 level 1 at 36:42 notarget
spy 4849684 LOC_CITIZEN_MAYA_MODERN_FEMALE_8 level 3 at 65:16 busy
spy 5767189 LOC_CITIZEN_MAYA_MODERN_FEMALE_3 level 2 at 54:15 refused
spy 6619158 LOC_CITIZEN_MAYA_MODERN_FEMALE_4 level 2 at 36:42 notarget
spy 6422553 LOC_CITIZEN_MAYA_FEMALE_4 level 1 at 60:16 busy
turn 147 spies 8 started 0 travelled 0 promoted 0 bought 0 gold 50000
unblock: blocker ENDTURN_BLOCKING_SPY_CHOOSE_ESCAPE_ROUTE -> escape route DISTRICT_CITY_CENTER of 2 for spy 2490375 LOC_CITIZEN_MAYA_MODERN_MALE_1 level 4 turn 147 city LOC_CITY_NAME_OTTAWA p1 at 54:11 pursuer police | end turn requested
unstuck: InGamePopup: open, no close
mission CityName=LOC_CITY_NAME_OTTAWA CompletionTurn=147 EscapeResult=-1 InitialResult=4 LevelAfter=4 LootInfo=-1 Name=LOC_CITIZEN_MAYA_MODERN_MALE_1 Operation=58 PlotIndex=978
mission CityName=LOC_CITY_NAME_VANCOUVER CompletionTurn=145 EscapeResult=2 InitialResult=2 LevelAfter=1 LootInfo=-1 Name=LOC_CITIZEN_MAYA_FEMALE_1 Operation=58 PlotIndex=1743
mission CityName=LOC_CITY_NAME_MONTREAL CompletionTurn=144 EscapeResult=-1 InitialResult=5 LevelAfter=2 LootInfo=-1 Name=LOC_CITIZEN_MAYA_MODERN_FEMALE_3 Operation=58 PlotIndex=1314
mission CityName=LOC_CITY_NAME_TORONTO CompletionTurn=144 EscapeResult=2 InitialResult=2 LevelAfter=2 LootInfo=-1 Name=LOC_CITIZEN_MAYA_MODERN_FEMALE_4 Operation=58 PlotIndex=1818
mission CityName=LOC_CITY_NAME_VICTORIA CompletionTurn=143 EscapeResult=0 InitialResult=2 LevelAfter=3 LootInfo=-1 Name=LOC_CITIZEN_MAYA_MODERN_FEMALE_6 Operation=58 PlotIndex=888
mission CityName=LOC_CITY_NAME_OTTAWA CompletionTurn=143 EscapeResult=-1 InitialResult=3 LevelAfter=4 LootInfo=-1 Name=LOC_CITIZEN_MAYA_MODERN_MALE_1 Operation=58 PlotIndex=978
mission CityName=LOC_CITY_NAME_HALIFAX CompletionTurn=142 EscapeResult=-1 InitialResult=5 LevelAfter=3 LootInfo=-1 Name=LOC_CITIZEN_MAYA_MODERN_FEMALE_8 Operation=58 PlotIndex=1409
mission CityName=LOC_CITY_NAME_CALGARY CompletionTurn=142 EscapeResult=-1 InitialResult=5 LevelAfter=4 LootInfo=-1 Name=LOC_CITIZEN_MAYA_MALE_8 Operation=58 PlotIndex=1991
mission CityName=LOC_CITY_NAME_MONTREAL CompletionTurn=141 EscapeResult=-1 InitialResult=1 LevelAfter=2 LootInfo=-1 Name=LOC_CITIZEN_MAYA_MODERN_MALE_4 Operation=58 PlotIndex=1314
mission CityName=LOC_CITY_NAME_MONTREAL CompletionTurn=140 EscapeResult=-1 InitialResult=5 LevelAfter=2 LootInfo=-1 Name=LOC_CITIZEN_MAYA_MODERN_MALE_4 Operation=58 PlotIndex=1314
mission CityName=LOC_CITY_NAME_QUEBEC_CITY CompletionTurn=140 EscapeResult=2 InitialResult=4 LevelAfter=3 LootInfo=-1 Name=LOC_CITIZEN_MAYA_FEMALE_6 Operation=58 PlotIndex=1404
mission CityName=LOC_CITY_NAME_OTTAWA CompletionTurn=139 EscapeResult=-1 InitialResult=5 LevelAfter=4 LootInfo=-1 Name=LOC_CITIZEN_MAYA_MODERN_MALE_1 Operation=58 PlotIndex=978
mission CityName=LOC_CITY_NAME_VICTORIA CompletionTurn=138 EscapeResult=1 InitialResult=4 LevelAfter=2 LootInfo=-1 Name=LOC_CITIZEN_MAYA_MALE_2 Operation=58 PlotIndex=888
mission CityName=LOC_CITY_NAME_TORONTO CompletionTurn=137 EscapeResult=-1 InitialResult=5 LevelAfter=2 LootInfo=-1 Name=LOC_CITIZEN_MAYA_MODERN_FEMALE_4 Operation=58 PlotIndex=1818
mission CityName=LOC_CITY_NAME_QUEBEC_CITY CompletionTurn=136 EscapeResult=-1 InitialResult=1 LevelAfter=2 LootInfo=-1 Name=LOC_CITIZEN_MAYA_MODERN_MALE_9 Operation=58 PlotIndex=1404
mission CityName=LOC_CITY_NAME_HALIFAX CompletionTurn=135 EscapeResult=-1 InitialResult=5 LevelAfter=2 LootInfo=-1 Name=LOC_CITIZEN_MAYA_MODERN_FEMALE_8 Operation=58 PlotIndex=1409
mission CityName=LOC_CITY_NAME_OTTAWA CompletionTurn=135 EscapeResult=-1 InitialResult=5 LevelAfter=4 LootInfo=-1 Name=LOC_CITIZEN_MAYA_MODERN_MALE_1 Operation=58 PlotIndex=978
mission CityName=LOC_CITY_NAME_CALGARY CompletionTurn=133 EscapeResult=2 InitialResult=4 LevelAfter=3 LootInfo=-1 Name=LOC_CITIZEN_MAYA_MALE_8 Operation=58 PlotIndex=1991
mission CityName=LOC_CITY_NAME_MONTREAL CompletionTurn=132 EscapeResult=0 InitialResult=2 LevelAfter=1 LootInfo=-1 Name=LOC_CITIZEN_MAYA_MALE_5 Operation=58 PlotIndex=1314
mission CityName=LOC_CITY_NAME_QUEBEC_CITY CompletionTurn=131 EscapeResult=-1 InitialResult=5 LevelAfter=2 LootInfo=-1 Name=LOC_CITIZEN_MAYA_MODERN_MALE_9 Operation=58 PlotIndex=1404
mission CityName=LOC_CITY_NAME_OTTAWA CompletionTurn=130 EscapeResult=-1 InitialResult=5 LevelAfter=4 LootInfo=-1 Name=LOC_CITIZEN_MAYA_MODERN_MALE_1 Operation=58 PlotIndex=978
mission CityName=LOC_CITY_NAME_CALGARY CompletionTurn=129 EscapeResult=-1 InitialResult=3 LevelAfter=2 LootInfo=-1 Name=LOC_CITIZEN_MAYA_MALE_8 Operation=58 PlotIndex=1991
mission CityName=LOC_CITY_NAME_TORONTO CompletionTurn=129 EscapeResult=2 InitialResult=4 LevelAfter=3 LootInfo=-1 Name=LOC_CITIZEN_MAYA_MODERN_FEMALE_6 Operation=58 PlotIndex=1818
mission CityName=LOC_CITY_NAME_MONTREAL CompletionTurn=127 EscapeResult=2 InitialResult=2 LevelAfter=1 LootInfo=-1 Name=LOC_CITIZEN_MAYA_MALE_2 Operation=58 PlotIndex=1314
mission CityName=LOC_CITY_NAME_OTTAWA CompletionTurn=124 EscapeResult=-1 InitialResult=5 LevelAfter=4 LootInfo=-1 Name=LOC_CITIZEN_MAYA_MODERN_MALE_1 Operation=58 PlotIndex=978
mission CityName=LOC_CITY_NAME_CALGARY CompletionTurn=123 EscapeResult=-1 InitialResult=5 LevelAfter=2 LootInfo=-1 Name=LOC_CITIZEN_MAYA_MALE_8 Operation=58 PlotIndex=1991
mission CityName=LOC_CITY_NAME_HALIFAX CompletionTurn=121 EscapeResult=2 InitialResult=4 LevelAfter=2 LootInfo=-1 Name=LOC_CITIZEN_MAYA_FEMALE_6 Operation=58 PlotIndex=1409
mission CityName=LOC_CITY_NAME_OTTAWA CompletionTurn=120 EscapeResult=-1 InitialResult=3 LevelAfter=3 LootInfo=-1 Name=LOC_CITIZEN_MAYA_MODERN_MALE_1 Operation=58 PlotIndex=978
mission CityName=LOC_CITY_NAME_MONTREAL CompletionTurn=120 EscapeResult=-1 InitialResult=0 LevelAfter=2 LootInfo=-1 Name=LOC_CITIZEN_MAYA_FEMALE_7 Operation=58 PlotIndex=1314
mission CityName=LOC_CITY_NAME_QUEBEC_CITY CompletionTurn=118 EscapeResult=1 InitialResult=2 LevelAfter=1 LootInfo=-1 Name=LOC_CITIZEN_MAYA_MODERN_FEMALE_1 Operation=58 PlotIndex=1404
mission CityName=LOC_CITY_NAME_TORONTO CompletionTurn=118 EscapeResult=2 InitialResult=4 LevelAfter=2 LootInfo=-1 Name=LOC_CITIZEN_MAYA_MODERN_FEMALE_6 Operation=58 PlotIndex=1818
mission CityName=LOC_CITY_NAME_TORONTO CompletionTurn=114 EscapeResult=-1 InitialResult=1 LevelAfter=1 LootInfo=-1 Name=LOC_CITIZEN_MAYA_FEMALE_3 Operation=58 PlotIndex=1818
mission CityName=LOC_CITY_NAME_MONTREAL CompletionTurn=114 EscapeResult=-1 InitialResult=5 LevelAfter=2 LootInfo=-1 Name=LOC_CITIZEN_MAYA_FEMALE_7 Operation=58 PlotIndex=1314
mission CityName=LOC_CITY_NAME_OTTAWA CompletionTurn=113 EscapeResult=-1 InitialResult=5 LevelAfter=3 LootInfo=-1 Name=LOC_CITIZEN_MAYA_MODERN_MALE_1 Operation=58 PlotIndex=978
mission CityName=LOC_CITY_NAME_MONTREAL CompletionTurn=110 EscapeResult=-1 InitialResult=1 LevelAfter=1 LootInfo=-1 Name=LOC_CITIZEN_MAYA_MODERN_FEMALE_7 Operation=58 PlotIndex=1314
mission CityName=LOC_CITY_NAME_OTTAWA CompletionTurn=107 EscapeResult=-1 InitialResult=5 LevelAfter=2 LootInfo=-1 Name=LOC_CITIZEN_MAYA_MODERN_MALE_1 Operation=58 PlotIndex=978
tally 4  FOMENT_UNREST CAPTURED / NO_RESULT
tally 1  FOMENT_UNREST FAIL_MUST_ESCAPE / CAPTURED
tally 3  FOMENT_UNREST FAIL_MUST_ESCAPE / FAIL_MUST_ESCAPE
tally 2  FOMENT_UNREST FAIL_MUST_ESCAPE / KILLED
tally 3  FOMENT_UNREST FAIL_UNDETECTED / NO_RESULT
tally 1  FOMENT_UNREST KILLED / NO_RESULT
tally 1  FOMENT_UNREST SUCCESS_MUST_ESCAPE / CAPTURED
tally 5  FOMENT_UNREST SUCCESS_MUST_ESCAPE / FAIL_MUST_ESCAPE
tally 1  FOMENT_UNREST SUCCESS_MUST_ESCAPE / NO_RESULT
tally 15  FOMENT_UNREST SUCCESS_UNDETECTED / NO_RESULT
turn 148 spies active 4 idle 5 missions 36 captured-enemy 0
spy 2490375 LOC_CITIZEN_MAYA_MODERN_MALE_1 level 4 at 54:11 busy
spy 5701641 LOC_CITIZEN_MAYA_MALE_8 level 4 at 59:23 busy
spy 6750221 LOC_CITIZEN_MAYA_FEMALE_6 level 3 at 48:10 start
spy 6225935 LOC_CITIZEN_MAYA_FEMALE_8 level 1 at 63:20 start
spy 6553616 LOC_CITIZEN_MAYA_MODERN_MALE_6 level 1 at 36:42 travel
spy 4849684 LOC_CITIZEN_MAYA_MODERN_FEMALE_8 level 3 at 65:16 busy
spy 5767189 LOC_CITIZEN_MAYA_MODERN_FEMALE_3 level 2 at 54:15 start
spy 6619158 LOC_CITIZEN_MAYA_MODERN_FEMALE_4 level 2 at 36:42 travel
spy 6422553 LOC_CITIZEN_MAYA_FEMALE_4 level 1 at 60:16 busy
turn 148 spies 9 started 3 travelled 2 promoted 0 bought 0 gold 50000
unblock: blocker ENDTURN_BLOCKING_SPY_CHOOSE_ESCAPE_ROUTE -> escape route DISTRICT_CITY_CENTER of 2 for spy 2490375 LOC_CITIZEN_MAYA_MODERN_MALE_1 level 4 turn 148 city LOC_CITY_NAME_OTTAWA p1 at 54:11 pursuer police | end turn requested
unstuck: InGamePopup: open, no close
unblock: blocker ENDTURN_BLOCKING_PRODUCTION -> NARANJO builds UNIT_WARRIOR | end turn requested
unstuck: InGamePopup: open, no close
mission CityName=LOC_CITY_NAME_QUEBEC_CITY CompletionTurn=149 EscapeResult=-1 InitialResult=5 LevelAfter=2 LootInfo=-1 Name=LOC_CITIZEN_MAYA_FEMALE_4 Operation=58 PlotIndex=1404
mission CityName=LOC_CITY_NAME_HALIFAX CompletionTurn=149 EscapeResult=-1 InitialResult=2 LevelAfter=3 LootInfo=-1 Name=LOC_CITIZEN_MAYA_MODERN_FEMALE_8 Operation=58 PlotIndex=1409
mission CityName=LOC_CITY_NAME_CALGARY CompletionTurn=149 EscapeResult=-1 InitialResult=5 LevelAfter=4 LootInfo=-1 Name=LOC_CITIZEN_MAYA_MALE_8 Operation=58 PlotIndex=1991
mission CityName=LOC_CITY_NAME_OTTAWA CompletionTurn=147 EscapeResult=2 InitialResult=4 LevelAfter=4 LootInfo=-1 Name=LOC_CITIZEN_MAYA_MODERN_MALE_1 Operation=58 PlotIndex=978
mission CityName=LOC_CITY_NAME_VANCOUVER CompletionTurn=145 EscapeResult=2 InitialResult=2 LevelAfter=1 LootInfo=-1 Name=LOC_CITIZEN_MAYA_FEMALE_1 Operation=58 PlotIndex=1743
mission CityName=LOC_CITY_NAME_MONTREAL CompletionTurn=144 EscapeResult=-1 InitialResult=5 LevelAfter=2 LootInfo=-1 Name=LOC_CITIZEN_MAYA_MODERN_FEMALE_3 Operation=58 PlotIndex=1314
mission CityName=LOC_CITY_NAME_TORONTO CompletionTurn=144 EscapeResult=2 InitialResult=2 LevelAfter=2 LootInfo=-1 Name=LOC_CITIZEN_MAYA_MODERN_FEMALE_4 Operation=58 PlotIndex=1818
mission CityName=LOC_CITY_NAME_VICTORIA CompletionTurn=143 EscapeResult=0 InitialResult=2 LevelAfter=3 LootInfo=-1 Name=LOC_CITIZEN_MAYA_MODERN_FEMALE_6 Operation=58 PlotIndex=888
mission CityName=LOC_CITY_NAME_OTTAWA CompletionTurn=143 EscapeResult=-1 InitialResult=3 LevelAfter=4 LootInfo=-1 Name=LOC_CITIZEN_MAYA_MODERN_MALE_1 Operation=58 PlotIndex=978
mission CityName=LOC_CITY_NAME_HALIFAX CompletionTurn=142 EscapeResult=-1 InitialResult=5 LevelAfter=3 LootInfo=-1 Name=LOC_CITIZEN_MAYA_MODERN_FEMALE_8 Operation=58 PlotIndex=1409
mission CityName=LOC_CITY_NAME_CALGARY CompletionTurn=142 EscapeResult=-1 InitialResult=5 LevelAfter=4 LootInfo=-1 Name=LOC_CITIZEN_MAYA_MALE_8 Operation=58 PlotIndex=1991
mission CityName=LOC_CITY_NAME_MONTREAL CompletionTurn=141 EscapeResult=-1 InitialResult=1 LevelAfter=2 LootInfo=-1 Name=LOC_CITIZEN_MAYA_MODERN_MALE_4 Operation=58 PlotIndex=1314
mission CityName=LOC_CITY_NAME_MONTREAL CompletionTurn=140 EscapeResult=-1 InitialResult=5 LevelAfter=2 LootInfo=-1 Name=LOC_CITIZEN_MAYA_MODERN_MALE_4 Operation=58 PlotIndex=1314
mission CityName=LOC_CITY_NAME_QUEBEC_CITY CompletionTurn=140 EscapeResult=2 InitialResult=4 LevelAfter=3 LootInfo=-1 Name=LOC_CITIZEN_MAYA_FEMALE_6 Operation=58 PlotIndex=1404
mission CityName=LOC_CITY_NAME_OTTAWA CompletionTurn=139 EscapeResult=-1 InitialResult=5 LevelAfter=4 LootInfo=-1 Name=LOC_CITIZEN_MAYA_MODERN_MALE_1 Operation=58 PlotIndex=978
mission CityName=LOC_CITY_NAME_VICTORIA CompletionTurn=138 EscapeResult=1 InitialResult=4 LevelAfter=2 LootInfo=-1 Name=LOC_CITIZEN_MAYA_MALE_2 Operation=58 PlotIndex=888
mission CityName=LOC_CITY_NAME_TORONTO CompletionTurn=137 EscapeResult=-1 InitialResult=5 LevelAfter=2 LootInfo=-1 Name=LOC_CITIZEN_MAYA_MODERN_FEMALE_4 Operation=58 PlotIndex=1818
mission CityName=LOC_CITY_NAME_QUEBEC_CITY CompletionTurn=136 EscapeResult=-1 InitialResult=1 LevelAfter=2 LootInfo=-1 Name=LOC_CITIZEN_MAYA_MODERN_MALE_9 Operation=58 PlotIndex=1404
mission CityName=LOC_CITY_NAME_HALIFAX CompletionTurn=135 EscapeResult=-1 InitialResult=5 LevelAfter=2 LootInfo=-1 Name=LOC_CITIZEN_MAYA_MODERN_FEMALE_8 Operation=58 PlotIndex=1409
mission CityName=LOC_CITY_NAME_OTTAWA CompletionTurn=135 EscapeResult=-1 InitialResult=5 LevelAfter=4 LootInfo=-1 Name=LOC_CITIZEN_MAYA_MODERN_MALE_1 Operation=58 PlotIndex=978
mission CityName=LOC_CITY_NAME_CALGARY CompletionTurn=133 EscapeResult=2 InitialResult=4 LevelAfter=3 LootInfo=-1 Name=LOC_CITIZEN_MAYA_MALE_8 Operation=58 PlotIndex=1991
mission CityName=LOC_CITY_NAME_MONTREAL CompletionTurn=132 EscapeResult=0 InitialResult=2 LevelAfter=1 LootInfo=-1 Name=LOC_CITIZEN_MAYA_MALE_5 Operation=58 PlotIndex=1314
mission CityName=LOC_CITY_NAME_QUEBEC_CITY CompletionTurn=131 EscapeResult=-1 InitialResult=5 LevelAfter=2 LootInfo=-1 Name=LOC_CITIZEN_MAYA_MODERN_MALE_9 Operation=58 PlotIndex=1404
mission CityName=LOC_CITY_NAME_OTTAWA CompletionTurn=130 EscapeResult=-1 InitialResult=5 LevelAfter=4 LootInfo=-1 Name=LOC_CITIZEN_MAYA_MODERN_MALE_1 Operation=58 PlotIndex=978
mission CityName=LOC_CITY_NAME_CALGARY CompletionTurn=129 EscapeResult=-1 InitialResult=3 LevelAfter=2 LootInfo=-1 Name=LOC_CITIZEN_MAYA_MALE_8 Operation=58 PlotIndex=1991
mission CityName=LOC_CITY_NAME_TORONTO CompletionTurn=129 EscapeResult=2 InitialResult=4 LevelAfter=3 LootInfo=-1 Name=LOC_CITIZEN_MAYA_MODERN_FEMALE_6 Operation=58 PlotIndex=1818
mission CityName=LOC_CITY_NAME_MONTREAL CompletionTurn=127 EscapeResult=2 InitialResult=2 LevelAfter=1 LootInfo=-1 Name=LOC_CITIZEN_MAYA_MALE_2 Operation=58 PlotIndex=1314
mission CityName=LOC_CITY_NAME_OTTAWA CompletionTurn=124 EscapeResult=-1 InitialResult=5 LevelAfter=4 LootInfo=-1 Name=LOC_CITIZEN_MAYA_MODERN_MALE_1 Operation=58 PlotIndex=978
mission CityName=LOC_CITY_NAME_CALGARY CompletionTurn=123 EscapeResult=-1 InitialResult=5 LevelAfter=2 LootInfo=-1 Name=LOC_CITIZEN_MAYA_MALE_8 Operation=58 PlotIndex=1991
mission CityName=LOC_CITY_NAME_HALIFAX CompletionTurn=121 EscapeResult=2 InitialResult=4 LevelAfter=2 LootInfo=-1 Name=LOC_CITIZEN_MAYA_FEMALE_6 Operation=58 PlotIndex=1409
mission CityName=LOC_CITY_NAME_OTTAWA CompletionTurn=120 EscapeResult=-1 InitialResult=3 LevelAfter=3 LootInfo=-1 Name=LOC_CITIZEN_MAYA_MODERN_MALE_1 Operation=58 PlotIndex=978
mission CityName=LOC_CITY_NAME_MONTREAL CompletionTurn=120 EscapeResult=-1 InitialResult=0 LevelAfter=2 LootInfo=-1 Name=LOC_CITIZEN_MAYA_FEMALE_7 Operation=58 PlotIndex=1314
mission CityName=LOC_CITY_NAME_QUEBEC_CITY CompletionTurn=118 EscapeResult=1 InitialResult=2 LevelAfter=1 LootInfo=-1 Name=LOC_CITIZEN_MAYA_MODERN_FEMALE_1 Operation=58 PlotIndex=1404
mission CityName=LOC_CITY_NAME_TORONTO CompletionTurn=118 EscapeResult=2 InitialResult=4 LevelAfter=2 LootInfo=-1 Name=LOC_CITIZEN_MAYA_MODERN_FEMALE_6 Operation=58 PlotIndex=1818
mission CityName=LOC_CITY_NAME_TORONTO CompletionTurn=114 EscapeResult=-1 InitialResult=1 LevelAfter=1 LootInfo=-1 Name=LOC_CITIZEN_MAYA_FEMALE_3 Operation=58 PlotIndex=1818
mission CityName=LOC_CITY_NAME_MONTREAL CompletionTurn=114 EscapeResult=-1 InitialResult=5 LevelAfter=2 LootInfo=-1 Name=LOC_CITIZEN_MAYA_FEMALE_7 Operation=58 PlotIndex=1314
mission CityName=LOC_CITY_NAME_OTTAWA CompletionTurn=113 EscapeResult=-1 InitialResult=5 LevelAfter=3 LootInfo=-1 Name=LOC_CITIZEN_MAYA_MODERN_MALE_1 Operation=58 PlotIndex=978
mission CityName=LOC_CITY_NAME_MONTREAL CompletionTurn=110 EscapeResult=-1 InitialResult=1 LevelAfter=1 LootInfo=-1 Name=LOC_CITIZEN_MAYA_MODERN_FEMALE_7 Operation=58 PlotIndex=1314
mission CityName=LOC_CITY_NAME_OTTAWA CompletionTurn=107 EscapeResult=-1 InitialResult=5 LevelAfter=2 LootInfo=-1 Name=LOC_CITIZEN_MAYA_MODERN_MALE_1 Operation=58 PlotIndex=978
tally 4  FOMENT_UNREST CAPTURED / NO_RESULT
tally 1  FOMENT_UNREST FAIL_MUST_ESCAPE / CAPTURED
tally 3  FOMENT_UNREST FAIL_MUST_ESCAPE / FAIL_MUST_ESCAPE
tally 2  FOMENT_UNREST FAIL_MUST_ESCAPE / KILLED
tally 1  FOMENT_UNREST FAIL_MUST_ESCAPE / NO_RESULT
tally 3  FOMENT_UNREST FAIL_UNDETECTED / NO_RESULT
tally 1  FOMENT_UNREST KILLED / NO_RESULT
tally 1  FOMENT_UNREST SUCCESS_MUST_ESCAPE / CAPTURED
tally 6  FOMENT_UNREST SUCCESS_MUST_ESCAPE / FAIL_MUST_ESCAPE
tally 17  FOMENT_UNREST SUCCESS_UNDETECTED / NO_RESULT
turn 149 spies active 4 idle 2 missions 39 captured-enemy 0
spy 5701641 LOC_CITIZEN_MAYA_MALE_8 level 4 at 59:23 refused
spy 6750221 LOC_CITIZEN_MAYA_FEMALE_6 level 3 at 48:10 busy
spy 6225935 LOC_CITIZEN_MAYA_FEMALE_8 level 1 at 63:20 busy
spy 4849684 LOC_CITIZEN_MAYA_MODERN_FEMALE_8 level 3 at 65:16 busy
spy 5767189 LOC_CITIZEN_MAYA_MODERN_FEMALE_3 level 2 at 54:15 busy
spy 6422553 LOC_CITIZEN_MAYA_FEMALE_4 level 1 at 60:16 refused
turn 149 spies 6 started 0 travelled 0 promoted 1 bought 0 gold 50000
unblock: blocker ENDTURN_BLOCKING_SPY_CHOOSE_ESCAPE_ROUTE -> escape route DISTRICT_CITY_CENTER of 1 for spy 4849684 LOC_CITIZEN_MAYA_MODERN_FEMALE_8 level 3 turn 149 city LOC_CITY_NAME_HALIFAX p1 at 65:16 pursuer police | end turn requested
unstuck: closed sessions [1:1]
unstuck: DiplomacyActionView: Closing Diplomacy Action View. m_eventID: 2846477
unstuck: InGamePopup: open, no close
unblock: blocker ENDTURN_BLOCKING_SPY_CHOOSE_ESCAPE_ROUTE -> escape route DISTRICT_CITY_CENTER of 1 for spy 4849684 LOC_CITIZEN_MAYA_MODERN_FEMALE_8 level 3 turn 149 city LOC_CITY_NAME_HALIFAX p1 at 65:16 pursuer police | end turn requested
unstuck: closed sessions [6:6]
unstuck: DiplomacyActionView: Closing Diplomacy Action View. m_eventID: 2850600
unstuck: InGamePopup: open, no close
mission CityName=LOC_CITY_NAME_QUEBEC_CITY CompletionTurn=149 EscapeResult=-1 InitialResult=5 LevelAfter=2 LootInfo=-1 Name=LOC_CITIZEN_MAYA_FEMALE_4 Operation=58 PlotIndex=1404
mission CityName=LOC_CITY_NAME_HALIFAX CompletionTurn=149 EscapeResult=-1 InitialResult=2 LevelAfter=3 LootInfo=-1 Name=LOC_CITIZEN_MAYA_MODERN_FEMALE_8 Operation=58 PlotIndex=1409
mission CityName=LOC_CITY_NAME_CALGARY CompletionTurn=149 EscapeResult=-1 InitialResult=5 LevelAfter=4 LootInfo=-1 Name=LOC_CITIZEN_MAYA_MALE_8 Operation=58 PlotIndex=1991
mission CityName=LOC_CITY_NAME_OTTAWA CompletionTurn=147 EscapeResult=2 InitialResult=4 LevelAfter=4 LootInfo=-1 Name=LOC_CITIZEN_MAYA_MODERN_MALE_1 Operation=58 PlotIndex=978
mission CityName=LOC_CITY_NAME_VANCOUVER CompletionTurn=145 EscapeResult=2 InitialResult=2 LevelAfter=1 LootInfo=-1 Name=LOC_CITIZEN_MAYA_FEMALE_1 Operation=58 PlotIndex=1743
mission CityName=LOC_CITY_NAME_MONTREAL CompletionTurn=144 EscapeResult=-1 InitialResult=5 LevelAfter=2 LootInfo=-1 Name=LOC_CITIZEN_MAYA_MODERN_FEMALE_3 Operation=58 PlotIndex=1314
mission CityName=LOC_CITY_NAME_TORONTO CompletionTurn=144 EscapeResult=2 InitialResult=2 LevelAfter=2 LootInfo=-1 Name=LOC_CITIZEN_MAYA_MODERN_FEMALE_4 Operation=58 PlotIndex=1818
mission CityName=LOC_CITY_NAME_VICTORIA CompletionTurn=143 EscapeResult=0 InitialResult=2 LevelAfter=3 LootInfo=-1 Name=LOC_CITIZEN_MAYA_MODERN_FEMALE_6 Operation=58 PlotIndex=888
mission CityName=LOC_CITY_NAME_OTTAWA CompletionTurn=143 EscapeResult=-1 InitialResult=3 LevelAfter=4 LootInfo=-1 Name=LOC_CITIZEN_MAYA_MODERN_MALE_1 Operation=58 PlotIndex=978
mission CityName=LOC_CITY_NAME_HALIFAX CompletionTurn=142 EscapeResult=-1 InitialResult=5 LevelAfter=3 LootInfo=-1 Name=LOC_CITIZEN_MAYA_MODERN_FEMALE_8 Operation=58 PlotIndex=1409
mission CityName=LOC_CITY_NAME_CALGARY CompletionTurn=142 EscapeResult=-1 InitialResult=5 LevelAfter=4 LootInfo=-1 Name=LOC_CITIZEN_MAYA_MALE_8 Operation=58 PlotIndex=1991
mission CityName=LOC_CITY_NAME_MONTREAL CompletionTurn=141 EscapeResult=-1 InitialResult=1 LevelAfter=2 LootInfo=-1 Name=LOC_CITIZEN_MAYA_MODERN_MALE_4 Operation=58 PlotIndex=1314
mission CityName=LOC_CITY_NAME_MONTREAL CompletionTurn=140 EscapeResult=-1 InitialResult=5 LevelAfter=2 LootInfo=-1 Name=LOC_CITIZEN_MAYA_MODERN_MALE_4 Operation=58 PlotIndex=1314
mission CityName=LOC_CITY_NAME_QUEBEC_CITY CompletionTurn=140 EscapeResult=2 InitialResult=4 LevelAfter=3 LootInfo=-1 Name=LOC_CITIZEN_MAYA_FEMALE_6 Operation=58 PlotIndex=1404
mission CityName=LOC_CITY_NAME_OTTAWA CompletionTurn=139 EscapeResult=-1 InitialResult=5 LevelAfter=4 LootInfo=-1 Name=LOC_CITIZEN_MAYA_MODERN_MALE_1 Operation=58 PlotIndex=978
mission CityName=LOC_CITY_NAME_VICTORIA CompletionTurn=138 EscapeResult=1 InitialResult=4 LevelAfter=2 LootInfo=-1 Name=LOC_CITIZEN_MAYA_MALE_2 Operation=58 PlotIndex=888
mission CityName=LOC_CITY_NAME_TORONTO CompletionTurn=137 EscapeResult=-1 InitialResult=5 LevelAfter=2 LootInfo=-1 Name=LOC_CITIZEN_MAYA_MODERN_FEMALE_4 Operation=58 PlotIndex=1818
mission CityName=LOC_CITY_NAME_QUEBEC_CITY CompletionTurn=136 EscapeResult=-1 InitialResult=1 LevelAfter=2 LootInfo=-1 Name=LOC_CITIZEN_MAYA_MODERN_MALE_9 Operation=58 PlotIndex=1404
mission CityName=LOC_CITY_NAME_HALIFAX CompletionTurn=135 EscapeResult=-1 InitialResult=5 LevelAfter=2 LootInfo=-1 Name=LOC_CITIZEN_MAYA_MODERN_FEMALE_8 Operation=58 PlotIndex=1409
mission CityName=LOC_CITY_NAME_OTTAWA CompletionTurn=135 EscapeResult=-1 InitialResult=5 LevelAfter=4 LootInfo=-1 Name=LOC_CITIZEN_MAYA_MODERN_MALE_1 Operation=58 PlotIndex=978
mission CityName=LOC_CITY_NAME_CALGARY CompletionTurn=133 EscapeResult=2 InitialResult=4 LevelAfter=3 LootInfo=-1 Name=LOC_CITIZEN_MAYA_MALE_8 Operation=58 PlotIndex=1991
mission CityName=LOC_CITY_NAME_MONTREAL CompletionTurn=132 EscapeResult=0 InitialResult=2 LevelAfter=1 LootInfo=-1 Name=LOC_CITIZEN_MAYA_MALE_5 Operation=58 PlotIndex=1314
mission CityName=LOC_CITY_NAME_QUEBEC_CITY CompletionTurn=131 EscapeResult=-1 InitialResult=5 LevelAfter=2 LootInfo=-1 Name=LOC_CITIZEN_MAYA_MODERN_MALE_9 Operation=58 PlotIndex=1404
mission CityName=LOC_CITY_NAME_OTTAWA CompletionTurn=130 EscapeResult=-1 InitialResult=5 LevelAfter=4 LootInfo=-1 Name=LOC_CITIZEN_MAYA_MODERN_MALE_1 Operation=58 PlotIndex=978
mission CityName=LOC_CITY_NAME_CALGARY CompletionTurn=129 EscapeResult=-1 InitialResult=3 LevelAfter=2 LootInfo=-1 Name=LOC_CITIZEN_MAYA_MALE_8 Operation=58 PlotIndex=1991
mission CityName=LOC_CITY_NAME_TORONTO CompletionTurn=129 EscapeResult=2 InitialResult=4 LevelAfter=3 LootInfo=-1 Name=LOC_CITIZEN_MAYA_MODERN_FEMALE_6 Operation=58 PlotIndex=1818
mission CityName=LOC_CITY_NAME_MONTREAL CompletionTurn=127 EscapeResult=2 InitialResult=2 LevelAfter=1 LootInfo=-1 Name=LOC_CITIZEN_MAYA_MALE_2 Operation=58 PlotIndex=1314
mission CityName=LOC_CITY_NAME_OTTAWA CompletionTurn=124 EscapeResult=-1 InitialResult=5 LevelAfter=4 LootInfo=-1 Name=LOC_CITIZEN_MAYA_MODERN_MALE_1 Operation=58 PlotIndex=978
mission CityName=LOC_CITY_NAME_CALGARY CompletionTurn=123 EscapeResult=-1 InitialResult=5 LevelAfter=2 LootInfo=-1 Name=LOC_CITIZEN_MAYA_MALE_8 Operation=58 PlotIndex=1991
mission CityName=LOC_CITY_NAME_HALIFAX CompletionTurn=121 EscapeResult=2 InitialResult=4 LevelAfter=2 LootInfo=-1 Name=LOC_CITIZEN_MAYA_FEMALE_6 Operation=58 PlotIndex=1409
mission CityName=LOC_CITY_NAME_OTTAWA CompletionTurn=120 EscapeResult=-1 InitialResult=3 LevelAfter=3 LootInfo=-1 Name=LOC_CITIZEN_MAYA_MODERN_MALE_1 Operation=58 PlotIndex=978
mission CityName=LOC_CITY_NAME_MONTREAL CompletionTurn=120 EscapeResult=-1 InitialResult=0 LevelAfter=2 LootInfo=-1 Name=LOC_CITIZEN_MAYA_FEMALE_7 Operation=58 PlotIndex=1314
mission CityName=LOC_CITY_NAME_QUEBEC_CITY CompletionTurn=118 EscapeResult=1 InitialResult=2 LevelAfter=1 LootInfo=-1 Name=LOC_CITIZEN_MAYA_MODERN_FEMALE_1 Operation=58 PlotIndex=1404
mission CityName=LOC_CITY_NAME_TORONTO CompletionTurn=118 EscapeResult=2 InitialResult=4 LevelAfter=2 LootInfo=-1 Name=LOC_CITIZEN_MAYA_MODERN_FEMALE_6 Operation=58 PlotIndex=1818
mission CityName=LOC_CITY_NAME_TORONTO CompletionTurn=114 EscapeResult=-1 InitialResult=1 LevelAfter=1 LootInfo=-1 Name=LOC_CITIZEN_MAYA_FEMALE_3 Operation=58 PlotIndex=1818
mission CityName=LOC_CITY_NAME_MONTREAL CompletionTurn=114 EscapeResult=-1 InitialResult=5 LevelAfter=2 LootInfo=-1 Name=LOC_CITIZEN_MAYA_FEMALE_7 Operation=58 PlotIndex=1314
mission CityName=LOC_CITY_NAME_OTTAWA CompletionTurn=113 EscapeResult=-1 InitialResult=5 LevelAfter=3 LootInfo=-1 Name=LOC_CITIZEN_MAYA_MODERN_MALE_1 Operation=58 PlotIndex=978
mission CityName=LOC_CITY_NAME_MONTREAL CompletionTurn=110 EscapeResult=-1 InitialResult=1 LevelAfter=1 LootInfo=-1 Name=LOC_CITIZEN_MAYA_MODERN_FEMALE_7 Operation=58 PlotIndex=1314
mission CityName=LOC_CITY_NAME_OTTAWA CompletionTurn=107 EscapeResult=-1 InitialResult=5 LevelAfter=2 LootInfo=-1 Name=LOC_CITIZEN_MAYA_MODERN_MALE_1 Operation=58 PlotIndex=978
tally 4  FOMENT_UNREST CAPTURED / NO_RESULT
tally 1  FOMENT_UNREST FAIL_MUST_ESCAPE / CAPTURED
tally 3  FOMENT_UNREST FAIL_MUST_ESCAPE / FAIL_MUST_ESCAPE
tally 2  FOMENT_UNREST FAIL_MUST_ESCAPE / KILLED
tally 1  FOMENT_UNREST FAIL_MUST_ESCAPE / NO_RESULT
tally 3  FOMENT_UNREST FAIL_UNDETECTED / NO_RESULT
tally 1  FOMENT_UNREST KILLED / NO_RESULT
tally 1  FOMENT_UNREST SUCCESS_MUST_ESCAPE / CAPTURED
tally 6  FOMENT_UNREST SUCCESS_MUST_ESCAPE / FAIL_MUST_ESCAPE
tally 17  FOMENT_UNREST SUCCESS_UNDETECTED / NO_RESULT
turn 150 spies active 4 idle 2 missions 39 captured-enemy 0
spy 6946823 LOC_CITIZEN_MAYA_MODERN_MALE_6 level 1 at 54:21 start
spy 5701641 LOC_CITIZEN_MAYA_MALE_8 level 4 at 59:23 start
spy 6750221 LOC_CITIZEN_MAYA_FEMALE_6 level 3 at 48:10 busy
spy 6225935 LOC_CITIZEN_MAYA_FEMALE_8 level 1 at 63:20 busy
spy 6881296 LOC_CITIZEN_MAYA_FEMALE_1 level 1 at 36:42 travel
spy 4849684 LOC_CITIZEN_MAYA_MODERN_FEMALE_8 level 3 at 65:16 busy
spy 5767189 LOC_CITIZEN_MAYA_MODERN_FEMALE_3 level 2 at 54:15 busy
spy 6422553 LOC_CITIZEN_MAYA_FEMALE_4 level 1 at 60:16 start
spy 7012379 LOC_CITIZEN_MAYA_MODERN_FEMALE_4 level 2 at 16:9 start
turn 150 spies 9 started 4 travelled 1 promoted 1 bought 0 gold 50000
unblock: blocker ENDTURN_BLOCKING_SPY_CHOOSE_ESCAPE_ROUTE -> escape route DISTRICT_CITY_CENTER of 1 for spy 4849684 LOC_CITIZEN_MAYA_MODERN_FEMALE_8 level 3 turn 150 city LOC_CITY_NAME_HALIFAX p1 at 65:16 pursuer police | end turn requested
unstuck: InGamePopup: open, no close
unblock: blocker ENDTURN_BLOCKING_PRODUCTION -> NARANJO builds UNIT_WARRIOR | end turn requested
unstuck: closed sessions [2:2]
unstuck: DiplomacyActionView: Closing Diplomacy Action View. m_eventID: 2857208
unstuck: InGamePopup: open, no close
unblock: blocker ENDTURN_BLOCKING_PRODUCTION -> NARANJO builds UNIT_WARRIOR | end turn requested
unstuck: closed sessions [3:3]
unstuck: DiplomacyActionView: Closing Diplomacy Action View. m_eventID: 2858182
unstuck: InGamePopup: open, no close
mission CityName=LOC_CITY_NAME_QUEBEC_CITY CompletionTurn=149 EscapeResult=-1 InitialResult=5 LevelAfter=2 LootInfo=-1 Name=LOC_CITIZEN_MAYA_FEMALE_4 Operation=58 PlotIndex=1404
mission CityName=LOC_CITY_NAME_HALIFAX CompletionTurn=149 EscapeResult=0 InitialResult=2 LevelAfter=3 LootInfo=-1 Name=LOC_CITIZEN_MAYA_MODERN_FEMALE_8 Operation=58 PlotIndex=1409
mission CityName=LOC_CITY_NAME_CALGARY CompletionTurn=149 EscapeResult=-1 InitialResult=5 LevelAfter=4 LootInfo=-1 Name=LOC_CITIZEN_MAYA_MALE_8 Operation=58 PlotIndex=1991
mission CityName=LOC_CITY_NAME_OTTAWA CompletionTurn=147 EscapeResult=2 InitialResult=4 LevelAfter=4 LootInfo=-1 Name=LOC_CITIZEN_MAYA_MODERN_MALE_1 Operation=58 PlotIndex=978
mission CityName=LOC_CITY_NAME_VANCOUVER CompletionTurn=145 EscapeResult=2 InitialResult=2 LevelAfter=1 LootInfo=-1 Name=LOC_CITIZEN_MAYA_FEMALE_1 Operation=58 PlotIndex=1743
mission CityName=LOC_CITY_NAME_MONTREAL CompletionTurn=144 EscapeResult=-1 InitialResult=5 LevelAfter=2 LootInfo=-1 Name=LOC_CITIZEN_MAYA_MODERN_FEMALE_3 Operation=58 PlotIndex=1314
mission CityName=LOC_CITY_NAME_TORONTO CompletionTurn=144 EscapeResult=2 InitialResult=2 LevelAfter=2 LootInfo=-1 Name=LOC_CITIZEN_MAYA_MODERN_FEMALE_4 Operation=58 PlotIndex=1818
mission CityName=LOC_CITY_NAME_VICTORIA CompletionTurn=143 EscapeResult=0 InitialResult=2 LevelAfter=3 LootInfo=-1 Name=LOC_CITIZEN_MAYA_MODERN_FEMALE_6 Operation=58 PlotIndex=888
mission CityName=LOC_CITY_NAME_OTTAWA CompletionTurn=143 EscapeResult=-1 InitialResult=3 LevelAfter=4 LootInfo=-1 Name=LOC_CITIZEN_MAYA_MODERN_MALE_1 Operation=58 PlotIndex=978
mission CityName=LOC_CITY_NAME_HALIFAX CompletionTurn=142 EscapeResult=-1 InitialResult=5 LevelAfter=3 LootInfo=-1 Name=LOC_CITIZEN_MAYA_MODERN_FEMALE_8 Operation=58 PlotIndex=1409
mission CityName=LOC_CITY_NAME_CALGARY CompletionTurn=142 EscapeResult=-1 InitialResult=5 LevelAfter=4 LootInfo=-1 Name=LOC_CITIZEN_MAYA_MALE_8 Operation=58 PlotIndex=1991
mission CityName=LOC_CITY_NAME_MONTREAL CompletionTurn=141 EscapeResult=-1 InitialResult=1 LevelAfter=2 LootInfo=-1 Name=LOC_CITIZEN_MAYA_MODERN_MALE_4 Operation=58 PlotIndex=1314
mission CityName=LOC_CITY_NAME_MONTREAL CompletionTurn=140 EscapeResult=-1 InitialResult=5 LevelAfter=2 LootInfo=-1 Name=LOC_CITIZEN_MAYA_MODERN_MALE_4 Operation=58 PlotIndex=1314
mission CityName=LOC_CITY_NAME_QUEBEC_CITY CompletionTurn=140 EscapeResult=2 InitialResult=4 LevelAfter=3 LootInfo=-1 Name=LOC_CITIZEN_MAYA_FEMALE_6 Operation=58 PlotIndex=1404
mission CityName=LOC_CITY_NAME_OTTAWA CompletionTurn=139 EscapeResult=-1 InitialResult=5 LevelAfter=4 LootInfo=-1 Name=LOC_CITIZEN_MAYA_MODERN_MALE_1 Operation=58 PlotIndex=978
mission CityName=LOC_CITY_NAME_VICTORIA CompletionTurn=138 EscapeResult=1 InitialResult=4 LevelAfter=2 LootInfo=-1 Name=LOC_CITIZEN_MAYA_MALE_2 Operation=58 PlotIndex=888
mission CityName=LOC_CITY_NAME_TORONTO CompletionTurn=137 EscapeResult=-1 InitialResult=5 LevelAfter=2 LootInfo=-1 Name=LOC_CITIZEN_MAYA_MODERN_FEMALE_4 Operation=58 PlotIndex=1818
mission CityName=LOC_CITY_NAME_QUEBEC_CITY CompletionTurn=136 EscapeResult=-1 InitialResult=1 LevelAfter=2 LootInfo=-1 Name=LOC_CITIZEN_MAYA_MODERN_MALE_9 Operation=58 PlotIndex=1404
mission CityName=LOC_CITY_NAME_HALIFAX CompletionTurn=135 EscapeResult=-1 InitialResult=5 LevelAfter=2 LootInfo=-1 Name=LOC_CITIZEN_MAYA_MODERN_FEMALE_8 Operation=58 PlotIndex=1409
mission CityName=LOC_CITY_NAME_OTTAWA CompletionTurn=135 EscapeResult=-1 InitialResult=5 LevelAfter=4 LootInfo=-1 Name=LOC_CITIZEN_MAYA_MODERN_MALE_1 Operation=58 PlotIndex=978
mission CityName=LOC_CITY_NAME_CALGARY CompletionTurn=133 EscapeResult=2 InitialResult=4 LevelAfter=3 LootInfo=-1 Name=LOC_CITIZEN_MAYA_MALE_8 Operation=58 PlotIndex=1991
mission CityName=LOC_CITY_NAME_MONTREAL CompletionTurn=132 EscapeResult=0 InitialResult=2 LevelAfter=1 LootInfo=-1 Name=LOC_CITIZEN_MAYA_MALE_5 Operation=58 PlotIndex=1314
mission CityName=LOC_CITY_NAME_QUEBEC_CITY CompletionTurn=131 EscapeResult=-1 InitialResult=5 LevelAfter=2 LootInfo=-1 Name=LOC_CITIZEN_MAYA_MODERN_MALE_9 Operation=58 PlotIndex=1404
mission CityName=LOC_CITY_NAME_OTTAWA CompletionTurn=130 EscapeResult=-1 InitialResult=5 LevelAfter=4 LootInfo=-1 Name=LOC_CITIZEN_MAYA_MODERN_MALE_1 Operation=58 PlotIndex=978
mission CityName=LOC_CITY_NAME_CALGARY CompletionTurn=129 EscapeResult=-1 InitialResult=3 LevelAfter=2 LootInfo=-1 Name=LOC_CITIZEN_MAYA_MALE_8 Operation=58 PlotIndex=1991
mission CityName=LOC_CITY_NAME_TORONTO CompletionTurn=129 EscapeResult=2 InitialResult=4 LevelAfter=3 LootInfo=-1 Name=LOC_CITIZEN_MAYA_MODERN_FEMALE_6 Operation=58 PlotIndex=1818
mission CityName=LOC_CITY_NAME_MONTREAL CompletionTurn=127 EscapeResult=2 InitialResult=2 LevelAfter=1 LootInfo=-1 Name=LOC_CITIZEN_MAYA_MALE_2 Operation=58 PlotIndex=1314
mission CityName=LOC_CITY_NAME_OTTAWA CompletionTurn=124 EscapeResult=-1 InitialResult=5 LevelAfter=4 LootInfo=-1 Name=LOC_CITIZEN_MAYA_MODERN_MALE_1 Operation=58 PlotIndex=978
mission CityName=LOC_CITY_NAME_CALGARY CompletionTurn=123 EscapeResult=-1 InitialResult=5 LevelAfter=2 LootInfo=-1 Name=LOC_CITIZEN_MAYA_MALE_8 Operation=58 PlotIndex=1991
mission CityName=LOC_CITY_NAME_HALIFAX CompletionTurn=121 EscapeResult=2 InitialResult=4 LevelAfter=2 LootInfo=-1 Name=LOC_CITIZEN_MAYA_FEMALE_6 Operation=58 PlotIndex=1409
mission CityName=LOC_CITY_NAME_OTTAWA CompletionTurn=120 EscapeResult=-1 InitialResult=3 LevelAfter=3 LootInfo=-1 Name=LOC_CITIZEN_MAYA_MODERN_MALE_1 Operation=58 PlotIndex=978
mission CityName=LOC_CITY_NAME_MONTREAL CompletionTurn=120 EscapeResult=-1 InitialResult=0 LevelAfter=2 LootInfo=-1 Name=LOC_CITIZEN_MAYA_FEMALE_7 Operation=58 PlotIndex=1314
mission CityName=LOC_CITY_NAME_QUEBEC_CITY CompletionTurn=118 EscapeResult=1 InitialResult=2 LevelAfter=1 LootInfo=-1 Name=LOC_CITIZEN_MAYA_MODERN_FEMALE_1 Operation=58 PlotIndex=1404
mission CityName=LOC_CITY_NAME_TORONTO CompletionTurn=118 EscapeResult=2 InitialResult=4 LevelAfter=2 LootInfo=-1 Name=LOC_CITIZEN_MAYA_MODERN_FEMALE_6 Operation=58 PlotIndex=1818
mission CityName=LOC_CITY_NAME_TORONTO CompletionTurn=114 EscapeResult=-1 InitialResult=1 LevelAfter=1 LootInfo=-1 Name=LOC_CITIZEN_MAYA_FEMALE_3 Operation=58 PlotIndex=1818
mission CityName=LOC_CITY_NAME_MONTREAL CompletionTurn=114 EscapeResult=-1 InitialResult=5 LevelAfter=2 LootInfo=-1 Name=LOC_CITIZEN_MAYA_FEMALE_7 Operation=58 PlotIndex=1314
mission CityName=LOC_CITY_NAME_OTTAWA CompletionTurn=113 EscapeResult=-1 InitialResult=5 LevelAfter=3 LootInfo=-1 Name=LOC_CITIZEN_MAYA_MODERN_MALE_1 Operation=58 PlotIndex=978
mission CityName=LOC_CITY_NAME_MONTREAL CompletionTurn=110 EscapeResult=-1 InitialResult=1 LevelAfter=1 LootInfo=-1 Name=LOC_CITIZEN_MAYA_MODERN_FEMALE_7 Operation=58 PlotIndex=1314
mission CityName=LOC_CITY_NAME_OTTAWA CompletionTurn=107 EscapeResult=-1 InitialResult=5 LevelAfter=2 LootInfo=-1 Name=LOC_CITIZEN_MAYA_MODERN_MALE_1 Operation=58 PlotIndex=978
tally 4  FOMENT_UNREST CAPTURED / NO_RESULT
tally 1  FOMENT_UNREST FAIL_MUST_ESCAPE / CAPTURED
tally 3  FOMENT_UNREST FAIL_MUST_ESCAPE / FAIL_MUST_ESCAPE
tally 3  FOMENT_UNREST FAIL_MUST_ESCAPE / KILLED
tally 3  FOMENT_UNREST FAIL_UNDETECTED / NO_RESULT
tally 1  FOMENT_UNREST KILLED / NO_RESULT
tally 1  FOMENT_UNREST SUCCESS_MUST_ESCAPE / CAPTURED
tally 6  FOMENT_UNREST SUCCESS_MUST_ESCAPE / FAIL_MUST_ESCAPE
tally 17  FOMENT_UNREST SUCCESS_UNDETECTED / NO_RESULT
turn 151 spies active 7 idle 0 missions 39 captured-enemy 0
spy 6946823 LOC_CITIZEN_MAYA_MODERN_MALE_6 level 1 at 54:21 busy
spy 5701641 LOC_CITIZEN_MAYA_MALE_8 level 4 at 59:23 busy
spy 6750221 LOC_CITIZEN_MAYA_FEMALE_6 level 3 at 48:10 busy
spy 6225935 LOC_CITIZEN_MAYA_FEMALE_8 level 1 at 63:20 busy
spy 5767189 LOC_CITIZEN_MAYA_MODERN_FEMALE_3 level 2 at 54:15 busy
spy 6422553 LOC_CITIZEN_MAYA_FEMALE_4 level 2 at 60:16 busy
spy 7012379 LOC_CITIZEN_MAYA_MODERN_FEMALE_4 level 2 at 16:9 busy
turn 151 spies 7 started 0 travelled 0 promoted 0 bought 1 gold 50000
unblock: blocker ENDTURN_BLOCKING_COMMEMORATION_AVAILABLE -> nothing | end turn requested
unstuck: closed sessions [4:4]
unstuck: InGamePopup: open, no close
unstuck: EraCompletePopup: closed
unblock: blocker ENDTURN_BLOCKING_PRODUCTION -> NARANJO builds UNIT_WARRIOR | end turn requested
unstuck: InGamePopup: open, no close
unblock: blocker ENDTURN_BLOCKING_FILL_CIVIC_SLOT -> nothing | end turn requested
unstuck: InGamePopup: open, no close
mission CityName=LOC_CITY_NAME_QUEBEC_CITY CompletionTurn=149 EscapeResult=-1 InitialResult=5 LevelAfter=2 LootInfo=-1 Name=LOC_CITIZEN_MAYA_FEMALE_4 Operation=58 PlotIndex=1404
mission CityName=LOC_CITY_NAME_HALIFAX CompletionTurn=149 EscapeResult=0 InitialResult=2 LevelAfter=3 LootInfo=-1 Name=LOC_CITIZEN_MAYA_MODERN_FEMALE_8 Operation=58 PlotIndex=1409
mission CityName=LOC_CITY_NAME_CALGARY CompletionTurn=149 EscapeResult=-1 InitialResult=5 LevelAfter=4 LootInfo=-1 Name=LOC_CITIZEN_MAYA_MALE_8 Operation=58 PlotIndex=1991
mission CityName=LOC_CITY_NAME_OTTAWA CompletionTurn=147 EscapeResult=2 InitialResult=4 LevelAfter=4 LootInfo=-1 Name=LOC_CITIZEN_MAYA_MODERN_MALE_1 Operation=58 PlotIndex=978
mission CityName=LOC_CITY_NAME_VANCOUVER CompletionTurn=145 EscapeResult=2 InitialResult=2 LevelAfter=1 LootInfo=-1 Name=LOC_CITIZEN_MAYA_FEMALE_1 Operation=58 PlotIndex=1743
mission CityName=LOC_CITY_NAME_MONTREAL CompletionTurn=144 EscapeResult=-1 InitialResult=5 LevelAfter=2 LootInfo=-1 Name=LOC_CITIZEN_MAYA_MODERN_FEMALE_3 Operation=58 PlotIndex=1314
mission CityName=LOC_CITY_NAME_TORONTO CompletionTurn=144 EscapeResult=2 InitialResult=2 LevelAfter=2 LootInfo=-1 Name=LOC_CITIZEN_MAYA_MODERN_FEMALE_4 Operation=58 PlotIndex=1818
mission CityName=LOC_CITY_NAME_VICTORIA CompletionTurn=143 EscapeResult=0 InitialResult=2 LevelAfter=3 LootInfo=-1 Name=LOC_CITIZEN_MAYA_MODERN_FEMALE_6 Operation=58 PlotIndex=888
mission CityName=LOC_CITY_NAME_OTTAWA CompletionTurn=143 EscapeResult=-1 InitialResult=3 LevelAfter=4 LootInfo=-1 Name=LOC_CITIZEN_MAYA_MODERN_MALE_1 Operation=58 PlotIndex=978
mission CityName=LOC_CITY_NAME_HALIFAX CompletionTurn=142 EscapeResult=-1 InitialResult=5 LevelAfter=3 LootInfo=-1 Name=LOC_CITIZEN_MAYA_MODERN_FEMALE_8 Operation=58 PlotIndex=1409
mission CityName=LOC_CITY_NAME_CALGARY CompletionTurn=142 EscapeResult=-1 InitialResult=5 LevelAfter=4 LootInfo=-1 Name=LOC_CITIZEN_MAYA_MALE_8 Operation=58 PlotIndex=1991
mission CityName=LOC_CITY_NAME_MONTREAL CompletionTurn=141 EscapeResult=-1 InitialResult=1 LevelAfter=2 LootInfo=-1 Name=LOC_CITIZEN_MAYA_MODERN_MALE_4 Operation=58 PlotIndex=1314
mission CityName=LOC_CITY_NAME_MONTREAL CompletionTurn=140 EscapeResult=-1 InitialResult=5 LevelAfter=2 LootInfo=-1 Name=LOC_CITIZEN_MAYA_MODERN_MALE_4 Operation=58 PlotIndex=1314
mission CityName=LOC_CITY_NAME_QUEBEC_CITY CompletionTurn=140 EscapeResult=2 InitialResult=4 LevelAfter=3 LootInfo=-1 Name=LOC_CITIZEN_MAYA_FEMALE_6 Operation=58 PlotIndex=1404
mission CityName=LOC_CITY_NAME_OTTAWA CompletionTurn=139 EscapeResult=-1 InitialResult=5 LevelAfter=4 LootInfo=-1 Name=LOC_CITIZEN_MAYA_MODERN_MALE_1 Operation=58 PlotIndex=978
mission CityName=LOC_CITY_NAME_VICTORIA CompletionTurn=138 EscapeResult=1 InitialResult=4 LevelAfter=2 LootInfo=-1 Name=LOC_CITIZEN_MAYA_MALE_2 Operation=58 PlotIndex=888
mission CityName=LOC_CITY_NAME_TORONTO CompletionTurn=137 EscapeResult=-1 InitialResult=5 LevelAfter=2 LootInfo=-1 Name=LOC_CITIZEN_MAYA_MODERN_FEMALE_4 Operation=58 PlotIndex=1818
mission CityName=LOC_CITY_NAME_QUEBEC_CITY CompletionTurn=136 EscapeResult=-1 InitialResult=1 LevelAfter=2 LootInfo=-1 Name=LOC_CITIZEN_MAYA_MODERN_MALE_9 Operation=58 PlotIndex=1404
mission CityName=LOC_CITY_NAME_HALIFAX CompletionTurn=135 EscapeResult=-1 InitialResult=5 LevelAfter=2 LootInfo=-1 Name=LOC_CITIZEN_MAYA_MODERN_FEMALE_8 Operation=58 PlotIndex=1409
mission CityName=LOC_CITY_NAME_OTTAWA CompletionTurn=135 EscapeResult=-1 InitialResult=5 LevelAfter=4 LootInfo=-1 Name=LOC_CITIZEN_MAYA_MODERN_MALE_1 Operation=58 PlotIndex=978
mission CityName=LOC_CITY_NAME_CALGARY CompletionTurn=133 EscapeResult=2 InitialResult=4 LevelAfter=3 LootInfo=-1 Name=LOC_CITIZEN_MAYA_MALE_8 Operation=58 PlotIndex=1991
mission CityName=LOC_CITY_NAME_MONTREAL CompletionTurn=132 EscapeResult=0 InitialResult=2 LevelAfter=1 LootInfo=-1 Name=LOC_CITIZEN_MAYA_MALE_5 Operation=58 PlotIndex=1314
mission CityName=LOC_CITY_NAME_QUEBEC_CITY CompletionTurn=131 EscapeResult=-1 InitialResult=5 LevelAfter=2 LootInfo=-1 Name=LOC_CITIZEN_MAYA_MODERN_MALE_9 Operation=58 PlotIndex=1404
mission CityName=LOC_CITY_NAME_OTTAWA CompletionTurn=130 EscapeResult=-1 InitialResult=5 LevelAfter=4 LootInfo=-1 Name=LOC_CITIZEN_MAYA_MODERN_MALE_1 Operation=58 PlotIndex=978
mission CityName=LOC_CITY_NAME_CALGARY CompletionTurn=129 EscapeResult=-1 InitialResult=3 LevelAfter=2 LootInfo=-1 Name=LOC_CITIZEN_MAYA_MALE_8 Operation=58 PlotIndex=1991
mission CityName=LOC_CITY_NAME_TORONTO CompletionTurn=129 EscapeResult=2 InitialResult=4 LevelAfter=3 LootInfo=-1 Name=LOC_CITIZEN_MAYA_MODERN_FEMALE_6 Operation=58 PlotIndex=1818
mission CityName=LOC_CITY_NAME_MONTREAL CompletionTurn=127 EscapeResult=2 InitialResult=2 LevelAfter=1 LootInfo=-1 Name=LOC_CITIZEN_MAYA_MALE_2 Operation=58 PlotIndex=1314
mission CityName=LOC_CITY_NAME_OTTAWA CompletionTurn=124 EscapeResult=-1 InitialResult=5 LevelAfter=4 LootInfo=-1 Name=LOC_CITIZEN_MAYA_MODERN_MALE_1 Operation=58 PlotIndex=978
mission CityName=LOC_CITY_NAME_CALGARY CompletionTurn=123 EscapeResult=-1 InitialResult=5 LevelAfter=2 LootInfo=-1 Name=LOC_CITIZEN_MAYA_MALE_8 Operation=58 PlotIndex=1991
mission CityName=LOC_CITY_NAME_HALIFAX CompletionTurn=121 EscapeResult=2 InitialResult=4 LevelAfter=2 LootInfo=-1 Name=LOC_CITIZEN_MAYA_FEMALE_6 Operation=58 PlotIndex=1409
mission CityName=LOC_CITY_NAME_OTTAWA CompletionTurn=120 EscapeResult=-1 InitialResult=3 LevelAfter=3 LootInfo=-1 Name=LOC_CITIZEN_MAYA_MODERN_MALE_1 Operation=58 PlotIndex=978
mission CityName=LOC_CITY_NAME_MONTREAL CompletionTurn=120 EscapeResult=-1 InitialResult=0 LevelAfter=2 LootInfo=-1 Name=LOC_CITIZEN_MAYA_FEMALE_7 Operation=58 PlotIndex=1314
mission CityName=LOC_CITY_NAME_QUEBEC_CITY CompletionTurn=118 EscapeResult=1 InitialResult=2 LevelAfter=1 LootInfo=-1 Name=LOC_CITIZEN_MAYA_MODERN_FEMALE_1 Operation=58 PlotIndex=1404
mission CityName=LOC_CITY_NAME_TORONTO CompletionTurn=118 EscapeResult=2 InitialResult=4 LevelAfter=2 LootInfo=-1 Name=LOC_CITIZEN_MAYA_MODERN_FEMALE_6 Operation=58 PlotIndex=1818
mission CityName=LOC_CITY_NAME_TORONTO CompletionTurn=114 EscapeResult=-1 InitialResult=1 LevelAfter=1 LootInfo=-1 Name=LOC_CITIZEN_MAYA_FEMALE_3 Operation=58 PlotIndex=1818
mission CityName=LOC_CITY_NAME_MONTREAL CompletionTurn=114 EscapeResult=-1 InitialResult=5 LevelAfter=2 LootInfo=-1 Name=LOC_CITIZEN_MAYA_FEMALE_7 Operation=58 PlotIndex=1314
mission CityName=LOC_CITY_NAME_OTTAWA CompletionTurn=113 EscapeResult=-1 InitialResult=5 LevelAfter=3 LootInfo=-1 Name=LOC_CITIZEN_MAYA_MODERN_MALE_1 Operation=58 PlotIndex=978
mission CityName=LOC_CITY_NAME_MONTREAL CompletionTurn=110 EscapeResult=-1 InitialResult=1 LevelAfter=1 LootInfo=-1 Name=LOC_CITIZEN_MAYA_MODERN_FEMALE_7 Operation=58 PlotIndex=1314
mission CityName=LOC_CITY_NAME_OTTAWA CompletionTurn=107 EscapeResult=-1 InitialResult=5 LevelAfter=2 LootInfo=-1 Name=LOC_CITIZEN_MAYA_MODERN_MALE_1 Operation=58 PlotIndex=978
tally 4  FOMENT_UNREST CAPTURED / NO_RESULT
tally 1  FOMENT_UNREST FAIL_MUST_ESCAPE / CAPTURED
tally 3  FOMENT_UNREST FAIL_MUST_ESCAPE / FAIL_MUST_ESCAPE
tally 3  FOMENT_UNREST FAIL_MUST_ESCAPE / KILLED
tally 3  FOMENT_UNREST FAIL_UNDETECTED / NO_RESULT
tally 1  FOMENT_UNREST KILLED / NO_RESULT
tally 1  FOMENT_UNREST SUCCESS_MUST_ESCAPE / CAPTURED
tally 6  FOMENT_UNREST SUCCESS_MUST_ESCAPE / FAIL_MUST_ESCAPE
tally 17  FOMENT_UNREST SUCCESS_UNDETECTED / NO_RESULT
turn 151 spies active 6 idle 2 missions 39 captured-enemy 0
spy 6946823 LOC_CITIZEN_MAYA_MODERN_MALE_6 level 1 at 54:21 busy
spy 5701641 LOC_CITIZEN_MAYA_MALE_8 level 4 at 59:23 busy
spy 6750221 LOC_CITIZEN_MAYA_FEMALE_6 level 3 at 48:10 busy
spy 6225935 LOC_CITIZEN_MAYA_FEMALE_8 level 1 at 63:20 busy
spy 7077908 LOC_CITIZEN_MAYA_MALE_6 level 1 at 36:42 travel
spy 5767189 LOC_CITIZEN_MAYA_MODERN_FEMALE_3 level 2 at 54:15 busy
spy 6422553 LOC_CITIZEN_MAYA_FEMALE_4 level 2 at 60:16 start
spy 7012379 LOC_CITIZEN_MAYA_MODERN_FEMALE_4 level 2 at 16:9 busy
turn 151 spies 8 started 1 travelled 1 promoted 0 bought 0 gold 46681
unblock: blocker ENDTURN_BLOCKING_FILL_CIVIC_SLOT -> nothing | end turn requested
unstuck: InGamePopup: open, no close
unblock: blocker ENDTURN_BLOCKING_SPY_CHOOSE_ESCAPE_ROUTE -> escape route DISTRICT_CITY_CENTER of 1 for spy 6750221 LOC_CITIZEN_MAYA_FEMALE_6 level 3 turn 151 city LOC_CITY_NAME_VICTORIA p1 at 48:10 pursuer police | end turn requested
unstuck: InGamePopup: open, no close
unblock: blocker ENDTURN_BLOCKING_SPY_CHOOSE_ESCAPE_ROUTE -> escape route DISTRICT_CITY_CENTER of 1 for spy 6750221 LOC_CITIZEN_MAYA_FEMALE_6 level 3 turn 151 city LOC_CITY_NAME_VICTORIA p1 at 48:10 pursuer police | end turn requested
unstuck: InGamePopup: open, no close
unblock: blocker ENDTURN_BLOCKING_SPY_CHOOSE_ESCAPE_ROUTE -> escape route DISTRICT_CITY_CENTER of 1 for spy 6750221 LOC_CITIZEN_MAYA_FEMALE_6 level 3 turn 151 city LOC_CITY_NAME_VICTORIA p1 at 48:10 pursuer police | end turn requested
unstuck: InGamePopup: open, no close
unblock: blocker ENDTURN_BLOCKING_SPY_CHOOSE_ESCAPE_ROUTE -> escape route DISTRICT_CITY_CENTER of 1 for spy 6750221 LOC_CITIZEN_MAYA_FEMALE_6 level 3 turn 151 city LOC_CITY_NAME_VICTORIA p1 at 48:10 pursuer police | end turn requested
unstuck: InGamePopup: open, no close
unblock: blocker ENDTURN_BLOCKING_SPY_CHOOSE_ESCAPE_ROUTE -> escape route DISTRICT_CITY_CENTER of 1 for spy 6750221 LOC_CITIZEN_MAYA_FEMALE_6 level 3 turn 151 city LOC_CITY_NAME_VICTORIA p1 at 48:10 pursuer police | end turn requested
unstuck: InGamePopup: open, no close
unblock: blocker ENDTURN_BLOCKING_SPY_CHOOSE_ESCAPE_ROUTE -> escape route DISTRICT_CITY_CENTER of 1 for spy 6750221 LOC_CITIZEN_MAYA_FEMALE_6 level 3 turn 151 city LOC_CITY_NAME_VICTORIA p1 at 48:10 pursuer police | end turn requested
unstuck: InGamePopup: open, no close
unblock: blocker ENDTURN_BLOCKING_SPY_CHOOSE_ESCAPE_ROUTE -> escape route DISTRICT_CITY_CENTER of 1 for spy 6750221 LOC_CITIZEN_MAYA_FEMALE_6 level 3 turn 151 city LOC_CITY_NAME_VICTORIA p1 at 48:10 pursuer police | end turn requested
unstuck: InGamePopup: open, no close
unblock: blocker ENDTURN_BLOCKING_SPY_CHOOSE_ESCAPE_ROUTE -> escape route DISTRICT_CITY_CENTER of 1 for spy 6750221 LOC_CITIZEN_MAYA_FEMALE_6 level 3 turn 151 city LOC_CITY_NAME_VICTORIA p1 at 48:10 pursuer police | end turn requested
unstuck: InGamePopup: open, no close
unblock: blocker ENDTURN_BLOCKING_SPY_CHOOSE_ESCAPE_ROUTE -> escape route DISTRICT_CITY_CENTER of 1 for spy 6750221 LOC_CITIZEN_MAYA_FEMALE_6 level 3 turn 151 city LOC_CITY_NAME_VICTORIA p1 at 48:10 pursuer police | end turn requested
unstuck: InGamePopup: open, no close
unblock: blocker ENDTURN_BLOCKING_SPY_CHOOSE_ESCAPE_ROUTE -> escape route DISTRICT_CITY_CENTER of 1 for spy 6750221 LOC_CITIZEN_MAYA_FEMALE_6 level 3 turn 152 city LOC_CITY_NAME_VICTORIA p1 at 48:10 pursuer police | end turn requested
unstuck: closed sessions [4:4]
unstuck: DiplomacyActionView: Closing Diplomacy Action View. m_eventID: 2881058
unstuck: InGamePopup: open, no close
mission CityName=LOC_CITY_NAME_MONTREAL CompletionTurn=152 EscapeResult=-1 InitialResult=2 LevelAfter=2 LootInfo=-1 Name=LOC_CITIZEN_MAYA_MODERN_FEMALE_3 Operation=58 PlotIndex=1314
mission CityName=LOC_CITY_NAME_VANCOUVER CompletionTurn=152 EscapeResult=-1 InitialResult=3 LevelAfter=1 LootInfo=-1 Name=LOC_CITIZEN_MAYA_FEMALE_8 Operation=58 PlotIndex=1743
mission CityName=LOC_CITY_NAME_VICTORIA CompletionTurn=152 EscapeResult=-1 InitialResult=4 LevelAfter=4 LootInfo=-1 Name=LOC_CITIZEN_MAYA_FEMALE_6 Operation=58 PlotIndex=888
mission CityName=LOC_CITY_NAME_QUEBEC_CITY CompletionTurn=149 EscapeResult=-1 InitialResult=5 LevelAfter=2 LootInfo=-1 Name=LOC_CITIZEN_MAYA_FEMALE_4 Operation=58 PlotIndex=1404
mission CityName=LOC_CITY_NAME_HALIFAX CompletionTurn=149 EscapeResult=0 InitialResult=2 LevelAfter=3 LootInfo=-1 Name=LOC_CITIZEN_MAYA_MODERN_FEMALE_8 Operation=58 PlotIndex=1409
mission CityName=LOC_CITY_NAME_CALGARY CompletionTurn=149 EscapeResult=-1 InitialResult=5 LevelAfter=4 LootInfo=-1 Name=LOC_CITIZEN_MAYA_MALE_8 Operation=58 PlotIndex=1991
mission CityName=LOC_CITY_NAME_OTTAWA CompletionTurn=147 EscapeResult=2 InitialResult=4 LevelAfter=4 LootInfo=-1 Name=LOC_CITIZEN_MAYA_MODERN_MALE_1 Operation=58 PlotIndex=978
mission CityName=LOC_CITY_NAME_VANCOUVER CompletionTurn=145 EscapeResult=2 InitialResult=2 LevelAfter=1 LootInfo=-1 Name=LOC_CITIZEN_MAYA_FEMALE_1 Operation=58 PlotIndex=1743
mission CityName=LOC_CITY_NAME_MONTREAL CompletionTurn=144 EscapeResult=-1 InitialResult=5 LevelAfter=2 LootInfo=-1 Name=LOC_CITIZEN_MAYA_MODERN_FEMALE_3 Operation=58 PlotIndex=1314
mission CityName=LOC_CITY_NAME_TORONTO CompletionTurn=144 EscapeResult=2 InitialResult=2 LevelAfter=2 LootInfo=-1 Name=LOC_CITIZEN_MAYA_MODERN_FEMALE_4 Operation=58 PlotIndex=1818
mission CityName=LOC_CITY_NAME_VICTORIA CompletionTurn=143 EscapeResult=0 InitialResult=2 LevelAfter=3 LootInfo=-1 Name=LOC_CITIZEN_MAYA_MODERN_FEMALE_6 Operation=58 PlotIndex=888
mission CityName=LOC_CITY_NAME_OTTAWA CompletionTurn=143 EscapeResult=-1 InitialResult=3 LevelAfter=4 LootInfo=-1 Name=LOC_CITIZEN_MAYA_MODERN_MALE_1 Operation=58 PlotIndex=978
mission CityName=LOC_CITY_NAME_HALIFAX CompletionTurn=142 EscapeResult=-1 InitialResult=5 LevelAfter=3 LootInfo=-1 Name=LOC_CITIZEN_MAYA_MODERN_FEMALE_8 Operation=58 PlotIndex=1409
mission CityName=LOC_CITY_NAME_CALGARY CompletionTurn=142 EscapeResult=-1 InitialResult=5 LevelAfter=4 LootInfo=-1 Name=LOC_CITIZEN_MAYA_MALE_8 Operation=58 PlotIndex=1991
mission CityName=LOC_CITY_NAME_MONTREAL CompletionTurn=141 EscapeResult=-1 InitialResult=1 LevelAfter=2 LootInfo=-1 Name=LOC_CITIZEN_MAYA_MODERN_MALE_4 Operation=58 PlotIndex=1314
mission CityName=LOC_CITY_NAME_MONTREAL CompletionTurn=140 EscapeResult=-1 InitialResult=5 LevelAfter=2 LootInfo=-1 Name=LOC_CITIZEN_MAYA_MODERN_MALE_4 Operation=58 PlotIndex=1314
mission CityName=LOC_CITY_NAME_QUEBEC_CITY CompletionTurn=140 EscapeResult=2 InitialResult=4 LevelAfter=3 LootInfo=-1 Name=LOC_CITIZEN_MAYA_FEMALE_6 Operation=58 PlotIndex=1404
mission CityName=LOC_CITY_NAME_OTTAWA CompletionTurn=139 EscapeResult=-1 InitialResult=5 LevelAfter=4 LootInfo=-1 Name=LOC_CITIZEN_MAYA_MODERN_MALE_1 Operation=58 PlotIndex=978
mission CityName=LOC_CITY_NAME_VICTORIA CompletionTurn=138 EscapeResult=1 InitialResult=4 LevelAfter=2 LootInfo=-1 Name=LOC_CITIZEN_MAYA_MALE_2 Operation=58 PlotIndex=888
mission CityName=LOC_CITY_NAME_TORONTO CompletionTurn=137 EscapeResult=-1 InitialResult=5 LevelAfter=2 LootInfo=-1 Name=LOC_CITIZEN_MAYA_MODERN_FEMALE_4 Operation=58 PlotIndex=1818
mission CityName=LOC_CITY_NAME_QUEBEC_CITY CompletionTurn=136 EscapeResult=-1 InitialResult=1 LevelAfter=2 LootInfo=-1 Name=LOC_CITIZEN_MAYA_MODERN_MALE_9 Operation=58 PlotIndex=1404
mission CityName=LOC_CITY_NAME_HALIFAX CompletionTurn=135 EscapeResult=-1 InitialResult=5 LevelAfter=2 LootInfo=-1 Name=LOC_CITIZEN_MAYA_MODERN_FEMALE_8 Operation=58 PlotIndex=1409
mission CityName=LOC_CITY_NAME_OTTAWA CompletionTurn=135 EscapeResult=-1 InitialResult=5 LevelAfter=4 LootInfo=-1 Name=LOC_CITIZEN_MAYA_MODERN_MALE_1 Operation=58 PlotIndex=978
mission CityName=LOC_CITY_NAME_CALGARY CompletionTurn=133 EscapeResult=2 InitialResult=4 LevelAfter=3 LootInfo=-1 Name=LOC_CITIZEN_MAYA_MALE_8 Operation=58 PlotIndex=1991
mission CityName=LOC_CITY_NAME_MONTREAL CompletionTurn=132 EscapeResult=0 InitialResult=2 LevelAfter=1 LootInfo=-1 Name=LOC_CITIZEN_MAYA_MALE_5 Operation=58 PlotIndex=1314
mission CityName=LOC_CITY_NAME_QUEBEC_CITY CompletionTurn=131 EscapeResult=-1 InitialResult=5 LevelAfter=2 LootInfo=-1 Name=LOC_CITIZEN_MAYA_MODERN_MALE_9 Operation=58 PlotIndex=1404
mission CityName=LOC_CITY_NAME_OTTAWA CompletionTurn=130 EscapeResult=-1 InitialResult=5 LevelAfter=4 LootInfo=-1 Name=LOC_CITIZEN_MAYA_MODERN_MALE_1 Operation=58 PlotIndex=978
mission CityName=LOC_CITY_NAME_CALGARY CompletionTurn=129 EscapeResult=-1 InitialResult=3 LevelAfter=2 LootInfo=-1 Name=LOC_CITIZEN_MAYA_MALE_8 Operation=58 PlotIndex=1991
mission CityName=LOC_CITY_NAME_TORONTO CompletionTurn=129 EscapeResult=2 InitialResult=4 LevelAfter=3 LootInfo=-1 Name=LOC_CITIZEN_MAYA_MODERN_FEMALE_6 Operation=58 PlotIndex=1818
mission CityName=LOC_CITY_NAME_MONTREAL CompletionTurn=127 EscapeResult=2 InitialResult=2 LevelAfter=1 LootInfo=-1 Name=LOC_CITIZEN_MAYA_MALE_2 Operation=58 PlotIndex=1314
mission CityName=LOC_CITY_NAME_OTTAWA CompletionTurn=124 EscapeResult=-1 InitialResult=5 LevelAfter=4 LootInfo=-1 Name=LOC_CITIZEN_MAYA_MODERN_MALE_1 Operation=58 PlotIndex=978
mission CityName=LOC_CITY_NAME_CALGARY CompletionTurn=123 EscapeResult=-1 InitialResult=5 LevelAfter=2 LootInfo=-1 Name=LOC_CITIZEN_MAYA_MALE_8 Operation=58 PlotIndex=1991
mission CityName=LOC_CITY_NAME_HALIFAX CompletionTurn=121 EscapeResult=2 InitialResult=4 LevelAfter=2 LootInfo=-1 Name=LOC_CITIZEN_MAYA_FEMALE_6 Operation=58 PlotIndex=1409
mission CityName=LOC_CITY_NAME_OTTAWA CompletionTurn=120 EscapeResult=-1 InitialResult=3 LevelAfter=3 LootInfo=-1 Name=LOC_CITIZEN_MAYA_MODERN_MALE_1 Operation=58 PlotIndex=978
mission CityName=LOC_CITY_NAME_MONTREAL CompletionTurn=120 EscapeResult=-1 InitialResult=0 LevelAfter=2 LootInfo=-1 Name=LOC_CITIZEN_MAYA_FEMALE_7 Operation=58 PlotIndex=1314
mission CityName=LOC_CITY_NAME_QUEBEC_CITY CompletionTurn=118 EscapeResult=1 InitialResult=2 LevelAfter=1 LootInfo=-1 Name=LOC_CITIZEN_MAYA_MODERN_FEMALE_1 Operation=58 PlotIndex=1404
mission CityName=LOC_CITY_NAME_TORONTO CompletionTurn=118 EscapeResult=2 InitialResult=4 LevelAfter=2 LootInfo=-1 Name=LOC_CITIZEN_MAYA_MODERN_FEMALE_6 Operation=58 PlotIndex=1818
mission CityName=LOC_CITY_NAME_TORONTO CompletionTurn=114 EscapeResult=-1 InitialResult=1 LevelAfter=1 LootInfo=-1 Name=LOC_CITIZEN_MAYA_FEMALE_3 Operation=58 PlotIndex=1818
mission CityName=LOC_CITY_NAME_MONTREAL CompletionTurn=114 EscapeResult=-1 InitialResult=5 LevelAfter=2 LootInfo=-1 Name=LOC_CITIZEN_MAYA_FEMALE_7 Operation=58 PlotIndex=1314
mission CityName=LOC_CITY_NAME_OTTAWA CompletionTurn=113 EscapeResult=-1 InitialResult=5 LevelAfter=3 LootInfo=-1 Name=LOC_CITIZEN_MAYA_MODERN_MALE_1 Operation=58 PlotIndex=978
mission CityName=LOC_CITY_NAME_MONTREAL CompletionTurn=110 EscapeResult=-1 InitialResult=1 LevelAfter=1 LootInfo=-1 Name=LOC_CITIZEN_MAYA_MODERN_FEMALE_7 Operation=58 PlotIndex=1314
mission CityName=LOC_CITY_NAME_OTTAWA CompletionTurn=107 EscapeResult=-1 InitialResult=5 LevelAfter=2 LootInfo=-1 Name=LOC_CITIZEN_MAYA_MODERN_MALE_1 Operation=58 PlotIndex=978
tally 4  FOMENT_UNREST CAPTURED / NO_RESULT
tally 1  FOMENT_UNREST FAIL_MUST_ESCAPE / CAPTURED
tally 3  FOMENT_UNREST FAIL_MUST_ESCAPE / FAIL_MUST_ESCAPE
tally 3  FOMENT_UNREST FAIL_MUST_ESCAPE / KILLED
tally 1  FOMENT_UNREST FAIL_MUST_ESCAPE / NO_RESULT
tally 4  FOMENT_UNREST FAIL_UNDETECTED / NO_RESULT
tally 1  FOMENT_UNREST KILLED / NO_RESULT
tally 1  FOMENT_UNREST SUCCESS_MUST_ESCAPE / CAPTURED
tally 6  FOMENT_UNREST SUCCESS_MUST_ESCAPE / FAIL_MUST_ESCAPE
tally 1  FOMENT_UNREST SUCCESS_MUST_ESCAPE / NO_RESULT
tally 17  FOMENT_UNREST SUCCESS_UNDETECTED / NO_RESULT
turn 152 spies active 5 idle 5 missions 42 captured-enemy 0
spy 6946823 LOC_CITIZEN_MAYA_MODERN_MALE_6 level 1 at 54:21 busy
spy 5701641 LOC_CITIZEN_MAYA_MALE_8 level 4 at 59:23 busy
spy 6750221 LOC_CITIZEN_MAYA_FEMALE_6 level 3 at 48:10 busy
spy 6225935 LOC_CITIZEN_MAYA_FEMALE_8 level 1 at 63:20 start
spy 7143440 LOC_CITIZEN_MAYA_MODERN_MALE_1 level 4 at 36:42 travel
spy 7077908 LOC_CITIZEN_MAYA_MALE_6 level 1 at 36:42 travel
spy 5767189 LOC_CITIZEN_MAYA_MODERN_FEMALE_3 level 2 at 54:15 busy
spy 6422553 LOC_CITIZEN_MAYA_FEMALE_4 level 2 at 60:16 start
spy 7012379 LOC_CITIZEN_MAYA_MODERN_FEMALE_4 level 2 at 16:9 busy
spy 7208988 LOC_CITIZEN_MAYA_FEMALE_1 level 1 at 54:11 start
turn 152 spies 10 started 3 travelled 2 promoted 1 bought 0 gold 49981
unblock: blocker ENDTURN_BLOCKING_SPY_CHOOSE_ESCAPE_ROUTE -> escape route DISTRICT_CITY_CENTER of 1 for spy 6750221 LOC_CITIZEN_MAYA_FEMALE_6 level 3 turn 152 city LOC_CITY_NAME_VICTORIA p1 at 48:10 pursuer police | end turn requested
unstuck: InGamePopup: open, no close
unstuck: NaturalDisasterPopup: closed
unblock: blocker ENDTURN_BLOCKING_SPY_CHOOSE_ESCAPE_ROUTE -> escape route DISTRICT_CITY_CENTER of 1 for spy 6750221 LOC_CITIZEN_MAYA_FEMALE_6 level 3 turn 153 city LOC_CITY_NAME_VICTORIA p1 at 48:10 pursuer police | end turn requested
unstuck: InGamePopup: open, no close
mission CityName=LOC_CITY_NAME_TE_HOKIANGA_NU_A_KUPE CompletionTurn=154 EscapeResult=-1 InitialResult=5 LevelAfter=3 LootInfo=-1 Name=LOC_CITIZEN_MAYA_MODERN_FEMALE_4 Operation=58 PlotIndex=772
mission CityName=LOC_CITY_NAME_CALGARY CompletionTurn=154 EscapeResult=-1 InitialResult=4 LevelAfter=4 LootInfo=-1 Name=LOC_CITIZEN_MAYA_MALE_8 Operation=58 PlotIndex=1991
mission CityName=LOC_CITY_NAME_TORONTO CompletionTurn=154 EscapeResult=-1 InitialResult=5 LevelAfter=2 LootInfo=-1 Name=LOC_CITIZEN_MAYA_MODERN_MALE_6 Operation=58 PlotIndex=1818
mission CityName=LOC_CITY_NAME_MONTREAL CompletionTurn=152 EscapeResult=-1 InitialResult=2 LevelAfter=2 LootInfo=-1 Name=LOC_CITIZEN_MAYA_MODERN_FEMALE_3 Operation=58 PlotIndex=1314
mission CityName=LOC_CITY_NAME_VANCOUVER CompletionTurn=152 EscapeResult=-1 InitialResult=3 LevelAfter=1 LootInfo=-1 Name=LOC_CITIZEN_MAYA_FEMALE_8 Operation=58 PlotIndex=1743
mission CityName=LOC_CITY_NAME_VICTORIA CompletionTurn=152 EscapeResult=-1 InitialResult=4 LevelAfter=4 LootInfo=-1 Name=LOC_CITIZEN_MAYA_FEMALE_6 Operation=58 PlotIndex=888
mission CityName=LOC_CITY_NAME_QUEBEC_CITY CompletionTurn=149 EscapeResult=-1 InitialResult=5 LevelAfter=2 LootInfo=-1 Name=LOC_CITIZEN_MAYA_FEMALE_4 Operation=58 PlotIndex=1404
mission CityName=LOC_CITY_NAME_HALIFAX CompletionTurn=149 EscapeResult=0 InitialResult=2 LevelAfter=3 LootInfo=-1 Name=LOC_CITIZEN_MAYA_MODERN_FEMALE_8 Operation=58 PlotIndex=1409
mission CityName=LOC_CITY_NAME_CALGARY CompletionTurn=149 EscapeResult=-1 InitialResult=5 LevelAfter=4 LootInfo=-1 Name=LOC_CITIZEN_MAYA_MALE_8 Operation=58 PlotIndex=1991
mission CityName=LOC_CITY_NAME_OTTAWA CompletionTurn=147 EscapeResult=2 InitialResult=4 LevelAfter=4 LootInfo=-1 Name=LOC_CITIZEN_MAYA_MODERN_MALE_1 Operation=58 PlotIndex=978
mission CityName=LOC_CITY_NAME_VANCOUVER CompletionTurn=145 EscapeResult=2 InitialResult=2 LevelAfter=1 LootInfo=-1 Name=LOC_CITIZEN_MAYA_FEMALE_1 Operation=58 PlotIndex=1743
mission CityName=LOC_CITY_NAME_MONTREAL CompletionTurn=144 EscapeResult=-1 InitialResult=5 LevelAfter=2 LootInfo=-1 Name=LOC_CITIZEN_MAYA_MODERN_FEMALE_3 Operation=58 PlotIndex=1314
mission CityName=LOC_CITY_NAME_TORONTO CompletionTurn=144 EscapeResult=2 InitialResult=2 LevelAfter=2 LootInfo=-1 Name=LOC_CITIZEN_MAYA_MODERN_FEMALE_4 Operation=58 PlotIndex=1818
mission CityName=LOC_CITY_NAME_VICTORIA CompletionTurn=143 EscapeResult=0 InitialResult=2 LevelAfter=3 LootInfo=-1 Name=LOC_CITIZEN_MAYA_MODERN_FEMALE_6 Operation=58 PlotIndex=888
mission CityName=LOC_CITY_NAME_OTTAWA CompletionTurn=143 EscapeResult=-1 InitialResult=3 LevelAfter=4 LootInfo=-1 Name=LOC_CITIZEN_MAYA_MODERN_MALE_1 Operation=58 PlotIndex=978
mission CityName=LOC_CITY_NAME_HALIFAX CompletionTurn=142 EscapeResult=-1 InitialResult=5 LevelAfter=3 LootInfo=-1 Name=LOC_CITIZEN_MAYA_MODERN_FEMALE_8 Operation=58 PlotIndex=1409
mission CityName=LOC_CITY_NAME_CALGARY CompletionTurn=142 EscapeResult=-1 InitialResult=5 LevelAfter=4 LootInfo=-1 Name=LOC_CITIZEN_MAYA_MALE_8 Operation=58 PlotIndex=1991
mission CityName=LOC_CITY_NAME_MONTREAL CompletionTurn=141 EscapeResult=-1 InitialResult=1 LevelAfter=2 LootInfo=-1 Name=LOC_CITIZEN_MAYA_MODERN_MALE_4 Operation=58 PlotIndex=1314
mission CityName=LOC_CITY_NAME_MONTREAL CompletionTurn=140 EscapeResult=-1 InitialResult=5 LevelAfter=2 LootInfo=-1 Name=LOC_CITIZEN_MAYA_MODERN_MALE_4 Operation=58 PlotIndex=1314
mission CityName=LOC_CITY_NAME_QUEBEC_CITY CompletionTurn=140 EscapeResult=2 InitialResult=4 LevelAfter=3 LootInfo=-1 Name=LOC_CITIZEN_MAYA_FEMALE_6 Operation=58 PlotIndex=1404
mission CityName=LOC_CITY_NAME_OTTAWA CompletionTurn=139 EscapeResult=-1 InitialResult=5 LevelAfter=4 LootInfo=-1 Name=LOC_CITIZEN_MAYA_MODERN_MALE_1 Operation=58 PlotIndex=978
mission CityName=LOC_CITY_NAME_VICTORIA CompletionTurn=138 EscapeResult=1 InitialResult=4 LevelAfter=2 LootInfo=-1 Name=LOC_CITIZEN_MAYA_MALE_2 Operation=58 PlotIndex=888
mission CityName=LOC_CITY_NAME_TORONTO CompletionTurn=137 EscapeResult=-1 InitialResult=5 LevelAfter=2 LootInfo=-1 Name=LOC_CITIZEN_MAYA_MODERN_FEMALE_4 Operation=58 PlotIndex=1818
mission CityName=LOC_CITY_NAME_QUEBEC_CITY CompletionTurn=136 EscapeResult=-1 InitialResult=1 LevelAfter=2 LootInfo=-1 Name=LOC_CITIZEN_MAYA_MODERN_MALE_9 Operation=58 PlotIndex=1404
mission CityName=LOC_CITY_NAME_HALIFAX CompletionTurn=135 EscapeResult=-1 InitialResult=5 LevelAfter=2 LootInfo=-1 Name=LOC_CITIZEN_MAYA_MODERN_FEMALE_8 Operation=58 PlotIndex=1409
mission CityName=LOC_CITY_NAME_OTTAWA CompletionTurn=135 EscapeResult=-1 InitialResult=5 LevelAfter=4 LootInfo=-1 Name=LOC_CITIZEN_MAYA_MODERN_MALE_1 Operation=58 PlotIndex=978
mission CityName=LOC_CITY_NAME_CALGARY CompletionTurn=133 EscapeResult=2 InitialResult=4 LevelAfter=3 LootInfo=-1 Name=LOC_CITIZEN_MAYA_MALE_8 Operation=58 PlotIndex=1991
mission CityName=LOC_CITY_NAME_MONTREAL CompletionTurn=132 EscapeResult=0 InitialResult=2 LevelAfter=1 LootInfo=-1 Name=LOC_CITIZEN_MAYA_MALE_5 Operation=58 PlotIndex=1314
mission CityName=LOC_CITY_NAME_QUEBEC_CITY CompletionTurn=131 EscapeResult=-1 InitialResult=5 LevelAfter=2 LootInfo=-1 Name=LOC_CITIZEN_MAYA_MODERN_MALE_9 Operation=58 PlotIndex=1404
mission CityName=LOC_CITY_NAME_OTTAWA CompletionTurn=130 EscapeResult=-1 InitialResult=5 LevelAfter=4 LootInfo=-1 Name=LOC_CITIZEN_MAYA_MODERN_MALE_1 Operation=58 PlotIndex=978
mission CityName=LOC_CITY_NAME_CALGARY CompletionTurn=129 EscapeResult=-1 InitialResult=3 LevelAfter=2 LootInfo=-1 Name=LOC_CITIZEN_MAYA_MALE_8 Operation=58 PlotIndex=1991
mission CityName=LOC_CITY_NAME_TORONTO CompletionTurn=129 EscapeResult=2 InitialResult=4 LevelAfter=3 LootInfo=-1 Name=LOC_CITIZEN_MAYA_MODERN_FEMALE_6 Operation=58 PlotIndex=1818
mission CityName=LOC_CITY_NAME_MONTREAL CompletionTurn=127 EscapeResult=2 InitialResult=2 LevelAfter=1 LootInfo=-1 Name=LOC_CITIZEN_MAYA_MALE_2 Operation=58 PlotIndex=1314
mission CityName=LOC_CITY_NAME_OTTAWA CompletionTurn=124 EscapeResult=-1 InitialResult=5 LevelAfter=4 LootInfo=-1 Name=LOC_CITIZEN_MAYA_MODERN_MALE_1 Operation=58 PlotIndex=978
mission CityName=LOC_CITY_NAME_CALGARY CompletionTurn=123 EscapeResult=-1 InitialResult=5 LevelAfter=2 LootInfo=-1 Name=LOC_CITIZEN_MAYA_MALE_8 Operation=58 PlotIndex=1991
mission CityName=LOC_CITY_NAME_HALIFAX CompletionTurn=121 EscapeResult=2 InitialResult=4 LevelAfter=2 LootInfo=-1 Name=LOC_CITIZEN_MAYA_FEMALE_6 Operation=58 PlotIndex=1409
mission CityName=LOC_CITY_NAME_OTTAWA CompletionTurn=120 EscapeResult=-1 InitialResult=3 LevelAfter=3 LootInfo=-1 Name=LOC_CITIZEN_MAYA_MODERN_MALE_1 Operation=58 PlotIndex=978
mission CityName=LOC_CITY_NAME_MONTREAL CompletionTurn=120 EscapeResult=-1 InitialResult=0 LevelAfter=2 LootInfo=-1 Name=LOC_CITIZEN_MAYA_FEMALE_7 Operation=58 PlotIndex=1314
mission CityName=LOC_CITY_NAME_QUEBEC_CITY CompletionTurn=118 EscapeResult=1 InitialResult=2 LevelAfter=1 LootInfo=-1 Name=LOC_CITIZEN_MAYA_MODERN_FEMALE_1 Operation=58 PlotIndex=1404
mission CityName=LOC_CITY_NAME_TORONTO CompletionTurn=118 EscapeResult=2 InitialResult=4 LevelAfter=2 LootInfo=-1 Name=LOC_CITIZEN_MAYA_MODERN_FEMALE_6 Operation=58 PlotIndex=1818
mission CityName=LOC_CITY_NAME_TORONTO CompletionTurn=114 EscapeResult=-1 InitialResult=1 LevelAfter=1 LootInfo=-1 Name=LOC_CITIZEN_MAYA_FEMALE_3 Operation=58 PlotIndex=1818
mission CityName=LOC_CITY_NAME_MONTREAL CompletionTurn=114 EscapeResult=-1 InitialResult=5 LevelAfter=2 LootInfo=-1 Name=LOC_CITIZEN_MAYA_FEMALE_7 Operation=58 PlotIndex=1314
mission CityName=LOC_CITY_NAME_OTTAWA CompletionTurn=113 EscapeResult=-1 InitialResult=5 LevelAfter=3 LootInfo=-1 Name=LOC_CITIZEN_MAYA_MODERN_MALE_1 Operation=58 PlotIndex=978
mission CityName=LOC_CITY_NAME_MONTREAL CompletionTurn=110 EscapeResult=-1 InitialResult=1 LevelAfter=1 LootInfo=-1 Name=LOC_CITIZEN_MAYA_MODERN_FEMALE_7 Operation=58 PlotIndex=1314
mission CityName=LOC_CITY_NAME_OTTAWA CompletionTurn=107 EscapeResult=-1 InitialResult=5 LevelAfter=2 LootInfo=-1 Name=LOC_CITIZEN_MAYA_MODERN_MALE_1 Operation=58 PlotIndex=978
tally 4  FOMENT_UNREST CAPTURED / NO_RESULT
tally 1  FOMENT_UNREST FAIL_MUST_ESCAPE / CAPTURED
tally 3  FOMENT_UNREST FAIL_MUST_ESCAPE / FAIL_MUST_ESCAPE
tally 3  FOMENT_UNREST FAIL_MUST_ESCAPE / KILLED
tally 1  FOMENT_UNREST FAIL_MUST_ESCAPE / NO_RESULT
tally 4  FOMENT_UNREST FAIL_UNDETECTED / NO_RESULT
tally 1  FOMENT_UNREST KILLED / NO_RESULT
tally 1  FOMENT_UNREST SUCCESS_MUST_ESCAPE / CAPTURED
tally 6  FOMENT_UNREST SUCCESS_MUST_ESCAPE / FAIL_MUST_ESCAPE
tally 2  FOMENT_UNREST SUCCESS_MUST_ESCAPE / NO_RESULT
tally 19  FOMENT_UNREST SUCCESS_UNDETECTED / NO_RESULT
turn 154 spies active 3 idle 7 missions 45 captured-enemy 0
spy 6946823 LOC_CITIZEN_MAYA_MODERN_MALE_6 level 1 at 54:21 start
spy 5701641 LOC_CITIZEN_MAYA_MALE_8 level 4 at 59:23 busy
spy 6750221 LOC_CITIZEN_MAYA_FEMALE_6 level 3 at 48:10 busy
spy 6225935 LOC_CITIZEN_MAYA_FEMALE_8 level 1 at 63:20 start
spy 7143440 LOC_CITIZEN_MAYA_MODERN_MALE_1 level 4 at 36:42 travel
spy 7077908 LOC_CITIZEN_MAYA_MALE_6 level 1 at 36:42 travel
spy 5767189 LOC_CITIZEN_MAYA_MODERN_FEMALE_3 level 2 at 54:15 busy
spy 6422553 LOC_CITIZEN_MAYA_FEMALE_4 level 2 at 60:16 start
spy 7012379 LOC_CITIZEN_MAYA_MODERN_FEMALE_4 level 2 at 16:9 start
spy 7208988 LOC_CITIZEN_MAYA_FEMALE_1 level 1 at 54:11 start
turn 154 spies 10 started 5 travelled 2 promoted 3 bought 0 gold 50000
unblock: blocker ENDTURN_BLOCKING_SPY_CHOOSE_ESCAPE_ROUTE -> escape route DISTRICT_CITY_CENTER of 2 for spy 5701641 LOC_CITIZEN_MAYA_MALE_8 level 4 turn 154 city LOC_CITY_NAME_CALGARY p1 at 59:23 pursuer police | end turn requested
unstuck: InGamePopup: open, no close
unblock: blocker ENDTURN_BLOCKING_SPY_CHOOSE_ESCAPE_ROUTE -> escape route DISTRICT_CITY_CENTER of 1 for spy 6750221 LOC_CITIZEN_MAYA_FEMALE_6 level 4 turn 154 city LOC_CITY_NAME_VICTORIA p1 at 48:10 pursuer police | end turn requested
unstuck: closed sessions [2:2]
unstuck: DiplomacyActionView: Closing Diplomacy Action View. m_eventID: 2899205
unstuck: InGamePopup: open, no close
unblock: blocker ENDTURN_BLOCKING_SPY_CHOOSE_ESCAPE_ROUTE -> escape route DISTRICT_CITY_CENTER of 1 for spy 6750221 LOC_CITIZEN_MAYA_FEMALE_6 level 4 turn 154 city LOC_CITY_NAME_VICTORIA p1 at 48:10 pursuer police | end turn requested
unstuck: closed sessions [3:3]
unstuck: DiplomacyActionView: Closing Diplomacy Action View. m_eventID: 2900385
unstuck: InGamePopup: open, no close
mission CityName=LOC_CITY_NAME_TE_HOKIANGA_NU_A_KUPE CompletionTurn=154 EscapeResult=-1 InitialResult=5 LevelAfter=3 LootInfo=-1 Name=LOC_CITIZEN_MAYA_MODERN_FEMALE_4 Operation=58 PlotIndex=772
mission CityName=LOC_CITY_NAME_CALGARY CompletionTurn=154 EscapeResult=2 InitialResult=4 LevelAfter=4 LootInfo=-1 Name=LOC_CITIZEN_MAYA_MALE_8 Operation=58 PlotIndex=1991
mission CityName=LOC_CITY_NAME_TORONTO CompletionTurn=154 EscapeResult=-1 InitialResult=5 LevelAfter=2 LootInfo=-1 Name=LOC_CITIZEN_MAYA_MODERN_MALE_6 Operation=58 PlotIndex=1818
mission CityName=LOC_CITY_NAME_MONTREAL CompletionTurn=152 EscapeResult=-1 InitialResult=2 LevelAfter=2 LootInfo=-1 Name=LOC_CITIZEN_MAYA_MODERN_FEMALE_3 Operation=58 PlotIndex=1314
mission CityName=LOC_CITY_NAME_VANCOUVER CompletionTurn=152 EscapeResult=-1 InitialResult=3 LevelAfter=1 LootInfo=-1 Name=LOC_CITIZEN_MAYA_FEMALE_8 Operation=58 PlotIndex=1743
mission CityName=LOC_CITY_NAME_VICTORIA CompletionTurn=152 EscapeResult=-1 InitialResult=4 LevelAfter=4 LootInfo=-1 Name=LOC_CITIZEN_MAYA_FEMALE_6 Operation=58 PlotIndex=888
mission CityName=LOC_CITY_NAME_QUEBEC_CITY CompletionTurn=149 EscapeResult=-1 InitialResult=5 LevelAfter=2 LootInfo=-1 Name=LOC_CITIZEN_MAYA_FEMALE_4 Operation=58 PlotIndex=1404
mission CityName=LOC_CITY_NAME_HALIFAX CompletionTurn=149 EscapeResult=0 InitialResult=2 LevelAfter=3 LootInfo=-1 Name=LOC_CITIZEN_MAYA_MODERN_FEMALE_8 Operation=58 PlotIndex=1409
mission CityName=LOC_CITY_NAME_CALGARY CompletionTurn=149 EscapeResult=-1 InitialResult=5 LevelAfter=4 LootInfo=-1 Name=LOC_CITIZEN_MAYA_MALE_8 Operation=58 PlotIndex=1991
mission CityName=LOC_CITY_NAME_OTTAWA CompletionTurn=147 EscapeResult=2 InitialResult=4 LevelAfter=4 LootInfo=-1 Name=LOC_CITIZEN_MAYA_MODERN_MALE_1 Operation=58 PlotIndex=978
mission CityName=LOC_CITY_NAME_VANCOUVER CompletionTurn=145 EscapeResult=2 InitialResult=2 LevelAfter=1 LootInfo=-1 Name=LOC_CITIZEN_MAYA_FEMALE_1 Operation=58 PlotIndex=1743
mission CityName=LOC_CITY_NAME_MONTREAL CompletionTurn=144 EscapeResult=-1 InitialResult=5 LevelAfter=2 LootInfo=-1 Name=LOC_CITIZEN_MAYA_MODERN_FEMALE_3 Operation=58 PlotIndex=1314
mission CityName=LOC_CITY_NAME_TORONTO CompletionTurn=144 EscapeResult=2 InitialResult=2 LevelAfter=2 LootInfo=-1 Name=LOC_CITIZEN_MAYA_MODERN_FEMALE_4 Operation=58 PlotIndex=1818
mission CityName=LOC_CITY_NAME_VICTORIA CompletionTurn=143 EscapeResult=0 InitialResult=2 LevelAfter=3 LootInfo=-1 Name=LOC_CITIZEN_MAYA_MODERN_FEMALE_6 Operation=58 PlotIndex=888
mission CityName=LOC_CITY_NAME_OTTAWA CompletionTurn=143 EscapeResult=-1 InitialResult=3 LevelAfter=4 LootInfo=-1 Name=LOC_CITIZEN_MAYA_MODERN_MALE_1 Operation=58 PlotIndex=978
mission CityName=LOC_CITY_NAME_HALIFAX CompletionTurn=142 EscapeResult=-1 InitialResult=5 LevelAfter=3 LootInfo=-1 Name=LOC_CITIZEN_MAYA_MODERN_FEMALE_8 Operation=58 PlotIndex=1409
mission CityName=LOC_CITY_NAME_CALGARY CompletionTurn=142 EscapeResult=-1 InitialResult=5 LevelAfter=4 LootInfo=-1 Name=LOC_CITIZEN_MAYA_MALE_8 Operation=58 PlotIndex=1991
mission CityName=LOC_CITY_NAME_MONTREAL CompletionTurn=141 EscapeResult=-1 InitialResult=1 LevelAfter=2 LootInfo=-1 Name=LOC_CITIZEN_MAYA_MODERN_MALE_4 Operation=58 PlotIndex=1314
mission CityName=LOC_CITY_NAME_MONTREAL CompletionTurn=140 EscapeResult=-1 InitialResult=5 LevelAfter=2 LootInfo=-1 Name=LOC_CITIZEN_MAYA_MODERN_MALE_4 Operation=58 PlotIndex=1314
mission CityName=LOC_CITY_NAME_QUEBEC_CITY CompletionTurn=140 EscapeResult=2 InitialResult=4 LevelAfter=3 LootInfo=-1 Name=LOC_CITIZEN_MAYA_FEMALE_6 Operation=58 PlotIndex=1404
mission CityName=LOC_CITY_NAME_OTTAWA CompletionTurn=139 EscapeResult=-1 InitialResult=5 LevelAfter=4 LootInfo=-1 Name=LOC_CITIZEN_MAYA_MODERN_MALE_1 Operation=58 PlotIndex=978
mission CityName=LOC_CITY_NAME_VICTORIA CompletionTurn=138 EscapeResult=1 InitialResult=4 LevelAfter=2 LootInfo=-1 Name=LOC_CITIZEN_MAYA_MALE_2 Operation=58 PlotIndex=888
mission CityName=LOC_CITY_NAME_TORONTO CompletionTurn=137 EscapeResult=-1 InitialResult=5 LevelAfter=2 LootInfo=-1 Name=LOC_CITIZEN_MAYA_MODERN_FEMALE_4 Operation=58 PlotIndex=1818
mission CityName=LOC_CITY_NAME_QUEBEC_CITY CompletionTurn=136 EscapeResult=-1 InitialResult=1 LevelAfter=2 LootInfo=-1 Name=LOC_CITIZEN_MAYA_MODERN_MALE_9 Operation=58 PlotIndex=1404
mission CityName=LOC_CITY_NAME_HALIFAX CompletionTurn=135 EscapeResult=-1 InitialResult=5 LevelAfter=2 LootInfo=-1 Name=LOC_CITIZEN_MAYA_MODERN_FEMALE_8 Operation=58 PlotIndex=1409
mission CityName=LOC_CITY_NAME_OTTAWA CompletionTurn=135 EscapeResult=-1 InitialResult=5 LevelAfter=4 LootInfo=-1 Name=LOC_CITIZEN_MAYA_MODERN_MALE_1 Operation=58 PlotIndex=978
mission CityName=LOC_CITY_NAME_CALGARY CompletionTurn=133 EscapeResult=2 InitialResult=4 LevelAfter=3 LootInfo=-1 Name=LOC_CITIZEN_MAYA_MALE_8 Operation=58 PlotIndex=1991
mission CityName=LOC_CITY_NAME_MONTREAL CompletionTurn=132 EscapeResult=0 InitialResult=2 LevelAfter=1 LootInfo=-1 Name=LOC_CITIZEN_MAYA_MALE_5 Operation=58 PlotIndex=1314
mission CityName=LOC_CITY_NAME_QUEBEC_CITY CompletionTurn=131 EscapeResult=-1 InitialResult=5 LevelAfter=2 LootInfo=-1 Name=LOC_CITIZEN_MAYA_MODERN_MALE_9 Operation=58 PlotIndex=1404
mission CityName=LOC_CITY_NAME_OTTAWA CompletionTurn=130 EscapeResult=-1 InitialResult=5 LevelAfter=4 LootInfo=-1 Name=LOC_CITIZEN_MAYA_MODERN_MALE_1 Operation=58 PlotIndex=978
mission CityName=LOC_CITY_NAME_CALGARY CompletionTurn=129 EscapeResult=-1 InitialResult=3 LevelAfter=2 LootInfo=-1 Name=LOC_CITIZEN_MAYA_MALE_8 Operation=58 PlotIndex=1991
mission CityName=LOC_CITY_NAME_TORONTO CompletionTurn=129 EscapeResult=2 InitialResult=4 LevelAfter=3 LootInfo=-1 Name=LOC_CITIZEN_MAYA_MODERN_FEMALE_6 Operation=58 PlotIndex=1818
mission CityName=LOC_CITY_NAME_MONTREAL CompletionTurn=127 EscapeResult=2 InitialResult=2 LevelAfter=1 LootInfo=-1 Name=LOC_CITIZEN_MAYA_MALE_2 Operation=58 PlotIndex=1314
mission CityName=LOC_CITY_NAME_OTTAWA CompletionTurn=124 EscapeResult=-1 InitialResult=5 LevelAfter=4 LootInfo=-1 Name=LOC_CITIZEN_MAYA_MODERN_MALE_1 Operation=58 PlotIndex=978
mission CityName=LOC_CITY_NAME_CALGARY CompletionTurn=123 EscapeResult=-1 InitialResult=5 LevelAfter=2 LootInfo=-1 Name=LOC_CITIZEN_MAYA_MALE_8 Operation=58 PlotIndex=1991
mission CityName=LOC_CITY_NAME_HALIFAX CompletionTurn=121 EscapeResult=2 InitialResult=4 LevelAfter=2 LootInfo=-1 Name=LOC_CITIZEN_MAYA_FEMALE_6 Operation=58 PlotIndex=1409
mission CityName=LOC_CITY_NAME_OTTAWA CompletionTurn=120 EscapeResult=-1 InitialResult=3 LevelAfter=3 LootInfo=-1 Name=LOC_CITIZEN_MAYA_MODERN_MALE_1 Operation=58 PlotIndex=978
mission CityName=LOC_CITY_NAME_MONTREAL CompletionTurn=120 EscapeResult=-1 InitialResult=0 LevelAfter=2 LootInfo=-1 Name=LOC_CITIZEN_MAYA_FEMALE_7 Operation=58 PlotIndex=1314
mission CityName=LOC_CITY_NAME_QUEBEC_CITY CompletionTurn=118 EscapeResult=1 InitialResult=2 LevelAfter=1 LootInfo=-1 Name=LOC_CITIZEN_MAYA_MODERN_FEMALE_1 Operation=58 PlotIndex=1404
mission CityName=LOC_CITY_NAME_TORONTO CompletionTurn=118 EscapeResult=2 InitialResult=4 LevelAfter=2 LootInfo=-1 Name=LOC_CITIZEN_MAYA_MODERN_FEMALE_6 Operation=58 PlotIndex=1818
mission CityName=LOC_CITY_NAME_TORONTO CompletionTurn=114 EscapeResult=-1 InitialResult=1 LevelAfter=1 LootInfo=-1 Name=LOC_CITIZEN_MAYA_FEMALE_3 Operation=58 PlotIndex=1818
mission CityName=LOC_CITY_NAME_MONTREAL CompletionTurn=114 EscapeResult=-1 InitialResult=5 LevelAfter=2 LootInfo=-1 Name=LOC_CITIZEN_MAYA_FEMALE_7 Operation=58 PlotIndex=1314
mission CityName=LOC_CITY_NAME_OTTAWA CompletionTurn=113 EscapeResult=-1 InitialResult=5 LevelAfter=3 LootInfo=-1 Name=LOC_CITIZEN_MAYA_MODERN_MALE_1 Operation=58 PlotIndex=978
mission CityName=LOC_CITY_NAME_MONTREAL CompletionTurn=110 EscapeResult=-1 InitialResult=1 LevelAfter=1 LootInfo=-1 Name=LOC_CITIZEN_MAYA_MODERN_FEMALE_7 Operation=58 PlotIndex=1314
mission CityName=LOC_CITY_NAME_OTTAWA CompletionTurn=107 EscapeResult=-1 InitialResult=5 LevelAfter=2 LootInfo=-1 Name=LOC_CITIZEN_MAYA_MODERN_MALE_1 Operation=58 PlotIndex=978
tally 4  FOMENT_UNREST CAPTURED / NO_RESULT
tally 1  FOMENT_UNREST FAIL_MUST_ESCAPE / CAPTURED
tally 3  FOMENT_UNREST FAIL_MUST_ESCAPE / FAIL_MUST_ESCAPE
tally 3  FOMENT_UNREST FAIL_MUST_ESCAPE / KILLED
tally 1  FOMENT_UNREST FAIL_MUST_ESCAPE / NO_RESULT
tally 4  FOMENT_UNREST FAIL_UNDETECTED / NO_RESULT
tally 1  FOMENT_UNREST KILLED / NO_RESULT
tally 1  FOMENT_UNREST SUCCESS_MUST_ESCAPE / CAPTURED
tally 7  FOMENT_UNREST SUCCESS_MUST_ESCAPE / FAIL_MUST_ESCAPE
tally 1  FOMENT_UNREST SUCCESS_MUST_ESCAPE / NO_RESULT
tally 19  FOMENT_UNREST SUCCESS_UNDETECTED / NO_RESULT
turn 155 spies active 7 idle 0 missions 45 captured-enemy 0
spy 6946823 LOC_CITIZEN_MAYA_MODERN_MALE_6 level 2 at 54:21 busy
spy 6750221 LOC_CITIZEN_MAYA_FEMALE_6 level 4 at 48:10 busy
spy 6225935 LOC_CITIZEN_MAYA_FEMALE_8 level 1 at 63:20 busy
spy 5767189 LOC_CITIZEN_MAYA_MODERN_FEMALE_3 level 2 at 54:15 busy
spy 6422553 LOC_CITIZEN_MAYA_FEMALE_4 level 2 at 60:16 busy
spy 7012379 LOC_CITIZEN_MAYA_MODERN_FEMALE_4 level 3 at 16:9 busy
spy 7208988 LOC_CITIZEN_MAYA_FEMALE_1 level 1 at 54:11 busy
turn 155 spies 7 started 0 travelled 0 promoted 0 bought 0 gold 50000
unblock: blocker ENDTURN_BLOCKING_SPY_CHOOSE_ESCAPE_ROUTE -> escape route DISTRICT_CITY_CENTER of 1 for spy 6750221 LOC_CITIZEN_MAYA_FEMALE_6 level 4 turn 155 city LOC_CITY_NAME_VICTORIA p1 at 48:10 pursuer police | end turn requested
unstuck: closed sessions [1:1]
unstuck: DiplomacyActionView: Closing Diplomacy Action View. m_eventID: 2906173
unstuck: InGamePopup: open, no close
unblock: blocker ENDTURN_BLOCKING_SPY_CHOOSE_ESCAPE_ROUTE -> escape route DISTRICT_CITY_CENTER of 1 for spy 5767189 LOC_CITIZEN_MAYA_MODERN_FEMALE_3 level 2 turn 155 city LOC_CITY_NAME_MONTREAL p1 at 54:15 pursuer police | end turn requested
unstuck: InGamePopup: open, no close
unblock: blocker ENDTURN_BLOCKING_PRODUCTION -> NARANJO builds UNIT_WARRIOR | end turn requested
unstuck: closed sessions [2:2]
unstuck: DiplomacyActionView: Closing Diplomacy Action View. m_eventID: 2909115
unstuck: InGamePopup: open, no close
unblock: blocker ENDTURN_BLOCKING_PRODUCTION -> NARANJO builds UNIT_WARRIOR | end turn requested
unstuck: closed sessions [6:6]
unstuck: DiplomacyActionView: closed
unstuck: InGamePopup: open, no close
mission CityName=LOC_CITY_NAME_TE_HOKIANGA_NU_A_KUPE CompletionTurn=154 EscapeResult=-1 InitialResult=5 LevelAfter=3 LootInfo=-1 Name=LOC_CITIZEN_MAYA_MODERN_FEMALE_4 Operation=58 PlotIndex=772
mission CityName=LOC_CITY_NAME_CALGARY CompletionTurn=154 EscapeResult=2 InitialResult=4 LevelAfter=4 LootInfo=-1 Name=LOC_CITIZEN_MAYA_MALE_8 Operation=58 PlotIndex=1991
mission CityName=LOC_CITY_NAME_TORONTO CompletionTurn=154 EscapeResult=-1 InitialResult=5 LevelAfter=2 LootInfo=-1 Name=LOC_CITIZEN_MAYA_MODERN_MALE_6 Operation=58 PlotIndex=1818
mission CityName=LOC_CITY_NAME_MONTREAL CompletionTurn=152 EscapeResult=2 InitialResult=2 LevelAfter=2 LootInfo=-1 Name=LOC_CITIZEN_MAYA_MODERN_FEMALE_3 Operation=58 PlotIndex=1314
mission CityName=LOC_CITY_NAME_VANCOUVER CompletionTurn=152 EscapeResult=-1 InitialResult=3 LevelAfter=1 LootInfo=-1 Name=LOC_CITIZEN_MAYA_FEMALE_8 Operation=58 PlotIndex=1743
mission CityName=LOC_CITY_NAME_VICTORIA CompletionTurn=152 EscapeResult=0 InitialResult=4 LevelAfter=4 LootInfo=-1 Name=LOC_CITIZEN_MAYA_FEMALE_6 Operation=58 PlotIndex=888
mission CityName=LOC_CITY_NAME_QUEBEC_CITY CompletionTurn=149 EscapeResult=-1 InitialResult=5 LevelAfter=2 LootInfo=-1 Name=LOC_CITIZEN_MAYA_FEMALE_4 Operation=58 PlotIndex=1404
mission CityName=LOC_CITY_NAME_HALIFAX CompletionTurn=149 EscapeResult=0 InitialResult=2 LevelAfter=3 LootInfo=-1 Name=LOC_CITIZEN_MAYA_MODERN_FEMALE_8 Operation=58 PlotIndex=1409
mission CityName=LOC_CITY_NAME_CALGARY CompletionTurn=149 EscapeResult=-1 InitialResult=5 LevelAfter=4 LootInfo=-1 Name=LOC_CITIZEN_MAYA_MALE_8 Operation=58 PlotIndex=1991
mission CityName=LOC_CITY_NAME_OTTAWA CompletionTurn=147 EscapeResult=2 InitialResult=4 LevelAfter=4 LootInfo=-1 Name=LOC_CITIZEN_MAYA_MODERN_MALE_1 Operation=58 PlotIndex=978
mission CityName=LOC_CITY_NAME_VANCOUVER CompletionTurn=145 EscapeResult=2 InitialResult=2 LevelAfter=1 LootInfo=-1 Name=LOC_CITIZEN_MAYA_FEMALE_1 Operation=58 PlotIndex=1743
mission CityName=LOC_CITY_NAME_MONTREAL CompletionTurn=144 EscapeResult=-1 InitialResult=5 LevelAfter=2 LootInfo=-1 Name=LOC_CITIZEN_MAYA_MODERN_FEMALE_3 Operation=58 PlotIndex=1314
mission CityName=LOC_CITY_NAME_TORONTO CompletionTurn=144 EscapeResult=2 InitialResult=2 LevelAfter=2 LootInfo=-1 Name=LOC_CITIZEN_MAYA_MODERN_FEMALE_4 Operation=58 PlotIndex=1818
mission CityName=LOC_CITY_NAME_VICTORIA CompletionTurn=143 EscapeResult=0 InitialResult=2 LevelAfter=3 LootInfo=-1 Name=LOC_CITIZEN_MAYA_MODERN_FEMALE_6 Operation=58 PlotIndex=888
mission CityName=LOC_CITY_NAME_OTTAWA CompletionTurn=143 EscapeResult=-1 InitialResult=3 LevelAfter=4 LootInfo=-1 Name=LOC_CITIZEN_MAYA_MODERN_MALE_1 Operation=58 PlotIndex=978
mission CityName=LOC_CITY_NAME_HALIFAX CompletionTurn=142 EscapeResult=-1 InitialResult=5 LevelAfter=3 LootInfo=-1 Name=LOC_CITIZEN_MAYA_MODERN_FEMALE_8 Operation=58 PlotIndex=1409
mission CityName=LOC_CITY_NAME_CALGARY CompletionTurn=142 EscapeResult=-1 InitialResult=5 LevelAfter=4 LootInfo=-1 Name=LOC_CITIZEN_MAYA_MALE_8 Operation=58 PlotIndex=1991
mission CityName=LOC_CITY_NAME_MONTREAL CompletionTurn=141 EscapeResult=-1 InitialResult=1 LevelAfter=2 LootInfo=-1 Name=LOC_CITIZEN_MAYA_MODERN_MALE_4 Operation=58 PlotIndex=1314
mission CityName=LOC_CITY_NAME_MONTREAL CompletionTurn=140 EscapeResult=-1 InitialResult=5 LevelAfter=2 LootInfo=-1 Name=LOC_CITIZEN_MAYA_MODERN_MALE_4 Operation=58 PlotIndex=1314
mission CityName=LOC_CITY_NAME_QUEBEC_CITY CompletionTurn=140 EscapeResult=2 InitialResult=4 LevelAfter=3 LootInfo=-1 Name=LOC_CITIZEN_MAYA_FEMALE_6 Operation=58 PlotIndex=1404
mission CityName=LOC_CITY_NAME_OTTAWA CompletionTurn=139 EscapeResult=-1 InitialResult=5 LevelAfter=4 LootInfo=-1 Name=LOC_CITIZEN_MAYA_MODERN_MALE_1 Operation=58 PlotIndex=978
mission CityName=LOC_CITY_NAME_VICTORIA CompletionTurn=138 EscapeResult=1 InitialResult=4 LevelAfter=2 LootInfo=-1 Name=LOC_CITIZEN_MAYA_MALE_2 Operation=58 PlotIndex=888
mission CityName=LOC_CITY_NAME_TORONTO CompletionTurn=137 EscapeResult=-1 InitialResult=5 LevelAfter=2 LootInfo=-1 Name=LOC_CITIZEN_MAYA_MODERN_FEMALE_4 Operation=58 PlotIndex=1818
mission CityName=LOC_CITY_NAME_QUEBEC_CITY CompletionTurn=136 EscapeResult=-1 InitialResult=1 LevelAfter=2 LootInfo=-1 Name=LOC_CITIZEN_MAYA_MODERN_MALE_9 Operation=58 PlotIndex=1404
mission CityName=LOC_CITY_NAME_HALIFAX CompletionTurn=135 EscapeResult=-1 InitialResult=5 LevelAfter=2 LootInfo=-1 Name=LOC_CITIZEN_MAYA_MODERN_FEMALE_8 Operation=58 PlotIndex=1409
mission CityName=LOC_CITY_NAME_OTTAWA CompletionTurn=135 EscapeResult=-1 InitialResult=5 LevelAfter=4 LootInfo=-1 Name=LOC_CITIZEN_MAYA_MODERN_MALE_1 Operation=58 PlotIndex=978
mission CityName=LOC_CITY_NAME_CALGARY CompletionTurn=133 EscapeResult=2 InitialResult=4 LevelAfter=3 LootInfo=-1 Name=LOC_CITIZEN_MAYA_MALE_8 Operation=58 PlotIndex=1991
mission CityName=LOC_CITY_NAME_MONTREAL CompletionTurn=132 EscapeResult=0 InitialResult=2 LevelAfter=1 LootInfo=-1 Name=LOC_CITIZEN_MAYA_MALE_5 Operation=58 PlotIndex=1314
mission CityName=LOC_CITY_NAME_QUEBEC_CITY CompletionTurn=131 EscapeResult=-1 InitialResult=5 LevelAfter=2 LootInfo=-1 Name=LOC_CITIZEN_MAYA_MODERN_MALE_9 Operation=58 PlotIndex=1404
mission CityName=LOC_CITY_NAME_OTTAWA CompletionTurn=130 EscapeResult=-1 InitialResult=5 LevelAfter=4 LootInfo=-1 Name=LOC_CITIZEN_MAYA_MODERN_MALE_1 Operation=58 PlotIndex=978
mission CityName=LOC_CITY_NAME_CALGARY CompletionTurn=129 EscapeResult=-1 InitialResult=3 LevelAfter=2 LootInfo=-1 Name=LOC_CITIZEN_MAYA_MALE_8 Operation=58 PlotIndex=1991
mission CityName=LOC_CITY_NAME_TORONTO CompletionTurn=129 EscapeResult=2 InitialResult=4 LevelAfter=3 LootInfo=-1 Name=LOC_CITIZEN_MAYA_MODERN_FEMALE_6 Operation=58 PlotIndex=1818
mission CityName=LOC_CITY_NAME_MONTREAL CompletionTurn=127 EscapeResult=2 InitialResult=2 LevelAfter=1 LootInfo=-1 Name=LOC_CITIZEN_MAYA_MALE_2 Operation=58 PlotIndex=1314
mission CityName=LOC_CITY_NAME_OTTAWA CompletionTurn=124 EscapeResult=-1 InitialResult=5 LevelAfter=4 LootInfo=-1 Name=LOC_CITIZEN_MAYA_MODERN_MALE_1 Operation=58 PlotIndex=978
mission CityName=LOC_CITY_NAME_CALGARY CompletionTurn=123 EscapeResult=-1 InitialResult=5 LevelAfter=2 LootInfo=-1 Name=LOC_CITIZEN_MAYA_MALE_8 Operation=58 PlotIndex=1991
mission CityName=LOC_CITY_NAME_HALIFAX CompletionTurn=121 EscapeResult=2 InitialResult=4 LevelAfter=2 LootInfo=-1 Name=LOC_CITIZEN_MAYA_FEMALE_6 Operation=58 PlotIndex=1409
mission CityName=LOC_CITY_NAME_OTTAWA CompletionTurn=120 EscapeResult=-1 InitialResult=3 LevelAfter=3 LootInfo=-1 Name=LOC_CITIZEN_MAYA_MODERN_MALE_1 Operation=58 PlotIndex=978
mission CityName=LOC_CITY_NAME_MONTREAL CompletionTurn=120 EscapeResult=-1 InitialResult=0 LevelAfter=2 LootInfo=-1 Name=LOC_CITIZEN_MAYA_FEMALE_7 Operation=58 PlotIndex=1314
mission CityName=LOC_CITY_NAME_QUEBEC_CITY CompletionTurn=118 EscapeResult=1 InitialResult=2 LevelAfter=1 LootInfo=-1 Name=LOC_CITIZEN_MAYA_MODERN_FEMALE_1 Operation=58 PlotIndex=1404
mission CityName=LOC_CITY_NAME_TORONTO CompletionTurn=118 EscapeResult=2 InitialResult=4 LevelAfter=2 LootInfo=-1 Name=LOC_CITIZEN_MAYA_MODERN_FEMALE_6 Operation=58 PlotIndex=1818
mission CityName=LOC_CITY_NAME_TORONTO CompletionTurn=114 EscapeResult=-1 InitialResult=1 LevelAfter=1 LootInfo=-1 Name=LOC_CITIZEN_MAYA_FEMALE_3 Operation=58 PlotIndex=1818
mission CityName=LOC_CITY_NAME_MONTREAL CompletionTurn=114 EscapeResult=-1 InitialResult=5 LevelAfter=2 LootInfo=-1 Name=LOC_CITIZEN_MAYA_FEMALE_7 Operation=58 PlotIndex=1314
mission CityName=LOC_CITY_NAME_OTTAWA CompletionTurn=113 EscapeResult=-1 InitialResult=5 LevelAfter=3 LootInfo=-1 Name=LOC_CITIZEN_MAYA_MODERN_MALE_1 Operation=58 PlotIndex=978
mission CityName=LOC_CITY_NAME_MONTREAL CompletionTurn=110 EscapeResult=-1 InitialResult=1 LevelAfter=1 LootInfo=-1 Name=LOC_CITIZEN_MAYA_MODERN_FEMALE_7 Operation=58 PlotIndex=1314
mission CityName=LOC_CITY_NAME_OTTAWA CompletionTurn=107 EscapeResult=-1 InitialResult=5 LevelAfter=2 LootInfo=-1 Name=LOC_CITIZEN_MAYA_MODERN_MALE_1 Operation=58 PlotIndex=978
tally 4  FOMENT_UNREST CAPTURED / NO_RESULT
tally 1  FOMENT_UNREST FAIL_MUST_ESCAPE / CAPTURED
tally 4  FOMENT_UNREST FAIL_MUST_ESCAPE / FAIL_MUST_ESCAPE
tally 3  FOMENT_UNREST FAIL_MUST_ESCAPE / KILLED
tally 4  FOMENT_UNREST FAIL_UNDETECTED / NO_RESULT
tally 1  FOMENT_UNREST KILLED / NO_RESULT
tally 1  FOMENT_UNREST SUCCESS_MUST_ESCAPE / CAPTURED
tally 7  FOMENT_UNREST SUCCESS_MUST_ESCAPE / FAIL_MUST_ESCAPE
tally 1  FOMENT_UNREST SUCCESS_MUST_ESCAPE / KILLED
tally 19  FOMENT_UNREST SUCCESS_UNDETECTED / NO_RESULT
turn 156 spies active 3 idle 2 missions 45 captured-enemy 0
spy 6946823 LOC_CITIZEN_MAYA_MODERN_MALE_6 level 2 at 54:21 start
spy 6225935 LOC_CITIZEN_MAYA_FEMALE_8 level 1 at 63:20 busy
spy 6422553 LOC_CITIZEN_MAYA_FEMALE_4 level 2 at 60:16 busy
spy 7012379 LOC_CITIZEN_MAYA_MODERN_FEMALE_4 level 3 at 16:9 start
spy 7208988 LOC_CITIZEN_MAYA_FEMALE_1 level 1 at 54:11 busy
turn 156 spies 5 started 2 travelled 0 promoted 0 bought 1 gold 50000
unblock: blocker ENDTURN_BLOCKING_PRODUCTION -> NARANJO builds UNIT_WARRIOR | end turn requested
unstuck: InGamePopup: open, no close
unblock: blocker ENDTURN_BLOCKING_RESEARCH -> research TECH_MACHINERY | end turn requested
unstuck: closed sessions [2:2]
unstuck: DiplomacyActionView: Closing Diplomacy Action View. m_eventID: 2919043
unstuck: InGamePopup: open, no close
unblock: blocker ENDTURN_BLOCKING_RESEARCH -> research TECH_MACHINERY | end turn requested
unstuck: closed sessions [4:4]
unstuck: DiplomacyActionView: Closing Diplomacy Action View. m_eventID: 2921205
unstuck: InGamePopup: open, no close
mission CityName=LOC_CITY_NAME_TE_HOKIANGA_NU_A_KUPE CompletionTurn=154 EscapeResult=-1 InitialResult=5 LevelAfter=3 LootInfo=-1 Name=LOC_CITIZEN_MAYA_MODERN_FEMALE_4 Operation=58 PlotIndex=772
mission CityName=LOC_CITY_NAME_CALGARY CompletionTurn=154 EscapeResult=2 InitialResult=4 LevelAfter=4 LootInfo=-1 Name=LOC_CITIZEN_MAYA_MALE_8 Operation=58 PlotIndex=1991
mission CityName=LOC_CITY_NAME_TORONTO CompletionTurn=154 EscapeResult=-1 InitialResult=5 LevelAfter=2 LootInfo=-1 Name=LOC_CITIZEN_MAYA_MODERN_MALE_6 Operation=58 PlotIndex=1818
mission CityName=LOC_CITY_NAME_MONTREAL CompletionTurn=152 EscapeResult=2 InitialResult=2 LevelAfter=2 LootInfo=-1 Name=LOC_CITIZEN_MAYA_MODERN_FEMALE_3 Operation=58 PlotIndex=1314
mission CityName=LOC_CITY_NAME_VANCOUVER CompletionTurn=152 EscapeResult=-1 InitialResult=3 LevelAfter=1 LootInfo=-1 Name=LOC_CITIZEN_MAYA_FEMALE_8 Operation=58 PlotIndex=1743
mission CityName=LOC_CITY_NAME_VICTORIA CompletionTurn=152 EscapeResult=0 InitialResult=4 LevelAfter=4 LootInfo=-1 Name=LOC_CITIZEN_MAYA_FEMALE_6 Operation=58 PlotIndex=888
mission CityName=LOC_CITY_NAME_QUEBEC_CITY CompletionTurn=149 EscapeResult=-1 InitialResult=5 LevelAfter=2 LootInfo=-1 Name=LOC_CITIZEN_MAYA_FEMALE_4 Operation=58 PlotIndex=1404
mission CityName=LOC_CITY_NAME_HALIFAX CompletionTurn=149 EscapeResult=0 InitialResult=2 LevelAfter=3 LootInfo=-1 Name=LOC_CITIZEN_MAYA_MODERN_FEMALE_8 Operation=58 PlotIndex=1409
mission CityName=LOC_CITY_NAME_CALGARY CompletionTurn=149 EscapeResult=-1 InitialResult=5 LevelAfter=4 LootInfo=-1 Name=LOC_CITIZEN_MAYA_MALE_8 Operation=58 PlotIndex=1991
mission CityName=LOC_CITY_NAME_OTTAWA CompletionTurn=147 EscapeResult=2 InitialResult=4 LevelAfter=4 LootInfo=-1 Name=LOC_CITIZEN_MAYA_MODERN_MALE_1 Operation=58 PlotIndex=978
mission CityName=LOC_CITY_NAME_VANCOUVER CompletionTurn=145 EscapeResult=2 InitialResult=2 LevelAfter=1 LootInfo=-1 Name=LOC_CITIZEN_MAYA_FEMALE_1 Operation=58 PlotIndex=1743
mission CityName=LOC_CITY_NAME_MONTREAL CompletionTurn=144 EscapeResult=-1 InitialResult=5 LevelAfter=2 LootInfo=-1 Name=LOC_CITIZEN_MAYA_MODERN_FEMALE_3 Operation=58 PlotIndex=1314
mission CityName=LOC_CITY_NAME_TORONTO CompletionTurn=144 EscapeResult=2 InitialResult=2 LevelAfter=2 LootInfo=-1 Name=LOC_CITIZEN_MAYA_MODERN_FEMALE_4 Operation=58 PlotIndex=1818
mission CityName=LOC_CITY_NAME_VICTORIA CompletionTurn=143 EscapeResult=0 InitialResult=2 LevelAfter=3 LootInfo=-1 Name=LOC_CITIZEN_MAYA_MODERN_FEMALE_6 Operation=58 PlotIndex=888
mission CityName=LOC_CITY_NAME_OTTAWA CompletionTurn=143 EscapeResult=-1 InitialResult=3 LevelAfter=4 LootInfo=-1 Name=LOC_CITIZEN_MAYA_MODERN_MALE_1 Operation=58 PlotIndex=978
mission CityName=LOC_CITY_NAME_HALIFAX CompletionTurn=142 EscapeResult=-1 InitialResult=5 LevelAfter=3 LootInfo=-1 Name=LOC_CITIZEN_MAYA_MODERN_FEMALE_8 Operation=58 PlotIndex=1409
mission CityName=LOC_CITY_NAME_CALGARY CompletionTurn=142 EscapeResult=-1 InitialResult=5 LevelAfter=4 LootInfo=-1 Name=LOC_CITIZEN_MAYA_MALE_8 Operation=58 PlotIndex=1991
mission CityName=LOC_CITY_NAME_MONTREAL CompletionTurn=141 EscapeResult=-1 InitialResult=1 LevelAfter=2 LootInfo=-1 Name=LOC_CITIZEN_MAYA_MODERN_MALE_4 Operation=58 PlotIndex=1314
mission CityName=LOC_CITY_NAME_MONTREAL CompletionTurn=140 EscapeResult=-1 InitialResult=5 LevelAfter=2 LootInfo=-1 Name=LOC_CITIZEN_MAYA_MODERN_MALE_4 Operation=58 PlotIndex=1314
mission CityName=LOC_CITY_NAME_QUEBEC_CITY CompletionTurn=140 EscapeResult=2 InitialResult=4 LevelAfter=3 LootInfo=-1 Name=LOC_CITIZEN_MAYA_FEMALE_6 Operation=58 PlotIndex=1404
mission CityName=LOC_CITY_NAME_OTTAWA CompletionTurn=139 EscapeResult=-1 InitialResult=5 LevelAfter=4 LootInfo=-1 Name=LOC_CITIZEN_MAYA_MODERN_MALE_1 Operation=58 PlotIndex=978
mission CityName=LOC_CITY_NAME_VICTORIA CompletionTurn=138 EscapeResult=1 InitialResult=4 LevelAfter=2 LootInfo=-1 Name=LOC_CITIZEN_MAYA_MALE_2 Operation=58 PlotIndex=888
mission CityName=LOC_CITY_NAME_TORONTO CompletionTurn=137 EscapeResult=-1 InitialResult=5 LevelAfter=2 LootInfo=-1 Name=LOC_CITIZEN_MAYA_MODERN_FEMALE_4 Operation=58 PlotIndex=1818
mission CityName=LOC_CITY_NAME_QUEBEC_CITY CompletionTurn=136 EscapeResult=-1 InitialResult=1 LevelAfter=2 LootInfo=-1 Name=LOC_CITIZEN_MAYA_MODERN_MALE_9 Operation=58 PlotIndex=1404
mission CityName=LOC_CITY_NAME_HALIFAX CompletionTurn=135 EscapeResult=-1 InitialResult=5 LevelAfter=2 LootInfo=-1 Name=LOC_CITIZEN_MAYA_MODERN_FEMALE_8 Operation=58 PlotIndex=1409
mission CityName=LOC_CITY_NAME_OTTAWA CompletionTurn=135 EscapeResult=-1 InitialResult=5 LevelAfter=4 LootInfo=-1 Name=LOC_CITIZEN_MAYA_MODERN_MALE_1 Operation=58 PlotIndex=978
mission CityName=LOC_CITY_NAME_CALGARY CompletionTurn=133 EscapeResult=2 InitialResult=4 LevelAfter=3 LootInfo=-1 Name=LOC_CITIZEN_MAYA_MALE_8 Operation=58 PlotIndex=1991
mission CityName=LOC_CITY_NAME_MONTREAL CompletionTurn=132 EscapeResult=0 InitialResult=2 LevelAfter=1 LootInfo=-1 Name=LOC_CITIZEN_MAYA_MALE_5 Operation=58 PlotIndex=1314
mission CityName=LOC_CITY_NAME_QUEBEC_CITY CompletionTurn=131 EscapeResult=-1 InitialResult=5 LevelAfter=2 LootInfo=-1 Name=LOC_CITIZEN_MAYA_MODERN_MALE_9 Operation=58 PlotIndex=1404
mission CityName=LOC_CITY_NAME_OTTAWA CompletionTurn=130 EscapeResult=-1 InitialResult=5 LevelAfter=4 LootInfo=-1 Name=LOC_CITIZEN_MAYA_MODERN_MALE_1 Operation=58 PlotIndex=978
mission CityName=LOC_CITY_NAME_CALGARY CompletionTurn=129 EscapeResult=-1 InitialResult=3 LevelAfter=2 LootInfo=-1 Name=LOC_CITIZEN_MAYA_MALE_8 Operation=58 PlotIndex=1991
mission CityName=LOC_CITY_NAME_TORONTO CompletionTurn=129 EscapeResult=2 InitialResult=4 LevelAfter=3 LootInfo=-1 Name=LOC_CITIZEN_MAYA_MODERN_FEMALE_6 Operation=58 PlotIndex=1818
mission CityName=LOC_CITY_NAME_MONTREAL CompletionTurn=127 EscapeResult=2 InitialResult=2 LevelAfter=1 LootInfo=-1 Name=LOC_CITIZEN_MAYA_MALE_2 Operation=58 PlotIndex=1314
mission CityName=LOC_CITY_NAME_OTTAWA CompletionTurn=124 EscapeResult=-1 InitialResult=5 LevelAfter=4 LootInfo=-1 Name=LOC_CITIZEN_MAYA_MODERN_MALE_1 Operation=58 PlotIndex=978
mission CityName=LOC_CITY_NAME_CALGARY CompletionTurn=123 EscapeResult=-1 InitialResult=5 LevelAfter=2 LootInfo=-1 Name=LOC_CITIZEN_MAYA_MALE_8 Operation=58 PlotIndex=1991
mission CityName=LOC_CITY_NAME_HALIFAX CompletionTurn=121 EscapeResult=2 InitialResult=4 LevelAfter=2 LootInfo=-1 Name=LOC_CITIZEN_MAYA_FEMALE_6 Operation=58 PlotIndex=1409
mission CityName=LOC_CITY_NAME_OTTAWA CompletionTurn=120 EscapeResult=-1 InitialResult=3 LevelAfter=3 LootInfo=-1 Name=LOC_CITIZEN_MAYA_MODERN_MALE_1 Operation=58 PlotIndex=978
mission CityName=LOC_CITY_NAME_MONTREAL CompletionTurn=120 EscapeResult=-1 InitialResult=0 LevelAfter=2 LootInfo=-1 Name=LOC_CITIZEN_MAYA_FEMALE_7 Operation=58 PlotIndex=1314
mission CityName=LOC_CITY_NAME_QUEBEC_CITY CompletionTurn=118 EscapeResult=1 InitialResult=2 LevelAfter=1 LootInfo=-1 Name=LOC_CITIZEN_MAYA_MODERN_FEMALE_1 Operation=58 PlotIndex=1404
mission CityName=LOC_CITY_NAME_TORONTO CompletionTurn=118 EscapeResult=2 InitialResult=4 LevelAfter=2 LootInfo=-1 Name=LOC_CITIZEN_MAYA_MODERN_FEMALE_6 Operation=58 PlotIndex=1818
mission CityName=LOC_CITY_NAME_TORONTO CompletionTurn=114 EscapeResult=-1 InitialResult=1 LevelAfter=1 LootInfo=-1 Name=LOC_CITIZEN_MAYA_FEMALE_3 Operation=58 PlotIndex=1818
mission CityName=LOC_CITY_NAME_MONTREAL CompletionTurn=114 EscapeResult=-1 InitialResult=5 LevelAfter=2 LootInfo=-1 Name=LOC_CITIZEN_MAYA_FEMALE_7 Operation=58 PlotIndex=1314
mission CityName=LOC_CITY_NAME_OTTAWA CompletionTurn=113 EscapeResult=-1 InitialResult=5 LevelAfter=3 LootInfo=-1 Name=LOC_CITIZEN_MAYA_MODERN_MALE_1 Operation=58 PlotIndex=978
mission CityName=LOC_CITY_NAME_MONTREAL CompletionTurn=110 EscapeResult=-1 InitialResult=1 LevelAfter=1 LootInfo=-1 Name=LOC_CITIZEN_MAYA_MODERN_FEMALE_7 Operation=58 PlotIndex=1314
mission CityName=LOC_CITY_NAME_OTTAWA CompletionTurn=107 EscapeResult=-1 InitialResult=5 LevelAfter=2 LootInfo=-1 Name=LOC_CITIZEN_MAYA_MODERN_MALE_1 Operation=58 PlotIndex=978
tally 4  FOMENT_UNREST CAPTURED / NO_RESULT
tally 1  FOMENT_UNREST FAIL_MUST_ESCAPE / CAPTURED
tally 4  FOMENT_UNREST FAIL_MUST_ESCAPE / FAIL_MUST_ESCAPE
tally 3  FOMENT_UNREST FAIL_MUST_ESCAPE / KILLED
tally 4  FOMENT_UNREST FAIL_UNDETECTED / NO_RESULT
tally 1  FOMENT_UNREST KILLED / NO_RESULT
tally 1  FOMENT_UNREST SUCCESS_MUST_ESCAPE / CAPTURED
tally 7  FOMENT_UNREST SUCCESS_MUST_ESCAPE / FAIL_MUST_ESCAPE
tally 1  FOMENT_UNREST SUCCESS_MUST_ESCAPE / KILLED
tally 19  FOMENT_UNREST SUCCESS_UNDETECTED / NO_RESULT
turn 157 spies active 5 idle 1 missions 45 captured-enemy 0
spy 6946823 LOC_CITIZEN_MAYA_MODERN_MALE_6 level 2 at 54:21 busy
spy 7405581 LOC_CITIZEN_MAYA_MODERN_MALE_1 level 4 at 65:16 start
spy 6225935 LOC_CITIZEN_MAYA_FEMALE_8 level 1 at 63:20 busy
spy 7471124 LOC_CITIZEN_MAYA_MALE_6 level 1 at 48:19 start
spy 7340053 LOC_CITIZEN_MAYA_MALE_7 level 1 at 36:42 travel
spy 6422553 LOC_CITIZEN_MAYA_FEMALE_4 level 2 at 60:16 busy
spy 7012379 LOC_CITIZEN_MAYA_MODERN_FEMALE_4 level 3 at 16:9 busy
spy 7208988 LOC_CITIZEN_MAYA_FEMALE_1 level 1 at 54:11 busy
turn 157 spies 8 started 2 travelled 1 promoted 0 bought 0 gold 50000
unblock: blocker ENDTURN_BLOCKING_RESEARCH -> research TECH_MACHINERY | end turn requested
unstuck: InGamePopup: open, no close
unblock: blocker ENDTURN_BLOCKING_PRODUCTION -> NARANJO builds UNIT_WARRIOR | end turn requested
unstuck: InGamePopup: open, no close
unstuck: NaturalDisasterPopup: closed
mission CityName=LOC_CITY_NAME_OTTAWA CompletionTurn=158 EscapeResult=-1 InitialResult=5 LevelAfter=2 LootInfo=-1 Name=LOC_CITIZEN_MAYA_FEMALE_1 Operation=58 PlotIndex=978
mission CityName=LOC_CITY_NAME_QUEBEC_CITY CompletionTurn=158 EscapeResult=-1 InitialResult=1 LevelAfter=2 LootInfo=-1 Name=LOC_CITIZEN_MAYA_FEMALE_4 Operation=58 PlotIndex=1404
mission CityName=LOC_CITY_NAME_VANCOUVER CompletionTurn=158 EscapeResult=-1 InitialResult=3 LevelAfter=1 LootInfo=-1 Name=LOC_CITIZEN_MAYA_FEMALE_8 Operation=58 PlotIndex=1743
mission CityName=LOC_CITY_NAME_TE_HOKIANGA_NU_A_KUPE CompletionTurn=154 EscapeResult=-1 InitialResult=5 LevelAfter=3 LootInfo=-1 Name=LOC_CITIZEN_MAYA_MODERN_FEMALE_4 Operation=58 PlotIndex=772
mission CityName=LOC_CITY_NAME_CALGARY CompletionTurn=154 EscapeResult=2 InitialResult=4 LevelAfter=4 LootInfo=-1 Name=LOC_CITIZEN_MAYA_MALE_8 Operation=58 PlotIndex=1991
mission CityName=LOC_CITY_NAME_TORONTO CompletionTurn=154 EscapeResult=-1 InitialResult=5 LevelAfter=2 LootInfo=-1 Name=LOC_CITIZEN_MAYA_MODERN_MALE_6 Operation=58 PlotIndex=1818
mission CityName=LOC_CITY_NAME_MONTREAL CompletionTurn=152 EscapeResult=2 InitialResult=2 LevelAfter=2 LootInfo=-1 Name=LOC_CITIZEN_MAYA_MODERN_FEMALE_3 Operation=58 PlotIndex=1314
mission CityName=LOC_CITY_NAME_VANCOUVER CompletionTurn=152 EscapeResult=-1 InitialResult=3 LevelAfter=1 LootInfo=-1 Name=LOC_CITIZEN_MAYA_FEMALE_8 Operation=58 PlotIndex=1743
mission CityName=LOC_CITY_NAME_VICTORIA CompletionTurn=152 EscapeResult=0 InitialResult=4 LevelAfter=4 LootInfo=-1 Name=LOC_CITIZEN_MAYA_FEMALE_6 Operation=58 PlotIndex=888
mission CityName=LOC_CITY_NAME_QUEBEC_CITY CompletionTurn=149 EscapeResult=-1 InitialResult=5 LevelAfter=2 LootInfo=-1 Name=LOC_CITIZEN_MAYA_FEMALE_4 Operation=58 PlotIndex=1404
mission CityName=LOC_CITY_NAME_HALIFAX CompletionTurn=149 EscapeResult=0 InitialResult=2 LevelAfter=3 LootInfo=-1 Name=LOC_CITIZEN_MAYA_MODERN_FEMALE_8 Operation=58 PlotIndex=1409
mission CityName=LOC_CITY_NAME_CALGARY CompletionTurn=149 EscapeResult=-1 InitialResult=5 LevelAfter=4 LootInfo=-1 Name=LOC_CITIZEN_MAYA_MALE_8 Operation=58 PlotIndex=1991
mission CityName=LOC_CITY_NAME_OTTAWA CompletionTurn=147 EscapeResult=2 InitialResult=4 LevelAfter=4 LootInfo=-1 Name=LOC_CITIZEN_MAYA_MODERN_MALE_1 Operation=58 PlotIndex=978
mission CityName=LOC_CITY_NAME_VANCOUVER CompletionTurn=145 EscapeResult=2 InitialResult=2 LevelAfter=1 LootInfo=-1 Name=LOC_CITIZEN_MAYA_FEMALE_1 Operation=58 PlotIndex=1743
mission CityName=LOC_CITY_NAME_MONTREAL CompletionTurn=144 EscapeResult=-1 InitialResult=5 LevelAfter=2 LootInfo=-1 Name=LOC_CITIZEN_MAYA_MODERN_FEMALE_3 Operation=58 PlotIndex=1314
mission CityName=LOC_CITY_NAME_TORONTO CompletionTurn=144 EscapeResult=2 InitialResult=2 LevelAfter=2 LootInfo=-1 Name=LOC_CITIZEN_MAYA_MODERN_FEMALE_4 Operation=58 PlotIndex=1818
mission CityName=LOC_CITY_NAME_VICTORIA CompletionTurn=143 EscapeResult=0 InitialResult=2 LevelAfter=3 LootInfo=-1 Name=LOC_CITIZEN_MAYA_MODERN_FEMALE_6 Operation=58 PlotIndex=888
mission CityName=LOC_CITY_NAME_OTTAWA CompletionTurn=143 EscapeResult=-1 InitialResult=3 LevelAfter=4 LootInfo=-1 Name=LOC_CITIZEN_MAYA_MODERN_MALE_1 Operation=58 PlotIndex=978
mission CityName=LOC_CITY_NAME_HALIFAX CompletionTurn=142 EscapeResult=-1 InitialResult=5 LevelAfter=3 LootInfo=-1 Name=LOC_CITIZEN_MAYA_MODERN_FEMALE_8 Operation=58 PlotIndex=1409
mission CityName=LOC_CITY_NAME_CALGARY CompletionTurn=142 EscapeResult=-1 InitialResult=5 LevelAfter=4 LootInfo=-1 Name=LOC_CITIZEN_MAYA_MALE_8 Operation=58 PlotIndex=1991
mission CityName=LOC_CITY_NAME_MONTREAL CompletionTurn=141 EscapeResult=-1 InitialResult=1 LevelAfter=2 LootInfo=-1 Name=LOC_CITIZEN_MAYA_MODERN_MALE_4 Operation=58 PlotIndex=1314
mission CityName=LOC_CITY_NAME_MONTREAL CompletionTurn=140 EscapeResult=-1 InitialResult=5 LevelAfter=2 LootInfo=-1 Name=LOC_CITIZEN_MAYA_MODERN_MALE_4 Operation=58 PlotIndex=1314
mission CityName=LOC_CITY_NAME_QUEBEC_CITY CompletionTurn=140 EscapeResult=2 InitialResult=4 LevelAfter=3 LootInfo=-1 Name=LOC_CITIZEN_MAYA_FEMALE_6 Operation=58 PlotIndex=1404
mission CityName=LOC_CITY_NAME_OTTAWA CompletionTurn=139 EscapeResult=-1 InitialResult=5 LevelAfter=4 LootInfo=-1 Name=LOC_CITIZEN_MAYA_MODERN_MALE_1 Operation=58 PlotIndex=978
mission CityName=LOC_CITY_NAME_VICTORIA CompletionTurn=138 EscapeResult=1 InitialResult=4 LevelAfter=2 LootInfo=-1 Name=LOC_CITIZEN_MAYA_MALE_2 Operation=58 PlotIndex=888
mission CityName=LOC_CITY_NAME_TORONTO CompletionTurn=137 EscapeResult=-1 InitialResult=5 LevelAfter=2 LootInfo=-1 Name=LOC_CITIZEN_MAYA_MODERN_FEMALE_4 Operation=58 PlotIndex=1818
mission CityName=LOC_CITY_NAME_QUEBEC_CITY CompletionTurn=136 EscapeResult=-1 InitialResult=1 LevelAfter=2 LootInfo=-1 Name=LOC_CITIZEN_MAYA_MODERN_MALE_9 Operation=58 PlotIndex=1404
mission CityName=LOC_CITY_NAME_HALIFAX CompletionTurn=135 EscapeResult=-1 InitialResult=5 LevelAfter=2 LootInfo=-1 Name=LOC_CITIZEN_MAYA_MODERN_FEMALE_8 Operation=58 PlotIndex=1409
mission CityName=LOC_CITY_NAME_OTTAWA CompletionTurn=135 EscapeResult=-1 InitialResult=5 LevelAfter=4 LootInfo=-1 Name=LOC_CITIZEN_MAYA_MODERN_MALE_1 Operation=58 PlotIndex=978
mission CityName=LOC_CITY_NAME_CALGARY CompletionTurn=133 EscapeResult=2 InitialResult=4 LevelAfter=3 LootInfo=-1 Name=LOC_CITIZEN_MAYA_MALE_8 Operation=58 PlotIndex=1991
mission CityName=LOC_CITY_NAME_MONTREAL CompletionTurn=132 EscapeResult=0 InitialResult=2 LevelAfter=1 LootInfo=-1 Name=LOC_CITIZEN_MAYA_MALE_5 Operation=58 PlotIndex=1314
mission CityName=LOC_CITY_NAME_QUEBEC_CITY CompletionTurn=131 EscapeResult=-1 InitialResult=5 LevelAfter=2 LootInfo=-1 Name=LOC_CITIZEN_MAYA_MODERN_MALE_9 Operation=58 PlotIndex=1404
mission CityName=LOC_CITY_NAME_OTTAWA CompletionTurn=130 EscapeResult=-1 InitialResult=5 LevelAfter=4 LootInfo=-1 Name=LOC_CITIZEN_MAYA_MODERN_MALE_1 Operation=58 PlotIndex=978
mission CityName=LOC_CITY_NAME_CALGARY CompletionTurn=129 EscapeResult=-1 InitialResult=3 LevelAfter=2 LootInfo=-1 Name=LOC_CITIZEN_MAYA_MALE_8 Operation=58 PlotIndex=1991
mission CityName=LOC_CITY_NAME_TORONTO CompletionTurn=129 EscapeResult=2 InitialResult=4 LevelAfter=3 LootInfo=-1 Name=LOC_CITIZEN_MAYA_MODERN_FEMALE_6 Operation=58 PlotIndex=1818
mission CityName=LOC_CITY_NAME_MONTREAL CompletionTurn=127 EscapeResult=2 InitialResult=2 LevelAfter=1 LootInfo=-1 Name=LOC_CITIZEN_MAYA_MALE_2 Operation=58 PlotIndex=1314
mission CityName=LOC_CITY_NAME_OTTAWA CompletionTurn=124 EscapeResult=-1 InitialResult=5 LevelAfter=4 LootInfo=-1 Name=LOC_CITIZEN_MAYA_MODERN_MALE_1 Operation=58 PlotIndex=978
mission CityName=LOC_CITY_NAME_CALGARY CompletionTurn=123 EscapeResult=-1 InitialResult=5 LevelAfter=2 LootInfo=-1 Name=LOC_CITIZEN_MAYA_MALE_8 Operation=58 PlotIndex=1991
mission CityName=LOC_CITY_NAME_HALIFAX CompletionTurn=121 EscapeResult=2 InitialResult=4 LevelAfter=2 LootInfo=-1 Name=LOC_CITIZEN_MAYA_FEMALE_6 Operation=58 PlotIndex=1409
mission CityName=LOC_CITY_NAME_OTTAWA CompletionTurn=120 EscapeResult=-1 InitialResult=3 LevelAfter=3 LootInfo=-1 Name=LOC_CITIZEN_MAYA_MODERN_MALE_1 Operation=58 PlotIndex=978
mission CityName=LOC_CITY_NAME_MONTREAL CompletionTurn=120 EscapeResult=-1 InitialResult=0 LevelAfter=2 LootInfo=-1 Name=LOC_CITIZEN_MAYA_FEMALE_7 Operation=58 PlotIndex=1314
mission CityName=LOC_CITY_NAME_QUEBEC_CITY CompletionTurn=118 EscapeResult=1 InitialResult=2 LevelAfter=1 LootInfo=-1 Name=LOC_CITIZEN_MAYA_MODERN_FEMALE_1 Operation=58 PlotIndex=1404
mission CityName=LOC_CITY_NAME_TORONTO CompletionTurn=118 EscapeResult=2 InitialResult=4 LevelAfter=2 LootInfo=-1 Name=LOC_CITIZEN_MAYA_MODERN_FEMALE_6 Operation=58 PlotIndex=1818
mission CityName=LOC_CITY_NAME_TORONTO CompletionTurn=114 EscapeResult=-1 InitialResult=1 LevelAfter=1 LootInfo=-1 Name=LOC_CITIZEN_MAYA_FEMALE_3 Operation=58 PlotIndex=1818
mission CityName=LOC_CITY_NAME_MONTREAL CompletionTurn=114 EscapeResult=-1 InitialResult=5 LevelAfter=2 LootInfo=-1 Name=LOC_CITIZEN_MAYA_FEMALE_7 Operation=58 PlotIndex=1314
mission CityName=LOC_CITY_NAME_OTTAWA CompletionTurn=113 EscapeResult=-1 InitialResult=5 LevelAfter=3 LootInfo=-1 Name=LOC_CITIZEN_MAYA_MODERN_MALE_1 Operation=58 PlotIndex=978
mission CityName=LOC_CITY_NAME_MONTREAL CompletionTurn=110 EscapeResult=-1 InitialResult=1 LevelAfter=1 LootInfo=-1 Name=LOC_CITIZEN_MAYA_MODERN_FEMALE_7 Operation=58 PlotIndex=1314
mission CityName=LOC_CITY_NAME_OTTAWA CompletionTurn=107 EscapeResult=-1 InitialResult=5 LevelAfter=2 LootInfo=-1 Name=LOC_CITIZEN_MAYA_MODERN_MALE_1 Operation=58 PlotIndex=978
tally 5  FOMENT_UNREST CAPTURED / NO_RESULT
tally 1  FOMENT_UNREST FAIL_MUST_ESCAPE / CAPTURED
tally 4  FOMENT_UNREST FAIL_MUST_ESCAPE / FAIL_MUST_ESCAPE
tally 3  FOMENT_UNREST FAIL_MUST_ESCAPE / KILLED
tally 5  FOMENT_UNREST FAIL_UNDETECTED / NO_RESULT
tally 1  FOMENT_UNREST KILLED / NO_RESULT
tally 1  FOMENT_UNREST SUCCESS_MUST_ESCAPE / CAPTURED
tally 7  FOMENT_UNREST SUCCESS_MUST_ESCAPE / FAIL_MUST_ESCAPE
tally 1  FOMENT_UNREST SUCCESS_MUST_ESCAPE / KILLED
tally 20  FOMENT_UNREST SUCCESS_UNDETECTED / NO_RESULT
turn 158 spies active 4 idle 3 missions 48 captured-enemy 0
spy 6946823 LOC_CITIZEN_MAYA_MODERN_MALE_6 level 2 at 54:21 busy
spy 7405581 LOC_CITIZEN_MAYA_MODERN_MALE_1 level 4 at 65:16 busy
spy 6225935 LOC_CITIZEN_MAYA_FEMALE_8 level 1 at 63:20 start
spy 7471124 LOC_CITIZEN_MAYA_MALE_6 level 1 at 48:19 busy
spy 7602197 LOC_CITIZEN_MAYA_MALE_8 level 4 at 36:42 travel
spy 7012379 LOC_CITIZEN_MAYA_MODERN_FEMALE_4 level 3 at 16:9 busy
spy 7208988 LOC_CITIZEN_MAYA_FEMALE_1 level 1 at 54:11 start
turn 158 spies 7 started 2 travelled 1 promoted 1 bought 0 gold 50000
unblock: blocker ENDTURN_BLOCKING_PRODUCTION -> NARANJO builds UNIT_WARRIOR | end turn requested
unstuck: InGamePopup: open, no close
unblock: blocker ENDTURN_BLOCKING_FILL_CIVIC_SLOT -> nothing | end turn requested
unstuck: InGamePopup: open, no close
mission CityName=LOC_CITY_NAME_OTTAWA CompletionTurn=158 EscapeResult=-1 InitialResult=5 LevelAfter=2 LootInfo=-1 Name=LOC_CITIZEN_MAYA_FEMALE_1 Operation=58 PlotIndex=978
mission CityName=LOC_CITY_NAME_QUEBEC_CITY CompletionTurn=158 EscapeResult=-1 InitialResult=1 LevelAfter=2 LootInfo=-1 Name=LOC_CITIZEN_MAYA_FEMALE_4 Operation=58 PlotIndex=1404
mission CityName=LOC_CITY_NAME_VANCOUVER CompletionTurn=158 EscapeResult=-1 InitialResult=3 LevelAfter=1 LootInfo=-1 Name=LOC_CITIZEN_MAYA_FEMALE_8 Operation=58 PlotIndex=1743
mission CityName=LOC_CITY_NAME_TE_HOKIANGA_NU_A_KUPE CompletionTurn=154 EscapeResult=-1 InitialResult=5 LevelAfter=3 LootInfo=-1 Name=LOC_CITIZEN_MAYA_MODERN_FEMALE_4 Operation=58 PlotIndex=772
mission CityName=LOC_CITY_NAME_CALGARY CompletionTurn=154 EscapeResult=2 InitialResult=4 LevelAfter=4 LootInfo=-1 Name=LOC_CITIZEN_MAYA_MALE_8 Operation=58 PlotIndex=1991
mission CityName=LOC_CITY_NAME_TORONTO CompletionTurn=154 EscapeResult=-1 InitialResult=5 LevelAfter=2 LootInfo=-1 Name=LOC_CITIZEN_MAYA_MODERN_MALE_6 Operation=58 PlotIndex=1818
mission CityName=LOC_CITY_NAME_MONTREAL CompletionTurn=152 EscapeResult=2 InitialResult=2 LevelAfter=2 LootInfo=-1 Name=LOC_CITIZEN_MAYA_MODERN_FEMALE_3 Operation=58 PlotIndex=1314
mission CityName=LOC_CITY_NAME_VANCOUVER CompletionTurn=152 EscapeResult=-1 InitialResult=3 LevelAfter=1 LootInfo=-1 Name=LOC_CITIZEN_MAYA_FEMALE_8 Operation=58 PlotIndex=1743
mission CityName=LOC_CITY_NAME_VICTORIA CompletionTurn=152 EscapeResult=0 InitialResult=4 LevelAfter=4 LootInfo=-1 Name=LOC_CITIZEN_MAYA_FEMALE_6 Operation=58 PlotIndex=888
mission CityName=LOC_CITY_NAME_QUEBEC_CITY CompletionTurn=149 EscapeResult=-1 InitialResult=5 LevelAfter=2 LootInfo=-1 Name=LOC_CITIZEN_MAYA_FEMALE_4 Operation=58 PlotIndex=1404
mission CityName=LOC_CITY_NAME_HALIFAX CompletionTurn=149 EscapeResult=0 InitialResult=2 LevelAfter=3 LootInfo=-1 Name=LOC_CITIZEN_MAYA_MODERN_FEMALE_8 Operation=58 PlotIndex=1409
mission CityName=LOC_CITY_NAME_CALGARY CompletionTurn=149 EscapeResult=-1 InitialResult=5 LevelAfter=4 LootInfo=-1 Name=LOC_CITIZEN_MAYA_MALE_8 Operation=58 PlotIndex=1991
mission CityName=LOC_CITY_NAME_OTTAWA CompletionTurn=147 EscapeResult=2 InitialResult=4 LevelAfter=4 LootInfo=-1 Name=LOC_CITIZEN_MAYA_MODERN_MALE_1 Operation=58 PlotIndex=978
mission CityName=LOC_CITY_NAME_VANCOUVER CompletionTurn=145 EscapeResult=2 InitialResult=2 LevelAfter=1 LootInfo=-1 Name=LOC_CITIZEN_MAYA_FEMALE_1 Operation=58 PlotIndex=1743
mission CityName=LOC_CITY_NAME_MONTREAL CompletionTurn=144 EscapeResult=-1 InitialResult=5 LevelAfter=2 LootInfo=-1 Name=LOC_CITIZEN_MAYA_MODERN_FEMALE_3 Operation=58 PlotIndex=1314
mission CityName=LOC_CITY_NAME_TORONTO CompletionTurn=144 EscapeResult=2 InitialResult=2 LevelAfter=2 LootInfo=-1 Name=LOC_CITIZEN_MAYA_MODERN_FEMALE_4 Operation=58 PlotIndex=1818
mission CityName=LOC_CITY_NAME_VICTORIA CompletionTurn=143 EscapeResult=0 InitialResult=2 LevelAfter=3 LootInfo=-1 Name=LOC_CITIZEN_MAYA_MODERN_FEMALE_6 Operation=58 PlotIndex=888
mission CityName=LOC_CITY_NAME_OTTAWA CompletionTurn=143 EscapeResult=-1 InitialResult=3 LevelAfter=4 LootInfo=-1 Name=LOC_CITIZEN_MAYA_MODERN_MALE_1 Operation=58 PlotIndex=978
mission CityName=LOC_CITY_NAME_HALIFAX CompletionTurn=142 EscapeResult=-1 InitialResult=5 LevelAfter=3 LootInfo=-1 Name=LOC_CITIZEN_MAYA_MODERN_FEMALE_8 Operation=58 PlotIndex=1409
mission CityName=LOC_CITY_NAME_CALGARY CompletionTurn=142 EscapeResult=-1 InitialResult=5 LevelAfter=4 LootInfo=-1 Name=LOC_CITIZEN_MAYA_MALE_8 Operation=58 PlotIndex=1991
mission CityName=LOC_CITY_NAME_MONTREAL CompletionTurn=141 EscapeResult=-1 InitialResult=1 LevelAfter=2 LootInfo=-1 Name=LOC_CITIZEN_MAYA_MODERN_MALE_4 Operation=58 PlotIndex=1314
mission CityName=LOC_CITY_NAME_MONTREAL CompletionTurn=140 EscapeResult=-1 InitialResult=5 LevelAfter=2 LootInfo=-1 Name=LOC_CITIZEN_MAYA_MODERN_MALE_4 Operation=58 PlotIndex=1314
mission CityName=LOC_CITY_NAME_QUEBEC_CITY CompletionTurn=140 EscapeResult=2 InitialResult=4 LevelAfter=3 LootInfo=-1 Name=LOC_CITIZEN_MAYA_FEMALE_6 Operation=58 PlotIndex=1404
mission CityName=LOC_CITY_NAME_OTTAWA CompletionTurn=139 EscapeResult=-1 InitialResult=5 LevelAfter=4 LootInfo=-1 Name=LOC_CITIZEN_MAYA_MODERN_MALE_1 Operation=58 PlotIndex=978
mission CityName=LOC_CITY_NAME_VICTORIA CompletionTurn=138 EscapeResult=1 InitialResult=4 LevelAfter=2 LootInfo=-1 Name=LOC_CITIZEN_MAYA_MALE_2 Operation=58 PlotIndex=888
mission CityName=LOC_CITY_NAME_TORONTO CompletionTurn=137 EscapeResult=-1 InitialResult=5 LevelAfter=2 LootInfo=-1 Name=LOC_CITIZEN_MAYA_MODERN_FEMALE_4 Operation=58 PlotIndex=1818
mission CityName=LOC_CITY_NAME_QUEBEC_CITY CompletionTurn=136 EscapeResult=-1 InitialResult=1 LevelAfter=2 LootInfo=-1 Name=LOC_CITIZEN_MAYA_MODERN_MALE_9 Operation=58 PlotIndex=1404
mission CityName=LOC_CITY_NAME_HALIFAX CompletionTurn=135 EscapeResult=-1 InitialResult=5 LevelAfter=2 LootInfo=-1 Name=LOC_CITIZEN_MAYA_MODERN_FEMALE_8 Operation=58 PlotIndex=1409
mission CityName=LOC_CITY_NAME_OTTAWA CompletionTurn=135 EscapeResult=-1 InitialResult=5 LevelAfter=4 LootInfo=-1 Name=LOC_CITIZEN_MAYA_MODERN_MALE_1 Operation=58 PlotIndex=978
mission CityName=LOC_CITY_NAME_CALGARY CompletionTurn=133 EscapeResult=2 InitialResult=4 LevelAfter=3 LootInfo=-1 Name=LOC_CITIZEN_MAYA_MALE_8 Operation=58 PlotIndex=1991
mission CityName=LOC_CITY_NAME_MONTREAL CompletionTurn=132 EscapeResult=0 InitialResult=2 LevelAfter=1 LootInfo=-1 Name=LOC_CITIZEN_MAYA_MALE_5 Operation=58 PlotIndex=1314
mission CityName=LOC_CITY_NAME_QUEBEC_CITY CompletionTurn=131 EscapeResult=-1 InitialResult=5 LevelAfter=2 LootInfo=-1 Name=LOC_CITIZEN_MAYA_MODERN_MALE_9 Operation=58 PlotIndex=1404
mission CityName=LOC_CITY_NAME_OTTAWA CompletionTurn=130 EscapeResult=-1 InitialResult=5 LevelAfter=4 LootInfo=-1 Name=LOC_CITIZEN_MAYA_MODERN_MALE_1 Operation=58 PlotIndex=978
mission CityName=LOC_CITY_NAME_CALGARY CompletionTurn=129 EscapeResult=-1 InitialResult=3 LevelAfter=2 LootInfo=-1 Name=LOC_CITIZEN_MAYA_MALE_8 Operation=58 PlotIndex=1991
mission CityName=LOC_CITY_NAME_TORONTO CompletionTurn=129 EscapeResult=2 InitialResult=4 LevelAfter=3 LootInfo=-1 Name=LOC_CITIZEN_MAYA_MODERN_FEMALE_6 Operation=58 PlotIndex=1818
mission CityName=LOC_CITY_NAME_MONTREAL CompletionTurn=127 EscapeResult=2 InitialResult=2 LevelAfter=1 LootInfo=-1 Name=LOC_CITIZEN_MAYA_MALE_2 Operation=58 PlotIndex=1314
mission CityName=LOC_CITY_NAME_OTTAWA CompletionTurn=124 EscapeResult=-1 InitialResult=5 LevelAfter=4 LootInfo=-1 Name=LOC_CITIZEN_MAYA_MODERN_MALE_1 Operation=58 PlotIndex=978
mission CityName=LOC_CITY_NAME_CALGARY CompletionTurn=123 EscapeResult=-1 InitialResult=5 LevelAfter=2 LootInfo=-1 Name=LOC_CITIZEN_MAYA_MALE_8 Operation=58 PlotIndex=1991
mission CityName=LOC_CITY_NAME_HALIFAX CompletionTurn=121 EscapeResult=2 InitialResult=4 LevelAfter=2 LootInfo=-1 Name=LOC_CITIZEN_MAYA_FEMALE_6 Operation=58 PlotIndex=1409
mission CityName=LOC_CITY_NAME_OTTAWA CompletionTurn=120 EscapeResult=-1 InitialResult=3 LevelAfter=3 LootInfo=-1 Name=LOC_CITIZEN_MAYA_MODERN_MALE_1 Operation=58 PlotIndex=978
mission CityName=LOC_CITY_NAME_MONTREAL CompletionTurn=120 EscapeResult=-1 InitialResult=0 LevelAfter=2 LootInfo=-1 Name=LOC_CITIZEN_MAYA_FEMALE_7 Operation=58 PlotIndex=1314
mission CityName=LOC_CITY_NAME_QUEBEC_CITY CompletionTurn=118 EscapeResult=1 InitialResult=2 LevelAfter=1 LootInfo=-1 Name=LOC_CITIZEN_MAYA_MODERN_FEMALE_1 Operation=58 PlotIndex=1404
mission CityName=LOC_CITY_NAME_TORONTO CompletionTurn=118 EscapeResult=2 InitialResult=4 LevelAfter=2 LootInfo=-1 Name=LOC_CITIZEN_MAYA_MODERN_FEMALE_6 Operation=58 PlotIndex=1818
mission CityName=LOC_CITY_NAME_TORONTO CompletionTurn=114 EscapeResult=-1 InitialResult=1 LevelAfter=1 LootInfo=-1 Name=LOC_CITIZEN_MAYA_FEMALE_3 Operation=58 PlotIndex=1818
mission CityName=LOC_CITY_NAME_MONTREAL CompletionTurn=114 EscapeResult=-1 InitialResult=5 LevelAfter=2 LootInfo=-1 Name=LOC_CITIZEN_MAYA_FEMALE_7 Operation=58 PlotIndex=1314
mission CityName=LOC_CITY_NAME_OTTAWA CompletionTurn=113 EscapeResult=-1 InitialResult=5 LevelAfter=3 LootInfo=-1 Name=LOC_CITIZEN_MAYA_MODERN_MALE_1 Operation=58 PlotIndex=978
mission CityName=LOC_CITY_NAME_MONTREAL CompletionTurn=110 EscapeResult=-1 InitialResult=1 LevelAfter=1 LootInfo=-1 Name=LOC_CITIZEN_MAYA_MODERN_FEMALE_7 Operation=58 PlotIndex=1314
mission CityName=LOC_CITY_NAME_OTTAWA CompletionTurn=107 EscapeResult=-1 InitialResult=5 LevelAfter=2 LootInfo=-1 Name=LOC_CITIZEN_MAYA_MODERN_MALE_1 Operation=58 PlotIndex=978
tally 5  FOMENT_UNREST CAPTURED / NO_RESULT
tally 1  FOMENT_UNREST FAIL_MUST_ESCAPE / CAPTURED
tally 4  FOMENT_UNREST FAIL_MUST_ESCAPE / FAIL_MUST_ESCAPE
tally 3  FOMENT_UNREST FAIL_MUST_ESCAPE / KILLED
tally 5  FOMENT_UNREST FAIL_UNDETECTED / NO_RESULT
tally 1  FOMENT_UNREST KILLED / NO_RESULT
tally 1  FOMENT_UNREST SUCCESS_MUST_ESCAPE / CAPTURED
tally 7  FOMENT_UNREST SUCCESS_MUST_ESCAPE / FAIL_MUST_ESCAPE
tally 1  FOMENT_UNREST SUCCESS_MUST_ESCAPE / KILLED
tally 20  FOMENT_UNREST SUCCESS_UNDETECTED / NO_RESULT
turn 159 spies active 5 idle 2 missions 48 captured-enemy 0
spy 6946823 LOC_CITIZEN_MAYA_MODERN_MALE_6 level 2 at 54:21 busy
spy 7405581 LOC_CITIZEN_MAYA_MODERN_MALE_1 level 4 at 65:16 busy
spy 6225935 LOC_CITIZEN_MAYA_FEMALE_8 level 1 at 63:20 busy
spy 7471124 LOC_CITIZEN_MAYA_MALE_6 level 1 at 48:19 busy
spy 7667737 LOC_CITIZEN_MAYA_MODERN_FEMALE_3 level 2 at 36:42 travel
spy 7012379 LOC_CITIZEN_MAYA_MODERN_FEMALE_4 level 3 at 16:9 busy
spy 7208988 LOC_CITIZEN_MAYA_FEMALE_1 level 2 at 54:11 start
turn 159 spies 7 started 1 travelled 1 promoted 0 bought 0 gold 50000
unblock: blocker ENDTURN_BLOCKING_PRODUCTION -> NARANJO builds UNIT_WARRIOR | end turn requested
unstuck: InGamePopup: open, no close
unblock: blocker ENDTURN_BLOCKING_FILL_CIVIC_SLOT -> nothing | end turn requested
unstuck: closed sessions [3:3]
unstuck: DiplomacyActionView: Closing Diplomacy Action View. m_eventID: 2951143
unstuck: InGamePopup: open, no close
unblock: blocker ENDTURN_BLOCKING_FILL_CIVIC_SLOT -> nothing | end turn requested
unstuck: closed sessions [6:6]
unstuck: DiplomacyActionView: Closing Diplomacy Action View. m_eventID: 2954113
unstuck: InGamePopup: open, no close
mission CityName=LOC_CITY_NAME_TE_HOKIANGA_NU_A_KUPE CompletionTurn=160 EscapeResult=-1 InitialResult=2 LevelAfter=3 LootInfo=-1 Name=LOC_CITIZEN_MAYA_MODERN_FEMALE_4 Operation=58 PlotIndex=772
mission CityName=LOC_CITY_NAME_TORONTO CompletionTurn=160 EscapeResult=-1 InitialResult=4 LevelAfter=3 LootInfo=-1 Name=LOC_CITIZEN_MAYA_MODERN_MALE_6 Operation=58 PlotIndex=1818
mission CityName=LOC_CITY_NAME_OTTAWA CompletionTurn=158 EscapeResult=-1 InitialResult=5 LevelAfter=2 LootInfo=-1 Name=LOC_CITIZEN_MAYA_FEMALE_1 Operation=58 PlotIndex=978
mission CityName=LOC_CITY_NAME_QUEBEC_CITY CompletionTurn=158 EscapeResult=-1 InitialResult=1 LevelAfter=2 LootInfo=-1 Name=LOC_CITIZEN_MAYA_FEMALE_4 Operation=58 PlotIndex=1404
mission CityName=LOC_CITY_NAME_VANCOUVER CompletionTurn=158 EscapeResult=-1 InitialResult=3 LevelAfter=1 LootInfo=-1 Name=LOC_CITIZEN_MAYA_FEMALE_8 Operation=58 PlotIndex=1743
mission CityName=LOC_CITY_NAME_TE_HOKIANGA_NU_A_KUPE CompletionTurn=154 EscapeResult=-1 InitialResult=5 LevelAfter=3 LootInfo=-1 Name=LOC_CITIZEN_MAYA_MODERN_FEMALE_4 Operation=58 PlotIndex=772
mission CityName=LOC_CITY_NAME_CALGARY CompletionTurn=154 EscapeResult=2 InitialResult=4 LevelAfter=4 LootInfo=-1 Name=LOC_CITIZEN_MAYA_MALE_8 Operation=58 PlotIndex=1991
mission CityName=LOC_CITY_NAME_TORONTO CompletionTurn=154 EscapeResult=-1 InitialResult=5 LevelAfter=2 LootInfo=-1 Name=LOC_CITIZEN_MAYA_MODERN_MALE_6 Operation=58 PlotIndex=1818
mission CityName=LOC_CITY_NAME_MONTREAL CompletionTurn=152 EscapeResult=2 InitialResult=2 LevelAfter=2 LootInfo=-1 Name=LOC_CITIZEN_MAYA_MODERN_FEMALE_3 Operation=58 PlotIndex=1314
mission CityName=LOC_CITY_NAME_VANCOUVER CompletionTurn=152 EscapeResult=-1 InitialResult=3 LevelAfter=1 LootInfo=-1 Name=LOC_CITIZEN_MAYA_FEMALE_8 Operation=58 PlotIndex=1743
mission CityName=LOC_CITY_NAME_VICTORIA CompletionTurn=152 EscapeResult=0 InitialResult=4 LevelAfter=4 LootInfo=-1 Name=LOC_CITIZEN_MAYA_FEMALE_6 Operation=58 PlotIndex=888
mission CityName=LOC_CITY_NAME_QUEBEC_CITY CompletionTurn=149 EscapeResult=-1 InitialResult=5 LevelAfter=2 LootInfo=-1 Name=LOC_CITIZEN_MAYA_FEMALE_4 Operation=58 PlotIndex=1404
mission CityName=LOC_CITY_NAME_HALIFAX CompletionTurn=149 EscapeResult=0 InitialResult=2 LevelAfter=3 LootInfo=-1 Name=LOC_CITIZEN_MAYA_MODERN_FEMALE_8 Operation=58 PlotIndex=1409
mission CityName=LOC_CITY_NAME_CALGARY CompletionTurn=149 EscapeResult=-1 InitialResult=5 LevelAfter=4 LootInfo=-1 Name=LOC_CITIZEN_MAYA_MALE_8 Operation=58 PlotIndex=1991
mission CityName=LOC_CITY_NAME_OTTAWA CompletionTurn=147 EscapeResult=2 InitialResult=4 LevelAfter=4 LootInfo=-1 Name=LOC_CITIZEN_MAYA_MODERN_MALE_1 Operation=58 PlotIndex=978
mission CityName=LOC_CITY_NAME_VANCOUVER CompletionTurn=145 EscapeResult=2 InitialResult=2 LevelAfter=1 LootInfo=-1 Name=LOC_CITIZEN_MAYA_FEMALE_1 Operation=58 PlotIndex=1743
mission CityName=LOC_CITY_NAME_MONTREAL CompletionTurn=144 EscapeResult=-1 InitialResult=5 LevelAfter=2 LootInfo=-1 Name=LOC_CITIZEN_MAYA_MODERN_FEMALE_3 Operation=58 PlotIndex=1314
mission CityName=LOC_CITY_NAME_TORONTO CompletionTurn=144 EscapeResult=2 InitialResult=2 LevelAfter=2 LootInfo=-1 Name=LOC_CITIZEN_MAYA_MODERN_FEMALE_4 Operation=58 PlotIndex=1818
mission CityName=LOC_CITY_NAME_VICTORIA CompletionTurn=143 EscapeResult=0 InitialResult=2 LevelAfter=3 LootInfo=-1 Name=LOC_CITIZEN_MAYA_MODERN_FEMALE_6 Operation=58 PlotIndex=888
mission CityName=LOC_CITY_NAME_OTTAWA CompletionTurn=143 EscapeResult=-1 InitialResult=3 LevelAfter=4 LootInfo=-1 Name=LOC_CITIZEN_MAYA_MODERN_MALE_1 Operation=58 PlotIndex=978
mission CityName=LOC_CITY_NAME_HALIFAX CompletionTurn=142 EscapeResult=-1 InitialResult=5 LevelAfter=3 LootInfo=-1 Name=LOC_CITIZEN_MAYA_MODERN_FEMALE_8 Operation=58 PlotIndex=1409
mission CityName=LOC_CITY_NAME_CALGARY CompletionTurn=142 EscapeResult=-1 InitialResult=5 LevelAfter=4 LootInfo=-1 Name=LOC_CITIZEN_MAYA_MALE_8 Operation=58 PlotIndex=1991
mission CityName=LOC_CITY_NAME_MONTREAL CompletionTurn=141 EscapeResult=-1 InitialResult=1 LevelAfter=2 LootInfo=-1 Name=LOC_CITIZEN_MAYA_MODERN_MALE_4 Operation=58 PlotIndex=1314
mission CityName=LOC_CITY_NAME_MONTREAL CompletionTurn=140 EscapeResult=-1 InitialResult=5 LevelAfter=2 LootInfo=-1 Name=LOC_CITIZEN_MAYA_MODERN_MALE_4 Operation=58 PlotIndex=1314
mission CityName=LOC_CITY_NAME_QUEBEC_CITY CompletionTurn=140 EscapeResult=2 InitialResult=4 LevelAfter=3 LootInfo=-1 Name=LOC_CITIZEN_MAYA_FEMALE_6 Operation=58 PlotIndex=1404
mission CityName=LOC_CITY_NAME_OTTAWA CompletionTurn=139 EscapeResult=-1 InitialResult=5 LevelAfter=4 LootInfo=-1 Name=LOC_CITIZEN_MAYA_MODERN_MALE_1 Operation=58 PlotIndex=978
mission CityName=LOC_CITY_NAME_VICTORIA CompletionTurn=138 EscapeResult=1 InitialResult=4 LevelAfter=2 LootInfo=-1 Name=LOC_CITIZEN_MAYA_MALE_2 Operation=58 PlotIndex=888
mission CityName=LOC_CITY_NAME_TORONTO CompletionTurn=137 EscapeResult=-1 InitialResult=5 LevelAfter=2 LootInfo=-1 Name=LOC_CITIZEN_MAYA_MODERN_FEMALE_4 Operation=58 PlotIndex=1818
mission CityName=LOC_CITY_NAME_QUEBEC_CITY CompletionTurn=136 EscapeResult=-1 InitialResult=1 LevelAfter=2 LootInfo=-1 Name=LOC_CITIZEN_MAYA_MODERN_MALE_9 Operation=58 PlotIndex=1404
mission CityName=LOC_CITY_NAME_HALIFAX CompletionTurn=135 EscapeResult=-1 InitialResult=5 LevelAfter=2 LootInfo=-1 Name=LOC_CITIZEN_MAYA_MODERN_FEMALE_8 Operation=58 PlotIndex=1409
mission CityName=LOC_CITY_NAME_OTTAWA CompletionTurn=135 EscapeResult=-1 InitialResult=5 LevelAfter=4 LootInfo=-1 Name=LOC_CITIZEN_MAYA_MODERN_MALE_1 Operation=58 PlotIndex=978
mission CityName=LOC_CITY_NAME_CALGARY CompletionTurn=133 EscapeResult=2 InitialResult=4 LevelAfter=3 LootInfo=-1 Name=LOC_CITIZEN_MAYA_MALE_8 Operation=58 PlotIndex=1991
mission CityName=LOC_CITY_NAME_MONTREAL CompletionTurn=132 EscapeResult=0 InitialResult=2 LevelAfter=1 LootInfo=-1 Name=LOC_CITIZEN_MAYA_MALE_5 Operation=58 PlotIndex=1314
mission CityName=LOC_CITY_NAME_QUEBEC_CITY CompletionTurn=131 EscapeResult=-1 InitialResult=5 LevelAfter=2 LootInfo=-1 Name=LOC_CITIZEN_MAYA_MODERN_MALE_9 Operation=58 PlotIndex=1404
mission CityName=LOC_CITY_NAME_OTTAWA CompletionTurn=130 EscapeResult=-1 InitialResult=5 LevelAfter=4 LootInfo=-1 Name=LOC_CITIZEN_MAYA_MODERN_MALE_1 Operation=58 PlotIndex=978
mission CityName=LOC_CITY_NAME_CALGARY CompletionTurn=129 EscapeResult=-1 InitialResult=3 LevelAfter=2 LootInfo=-1 Name=LOC_CITIZEN_MAYA_MALE_8 Operation=58 PlotIndex=1991
mission CityName=LOC_CITY_NAME_TORONTO CompletionTurn=129 EscapeResult=2 InitialResult=4 LevelAfter=3 LootInfo=-1 Name=LOC_CITIZEN_MAYA_MODERN_FEMALE_6 Operation=58 PlotIndex=1818
mission CityName=LOC_CITY_NAME_MONTREAL CompletionTurn=127 EscapeResult=2 InitialResult=2 LevelAfter=1 LootInfo=-1 Name=LOC_CITIZEN_MAYA_MALE_2 Operation=58 PlotIndex=1314
mission CityName=LOC_CITY_NAME_OTTAWA CompletionTurn=124 EscapeResult=-1 InitialResult=5 LevelAfter=4 LootInfo=-1 Name=LOC_CITIZEN_MAYA_MODERN_MALE_1 Operation=58 PlotIndex=978
mission CityName=LOC_CITY_NAME_CALGARY CompletionTurn=123 EscapeResult=-1 InitialResult=5 LevelAfter=2 LootInfo=-1 Name=LOC_CITIZEN_MAYA_MALE_8 Operation=58 PlotIndex=1991
mission CityName=LOC_CITY_NAME_HALIFAX CompletionTurn=121 EscapeResult=2 InitialResult=4 LevelAfter=2 LootInfo=-1 Name=LOC_CITIZEN_MAYA_FEMALE_6 Operation=58 PlotIndex=1409
mission CityName=LOC_CITY_NAME_OTTAWA CompletionTurn=120 EscapeResult=-1 InitialResult=3 LevelAfter=3 LootInfo=-1 Name=LOC_CITIZEN_MAYA_MODERN_MALE_1 Operation=58 PlotIndex=978
mission CityName=LOC_CITY_NAME_MONTREAL CompletionTurn=120 EscapeResult=-1 InitialResult=0 LevelAfter=2 LootInfo=-1 Name=LOC_CITIZEN_MAYA_FEMALE_7 Operation=58 PlotIndex=1314
mission CityName=LOC_CITY_NAME_QUEBEC_CITY CompletionTurn=118 EscapeResult=1 InitialResult=2 LevelAfter=1 LootInfo=-1 Name=LOC_CITIZEN_MAYA_MODERN_FEMALE_1 Operation=58 PlotIndex=1404
mission CityName=LOC_CITY_NAME_TORONTO CompletionTurn=118 EscapeResult=2 InitialResult=4 LevelAfter=2 LootInfo=-1 Name=LOC_CITIZEN_MAYA_MODERN_FEMALE_6 Operation=58 PlotIndex=1818
mission CityName=LOC_CITY_NAME_TORONTO CompletionTurn=114 EscapeResult=-1 InitialResult=1 LevelAfter=1 LootInfo=-1 Name=LOC_CITIZEN_MAYA_FEMALE_3 Operation=58 PlotIndex=1818
mission CityName=LOC_CITY_NAME_MONTREAL CompletionTurn=114 EscapeResult=-1 InitialResult=5 LevelAfter=2 LootInfo=-1 Name=LOC_CITIZEN_MAYA_FEMALE_7 Operation=58 PlotIndex=1314
mission CityName=LOC_CITY_NAME_OTTAWA CompletionTurn=113 EscapeResult=-1 InitialResult=5 LevelAfter=3 LootInfo=-1 Name=LOC_CITIZEN_MAYA_MODERN_MALE_1 Operation=58 PlotIndex=978
mission CityName=LOC_CITY_NAME_MONTREAL CompletionTurn=110 EscapeResult=-1 InitialResult=1 LevelAfter=1 LootInfo=-1 Name=LOC_CITIZEN_MAYA_MODERN_FEMALE_7 Operation=58 PlotIndex=1314
mission CityName=LOC_CITY_NAME_OTTAWA CompletionTurn=107 EscapeResult=-1 InitialResult=5 LevelAfter=2 LootInfo=-1 Name=LOC_CITIZEN_MAYA_MODERN_MALE_1 Operation=58 PlotIndex=978
tally 5  FOMENT_UNREST CAPTURED / NO_RESULT
tally 1  FOMENT_UNREST FAIL_MUST_ESCAPE / CAPTURED
tally 4  FOMENT_UNREST FAIL_MUST_ESCAPE / FAIL_MUST_ESCAPE
tally 3  FOMENT_UNREST FAIL_MUST_ESCAPE / KILLED
tally 1  FOMENT_UNREST FAIL_MUST_ESCAPE / NO_RESULT
tally 5  FOMENT_UNREST FAIL_UNDETECTED / NO_RESULT
tally 1  FOMENT_UNREST KILLED / NO_RESULT
tally 1  FOMENT_UNREST SUCCESS_MUST_ESCAPE / CAPTURED
tally 7  FOMENT_UNREST SUCCESS_MUST_ESCAPE / FAIL_MUST_ESCAPE
tally 1  FOMENT_UNREST SUCCESS_MUST_ESCAPE / KILLED
tally 1  FOMENT_UNREST SUCCESS_MUST_ESCAPE / NO_RESULT
tally 20  FOMENT_UNREST SUCCESS_UNDETECTED / NO_RESULT
turn 160 spies active 6 idle 1 missions 50 captured-enemy 0
spy 6946823 LOC_CITIZEN_MAYA_MODERN_MALE_6 level 2 at 54:21 busy
spy 7405581 LOC_CITIZEN_MAYA_MODERN_MALE_1 level 4 at 65:16 busy
spy 6225935 LOC_CITIZEN_MAYA_FEMALE_8 level 1 at 63:20 busy
spy 7471124 LOC_CITIZEN_MAYA_MALE_6 level 1 at 48:19 busy
spy 7798809 LOC_CITIZEN_MAYA_MALE_7 level 1 at 54:15 start
spy 7012379 LOC_CITIZEN_MAYA_MODERN_FEMALE_4 level 3 at 16:9 busy
spy 7208988 LOC_CITIZEN_MAYA_FEMALE_1 level 2 at 54:11 busy
turn 160 spies 7 started 1 travelled 0 promoted 1 bought 0 gold 50000
unblock: blocker ENDTURN_BLOCKING_SPY_CHOOSE_ESCAPE_ROUTE -> escape route DISTRICT_CITY_CENTER of 2 for spy 6946823 LOC_CITIZEN_MAYA_MODERN_MALE_6 level 3 turn 160 city LOC_CITY_NAME_TORONTO p1 at 54:21 pursuer police | end turn requested
unstuck: InGamePopup: open, no close
unstuck: TechCivicCompletedPopup: closed
unblock: blocker ENDTURN_BLOCKING_SPY_CHOOSE_ESCAPE_ROUTE -> escape route DISTRICT_CITY_CENTER of 2 for spy 7012379 LOC_CITIZEN_MAYA_MODERN_FEMALE_4 level 3 turn 160 city LOC_CITY_NAME_TE_HOKIANGA_NU_A_KUPE p2 at 16:9 pursuer police | end turn requested
unstuck: closed sessions [1:1]
unstuck: DiplomacyActionView: Closing Diplomacy Action View. m_eventID: 2959806
unstuck: InGamePopup: open, no close
mission CityName=LOC_CITY_NAME_CHARLOTTETOWN CompletionTurn=161 EscapeResult=-1 InitialResult=2 LevelAfter=1 LootInfo=-1 Name=LOC_CITIZEN_MAYA_MALE_6 Operation=58 PlotIndex=1644
mission CityName=LOC_CITY_NAME_HALIFAX CompletionTurn=161 EscapeResult=-1 InitialResult=5 LevelAfter=4 LootInfo=-1 Name=LOC_CITIZEN_MAYA_MODERN_MALE_1 Operation=58 PlotIndex=1409
mission CityName=LOC_CITY_NAME_TE_HOKIANGA_NU_A_KUPE CompletionTurn=160 EscapeResult=-1 InitialResult=2 LevelAfter=3 LootInfo=-1 Name=LOC_CITIZEN_MAYA_MODERN_FEMALE_4 Operation=58 PlotIndex=772
mission CityName=LOC_CITY_NAME_TORONTO CompletionTurn=160 EscapeResult=2 InitialResult=4 LevelAfter=3 LootInfo=-1 Name=LOC_CITIZEN_MAYA_MODERN_MALE_6 Operation=58 PlotIndex=1818
mission CityName=LOC_CITY_NAME_OTTAWA CompletionTurn=158 EscapeResult=-1 InitialResult=5 LevelAfter=2 LootInfo=-1 Name=LOC_CITIZEN_MAYA_FEMALE_1 Operation=58 PlotIndex=978
mission CityName=LOC_CITY_NAME_QUEBEC_CITY CompletionTurn=158 EscapeResult=-1 InitialResult=1 LevelAfter=2 LootInfo=-1 Name=LOC_CITIZEN_MAYA_FEMALE_4 Operation=58 PlotIndex=1404
mission CityName=LOC_CITY_NAME_VANCOUVER CompletionTurn=158 EscapeResult=-1 InitialResult=3 LevelAfter=1 LootInfo=-1 Name=LOC_CITIZEN_MAYA_FEMALE_8 Operation=58 PlotIndex=1743
mission CityName=LOC_CITY_NAME_TE_HOKIANGA_NU_A_KUPE CompletionTurn=154 EscapeResult=-1 InitialResult=5 LevelAfter=3 LootInfo=-1 Name=LOC_CITIZEN_MAYA_MODERN_FEMALE_4 Operation=58 PlotIndex=772
mission CityName=LOC_CITY_NAME_CALGARY CompletionTurn=154 EscapeResult=2 InitialResult=4 LevelAfter=4 LootInfo=-1 Name=LOC_CITIZEN_MAYA_MALE_8 Operation=58 PlotIndex=1991
mission CityName=LOC_CITY_NAME_TORONTO CompletionTurn=154 EscapeResult=-1 InitialResult=5 LevelAfter=2 LootInfo=-1 Name=LOC_CITIZEN_MAYA_MODERN_MALE_6 Operation=58 PlotIndex=1818
mission CityName=LOC_CITY_NAME_MONTREAL CompletionTurn=152 EscapeResult=2 InitialResult=2 LevelAfter=2 LootInfo=-1 Name=LOC_CITIZEN_MAYA_MODERN_FEMALE_3 Operation=58 PlotIndex=1314
mission CityName=LOC_CITY_NAME_VANCOUVER CompletionTurn=152 EscapeResult=-1 InitialResult=3 LevelAfter=1 LootInfo=-1 Name=LOC_CITIZEN_MAYA_FEMALE_8 Operation=58 PlotIndex=1743
mission CityName=LOC_CITY_NAME_VICTORIA CompletionTurn=152 EscapeResult=0 InitialResult=4 LevelAfter=4 LootInfo=-1 Name=LOC_CITIZEN_MAYA_FEMALE_6 Operation=58 PlotIndex=888
mission CityName=LOC_CITY_NAME_QUEBEC_CITY CompletionTurn=149 EscapeResult=-1 InitialResult=5 LevelAfter=2 LootInfo=-1 Name=LOC_CITIZEN_MAYA_FEMALE_4 Operation=58 PlotIndex=1404
mission CityName=LOC_CITY_NAME_HALIFAX CompletionTurn=149 EscapeResult=0 InitialResult=2 LevelAfter=3 LootInfo=-1 Name=LOC_CITIZEN_MAYA_MODERN_FEMALE_8 Operation=58 PlotIndex=1409
mission CityName=LOC_CITY_NAME_CALGARY CompletionTurn=149 EscapeResult=-1 InitialResult=5 LevelAfter=4 LootInfo=-1 Name=LOC_CITIZEN_MAYA_MALE_8 Operation=58 PlotIndex=1991
mission CityName=LOC_CITY_NAME_OTTAWA CompletionTurn=147 EscapeResult=2 InitialResult=4 LevelAfter=4 LootInfo=-1 Name=LOC_CITIZEN_MAYA_MODERN_MALE_1 Operation=58 PlotIndex=978
mission CityName=LOC_CITY_NAME_VANCOUVER CompletionTurn=145 EscapeResult=2 InitialResult=2 LevelAfter=1 LootInfo=-1 Name=LOC_CITIZEN_MAYA_FEMALE_1 Operation=58 PlotIndex=1743
mission CityName=LOC_CITY_NAME_MONTREAL CompletionTurn=144 EscapeResult=-1 InitialResult=5 LevelAfter=2 LootInfo=-1 Name=LOC_CITIZEN_MAYA_MODERN_FEMALE_3 Operation=58 PlotIndex=1314
mission CityName=LOC_CITY_NAME_TORONTO CompletionTurn=144 EscapeResult=2 InitialResult=2 LevelAfter=2 LootInfo=-1 Name=LOC_CITIZEN_MAYA_MODERN_FEMALE_4 Operation=58 PlotIndex=1818
mission CityName=LOC_CITY_NAME_VICTORIA CompletionTurn=143 EscapeResult=0 InitialResult=2 LevelAfter=3 LootInfo=-1 Name=LOC_CITIZEN_MAYA_MODERN_FEMALE_6 Operation=58 PlotIndex=888
mission CityName=LOC_CITY_NAME_OTTAWA CompletionTurn=143 EscapeResult=-1 InitialResult=3 LevelAfter=4 LootInfo=-1 Name=LOC_CITIZEN_MAYA_MODERN_MALE_1 Operation=58 PlotIndex=978
mission CityName=LOC_CITY_NAME_HALIFAX CompletionTurn=142 EscapeResult=-1 InitialResult=5 LevelAfter=3 LootInfo=-1 Name=LOC_CITIZEN_MAYA_MODERN_FEMALE_8 Operation=58 PlotIndex=1409
mission CityName=LOC_CITY_NAME_CALGARY CompletionTurn=142 EscapeResult=-1 InitialResult=5 LevelAfter=4 LootInfo=-1 Name=LOC_CITIZEN_MAYA_MALE_8 Operation=58 PlotIndex=1991
mission CityName=LOC_CITY_NAME_MONTREAL CompletionTurn=141 EscapeResult=-1 InitialResult=1 LevelAfter=2 LootInfo=-1 Name=LOC_CITIZEN_MAYA_MODERN_MALE_4 Operation=58 PlotIndex=1314
mission CityName=LOC_CITY_NAME_MONTREAL CompletionTurn=140 EscapeResult=-1 InitialResult=5 LevelAfter=2 LootInfo=-1 Name=LOC_CITIZEN_MAYA_MODERN_MALE_4 Operation=58 PlotIndex=1314
mission CityName=LOC_CITY_NAME_QUEBEC_CITY CompletionTurn=140 EscapeResult=2 InitialResult=4 LevelAfter=3 LootInfo=-1 Name=LOC_CITIZEN_MAYA_FEMALE_6 Operation=58 PlotIndex=1404
mission CityName=LOC_CITY_NAME_OTTAWA CompletionTurn=139 EscapeResult=-1 InitialResult=5 LevelAfter=4 LootInfo=-1 Name=LOC_CITIZEN_MAYA_MODERN_MALE_1 Operation=58 PlotIndex=978
mission CityName=LOC_CITY_NAME_VICTORIA CompletionTurn=138 EscapeResult=1 InitialResult=4 LevelAfter=2 LootInfo=-1 Name=LOC_CITIZEN_MAYA_MALE_2 Operation=58 PlotIndex=888
mission CityName=LOC_CITY_NAME_TORONTO CompletionTurn=137 EscapeResult=-1 InitialResult=5 LevelAfter=2 LootInfo=-1 Name=LOC_CITIZEN_MAYA_MODERN_FEMALE_4 Operation=58 PlotIndex=1818
mission CityName=LOC_CITY_NAME_QUEBEC_CITY CompletionTurn=136 EscapeResult=-1 InitialResult=1 LevelAfter=2 LootInfo=-1 Name=LOC_CITIZEN_MAYA_MODERN_MALE_9 Operation=58 PlotIndex=1404
mission CityName=LOC_CITY_NAME_HALIFAX CompletionTurn=135 EscapeResult=-1 InitialResult=5 LevelAfter=2 LootInfo=-1 Name=LOC_CITIZEN_MAYA_MODERN_FEMALE_8 Operation=58 PlotIndex=1409
mission CityName=LOC_CITY_NAME_OTTAWA CompletionTurn=135 EscapeResult=-1 InitialResult=5 LevelAfter=4 LootInfo=-1 Name=LOC_CITIZEN_MAYA_MODERN_MALE_1 Operation=58 PlotIndex=978
mission CityName=LOC_CITY_NAME_CALGARY CompletionTurn=133 EscapeResult=2 InitialResult=4 LevelAfter=3 LootInfo=-1 Name=LOC_CITIZEN_MAYA_MALE_8 Operation=58 PlotIndex=1991
mission CityName=LOC_CITY_NAME_MONTREAL CompletionTurn=132 EscapeResult=0 InitialResult=2 LevelAfter=1 LootInfo=-1 Name=LOC_CITIZEN_MAYA_MALE_5 Operation=58 PlotIndex=1314
mission CityName=LOC_CITY_NAME_QUEBEC_CITY CompletionTurn=131 EscapeResult=-1 InitialResult=5 LevelAfter=2 LootInfo=-1 Name=LOC_CITIZEN_MAYA_MODERN_MALE_9 Operation=58 PlotIndex=1404
mission CityName=LOC_CITY_NAME_OTTAWA CompletionTurn=130 EscapeResult=-1 InitialResult=5 LevelAfter=4 LootInfo=-1 Name=LOC_CITIZEN_MAYA_MODERN_MALE_1 Operation=58 PlotIndex=978
mission CityName=LOC_CITY_NAME_CALGARY CompletionTurn=129 EscapeResult=-1 InitialResult=3 LevelAfter=2 LootInfo=-1 Name=LOC_CITIZEN_MAYA_MALE_8 Operation=58 PlotIndex=1991
mission CityName=LOC_CITY_NAME_TORONTO CompletionTurn=129 EscapeResult=2 InitialResult=4 LevelAfter=3 LootInfo=-1 Name=LOC_CITIZEN_MAYA_MODERN_FEMALE_6 Operation=58 PlotIndex=1818
mission CityName=LOC_CITY_NAME_MONTREAL CompletionTurn=127 EscapeResult=2 InitialResult=2 LevelAfter=1 LootInfo=-1 Name=LOC_CITIZEN_MAYA_MALE_2 Operation=58 PlotIndex=1314
mission CityName=LOC_CITY_NAME_OTTAWA CompletionTurn=124 EscapeResult=-1 InitialResult=5 LevelAfter=4 LootInfo=-1 Name=LOC_CITIZEN_MAYA_MODERN_MALE_1 Operation=58 PlotIndex=978
mission CityName=LOC_CITY_NAME_CALGARY CompletionTurn=123 EscapeResult=-1 InitialResult=5 LevelAfter=2 LootInfo=-1 Name=LOC_CITIZEN_MAYA_MALE_8 Operation=58 PlotIndex=1991
mission CityName=LOC_CITY_NAME_HALIFAX CompletionTurn=121 EscapeResult=2 InitialResult=4 LevelAfter=2 LootInfo=-1 Name=LOC_CITIZEN_MAYA_FEMALE_6 Operation=58 PlotIndex=1409
mission CityName=LOC_CITY_NAME_OTTAWA CompletionTurn=120 EscapeResult=-1 InitialResult=3 LevelAfter=3 LootInfo=-1 Name=LOC_CITIZEN_MAYA_MODERN_MALE_1 Operation=58 PlotIndex=978
mission CityName=LOC_CITY_NAME_MONTREAL CompletionTurn=120 EscapeResult=-1 InitialResult=0 LevelAfter=2 LootInfo=-1 Name=LOC_CITIZEN_MAYA_FEMALE_7 Operation=58 PlotIndex=1314
mission CityName=LOC_CITY_NAME_QUEBEC_CITY CompletionTurn=118 EscapeResult=1 InitialResult=2 LevelAfter=1 LootInfo=-1 Name=LOC_CITIZEN_MAYA_MODERN_FEMALE_1 Operation=58 PlotIndex=1404
mission CityName=LOC_CITY_NAME_TORONTO CompletionTurn=118 EscapeResult=2 InitialResult=4 LevelAfter=2 LootInfo=-1 Name=LOC_CITIZEN_MAYA_MODERN_FEMALE_6 Operation=58 PlotIndex=1818
mission CityName=LOC_CITY_NAME_TORONTO CompletionTurn=114 EscapeResult=-1 InitialResult=1 LevelAfter=1 LootInfo=-1 Name=LOC_CITIZEN_MAYA_FEMALE_3 Operation=58 PlotIndex=1818
mission CityName=LOC_CITY_NAME_MONTREAL CompletionTurn=114 EscapeResult=-1 InitialResult=5 LevelAfter=2 LootInfo=-1 Name=LOC_CITIZEN_MAYA_FEMALE_7 Operation=58 PlotIndex=1314
mission CityName=LOC_CITY_NAME_OTTAWA CompletionTurn=113 EscapeResult=-1 InitialResult=5 LevelAfter=3 LootInfo=-1 Name=LOC_CITIZEN_MAYA_MODERN_MALE_1 Operation=58 PlotIndex=978
mission CityName=LOC_CITY_NAME_MONTREAL CompletionTurn=110 EscapeResult=-1 InitialResult=1 LevelAfter=1 LootInfo=-1 Name=LOC_CITIZEN_MAYA_MODERN_FEMALE_7 Operation=58 PlotIndex=1314
mission CityName=LOC_CITY_NAME_OTTAWA CompletionTurn=107 EscapeResult=-1 InitialResult=5 LevelAfter=2 LootInfo=-1 Name=LOC_CITIZEN_MAYA_MODERN_MALE_1 Operation=58 PlotIndex=978
tally 5  FOMENT_UNREST CAPTURED / NO_RESULT
tally 1  FOMENT_UNREST FAIL_MUST_ESCAPE / CAPTURED
tally 4  FOMENT_UNREST FAIL_MUST_ESCAPE / FAIL_MUST_ESCAPE
tally 3  FOMENT_UNREST FAIL_MUST_ESCAPE / KILLED
tally 2  FOMENT_UNREST FAIL_MUST_ESCAPE / NO_RESULT
tally 5  FOMENT_UNREST FAIL_UNDETECTED / NO_RESULT
tally 1  FOMENT_UNREST KILLED / NO_RESULT
tally 1  FOMENT_UNREST SUCCESS_MUST_ESCAPE / CAPTURED
tally 8  FOMENT_UNREST SUCCESS_MUST_ESCAPE / FAIL_MUST_ESCAPE
tally 1  FOMENT_UNREST SUCCESS_MUST_ESCAPE / KILLED
tally 21  FOMENT_UNREST SUCCESS_UNDETECTED / NO_RESULT
turn 161 spies active 6 idle 0 missions 52 captured-enemy 0
spy 7929863 LOC_CITIZEN_MAYA_MALE_8 level 4 at 54:15 refused
spy 7405581 LOC_CITIZEN_MAYA_MODERN_MALE_1 level 4 at 65:16 start
spy 6225935 LOC_CITIZEN_MAYA_FEMALE_8 level 1 at 63:20 busy
spy 7471124 LOC_CITIZEN_MAYA_MALE_6 level 1 at 48:19 busy
spy 7798809 LOC_CITIZEN_MAYA_MALE_7 level 1 at 54:15 busy
spy 7012379 LOC_CITIZEN_MAYA_MODERN_FEMALE_4 level 3 at 16:9 busy
spy 7208988 LOC_CITIZEN_MAYA_FEMALE_1 level 2 at 54:11 busy
turn 161 spies 7 started 1 travelled 0 promoted 0 bought 0 gold 50000
unblock: blocker ENDTURN_BLOCKING_SPY_CHOOSE_ESCAPE_ROUTE -> escape route DISTRICT_CITY_CENTER of 1 for spy 7471124 LOC_CITIZEN_MAYA_MALE_6 level 1 turn 161 city LOC_CITY_NAME_CHARLOTTETOWN p1 at 48:19 pursuer police | end turn requested
unstuck: InGamePopup: open, no close
unblock: blocker ENDTURN_BLOCKING_SPY_CHOOSE_ESCAPE_ROUTE -> escape route DISTRICT_CITY_CENTER of 2 for spy 7012379 LOC_CITIZEN_MAYA_MODERN_FEMALE_4 level 3 turn 161 city LOC_CITY_NAME_TE_HOKIANGA_NU_A_KUPE p2 at 16:9 pursuer police | end turn requested
unstuck: InGamePopup: open, no close
unstuck: WorldCongressIntro: closed
unstuck: WorldCongressPopup: closed
unblock: blocker ENDTURN_BLOCKING_SPY_CHOOSE_ESCAPE_ROUTE -> escape route DISTRICT_CITY_CENTER of 2 for spy 7012379 LOC_CITIZEN_MAYA_MODERN_FEMALE_4 level 3 turn 161 city LOC_CITY_NAME_TE_HOKIANGA_NU_A_KUPE p2 at 16:9 pursuer police | end turn requested
unstuck: InGamePopup: open, no close
unstuck: WorldCongressPopup: closed
mission CityName=LOC_CITY_NAME_OTTAWA CompletionTurn=162 EscapeResult=-1 InitialResult=5 LevelAfter=3 LootInfo=-1 Name=LOC_CITIZEN_MAYA_FEMALE_1 Operation=58 PlotIndex=978
mission CityName=LOC_CITY_NAME_VANCOUVER CompletionTurn=162 EscapeResult=-1 InitialResult=2 LevelAfter=1 LootInfo=-1 Name=LOC_CITIZEN_MAYA_FEMALE_8 Operation=58 PlotIndex=1743
mission CityName=LOC_CITY_NAME_CHARLOTTETOWN CompletionTurn=161 EscapeResult=0 InitialResult=2 LevelAfter=1 LootInfo=-1 Name=LOC_CITIZEN_MAYA_MALE_6 Operation=58 PlotIndex=1644
mission CityName=LOC_CITY_NAME_HALIFAX CompletionTurn=161 EscapeResult=-1 InitialResult=5 LevelAfter=4 LootInfo=-1 Name=LOC_CITIZEN_MAYA_MODERN_MALE_1 Operation=58 PlotIndex=1409
mission CityName=LOC_CITY_NAME_TE_HOKIANGA_NU_A_KUPE CompletionTurn=160 EscapeResult=-1 InitialResult=2 LevelAfter=3 LootInfo=-1 Name=LOC_CITIZEN_MAYA_MODERN_FEMALE_4 Operation=58 PlotIndex=772
mission CityName=LOC_CITY_NAME_TORONTO CompletionTurn=160 EscapeResult=2 InitialResult=4 LevelAfter=3 LootInfo=-1 Name=LOC_CITIZEN_MAYA_MODERN_MALE_6 Operation=58 PlotIndex=1818
mission CityName=LOC_CITY_NAME_OTTAWA CompletionTurn=158 EscapeResult=-1 InitialResult=5 LevelAfter=2 LootInfo=-1 Name=LOC_CITIZEN_MAYA_FEMALE_1 Operation=58 PlotIndex=978
mission CityName=LOC_CITY_NAME_QUEBEC_CITY CompletionTurn=158 EscapeResult=-1 InitialResult=1 LevelAfter=2 LootInfo=-1 Name=LOC_CITIZEN_MAYA_FEMALE_4 Operation=58 PlotIndex=1404
mission CityName=LOC_CITY_NAME_VANCOUVER CompletionTurn=158 EscapeResult=-1 InitialResult=3 LevelAfter=1 LootInfo=-1 Name=LOC_CITIZEN_MAYA_FEMALE_8 Operation=58 PlotIndex=1743
mission CityName=LOC_CITY_NAME_TE_HOKIANGA_NU_A_KUPE CompletionTurn=154 EscapeResult=-1 InitialResult=5 LevelAfter=3 LootInfo=-1 Name=LOC_CITIZEN_MAYA_MODERN_FEMALE_4 Operation=58 PlotIndex=772
mission CityName=LOC_CITY_NAME_CALGARY CompletionTurn=154 EscapeResult=2 InitialResult=4 LevelAfter=4 LootInfo=-1 Name=LOC_CITIZEN_MAYA_MALE_8 Operation=58 PlotIndex=1991
mission CityName=LOC_CITY_NAME_TORONTO CompletionTurn=154 EscapeResult=-1 InitialResult=5 LevelAfter=2 LootInfo=-1 Name=LOC_CITIZEN_MAYA_MODERN_MALE_6 Operation=58 PlotIndex=1818
mission CityName=LOC_CITY_NAME_MONTREAL CompletionTurn=152 EscapeResult=2 InitialResult=2 LevelAfter=2 LootInfo=-1 Name=LOC_CITIZEN_MAYA_MODERN_FEMALE_3 Operation=58 PlotIndex=1314
mission CityName=LOC_CITY_NAME_VANCOUVER CompletionTurn=152 EscapeResult=-1 InitialResult=3 LevelAfter=1 LootInfo=-1 Name=LOC_CITIZEN_MAYA_FEMALE_8 Operation=58 PlotIndex=1743
mission CityName=LOC_CITY_NAME_VICTORIA CompletionTurn=152 EscapeResult=0 InitialResult=4 LevelAfter=4 LootInfo=-1 Name=LOC_CITIZEN_MAYA_FEMALE_6 Operation=58 PlotIndex=888
mission CityName=LOC_CITY_NAME_QUEBEC_CITY CompletionTurn=149 EscapeResult=-1 InitialResult=5 LevelAfter=2 LootInfo=-1 Name=LOC_CITIZEN_MAYA_FEMALE_4 Operation=58 PlotIndex=1404
mission CityName=LOC_CITY_NAME_HALIFAX CompletionTurn=149 EscapeResult=0 InitialResult=2 LevelAfter=3 LootInfo=-1 Name=LOC_CITIZEN_MAYA_MODERN_FEMALE_8 Operation=58 PlotIndex=1409
mission CityName=LOC_CITY_NAME_CALGARY CompletionTurn=149 EscapeResult=-1 InitialResult=5 LevelAfter=4 LootInfo=-1 Name=LOC_CITIZEN_MAYA_MALE_8 Operation=58 PlotIndex=1991
mission CityName=LOC_CITY_NAME_OTTAWA CompletionTurn=147 EscapeResult=2 InitialResult=4 LevelAfter=4 LootInfo=-1 Name=LOC_CITIZEN_MAYA_MODERN_MALE_1 Operation=58 PlotIndex=978
mission CityName=LOC_CITY_NAME_VANCOUVER CompletionTurn=145 EscapeResult=2 InitialResult=2 LevelAfter=1 LootInfo=-1 Name=LOC_CITIZEN_MAYA_FEMALE_1 Operation=58 PlotIndex=1743
mission CityName=LOC_CITY_NAME_MONTREAL CompletionTurn=144 EscapeResult=-1 InitialResult=5 LevelAfter=2 LootInfo=-1 Name=LOC_CITIZEN_MAYA_MODERN_FEMALE_3 Operation=58 PlotIndex=1314
mission CityName=LOC_CITY_NAME_TORONTO CompletionTurn=144 EscapeResult=2 InitialResult=2 LevelAfter=2 LootInfo=-1 Name=LOC_CITIZEN_MAYA_MODERN_FEMALE_4 Operation=58 PlotIndex=1818
mission CityName=LOC_CITY_NAME_VICTORIA CompletionTurn=143 EscapeResult=0 InitialResult=2 LevelAfter=3 LootInfo=-1 Name=LOC_CITIZEN_MAYA_MODERN_FEMALE_6 Operation=58 PlotIndex=888
mission CityName=LOC_CITY_NAME_OTTAWA CompletionTurn=143 EscapeResult=-1 InitialResult=3 LevelAfter=4 LootInfo=-1 Name=LOC_CITIZEN_MAYA_MODERN_MALE_1 Operation=58 PlotIndex=978
mission CityName=LOC_CITY_NAME_HALIFAX CompletionTurn=142 EscapeResult=-1 InitialResult=5 LevelAfter=3 LootInfo=-1 Name=LOC_CITIZEN_MAYA_MODERN_FEMALE_8 Operation=58 PlotIndex=1409
mission CityName=LOC_CITY_NAME_CALGARY CompletionTurn=142 EscapeResult=-1 InitialResult=5 LevelAfter=4 LootInfo=-1 Name=LOC_CITIZEN_MAYA_MALE_8 Operation=58 PlotIndex=1991
mission CityName=LOC_CITY_NAME_MONTREAL CompletionTurn=141 EscapeResult=-1 InitialResult=1 LevelAfter=2 LootInfo=-1 Name=LOC_CITIZEN_MAYA_MODERN_MALE_4 Operation=58 PlotIndex=1314
mission CityName=LOC_CITY_NAME_MONTREAL CompletionTurn=140 EscapeResult=-1 InitialResult=5 LevelAfter=2 LootInfo=-1 Name=LOC_CITIZEN_MAYA_MODERN_MALE_4 Operation=58 PlotIndex=1314
mission CityName=LOC_CITY_NAME_QUEBEC_CITY CompletionTurn=140 EscapeResult=2 InitialResult=4 LevelAfter=3 LootInfo=-1 Name=LOC_CITIZEN_MAYA_FEMALE_6 Operation=58 PlotIndex=1404
mission CityName=LOC_CITY_NAME_OTTAWA CompletionTurn=139 EscapeResult=-1 InitialResult=5 LevelAfter=4 LootInfo=-1 Name=LOC_CITIZEN_MAYA_MODERN_MALE_1 Operation=58 PlotIndex=978
mission CityName=LOC_CITY_NAME_VICTORIA CompletionTurn=138 EscapeResult=1 InitialResult=4 LevelAfter=2 LootInfo=-1 Name=LOC_CITIZEN_MAYA_MALE_2 Operation=58 PlotIndex=888
mission CityName=LOC_CITY_NAME_TORONTO CompletionTurn=137 EscapeResult=-1 InitialResult=5 LevelAfter=2 LootInfo=-1 Name=LOC_CITIZEN_MAYA_MODERN_FEMALE_4 Operation=58 PlotIndex=1818
mission CityName=LOC_CITY_NAME_QUEBEC_CITY CompletionTurn=136 EscapeResult=-1 InitialResult=1 LevelAfter=2 LootInfo=-1 Name=LOC_CITIZEN_MAYA_MODERN_MALE_9 Operation=58 PlotIndex=1404
mission CityName=LOC_CITY_NAME_HALIFAX CompletionTurn=135 EscapeResult=-1 InitialResult=5 LevelAfter=2 LootInfo=-1 Name=LOC_CITIZEN_MAYA_MODERN_FEMALE_8 Operation=58 PlotIndex=1409
mission CityName=LOC_CITY_NAME_OTTAWA CompletionTurn=135 EscapeResult=-1 InitialResult=5 LevelAfter=4 LootInfo=-1 Name=LOC_CITIZEN_MAYA_MODERN_MALE_1 Operation=58 PlotIndex=978
mission CityName=LOC_CITY_NAME_CALGARY CompletionTurn=133 EscapeResult=2 InitialResult=4 LevelAfter=3 LootInfo=-1 Name=LOC_CITIZEN_MAYA_MALE_8 Operation=58 PlotIndex=1991
mission CityName=LOC_CITY_NAME_MONTREAL CompletionTurn=132 EscapeResult=0 InitialResult=2 LevelAfter=1 LootInfo=-1 Name=LOC_CITIZEN_MAYA_MALE_5 Operation=58 PlotIndex=1314
mission CityName=LOC_CITY_NAME_QUEBEC_CITY CompletionTurn=131 EscapeResult=-1 InitialResult=5 LevelAfter=2 LootInfo=-1 Name=LOC_CITIZEN_MAYA_MODERN_MALE_9 Operation=58 PlotIndex=1404
mission CityName=LOC_CITY_NAME_OTTAWA CompletionTurn=130 EscapeResult=-1 InitialResult=5 LevelAfter=4 LootInfo=-1 Name=LOC_CITIZEN_MAYA_MODERN_MALE_1 Operation=58 PlotIndex=978
mission CityName=LOC_CITY_NAME_CALGARY CompletionTurn=129 EscapeResult=-1 InitialResult=3 LevelAfter=2 LootInfo=-1 Name=LOC_CITIZEN_MAYA_MALE_8 Operation=58 PlotIndex=1991
mission CityName=LOC_CITY_NAME_TORONTO CompletionTurn=129 EscapeResult=2 InitialResult=4 LevelAfter=3 LootInfo=-1 Name=LOC_CITIZEN_MAYA_MODERN_FEMALE_6 Operation=58 PlotIndex=1818
mission CityName=LOC_CITY_NAME_MONTREAL CompletionTurn=127 EscapeResult=2 InitialResult=2 LevelAfter=1 LootInfo=-1 Name=LOC_CITIZEN_MAYA_MALE_2 Operation=58 PlotIndex=1314
mission CityName=LOC_CITY_NAME_OTTAWA CompletionTurn=124 EscapeResult=-1 InitialResult=5 LevelAfter=4 LootInfo=-1 Name=LOC_CITIZEN_MAYA_MODERN_MALE_1 Operation=58 PlotIndex=978
mission CityName=LOC_CITY_NAME_CALGARY CompletionTurn=123 EscapeResult=-1 InitialResult=5 LevelAfter=2 LootInfo=-1 Name=LOC_CITIZEN_MAYA_MALE_8 Operation=58 PlotIndex=1991
mission CityName=LOC_CITY_NAME_HALIFAX CompletionTurn=121 EscapeResult=2 InitialResult=4 LevelAfter=2 LootInfo=-1 Name=LOC_CITIZEN_MAYA_FEMALE_6 Operation=58 PlotIndex=1409
mission CityName=LOC_CITY_NAME_OTTAWA CompletionTurn=120 EscapeResult=-1 InitialResult=3 LevelAfter=3 LootInfo=-1 Name=LOC_CITIZEN_MAYA_MODERN_MALE_1 Operation=58 PlotIndex=978
mission CityName=LOC_CITY_NAME_MONTREAL CompletionTurn=120 EscapeResult=-1 InitialResult=0 LevelAfter=2 LootInfo=-1 Name=LOC_CITIZEN_MAYA_FEMALE_7 Operation=58 PlotIndex=1314
mission CityName=LOC_CITY_NAME_QUEBEC_CITY CompletionTurn=118 EscapeResult=1 InitialResult=2 LevelAfter=1 LootInfo=-1 Name=LOC_CITIZEN_MAYA_MODERN_FEMALE_1 Operation=58 PlotIndex=1404
mission CityName=LOC_CITY_NAME_TORONTO CompletionTurn=118 EscapeResult=2 InitialResult=4 LevelAfter=2 LootInfo=-1 Name=LOC_CITIZEN_MAYA_MODERN_FEMALE_6 Operation=58 PlotIndex=1818
mission CityName=LOC_CITY_NAME_TORONTO CompletionTurn=114 EscapeResult=-1 InitialResult=1 LevelAfter=1 LootInfo=-1 Name=LOC_CITIZEN_MAYA_FEMALE_3 Operation=58 PlotIndex=1818
mission CityName=LOC_CITY_NAME_MONTREAL CompletionTurn=114 EscapeResult=-1 InitialResult=5 LevelAfter=2 LootInfo=-1 Name=LOC_CITIZEN_MAYA_FEMALE_7 Operation=58 PlotIndex=1314
mission CityName=LOC_CITY_NAME_OTTAWA CompletionTurn=113 EscapeResult=-1 InitialResult=5 LevelAfter=3 LootInfo=-1 Name=LOC_CITIZEN_MAYA_MODERN_MALE_1 Operation=58 PlotIndex=978
mission CityName=LOC_CITY_NAME_MONTREAL CompletionTurn=110 EscapeResult=-1 InitialResult=1 LevelAfter=1 LootInfo=-1 Name=LOC_CITIZEN_MAYA_MODERN_FEMALE_7 Operation=58 PlotIndex=1314
mission CityName=LOC_CITY_NAME_OTTAWA CompletionTurn=107 EscapeResult=-1 InitialResult=5 LevelAfter=2 LootInfo=-1 Name=LOC_CITIZEN_MAYA_MODERN_MALE_1 Operation=58 PlotIndex=978
tally 5  FOMENT_UNREST CAPTURED / NO_RESULT
tally 1  FOMENT_UNREST FAIL_MUST_ESCAPE / CAPTURED
tally 4  FOMENT_UNREST FAIL_MUST_ESCAPE / FAIL_MUST_ESCAPE
tally 4  FOMENT_UNREST FAIL_MUST_ESCAPE / KILLED
tally 2  FOMENT_UNREST FAIL_MUST_ESCAPE / NO_RESULT
tally 5  FOMENT_UNREST FAIL_UNDETECTED / NO_RESULT
tally 1  FOMENT_UNREST KILLED / NO_RESULT
tally 1  FOMENT_UNREST SUCCESS_MUST_ESCAPE / CAPTURED
tally 8  FOMENT_UNREST SUCCESS_MUST_ESCAPE / FAIL_MUST_ESCAPE
tally 1  FOMENT_UNREST SUCCESS_MUST_ESCAPE / KILLED
tally 22  FOMENT_UNREST SUCCESS_UNDETECTED / NO_RESULT
turn 162 spies active 4 idle 3 missions 54 captured-enemy 0
spy 7929863 LOC_CITIZEN_MAYA_MALE_8 level 4 at 54:15 refused
spy 7405581 LOC_CITIZEN_MAYA_MODERN_MALE_1 level 4 at 65:16 busy
spy 6225935 LOC_CITIZEN_MAYA_FEMALE_8 level 1 at 63:20 busy
spy 7995412 LOC_CITIZEN_MAYA_MODERN_FEMALE_3 level 2 at 54:15 refused
spy 7798809 LOC_CITIZEN_MAYA_MALE_7 level 1 at 54:15 busy
spy 7012379 LOC_CITIZEN_MAYA_MODERN_FEMALE_4 level 3 at 16:9 busy
spy 7208988 LOC_CITIZEN_MAYA_FEMALE_1 level 2 at 54:11 start
turn 162 spies 7 started 1 travelled 0 promoted 1 bought 1 gold 50000
unblock: blocker ENDTURN_BLOCKING_SPY_CHOOSE_ESCAPE_ROUTE -> escape route DISTRICT_CITY_CENTER of 1 for spy 6225935 LOC_CITIZEN_MAYA_FEMALE_8 level 1 turn 162 city LOC_CITY_NAME_VANCOUVER p1 at 63:20 pursuer police | end turn requested
unstuck: InGamePopup: open, no close
unstuck: TechCivicCompletedPopup: closed
unblock: blocker ENDTURN_BLOCKING_SPY_CHOOSE_ESCAPE_ROUTE -> escape route DISTRICT_CITY_CENTER of 2 for spy 7012379 LOC_CITIZEN_MAYA_MODERN_FEMALE_4 level 3 turn 162 city LOC_CITY_NAME_TE_HOKIANGA_NU_A_KUPE p2 at 16:9 pursuer police | end turn requested
unstuck: closed sessions [2:2]
unstuck: DiplomacyActionView: Closing Diplomacy Action View. m_eventID: 2981479
unstuck: InGamePopup: open, no close
mission CityName=LOC_CITY_NAME_OTTAWA CompletionTurn=162 EscapeResult=-1 InitialResult=5 LevelAfter=3 LootInfo=-1 Name=LOC_CITIZEN_MAYA_FEMALE_1 Operation=58 PlotIndex=978
mission CityName=LOC_CITY_NAME_VANCOUVER CompletionTurn=162 EscapeResult=0 InitialResult=2 LevelAfter=1 LootInfo=-1 Name=LOC_CITIZEN_MAYA_FEMALE_8 Operation=58 PlotIndex=1743
mission CityName=LOC_CITY_NAME_CHARLOTTETOWN CompletionTurn=161 EscapeResult=0 InitialResult=2 LevelAfter=1 LootInfo=-1 Name=LOC_CITIZEN_MAYA_MALE_6 Operation=58 PlotIndex=1644
mission CityName=LOC_CITY_NAME_HALIFAX CompletionTurn=161 EscapeResult=-1 InitialResult=5 LevelAfter=4 LootInfo=-1 Name=LOC_CITIZEN_MAYA_MODERN_MALE_1 Operation=58 PlotIndex=1409
mission CityName=LOC_CITY_NAME_TE_HOKIANGA_NU_A_KUPE CompletionTurn=160 EscapeResult=-1 InitialResult=2 LevelAfter=3 LootInfo=-1 Name=LOC_CITIZEN_MAYA_MODERN_FEMALE_4 Operation=58 PlotIndex=772
mission CityName=LOC_CITY_NAME_TORONTO CompletionTurn=160 EscapeResult=2 InitialResult=4 LevelAfter=3 LootInfo=-1 Name=LOC_CITIZEN_MAYA_MODERN_MALE_6 Operation=58 PlotIndex=1818
mission CityName=LOC_CITY_NAME_OTTAWA CompletionTurn=158 EscapeResult=-1 InitialResult=5 LevelAfter=2 LootInfo=-1 Name=LOC_CITIZEN_MAYA_FEMALE_1 Operation=58 PlotIndex=978
mission CityName=LOC_CITY_NAME_QUEBEC_CITY CompletionTurn=158 EscapeResult=-1 InitialResult=1 LevelAfter=2 LootInfo=-1 Name=LOC_CITIZEN_MAYA_FEMALE_4 Operation=58 PlotIndex=1404
mission CityName=LOC_CITY_NAME_VANCOUVER CompletionTurn=158 EscapeResult=-1 InitialResult=3 LevelAfter=1 LootInfo=-1 Name=LOC_CITIZEN_MAYA_FEMALE_8 Operation=58 PlotIndex=1743
mission CityName=LOC_CITY_NAME_TE_HOKIANGA_NU_A_KUPE CompletionTurn=154 EscapeResult=-1 InitialResult=5 LevelAfter=3 LootInfo=-1 Name=LOC_CITIZEN_MAYA_MODERN_FEMALE_4 Operation=58 PlotIndex=772
mission CityName=LOC_CITY_NAME_CALGARY CompletionTurn=154 EscapeResult=2 InitialResult=4 LevelAfter=4 LootInfo=-1 Name=LOC_CITIZEN_MAYA_MALE_8 Operation=58 PlotIndex=1991
mission CityName=LOC_CITY_NAME_TORONTO CompletionTurn=154 EscapeResult=-1 InitialResult=5 LevelAfter=2 LootInfo=-1 Name=LOC_CITIZEN_MAYA_MODERN_MALE_6 Operation=58 PlotIndex=1818
mission CityName=LOC_CITY_NAME_MONTREAL CompletionTurn=152 EscapeResult=2 InitialResult=2 LevelAfter=2 LootInfo=-1 Name=LOC_CITIZEN_MAYA_MODERN_FEMALE_3 Operation=58 PlotIndex=1314
mission CityName=LOC_CITY_NAME_VANCOUVER CompletionTurn=152 EscapeResult=-1 InitialResult=3 LevelAfter=1 LootInfo=-1 Name=LOC_CITIZEN_MAYA_FEMALE_8 Operation=58 PlotIndex=1743
mission CityName=LOC_CITY_NAME_VICTORIA CompletionTurn=152 EscapeResult=0 InitialResult=4 LevelAfter=4 LootInfo=-1 Name=LOC_CITIZEN_MAYA_FEMALE_6 Operation=58 PlotIndex=888
mission CityName=LOC_CITY_NAME_QUEBEC_CITY CompletionTurn=149 EscapeResult=-1 InitialResult=5 LevelAfter=2 LootInfo=-1 Name=LOC_CITIZEN_MAYA_FEMALE_4 Operation=58 PlotIndex=1404
mission CityName=LOC_CITY_NAME_HALIFAX CompletionTurn=149 EscapeResult=0 InitialResult=2 LevelAfter=3 LootInfo=-1 Name=LOC_CITIZEN_MAYA_MODERN_FEMALE_8 Operation=58 PlotIndex=1409
mission CityName=LOC_CITY_NAME_CALGARY CompletionTurn=149 EscapeResult=-1 InitialResult=5 LevelAfter=4 LootInfo=-1 Name=LOC_CITIZEN_MAYA_MALE_8 Operation=58 PlotIndex=1991
mission CityName=LOC_CITY_NAME_OTTAWA CompletionTurn=147 EscapeResult=2 InitialResult=4 LevelAfter=4 LootInfo=-1 Name=LOC_CITIZEN_MAYA_MODERN_MALE_1 Operation=58 PlotIndex=978
mission CityName=LOC_CITY_NAME_VANCOUVER CompletionTurn=145 EscapeResult=2 InitialResult=2 LevelAfter=1 LootInfo=-1 Name=LOC_CITIZEN_MAYA_FEMALE_1 Operation=58 PlotIndex=1743
mission CityName=LOC_CITY_NAME_MONTREAL CompletionTurn=144 EscapeResult=-1 InitialResult=5 LevelAfter=2 LootInfo=-1 Name=LOC_CITIZEN_MAYA_MODERN_FEMALE_3 Operation=58 PlotIndex=1314
mission CityName=LOC_CITY_NAME_TORONTO CompletionTurn=144 EscapeResult=2 InitialResult=2 LevelAfter=2 LootInfo=-1 Name=LOC_CITIZEN_MAYA_MODERN_FEMALE_4 Operation=58 PlotIndex=1818
mission CityName=LOC_CITY_NAME_VICTORIA CompletionTurn=143 EscapeResult=0 InitialResult=2 LevelAfter=3 LootInfo=-1 Name=LOC_CITIZEN_MAYA_MODERN_FEMALE_6 Operation=58 PlotIndex=888
mission CityName=LOC_CITY_NAME_OTTAWA CompletionTurn=143 EscapeResult=-1 InitialResult=3 LevelAfter=4 LootInfo=-1 Name=LOC_CITIZEN_MAYA_MODERN_MALE_1 Operation=58 PlotIndex=978
mission CityName=LOC_CITY_NAME_HALIFAX CompletionTurn=142 EscapeResult=-1 InitialResult=5 LevelAfter=3 LootInfo=-1 Name=LOC_CITIZEN_MAYA_MODERN_FEMALE_8 Operation=58 PlotIndex=1409
mission CityName=LOC_CITY_NAME_CALGARY CompletionTurn=142 EscapeResult=-1 InitialResult=5 LevelAfter=4 LootInfo=-1 Name=LOC_CITIZEN_MAYA_MALE_8 Operation=58 PlotIndex=1991
mission CityName=LOC_CITY_NAME_MONTREAL CompletionTurn=141 EscapeResult=-1 InitialResult=1 LevelAfter=2 LootInfo=-1 Name=LOC_CITIZEN_MAYA_MODERN_MALE_4 Operation=58 PlotIndex=1314
mission CityName=LOC_CITY_NAME_MONTREAL CompletionTurn=140 EscapeResult=-1 InitialResult=5 LevelAfter=2 LootInfo=-1 Name=LOC_CITIZEN_MAYA_MODERN_MALE_4 Operation=58 PlotIndex=1314
mission CityName=LOC_CITY_NAME_QUEBEC_CITY CompletionTurn=140 EscapeResult=2 InitialResult=4 LevelAfter=3 LootInfo=-1 Name=LOC_CITIZEN_MAYA_FEMALE_6 Operation=58 PlotIndex=1404
mission CityName=LOC_CITY_NAME_OTTAWA CompletionTurn=139 EscapeResult=-1 InitialResult=5 LevelAfter=4 LootInfo=-1 Name=LOC_CITIZEN_MAYA_MODERN_MALE_1 Operation=58 PlotIndex=978
mission CityName=LOC_CITY_NAME_VICTORIA CompletionTurn=138 EscapeResult=1 InitialResult=4 LevelAfter=2 LootInfo=-1 Name=LOC_CITIZEN_MAYA_MALE_2 Operation=58 PlotIndex=888
mission CityName=LOC_CITY_NAME_TORONTO CompletionTurn=137 EscapeResult=-1 InitialResult=5 LevelAfter=2 LootInfo=-1 Name=LOC_CITIZEN_MAYA_MODERN_FEMALE_4 Operation=58 PlotIndex=1818
mission CityName=LOC_CITY_NAME_QUEBEC_CITY CompletionTurn=136 EscapeResult=-1 InitialResult=1 LevelAfter=2 LootInfo=-1 Name=LOC_CITIZEN_MAYA_MODERN_MALE_9 Operation=58 PlotIndex=1404
mission CityName=LOC_CITY_NAME_HALIFAX CompletionTurn=135 EscapeResult=-1 InitialResult=5 LevelAfter=2 LootInfo=-1 Name=LOC_CITIZEN_MAYA_MODERN_FEMALE_8 Operation=58 PlotIndex=1409
mission CityName=LOC_CITY_NAME_OTTAWA CompletionTurn=135 EscapeResult=-1 InitialResult=5 LevelAfter=4 LootInfo=-1 Name=LOC_CITIZEN_MAYA_MODERN_MALE_1 Operation=58 PlotIndex=978
mission CityName=LOC_CITY_NAME_CALGARY CompletionTurn=133 EscapeResult=2 InitialResult=4 LevelAfter=3 LootInfo=-1 Name=LOC_CITIZEN_MAYA_MALE_8 Operation=58 PlotIndex=1991
mission CityName=LOC_CITY_NAME_MONTREAL CompletionTurn=132 EscapeResult=0 InitialResult=2 LevelAfter=1 LootInfo=-1 Name=LOC_CITIZEN_MAYA_MALE_5 Operation=58 PlotIndex=1314
mission CityName=LOC_CITY_NAME_QUEBEC_CITY CompletionTurn=131 EscapeResult=-1 InitialResult=5 LevelAfter=2 LootInfo=-1 Name=LOC_CITIZEN_MAYA_MODERN_MALE_9 Operation=58 PlotIndex=1404
mission CityName=LOC_CITY_NAME_OTTAWA CompletionTurn=130 EscapeResult=-1 InitialResult=5 LevelAfter=4 LootInfo=-1 Name=LOC_CITIZEN_MAYA_MODERN_MALE_1 Operation=58 PlotIndex=978
mission CityName=LOC_CITY_NAME_CALGARY CompletionTurn=129 EscapeResult=-1 InitialResult=3 LevelAfter=2 LootInfo=-1 Name=LOC_CITIZEN_MAYA_MALE_8 Operation=58 PlotIndex=1991
mission CityName=LOC_CITY_NAME_TORONTO CompletionTurn=129 EscapeResult=2 InitialResult=4 LevelAfter=3 LootInfo=-1 Name=LOC_CITIZEN_MAYA_MODERN_FEMALE_6 Operation=58 PlotIndex=1818
mission CityName=LOC_CITY_NAME_MONTREAL CompletionTurn=127 EscapeResult=2 InitialResult=2 LevelAfter=1 LootInfo=-1 Name=LOC_CITIZEN_MAYA_MALE_2 Operation=58 PlotIndex=1314
mission CityName=LOC_CITY_NAME_OTTAWA CompletionTurn=124 EscapeResult=-1 InitialResult=5 LevelAfter=4 LootInfo=-1 Name=LOC_CITIZEN_MAYA_MODERN_MALE_1 Operation=58 PlotIndex=978
mission CityName=LOC_CITY_NAME_CALGARY CompletionTurn=123 EscapeResult=-1 InitialResult=5 LevelAfter=2 LootInfo=-1 Name=LOC_CITIZEN_MAYA_MALE_8 Operation=58 PlotIndex=1991
mission CityName=LOC_CITY_NAME_HALIFAX CompletionTurn=121 EscapeResult=2 InitialResult=4 LevelAfter=2 LootInfo=-1 Name=LOC_CITIZEN_MAYA_FEMALE_6 Operation=58 PlotIndex=1409
mission CityName=LOC_CITY_NAME_OTTAWA CompletionTurn=120 EscapeResult=-1 InitialResult=3 LevelAfter=3 LootInfo=-1 Name=LOC_CITIZEN_MAYA_MODERN_MALE_1 Operation=58 PlotIndex=978
mission CityName=LOC_CITY_NAME_MONTREAL CompletionTurn=120 EscapeResult=-1 InitialResult=0 LevelAfter=2 LootInfo=-1 Name=LOC_CITIZEN_MAYA_FEMALE_7 Operation=58 PlotIndex=1314
mission CityName=LOC_CITY_NAME_QUEBEC_CITY CompletionTurn=118 EscapeResult=1 InitialResult=2 LevelAfter=1 LootInfo=-1 Name=LOC_CITIZEN_MAYA_MODERN_FEMALE_1 Operation=58 PlotIndex=1404
mission CityName=LOC_CITY_NAME_TORONTO CompletionTurn=118 EscapeResult=2 InitialResult=4 LevelAfter=2 LootInfo=-1 Name=LOC_CITIZEN_MAYA_MODERN_FEMALE_6 Operation=58 PlotIndex=1818
mission CityName=LOC_CITY_NAME_TORONTO CompletionTurn=114 EscapeResult=-1 InitialResult=1 LevelAfter=1 LootInfo=-1 Name=LOC_CITIZEN_MAYA_FEMALE_3 Operation=58 PlotIndex=1818
mission CityName=LOC_CITY_NAME_MONTREAL CompletionTurn=114 EscapeResult=-1 InitialResult=5 LevelAfter=2 LootInfo=-1 Name=LOC_CITIZEN_MAYA_FEMALE_7 Operation=58 PlotIndex=1314
mission CityName=LOC_CITY_NAME_OTTAWA CompletionTurn=113 EscapeResult=-1 InitialResult=5 LevelAfter=3 LootInfo=-1 Name=LOC_CITIZEN_MAYA_MODERN_MALE_1 Operation=58 PlotIndex=978
mission CityName=LOC_CITY_NAME_MONTREAL CompletionTurn=110 EscapeResult=-1 InitialResult=1 LevelAfter=1 LootInfo=-1 Name=LOC_CITIZEN_MAYA_MODERN_FEMALE_7 Operation=58 PlotIndex=1314
mission CityName=LOC_CITY_NAME_OTTAWA CompletionTurn=107 EscapeResult=-1 InitialResult=5 LevelAfter=2 LootInfo=-1 Name=LOC_CITIZEN_MAYA_MODERN_MALE_1 Operation=58 PlotIndex=978
tally 5  FOMENT_UNREST CAPTURED / NO_RESULT
tally 1  FOMENT_UNREST FAIL_MUST_ESCAPE / CAPTURED
tally 4  FOMENT_UNREST FAIL_MUST_ESCAPE / FAIL_MUST_ESCAPE
tally 5  FOMENT_UNREST FAIL_MUST_ESCAPE / KILLED
tally 1  FOMENT_UNREST FAIL_MUST_ESCAPE / NO_RESULT
tally 5  FOMENT_UNREST FAIL_UNDETECTED / NO_RESULT
tally 1  FOMENT_UNREST KILLED / NO_RESULT
tally 1  FOMENT_UNREST SUCCESS_MUST_ESCAPE / CAPTURED
tally 8  FOMENT_UNREST SUCCESS_MUST_ESCAPE / FAIL_MUST_ESCAPE
tally 1  FOMENT_UNREST SUCCESS_MUST_ESCAPE / KILLED
tally 22  FOMENT_UNREST SUCCESS_UNDETECTED / NO_RESULT
turn 163 spies active 4 idle 3 missions 54 captured-enemy 0
spy 7929863 LOC_CITIZEN_MAYA_MALE_8 level 4 at 54:15 refused
spy 7405581 LOC_CITIZEN_MAYA_MODERN_MALE_1 level 4 at 65:16 busy
spy 7995412 LOC_CITIZEN_MAYA_MODERN_FEMALE_3 level 2 at 54:15 refused
spy 7798809 LOC_CITIZEN_MAYA_MALE_7 level 1 at 54:15 busy
spy 7012379 LOC_CITIZEN_MAYA_MODERN_FEMALE_4 level 3 at 16:9 busy
spy 7208988 LOC_CITIZEN_MAYA_FEMALE_1 level 3 at 54:11 busy
spy 8060958 LOC_CITIZEN_MAYA_MODERN_FEMALE_2 level 1 at 36:42 travel
turn 163 spies 7 started 0 travelled 1 promoted 0 bought 0 gold 50000
unblock: blocker ENDTURN_BLOCKING_SPY_CHOOSE_ESCAPE_ROUTE -> escape route DISTRICT_CITY_CENTER of 2 for spy 7012379 LOC_CITIZEN_MAYA_MODERN_FEMALE_4 level 3 turn 163 city LOC_CITY_NAME_TE_HOKIANGA_NU_A_KUPE p2 at 16:9 pursuer police | end turn requested
unstuck: InGamePopup: open, no close
unblock: blocker ENDTURN_BLOCKING_RESEARCH -> research TECH_EDUCATION | end turn requested
unstuck: InGamePopup: open, no close
unblock: blocker ENDTURN_BLOCKING_PRODUCTION -> NARANJO builds UNIT_WARRIOR | end turn requested
unstuck: closed sessions [3:3]
unstuck: DiplomacyActionView: Closing Diplomacy Action View. m_eventID: 2993431
unstuck: InGamePopup: open, no close
unblock: blocker ENDTURN_BLOCKING_PRODUCTION -> NARANJO builds UNIT_WARRIOR | end turn requested
unstuck: closed sessions [6:6]
unstuck: DiplomacyActionView: Closing Diplomacy Action View. m_eventID: 2996927
unstuck: InGamePopup: open, no close
unblock: blocker ENDTURN_BLOCKING_WORLD_CONGRESS_SESSION -> nothing | end turn requested
unstuck: InGamePopup: open, no close
unstuck: WorldCongressIntro: closed
unstuck: WorldCongressPopup: closed
mission CityName=LOC_CITY_NAME_MONTREAL CompletionTurn=164 EscapeResult=-1 InitialResult=5 LevelAfter=2 LootInfo=-1 Name=LOC_CITIZEN_MAYA_MALE_7 Operation=58 PlotIndex=1314
mission CityName=LOC_CITY_NAME_OTTAWA CompletionTurn=162 EscapeResult=-1 InitialResult=5 LevelAfter=3 LootInfo=-1 Name=LOC_CITIZEN_MAYA_FEMALE_1 Operation=58 PlotIndex=978
mission CityName=LOC_CITY_NAME_VANCOUVER CompletionTurn=162 EscapeResult=0 InitialResult=2 LevelAfter=1 LootInfo=-1 Name=LOC_CITIZEN_MAYA_FEMALE_8 Operation=58 PlotIndex=1743
mission CityName=LOC_CITY_NAME_CHARLOTTETOWN CompletionTurn=161 EscapeResult=0 InitialResult=2 LevelAfter=1 LootInfo=-1 Name=LOC_CITIZEN_MAYA_MALE_6 Operation=58 PlotIndex=1644
mission CityName=LOC_CITY_NAME_HALIFAX CompletionTurn=161 EscapeResult=-1 InitialResult=5 LevelAfter=4 LootInfo=-1 Name=LOC_CITIZEN_MAYA_MODERN_MALE_1 Operation=58 PlotIndex=1409
mission CityName=LOC_CITY_NAME_TE_HOKIANGA_NU_A_KUPE CompletionTurn=160 EscapeResult=2 InitialResult=2 LevelAfter=3 LootInfo=-1 Name=LOC_CITIZEN_MAYA_MODERN_FEMALE_4 Operation=58 PlotIndex=772
mission CityName=LOC_CITY_NAME_TORONTO CompletionTurn=160 EscapeResult=2 InitialResult=4 LevelAfter=3 LootInfo=-1 Name=LOC_CITIZEN_MAYA_MODERN_MALE_6 Operation=58 PlotIndex=1818
mission CityName=LOC_CITY_NAME_OTTAWA CompletionTurn=158 EscapeResult=-1 InitialResult=5 LevelAfter=2 LootInfo=-1 Name=LOC_CITIZEN_MAYA_FEMALE_1 Operation=58 PlotIndex=978
mission CityName=LOC_CITY_NAME_QUEBEC_CITY CompletionTurn=158 EscapeResult=-1 InitialResult=1 LevelAfter=2 LootInfo=-1 Name=LOC_CITIZEN_MAYA_FEMALE_4 Operation=58 PlotIndex=1404
mission CityName=LOC_CITY_NAME_VANCOUVER CompletionTurn=158 EscapeResult=-1 InitialResult=3 LevelAfter=1 LootInfo=-1 Name=LOC_CITIZEN_MAYA_FEMALE_8 Operation=58 PlotIndex=1743
mission CityName=LOC_CITY_NAME_TE_HOKIANGA_NU_A_KUPE CompletionTurn=154 EscapeResult=-1 InitialResult=5 LevelAfter=3 LootInfo=-1 Name=LOC_CITIZEN_MAYA_MODERN_FEMALE_4 Operation=58 PlotIndex=772
mission CityName=LOC_CITY_NAME_CALGARY CompletionTurn=154 EscapeResult=2 InitialResult=4 LevelAfter=4 LootInfo=-1 Name=LOC_CITIZEN_MAYA_MALE_8 Operation=58 PlotIndex=1991
mission CityName=LOC_CITY_NAME_TORONTO CompletionTurn=154 EscapeResult=-1 InitialResult=5 LevelAfter=2 LootInfo=-1 Name=LOC_CITIZEN_MAYA_MODERN_MALE_6 Operation=58 PlotIndex=1818
mission CityName=LOC_CITY_NAME_MONTREAL CompletionTurn=152 EscapeResult=2 InitialResult=2 LevelAfter=2 LootInfo=-1 Name=LOC_CITIZEN_MAYA_MODERN_FEMALE_3 Operation=58 PlotIndex=1314
mission CityName=LOC_CITY_NAME_VANCOUVER CompletionTurn=152 EscapeResult=-1 InitialResult=3 LevelAfter=1 LootInfo=-1 Name=LOC_CITIZEN_MAYA_FEMALE_8 Operation=58 PlotIndex=1743
mission CityName=LOC_CITY_NAME_VICTORIA CompletionTurn=152 EscapeResult=0 InitialResult=4 LevelAfter=4 LootInfo=-1 Name=LOC_CITIZEN_MAYA_FEMALE_6 Operation=58 PlotIndex=888
mission CityName=LOC_CITY_NAME_QUEBEC_CITY CompletionTurn=149 EscapeResult=-1 InitialResult=5 LevelAfter=2 LootInfo=-1 Name=LOC_CITIZEN_MAYA_FEMALE_4 Operation=58 PlotIndex=1404
mission CityName=LOC_CITY_NAME_HALIFAX CompletionTurn=149 EscapeResult=0 InitialResult=2 LevelAfter=3 LootInfo=-1 Name=LOC_CITIZEN_MAYA_MODERN_FEMALE_8 Operation=58 PlotIndex=1409
mission CityName=LOC_CITY_NAME_CALGARY CompletionTurn=149 EscapeResult=-1 InitialResult=5 LevelAfter=4 LootInfo=-1 Name=LOC_CITIZEN_MAYA_MALE_8 Operation=58 PlotIndex=1991
mission CityName=LOC_CITY_NAME_OTTAWA CompletionTurn=147 EscapeResult=2 InitialResult=4 LevelAfter=4 LootInfo=-1 Name=LOC_CITIZEN_MAYA_MODERN_MALE_1 Operation=58 PlotIndex=978
mission CityName=LOC_CITY_NAME_VANCOUVER CompletionTurn=145 EscapeResult=2 InitialResult=2 LevelAfter=1 LootInfo=-1 Name=LOC_CITIZEN_MAYA_FEMALE_1 Operation=58 PlotIndex=1743
mission CityName=LOC_CITY_NAME_MONTREAL CompletionTurn=144 EscapeResult=-1 InitialResult=5 LevelAfter=2 LootInfo=-1 Name=LOC_CITIZEN_MAYA_MODERN_FEMALE_3 Operation=58 PlotIndex=1314
mission CityName=LOC_CITY_NAME_TORONTO CompletionTurn=144 EscapeResult=2 InitialResult=2 LevelAfter=2 LootInfo=-1 Name=LOC_CITIZEN_MAYA_MODERN_FEMALE_4 Operation=58 PlotIndex=1818
mission CityName=LOC_CITY_NAME_VICTORIA CompletionTurn=143 EscapeResult=0 InitialResult=2 LevelAfter=3 LootInfo=-1 Name=LOC_CITIZEN_MAYA_MODERN_FEMALE_6 Operation=58 PlotIndex=888
mission CityName=LOC_CITY_NAME_OTTAWA CompletionTurn=143 EscapeResult=-1 InitialResult=3 LevelAfter=4 LootInfo=-1 Name=LOC_CITIZEN_MAYA_MODERN_MALE_1 Operation=58 PlotIndex=978
mission CityName=LOC_CITY_NAME_HALIFAX CompletionTurn=142 EscapeResult=-1 InitialResult=5 LevelAfter=3 LootInfo=-1 Name=LOC_CITIZEN_MAYA_MODERN_FEMALE_8 Operation=58 PlotIndex=1409
mission CityName=LOC_CITY_NAME_CALGARY CompletionTurn=142 EscapeResult=-1 InitialResult=5 LevelAfter=4 LootInfo=-1 Name=LOC_CITIZEN_MAYA_MALE_8 Operation=58 PlotIndex=1991
mission CityName=LOC_CITY_NAME_MONTREAL CompletionTurn=141 EscapeResult=-1 InitialResult=1 LevelAfter=2 LootInfo=-1 Name=LOC_CITIZEN_MAYA_MODERN_MALE_4 Operation=58 PlotIndex=1314
mission CityName=LOC_CITY_NAME_MONTREAL CompletionTurn=140 EscapeResult=-1 InitialResult=5 LevelAfter=2 LootInfo=-1 Name=LOC_CITIZEN_MAYA_MODERN_MALE_4 Operation=58 PlotIndex=1314
mission CityName=LOC_CITY_NAME_QUEBEC_CITY CompletionTurn=140 EscapeResult=2 InitialResult=4 LevelAfter=3 LootInfo=-1 Name=LOC_CITIZEN_MAYA_FEMALE_6 Operation=58 PlotIndex=1404
mission CityName=LOC_CITY_NAME_OTTAWA CompletionTurn=139 EscapeResult=-1 InitialResult=5 LevelAfter=4 LootInfo=-1 Name=LOC_CITIZEN_MAYA_MODERN_MALE_1 Operation=58 PlotIndex=978
mission CityName=LOC_CITY_NAME_VICTORIA CompletionTurn=138 EscapeResult=1 InitialResult=4 LevelAfter=2 LootInfo=-1 Name=LOC_CITIZEN_MAYA_MALE_2 Operation=58 PlotIndex=888
mission CityName=LOC_CITY_NAME_TORONTO CompletionTurn=137 EscapeResult=-1 InitialResult=5 LevelAfter=2 LootInfo=-1 Name=LOC_CITIZEN_MAYA_MODERN_FEMALE_4 Operation=58 PlotIndex=1818
mission CityName=LOC_CITY_NAME_QUEBEC_CITY CompletionTurn=136 EscapeResult=-1 InitialResult=1 LevelAfter=2 LootInfo=-1 Name=LOC_CITIZEN_MAYA_MODERN_MALE_9 Operation=58 PlotIndex=1404
mission CityName=LOC_CITY_NAME_HALIFAX CompletionTurn=135 EscapeResult=-1 InitialResult=5 LevelAfter=2 LootInfo=-1 Name=LOC_CITIZEN_MAYA_MODERN_FEMALE_8 Operation=58 PlotIndex=1409
mission CityName=LOC_CITY_NAME_OTTAWA CompletionTurn=135 EscapeResult=-1 InitialResult=5 LevelAfter=4 LootInfo=-1 Name=LOC_CITIZEN_MAYA_MODERN_MALE_1 Operation=58 PlotIndex=978
mission CityName=LOC_CITY_NAME_CALGARY CompletionTurn=133 EscapeResult=2 InitialResult=4 LevelAfter=3 LootInfo=-1 Name=LOC_CITIZEN_MAYA_MALE_8 Operation=58 PlotIndex=1991
mission CityName=LOC_CITY_NAME_MONTREAL CompletionTurn=132 EscapeResult=0 InitialResult=2 LevelAfter=1 LootInfo=-1 Name=LOC_CITIZEN_MAYA_MALE_5 Operation=58 PlotIndex=1314
mission CityName=LOC_CITY_NAME_QUEBEC_CITY CompletionTurn=131 EscapeResult=-1 InitialResult=5 LevelAfter=2 LootInfo=-1 Name=LOC_CITIZEN_MAYA_MODERN_MALE_9 Operation=58 PlotIndex=1404
mission CityName=LOC_CITY_NAME_OTTAWA CompletionTurn=130 EscapeResult=-1 InitialResult=5 LevelAfter=4 LootInfo=-1 Name=LOC_CITIZEN_MAYA_MODERN_MALE_1 Operation=58 PlotIndex=978
mission CityName=LOC_CITY_NAME_CALGARY CompletionTurn=129 EscapeResult=-1 InitialResult=3 LevelAfter=2 LootInfo=-1 Name=LOC_CITIZEN_MAYA_MALE_8 Operation=58 PlotIndex=1991
mission CityName=LOC_CITY_NAME_TORONTO CompletionTurn=129 EscapeResult=2 InitialResult=4 LevelAfter=3 LootInfo=-1 Name=LOC_CITIZEN_MAYA_MODERN_FEMALE_6 Operation=58 PlotIndex=1818
mission CityName=LOC_CITY_NAME_MONTREAL CompletionTurn=127 EscapeResult=2 InitialResult=2 LevelAfter=1 LootInfo=-1 Name=LOC_CITIZEN_MAYA_MALE_2 Operation=58 PlotIndex=1314
mission CityName=LOC_CITY_NAME_OTTAWA CompletionTurn=124 EscapeResult=-1 InitialResult=5 LevelAfter=4 LootInfo=-1 Name=LOC_CITIZEN_MAYA_MODERN_MALE_1 Operation=58 PlotIndex=978
mission CityName=LOC_CITY_NAME_CALGARY CompletionTurn=123 EscapeResult=-1 InitialResult=5 LevelAfter=2 LootInfo=-1 Name=LOC_CITIZEN_MAYA_MALE_8 Operation=58 PlotIndex=1991
mission CityName=LOC_CITY_NAME_HALIFAX CompletionTurn=121 EscapeResult=2 InitialResult=4 LevelAfter=2 LootInfo=-1 Name=LOC_CITIZEN_MAYA_FEMALE_6 Operation=58 PlotIndex=1409
mission CityName=LOC_CITY_NAME_OTTAWA CompletionTurn=120 EscapeResult=-1 InitialResult=3 LevelAfter=3 LootInfo=-1 Name=LOC_CITIZEN_MAYA_MODERN_MALE_1 Operation=58 PlotIndex=978
mission CityName=LOC_CITY_NAME_MONTREAL CompletionTurn=120 EscapeResult=-1 InitialResult=0 LevelAfter=2 LootInfo=-1 Name=LOC_CITIZEN_MAYA_FEMALE_7 Operation=58 PlotIndex=1314
mission CityName=LOC_CITY_NAME_QUEBEC_CITY CompletionTurn=118 EscapeResult=1 InitialResult=2 LevelAfter=1 LootInfo=-1 Name=LOC_CITIZEN_MAYA_MODERN_FEMALE_1 Operation=58 PlotIndex=1404
mission CityName=LOC_CITY_NAME_TORONTO CompletionTurn=118 EscapeResult=2 InitialResult=4 LevelAfter=2 LootInfo=-1 Name=LOC_CITIZEN_MAYA_MODERN_FEMALE_6 Operation=58 PlotIndex=1818
mission CityName=LOC_CITY_NAME_TORONTO CompletionTurn=114 EscapeResult=-1 InitialResult=1 LevelAfter=1 LootInfo=-1 Name=LOC_CITIZEN_MAYA_FEMALE_3 Operation=58 PlotIndex=1818
mission CityName=LOC_CITY_NAME_MONTREAL CompletionTurn=114 EscapeResult=-1 InitialResult=5 LevelAfter=2 LootInfo=-1 Name=LOC_CITIZEN_MAYA_FEMALE_7 Operation=58 PlotIndex=1314
mission CityName=LOC_CITY_NAME_OTTAWA CompletionTurn=113 EscapeResult=-1 InitialResult=5 LevelAfter=3 LootInfo=-1 Name=LOC_CITIZEN_MAYA_MODERN_MALE_1 Operation=58 PlotIndex=978
mission CityName=LOC_CITY_NAME_MONTREAL CompletionTurn=110 EscapeResult=-1 InitialResult=1 LevelAfter=1 LootInfo=-1 Name=LOC_CITIZEN_MAYA_MODERN_FEMALE_7 Operation=58 PlotIndex=1314
mission CityName=LOC_CITY_NAME_OTTAWA CompletionTurn=107 EscapeResult=-1 InitialResult=5 LevelAfter=2 LootInfo=-1 Name=LOC_CITIZEN_MAYA_MODERN_MALE_1 Operation=58 PlotIndex=978
tally 5  FOMENT_UNREST CAPTURED / NO_RESULT
tally 1  FOMENT_UNREST FAIL_MUST_ESCAPE / CAPTURED
tally 5  FOMENT_UNREST FAIL_MUST_ESCAPE / FAIL_MUST_ESCAPE
tally 5  FOMENT_UNREST FAIL_MUST_ESCAPE / KILLED
tally 5  FOMENT_UNREST FAIL_UNDETECTED / NO_RESULT
tally 1  FOMENT_UNREST KILLED / NO_RESULT
tally 1  FOMENT_UNREST SUCCESS_MUST_ESCAPE / CAPTURED
tally 8  FOMENT_UNREST SUCCESS_MUST_ESCAPE / FAIL_MUST_ESCAPE
tally 1  FOMENT_UNREST SUCCESS_MUST_ESCAPE / KILLED
tally 23  FOMENT_UNREST SUCCESS_UNDETECTED / NO_RESULT
turn 164 spies active 1 idle 5 missions 55 captured-enemy 0
spy 7929863 LOC_CITIZEN_MAYA_MALE_8 level 4 at 54:15 start
spy 7405581 LOC_CITIZEN_MAYA_MODERN_MALE_1 level 4 at 65:16 busy
spy 7995412 LOC_CITIZEN_MAYA_MODERN_FEMALE_3 level 2 at 54:15 start
spy 7798809 LOC_CITIZEN_MAYA_MALE_7 level 1 at 54:15 start
spy 7208988 LOC_CITIZEN_MAYA_FEMALE_1 level 3 at 54:11 start
spy 8126494 LOC_CITIZEN_MAYA_MODERN_MALE_6 level 3 at 36:42 travel
turn 164 spies 6 started 4 travelled 1 promoted 1 bought 0 gold 50000
unblock: blocker ENDTURN_BLOCKING_PRODUCTION -> NARANJO builds UNIT_WARRIOR | end turn requested
unstuck: InGamePopup: open, no close
unblock: blocker ENDTURN_BLOCKING_CIVIC -> civic CIVIC_GUILDS | end turn requested
unstuck: InGamePopup: open, no close
mission CityName=LOC_CITY_NAME_MONTREAL CompletionTurn=165 EscapeResult=-1 InitialResult=5 LevelAfter=3 LootInfo=-1 Name=LOC_CITIZEN_MAYA_MALE_7 Operation=58 PlotIndex=1314
mission CityName=LOC_CITY_NAME_HALIFAX CompletionTurn=165 EscapeResult=-1 InitialResult=5 LevelAfter=4 LootInfo=-1 Name=LOC_CITIZEN_MAYA_MODERN_MALE_1 Operation=58 PlotIndex=1409
mission CityName=LOC_CITY_NAME_MONTREAL CompletionTurn=164 EscapeResult=-1 InitialResult=5 LevelAfter=2 LootInfo=-1 Name=LOC_CITIZEN_MAYA_MALE_7 Operation=58 PlotIndex=1314
mission CityName=LOC_CITY_NAME_OTTAWA CompletionTurn=162 EscapeResult=-1 InitialResult=5 LevelAfter=3 LootInfo=-1 Name=LOC_CITIZEN_MAYA_FEMALE_1 Operation=58 PlotIndex=978
mission CityName=LOC_CITY_NAME_VANCOUVER CompletionTurn=162 EscapeResult=0 InitialResult=2 LevelAfter=1 LootInfo=-1 Name=LOC_CITIZEN_MAYA_FEMALE_8 Operation=58 PlotIndex=1743
mission CityName=LOC_CITY_NAME_CHARLOTTETOWN CompletionTurn=161 EscapeResult=0 InitialResult=2 LevelAfter=1 LootInfo=-1 Name=LOC_CITIZEN_MAYA_MALE_6 Operation=58 PlotIndex=1644
mission CityName=LOC_CITY_NAME_HALIFAX CompletionTurn=161 EscapeResult=-1 InitialResult=5 LevelAfter=4 LootInfo=-1 Name=LOC_CITIZEN_MAYA_MODERN_MALE_1 Operation=58 PlotIndex=1409
mission CityName=LOC_CITY_NAME_TE_HOKIANGA_NU_A_KUPE CompletionTurn=160 EscapeResult=2 InitialResult=2 LevelAfter=3 LootInfo=-1 Name=LOC_CITIZEN_MAYA_MODERN_FEMALE_4 Operation=58 PlotIndex=772
mission CityName=LOC_CITY_NAME_TORONTO CompletionTurn=160 EscapeResult=2 InitialResult=4 LevelAfter=3 LootInfo=-1 Name=LOC_CITIZEN_MAYA_MODERN_MALE_6 Operation=58 PlotIndex=1818
mission CityName=LOC_CITY_NAME_OTTAWA CompletionTurn=158 EscapeResult=-1 InitialResult=5 LevelAfter=2 LootInfo=-1 Name=LOC_CITIZEN_MAYA_FEMALE_1 Operation=58 PlotIndex=978
mission CityName=LOC_CITY_NAME_QUEBEC_CITY CompletionTurn=158 EscapeResult=-1 InitialResult=1 LevelAfter=2 LootInfo=-1 Name=LOC_CITIZEN_MAYA_FEMALE_4 Operation=58 PlotIndex=1404
mission CityName=LOC_CITY_NAME_VANCOUVER CompletionTurn=158 EscapeResult=-1 InitialResult=3 LevelAfter=1 LootInfo=-1 Name=LOC_CITIZEN_MAYA_FEMALE_8 Operation=58 PlotIndex=1743
mission CityName=LOC_CITY_NAME_TE_HOKIANGA_NU_A_KUPE CompletionTurn=154 EscapeResult=-1 InitialResult=5 LevelAfter=3 LootInfo=-1 Name=LOC_CITIZEN_MAYA_MODERN_FEMALE_4 Operation=58 PlotIndex=772
mission CityName=LOC_CITY_NAME_CALGARY CompletionTurn=154 EscapeResult=2 InitialResult=4 LevelAfter=4 LootInfo=-1 Name=LOC_CITIZEN_MAYA_MALE_8 Operation=58 PlotIndex=1991
mission CityName=LOC_CITY_NAME_TORONTO CompletionTurn=154 EscapeResult=-1 InitialResult=5 LevelAfter=2 LootInfo=-1 Name=LOC_CITIZEN_MAYA_MODERN_MALE_6 Operation=58 PlotIndex=1818
mission CityName=LOC_CITY_NAME_MONTREAL CompletionTurn=152 EscapeResult=2 InitialResult=2 LevelAfter=2 LootInfo=-1 Name=LOC_CITIZEN_MAYA_MODERN_FEMALE_3 Operation=58 PlotIndex=1314
mission CityName=LOC_CITY_NAME_VANCOUVER CompletionTurn=152 EscapeResult=-1 InitialResult=3 LevelAfter=1 LootInfo=-1 Name=LOC_CITIZEN_MAYA_FEMALE_8 Operation=58 PlotIndex=1743
mission CityName=LOC_CITY_NAME_VICTORIA CompletionTurn=152 EscapeResult=0 InitialResult=4 LevelAfter=4 LootInfo=-1 Name=LOC_CITIZEN_MAYA_FEMALE_6 Operation=58 PlotIndex=888
mission CityName=LOC_CITY_NAME_QUEBEC_CITY CompletionTurn=149 EscapeResult=-1 InitialResult=5 LevelAfter=2 LootInfo=-1 Name=LOC_CITIZEN_MAYA_FEMALE_4 Operation=58 PlotIndex=1404
mission CityName=LOC_CITY_NAME_HALIFAX CompletionTurn=149 EscapeResult=0 InitialResult=2 LevelAfter=3 LootInfo=-1 Name=LOC_CITIZEN_MAYA_MODERN_FEMALE_8 Operation=58 PlotIndex=1409
mission CityName=LOC_CITY_NAME_CALGARY CompletionTurn=149 EscapeResult=-1 InitialResult=5 LevelAfter=4 LootInfo=-1 Name=LOC_CITIZEN_MAYA_MALE_8 Operation=58 PlotIndex=1991
mission CityName=LOC_CITY_NAME_OTTAWA CompletionTurn=147 EscapeResult=2 InitialResult=4 LevelAfter=4 LootInfo=-1 Name=LOC_CITIZEN_MAYA_MODERN_MALE_1 Operation=58 PlotIndex=978
mission CityName=LOC_CITY_NAME_VANCOUVER CompletionTurn=145 EscapeResult=2 InitialResult=2 LevelAfter=1 LootInfo=-1 Name=LOC_CITIZEN_MAYA_FEMALE_1 Operation=58 PlotIndex=1743
mission CityName=LOC_CITY_NAME_MONTREAL CompletionTurn=144 EscapeResult=-1 InitialResult=5 LevelAfter=2 LootInfo=-1 Name=LOC_CITIZEN_MAYA_MODERN_FEMALE_3 Operation=58 PlotIndex=1314
mission CityName=LOC_CITY_NAME_TORONTO CompletionTurn=144 EscapeResult=2 InitialResult=2 LevelAfter=2 LootInfo=-1 Name=LOC_CITIZEN_MAYA_MODERN_FEMALE_4 Operation=58 PlotIndex=1818
mission CityName=LOC_CITY_NAME_VICTORIA CompletionTurn=143 EscapeResult=0 InitialResult=2 LevelAfter=3 LootInfo=-1 Name=LOC_CITIZEN_MAYA_MODERN_FEMALE_6 Operation=58 PlotIndex=888
mission CityName=LOC_CITY_NAME_OTTAWA CompletionTurn=143 EscapeResult=-1 InitialResult=3 LevelAfter=4 LootInfo=-1 Name=LOC_CITIZEN_MAYA_MODERN_MALE_1 Operation=58 PlotIndex=978
mission CityName=LOC_CITY_NAME_HALIFAX CompletionTurn=142 EscapeResult=-1 InitialResult=5 LevelAfter=3 LootInfo=-1 Name=LOC_CITIZEN_MAYA_MODERN_FEMALE_8 Operation=58 PlotIndex=1409
mission CityName=LOC_CITY_NAME_CALGARY CompletionTurn=142 EscapeResult=-1 InitialResult=5 LevelAfter=4 LootInfo=-1 Name=LOC_CITIZEN_MAYA_MALE_8 Operation=58 PlotIndex=1991
mission CityName=LOC_CITY_NAME_MONTREAL CompletionTurn=141 EscapeResult=-1 InitialResult=1 LevelAfter=2 LootInfo=-1 Name=LOC_CITIZEN_MAYA_MODERN_MALE_4 Operation=58 PlotIndex=1314
mission CityName=LOC_CITY_NAME_MONTREAL CompletionTurn=140 EscapeResult=-1 InitialResult=5 LevelAfter=2 LootInfo=-1 Name=LOC_CITIZEN_MAYA_MODERN_MALE_4 Operation=58 PlotIndex=1314
mission CityName=LOC_CITY_NAME_QUEBEC_CITY CompletionTurn=140 EscapeResult=2 InitialResult=4 LevelAfter=3 LootInfo=-1 Name=LOC_CITIZEN_MAYA_FEMALE_6 Operation=58 PlotIndex=1404
mission CityName=LOC_CITY_NAME_OTTAWA CompletionTurn=139 EscapeResult=-1 InitialResult=5 LevelAfter=4 LootInfo=-1 Name=LOC_CITIZEN_MAYA_MODERN_MALE_1 Operation=58 PlotIndex=978
mission CityName=LOC_CITY_NAME_VICTORIA CompletionTurn=138 EscapeResult=1 InitialResult=4 LevelAfter=2 LootInfo=-1 Name=LOC_CITIZEN_MAYA_MALE_2 Operation=58 PlotIndex=888
mission CityName=LOC_CITY_NAME_TORONTO CompletionTurn=137 EscapeResult=-1 InitialResult=5 LevelAfter=2 LootInfo=-1 Name=LOC_CITIZEN_MAYA_MODERN_FEMALE_4 Operation=58 PlotIndex=1818
mission CityName=LOC_CITY_NAME_QUEBEC_CITY CompletionTurn=136 EscapeResult=-1 InitialResult=1 LevelAfter=2 LootInfo=-1 Name=LOC_CITIZEN_MAYA_MODERN_MALE_9 Operation=58 PlotIndex=1404
mission CityName=LOC_CITY_NAME_HALIFAX CompletionTurn=135 EscapeResult=-1 InitialResult=5 LevelAfter=2 LootInfo=-1 Name=LOC_CITIZEN_MAYA_MODERN_FEMALE_8 Operation=58 PlotIndex=1409
mission CityName=LOC_CITY_NAME_OTTAWA CompletionTurn=135 EscapeResult=-1 InitialResult=5 LevelAfter=4 LootInfo=-1 Name=LOC_CITIZEN_MAYA_MODERN_MALE_1 Operation=58 PlotIndex=978
mission CityName=LOC_CITY_NAME_CALGARY CompletionTurn=133 EscapeResult=2 InitialResult=4 LevelAfter=3 LootInfo=-1 Name=LOC_CITIZEN_MAYA_MALE_8 Operation=58 PlotIndex=1991
mission CityName=LOC_CITY_NAME_MONTREAL CompletionTurn=132 EscapeResult=0 InitialResult=2 LevelAfter=1 LootInfo=-1 Name=LOC_CITIZEN_MAYA_MALE_5 Operation=58 PlotIndex=1314
mission CityName=LOC_CITY_NAME_QUEBEC_CITY CompletionTurn=131 EscapeResult=-1 InitialResult=5 LevelAfter=2 LootInfo=-1 Name=LOC_CITIZEN_MAYA_MODERN_MALE_9 Operation=58 PlotIndex=1404
mission CityName=LOC_CITY_NAME_OTTAWA CompletionTurn=130 EscapeResult=-1 InitialResult=5 LevelAfter=4 LootInfo=-1 Name=LOC_CITIZEN_MAYA_MODERN_MALE_1 Operation=58 PlotIndex=978
mission CityName=LOC_CITY_NAME_CALGARY CompletionTurn=129 EscapeResult=-1 InitialResult=3 LevelAfter=2 LootInfo=-1 Name=LOC_CITIZEN_MAYA_MALE_8 Operation=58 PlotIndex=1991
mission CityName=LOC_CITY_NAME_TORONTO CompletionTurn=129 EscapeResult=2 InitialResult=4 LevelAfter=3 LootInfo=-1 Name=LOC_CITIZEN_MAYA_MODERN_FEMALE_6 Operation=58 PlotIndex=1818
mission CityName=LOC_CITY_NAME_MONTREAL CompletionTurn=127 EscapeResult=2 InitialResult=2 LevelAfter=1 LootInfo=-1 Name=LOC_CITIZEN_MAYA_MALE_2 Operation=58 PlotIndex=1314
mission CityName=LOC_CITY_NAME_OTTAWA CompletionTurn=124 EscapeResult=-1 InitialResult=5 LevelAfter=4 LootInfo=-1 Name=LOC_CITIZEN_MAYA_MODERN_MALE_1 Operation=58 PlotIndex=978
mission CityName=LOC_CITY_NAME_CALGARY CompletionTurn=123 EscapeResult=-1 InitialResult=5 LevelAfter=2 LootInfo=-1 Name=LOC_CITIZEN_MAYA_MALE_8 Operation=58 PlotIndex=1991
mission CityName=LOC_CITY_NAME_HALIFAX CompletionTurn=121 EscapeResult=2 InitialResult=4 LevelAfter=2 LootInfo=-1 Name=LOC_CITIZEN_MAYA_FEMALE_6 Operation=58 PlotIndex=1409
mission CityName=LOC_CITY_NAME_OTTAWA CompletionTurn=120 EscapeResult=-1 InitialResult=3 LevelAfter=3 LootInfo=-1 Name=LOC_CITIZEN_MAYA_MODERN_MALE_1 Operation=58 PlotIndex=978
mission CityName=LOC_CITY_NAME_MONTREAL CompletionTurn=120 EscapeResult=-1 InitialResult=0 LevelAfter=2 LootInfo=-1 Name=LOC_CITIZEN_MAYA_FEMALE_7 Operation=58 PlotIndex=1314
mission CityName=LOC_CITY_NAME_QUEBEC_CITY CompletionTurn=118 EscapeResult=1 InitialResult=2 LevelAfter=1 LootInfo=-1 Name=LOC_CITIZEN_MAYA_MODERN_FEMALE_1 Operation=58 PlotIndex=1404
mission CityName=LOC_CITY_NAME_TORONTO CompletionTurn=118 EscapeResult=2 InitialResult=4 LevelAfter=2 LootInfo=-1 Name=LOC_CITIZEN_MAYA_MODERN_FEMALE_6 Operation=58 PlotIndex=1818
mission CityName=LOC_CITY_NAME_TORONTO CompletionTurn=114 EscapeResult=-1 InitialResult=1 LevelAfter=1 LootInfo=-1 Name=LOC_CITIZEN_MAYA_FEMALE_3 Operation=58 PlotIndex=1818
mission CityName=LOC_CITY_NAME_MONTREAL CompletionTurn=114 EscapeResult=-1 InitialResult=5 LevelAfter=2 LootInfo=-1 Name=LOC_CITIZEN_MAYA_FEMALE_7 Operation=58 PlotIndex=1314
mission CityName=LOC_CITY_NAME_OTTAWA CompletionTurn=113 EscapeResult=-1 InitialResult=5 LevelAfter=3 LootInfo=-1 Name=LOC_CITIZEN_MAYA_MODERN_MALE_1 Operation=58 PlotIndex=978
mission CityName=LOC_CITY_NAME_MONTREAL CompletionTurn=110 EscapeResult=-1 InitialResult=1 LevelAfter=1 LootInfo=-1 Name=LOC_CITIZEN_MAYA_MODERN_FEMALE_7 Operation=58 PlotIndex=1314
mission CityName=LOC_CITY_NAME_OTTAWA CompletionTurn=107 EscapeResult=-1 InitialResult=5 LevelAfter=2 LootInfo=-1 Name=LOC_CITIZEN_MAYA_MODERN_MALE_1 Operation=58 PlotIndex=978
tally 5  FOMENT_UNREST CAPTURED / NO_RESULT
tally 1  FOMENT_UNREST FAIL_MUST_ESCAPE / CAPTURED
tally 5  FOMENT_UNREST FAIL_MUST_ESCAPE / FAIL_MUST_ESCAPE
tally 5  FOMENT_UNREST FAIL_MUST_ESCAPE / KILLED
tally 5  FOMENT_UNREST FAIL_UNDETECTED / NO_RESULT
tally 1  FOMENT_UNREST KILLED / NO_RESULT
tally 1  FOMENT_UNREST SUCCESS_MUST_ESCAPE / CAPTURED
tally 8  FOMENT_UNREST SUCCESS_MUST_ESCAPE / FAIL_MUST_ESCAPE
tally 1  FOMENT_UNREST SUCCESS_MUST_ESCAPE / KILLED
tally 25  FOMENT_UNREST SUCCESS_UNDETECTED / NO_RESULT
turn 165 spies active 2 idle 5 missions 57 captured-enemy 0
spy 7929863 LOC_CITIZEN_MAYA_MALE_8 level 4 at 54:15 busy
spy 7405581 LOC_CITIZEN_MAYA_MODERN_MALE_1 level 4 at 65:16 start
spy 7995412 LOC_CITIZEN_MAYA_MODERN_FEMALE_3 level 2 at 54:15 refused
spy 7798809 LOC_CITIZEN_MAYA_MALE_7 level 2 at 54:15 refused
spy 8257563 LOC_CITIZEN_MAYA_MODERN_MALE_6 level 3 at 54:21 start
spy 7208988 LOC_CITIZEN_MAYA_FEMALE_1 level 3 at 54:11 busy
spy 8192030 LOC_CITIZEN_MAYA_MODERN_FEMALE_2 level 1 at 54:21 start
turn 165 spies 7 started 3 travelled 0 promoted 1 bought 1 gold 50000
unblock: blocker ENDTURN_BLOCKING_CIVIC -> civic CIVIC_GUILDS | end turn requested
unstuck: InGamePopup: open, no close
unblock: blocker ENDTURN_BLOCKING_PRODUCTION -> NARANJO builds UNIT_WARRIOR | end turn requested
unstuck: InGamePopup: open, no close
unblock: blocker ENDTURN_BLOCKING_FILL_CIVIC_SLOT -> nothing | end turn requested
unstuck: InGamePopup: open, no close
mission CityName=LOC_CITY_NAME_MONTREAL CompletionTurn=165 EscapeResult=-1 InitialResult=5 LevelAfter=3 LootInfo=-1 Name=LOC_CITIZEN_MAYA_MALE_7 Operation=58 PlotIndex=1314
mission CityName=LOC_CITY_NAME_HALIFAX CompletionTurn=165 EscapeResult=-1 InitialResult=5 LevelAfter=4 LootInfo=-1 Name=LOC_CITIZEN_MAYA_MODERN_MALE_1 Operation=58 PlotIndex=1409
mission CityName=LOC_CITY_NAME_MONTREAL CompletionTurn=164 EscapeResult=-1 InitialResult=5 LevelAfter=2 LootInfo=-1 Name=LOC_CITIZEN_MAYA_MALE_7 Operation=58 PlotIndex=1314
mission CityName=LOC_CITY_NAME_OTTAWA CompletionTurn=162 EscapeResult=-1 InitialResult=5 LevelAfter=3 LootInfo=-1 Name=LOC_CITIZEN_MAYA_FEMALE_1 Operation=58 PlotIndex=978
mission CityName=LOC_CITY_NAME_VANCOUVER CompletionTurn=162 EscapeResult=0 InitialResult=2 LevelAfter=1 LootInfo=-1 Name=LOC_CITIZEN_MAYA_FEMALE_8 Operation=58 PlotIndex=1743
mission CityName=LOC_CITY_NAME_CHARLOTTETOWN CompletionTurn=161 EscapeResult=0 InitialResult=2 LevelAfter=1 LootInfo=-1 Name=LOC_CITIZEN_MAYA_MALE_6 Operation=58 PlotIndex=1644
mission CityName=LOC_CITY_NAME_HALIFAX CompletionTurn=161 EscapeResult=-1 InitialResult=5 LevelAfter=4 LootInfo=-1 Name=LOC_CITIZEN_MAYA_MODERN_MALE_1 Operation=58 PlotIndex=1409
mission CityName=LOC_CITY_NAME_TE_HOKIANGA_NU_A_KUPE CompletionTurn=160 EscapeResult=2 InitialResult=2 LevelAfter=3 LootInfo=-1 Name=LOC_CITIZEN_MAYA_MODERN_FEMALE_4 Operation=58 PlotIndex=772
mission CityName=LOC_CITY_NAME_TORONTO CompletionTurn=160 EscapeResult=2 InitialResult=4 LevelAfter=3 LootInfo=-1 Name=LOC_CITIZEN_MAYA_MODERN_MALE_6 Operation=58 PlotIndex=1818
mission CityName=LOC_CITY_NAME_OTTAWA CompletionTurn=158 EscapeResult=-1 InitialResult=5 LevelAfter=2 LootInfo=-1 Name=LOC_CITIZEN_MAYA_FEMALE_1 Operation=58 PlotIndex=978
mission CityName=LOC_CITY_NAME_QUEBEC_CITY CompletionTurn=158 EscapeResult=-1 InitialResult=1 LevelAfter=2 LootInfo=-1 Name=LOC_CITIZEN_MAYA_FEMALE_4 Operation=58 PlotIndex=1404
mission CityName=LOC_CITY_NAME_VANCOUVER CompletionTurn=158 EscapeResult=-1 InitialResult=3 LevelAfter=1 LootInfo=-1 Name=LOC_CITIZEN_MAYA_FEMALE_8 Operation=58 PlotIndex=1743
mission CityName=LOC_CITY_NAME_TE_HOKIANGA_NU_A_KUPE CompletionTurn=154 EscapeResult=-1 InitialResult=5 LevelAfter=3 LootInfo=-1 Name=LOC_CITIZEN_MAYA_MODERN_FEMALE_4 Operation=58 PlotIndex=772
mission CityName=LOC_CITY_NAME_CALGARY CompletionTurn=154 EscapeResult=2 InitialResult=4 LevelAfter=4 LootInfo=-1 Name=LOC_CITIZEN_MAYA_MALE_8 Operation=58 PlotIndex=1991
mission CityName=LOC_CITY_NAME_TORONTO CompletionTurn=154 EscapeResult=-1 InitialResult=5 LevelAfter=2 LootInfo=-1 Name=LOC_CITIZEN_MAYA_MODERN_MALE_6 Operation=58 PlotIndex=1818
mission CityName=LOC_CITY_NAME_MONTREAL CompletionTurn=152 EscapeResult=2 InitialResult=2 LevelAfter=2 LootInfo=-1 Name=LOC_CITIZEN_MAYA_MODERN_FEMALE_3 Operation=58 PlotIndex=1314
mission CityName=LOC_CITY_NAME_VANCOUVER CompletionTurn=152 EscapeResult=-1 InitialResult=3 LevelAfter=1 LootInfo=-1 Name=LOC_CITIZEN_MAYA_FEMALE_8 Operation=58 PlotIndex=1743
mission CityName=LOC_CITY_NAME_VICTORIA CompletionTurn=152 EscapeResult=0 InitialResult=4 LevelAfter=4 LootInfo=-1 Name=LOC_CITIZEN_MAYA_FEMALE_6 Operation=58 PlotIndex=888
mission CityName=LOC_CITY_NAME_QUEBEC_CITY CompletionTurn=149 EscapeResult=-1 InitialResult=5 LevelAfter=2 LootInfo=-1 Name=LOC_CITIZEN_MAYA_FEMALE_4 Operation=58 PlotIndex=1404
mission CityName=LOC_CITY_NAME_HALIFAX CompletionTurn=149 EscapeResult=0 InitialResult=2 LevelAfter=3 LootInfo=-1 Name=LOC_CITIZEN_MAYA_MODERN_FEMALE_8 Operation=58 PlotIndex=1409
mission CityName=LOC_CITY_NAME_CALGARY CompletionTurn=149 EscapeResult=-1 InitialResult=5 LevelAfter=4 LootInfo=-1 Name=LOC_CITIZEN_MAYA_MALE_8 Operation=58 PlotIndex=1991
mission CityName=LOC_CITY_NAME_OTTAWA CompletionTurn=147 EscapeResult=2 InitialResult=4 LevelAfter=4 LootInfo=-1 Name=LOC_CITIZEN_MAYA_MODERN_MALE_1 Operation=58 PlotIndex=978
mission CityName=LOC_CITY_NAME_VANCOUVER CompletionTurn=145 EscapeResult=2 InitialResult=2 LevelAfter=1 LootInfo=-1 Name=LOC_CITIZEN_MAYA_FEMALE_1 Operation=58 PlotIndex=1743
mission CityName=LOC_CITY_NAME_MONTREAL CompletionTurn=144 EscapeResult=-1 InitialResult=5 LevelAfter=2 LootInfo=-1 Name=LOC_CITIZEN_MAYA_MODERN_FEMALE_3 Operation=58 PlotIndex=1314
mission CityName=LOC_CITY_NAME_TORONTO CompletionTurn=144 EscapeResult=2 InitialResult=2 LevelAfter=2 LootInfo=-1 Name=LOC_CITIZEN_MAYA_MODERN_FEMALE_4 Operation=58 PlotIndex=1818
mission CityName=LOC_CITY_NAME_VICTORIA CompletionTurn=143 EscapeResult=0 InitialResult=2 LevelAfter=3 LootInfo=-1 Name=LOC_CITIZEN_MAYA_MODERN_FEMALE_6 Operation=58 PlotIndex=888
mission CityName=LOC_CITY_NAME_OTTAWA CompletionTurn=143 EscapeResult=-1 InitialResult=3 LevelAfter=4 LootInfo=-1 Name=LOC_CITIZEN_MAYA_MODERN_MALE_1 Operation=58 PlotIndex=978
mission CityName=LOC_CITY_NAME_HALIFAX CompletionTurn=142 EscapeResult=-1 InitialResult=5 LevelAfter=3 LootInfo=-1 Name=LOC_CITIZEN_MAYA_MODERN_FEMALE_8 Operation=58 PlotIndex=1409
mission CityName=LOC_CITY_NAME_CALGARY CompletionTurn=142 EscapeResult=-1 InitialResult=5 LevelAfter=4 LootInfo=-1 Name=LOC_CITIZEN_MAYA_MALE_8 Operation=58 PlotIndex=1991
mission CityName=LOC_CITY_NAME_MONTREAL CompletionTurn=141 EscapeResult=-1 InitialResult=1 LevelAfter=2 LootInfo=-1 Name=LOC_CITIZEN_MAYA_MODERN_MALE_4 Operation=58 PlotIndex=1314
mission CityName=LOC_CITY_NAME_MONTREAL CompletionTurn=140 EscapeResult=-1 InitialResult=5 LevelAfter=2 LootInfo=-1 Name=LOC_CITIZEN_MAYA_MODERN_MALE_4 Operation=58 PlotIndex=1314
mission CityName=LOC_CITY_NAME_QUEBEC_CITY CompletionTurn=140 EscapeResult=2 InitialResult=4 LevelAfter=3 LootInfo=-1 Name=LOC_CITIZEN_MAYA_FEMALE_6 Operation=58 PlotIndex=1404
mission CityName=LOC_CITY_NAME_OTTAWA CompletionTurn=139 EscapeResult=-1 InitialResult=5 LevelAfter=4 LootInfo=-1 Name=LOC_CITIZEN_MAYA_MODERN_MALE_1 Operation=58 PlotIndex=978
mission CityName=LOC_CITY_NAME_VICTORIA CompletionTurn=138 EscapeResult=1 InitialResult=4 LevelAfter=2 LootInfo=-1 Name=LOC_CITIZEN_MAYA_MALE_2 Operation=58 PlotIndex=888
mission CityName=LOC_CITY_NAME_TORONTO CompletionTurn=137 EscapeResult=-1 InitialResult=5 LevelAfter=2 LootInfo=-1 Name=LOC_CITIZEN_MAYA_MODERN_FEMALE_4 Operation=58 PlotIndex=1818
mission CityName=LOC_CITY_NAME_QUEBEC_CITY CompletionTurn=136 EscapeResult=-1 InitialResult=1 LevelAfter=2 LootInfo=-1 Name=LOC_CITIZEN_MAYA_MODERN_MALE_9 Operation=58 PlotIndex=1404
mission CityName=LOC_CITY_NAME_HALIFAX CompletionTurn=135 EscapeResult=-1 InitialResult=5 LevelAfter=2 LootInfo=-1 Name=LOC_CITIZEN_MAYA_MODERN_FEMALE_8 Operation=58 PlotIndex=1409
mission CityName=LOC_CITY_NAME_OTTAWA CompletionTurn=135 EscapeResult=-1 InitialResult=5 LevelAfter=4 LootInfo=-1 Name=LOC_CITIZEN_MAYA_MODERN_MALE_1 Operation=58 PlotIndex=978
mission CityName=LOC_CITY_NAME_CALGARY CompletionTurn=133 EscapeResult=2 InitialResult=4 LevelAfter=3 LootInfo=-1 Name=LOC_CITIZEN_MAYA_MALE_8 Operation=58 PlotIndex=1991
mission CityName=LOC_CITY_NAME_MONTREAL CompletionTurn=132 EscapeResult=0 InitialResult=2 LevelAfter=1 LootInfo=-1 Name=LOC_CITIZEN_MAYA_MALE_5 Operation=58 PlotIndex=1314
mission CityName=LOC_CITY_NAME_QUEBEC_CITY CompletionTurn=131 EscapeResult=-1 InitialResult=5 LevelAfter=2 LootInfo=-1 Name=LOC_CITIZEN_MAYA_MODERN_MALE_9 Operation=58 PlotIndex=1404
mission CityName=LOC_CITY_NAME_OTTAWA CompletionTurn=130 EscapeResult=-1 InitialResult=5 LevelAfter=4 LootInfo=-1 Name=LOC_CITIZEN_MAYA_MODERN_MALE_1 Operation=58 PlotIndex=978
mission CityName=LOC_CITY_NAME_CALGARY CompletionTurn=129 EscapeResult=-1 InitialResult=3 LevelAfter=2 LootInfo=-1 Name=LOC_CITIZEN_MAYA_MALE_8 Operation=58 PlotIndex=1991
mission CityName=LOC_CITY_NAME_TORONTO CompletionTurn=129 EscapeResult=2 InitialResult=4 LevelAfter=3 LootInfo=-1 Name=LOC_CITIZEN_MAYA_MODERN_FEMALE_6 Operation=58 PlotIndex=1818
mission CityName=LOC_CITY_NAME_MONTREAL CompletionTurn=127 EscapeResult=2 InitialResult=2 LevelAfter=1 LootInfo=-1 Name=LOC_CITIZEN_MAYA_MALE_2 Operation=58 PlotIndex=1314
mission CityName=LOC_CITY_NAME_OTTAWA CompletionTurn=124 EscapeResult=-1 InitialResult=5 LevelAfter=4 LootInfo=-1 Name=LOC_CITIZEN_MAYA_MODERN_MALE_1 Operation=58 PlotIndex=978
mission CityName=LOC_CITY_NAME_CALGARY CompletionTurn=123 EscapeResult=-1 InitialResult=5 LevelAfter=2 LootInfo=-1 Name=LOC_CITIZEN_MAYA_MALE_8 Operation=58 PlotIndex=1991
mission CityName=LOC_CITY_NAME_HALIFAX CompletionTurn=121 EscapeResult=2 InitialResult=4 LevelAfter=2 LootInfo=-1 Name=LOC_CITIZEN_MAYA_FEMALE_6 Operation=58 PlotIndex=1409
mission CityName=LOC_CITY_NAME_OTTAWA CompletionTurn=120 EscapeResult=-1 InitialResult=3 LevelAfter=3 LootInfo=-1 Name=LOC_CITIZEN_MAYA_MODERN_MALE_1 Operation=58 PlotIndex=978
mission CityName=LOC_CITY_NAME_MONTREAL CompletionTurn=120 EscapeResult=-1 InitialResult=0 LevelAfter=2 LootInfo=-1 Name=LOC_CITIZEN_MAYA_FEMALE_7 Operation=58 PlotIndex=1314
mission CityName=LOC_CITY_NAME_QUEBEC_CITY CompletionTurn=118 EscapeResult=1 InitialResult=2 LevelAfter=1 LootInfo=-1 Name=LOC_CITIZEN_MAYA_MODERN_FEMALE_1 Operation=58 PlotIndex=1404
mission CityName=LOC_CITY_NAME_TORONTO CompletionTurn=118 EscapeResult=2 InitialResult=4 LevelAfter=2 LootInfo=-1 Name=LOC_CITIZEN_MAYA_MODERN_FEMALE_6 Operation=58 PlotIndex=1818
mission CityName=LOC_CITY_NAME_TORONTO CompletionTurn=114 EscapeResult=-1 InitialResult=1 LevelAfter=1 LootInfo=-1 Name=LOC_CITIZEN_MAYA_FEMALE_3 Operation=58 PlotIndex=1818
mission CityName=LOC_CITY_NAME_MONTREAL CompletionTurn=114 EscapeResult=-1 InitialResult=5 LevelAfter=2 LootInfo=-1 Name=LOC_CITIZEN_MAYA_FEMALE_7 Operation=58 PlotIndex=1314
mission CityName=LOC_CITY_NAME_OTTAWA CompletionTurn=113 EscapeResult=-1 InitialResult=5 LevelAfter=3 LootInfo=-1 Name=LOC_CITIZEN_MAYA_MODERN_MALE_1 Operation=58 PlotIndex=978
mission CityName=LOC_CITY_NAME_MONTREAL CompletionTurn=110 EscapeResult=-1 InitialResult=1 LevelAfter=1 LootInfo=-1 Name=LOC_CITIZEN_MAYA_MODERN_FEMALE_7 Operation=58 PlotIndex=1314
mission CityName=LOC_CITY_NAME_OTTAWA CompletionTurn=107 EscapeResult=-1 InitialResult=5 LevelAfter=2 LootInfo=-1 Name=LOC_CITIZEN_MAYA_MODERN_MALE_1 Operation=58 PlotIndex=978
tally 5  FOMENT_UNREST CAPTURED / NO_RESULT
tally 1  FOMENT_UNREST FAIL_MUST_ESCAPE / CAPTURED
tally 5  FOMENT_UNREST FAIL_MUST_ESCAPE / FAIL_MUST_ESCAPE
tally 5  FOMENT_UNREST FAIL_MUST_ESCAPE / KILLED
tally 5  FOMENT_UNREST FAIL_UNDETECTED / NO_RESULT
tally 1  FOMENT_UNREST KILLED / NO_RESULT
tally 1  FOMENT_UNREST SUCCESS_MUST_ESCAPE / CAPTURED
tally 8  FOMENT_UNREST SUCCESS_MUST_ESCAPE / FAIL_MUST_ESCAPE
tally 1  FOMENT_UNREST SUCCESS_MUST_ESCAPE / KILLED
tally 25  FOMENT_UNREST SUCCESS_UNDETECTED / NO_RESULT
turn 166 spies active 4 idle 4 missions 57 captured-enemy 0
spy 7929863 LOC_CITIZEN_MAYA_MALE_8 level 4 at 54:15 busy
spy 7405581 LOC_CITIZEN_MAYA_MODERN_MALE_1 level 4 at 65:16 busy
spy 7995412 LOC_CITIZEN_MAYA_MODERN_FEMALE_3 level 2 at 54:15 refused
spy 7798809 LOC_CITIZEN_MAYA_MALE_7 level 3 at 54:15 refused
spy 8257563 LOC_CITIZEN_MAYA_MODERN_MALE_6 level 3 at 54:21 busy
spy 7208988 LOC_CITIZEN_MAYA_FEMALE_1 level 3 at 54:11 busy
spy 8192030 LOC_CITIZEN_MAYA_MODERN_FEMALE_2 level 1 at 54:21 refused
spy 8388639 LOC_CITIZEN_MAYA_MODERN_FEMALE_5 level 1 at 36:42 travel
turn 166 spies 8 started 0 travelled 1 promoted 0 bought 0 gold 50000
unblock: blocker ENDTURN_BLOCKING_FILL_CIVIC_SLOT -> nothing | end turn requested
unstuck: InGamePopup: open, no close
unblock: blocker ENDTURN_BLOCKING_FILL_CIVIC_SLOT -> nothing | end turn requested
unstuck: closed sessions [2:2]
unstuck: DiplomacyActionView: Closing Diplomacy Action View. m_eventID: 3023495
unstuck: InGamePopup: open, no close
mission CityName=LOC_CITY_NAME_MONTREAL CompletionTurn=165 EscapeResult=-1 InitialResult=5 LevelAfter=3 LootInfo=-1 Name=LOC_CITIZEN_MAYA_MALE_7 Operation=58 PlotIndex=1314
mission CityName=LOC_CITY_NAME_HALIFAX CompletionTurn=165 EscapeResult=-1 InitialResult=5 LevelAfter=4 LootInfo=-1 Name=LOC_CITIZEN_MAYA_MODERN_MALE_1 Operation=58 PlotIndex=1409
mission CityName=LOC_CITY_NAME_MONTREAL CompletionTurn=164 EscapeResult=-1 InitialResult=5 LevelAfter=2 LootInfo=-1 Name=LOC_CITIZEN_MAYA_MALE_7 Operation=58 PlotIndex=1314
mission CityName=LOC_CITY_NAME_OTTAWA CompletionTurn=162 EscapeResult=-1 InitialResult=5 LevelAfter=3 LootInfo=-1 Name=LOC_CITIZEN_MAYA_FEMALE_1 Operation=58 PlotIndex=978
mission CityName=LOC_CITY_NAME_VANCOUVER CompletionTurn=162 EscapeResult=0 InitialResult=2 LevelAfter=1 LootInfo=-1 Name=LOC_CITIZEN_MAYA_FEMALE_8 Operation=58 PlotIndex=1743
mission CityName=LOC_CITY_NAME_CHARLOTTETOWN CompletionTurn=161 EscapeResult=0 InitialResult=2 LevelAfter=1 LootInfo=-1 Name=LOC_CITIZEN_MAYA_MALE_6 Operation=58 PlotIndex=1644
mission CityName=LOC_CITY_NAME_HALIFAX CompletionTurn=161 EscapeResult=-1 InitialResult=5 LevelAfter=4 LootInfo=-1 Name=LOC_CITIZEN_MAYA_MODERN_MALE_1 Operation=58 PlotIndex=1409
mission CityName=LOC_CITY_NAME_TE_HOKIANGA_NU_A_KUPE CompletionTurn=160 EscapeResult=2 InitialResult=2 LevelAfter=3 LootInfo=-1 Name=LOC_CITIZEN_MAYA_MODERN_FEMALE_4 Operation=58 PlotIndex=772
mission CityName=LOC_CITY_NAME_TORONTO CompletionTurn=160 EscapeResult=2 InitialResult=4 LevelAfter=3 LootInfo=-1 Name=LOC_CITIZEN_MAYA_MODERN_MALE_6 Operation=58 PlotIndex=1818
mission CityName=LOC_CITY_NAME_OTTAWA CompletionTurn=158 EscapeResult=-1 InitialResult=5 LevelAfter=2 LootInfo=-1 Name=LOC_CITIZEN_MAYA_FEMALE_1 Operation=58 PlotIndex=978
mission CityName=LOC_CITY_NAME_QUEBEC_CITY CompletionTurn=158 EscapeResult=-1 InitialResult=1 LevelAfter=2 LootInfo=-1 Name=LOC_CITIZEN_MAYA_FEMALE_4 Operation=58 PlotIndex=1404
mission CityName=LOC_CITY_NAME_VANCOUVER CompletionTurn=158 EscapeResult=-1 InitialResult=3 LevelAfter=1 LootInfo=-1 Name=LOC_CITIZEN_MAYA_FEMALE_8 Operation=58 PlotIndex=1743
mission CityName=LOC_CITY_NAME_TE_HOKIANGA_NU_A_KUPE CompletionTurn=154 EscapeResult=-1 InitialResult=5 LevelAfter=3 LootInfo=-1 Name=LOC_CITIZEN_MAYA_MODERN_FEMALE_4 Operation=58 PlotIndex=772
mission CityName=LOC_CITY_NAME_CALGARY CompletionTurn=154 EscapeResult=2 InitialResult=4 LevelAfter=4 LootInfo=-1 Name=LOC_CITIZEN_MAYA_MALE_8 Operation=58 PlotIndex=1991
mission CityName=LOC_CITY_NAME_TORONTO CompletionTurn=154 EscapeResult=-1 InitialResult=5 LevelAfter=2 LootInfo=-1 Name=LOC_CITIZEN_MAYA_MODERN_MALE_6 Operation=58 PlotIndex=1818
mission CityName=LOC_CITY_NAME_MONTREAL CompletionTurn=152 EscapeResult=2 InitialResult=2 LevelAfter=2 LootInfo=-1 Name=LOC_CITIZEN_MAYA_MODERN_FEMALE_3 Operation=58 PlotIndex=1314
mission CityName=LOC_CITY_NAME_VANCOUVER CompletionTurn=152 EscapeResult=-1 InitialResult=3 LevelAfter=1 LootInfo=-1 Name=LOC_CITIZEN_MAYA_FEMALE_8 Operation=58 PlotIndex=1743
mission CityName=LOC_CITY_NAME_VICTORIA CompletionTurn=152 EscapeResult=0 InitialResult=4 LevelAfter=4 LootInfo=-1 Name=LOC_CITIZEN_MAYA_FEMALE_6 Operation=58 PlotIndex=888
mission CityName=LOC_CITY_NAME_QUEBEC_CITY CompletionTurn=149 EscapeResult=-1 InitialResult=5 LevelAfter=2 LootInfo=-1 Name=LOC_CITIZEN_MAYA_FEMALE_4 Operation=58 PlotIndex=1404
mission CityName=LOC_CITY_NAME_HALIFAX CompletionTurn=149 EscapeResult=0 InitialResult=2 LevelAfter=3 LootInfo=-1 Name=LOC_CITIZEN_MAYA_MODERN_FEMALE_8 Operation=58 PlotIndex=1409
mission CityName=LOC_CITY_NAME_CALGARY CompletionTurn=149 EscapeResult=-1 InitialResult=5 LevelAfter=4 LootInfo=-1 Name=LOC_CITIZEN_MAYA_MALE_8 Operation=58 PlotIndex=1991
mission CityName=LOC_CITY_NAME_OTTAWA CompletionTurn=147 EscapeResult=2 InitialResult=4 LevelAfter=4 LootInfo=-1 Name=LOC_CITIZEN_MAYA_MODERN_MALE_1 Operation=58 PlotIndex=978
mission CityName=LOC_CITY_NAME_VANCOUVER CompletionTurn=145 EscapeResult=2 InitialResult=2 LevelAfter=1 LootInfo=-1 Name=LOC_CITIZEN_MAYA_FEMALE_1 Operation=58 PlotIndex=1743
mission CityName=LOC_CITY_NAME_MONTREAL CompletionTurn=144 EscapeResult=-1 InitialResult=5 LevelAfter=2 LootInfo=-1 Name=LOC_CITIZEN_MAYA_MODERN_FEMALE_3 Operation=58 PlotIndex=1314
mission CityName=LOC_CITY_NAME_TORONTO CompletionTurn=144 EscapeResult=2 InitialResult=2 LevelAfter=2 LootInfo=-1 Name=LOC_CITIZEN_MAYA_MODERN_FEMALE_4 Operation=58 PlotIndex=1818
mission CityName=LOC_CITY_NAME_VICTORIA CompletionTurn=143 EscapeResult=0 InitialResult=2 LevelAfter=3 LootInfo=-1 Name=LOC_CITIZEN_MAYA_MODERN_FEMALE_6 Operation=58 PlotIndex=888
mission CityName=LOC_CITY_NAME_OTTAWA CompletionTurn=143 EscapeResult=-1 InitialResult=3 LevelAfter=4 LootInfo=-1 Name=LOC_CITIZEN_MAYA_MODERN_MALE_1 Operation=58 PlotIndex=978
mission CityName=LOC_CITY_NAME_HALIFAX CompletionTurn=142 EscapeResult=-1 InitialResult=5 LevelAfter=3 LootInfo=-1 Name=LOC_CITIZEN_MAYA_MODERN_FEMALE_8 Operation=58 PlotIndex=1409
mission CityName=LOC_CITY_NAME_CALGARY CompletionTurn=142 EscapeResult=-1 InitialResult=5 LevelAfter=4 LootInfo=-1 Name=LOC_CITIZEN_MAYA_MALE_8 Operation=58 PlotIndex=1991
mission CityName=LOC_CITY_NAME_MONTREAL CompletionTurn=141 EscapeResult=-1 InitialResult=1 LevelAfter=2 LootInfo=-1 Name=LOC_CITIZEN_MAYA_MODERN_MALE_4 Operation=58 PlotIndex=1314
mission CityName=LOC_CITY_NAME_MONTREAL CompletionTurn=140 EscapeResult=-1 InitialResult=5 LevelAfter=2 LootInfo=-1 Name=LOC_CITIZEN_MAYA_MODERN_MALE_4 Operation=58 PlotIndex=1314
mission CityName=LOC_CITY_NAME_QUEBEC_CITY CompletionTurn=140 EscapeResult=2 InitialResult=4 LevelAfter=3 LootInfo=-1 Name=LOC_CITIZEN_MAYA_FEMALE_6 Operation=58 PlotIndex=1404
mission CityName=LOC_CITY_NAME_OTTAWA CompletionTurn=139 EscapeResult=-1 InitialResult=5 LevelAfter=4 LootInfo=-1 Name=LOC_CITIZEN_MAYA_MODERN_MALE_1 Operation=58 PlotIndex=978
mission CityName=LOC_CITY_NAME_VICTORIA CompletionTurn=138 EscapeResult=1 InitialResult=4 LevelAfter=2 LootInfo=-1 Name=LOC_CITIZEN_MAYA_MALE_2 Operation=58 PlotIndex=888
mission CityName=LOC_CITY_NAME_TORONTO CompletionTurn=137 EscapeResult=-1 InitialResult=5 LevelAfter=2 LootInfo=-1 Name=LOC_CITIZEN_MAYA_MODERN_FEMALE_4 Operation=58 PlotIndex=1818
mission CityName=LOC_CITY_NAME_QUEBEC_CITY CompletionTurn=136 EscapeResult=-1 InitialResult=1 LevelAfter=2 LootInfo=-1 Name=LOC_CITIZEN_MAYA_MODERN_MALE_9 Operation=58 PlotIndex=1404
mission CityName=LOC_CITY_NAME_HALIFAX CompletionTurn=135 EscapeResult=-1 InitialResult=5 LevelAfter=2 LootInfo=-1 Name=LOC_CITIZEN_MAYA_MODERN_FEMALE_8 Operation=58 PlotIndex=1409
mission CityName=LOC_CITY_NAME_OTTAWA CompletionTurn=135 EscapeResult=-1 InitialResult=5 LevelAfter=4 LootInfo=-1 Name=LOC_CITIZEN_MAYA_MODERN_MALE_1 Operation=58 PlotIndex=978
mission CityName=LOC_CITY_NAME_CALGARY CompletionTurn=133 EscapeResult=2 InitialResult=4 LevelAfter=3 LootInfo=-1 Name=LOC_CITIZEN_MAYA_MALE_8 Operation=58 PlotIndex=1991
mission CityName=LOC_CITY_NAME_MONTREAL CompletionTurn=132 EscapeResult=0 InitialResult=2 LevelAfter=1 LootInfo=-1 Name=LOC_CITIZEN_MAYA_MALE_5 Operation=58 PlotIndex=1314
mission CityName=LOC_CITY_NAME_QUEBEC_CITY CompletionTurn=131 EscapeResult=-1 InitialResult=5 LevelAfter=2 LootInfo=-1 Name=LOC_CITIZEN_MAYA_MODERN_MALE_9 Operation=58 PlotIndex=1404
mission CityName=LOC_CITY_NAME_OTTAWA CompletionTurn=130 EscapeResult=-1 InitialResult=5 LevelAfter=4 LootInfo=-1 Name=LOC_CITIZEN_MAYA_MODERN_MALE_1 Operation=58 PlotIndex=978
mission CityName=LOC_CITY_NAME_CALGARY CompletionTurn=129 EscapeResult=-1 InitialResult=3 LevelAfter=2 LootInfo=-1 Name=LOC_CITIZEN_MAYA_MALE_8 Operation=58 PlotIndex=1991
mission CityName=LOC_CITY_NAME_TORONTO CompletionTurn=129 EscapeResult=2 InitialResult=4 LevelAfter=3 LootInfo=-1 Name=LOC_CITIZEN_MAYA_MODERN_FEMALE_6 Operation=58 PlotIndex=1818
mission CityName=LOC_CITY_NAME_MONTREAL CompletionTurn=127 EscapeResult=2 InitialResult=2 LevelAfter=1 LootInfo=-1 Name=LOC_CITIZEN_MAYA_MALE_2 Operation=58 PlotIndex=1314
mission CityName=LOC_CITY_NAME_OTTAWA CompletionTurn=124 EscapeResult=-1 InitialResult=5 LevelAfter=4 LootInfo=-1 Name=LOC_CITIZEN_MAYA_MODERN_MALE_1 Operation=58 PlotIndex=978
mission CityName=LOC_CITY_NAME_CALGARY CompletionTurn=123 EscapeResult=-1 InitialResult=5 LevelAfter=2 LootInfo=-1 Name=LOC_CITIZEN_MAYA_MALE_8 Operation=58 PlotIndex=1991
mission CityName=LOC_CITY_NAME_HALIFAX CompletionTurn=121 EscapeResult=2 InitialResult=4 LevelAfter=2 LootInfo=-1 Name=LOC_CITIZEN_MAYA_FEMALE_6 Operation=58 PlotIndex=1409
mission CityName=LOC_CITY_NAME_OTTAWA CompletionTurn=120 EscapeResult=-1 InitialResult=3 LevelAfter=3 LootInfo=-1 Name=LOC_CITIZEN_MAYA_MODERN_MALE_1 Operation=58 PlotIndex=978
mission CityName=LOC_CITY_NAME_MONTREAL CompletionTurn=120 EscapeResult=-1 InitialResult=0 LevelAfter=2 LootInfo=-1 Name=LOC_CITIZEN_MAYA_FEMALE_7 Operation=58 PlotIndex=1314
mission CityName=LOC_CITY_NAME_QUEBEC_CITY CompletionTurn=118 EscapeResult=1 InitialResult=2 LevelAfter=1 LootInfo=-1 Name=LOC_CITIZEN_MAYA_MODERN_FEMALE_1 Operation=58 PlotIndex=1404
mission CityName=LOC_CITY_NAME_TORONTO CompletionTurn=118 EscapeResult=2 InitialResult=4 LevelAfter=2 LootInfo=-1 Name=LOC_CITIZEN_MAYA_MODERN_FEMALE_6 Operation=58 PlotIndex=1818
mission CityName=LOC_CITY_NAME_TORONTO CompletionTurn=114 EscapeResult=-1 InitialResult=1 LevelAfter=1 LootInfo=-1 Name=LOC_CITIZEN_MAYA_FEMALE_3 Operation=58 PlotIndex=1818
mission CityName=LOC_CITY_NAME_MONTREAL CompletionTurn=114 EscapeResult=-1 InitialResult=5 LevelAfter=2 LootInfo=-1 Name=LOC_CITIZEN_MAYA_FEMALE_7 Operation=58 PlotIndex=1314
mission CityName=LOC_CITY_NAME_OTTAWA CompletionTurn=113 EscapeResult=-1 InitialResult=5 LevelAfter=3 LootInfo=-1 Name=LOC_CITIZEN_MAYA_MODERN_MALE_1 Operation=58 PlotIndex=978
mission CityName=LOC_CITY_NAME_MONTREAL CompletionTurn=110 EscapeResult=-1 InitialResult=1 LevelAfter=1 LootInfo=-1 Name=LOC_CITIZEN_MAYA_MODERN_FEMALE_7 Operation=58 PlotIndex=1314
mission CityName=LOC_CITY_NAME_OTTAWA CompletionTurn=107 EscapeResult=-1 InitialResult=5 LevelAfter=2 LootInfo=-1 Name=LOC_CITIZEN_MAYA_MODERN_MALE_1 Operation=58 PlotIndex=978
tally 5  FOMENT_UNREST CAPTURED / NO_RESULT
tally 1  FOMENT_UNREST FAIL_MUST_ESCAPE / CAPTURED
tally 5  FOMENT_UNREST FAIL_MUST_ESCAPE / FAIL_MUST_ESCAPE
tally 5  FOMENT_UNREST FAIL_MUST_ESCAPE / KILLED
tally 5  FOMENT_UNREST FAIL_UNDETECTED / NO_RESULT
tally 1  FOMENT_UNREST KILLED / NO_RESULT
tally 1  FOMENT_UNREST SUCCESS_MUST_ESCAPE / CAPTURED
tally 8  FOMENT_UNREST SUCCESS_MUST_ESCAPE / FAIL_MUST_ESCAPE
tally 1  FOMENT_UNREST SUCCESS_MUST_ESCAPE / KILLED
tally 25  FOMENT_UNREST SUCCESS_UNDETECTED / NO_RESULT
turn 167 spies active 4 idle 3 missions 57 captured-enemy 0
spy 7929863 LOC_CITIZEN_MAYA_MALE_8 level 4 at 54:15 busy
spy 7405581 LOC_CITIZEN_MAYA_MODERN_MALE_1 level 4 at 65:16 busy
spy 7995412 LOC_CITIZEN_MAYA_MODERN_FEMALE_3 level 2 at 54:15 refused
spy 7798809 LOC_CITIZEN_MAYA_MALE_7 level 3 at 54:15 refused
spy 8257563 LOC_CITIZEN_MAYA_MODERN_MALE_6 level 3 at 54:21 busy
spy 7208988 LOC_CITIZEN_MAYA_FEMALE_1 level 3 at 54:11 start
spy 8192030 LOC_CITIZEN_MAYA_MODERN_FEMALE_2 level 1 at 54:21 refused
spy 8454175 LOC_CITIZEN_MAYA_MODERN_FEMALE_4 level 3 at 36:42 travel
turn 167 spies 8 started 1 travelled 1 promoted 1 bought 0 gold 50000
unblock: blocker ENDTURN_BLOCKING_PRODUCTION -> NARANJO builds UNIT_WARRIOR | end turn requested
unstuck: InGamePopup: open, no close
unblock: blocker ENDTURN_BLOCKING_FILL_CIVIC_SLOT -> nothing | end turn requested
unstuck: closed sessions [3:3]
unstuck: DiplomacyActionView: Closing Diplomacy Action View. m_eventID: 3034555
unstuck: InGamePopup: open, no close
unblock: blocker ENDTURN_BLOCKING_FILL_CIVIC_SLOT -> nothing | end turn requested
unstuck: closed sessions [6:6]
unstuck: DiplomacyActionView: Closing Diplomacy Action View. m_eventID: 3037302
unstuck: InGamePopup: open, no close
mission CityName=LOC_CITY_NAME_TORONTO CompletionTurn=168 EscapeResult=-1 InitialResult=4 LevelAfter=4 LootInfo=-1 Name=LOC_CITIZEN_MAYA_MODERN_MALE_6 Operation=58 PlotIndex=1818
mission CityName=LOC_CITY_NAME_MONTREAL CompletionTurn=168 EscapeResult=-1 InitialResult=4 LevelAfter=4 LootInfo=-1 Name=LOC_CITIZEN_MAYA_MALE_8 Operation=58 PlotIndex=1314
mission CityName=LOC_CITY_NAME_OTTAWA CompletionTurn=167 EscapeResult=-1 InitialResult=5 LevelAfter=4 LootInfo=-1 Name=LOC_CITIZEN_MAYA_FEMALE_1 Operation=58 PlotIndex=978
mission CityName=LOC_CITY_NAME_MONTREAL CompletionTurn=165 EscapeResult=-1 InitialResult=5 LevelAfter=3 LootInfo=-1 Name=LOC_CITIZEN_MAYA_MALE_7 Operation=58 PlotIndex=1314
mission CityName=LOC_CITY_NAME_HALIFAX CompletionTurn=165 EscapeResult=-1 InitialResult=5 LevelAfter=4 LootInfo=-1 Name=LOC_CITIZEN_MAYA_MODERN_MALE_1 Operation=58 PlotIndex=1409
mission CityName=LOC_CITY_NAME_MONTREAL CompletionTurn=164 EscapeResult=-1 InitialResult=5 LevelAfter=2 LootInfo=-1 Name=LOC_CITIZEN_MAYA_MALE_7 Operation=58 PlotIndex=1314
mission CityName=LOC_CITY_NAME_OTTAWA CompletionTurn=162 EscapeResult=-1 InitialResult=5 LevelAfter=3 LootInfo=-1 Name=LOC_CITIZEN_MAYA_FEMALE_1 Operation=58 PlotIndex=978
mission CityName=LOC_CITY_NAME_VANCOUVER CompletionTurn=162 EscapeResult=0 InitialResult=2 LevelAfter=1 LootInfo=-1 Name=LOC_CITIZEN_MAYA_FEMALE_8 Operation=58 PlotIndex=1743
mission CityName=LOC_CITY_NAME_CHARLOTTETOWN CompletionTurn=161 EscapeResult=0 InitialResult=2 LevelAfter=1 LootInfo=-1 Name=LOC_CITIZEN_MAYA_MALE_6 Operation=58 PlotIndex=1644
mission CityName=LOC_CITY_NAME_HALIFAX CompletionTurn=161 EscapeResult=-1 InitialResult=5 LevelAfter=4 LootInfo=-1 Name=LOC_CITIZEN_MAYA_MODERN_MALE_1 Operation=58 PlotIndex=1409
mission CityName=LOC_CITY_NAME_TE_HOKIANGA_NU_A_KUPE CompletionTurn=160 EscapeResult=2 InitialResult=2 LevelAfter=3 LootInfo=-1 Name=LOC_CITIZEN_MAYA_MODERN_FEMALE_4 Operation=58 PlotIndex=772
mission CityName=LOC_CITY_NAME_TORONTO CompletionTurn=160 EscapeResult=2 InitialResult=4 LevelAfter=3 LootInfo=-1 Name=LOC_CITIZEN_MAYA_MODERN_MALE_6 Operation=58 PlotIndex=1818
mission CityName=LOC_CITY_NAME_OTTAWA CompletionTurn=158 EscapeResult=-1 InitialResult=5 LevelAfter=2 LootInfo=-1 Name=LOC_CITIZEN_MAYA_FEMALE_1 Operation=58 PlotIndex=978
mission CityName=LOC_CITY_NAME_QUEBEC_CITY CompletionTurn=158 EscapeResult=-1 InitialResult=1 LevelAfter=2 LootInfo=-1 Name=LOC_CITIZEN_MAYA_FEMALE_4 Operation=58 PlotIndex=1404
mission CityName=LOC_CITY_NAME_VANCOUVER CompletionTurn=158 EscapeResult=-1 InitialResult=3 LevelAfter=1 LootInfo=-1 Name=LOC_CITIZEN_MAYA_FEMALE_8 Operation=58 PlotIndex=1743
mission CityName=LOC_CITY_NAME_TE_HOKIANGA_NU_A_KUPE CompletionTurn=154 EscapeResult=-1 InitialResult=5 LevelAfter=3 LootInfo=-1 Name=LOC_CITIZEN_MAYA_MODERN_FEMALE_4 Operation=58 PlotIndex=772
mission CityName=LOC_CITY_NAME_CALGARY CompletionTurn=154 EscapeResult=2 InitialResult=4 LevelAfter=4 LootInfo=-1 Name=LOC_CITIZEN_MAYA_MALE_8 Operation=58 PlotIndex=1991
mission CityName=LOC_CITY_NAME_TORONTO CompletionTurn=154 EscapeResult=-1 InitialResult=5 LevelAfter=2 LootInfo=-1 Name=LOC_CITIZEN_MAYA_MODERN_MALE_6 Operation=58 PlotIndex=1818
mission CityName=LOC_CITY_NAME_MONTREAL CompletionTurn=152 EscapeResult=2 InitialResult=2 LevelAfter=2 LootInfo=-1 Name=LOC_CITIZEN_MAYA_MODERN_FEMALE_3 Operation=58 PlotIndex=1314
mission CityName=LOC_CITY_NAME_VANCOUVER CompletionTurn=152 EscapeResult=-1 InitialResult=3 LevelAfter=1 LootInfo=-1 Name=LOC_CITIZEN_MAYA_FEMALE_8 Operation=58 PlotIndex=1743
mission CityName=LOC_CITY_NAME_VICTORIA CompletionTurn=152 EscapeResult=0 InitialResult=4 LevelAfter=4 LootInfo=-1 Name=LOC_CITIZEN_MAYA_FEMALE_6 Operation=58 PlotIndex=888
mission CityName=LOC_CITY_NAME_QUEBEC_CITY CompletionTurn=149 EscapeResult=-1 InitialResult=5 LevelAfter=2 LootInfo=-1 Name=LOC_CITIZEN_MAYA_FEMALE_4 Operation=58 PlotIndex=1404
mission CityName=LOC_CITY_NAME_HALIFAX CompletionTurn=149 EscapeResult=0 InitialResult=2 LevelAfter=3 LootInfo=-1 Name=LOC_CITIZEN_MAYA_MODERN_FEMALE_8 Operation=58 PlotIndex=1409
mission CityName=LOC_CITY_NAME_CALGARY CompletionTurn=149 EscapeResult=-1 InitialResult=5 LevelAfter=4 LootInfo=-1 Name=LOC_CITIZEN_MAYA_MALE_8 Operation=58 PlotIndex=1991
mission CityName=LOC_CITY_NAME_OTTAWA CompletionTurn=147 EscapeResult=2 InitialResult=4 LevelAfter=4 LootInfo=-1 Name=LOC_CITIZEN_MAYA_MODERN_MALE_1 Operation=58 PlotIndex=978
mission CityName=LOC_CITY_NAME_VANCOUVER CompletionTurn=145 EscapeResult=2 InitialResult=2 LevelAfter=1 LootInfo=-1 Name=LOC_CITIZEN_MAYA_FEMALE_1 Operation=58 PlotIndex=1743
mission CityName=LOC_CITY_NAME_MONTREAL CompletionTurn=144 EscapeResult=-1 InitialResult=5 LevelAfter=2 LootInfo=-1 Name=LOC_CITIZEN_MAYA_MODERN_FEMALE_3 Operation=58 PlotIndex=1314
mission CityName=LOC_CITY_NAME_TORONTO CompletionTurn=144 EscapeResult=2 InitialResult=2 LevelAfter=2 LootInfo=-1 Name=LOC_CITIZEN_MAYA_MODERN_FEMALE_4 Operation=58 PlotIndex=1818
mission CityName=LOC_CITY_NAME_VICTORIA CompletionTurn=143 EscapeResult=0 InitialResult=2 LevelAfter=3 LootInfo=-1 Name=LOC_CITIZEN_MAYA_MODERN_FEMALE_6 Operation=58 PlotIndex=888
mission CityName=LOC_CITY_NAME_OTTAWA CompletionTurn=143 EscapeResult=-1 InitialResult=3 LevelAfter=4 LootInfo=-1 Name=LOC_CITIZEN_MAYA_MODERN_MALE_1 Operation=58 PlotIndex=978
mission CityName=LOC_CITY_NAME_HALIFAX CompletionTurn=142 EscapeResult=-1 InitialResult=5 LevelAfter=3 LootInfo=-1 Name=LOC_CITIZEN_MAYA_MODERN_FEMALE_8 Operation=58 PlotIndex=1409
mission CityName=LOC_CITY_NAME_CALGARY CompletionTurn=142 EscapeResult=-1 InitialResult=5 LevelAfter=4 LootInfo=-1 Name=LOC_CITIZEN_MAYA_MALE_8 Operation=58 PlotIndex=1991
mission CityName=LOC_CITY_NAME_MONTREAL CompletionTurn=141 EscapeResult=-1 InitialResult=1 LevelAfter=2 LootInfo=-1 Name=LOC_CITIZEN_MAYA_MODERN_MALE_4 Operation=58 PlotIndex=1314
mission CityName=LOC_CITY_NAME_MONTREAL CompletionTurn=140 EscapeResult=-1 InitialResult=5 LevelAfter=2 LootInfo=-1 Name=LOC_CITIZEN_MAYA_MODERN_MALE_4 Operation=58 PlotIndex=1314
mission CityName=LOC_CITY_NAME_QUEBEC_CITY CompletionTurn=140 EscapeResult=2 InitialResult=4 LevelAfter=3 LootInfo=-1 Name=LOC_CITIZEN_MAYA_FEMALE_6 Operation=58 PlotIndex=1404
mission CityName=LOC_CITY_NAME_OTTAWA CompletionTurn=139 EscapeResult=-1 InitialResult=5 LevelAfter=4 LootInfo=-1 Name=LOC_CITIZEN_MAYA_MODERN_MALE_1 Operation=58 PlotIndex=978
mission CityName=LOC_CITY_NAME_VICTORIA CompletionTurn=138 EscapeResult=1 InitialResult=4 LevelAfter=2 LootInfo=-1 Name=LOC_CITIZEN_MAYA_MALE_2 Operation=58 PlotIndex=888
mission CityName=LOC_CITY_NAME_TORONTO CompletionTurn=137 EscapeResult=-1 InitialResult=5 LevelAfter=2 LootInfo=-1 Name=LOC_CITIZEN_MAYA_MODERN_FEMALE_4 Operation=58 PlotIndex=1818
mission CityName=LOC_CITY_NAME_QUEBEC_CITY CompletionTurn=136 EscapeResult=-1 InitialResult=1 LevelAfter=2 LootInfo=-1 Name=LOC_CITIZEN_MAYA_MODERN_MALE_9 Operation=58 PlotIndex=1404
mission CityName=LOC_CITY_NAME_HALIFAX CompletionTurn=135 EscapeResult=-1 InitialResult=5 LevelAfter=2 LootInfo=-1 Name=LOC_CITIZEN_MAYA_MODERN_FEMALE_8 Operation=58 PlotIndex=1409
mission CityName=LOC_CITY_NAME_OTTAWA CompletionTurn=135 EscapeResult=-1 InitialResult=5 LevelAfter=4 LootInfo=-1 Name=LOC_CITIZEN_MAYA_MODERN_MALE_1 Operation=58 PlotIndex=978
mission CityName=LOC_CITY_NAME_CALGARY CompletionTurn=133 EscapeResult=2 InitialResult=4 LevelAfter=3 LootInfo=-1 Name=LOC_CITIZEN_MAYA_MALE_8 Operation=58 PlotIndex=1991
mission CityName=LOC_CITY_NAME_MONTREAL CompletionTurn=132 EscapeResult=0 InitialResult=2 LevelAfter=1 LootInfo=-1 Name=LOC_CITIZEN_MAYA_MALE_5 Operation=58 PlotIndex=1314
mission CityName=LOC_CITY_NAME_QUEBEC_CITY CompletionTurn=131 EscapeResult=-1 InitialResult=5 LevelAfter=2 LootInfo=-1 Name=LOC_CITIZEN_MAYA_MODERN_MALE_9 Operation=58 PlotIndex=1404
mission CityName=LOC_CITY_NAME_OTTAWA CompletionTurn=130 EscapeResult=-1 InitialResult=5 LevelAfter=4 LootInfo=-1 Name=LOC_CITIZEN_MAYA_MODERN_MALE_1 Operation=58 PlotIndex=978
mission CityName=LOC_CITY_NAME_CALGARY CompletionTurn=129 EscapeResult=-1 InitialResult=3 LevelAfter=2 LootInfo=-1 Name=LOC_CITIZEN_MAYA_MALE_8 Operation=58 PlotIndex=1991
mission CityName=LOC_CITY_NAME_TORONTO CompletionTurn=129 EscapeResult=2 InitialResult=4 LevelAfter=3 LootInfo=-1 Name=LOC_CITIZEN_MAYA_MODERN_FEMALE_6 Operation=58 PlotIndex=1818
mission CityName=LOC_CITY_NAME_MONTREAL CompletionTurn=127 EscapeResult=2 InitialResult=2 LevelAfter=1 LootInfo=-1 Name=LOC_CITIZEN_MAYA_MALE_2 Operation=58 PlotIndex=1314
mission CityName=LOC_CITY_NAME_OTTAWA CompletionTurn=124 EscapeResult=-1 InitialResult=5 LevelAfter=4 LootInfo=-1 Name=LOC_CITIZEN_MAYA_MODERN_MALE_1 Operation=58 PlotIndex=978
mission CityName=LOC_CITY_NAME_CALGARY CompletionTurn=123 EscapeResult=-1 InitialResult=5 LevelAfter=2 LootInfo=-1 Name=LOC_CITIZEN_MAYA_MALE_8 Operation=58 PlotIndex=1991
mission CityName=LOC_CITY_NAME_HALIFAX CompletionTurn=121 EscapeResult=2 InitialResult=4 LevelAfter=2 LootInfo=-1 Name=LOC_CITIZEN_MAYA_FEMALE_6 Operation=58 PlotIndex=1409
mission CityName=LOC_CITY_NAME_OTTAWA CompletionTurn=120 EscapeResult=-1 InitialResult=3 LevelAfter=3 LootInfo=-1 Name=LOC_CITIZEN_MAYA_MODERN_MALE_1 Operation=58 PlotIndex=978
mission CityName=LOC_CITY_NAME_MONTREAL CompletionTurn=120 EscapeResult=-1 InitialResult=0 LevelAfter=2 LootInfo=-1 Name=LOC_CITIZEN_MAYA_FEMALE_7 Operation=58 PlotIndex=1314
mission CityName=LOC_CITY_NAME_QUEBEC_CITY CompletionTurn=118 EscapeResult=1 InitialResult=2 LevelAfter=1 LootInfo=-1 Name=LOC_CITIZEN_MAYA_MODERN_FEMALE_1 Operation=58 PlotIndex=1404
mission CityName=LOC_CITY_NAME_TORONTO CompletionTurn=118 EscapeResult=2 InitialResult=4 LevelAfter=2 LootInfo=-1 Name=LOC_CITIZEN_MAYA_MODERN_FEMALE_6 Operation=58 PlotIndex=1818
mission CityName=LOC_CITY_NAME_TORONTO CompletionTurn=114 EscapeResult=-1 InitialResult=1 LevelAfter=1 LootInfo=-1 Name=LOC_CITIZEN_MAYA_FEMALE_3 Operation=58 PlotIndex=1818
mission CityName=LOC_CITY_NAME_MONTREAL CompletionTurn=114 EscapeResult=-1 InitialResult=5 LevelAfter=2 LootInfo=-1 Name=LOC_CITIZEN_MAYA_FEMALE_7 Operation=58 PlotIndex=1314
mission CityName=LOC_CITY_NAME_OTTAWA CompletionTurn=113 EscapeResult=-1 InitialResult=5 LevelAfter=3 LootInfo=-1 Name=LOC_CITIZEN_MAYA_MODERN_MALE_1 Operation=58 PlotIndex=978
mission CityName=LOC_CITY_NAME_MONTREAL CompletionTurn=110 EscapeResult=-1 InitialResult=1 LevelAfter=1 LootInfo=-1 Name=LOC_CITIZEN_MAYA_MODERN_FEMALE_7 Operation=58 PlotIndex=1314
mission CityName=LOC_CITY_NAME_OTTAWA CompletionTurn=107 EscapeResult=-1 InitialResult=5 LevelAfter=2 LootInfo=-1 Name=LOC_CITIZEN_MAYA_MODERN_MALE_1 Operation=58 PlotIndex=978
tally 5  FOMENT_UNREST CAPTURED / NO_RESULT
tally 1  FOMENT_UNREST FAIL_MUST_ESCAPE / CAPTURED
tally 5  FOMENT_UNREST FAIL_MUST_ESCAPE / FAIL_MUST_ESCAPE
tally 5  FOMENT_UNREST FAIL_MUST_ESCAPE / KILLED
tally 5  FOMENT_UNREST FAIL_UNDETECTED / NO_RESULT
tally 1  FOMENT_UNREST KILLED / NO_RESULT
tally 1  FOMENT_UNREST SUCCESS_MUST_ESCAPE / CAPTURED
tally 8  FOMENT_UNREST SUCCESS_MUST_ESCAPE / FAIL_MUST_ESCAPE
tally 1  FOMENT_UNREST SUCCESS_MUST_ESCAPE / KILLED
tally 2  FOMENT_UNREST SUCCESS_MUST_ESCAPE / NO_RESULT
tally 26  FOMENT_UNREST SUCCESS_UNDETECTED / NO_RESULT
turn 168 spies active 4 idle 4 missions 60 captured-enemy 0
spy 7929863 LOC_CITIZEN_MAYA_MALE_8 level 4 at 54:15 busy
spy 7405581 LOC_CITIZEN_MAYA_MODERN_MALE_1 level 4 at 65:16 busy
spy 7995412 LOC_CITIZEN_MAYA_MODERN_FEMALE_3 level 2 at 54:15 refused
spy 7798809 LOC_CITIZEN_MAYA_MALE_7 level 3 at 54:15 refused
spy 8257563 LOC_CITIZEN_MAYA_MODERN_MALE_6 level 3 at 54:21 busy
spy 7208988 LOC_CITIZEN_MAYA_FEMALE_1 level 4 at 54:11 busy
spy 8192030 LOC_CITIZEN_MAYA_MODERN_FEMALE_2 level 1 at 54:21 refused
spy 8585247 LOC_CITIZEN_MAYA_MODERN_FEMALE_5 level 1 at 60:16 start
turn 168 spies 8 started 1 travelled 0 promoted 1 bought 0 gold 50000
unblock: blocker ENDTURN_BLOCKING_SPY_CHOOSE_ESCAPE_ROUTE -> escape route DISTRICT_CITY_CENTER of 1 for spy 7929863 LOC_CITIZEN_MAYA_MALE_8 level 4 turn 168 city LOC_CITY_NAME_MONTREAL p1 at 54:15 pursuer police | end turn requested
unstuck: InGamePopup: open, no close
unblock: blocker ENDTURN_BLOCKING_SPY_CHOOSE_ESCAPE_ROUTE -> escape route DISTRICT_AERODROME of 3 for spy 8257563 LOC_CITIZEN_MAYA_MODERN_MALE_6 level 4 turn 168 city LOC_CITY_NAME_TORONTO p1 at 54:21 pursuer police | end turn requested
unstuck: InGamePopup: open, no close
unblock: blocker ENDTURN_BLOCKING_FILL_CIVIC_SLOT -> nothing | end turn requested
unstuck: InGamePopup: open, no close
mission CityName=LOC_CITY_NAME_HALIFAX CompletionTurn=169 EscapeResult=-1 InitialResult=5 LevelAfter=4 LootInfo=-1 Name=LOC_CITIZEN_MAYA_MODERN_MALE_1 Operation=58 PlotIndex=1409
mission CityName=LOC_CITY_NAME_TORONTO CompletionTurn=168 EscapeResult=2 InitialResult=4 LevelAfter=4 LootInfo=-1 Name=LOC_CITIZEN_MAYA_MODERN_MALE_6 Operation=58 PlotIndex=1818
mission CityName=LOC_CITY_NAME_MONTREAL CompletionTurn=168 EscapeResult=2 InitialResult=4 LevelAfter=4 LootInfo=-1 Name=LOC_CITIZEN_MAYA_MALE_8 Operation=58 PlotIndex=1314
mission CityName=LOC_CITY_NAME_OTTAWA CompletionTurn=167 EscapeResult=-1 InitialResult=5 LevelAfter=4 LootInfo=-1 Name=LOC_CITIZEN_MAYA_FEMALE_1 Operation=58 PlotIndex=978
mission CityName=LOC_CITY_NAME_MONTREAL CompletionTurn=165 EscapeResult=-1 InitialResult=5 LevelAfter=3 LootInfo=-1 Name=LOC_CITIZEN_MAYA_MALE_7 Operation=58 PlotIndex=1314
mission CityName=LOC_CITY_NAME_HALIFAX CompletionTurn=165 EscapeResult=-1 InitialResult=5 LevelAfter=4 LootInfo=-1 Name=LOC_CITIZEN_MAYA_MODERN_MALE_1 Operation=58 PlotIndex=1409
mission CityName=LOC_CITY_NAME_MONTREAL CompletionTurn=164 EscapeResult=-1 InitialResult=5 LevelAfter=2 LootInfo=-1 Name=LOC_CITIZEN_MAYA_MALE_7 Operation=58 PlotIndex=1314
mission CityName=LOC_CITY_NAME_OTTAWA CompletionTurn=162 EscapeResult=-1 InitialResult=5 LevelAfter=3 LootInfo=-1 Name=LOC_CITIZEN_MAYA_FEMALE_1 Operation=58 PlotIndex=978
mission CityName=LOC_CITY_NAME_VANCOUVER CompletionTurn=162 EscapeResult=0 InitialResult=2 LevelAfter=1 LootInfo=-1 Name=LOC_CITIZEN_MAYA_FEMALE_8 Operation=58 PlotIndex=1743
mission CityName=LOC_CITY_NAME_CHARLOTTETOWN CompletionTurn=161 EscapeResult=0 InitialResult=2 LevelAfter=1 LootInfo=-1 Name=LOC_CITIZEN_MAYA_MALE_6 Operation=58 PlotIndex=1644
mission CityName=LOC_CITY_NAME_HALIFAX CompletionTurn=161 EscapeResult=-1 InitialResult=5 LevelAfter=4 LootInfo=-1 Name=LOC_CITIZEN_MAYA_MODERN_MALE_1 Operation=58 PlotIndex=1409
mission CityName=LOC_CITY_NAME_TE_HOKIANGA_NU_A_KUPE CompletionTurn=160 EscapeResult=2 InitialResult=2 LevelAfter=3 LootInfo=-1 Name=LOC_CITIZEN_MAYA_MODERN_FEMALE_4 Operation=58 PlotIndex=772
mission CityName=LOC_CITY_NAME_TORONTO CompletionTurn=160 EscapeResult=2 InitialResult=4 LevelAfter=3 LootInfo=-1 Name=LOC_CITIZEN_MAYA_MODERN_MALE_6 Operation=58 PlotIndex=1818
mission CityName=LOC_CITY_NAME_OTTAWA CompletionTurn=158 EscapeResult=-1 InitialResult=5 LevelAfter=2 LootInfo=-1 Name=LOC_CITIZEN_MAYA_FEMALE_1 Operation=58 PlotIndex=978
mission CityName=LOC_CITY_NAME_QUEBEC_CITY CompletionTurn=158 EscapeResult=-1 InitialResult=1 LevelAfter=2 LootInfo=-1 Name=LOC_CITIZEN_MAYA_FEMALE_4 Operation=58 PlotIndex=1404
mission CityName=LOC_CITY_NAME_VANCOUVER CompletionTurn=158 EscapeResult=-1 InitialResult=3 LevelAfter=1 LootInfo=-1 Name=LOC_CITIZEN_MAYA_FEMALE_8 Operation=58 PlotIndex=1743
mission CityName=LOC_CITY_NAME_TE_HOKIANGA_NU_A_KUPE CompletionTurn=154 EscapeResult=-1 InitialResult=5 LevelAfter=3 LootInfo=-1 Name=LOC_CITIZEN_MAYA_MODERN_FEMALE_4 Operation=58 PlotIndex=772
mission CityName=LOC_CITY_NAME_CALGARY CompletionTurn=154 EscapeResult=2 InitialResult=4 LevelAfter=4 LootInfo=-1 Name=LOC_CITIZEN_MAYA_MALE_8 Operation=58 PlotIndex=1991
mission CityName=LOC_CITY_NAME_TORONTO CompletionTurn=154 EscapeResult=-1 InitialResult=5 LevelAfter=2 LootInfo=-1 Name=LOC_CITIZEN_MAYA_MODERN_MALE_6 Operation=58 PlotIndex=1818
mission CityName=LOC_CITY_NAME_MONTREAL CompletionTurn=152 EscapeResult=2 InitialResult=2 LevelAfter=2 LootInfo=-1 Name=LOC_CITIZEN_MAYA_MODERN_FEMALE_3 Operation=58 PlotIndex=1314
mission CityName=LOC_CITY_NAME_VANCOUVER CompletionTurn=152 EscapeResult=-1 InitialResult=3 LevelAfter=1 LootInfo=-1 Name=LOC_CITIZEN_MAYA_FEMALE_8 Operation=58 PlotIndex=1743
mission CityName=LOC_CITY_NAME_VICTORIA CompletionTurn=152 EscapeResult=0 InitialResult=4 LevelAfter=4 LootInfo=-1 Name=LOC_CITIZEN_MAYA_FEMALE_6 Operation=58 PlotIndex=888
mission CityName=LOC_CITY_NAME_QUEBEC_CITY CompletionTurn=149 EscapeResult=-1 InitialResult=5 LevelAfter=2 LootInfo=-1 Name=LOC_CITIZEN_MAYA_FEMALE_4 Operation=58 PlotIndex=1404
mission CityName=LOC_CITY_NAME_HALIFAX CompletionTurn=149 EscapeResult=0 InitialResult=2 LevelAfter=3 LootInfo=-1 Name=LOC_CITIZEN_MAYA_MODERN_FEMALE_8 Operation=58 PlotIndex=1409
mission CityName=LOC_CITY_NAME_CALGARY CompletionTurn=149 EscapeResult=-1 InitialResult=5 LevelAfter=4 LootInfo=-1 Name=LOC_CITIZEN_MAYA_MALE_8 Operation=58 PlotIndex=1991
mission CityName=LOC_CITY_NAME_OTTAWA CompletionTurn=147 EscapeResult=2 InitialResult=4 LevelAfter=4 LootInfo=-1 Name=LOC_CITIZEN_MAYA_MODERN_MALE_1 Operation=58 PlotIndex=978
mission CityName=LOC_CITY_NAME_VANCOUVER CompletionTurn=145 EscapeResult=2 InitialResult=2 LevelAfter=1 LootInfo=-1 Name=LOC_CITIZEN_MAYA_FEMALE_1 Operation=58 PlotIndex=1743
mission CityName=LOC_CITY_NAME_MONTREAL CompletionTurn=144 EscapeResult=-1 InitialResult=5 LevelAfter=2 LootInfo=-1 Name=LOC_CITIZEN_MAYA_MODERN_FEMALE_3 Operation=58 PlotIndex=1314
mission CityName=LOC_CITY_NAME_TORONTO CompletionTurn=144 EscapeResult=2 InitialResult=2 LevelAfter=2 LootInfo=-1 Name=LOC_CITIZEN_MAYA_MODERN_FEMALE_4 Operation=58 PlotIndex=1818
mission CityName=LOC_CITY_NAME_VICTORIA CompletionTurn=143 EscapeResult=0 InitialResult=2 LevelAfter=3 LootInfo=-1 Name=LOC_CITIZEN_MAYA_MODERN_FEMALE_6 Operation=58 PlotIndex=888
mission CityName=LOC_CITY_NAME_OTTAWA CompletionTurn=143 EscapeResult=-1 InitialResult=3 LevelAfter=4 LootInfo=-1 Name=LOC_CITIZEN_MAYA_MODERN_MALE_1 Operation=58 PlotIndex=978
mission CityName=LOC_CITY_NAME_HALIFAX CompletionTurn=142 EscapeResult=-1 InitialResult=5 LevelAfter=3 LootInfo=-1 Name=LOC_CITIZEN_MAYA_MODERN_FEMALE_8 Operation=58 PlotIndex=1409
mission CityName=LOC_CITY_NAME_CALGARY CompletionTurn=142 EscapeResult=-1 InitialResult=5 LevelAfter=4 LootInfo=-1 Name=LOC_CITIZEN_MAYA_MALE_8 Operation=58 PlotIndex=1991
mission CityName=LOC_CITY_NAME_MONTREAL CompletionTurn=141 EscapeResult=-1 InitialResult=1 LevelAfter=2 LootInfo=-1 Name=LOC_CITIZEN_MAYA_MODERN_MALE_4 Operation=58 PlotIndex=1314
mission CityName=LOC_CITY_NAME_MONTREAL CompletionTurn=140 EscapeResult=-1 InitialResult=5 LevelAfter=2 LootInfo=-1 Name=LOC_CITIZEN_MAYA_MODERN_MALE_4 Operation=58 PlotIndex=1314
mission CityName=LOC_CITY_NAME_QUEBEC_CITY CompletionTurn=140 EscapeResult=2 InitialResult=4 LevelAfter=3 LootInfo=-1 Name=LOC_CITIZEN_MAYA_FEMALE_6 Operation=58 PlotIndex=1404
mission CityName=LOC_CITY_NAME_OTTAWA CompletionTurn=139 EscapeResult=-1 InitialResult=5 LevelAfter=4 LootInfo=-1 Name=LOC_CITIZEN_MAYA_MODERN_MALE_1 Operation=58 PlotIndex=978
mission CityName=LOC_CITY_NAME_VICTORIA CompletionTurn=138 EscapeResult=1 InitialResult=4 LevelAfter=2 LootInfo=-1 Name=LOC_CITIZEN_MAYA_MALE_2 Operation=58 PlotIndex=888
mission CityName=LOC_CITY_NAME_TORONTO CompletionTurn=137 EscapeResult=-1 InitialResult=5 LevelAfter=2 LootInfo=-1 Name=LOC_CITIZEN_MAYA_MODERN_FEMALE_4 Operation=58 PlotIndex=1818
mission CityName=LOC_CITY_NAME_QUEBEC_CITY CompletionTurn=136 EscapeResult=-1 InitialResult=1 LevelAfter=2 LootInfo=-1 Name=LOC_CITIZEN_MAYA_MODERN_MALE_9 Operation=58 PlotIndex=1404
mission CityName=LOC_CITY_NAME_HALIFAX CompletionTurn=135 EscapeResult=-1 InitialResult=5 LevelAfter=2 LootInfo=-1 Name=LOC_CITIZEN_MAYA_MODERN_FEMALE_8 Operation=58 PlotIndex=1409
mission CityName=LOC_CITY_NAME_OTTAWA CompletionTurn=135 EscapeResult=-1 InitialResult=5 LevelAfter=4 LootInfo=-1 Name=LOC_CITIZEN_MAYA_MODERN_MALE_1 Operation=58 PlotIndex=978
mission CityName=LOC_CITY_NAME_CALGARY CompletionTurn=133 EscapeResult=2 InitialResult=4 LevelAfter=3 LootInfo=-1 Name=LOC_CITIZEN_MAYA_MALE_8 Operation=58 PlotIndex=1991
mission CityName=LOC_CITY_NAME_MONTREAL CompletionTurn=132 EscapeResult=0 InitialResult=2 LevelAfter=1 LootInfo=-1 Name=LOC_CITIZEN_MAYA_MALE_5 Operation=58 PlotIndex=1314
mission CityName=LOC_CITY_NAME_QUEBEC_CITY CompletionTurn=131 EscapeResult=-1 InitialResult=5 LevelAfter=2 LootInfo=-1 Name=LOC_CITIZEN_MAYA_MODERN_MALE_9 Operation=58 PlotIndex=1404
mission CityName=LOC_CITY_NAME_OTTAWA CompletionTurn=130 EscapeResult=-1 InitialResult=5 LevelAfter=4 LootInfo=-1 Name=LOC_CITIZEN_MAYA_MODERN_MALE_1 Operation=58 PlotIndex=978
mission CityName=LOC_CITY_NAME_CALGARY CompletionTurn=129 EscapeResult=-1 InitialResult=3 LevelAfter=2 LootInfo=-1 Name=LOC_CITIZEN_MAYA_MALE_8 Operation=58 PlotIndex=1991
mission CityName=LOC_CITY_NAME_TORONTO CompletionTurn=129 EscapeResult=2 InitialResult=4 LevelAfter=3 LootInfo=-1 Name=LOC_CITIZEN_MAYA_MODERN_FEMALE_6 Operation=58 PlotIndex=1818
mission CityName=LOC_CITY_NAME_MONTREAL CompletionTurn=127 EscapeResult=2 InitialResult=2 LevelAfter=1 LootInfo=-1 Name=LOC_CITIZEN_MAYA_MALE_2 Operation=58 PlotIndex=1314
mission CityName=LOC_CITY_NAME_OTTAWA CompletionTurn=124 EscapeResult=-1 InitialResult=5 LevelAfter=4 LootInfo=-1 Name=LOC_CITIZEN_MAYA_MODERN_MALE_1 Operation=58 PlotIndex=978
mission CityName=LOC_CITY_NAME_CALGARY CompletionTurn=123 EscapeResult=-1 InitialResult=5 LevelAfter=2 LootInfo=-1 Name=LOC_CITIZEN_MAYA_MALE_8 Operation=58 PlotIndex=1991
mission CityName=LOC_CITY_NAME_HALIFAX CompletionTurn=121 EscapeResult=2 InitialResult=4 LevelAfter=2 LootInfo=-1 Name=LOC_CITIZEN_MAYA_FEMALE_6 Operation=58 PlotIndex=1409
mission CityName=LOC_CITY_NAME_OTTAWA CompletionTurn=120 EscapeResult=-1 InitialResult=3 LevelAfter=3 LootInfo=-1 Name=LOC_CITIZEN_MAYA_MODERN_MALE_1 Operation=58 PlotIndex=978
mission CityName=LOC_CITY_NAME_MONTREAL CompletionTurn=120 EscapeResult=-1 InitialResult=0 LevelAfter=2 LootInfo=-1 Name=LOC_CITIZEN_MAYA_FEMALE_7 Operation=58 PlotIndex=1314
mission CityName=LOC_CITY_NAME_QUEBEC_CITY CompletionTurn=118 EscapeResult=1 InitialResult=2 LevelAfter=1 LootInfo=-1 Name=LOC_CITIZEN_MAYA_MODERN_FEMALE_1 Operation=58 PlotIndex=1404
mission CityName=LOC_CITY_NAME_TORONTO CompletionTurn=118 EscapeResult=2 InitialResult=4 LevelAfter=2 LootInfo=-1 Name=LOC_CITIZEN_MAYA_MODERN_FEMALE_6 Operation=58 PlotIndex=1818
mission CityName=LOC_CITY_NAME_TORONTO CompletionTurn=114 EscapeResult=-1 InitialResult=1 LevelAfter=1 LootInfo=-1 Name=LOC_CITIZEN_MAYA_FEMALE_3 Operation=58 PlotIndex=1818
mission CityName=LOC_CITY_NAME_MONTREAL CompletionTurn=114 EscapeResult=-1 InitialResult=5 LevelAfter=2 LootInfo=-1 Name=LOC_CITIZEN_MAYA_FEMALE_7 Operation=58 PlotIndex=1314
mission CityName=LOC_CITY_NAME_OTTAWA CompletionTurn=113 EscapeResult=-1 InitialResult=5 LevelAfter=3 LootInfo=-1 Name=LOC_CITIZEN_MAYA_MODERN_MALE_1 Operation=58 PlotIndex=978
mission CityName=LOC_CITY_NAME_MONTREAL CompletionTurn=110 EscapeResult=-1 InitialResult=1 LevelAfter=1 LootInfo=-1 Name=LOC_CITIZEN_MAYA_MODERN_FEMALE_7 Operation=58 PlotIndex=1314
mission CityName=LOC_CITY_NAME_OTTAWA CompletionTurn=107 EscapeResult=-1 InitialResult=5 LevelAfter=2 LootInfo=-1 Name=LOC_CITIZEN_MAYA_MODERN_MALE_1 Operation=58 PlotIndex=978
tally 5  FOMENT_UNREST CAPTURED / NO_RESULT
tally 1  FOMENT_UNREST FAIL_MUST_ESCAPE / CAPTURED
tally 5  FOMENT_UNREST FAIL_MUST_ESCAPE / FAIL_MUST_ESCAPE
tally 5  FOMENT_UNREST FAIL_MUST_ESCAPE / KILLED
tally 5  FOMENT_UNREST FAIL_UNDETECTED / NO_RESULT
tally 1  FOMENT_UNREST KILLED / NO_RESULT
tally 1  FOMENT_UNREST SUCCESS_MUST_ESCAPE / CAPTURED
tally 10  FOMENT_UNREST SUCCESS_MUST_ESCAPE / FAIL_MUST_ESCAPE
tally 1  FOMENT_UNREST SUCCESS_MUST_ESCAPE / KILLED
tally 27  FOMENT_UNREST SUCCESS_UNDETECTED / NO_RESULT
turn 169 spies active 1 idle 7 missions 61 captured-enemy 0
spy 8716295 LOC_CITIZEN_MAYA_MODERN_MALE_6 level 4 at 36:42 travel
spy 7405581 LOC_CITIZEN_MAYA_MODERN_MALE_1 level 4 at 65:16 start
spy 7995412 LOC_CITIZEN_MAYA_MODERN_FEMALE_3 level 2 at 54:15 start
spy 7798809 LOC_CITIZEN_MAYA_MALE_7 level 3 at 54:15 start
spy 8650779 LOC_CITIZEN_MAYA_MODERN_FEMALE_4 level 3 at 60:16 refused
spy 7208988 LOC_CITIZEN_MAYA_FEMALE_1 level 4 at 54:11 start
spy 8192030 LOC_CITIZEN_MAYA_MODERN_FEMALE_2 level 1 at 54:21 start
spy 8585247 LOC_CITIZEN_MAYA_MODERN_FEMALE_5 level 1 at 60:16 busy
turn 169 spies 8 started 5 travelled 1 promoted 0 bought 0 gold 50000
unblock: blocker ENDTURN_BLOCKING_PRODUCTION -> NARANJO builds UNIT_WARRIOR | end turn requested
unstuck: InGamePopup: open, no close
unblock: blocker ENDTURN_BLOCKING_FILL_CIVIC_SLOT -> nothing | end turn requested
unstuck: closed sessions [7:7]
unstuck: DiplomacyActionView: Closing Diplomacy Action View. m_eventID: 3059173
unstuck: InGamePopup: open, no close
mission CityName=LOC_CITY_NAME_HALIFAX CompletionTurn=169 EscapeResult=-1 InitialResult=5 LevelAfter=4 LootInfo=-1 Name=LOC_CITIZEN_MAYA_MODERN_MALE_1 Operation=58 PlotIndex=1409
mission CityName=LOC_CITY_NAME_TORONTO CompletionTurn=168 EscapeResult=2 InitialResult=4 LevelAfter=4 LootInfo=-1 Name=LOC_CITIZEN_MAYA_MODERN_MALE_6 Operation=58 PlotIndex=1818
mission CityName=LOC_CITY_NAME_MONTREAL CompletionTurn=168 EscapeResult=2 InitialResult=4 LevelAfter=4 LootInfo=-1 Name=LOC_CITIZEN_MAYA_MALE_8 Operation=58 PlotIndex=1314
mission CityName=LOC_CITY_NAME_OTTAWA CompletionTurn=167 EscapeResult=-1 InitialResult=5 LevelAfter=4 LootInfo=-1 Name=LOC_CITIZEN_MAYA_FEMALE_1 Operation=58 PlotIndex=978
mission CityName=LOC_CITY_NAME_MONTREAL CompletionTurn=165 EscapeResult=-1 InitialResult=5 LevelAfter=3 LootInfo=-1 Name=LOC_CITIZEN_MAYA_MALE_7 Operation=58 PlotIndex=1314
mission CityName=LOC_CITY_NAME_HALIFAX CompletionTurn=165 EscapeResult=-1 InitialResult=5 LevelAfter=4 LootInfo=-1 Name=LOC_CITIZEN_MAYA_MODERN_MALE_1 Operation=58 PlotIndex=1409
mission CityName=LOC_CITY_NAME_MONTREAL CompletionTurn=164 EscapeResult=-1 InitialResult=5 LevelAfter=2 LootInfo=-1 Name=LOC_CITIZEN_MAYA_MALE_7 Operation=58 PlotIndex=1314
mission CityName=LOC_CITY_NAME_OTTAWA CompletionTurn=162 EscapeResult=-1 InitialResult=5 LevelAfter=3 LootInfo=-1 Name=LOC_CITIZEN_MAYA_FEMALE_1 Operation=58 PlotIndex=978
mission CityName=LOC_CITY_NAME_VANCOUVER CompletionTurn=162 EscapeResult=0 InitialResult=2 LevelAfter=1 LootInfo=-1 Name=LOC_CITIZEN_MAYA_FEMALE_8 Operation=58 PlotIndex=1743
mission CityName=LOC_CITY_NAME_CHARLOTTETOWN CompletionTurn=161 EscapeResult=0 InitialResult=2 LevelAfter=1 LootInfo=-1 Name=LOC_CITIZEN_MAYA_MALE_6 Operation=58 PlotIndex=1644
mission CityName=LOC_CITY_NAME_HALIFAX CompletionTurn=161 EscapeResult=-1 InitialResult=5 LevelAfter=4 LootInfo=-1 Name=LOC_CITIZEN_MAYA_MODERN_MALE_1 Operation=58 PlotIndex=1409
mission CityName=LOC_CITY_NAME_TE_HOKIANGA_NU_A_KUPE CompletionTurn=160 EscapeResult=2 InitialResult=2 LevelAfter=3 LootInfo=-1 Name=LOC_CITIZEN_MAYA_MODERN_FEMALE_4 Operation=58 PlotIndex=772
mission CityName=LOC_CITY_NAME_TORONTO CompletionTurn=160 EscapeResult=2 InitialResult=4 LevelAfter=3 LootInfo=-1 Name=LOC_CITIZEN_MAYA_MODERN_MALE_6 Operation=58 PlotIndex=1818
mission CityName=LOC_CITY_NAME_OTTAWA CompletionTurn=158 EscapeResult=-1 InitialResult=5 LevelAfter=2 LootInfo=-1 Name=LOC_CITIZEN_MAYA_FEMALE_1 Operation=58 PlotIndex=978
mission CityName=LOC_CITY_NAME_QUEBEC_CITY CompletionTurn=158 EscapeResult=-1 InitialResult=1 LevelAfter=2 LootInfo=-1 Name=LOC_CITIZEN_MAYA_FEMALE_4 Operation=58 PlotIndex=1404
mission CityName=LOC_CITY_NAME_VANCOUVER CompletionTurn=158 EscapeResult=-1 InitialResult=3 LevelAfter=1 LootInfo=-1 Name=LOC_CITIZEN_MAYA_FEMALE_8 Operation=58 PlotIndex=1743
mission CityName=LOC_CITY_NAME_TE_HOKIANGA_NU_A_KUPE CompletionTurn=154 EscapeResult=-1 InitialResult=5 LevelAfter=3 LootInfo=-1 Name=LOC_CITIZEN_MAYA_MODERN_FEMALE_4 Operation=58 PlotIndex=772
mission CityName=LOC_CITY_NAME_CALGARY CompletionTurn=154 EscapeResult=2 InitialResult=4 LevelAfter=4 LootInfo=-1 Name=LOC_CITIZEN_MAYA_MALE_8 Operation=58 PlotIndex=1991
mission CityName=LOC_CITY_NAME_TORONTO CompletionTurn=154 EscapeResult=-1 InitialResult=5 LevelAfter=2 LootInfo=-1 Name=LOC_CITIZEN_MAYA_MODERN_MALE_6 Operation=58 PlotIndex=1818
mission CityName=LOC_CITY_NAME_MONTREAL CompletionTurn=152 EscapeResult=2 InitialResult=2 LevelAfter=2 LootInfo=-1 Name=LOC_CITIZEN_MAYA_MODERN_FEMALE_3 Operation=58 PlotIndex=1314
mission CityName=LOC_CITY_NAME_VANCOUVER CompletionTurn=152 EscapeResult=-1 InitialResult=3 LevelAfter=1 LootInfo=-1 Name=LOC_CITIZEN_MAYA_FEMALE_8 Operation=58 PlotIndex=1743
mission CityName=LOC_CITY_NAME_VICTORIA CompletionTurn=152 EscapeResult=0 InitialResult=4 LevelAfter=4 LootInfo=-1 Name=LOC_CITIZEN_MAYA_FEMALE_6 Operation=58 PlotIndex=888
mission CityName=LOC_CITY_NAME_QUEBEC_CITY CompletionTurn=149 EscapeResult=-1 InitialResult=5 LevelAfter=2 LootInfo=-1 Name=LOC_CITIZEN_MAYA_FEMALE_4 Operation=58 PlotIndex=1404
mission CityName=LOC_CITY_NAME_HALIFAX CompletionTurn=149 EscapeResult=0 InitialResult=2 LevelAfter=3 LootInfo=-1 Name=LOC_CITIZEN_MAYA_MODERN_FEMALE_8 Operation=58 PlotIndex=1409
mission CityName=LOC_CITY_NAME_CALGARY CompletionTurn=149 EscapeResult=-1 InitialResult=5 LevelAfter=4 LootInfo=-1 Name=LOC_CITIZEN_MAYA_MALE_8 Operation=58 PlotIndex=1991
mission CityName=LOC_CITY_NAME_OTTAWA CompletionTurn=147 EscapeResult=2 InitialResult=4 LevelAfter=4 LootInfo=-1 Name=LOC_CITIZEN_MAYA_MODERN_MALE_1 Operation=58 PlotIndex=978
mission CityName=LOC_CITY_NAME_VANCOUVER CompletionTurn=145 EscapeResult=2 InitialResult=2 LevelAfter=1 LootInfo=-1 Name=LOC_CITIZEN_MAYA_FEMALE_1 Operation=58 PlotIndex=1743
mission CityName=LOC_CITY_NAME_MONTREAL CompletionTurn=144 EscapeResult=-1 InitialResult=5 LevelAfter=2 LootInfo=-1 Name=LOC_CITIZEN_MAYA_MODERN_FEMALE_3 Operation=58 PlotIndex=1314
mission CityName=LOC_CITY_NAME_TORONTO CompletionTurn=144 EscapeResult=2 InitialResult=2 LevelAfter=2 LootInfo=-1 Name=LOC_CITIZEN_MAYA_MODERN_FEMALE_4 Operation=58 PlotIndex=1818
mission CityName=LOC_CITY_NAME_VICTORIA CompletionTurn=143 EscapeResult=0 InitialResult=2 LevelAfter=3 LootInfo=-1 Name=LOC_CITIZEN_MAYA_MODERN_FEMALE_6 Operation=58 PlotIndex=888
mission CityName=LOC_CITY_NAME_OTTAWA CompletionTurn=143 EscapeResult=-1 InitialResult=3 LevelAfter=4 LootInfo=-1 Name=LOC_CITIZEN_MAYA_MODERN_MALE_1 Operation=58 PlotIndex=978
mission CityName=LOC_CITY_NAME_HALIFAX CompletionTurn=142 EscapeResult=-1 InitialResult=5 LevelAfter=3 LootInfo=-1 Name=LOC_CITIZEN_MAYA_MODERN_FEMALE_8 Operation=58 PlotIndex=1409
mission CityName=LOC_CITY_NAME_CALGARY CompletionTurn=142 EscapeResult=-1 InitialResult=5 LevelAfter=4 LootInfo=-1 Name=LOC_CITIZEN_MAYA_MALE_8 Operation=58 PlotIndex=1991
mission CityName=LOC_CITY_NAME_MONTREAL CompletionTurn=141 EscapeResult=-1 InitialResult=1 LevelAfter=2 LootInfo=-1 Name=LOC_CITIZEN_MAYA_MODERN_MALE_4 Operation=58 PlotIndex=1314
mission CityName=LOC_CITY_NAME_MONTREAL CompletionTurn=140 EscapeResult=-1 InitialResult=5 LevelAfter=2 LootInfo=-1 Name=LOC_CITIZEN_MAYA_MODERN_MALE_4 Operation=58 PlotIndex=1314
mission CityName=LOC_CITY_NAME_QUEBEC_CITY CompletionTurn=140 EscapeResult=2 InitialResult=4 LevelAfter=3 LootInfo=-1 Name=LOC_CITIZEN_MAYA_FEMALE_6 Operation=58 PlotIndex=1404
mission CityName=LOC_CITY_NAME_OTTAWA CompletionTurn=139 EscapeResult=-1 InitialResult=5 LevelAfter=4 LootInfo=-1 Name=LOC_CITIZEN_MAYA_MODERN_MALE_1 Operation=58 PlotIndex=978
mission CityName=LOC_CITY_NAME_VICTORIA CompletionTurn=138 EscapeResult=1 InitialResult=4 LevelAfter=2 LootInfo=-1 Name=LOC_CITIZEN_MAYA_MALE_2 Operation=58 PlotIndex=888
mission CityName=LOC_CITY_NAME_TORONTO CompletionTurn=137 EscapeResult=-1 InitialResult=5 LevelAfter=2 LootInfo=-1 Name=LOC_CITIZEN_MAYA_MODERN_FEMALE_4 Operation=58 PlotIndex=1818
mission CityName=LOC_CITY_NAME_QUEBEC_CITY CompletionTurn=136 EscapeResult=-1 InitialResult=1 LevelAfter=2 LootInfo=-1 Name=LOC_CITIZEN_MAYA_MODERN_MALE_9 Operation=58 PlotIndex=1404
mission CityName=LOC_CITY_NAME_HALIFAX CompletionTurn=135 EscapeResult=-1 InitialResult=5 LevelAfter=2 LootInfo=-1 Name=LOC_CITIZEN_MAYA_MODERN_FEMALE_8 Operation=58 PlotIndex=1409
mission CityName=LOC_CITY_NAME_OTTAWA CompletionTurn=135 EscapeResult=-1 InitialResult=5 LevelAfter=4 LootInfo=-1 Name=LOC_CITIZEN_MAYA_MODERN_MALE_1 Operation=58 PlotIndex=978
mission CityName=LOC_CITY_NAME_CALGARY CompletionTurn=133 EscapeResult=2 InitialResult=4 LevelAfter=3 LootInfo=-1 Name=LOC_CITIZEN_MAYA_MALE_8 Operation=58 PlotIndex=1991
mission CityName=LOC_CITY_NAME_MONTREAL CompletionTurn=132 EscapeResult=0 InitialResult=2 LevelAfter=1 LootInfo=-1 Name=LOC_CITIZEN_MAYA_MALE_5 Operation=58 PlotIndex=1314
mission CityName=LOC_CITY_NAME_QUEBEC_CITY CompletionTurn=131 EscapeResult=-1 InitialResult=5 LevelAfter=2 LootInfo=-1 Name=LOC_CITIZEN_MAYA_MODERN_MALE_9 Operation=58 PlotIndex=1404
mission CityName=LOC_CITY_NAME_OTTAWA CompletionTurn=130 EscapeResult=-1 InitialResult=5 LevelAfter=4 LootInfo=-1 Name=LOC_CITIZEN_MAYA_MODERN_MALE_1 Operation=58 PlotIndex=978
mission CityName=LOC_CITY_NAME_CALGARY CompletionTurn=129 EscapeResult=-1 InitialResult=3 LevelAfter=2 LootInfo=-1 Name=LOC_CITIZEN_MAYA_MALE_8 Operation=58 PlotIndex=1991
mission CityName=LOC_CITY_NAME_TORONTO CompletionTurn=129 EscapeResult=2 InitialResult=4 LevelAfter=3 LootInfo=-1 Name=LOC_CITIZEN_MAYA_MODERN_FEMALE_6 Operation=58 PlotIndex=1818
mission CityName=LOC_CITY_NAME_MONTREAL CompletionTurn=127 EscapeResult=2 InitialResult=2 LevelAfter=1 LootInfo=-1 Name=LOC_CITIZEN_MAYA_MALE_2 Operation=58 PlotIndex=1314
mission CityName=LOC_CITY_NAME_OTTAWA CompletionTurn=124 EscapeResult=-1 InitialResult=5 LevelAfter=4 LootInfo=-1 Name=LOC_CITIZEN_MAYA_MODERN_MALE_1 Operation=58 PlotIndex=978
mission CityName=LOC_CITY_NAME_CALGARY CompletionTurn=123 EscapeResult=-1 InitialResult=5 LevelAfter=2 LootInfo=-1 Name=LOC_CITIZEN_MAYA_MALE_8 Operation=58 PlotIndex=1991
mission CityName=LOC_CITY_NAME_HALIFAX CompletionTurn=121 EscapeResult=2 InitialResult=4 LevelAfter=2 LootInfo=-1 Name=LOC_CITIZEN_MAYA_FEMALE_6 Operation=58 PlotIndex=1409
mission CityName=LOC_CITY_NAME_OTTAWA CompletionTurn=120 EscapeResult=-1 InitialResult=3 LevelAfter=3 LootInfo=-1 Name=LOC_CITIZEN_MAYA_MODERN_MALE_1 Operation=58 PlotIndex=978
mission CityName=LOC_CITY_NAME_MONTREAL CompletionTurn=120 EscapeResult=-1 InitialResult=0 LevelAfter=2 LootInfo=-1 Name=LOC_CITIZEN_MAYA_FEMALE_7 Operation=58 PlotIndex=1314
mission CityName=LOC_CITY_NAME_QUEBEC_CITY CompletionTurn=118 EscapeResult=1 InitialResult=2 LevelAfter=1 LootInfo=-1 Name=LOC_CITIZEN_MAYA_MODERN_FEMALE_1 Operation=58 PlotIndex=1404
mission CityName=LOC_CITY_NAME_TORONTO CompletionTurn=118 EscapeResult=2 InitialResult=4 LevelAfter=2 LootInfo=-1 Name=LOC_CITIZEN_MAYA_MODERN_FEMALE_6 Operation=58 PlotIndex=1818
mission CityName=LOC_CITY_NAME_TORONTO CompletionTurn=114 EscapeResult=-1 InitialResult=1 LevelAfter=1 LootInfo=-1 Name=LOC_CITIZEN_MAYA_FEMALE_3 Operation=58 PlotIndex=1818
mission CityName=LOC_CITY_NAME_MONTREAL CompletionTurn=114 EscapeResult=-1 InitialResult=5 LevelAfter=2 LootInfo=-1 Name=LOC_CITIZEN_MAYA_FEMALE_7 Operation=58 PlotIndex=1314
mission CityName=LOC_CITY_NAME_OTTAWA CompletionTurn=113 EscapeResult=-1 InitialResult=5 LevelAfter=3 LootInfo=-1 Name=LOC_CITIZEN_MAYA_MODERN_MALE_1 Operation=58 PlotIndex=978
mission CityName=LOC_CITY_NAME_MONTREAL CompletionTurn=110 EscapeResult=-1 InitialResult=1 LevelAfter=1 LootInfo=-1 Name=LOC_CITIZEN_MAYA_MODERN_FEMALE_7 Operation=58 PlotIndex=1314
mission CityName=LOC_CITY_NAME_OTTAWA CompletionTurn=107 EscapeResult=-1 InitialResult=5 LevelAfter=2 LootInfo=-1 Name=LOC_CITIZEN_MAYA_MODERN_MALE_1 Operation=58 PlotIndex=978
tally 5  FOMENT_UNREST CAPTURED / NO_RESULT
tally 1  FOMENT_UNREST FAIL_MUST_ESCAPE / CAPTURED
tally 5  FOMENT_UNREST FAIL_MUST_ESCAPE / FAIL_MUST_ESCAPE
tally 5  FOMENT_UNREST FAIL_MUST_ESCAPE / KILLED
tally 5  FOMENT_UNREST FAIL_UNDETECTED / NO_RESULT
tally 1  FOMENT_UNREST KILLED / NO_RESULT
tally 1  FOMENT_UNREST SUCCESS_MUST_ESCAPE / CAPTURED
tally 10  FOMENT_UNREST SUCCESS_MUST_ESCAPE / FAIL_MUST_ESCAPE
tally 1  FOMENT_UNREST SUCCESS_MUST_ESCAPE / KILLED
tally 27  FOMENT_UNREST SUCCESS_UNDETECTED / NO_RESULT
turn 170 spies active 5 idle 3 missions 61 captured-enemy 0
spy 8847367 LOC_CITIZEN_MAYA_MODERN_MALE_6 level 4 at 59:23 start
spy 7405581 LOC_CITIZEN_MAYA_MODERN_MALE_1 level 4 at 65:16 busy
spy 7995412 LOC_CITIZEN_MAYA_MODERN_FEMALE_3 level 2 at 54:15 busy
spy 7798809 LOC_CITIZEN_MAYA_MALE_7 level 3 at 54:15 refused
spy 8650779 LOC_CITIZEN_MAYA_MODERN_FEMALE_4 level 3 at 60:16 refused
spy 7208988 LOC_CITIZEN_MAYA_FEMALE_1 level 4 at 54:11 busy
spy 8192030 LOC_CITIZEN_MAYA_MODERN_FEMALE_2 level 1 at 54:21 busy
spy 8585247 LOC_CITIZEN_MAYA_MODERN_FEMALE_5 level 1 at 60:16 busy
turn 170 spies 8 started 1 travelled 0 promoted 0 bought 0 gold 50000
unblock: blocker ENDTURN_BLOCKING_FILL_CIVIC_SLOT -> nothing | end turn requested
unstuck: InGamePopup: open, no close
unblock: blocker ENDTURN_BLOCKING_FILL_CIVIC_SLOT -> nothing | end turn requested
unstuck: closed sessions [2:2]
unstuck: DiplomacyActionView: Closing Diplomacy Action View. m_eventID: 3063931
unstuck: InGamePopup: open, no close
mission CityName=LOC_CITY_NAME_HALIFAX CompletionTurn=169 EscapeResult=-1 InitialResult=5 LevelAfter=4 LootInfo=-1 Name=LOC_CITIZEN_MAYA_MODERN_MALE_1 Operation=58 PlotIndex=1409
mission CityName=LOC_CITY_NAME_TORONTO CompletionTurn=168 EscapeResult=2 InitialResult=4 LevelAfter=4 LootInfo=-1 Name=LOC_CITIZEN_MAYA_MODERN_MALE_6 Operation=58 PlotIndex=1818
mission CityName=LOC_CITY_NAME_MONTREAL CompletionTurn=168 EscapeResult=2 InitialResult=4 LevelAfter=4 LootInfo=-1 Name=LOC_CITIZEN_MAYA_MALE_8 Operation=58 PlotIndex=1314
mission CityName=LOC_CITY_NAME_OTTAWA CompletionTurn=167 EscapeResult=-1 InitialResult=5 LevelAfter=4 LootInfo=-1 Name=LOC_CITIZEN_MAYA_FEMALE_1 Operation=58 PlotIndex=978
mission CityName=LOC_CITY_NAME_MONTREAL CompletionTurn=165 EscapeResult=-1 InitialResult=5 LevelAfter=3 LootInfo=-1 Name=LOC_CITIZEN_MAYA_MALE_7 Operation=58 PlotIndex=1314
mission CityName=LOC_CITY_NAME_HALIFAX CompletionTurn=165 EscapeResult=-1 InitialResult=5 LevelAfter=4 LootInfo=-1 Name=LOC_CITIZEN_MAYA_MODERN_MALE_1 Operation=58 PlotIndex=1409
mission CityName=LOC_CITY_NAME_MONTREAL CompletionTurn=164 EscapeResult=-1 InitialResult=5 LevelAfter=2 LootInfo=-1 Name=LOC_CITIZEN_MAYA_MALE_7 Operation=58 PlotIndex=1314
mission CityName=LOC_CITY_NAME_OTTAWA CompletionTurn=162 EscapeResult=-1 InitialResult=5 LevelAfter=3 LootInfo=-1 Name=LOC_CITIZEN_MAYA_FEMALE_1 Operation=58 PlotIndex=978
mission CityName=LOC_CITY_NAME_VANCOUVER CompletionTurn=162 EscapeResult=0 InitialResult=2 LevelAfter=1 LootInfo=-1 Name=LOC_CITIZEN_MAYA_FEMALE_8 Operation=58 PlotIndex=1743
mission CityName=LOC_CITY_NAME_CHARLOTTETOWN CompletionTurn=161 EscapeResult=0 InitialResult=2 LevelAfter=1 LootInfo=-1 Name=LOC_CITIZEN_MAYA_MALE_6 Operation=58 PlotIndex=1644
mission CityName=LOC_CITY_NAME_HALIFAX CompletionTurn=161 EscapeResult=-1 InitialResult=5 LevelAfter=4 LootInfo=-1 Name=LOC_CITIZEN_MAYA_MODERN_MALE_1 Operation=58 PlotIndex=1409
mission CityName=LOC_CITY_NAME_TE_HOKIANGA_NU_A_KUPE CompletionTurn=160 EscapeResult=2 InitialResult=2 LevelAfter=3 LootInfo=-1 Name=LOC_CITIZEN_MAYA_MODERN_FEMALE_4 Operation=58 PlotIndex=772
mission CityName=LOC_CITY_NAME_TORONTO CompletionTurn=160 EscapeResult=2 InitialResult=4 LevelAfter=3 LootInfo=-1 Name=LOC_CITIZEN_MAYA_MODERN_MALE_6 Operation=58 PlotIndex=1818
mission CityName=LOC_CITY_NAME_OTTAWA CompletionTurn=158 EscapeResult=-1 InitialResult=5 LevelAfter=2 LootInfo=-1 Name=LOC_CITIZEN_MAYA_FEMALE_1 Operation=58 PlotIndex=978
mission CityName=LOC_CITY_NAME_QUEBEC_CITY CompletionTurn=158 EscapeResult=-1 InitialResult=1 LevelAfter=2 LootInfo=-1 Name=LOC_CITIZEN_MAYA_FEMALE_4 Operation=58 PlotIndex=1404
mission CityName=LOC_CITY_NAME_VANCOUVER CompletionTurn=158 EscapeResult=-1 InitialResult=3 LevelAfter=1 LootInfo=-1 Name=LOC_CITIZEN_MAYA_FEMALE_8 Operation=58 PlotIndex=1743
mission CityName=LOC_CITY_NAME_TE_HOKIANGA_NU_A_KUPE CompletionTurn=154 EscapeResult=-1 InitialResult=5 LevelAfter=3 LootInfo=-1 Name=LOC_CITIZEN_MAYA_MODERN_FEMALE_4 Operation=58 PlotIndex=772
mission CityName=LOC_CITY_NAME_CALGARY CompletionTurn=154 EscapeResult=2 InitialResult=4 LevelAfter=4 LootInfo=-1 Name=LOC_CITIZEN_MAYA_MALE_8 Operation=58 PlotIndex=1991
mission CityName=LOC_CITY_NAME_TORONTO CompletionTurn=154 EscapeResult=-1 InitialResult=5 LevelAfter=2 LootInfo=-1 Name=LOC_CITIZEN_MAYA_MODERN_MALE_6 Operation=58 PlotIndex=1818
mission CityName=LOC_CITY_NAME_MONTREAL CompletionTurn=152 EscapeResult=2 InitialResult=2 LevelAfter=2 LootInfo=-1 Name=LOC_CITIZEN_MAYA_MODERN_FEMALE_3 Operation=58 PlotIndex=1314
mission CityName=LOC_CITY_NAME_VANCOUVER CompletionTurn=152 EscapeResult=-1 InitialResult=3 LevelAfter=1 LootInfo=-1 Name=LOC_CITIZEN_MAYA_FEMALE_8 Operation=58 PlotIndex=1743
mission CityName=LOC_CITY_NAME_VICTORIA CompletionTurn=152 EscapeResult=0 InitialResult=4 LevelAfter=4 LootInfo=-1 Name=LOC_CITIZEN_MAYA_FEMALE_6 Operation=58 PlotIndex=888
mission CityName=LOC_CITY_NAME_QUEBEC_CITY CompletionTurn=149 EscapeResult=-1 InitialResult=5 LevelAfter=2 LootInfo=-1 Name=LOC_CITIZEN_MAYA_FEMALE_4 Operation=58 PlotIndex=1404
mission CityName=LOC_CITY_NAME_HALIFAX CompletionTurn=149 EscapeResult=0 InitialResult=2 LevelAfter=3 LootInfo=-1 Name=LOC_CITIZEN_MAYA_MODERN_FEMALE_8 Operation=58 PlotIndex=1409
mission CityName=LOC_CITY_NAME_CALGARY CompletionTurn=149 EscapeResult=-1 InitialResult=5 LevelAfter=4 LootInfo=-1 Name=LOC_CITIZEN_MAYA_MALE_8 Operation=58 PlotIndex=1991
mission CityName=LOC_CITY_NAME_OTTAWA CompletionTurn=147 EscapeResult=2 InitialResult=4 LevelAfter=4 LootInfo=-1 Name=LOC_CITIZEN_MAYA_MODERN_MALE_1 Operation=58 PlotIndex=978
mission CityName=LOC_CITY_NAME_VANCOUVER CompletionTurn=145 EscapeResult=2 InitialResult=2 LevelAfter=1 LootInfo=-1 Name=LOC_CITIZEN_MAYA_FEMALE_1 Operation=58 PlotIndex=1743
mission CityName=LOC_CITY_NAME_MONTREAL CompletionTurn=144 EscapeResult=-1 InitialResult=5 LevelAfter=2 LootInfo=-1 Name=LOC_CITIZEN_MAYA_MODERN_FEMALE_3 Operation=58 PlotIndex=1314
mission CityName=LOC_CITY_NAME_TORONTO CompletionTurn=144 EscapeResult=2 InitialResult=2 LevelAfter=2 LootInfo=-1 Name=LOC_CITIZEN_MAYA_MODERN_FEMALE_4 Operation=58 PlotIndex=1818
mission CityName=LOC_CITY_NAME_VICTORIA CompletionTurn=143 EscapeResult=0 InitialResult=2 LevelAfter=3 LootInfo=-1 Name=LOC_CITIZEN_MAYA_MODERN_FEMALE_6 Operation=58 PlotIndex=888
mission CityName=LOC_CITY_NAME_OTTAWA CompletionTurn=143 EscapeResult=-1 InitialResult=3 LevelAfter=4 LootInfo=-1 Name=LOC_CITIZEN_MAYA_MODERN_MALE_1 Operation=58 PlotIndex=978
mission CityName=LOC_CITY_NAME_HALIFAX CompletionTurn=142 EscapeResult=-1 InitialResult=5 LevelAfter=3 LootInfo=-1 Name=LOC_CITIZEN_MAYA_MODERN_FEMALE_8 Operation=58 PlotIndex=1409
mission CityName=LOC_CITY_NAME_CALGARY CompletionTurn=142 EscapeResult=-1 InitialResult=5 LevelAfter=4 LootInfo=-1 Name=LOC_CITIZEN_MAYA_MALE_8 Operation=58 PlotIndex=1991
mission CityName=LOC_CITY_NAME_MONTREAL CompletionTurn=141 EscapeResult=-1 InitialResult=1 LevelAfter=2 LootInfo=-1 Name=LOC_CITIZEN_MAYA_MODERN_MALE_4 Operation=58 PlotIndex=1314
mission CityName=LOC_CITY_NAME_MONTREAL CompletionTurn=140 EscapeResult=-1 InitialResult=5 LevelAfter=2 LootInfo=-1 Name=LOC_CITIZEN_MAYA_MODERN_MALE_4 Operation=58 PlotIndex=1314
mission CityName=LOC_CITY_NAME_QUEBEC_CITY CompletionTurn=140 EscapeResult=2 InitialResult=4 LevelAfter=3 LootInfo=-1 Name=LOC_CITIZEN_MAYA_FEMALE_6 Operation=58 PlotIndex=1404
mission CityName=LOC_CITY_NAME_OTTAWA CompletionTurn=139 EscapeResult=-1 InitialResult=5 LevelAfter=4 LootInfo=-1 Name=LOC_CITIZEN_MAYA_MODERN_MALE_1 Operation=58 PlotIndex=978
mission CityName=LOC_CITY_NAME_VICTORIA CompletionTurn=138 EscapeResult=1 InitialResult=4 LevelAfter=2 LootInfo=-1 Name=LOC_CITIZEN_MAYA_MALE_2 Operation=58 PlotIndex=888
mission CityName=LOC_CITY_NAME_TORONTO CompletionTurn=137 EscapeResult=-1 InitialResult=5 LevelAfter=2 LootInfo=-1 Name=LOC_CITIZEN_MAYA_MODERN_FEMALE_4 Operation=58 PlotIndex=1818
mission CityName=LOC_CITY_NAME_QUEBEC_CITY CompletionTurn=136 EscapeResult=-1 InitialResult=1 LevelAfter=2 LootInfo=-1 Name=LOC_CITIZEN_MAYA_MODERN_MALE_9 Operation=58 PlotIndex=1404
mission CityName=LOC_CITY_NAME_HALIFAX CompletionTurn=135 EscapeResult=-1 InitialResult=5 LevelAfter=2 LootInfo=-1 Name=LOC_CITIZEN_MAYA_MODERN_FEMALE_8 Operation=58 PlotIndex=1409
mission CityName=LOC_CITY_NAME_OTTAWA CompletionTurn=135 EscapeResult=-1 InitialResult=5 LevelAfter=4 LootInfo=-1 Name=LOC_CITIZEN_MAYA_MODERN_MALE_1 Operation=58 PlotIndex=978
mission CityName=LOC_CITY_NAME_CALGARY CompletionTurn=133 EscapeResult=2 InitialResult=4 LevelAfter=3 LootInfo=-1 Name=LOC_CITIZEN_MAYA_MALE_8 Operation=58 PlotIndex=1991
mission CityName=LOC_CITY_NAME_MONTREAL CompletionTurn=132 EscapeResult=0 InitialResult=2 LevelAfter=1 LootInfo=-1 Name=LOC_CITIZEN_MAYA_MALE_5 Operation=58 PlotIndex=1314
mission CityName=LOC_CITY_NAME_QUEBEC_CITY CompletionTurn=131 EscapeResult=-1 InitialResult=5 LevelAfter=2 LootInfo=-1 Name=LOC_CITIZEN_MAYA_MODERN_MALE_9 Operation=58 PlotIndex=1404
mission CityName=LOC_CITY_NAME_OTTAWA CompletionTurn=130 EscapeResult=-1 InitialResult=5 LevelAfter=4 LootInfo=-1 Name=LOC_CITIZEN_MAYA_MODERN_MALE_1 Operation=58 PlotIndex=978
mission CityName=LOC_CITY_NAME_CALGARY CompletionTurn=129 EscapeResult=-1 InitialResult=3 LevelAfter=2 LootInfo=-1 Name=LOC_CITIZEN_MAYA_MALE_8 Operation=58 PlotIndex=1991
mission CityName=LOC_CITY_NAME_TORONTO CompletionTurn=129 EscapeResult=2 InitialResult=4 LevelAfter=3 LootInfo=-1 Name=LOC_CITIZEN_MAYA_MODERN_FEMALE_6 Operation=58 PlotIndex=1818
mission CityName=LOC_CITY_NAME_MONTREAL CompletionTurn=127 EscapeResult=2 InitialResult=2 LevelAfter=1 LootInfo=-1 Name=LOC_CITIZEN_MAYA_MALE_2 Operation=58 PlotIndex=1314
mission CityName=LOC_CITY_NAME_OTTAWA CompletionTurn=124 EscapeResult=-1 InitialResult=5 LevelAfter=4 LootInfo=-1 Name=LOC_CITIZEN_MAYA_MODERN_MALE_1 Operation=58 PlotIndex=978
mission CityName=LOC_CITY_NAME_CALGARY CompletionTurn=123 EscapeResult=-1 InitialResult=5 LevelAfter=2 LootInfo=-1 Name=LOC_CITIZEN_MAYA_MALE_8 Operation=58 PlotIndex=1991
mission CityName=LOC_CITY_NAME_HALIFAX CompletionTurn=121 EscapeResult=2 InitialResult=4 LevelAfter=2 LootInfo=-1 Name=LOC_CITIZEN_MAYA_FEMALE_6 Operation=58 PlotIndex=1409
mission CityName=LOC_CITY_NAME_OTTAWA CompletionTurn=120 EscapeResult=-1 InitialResult=3 LevelAfter=3 LootInfo=-1 Name=LOC_CITIZEN_MAYA_MODERN_MALE_1 Operation=58 PlotIndex=978
mission CityName=LOC_CITY_NAME_MONTREAL CompletionTurn=120 EscapeResult=-1 InitialResult=0 LevelAfter=2 LootInfo=-1 Name=LOC_CITIZEN_MAYA_FEMALE_7 Operation=58 PlotIndex=1314
mission CityName=LOC_CITY_NAME_QUEBEC_CITY CompletionTurn=118 EscapeResult=1 InitialResult=2 LevelAfter=1 LootInfo=-1 Name=LOC_CITIZEN_MAYA_MODERN_FEMALE_1 Operation=58 PlotIndex=1404
mission CityName=LOC_CITY_NAME_TORONTO CompletionTurn=118 EscapeResult=2 InitialResult=4 LevelAfter=2 LootInfo=-1 Name=LOC_CITIZEN_MAYA_MODERN_FEMALE_6 Operation=58 PlotIndex=1818
mission CityName=LOC_CITY_NAME_TORONTO CompletionTurn=114 EscapeResult=-1 InitialResult=1 LevelAfter=1 LootInfo=-1 Name=LOC_CITIZEN_MAYA_FEMALE_3 Operation=58 PlotIndex=1818
mission CityName=LOC_CITY_NAME_MONTREAL CompletionTurn=114 EscapeResult=-1 InitialResult=5 LevelAfter=2 LootInfo=-1 Name=LOC_CITIZEN_MAYA_FEMALE_7 Operation=58 PlotIndex=1314
mission CityName=LOC_CITY_NAME_OTTAWA CompletionTurn=113 EscapeResult=-1 InitialResult=5 LevelAfter=3 LootInfo=-1 Name=LOC_CITIZEN_MAYA_MODERN_MALE_1 Operation=58 PlotIndex=978
mission CityName=LOC_CITY_NAME_MONTREAL CompletionTurn=110 EscapeResult=-1 InitialResult=1 LevelAfter=1 LootInfo=-1 Name=LOC_CITIZEN_MAYA_MODERN_FEMALE_7 Operation=58 PlotIndex=1314
mission CityName=LOC_CITY_NAME_OTTAWA CompletionTurn=107 EscapeResult=-1 InitialResult=5 LevelAfter=2 LootInfo=-1 Name=LOC_CITIZEN_MAYA_MODERN_MALE_1 Operation=58 PlotIndex=978
tally 5  FOMENT_UNREST CAPTURED / NO_RESULT
tally 1  FOMENT_UNREST FAIL_MUST_ESCAPE / CAPTURED
tally 5  FOMENT_UNREST FAIL_MUST_ESCAPE / FAIL_MUST_ESCAPE
tally 5  FOMENT_UNREST FAIL_MUST_ESCAPE / KILLED
tally 5  FOMENT_UNREST FAIL_UNDETECTED / NO_RESULT
tally 1  FOMENT_UNREST KILLED / NO_RESULT
tally 1  FOMENT_UNREST SUCCESS_MUST_ESCAPE / CAPTURED
tally 10  FOMENT_UNREST SUCCESS_MUST_ESCAPE / FAIL_MUST_ESCAPE
tally 1  FOMENT_UNREST SUCCESS_MUST_ESCAPE / KILLED
tally 27  FOMENT_UNREST SUCCESS_UNDETECTED / NO_RESULT
turn 170 spies active 6 idle 2 missions 61 captured-enemy 0
spy 8847367 LOC_CITIZEN_MAYA_MODERN_MALE_6 level 4 at 59:23 busy
spy 7405581 LOC_CITIZEN_MAYA_MODERN_MALE_1 level 4 at 65:16 busy
spy 7995412 LOC_CITIZEN_MAYA_MODERN_FEMALE_3 level 2 at 54:15 busy
spy 7798809 LOC_CITIZEN_MAYA_MALE_7 level 3 at 54:15 refused
spy 8650779 LOC_CITIZEN_MAYA_MODERN_FEMALE_4 level 3 at 60:16 refused
spy 7208988 LOC_CITIZEN_MAYA_FEMALE_1 level 4 at 54:11 busy
spy 8192030 LOC_CITIZEN_MAYA_MODERN_FEMALE_2 level 1 at 54:21 busy
spy 8585247 LOC_CITIZEN_MAYA_MODERN_FEMALE_5 level 1 at 60:16 busy
turn 170 spies 8 started 0 travelled 0 promoted 0 bought 0 gold 50000
unblock: blocker ENDTURN_BLOCKING_FILL_CIVIC_SLOT -> nothing | end turn requested
unstuck: InGamePopup: open, no close
unblock: blocker ENDTURN_BLOCKING_PRODUCTION -> NARANJO builds UNIT_WARRIOR | end turn requested
unstuck: InGamePopup: open, no close
unblock: blocker ENDTURN_BLOCKING_PRODUCTION -> NARANJO builds UNIT_WARRIOR | end turn requested
unstuck: InGamePopup: open, no close
unblock: blocker ENDTURN_BLOCKING_PRODUCTION -> NARANJO builds UNIT_WARRIOR | end turn requested
unstuck: InGamePopup: open, no close
unblock: blocker ENDTURN_BLOCKING_PRODUCTION -> NARANJO builds UNIT_WARRIOR | end turn requested
unstuck: InGamePopup: open, no close
unblock: blocker ENDTURN_BLOCKING_PRODUCTION -> NARANJO builds UNIT_WARRIOR | end turn requested
unstuck: InGamePopup: open, no close
unblock: blocker ENDTURN_BLOCKING_PRODUCTION -> NARANJO builds UNIT_WARRIOR | end turn requested
unstuck: InGamePopup: open, no close
unblock: blocker ENDTURN_BLOCKING_PRODUCTION -> NARANJO builds UNIT_WARRIOR | end turn requested
unstuck: InGamePopup: open, no close
unblock: blocker ENDTURN_BLOCKING_PRODUCTION -> NARANJO builds UNIT_WARRIOR | end turn requested
unstuck: InGamePopup: open, no close
unblock: blocker ENDTURN_BLOCKING_PRODUCTION -> NARANJO builds UNIT_WARRIOR | end turn requested
unstuck: InGamePopup: open, no close
unblock: blocker ENDTURN_BLOCKING_PRODUCTION -> NARANJO builds UNIT_WARRIOR | end turn requested
unstuck: closed sessions [3:3]
unstuck: DiplomacyActionView: Closing Diplomacy Action View. m_eventID: 3075798
unstuck: InGamePopup: open, no close
unblock: blocker ENDTURN_BLOCKING_PRODUCTION -> NARANJO builds UNIT_WARRIOR | end turn requested
unstuck: closed sessions [6:6]
unstuck: DiplomacyActionView: Closing Diplomacy Action View. m_eventID: 3078726
unstuck: InGamePopup: open, no close
mission CityName=LOC_CITY_NAME_QUEBEC_CITY CompletionTurn=172 EscapeResult=-1 InitialResult=2 LevelAfter=1 LootInfo=-1 Name=LOC_CITIZEN_MAYA_MODERN_FEMALE_5 Operation=58 PlotIndex=1404
mission CityName=LOC_CITY_NAME_OTTAWA CompletionTurn=172 EscapeResult=-1 InitialResult=4 LevelAfter=4 LootInfo=-1 Name=LOC_CITIZEN_MAYA_FEMALE_1 Operation=58 PlotIndex=978
mission CityName=LOC_CITY_NAME_HALIFAX CompletionTurn=169 EscapeResult=-1 InitialResult=5 LevelAfter=4 LootInfo=-1 Name=LOC_CITIZEN_MAYA_MODERN_MALE_1 Operation=58 PlotIndex=1409
mission CityName=LOC_CITY_NAME_TORONTO CompletionTurn=168 EscapeResult=2 InitialResult=4 LevelAfter=4 LootInfo=-1 Name=LOC_CITIZEN_MAYA_MODERN_MALE_6 Operation=58 PlotIndex=1818
mission CityName=LOC_CITY_NAME_MONTREAL CompletionTurn=168 EscapeResult=2 InitialResult=4 LevelAfter=4 LootInfo=-1 Name=LOC_CITIZEN_MAYA_MALE_8 Operation=58 PlotIndex=1314
mission CityName=LOC_CITY_NAME_OTTAWA CompletionTurn=167 EscapeResult=-1 InitialResult=5 LevelAfter=4 LootInfo=-1 Name=LOC_CITIZEN_MAYA_FEMALE_1 Operation=58 PlotIndex=978
mission CityName=LOC_CITY_NAME_MONTREAL CompletionTurn=165 EscapeResult=-1 InitialResult=5 LevelAfter=3 LootInfo=-1 Name=LOC_CITIZEN_MAYA_MALE_7 Operation=58 PlotIndex=1314
mission CityName=LOC_CITY_NAME_HALIFAX CompletionTurn=165 EscapeResult=-1 InitialResult=5 LevelAfter=4 LootInfo=-1 Name=LOC_CITIZEN_MAYA_MODERN_MALE_1 Operation=58 PlotIndex=1409
mission CityName=LOC_CITY_NAME_MONTREAL CompletionTurn=164 EscapeResult=-1 InitialResult=5 LevelAfter=2 LootInfo=-1 Name=LOC_CITIZEN_MAYA_MALE_7 Operation=58 PlotIndex=1314
mission CityName=LOC_CITY_NAME_OTTAWA CompletionTurn=162 EscapeResult=-1 InitialResult=5 LevelAfter=3 LootInfo=-1 Name=LOC_CITIZEN_MAYA_FEMALE_1 Operation=58 PlotIndex=978
mission CityName=LOC_CITY_NAME_VANCOUVER CompletionTurn=162 EscapeResult=0 InitialResult=2 LevelAfter=1 LootInfo=-1 Name=LOC_CITIZEN_MAYA_FEMALE_8 Operation=58 PlotIndex=1743
mission CityName=LOC_CITY_NAME_CHARLOTTETOWN CompletionTurn=161 EscapeResult=0 InitialResult=2 LevelAfter=1 LootInfo=-1 Name=LOC_CITIZEN_MAYA_MALE_6 Operation=58 PlotIndex=1644
mission CityName=LOC_CITY_NAME_HALIFAX CompletionTurn=161 EscapeResult=-1 InitialResult=5 LevelAfter=4 LootInfo=-1 Name=LOC_CITIZEN_MAYA_MODERN_MALE_1 Operation=58 PlotIndex=1409
mission CityName=LOC_CITY_NAME_TE_HOKIANGA_NU_A_KUPE CompletionTurn=160 EscapeResult=2 InitialResult=2 LevelAfter=3 LootInfo=-1 Name=LOC_CITIZEN_MAYA_MODERN_FEMALE_4 Operation=58 PlotIndex=772
mission CityName=LOC_CITY_NAME_TORONTO CompletionTurn=160 EscapeResult=2 InitialResult=4 LevelAfter=3 LootInfo=-1 Name=LOC_CITIZEN_MAYA_MODERN_MALE_6 Operation=58 PlotIndex=1818
mission CityName=LOC_CITY_NAME_OTTAWA CompletionTurn=158 EscapeResult=-1 InitialResult=5 LevelAfter=2 LootInfo=-1 Name=LOC_CITIZEN_MAYA_FEMALE_1 Operation=58 PlotIndex=978
mission CityName=LOC_CITY_NAME_QUEBEC_CITY CompletionTurn=158 EscapeResult=-1 InitialResult=1 LevelAfter=2 LootInfo=-1 Name=LOC_CITIZEN_MAYA_FEMALE_4 Operation=58 PlotIndex=1404
mission CityName=LOC_CITY_NAME_VANCOUVER CompletionTurn=158 EscapeResult=-1 InitialResult=3 LevelAfter=1 LootInfo=-1 Name=LOC_CITIZEN_MAYA_FEMALE_8 Operation=58 PlotIndex=1743
mission CityName=LOC_CITY_NAME_TE_HOKIANGA_NU_A_KUPE CompletionTurn=154 EscapeResult=-1 InitialResult=5 LevelAfter=3 LootInfo=-1 Name=LOC_CITIZEN_MAYA_MODERN_FEMALE_4 Operation=58 PlotIndex=772
mission CityName=LOC_CITY_NAME_CALGARY CompletionTurn=154 EscapeResult=2 InitialResult=4 LevelAfter=4 LootInfo=-1 Name=LOC_CITIZEN_MAYA_MALE_8 Operation=58 PlotIndex=1991
mission CityName=LOC_CITY_NAME_TORONTO CompletionTurn=154 EscapeResult=-1 InitialResult=5 LevelAfter=2 LootInfo=-1 Name=LOC_CITIZEN_MAYA_MODERN_MALE_6 Operation=58 PlotIndex=1818
mission CityName=LOC_CITY_NAME_MONTREAL CompletionTurn=152 EscapeResult=2 InitialResult=2 LevelAfter=2 LootInfo=-1 Name=LOC_CITIZEN_MAYA_MODERN_FEMALE_3 Operation=58 PlotIndex=1314
mission CityName=LOC_CITY_NAME_VANCOUVER CompletionTurn=152 EscapeResult=-1 InitialResult=3 LevelAfter=1 LootInfo=-1 Name=LOC_CITIZEN_MAYA_FEMALE_8 Operation=58 PlotIndex=1743
mission CityName=LOC_CITY_NAME_VICTORIA CompletionTurn=152 EscapeResult=0 InitialResult=4 LevelAfter=4 LootInfo=-1 Name=LOC_CITIZEN_MAYA_FEMALE_6 Operation=58 PlotIndex=888
mission CityName=LOC_CITY_NAME_QUEBEC_CITY CompletionTurn=149 EscapeResult=-1 InitialResult=5 LevelAfter=2 LootInfo=-1 Name=LOC_CITIZEN_MAYA_FEMALE_4 Operation=58 PlotIndex=1404
mission CityName=LOC_CITY_NAME_HALIFAX CompletionTurn=149 EscapeResult=0 InitialResult=2 LevelAfter=3 LootInfo=-1 Name=LOC_CITIZEN_MAYA_MODERN_FEMALE_8 Operation=58 PlotIndex=1409
mission CityName=LOC_CITY_NAME_CALGARY CompletionTurn=149 EscapeResult=-1 InitialResult=5 LevelAfter=4 LootInfo=-1 Name=LOC_CITIZEN_MAYA_MALE_8 Operation=58 PlotIndex=1991
mission CityName=LOC_CITY_NAME_OTTAWA CompletionTurn=147 EscapeResult=2 InitialResult=4 LevelAfter=4 LootInfo=-1 Name=LOC_CITIZEN_MAYA_MODERN_MALE_1 Operation=58 PlotIndex=978
mission CityName=LOC_CITY_NAME_VANCOUVER CompletionTurn=145 EscapeResult=2 InitialResult=2 LevelAfter=1 LootInfo=-1 Name=LOC_CITIZEN_MAYA_FEMALE_1 Operation=58 PlotIndex=1743
mission CityName=LOC_CITY_NAME_MONTREAL CompletionTurn=144 EscapeResult=-1 InitialResult=5 LevelAfter=2 LootInfo=-1 Name=LOC_CITIZEN_MAYA_MODERN_FEMALE_3 Operation=58 PlotIndex=1314
mission CityName=LOC_CITY_NAME_TORONTO CompletionTurn=144 EscapeResult=2 InitialResult=2 LevelAfter=2 LootInfo=-1 Name=LOC_CITIZEN_MAYA_MODERN_FEMALE_4 Operation=58 PlotIndex=1818
mission CityName=LOC_CITY_NAME_VICTORIA CompletionTurn=143 EscapeResult=0 InitialResult=2 LevelAfter=3 LootInfo=-1 Name=LOC_CITIZEN_MAYA_MODERN_FEMALE_6 Operation=58 PlotIndex=888
mission CityName=LOC_CITY_NAME_OTTAWA CompletionTurn=143 EscapeResult=-1 InitialResult=3 LevelAfter=4 LootInfo=-1 Name=LOC_CITIZEN_MAYA_MODERN_MALE_1 Operation=58 PlotIndex=978
mission CityName=LOC_CITY_NAME_HALIFAX CompletionTurn=142 EscapeResult=-1 InitialResult=5 LevelAfter=3 LootInfo=-1 Name=LOC_CITIZEN_MAYA_MODERN_FEMALE_8 Operation=58 PlotIndex=1409
mission CityName=LOC_CITY_NAME_CALGARY CompletionTurn=142 EscapeResult=-1 InitialResult=5 LevelAfter=4 LootInfo=-1 Name=LOC_CITIZEN_MAYA_MALE_8 Operation=58 PlotIndex=1991
mission CityName=LOC_CITY_NAME_MONTREAL CompletionTurn=141 EscapeResult=-1 InitialResult=1 LevelAfter=2 LootInfo=-1 Name=LOC_CITIZEN_MAYA_MODERN_MALE_4 Operation=58 PlotIndex=1314
mission CityName=LOC_CITY_NAME_MONTREAL CompletionTurn=140 EscapeResult=-1 InitialResult=5 LevelAfter=2 LootInfo=-1 Name=LOC_CITIZEN_MAYA_MODERN_MALE_4 Operation=58 PlotIndex=1314
mission CityName=LOC_CITY_NAME_QUEBEC_CITY CompletionTurn=140 EscapeResult=2 InitialResult=4 LevelAfter=3 LootInfo=-1 Name=LOC_CITIZEN_MAYA_FEMALE_6 Operation=58 PlotIndex=1404
mission CityName=LOC_CITY_NAME_OTTAWA CompletionTurn=139 EscapeResult=-1 InitialResult=5 LevelAfter=4 LootInfo=-1 Name=LOC_CITIZEN_MAYA_MODERN_MALE_1 Operation=58 PlotIndex=978
mission CityName=LOC_CITY_NAME_VICTORIA CompletionTurn=138 EscapeResult=1 InitialResult=4 LevelAfter=2 LootInfo=-1 Name=LOC_CITIZEN_MAYA_MALE_2 Operation=58 PlotIndex=888
mission CityName=LOC_CITY_NAME_TORONTO CompletionTurn=137 EscapeResult=-1 InitialResult=5 LevelAfter=2 LootInfo=-1 Name=LOC_CITIZEN_MAYA_MODERN_FEMALE_4 Operation=58 PlotIndex=1818
mission CityName=LOC_CITY_NAME_QUEBEC_CITY CompletionTurn=136 EscapeResult=-1 InitialResult=1 LevelAfter=2 LootInfo=-1 Name=LOC_CITIZEN_MAYA_MODERN_MALE_9 Operation=58 PlotIndex=1404
mission CityName=LOC_CITY_NAME_HALIFAX CompletionTurn=135 EscapeResult=-1 InitialResult=5 LevelAfter=2 LootInfo=-1 Name=LOC_CITIZEN_MAYA_MODERN_FEMALE_8 Operation=58 PlotIndex=1409
mission CityName=LOC_CITY_NAME_OTTAWA CompletionTurn=135 EscapeResult=-1 InitialResult=5 LevelAfter=4 LootInfo=-1 Name=LOC_CITIZEN_MAYA_MODERN_MALE_1 Operation=58 PlotIndex=978
mission CityName=LOC_CITY_NAME_CALGARY CompletionTurn=133 EscapeResult=2 InitialResult=4 LevelAfter=3 LootInfo=-1 Name=LOC_CITIZEN_MAYA_MALE_8 Operation=58 PlotIndex=1991
mission CityName=LOC_CITY_NAME_MONTREAL CompletionTurn=132 EscapeResult=0 InitialResult=2 LevelAfter=1 LootInfo=-1 Name=LOC_CITIZEN_MAYA_MALE_5 Operation=58 PlotIndex=1314
mission CityName=LOC_CITY_NAME_QUEBEC_CITY CompletionTurn=131 EscapeResult=-1 InitialResult=5 LevelAfter=2 LootInfo=-1 Name=LOC_CITIZEN_MAYA_MODERN_MALE_9 Operation=58 PlotIndex=1404
mission CityName=LOC_CITY_NAME_OTTAWA CompletionTurn=130 EscapeResult=-1 InitialResult=5 LevelAfter=4 LootInfo=-1 Name=LOC_CITIZEN_MAYA_MODERN_MALE_1 Operation=58 PlotIndex=978
mission CityName=LOC_CITY_NAME_CALGARY CompletionTurn=129 EscapeResult=-1 InitialResult=3 LevelAfter=2 LootInfo=-1 Name=LOC_CITIZEN_MAYA_MALE_8 Operation=58 PlotIndex=1991
mission CityName=LOC_CITY_NAME_TORONTO CompletionTurn=129 EscapeResult=2 InitialResult=4 LevelAfter=3 LootInfo=-1 Name=LOC_CITIZEN_MAYA_MODERN_FEMALE_6 Operation=58 PlotIndex=1818
mission CityName=LOC_CITY_NAME_MONTREAL CompletionTurn=127 EscapeResult=2 InitialResult=2 LevelAfter=1 LootInfo=-1 Name=LOC_CITIZEN_MAYA_MALE_2 Operation=58 PlotIndex=1314
mission CityName=LOC_CITY_NAME_OTTAWA CompletionTurn=124 EscapeResult=-1 InitialResult=5 LevelAfter=4 LootInfo=-1 Name=LOC_CITIZEN_MAYA_MODERN_MALE_1 Operation=58 PlotIndex=978
mission CityName=LOC_CITY_NAME_CALGARY CompletionTurn=123 EscapeResult=-1 InitialResult=5 LevelAfter=2 LootInfo=-1 Name=LOC_CITIZEN_MAYA_MALE_8 Operation=58 PlotIndex=1991
mission CityName=LOC_CITY_NAME_HALIFAX CompletionTurn=121 EscapeResult=2 InitialResult=4 LevelAfter=2 LootInfo=-1 Name=LOC_CITIZEN_MAYA_FEMALE_6 Operation=58 PlotIndex=1409
mission CityName=LOC_CITY_NAME_OTTAWA CompletionTurn=120 EscapeResult=-1 InitialResult=3 LevelAfter=3 LootInfo=-1 Name=LOC_CITIZEN_MAYA_MODERN_MALE_1 Operation=58 PlotIndex=978
mission CityName=LOC_CITY_NAME_MONTREAL CompletionTurn=120 EscapeResult=-1 InitialResult=0 LevelAfter=2 LootInfo=-1 Name=LOC_CITIZEN_MAYA_FEMALE_7 Operation=58 PlotIndex=1314
mission CityName=LOC_CITY_NAME_QUEBEC_CITY CompletionTurn=118 EscapeResult=1 InitialResult=2 LevelAfter=1 LootInfo=-1 Name=LOC_CITIZEN_MAYA_MODERN_FEMALE_1 Operation=58 PlotIndex=1404
mission CityName=LOC_CITY_NAME_TORONTO CompletionTurn=118 EscapeResult=2 InitialResult=4 LevelAfter=2 LootInfo=-1 Name=LOC_CITIZEN_MAYA_MODERN_FEMALE_6 Operation=58 PlotIndex=1818
mission CityName=LOC_CITY_NAME_TORONTO CompletionTurn=114 EscapeResult=-1 InitialResult=1 LevelAfter=1 LootInfo=-1 Name=LOC_CITIZEN_MAYA_FEMALE_3 Operation=58 PlotIndex=1818
mission CityName=LOC_CITY_NAME_MONTREAL CompletionTurn=114 EscapeResult=-1 InitialResult=5 LevelAfter=2 LootInfo=-1 Name=LOC_CITIZEN_MAYA_FEMALE_7 Operation=58 PlotIndex=1314
mission CityName=LOC_CITY_NAME_OTTAWA CompletionTurn=113 EscapeResult=-1 InitialResult=5 LevelAfter=3 LootInfo=-1 Name=LOC_CITIZEN_MAYA_MODERN_MALE_1 Operation=58 PlotIndex=978
mission CityName=LOC_CITY_NAME_MONTREAL CompletionTurn=110 EscapeResult=-1 InitialResult=1 LevelAfter=1 LootInfo=-1 Name=LOC_CITIZEN_MAYA_MODERN_FEMALE_7 Operation=58 PlotIndex=1314
mission CityName=LOC_CITY_NAME_OTTAWA CompletionTurn=107 EscapeResult=-1 InitialResult=5 LevelAfter=2 LootInfo=-1 Name=LOC_CITIZEN_MAYA_MODERN_MALE_1 Operation=58 PlotIndex=978
tally 5  FOMENT_UNREST CAPTURED / NO_RESULT
tally 1  FOMENT_UNREST FAIL_MUST_ESCAPE / CAPTURED
tally 5  FOMENT_UNREST FAIL_MUST_ESCAPE / FAIL_MUST_ESCAPE
tally 5  FOMENT_UNREST FAIL_MUST_ESCAPE / KILLED
tally 1  FOMENT_UNREST FAIL_MUST_ESCAPE / NO_RESULT
tally 5  FOMENT_UNREST FAIL_UNDETECTED / NO_RESULT
tally 1  FOMENT_UNREST KILLED / NO_RESULT
tally 1  FOMENT_UNREST SUCCESS_MUST_ESCAPE / CAPTURED
tally 10  FOMENT_UNREST SUCCESS_MUST_ESCAPE / FAIL_MUST_ESCAPE
tally 1  FOMENT_UNREST SUCCESS_MUST_ESCAPE / KILLED
tally 1  FOMENT_UNREST SUCCESS_MUST_ESCAPE / NO_RESULT
tally 27  FOMENT_UNREST SUCCESS_UNDETECTED / NO_RESULT
turn 172 spies active 6 idle 3 missions 63 captured-enemy 0
spy 8847367 LOC_CITIZEN_MAYA_MODERN_MALE_6 level 4 at 59:23 busy
spy 7405581 LOC_CITIZEN_MAYA_MODERN_MALE_1 level 4 at 65:16 busy
spy 7995412 LOC_CITIZEN_MAYA_MODERN_FEMALE_3 level 2 at 54:15 busy
spy 7798809 LOC_CITIZEN_MAYA_MALE_7 level 3 at 54:15 refused
spy 8650779 LOC_CITIZEN_MAYA_MODERN_FEMALE_4 level 3 at 60:16 refused
spy 7208988 LOC_CITIZEN_MAYA_FEMALE_1 level 4 at 54:11 busy
spy 8192030 LOC_CITIZEN_MAYA_MODERN_FEMALE_2 level 1 at 54:21 busy
spy 8585247 LOC_CITIZEN_MAYA_MODERN_FEMALE_5 level 1 at 60:16 busy
spy 8978467 LOC_CITIZEN_MAYA_MALE_8 level 4 at 36:42 travel
turn 172 spies 9 started 0 travelled 1 promoted 0 bought 0 gold 50000
unblock: blocker ENDTURN_BLOCKING_SPY_CHOOSE_ESCAPE_ROUTE -> escape route DISTRICT_COMMERCIAL_HUB of 2 for spy 7208988 LOC_CITIZEN_MAYA_FEMALE_1 level 4 turn 172 city LOC_CITY_NAME_OTTAWA p1 at 54:11 pursuer police | end turn requested
unstuck: InGamePopup: open, no close
unblock: blocker ENDTURN_BLOCKING_SPY_CHOOSE_ESCAPE_ROUTE -> escape route DISTRICT_CITY_CENTER of 2 for spy 8585247 LOC_CITIZEN_MAYA_MODERN_FEMALE_5 level 1 turn 172 city LOC_CITY_NAME_QUEBEC_CITY p1 at 60:16 pursuer police | end turn requested
unstuck: closed sessions [7:7]
unstuck: DiplomacyActionView: Closing Diplomacy Action View. m_eventID: 3090919
unstuck: InGamePopup: open, no close
mission CityName=LOC_CITY_NAME_TORONTO CompletionTurn=173 EscapeResult=-1 InitialResult=5 LevelAfter=2 LootInfo=-1 Name=LOC_CITIZEN_MAYA_MODERN_FEMALE_2 Operation=58 PlotIndex=1818
mission CityName=LOC_CITY_NAME_MONTREAL CompletionTurn=173 EscapeResult=-1 InitialResult=4 LevelAfter=3 LootInfo=-1 Name=LOC_CITIZEN_MAYA_MODERN_FEMALE_3 Operation=58 PlotIndex=1314
mission CityName=LOC_CITY_NAME_HALIFAX CompletionTurn=173 EscapeResult=-1 InitialResult=5 LevelAfter=4 LootInfo=-1 Name=LOC_CITIZEN_MAYA_MODERN_MALE_1 Operation=58 PlotIndex=1409
mission CityName=LOC_CITY_NAME_CALGARY CompletionTurn=173 EscapeResult=-1 InitialResult=3 LevelAfter=4 LootInfo=-1 Name=LOC_CITIZEN_MAYA_MODERN_MALE_6 Operation=58 PlotIndex=1991
mission CityName=LOC_CITY_NAME_QUEBEC_CITY CompletionTurn=172 EscapeResult=-1 InitialResult=2 LevelAfter=1 LootInfo=-1 Name=LOC_CITIZEN_MAYA_MODERN_FEMALE_5 Operation=58 PlotIndex=1404
mission CityName=LOC_CITY_NAME_OTTAWA CompletionTurn=172 EscapeResult=0 InitialResult=4 LevelAfter=4 LootInfo=-1 Name=LOC_CITIZEN_MAYA_FEMALE_1 Operation=58 PlotIndex=978
mission CityName=LOC_CITY_NAME_HALIFAX CompletionTurn=169 EscapeResult=-1 InitialResult=5 LevelAfter=4 LootInfo=-1 Name=LOC_CITIZEN_MAYA_MODERN_MALE_1 Operation=58 PlotIndex=1409
mission CityName=LOC_CITY_NAME_TORONTO CompletionTurn=168 EscapeResult=2 InitialResult=4 LevelAfter=4 LootInfo=-1 Name=LOC_CITIZEN_MAYA_MODERN_MALE_6 Operation=58 PlotIndex=1818
mission CityName=LOC_CITY_NAME_MONTREAL CompletionTurn=168 EscapeResult=2 InitialResult=4 LevelAfter=4 LootInfo=-1 Name=LOC_CITIZEN_MAYA_MALE_8 Operation=58 PlotIndex=1314
mission CityName=LOC_CITY_NAME_OTTAWA CompletionTurn=167 EscapeResult=-1 InitialResult=5 LevelAfter=4 LootInfo=-1 Name=LOC_CITIZEN_MAYA_FEMALE_1 Operation=58 PlotIndex=978
mission CityName=LOC_CITY_NAME_MONTREAL CompletionTurn=165 EscapeResult=-1 InitialResult=5 LevelAfter=3 LootInfo=-1 Name=LOC_CITIZEN_MAYA_MALE_7 Operation=58 PlotIndex=1314
mission CityName=LOC_CITY_NAME_HALIFAX CompletionTurn=165 EscapeResult=-1 InitialResult=5 LevelAfter=4 LootInfo=-1 Name=LOC_CITIZEN_MAYA_MODERN_MALE_1 Operation=58 PlotIndex=1409
mission CityName=LOC_CITY_NAME_MONTREAL CompletionTurn=164 EscapeResult=-1 InitialResult=5 LevelAfter=2 LootInfo=-1 Name=LOC_CITIZEN_MAYA_MALE_7 Operation=58 PlotIndex=1314
mission CityName=LOC_CITY_NAME_OTTAWA CompletionTurn=162 EscapeResult=-1 InitialResult=5 LevelAfter=3 LootInfo=-1 Name=LOC_CITIZEN_MAYA_FEMALE_1 Operation=58 PlotIndex=978
mission CityName=LOC_CITY_NAME_VANCOUVER CompletionTurn=162 EscapeResult=0 InitialResult=2 LevelAfter=1 LootInfo=-1 Name=LOC_CITIZEN_MAYA_FEMALE_8 Operation=58 PlotIndex=1743
mission CityName=LOC_CITY_NAME_CHARLOTTETOWN CompletionTurn=161 EscapeResult=0 InitialResult=2 LevelAfter=1 LootInfo=-1 Name=LOC_CITIZEN_MAYA_MALE_6 Operation=58 PlotIndex=1644
mission CityName=LOC_CITY_NAME_HALIFAX CompletionTurn=161 EscapeResult=-1 InitialResult=5 LevelAfter=4 LootInfo=-1 Name=LOC_CITIZEN_MAYA_MODERN_MALE_1 Operation=58 PlotIndex=1409
mission CityName=LOC_CITY_NAME_TE_HOKIANGA_NU_A_KUPE CompletionTurn=160 EscapeResult=2 InitialResult=2 LevelAfter=3 LootInfo=-1 Name=LOC_CITIZEN_MAYA_MODERN_FEMALE_4 Operation=58 PlotIndex=772
mission CityName=LOC_CITY_NAME_TORONTO CompletionTurn=160 EscapeResult=2 InitialResult=4 LevelAfter=3 LootInfo=-1 Name=LOC_CITIZEN_MAYA_MODERN_MALE_6 Operation=58 PlotIndex=1818
mission CityName=LOC_CITY_NAME_OTTAWA CompletionTurn=158 EscapeResult=-1 InitialResult=5 LevelAfter=2 LootInfo=-1 Name=LOC_CITIZEN_MAYA_FEMALE_1 Operation=58 PlotIndex=978
mission CityName=LOC_CITY_NAME_QUEBEC_CITY CompletionTurn=158 EscapeResult=-1 InitialResult=1 LevelAfter=2 LootInfo=-1 Name=LOC_CITIZEN_MAYA_FEMALE_4 Operation=58 PlotIndex=1404
mission CityName=LOC_CITY_NAME_VANCOUVER CompletionTurn=158 EscapeResult=-1 InitialResult=3 LevelAfter=1 LootInfo=-1 Name=LOC_CITIZEN_MAYA_FEMALE_8 Operation=58 PlotIndex=1743
mission CityName=LOC_CITY_NAME_TE_HOKIANGA_NU_A_KUPE CompletionTurn=154 EscapeResult=-1 InitialResult=5 LevelAfter=3 LootInfo=-1 Name=LOC_CITIZEN_MAYA_MODERN_FEMALE_4 Operation=58 PlotIndex=772
mission CityName=LOC_CITY_NAME_CALGARY CompletionTurn=154 EscapeResult=2 InitialResult=4 LevelAfter=4 LootInfo=-1 Name=LOC_CITIZEN_MAYA_MALE_8 Operation=58 PlotIndex=1991
mission CityName=LOC_CITY_NAME_TORONTO CompletionTurn=154 EscapeResult=-1 InitialResult=5 LevelAfter=2 LootInfo=-1 Name=LOC_CITIZEN_MAYA_MODERN_MALE_6 Operation=58 PlotIndex=1818
mission CityName=LOC_CITY_NAME_MONTREAL CompletionTurn=152 EscapeResult=2 InitialResult=2 LevelAfter=2 LootInfo=-1 Name=LOC_CITIZEN_MAYA_MODERN_FEMALE_3 Operation=58 PlotIndex=1314
mission CityName=LOC_CITY_NAME_VANCOUVER CompletionTurn=152 EscapeResult=-1 InitialResult=3 LevelAfter=1 LootInfo=-1 Name=LOC_CITIZEN_MAYA_FEMALE_8 Operation=58 PlotIndex=1743
mission CityName=LOC_CITY_NAME_VICTORIA CompletionTurn=152 EscapeResult=0 InitialResult=4 LevelAfter=4 LootInfo=-1 Name=LOC_CITIZEN_MAYA_FEMALE_6 Operation=58 PlotIndex=888
mission CityName=LOC_CITY_NAME_QUEBEC_CITY CompletionTurn=149 EscapeResult=-1 InitialResult=5 LevelAfter=2 LootInfo=-1 Name=LOC_CITIZEN_MAYA_FEMALE_4 Operation=58 PlotIndex=1404
mission CityName=LOC_CITY_NAME_HALIFAX CompletionTurn=149 EscapeResult=0 InitialResult=2 LevelAfter=3 LootInfo=-1 Name=LOC_CITIZEN_MAYA_MODERN_FEMALE_8 Operation=58 PlotIndex=1409
mission CityName=LOC_CITY_NAME_CALGARY CompletionTurn=149 EscapeResult=-1 InitialResult=5 LevelAfter=4 LootInfo=-1 Name=LOC_CITIZEN_MAYA_MALE_8 Operation=58 PlotIndex=1991
mission CityName=LOC_CITY_NAME_OTTAWA CompletionTurn=147 EscapeResult=2 InitialResult=4 LevelAfter=4 LootInfo=-1 Name=LOC_CITIZEN_MAYA_MODERN_MALE_1 Operation=58 PlotIndex=978
mission CityName=LOC_CITY_NAME_VANCOUVER CompletionTurn=145 EscapeResult=2 InitialResult=2 LevelAfter=1 LootInfo=-1 Name=LOC_CITIZEN_MAYA_FEMALE_1 Operation=58 PlotIndex=1743
mission CityName=LOC_CITY_NAME_MONTREAL CompletionTurn=144 EscapeResult=-1 InitialResult=5 LevelAfter=2 LootInfo=-1 Name=LOC_CITIZEN_MAYA_MODERN_FEMALE_3 Operation=58 PlotIndex=1314
mission CityName=LOC_CITY_NAME_TORONTO CompletionTurn=144 EscapeResult=2 InitialResult=2 LevelAfter=2 LootInfo=-1 Name=LOC_CITIZEN_MAYA_MODERN_FEMALE_4 Operation=58 PlotIndex=1818
mission CityName=LOC_CITY_NAME_VICTORIA CompletionTurn=143 EscapeResult=0 InitialResult=2 LevelAfter=3 LootInfo=-1 Name=LOC_CITIZEN_MAYA_MODERN_FEMALE_6 Operation=58 PlotIndex=888
mission CityName=LOC_CITY_NAME_OTTAWA CompletionTurn=143 EscapeResult=-1 InitialResult=3 LevelAfter=4 LootInfo=-1 Name=LOC_CITIZEN_MAYA_MODERN_MALE_1 Operation=58 PlotIndex=978
mission CityName=LOC_CITY_NAME_HALIFAX CompletionTurn=142 EscapeResult=-1 InitialResult=5 LevelAfter=3 LootInfo=-1 Name=LOC_CITIZEN_MAYA_MODERN_FEMALE_8 Operation=58 PlotIndex=1409
mission CityName=LOC_CITY_NAME_CALGARY CompletionTurn=142 EscapeResult=-1 InitialResult=5 LevelAfter=4 LootInfo=-1 Name=LOC_CITIZEN_MAYA_MALE_8 Operation=58 PlotIndex=1991
mission CityName=LOC_CITY_NAME_MONTREAL CompletionTurn=141 EscapeResult=-1 InitialResult=1 LevelAfter=2 LootInfo=-1 Name=LOC_CITIZEN_MAYA_MODERN_MALE_4 Operation=58 PlotIndex=1314
mission CityName=LOC_CITY_NAME_MONTREAL CompletionTurn=140 EscapeResult=-1 InitialResult=5 LevelAfter=2 LootInfo=-1 Name=LOC_CITIZEN_MAYA_MODERN_MALE_4 Operation=58 PlotIndex=1314
mission CityName=LOC_CITY_NAME_QUEBEC_CITY CompletionTurn=140 EscapeResult=2 InitialResult=4 LevelAfter=3 LootInfo=-1 Name=LOC_CITIZEN_MAYA_FEMALE_6 Operation=58 PlotIndex=1404
mission CityName=LOC_CITY_NAME_OTTAWA CompletionTurn=139 EscapeResult=-1 InitialResult=5 LevelAfter=4 LootInfo=-1 Name=LOC_CITIZEN_MAYA_MODERN_MALE_1 Operation=58 PlotIndex=978
mission CityName=LOC_CITY_NAME_VICTORIA CompletionTurn=138 EscapeResult=1 InitialResult=4 LevelAfter=2 LootInfo=-1 Name=LOC_CITIZEN_MAYA_MALE_2 Operation=58 PlotIndex=888
mission CityName=LOC_CITY_NAME_TORONTO CompletionTurn=137 EscapeResult=-1 InitialResult=5 LevelAfter=2 LootInfo=-1 Name=LOC_CITIZEN_MAYA_MODERN_FEMALE_4 Operation=58 PlotIndex=1818
mission CityName=LOC_CITY_NAME_QUEBEC_CITY CompletionTurn=136 EscapeResult=-1 InitialResult=1 LevelAfter=2 LootInfo=-1 Name=LOC_CITIZEN_MAYA_MODERN_MALE_9 Operation=58 PlotIndex=1404
mission CityName=LOC_CITY_NAME_HALIFAX CompletionTurn=135 EscapeResult=-1 InitialResult=5 LevelAfter=2 LootInfo=-1 Name=LOC_CITIZEN_MAYA_MODERN_FEMALE_8 Operation=58 PlotIndex=1409
mission CityName=LOC_CITY_NAME_OTTAWA CompletionTurn=135 EscapeResult=-1 InitialResult=5 LevelAfter=4 LootInfo=-1 Name=LOC_CITIZEN_MAYA_MODERN_MALE_1 Operation=58 PlotIndex=978
mission CityName=LOC_CITY_NAME_CALGARY CompletionTurn=133 EscapeResult=2 InitialResult=4 LevelAfter=3 LootInfo=-1 Name=LOC_CITIZEN_MAYA_MALE_8 Operation=58 PlotIndex=1991
mission CityName=LOC_CITY_NAME_MONTREAL CompletionTurn=132 EscapeResult=0 InitialResult=2 LevelAfter=1 LootInfo=-1 Name=LOC_CITIZEN_MAYA_MALE_5 Operation=58 PlotIndex=1314
mission CityName=LOC_CITY_NAME_QUEBEC_CITY CompletionTurn=131 EscapeResult=-1 InitialResult=5 LevelAfter=2 LootInfo=-1 Name=LOC_CITIZEN_MAYA_MODERN_MALE_9 Operation=58 PlotIndex=1404
mission CityName=LOC_CITY_NAME_OTTAWA CompletionTurn=130 EscapeResult=-1 InitialResult=5 LevelAfter=4 LootInfo=-1 Name=LOC_CITIZEN_MAYA_MODERN_MALE_1 Operation=58 PlotIndex=978
mission CityName=LOC_CITY_NAME_CALGARY CompletionTurn=129 EscapeResult=-1 InitialResult=3 LevelAfter=2 LootInfo=-1 Name=LOC_CITIZEN_MAYA_MALE_8 Operation=58 PlotIndex=1991
mission CityName=LOC_CITY_NAME_TORONTO CompletionTurn=129 EscapeResult=2 InitialResult=4 LevelAfter=3 LootInfo=-1 Name=LOC_CITIZEN_MAYA_MODERN_FEMALE_6 Operation=58 PlotIndex=1818
mission CityName=LOC_CITY_NAME_MONTREAL CompletionTurn=127 EscapeResult=2 InitialResult=2 LevelAfter=1 LootInfo=-1 Name=LOC_CITIZEN_MAYA_MALE_2 Operation=58 PlotIndex=1314
mission CityName=LOC_CITY_NAME_OTTAWA CompletionTurn=124 EscapeResult=-1 InitialResult=5 LevelAfter=4 LootInfo=-1 Name=LOC_CITIZEN_MAYA_MODERN_MALE_1 Operation=58 PlotIndex=978
mission CityName=LOC_CITY_NAME_CALGARY CompletionTurn=123 EscapeResult=-1 InitialResult=5 LevelAfter=2 LootInfo=-1 Name=LOC_CITIZEN_MAYA_MALE_8 Operation=58 PlotIndex=1991
mission CityName=LOC_CITY_NAME_HALIFAX CompletionTurn=121 EscapeResult=2 InitialResult=4 LevelAfter=2 LootInfo=-1 Name=LOC_CITIZEN_MAYA_FEMALE_6 Operation=58 PlotIndex=1409
mission CityName=LOC_CITY_NAME_OTTAWA CompletionTurn=120 EscapeResult=-1 InitialResult=3 LevelAfter=3 LootInfo=-1 Name=LOC_CITIZEN_MAYA_MODERN_MALE_1 Operation=58 PlotIndex=978
mission CityName=LOC_CITY_NAME_MONTREAL CompletionTurn=120 EscapeResult=-1 InitialResult=0 LevelAfter=2 LootInfo=-1 Name=LOC_CITIZEN_MAYA_FEMALE_7 Operation=58 PlotIndex=1314
mission CityName=LOC_CITY_NAME_QUEBEC_CITY CompletionTurn=118 EscapeResult=1 InitialResult=2 LevelAfter=1 LootInfo=-1 Name=LOC_CITIZEN_MAYA_MODERN_FEMALE_1 Operation=58 PlotIndex=1404
mission CityName=LOC_CITY_NAME_TORONTO CompletionTurn=118 EscapeResult=2 InitialResult=4 LevelAfter=2 LootInfo=-1 Name=LOC_CITIZEN_MAYA_MODERN_FEMALE_6 Operation=58 PlotIndex=1818
mission CityName=LOC_CITY_NAME_TORONTO CompletionTurn=114 EscapeResult=-1 InitialResult=1 LevelAfter=1 LootInfo=-1 Name=LOC_CITIZEN_MAYA_FEMALE_3 Operation=58 PlotIndex=1818
mission CityName=LOC_CITY_NAME_MONTREAL CompletionTurn=114 EscapeResult=-1 InitialResult=5 LevelAfter=2 LootInfo=-1 Name=LOC_CITIZEN_MAYA_FEMALE_7 Operation=58 PlotIndex=1314
mission CityName=LOC_CITY_NAME_OTTAWA CompletionTurn=113 EscapeResult=-1 InitialResult=5 LevelAfter=3 LootInfo=-1 Name=LOC_CITIZEN_MAYA_MODERN_MALE_1 Operation=58 PlotIndex=978
mission CityName=LOC_CITY_NAME_MONTREAL CompletionTurn=110 EscapeResult=-1 InitialResult=1 LevelAfter=1 LootInfo=-1 Name=LOC_CITIZEN_MAYA_MODERN_FEMALE_7 Operation=58 PlotIndex=1314
mission CityName=LOC_CITY_NAME_OTTAWA CompletionTurn=107 EscapeResult=-1 InitialResult=5 LevelAfter=2 LootInfo=-1 Name=LOC_CITIZEN_MAYA_MODERN_MALE_1 Operation=58 PlotIndex=978
tally 5  FOMENT_UNREST CAPTURED / NO_RESULT
tally 1  FOMENT_UNREST FAIL_MUST_ESCAPE / CAPTURED
tally 5  FOMENT_UNREST FAIL_MUST_ESCAPE / FAIL_MUST_ESCAPE
tally 5  FOMENT_UNREST FAIL_MUST_ESCAPE / KILLED
tally 1  FOMENT_UNREST FAIL_MUST_ESCAPE / NO_RESULT
tally 6  FOMENT_UNREST FAIL_UNDETECTED / NO_RESULT
tally 1  FOMENT_UNREST KILLED / NO_RESULT
tally 1  FOMENT_UNREST SUCCESS_MUST_ESCAPE / CAPTURED
tally 10  FOMENT_UNREST SUCCESS_MUST_ESCAPE / FAIL_MUST_ESCAPE
tally 2  FOMENT_UNREST SUCCESS_MUST_ESCAPE / KILLED
tally 1  FOMENT_UNREST SUCCESS_MUST_ESCAPE / NO_RESULT
tally 29  FOMENT_UNREST SUCCESS_UNDETECTED / NO_RESULT
turn 173 spies active 2 idle 5 missions 67 captured-enemy 0
spy 8847367 LOC_CITIZEN_MAYA_MODERN_MALE_6 level 4 at 59:23 start
spy 7405581 LOC_CITIZEN_MAYA_MODERN_MALE_1 level 4 at 65:16 start
spy 7995412 LOC_CITIZEN_MAYA_MODERN_FEMALE_3 level 2 at 54:15 busy
spy 7798809 LOC_CITIZEN_MAYA_MALE_7 level 3 at 54:15 refused
spy 8650779 LOC_CITIZEN_MAYA_MODERN_FEMALE_4 level 3 at 60:16 refused
spy 8192030 LOC_CITIZEN_MAYA_MODERN_FEMALE_2 level 1 at 54:21 start
spy 8585247 LOC_CITIZEN_MAYA_MODERN_FEMALE_5 level 1 at 60:16 busy
turn 173 spies 7 started 3 travelled 0 promoted 2 bought 1 gold 50000
unblock: blocker ENDTURN_BLOCKING_SPY_CHOOSE_ESCAPE_ROUTE -> escape route DISTRICT_CITY_CENTER of 1 for spy 7995412 LOC_CITIZEN_MAYA_MODERN_FEMALE_3 level 3 turn 173 city LOC_CITY_NAME_MONTREAL p1 at 54:15 pursuer police | end turn requested
unstuck: InGamePopup: open, no close
unblock: blocker ENDTURN_BLOCKING_SPY_CHOOSE_ESCAPE_ROUTE -> escape route DISTRICT_CITY_CENTER of 2 for spy 8585247 LOC_CITIZEN_MAYA_MODERN_FEMALE_5 level 1 turn 173 city LOC_CITY_NAME_QUEBEC_CITY p1 at 60:16 pursuer police | end turn requested
unstuck: InGamePopup: open, no close
mission CityName=LOC_CITY_NAME_TORONTO CompletionTurn=173 EscapeResult=-1 InitialResult=5 LevelAfter=2 LootInfo=-1 Name=LOC_CITIZEN_MAYA_MODERN_FEMALE_2 Operation=58 PlotIndex=1818
mission CityName=LOC_CITY_NAME_MONTREAL CompletionTurn=173 EscapeResult=0 InitialResult=4 LevelAfter=3 LootInfo=-1 Name=LOC_CITIZEN_MAYA_MODERN_FEMALE_3 Operation=58 PlotIndex=1314
mission CityName=LOC_CITY_NAME_HALIFAX CompletionTurn=173 EscapeResult=-1 InitialResult=5 LevelAfter=4 LootInfo=-1 Name=LOC_CITIZEN_MAYA_MODERN_MALE_1 Operation=58 PlotIndex=1409
mission CityName=LOC_CITY_NAME_CALGARY CompletionTurn=173 EscapeResult=-1 InitialResult=3 LevelAfter=4 LootInfo=-1 Name=LOC_CITIZEN_MAYA_MODERN_MALE_6 Operation=58 PlotIndex=1991
mission CityName=LOC_CITY_NAME_QUEBEC_CITY CompletionTurn=172 EscapeResult=-1 InitialResult=2 LevelAfter=1 LootInfo=-1 Name=LOC_CITIZEN_MAYA_MODERN_FEMALE_5 Operation=58 PlotIndex=1404
mission CityName=LOC_CITY_NAME_OTTAWA CompletionTurn=172 EscapeResult=0 InitialResult=4 LevelAfter=4 LootInfo=-1 Name=LOC_CITIZEN_MAYA_FEMALE_1 Operation=58 PlotIndex=978
mission CityName=LOC_CITY_NAME_HALIFAX CompletionTurn=169 EscapeResult=-1 InitialResult=5 LevelAfter=4 LootInfo=-1 Name=LOC_CITIZEN_MAYA_MODERN_MALE_1 Operation=58 PlotIndex=1409
mission CityName=LOC_CITY_NAME_TORONTO CompletionTurn=168 EscapeResult=2 InitialResult=4 LevelAfter=4 LootInfo=-1 Name=LOC_CITIZEN_MAYA_MODERN_MALE_6 Operation=58 PlotIndex=1818
mission CityName=LOC_CITY_NAME_MONTREAL CompletionTurn=168 EscapeResult=2 InitialResult=4 LevelAfter=4 LootInfo=-1 Name=LOC_CITIZEN_MAYA_MALE_8 Operation=58 PlotIndex=1314
mission CityName=LOC_CITY_NAME_OTTAWA CompletionTurn=167 EscapeResult=-1 InitialResult=5 LevelAfter=4 LootInfo=-1 Name=LOC_CITIZEN_MAYA_FEMALE_1 Operation=58 PlotIndex=978
mission CityName=LOC_CITY_NAME_MONTREAL CompletionTurn=165 EscapeResult=-1 InitialResult=5 LevelAfter=3 LootInfo=-1 Name=LOC_CITIZEN_MAYA_MALE_7 Operation=58 PlotIndex=1314
mission CityName=LOC_CITY_NAME_HALIFAX CompletionTurn=165 EscapeResult=-1 InitialResult=5 LevelAfter=4 LootInfo=-1 Name=LOC_CITIZEN_MAYA_MODERN_MALE_1 Operation=58 PlotIndex=1409
mission CityName=LOC_CITY_NAME_MONTREAL CompletionTurn=164 EscapeResult=-1 InitialResult=5 LevelAfter=2 LootInfo=-1 Name=LOC_CITIZEN_MAYA_MALE_7 Operation=58 PlotIndex=1314
mission CityName=LOC_CITY_NAME_OTTAWA CompletionTurn=162 EscapeResult=-1 InitialResult=5 LevelAfter=3 LootInfo=-1 Name=LOC_CITIZEN_MAYA_FEMALE_1 Operation=58 PlotIndex=978
mission CityName=LOC_CITY_NAME_VANCOUVER CompletionTurn=162 EscapeResult=0 InitialResult=2 LevelAfter=1 LootInfo=-1 Name=LOC_CITIZEN_MAYA_FEMALE_8 Operation=58 PlotIndex=1743
mission CityName=LOC_CITY_NAME_CHARLOTTETOWN CompletionTurn=161 EscapeResult=0 InitialResult=2 LevelAfter=1 LootInfo=-1 Name=LOC_CITIZEN_MAYA_MALE_6 Operation=58 PlotIndex=1644
mission CityName=LOC_CITY_NAME_HALIFAX CompletionTurn=161 EscapeResult=-1 InitialResult=5 LevelAfter=4 LootInfo=-1 Name=LOC_CITIZEN_MAYA_MODERN_MALE_1 Operation=58 PlotIndex=1409
mission CityName=LOC_CITY_NAME_TE_HOKIANGA_NU_A_KUPE CompletionTurn=160 EscapeResult=2 InitialResult=2 LevelAfter=3 LootInfo=-1 Name=LOC_CITIZEN_MAYA_MODERN_FEMALE_4 Operation=58 PlotIndex=772
mission CityName=LOC_CITY_NAME_TORONTO CompletionTurn=160 EscapeResult=2 InitialResult=4 LevelAfter=3 LootInfo=-1 Name=LOC_CITIZEN_MAYA_MODERN_MALE_6 Operation=58 PlotIndex=1818
mission CityName=LOC_CITY_NAME_OTTAWA CompletionTurn=158 EscapeResult=-1 InitialResult=5 LevelAfter=2 LootInfo=-1 Name=LOC_CITIZEN_MAYA_FEMALE_1 Operation=58 PlotIndex=978
mission CityName=LOC_CITY_NAME_QUEBEC_CITY CompletionTurn=158 EscapeResult=-1 InitialResult=1 LevelAfter=2 LootInfo=-1 Name=LOC_CITIZEN_MAYA_FEMALE_4 Operation=58 PlotIndex=1404
mission CityName=LOC_CITY_NAME_VANCOUVER CompletionTurn=158 EscapeResult=-1 InitialResult=3 LevelAfter=1 LootInfo=-1 Name=LOC_CITIZEN_MAYA_FEMALE_8 Operation=58 PlotIndex=1743
mission CityName=LOC_CITY_NAME_TE_HOKIANGA_NU_A_KUPE CompletionTurn=154 EscapeResult=-1 InitialResult=5 LevelAfter=3 LootInfo=-1 Name=LOC_CITIZEN_MAYA_MODERN_FEMALE_4 Operation=58 PlotIndex=772
mission CityName=LOC_CITY_NAME_CALGARY CompletionTurn=154 EscapeResult=2 InitialResult=4 LevelAfter=4 LootInfo=-1 Name=LOC_CITIZEN_MAYA_MALE_8 Operation=58 PlotIndex=1991
mission CityName=LOC_CITY_NAME_TORONTO CompletionTurn=154 EscapeResult=-1 InitialResult=5 LevelAfter=2 LootInfo=-1 Name=LOC_CITIZEN_MAYA_MODERN_MALE_6 Operation=58 PlotIndex=1818
mission CityName=LOC_CITY_NAME_MONTREAL CompletionTurn=152 EscapeResult=2 InitialResult=2 LevelAfter=2 LootInfo=-1 Name=LOC_CITIZEN_MAYA_MODERN_FEMALE_3 Operation=58 PlotIndex=1314
mission CityName=LOC_CITY_NAME_VANCOUVER CompletionTurn=152 EscapeResult=-1 InitialResult=3 LevelAfter=1 LootInfo=-1 Name=LOC_CITIZEN_MAYA_FEMALE_8 Operation=58 PlotIndex=1743
mission CityName=LOC_CITY_NAME_VICTORIA CompletionTurn=152 EscapeResult=0 InitialResult=4 LevelAfter=4 LootInfo=-1 Name=LOC_CITIZEN_MAYA_FEMALE_6 Operation=58 PlotIndex=888
mission CityName=LOC_CITY_NAME_QUEBEC_CITY CompletionTurn=149 EscapeResult=-1 InitialResult=5 LevelAfter=2 LootInfo=-1 Name=LOC_CITIZEN_MAYA_FEMALE_4 Operation=58 PlotIndex=1404
mission CityName=LOC_CITY_NAME_HALIFAX CompletionTurn=149 EscapeResult=0 InitialResult=2 LevelAfter=3 LootInfo=-1 Name=LOC_CITIZEN_MAYA_MODERN_FEMALE_8 Operation=58 PlotIndex=1409
mission CityName=LOC_CITY_NAME_CALGARY CompletionTurn=149 EscapeResult=-1 InitialResult=5 LevelAfter=4 LootInfo=-1 Name=LOC_CITIZEN_MAYA_MALE_8 Operation=58 PlotIndex=1991
mission CityName=LOC_CITY_NAME_OTTAWA CompletionTurn=147 EscapeResult=2 InitialResult=4 LevelAfter=4 LootInfo=-1 Name=LOC_CITIZEN_MAYA_MODERN_MALE_1 Operation=58 PlotIndex=978
mission CityName=LOC_CITY_NAME_VANCOUVER CompletionTurn=145 EscapeResult=2 InitialResult=2 LevelAfter=1 LootInfo=-1 Name=LOC_CITIZEN_MAYA_FEMALE_1 Operation=58 PlotIndex=1743
mission CityName=LOC_CITY_NAME_MONTREAL CompletionTurn=144 EscapeResult=-1 InitialResult=5 LevelAfter=2 LootInfo=-1 Name=LOC_CITIZEN_MAYA_MODERN_FEMALE_3 Operation=58 PlotIndex=1314
mission CityName=LOC_CITY_NAME_TORONTO CompletionTurn=144 EscapeResult=2 InitialResult=2 LevelAfter=2 LootInfo=-1 Name=LOC_CITIZEN_MAYA_MODERN_FEMALE_4 Operation=58 PlotIndex=1818
mission CityName=LOC_CITY_NAME_VICTORIA CompletionTurn=143 EscapeResult=0 InitialResult=2 LevelAfter=3 LootInfo=-1 Name=LOC_CITIZEN_MAYA_MODERN_FEMALE_6 Operation=58 PlotIndex=888
mission CityName=LOC_CITY_NAME_OTTAWA CompletionTurn=143 EscapeResult=-1 InitialResult=3 LevelAfter=4 LootInfo=-1 Name=LOC_CITIZEN_MAYA_MODERN_MALE_1 Operation=58 PlotIndex=978
mission CityName=LOC_CITY_NAME_HALIFAX CompletionTurn=142 EscapeResult=-1 InitialResult=5 LevelAfter=3 LootInfo=-1 Name=LOC_CITIZEN_MAYA_MODERN_FEMALE_8 Operation=58 PlotIndex=1409
mission CityName=LOC_CITY_NAME_CALGARY CompletionTurn=142 EscapeResult=-1 InitialResult=5 LevelAfter=4 LootInfo=-1 Name=LOC_CITIZEN_MAYA_MALE_8 Operation=58 PlotIndex=1991
mission CityName=LOC_CITY_NAME_MONTREAL CompletionTurn=141 EscapeResult=-1 InitialResult=1 LevelAfter=2 LootInfo=-1 Name=LOC_CITIZEN_MAYA_MODERN_MALE_4 Operation=58 PlotIndex=1314
mission CityName=LOC_CITY_NAME_MONTREAL CompletionTurn=140 EscapeResult=-1 InitialResult=5 LevelAfter=2 LootInfo=-1 Name=LOC_CITIZEN_MAYA_MODERN_MALE_4 Operation=58 PlotIndex=1314
mission CityName=LOC_CITY_NAME_QUEBEC_CITY CompletionTurn=140 EscapeResult=2 InitialResult=4 LevelAfter=3 LootInfo=-1 Name=LOC_CITIZEN_MAYA_FEMALE_6 Operation=58 PlotIndex=1404
mission CityName=LOC_CITY_NAME_OTTAWA CompletionTurn=139 EscapeResult=-1 InitialResult=5 LevelAfter=4 LootInfo=-1 Name=LOC_CITIZEN_MAYA_MODERN_MALE_1 Operation=58 PlotIndex=978
mission CityName=LOC_CITY_NAME_VICTORIA CompletionTurn=138 EscapeResult=1 InitialResult=4 LevelAfter=2 LootInfo=-1 Name=LOC_CITIZEN_MAYA_MALE_2 Operation=58 PlotIndex=888
mission CityName=LOC_CITY_NAME_TORONTO CompletionTurn=137 EscapeResult=-1 InitialResult=5 LevelAfter=2 LootInfo=-1 Name=LOC_CITIZEN_MAYA_MODERN_FEMALE_4 Operation=58 PlotIndex=1818
mission CityName=LOC_CITY_NAME_QUEBEC_CITY CompletionTurn=136 EscapeResult=-1 InitialResult=1 LevelAfter=2 LootInfo=-1 Name=LOC_CITIZEN_MAYA_MODERN_MALE_9 Operation=58 PlotIndex=1404
mission CityName=LOC_CITY_NAME_HALIFAX CompletionTurn=135 EscapeResult=-1 InitialResult=5 LevelAfter=2 LootInfo=-1 Name=LOC_CITIZEN_MAYA_MODERN_FEMALE_8 Operation=58 PlotIndex=1409
mission CityName=LOC_CITY_NAME_OTTAWA CompletionTurn=135 EscapeResult=-1 InitialResult=5 LevelAfter=4 LootInfo=-1 Name=LOC_CITIZEN_MAYA_MODERN_MALE_1 Operation=58 PlotIndex=978
mission CityName=LOC_CITY_NAME_CALGARY CompletionTurn=133 EscapeResult=2 InitialResult=4 LevelAfter=3 LootInfo=-1 Name=LOC_CITIZEN_MAYA_MALE_8 Operation=58 PlotIndex=1991
mission CityName=LOC_CITY_NAME_MONTREAL CompletionTurn=132 EscapeResult=0 InitialResult=2 LevelAfter=1 LootInfo=-1 Name=LOC_CITIZEN_MAYA_MALE_5 Operation=58 PlotIndex=1314
mission CityName=LOC_CITY_NAME_QUEBEC_CITY CompletionTurn=131 EscapeResult=-1 InitialResult=5 LevelAfter=2 LootInfo=-1 Name=LOC_CITIZEN_MAYA_MODERN_MALE_9 Operation=58 PlotIndex=1404
mission CityName=LOC_CITY_NAME_OTTAWA CompletionTurn=130 EscapeResult=-1 InitialResult=5 LevelAfter=4 LootInfo=-1 Name=LOC_CITIZEN_MAYA_MODERN_MALE_1 Operation=58 PlotIndex=978
mission CityName=LOC_CITY_NAME_CALGARY CompletionTurn=129 EscapeResult=-1 InitialResult=3 LevelAfter=2 LootInfo=-1 Name=LOC_CITIZEN_MAYA_MALE_8 Operation=58 PlotIndex=1991
mission CityName=LOC_CITY_NAME_TORONTO CompletionTurn=129 EscapeResult=2 InitialResult=4 LevelAfter=3 LootInfo=-1 Name=LOC_CITIZEN_MAYA_MODERN_FEMALE_6 Operation=58 PlotIndex=1818
mission CityName=LOC_CITY_NAME_MONTREAL CompletionTurn=127 EscapeResult=2 InitialResult=2 LevelAfter=1 LootInfo=-1 Name=LOC_CITIZEN_MAYA_MALE_2 Operation=58 PlotIndex=1314
mission CityName=LOC_CITY_NAME_OTTAWA CompletionTurn=124 EscapeResult=-1 InitialResult=5 LevelAfter=4 LootInfo=-1 Name=LOC_CITIZEN_MAYA_MODERN_MALE_1 Operation=58 PlotIndex=978
mission CityName=LOC_CITY_NAME_CALGARY CompletionTurn=123 EscapeResult=-1 InitialResult=5 LevelAfter=2 LootInfo=-1 Name=LOC_CITIZEN_MAYA_MALE_8 Operation=58 PlotIndex=1991
mission CityName=LOC_CITY_NAME_HALIFAX CompletionTurn=121 EscapeResult=2 InitialResult=4 LevelAfter=2 LootInfo=-1 Name=LOC_CITIZEN_MAYA_FEMALE_6 Operation=58 PlotIndex=1409
mission CityName=LOC_CITY_NAME_OTTAWA CompletionTurn=120 EscapeResult=-1 InitialResult=3 LevelAfter=3 LootInfo=-1 Name=LOC_CITIZEN_MAYA_MODERN_MALE_1 Operation=58 PlotIndex=978
mission CityName=LOC_CITY_NAME_MONTREAL CompletionTurn=120 EscapeResult=-1 InitialResult=0 LevelAfter=2 LootInfo=-1 Name=LOC_CITIZEN_MAYA_FEMALE_7 Operation=58 PlotIndex=1314
mission CityName=LOC_CITY_NAME_QUEBEC_CITY CompletionTurn=118 EscapeResult=1 InitialResult=2 LevelAfter=1 LootInfo=-1 Name=LOC_CITIZEN_MAYA_MODERN_FEMALE_1 Operation=58 PlotIndex=1404
mission CityName=LOC_CITY_NAME_TORONTO CompletionTurn=118 EscapeResult=2 InitialResult=4 LevelAfter=2 LootInfo=-1 Name=LOC_CITIZEN_MAYA_MODERN_FEMALE_6 Operation=58 PlotIndex=1818
mission CityName=LOC_CITY_NAME_TORONTO CompletionTurn=114 EscapeResult=-1 InitialResult=1 LevelAfter=1 LootInfo=-1 Name=LOC_CITIZEN_MAYA_FEMALE_3 Operation=58 PlotIndex=1818
mission CityName=LOC_CITY_NAME_MONTREAL CompletionTurn=114 EscapeResult=-1 InitialResult=5 LevelAfter=2 LootInfo=-1 Name=LOC_CITIZEN_MAYA_FEMALE_7 Operation=58 PlotIndex=1314
mission CityName=LOC_CITY_NAME_OTTAWA CompletionTurn=113 EscapeResult=-1 InitialResult=5 LevelAfter=3 LootInfo=-1 Name=LOC_CITIZEN_MAYA_MODERN_MALE_1 Operation=58 PlotIndex=978
mission CityName=LOC_CITY_NAME_MONTREAL CompletionTurn=110 EscapeResult=-1 InitialResult=1 LevelAfter=1 LootInfo=-1 Name=LOC_CITIZEN_MAYA_MODERN_FEMALE_7 Operation=58 PlotIndex=1314
mission CityName=LOC_CITY_NAME_OTTAWA CompletionTurn=107 EscapeResult=-1 InitialResult=5 LevelAfter=2 LootInfo=-1 Name=LOC_CITIZEN_MAYA_MODERN_MALE_1 Operation=58 PlotIndex=978
tally 5  FOMENT_UNREST CAPTURED / NO_RESULT
tally 1  FOMENT_UNREST FAIL_MUST_ESCAPE / CAPTURED
tally 5  FOMENT_UNREST FAIL_MUST_ESCAPE / FAIL_MUST_ESCAPE
tally 5  FOMENT_UNREST FAIL_MUST_ESCAPE / KILLED
tally 1  FOMENT_UNREST FAIL_MUST_ESCAPE / NO_RESULT
tally 6  FOMENT_UNREST FAIL_UNDETECTED / NO_RESULT
tally 1  FOMENT_UNREST KILLED / NO_RESULT
tally 1  FOMENT_UNREST SUCCESS_MUST_ESCAPE / CAPTURED
tally 10  FOMENT_UNREST SUCCESS_MUST_ESCAPE / FAIL_MUST_ESCAPE
tally 3  FOMENT_UNREST SUCCESS_MUST_ESCAPE / KILLED
tally 29  FOMENT_UNREST SUCCESS_UNDETECTED / NO_RESULT
turn 174 spies active 4 idle 3 missions 67 captured-enemy 0
spy 8847367 LOC_CITIZEN_MAYA_MODERN_MALE_6 level 4 at 59:23 busy
spy 7405581 LOC_CITIZEN_MAYA_MODERN_MALE_1 level 4 at 65:16 busy
spy 7798809 LOC_CITIZEN_MAYA_MALE_7 level 3 at 54:15 start
spy 8650779 LOC_CITIZEN_MAYA_MODERN_FEMALE_4 level 3 at 60:16 refused
spy 8192030 LOC_CITIZEN_MAYA_MODERN_FEMALE_2 level 2 at 54:21 busy
spy 8585247 LOC_CITIZEN_MAYA_MODERN_FEMALE_5 level 1 at 60:16 busy
spy 9044003 LOC_CITIZEN_MAYA_MALE_3 level 1 at 36:42 travel
turn 174 spies 7 started 1 travelled 1 promoted 0 bought 0 gold 50000
unblock: blocker ENDTURN_BLOCKING_SPY_CHOOSE_ESCAPE_ROUTE -> escape route DISTRICT_CITY_CENTER of 2 for spy 8585247 LOC_CITIZEN_MAYA_MODERN_FEMALE_5 level 1 turn 174 city LOC_CITY_NAME_QUEBEC_CITY p1 at 60:16 pursuer police | end turn requested
unstuck: InGamePopup: open, no close
unblock: blocker ENDTURN_BLOCKING_PRODUCTION -> NARANJO builds UNIT_WARRIOR | end turn requested
unstuck: InGamePopup: open, no close
unblock: blocker ENDTURN_BLOCKING_FILL_CIVIC_SLOT -> nothing | end turn requested
unstuck: closed sessions [2:2]
unstuck: DiplomacyActionView: Closing Diplomacy Action View. m_eventID: 3107270
unstuck: InGamePopup: open, no close
unblock: blocker ENDTURN_BLOCKING_FILL_CIVIC_SLOT -> nothing | end turn requested
unstuck: InGamePopup: open, no close
mission CityName=LOC_CITY_NAME_TORONTO CompletionTurn=173 EscapeResult=-1 InitialResult=5 LevelAfter=2 LootInfo=-1 Name=LOC_CITIZEN_MAYA_MODERN_FEMALE_2 Operation=58 PlotIndex=1818
mission CityName=LOC_CITY_NAME_MONTREAL CompletionTurn=173 EscapeResult=0 InitialResult=4 LevelAfter=3 LootInfo=-1 Name=LOC_CITIZEN_MAYA_MODERN_FEMALE_3 Operation=58 PlotIndex=1314
mission CityName=LOC_CITY_NAME_HALIFAX CompletionTurn=173 EscapeResult=-1 InitialResult=5 LevelAfter=4 LootInfo=-1 Name=LOC_CITIZEN_MAYA_MODERN_MALE_1 Operation=58 PlotIndex=1409
mission CityName=LOC_CITY_NAME_CALGARY CompletionTurn=173 EscapeResult=-1 InitialResult=3 LevelAfter=4 LootInfo=-1 Name=LOC_CITIZEN_MAYA_MODERN_MALE_6 Operation=58 PlotIndex=1991
mission CityName=LOC_CITY_NAME_QUEBEC_CITY CompletionTurn=172 EscapeResult=0 InitialResult=2 LevelAfter=1 LootInfo=-1 Name=LOC_CITIZEN_MAYA_MODERN_FEMALE_5 Operation=58 PlotIndex=1404
mission CityName=LOC_CITY_NAME_OTTAWA CompletionTurn=172 EscapeResult=0 InitialResult=4 LevelAfter=4 LootInfo=-1 Name=LOC_CITIZEN_MAYA_FEMALE_1 Operation=58 PlotIndex=978
mission CityName=LOC_CITY_NAME_HALIFAX CompletionTurn=169 EscapeResult=-1 InitialResult=5 LevelAfter=4 LootInfo=-1 Name=LOC_CITIZEN_MAYA_MODERN_MALE_1 Operation=58 PlotIndex=1409
mission CityName=LOC_CITY_NAME_TORONTO CompletionTurn=168 EscapeResult=2 InitialResult=4 LevelAfter=4 LootInfo=-1 Name=LOC_CITIZEN_MAYA_MODERN_MALE_6 Operation=58 PlotIndex=1818
mission CityName=LOC_CITY_NAME_MONTREAL CompletionTurn=168 EscapeResult=2 InitialResult=4 LevelAfter=4 LootInfo=-1 Name=LOC_CITIZEN_MAYA_MALE_8 Operation=58 PlotIndex=1314
mission CityName=LOC_CITY_NAME_OTTAWA CompletionTurn=167 EscapeResult=-1 InitialResult=5 LevelAfter=4 LootInfo=-1 Name=LOC_CITIZEN_MAYA_FEMALE_1 Operation=58 PlotIndex=978
mission CityName=LOC_CITY_NAME_MONTREAL CompletionTurn=165 EscapeResult=-1 InitialResult=5 LevelAfter=3 LootInfo=-1 Name=LOC_CITIZEN_MAYA_MALE_7 Operation=58 PlotIndex=1314
mission CityName=LOC_CITY_NAME_HALIFAX CompletionTurn=165 EscapeResult=-1 InitialResult=5 LevelAfter=4 LootInfo=-1 Name=LOC_CITIZEN_MAYA_MODERN_MALE_1 Operation=58 PlotIndex=1409
mission CityName=LOC_CITY_NAME_MONTREAL CompletionTurn=164 EscapeResult=-1 InitialResult=5 LevelAfter=2 LootInfo=-1 Name=LOC_CITIZEN_MAYA_MALE_7 Operation=58 PlotIndex=1314
mission CityName=LOC_CITY_NAME_OTTAWA CompletionTurn=162 EscapeResult=-1 InitialResult=5 LevelAfter=3 LootInfo=-1 Name=LOC_CITIZEN_MAYA_FEMALE_1 Operation=58 PlotIndex=978
mission CityName=LOC_CITY_NAME_VANCOUVER CompletionTurn=162 EscapeResult=0 InitialResult=2 LevelAfter=1 LootInfo=-1 Name=LOC_CITIZEN_MAYA_FEMALE_8 Operation=58 PlotIndex=1743
mission CityName=LOC_CITY_NAME_CHARLOTTETOWN CompletionTurn=161 EscapeResult=0 InitialResult=2 LevelAfter=1 LootInfo=-1 Name=LOC_CITIZEN_MAYA_MALE_6 Operation=58 PlotIndex=1644
mission CityName=LOC_CITY_NAME_HALIFAX CompletionTurn=161 EscapeResult=-1 InitialResult=5 LevelAfter=4 LootInfo=-1 Name=LOC_CITIZEN_MAYA_MODERN_MALE_1 Operation=58 PlotIndex=1409
mission CityName=LOC_CITY_NAME_TE_HOKIANGA_NU_A_KUPE CompletionTurn=160 EscapeResult=2 InitialResult=2 LevelAfter=3 LootInfo=-1 Name=LOC_CITIZEN_MAYA_MODERN_FEMALE_4 Operation=58 PlotIndex=772
mission CityName=LOC_CITY_NAME_TORONTO CompletionTurn=160 EscapeResult=2 InitialResult=4 LevelAfter=3 LootInfo=-1 Name=LOC_CITIZEN_MAYA_MODERN_MALE_6 Operation=58 PlotIndex=1818
mission CityName=LOC_CITY_NAME_OTTAWA CompletionTurn=158 EscapeResult=-1 InitialResult=5 LevelAfter=2 LootInfo=-1 Name=LOC_CITIZEN_MAYA_FEMALE_1 Operation=58 PlotIndex=978
mission CityName=LOC_CITY_NAME_QUEBEC_CITY CompletionTurn=158 EscapeResult=-1 InitialResult=1 LevelAfter=2 LootInfo=-1 Name=LOC_CITIZEN_MAYA_FEMALE_4 Operation=58 PlotIndex=1404
mission CityName=LOC_CITY_NAME_VANCOUVER CompletionTurn=158 EscapeResult=-1 InitialResult=3 LevelAfter=1 LootInfo=-1 Name=LOC_CITIZEN_MAYA_FEMALE_8 Operation=58 PlotIndex=1743
mission CityName=LOC_CITY_NAME_TE_HOKIANGA_NU_A_KUPE CompletionTurn=154 EscapeResult=-1 InitialResult=5 LevelAfter=3 LootInfo=-1 Name=LOC_CITIZEN_MAYA_MODERN_FEMALE_4 Operation=58 PlotIndex=772
mission CityName=LOC_CITY_NAME_CALGARY CompletionTurn=154 EscapeResult=2 InitialResult=4 LevelAfter=4 LootInfo=-1 Name=LOC_CITIZEN_MAYA_MALE_8 Operation=58 PlotIndex=1991
mission CityName=LOC_CITY_NAME_TORONTO CompletionTurn=154 EscapeResult=-1 InitialResult=5 LevelAfter=2 LootInfo=-1 Name=LOC_CITIZEN_MAYA_MODERN_MALE_6 Operation=58 PlotIndex=1818
mission CityName=LOC_CITY_NAME_MONTREAL CompletionTurn=152 EscapeResult=2 InitialResult=2 LevelAfter=2 LootInfo=-1 Name=LOC_CITIZEN_MAYA_MODERN_FEMALE_3 Operation=58 PlotIndex=1314
mission CityName=LOC_CITY_NAME_VANCOUVER CompletionTurn=152 EscapeResult=-1 InitialResult=3 LevelAfter=1 LootInfo=-1 Name=LOC_CITIZEN_MAYA_FEMALE_8 Operation=58 PlotIndex=1743
mission CityName=LOC_CITY_NAME_VICTORIA CompletionTurn=152 EscapeResult=0 InitialResult=4 LevelAfter=4 LootInfo=-1 Name=LOC_CITIZEN_MAYA_FEMALE_6 Operation=58 PlotIndex=888
mission CityName=LOC_CITY_NAME_QUEBEC_CITY CompletionTurn=149 EscapeResult=-1 InitialResult=5 LevelAfter=2 LootInfo=-1 Name=LOC_CITIZEN_MAYA_FEMALE_4 Operation=58 PlotIndex=1404
mission CityName=LOC_CITY_NAME_HALIFAX CompletionTurn=149 EscapeResult=0 InitialResult=2 LevelAfter=3 LootInfo=-1 Name=LOC_CITIZEN_MAYA_MODERN_FEMALE_8 Operation=58 PlotIndex=1409
mission CityName=LOC_CITY_NAME_CALGARY CompletionTurn=149 EscapeResult=-1 InitialResult=5 LevelAfter=4 LootInfo=-1 Name=LOC_CITIZEN_MAYA_MALE_8 Operation=58 PlotIndex=1991
mission CityName=LOC_CITY_NAME_OTTAWA CompletionTurn=147 EscapeResult=2 InitialResult=4 LevelAfter=4 LootInfo=-1 Name=LOC_CITIZEN_MAYA_MODERN_MALE_1 Operation=58 PlotIndex=978
mission CityName=LOC_CITY_NAME_VANCOUVER CompletionTurn=145 EscapeResult=2 InitialResult=2 LevelAfter=1 LootInfo=-1 Name=LOC_CITIZEN_MAYA_FEMALE_1 Operation=58 PlotIndex=1743
mission CityName=LOC_CITY_NAME_MONTREAL CompletionTurn=144 EscapeResult=-1 InitialResult=5 LevelAfter=2 LootInfo=-1 Name=LOC_CITIZEN_MAYA_MODERN_FEMALE_3 Operation=58 PlotIndex=1314
mission CityName=LOC_CITY_NAME_TORONTO CompletionTurn=144 EscapeResult=2 InitialResult=2 LevelAfter=2 LootInfo=-1 Name=LOC_CITIZEN_MAYA_MODERN_FEMALE_4 Operation=58 PlotIndex=1818
mission CityName=LOC_CITY_NAME_VICTORIA CompletionTurn=143 EscapeResult=0 InitialResult=2 LevelAfter=3 LootInfo=-1 Name=LOC_CITIZEN_MAYA_MODERN_FEMALE_6 Operation=58 PlotIndex=888
mission CityName=LOC_CITY_NAME_OTTAWA CompletionTurn=143 EscapeResult=-1 InitialResult=3 LevelAfter=4 LootInfo=-1 Name=LOC_CITIZEN_MAYA_MODERN_MALE_1 Operation=58 PlotIndex=978
mission CityName=LOC_CITY_NAME_HALIFAX CompletionTurn=142 EscapeResult=-1 InitialResult=5 LevelAfter=3 LootInfo=-1 Name=LOC_CITIZEN_MAYA_MODERN_FEMALE_8 Operation=58 PlotIndex=1409
mission CityName=LOC_CITY_NAME_CALGARY CompletionTurn=142 EscapeResult=-1 InitialResult=5 LevelAfter=4 LootInfo=-1 Name=LOC_CITIZEN_MAYA_MALE_8 Operation=58 PlotIndex=1991
mission CityName=LOC_CITY_NAME_MONTREAL CompletionTurn=141 EscapeResult=-1 InitialResult=1 LevelAfter=2 LootInfo=-1 Name=LOC_CITIZEN_MAYA_MODERN_MALE_4 Operation=58 PlotIndex=1314
mission CityName=LOC_CITY_NAME_MONTREAL CompletionTurn=140 EscapeResult=-1 InitialResult=5 LevelAfter=2 LootInfo=-1 Name=LOC_CITIZEN_MAYA_MODERN_MALE_4 Operation=58 PlotIndex=1314
mission CityName=LOC_CITY_NAME_QUEBEC_CITY CompletionTurn=140 EscapeResult=2 InitialResult=4 LevelAfter=3 LootInfo=-1 Name=LOC_CITIZEN_MAYA_FEMALE_6 Operation=58 PlotIndex=1404
mission CityName=LOC_CITY_NAME_OTTAWA CompletionTurn=139 EscapeResult=-1 InitialResult=5 LevelAfter=4 LootInfo=-1 Name=LOC_CITIZEN_MAYA_MODERN_MALE_1 Operation=58 PlotIndex=978
mission CityName=LOC_CITY_NAME_VICTORIA CompletionTurn=138 EscapeResult=1 InitialResult=4 LevelAfter=2 LootInfo=-1 Name=LOC_CITIZEN_MAYA_MALE_2 Operation=58 PlotIndex=888
mission CityName=LOC_CITY_NAME_TORONTO CompletionTurn=137 EscapeResult=-1 InitialResult=5 LevelAfter=2 LootInfo=-1 Name=LOC_CITIZEN_MAYA_MODERN_FEMALE_4 Operation=58 PlotIndex=1818
mission CityName=LOC_CITY_NAME_QUEBEC_CITY CompletionTurn=136 EscapeResult=-1 InitialResult=1 LevelAfter=2 LootInfo=-1 Name=LOC_CITIZEN_MAYA_MODERN_MALE_9 Operation=58 PlotIndex=1404
mission CityName=LOC_CITY_NAME_HALIFAX CompletionTurn=135 EscapeResult=-1 InitialResult=5 LevelAfter=2 LootInfo=-1 Name=LOC_CITIZEN_MAYA_MODERN_FEMALE_8 Operation=58 PlotIndex=1409
mission CityName=LOC_CITY_NAME_OTTAWA CompletionTurn=135 EscapeResult=-1 InitialResult=5 LevelAfter=4 LootInfo=-1 Name=LOC_CITIZEN_MAYA_MODERN_MALE_1 Operation=58 PlotIndex=978
mission CityName=LOC_CITY_NAME_CALGARY CompletionTurn=133 EscapeResult=2 InitialResult=4 LevelAfter=3 LootInfo=-1 Name=LOC_CITIZEN_MAYA_MALE_8 Operation=58 PlotIndex=1991
mission CityName=LOC_CITY_NAME_MONTREAL CompletionTurn=132 EscapeResult=0 InitialResult=2 LevelAfter=1 LootInfo=-1 Name=LOC_CITIZEN_MAYA_MALE_5 Operation=58 PlotIndex=1314
mission CityName=LOC_CITY_NAME_QUEBEC_CITY CompletionTurn=131 EscapeResult=-1 InitialResult=5 LevelAfter=2 LootInfo=-1 Name=LOC_CITIZEN_MAYA_MODERN_MALE_9 Operation=58 PlotIndex=1404
mission CityName=LOC_CITY_NAME_OTTAWA CompletionTurn=130 EscapeResult=-1 InitialResult=5 LevelAfter=4 LootInfo=-1 Name=LOC_CITIZEN_MAYA_MODERN_MALE_1 Operation=58 PlotIndex=978
mission CityName=LOC_CITY_NAME_CALGARY CompletionTurn=129 EscapeResult=-1 InitialResult=3 LevelAfter=2 LootInfo=-1 Name=LOC_CITIZEN_MAYA_MALE_8 Operation=58 PlotIndex=1991
mission CityName=LOC_CITY_NAME_TORONTO CompletionTurn=129 EscapeResult=2 InitialResult=4 LevelAfter=3 LootInfo=-1 Name=LOC_CITIZEN_MAYA_MODERN_FEMALE_6 Operation=58 PlotIndex=1818
mission CityName=LOC_CITY_NAME_MONTREAL CompletionTurn=127 EscapeResult=2 InitialResult=2 LevelAfter=1 LootInfo=-1 Name=LOC_CITIZEN_MAYA_MALE_2 Operation=58 PlotIndex=1314
mission CityName=LOC_CITY_NAME_OTTAWA CompletionTurn=124 EscapeResult=-1 InitialResult=5 LevelAfter=4 LootInfo=-1 Name=LOC_CITIZEN_MAYA_MODERN_MALE_1 Operation=58 PlotIndex=978
mission CityName=LOC_CITY_NAME_CALGARY CompletionTurn=123 EscapeResult=-1 InitialResult=5 LevelAfter=2 LootInfo=-1 Name=LOC_CITIZEN_MAYA_MALE_8 Operation=58 PlotIndex=1991
mission CityName=LOC_CITY_NAME_HALIFAX CompletionTurn=121 EscapeResult=2 InitialResult=4 LevelAfter=2 LootInfo=-1 Name=LOC_CITIZEN_MAYA_FEMALE_6 Operation=58 PlotIndex=1409
mission CityName=LOC_CITY_NAME_OTTAWA CompletionTurn=120 EscapeResult=-1 InitialResult=3 LevelAfter=3 LootInfo=-1 Name=LOC_CITIZEN_MAYA_MODERN_MALE_1 Operation=58 PlotIndex=978
mission CityName=LOC_CITY_NAME_MONTREAL CompletionTurn=120 EscapeResult=-1 InitialResult=0 LevelAfter=2 LootInfo=-1 Name=LOC_CITIZEN_MAYA_FEMALE_7 Operation=58 PlotIndex=1314
mission CityName=LOC_CITY_NAME_QUEBEC_CITY CompletionTurn=118 EscapeResult=1 InitialResult=2 LevelAfter=1 LootInfo=-1 Name=LOC_CITIZEN_MAYA_MODERN_FEMALE_1 Operation=58 PlotIndex=1404
mission CityName=LOC_CITY_NAME_TORONTO CompletionTurn=118 EscapeResult=2 InitialResult=4 LevelAfter=2 LootInfo=-1 Name=LOC_CITIZEN_MAYA_MODERN_FEMALE_6 Operation=58 PlotIndex=1818
mission CityName=LOC_CITY_NAME_TORONTO CompletionTurn=114 EscapeResult=-1 InitialResult=1 LevelAfter=1 LootInfo=-1 Name=LOC_CITIZEN_MAYA_FEMALE_3 Operation=58 PlotIndex=1818
mission CityName=LOC_CITY_NAME_MONTREAL CompletionTurn=114 EscapeResult=-1 InitialResult=5 LevelAfter=2 LootInfo=-1 Name=LOC_CITIZEN_MAYA_FEMALE_7 Operation=58 PlotIndex=1314
mission CityName=LOC_CITY_NAME_OTTAWA CompletionTurn=113 EscapeResult=-1 InitialResult=5 LevelAfter=3 LootInfo=-1 Name=LOC_CITIZEN_MAYA_MODERN_MALE_1 Operation=58 PlotIndex=978
mission CityName=LOC_CITY_NAME_MONTREAL CompletionTurn=110 EscapeResult=-1 InitialResult=1 LevelAfter=1 LootInfo=-1 Name=LOC_CITIZEN_MAYA_MODERN_FEMALE_7 Operation=58 PlotIndex=1314
mission CityName=LOC_CITY_NAME_OTTAWA CompletionTurn=107 EscapeResult=-1 InitialResult=5 LevelAfter=2 LootInfo=-1 Name=LOC_CITIZEN_MAYA_MODERN_MALE_1 Operation=58 PlotIndex=978
tally 5  FOMENT_UNREST CAPTURED / NO_RESULT
tally 1  FOMENT_UNREST FAIL_MUST_ESCAPE / CAPTURED
tally 5  FOMENT_UNREST FAIL_MUST_ESCAPE / FAIL_MUST_ESCAPE
tally 6  FOMENT_UNREST FAIL_MUST_ESCAPE / KILLED
tally 6  FOMENT_UNREST FAIL_UNDETECTED / NO_RESULT
tally 1  FOMENT_UNREST KILLED / NO_RESULT
tally 1  FOMENT_UNREST SUCCESS_MUST_ESCAPE / CAPTURED
tally 10  FOMENT_UNREST SUCCESS_MUST_ESCAPE / FAIL_MUST_ESCAPE
tally 3  FOMENT_UNREST SUCCESS_MUST_ESCAPE / KILLED
tally 29  FOMENT_UNREST SUCCESS_UNDETECTED / NO_RESULT
turn 175 spies active 3 idle 3 missions 67 captured-enemy 0
spy 8847367 LOC_CITIZEN_MAYA_MODERN_MALE_6 level 4 at 59:23 busy
spy 7405581 LOC_CITIZEN_MAYA_MODERN_MALE_1 level 4 at 65:16 busy
spy 7798809 LOC_CITIZEN_MAYA_MALE_7 level 3 at 54:15 busy
spy 8650779 LOC_CITIZEN_MAYA_MODERN_FEMALE_4 level 3 at 60:16 start
spy 8192030 LOC_CITIZEN_MAYA_MODERN_FEMALE_2 level 2 at 54:21 start
spy 9109539 LOC_CITIZEN_MAYA_MALE_8 level 4 at 48:10 start
turn 175 spies 6 started 3 travelled 0 promoted 0 bought 1 gold 50000
unblock: blocker ENDTURN_BLOCKING_PRODUCTION -> NARANJO builds UNIT_WARRIOR | end turn requested
unstuck: InGamePopup: open, no close
unblock: blocker ENDTURN_BLOCKING_FILL_CIVIC_SLOT -> nothing | end turn requested
unstuck: closed sessions [6:6]
unstuck: DiplomacyActionView: Closing Diplomacy Action View. m_eventID: 3122093
unstuck: InGamePopup: open, no close
mission CityName=LOC_CITY_NAME_CALGARY CompletionTurn=176 EscapeResult=-1 InitialResult=4 LevelAfter=4 LootInfo=-1 Name=LOC_CITIZEN_MAYA_MODERN_MALE_6 Operation=58 PlotIndex=1991
mission CityName=LOC_CITY_NAME_TORONTO CompletionTurn=173 EscapeResult=-1 InitialResult=5 LevelAfter=2 LootInfo=-1 Name=LOC_CITIZEN_MAYA_MODERN_FEMALE_2 Operation=58 PlotIndex=1818
mission CityName=LOC_CITY_NAME_MONTREAL CompletionTurn=173 EscapeResult=0 InitialResult=4 LevelAfter=3 LootInfo=-1 Name=LOC_CITIZEN_MAYA_MODERN_FEMALE_3 Operation=58 PlotIndex=1314
mission CityName=LOC_CITY_NAME_HALIFAX CompletionTurn=173 EscapeResult=-1 InitialResult=5 LevelAfter=4 LootInfo=-1 Name=LOC_CITIZEN_MAYA_MODERN_MALE_1 Operation=58 PlotIndex=1409
mission CityName=LOC_CITY_NAME_CALGARY CompletionTurn=173 EscapeResult=-1 InitialResult=3 LevelAfter=4 LootInfo=-1 Name=LOC_CITIZEN_MAYA_MODERN_MALE_6 Operation=58 PlotIndex=1991
mission CityName=LOC_CITY_NAME_QUEBEC_CITY CompletionTurn=172 EscapeResult=0 InitialResult=2 LevelAfter=1 LootInfo=-1 Name=LOC_CITIZEN_MAYA_MODERN_FEMALE_5 Operation=58 PlotIndex=1404
mission CityName=LOC_CITY_NAME_OTTAWA CompletionTurn=172 EscapeResult=0 InitialResult=4 LevelAfter=4 LootInfo=-1 Name=LOC_CITIZEN_MAYA_FEMALE_1 Operation=58 PlotIndex=978
mission CityName=LOC_CITY_NAME_HALIFAX CompletionTurn=169 EscapeResult=-1 InitialResult=5 LevelAfter=4 LootInfo=-1 Name=LOC_CITIZEN_MAYA_MODERN_MALE_1 Operation=58 PlotIndex=1409
mission CityName=LOC_CITY_NAME_TORONTO CompletionTurn=168 EscapeResult=2 InitialResult=4 LevelAfter=4 LootInfo=-1 Name=LOC_CITIZEN_MAYA_MODERN_MALE_6 Operation=58 PlotIndex=1818
mission CityName=LOC_CITY_NAME_MONTREAL CompletionTurn=168 EscapeResult=2 InitialResult=4 LevelAfter=4 LootInfo=-1 Name=LOC_CITIZEN_MAYA_MALE_8 Operation=58 PlotIndex=1314
mission CityName=LOC_CITY_NAME_OTTAWA CompletionTurn=167 EscapeResult=-1 InitialResult=5 LevelAfter=4 LootInfo=-1 Name=LOC_CITIZEN_MAYA_FEMALE_1 Operation=58 PlotIndex=978
mission CityName=LOC_CITY_NAME_MONTREAL CompletionTurn=165 EscapeResult=-1 InitialResult=5 LevelAfter=3 LootInfo=-1 Name=LOC_CITIZEN_MAYA_MALE_7 Operation=58 PlotIndex=1314
mission CityName=LOC_CITY_NAME_HALIFAX CompletionTurn=165 EscapeResult=-1 InitialResult=5 LevelAfter=4 LootInfo=-1 Name=LOC_CITIZEN_MAYA_MODERN_MALE_1 Operation=58 PlotIndex=1409
mission CityName=LOC_CITY_NAME_MONTREAL CompletionTurn=164 EscapeResult=-1 InitialResult=5 LevelAfter=2 LootInfo=-1 Name=LOC_CITIZEN_MAYA_MALE_7 Operation=58 PlotIndex=1314
mission CityName=LOC_CITY_NAME_OTTAWA CompletionTurn=162 EscapeResult=-1 InitialResult=5 LevelAfter=3 LootInfo=-1 Name=LOC_CITIZEN_MAYA_FEMALE_1 Operation=58 PlotIndex=978
mission CityName=LOC_CITY_NAME_VANCOUVER CompletionTurn=162 EscapeResult=0 InitialResult=2 LevelAfter=1 LootInfo=-1 Name=LOC_CITIZEN_MAYA_FEMALE_8 Operation=58 PlotIndex=1743
mission CityName=LOC_CITY_NAME_CHARLOTTETOWN CompletionTurn=161 EscapeResult=0 InitialResult=2 LevelAfter=1 LootInfo=-1 Name=LOC_CITIZEN_MAYA_MALE_6 Operation=58 PlotIndex=1644
mission CityName=LOC_CITY_NAME_HALIFAX CompletionTurn=161 EscapeResult=-1 InitialResult=5 LevelAfter=4 LootInfo=-1 Name=LOC_CITIZEN_MAYA_MODERN_MALE_1 Operation=58 PlotIndex=1409
mission CityName=LOC_CITY_NAME_TE_HOKIANGA_NU_A_KUPE CompletionTurn=160 EscapeResult=2 InitialResult=2 LevelAfter=3 LootInfo=-1 Name=LOC_CITIZEN_MAYA_MODERN_FEMALE_4 Operation=58 PlotIndex=772
mission CityName=LOC_CITY_NAME_TORONTO CompletionTurn=160 EscapeResult=2 InitialResult=4 LevelAfter=3 LootInfo=-1 Name=LOC_CITIZEN_MAYA_MODERN_MALE_6 Operation=58 PlotIndex=1818
mission CityName=LOC_CITY_NAME_OTTAWA CompletionTurn=158 EscapeResult=-1 InitialResult=5 LevelAfter=2 LootInfo=-1 Name=LOC_CITIZEN_MAYA_FEMALE_1 Operation=58 PlotIndex=978
mission CityName=LOC_CITY_NAME_QUEBEC_CITY CompletionTurn=158 EscapeResult=-1 InitialResult=1 LevelAfter=2 LootInfo=-1 Name=LOC_CITIZEN_MAYA_FEMALE_4 Operation=58 PlotIndex=1404
mission CityName=LOC_CITY_NAME_VANCOUVER CompletionTurn=158 EscapeResult=-1 InitialResult=3 LevelAfter=1 LootInfo=-1 Name=LOC_CITIZEN_MAYA_FEMALE_8 Operation=58 PlotIndex=1743
mission CityName=LOC_CITY_NAME_TE_HOKIANGA_NU_A_KUPE CompletionTurn=154 EscapeResult=-1 InitialResult=5 LevelAfter=3 LootInfo=-1 Name=LOC_CITIZEN_MAYA_MODERN_FEMALE_4 Operation=58 PlotIndex=772
mission CityName=LOC_CITY_NAME_CALGARY CompletionTurn=154 EscapeResult=2 InitialResult=4 LevelAfter=4 LootInfo=-1 Name=LOC_CITIZEN_MAYA_MALE_8 Operation=58 PlotIndex=1991
mission CityName=LOC_CITY_NAME_TORONTO CompletionTurn=154 EscapeResult=-1 InitialResult=5 LevelAfter=2 LootInfo=-1 Name=LOC_CITIZEN_MAYA_MODERN_MALE_6 Operation=58 PlotIndex=1818
mission CityName=LOC_CITY_NAME_MONTREAL CompletionTurn=152 EscapeResult=2 InitialResult=2 LevelAfter=2 LootInfo=-1 Name=LOC_CITIZEN_MAYA_MODERN_FEMALE_3 Operation=58 PlotIndex=1314
mission CityName=LOC_CITY_NAME_VANCOUVER CompletionTurn=152 EscapeResult=-1 InitialResult=3 LevelAfter=1 LootInfo=-1 Name=LOC_CITIZEN_MAYA_FEMALE_8 Operation=58 PlotIndex=1743
mission CityName=LOC_CITY_NAME_VICTORIA CompletionTurn=152 EscapeResult=0 InitialResult=4 LevelAfter=4 LootInfo=-1 Name=LOC_CITIZEN_MAYA_FEMALE_6 Operation=58 PlotIndex=888
mission CityName=LOC_CITY_NAME_QUEBEC_CITY CompletionTurn=149 EscapeResult=-1 InitialResult=5 LevelAfter=2 LootInfo=-1 Name=LOC_CITIZEN_MAYA_FEMALE_4 Operation=58 PlotIndex=1404
mission CityName=LOC_CITY_NAME_HALIFAX CompletionTurn=149 EscapeResult=0 InitialResult=2 LevelAfter=3 LootInfo=-1 Name=LOC_CITIZEN_MAYA_MODERN_FEMALE_8 Operation=58 PlotIndex=1409
mission CityName=LOC_CITY_NAME_CALGARY CompletionTurn=149 EscapeResult=-1 InitialResult=5 LevelAfter=4 LootInfo=-1 Name=LOC_CITIZEN_MAYA_MALE_8 Operation=58 PlotIndex=1991
mission CityName=LOC_CITY_NAME_OTTAWA CompletionTurn=147 EscapeResult=2 InitialResult=4 LevelAfter=4 LootInfo=-1 Name=LOC_CITIZEN_MAYA_MODERN_MALE_1 Operation=58 PlotIndex=978
mission CityName=LOC_CITY_NAME_VANCOUVER CompletionTurn=145 EscapeResult=2 InitialResult=2 LevelAfter=1 LootInfo=-1 Name=LOC_CITIZEN_MAYA_FEMALE_1 Operation=58 PlotIndex=1743
mission CityName=LOC_CITY_NAME_MONTREAL CompletionTurn=144 EscapeResult=-1 InitialResult=5 LevelAfter=2 LootInfo=-1 Name=LOC_CITIZEN_MAYA_MODERN_FEMALE_3 Operation=58 PlotIndex=1314
mission CityName=LOC_CITY_NAME_TORONTO CompletionTurn=144 EscapeResult=2 InitialResult=2 LevelAfter=2 LootInfo=-1 Name=LOC_CITIZEN_MAYA_MODERN_FEMALE_4 Operation=58 PlotIndex=1818
mission CityName=LOC_CITY_NAME_VICTORIA CompletionTurn=143 EscapeResult=0 InitialResult=2 LevelAfter=3 LootInfo=-1 Name=LOC_CITIZEN_MAYA_MODERN_FEMALE_6 Operation=58 PlotIndex=888
mission CityName=LOC_CITY_NAME_OTTAWA CompletionTurn=143 EscapeResult=-1 InitialResult=3 LevelAfter=4 LootInfo=-1 Name=LOC_CITIZEN_MAYA_MODERN_MALE_1 Operation=58 PlotIndex=978
mission CityName=LOC_CITY_NAME_HALIFAX CompletionTurn=142 EscapeResult=-1 InitialResult=5 LevelAfter=3 LootInfo=-1 Name=LOC_CITIZEN_MAYA_MODERN_FEMALE_8 Operation=58 PlotIndex=1409
mission CityName=LOC_CITY_NAME_CALGARY CompletionTurn=142 EscapeResult=-1 InitialResult=5 LevelAfter=4 LootInfo=-1 Name=LOC_CITIZEN_MAYA_MALE_8 Operation=58 PlotIndex=1991
mission CityName=LOC_CITY_NAME_MONTREAL CompletionTurn=141 EscapeResult=-1 InitialResult=1 LevelAfter=2 LootInfo=-1 Name=LOC_CITIZEN_MAYA_MODERN_MALE_4 Operation=58 PlotIndex=1314
mission CityName=LOC_CITY_NAME_MONTREAL CompletionTurn=140 EscapeResult=-1 InitialResult=5 LevelAfter=2 LootInfo=-1 Name=LOC_CITIZEN_MAYA_MODERN_MALE_4 Operation=58 PlotIndex=1314
mission CityName=LOC_CITY_NAME_QUEBEC_CITY CompletionTurn=140 EscapeResult=2 InitialResult=4 LevelAfter=3 LootInfo=-1 Name=LOC_CITIZEN_MAYA_FEMALE_6 Operation=58 PlotIndex=1404
mission CityName=LOC_CITY_NAME_OTTAWA CompletionTurn=139 EscapeResult=-1 InitialResult=5 LevelAfter=4 LootInfo=-1 Name=LOC_CITIZEN_MAYA_MODERN_MALE_1 Operation=58 PlotIndex=978
mission CityName=LOC_CITY_NAME_VICTORIA CompletionTurn=138 EscapeResult=1 InitialResult=4 LevelAfter=2 LootInfo=-1 Name=LOC_CITIZEN_MAYA_MALE_2 Operation=58 PlotIndex=888
mission CityName=LOC_CITY_NAME_TORONTO CompletionTurn=137 EscapeResult=-1 InitialResult=5 LevelAfter=2 LootInfo=-1 Name=LOC_CITIZEN_MAYA_MODERN_FEMALE_4 Operation=58 PlotIndex=1818
mission CityName=LOC_CITY_NAME_QUEBEC_CITY CompletionTurn=136 EscapeResult=-1 InitialResult=1 LevelAfter=2 LootInfo=-1 Name=LOC_CITIZEN_MAYA_MODERN_MALE_9 Operation=58 PlotIndex=1404
mission CityName=LOC_CITY_NAME_HALIFAX CompletionTurn=135 EscapeResult=-1 InitialResult=5 LevelAfter=2 LootInfo=-1 Name=LOC_CITIZEN_MAYA_MODERN_FEMALE_8 Operation=58 PlotIndex=1409
mission CityName=LOC_CITY_NAME_OTTAWA CompletionTurn=135 EscapeResult=-1 InitialResult=5 LevelAfter=4 LootInfo=-1 Name=LOC_CITIZEN_MAYA_MODERN_MALE_1 Operation=58 PlotIndex=978
mission CityName=LOC_CITY_NAME_CALGARY CompletionTurn=133 EscapeResult=2 InitialResult=4 LevelAfter=3 LootInfo=-1 Name=LOC_CITIZEN_MAYA_MALE_8 Operation=58 PlotIndex=1991
mission CityName=LOC_CITY_NAME_MONTREAL CompletionTurn=132 EscapeResult=0 InitialResult=2 LevelAfter=1 LootInfo=-1 Name=LOC_CITIZEN_MAYA_MALE_5 Operation=58 PlotIndex=1314
mission CityName=LOC_CITY_NAME_QUEBEC_CITY CompletionTurn=131 EscapeResult=-1 InitialResult=5 LevelAfter=2 LootInfo=-1 Name=LOC_CITIZEN_MAYA_MODERN_MALE_9 Operation=58 PlotIndex=1404
mission CityName=LOC_CITY_NAME_OTTAWA CompletionTurn=130 EscapeResult=-1 InitialResult=5 LevelAfter=4 LootInfo=-1 Name=LOC_CITIZEN_MAYA_MODERN_MALE_1 Operation=58 PlotIndex=978
mission CityName=LOC_CITY_NAME_CALGARY CompletionTurn=129 EscapeResult=-1 InitialResult=3 LevelAfter=2 LootInfo=-1 Name=LOC_CITIZEN_MAYA_MALE_8 Operation=58 PlotIndex=1991
mission CityName=LOC_CITY_NAME_TORONTO CompletionTurn=129 EscapeResult=2 InitialResult=4 LevelAfter=3 LootInfo=-1 Name=LOC_CITIZEN_MAYA_MODERN_FEMALE_6 Operation=58 PlotIndex=1818
mission CityName=LOC_CITY_NAME_MONTREAL CompletionTurn=127 EscapeResult=2 InitialResult=2 LevelAfter=1 LootInfo=-1 Name=LOC_CITIZEN_MAYA_MALE_2 Operation=58 PlotIndex=1314
mission CityName=LOC_CITY_NAME_OTTAWA CompletionTurn=124 EscapeResult=-1 InitialResult=5 LevelAfter=4 LootInfo=-1 Name=LOC_CITIZEN_MAYA_MODERN_MALE_1 Operation=58 PlotIndex=978
mission CityName=LOC_CITY_NAME_CALGARY CompletionTurn=123 EscapeResult=-1 InitialResult=5 LevelAfter=2 LootInfo=-1 Name=LOC_CITIZEN_MAYA_MALE_8 Operation=58 PlotIndex=1991
mission CityName=LOC_CITY_NAME_HALIFAX CompletionTurn=121 EscapeResult=2 InitialResult=4 LevelAfter=2 LootInfo=-1 Name=LOC_CITIZEN_MAYA_FEMALE_6 Operation=58 PlotIndex=1409
mission CityName=LOC_CITY_NAME_OTTAWA CompletionTurn=120 EscapeResult=-1 InitialResult=3 LevelAfter=3 LootInfo=-1 Name=LOC_CITIZEN_MAYA_MODERN_MALE_1 Operation=58 PlotIndex=978
mission CityName=LOC_CITY_NAME_MONTREAL CompletionTurn=120 EscapeResult=-1 InitialResult=0 LevelAfter=2 LootInfo=-1 Name=LOC_CITIZEN_MAYA_FEMALE_7 Operation=58 PlotIndex=1314
mission CityName=LOC_CITY_NAME_QUEBEC_CITY CompletionTurn=118 EscapeResult=1 InitialResult=2 LevelAfter=1 LootInfo=-1 Name=LOC_CITIZEN_MAYA_MODERN_FEMALE_1 Operation=58 PlotIndex=1404
mission CityName=LOC_CITY_NAME_TORONTO CompletionTurn=118 EscapeResult=2 InitialResult=4 LevelAfter=2 LootInfo=-1 Name=LOC_CITIZEN_MAYA_MODERN_FEMALE_6 Operation=58 PlotIndex=1818
mission CityName=LOC_CITY_NAME_TORONTO CompletionTurn=114 EscapeResult=-1 InitialResult=1 LevelAfter=1 LootInfo=-1 Name=LOC_CITIZEN_MAYA_FEMALE_3 Operation=58 PlotIndex=1818
mission CityName=LOC_CITY_NAME_MONTREAL CompletionTurn=114 EscapeResult=-1 InitialResult=5 LevelAfter=2 LootInfo=-1 Name=LOC_CITIZEN_MAYA_FEMALE_7 Operation=58 PlotIndex=1314
mission CityName=LOC_CITY_NAME_OTTAWA CompletionTurn=113 EscapeResult=-1 InitialResult=5 LevelAfter=3 LootInfo=-1 Name=LOC_CITIZEN_MAYA_MODERN_MALE_1 Operation=58 PlotIndex=978
mission CityName=LOC_CITY_NAME_MONTREAL CompletionTurn=110 EscapeResult=-1 InitialResult=1 LevelAfter=1 LootInfo=-1 Name=LOC_CITIZEN_MAYA_MODERN_FEMALE_7 Operation=58 PlotIndex=1314
mission CityName=LOC_CITY_NAME_OTTAWA CompletionTurn=107 EscapeResult=-1 InitialResult=5 LevelAfter=2 LootInfo=-1 Name=LOC_CITIZEN_MAYA_MODERN_MALE_1 Operation=58 PlotIndex=978
tally 5  FOMENT_UNREST CAPTURED / NO_RESULT
tally 1  FOMENT_UNREST FAIL_MUST_ESCAPE / CAPTURED
tally 5  FOMENT_UNREST FAIL_MUST_ESCAPE / FAIL_MUST_ESCAPE
tally 6  FOMENT_UNREST FAIL_MUST_ESCAPE / KILLED
tally 6  FOMENT_UNREST FAIL_UNDETECTED / NO_RESULT
tally 1  FOMENT_UNREST KILLED / NO_RESULT
tally 1  FOMENT_UNREST SUCCESS_MUST_ESCAPE / CAPTURED
tally 10  FOMENT_UNREST SUCCESS_MUST_ESCAPE / FAIL_MUST_ESCAPE
tally 3  FOMENT_UNREST SUCCESS_MUST_ESCAPE / KILLED
tally 1  FOMENT_UNREST SUCCESS_MUST_ESCAPE / NO_RESULT
tally 29  FOMENT_UNREST SUCCESS_UNDETECTED / NO_RESULT
turn 176 spies active 6 idle 1 missions 68 captured-enemy 0
spy 8847367 LOC_CITIZEN_MAYA_MODERN_MALE_6 level 4 at 59:23 busy
spy 7405581 LOC_CITIZEN_MAYA_MODERN_MALE_1 level 4 at 65:16 busy
spy 9240596 LOC_CITIZEN_MAYA_MALE_4 level 1 at 36:42 travel
spy 7798809 LOC_CITIZEN_MAYA_MALE_7 level 3 at 54:15 busy
spy 8650779 LOC_CITIZEN_MAYA_MODERN_FEMALE_4 level 3 at 60:16 busy
spy 9306140 LOC_CITIZEN_MAYA_MALE_3 level 1 at 54:11 start
spy 8192030 LOC_CITIZEN_MAYA_MODERN_FEMALE_2 level 2 at 54:21 busy
spy 9109539 LOC_CITIZEN_MAYA_MALE_8 level 4 at 48:10 busy
turn 176 spies 8 started 1 travelled 1 promoted 0 bought 0 gold 50000
unblock: blocker ENDTURN_BLOCKING_SPY_CHOOSE_ESCAPE_ROUTE -> escape route DISTRICT_CITY_CENTER of 2 for spy 8847367 LOC_CITIZEN_MAYA_MODERN_MALE_6 level 4 turn 176 city LOC_CITY_NAME_CALGARY p1 at 59:23 pursuer police | end turn requested
unstuck: InGamePopup: open, no close
unblock: blocker ENDTURN_BLOCKING_FILL_CIVIC_SLOT -> nothing | end turn requested
unstuck: closed sessions [4:4]
unstuck: DiplomacyActionView: Closing Diplomacy Action View. m_eventID: 3131498
unstuck: InGamePopup: open, no close
mission CityName=LOC_CITY_NAME_HALIFAX CompletionTurn=177 EscapeResult=-1 InitialResult=5 LevelAfter=4 LootInfo=-1 Name=LOC_CITIZEN_MAYA_MODERN_MALE_1 Operation=58 PlotIndex=1409
mission CityName=LOC_CITY_NAME_CALGARY CompletionTurn=176 EscapeResult=2 InitialResult=4 LevelAfter=4 LootInfo=-1 Name=LOC_CITIZEN_MAYA_MODERN_MALE_6 Operation=58 PlotIndex=1991
mission CityName=LOC_CITY_NAME_TORONTO CompletionTurn=173 EscapeResult=-1 InitialResult=5 LevelAfter=2 LootInfo=-1 Name=LOC_CITIZEN_MAYA_MODERN_FEMALE_2 Operation=58 PlotIndex=1818
mission CityName=LOC_CITY_NAME_MONTREAL CompletionTurn=173 EscapeResult=0 InitialResult=4 LevelAfter=3 LootInfo=-1 Name=LOC_CITIZEN_MAYA_MODERN_FEMALE_3 Operation=58 PlotIndex=1314
mission CityName=LOC_CITY_NAME_HALIFAX CompletionTurn=173 EscapeResult=-1 InitialResult=5 LevelAfter=4 LootInfo=-1 Name=LOC_CITIZEN_MAYA_MODERN_MALE_1 Operation=58 PlotIndex=1409
mission CityName=LOC_CITY_NAME_CALGARY CompletionTurn=173 EscapeResult=-1 InitialResult=3 LevelAfter=4 LootInfo=-1 Name=LOC_CITIZEN_MAYA_MODERN_MALE_6 Operation=58 PlotIndex=1991
mission CityName=LOC_CITY_NAME_QUEBEC_CITY CompletionTurn=172 EscapeResult=0 InitialResult=2 LevelAfter=1 LootInfo=-1 Name=LOC_CITIZEN_MAYA_MODERN_FEMALE_5 Operation=58 PlotIndex=1404
mission CityName=LOC_CITY_NAME_OTTAWA CompletionTurn=172 EscapeResult=0 InitialResult=4 LevelAfter=4 LootInfo=-1 Name=LOC_CITIZEN_MAYA_FEMALE_1 Operation=58 PlotIndex=978
mission CityName=LOC_CITY_NAME_HALIFAX CompletionTurn=169 EscapeResult=-1 InitialResult=5 LevelAfter=4 LootInfo=-1 Name=LOC_CITIZEN_MAYA_MODERN_MALE_1 Operation=58 PlotIndex=1409
mission CityName=LOC_CITY_NAME_TORONTO CompletionTurn=168 EscapeResult=2 InitialResult=4 LevelAfter=4 LootInfo=-1 Name=LOC_CITIZEN_MAYA_MODERN_MALE_6 Operation=58 PlotIndex=1818
mission CityName=LOC_CITY_NAME_MONTREAL CompletionTurn=168 EscapeResult=2 InitialResult=4 LevelAfter=4 LootInfo=-1 Name=LOC_CITIZEN_MAYA_MALE_8 Operation=58 PlotIndex=1314
mission CityName=LOC_CITY_NAME_OTTAWA CompletionTurn=167 EscapeResult=-1 InitialResult=5 LevelAfter=4 LootInfo=-1 Name=LOC_CITIZEN_MAYA_FEMALE_1 Operation=58 PlotIndex=978
mission CityName=LOC_CITY_NAME_MONTREAL CompletionTurn=165 EscapeResult=-1 InitialResult=5 LevelAfter=3 LootInfo=-1 Name=LOC_CITIZEN_MAYA_MALE_7 Operation=58 PlotIndex=1314
mission CityName=LOC_CITY_NAME_HALIFAX CompletionTurn=165 EscapeResult=-1 InitialResult=5 LevelAfter=4 LootInfo=-1 Name=LOC_CITIZEN_MAYA_MODERN_MALE_1 Operation=58 PlotIndex=1409
mission CityName=LOC_CITY_NAME_MONTREAL CompletionTurn=164 EscapeResult=-1 InitialResult=5 LevelAfter=2 LootInfo=-1 Name=LOC_CITIZEN_MAYA_MALE_7 Operation=58 PlotIndex=1314
mission CityName=LOC_CITY_NAME_OTTAWA CompletionTurn=162 EscapeResult=-1 InitialResult=5 LevelAfter=3 LootInfo=-1 Name=LOC_CITIZEN_MAYA_FEMALE_1 Operation=58 PlotIndex=978
mission CityName=LOC_CITY_NAME_VANCOUVER CompletionTurn=162 EscapeResult=0 InitialResult=2 LevelAfter=1 LootInfo=-1 Name=LOC_CITIZEN_MAYA_FEMALE_8 Operation=58 PlotIndex=1743
mission CityName=LOC_CITY_NAME_CHARLOTTETOWN CompletionTurn=161 EscapeResult=0 InitialResult=2 LevelAfter=1 LootInfo=-1 Name=LOC_CITIZEN_MAYA_MALE_6 Operation=58 PlotIndex=1644
mission CityName=LOC_CITY_NAME_HALIFAX CompletionTurn=161 EscapeResult=-1 InitialResult=5 LevelAfter=4 LootInfo=-1 Name=LOC_CITIZEN_MAYA_MODERN_MALE_1 Operation=58 PlotIndex=1409
mission CityName=LOC_CITY_NAME_TE_HOKIANGA_NU_A_KUPE CompletionTurn=160 EscapeResult=2 InitialResult=2 LevelAfter=3 LootInfo=-1 Name=LOC_CITIZEN_MAYA_MODERN_FEMALE_4 Operation=58 PlotIndex=772
mission CityName=LOC_CITY_NAME_TORONTO CompletionTurn=160 EscapeResult=2 InitialResult=4 LevelAfter=3 LootInfo=-1 Name=LOC_CITIZEN_MAYA_MODERN_MALE_6 Operation=58 PlotIndex=1818
mission CityName=LOC_CITY_NAME_OTTAWA CompletionTurn=158 EscapeResult=-1 InitialResult=5 LevelAfter=2 LootInfo=-1 Name=LOC_CITIZEN_MAYA_FEMALE_1 Operation=58 PlotIndex=978
mission CityName=LOC_CITY_NAME_QUEBEC_CITY CompletionTurn=158 EscapeResult=-1 InitialResult=1 LevelAfter=2 LootInfo=-1 Name=LOC_CITIZEN_MAYA_FEMALE_4 Operation=58 PlotIndex=1404
mission CityName=LOC_CITY_NAME_VANCOUVER CompletionTurn=158 EscapeResult=-1 InitialResult=3 LevelAfter=1 LootInfo=-1 Name=LOC_CITIZEN_MAYA_FEMALE_8 Operation=58 PlotIndex=1743
mission CityName=LOC_CITY_NAME_TE_HOKIANGA_NU_A_KUPE CompletionTurn=154 EscapeResult=-1 InitialResult=5 LevelAfter=3 LootInfo=-1 Name=LOC_CITIZEN_MAYA_MODERN_FEMALE_4 Operation=58 PlotIndex=772
mission CityName=LOC_CITY_NAME_CALGARY CompletionTurn=154 EscapeResult=2 InitialResult=4 LevelAfter=4 LootInfo=-1 Name=LOC_CITIZEN_MAYA_MALE_8 Operation=58 PlotIndex=1991
mission CityName=LOC_CITY_NAME_TORONTO CompletionTurn=154 EscapeResult=-1 InitialResult=5 LevelAfter=2 LootInfo=-1 Name=LOC_CITIZEN_MAYA_MODERN_MALE_6 Operation=58 PlotIndex=1818
mission CityName=LOC_CITY_NAME_MONTREAL CompletionTurn=152 EscapeResult=2 InitialResult=2 LevelAfter=2 LootInfo=-1 Name=LOC_CITIZEN_MAYA_MODERN_FEMALE_3 Operation=58 PlotIndex=1314
mission CityName=LOC_CITY_NAME_VANCOUVER CompletionTurn=152 EscapeResult=-1 InitialResult=3 LevelAfter=1 LootInfo=-1 Name=LOC_CITIZEN_MAYA_FEMALE_8 Operation=58 PlotIndex=1743
mission CityName=LOC_CITY_NAME_VICTORIA CompletionTurn=152 EscapeResult=0 InitialResult=4 LevelAfter=4 LootInfo=-1 Name=LOC_CITIZEN_MAYA_FEMALE_6 Operation=58 PlotIndex=888
mission CityName=LOC_CITY_NAME_QUEBEC_CITY CompletionTurn=149 EscapeResult=-1 InitialResult=5 LevelAfter=2 LootInfo=-1 Name=LOC_CITIZEN_MAYA_FEMALE_4 Operation=58 PlotIndex=1404
mission CityName=LOC_CITY_NAME_HALIFAX CompletionTurn=149 EscapeResult=0 InitialResult=2 LevelAfter=3 LootInfo=-1 Name=LOC_CITIZEN_MAYA_MODERN_FEMALE_8 Operation=58 PlotIndex=1409
mission CityName=LOC_CITY_NAME_CALGARY CompletionTurn=149 EscapeResult=-1 InitialResult=5 LevelAfter=4 LootInfo=-1 Name=LOC_CITIZEN_MAYA_MALE_8 Operation=58 PlotIndex=1991
mission CityName=LOC_CITY_NAME_OTTAWA CompletionTurn=147 EscapeResult=2 InitialResult=4 LevelAfter=4 LootInfo=-1 Name=LOC_CITIZEN_MAYA_MODERN_MALE_1 Operation=58 PlotIndex=978
mission CityName=LOC_CITY_NAME_VANCOUVER CompletionTurn=145 EscapeResult=2 InitialResult=2 LevelAfter=1 LootInfo=-1 Name=LOC_CITIZEN_MAYA_FEMALE_1 Operation=58 PlotIndex=1743
mission CityName=LOC_CITY_NAME_MONTREAL CompletionTurn=144 EscapeResult=-1 InitialResult=5 LevelAfter=2 LootInfo=-1 Name=LOC_CITIZEN_MAYA_MODERN_FEMALE_3 Operation=58 PlotIndex=1314
mission CityName=LOC_CITY_NAME_TORONTO CompletionTurn=144 EscapeResult=2 InitialResult=2 LevelAfter=2 LootInfo=-1 Name=LOC_CITIZEN_MAYA_MODERN_FEMALE_4 Operation=58 PlotIndex=1818
mission CityName=LOC_CITY_NAME_VICTORIA CompletionTurn=143 EscapeResult=0 InitialResult=2 LevelAfter=3 LootInfo=-1 Name=LOC_CITIZEN_MAYA_MODERN_FEMALE_6 Operation=58 PlotIndex=888
mission CityName=LOC_CITY_NAME_OTTAWA CompletionTurn=143 EscapeResult=-1 InitialResult=3 LevelAfter=4 LootInfo=-1 Name=LOC_CITIZEN_MAYA_MODERN_MALE_1 Operation=58 PlotIndex=978
mission CityName=LOC_CITY_NAME_HALIFAX CompletionTurn=142 EscapeResult=-1 InitialResult=5 LevelAfter=3 LootInfo=-1 Name=LOC_CITIZEN_MAYA_MODERN_FEMALE_8 Operation=58 PlotIndex=1409
mission CityName=LOC_CITY_NAME_CALGARY CompletionTurn=142 EscapeResult=-1 InitialResult=5 LevelAfter=4 LootInfo=-1 Name=LOC_CITIZEN_MAYA_MALE_8 Operation=58 PlotIndex=1991
mission CityName=LOC_CITY_NAME_MONTREAL CompletionTurn=141 EscapeResult=-1 InitialResult=1 LevelAfter=2 LootInfo=-1 Name=LOC_CITIZEN_MAYA_MODERN_MALE_4 Operation=58 PlotIndex=1314
mission CityName=LOC_CITY_NAME_MONTREAL CompletionTurn=140 EscapeResult=-1 InitialResult=5 LevelAfter=2 LootInfo=-1 Name=LOC_CITIZEN_MAYA_MODERN_MALE_4 Operation=58 PlotIndex=1314
mission CityName=LOC_CITY_NAME_QUEBEC_CITY CompletionTurn=140 EscapeResult=2 InitialResult=4 LevelAfter=3 LootInfo=-1 Name=LOC_CITIZEN_MAYA_FEMALE_6 Operation=58 PlotIndex=1404
mission CityName=LOC_CITY_NAME_OTTAWA CompletionTurn=139 EscapeResult=-1 InitialResult=5 LevelAfter=4 LootInfo=-1 Name=LOC_CITIZEN_MAYA_MODERN_MALE_1 Operation=58 PlotIndex=978
mission CityName=LOC_CITY_NAME_VICTORIA CompletionTurn=138 EscapeResult=1 InitialResult=4 LevelAfter=2 LootInfo=-1 Name=LOC_CITIZEN_MAYA_MALE_2 Operation=58 PlotIndex=888
mission CityName=LOC_CITY_NAME_TORONTO CompletionTurn=137 EscapeResult=-1 InitialResult=5 LevelAfter=2 LootInfo=-1 Name=LOC_CITIZEN_MAYA_MODERN_FEMALE_4 Operation=58 PlotIndex=1818
mission CityName=LOC_CITY_NAME_QUEBEC_CITY CompletionTurn=136 EscapeResult=-1 InitialResult=1 LevelAfter=2 LootInfo=-1 Name=LOC_CITIZEN_MAYA_MODERN_MALE_9 Operation=58 PlotIndex=1404
mission CityName=LOC_CITY_NAME_HALIFAX CompletionTurn=135 EscapeResult=-1 InitialResult=5 LevelAfter=2 LootInfo=-1 Name=LOC_CITIZEN_MAYA_MODERN_FEMALE_8 Operation=58 PlotIndex=1409
mission CityName=LOC_CITY_NAME_OTTAWA CompletionTurn=135 EscapeResult=-1 InitialResult=5 LevelAfter=4 LootInfo=-1 Name=LOC_CITIZEN_MAYA_MODERN_MALE_1 Operation=58 PlotIndex=978
mission CityName=LOC_CITY_NAME_CALGARY CompletionTurn=133 EscapeResult=2 InitialResult=4 LevelAfter=3 LootInfo=-1 Name=LOC_CITIZEN_MAYA_MALE_8 Operation=58 PlotIndex=1991
mission CityName=LOC_CITY_NAME_MONTREAL CompletionTurn=132 EscapeResult=0 InitialResult=2 LevelAfter=1 LootInfo=-1 Name=LOC_CITIZEN_MAYA_MALE_5 Operation=58 PlotIndex=1314
mission CityName=LOC_CITY_NAME_QUEBEC_CITY CompletionTurn=131 EscapeResult=-1 InitialResult=5 LevelAfter=2 LootInfo=-1 Name=LOC_CITIZEN_MAYA_MODERN_MALE_9 Operation=58 PlotIndex=1404
mission CityName=LOC_CITY_NAME_OTTAWA CompletionTurn=130 EscapeResult=-1 InitialResult=5 LevelAfter=4 LootInfo=-1 Name=LOC_CITIZEN_MAYA_MODERN_MALE_1 Operation=58 PlotIndex=978
mission CityName=LOC_CITY_NAME_CALGARY CompletionTurn=129 EscapeResult=-1 InitialResult=3 LevelAfter=2 LootInfo=-1 Name=LOC_CITIZEN_MAYA_MALE_8 Operation=58 PlotIndex=1991
mission CityName=LOC_CITY_NAME_TORONTO CompletionTurn=129 EscapeResult=2 InitialResult=4 LevelAfter=3 LootInfo=-1 Name=LOC_CITIZEN_MAYA_MODERN_FEMALE_6 Operation=58 PlotIndex=1818
mission CityName=LOC_CITY_NAME_MONTREAL CompletionTurn=127 EscapeResult=2 InitialResult=2 LevelAfter=1 LootInfo=-1 Name=LOC_CITIZEN_MAYA_MALE_2 Operation=58 PlotIndex=1314
mission CityName=LOC_CITY_NAME_OTTAWA CompletionTurn=124 EscapeResult=-1 InitialResult=5 LevelAfter=4 LootInfo=-1 Name=LOC_CITIZEN_MAYA_MODERN_MALE_1 Operation=58 PlotIndex=978
mission CityName=LOC_CITY_NAME_CALGARY CompletionTurn=123 EscapeResult=-1 InitialResult=5 LevelAfter=2 LootInfo=-1 Name=LOC_CITIZEN_MAYA_MALE_8 Operation=58 PlotIndex=1991
mission CityName=LOC_CITY_NAME_HALIFAX CompletionTurn=121 EscapeResult=2 InitialResult=4 LevelAfter=2 LootInfo=-1 Name=LOC_CITIZEN_MAYA_FEMALE_6 Operation=58 PlotIndex=1409
mission CityName=LOC_CITY_NAME_OTTAWA CompletionTurn=120 EscapeResult=-1 InitialResult=3 LevelAfter=3 LootInfo=-1 Name=LOC_CITIZEN_MAYA_MODERN_MALE_1 Operation=58 PlotIndex=978
mission CityName=LOC_CITY_NAME_MONTREAL CompletionTurn=120 EscapeResult=-1 InitialResult=0 LevelAfter=2 LootInfo=-1 Name=LOC_CITIZEN_MAYA_FEMALE_7 Operation=58 PlotIndex=1314
mission CityName=LOC_CITY_NAME_QUEBEC_CITY CompletionTurn=118 EscapeResult=1 InitialResult=2 LevelAfter=1 LootInfo=-1 Name=LOC_CITIZEN_MAYA_MODERN_FEMALE_1 Operation=58 PlotIndex=1404
mission CityName=LOC_CITY_NAME_TORONTO CompletionTurn=118 EscapeResult=2 InitialResult=4 LevelAfter=2 LootInfo=-1 Name=LOC_CITIZEN_MAYA_MODERN_FEMALE_6 Operation=58 PlotIndex=1818
mission CityName=LOC_CITY_NAME_TORONTO CompletionTurn=114 EscapeResult=-1 InitialResult=1 LevelAfter=1 LootInfo=-1 Name=LOC_CITIZEN_MAYA_FEMALE_3 Operation=58 PlotIndex=1818
mission CityName=LOC_CITY_NAME_MONTREAL CompletionTurn=114 EscapeResult=-1 InitialResult=5 LevelAfter=2 LootInfo=-1 Name=LOC_CITIZEN_MAYA_FEMALE_7 Operation=58 PlotIndex=1314
mission CityName=LOC_CITY_NAME_OTTAWA CompletionTurn=113 EscapeResult=-1 InitialResult=5 LevelAfter=3 LootInfo=-1 Name=LOC_CITIZEN_MAYA_MODERN_MALE_1 Operation=58 PlotIndex=978
mission CityName=LOC_CITY_NAME_MONTREAL CompletionTurn=110 EscapeResult=-1 InitialResult=1 LevelAfter=1 LootInfo=-1 Name=LOC_CITIZEN_MAYA_MODERN_FEMALE_7 Operation=58 PlotIndex=1314
mission CityName=LOC_CITY_NAME_OTTAWA CompletionTurn=107 EscapeResult=-1 InitialResult=5 LevelAfter=2 LootInfo=-1 Name=LOC_CITIZEN_MAYA_MODERN_MALE_1 Operation=58 PlotIndex=978
tally 5  FOMENT_UNREST CAPTURED / NO_RESULT
tally 1  FOMENT_UNREST FAIL_MUST_ESCAPE / CAPTURED
tally 5  FOMENT_UNREST FAIL_MUST_ESCAPE / FAIL_MUST_ESCAPE
tally 6  FOMENT_UNREST FAIL_MUST_ESCAPE / KILLED
tally 6  FOMENT_UNREST FAIL_UNDETECTED / NO_RESULT
tally 1  FOMENT_UNREST KILLED / NO_RESULT
tally 1  FOMENT_UNREST SUCCESS_MUST_ESCAPE / CAPTURED
tally 11  FOMENT_UNREST SUCCESS_MUST_ESCAPE / FAIL_MUST_ESCAPE
tally 3  FOMENT_UNREST SUCCESS_MUST_ESCAPE / KILLED
tally 30  FOMENT_UNREST SUCCESS_UNDETECTED / NO_RESULT
turn 177 spies active 6 idle 0 missions 69 captured-enemy 0
spy 7405581 LOC_CITIZEN_MAYA_MODERN_MALE_1 level 4 at 65:16 start
spy 7798809 LOC_CITIZEN_MAYA_MALE_7 level 3 at 54:15 busy
spy 8650779 LOC_CITIZEN_MAYA_MODERN_FEMALE_4 level 3 at 60:16 busy
spy 9306140 LOC_CITIZEN_MAYA_MALE_3 level 1 at 54:11 busy
spy 8192030 LOC_CITIZEN_MAYA_MODERN_FEMALE_2 level 2 at 54:21 busy
spy 9109539 LOC_CITIZEN_MAYA_MALE_8 level 4 at 48:10 busy
turn 177 spies 6 started 1 travelled 0 promoted 0 bought 1 gold 50000
unblock: blocker ENDTURN_BLOCKING_PRODUCTION -> NARANJO builds UNIT_WARRIOR | end turn requested
unstuck: InGamePopup: open, no close
unblock: blocker ENDTURN_BLOCKING_FILL_CIVIC_SLOT -> nothing | end turn requested
unstuck: closed sessions [3:3]
unstuck: DiplomacyActionView: Closing Diplomacy Action View. m_eventID: 3143033
unstuck: InGamePopup: open, no close
mission CityName=LOC_CITY_NAME_HALIFAX CompletionTurn=177 EscapeResult=-1 InitialResult=5 LevelAfter=4 LootInfo=-1 Name=LOC_CITIZEN_MAYA_MODERN_MALE_1 Operation=58 PlotIndex=1409
mission CityName=LOC_CITY_NAME_CALGARY CompletionTurn=176 EscapeResult=2 InitialResult=4 LevelAfter=4 LootInfo=-1 Name=LOC_CITIZEN_MAYA_MODERN_MALE_6 Operation=58 PlotIndex=1991
mission CityName=LOC_CITY_NAME_TORONTO CompletionTurn=173 EscapeResult=-1 InitialResult=5 LevelAfter=2 LootInfo=-1 Name=LOC_CITIZEN_MAYA_MODERN_FEMALE_2 Operation=58 PlotIndex=1818
mission CityName=LOC_CITY_NAME_MONTREAL CompletionTurn=173 EscapeResult=0 InitialResult=4 LevelAfter=3 LootInfo=-1 Name=LOC_CITIZEN_MAYA_MODERN_FEMALE_3 Operation=58 PlotIndex=1314
mission CityName=LOC_CITY_NAME_HALIFAX CompletionTurn=173 EscapeResult=-1 InitialResult=5 LevelAfter=4 LootInfo=-1 Name=LOC_CITIZEN_MAYA_MODERN_MALE_1 Operation=58 PlotIndex=1409
mission CityName=LOC_CITY_NAME_CALGARY CompletionTurn=173 EscapeResult=-1 InitialResult=3 LevelAfter=4 LootInfo=-1 Name=LOC_CITIZEN_MAYA_MODERN_MALE_6 Operation=58 PlotIndex=1991
mission CityName=LOC_CITY_NAME_QUEBEC_CITY CompletionTurn=172 EscapeResult=0 InitialResult=2 LevelAfter=1 LootInfo=-1 Name=LOC_CITIZEN_MAYA_MODERN_FEMALE_5 Operation=58 PlotIndex=1404
mission CityName=LOC_CITY_NAME_OTTAWA CompletionTurn=172 EscapeResult=0 InitialResult=4 LevelAfter=4 LootInfo=-1 Name=LOC_CITIZEN_MAYA_FEMALE_1 Operation=58 PlotIndex=978
mission CityName=LOC_CITY_NAME_HALIFAX CompletionTurn=169 EscapeResult=-1 InitialResult=5 LevelAfter=4 LootInfo=-1 Name=LOC_CITIZEN_MAYA_MODERN_MALE_1 Operation=58 PlotIndex=1409
mission CityName=LOC_CITY_NAME_TORONTO CompletionTurn=168 EscapeResult=2 InitialResult=4 LevelAfter=4 LootInfo=-1 Name=LOC_CITIZEN_MAYA_MODERN_MALE_6 Operation=58 PlotIndex=1818
mission CityName=LOC_CITY_NAME_MONTREAL CompletionTurn=168 EscapeResult=2 InitialResult=4 LevelAfter=4 LootInfo=-1 Name=LOC_CITIZEN_MAYA_MALE_8 Operation=58 PlotIndex=1314
mission CityName=LOC_CITY_NAME_OTTAWA CompletionTurn=167 EscapeResult=-1 InitialResult=5 LevelAfter=4 LootInfo=-1 Name=LOC_CITIZEN_MAYA_FEMALE_1 Operation=58 PlotIndex=978
mission CityName=LOC_CITY_NAME_MONTREAL CompletionTurn=165 EscapeResult=-1 InitialResult=5 LevelAfter=3 LootInfo=-1 Name=LOC_CITIZEN_MAYA_MALE_7 Operation=58 PlotIndex=1314
mission CityName=LOC_CITY_NAME_HALIFAX CompletionTurn=165 EscapeResult=-1 InitialResult=5 LevelAfter=4 LootInfo=-1 Name=LOC_CITIZEN_MAYA_MODERN_MALE_1 Operation=58 PlotIndex=1409
mission CityName=LOC_CITY_NAME_MONTREAL CompletionTurn=164 EscapeResult=-1 InitialResult=5 LevelAfter=2 LootInfo=-1 Name=LOC_CITIZEN_MAYA_MALE_7 Operation=58 PlotIndex=1314
mission CityName=LOC_CITY_NAME_OTTAWA CompletionTurn=162 EscapeResult=-1 InitialResult=5 LevelAfter=3 LootInfo=-1 Name=LOC_CITIZEN_MAYA_FEMALE_1 Operation=58 PlotIndex=978
mission CityName=LOC_CITY_NAME_VANCOUVER CompletionTurn=162 EscapeResult=0 InitialResult=2 LevelAfter=1 LootInfo=-1 Name=LOC_CITIZEN_MAYA_FEMALE_8 Operation=58 PlotIndex=1743
mission CityName=LOC_CITY_NAME_CHARLOTTETOWN CompletionTurn=161 EscapeResult=0 InitialResult=2 LevelAfter=1 LootInfo=-1 Name=LOC_CITIZEN_MAYA_MALE_6 Operation=58 PlotIndex=1644
mission CityName=LOC_CITY_NAME_HALIFAX CompletionTurn=161 EscapeResult=-1 InitialResult=5 LevelAfter=4 LootInfo=-1 Name=LOC_CITIZEN_MAYA_MODERN_MALE_1 Operation=58 PlotIndex=1409
mission CityName=LOC_CITY_NAME_TE_HOKIANGA_NU_A_KUPE CompletionTurn=160 EscapeResult=2 InitialResult=2 LevelAfter=3 LootInfo=-1 Name=LOC_CITIZEN_MAYA_MODERN_FEMALE_4 Operation=58 PlotIndex=772
mission CityName=LOC_CITY_NAME_TORONTO CompletionTurn=160 EscapeResult=2 InitialResult=4 LevelAfter=3 LootInfo=-1 Name=LOC_CITIZEN_MAYA_MODERN_MALE_6 Operation=58 PlotIndex=1818
mission CityName=LOC_CITY_NAME_OTTAWA CompletionTurn=158 EscapeResult=-1 InitialResult=5 LevelAfter=2 LootInfo=-1 Name=LOC_CITIZEN_MAYA_FEMALE_1 Operation=58 PlotIndex=978
mission CityName=LOC_CITY_NAME_QUEBEC_CITY CompletionTurn=158 EscapeResult=-1 InitialResult=1 LevelAfter=2 LootInfo=-1 Name=LOC_CITIZEN_MAYA_FEMALE_4 Operation=58 PlotIndex=1404
mission CityName=LOC_CITY_NAME_VANCOUVER CompletionTurn=158 EscapeResult=-1 InitialResult=3 LevelAfter=1 LootInfo=-1 Name=LOC_CITIZEN_MAYA_FEMALE_8 Operation=58 PlotIndex=1743
mission CityName=LOC_CITY_NAME_TE_HOKIANGA_NU_A_KUPE CompletionTurn=154 EscapeResult=-1 InitialResult=5 LevelAfter=3 LootInfo=-1 Name=LOC_CITIZEN_MAYA_MODERN_FEMALE_4 Operation=58 PlotIndex=772
mission CityName=LOC_CITY_NAME_CALGARY CompletionTurn=154 EscapeResult=2 InitialResult=4 LevelAfter=4 LootInfo=-1 Name=LOC_CITIZEN_MAYA_MALE_8 Operation=58 PlotIndex=1991
mission CityName=LOC_CITY_NAME_TORONTO CompletionTurn=154 EscapeResult=-1 InitialResult=5 LevelAfter=2 LootInfo=-1 Name=LOC_CITIZEN_MAYA_MODERN_MALE_6 Operation=58 PlotIndex=1818
mission CityName=LOC_CITY_NAME_MONTREAL CompletionTurn=152 EscapeResult=2 InitialResult=2 LevelAfter=2 LootInfo=-1 Name=LOC_CITIZEN_MAYA_MODERN_FEMALE_3 Operation=58 PlotIndex=1314
mission CityName=LOC_CITY_NAME_VANCOUVER CompletionTurn=152 EscapeResult=-1 InitialResult=3 LevelAfter=1 LootInfo=-1 Name=LOC_CITIZEN_MAYA_FEMALE_8 Operation=58 PlotIndex=1743
mission CityName=LOC_CITY_NAME_VICTORIA CompletionTurn=152 EscapeResult=0 InitialResult=4 LevelAfter=4 LootInfo=-1 Name=LOC_CITIZEN_MAYA_FEMALE_6 Operation=58 PlotIndex=888
mission CityName=LOC_CITY_NAME_QUEBEC_CITY CompletionTurn=149 EscapeResult=-1 InitialResult=5 LevelAfter=2 LootInfo=-1 Name=LOC_CITIZEN_MAYA_FEMALE_4 Operation=58 PlotIndex=1404
mission CityName=LOC_CITY_NAME_HALIFAX CompletionTurn=149 EscapeResult=0 InitialResult=2 LevelAfter=3 LootInfo=-1 Name=LOC_CITIZEN_MAYA_MODERN_FEMALE_8 Operation=58 PlotIndex=1409
mission CityName=LOC_CITY_NAME_CALGARY CompletionTurn=149 EscapeResult=-1 InitialResult=5 LevelAfter=4 LootInfo=-1 Name=LOC_CITIZEN_MAYA_MALE_8 Operation=58 PlotIndex=1991
mission CityName=LOC_CITY_NAME_OTTAWA CompletionTurn=147 EscapeResult=2 InitialResult=4 LevelAfter=4 LootInfo=-1 Name=LOC_CITIZEN_MAYA_MODERN_MALE_1 Operation=58 PlotIndex=978
mission CityName=LOC_CITY_NAME_VANCOUVER CompletionTurn=145 EscapeResult=2 InitialResult=2 LevelAfter=1 LootInfo=-1 Name=LOC_CITIZEN_MAYA_FEMALE_1 Operation=58 PlotIndex=1743
mission CityName=LOC_CITY_NAME_MONTREAL CompletionTurn=144 EscapeResult=-1 InitialResult=5 LevelAfter=2 LootInfo=-1 Name=LOC_CITIZEN_MAYA_MODERN_FEMALE_3 Operation=58 PlotIndex=1314
mission CityName=LOC_CITY_NAME_TORONTO CompletionTurn=144 EscapeResult=2 InitialResult=2 LevelAfter=2 LootInfo=-1 Name=LOC_CITIZEN_MAYA_MODERN_FEMALE_4 Operation=58 PlotIndex=1818
mission CityName=LOC_CITY_NAME_VICTORIA CompletionTurn=143 EscapeResult=0 InitialResult=2 LevelAfter=3 LootInfo=-1 Name=LOC_CITIZEN_MAYA_MODERN_FEMALE_6 Operation=58 PlotIndex=888
mission CityName=LOC_CITY_NAME_OTTAWA CompletionTurn=143 EscapeResult=-1 InitialResult=3 LevelAfter=4 LootInfo=-1 Name=LOC_CITIZEN_MAYA_MODERN_MALE_1 Operation=58 PlotIndex=978
mission CityName=LOC_CITY_NAME_HALIFAX CompletionTurn=142 EscapeResult=-1 InitialResult=5 LevelAfter=3 LootInfo=-1 Name=LOC_CITIZEN_MAYA_MODERN_FEMALE_8 Operation=58 PlotIndex=1409
mission CityName=LOC_CITY_NAME_CALGARY CompletionTurn=142 EscapeResult=-1 InitialResult=5 LevelAfter=4 LootInfo=-1 Name=LOC_CITIZEN_MAYA_MALE_8 Operation=58 PlotIndex=1991
mission CityName=LOC_CITY_NAME_MONTREAL CompletionTurn=141 EscapeResult=-1 InitialResult=1 LevelAfter=2 LootInfo=-1 Name=LOC_CITIZEN_MAYA_MODERN_MALE_4 Operation=58 PlotIndex=1314
mission CityName=LOC_CITY_NAME_MONTREAL CompletionTurn=140 EscapeResult=-1 InitialResult=5 LevelAfter=2 LootInfo=-1 Name=LOC_CITIZEN_MAYA_MODERN_MALE_4 Operation=58 PlotIndex=1314
mission CityName=LOC_CITY_NAME_QUEBEC_CITY CompletionTurn=140 EscapeResult=2 InitialResult=4 LevelAfter=3 LootInfo=-1 Name=LOC_CITIZEN_MAYA_FEMALE_6 Operation=58 PlotIndex=1404
mission CityName=LOC_CITY_NAME_OTTAWA CompletionTurn=139 EscapeResult=-1 InitialResult=5 LevelAfter=4 LootInfo=-1 Name=LOC_CITIZEN_MAYA_MODERN_MALE_1 Operation=58 PlotIndex=978
mission CityName=LOC_CITY_NAME_VICTORIA CompletionTurn=138 EscapeResult=1 InitialResult=4 LevelAfter=2 LootInfo=-1 Name=LOC_CITIZEN_MAYA_MALE_2 Operation=58 PlotIndex=888
mission CityName=LOC_CITY_NAME_TORONTO CompletionTurn=137 EscapeResult=-1 InitialResult=5 LevelAfter=2 LootInfo=-1 Name=LOC_CITIZEN_MAYA_MODERN_FEMALE_4 Operation=58 PlotIndex=1818
mission CityName=LOC_CITY_NAME_QUEBEC_CITY CompletionTurn=136 EscapeResult=-1 InitialResult=1 LevelAfter=2 LootInfo=-1 Name=LOC_CITIZEN_MAYA_MODERN_MALE_9 Operation=58 PlotIndex=1404
mission CityName=LOC_CITY_NAME_HALIFAX CompletionTurn=135 EscapeResult=-1 InitialResult=5 LevelAfter=2 LootInfo=-1 Name=LOC_CITIZEN_MAYA_MODERN_FEMALE_8 Operation=58 PlotIndex=1409
mission CityName=LOC_CITY_NAME_OTTAWA CompletionTurn=135 EscapeResult=-1 InitialResult=5 LevelAfter=4 LootInfo=-1 Name=LOC_CITIZEN_MAYA_MODERN_MALE_1 Operation=58 PlotIndex=978
mission CityName=LOC_CITY_NAME_CALGARY CompletionTurn=133 EscapeResult=2 InitialResult=4 LevelAfter=3 LootInfo=-1 Name=LOC_CITIZEN_MAYA_MALE_8 Operation=58 PlotIndex=1991
mission CityName=LOC_CITY_NAME_MONTREAL CompletionTurn=132 EscapeResult=0 InitialResult=2 LevelAfter=1 LootInfo=-1 Name=LOC_CITIZEN_MAYA_MALE_5 Operation=58 PlotIndex=1314
mission CityName=LOC_CITY_NAME_QUEBEC_CITY CompletionTurn=131 EscapeResult=-1 InitialResult=5 LevelAfter=2 LootInfo=-1 Name=LOC_CITIZEN_MAYA_MODERN_MALE_9 Operation=58 PlotIndex=1404
mission CityName=LOC_CITY_NAME_OTTAWA CompletionTurn=130 EscapeResult=-1 InitialResult=5 LevelAfter=4 LootInfo=-1 Name=LOC_CITIZEN_MAYA_MODERN_MALE_1 Operation=58 PlotIndex=978
mission CityName=LOC_CITY_NAME_CALGARY CompletionTurn=129 EscapeResult=-1 InitialResult=3 LevelAfter=2 LootInfo=-1 Name=LOC_CITIZEN_MAYA_MALE_8 Operation=58 PlotIndex=1991
mission CityName=LOC_CITY_NAME_TORONTO CompletionTurn=129 EscapeResult=2 InitialResult=4 LevelAfter=3 LootInfo=-1 Name=LOC_CITIZEN_MAYA_MODERN_FEMALE_6 Operation=58 PlotIndex=1818
mission CityName=LOC_CITY_NAME_MONTREAL CompletionTurn=127 EscapeResult=2 InitialResult=2 LevelAfter=1 LootInfo=-1 Name=LOC_CITIZEN_MAYA_MALE_2 Operation=58 PlotIndex=1314
mission CityName=LOC_CITY_NAME_OTTAWA CompletionTurn=124 EscapeResult=-1 InitialResult=5 LevelAfter=4 LootInfo=-1 Name=LOC_CITIZEN_MAYA_MODERN_MALE_1 Operation=58 PlotIndex=978
mission CityName=LOC_CITY_NAME_CALGARY CompletionTurn=123 EscapeResult=-1 InitialResult=5 LevelAfter=2 LootInfo=-1 Name=LOC_CITIZEN_MAYA_MALE_8 Operation=58 PlotIndex=1991
mission CityName=LOC_CITY_NAME_HALIFAX CompletionTurn=121 EscapeResult=2 InitialResult=4 LevelAfter=2 LootInfo=-1 Name=LOC_CITIZEN_MAYA_FEMALE_6 Operation=58 PlotIndex=1409
mission CityName=LOC_CITY_NAME_OTTAWA CompletionTurn=120 EscapeResult=-1 InitialResult=3 LevelAfter=3 LootInfo=-1 Name=LOC_CITIZEN_MAYA_MODERN_MALE_1 Operation=58 PlotIndex=978
mission CityName=LOC_CITY_NAME_MONTREAL CompletionTurn=120 EscapeResult=-1 InitialResult=0 LevelAfter=2 LootInfo=-1 Name=LOC_CITIZEN_MAYA_FEMALE_7 Operation=58 PlotIndex=1314
mission CityName=LOC_CITY_NAME_QUEBEC_CITY CompletionTurn=118 EscapeResult=1 InitialResult=2 LevelAfter=1 LootInfo=-1 Name=LOC_CITIZEN_MAYA_MODERN_FEMALE_1 Operation=58 PlotIndex=1404
mission CityName=LOC_CITY_NAME_TORONTO CompletionTurn=118 EscapeResult=2 InitialResult=4 LevelAfter=2 LootInfo=-1 Name=LOC_CITIZEN_MAYA_MODERN_FEMALE_6 Operation=58 PlotIndex=1818
mission CityName=LOC_CITY_NAME_TORONTO CompletionTurn=114 EscapeResult=-1 InitialResult=1 LevelAfter=1 LootInfo=-1 Name=LOC_CITIZEN_MAYA_FEMALE_3 Operation=58 PlotIndex=1818
mission CityName=LOC_CITY_NAME_MONTREAL CompletionTurn=114 EscapeResult=-1 InitialResult=5 LevelAfter=2 LootInfo=-1 Name=LOC_CITIZEN_MAYA_FEMALE_7 Operation=58 PlotIndex=1314
mission CityName=LOC_CITY_NAME_OTTAWA CompletionTurn=113 EscapeResult=-1 InitialResult=5 LevelAfter=3 LootInfo=-1 Name=LOC_CITIZEN_MAYA_MODERN_MALE_1 Operation=58 PlotIndex=978
mission CityName=LOC_CITY_NAME_MONTREAL CompletionTurn=110 EscapeResult=-1 InitialResult=1 LevelAfter=1 LootInfo=-1 Name=LOC_CITIZEN_MAYA_MODERN_FEMALE_7 Operation=58 PlotIndex=1314
mission CityName=LOC_CITY_NAME_OTTAWA CompletionTurn=107 EscapeResult=-1 InitialResult=5 LevelAfter=2 LootInfo=-1 Name=LOC_CITIZEN_MAYA_MODERN_MALE_1 Operation=58 PlotIndex=978
tally 5  FOMENT_UNREST CAPTURED / NO_RESULT
tally 1  FOMENT_UNREST FAIL_MUST_ESCAPE / CAPTURED
tally 5  FOMENT_UNREST FAIL_MUST_ESCAPE / FAIL_MUST_ESCAPE
tally 6  FOMENT_UNREST FAIL_MUST_ESCAPE / KILLED
tally 6  FOMENT_UNREST FAIL_UNDETECTED / NO_RESULT
tally 1  FOMENT_UNREST KILLED / NO_RESULT
tally 1  FOMENT_UNREST SUCCESS_MUST_ESCAPE / CAPTURED
tally 11  FOMENT_UNREST SUCCESS_MUST_ESCAPE / FAIL_MUST_ESCAPE
tally 3  FOMENT_UNREST SUCCESS_MUST_ESCAPE / KILLED
tally 30  FOMENT_UNREST SUCCESS_UNDETECTED / NO_RESULT
turn 177 spies active 6 idle 1 missions 69 captured-enemy 0
spy 9437191 LOC_CITIZEN_MAYA_MALE_1 level 1 at 36:42 notarget
spy 7405581 LOC_CITIZEN_MAYA_MODERN_MALE_1 level 4 at 65:16 busy
spy 7798809 LOC_CITIZEN_MAYA_MALE_7 level 3 at 54:15 busy
spy 8650779 LOC_CITIZEN_MAYA_MODERN_FEMALE_4 level 3 at 60:16 busy
spy 9306140 LOC_CITIZEN_MAYA_MALE_3 level 1 at 54:11 busy
spy 8192030 LOC_CITIZEN_MAYA_MODERN_FEMALE_2 level 2 at 54:21 busy
spy 9109539 LOC_CITIZEN_MAYA_MALE_8 level 4 at 48:10 busy
turn 177 spies 7 started 0 travelled 0 promoted 0 bought 0 gold 45800
unblock: blocker ENDTURN_BLOCKING_FILL_CIVIC_SLOT -> nothing | end turn requested
unstuck: InGamePopup: open, no close
unstuck: NaturalDisasterPopup: closed
unblock: blocker ENDTURN_BLOCKING_SPY_CHOOSE_ESCAPE_ROUTE -> escape route DISTRICT_CITY_CENTER of 1 for spy 7798809 LOC_CITIZEN_MAYA_MALE_7 level 3 turn 178 city LOC_CITY_NAME_MONTREAL p1 at 54:15 pursuer police | end turn requested
unstuck: closed sessions [2:2]
unstuck: DiplomacyActionView: Closing Diplomacy Action View. m_eventID: 3152101
unstuck: InGamePopup: open, no close
unblock: blocker ENDTURN_BLOCKING_SPY_CHOOSE_ESCAPE_ROUTE -> escape route DISTRICT_CITY_CENTER of 1 for spy 7798809 LOC_CITIZEN_MAYA_MALE_7 level 3 turn 178 city LOC_CITY_NAME_MONTREAL p1 at 54:15 pursuer police | end turn requested
unstuck: InGamePopup: open, no close
unstuck: NaturalDisasterPopup: closed
mission CityName=LOC_CITY_NAME_VICTORIA CompletionTurn=179 EscapeResult=-1 InitialResult=5 LevelAfter=4 LootInfo=-1 Name=LOC_CITIZEN_MAYA_MALE_8 Operation=58 PlotIndex=888
mission CityName=LOC_CITY_NAME_TORONTO CompletionTurn=179 EscapeResult=-1 InitialResult=4 LevelAfter=3 LootInfo=-1 Name=LOC_CITIZEN_MAYA_MODERN_FEMALE_2 Operation=58 PlotIndex=1818
mission CityName=LOC_CITY_NAME_QUEBEC_CITY CompletionTurn=179 EscapeResult=-1 InitialResult=4 LevelAfter=4 LootInfo=-1 Name=LOC_CITIZEN_MAYA_MODERN_FEMALE_4 Operation=58 PlotIndex=1404
mission CityName=LOC_CITY_NAME_MONTREAL CompletionTurn=178 EscapeResult=-1 InitialResult=4 LevelAfter=4 LootInfo=-1 Name=LOC_CITIZEN_MAYA_MALE_7 Operation=58 PlotIndex=1314
mission CityName=LOC_CITY_NAME_HALIFAX CompletionTurn=177 EscapeResult=-1 InitialResult=5 LevelAfter=4 LootInfo=-1 Name=LOC_CITIZEN_MAYA_MODERN_MALE_1 Operation=58 PlotIndex=1409
mission CityName=LOC_CITY_NAME_CALGARY CompletionTurn=176 EscapeResult=2 InitialResult=4 LevelAfter=4 LootInfo=-1 Name=LOC_CITIZEN_MAYA_MODERN_MALE_6 Operation=58 PlotIndex=1991
mission CityName=LOC_CITY_NAME_TORONTO CompletionTurn=173 EscapeResult=-1 InitialResult=5 LevelAfter=2 LootInfo=-1 Name=LOC_CITIZEN_MAYA_MODERN_FEMALE_2 Operation=58 PlotIndex=1818
mission CityName=LOC_CITY_NAME_MONTREAL CompletionTurn=173 EscapeResult=0 InitialResult=4 LevelAfter=3 LootInfo=-1 Name=LOC_CITIZEN_MAYA_MODERN_FEMALE_3 Operation=58 PlotIndex=1314
mission CityName=LOC_CITY_NAME_HALIFAX CompletionTurn=173 EscapeResult=-1 InitialResult=5 LevelAfter=4 LootInfo=-1 Name=LOC_CITIZEN_MAYA_MODERN_MALE_1 Operation=58 PlotIndex=1409
mission CityName=LOC_CITY_NAME_CALGARY CompletionTurn=173 EscapeResult=-1 InitialResult=3 LevelAfter=4 LootInfo=-1 Name=LOC_CITIZEN_MAYA_MODERN_MALE_6 Operation=58 PlotIndex=1991
mission CityName=LOC_CITY_NAME_QUEBEC_CITY CompletionTurn=172 EscapeResult=0 InitialResult=2 LevelAfter=1 LootInfo=-1 Name=LOC_CITIZEN_MAYA_MODERN_FEMALE_5 Operation=58 PlotIndex=1404
mission CityName=LOC_CITY_NAME_OTTAWA CompletionTurn=172 EscapeResult=0 InitialResult=4 LevelAfter=4 LootInfo=-1 Name=LOC_CITIZEN_MAYA_FEMALE_1 Operation=58 PlotIndex=978
mission CityName=LOC_CITY_NAME_HALIFAX CompletionTurn=169 EscapeResult=-1 InitialResult=5 LevelAfter=4 LootInfo=-1 Name=LOC_CITIZEN_MAYA_MODERN_MALE_1 Operation=58 PlotIndex=1409
mission CityName=LOC_CITY_NAME_TORONTO CompletionTurn=168 EscapeResult=2 InitialResult=4 LevelAfter=4 LootInfo=-1 Name=LOC_CITIZEN_MAYA_MODERN_MALE_6 Operation=58 PlotIndex=1818
mission CityName=LOC_CITY_NAME_MONTREAL CompletionTurn=168 EscapeResult=2 InitialResult=4 LevelAfter=4 LootInfo=-1 Name=LOC_CITIZEN_MAYA_MALE_8 Operation=58 PlotIndex=1314
mission CityName=LOC_CITY_NAME_OTTAWA CompletionTurn=167 EscapeResult=-1 InitialResult=5 LevelAfter=4 LootInfo=-1 Name=LOC_CITIZEN_MAYA_FEMALE_1 Operation=58 PlotIndex=978
mission CityName=LOC_CITY_NAME_MONTREAL CompletionTurn=165 EscapeResult=-1 InitialResult=5 LevelAfter=3 LootInfo=-1 Name=LOC_CITIZEN_MAYA_MALE_7 Operation=58 PlotIndex=1314
mission CityName=LOC_CITY_NAME_HALIFAX CompletionTurn=165 EscapeResult=-1 InitialResult=5 LevelAfter=4 LootInfo=-1 Name=LOC_CITIZEN_MAYA_MODERN_MALE_1 Operation=58 PlotIndex=1409
mission CityName=LOC_CITY_NAME_MONTREAL CompletionTurn=164 EscapeResult=-1 InitialResult=5 LevelAfter=2 LootInfo=-1 Name=LOC_CITIZEN_MAYA_MALE_7 Operation=58 PlotIndex=1314
mission CityName=LOC_CITY_NAME_OTTAWA CompletionTurn=162 EscapeResult=-1 InitialResult=5 LevelAfter=3 LootInfo=-1 Name=LOC_CITIZEN_MAYA_FEMALE_1 Operation=58 PlotIndex=978
mission CityName=LOC_CITY_NAME_VANCOUVER CompletionTurn=162 EscapeResult=0 InitialResult=2 LevelAfter=1 LootInfo=-1 Name=LOC_CITIZEN_MAYA_FEMALE_8 Operation=58 PlotIndex=1743
mission CityName=LOC_CITY_NAME_CHARLOTTETOWN CompletionTurn=161 EscapeResult=0 InitialResult=2 LevelAfter=1 LootInfo=-1 Name=LOC_CITIZEN_MAYA_MALE_6 Operation=58 PlotIndex=1644
mission CityName=LOC_CITY_NAME_HALIFAX CompletionTurn=161 EscapeResult=-1 InitialResult=5 LevelAfter=4 LootInfo=-1 Name=LOC_CITIZEN_MAYA_MODERN_MALE_1 Operation=58 PlotIndex=1409
mission CityName=LOC_CITY_NAME_TE_HOKIANGA_NU_A_KUPE CompletionTurn=160 EscapeResult=2 InitialResult=2 LevelAfter=3 LootInfo=-1 Name=LOC_CITIZEN_MAYA_MODERN_FEMALE_4 Operation=58 PlotIndex=772
mission CityName=LOC_CITY_NAME_TORONTO CompletionTurn=160 EscapeResult=2 InitialResult=4 LevelAfter=3 LootInfo=-1 Name=LOC_CITIZEN_MAYA_MODERN_MALE_6 Operation=58 PlotIndex=1818
mission CityName=LOC_CITY_NAME_OTTAWA CompletionTurn=158 EscapeResult=-1 InitialResult=5 LevelAfter=2 LootInfo=-1 Name=LOC_CITIZEN_MAYA_FEMALE_1 Operation=58 PlotIndex=978
mission CityName=LOC_CITY_NAME_QUEBEC_CITY CompletionTurn=158 EscapeResult=-1 InitialResult=1 LevelAfter=2 LootInfo=-1 Name=LOC_CITIZEN_MAYA_FEMALE_4 Operation=58 PlotIndex=1404
mission CityName=LOC_CITY_NAME_VANCOUVER CompletionTurn=158 EscapeResult=-1 InitialResult=3 LevelAfter=1 LootInfo=-1 Name=LOC_CITIZEN_MAYA_FEMALE_8 Operation=58 PlotIndex=1743
mission CityName=LOC_CITY_NAME_TE_HOKIANGA_NU_A_KUPE CompletionTurn=154 EscapeResult=-1 InitialResult=5 LevelAfter=3 LootInfo=-1 Name=LOC_CITIZEN_MAYA_MODERN_FEMALE_4 Operation=58 PlotIndex=772
mission CityName=LOC_CITY_NAME_CALGARY CompletionTurn=154 EscapeResult=2 InitialResult=4 LevelAfter=4 LootInfo=-1 Name=LOC_CITIZEN_MAYA_MALE_8 Operation=58 PlotIndex=1991
mission CityName=LOC_CITY_NAME_TORONTO CompletionTurn=154 EscapeResult=-1 InitialResult=5 LevelAfter=2 LootInfo=-1 Name=LOC_CITIZEN_MAYA_MODERN_MALE_6 Operation=58 PlotIndex=1818
mission CityName=LOC_CITY_NAME_MONTREAL CompletionTurn=152 EscapeResult=2 InitialResult=2 LevelAfter=2 LootInfo=-1 Name=LOC_CITIZEN_MAYA_MODERN_FEMALE_3 Operation=58 PlotIndex=1314
mission CityName=LOC_CITY_NAME_VANCOUVER CompletionTurn=152 EscapeResult=-1 InitialResult=3 LevelAfter=1 LootInfo=-1 Name=LOC_CITIZEN_MAYA_FEMALE_8 Operation=58 PlotIndex=1743
mission CityName=LOC_CITY_NAME_VICTORIA CompletionTurn=152 EscapeResult=0 InitialResult=4 LevelAfter=4 LootInfo=-1 Name=LOC_CITIZEN_MAYA_FEMALE_6 Operation=58 PlotIndex=888
mission CityName=LOC_CITY_NAME_QUEBEC_CITY CompletionTurn=149 EscapeResult=-1 InitialResult=5 LevelAfter=2 LootInfo=-1 Name=LOC_CITIZEN_MAYA_FEMALE_4 Operation=58 PlotIndex=1404
mission CityName=LOC_CITY_NAME_HALIFAX CompletionTurn=149 EscapeResult=0 InitialResult=2 LevelAfter=3 LootInfo=-1 Name=LOC_CITIZEN_MAYA_MODERN_FEMALE_8 Operation=58 PlotIndex=1409
mission CityName=LOC_CITY_NAME_CALGARY CompletionTurn=149 EscapeResult=-1 InitialResult=5 LevelAfter=4 LootInfo=-1 Name=LOC_CITIZEN_MAYA_MALE_8 Operation=58 PlotIndex=1991
mission CityName=LOC_CITY_NAME_OTTAWA CompletionTurn=147 EscapeResult=2 InitialResult=4 LevelAfter=4 LootInfo=-1 Name=LOC_CITIZEN_MAYA_MODERN_MALE_1 Operation=58 PlotIndex=978
mission CityName=LOC_CITY_NAME_VANCOUVER CompletionTurn=145 EscapeResult=2 InitialResult=2 LevelAfter=1 LootInfo=-1 Name=LOC_CITIZEN_MAYA_FEMALE_1 Operation=58 PlotIndex=1743
mission CityName=LOC_CITY_NAME_MONTREAL CompletionTurn=144 EscapeResult=-1 InitialResult=5 LevelAfter=2 LootInfo=-1 Name=LOC_CITIZEN_MAYA_MODERN_FEMALE_3 Operation=58 PlotIndex=1314
mission CityName=LOC_CITY_NAME_TORONTO CompletionTurn=144 EscapeResult=2 InitialResult=2 LevelAfter=2 LootInfo=-1 Name=LOC_CITIZEN_MAYA_MODERN_FEMALE_4 Operation=58 PlotIndex=1818
mission CityName=LOC_CITY_NAME_VICTORIA CompletionTurn=143 EscapeResult=0 InitialResult=2 LevelAfter=3 LootInfo=-1 Name=LOC_CITIZEN_MAYA_MODERN_FEMALE_6 Operation=58 PlotIndex=888
mission CityName=LOC_CITY_NAME_OTTAWA CompletionTurn=143 EscapeResult=-1 InitialResult=3 LevelAfter=4 LootInfo=-1 Name=LOC_CITIZEN_MAYA_MODERN_MALE_1 Operation=58 PlotIndex=978
mission CityName=LOC_CITY_NAME_HALIFAX CompletionTurn=142 EscapeResult=-1 InitialResult=5 LevelAfter=3 LootInfo=-1 Name=LOC_CITIZEN_MAYA_MODERN_FEMALE_8 Operation=58 PlotIndex=1409
mission CityName=LOC_CITY_NAME_CALGARY CompletionTurn=142 EscapeResult=-1 InitialResult=5 LevelAfter=4 LootInfo=-1 Name=LOC_CITIZEN_MAYA_MALE_8 Operation=58 PlotIndex=1991
mission CityName=LOC_CITY_NAME_MONTREAL CompletionTurn=141 EscapeResult=-1 InitialResult=1 LevelAfter=2 LootInfo=-1 Name=LOC_CITIZEN_MAYA_MODERN_MALE_4 Operation=58 PlotIndex=1314
mission CityName=LOC_CITY_NAME_MONTREAL CompletionTurn=140 EscapeResult=-1 InitialResult=5 LevelAfter=2 LootInfo=-1 Name=LOC_CITIZEN_MAYA_MODERN_MALE_4 Operation=58 PlotIndex=1314
mission CityName=LOC_CITY_NAME_QUEBEC_CITY CompletionTurn=140 EscapeResult=2 InitialResult=4 LevelAfter=3 LootInfo=-1 Name=LOC_CITIZEN_MAYA_FEMALE_6 Operation=58 PlotIndex=1404
mission CityName=LOC_CITY_NAME_OTTAWA CompletionTurn=139 EscapeResult=-1 InitialResult=5 LevelAfter=4 LootInfo=-1 Name=LOC_CITIZEN_MAYA_MODERN_MALE_1 Operation=58 PlotIndex=978
mission CityName=LOC_CITY_NAME_VICTORIA CompletionTurn=138 EscapeResult=1 InitialResult=4 LevelAfter=2 LootInfo=-1 Name=LOC_CITIZEN_MAYA_MALE_2 Operation=58 PlotIndex=888
mission CityName=LOC_CITY_NAME_TORONTO CompletionTurn=137 EscapeResult=-1 InitialResult=5 LevelAfter=2 LootInfo=-1 Name=LOC_CITIZEN_MAYA_MODERN_FEMALE_4 Operation=58 PlotIndex=1818
mission CityName=LOC_CITY_NAME_QUEBEC_CITY CompletionTurn=136 EscapeResult=-1 InitialResult=1 LevelAfter=2 LootInfo=-1 Name=LOC_CITIZEN_MAYA_MODERN_MALE_9 Operation=58 PlotIndex=1404
mission CityName=LOC_CITY_NAME_HALIFAX CompletionTurn=135 EscapeResult=-1 InitialResult=5 LevelAfter=2 LootInfo=-1 Name=LOC_CITIZEN_MAYA_MODERN_FEMALE_8 Operation=58 PlotIndex=1409
mission CityName=LOC_CITY_NAME_OTTAWA CompletionTurn=135 EscapeResult=-1 InitialResult=5 LevelAfter=4 LootInfo=-1 Name=LOC_CITIZEN_MAYA_MODERN_MALE_1 Operation=58 PlotIndex=978
mission CityName=LOC_CITY_NAME_CALGARY CompletionTurn=133 EscapeResult=2 InitialResult=4 LevelAfter=3 LootInfo=-1 Name=LOC_CITIZEN_MAYA_MALE_8 Operation=58 PlotIndex=1991
mission CityName=LOC_CITY_NAME_MONTREAL CompletionTurn=132 EscapeResult=0 InitialResult=2 LevelAfter=1 LootInfo=-1 Name=LOC_CITIZEN_MAYA_MALE_5 Operation=58 PlotIndex=1314
mission CityName=LOC_CITY_NAME_QUEBEC_CITY CompletionTurn=131 EscapeResult=-1 InitialResult=5 LevelAfter=2 LootInfo=-1 Name=LOC_CITIZEN_MAYA_MODERN_MALE_9 Operation=58 PlotIndex=1404
mission CityName=LOC_CITY_NAME_OTTAWA CompletionTurn=130 EscapeResult=-1 InitialResult=5 LevelAfter=4 LootInfo=-1 Name=LOC_CITIZEN_MAYA_MODERN_MALE_1 Operation=58 PlotIndex=978
mission CityName=LOC_CITY_NAME_CALGARY CompletionTurn=129 EscapeResult=-1 InitialResult=3 LevelAfter=2 LootInfo=-1 Name=LOC_CITIZEN_MAYA_MALE_8 Operation=58 PlotIndex=1991
mission CityName=LOC_CITY_NAME_TORONTO CompletionTurn=129 EscapeResult=2 InitialResult=4 LevelAfter=3 LootInfo=-1 Name=LOC_CITIZEN_MAYA_MODERN_FEMALE_6 Operation=58 PlotIndex=1818
mission CityName=LOC_CITY_NAME_MONTREAL CompletionTurn=127 EscapeResult=2 InitialResult=2 LevelAfter=1 LootInfo=-1 Name=LOC_CITIZEN_MAYA_MALE_2 Operation=58 PlotIndex=1314
mission CityName=LOC_CITY_NAME_OTTAWA CompletionTurn=124 EscapeResult=-1 InitialResult=5 LevelAfter=4 LootInfo=-1 Name=LOC_CITIZEN_MAYA_MODERN_MALE_1 Operation=58 PlotIndex=978
mission CityName=LOC_CITY_NAME_CALGARY CompletionTurn=123 EscapeResult=-1 InitialResult=5 LevelAfter=2 LootInfo=-1 Name=LOC_CITIZEN_MAYA_MALE_8 Operation=58 PlotIndex=1991
mission CityName=LOC_CITY_NAME_HALIFAX CompletionTurn=121 EscapeResult=2 InitialResult=4 LevelAfter=2 LootInfo=-1 Name=LOC_CITIZEN_MAYA_FEMALE_6 Operation=58 PlotIndex=1409
mission CityName=LOC_CITY_NAME_OTTAWA CompletionTurn=120 EscapeResult=-1 InitialResult=3 LevelAfter=3 LootInfo=-1 Name=LOC_CITIZEN_MAYA_MODERN_MALE_1 Operation=58 PlotIndex=978
mission CityName=LOC_CITY_NAME_MONTREAL CompletionTurn=120 EscapeResult=-1 InitialResult=0 LevelAfter=2 LootInfo=-1 Name=LOC_CITIZEN_MAYA_FEMALE_7 Operation=58 PlotIndex=1314
mission CityName=LOC_CITY_NAME_QUEBEC_CITY CompletionTurn=118 EscapeResult=1 InitialResult=2 LevelAfter=1 LootInfo=-1 Name=LOC_CITIZEN_MAYA_MODERN_FEMALE_1 Operation=58 PlotIndex=1404
mission CityName=LOC_CITY_NAME_TORONTO CompletionTurn=118 EscapeResult=2 InitialResult=4 LevelAfter=2 LootInfo=-1 Name=LOC_CITIZEN_MAYA_MODERN_FEMALE_6 Operation=58 PlotIndex=1818
mission CityName=LOC_CITY_NAME_TORONTO CompletionTurn=114 EscapeResult=-1 InitialResult=1 LevelAfter=1 LootInfo=-1 Name=LOC_CITIZEN_MAYA_FEMALE_3 Operation=58 PlotIndex=1818
mission CityName=LOC_CITY_NAME_MONTREAL CompletionTurn=114 EscapeResult=-1 InitialResult=5 LevelAfter=2 LootInfo=-1 Name=LOC_CITIZEN_MAYA_FEMALE_7 Operation=58 PlotIndex=1314
mission CityName=LOC_CITY_NAME_OTTAWA CompletionTurn=113 EscapeResult=-1 InitialResult=5 LevelAfter=3 LootInfo=-1 Name=LOC_CITIZEN_MAYA_MODERN_MALE_1 Operation=58 PlotIndex=978
mission CityName=LOC_CITY_NAME_MONTREAL CompletionTurn=110 EscapeResult=-1 InitialResult=1 LevelAfter=1 LootInfo=-1 Name=LOC_CITIZEN_MAYA_MODERN_FEMALE_7 Operation=58 PlotIndex=1314
mission CityName=LOC_CITY_NAME_OTTAWA CompletionTurn=107 EscapeResult=-1 InitialResult=5 LevelAfter=2 LootInfo=-1 Name=LOC_CITIZEN_MAYA_MODERN_MALE_1 Operation=58 PlotIndex=978
tally 5  FOMENT_UNREST CAPTURED / NO_RESULT
tally 1  FOMENT_UNREST FAIL_MUST_ESCAPE / CAPTURED
tally 5  FOMENT_UNREST FAIL_MUST_ESCAPE / FAIL_MUST_ESCAPE
tally 6  FOMENT_UNREST FAIL_MUST_ESCAPE / KILLED
tally 6  FOMENT_UNREST FAIL_UNDETECTED / NO_RESULT
tally 1  FOMENT_UNREST KILLED / NO_RESULT
tally 1  FOMENT_UNREST SUCCESS_MUST_ESCAPE / CAPTURED
tally 11  FOMENT_UNREST SUCCESS_MUST_ESCAPE / FAIL_MUST_ESCAPE
tally 3  FOMENT_UNREST SUCCESS_MUST_ESCAPE / KILLED
tally 3  FOMENT_UNREST SUCCESS_MUST_ESCAPE / NO_RESULT
tally 31  FOMENT_UNREST SUCCESS_UNDETECTED / NO_RESULT
turn 179 spies active 5 idle 3 missions 73 captured-enemy 0
spy 9437191 LOC_CITIZEN_MAYA_MALE_1 level 1 at 36:42 travel
spy 7405581 LOC_CITIZEN_MAYA_MODERN_MALE_1 level 4 at 65:16 busy
spy 7798809 LOC_CITIZEN_MAYA_MALE_7 level 3 at 54:15 busy
spy 8650779 LOC_CITIZEN_MAYA_MODERN_FEMALE_4 level 3 at 60:16 busy
spy 9306140 LOC_CITIZEN_MAYA_MALE_3 level 1 at 54:11 busy
spy 8192030 LOC_CITIZEN_MAYA_MODERN_FEMALE_2 level 2 at 54:21 busy
spy 9109539 LOC_CITIZEN_MAYA_MALE_8 level 4 at 48:10 start
spy 9502756 LOC_CITIZEN_MAYA_MALE_4 level 1 at 63:20 start
turn 179 spies 8 started 2 travelled 1 promoted 3 bought 0 gold 50000
unblock: blocker ENDTURN_BLOCKING_SPY_CHOOSE_ESCAPE_ROUTE -> escape route DISTRICT_CITY_CENTER of 1 for spy 7798809 LOC_CITIZEN_MAYA_MALE_7 level 4 turn 179 city LOC_CITY_NAME_MONTREAL p1 at 54:15 pursuer police | end turn requested
unstuck: closed sessions [1:1]
unstuck: DiplomacyActionView: Closing Diplomacy Action View. m_eventID: 3160765
unstuck: InGamePopup: open, no close
unblock: blocker ENDTURN_BLOCKING_SPY_CHOOSE_ESCAPE_ROUTE -> escape route DISTRICT_CITY_CENTER of 2 for spy 8650779 LOC_CITIZEN_MAYA_MODERN_FEMALE_4 level 4 turn 179 city LOC_CITY_NAME_QUEBEC_CITY p1 at 60:16 pursuer police | end turn requested
unstuck: InGamePopup: open, no close
unblock: blocker ENDTURN_BLOCKING_SPY_CHOOSE_ESCAPE_ROUTE -> escape route DISTRICT_CITY_CENTER of 3 for spy 8192030 LOC_CITIZEN_MAYA_MODERN_FEMALE_2 level 3 turn 179 city LOC_CITY_NAME_TORONTO p1 at 54:21 pursuer police | end turn requested
unstuck: closed sessions [6:6]
unstuck: DiplomacyActionView: Closing Diplomacy Action View. m_eventID: 3167859
unstuck: InGamePopup: open, no close
mission CityName=LOC_CITY_NAME_VICTORIA CompletionTurn=179 EscapeResult=-1 InitialResult=5 LevelAfter=4 LootInfo=-1 Name=LOC_CITIZEN_MAYA_MALE_8 Operation=58 PlotIndex=888
mission CityName=LOC_CITY_NAME_TORONTO CompletionTurn=179 EscapeResult=-1 InitialResult=4 LevelAfter=3 LootInfo=-1 Name=LOC_CITIZEN_MAYA_MODERN_FEMALE_2 Operation=58 PlotIndex=1818
mission CityName=LOC_CITY_NAME_QUEBEC_CITY CompletionTurn=179 EscapeResult=2 InitialResult=4 LevelAfter=4 LootInfo=-1 Name=LOC_CITIZEN_MAYA_MODERN_FEMALE_4 Operation=58 PlotIndex=1404
mission CityName=LOC_CITY_NAME_MONTREAL CompletionTurn=178 EscapeResult=0 InitialResult=4 LevelAfter=4 LootInfo=-1 Name=LOC_CITIZEN_MAYA_MALE_7 Operation=58 PlotIndex=1314
mission CityName=LOC_CITY_NAME_HALIFAX CompletionTurn=177 EscapeResult=-1 InitialResult=5 LevelAfter=4 LootInfo=-1 Name=LOC_CITIZEN_MAYA_MODERN_MALE_1 Operation=58 PlotIndex=1409
mission CityName=LOC_CITY_NAME_CALGARY CompletionTurn=176 EscapeResult=2 InitialResult=4 LevelAfter=4 LootInfo=-1 Name=LOC_CITIZEN_MAYA_MODERN_MALE_6 Operation=58 PlotIndex=1991
mission CityName=LOC_CITY_NAME_TORONTO CompletionTurn=173 EscapeResult=-1 InitialResult=5 LevelAfter=2 LootInfo=-1 Name=LOC_CITIZEN_MAYA_MODERN_FEMALE_2 Operation=58 PlotIndex=1818
mission CityName=LOC_CITY_NAME_MONTREAL CompletionTurn=173 EscapeResult=0 InitialResult=4 LevelAfter=3 LootInfo=-1 Name=LOC_CITIZEN_MAYA_MODERN_FEMALE_3 Operation=58 PlotIndex=1314
mission CityName=LOC_CITY_NAME_HALIFAX CompletionTurn=173 EscapeResult=-1 InitialResult=5 LevelAfter=4 LootInfo=-1 Name=LOC_CITIZEN_MAYA_MODERN_MALE_1 Operation=58 PlotIndex=1409
mission CityName=LOC_CITY_NAME_CALGARY CompletionTurn=173 EscapeResult=-1 InitialResult=3 LevelAfter=4 LootInfo=-1 Name=LOC_CITIZEN_MAYA_MODERN_MALE_6 Operation=58 PlotIndex=1991
mission CityName=LOC_CITY_NAME_QUEBEC_CITY CompletionTurn=172 EscapeResult=0 InitialResult=2 LevelAfter=1 LootInfo=-1 Name=LOC_CITIZEN_MAYA_MODERN_FEMALE_5 Operation=58 PlotIndex=1404
mission CityName=LOC_CITY_NAME_OTTAWA CompletionTurn=172 EscapeResult=0 InitialResult=4 LevelAfter=4 LootInfo=-1 Name=LOC_CITIZEN_MAYA_FEMALE_1 Operation=58 PlotIndex=978
mission CityName=LOC_CITY_NAME_HALIFAX CompletionTurn=169 EscapeResult=-1 InitialResult=5 LevelAfter=4 LootInfo=-1 Name=LOC_CITIZEN_MAYA_MODERN_MALE_1 Operation=58 PlotIndex=1409
mission CityName=LOC_CITY_NAME_TORONTO CompletionTurn=168 EscapeResult=2 InitialResult=4 LevelAfter=4 LootInfo=-1 Name=LOC_CITIZEN_MAYA_MODERN_MALE_6 Operation=58 PlotIndex=1818
mission CityName=LOC_CITY_NAME_MONTREAL CompletionTurn=168 EscapeResult=2 InitialResult=4 LevelAfter=4 LootInfo=-1 Name=LOC_CITIZEN_MAYA_MALE_8 Operation=58 PlotIndex=1314
mission CityName=LOC_CITY_NAME_OTTAWA CompletionTurn=167 EscapeResult=-1 InitialResult=5 LevelAfter=4 LootInfo=-1 Name=LOC_CITIZEN_MAYA_FEMALE_1 Operation=58 PlotIndex=978
mission CityName=LOC_CITY_NAME_MONTREAL CompletionTurn=165 EscapeResult=-1 InitialResult=5 LevelAfter=3 LootInfo=-1 Name=LOC_CITIZEN_MAYA_MALE_7 Operation=58 PlotIndex=1314
mission CityName=LOC_CITY_NAME_HALIFAX CompletionTurn=165 EscapeResult=-1 InitialResult=5 LevelAfter=4 LootInfo=-1 Name=LOC_CITIZEN_MAYA_MODERN_MALE_1 Operation=58 PlotIndex=1409
mission CityName=LOC_CITY_NAME_MONTREAL CompletionTurn=164 EscapeResult=-1 InitialResult=5 LevelAfter=2 LootInfo=-1 Name=LOC_CITIZEN_MAYA_MALE_7 Operation=58 PlotIndex=1314
mission CityName=LOC_CITY_NAME_OTTAWA CompletionTurn=162 EscapeResult=-1 InitialResult=5 LevelAfter=3 LootInfo=-1 Name=LOC_CITIZEN_MAYA_FEMALE_1 Operation=58 PlotIndex=978
mission CityName=LOC_CITY_NAME_VANCOUVER CompletionTurn=162 EscapeResult=0 InitialResult=2 LevelAfter=1 LootInfo=-1 Name=LOC_CITIZEN_MAYA_FEMALE_8 Operation=58 PlotIndex=1743
mission CityName=LOC_CITY_NAME_CHARLOTTETOWN CompletionTurn=161 EscapeResult=0 InitialResult=2 LevelAfter=1 LootInfo=-1 Name=LOC_CITIZEN_MAYA_MALE_6 Operation=58 PlotIndex=1644
mission CityName=LOC_CITY_NAME_HALIFAX CompletionTurn=161 EscapeResult=-1 InitialResult=5 LevelAfter=4 LootInfo=-1 Name=LOC_CITIZEN_MAYA_MODERN_MALE_1 Operation=58 PlotIndex=1409
mission CityName=LOC_CITY_NAME_TE_HOKIANGA_NU_A_KUPE CompletionTurn=160 EscapeResult=2 InitialResult=2 LevelAfter=3 LootInfo=-1 Name=LOC_CITIZEN_MAYA_MODERN_FEMALE_4 Operation=58 PlotIndex=772
mission CityName=LOC_CITY_NAME_TORONTO CompletionTurn=160 EscapeResult=2 InitialResult=4 LevelAfter=3 LootInfo=-1 Name=LOC_CITIZEN_MAYA_MODERN_MALE_6 Operation=58 PlotIndex=1818
mission CityName=LOC_CITY_NAME_OTTAWA CompletionTurn=158 EscapeResult=-1 InitialResult=5 LevelAfter=2 LootInfo=-1 Name=LOC_CITIZEN_MAYA_FEMALE_1 Operation=58 PlotIndex=978
mission CityName=LOC_CITY_NAME_QUEBEC_CITY CompletionTurn=158 EscapeResult=-1 InitialResult=1 LevelAfter=2 LootInfo=-1 Name=LOC_CITIZEN_MAYA_FEMALE_4 Operation=58 PlotIndex=1404
mission CityName=LOC_CITY_NAME_VANCOUVER CompletionTurn=158 EscapeResult=-1 InitialResult=3 LevelAfter=1 LootInfo=-1 Name=LOC_CITIZEN_MAYA_FEMALE_8 Operation=58 PlotIndex=1743
mission CityName=LOC_CITY_NAME_TE_HOKIANGA_NU_A_KUPE CompletionTurn=154 EscapeResult=-1 InitialResult=5 LevelAfter=3 LootInfo=-1 Name=LOC_CITIZEN_MAYA_MODERN_FEMALE_4 Operation=58 PlotIndex=772
mission CityName=LOC_CITY_NAME_CALGARY CompletionTurn=154 EscapeResult=2 InitialResult=4 LevelAfter=4 LootInfo=-1 Name=LOC_CITIZEN_MAYA_MALE_8 Operation=58 PlotIndex=1991
mission CityName=LOC_CITY_NAME_TORONTO CompletionTurn=154 EscapeResult=-1 InitialResult=5 LevelAfter=2 LootInfo=-1 Name=LOC_CITIZEN_MAYA_MODERN_MALE_6 Operation=58 PlotIndex=1818
mission CityName=LOC_CITY_NAME_MONTREAL CompletionTurn=152 EscapeResult=2 InitialResult=2 LevelAfter=2 LootInfo=-1 Name=LOC_CITIZEN_MAYA_MODERN_FEMALE_3 Operation=58 PlotIndex=1314
mission CityName=LOC_CITY_NAME_VANCOUVER CompletionTurn=152 EscapeResult=-1 InitialResult=3 LevelAfter=1 LootInfo=-1 Name=LOC_CITIZEN_MAYA_FEMALE_8 Operation=58 PlotIndex=1743
mission CityName=LOC_CITY_NAME_VICTORIA CompletionTurn=152 EscapeResult=0 InitialResult=4 LevelAfter=4 LootInfo=-1 Name=LOC_CITIZEN_MAYA_FEMALE_6 Operation=58 PlotIndex=888
mission CityName=LOC_CITY_NAME_QUEBEC_CITY CompletionTurn=149 EscapeResult=-1 InitialResult=5 LevelAfter=2 LootInfo=-1 Name=LOC_CITIZEN_MAYA_FEMALE_4 Operation=58 PlotIndex=1404
mission CityName=LOC_CITY_NAME_HALIFAX CompletionTurn=149 EscapeResult=0 InitialResult=2 LevelAfter=3 LootInfo=-1 Name=LOC_CITIZEN_MAYA_MODERN_FEMALE_8 Operation=58 PlotIndex=1409
mission CityName=LOC_CITY_NAME_CALGARY CompletionTurn=149 EscapeResult=-1 InitialResult=5 LevelAfter=4 LootInfo=-1 Name=LOC_CITIZEN_MAYA_MALE_8 Operation=58 PlotIndex=1991
mission CityName=LOC_CITY_NAME_OTTAWA CompletionTurn=147 EscapeResult=2 InitialResult=4 LevelAfter=4 LootInfo=-1 Name=LOC_CITIZEN_MAYA_MODERN_MALE_1 Operation=58 PlotIndex=978
mission CityName=LOC_CITY_NAME_VANCOUVER CompletionTurn=145 EscapeResult=2 InitialResult=2 LevelAfter=1 LootInfo=-1 Name=LOC_CITIZEN_MAYA_FEMALE_1 Operation=58 PlotIndex=1743
mission CityName=LOC_CITY_NAME_MONTREAL CompletionTurn=144 EscapeResult=-1 InitialResult=5 LevelAfter=2 LootInfo=-1 Name=LOC_CITIZEN_MAYA_MODERN_FEMALE_3 Operation=58 PlotIndex=1314
mission CityName=LOC_CITY_NAME_TORONTO CompletionTurn=144 EscapeResult=2 InitialResult=2 LevelAfter=2 LootInfo=-1 Name=LOC_CITIZEN_MAYA_MODERN_FEMALE_4 Operation=58 PlotIndex=1818
mission CityName=LOC_CITY_NAME_VICTORIA CompletionTurn=143 EscapeResult=0 InitialResult=2 LevelAfter=3 LootInfo=-1 Name=LOC_CITIZEN_MAYA_MODERN_FEMALE_6 Operation=58 PlotIndex=888
mission CityName=LOC_CITY_NAME_OTTAWA CompletionTurn=143 EscapeResult=-1 InitialResult=3 LevelAfter=4 LootInfo=-1 Name=LOC_CITIZEN_MAYA_MODERN_MALE_1 Operation=58 PlotIndex=978
mission CityName=LOC_CITY_NAME_HALIFAX CompletionTurn=142 EscapeResult=-1 InitialResult=5 LevelAfter=3 LootInfo=-1 Name=LOC_CITIZEN_MAYA_MODERN_FEMALE_8 Operation=58 PlotIndex=1409
mission CityName=LOC_CITY_NAME_CALGARY CompletionTurn=142 EscapeResult=-1 InitialResult=5 LevelAfter=4 LootInfo=-1 Name=LOC_CITIZEN_MAYA_MALE_8 Operation=58 PlotIndex=1991
mission CityName=LOC_CITY_NAME_MONTREAL CompletionTurn=141 EscapeResult=-1 InitialResult=1 LevelAfter=2 LootInfo=-1 Name=LOC_CITIZEN_MAYA_MODERN_MALE_4 Operation=58 PlotIndex=1314
mission CityName=LOC_CITY_NAME_MONTREAL CompletionTurn=140 EscapeResult=-1 InitialResult=5 LevelAfter=2 LootInfo=-1 Name=LOC_CITIZEN_MAYA_MODERN_MALE_4 Operation=58 PlotIndex=1314
mission CityName=LOC_CITY_NAME_QUEBEC_CITY CompletionTurn=140 EscapeResult=2 InitialResult=4 LevelAfter=3 LootInfo=-1 Name=LOC_CITIZEN_MAYA_FEMALE_6 Operation=58 PlotIndex=1404
mission CityName=LOC_CITY_NAME_OTTAWA CompletionTurn=139 EscapeResult=-1 InitialResult=5 LevelAfter=4 LootInfo=-1 Name=LOC_CITIZEN_MAYA_MODERN_MALE_1 Operation=58 PlotIndex=978
mission CityName=LOC_CITY_NAME_VICTORIA CompletionTurn=138 EscapeResult=1 InitialResult=4 LevelAfter=2 LootInfo=-1 Name=LOC_CITIZEN_MAYA_MALE_2 Operation=58 PlotIndex=888
mission CityName=LOC_CITY_NAME_TORONTO CompletionTurn=137 EscapeResult=-1 InitialResult=5 LevelAfter=2 LootInfo=-1 Name=LOC_CITIZEN_MAYA_MODERN_FEMALE_4 Operation=58 PlotIndex=1818
mission CityName=LOC_CITY_NAME_QUEBEC_CITY CompletionTurn=136 EscapeResult=-1 InitialResult=1 LevelAfter=2 LootInfo=-1 Name=LOC_CITIZEN_MAYA_MODERN_MALE_9 Operation=58 PlotIndex=1404
mission CityName=LOC_CITY_NAME_HALIFAX CompletionTurn=135 EscapeResult=-1 InitialResult=5 LevelAfter=2 LootInfo=-1 Name=LOC_CITIZEN_MAYA_MODERN_FEMALE_8 Operation=58 PlotIndex=1409
mission CityName=LOC_CITY_NAME_OTTAWA CompletionTurn=135 EscapeResult=-1 InitialResult=5 LevelAfter=4 LootInfo=-1 Name=LOC_CITIZEN_MAYA_MODERN_MALE_1 Operation=58 PlotIndex=978
mission CityName=LOC_CITY_NAME_CALGARY CompletionTurn=133 EscapeResult=2 InitialResult=4 LevelAfter=3 LootInfo=-1 Name=LOC_CITIZEN_MAYA_MALE_8 Operation=58 PlotIndex=1991
mission CityName=LOC_CITY_NAME_MONTREAL CompletionTurn=132 EscapeResult=0 InitialResult=2 LevelAfter=1 LootInfo=-1 Name=LOC_CITIZEN_MAYA_MALE_5 Operation=58 PlotIndex=1314
mission CityName=LOC_CITY_NAME_QUEBEC_CITY CompletionTurn=131 EscapeResult=-1 InitialResult=5 LevelAfter=2 LootInfo=-1 Name=LOC_CITIZEN_MAYA_MODERN_MALE_9 Operation=58 PlotIndex=1404
mission CityName=LOC_CITY_NAME_OTTAWA CompletionTurn=130 EscapeResult=-1 InitialResult=5 LevelAfter=4 LootInfo=-1 Name=LOC_CITIZEN_MAYA_MODERN_MALE_1 Operation=58 PlotIndex=978
mission CityName=LOC_CITY_NAME_CALGARY CompletionTurn=129 EscapeResult=-1 InitialResult=3 LevelAfter=2 LootInfo=-1 Name=LOC_CITIZEN_MAYA_MALE_8 Operation=58 PlotIndex=1991
mission CityName=LOC_CITY_NAME_TORONTO CompletionTurn=129 EscapeResult=2 InitialResult=4 LevelAfter=3 LootInfo=-1 Name=LOC_CITIZEN_MAYA_MODERN_FEMALE_6 Operation=58 PlotIndex=1818
mission CityName=LOC_CITY_NAME_MONTREAL CompletionTurn=127 EscapeResult=2 InitialResult=2 LevelAfter=1 LootInfo=-1 Name=LOC_CITIZEN_MAYA_MALE_2 Operation=58 PlotIndex=1314
mission CityName=LOC_CITY_NAME_OTTAWA CompletionTurn=124 EscapeResult=-1 InitialResult=5 LevelAfter=4 LootInfo=-1 Name=LOC_CITIZEN_MAYA_MODERN_MALE_1 Operation=58 PlotIndex=978
mission CityName=LOC_CITY_NAME_CALGARY CompletionTurn=123 EscapeResult=-1 InitialResult=5 LevelAfter=2 LootInfo=-1 Name=LOC_CITIZEN_MAYA_MALE_8 Operation=58 PlotIndex=1991
mission CityName=LOC_CITY_NAME_HALIFAX CompletionTurn=121 EscapeResult=2 InitialResult=4 LevelAfter=2 LootInfo=-1 Name=LOC_CITIZEN_MAYA_FEMALE_6 Operation=58 PlotIndex=1409
mission CityName=LOC_CITY_NAME_OTTAWA CompletionTurn=120 EscapeResult=-1 InitialResult=3 LevelAfter=3 LootInfo=-1 Name=LOC_CITIZEN_MAYA_MODERN_MALE_1 Operation=58 PlotIndex=978
mission CityName=LOC_CITY_NAME_MONTREAL CompletionTurn=120 EscapeResult=-1 InitialResult=0 LevelAfter=2 LootInfo=-1 Name=LOC_CITIZEN_MAYA_FEMALE_7 Operation=58 PlotIndex=1314
mission CityName=LOC_CITY_NAME_QUEBEC_CITY CompletionTurn=118 EscapeResult=1 InitialResult=2 LevelAfter=1 LootInfo=-1 Name=LOC_CITIZEN_MAYA_MODERN_FEMALE_1 Operation=58 PlotIndex=1404
mission CityName=LOC_CITY_NAME_TORONTO CompletionTurn=118 EscapeResult=2 InitialResult=4 LevelAfter=2 LootInfo=-1 Name=LOC_CITIZEN_MAYA_MODERN_FEMALE_6 Operation=58 PlotIndex=1818
mission CityName=LOC_CITY_NAME_TORONTO CompletionTurn=114 EscapeResult=-1 InitialResult=1 LevelAfter=1 LootInfo=-1 Name=LOC_CITIZEN_MAYA_FEMALE_3 Operation=58 PlotIndex=1818
mission CityName=LOC_CITY_NAME_MONTREAL CompletionTurn=114 EscapeResult=-1 InitialResult=5 LevelAfter=2 LootInfo=-1 Name=LOC_CITIZEN_MAYA_FEMALE_7 Operation=58 PlotIndex=1314
mission CityName=LOC_CITY_NAME_OTTAWA CompletionTurn=113 EscapeResult=-1 InitialResult=5 LevelAfter=3 LootInfo=-1 Name=LOC_CITIZEN_MAYA_MODERN_MALE_1 Operation=58 PlotIndex=978
mission CityName=LOC_CITY_NAME_MONTREAL CompletionTurn=110 EscapeResult=-1 InitialResult=1 LevelAfter=1 LootInfo=-1 Name=LOC_CITIZEN_MAYA_MODERN_FEMALE_7 Operation=58 PlotIndex=1314
mission CityName=LOC_CITY_NAME_OTTAWA CompletionTurn=107 EscapeResult=-1 InitialResult=5 LevelAfter=2 LootInfo=-1 Name=LOC_CITIZEN_MAYA_MODERN_MALE_1 Operation=58 PlotIndex=978
tally 5  FOMENT_UNREST CAPTURED / NO_RESULT
tally 1  FOMENT_UNREST FAIL_MUST_ESCAPE / CAPTURED
tally 5  FOMENT_UNREST FAIL_MUST_ESCAPE / FAIL_MUST_ESCAPE
tally 6  FOMENT_UNREST FAIL_MUST_ESCAPE / KILLED
tally 6  FOMENT_UNREST FAIL_UNDETECTED / NO_RESULT
tally 1  FOMENT_UNREST KILLED / NO_RESULT
tally 1  FOMENT_UNREST SUCCESS_MUST_ESCAPE / CAPTURED
tally 12  FOMENT_UNREST SUCCESS_MUST_ESCAPE / FAIL_MUST_ESCAPE
tally 4  FOMENT_UNREST SUCCESS_MUST_ESCAPE / KILLED
tally 1  FOMENT_UNREST SUCCESS_MUST_ESCAPE / NO_RESULT
tally 31  FOMENT_UNREST SUCCESS_UNDETECTED / NO_RESULT
turn 180 spies active 5 idle 0 missions 73 captured-enemy 0
spy 7405581 LOC_CITIZEN_MAYA_MODERN_MALE_1 level 4 at 65:16 busy
spy 9306140 LOC_CITIZEN_MAYA_MALE_3 level 1 at 54:11 busy
spy 8192030 LOC_CITIZEN_MAYA_MODERN_FEMALE_2 level 3 at 54:21 busy
spy 9109539 LOC_CITIZEN_MAYA_MALE_8 level 4 at 48:10 busy
spy 9502756 LOC_CITIZEN_MAYA_MALE_4 level 1 at 63:20 busy
turn 180 spies 5 started 0 travelled 0 promoted 0 bought 1 gold 50000
unblock: blocker ENDTURN_BLOCKING_SPY_CHOOSE_ESCAPE_ROUTE -> escape route DISTRICT_CITY_CENTER of 3 for spy 8192030 LOC_CITIZEN_MAYA_MODERN_FEMALE_2 level 3 turn 180 city LOC_CITY_NAME_TORONTO p1 at 54:21 pursuer police | end turn requested
unstuck: closed sessions [4:4]
unstuck: InGamePopup: open, no close
unstuck: EraCompletePopup: closed
unblock: blocker ENDTURN_BLOCKING_RESEARCH -> research TECH_STIRRUPS | end turn requested
unstuck: InGamePopup: open, no close
unblock: blocker ENDTURN_BLOCKING_PRODUCTION -> NARANJO builds UNIT_WARRIOR | end turn requested
unstuck: closed sessions [4:4]
unstuck: DiplomacyActionView: Closing Diplomacy Action View. m_eventID: 3178372
unstuck: InGamePopup: open, no close
unblock: blocker ENDTURN_BLOCKING_WORLD_CONGRESS_SESSION -> nothing | end turn requested
unstuck: InGamePopup: open, no close
unstuck: WorldCongressIntro: closed
unstuck: WorldCongressPopup: closed
mission CityName=LOC_CITY_NAME_HALIFAX CompletionTurn=181 EscapeResult=-1 InitialResult=5 LevelAfter=4 LootInfo=-1 Name=LOC_CITIZEN_MAYA_MODERN_MALE_1 Operation=58 PlotIndex=1409
mission CityName=LOC_CITY_NAME_OTTAWA CompletionTurn=180 EscapeResult=-1 InitialResult=3 LevelAfter=1 LootInfo=-1 Name=LOC_CITIZEN_MAYA_MALE_3 Operation=58 PlotIndex=978
mission CityName=LOC_CITY_NAME_VICTORIA CompletionTurn=179 EscapeResult=-1 InitialResult=5 LevelAfter=4 LootInfo=-1 Name=LOC_CITIZEN_MAYA_MALE_8 Operation=58 PlotIndex=888
mission CityName=LOC_CITY_NAME_TORONTO CompletionTurn=179 EscapeResult=2 InitialResult=4 LevelAfter=3 LootInfo=-1 Name=LOC_CITIZEN_MAYA_MODERN_FEMALE_2 Operation=58 PlotIndex=1818
mission CityName=LOC_CITY_NAME_QUEBEC_CITY CompletionTurn=179 EscapeResult=2 InitialResult=4 LevelAfter=4 LootInfo=-1 Name=LOC_CITIZEN_MAYA_MODERN_FEMALE_4 Operation=58 PlotIndex=1404
mission CityName=LOC_CITY_NAME_MONTREAL CompletionTurn=178 EscapeResult=0 InitialResult=4 LevelAfter=4 LootInfo=-1 Name=LOC_CITIZEN_MAYA_MALE_7 Operation=58 PlotIndex=1314
mission CityName=LOC_CITY_NAME_HALIFAX CompletionTurn=177 EscapeResult=-1 InitialResult=5 LevelAfter=4 LootInfo=-1 Name=LOC_CITIZEN_MAYA_MODERN_MALE_1 Operation=58 PlotIndex=1409
mission CityName=LOC_CITY_NAME_CALGARY CompletionTurn=176 EscapeResult=2 InitialResult=4 LevelAfter=4 LootInfo=-1 Name=LOC_CITIZEN_MAYA_MODERN_MALE_6 Operation=58 PlotIndex=1991
mission CityName=LOC_CITY_NAME_TORONTO CompletionTurn=173 EscapeResult=-1 InitialResult=5 LevelAfter=2 LootInfo=-1 Name=LOC_CITIZEN_MAYA_MODERN_FEMALE_2 Operation=58 PlotIndex=1818
mission CityName=LOC_CITY_NAME_MONTREAL CompletionTurn=173 EscapeResult=0 InitialResult=4 LevelAfter=3 LootInfo=-1 Name=LOC_CITIZEN_MAYA_MODERN_FEMALE_3 Operation=58 PlotIndex=1314
mission CityName=LOC_CITY_NAME_HALIFAX CompletionTurn=173 EscapeResult=-1 InitialResult=5 LevelAfter=4 LootInfo=-1 Name=LOC_CITIZEN_MAYA_MODERN_MALE_1 Operation=58 PlotIndex=1409
mission CityName=LOC_CITY_NAME_CALGARY CompletionTurn=173 EscapeResult=-1 InitialResult=3 LevelAfter=4 LootInfo=-1 Name=LOC_CITIZEN_MAYA_MODERN_MALE_6 Operation=58 PlotIndex=1991
mission CityName=LOC_CITY_NAME_QUEBEC_CITY CompletionTurn=172 EscapeResult=0 InitialResult=2 LevelAfter=1 LootInfo=-1 Name=LOC_CITIZEN_MAYA_MODERN_FEMALE_5 Operation=58 PlotIndex=1404
mission CityName=LOC_CITY_NAME_OTTAWA CompletionTurn=172 EscapeResult=0 InitialResult=4 LevelAfter=4 LootInfo=-1 Name=LOC_CITIZEN_MAYA_FEMALE_1 Operation=58 PlotIndex=978
mission CityName=LOC_CITY_NAME_HALIFAX CompletionTurn=169 EscapeResult=-1 InitialResult=5 LevelAfter=4 LootInfo=-1 Name=LOC_CITIZEN_MAYA_MODERN_MALE_1 Operation=58 PlotIndex=1409
mission CityName=LOC_CITY_NAME_TORONTO CompletionTurn=168 EscapeResult=2 InitialResult=4 LevelAfter=4 LootInfo=-1 Name=LOC_CITIZEN_MAYA_MODERN_MALE_6 Operation=58 PlotIndex=1818
mission CityName=LOC_CITY_NAME_MONTREAL CompletionTurn=168 EscapeResult=2 InitialResult=4 LevelAfter=4 LootInfo=-1 Name=LOC_CITIZEN_MAYA_MALE_8 Operation=58 PlotIndex=1314
mission CityName=LOC_CITY_NAME_OTTAWA CompletionTurn=167 EscapeResult=-1 InitialResult=5 LevelAfter=4 LootInfo=-1 Name=LOC_CITIZEN_MAYA_FEMALE_1 Operation=58 PlotIndex=978
mission CityName=LOC_CITY_NAME_MONTREAL CompletionTurn=165 EscapeResult=-1 InitialResult=5 LevelAfter=3 LootInfo=-1 Name=LOC_CITIZEN_MAYA_MALE_7 Operation=58 PlotIndex=1314
mission CityName=LOC_CITY_NAME_HALIFAX CompletionTurn=165 EscapeResult=-1 InitialResult=5 LevelAfter=4 LootInfo=-1 Name=LOC_CITIZEN_MAYA_MODERN_MALE_1 Operation=58 PlotIndex=1409
mission CityName=LOC_CITY_NAME_MONTREAL CompletionTurn=164 EscapeResult=-1 InitialResult=5 LevelAfter=2 LootInfo=-1 Name=LOC_CITIZEN_MAYA_MALE_7 Operation=58 PlotIndex=1314
mission CityName=LOC_CITY_NAME_OTTAWA CompletionTurn=162 EscapeResult=-1 InitialResult=5 LevelAfter=3 LootInfo=-1 Name=LOC_CITIZEN_MAYA_FEMALE_1 Operation=58 PlotIndex=978
mission CityName=LOC_CITY_NAME_VANCOUVER CompletionTurn=162 EscapeResult=0 InitialResult=2 LevelAfter=1 LootInfo=-1 Name=LOC_CITIZEN_MAYA_FEMALE_8 Operation=58 PlotIndex=1743
mission CityName=LOC_CITY_NAME_CHARLOTTETOWN CompletionTurn=161 EscapeResult=0 InitialResult=2 LevelAfter=1 LootInfo=-1 Name=LOC_CITIZEN_MAYA_MALE_6 Operation=58 PlotIndex=1644
mission CityName=LOC_CITY_NAME_HALIFAX CompletionTurn=161 EscapeResult=-1 InitialResult=5 LevelAfter=4 LootInfo=-1 Name=LOC_CITIZEN_MAYA_MODERN_MALE_1 Operation=58 PlotIndex=1409
mission CityName=LOC_CITY_NAME_TE_HOKIANGA_NU_A_KUPE CompletionTurn=160 EscapeResult=2 InitialResult=2 LevelAfter=3 LootInfo=-1 Name=LOC_CITIZEN_MAYA_MODERN_FEMALE_4 Operation=58 PlotIndex=772
mission CityName=LOC_CITY_NAME_TORONTO CompletionTurn=160 EscapeResult=2 InitialResult=4 LevelAfter=3 LootInfo=-1 Name=LOC_CITIZEN_MAYA_MODERN_MALE_6 Operation=58 PlotIndex=1818
mission CityName=LOC_CITY_NAME_OTTAWA CompletionTurn=158 EscapeResult=-1 InitialResult=5 LevelAfter=2 LootInfo=-1 Name=LOC_CITIZEN_MAYA_FEMALE_1 Operation=58 PlotIndex=978
mission CityName=LOC_CITY_NAME_QUEBEC_CITY CompletionTurn=158 EscapeResult=-1 InitialResult=1 LevelAfter=2 LootInfo=-1 Name=LOC_CITIZEN_MAYA_FEMALE_4 Operation=58 PlotIndex=1404
mission CityName=LOC_CITY_NAME_VANCOUVER CompletionTurn=158 EscapeResult=-1 InitialResult=3 LevelAfter=1 LootInfo=-1 Name=LOC_CITIZEN_MAYA_FEMALE_8 Operation=58 PlotIndex=1743
mission CityName=LOC_CITY_NAME_TE_HOKIANGA_NU_A_KUPE CompletionTurn=154 EscapeResult=-1 InitialResult=5 LevelAfter=3 LootInfo=-1 Name=LOC_CITIZEN_MAYA_MODERN_FEMALE_4 Operation=58 PlotIndex=772
mission CityName=LOC_CITY_NAME_CALGARY CompletionTurn=154 EscapeResult=2 InitialResult=4 LevelAfter=4 LootInfo=-1 Name=LOC_CITIZEN_MAYA_MALE_8 Operation=58 PlotIndex=1991
mission CityName=LOC_CITY_NAME_TORONTO CompletionTurn=154 EscapeResult=-1 InitialResult=5 LevelAfter=2 LootInfo=-1 Name=LOC_CITIZEN_MAYA_MODERN_MALE_6 Operation=58 PlotIndex=1818
mission CityName=LOC_CITY_NAME_MONTREAL CompletionTurn=152 EscapeResult=2 InitialResult=2 LevelAfter=2 LootInfo=-1 Name=LOC_CITIZEN_MAYA_MODERN_FEMALE_3 Operation=58 PlotIndex=1314
mission CityName=LOC_CITY_NAME_VANCOUVER CompletionTurn=152 EscapeResult=-1 InitialResult=3 LevelAfter=1 LootInfo=-1 Name=LOC_CITIZEN_MAYA_FEMALE_8 Operation=58 PlotIndex=1743
mission CityName=LOC_CITY_NAME_VICTORIA CompletionTurn=152 EscapeResult=0 InitialResult=4 LevelAfter=4 LootInfo=-1 Name=LOC_CITIZEN_MAYA_FEMALE_6 Operation=58 PlotIndex=888
mission CityName=LOC_CITY_NAME_QUEBEC_CITY CompletionTurn=149 EscapeResult=-1 InitialResult=5 LevelAfter=2 LootInfo=-1 Name=LOC_CITIZEN_MAYA_FEMALE_4 Operation=58 PlotIndex=1404
mission CityName=LOC_CITY_NAME_HALIFAX CompletionTurn=149 EscapeResult=0 InitialResult=2 LevelAfter=3 LootInfo=-1 Name=LOC_CITIZEN_MAYA_MODERN_FEMALE_8 Operation=58 PlotIndex=1409
mission CityName=LOC_CITY_NAME_CALGARY CompletionTurn=149 EscapeResult=-1 InitialResult=5 LevelAfter=4 LootInfo=-1 Name=LOC_CITIZEN_MAYA_MALE_8 Operation=58 PlotIndex=1991
mission CityName=LOC_CITY_NAME_OTTAWA CompletionTurn=147 EscapeResult=2 InitialResult=4 LevelAfter=4 LootInfo=-1 Name=LOC_CITIZEN_MAYA_MODERN_MALE_1 Operation=58 PlotIndex=978
mission CityName=LOC_CITY_NAME_VANCOUVER CompletionTurn=145 EscapeResult=2 InitialResult=2 LevelAfter=1 LootInfo=-1 Name=LOC_CITIZEN_MAYA_FEMALE_1 Operation=58 PlotIndex=1743
mission CityName=LOC_CITY_NAME_MONTREAL CompletionTurn=144 EscapeResult=-1 InitialResult=5 LevelAfter=2 LootInfo=-1 Name=LOC_CITIZEN_MAYA_MODERN_FEMALE_3 Operation=58 PlotIndex=1314
mission CityName=LOC_CITY_NAME_TORONTO CompletionTurn=144 EscapeResult=2 InitialResult=2 LevelAfter=2 LootInfo=-1 Name=LOC_CITIZEN_MAYA_MODERN_FEMALE_4 Operation=58 PlotIndex=1818
mission CityName=LOC_CITY_NAME_VICTORIA CompletionTurn=143 EscapeResult=0 InitialResult=2 LevelAfter=3 LootInfo=-1 Name=LOC_CITIZEN_MAYA_MODERN_FEMALE_6 Operation=58 PlotIndex=888
mission CityName=LOC_CITY_NAME_OTTAWA CompletionTurn=143 EscapeResult=-1 InitialResult=3 LevelAfter=4 LootInfo=-1 Name=LOC_CITIZEN_MAYA_MODERN_MALE_1 Operation=58 PlotIndex=978
mission CityName=LOC_CITY_NAME_HALIFAX CompletionTurn=142 EscapeResult=-1 InitialResult=5 LevelAfter=3 LootInfo=-1 Name=LOC_CITIZEN_MAYA_MODERN_FEMALE_8 Operation=58 PlotIndex=1409
mission CityName=LOC_CITY_NAME_CALGARY CompletionTurn=142 EscapeResult=-1 InitialResult=5 LevelAfter=4 LootInfo=-1 Name=LOC_CITIZEN_MAYA_MALE_8 Operation=58 PlotIndex=1991
mission CityName=LOC_CITY_NAME_MONTREAL CompletionTurn=141 EscapeResult=-1 InitialResult=1 LevelAfter=2 LootInfo=-1 Name=LOC_CITIZEN_MAYA_MODERN_MALE_4 Operation=58 PlotIndex=1314
mission CityName=LOC_CITY_NAME_MONTREAL CompletionTurn=140 EscapeResult=-1 InitialResult=5 LevelAfter=2 LootInfo=-1 Name=LOC_CITIZEN_MAYA_MODERN_MALE_4 Operation=58 PlotIndex=1314
mission CityName=LOC_CITY_NAME_QUEBEC_CITY CompletionTurn=140 EscapeResult=2 InitialResult=4 LevelAfter=3 LootInfo=-1 Name=LOC_CITIZEN_MAYA_FEMALE_6 Operation=58 PlotIndex=1404
mission CityName=LOC_CITY_NAME_OTTAWA CompletionTurn=139 EscapeResult=-1 InitialResult=5 LevelAfter=4 LootInfo=-1 Name=LOC_CITIZEN_MAYA_MODERN_MALE_1 Operation=58 PlotIndex=978
mission CityName=LOC_CITY_NAME_VICTORIA CompletionTurn=138 EscapeResult=1 InitialResult=4 LevelAfter=2 LootInfo=-1 Name=LOC_CITIZEN_MAYA_MALE_2 Operation=58 PlotIndex=888
mission CityName=LOC_CITY_NAME_TORONTO CompletionTurn=137 EscapeResult=-1 InitialResult=5 LevelAfter=2 LootInfo=-1 Name=LOC_CITIZEN_MAYA_MODERN_FEMALE_4 Operation=58 PlotIndex=1818
mission CityName=LOC_CITY_NAME_QUEBEC_CITY CompletionTurn=136 EscapeResult=-1 InitialResult=1 LevelAfter=2 LootInfo=-1 Name=LOC_CITIZEN_MAYA_MODERN_MALE_9 Operation=58 PlotIndex=1404
mission CityName=LOC_CITY_NAME_HALIFAX CompletionTurn=135 EscapeResult=-1 InitialResult=5 LevelAfter=2 LootInfo=-1 Name=LOC_CITIZEN_MAYA_MODERN_FEMALE_8 Operation=58 PlotIndex=1409
mission CityName=LOC_CITY_NAME_OTTAWA CompletionTurn=135 EscapeResult=-1 InitialResult=5 LevelAfter=4 LootInfo=-1 Name=LOC_CITIZEN_MAYA_MODERN_MALE_1 Operation=58 PlotIndex=978
mission CityName=LOC_CITY_NAME_CALGARY CompletionTurn=133 EscapeResult=2 InitialResult=4 LevelAfter=3 LootInfo=-1 Name=LOC_CITIZEN_MAYA_MALE_8 Operation=58 PlotIndex=1991
mission CityName=LOC_CITY_NAME_MONTREAL CompletionTurn=132 EscapeResult=0 InitialResult=2 LevelAfter=1 LootInfo=-1 Name=LOC_CITIZEN_MAYA_MALE_5 Operation=58 PlotIndex=1314
mission CityName=LOC_CITY_NAME_QUEBEC_CITY CompletionTurn=131 EscapeResult=-1 InitialResult=5 LevelAfter=2 LootInfo=-1 Name=LOC_CITIZEN_MAYA_MODERN_MALE_9 Operation=58 PlotIndex=1404
mission CityName=LOC_CITY_NAME_OTTAWA CompletionTurn=130 EscapeResult=-1 InitialResult=5 LevelAfter=4 LootInfo=-1 Name=LOC_CITIZEN_MAYA_MODERN_MALE_1 Operation=58 PlotIndex=978
mission CityName=LOC_CITY_NAME_CALGARY CompletionTurn=129 EscapeResult=-1 InitialResult=3 LevelAfter=2 LootInfo=-1 Name=LOC_CITIZEN_MAYA_MALE_8 Operation=58 PlotIndex=1991
mission CityName=LOC_CITY_NAME_TORONTO CompletionTurn=129 EscapeResult=2 InitialResult=4 LevelAfter=3 LootInfo=-1 Name=LOC_CITIZEN_MAYA_MODERN_FEMALE_6 Operation=58 PlotIndex=1818
mission CityName=LOC_CITY_NAME_MONTREAL CompletionTurn=127 EscapeResult=2 InitialResult=2 LevelAfter=1 LootInfo=-1 Name=LOC_CITIZEN_MAYA_MALE_2 Operation=58 PlotIndex=1314
mission CityName=LOC_CITY_NAME_OTTAWA CompletionTurn=124 EscapeResult=-1 InitialResult=5 LevelAfter=4 LootInfo=-1 Name=LOC_CITIZEN_MAYA_MODERN_MALE_1 Operation=58 PlotIndex=978
mission CityName=LOC_CITY_NAME_CALGARY CompletionTurn=123 EscapeResult=-1 InitialResult=5 LevelAfter=2 LootInfo=-1 Name=LOC_CITIZEN_MAYA_MALE_8 Operation=58 PlotIndex=1991
mission CityName=LOC_CITY_NAME_HALIFAX CompletionTurn=121 EscapeResult=2 InitialResult=4 LevelAfter=2 LootInfo=-1 Name=LOC_CITIZEN_MAYA_FEMALE_6 Operation=58 PlotIndex=1409
mission CityName=LOC_CITY_NAME_OTTAWA CompletionTurn=120 EscapeResult=-1 InitialResult=3 LevelAfter=3 LootInfo=-1 Name=LOC_CITIZEN_MAYA_MODERN_MALE_1 Operation=58 PlotIndex=978
mission CityName=LOC_CITY_NAME_MONTREAL CompletionTurn=120 EscapeResult=-1 InitialResult=0 LevelAfter=2 LootInfo=-1 Name=LOC_CITIZEN_MAYA_FEMALE_7 Operation=58 PlotIndex=1314
mission CityName=LOC_CITY_NAME_QUEBEC_CITY CompletionTurn=118 EscapeResult=1 InitialResult=2 LevelAfter=1 LootInfo=-1 Name=LOC_CITIZEN_MAYA_MODERN_FEMALE_1 Operation=58 PlotIndex=1404
mission CityName=LOC_CITY_NAME_TORONTO CompletionTurn=118 EscapeResult=2 InitialResult=4 LevelAfter=2 LootInfo=-1 Name=LOC_CITIZEN_MAYA_MODERN_FEMALE_6 Operation=58 PlotIndex=1818
mission CityName=LOC_CITY_NAME_TORONTO CompletionTurn=114 EscapeResult=-1 InitialResult=1 LevelAfter=1 LootInfo=-1 Name=LOC_CITIZEN_MAYA_FEMALE_3 Operation=58 PlotIndex=1818
mission CityName=LOC_CITY_NAME_MONTREAL CompletionTurn=114 EscapeResult=-1 InitialResult=5 LevelAfter=2 LootInfo=-1 Name=LOC_CITIZEN_MAYA_FEMALE_7 Operation=58 PlotIndex=1314
mission CityName=LOC_CITY_NAME_OTTAWA CompletionTurn=113 EscapeResult=-1 InitialResult=5 LevelAfter=3 LootInfo=-1 Name=LOC_CITIZEN_MAYA_MODERN_MALE_1 Operation=58 PlotIndex=978
mission CityName=LOC_CITY_NAME_MONTREAL CompletionTurn=110 EscapeResult=-1 InitialResult=1 LevelAfter=1 LootInfo=-1 Name=LOC_CITIZEN_MAYA_MODERN_FEMALE_7 Operation=58 PlotIndex=1314
mission CityName=LOC_CITY_NAME_OTTAWA CompletionTurn=107 EscapeResult=-1 InitialResult=5 LevelAfter=2 LootInfo=-1 Name=LOC_CITIZEN_MAYA_MODERN_MALE_1 Operation=58 PlotIndex=978
tally 5  FOMENT_UNREST CAPTURED / NO_RESULT
tally 1  FOMENT_UNREST FAIL_MUST_ESCAPE / CAPTURED
tally 5  FOMENT_UNREST FAIL_MUST_ESCAPE / FAIL_MUST_ESCAPE
tally 6  FOMENT_UNREST FAIL_MUST_ESCAPE / KILLED
tally 7  FOMENT_UNREST FAIL_UNDETECTED / NO_RESULT
tally 1  FOMENT_UNREST KILLED / NO_RESULT
tally 1  FOMENT_UNREST SUCCESS_MUST_ESCAPE / CAPTURED
tally 13  FOMENT_UNREST SUCCESS_MUST_ESCAPE / FAIL_MUST_ESCAPE
tally 4  FOMENT_UNREST SUCCESS_MUST_ESCAPE / KILLED
tally 32  FOMENT_UNREST SUCCESS_UNDETECTED / NO_RESULT
turn 181 spies active 2 idle 5 missions 75 captured-enemy 0
spy 7405581 LOC_CITIZEN_MAYA_MODERN_MALE_1 level 4 at 65:16 start
spy 9699353 LOC_CITIZEN_MAYA_MODERN_MALE_6 level 4 at 36:42 travel
spy 9633819 LOC_CITIZEN_MAYA_MODERN_FEMALE_9 level 1 at 36:42 travel
spy 9306140 LOC_CITIZEN_MAYA_MALE_3 level 1 at 54:11 start
spy 9764894 LOC_CITIZEN_MAYA_MALE_1 level 1 at 59:23 start
spy 9109539 LOC_CITIZEN_MAYA_MALE_8 level 4 at 48:10 busy
spy 9502756 LOC_CITIZEN_MAYA_MALE_4 level 1 at 63:20 busy
turn 181 spies 7 started 3 travelled 2 promoted 0 bought 0 gold 50000
unblock: blocker ENDTURN_BLOCKING_PRODUCTION -> NARANJO builds UNIT_WARRIOR | end turn requested
unstuck: InGamePopup: open, no close
unblock: blocker ENDTURN_BLOCKING_FILL_CIVIC_SLOT -> nothing | end turn requested
unstuck: closed sessions [3:3]
unstuck: DiplomacyActionView: Closing Diplomacy Action View. m_eventID: 3188460
unstuck: InGamePopup: open, no close
unblock: blocker ENDTURN_BLOCKING_WORLD_CONGRESS_SESSION -> nothing | end turn requested
unstuck: InGamePopup: open, no close
unstuck: WorldCongressIntro: closed
unstuck: WorldCongressPopup: closed
mission CityName=LOC_CITY_NAME_HALIFAX CompletionTurn=181 EscapeResult=-1 InitialResult=5 LevelAfter=4 LootInfo=-1 Name=LOC_CITIZEN_MAYA_MODERN_MALE_1 Operation=58 PlotIndex=1409
mission CityName=LOC_CITY_NAME_OTTAWA CompletionTurn=180 EscapeResult=-1 InitialResult=3 LevelAfter=1 LootInfo=-1 Name=LOC_CITIZEN_MAYA_MALE_3 Operation=58 PlotIndex=978
mission CityName=LOC_CITY_NAME_VICTORIA CompletionTurn=179 EscapeResult=-1 InitialResult=5 LevelAfter=4 LootInfo=-1 Name=LOC_CITIZEN_MAYA_MALE_8 Operation=58 PlotIndex=888
mission CityName=LOC_CITY_NAME_TORONTO CompletionTurn=179 EscapeResult=2 InitialResult=4 LevelAfter=3 LootInfo=-1 Name=LOC_CITIZEN_MAYA_MODERN_FEMALE_2 Operation=58 PlotIndex=1818
mission CityName=LOC_CITY_NAME_QUEBEC_CITY CompletionTurn=179 EscapeResult=2 InitialResult=4 LevelAfter=4 LootInfo=-1 Name=LOC_CITIZEN_MAYA_MODERN_FEMALE_4 Operation=58 PlotIndex=1404
mission CityName=LOC_CITY_NAME_MONTREAL CompletionTurn=178 EscapeResult=0 InitialResult=4 LevelAfter=4 LootInfo=-1 Name=LOC_CITIZEN_MAYA_MALE_7 Operation=58 PlotIndex=1314
mission CityName=LOC_CITY_NAME_HALIFAX CompletionTurn=177 EscapeResult=-1 InitialResult=5 LevelAfter=4 LootInfo=-1 Name=LOC_CITIZEN_MAYA_MODERN_MALE_1 Operation=58 PlotIndex=1409
mission CityName=LOC_CITY_NAME_CALGARY CompletionTurn=176 EscapeResult=2 InitialResult=4 LevelAfter=4 LootInfo=-1 Name=LOC_CITIZEN_MAYA_MODERN_MALE_6 Operation=58 PlotIndex=1991
mission CityName=LOC_CITY_NAME_TORONTO CompletionTurn=173 EscapeResult=-1 InitialResult=5 LevelAfter=2 LootInfo=-1 Name=LOC_CITIZEN_MAYA_MODERN_FEMALE_2 Operation=58 PlotIndex=1818
mission CityName=LOC_CITY_NAME_MONTREAL CompletionTurn=173 EscapeResult=0 InitialResult=4 LevelAfter=3 LootInfo=-1 Name=LOC_CITIZEN_MAYA_MODERN_FEMALE_3 Operation=58 PlotIndex=1314
mission CityName=LOC_CITY_NAME_HALIFAX CompletionTurn=173 EscapeResult=-1 InitialResult=5 LevelAfter=4 LootInfo=-1 Name=LOC_CITIZEN_MAYA_MODERN_MALE_1 Operation=58 PlotIndex=1409
mission CityName=LOC_CITY_NAME_CALGARY CompletionTurn=173 EscapeResult=-1 InitialResult=3 LevelAfter=4 LootInfo=-1 Name=LOC_CITIZEN_MAYA_MODERN_MALE_6 Operation=58 PlotIndex=1991
mission CityName=LOC_CITY_NAME_QUEBEC_CITY CompletionTurn=172 EscapeResult=0 InitialResult=2 LevelAfter=1 LootInfo=-1 Name=LOC_CITIZEN_MAYA_MODERN_FEMALE_5 Operation=58 PlotIndex=1404
mission CityName=LOC_CITY_NAME_OTTAWA CompletionTurn=172 EscapeResult=0 InitialResult=4 LevelAfter=4 LootInfo=-1 Name=LOC_CITIZEN_MAYA_FEMALE_1 Operation=58 PlotIndex=978
mission CityName=LOC_CITY_NAME_HALIFAX CompletionTurn=169 EscapeResult=-1 InitialResult=5 LevelAfter=4 LootInfo=-1 Name=LOC_CITIZEN_MAYA_MODERN_MALE_1 Operation=58 PlotIndex=1409
mission CityName=LOC_CITY_NAME_TORONTO CompletionTurn=168 EscapeResult=2 InitialResult=4 LevelAfter=4 LootInfo=-1 Name=LOC_CITIZEN_MAYA_MODERN_MALE_6 Operation=58 PlotIndex=1818
mission CityName=LOC_CITY_NAME_MONTREAL CompletionTurn=168 EscapeResult=2 InitialResult=4 LevelAfter=4 LootInfo=-1 Name=LOC_CITIZEN_MAYA_MALE_8 Operation=58 PlotIndex=1314
mission CityName=LOC_CITY_NAME_OTTAWA CompletionTurn=167 EscapeResult=-1 InitialResult=5 LevelAfter=4 LootInfo=-1 Name=LOC_CITIZEN_MAYA_FEMALE_1 Operation=58 PlotIndex=978
mission CityName=LOC_CITY_NAME_MONTREAL CompletionTurn=165 EscapeResult=-1 InitialResult=5 LevelAfter=3 LootInfo=-1 Name=LOC_CITIZEN_MAYA_MALE_7 Operation=58 PlotIndex=1314
mission CityName=LOC_CITY_NAME_HALIFAX CompletionTurn=165 EscapeResult=-1 InitialResult=5 LevelAfter=4 LootInfo=-1 Name=LOC_CITIZEN_MAYA_MODERN_MALE_1 Operation=58 PlotIndex=1409
mission CityName=LOC_CITY_NAME_MONTREAL CompletionTurn=164 EscapeResult=-1 InitialResult=5 LevelAfter=2 LootInfo=-1 Name=LOC_CITIZEN_MAYA_MALE_7 Operation=58 PlotIndex=1314
mission CityName=LOC_CITY_NAME_OTTAWA CompletionTurn=162 EscapeResult=-1 InitialResult=5 LevelAfter=3 LootInfo=-1 Name=LOC_CITIZEN_MAYA_FEMALE_1 Operation=58 PlotIndex=978
mission CityName=LOC_CITY_NAME_VANCOUVER CompletionTurn=162 EscapeResult=0 InitialResult=2 LevelAfter=1 LootInfo=-1 Name=LOC_CITIZEN_MAYA_FEMALE_8 Operation=58 PlotIndex=1743
mission CityName=LOC_CITY_NAME_CHARLOTTETOWN CompletionTurn=161 EscapeResult=0 InitialResult=2 LevelAfter=1 LootInfo=-1 Name=LOC_CITIZEN_MAYA_MALE_6 Operation=58 PlotIndex=1644
mission CityName=LOC_CITY_NAME_HALIFAX CompletionTurn=161 EscapeResult=-1 InitialResult=5 LevelAfter=4 LootInfo=-1 Name=LOC_CITIZEN_MAYA_MODERN_MALE_1 Operation=58 PlotIndex=1409
mission CityName=LOC_CITY_NAME_TE_HOKIANGA_NU_A_KUPE CompletionTurn=160 EscapeResult=2 InitialResult=2 LevelAfter=3 LootInfo=-1 Name=LOC_CITIZEN_MAYA_MODERN_FEMALE_4 Operation=58 PlotIndex=772
mission CityName=LOC_CITY_NAME_TORONTO CompletionTurn=160 EscapeResult=2 InitialResult=4 LevelAfter=3 LootInfo=-1 Name=LOC_CITIZEN_MAYA_MODERN_MALE_6 Operation=58 PlotIndex=1818
mission CityName=LOC_CITY_NAME_OTTAWA CompletionTurn=158 EscapeResult=-1 InitialResult=5 LevelAfter=2 LootInfo=-1 Name=LOC_CITIZEN_MAYA_FEMALE_1 Operation=58 PlotIndex=978
mission CityName=LOC_CITY_NAME_QUEBEC_CITY CompletionTurn=158 EscapeResult=-1 InitialResult=1 LevelAfter=2 LootInfo=-1 Name=LOC_CITIZEN_MAYA_FEMALE_4 Operation=58 PlotIndex=1404
mission CityName=LOC_CITY_NAME_VANCOUVER CompletionTurn=158 EscapeResult=-1 InitialResult=3 LevelAfter=1 LootInfo=-1 Name=LOC_CITIZEN_MAYA_FEMALE_8 Operation=58 PlotIndex=1743
mission CityName=LOC_CITY_NAME_TE_HOKIANGA_NU_A_KUPE CompletionTurn=154 EscapeResult=-1 InitialResult=5 LevelAfter=3 LootInfo=-1 Name=LOC_CITIZEN_MAYA_MODERN_FEMALE_4 Operation=58 PlotIndex=772
mission CityName=LOC_CITY_NAME_CALGARY CompletionTurn=154 EscapeResult=2 InitialResult=4 LevelAfter=4 LootInfo=-1 Name=LOC_CITIZEN_MAYA_MALE_8 Operation=58 PlotIndex=1991
mission CityName=LOC_CITY_NAME_TORONTO CompletionTurn=154 EscapeResult=-1 InitialResult=5 LevelAfter=2 LootInfo=-1 Name=LOC_CITIZEN_MAYA_MODERN_MALE_6 Operation=58 PlotIndex=1818
mission CityName=LOC_CITY_NAME_MONTREAL CompletionTurn=152 EscapeResult=2 InitialResult=2 LevelAfter=2 LootInfo=-1 Name=LOC_CITIZEN_MAYA_MODERN_FEMALE_3 Operation=58 PlotIndex=1314
mission CityName=LOC_CITY_NAME_VANCOUVER CompletionTurn=152 EscapeResult=-1 InitialResult=3 LevelAfter=1 LootInfo=-1 Name=LOC_CITIZEN_MAYA_FEMALE_8 Operation=58 PlotIndex=1743
mission CityName=LOC_CITY_NAME_VICTORIA CompletionTurn=152 EscapeResult=0 InitialResult=4 LevelAfter=4 LootInfo=-1 Name=LOC_CITIZEN_MAYA_FEMALE_6 Operation=58 PlotIndex=888
mission CityName=LOC_CITY_NAME_QUEBEC_CITY CompletionTurn=149 EscapeResult=-1 InitialResult=5 LevelAfter=2 LootInfo=-1 Name=LOC_CITIZEN_MAYA_FEMALE_4 Operation=58 PlotIndex=1404
mission CityName=LOC_CITY_NAME_HALIFAX CompletionTurn=149 EscapeResult=0 InitialResult=2 LevelAfter=3 LootInfo=-1 Name=LOC_CITIZEN_MAYA_MODERN_FEMALE_8 Operation=58 PlotIndex=1409
mission CityName=LOC_CITY_NAME_CALGARY CompletionTurn=149 EscapeResult=-1 InitialResult=5 LevelAfter=4 LootInfo=-1 Name=LOC_CITIZEN_MAYA_MALE_8 Operation=58 PlotIndex=1991
mission CityName=LOC_CITY_NAME_OTTAWA CompletionTurn=147 EscapeResult=2 InitialResult=4 LevelAfter=4 LootInfo=-1 Name=LOC_CITIZEN_MAYA_MODERN_MALE_1 Operation=58 PlotIndex=978
mission CityName=LOC_CITY_NAME_VANCOUVER CompletionTurn=145 EscapeResult=2 InitialResult=2 LevelAfter=1 LootInfo=-1 Name=LOC_CITIZEN_MAYA_FEMALE_1 Operation=58 PlotIndex=1743
mission CityName=LOC_CITY_NAME_MONTREAL CompletionTurn=144 EscapeResult=-1 InitialResult=5 LevelAfter=2 LootInfo=-1 Name=LOC_CITIZEN_MAYA_MODERN_FEMALE_3 Operation=58 PlotIndex=1314
mission CityName=LOC_CITY_NAME_TORONTO CompletionTurn=144 EscapeResult=2 InitialResult=2 LevelAfter=2 LootInfo=-1 Name=LOC_CITIZEN_MAYA_MODERN_FEMALE_4 Operation=58 PlotIndex=1818
mission CityName=LOC_CITY_NAME_VICTORIA CompletionTurn=143 EscapeResult=0 InitialResult=2 LevelAfter=3 LootInfo=-1 Name=LOC_CITIZEN_MAYA_MODERN_FEMALE_6 Operation=58 PlotIndex=888
mission CityName=LOC_CITY_NAME_OTTAWA CompletionTurn=143 EscapeResult=-1 InitialResult=3 LevelAfter=4 LootInfo=-1 Name=LOC_CITIZEN_MAYA_MODERN_MALE_1 Operation=58 PlotIndex=978
mission CityName=LOC_CITY_NAME_HALIFAX CompletionTurn=142 EscapeResult=-1 InitialResult=5 LevelAfter=3 LootInfo=-1 Name=LOC_CITIZEN_MAYA_MODERN_FEMALE_8 Operation=58 PlotIndex=1409
mission CityName=LOC_CITY_NAME_CALGARY CompletionTurn=142 EscapeResult=-1 InitialResult=5 LevelAfter=4 LootInfo=-1 Name=LOC_CITIZEN_MAYA_MALE_8 Operation=58 PlotIndex=1991
mission CityName=LOC_CITY_NAME_MONTREAL CompletionTurn=141 EscapeResult=-1 InitialResult=1 LevelAfter=2 LootInfo=-1 Name=LOC_CITIZEN_MAYA_MODERN_MALE_4 Operation=58 PlotIndex=1314
mission CityName=LOC_CITY_NAME_MONTREAL CompletionTurn=140 EscapeResult=-1 InitialResult=5 LevelAfter=2 LootInfo=-1 Name=LOC_CITIZEN_MAYA_MODERN_MALE_4 Operation=58 PlotIndex=1314
mission CityName=LOC_CITY_NAME_QUEBEC_CITY CompletionTurn=140 EscapeResult=2 InitialResult=4 LevelAfter=3 LootInfo=-1 Name=LOC_CITIZEN_MAYA_FEMALE_6 Operation=58 PlotIndex=1404
mission CityName=LOC_CITY_NAME_OTTAWA CompletionTurn=139 EscapeResult=-1 InitialResult=5 LevelAfter=4 LootInfo=-1 Name=LOC_CITIZEN_MAYA_MODERN_MALE_1 Operation=58 PlotIndex=978
mission CityName=LOC_CITY_NAME_VICTORIA CompletionTurn=138 EscapeResult=1 InitialResult=4 LevelAfter=2 LootInfo=-1 Name=LOC_CITIZEN_MAYA_MALE_2 Operation=58 PlotIndex=888
mission CityName=LOC_CITY_NAME_TORONTO CompletionTurn=137 EscapeResult=-1 InitialResult=5 LevelAfter=2 LootInfo=-1 Name=LOC_CITIZEN_MAYA_MODERN_FEMALE_4 Operation=58 PlotIndex=1818
mission CityName=LOC_CITY_NAME_QUEBEC_CITY CompletionTurn=136 EscapeResult=-1 InitialResult=1 LevelAfter=2 LootInfo=-1 Name=LOC_CITIZEN_MAYA_MODERN_MALE_9 Operation=58 PlotIndex=1404
mission CityName=LOC_CITY_NAME_HALIFAX CompletionTurn=135 EscapeResult=-1 InitialResult=5 LevelAfter=2 LootInfo=-1 Name=LOC_CITIZEN_MAYA_MODERN_FEMALE_8 Operation=58 PlotIndex=1409
mission CityName=LOC_CITY_NAME_OTTAWA CompletionTurn=135 EscapeResult=-1 InitialResult=5 LevelAfter=4 LootInfo=-1 Name=LOC_CITIZEN_MAYA_MODERN_MALE_1 Operation=58 PlotIndex=978
mission CityName=LOC_CITY_NAME_CALGARY CompletionTurn=133 EscapeResult=2 InitialResult=4 LevelAfter=3 LootInfo=-1 Name=LOC_CITIZEN_MAYA_MALE_8 Operation=58 PlotIndex=1991
mission CityName=LOC_CITY_NAME_MONTREAL CompletionTurn=132 EscapeResult=0 InitialResult=2 LevelAfter=1 LootInfo=-1 Name=LOC_CITIZEN_MAYA_MALE_5 Operation=58 PlotIndex=1314
mission CityName=LOC_CITY_NAME_QUEBEC_CITY CompletionTurn=131 EscapeResult=-1 InitialResult=5 LevelAfter=2 LootInfo=-1 Name=LOC_CITIZEN_MAYA_MODERN_MALE_9 Operation=58 PlotIndex=1404
mission CityName=LOC_CITY_NAME_OTTAWA CompletionTurn=130 EscapeResult=-1 InitialResult=5 LevelAfter=4 LootInfo=-1 Name=LOC_CITIZEN_MAYA_MODERN_MALE_1 Operation=58 PlotIndex=978
mission CityName=LOC_CITY_NAME_CALGARY CompletionTurn=129 EscapeResult=-1 InitialResult=3 LevelAfter=2 LootInfo=-1 Name=LOC_CITIZEN_MAYA_MALE_8 Operation=58 PlotIndex=1991
mission CityName=LOC_CITY_NAME_TORONTO CompletionTurn=129 EscapeResult=2 InitialResult=4 LevelAfter=3 LootInfo=-1 Name=LOC_CITIZEN_MAYA_MODERN_FEMALE_6 Operation=58 PlotIndex=1818
mission CityName=LOC_CITY_NAME_MONTREAL CompletionTurn=127 EscapeResult=2 InitialResult=2 LevelAfter=1 LootInfo=-1 Name=LOC_CITIZEN_MAYA_MALE_2 Operation=58 PlotIndex=1314
mission CityName=LOC_CITY_NAME_OTTAWA CompletionTurn=124 EscapeResult=-1 InitialResult=5 LevelAfter=4 LootInfo=-1 Name=LOC_CITIZEN_MAYA_MODERN_MALE_1 Operation=58 PlotIndex=978
mission CityName=LOC_CITY_NAME_CALGARY CompletionTurn=123 EscapeResult=-1 InitialResult=5 LevelAfter=2 LootInfo=-1 Name=LOC_CITIZEN_MAYA_MALE_8 Operation=58 PlotIndex=1991
mission CityName=LOC_CITY_NAME_HALIFAX CompletionTurn=121 EscapeResult=2 InitialResult=4 LevelAfter=2 LootInfo=-1 Name=LOC_CITIZEN_MAYA_FEMALE_6 Operation=58 PlotIndex=1409
mission CityName=LOC_CITY_NAME_OTTAWA CompletionTurn=120 EscapeResult=-1 InitialResult=3 LevelAfter=3 LootInfo=-1 Name=LOC_CITIZEN_MAYA_MODERN_MALE_1 Operation=58 PlotIndex=978
mission CityName=LOC_CITY_NAME_MONTREAL CompletionTurn=120 EscapeResult=-1 InitialResult=0 LevelAfter=2 LootInfo=-1 Name=LOC_CITIZEN_MAYA_FEMALE_7 Operation=58 PlotIndex=1314
mission CityName=LOC_CITY_NAME_QUEBEC_CITY CompletionTurn=118 EscapeResult=1 InitialResult=2 LevelAfter=1 LootInfo=-1 Name=LOC_CITIZEN_MAYA_MODERN_FEMALE_1 Operation=58 PlotIndex=1404
mission CityName=LOC_CITY_NAME_TORONTO CompletionTurn=118 EscapeResult=2 InitialResult=4 LevelAfter=2 LootInfo=-1 Name=LOC_CITIZEN_MAYA_MODERN_FEMALE_6 Operation=58 PlotIndex=1818
mission CityName=LOC_CITY_NAME_TORONTO CompletionTurn=114 EscapeResult=-1 InitialResult=1 LevelAfter=1 LootInfo=-1 Name=LOC_CITIZEN_MAYA_FEMALE_3 Operation=58 PlotIndex=1818
mission CityName=LOC_CITY_NAME_MONTREAL CompletionTurn=114 EscapeResult=-1 InitialResult=5 LevelAfter=2 LootInfo=-1 Name=LOC_CITIZEN_MAYA_FEMALE_7 Operation=58 PlotIndex=1314
mission CityName=LOC_CITY_NAME_OTTAWA CompletionTurn=113 EscapeResult=-1 InitialResult=5 LevelAfter=3 LootInfo=-1 Name=LOC_CITIZEN_MAYA_MODERN_MALE_1 Operation=58 PlotIndex=978
mission CityName=LOC_CITY_NAME_MONTREAL CompletionTurn=110 EscapeResult=-1 InitialResult=1 LevelAfter=1 LootInfo=-1 Name=LOC_CITIZEN_MAYA_MODERN_FEMALE_7 Operation=58 PlotIndex=1314
mission CityName=LOC_CITY_NAME_OTTAWA CompletionTurn=107 EscapeResult=-1 InitialResult=5 LevelAfter=2 LootInfo=-1 Name=LOC_CITIZEN_MAYA_MODERN_MALE_1 Operation=58 PlotIndex=978
tally 5  FOMENT_UNREST CAPTURED / NO_RESULT
tally 1  FOMENT_UNREST FAIL_MUST_ESCAPE / CAPTURED
tally 5  FOMENT_UNREST FAIL_MUST_ESCAPE / FAIL_MUST_ESCAPE
tally 6  FOMENT_UNREST FAIL_MUST_ESCAPE / KILLED
tally 7  FOMENT_UNREST FAIL_UNDETECTED / NO_RESULT
tally 1  FOMENT_UNREST KILLED / NO_RESULT
tally 1  FOMENT_UNREST SUCCESS_MUST_ESCAPE / CAPTURED
tally 13  FOMENT_UNREST SUCCESS_MUST_ESCAPE / FAIL_MUST_ESCAPE
tally 4  FOMENT_UNREST SUCCESS_MUST_ESCAPE / KILLED
tally 32  FOMENT_UNREST SUCCESS_UNDETECTED / NO_RESULT
turn 182 spies active 5 idle 1 missions 75 captured-enemy 0
spy 7405581 LOC_CITIZEN_MAYA_MODERN_MALE_1 level 4 at 65:16 busy
spy 9830427 LOC_CITIZEN_MAYA_MODERN_FEMALE_9 level 1 at 54:21 start
spy 9306140 LOC_CITIZEN_MAYA_MALE_3 level 1 at 54:11 busy
spy 9764894 LOC_CITIZEN_MAYA_MALE_1 level 1 at 59:23 busy
spy 9109539 LOC_CITIZEN_MAYA_MALE_8 level 4 at 48:10 busy
spy 9502756 LOC_CITIZEN_MAYA_MALE_4 level 1 at 63:20 busy
turn 182 spies 6 started 1 travelled 0 promoted 0 bought 0 gold 50000
unblock: blocker ENDTURN_BLOCKING_PRODUCTION -> NARANJO builds UNIT_WARRIOR | end turn requested
unstuck: InGamePopup: open, no close
unblock: blocker ENDTURN_BLOCKING_FILL_CIVIC_SLOT -> nothing | end turn requested
unstuck: closed sessions [2:2]
unstuck: DiplomacyActionView: Closing Diplomacy Action View. m_eventID: 3197628
unstuck: InGamePopup: open, no close
unblock: blocker ENDTURN_BLOCKING_FILL_CIVIC_SLOT -> nothing | end turn requested
unstuck: InGamePopup: open, no close
mission CityName=LOC_CITY_NAME_VANCOUVER CompletionTurn=183 EscapeResult=-1 InitialResult=4 LevelAfter=2 LootInfo=-1 Name=LOC_CITIZEN_MAYA_MALE_4 Operation=58 PlotIndex=1743
mission CityName=LOC_CITY_NAME_VICTORIA CompletionTurn=183 EscapeResult=-1 InitialResult=5 LevelAfter=4 LootInfo=-1 Name=LOC_CITIZEN_MAYA_MALE_8 Operation=58 PlotIndex=888
mission CityName=LOC_CITY_NAME_HALIFAX CompletionTurn=181 EscapeResult=-1 InitialResult=5 LevelAfter=4 LootInfo=-1 Name=LOC_CITIZEN_MAYA_MODERN_MALE_1 Operation=58 PlotIndex=1409
mission CityName=LOC_CITY_NAME_OTTAWA CompletionTurn=180 EscapeResult=-1 InitialResult=3 LevelAfter=1 LootInfo=-1 Name=LOC_CITIZEN_MAYA_MALE_3 Operation=58 PlotIndex=978
mission CityName=LOC_CITY_NAME_VICTORIA CompletionTurn=179 EscapeResult=-1 InitialResult=5 LevelAfter=4 LootInfo=-1 Name=LOC_CITIZEN_MAYA_MALE_8 Operation=58 PlotIndex=888
mission CityName=LOC_CITY_NAME_TORONTO CompletionTurn=179 EscapeResult=2 InitialResult=4 LevelAfter=3 LootInfo=-1 Name=LOC_CITIZEN_MAYA_MODERN_FEMALE_2 Operation=58 PlotIndex=1818
mission CityName=LOC_CITY_NAME_QUEBEC_CITY CompletionTurn=179 EscapeResult=2 InitialResult=4 LevelAfter=4 LootInfo=-1 Name=LOC_CITIZEN_MAYA_MODERN_FEMALE_4 Operation=58 PlotIndex=1404
mission CityName=LOC_CITY_NAME_MONTREAL CompletionTurn=178 EscapeResult=0 InitialResult=4 LevelAfter=4 LootInfo=-1 Name=LOC_CITIZEN_MAYA_MALE_7 Operation=58 PlotIndex=1314
mission CityName=LOC_CITY_NAME_HALIFAX CompletionTurn=177 EscapeResult=-1 InitialResult=5 LevelAfter=4 LootInfo=-1 Name=LOC_CITIZEN_MAYA_MODERN_MALE_1 Operation=58 PlotIndex=1409
mission CityName=LOC_CITY_NAME_CALGARY CompletionTurn=176 EscapeResult=2 InitialResult=4 LevelAfter=4 LootInfo=-1 Name=LOC_CITIZEN_MAYA_MODERN_MALE_6 Operation=58 PlotIndex=1991
mission CityName=LOC_CITY_NAME_TORONTO CompletionTurn=173 EscapeResult=-1 InitialResult=5 LevelAfter=2 LootInfo=-1 Name=LOC_CITIZEN_MAYA_MODERN_FEMALE_2 Operation=58 PlotIndex=1818
mission CityName=LOC_CITY_NAME_MONTREAL CompletionTurn=173 EscapeResult=0 InitialResult=4 LevelAfter=3 LootInfo=-1 Name=LOC_CITIZEN_MAYA_MODERN_FEMALE_3 Operation=58 PlotIndex=1314
mission CityName=LOC_CITY_NAME_HALIFAX CompletionTurn=173 EscapeResult=-1 InitialResult=5 LevelAfter=4 LootInfo=-1 Name=LOC_CITIZEN_MAYA_MODERN_MALE_1 Operation=58 PlotIndex=1409
mission CityName=LOC_CITY_NAME_CALGARY CompletionTurn=173 EscapeResult=-1 InitialResult=3 LevelAfter=4 LootInfo=-1 Name=LOC_CITIZEN_MAYA_MODERN_MALE_6 Operation=58 PlotIndex=1991
mission CityName=LOC_CITY_NAME_QUEBEC_CITY CompletionTurn=172 EscapeResult=0 InitialResult=2 LevelAfter=1 LootInfo=-1 Name=LOC_CITIZEN_MAYA_MODERN_FEMALE_5 Operation=58 PlotIndex=1404
mission CityName=LOC_CITY_NAME_OTTAWA CompletionTurn=172 EscapeResult=0 InitialResult=4 LevelAfter=4 LootInfo=-1 Name=LOC_CITIZEN_MAYA_FEMALE_1 Operation=58 PlotIndex=978
mission CityName=LOC_CITY_NAME_HALIFAX CompletionTurn=169 EscapeResult=-1 InitialResult=5 LevelAfter=4 LootInfo=-1 Name=LOC_CITIZEN_MAYA_MODERN_MALE_1 Operation=58 PlotIndex=1409
mission CityName=LOC_CITY_NAME_TORONTO CompletionTurn=168 EscapeResult=2 InitialResult=4 LevelAfter=4 LootInfo=-1 Name=LOC_CITIZEN_MAYA_MODERN_MALE_6 Operation=58 PlotIndex=1818
mission CityName=LOC_CITY_NAME_MONTREAL CompletionTurn=168 EscapeResult=2 InitialResult=4 LevelAfter=4 LootInfo=-1 Name=LOC_CITIZEN_MAYA_MALE_8 Operation=58 PlotIndex=1314
mission CityName=LOC_CITY_NAME_OTTAWA CompletionTurn=167 EscapeResult=-1 InitialResult=5 LevelAfter=4 LootInfo=-1 Name=LOC_CITIZEN_MAYA_FEMALE_1 Operation=58 PlotIndex=978
mission CityName=LOC_CITY_NAME_MONTREAL CompletionTurn=165 EscapeResult=-1 InitialResult=5 LevelAfter=3 LootInfo=-1 Name=LOC_CITIZEN_MAYA_MALE_7 Operation=58 PlotIndex=1314
mission CityName=LOC_CITY_NAME_HALIFAX CompletionTurn=165 EscapeResult=-1 InitialResult=5 LevelAfter=4 LootInfo=-1 Name=LOC_CITIZEN_MAYA_MODERN_MALE_1 Operation=58 PlotIndex=1409
mission CityName=LOC_CITY_NAME_MONTREAL CompletionTurn=164 EscapeResult=-1 InitialResult=5 LevelAfter=2 LootInfo=-1 Name=LOC_CITIZEN_MAYA_MALE_7 Operation=58 PlotIndex=1314
mission CityName=LOC_CITY_NAME_OTTAWA CompletionTurn=162 EscapeResult=-1 InitialResult=5 LevelAfter=3 LootInfo=-1 Name=LOC_CITIZEN_MAYA_FEMALE_1 Operation=58 PlotIndex=978
mission CityName=LOC_CITY_NAME_VANCOUVER CompletionTurn=162 EscapeResult=0 InitialResult=2 LevelAfter=1 LootInfo=-1 Name=LOC_CITIZEN_MAYA_FEMALE_8 Operation=58 PlotIndex=1743
mission CityName=LOC_CITY_NAME_CHARLOTTETOWN CompletionTurn=161 EscapeResult=0 InitialResult=2 LevelAfter=1 LootInfo=-1 Name=LOC_CITIZEN_MAYA_MALE_6 Operation=58 PlotIndex=1644
mission CityName=LOC_CITY_NAME_HALIFAX CompletionTurn=161 EscapeResult=-1 InitialResult=5 LevelAfter=4 LootInfo=-1 Name=LOC_CITIZEN_MAYA_MODERN_MALE_1 Operation=58 PlotIndex=1409
mission CityName=LOC_CITY_NAME_TE_HOKIANGA_NU_A_KUPE CompletionTurn=160 EscapeResult=2 InitialResult=2 LevelAfter=3 LootInfo=-1 Name=LOC_CITIZEN_MAYA_MODERN_FEMALE_4 Operation=58 PlotIndex=772
mission CityName=LOC_CITY_NAME_TORONTO CompletionTurn=160 EscapeResult=2 InitialResult=4 LevelAfter=3 LootInfo=-1 Name=LOC_CITIZEN_MAYA_MODERN_MALE_6 Operation=58 PlotIndex=1818
mission CityName=LOC_CITY_NAME_OTTAWA CompletionTurn=158 EscapeResult=-1 InitialResult=5 LevelAfter=2 LootInfo=-1 Name=LOC_CITIZEN_MAYA_FEMALE_1 Operation=58 PlotIndex=978
mission CityName=LOC_CITY_NAME_QUEBEC_CITY CompletionTurn=158 EscapeResult=-1 InitialResult=1 LevelAfter=2 LootInfo=-1 Name=LOC_CITIZEN_MAYA_FEMALE_4 Operation=58 PlotIndex=1404
mission CityName=LOC_CITY_NAME_VANCOUVER CompletionTurn=158 EscapeResult=-1 InitialResult=3 LevelAfter=1 LootInfo=-1 Name=LOC_CITIZEN_MAYA_FEMALE_8 Operation=58 PlotIndex=1743
mission CityName=LOC_CITY_NAME_TE_HOKIANGA_NU_A_KUPE CompletionTurn=154 EscapeResult=-1 InitialResult=5 LevelAfter=3 LootInfo=-1 Name=LOC_CITIZEN_MAYA_MODERN_FEMALE_4 Operation=58 PlotIndex=772
mission CityName=LOC_CITY_NAME_CALGARY CompletionTurn=154 EscapeResult=2 InitialResult=4 LevelAfter=4 LootInfo=-1 Name=LOC_CITIZEN_MAYA_MALE_8 Operation=58 PlotIndex=1991
mission CityName=LOC_CITY_NAME_TORONTO CompletionTurn=154 EscapeResult=-1 InitialResult=5 LevelAfter=2 LootInfo=-1 Name=LOC_CITIZEN_MAYA_MODERN_MALE_6 Operation=58 PlotIndex=1818
mission CityName=LOC_CITY_NAME_MONTREAL CompletionTurn=152 EscapeResult=2 InitialResult=2 LevelAfter=2 LootInfo=-1 Name=LOC_CITIZEN_MAYA_MODERN_FEMALE_3 Operation=58 PlotIndex=1314
mission CityName=LOC_CITY_NAME_VANCOUVER CompletionTurn=152 EscapeResult=-1 InitialResult=3 LevelAfter=1 LootInfo=-1 Name=LOC_CITIZEN_MAYA_FEMALE_8 Operation=58 PlotIndex=1743
mission CityName=LOC_CITY_NAME_VICTORIA CompletionTurn=152 EscapeResult=0 InitialResult=4 LevelAfter=4 LootInfo=-1 Name=LOC_CITIZEN_MAYA_FEMALE_6 Operation=58 PlotIndex=888
mission CityName=LOC_CITY_NAME_QUEBEC_CITY CompletionTurn=149 EscapeResult=-1 InitialResult=5 LevelAfter=2 LootInfo=-1 Name=LOC_CITIZEN_MAYA_FEMALE_4 Operation=58 PlotIndex=1404
mission CityName=LOC_CITY_NAME_HALIFAX CompletionTurn=149 EscapeResult=0 InitialResult=2 LevelAfter=3 LootInfo=-1 Name=LOC_CITIZEN_MAYA_MODERN_FEMALE_8 Operation=58 PlotIndex=1409
mission CityName=LOC_CITY_NAME_CALGARY CompletionTurn=149 EscapeResult=-1 InitialResult=5 LevelAfter=4 LootInfo=-1 Name=LOC_CITIZEN_MAYA_MALE_8 Operation=58 PlotIndex=1991
mission CityName=LOC_CITY_NAME_OTTAWA CompletionTurn=147 EscapeResult=2 InitialResult=4 LevelAfter=4 LootInfo=-1 Name=LOC_CITIZEN_MAYA_MODERN_MALE_1 Operation=58 PlotIndex=978
mission CityName=LOC_CITY_NAME_VANCOUVER CompletionTurn=145 EscapeResult=2 InitialResult=2 LevelAfter=1 LootInfo=-1 Name=LOC_CITIZEN_MAYA_FEMALE_1 Operation=58 PlotIndex=1743
mission CityName=LOC_CITY_NAME_MONTREAL CompletionTurn=144 EscapeResult=-1 InitialResult=5 LevelAfter=2 LootInfo=-1 Name=LOC_CITIZEN_MAYA_MODERN_FEMALE_3 Operation=58 PlotIndex=1314
mission CityName=LOC_CITY_NAME_TORONTO CompletionTurn=144 EscapeResult=2 InitialResult=2 LevelAfter=2 LootInfo=-1 Name=LOC_CITIZEN_MAYA_MODERN_FEMALE_4 Operation=58 PlotIndex=1818
mission CityName=LOC_CITY_NAME_VICTORIA CompletionTurn=143 EscapeResult=0 InitialResult=2 LevelAfter=3 LootInfo=-1 Name=LOC_CITIZEN_MAYA_MODERN_FEMALE_6 Operation=58 PlotIndex=888
mission CityName=LOC_CITY_NAME_OTTAWA CompletionTurn=143 EscapeResult=-1 InitialResult=3 LevelAfter=4 LootInfo=-1 Name=LOC_CITIZEN_MAYA_MODERN_MALE_1 Operation=58 PlotIndex=978
mission CityName=LOC_CITY_NAME_HALIFAX CompletionTurn=142 EscapeResult=-1 InitialResult=5 LevelAfter=3 LootInfo=-1 Name=LOC_CITIZEN_MAYA_MODERN_FEMALE_8 Operation=58 PlotIndex=1409
mission CityName=LOC_CITY_NAME_CALGARY CompletionTurn=142 EscapeResult=-1 InitialResult=5 LevelAfter=4 LootInfo=-1 Name=LOC_CITIZEN_MAYA_MALE_8 Operation=58 PlotIndex=1991
mission CityName=LOC_CITY_NAME_MONTREAL CompletionTurn=141 EscapeResult=-1 InitialResult=1 LevelAfter=2 LootInfo=-1 Name=LOC_CITIZEN_MAYA_MODERN_MALE_4 Operation=58 PlotIndex=1314
mission CityName=LOC_CITY_NAME_MONTREAL CompletionTurn=140 EscapeResult=-1 InitialResult=5 LevelAfter=2 LootInfo=-1 Name=LOC_CITIZEN_MAYA_MODERN_MALE_4 Operation=58 PlotIndex=1314
mission CityName=LOC_CITY_NAME_QUEBEC_CITY CompletionTurn=140 EscapeResult=2 InitialResult=4 LevelAfter=3 LootInfo=-1 Name=LOC_CITIZEN_MAYA_FEMALE_6 Operation=58 PlotIndex=1404
mission CityName=LOC_CITY_NAME_OTTAWA CompletionTurn=139 EscapeResult=-1 InitialResult=5 LevelAfter=4 LootInfo=-1 Name=LOC_CITIZEN_MAYA_MODERN_MALE_1 Operation=58 PlotIndex=978
mission CityName=LOC_CITY_NAME_VICTORIA CompletionTurn=138 EscapeResult=1 InitialResult=4 LevelAfter=2 LootInfo=-1 Name=LOC_CITIZEN_MAYA_MALE_2 Operation=58 PlotIndex=888
mission CityName=LOC_CITY_NAME_TORONTO CompletionTurn=137 EscapeResult=-1 InitialResult=5 LevelAfter=2 LootInfo=-1 Name=LOC_CITIZEN_MAYA_MODERN_FEMALE_4 Operation=58 PlotIndex=1818
mission CityName=LOC_CITY_NAME_QUEBEC_CITY CompletionTurn=136 EscapeResult=-1 InitialResult=1 LevelAfter=2 LootInfo=-1 Name=LOC_CITIZEN_MAYA_MODERN_MALE_9 Operation=58 PlotIndex=1404
mission CityName=LOC_CITY_NAME_HALIFAX CompletionTurn=135 EscapeResult=-1 InitialResult=5 LevelAfter=2 LootInfo=-1 Name=LOC_CITIZEN_MAYA_MODERN_FEMALE_8 Operation=58 PlotIndex=1409
mission CityName=LOC_CITY_NAME_OTTAWA CompletionTurn=135 EscapeResult=-1 InitialResult=5 LevelAfter=4 LootInfo=-1 Name=LOC_CITIZEN_MAYA_MODERN_MALE_1 Operation=58 PlotIndex=978
mission CityName=LOC_CITY_NAME_CALGARY CompletionTurn=133 EscapeResult=2 InitialResult=4 LevelAfter=3 LootInfo=-1 Name=LOC_CITIZEN_MAYA_MALE_8 Operation=58 PlotIndex=1991
mission CityName=LOC_CITY_NAME_MONTREAL CompletionTurn=132 EscapeResult=0 InitialResult=2 LevelAfter=1 LootInfo=-1 Name=LOC_CITIZEN_MAYA_MALE_5 Operation=58 PlotIndex=1314
mission CityName=LOC_CITY_NAME_QUEBEC_CITY CompletionTurn=131 EscapeResult=-1 InitialResult=5 LevelAfter=2 LootInfo=-1 Name=LOC_CITIZEN_MAYA_MODERN_MALE_9 Operation=58 PlotIndex=1404
mission CityName=LOC_CITY_NAME_OTTAWA CompletionTurn=130 EscapeResult=-1 InitialResult=5 LevelAfter=4 LootInfo=-1 Name=LOC_CITIZEN_MAYA_MODERN_MALE_1 Operation=58 PlotIndex=978
mission CityName=LOC_CITY_NAME_CALGARY CompletionTurn=129 EscapeResult=-1 InitialResult=3 LevelAfter=2 LootInfo=-1 Name=LOC_CITIZEN_MAYA_MALE_8 Operation=58 PlotIndex=1991
mission CityName=LOC_CITY_NAME_TORONTO CompletionTurn=129 EscapeResult=2 InitialResult=4 LevelAfter=3 LootInfo=-1 Name=LOC_CITIZEN_MAYA_MODERN_FEMALE_6 Operation=58 PlotIndex=1818
mission CityName=LOC_CITY_NAME_MONTREAL CompletionTurn=127 EscapeResult=2 InitialResult=2 LevelAfter=1 LootInfo=-1 Name=LOC_CITIZEN_MAYA_MALE_2 Operation=58 PlotIndex=1314
mission CityName=LOC_CITY_NAME_OTTAWA CompletionTurn=124 EscapeResult=-1 InitialResult=5 LevelAfter=4 LootInfo=-1 Name=LOC_CITIZEN_MAYA_MODERN_MALE_1 Operation=58 PlotIndex=978
mission CityName=LOC_CITY_NAME_CALGARY CompletionTurn=123 EscapeResult=-1 InitialResult=5 LevelAfter=2 LootInfo=-1 Name=LOC_CITIZEN_MAYA_MALE_8 Operation=58 PlotIndex=1991
mission CityName=LOC_CITY_NAME_HALIFAX CompletionTurn=121 EscapeResult=2 InitialResult=4 LevelAfter=2 LootInfo=-1 Name=LOC_CITIZEN_MAYA_FEMALE_6 Operation=58 PlotIndex=1409
mission CityName=LOC_CITY_NAME_OTTAWA CompletionTurn=120 EscapeResult=-1 InitialResult=3 LevelAfter=3 LootInfo=-1 Name=LOC_CITIZEN_MAYA_MODERN_MALE_1 Operation=58 PlotIndex=978
mission CityName=LOC_CITY_NAME_MONTREAL CompletionTurn=120 EscapeResult=-1 InitialResult=0 LevelAfter=2 LootInfo=-1 Name=LOC_CITIZEN_MAYA_FEMALE_7 Operation=58 PlotIndex=1314
mission CityName=LOC_CITY_NAME_QUEBEC_CITY CompletionTurn=118 EscapeResult=1 InitialResult=2 LevelAfter=1 LootInfo=-1 Name=LOC_CITIZEN_MAYA_MODERN_FEMALE_1 Operation=58 PlotIndex=1404
mission CityName=LOC_CITY_NAME_TORONTO CompletionTurn=118 EscapeResult=2 InitialResult=4 LevelAfter=2 LootInfo=-1 Name=LOC_CITIZEN_MAYA_MODERN_FEMALE_6 Operation=58 PlotIndex=1818
mission CityName=LOC_CITY_NAME_TORONTO CompletionTurn=114 EscapeResult=-1 InitialResult=1 LevelAfter=1 LootInfo=-1 Name=LOC_CITIZEN_MAYA_FEMALE_3 Operation=58 PlotIndex=1818
mission CityName=LOC_CITY_NAME_MONTREAL CompletionTurn=114 EscapeResult=-1 InitialResult=5 LevelAfter=2 LootInfo=-1 Name=LOC_CITIZEN_MAYA_FEMALE_7 Operation=58 PlotIndex=1314
mission CityName=LOC_CITY_NAME_OTTAWA CompletionTurn=113 EscapeResult=-1 InitialResult=5 LevelAfter=3 LootInfo=-1 Name=LOC_CITIZEN_MAYA_MODERN_MALE_1 Operation=58 PlotIndex=978
mission CityName=LOC_CITY_NAME_MONTREAL CompletionTurn=110 EscapeResult=-1 InitialResult=1 LevelAfter=1 LootInfo=-1 Name=LOC_CITIZEN_MAYA_MODERN_FEMALE_7 Operation=58 PlotIndex=1314
mission CityName=LOC_CITY_NAME_OTTAWA CompletionTurn=107 EscapeResult=-1 InitialResult=5 LevelAfter=2 LootInfo=-1 Name=LOC_CITIZEN_MAYA_MODERN_MALE_1 Operation=58 PlotIndex=978
tally 5  FOMENT_UNREST CAPTURED / NO_RESULT
tally 1  FOMENT_UNREST FAIL_MUST_ESCAPE / CAPTURED
tally 5  FOMENT_UNREST FAIL_MUST_ESCAPE / FAIL_MUST_ESCAPE
tally 6  FOMENT_UNREST FAIL_MUST_ESCAPE / KILLED
tally 7  FOMENT_UNREST FAIL_UNDETECTED / NO_RESULT
tally 1  FOMENT_UNREST KILLED / NO_RESULT
tally 1  FOMENT_UNREST SUCCESS_MUST_ESCAPE / CAPTURED
tally 13  FOMENT_UNREST SUCCESS_MUST_ESCAPE / FAIL_MUST_ESCAPE
tally 4  FOMENT_UNREST SUCCESS_MUST_ESCAPE / KILLED
tally 1  FOMENT_UNREST SUCCESS_MUST_ESCAPE / NO_RESULT
tally 33  FOMENT_UNREST SUCCESS_UNDETECTED / NO_RESULT
turn 183 spies active 5 idle 3 missions 77 captured-enemy 0
spy 9961479 LOC_CITIZEN_MAYA_MODERN_FEMALE_4 level 4 at 36:42 travel
spy 7405581 LOC_CITIZEN_MAYA_MODERN_MALE_1 level 4 at 65:16 busy
spy 9830427 LOC_CITIZEN_MAYA_MODERN_FEMALE_9 level 1 at 54:21 busy
spy 9306140 LOC_CITIZEN_MAYA_MALE_3 level 1 at 54:11 busy
spy 9764894 LOC_CITIZEN_MAYA_MALE_1 level 1 at 59:23 busy
spy 9109539 LOC_CITIZEN_MAYA_MALE_8 level 4 at 48:10 start
spy 9502756 LOC_CITIZEN_MAYA_MALE_4 level 1 at 63:20 busy
spy 10027046 LOC_CITIZEN_MAYA_MODERN_MALE_6 level 4 at 54:15 start
turn 183 spies 8 started 2 travelled 1 promoted 1 bought 0 gold 50000
unblock: blocker ENDTURN_BLOCKING_SPY_CHOOSE_ESCAPE_ROUTE -> escape route DISTRICT_CITY_CENTER of 1 for spy 9502756 LOC_CITIZEN_MAYA_MALE_4 level 2 turn 183 city LOC_CITY_NAME_VANCOUVER p1 at 63:20 pursuer police | end turn requested
unstuck: InGamePopup: open, no close
unblock: blocker ENDTURN_BLOCKING_FILL_CIVIC_SLOT -> nothing | end turn requested
unstuck: closed sessions [6:6]
unstuck: DiplomacyActionView: Closing Diplomacy Action View. m_eventID: 3214822
unstuck: InGamePopup: open, no close
mission CityName=LOC_CITY_NAME_VANCOUVER CompletionTurn=183 EscapeResult=0 InitialResult=4 LevelAfter=2 LootInfo=-1 Name=LOC_CITIZEN_MAYA_MALE_4 Operation=58 PlotIndex=1743
mission CityName=LOC_CITY_NAME_VICTORIA CompletionTurn=183 EscapeResult=-1 InitialResult=5 LevelAfter=4 LootInfo=-1 Name=LOC_CITIZEN_MAYA_MALE_8 Operation=58 PlotIndex=888
mission CityName=LOC_CITY_NAME_HALIFAX CompletionTurn=181 EscapeResult=-1 InitialResult=5 LevelAfter=4 LootInfo=-1 Name=LOC_CITIZEN_MAYA_MODERN_MALE_1 Operation=58 PlotIndex=1409
mission CityName=LOC_CITY_NAME_OTTAWA CompletionTurn=180 EscapeResult=-1 InitialResult=3 LevelAfter=1 LootInfo=-1 Name=LOC_CITIZEN_MAYA_MALE_3 Operation=58 PlotIndex=978
mission CityName=LOC_CITY_NAME_VICTORIA CompletionTurn=179 EscapeResult=-1 InitialResult=5 LevelAfter=4 LootInfo=-1 Name=LOC_CITIZEN_MAYA_MALE_8 Operation=58 PlotIndex=888
mission CityName=LOC_CITY_NAME_TORONTO CompletionTurn=179 EscapeResult=2 InitialResult=4 LevelAfter=3 LootInfo=-1 Name=LOC_CITIZEN_MAYA_MODERN_FEMALE_2 Operation=58 PlotIndex=1818
mission CityName=LOC_CITY_NAME_QUEBEC_CITY CompletionTurn=179 EscapeResult=2 InitialResult=4 LevelAfter=4 LootInfo=-1 Name=LOC_CITIZEN_MAYA_MODERN_FEMALE_4 Operation=58 PlotIndex=1404
mission CityName=LOC_CITY_NAME_MONTREAL CompletionTurn=178 EscapeResult=0 InitialResult=4 LevelAfter=4 LootInfo=-1 Name=LOC_CITIZEN_MAYA_MALE_7 Operation=58 PlotIndex=1314
mission CityName=LOC_CITY_NAME_HALIFAX CompletionTurn=177 EscapeResult=-1 InitialResult=5 LevelAfter=4 LootInfo=-1 Name=LOC_CITIZEN_MAYA_MODERN_MALE_1 Operation=58 PlotIndex=1409
mission CityName=LOC_CITY_NAME_CALGARY CompletionTurn=176 EscapeResult=2 InitialResult=4 LevelAfter=4 LootInfo=-1 Name=LOC_CITIZEN_MAYA_MODERN_MALE_6 Operation=58 PlotIndex=1991
mission CityName=LOC_CITY_NAME_TORONTO CompletionTurn=173 EscapeResult=-1 InitialResult=5 LevelAfter=2 LootInfo=-1 Name=LOC_CITIZEN_MAYA_MODERN_FEMALE_2 Operation=58 PlotIndex=1818
mission CityName=LOC_CITY_NAME_MONTREAL CompletionTurn=173 EscapeResult=0 InitialResult=4 LevelAfter=3 LootInfo=-1 Name=LOC_CITIZEN_MAYA_MODERN_FEMALE_3 Operation=58 PlotIndex=1314
mission CityName=LOC_CITY_NAME_HALIFAX CompletionTurn=173 EscapeResult=-1 InitialResult=5 LevelAfter=4 LootInfo=-1 Name=LOC_CITIZEN_MAYA_MODERN_MALE_1 Operation=58 PlotIndex=1409
mission CityName=LOC_CITY_NAME_CALGARY CompletionTurn=173 EscapeResult=-1 InitialResult=3 LevelAfter=4 LootInfo=-1 Name=LOC_CITIZEN_MAYA_MODERN_MALE_6 Operation=58 PlotIndex=1991
mission CityName=LOC_CITY_NAME_QUEBEC_CITY CompletionTurn=172 EscapeResult=0 InitialResult=2 LevelAfter=1 LootInfo=-1 Name=LOC_CITIZEN_MAYA_MODERN_FEMALE_5 Operation=58 PlotIndex=1404
mission CityName=LOC_CITY_NAME_OTTAWA CompletionTurn=172 EscapeResult=0 InitialResult=4 LevelAfter=4 LootInfo=-1 Name=LOC_CITIZEN_MAYA_FEMALE_1 Operation=58 PlotIndex=978
mission CityName=LOC_CITY_NAME_HALIFAX CompletionTurn=169 EscapeResult=-1 InitialResult=5 LevelAfter=4 LootInfo=-1 Name=LOC_CITIZEN_MAYA_MODERN_MALE_1 Operation=58 PlotIndex=1409
mission CityName=LOC_CITY_NAME_TORONTO CompletionTurn=168 EscapeResult=2 InitialResult=4 LevelAfter=4 LootInfo=-1 Name=LOC_CITIZEN_MAYA_MODERN_MALE_6 Operation=58 PlotIndex=1818
mission CityName=LOC_CITY_NAME_MONTREAL CompletionTurn=168 EscapeResult=2 InitialResult=4 LevelAfter=4 LootInfo=-1 Name=LOC_CITIZEN_MAYA_MALE_8 Operation=58 PlotIndex=1314
mission CityName=LOC_CITY_NAME_OTTAWA CompletionTurn=167 EscapeResult=-1 InitialResult=5 LevelAfter=4 LootInfo=-1 Name=LOC_CITIZEN_MAYA_FEMALE_1 Operation=58 PlotIndex=978
mission CityName=LOC_CITY_NAME_MONTREAL CompletionTurn=165 EscapeResult=-1 InitialResult=5 LevelAfter=3 LootInfo=-1 Name=LOC_CITIZEN_MAYA_MALE_7 Operation=58 PlotIndex=1314
mission CityName=LOC_CITY_NAME_HALIFAX CompletionTurn=165 EscapeResult=-1 InitialResult=5 LevelAfter=4 LootInfo=-1 Name=LOC_CITIZEN_MAYA_MODERN_MALE_1 Operation=58 PlotIndex=1409
mission CityName=LOC_CITY_NAME_MONTREAL CompletionTurn=164 EscapeResult=-1 InitialResult=5 LevelAfter=2 LootInfo=-1 Name=LOC_CITIZEN_MAYA_MALE_7 Operation=58 PlotIndex=1314
mission CityName=LOC_CITY_NAME_OTTAWA CompletionTurn=162 EscapeResult=-1 InitialResult=5 LevelAfter=3 LootInfo=-1 Name=LOC_CITIZEN_MAYA_FEMALE_1 Operation=58 PlotIndex=978
mission CityName=LOC_CITY_NAME_VANCOUVER CompletionTurn=162 EscapeResult=0 InitialResult=2 LevelAfter=1 LootInfo=-1 Name=LOC_CITIZEN_MAYA_FEMALE_8 Operation=58 PlotIndex=1743
mission CityName=LOC_CITY_NAME_CHARLOTTETOWN CompletionTurn=161 EscapeResult=0 InitialResult=2 LevelAfter=1 LootInfo=-1 Name=LOC_CITIZEN_MAYA_MALE_6 Operation=58 PlotIndex=1644
mission CityName=LOC_CITY_NAME_HALIFAX CompletionTurn=161 EscapeResult=-1 InitialResult=5 LevelAfter=4 LootInfo=-1 Name=LOC_CITIZEN_MAYA_MODERN_MALE_1 Operation=58 PlotIndex=1409
mission CityName=LOC_CITY_NAME_TE_HOKIANGA_NU_A_KUPE CompletionTurn=160 EscapeResult=2 InitialResult=2 LevelAfter=3 LootInfo=-1 Name=LOC_CITIZEN_MAYA_MODERN_FEMALE_4 Operation=58 PlotIndex=772
mission CityName=LOC_CITY_NAME_TORONTO CompletionTurn=160 EscapeResult=2 InitialResult=4 LevelAfter=3 LootInfo=-1 Name=LOC_CITIZEN_MAYA_MODERN_MALE_6 Operation=58 PlotIndex=1818
mission CityName=LOC_CITY_NAME_OTTAWA CompletionTurn=158 EscapeResult=-1 InitialResult=5 LevelAfter=2 LootInfo=-1 Name=LOC_CITIZEN_MAYA_FEMALE_1 Operation=58 PlotIndex=978
mission CityName=LOC_CITY_NAME_QUEBEC_CITY CompletionTurn=158 EscapeResult=-1 InitialResult=1 LevelAfter=2 LootInfo=-1 Name=LOC_CITIZEN_MAYA_FEMALE_4 Operation=58 PlotIndex=1404
mission CityName=LOC_CITY_NAME_VANCOUVER CompletionTurn=158 EscapeResult=-1 InitialResult=3 LevelAfter=1 LootInfo=-1 Name=LOC_CITIZEN_MAYA_FEMALE_8 Operation=58 PlotIndex=1743
mission CityName=LOC_CITY_NAME_TE_HOKIANGA_NU_A_KUPE CompletionTurn=154 EscapeResult=-1 InitialResult=5 LevelAfter=3 LootInfo=-1 Name=LOC_CITIZEN_MAYA_MODERN_FEMALE_4 Operation=58 PlotIndex=772
mission CityName=LOC_CITY_NAME_CALGARY CompletionTurn=154 EscapeResult=2 InitialResult=4 LevelAfter=4 LootInfo=-1 Name=LOC_CITIZEN_MAYA_MALE_8 Operation=58 PlotIndex=1991
mission CityName=LOC_CITY_NAME_TORONTO CompletionTurn=154 EscapeResult=-1 InitialResult=5 LevelAfter=2 LootInfo=-1 Name=LOC_CITIZEN_MAYA_MODERN_MALE_6 Operation=58 PlotIndex=1818
mission CityName=LOC_CITY_NAME_MONTREAL CompletionTurn=152 EscapeResult=2 InitialResult=2 LevelAfter=2 LootInfo=-1 Name=LOC_CITIZEN_MAYA_MODERN_FEMALE_3 Operation=58 PlotIndex=1314
mission CityName=LOC_CITY_NAME_VANCOUVER CompletionTurn=152 EscapeResult=-1 InitialResult=3 LevelAfter=1 LootInfo=-1 Name=LOC_CITIZEN_MAYA_FEMALE_8 Operation=58 PlotIndex=1743
mission CityName=LOC_CITY_NAME_VICTORIA CompletionTurn=152 EscapeResult=0 InitialResult=4 LevelAfter=4 LootInfo=-1 Name=LOC_CITIZEN_MAYA_FEMALE_6 Operation=58 PlotIndex=888
mission CityName=LOC_CITY_NAME_QUEBEC_CITY CompletionTurn=149 EscapeResult=-1 InitialResult=5 LevelAfter=2 LootInfo=-1 Name=LOC_CITIZEN_MAYA_FEMALE_4 Operation=58 PlotIndex=1404
mission CityName=LOC_CITY_NAME_HALIFAX CompletionTurn=149 EscapeResult=0 InitialResult=2 LevelAfter=3 LootInfo=-1 Name=LOC_CITIZEN_MAYA_MODERN_FEMALE_8 Operation=58 PlotIndex=1409
mission CityName=LOC_CITY_NAME_CALGARY CompletionTurn=149 EscapeResult=-1 InitialResult=5 LevelAfter=4 LootInfo=-1 Name=LOC_CITIZEN_MAYA_MALE_8 Operation=58 PlotIndex=1991
mission CityName=LOC_CITY_NAME_OTTAWA CompletionTurn=147 EscapeResult=2 InitialResult=4 LevelAfter=4 LootInfo=-1 Name=LOC_CITIZEN_MAYA_MODERN_MALE_1 Operation=58 PlotIndex=978
mission CityName=LOC_CITY_NAME_VANCOUVER CompletionTurn=145 EscapeResult=2 InitialResult=2 LevelAfter=1 LootInfo=-1 Name=LOC_CITIZEN_MAYA_FEMALE_1 Operation=58 PlotIndex=1743
mission CityName=LOC_CITY_NAME_MONTREAL CompletionTurn=144 EscapeResult=-1 InitialResult=5 LevelAfter=2 LootInfo=-1 Name=LOC_CITIZEN_MAYA_MODERN_FEMALE_3 Operation=58 PlotIndex=1314
mission CityName=LOC_CITY_NAME_TORONTO CompletionTurn=144 EscapeResult=2 InitialResult=2 LevelAfter=2 LootInfo=-1 Name=LOC_CITIZEN_MAYA_MODERN_FEMALE_4 Operation=58 PlotIndex=1818
mission CityName=LOC_CITY_NAME_VICTORIA CompletionTurn=143 EscapeResult=0 InitialResult=2 LevelAfter=3 LootInfo=-1 Name=LOC_CITIZEN_MAYA_MODERN_FEMALE_6 Operation=58 PlotIndex=888
mission CityName=LOC_CITY_NAME_OTTAWA CompletionTurn=143 EscapeResult=-1 InitialResult=3 LevelAfter=4 LootInfo=-1 Name=LOC_CITIZEN_MAYA_MODERN_MALE_1 Operation=58 PlotIndex=978
mission CityName=LOC_CITY_NAME_HALIFAX CompletionTurn=142 EscapeResult=-1 InitialResult=5 LevelAfter=3 LootInfo=-1 Name=LOC_CITIZEN_MAYA_MODERN_FEMALE_8 Operation=58 PlotIndex=1409
mission CityName=LOC_CITY_NAME_CALGARY CompletionTurn=142 EscapeResult=-1 InitialResult=5 LevelAfter=4 LootInfo=-1 Name=LOC_CITIZEN_MAYA_MALE_8 Operation=58 PlotIndex=1991
mission CityName=LOC_CITY_NAME_MONTREAL CompletionTurn=141 EscapeResult=-1 InitialResult=1 LevelAfter=2 LootInfo=-1 Name=LOC_CITIZEN_MAYA_MODERN_MALE_4 Operation=58 PlotIndex=1314
mission CityName=LOC_CITY_NAME_MONTREAL CompletionTurn=140 EscapeResult=-1 InitialResult=5 LevelAfter=2 LootInfo=-1 Name=LOC_CITIZEN_MAYA_MODERN_MALE_4 Operation=58 PlotIndex=1314
mission CityName=LOC_CITY_NAME_QUEBEC_CITY CompletionTurn=140 EscapeResult=2 InitialResult=4 LevelAfter=3 LootInfo=-1 Name=LOC_CITIZEN_MAYA_FEMALE_6 Operation=58 PlotIndex=1404
mission CityName=LOC_CITY_NAME_OTTAWA CompletionTurn=139 EscapeResult=-1 InitialResult=5 LevelAfter=4 LootInfo=-1 Name=LOC_CITIZEN_MAYA_MODERN_MALE_1 Operation=58 PlotIndex=978
mission CityName=LOC_CITY_NAME_VICTORIA CompletionTurn=138 EscapeResult=1 InitialResult=4 LevelAfter=2 LootInfo=-1 Name=LOC_CITIZEN_MAYA_MALE_2 Operation=58 PlotIndex=888
mission CityName=LOC_CITY_NAME_TORONTO CompletionTurn=137 EscapeResult=-1 InitialResult=5 LevelAfter=2 LootInfo=-1 Name=LOC_CITIZEN_MAYA_MODERN_FEMALE_4 Operation=58 PlotIndex=1818
mission CityName=LOC_CITY_NAME_QUEBEC_CITY CompletionTurn=136 EscapeResult=-1 InitialResult=1 LevelAfter=2 LootInfo=-1 Name=LOC_CITIZEN_MAYA_MODERN_MALE_9 Operation=58 PlotIndex=1404
mission CityName=LOC_CITY_NAME_HALIFAX CompletionTurn=135 EscapeResult=-1 InitialResult=5 LevelAfter=2 LootInfo=-1 Name=LOC_CITIZEN_MAYA_MODERN_FEMALE_8 Operation=58 PlotIndex=1409
mission CityName=LOC_CITY_NAME_OTTAWA CompletionTurn=135 EscapeResult=-1 InitialResult=5 LevelAfter=4 LootInfo=-1 Name=LOC_CITIZEN_MAYA_MODERN_MALE_1 Operation=58 PlotIndex=978
mission CityName=LOC_CITY_NAME_CALGARY CompletionTurn=133 EscapeResult=2 InitialResult=4 LevelAfter=3 LootInfo=-1 Name=LOC_CITIZEN_MAYA_MALE_8 Operation=58 PlotIndex=1991
mission CityName=LOC_CITY_NAME_MONTREAL CompletionTurn=132 EscapeResult=0 InitialResult=2 LevelAfter=1 LootInfo=-1 Name=LOC_CITIZEN_MAYA_MALE_5 Operation=58 PlotIndex=1314
mission CityName=LOC_CITY_NAME_QUEBEC_CITY CompletionTurn=131 EscapeResult=-1 InitialResult=5 LevelAfter=2 LootInfo=-1 Name=LOC_CITIZEN_MAYA_MODERN_MALE_9 Operation=58 PlotIndex=1404
mission CityName=LOC_CITY_NAME_OTTAWA CompletionTurn=130 EscapeResult=-1 InitialResult=5 LevelAfter=4 LootInfo=-1 Name=LOC_CITIZEN_MAYA_MODERN_MALE_1 Operation=58 PlotIndex=978
mission CityName=LOC_CITY_NAME_CALGARY CompletionTurn=129 EscapeResult=-1 InitialResult=3 LevelAfter=2 LootInfo=-1 Name=LOC_CITIZEN_MAYA_MALE_8 Operation=58 PlotIndex=1991
mission CityName=LOC_CITY_NAME_TORONTO CompletionTurn=129 EscapeResult=2 InitialResult=4 LevelAfter=3 LootInfo=-1 Name=LOC_CITIZEN_MAYA_MODERN_FEMALE_6 Operation=58 PlotIndex=1818
mission CityName=LOC_CITY_NAME_MONTREAL CompletionTurn=127 EscapeResult=2 InitialResult=2 LevelAfter=1 LootInfo=-1 Name=LOC_CITIZEN_MAYA_MALE_2 Operation=58 PlotIndex=1314
mission CityName=LOC_CITY_NAME_OTTAWA CompletionTurn=124 EscapeResult=-1 InitialResult=5 LevelAfter=4 LootInfo=-1 Name=LOC_CITIZEN_MAYA_MODERN_MALE_1 Operation=58 PlotIndex=978
mission CityName=LOC_CITY_NAME_CALGARY CompletionTurn=123 EscapeResult=-1 InitialResult=5 LevelAfter=2 LootInfo=-1 Name=LOC_CITIZEN_MAYA_MALE_8 Operation=58 PlotIndex=1991
mission CityName=LOC_CITY_NAME_HALIFAX CompletionTurn=121 EscapeResult=2 InitialResult=4 LevelAfter=2 LootInfo=-1 Name=LOC_CITIZEN_MAYA_FEMALE_6 Operation=58 PlotIndex=1409
mission CityName=LOC_CITY_NAME_OTTAWA CompletionTurn=120 EscapeResult=-1 InitialResult=3 LevelAfter=3 LootInfo=-1 Name=LOC_CITIZEN_MAYA_MODERN_MALE_1 Operation=58 PlotIndex=978
mission CityName=LOC_CITY_NAME_MONTREAL CompletionTurn=120 EscapeResult=-1 InitialResult=0 LevelAfter=2 LootInfo=-1 Name=LOC_CITIZEN_MAYA_FEMALE_7 Operation=58 PlotIndex=1314
mission CityName=LOC_CITY_NAME_QUEBEC_CITY CompletionTurn=118 EscapeResult=1 InitialResult=2 LevelAfter=1 LootInfo=-1 Name=LOC_CITIZEN_MAYA_MODERN_FEMALE_1 Operation=58 PlotIndex=1404
mission CityName=LOC_CITY_NAME_TORONTO CompletionTurn=118 EscapeResult=2 InitialResult=4 LevelAfter=2 LootInfo=-1 Name=LOC_CITIZEN_MAYA_MODERN_FEMALE_6 Operation=58 PlotIndex=1818
mission CityName=LOC_CITY_NAME_TORONTO CompletionTurn=114 EscapeResult=-1 InitialResult=1 LevelAfter=1 LootInfo=-1 Name=LOC_CITIZEN_MAYA_FEMALE_3 Operation=58 PlotIndex=1818
mission CityName=LOC_CITY_NAME_MONTREAL CompletionTurn=114 EscapeResult=-1 InitialResult=5 LevelAfter=2 LootInfo=-1 Name=LOC_CITIZEN_MAYA_FEMALE_7 Operation=58 PlotIndex=1314
mission CityName=LOC_CITY_NAME_OTTAWA CompletionTurn=113 EscapeResult=-1 InitialResult=5 LevelAfter=3 LootInfo=-1 Name=LOC_CITIZEN_MAYA_MODERN_MALE_1 Operation=58 PlotIndex=978
mission CityName=LOC_CITY_NAME_MONTREAL CompletionTurn=110 EscapeResult=-1 InitialResult=1 LevelAfter=1 LootInfo=-1 Name=LOC_CITIZEN_MAYA_MODERN_FEMALE_7 Operation=58 PlotIndex=1314
mission CityName=LOC_CITY_NAME_OTTAWA CompletionTurn=107 EscapeResult=-1 InitialResult=5 LevelAfter=2 LootInfo=-1 Name=LOC_CITIZEN_MAYA_MODERN_MALE_1 Operation=58 PlotIndex=978
tally 5  FOMENT_UNREST CAPTURED / NO_RESULT
tally 1  FOMENT_UNREST FAIL_MUST_ESCAPE / CAPTURED
tally 5  FOMENT_UNREST FAIL_MUST_ESCAPE / FAIL_MUST_ESCAPE
tally 6  FOMENT_UNREST FAIL_MUST_ESCAPE / KILLED
tally 7  FOMENT_UNREST FAIL_UNDETECTED / NO_RESULT
tally 1  FOMENT_UNREST KILLED / NO_RESULT
tally 1  FOMENT_UNREST SUCCESS_MUST_ESCAPE / CAPTURED
tally 13  FOMENT_UNREST SUCCESS_MUST_ESCAPE / FAIL_MUST_ESCAPE
tally 5  FOMENT_UNREST SUCCESS_MUST_ESCAPE / KILLED
tally 33  FOMENT_UNREST SUCCESS_UNDETECTED / NO_RESULT
turn 184 spies active 6 idle 1 missions 77 captured-enemy 0
spy 7405581 LOC_CITIZEN_MAYA_MODERN_MALE_1 level 4 at 65:16 busy
spy 9830427 LOC_CITIZEN_MAYA_MODERN_FEMALE_9 level 1 at 54:21 busy
spy 9306140 LOC_CITIZEN_MAYA_MALE_3 level 1 at 54:11 busy
spy 9764894 LOC_CITIZEN_MAYA_MALE_1 level 1 at 59:23 busy
spy 9109539 LOC_CITIZEN_MAYA_MALE_8 level 4 at 48:10 busy
spy 10092580 LOC_CITIZEN_MAYA_MODERN_FEMALE_2 level 3 at 36:42 travel
spy 10027046 LOC_CITIZEN_MAYA_MODERN_MALE_6 level 4 at 54:15 busy
turn 184 spies 7 started 0 travelled 1 promoted 0 bought 0 gold 50000
unblock: blocker ENDTURN_BLOCKING_PRODUCTION -> NARANJO builds UNIT_WARRIOR | end turn requested
unstuck: InGamePopup: open, no close
unblock: blocker ENDTURN_BLOCKING_FILL_CIVIC_SLOT -> nothing | end turn requested
unstuck: closed sessions [4:4]
unstuck: DiplomacyActionView: Closing Diplomacy Action View. m_eventID: 3224087
unstuck: InGamePopup: open, no close
mission CityName=LOC_CITY_NAME_VANCOUVER CompletionTurn=183 EscapeResult=0 InitialResult=4 LevelAfter=2 LootInfo=-1 Name=LOC_CITIZEN_MAYA_MALE_4 Operation=58 PlotIndex=1743
mission CityName=LOC_CITY_NAME_VICTORIA CompletionTurn=183 EscapeResult=-1 InitialResult=5 LevelAfter=4 LootInfo=-1 Name=LOC_CITIZEN_MAYA_MALE_8 Operation=58 PlotIndex=888
mission CityName=LOC_CITY_NAME_HALIFAX CompletionTurn=181 EscapeResult=-1 InitialResult=5 LevelAfter=4 LootInfo=-1 Name=LOC_CITIZEN_MAYA_MODERN_MALE_1 Operation=58 PlotIndex=1409
mission CityName=LOC_CITY_NAME_OTTAWA CompletionTurn=180 EscapeResult=-1 InitialResult=3 LevelAfter=1 LootInfo=-1 Name=LOC_CITIZEN_MAYA_MALE_3 Operation=58 PlotIndex=978
mission CityName=LOC_CITY_NAME_VICTORIA CompletionTurn=179 EscapeResult=-1 InitialResult=5 LevelAfter=4 LootInfo=-1 Name=LOC_CITIZEN_MAYA_MALE_8 Operation=58 PlotIndex=888
mission CityName=LOC_CITY_NAME_TORONTO CompletionTurn=179 EscapeResult=2 InitialResult=4 LevelAfter=3 LootInfo=-1 Name=LOC_CITIZEN_MAYA_MODERN_FEMALE_2 Operation=58 PlotIndex=1818
mission CityName=LOC_CITY_NAME_QUEBEC_CITY CompletionTurn=179 EscapeResult=2 InitialResult=4 LevelAfter=4 LootInfo=-1 Name=LOC_CITIZEN_MAYA_MODERN_FEMALE_4 Operation=58 PlotIndex=1404
mission CityName=LOC_CITY_NAME_MONTREAL CompletionTurn=178 EscapeResult=0 InitialResult=4 LevelAfter=4 LootInfo=-1 Name=LOC_CITIZEN_MAYA_MALE_7 Operation=58 PlotIndex=1314
mission CityName=LOC_CITY_NAME_HALIFAX CompletionTurn=177 EscapeResult=-1 InitialResult=5 LevelAfter=4 LootInfo=-1 Name=LOC_CITIZEN_MAYA_MODERN_MALE_1 Operation=58 PlotIndex=1409
mission CityName=LOC_CITY_NAME_CALGARY CompletionTurn=176 EscapeResult=2 InitialResult=4 LevelAfter=4 LootInfo=-1 Name=LOC_CITIZEN_MAYA_MODERN_MALE_6 Operation=58 PlotIndex=1991
mission CityName=LOC_CITY_NAME_TORONTO CompletionTurn=173 EscapeResult=-1 InitialResult=5 LevelAfter=2 LootInfo=-1 Name=LOC_CITIZEN_MAYA_MODERN_FEMALE_2 Operation=58 PlotIndex=1818
mission CityName=LOC_CITY_NAME_MONTREAL CompletionTurn=173 EscapeResult=0 InitialResult=4 LevelAfter=3 LootInfo=-1 Name=LOC_CITIZEN_MAYA_MODERN_FEMALE_3 Operation=58 PlotIndex=1314
mission CityName=LOC_CITY_NAME_HALIFAX CompletionTurn=173 EscapeResult=-1 InitialResult=5 LevelAfter=4 LootInfo=-1 Name=LOC_CITIZEN_MAYA_MODERN_MALE_1 Operation=58 PlotIndex=1409
mission CityName=LOC_CITY_NAME_CALGARY CompletionTurn=173 EscapeResult=-1 InitialResult=3 LevelAfter=4 LootInfo=-1 Name=LOC_CITIZEN_MAYA_MODERN_MALE_6 Operation=58 PlotIndex=1991
mission CityName=LOC_CITY_NAME_QUEBEC_CITY CompletionTurn=172 EscapeResult=0 InitialResult=2 LevelAfter=1 LootInfo=-1 Name=LOC_CITIZEN_MAYA_MODERN_FEMALE_5 Operation=58 PlotIndex=1404
mission CityName=LOC_CITY_NAME_OTTAWA CompletionTurn=172 EscapeResult=0 InitialResult=4 LevelAfter=4 LootInfo=-1 Name=LOC_CITIZEN_MAYA_FEMALE_1 Operation=58 PlotIndex=978
mission CityName=LOC_CITY_NAME_HALIFAX CompletionTurn=169 EscapeResult=-1 InitialResult=5 LevelAfter=4 LootInfo=-1 Name=LOC_CITIZEN_MAYA_MODERN_MALE_1 Operation=58 PlotIndex=1409
mission CityName=LOC_CITY_NAME_TORONTO CompletionTurn=168 EscapeResult=2 InitialResult=4 LevelAfter=4 LootInfo=-1 Name=LOC_CITIZEN_MAYA_MODERN_MALE_6 Operation=58 PlotIndex=1818
mission CityName=LOC_CITY_NAME_MONTREAL CompletionTurn=168 EscapeResult=2 InitialResult=4 LevelAfter=4 LootInfo=-1 Name=LOC_CITIZEN_MAYA_MALE_8 Operation=58 PlotIndex=1314
mission CityName=LOC_CITY_NAME_OTTAWA CompletionTurn=167 EscapeResult=-1 InitialResult=5 LevelAfter=4 LootInfo=-1 Name=LOC_CITIZEN_MAYA_FEMALE_1 Operation=58 PlotIndex=978
mission CityName=LOC_CITY_NAME_MONTREAL CompletionTurn=165 EscapeResult=-1 InitialResult=5 LevelAfter=3 LootInfo=-1 Name=LOC_CITIZEN_MAYA_MALE_7 Operation=58 PlotIndex=1314
mission CityName=LOC_CITY_NAME_HALIFAX CompletionTurn=165 EscapeResult=-1 InitialResult=5 LevelAfter=4 LootInfo=-1 Name=LOC_CITIZEN_MAYA_MODERN_MALE_1 Operation=58 PlotIndex=1409
mission CityName=LOC_CITY_NAME_MONTREAL CompletionTurn=164 EscapeResult=-1 InitialResult=5 LevelAfter=2 LootInfo=-1 Name=LOC_CITIZEN_MAYA_MALE_7 Operation=58 PlotIndex=1314
mission CityName=LOC_CITY_NAME_OTTAWA CompletionTurn=162 EscapeResult=-1 InitialResult=5 LevelAfter=3 LootInfo=-1 Name=LOC_CITIZEN_MAYA_FEMALE_1 Operation=58 PlotIndex=978
mission CityName=LOC_CITY_NAME_VANCOUVER CompletionTurn=162 EscapeResult=0 InitialResult=2 LevelAfter=1 LootInfo=-1 Name=LOC_CITIZEN_MAYA_FEMALE_8 Operation=58 PlotIndex=1743
mission CityName=LOC_CITY_NAME_CHARLOTTETOWN CompletionTurn=161 EscapeResult=0 InitialResult=2 LevelAfter=1 LootInfo=-1 Name=LOC_CITIZEN_MAYA_MALE_6 Operation=58 PlotIndex=1644
mission CityName=LOC_CITY_NAME_HALIFAX CompletionTurn=161 EscapeResult=-1 InitialResult=5 LevelAfter=4 LootInfo=-1 Name=LOC_CITIZEN_MAYA_MODERN_MALE_1 Operation=58 PlotIndex=1409
mission CityName=LOC_CITY_NAME_TE_HOKIANGA_NU_A_KUPE CompletionTurn=160 EscapeResult=2 InitialResult=2 LevelAfter=3 LootInfo=-1 Name=LOC_CITIZEN_MAYA_MODERN_FEMALE_4 Operation=58 PlotIndex=772
mission CityName=LOC_CITY_NAME_TORONTO CompletionTurn=160 EscapeResult=2 InitialResult=4 LevelAfter=3 LootInfo=-1 Name=LOC_CITIZEN_MAYA_MODERN_MALE_6 Operation=58 PlotIndex=1818
mission CityName=LOC_CITY_NAME_OTTAWA CompletionTurn=158 EscapeResult=-1 InitialResult=5 LevelAfter=2 LootInfo=-1 Name=LOC_CITIZEN_MAYA_FEMALE_1 Operation=58 PlotIndex=978
mission CityName=LOC_CITY_NAME_QUEBEC_CITY CompletionTurn=158 EscapeResult=-1 InitialResult=1 LevelAfter=2 LootInfo=-1 Name=LOC_CITIZEN_MAYA_FEMALE_4 Operation=58 PlotIndex=1404
mission CityName=LOC_CITY_NAME_VANCOUVER CompletionTurn=158 EscapeResult=-1 InitialResult=3 LevelAfter=1 LootInfo=-1 Name=LOC_CITIZEN_MAYA_FEMALE_8 Operation=58 PlotIndex=1743
mission CityName=LOC_CITY_NAME_TE_HOKIANGA_NU_A_KUPE CompletionTurn=154 EscapeResult=-1 InitialResult=5 LevelAfter=3 LootInfo=-1 Name=LOC_CITIZEN_MAYA_MODERN_FEMALE_4 Operation=58 PlotIndex=772
mission CityName=LOC_CITY_NAME_CALGARY CompletionTurn=154 EscapeResult=2 InitialResult=4 LevelAfter=4 LootInfo=-1 Name=LOC_CITIZEN_MAYA_MALE_8 Operation=58 PlotIndex=1991
mission CityName=LOC_CITY_NAME_TORONTO CompletionTurn=154 EscapeResult=-1 InitialResult=5 LevelAfter=2 LootInfo=-1 Name=LOC_CITIZEN_MAYA_MODERN_MALE_6 Operation=58 PlotIndex=1818
mission CityName=LOC_CITY_NAME_MONTREAL CompletionTurn=152 EscapeResult=2 InitialResult=2 LevelAfter=2 LootInfo=-1 Name=LOC_CITIZEN_MAYA_MODERN_FEMALE_3 Operation=58 PlotIndex=1314
mission CityName=LOC_CITY_NAME_VANCOUVER CompletionTurn=152 EscapeResult=-1 InitialResult=3 LevelAfter=1 LootInfo=-1 Name=LOC_CITIZEN_MAYA_FEMALE_8 Operation=58 PlotIndex=1743
mission CityName=LOC_CITY_NAME_VICTORIA CompletionTurn=152 EscapeResult=0 InitialResult=4 LevelAfter=4 LootInfo=-1 Name=LOC_CITIZEN_MAYA_FEMALE_6 Operation=58 PlotIndex=888
mission CityName=LOC_CITY_NAME_QUEBEC_CITY CompletionTurn=149 EscapeResult=-1 InitialResult=5 LevelAfter=2 LootInfo=-1 Name=LOC_CITIZEN_MAYA_FEMALE_4 Operation=58 PlotIndex=1404
mission CityName=LOC_CITY_NAME_HALIFAX CompletionTurn=149 EscapeResult=0 InitialResult=2 LevelAfter=3 LootInfo=-1 Name=LOC_CITIZEN_MAYA_MODERN_FEMALE_8 Operation=58 PlotIndex=1409
mission CityName=LOC_CITY_NAME_CALGARY CompletionTurn=149 EscapeResult=-1 InitialResult=5 LevelAfter=4 LootInfo=-1 Name=LOC_CITIZEN_MAYA_MALE_8 Operation=58 PlotIndex=1991
mission CityName=LOC_CITY_NAME_OTTAWA CompletionTurn=147 EscapeResult=2 InitialResult=4 LevelAfter=4 LootInfo=-1 Name=LOC_CITIZEN_MAYA_MODERN_MALE_1 Operation=58 PlotIndex=978
mission CityName=LOC_CITY_NAME_VANCOUVER CompletionTurn=145 EscapeResult=2 InitialResult=2 LevelAfter=1 LootInfo=-1 Name=LOC_CITIZEN_MAYA_FEMALE_1 Operation=58 PlotIndex=1743
mission CityName=LOC_CITY_NAME_MONTREAL CompletionTurn=144 EscapeResult=-1 InitialResult=5 LevelAfter=2 LootInfo=-1 Name=LOC_CITIZEN_MAYA_MODERN_FEMALE_3 Operation=58 PlotIndex=1314
mission CityName=LOC_CITY_NAME_TORONTO CompletionTurn=144 EscapeResult=2 InitialResult=2 LevelAfter=2 LootInfo=-1 Name=LOC_CITIZEN_MAYA_MODERN_FEMALE_4 Operation=58 PlotIndex=1818
mission CityName=LOC_CITY_NAME_VICTORIA CompletionTurn=143 EscapeResult=0 InitialResult=2 LevelAfter=3 LootInfo=-1 Name=LOC_CITIZEN_MAYA_MODERN_FEMALE_6 Operation=58 PlotIndex=888
mission CityName=LOC_CITY_NAME_OTTAWA CompletionTurn=143 EscapeResult=-1 InitialResult=3 LevelAfter=4 LootInfo=-1 Name=LOC_CITIZEN_MAYA_MODERN_MALE_1 Operation=58 PlotIndex=978
mission CityName=LOC_CITY_NAME_HALIFAX CompletionTurn=142 EscapeResult=-1 InitialResult=5 LevelAfter=3 LootInfo=-1 Name=LOC_CITIZEN_MAYA_MODERN_FEMALE_8 Operation=58 PlotIndex=1409
mission CityName=LOC_CITY_NAME_CALGARY CompletionTurn=142 EscapeResult=-1 InitialResult=5 LevelAfter=4 LootInfo=-1 Name=LOC_CITIZEN_MAYA_MALE_8 Operation=58 PlotIndex=1991
mission CityName=LOC_CITY_NAME_MONTREAL CompletionTurn=141 EscapeResult=-1 InitialResult=1 LevelAfter=2 LootInfo=-1 Name=LOC_CITIZEN_MAYA_MODERN_MALE_4 Operation=58 PlotIndex=1314
mission CityName=LOC_CITY_NAME_MONTREAL CompletionTurn=140 EscapeResult=-1 InitialResult=5 LevelAfter=2 LootInfo=-1 Name=LOC_CITIZEN_MAYA_MODERN_MALE_4 Operation=58 PlotIndex=1314
mission CityName=LOC_CITY_NAME_QUEBEC_CITY CompletionTurn=140 EscapeResult=2 InitialResult=4 LevelAfter=3 LootInfo=-1 Name=LOC_CITIZEN_MAYA_FEMALE_6 Operation=58 PlotIndex=1404
mission CityName=LOC_CITY_NAME_OTTAWA CompletionTurn=139 EscapeResult=-1 InitialResult=5 LevelAfter=4 LootInfo=-1 Name=LOC_CITIZEN_MAYA_MODERN_MALE_1 Operation=58 PlotIndex=978
mission CityName=LOC_CITY_NAME_VICTORIA CompletionTurn=138 EscapeResult=1 InitialResult=4 LevelAfter=2 LootInfo=-1 Name=LOC_CITIZEN_MAYA_MALE_2 Operation=58 PlotIndex=888
mission CityName=LOC_CITY_NAME_TORONTO CompletionTurn=137 EscapeResult=-1 InitialResult=5 LevelAfter=2 LootInfo=-1 Name=LOC_CITIZEN_MAYA_MODERN_FEMALE_4 Operation=58 PlotIndex=1818
mission CityName=LOC_CITY_NAME_QUEBEC_CITY CompletionTurn=136 EscapeResult=-1 InitialResult=1 LevelAfter=2 LootInfo=-1 Name=LOC_CITIZEN_MAYA_MODERN_MALE_9 Operation=58 PlotIndex=1404
mission CityName=LOC_CITY_NAME_HALIFAX CompletionTurn=135 EscapeResult=-1 InitialResult=5 LevelAfter=2 LootInfo=-1 Name=LOC_CITIZEN_MAYA_MODERN_FEMALE_8 Operation=58 PlotIndex=1409
mission CityName=LOC_CITY_NAME_OTTAWA CompletionTurn=135 EscapeResult=-1 InitialResult=5 LevelAfter=4 LootInfo=-1 Name=LOC_CITIZEN_MAYA_MODERN_MALE_1 Operation=58 PlotIndex=978
mission CityName=LOC_CITY_NAME_CALGARY CompletionTurn=133 EscapeResult=2 InitialResult=4 LevelAfter=3 LootInfo=-1 Name=LOC_CITIZEN_MAYA_MALE_8 Operation=58 PlotIndex=1991
mission CityName=LOC_CITY_NAME_MONTREAL CompletionTurn=132 EscapeResult=0 InitialResult=2 LevelAfter=1 LootInfo=-1 Name=LOC_CITIZEN_MAYA_MALE_5 Operation=58 PlotIndex=1314
mission CityName=LOC_CITY_NAME_QUEBEC_CITY CompletionTurn=131 EscapeResult=-1 InitialResult=5 LevelAfter=2 LootInfo=-1 Name=LOC_CITIZEN_MAYA_MODERN_MALE_9 Operation=58 PlotIndex=1404
mission CityName=LOC_CITY_NAME_OTTAWA CompletionTurn=130 EscapeResult=-1 InitialResult=5 LevelAfter=4 LootInfo=-1 Name=LOC_CITIZEN_MAYA_MODERN_MALE_1 Operation=58 PlotIndex=978
mission CityName=LOC_CITY_NAME_CALGARY CompletionTurn=129 EscapeResult=-1 InitialResult=3 LevelAfter=2 LootInfo=-1 Name=LOC_CITIZEN_MAYA_MALE_8 Operation=58 PlotIndex=1991
mission CityName=LOC_CITY_NAME_TORONTO CompletionTurn=129 EscapeResult=2 InitialResult=4 LevelAfter=3 LootInfo=-1 Name=LOC_CITIZEN_MAYA_MODERN_FEMALE_6 Operation=58 PlotIndex=1818
mission CityName=LOC_CITY_NAME_MONTREAL CompletionTurn=127 EscapeResult=2 InitialResult=2 LevelAfter=1 LootInfo=-1 Name=LOC_CITIZEN_MAYA_MALE_2 Operation=58 PlotIndex=1314
mission CityName=LOC_CITY_NAME_OTTAWA CompletionTurn=124 EscapeResult=-1 InitialResult=5 LevelAfter=4 LootInfo=-1 Name=LOC_CITIZEN_MAYA_MODERN_MALE_1 Operation=58 PlotIndex=978
mission CityName=LOC_CITY_NAME_CALGARY CompletionTurn=123 EscapeResult=-1 InitialResult=5 LevelAfter=2 LootInfo=-1 Name=LOC_CITIZEN_MAYA_MALE_8 Operation=58 PlotIndex=1991
mission CityName=LOC_CITY_NAME_HALIFAX CompletionTurn=121 EscapeResult=2 InitialResult=4 LevelAfter=2 LootInfo=-1 Name=LOC_CITIZEN_MAYA_FEMALE_6 Operation=58 PlotIndex=1409
mission CityName=LOC_CITY_NAME_OTTAWA CompletionTurn=120 EscapeResult=-1 InitialResult=3 LevelAfter=3 LootInfo=-1 Name=LOC_CITIZEN_MAYA_MODERN_MALE_1 Operation=58 PlotIndex=978
mission CityName=LOC_CITY_NAME_MONTREAL CompletionTurn=120 EscapeResult=-1 InitialResult=0 LevelAfter=2 LootInfo=-1 Name=LOC_CITIZEN_MAYA_FEMALE_7 Operation=58 PlotIndex=1314
mission CityName=LOC_CITY_NAME_QUEBEC_CITY CompletionTurn=118 EscapeResult=1 InitialResult=2 LevelAfter=1 LootInfo=-1 Name=LOC_CITIZEN_MAYA_MODERN_FEMALE_1 Operation=58 PlotIndex=1404
mission CityName=LOC_CITY_NAME_TORONTO CompletionTurn=118 EscapeResult=2 InitialResult=4 LevelAfter=2 LootInfo=-1 Name=LOC_CITIZEN_MAYA_MODERN_FEMALE_6 Operation=58 PlotIndex=1818
mission CityName=LOC_CITY_NAME_TORONTO CompletionTurn=114 EscapeResult=-1 InitialResult=1 LevelAfter=1 LootInfo=-1 Name=LOC_CITIZEN_MAYA_FEMALE_3 Operation=58 PlotIndex=1818
mission CityName=LOC_CITY_NAME_MONTREAL CompletionTurn=114 EscapeResult=-1 InitialResult=5 LevelAfter=2 LootInfo=-1 Name=LOC_CITIZEN_MAYA_FEMALE_7 Operation=58 PlotIndex=1314
mission CityName=LOC_CITY_NAME_OTTAWA CompletionTurn=113 EscapeResult=-1 InitialResult=5 LevelAfter=3 LootInfo=-1 Name=LOC_CITIZEN_MAYA_MODERN_MALE_1 Operation=58 PlotIndex=978
mission CityName=LOC_CITY_NAME_MONTREAL CompletionTurn=110 EscapeResult=-1 InitialResult=1 LevelAfter=1 LootInfo=-1 Name=LOC_CITIZEN_MAYA_MODERN_FEMALE_7 Operation=58 PlotIndex=1314
mission CityName=LOC_CITY_NAME_OTTAWA CompletionTurn=107 EscapeResult=-1 InitialResult=5 LevelAfter=2 LootInfo=-1 Name=LOC_CITIZEN_MAYA_MODERN_MALE_1 Operation=58 PlotIndex=978
tally 5  FOMENT_UNREST CAPTURED / NO_RESULT
tally 1  FOMENT_UNREST FAIL_MUST_ESCAPE / CAPTURED
tally 5  FOMENT_UNREST FAIL_MUST_ESCAPE / FAIL_MUST_ESCAPE
tally 6  FOMENT_UNREST FAIL_MUST_ESCAPE / KILLED
tally 7  FOMENT_UNREST FAIL_UNDETECTED / NO_RESULT
tally 1  FOMENT_UNREST KILLED / NO_RESULT
tally 1  FOMENT_UNREST SUCCESS_MUST_ESCAPE / CAPTURED
tally 13  FOMENT_UNREST SUCCESS_MUST_ESCAPE / FAIL_MUST_ESCAPE
tally 5  FOMENT_UNREST SUCCESS_MUST_ESCAPE / KILLED
tally 33  FOMENT_UNREST SUCCESS_UNDETECTED / NO_RESULT
turn 184 spies active 6 idle 0 missions 77 captured-enemy 0
spy 7405581 LOC_CITIZEN_MAYA_MODERN_MALE_1 level 4 at 65:16 busy
spy 9830427 LOC_CITIZEN_MAYA_MODERN_FEMALE_9 level 1 at 54:21 busy
spy 9306140 LOC_CITIZEN_MAYA_MALE_3 level 1 at 54:11 busy
spy 9764894 LOC_CITIZEN_MAYA_MALE_1 level 1 at 59:23 busy
spy 9109539 LOC_CITIZEN_MAYA_MALE_8 level 4 at 48:10 busy
spy 10027046 LOC_CITIZEN_MAYA_MODERN_MALE_6 level 4 at 54:15 busy
turn 184 spies 6 started 0 travelled 0 promoted 0 bought 1 gold 50000
unblock: blocker ENDTURN_BLOCKING_FILL_CIVIC_SLOT -> nothing | end turn requested
unstuck: InGamePopup: open, no close
unstuck: NaturalDisasterPopup: closed
unblock: blocker ENDTURN_BLOCKING_SPY_CHOOSE_ESCAPE_ROUTE -> escape route DISTRICT_COMMERCIAL_HUB of 2 for spy 9306140 LOC_CITIZEN_MAYA_MALE_3 level 1 turn 185 city LOC_CITY_NAME_OTTAWA p1 at 54:11 pursuer police | end turn requested
unstuck: closed sessions [3:3]
unstuck: DiplomacyActionView: Closing Diplomacy Action View. m_eventID: 3234292
unstuck: InGamePopup: open, no close
mission CityName=LOC_CITY_NAME_CALGARY CompletionTurn=185 EscapeResult=-1 InitialResult=5 LevelAfter=2 LootInfo=-1 Name=LOC_CITIZEN_MAYA_MALE_1 Operation=58 PlotIndex=1991
mission CityName=LOC_CITY_NAME_OTTAWA CompletionTurn=185 EscapeResult=-1 InitialResult=4 LevelAfter=2 LootInfo=-1 Name=LOC_CITIZEN_MAYA_MALE_3 Operation=58 PlotIndex=978
mission CityName=LOC_CITY_NAME_HALIFAX CompletionTurn=185 EscapeResult=-1 InitialResult=5 LevelAfter=4 LootInfo=-1 Name=LOC_CITIZEN_MAYA_MODERN_MALE_1 Operation=58 PlotIndex=1409
mission CityName=LOC_CITY_NAME_VANCOUVER CompletionTurn=183 EscapeResult=0 InitialResult=4 LevelAfter=2 LootInfo=-1 Name=LOC_CITIZEN_MAYA_MALE_4 Operation=58 PlotIndex=1743
mission CityName=LOC_CITY_NAME_VICTORIA CompletionTurn=183 EscapeResult=-1 InitialResult=5 LevelAfter=4 LootInfo=-1 Name=LOC_CITIZEN_MAYA_MALE_8 Operation=58 PlotIndex=888
mission CityName=LOC_CITY_NAME_HALIFAX CompletionTurn=181 EscapeResult=-1 InitialResult=5 LevelAfter=4 LootInfo=-1 Name=LOC_CITIZEN_MAYA_MODERN_MALE_1 Operation=58 PlotIndex=1409
mission CityName=LOC_CITY_NAME_OTTAWA CompletionTurn=180 EscapeResult=-1 InitialResult=3 LevelAfter=1 LootInfo=-1 Name=LOC_CITIZEN_MAYA_MALE_3 Operation=58 PlotIndex=978
mission CityName=LOC_CITY_NAME_VICTORIA CompletionTurn=179 EscapeResult=-1 InitialResult=5 LevelAfter=4 LootInfo=-1 Name=LOC_CITIZEN_MAYA_MALE_8 Operation=58 PlotIndex=888
mission CityName=LOC_CITY_NAME_TORONTO CompletionTurn=179 EscapeResult=2 InitialResult=4 LevelAfter=3 LootInfo=-1 Name=LOC_CITIZEN_MAYA_MODERN_FEMALE_2 Operation=58 PlotIndex=1818
mission CityName=LOC_CITY_NAME_QUEBEC_CITY CompletionTurn=179 EscapeResult=2 InitialResult=4 LevelAfter=4 LootInfo=-1 Name=LOC_CITIZEN_MAYA_MODERN_FEMALE_4 Operation=58 PlotIndex=1404
mission CityName=LOC_CITY_NAME_MONTREAL CompletionTurn=178 EscapeResult=0 InitialResult=4 LevelAfter=4 LootInfo=-1 Name=LOC_CITIZEN_MAYA_MALE_7 Operation=58 PlotIndex=1314
mission CityName=LOC_CITY_NAME_HALIFAX CompletionTurn=177 EscapeResult=-1 InitialResult=5 LevelAfter=4 LootInfo=-1 Name=LOC_CITIZEN_MAYA_MODERN_MALE_1 Operation=58 PlotIndex=1409
mission CityName=LOC_CITY_NAME_CALGARY CompletionTurn=176 EscapeResult=2 InitialResult=4 LevelAfter=4 LootInfo=-1 Name=LOC_CITIZEN_MAYA_MODERN_MALE_6 Operation=58 PlotIndex=1991
mission CityName=LOC_CITY_NAME_TORONTO CompletionTurn=173 EscapeResult=-1 InitialResult=5 LevelAfter=2 LootInfo=-1 Name=LOC_CITIZEN_MAYA_MODERN_FEMALE_2 Operation=58 PlotIndex=1818
mission CityName=LOC_CITY_NAME_MONTREAL CompletionTurn=173 EscapeResult=0 InitialResult=4 LevelAfter=3 LootInfo=-1 Name=LOC_CITIZEN_MAYA_MODERN_FEMALE_3 Operation=58 PlotIndex=1314
mission CityName=LOC_CITY_NAME_HALIFAX CompletionTurn=173 EscapeResult=-1 InitialResult=5 LevelAfter=4 LootInfo=-1 Name=LOC_CITIZEN_MAYA_MODERN_MALE_1 Operation=58 PlotIndex=1409
mission CityName=LOC_CITY_NAME_CALGARY CompletionTurn=173 EscapeResult=-1 InitialResult=3 LevelAfter=4 LootInfo=-1 Name=LOC_CITIZEN_MAYA_MODERN_MALE_6 Operation=58 PlotIndex=1991
mission CityName=LOC_CITY_NAME_QUEBEC_CITY CompletionTurn=172 EscapeResult=0 InitialResult=2 LevelAfter=1 LootInfo=-1 Name=LOC_CITIZEN_MAYA_MODERN_FEMALE_5 Operation=58 PlotIndex=1404
mission CityName=LOC_CITY_NAME_OTTAWA CompletionTurn=172 EscapeResult=0 InitialResult=4 LevelAfter=4 LootInfo=-1 Name=LOC_CITIZEN_MAYA_FEMALE_1 Operation=58 PlotIndex=978
mission CityName=LOC_CITY_NAME_HALIFAX CompletionTurn=169 EscapeResult=-1 InitialResult=5 LevelAfter=4 LootInfo=-1 Name=LOC_CITIZEN_MAYA_MODERN_MALE_1 Operation=58 PlotIndex=1409
mission CityName=LOC_CITY_NAME_TORONTO CompletionTurn=168 EscapeResult=2 InitialResult=4 LevelAfter=4 LootInfo=-1 Name=LOC_CITIZEN_MAYA_MODERN_MALE_6 Operation=58 PlotIndex=1818
mission CityName=LOC_CITY_NAME_MONTREAL CompletionTurn=168 EscapeResult=2 InitialResult=4 LevelAfter=4 LootInfo=-1 Name=LOC_CITIZEN_MAYA_MALE_8 Operation=58 PlotIndex=1314
mission CityName=LOC_CITY_NAME_OTTAWA CompletionTurn=167 EscapeResult=-1 InitialResult=5 LevelAfter=4 LootInfo=-1 Name=LOC_CITIZEN_MAYA_FEMALE_1 Operation=58 PlotIndex=978
mission CityName=LOC_CITY_NAME_MONTREAL CompletionTurn=165 EscapeResult=-1 InitialResult=5 LevelAfter=3 LootInfo=-1 Name=LOC_CITIZEN_MAYA_MALE_7 Operation=58 PlotIndex=1314
mission CityName=LOC_CITY_NAME_HALIFAX CompletionTurn=165 EscapeResult=-1 InitialResult=5 LevelAfter=4 LootInfo=-1 Name=LOC_CITIZEN_MAYA_MODERN_MALE_1 Operation=58 PlotIndex=1409
mission CityName=LOC_CITY_NAME_MONTREAL CompletionTurn=164 EscapeResult=-1 InitialResult=5 LevelAfter=2 LootInfo=-1 Name=LOC_CITIZEN_MAYA_MALE_7 Operation=58 PlotIndex=1314
mission CityName=LOC_CITY_NAME_OTTAWA CompletionTurn=162 EscapeResult=-1 InitialResult=5 LevelAfter=3 LootInfo=-1 Name=LOC_CITIZEN_MAYA_FEMALE_1 Operation=58 PlotIndex=978
mission CityName=LOC_CITY_NAME_VANCOUVER CompletionTurn=162 EscapeResult=0 InitialResult=2 LevelAfter=1 LootInfo=-1 Name=LOC_CITIZEN_MAYA_FEMALE_8 Operation=58 PlotIndex=1743
mission CityName=LOC_CITY_NAME_CHARLOTTETOWN CompletionTurn=161 EscapeResult=0 InitialResult=2 LevelAfter=1 LootInfo=-1 Name=LOC_CITIZEN_MAYA_MALE_6 Operation=58 PlotIndex=1644
mission CityName=LOC_CITY_NAME_HALIFAX CompletionTurn=161 EscapeResult=-1 InitialResult=5 LevelAfter=4 LootInfo=-1 Name=LOC_CITIZEN_MAYA_MODERN_MALE_1 Operation=58 PlotIndex=1409
mission CityName=LOC_CITY_NAME_TE_HOKIANGA_NU_A_KUPE CompletionTurn=160 EscapeResult=2 InitialResult=2 LevelAfter=3 LootInfo=-1 Name=LOC_CITIZEN_MAYA_MODERN_FEMALE_4 Operation=58 PlotIndex=772
mission CityName=LOC_CITY_NAME_TORONTO CompletionTurn=160 EscapeResult=2 InitialResult=4 LevelAfter=3 LootInfo=-1 Name=LOC_CITIZEN_MAYA_MODERN_MALE_6 Operation=58 PlotIndex=1818
mission CityName=LOC_CITY_NAME_OTTAWA CompletionTurn=158 EscapeResult=-1 InitialResult=5 LevelAfter=2 LootInfo=-1 Name=LOC_CITIZEN_MAYA_FEMALE_1 Operation=58 PlotIndex=978
mission CityName=LOC_CITY_NAME_QUEBEC_CITY CompletionTurn=158 EscapeResult=-1 InitialResult=1 LevelAfter=2 LootInfo=-1 Name=LOC_CITIZEN_MAYA_FEMALE_4 Operation=58 PlotIndex=1404
mission CityName=LOC_CITY_NAME_VANCOUVER CompletionTurn=158 EscapeResult=-1 InitialResult=3 LevelAfter=1 LootInfo=-1 Name=LOC_CITIZEN_MAYA_FEMALE_8 Operation=58 PlotIndex=1743
mission CityName=LOC_CITY_NAME_TE_HOKIANGA_NU_A_KUPE CompletionTurn=154 EscapeResult=-1 InitialResult=5 LevelAfter=3 LootInfo=-1 Name=LOC_CITIZEN_MAYA_MODERN_FEMALE_4 Operation=58 PlotIndex=772
mission CityName=LOC_CITY_NAME_CALGARY CompletionTurn=154 EscapeResult=2 InitialResult=4 LevelAfter=4 LootInfo=-1 Name=LOC_CITIZEN_MAYA_MALE_8 Operation=58 PlotIndex=1991
mission CityName=LOC_CITY_NAME_TORONTO CompletionTurn=154 EscapeResult=-1 InitialResult=5 LevelAfter=2 LootInfo=-1 Name=LOC_CITIZEN_MAYA_MODERN_MALE_6 Operation=58 PlotIndex=1818
mission CityName=LOC_CITY_NAME_MONTREAL CompletionTurn=152 EscapeResult=2 InitialResult=2 LevelAfter=2 LootInfo=-1 Name=LOC_CITIZEN_MAYA_MODERN_FEMALE_3 Operation=58 PlotIndex=1314
mission CityName=LOC_CITY_NAME_VANCOUVER CompletionTurn=152 EscapeResult=-1 InitialResult=3 LevelAfter=1 LootInfo=-1 Name=LOC_CITIZEN_MAYA_FEMALE_8 Operation=58 PlotIndex=1743
mission CityName=LOC_CITY_NAME_VICTORIA CompletionTurn=152 EscapeResult=0 InitialResult=4 LevelAfter=4 LootInfo=-1 Name=LOC_CITIZEN_MAYA_FEMALE_6 Operation=58 PlotIndex=888
mission CityName=LOC_CITY_NAME_QUEBEC_CITY CompletionTurn=149 EscapeResult=-1 InitialResult=5 LevelAfter=2 LootInfo=-1 Name=LOC_CITIZEN_MAYA_FEMALE_4 Operation=58 PlotIndex=1404
mission CityName=LOC_CITY_NAME_HALIFAX CompletionTurn=149 EscapeResult=0 InitialResult=2 LevelAfter=3 LootInfo=-1 Name=LOC_CITIZEN_MAYA_MODERN_FEMALE_8 Operation=58 PlotIndex=1409
mission CityName=LOC_CITY_NAME_CALGARY CompletionTurn=149 EscapeResult=-1 InitialResult=5 LevelAfter=4 LootInfo=-1 Name=LOC_CITIZEN_MAYA_MALE_8 Operation=58 PlotIndex=1991
mission CityName=LOC_CITY_NAME_OTTAWA CompletionTurn=147 EscapeResult=2 InitialResult=4 LevelAfter=4 LootInfo=-1 Name=LOC_CITIZEN_MAYA_MODERN_MALE_1 Operation=58 PlotIndex=978
mission CityName=LOC_CITY_NAME_VANCOUVER CompletionTurn=145 EscapeResult=2 InitialResult=2 LevelAfter=1 LootInfo=-1 Name=LOC_CITIZEN_MAYA_FEMALE_1 Operation=58 PlotIndex=1743
mission CityName=LOC_CITY_NAME_MONTREAL CompletionTurn=144 EscapeResult=-1 InitialResult=5 LevelAfter=2 LootInfo=-1 Name=LOC_CITIZEN_MAYA_MODERN_FEMALE_3 Operation=58 PlotIndex=1314
mission CityName=LOC_CITY_NAME_TORONTO CompletionTurn=144 EscapeResult=2 InitialResult=2 LevelAfter=2 LootInfo=-1 Name=LOC_CITIZEN_MAYA_MODERN_FEMALE_4 Operation=58 PlotIndex=1818
mission CityName=LOC_CITY_NAME_VICTORIA CompletionTurn=143 EscapeResult=0 InitialResult=2 LevelAfter=3 LootInfo=-1 Name=LOC_CITIZEN_MAYA_MODERN_FEMALE_6 Operation=58 PlotIndex=888
mission CityName=LOC_CITY_NAME_OTTAWA CompletionTurn=143 EscapeResult=-1 InitialResult=3 LevelAfter=4 LootInfo=-1 Name=LOC_CITIZEN_MAYA_MODERN_MALE_1 Operation=58 PlotIndex=978
mission CityName=LOC_CITY_NAME_HALIFAX CompletionTurn=142 EscapeResult=-1 InitialResult=5 LevelAfter=3 LootInfo=-1 Name=LOC_CITIZEN_MAYA_MODERN_FEMALE_8 Operation=58 PlotIndex=1409
mission CityName=LOC_CITY_NAME_CALGARY CompletionTurn=142 EscapeResult=-1 InitialResult=5 LevelAfter=4 LootInfo=-1 Name=LOC_CITIZEN_MAYA_MALE_8 Operation=58 PlotIndex=1991
mission CityName=LOC_CITY_NAME_MONTREAL CompletionTurn=141 EscapeResult=-1 InitialResult=1 LevelAfter=2 LootInfo=-1 Name=LOC_CITIZEN_MAYA_MODERN_MALE_4 Operation=58 PlotIndex=1314
mission CityName=LOC_CITY_NAME_MONTREAL CompletionTurn=140 EscapeResult=-1 InitialResult=5 LevelAfter=2 LootInfo=-1 Name=LOC_CITIZEN_MAYA_MODERN_MALE_4 Operation=58 PlotIndex=1314
mission CityName=LOC_CITY_NAME_QUEBEC_CITY CompletionTurn=140 EscapeResult=2 InitialResult=4 LevelAfter=3 LootInfo=-1 Name=LOC_CITIZEN_MAYA_FEMALE_6 Operation=58 PlotIndex=1404
mission CityName=LOC_CITY_NAME_OTTAWA CompletionTurn=139 EscapeResult=-1 InitialResult=5 LevelAfter=4 LootInfo=-1 Name=LOC_CITIZEN_MAYA_MODERN_MALE_1 Operation=58 PlotIndex=978
mission CityName=LOC_CITY_NAME_VICTORIA CompletionTurn=138 EscapeResult=1 InitialResult=4 LevelAfter=2 LootInfo=-1 Name=LOC_CITIZEN_MAYA_MALE_2 Operation=58 PlotIndex=888
mission CityName=LOC_CITY_NAME_TORONTO CompletionTurn=137 EscapeResult=-1 InitialResult=5 LevelAfter=2 LootInfo=-1 Name=LOC_CITIZEN_MAYA_MODERN_FEMALE_4 Operation=58 PlotIndex=1818
mission CityName=LOC_CITY_NAME_QUEBEC_CITY CompletionTurn=136 EscapeResult=-1 InitialResult=1 LevelAfter=2 LootInfo=-1 Name=LOC_CITIZEN_MAYA_MODERN_MALE_9 Operation=58 PlotIndex=1404
mission CityName=LOC_CITY_NAME_HALIFAX CompletionTurn=135 EscapeResult=-1 InitialResult=5 LevelAfter=2 LootInfo=-1 Name=LOC_CITIZEN_MAYA_MODERN_FEMALE_8 Operation=58 PlotIndex=1409
mission CityName=LOC_CITY_NAME_OTTAWA CompletionTurn=135 EscapeResult=-1 InitialResult=5 LevelAfter=4 LootInfo=-1 Name=LOC_CITIZEN_MAYA_MODERN_MALE_1 Operation=58 PlotIndex=978
mission CityName=LOC_CITY_NAME_CALGARY CompletionTurn=133 EscapeResult=2 InitialResult=4 LevelAfter=3 LootInfo=-1 Name=LOC_CITIZEN_MAYA_MALE_8 Operation=58 PlotIndex=1991
mission CityName=LOC_CITY_NAME_MONTREAL CompletionTurn=132 EscapeResult=0 InitialResult=2 LevelAfter=1 LootInfo=-1 Name=LOC_CITIZEN_MAYA_MALE_5 Operation=58 PlotIndex=1314
mission CityName=LOC_CITY_NAME_QUEBEC_CITY CompletionTurn=131 EscapeResult=-1 InitialResult=5 LevelAfter=2 LootInfo=-1 Name=LOC_CITIZEN_MAYA_MODERN_MALE_9 Operation=58 PlotIndex=1404
mission CityName=LOC_CITY_NAME_OTTAWA CompletionTurn=130 EscapeResult=-1 InitialResult=5 LevelAfter=4 LootInfo=-1 Name=LOC_CITIZEN_MAYA_MODERN_MALE_1 Operation=58 PlotIndex=978
mission CityName=LOC_CITY_NAME_CALGARY CompletionTurn=129 EscapeResult=-1 InitialResult=3 LevelAfter=2 LootInfo=-1 Name=LOC_CITIZEN_MAYA_MALE_8 Operation=58 PlotIndex=1991
mission CityName=LOC_CITY_NAME_TORONTO CompletionTurn=129 EscapeResult=2 InitialResult=4 LevelAfter=3 LootInfo=-1 Name=LOC_CITIZEN_MAYA_MODERN_FEMALE_6 Operation=58 PlotIndex=1818
mission CityName=LOC_CITY_NAME_MONTREAL CompletionTurn=127 EscapeResult=2 InitialResult=2 LevelAfter=1 LootInfo=-1 Name=LOC_CITIZEN_MAYA_MALE_2 Operation=58 PlotIndex=1314
mission CityName=LOC_CITY_NAME_OTTAWA CompletionTurn=124 EscapeResult=-1 InitialResult=5 LevelAfter=4 LootInfo=-1 Name=LOC_CITIZEN_MAYA_MODERN_MALE_1 Operation=58 PlotIndex=978
mission CityName=LOC_CITY_NAME_CALGARY CompletionTurn=123 EscapeResult=-1 InitialResult=5 LevelAfter=2 LootInfo=-1 Name=LOC_CITIZEN_MAYA_MALE_8 Operation=58 PlotIndex=1991
mission CityName=LOC_CITY_NAME_HALIFAX CompletionTurn=121 EscapeResult=2 InitialResult=4 LevelAfter=2 LootInfo=-1 Name=LOC_CITIZEN_MAYA_FEMALE_6 Operation=58 PlotIndex=1409
mission CityName=LOC_CITY_NAME_OTTAWA CompletionTurn=120 EscapeResult=-1 InitialResult=3 LevelAfter=3 LootInfo=-1 Name=LOC_CITIZEN_MAYA_MODERN_MALE_1 Operation=58 PlotIndex=978
mission CityName=LOC_CITY_NAME_MONTREAL CompletionTurn=120 EscapeResult=-1 InitialResult=0 LevelAfter=2 LootInfo=-1 Name=LOC_CITIZEN_MAYA_FEMALE_7 Operation=58 PlotIndex=1314
mission CityName=LOC_CITY_NAME_QUEBEC_CITY CompletionTurn=118 EscapeResult=1 InitialResult=2 LevelAfter=1 LootInfo=-1 Name=LOC_CITIZEN_MAYA_MODERN_FEMALE_1 Operation=58 PlotIndex=1404
mission CityName=LOC_CITY_NAME_TORONTO CompletionTurn=118 EscapeResult=2 InitialResult=4 LevelAfter=2 LootInfo=-1 Name=LOC_CITIZEN_MAYA_MODERN_FEMALE_6 Operation=58 PlotIndex=1818
mission CityName=LOC_CITY_NAME_TORONTO CompletionTurn=114 EscapeResult=-1 InitialResult=1 LevelAfter=1 LootInfo=-1 Name=LOC_CITIZEN_MAYA_FEMALE_3 Operation=58 PlotIndex=1818
mission CityName=LOC_CITY_NAME_MONTREAL CompletionTurn=114 EscapeResult=-1 InitialResult=5 LevelAfter=2 LootInfo=-1 Name=LOC_CITIZEN_MAYA_FEMALE_7 Operation=58 PlotIndex=1314
mission CityName=LOC_CITY_NAME_OTTAWA CompletionTurn=113 EscapeResult=-1 InitialResult=5 LevelAfter=3 LootInfo=-1 Name=LOC_CITIZEN_MAYA_MODERN_MALE_1 Operation=58 PlotIndex=978
mission CityName=LOC_CITY_NAME_MONTREAL CompletionTurn=110 EscapeResult=-1 InitialResult=1 LevelAfter=1 LootInfo=-1 Name=LOC_CITIZEN_MAYA_MODERN_FEMALE_7 Operation=58 PlotIndex=1314
mission CityName=LOC_CITY_NAME_OTTAWA CompletionTurn=107 EscapeResult=-1 InitialResult=5 LevelAfter=2 LootInfo=-1 Name=LOC_CITIZEN_MAYA_MODERN_MALE_1 Operation=58 PlotIndex=978
tally 5  FOMENT_UNREST CAPTURED / NO_RESULT
tally 1  FOMENT_UNREST FAIL_MUST_ESCAPE / CAPTURED
tally 5  FOMENT_UNREST FAIL_MUST_ESCAPE / FAIL_MUST_ESCAPE
tally 6  FOMENT_UNREST FAIL_MUST_ESCAPE / KILLED
tally 7  FOMENT_UNREST FAIL_UNDETECTED / NO_RESULT
tally 1  FOMENT_UNREST KILLED / NO_RESULT
tally 1  FOMENT_UNREST SUCCESS_MUST_ESCAPE / CAPTURED
tally 13  FOMENT_UNREST SUCCESS_MUST_ESCAPE / FAIL_MUST_ESCAPE
tally 5  FOMENT_UNREST SUCCESS_MUST_ESCAPE / KILLED
tally 1  FOMENT_UNREST SUCCESS_MUST_ESCAPE / NO_RESULT
tally 35  FOMENT_UNREST SUCCESS_UNDETECTED / NO_RESULT
turn 186 spies active 4 idle 3 missions 80 captured-enemy 0
spy 7405581 LOC_CITIZEN_MAYA_MODERN_MALE_1 level 4 at 65:16 start
spy 9830427 LOC_CITIZEN_MAYA_MODERN_FEMALE_9 level 1 at 54:21 start
spy 9306140 LOC_CITIZEN_MAYA_MALE_3 level 1 at 54:11 busy
spy 9764894 LOC_CITIZEN_MAYA_MALE_1 level 1 at 59:23 start
spy 9109539 LOC_CITIZEN_MAYA_MALE_8 level 4 at 48:10 busy
spy 10223652 LOC_CITIZEN_MAYA_MODERN_FEMALE_4 level 4 at 60:16 start
spy 10027046 LOC_CITIZEN_MAYA_MODERN_MALE_6 level 4 at 54:15 start
spy 10289191 LOC_CITIZEN_MAYA_MODERN_FEMALE_2 level 3 at 60:16 start
turn 186 spies 8 started 6 travelled 0 promoted 2 bought 1 gold 50000
unblock: blocker ENDTURN_BLOCKING_SPY_CHOOSE_ESCAPE_ROUTE -> escape route DISTRICT_COMMERCIAL_HUB of 2 for spy 9306140 LOC_CITIZEN_MAYA_MALE_3 level 2 turn 186 city LOC_CITY_NAME_OTTAWA p1 at 54:11 pursuer police | end turn requested
unstuck: InGamePopup: open, no close
unblock: blocker ENDTURN_BLOCKING_PRODUCTION -> NARANJO builds UNIT_WARRIOR | end turn requested
unstuck: closed sessions [2:2]
unstuck: DiplomacyActionView: Closing Diplomacy Action View. m_eventID: 3243883
unstuck: InGamePopup: open, no close
unblock: blocker ENDTURN_BLOCKING_PRODUCTION -> NARANJO builds UNIT_WARRIOR | end turn requested
unstuck: InGamePopup: open, no close
mission CityName=LOC_CITY_NAME_VICTORIA CompletionTurn=187 EscapeResult=-1 InitialResult=5 LevelAfter=4 LootInfo=-1 Name=LOC_CITIZEN_MAYA_MALE_8 Operation=58 PlotIndex=888
mission CityName=LOC_CITY_NAME_MONTREAL CompletionTurn=186 EscapeResult=-1 InitialResult=3 LevelAfter=4 LootInfo=-1 Name=LOC_CITIZEN_MAYA_MODERN_MALE_6 Operation=58 PlotIndex=1314
mission CityName=LOC_CITY_NAME_TORONTO CompletionTurn=186 EscapeResult=-1 InitialResult=3 LevelAfter=1 LootInfo=-1 Name=LOC_CITIZEN_MAYA_MODERN_FEMALE_9 Operation=58 PlotIndex=1818
mission CityName=LOC_CITY_NAME_CALGARY CompletionTurn=185 EscapeResult=-1 InitialResult=5 LevelAfter=2 LootInfo=-1 Name=LOC_CITIZEN_MAYA_MALE_1 Operation=58 PlotIndex=1991
mission CityName=LOC_CITY_NAME_OTTAWA CompletionTurn=185 EscapeResult=2 InitialResult=4 LevelAfter=2 LootInfo=-1 Name=LOC_CITIZEN_MAYA_MALE_3 Operation=58 PlotIndex=978
mission CityName=LOC_CITY_NAME_HALIFAX CompletionTurn=185 EscapeResult=-1 InitialResult=5 LevelAfter=4 LootInfo=-1 Name=LOC_CITIZEN_MAYA_MODERN_MALE_1 Operation=58 PlotIndex=1409
mission CityName=LOC_CITY_NAME_VANCOUVER CompletionTurn=183 EscapeResult=0 InitialResult=4 LevelAfter=2 LootInfo=-1 Name=LOC_CITIZEN_MAYA_MALE_4 Operation=58 PlotIndex=1743
mission CityName=LOC_CITY_NAME_VICTORIA CompletionTurn=183 EscapeResult=-1 InitialResult=5 LevelAfter=4 LootInfo=-1 Name=LOC_CITIZEN_MAYA_MALE_8 Operation=58 PlotIndex=888
mission CityName=LOC_CITY_NAME_HALIFAX CompletionTurn=181 EscapeResult=-1 InitialResult=5 LevelAfter=4 LootInfo=-1 Name=LOC_CITIZEN_MAYA_MODERN_MALE_1 Operation=58 PlotIndex=1409
mission CityName=LOC_CITY_NAME_OTTAWA CompletionTurn=180 EscapeResult=-1 InitialResult=3 LevelAfter=1 LootInfo=-1 Name=LOC_CITIZEN_MAYA_MALE_3 Operation=58 PlotIndex=978
mission CityName=LOC_CITY_NAME_VICTORIA CompletionTurn=179 EscapeResult=-1 InitialResult=5 LevelAfter=4 LootInfo=-1 Name=LOC_CITIZEN_MAYA_MALE_8 Operation=58 PlotIndex=888
mission CityName=LOC_CITY_NAME_TORONTO CompletionTurn=179 EscapeResult=2 InitialResult=4 LevelAfter=3 LootInfo=-1 Name=LOC_CITIZEN_MAYA_MODERN_FEMALE_2 Operation=58 PlotIndex=1818
mission CityName=LOC_CITY_NAME_QUEBEC_CITY CompletionTurn=179 EscapeResult=2 InitialResult=4 LevelAfter=4 LootInfo=-1 Name=LOC_CITIZEN_MAYA_MODERN_FEMALE_4 Operation=58 PlotIndex=1404
mission CityName=LOC_CITY_NAME_MONTREAL CompletionTurn=178 EscapeResult=0 InitialResult=4 LevelAfter=4 LootInfo=-1 Name=LOC_CITIZEN_MAYA_MALE_7 Operation=58 PlotIndex=1314
mission CityName=LOC_CITY_NAME_HALIFAX CompletionTurn=177 EscapeResult=-1 InitialResult=5 LevelAfter=4 LootInfo=-1 Name=LOC_CITIZEN_MAYA_MODERN_MALE_1 Operation=58 PlotIndex=1409
mission CityName=LOC_CITY_NAME_CALGARY CompletionTurn=176 EscapeResult=2 InitialResult=4 LevelAfter=4 LootInfo=-1 Name=LOC_CITIZEN_MAYA_MODERN_MALE_6 Operation=58 PlotIndex=1991
mission CityName=LOC_CITY_NAME_TORONTO CompletionTurn=173 EscapeResult=-1 InitialResult=5 LevelAfter=2 LootInfo=-1 Name=LOC_CITIZEN_MAYA_MODERN_FEMALE_2 Operation=58 PlotIndex=1818
mission CityName=LOC_CITY_NAME_MONTREAL CompletionTurn=173 EscapeResult=0 InitialResult=4 LevelAfter=3 LootInfo=-1 Name=LOC_CITIZEN_MAYA_MODERN_FEMALE_3 Operation=58 PlotIndex=1314
mission CityName=LOC_CITY_NAME_HALIFAX CompletionTurn=173 EscapeResult=-1 InitialResult=5 LevelAfter=4 LootInfo=-1 Name=LOC_CITIZEN_MAYA_MODERN_MALE_1 Operation=58 PlotIndex=1409
mission CityName=LOC_CITY_NAME_CALGARY CompletionTurn=173 EscapeResult=-1 InitialResult=3 LevelAfter=4 LootInfo=-1 Name=LOC_CITIZEN_MAYA_MODERN_MALE_6 Operation=58 PlotIndex=1991
mission CityName=LOC_CITY_NAME_QUEBEC_CITY CompletionTurn=172 EscapeResult=0 InitialResult=2 LevelAfter=1 LootInfo=-1 Name=LOC_CITIZEN_MAYA_MODERN_FEMALE_5 Operation=58 PlotIndex=1404
mission CityName=LOC_CITY_NAME_OTTAWA CompletionTurn=172 EscapeResult=0 InitialResult=4 LevelAfter=4 LootInfo=-1 Name=LOC_CITIZEN_MAYA_FEMALE_1 Operation=58 PlotIndex=978
mission CityName=LOC_CITY_NAME_HALIFAX CompletionTurn=169 EscapeResult=-1 InitialResult=5 LevelAfter=4 LootInfo=-1 Name=LOC_CITIZEN_MAYA_MODERN_MALE_1 Operation=58 PlotIndex=1409
mission CityName=LOC_CITY_NAME_TORONTO CompletionTurn=168 EscapeResult=2 InitialResult=4 LevelAfter=4 LootInfo=-1 Name=LOC_CITIZEN_MAYA_MODERN_MALE_6 Operation=58 PlotIndex=1818
mission CityName=LOC_CITY_NAME_MONTREAL CompletionTurn=168 EscapeResult=2 InitialResult=4 LevelAfter=4 LootInfo=-1 Name=LOC_CITIZEN_MAYA_MALE_8 Operation=58 PlotIndex=1314
mission CityName=LOC_CITY_NAME_OTTAWA CompletionTurn=167 EscapeResult=-1 InitialResult=5 LevelAfter=4 LootInfo=-1 Name=LOC_CITIZEN_MAYA_FEMALE_1 Operation=58 PlotIndex=978
mission CityName=LOC_CITY_NAME_MONTREAL CompletionTurn=165 EscapeResult=-1 InitialResult=5 LevelAfter=3 LootInfo=-1 Name=LOC_CITIZEN_MAYA_MALE_7 Operation=58 PlotIndex=1314
mission CityName=LOC_CITY_NAME_HALIFAX CompletionTurn=165 EscapeResult=-1 InitialResult=5 LevelAfter=4 LootInfo=-1 Name=LOC_CITIZEN_MAYA_MODERN_MALE_1 Operation=58 PlotIndex=1409
mission CityName=LOC_CITY_NAME_MONTREAL CompletionTurn=164 EscapeResult=-1 InitialResult=5 LevelAfter=2 LootInfo=-1 Name=LOC_CITIZEN_MAYA_MALE_7 Operation=58 PlotIndex=1314
mission CityName=LOC_CITY_NAME_OTTAWA CompletionTurn=162 EscapeResult=-1 InitialResult=5 LevelAfter=3 LootInfo=-1 Name=LOC_CITIZEN_MAYA_FEMALE_1 Operation=58 PlotIndex=978
mission CityName=LOC_CITY_NAME_VANCOUVER CompletionTurn=162 EscapeResult=0 InitialResult=2 LevelAfter=1 LootInfo=-1 Name=LOC_CITIZEN_MAYA_FEMALE_8 Operation=58 PlotIndex=1743
mission CityName=LOC_CITY_NAME_CHARLOTTETOWN CompletionTurn=161 EscapeResult=0 InitialResult=2 LevelAfter=1 LootInfo=-1 Name=LOC_CITIZEN_MAYA_MALE_6 Operation=58 PlotIndex=1644
mission CityName=LOC_CITY_NAME_HALIFAX CompletionTurn=161 EscapeResult=-1 InitialResult=5 LevelAfter=4 LootInfo=-1 Name=LOC_CITIZEN_MAYA_MODERN_MALE_1 Operation=58 PlotIndex=1409
mission CityName=LOC_CITY_NAME_TE_HOKIANGA_NU_A_KUPE CompletionTurn=160 EscapeResult=2 InitialResult=2 LevelAfter=3 LootInfo=-1 Name=LOC_CITIZEN_MAYA_MODERN_FEMALE_4 Operation=58 PlotIndex=772
mission CityName=LOC_CITY_NAME_TORONTO CompletionTurn=160 EscapeResult=2 InitialResult=4 LevelAfter=3 LootInfo=-1 Name=LOC_CITIZEN_MAYA_MODERN_MALE_6 Operation=58 PlotIndex=1818
mission CityName=LOC_CITY_NAME_OTTAWA CompletionTurn=158 EscapeResult=-1 InitialResult=5 LevelAfter=2 LootInfo=-1 Name=LOC_CITIZEN_MAYA_FEMALE_1 Operation=58 PlotIndex=978
mission CityName=LOC_CITY_NAME_QUEBEC_CITY CompletionTurn=158 EscapeResult=-1 InitialResult=1 LevelAfter=2 LootInfo=-1 Name=LOC_CITIZEN_MAYA_FEMALE_4 Operation=58 PlotIndex=1404
mission CityName=LOC_CITY_NAME_VANCOUVER CompletionTurn=158 EscapeResult=-1 InitialResult=3 LevelAfter=1 LootInfo=-1 Name=LOC_CITIZEN_MAYA_FEMALE_8 Operation=58 PlotIndex=1743
mission CityName=LOC_CITY_NAME_TE_HOKIANGA_NU_A_KUPE CompletionTurn=154 EscapeResult=-1 InitialResult=5 LevelAfter=3 LootInfo=-1 Name=LOC_CITIZEN_MAYA_MODERN_FEMALE_4 Operation=58 PlotIndex=772
mission CityName=LOC_CITY_NAME_CALGARY CompletionTurn=154 EscapeResult=2 InitialResult=4 LevelAfter=4 LootInfo=-1 Name=LOC_CITIZEN_MAYA_MALE_8 Operation=58 PlotIndex=1991
mission CityName=LOC_CITY_NAME_TORONTO CompletionTurn=154 EscapeResult=-1 InitialResult=5 LevelAfter=2 LootInfo=-1 Name=LOC_CITIZEN_MAYA_MODERN_MALE_6 Operation=58 PlotIndex=1818
mission CityName=LOC_CITY_NAME_MONTREAL CompletionTurn=152 EscapeResult=2 InitialResult=2 LevelAfter=2 LootInfo=-1 Name=LOC_CITIZEN_MAYA_MODERN_FEMALE_3 Operation=58 PlotIndex=1314
mission CityName=LOC_CITY_NAME_VANCOUVER CompletionTurn=152 EscapeResult=-1 InitialResult=3 LevelAfter=1 LootInfo=-1 Name=LOC_CITIZEN_MAYA_FEMALE_8 Operation=58 PlotIndex=1743
mission CityName=LOC_CITY_NAME_VICTORIA CompletionTurn=152 EscapeResult=0 InitialResult=4 LevelAfter=4 LootInfo=-1 Name=LOC_CITIZEN_MAYA_FEMALE_6 Operation=58 PlotIndex=888
mission CityName=LOC_CITY_NAME_QUEBEC_CITY CompletionTurn=149 EscapeResult=-1 InitialResult=5 LevelAfter=2 LootInfo=-1 Name=LOC_CITIZEN_MAYA_FEMALE_4 Operation=58 PlotIndex=1404
mission CityName=LOC_CITY_NAME_HALIFAX CompletionTurn=149 EscapeResult=0 InitialResult=2 LevelAfter=3 LootInfo=-1 Name=LOC_CITIZEN_MAYA_MODERN_FEMALE_8 Operation=58 PlotIndex=1409
mission CityName=LOC_CITY_NAME_CALGARY CompletionTurn=149 EscapeResult=-1 InitialResult=5 LevelAfter=4 LootInfo=-1 Name=LOC_CITIZEN_MAYA_MALE_8 Operation=58 PlotIndex=1991
mission CityName=LOC_CITY_NAME_OTTAWA CompletionTurn=147 EscapeResult=2 InitialResult=4 LevelAfter=4 LootInfo=-1 Name=LOC_CITIZEN_MAYA_MODERN_MALE_1 Operation=58 PlotIndex=978
mission CityName=LOC_CITY_NAME_VANCOUVER CompletionTurn=145 EscapeResult=2 InitialResult=2 LevelAfter=1 LootInfo=-1 Name=LOC_CITIZEN_MAYA_FEMALE_1 Operation=58 PlotIndex=1743
mission CityName=LOC_CITY_NAME_MONTREAL CompletionTurn=144 EscapeResult=-1 InitialResult=5 LevelAfter=2 LootInfo=-1 Name=LOC_CITIZEN_MAYA_MODERN_FEMALE_3 Operation=58 PlotIndex=1314
mission CityName=LOC_CITY_NAME_TORONTO CompletionTurn=144 EscapeResult=2 InitialResult=2 LevelAfter=2 LootInfo=-1 Name=LOC_CITIZEN_MAYA_MODERN_FEMALE_4 Operation=58 PlotIndex=1818
mission CityName=LOC_CITY_NAME_VICTORIA CompletionTurn=143 EscapeResult=0 InitialResult=2 LevelAfter=3 LootInfo=-1 Name=LOC_CITIZEN_MAYA_MODERN_FEMALE_6 Operation=58 PlotIndex=888
mission CityName=LOC_CITY_NAME_OTTAWA CompletionTurn=143 EscapeResult=-1 InitialResult=3 LevelAfter=4 LootInfo=-1 Name=LOC_CITIZEN_MAYA_MODERN_MALE_1 Operation=58 PlotIndex=978
mission CityName=LOC_CITY_NAME_HALIFAX CompletionTurn=142 EscapeResult=-1 InitialResult=5 LevelAfter=3 LootInfo=-1 Name=LOC_CITIZEN_MAYA_MODERN_FEMALE_8 Operation=58 PlotIndex=1409
mission CityName=LOC_CITY_NAME_CALGARY CompletionTurn=142 EscapeResult=-1 InitialResult=5 LevelAfter=4 LootInfo=-1 Name=LOC_CITIZEN_MAYA_MALE_8 Operation=58 PlotIndex=1991
mission CityName=LOC_CITY_NAME_MONTREAL CompletionTurn=141 EscapeResult=-1 InitialResult=1 LevelAfter=2 LootInfo=-1 Name=LOC_CITIZEN_MAYA_MODERN_MALE_4 Operation=58 PlotIndex=1314
mission CityName=LOC_CITY_NAME_MONTREAL CompletionTurn=140 EscapeResult=-1 InitialResult=5 LevelAfter=2 LootInfo=-1 Name=LOC_CITIZEN_MAYA_MODERN_MALE_4 Operation=58 PlotIndex=1314
mission CityName=LOC_CITY_NAME_QUEBEC_CITY CompletionTurn=140 EscapeResult=2 InitialResult=4 LevelAfter=3 LootInfo=-1 Name=LOC_CITIZEN_MAYA_FEMALE_6 Operation=58 PlotIndex=1404
mission CityName=LOC_CITY_NAME_OTTAWA CompletionTurn=139 EscapeResult=-1 InitialResult=5 LevelAfter=4 LootInfo=-1 Name=LOC_CITIZEN_MAYA_MODERN_MALE_1 Operation=58 PlotIndex=978
mission CityName=LOC_CITY_NAME_VICTORIA CompletionTurn=138 EscapeResult=1 InitialResult=4 LevelAfter=2 LootInfo=-1 Name=LOC_CITIZEN_MAYA_MALE_2 Operation=58 PlotIndex=888
mission CityName=LOC_CITY_NAME_TORONTO CompletionTurn=137 EscapeResult=-1 InitialResult=5 LevelAfter=2 LootInfo=-1 Name=LOC_CITIZEN_MAYA_MODERN_FEMALE_4 Operation=58 PlotIndex=1818
mission CityName=LOC_CITY_NAME_QUEBEC_CITY CompletionTurn=136 EscapeResult=-1 InitialResult=1 LevelAfter=2 LootInfo=-1 Name=LOC_CITIZEN_MAYA_MODERN_MALE_9 Operation=58 PlotIndex=1404
mission CityName=LOC_CITY_NAME_HALIFAX CompletionTurn=135 EscapeResult=-1 InitialResult=5 LevelAfter=2 LootInfo=-1 Name=LOC_CITIZEN_MAYA_MODERN_FEMALE_8 Operation=58 PlotIndex=1409
mission CityName=LOC_CITY_NAME_OTTAWA CompletionTurn=135 EscapeResult=-1 InitialResult=5 LevelAfter=4 LootInfo=-1 Name=LOC_CITIZEN_MAYA_MODERN_MALE_1 Operation=58 PlotIndex=978
mission CityName=LOC_CITY_NAME_CALGARY CompletionTurn=133 EscapeResult=2 InitialResult=4 LevelAfter=3 LootInfo=-1 Name=LOC_CITIZEN_MAYA_MALE_8 Operation=58 PlotIndex=1991
mission CityName=LOC_CITY_NAME_MONTREAL CompletionTurn=132 EscapeResult=0 InitialResult=2 LevelAfter=1 LootInfo=-1 Name=LOC_CITIZEN_MAYA_MALE_5 Operation=58 PlotIndex=1314
mission CityName=LOC_CITY_NAME_QUEBEC_CITY CompletionTurn=131 EscapeResult=-1 InitialResult=5 LevelAfter=2 LootInfo=-1 Name=LOC_CITIZEN_MAYA_MODERN_MALE_9 Operation=58 PlotIndex=1404
mission CityName=LOC_CITY_NAME_OTTAWA CompletionTurn=130 EscapeResult=-1 InitialResult=5 LevelAfter=4 LootInfo=-1 Name=LOC_CITIZEN_MAYA_MODERN_MALE_1 Operation=58 PlotIndex=978
mission CityName=LOC_CITY_NAME_CALGARY CompletionTurn=129 EscapeResult=-1 InitialResult=3 LevelAfter=2 LootInfo=-1 Name=LOC_CITIZEN_MAYA_MALE_8 Operation=58 PlotIndex=1991
mission CityName=LOC_CITY_NAME_TORONTO CompletionTurn=129 EscapeResult=2 InitialResult=4 LevelAfter=3 LootInfo=-1 Name=LOC_CITIZEN_MAYA_MODERN_FEMALE_6 Operation=58 PlotIndex=1818
mission CityName=LOC_CITY_NAME_MONTREAL CompletionTurn=127 EscapeResult=2 InitialResult=2 LevelAfter=1 LootInfo=-1 Name=LOC_CITIZEN_MAYA_MALE_2 Operation=58 PlotIndex=1314
mission CityName=LOC_CITY_NAME_OTTAWA CompletionTurn=124 EscapeResult=-1 InitialResult=5 LevelAfter=4 LootInfo=-1 Name=LOC_CITIZEN_MAYA_MODERN_MALE_1 Operation=58 PlotIndex=978
mission CityName=LOC_CITY_NAME_CALGARY CompletionTurn=123 EscapeResult=-1 InitialResult=5 LevelAfter=2 LootInfo=-1 Name=LOC_CITIZEN_MAYA_MALE_8 Operation=58 PlotIndex=1991
mission CityName=LOC_CITY_NAME_HALIFAX CompletionTurn=121 EscapeResult=2 InitialResult=4 LevelAfter=2 LootInfo=-1 Name=LOC_CITIZEN_MAYA_FEMALE_6 Operation=58 PlotIndex=1409
mission CityName=LOC_CITY_NAME_OTTAWA CompletionTurn=120 EscapeResult=-1 InitialResult=3 LevelAfter=3 LootInfo=-1 Name=LOC_CITIZEN_MAYA_MODERN_MALE_1 Operation=58 PlotIndex=978
mission CityName=LOC_CITY_NAME_MONTREAL CompletionTurn=120 EscapeResult=-1 InitialResult=0 LevelAfter=2 LootInfo=-1 Name=LOC_CITIZEN_MAYA_FEMALE_7 Operation=58 PlotIndex=1314
mission CityName=LOC_CITY_NAME_QUEBEC_CITY CompletionTurn=118 EscapeResult=1 InitialResult=2 LevelAfter=1 LootInfo=-1 Name=LOC_CITIZEN_MAYA_MODERN_FEMALE_1 Operation=58 PlotIndex=1404
mission CityName=LOC_CITY_NAME_TORONTO CompletionTurn=118 EscapeResult=2 InitialResult=4 LevelAfter=2 LootInfo=-1 Name=LOC_CITIZEN_MAYA_MODERN_FEMALE_6 Operation=58 PlotIndex=1818
mission CityName=LOC_CITY_NAME_TORONTO CompletionTurn=114 EscapeResult=-1 InitialResult=1 LevelAfter=1 LootInfo=-1 Name=LOC_CITIZEN_MAYA_FEMALE_3 Operation=58 PlotIndex=1818
mission CityName=LOC_CITY_NAME_MONTREAL CompletionTurn=114 EscapeResult=-1 InitialResult=5 LevelAfter=2 LootInfo=-1 Name=LOC_CITIZEN_MAYA_FEMALE_7 Operation=58 PlotIndex=1314
mission CityName=LOC_CITY_NAME_OTTAWA CompletionTurn=113 EscapeResult=-1 InitialResult=5 LevelAfter=3 LootInfo=-1 Name=LOC_CITIZEN_MAYA_MODERN_MALE_1 Operation=58 PlotIndex=978
mission CityName=LOC_CITY_NAME_MONTREAL CompletionTurn=110 EscapeResult=-1 InitialResult=1 LevelAfter=1 LootInfo=-1 Name=LOC_CITIZEN_MAYA_MODERN_FEMALE_7 Operation=58 PlotIndex=1314
mission CityName=LOC_CITY_NAME_OTTAWA CompletionTurn=107 EscapeResult=-1 InitialResult=5 LevelAfter=2 LootInfo=-1 Name=LOC_CITIZEN_MAYA_MODERN_MALE_1 Operation=58 PlotIndex=978
tally 5  FOMENT_UNREST CAPTURED / NO_RESULT
tally 1  FOMENT_UNREST FAIL_MUST_ESCAPE / CAPTURED
tally 5  FOMENT_UNREST FAIL_MUST_ESCAPE / FAIL_MUST_ESCAPE
tally 6  FOMENT_UNREST FAIL_MUST_ESCAPE / KILLED
tally 9  FOMENT_UNREST FAIL_UNDETECTED / NO_RESULT
tally 1  FOMENT_UNREST KILLED / NO_RESULT
tally 1  FOMENT_UNREST SUCCESS_MUST_ESCAPE / CAPTURED
tally 14  FOMENT_UNREST SUCCESS_MUST_ESCAPE / FAIL_MUST_ESCAPE
tally 5  FOMENT_UNREST SUCCESS_MUST_ESCAPE / KILLED
tally 36  FOMENT_UNREST SUCCESS_UNDETECTED / NO_RESULT
turn 187 spies active 5 idle 3 missions 83 captured-enemy 0
spy 7405581 LOC_CITIZEN_MAYA_MODERN_MALE_1 level 4 at 65:16 busy
spy 9830427 LOC_CITIZEN_MAYA_MODERN_FEMALE_9 level 1 at 54:21 busy
spy 9764894 LOC_CITIZEN_MAYA_MALE_1 level 2 at 59:23 busy
spy 9109539 LOC_CITIZEN_MAYA_MALE_8 level 4 at 48:10 start
spy 10223652 LOC_CITIZEN_MAYA_MODERN_FEMALE_4 level 4 at 60:16 busy
spy 10027046 LOC_CITIZEN_MAYA_MODERN_MALE_6 level 4 at 54:15 busy
spy 10289191 LOC_CITIZEN_MAYA_MODERN_FEMALE_2 level 3 at 60:16 refused
spy 10420265 LOC_CITIZEN_MAYA_MODERN_MALE_10 level 1 at 36:42 travel
turn 187 spies 8 started 1 travelled 1 promoted 0 bought 0 gold 50000
unblock: blocker ENDTURN_BLOCKING_PRODUCTION -> NARANJO builds UNIT_WARRIOR | end turn requested
unstuck: InGamePopup: open, no close
unblock: blocker ENDTURN_BLOCKING_FILL_CIVIC_SLOT -> nothing | end turn requested
unstuck: InGamePopup: open, no close
unblock: blocker ENDTURN_BLOCKING_FILL_CIVIC_SLOT -> nothing | end turn requested
unstuck: closed sessions [6:6]
unstuck: DiplomacyActionView: Closing Diplomacy Action View. m_eventID: 3260298
unstuck: InGamePopup: open, no close
mission CityName=LOC_CITY_NAME_VICTORIA CompletionTurn=187 EscapeResult=-1 InitialResult=5 LevelAfter=4 LootInfo=-1 Name=LOC_CITIZEN_MAYA_MALE_8 Operation=58 PlotIndex=888
mission CityName=LOC_CITY_NAME_MONTREAL CompletionTurn=186 EscapeResult=-1 InitialResult=3 LevelAfter=4 LootInfo=-1 Name=LOC_CITIZEN_MAYA_MODERN_MALE_6 Operation=58 PlotIndex=1314
mission CityName=LOC_CITY_NAME_TORONTO CompletionTurn=186 EscapeResult=-1 InitialResult=3 LevelAfter=1 LootInfo=-1 Name=LOC_CITIZEN_MAYA_MODERN_FEMALE_9 Operation=58 PlotIndex=1818
mission CityName=LOC_CITY_NAME_CALGARY CompletionTurn=185 EscapeResult=-1 InitialResult=5 LevelAfter=2 LootInfo=-1 Name=LOC_CITIZEN_MAYA_MALE_1 Operation=58 PlotIndex=1991
mission CityName=LOC_CITY_NAME_OTTAWA CompletionTurn=185 EscapeResult=2 InitialResult=4 LevelAfter=2 LootInfo=-1 Name=LOC_CITIZEN_MAYA_MALE_3 Operation=58 PlotIndex=978
mission CityName=LOC_CITY_NAME_HALIFAX CompletionTurn=185 EscapeResult=-1 InitialResult=5 LevelAfter=4 LootInfo=-1 Name=LOC_CITIZEN_MAYA_MODERN_MALE_1 Operation=58 PlotIndex=1409
mission CityName=LOC_CITY_NAME_VANCOUVER CompletionTurn=183 EscapeResult=0 InitialResult=4 LevelAfter=2 LootInfo=-1 Name=LOC_CITIZEN_MAYA_MALE_4 Operation=58 PlotIndex=1743
mission CityName=LOC_CITY_NAME_VICTORIA CompletionTurn=183 EscapeResult=-1 InitialResult=5 LevelAfter=4 LootInfo=-1 Name=LOC_CITIZEN_MAYA_MALE_8 Operation=58 PlotIndex=888
mission CityName=LOC_CITY_NAME_HALIFAX CompletionTurn=181 EscapeResult=-1 InitialResult=5 LevelAfter=4 LootInfo=-1 Name=LOC_CITIZEN_MAYA_MODERN_MALE_1 Operation=58 PlotIndex=1409
mission CityName=LOC_CITY_NAME_OTTAWA CompletionTurn=180 EscapeResult=-1 InitialResult=3 LevelAfter=1 LootInfo=-1 Name=LOC_CITIZEN_MAYA_MALE_3 Operation=58 PlotIndex=978
mission CityName=LOC_CITY_NAME_VICTORIA CompletionTurn=179 EscapeResult=-1 InitialResult=5 LevelAfter=4 LootInfo=-1 Name=LOC_CITIZEN_MAYA_MALE_8 Operation=58 PlotIndex=888
mission CityName=LOC_CITY_NAME_TORONTO CompletionTurn=179 EscapeResult=2 InitialResult=4 LevelAfter=3 LootInfo=-1 Name=LOC_CITIZEN_MAYA_MODERN_FEMALE_2 Operation=58 PlotIndex=1818
mission CityName=LOC_CITY_NAME_QUEBEC_CITY CompletionTurn=179 EscapeResult=2 InitialResult=4 LevelAfter=4 LootInfo=-1 Name=LOC_CITIZEN_MAYA_MODERN_FEMALE_4 Operation=58 PlotIndex=1404
mission CityName=LOC_CITY_NAME_MONTREAL CompletionTurn=178 EscapeResult=0 InitialResult=4 LevelAfter=4 LootInfo=-1 Name=LOC_CITIZEN_MAYA_MALE_7 Operation=58 PlotIndex=1314
mission CityName=LOC_CITY_NAME_HALIFAX CompletionTurn=177 EscapeResult=-1 InitialResult=5 LevelAfter=4 LootInfo=-1 Name=LOC_CITIZEN_MAYA_MODERN_MALE_1 Operation=58 PlotIndex=1409
mission CityName=LOC_CITY_NAME_CALGARY CompletionTurn=176 EscapeResult=2 InitialResult=4 LevelAfter=4 LootInfo=-1 Name=LOC_CITIZEN_MAYA_MODERN_MALE_6 Operation=58 PlotIndex=1991
mission CityName=LOC_CITY_NAME_TORONTO CompletionTurn=173 EscapeResult=-1 InitialResult=5 LevelAfter=2 LootInfo=-1 Name=LOC_CITIZEN_MAYA_MODERN_FEMALE_2 Operation=58 PlotIndex=1818
mission CityName=LOC_CITY_NAME_MONTREAL CompletionTurn=173 EscapeResult=0 InitialResult=4 LevelAfter=3 LootInfo=-1 Name=LOC_CITIZEN_MAYA_MODERN_FEMALE_3 Operation=58 PlotIndex=1314
mission CityName=LOC_CITY_NAME_HALIFAX CompletionTurn=173 EscapeResult=-1 InitialResult=5 LevelAfter=4 LootInfo=-1 Name=LOC_CITIZEN_MAYA_MODERN_MALE_1 Operation=58 PlotIndex=1409
mission CityName=LOC_CITY_NAME_CALGARY CompletionTurn=173 EscapeResult=-1 InitialResult=3 LevelAfter=4 LootInfo=-1 Name=LOC_CITIZEN_MAYA_MODERN_MALE_6 Operation=58 PlotIndex=1991
mission CityName=LOC_CITY_NAME_QUEBEC_CITY CompletionTurn=172 EscapeResult=0 InitialResult=2 LevelAfter=1 LootInfo=-1 Name=LOC_CITIZEN_MAYA_MODERN_FEMALE_5 Operation=58 PlotIndex=1404
mission CityName=LOC_CITY_NAME_OTTAWA CompletionTurn=172 EscapeResult=0 InitialResult=4 LevelAfter=4 LootInfo=-1 Name=LOC_CITIZEN_MAYA_FEMALE_1 Operation=58 PlotIndex=978
mission CityName=LOC_CITY_NAME_HALIFAX CompletionTurn=169 EscapeResult=-1 InitialResult=5 LevelAfter=4 LootInfo=-1 Name=LOC_CITIZEN_MAYA_MODERN_MALE_1 Operation=58 PlotIndex=1409
mission CityName=LOC_CITY_NAME_TORONTO CompletionTurn=168 EscapeResult=2 InitialResult=4 LevelAfter=4 LootInfo=-1 Name=LOC_CITIZEN_MAYA_MODERN_MALE_6 Operation=58 PlotIndex=1818
mission CityName=LOC_CITY_NAME_MONTREAL CompletionTurn=168 EscapeResult=2 InitialResult=4 LevelAfter=4 LootInfo=-1 Name=LOC_CITIZEN_MAYA_MALE_8 Operation=58 PlotIndex=1314
mission CityName=LOC_CITY_NAME_OTTAWA CompletionTurn=167 EscapeResult=-1 InitialResult=5 LevelAfter=4 LootInfo=-1 Name=LOC_CITIZEN_MAYA_FEMALE_1 Operation=58 PlotIndex=978
mission CityName=LOC_CITY_NAME_MONTREAL CompletionTurn=165 EscapeResult=-1 InitialResult=5 LevelAfter=3 LootInfo=-1 Name=LOC_CITIZEN_MAYA_MALE_7 Operation=58 PlotIndex=1314
mission CityName=LOC_CITY_NAME_HALIFAX CompletionTurn=165 EscapeResult=-1 InitialResult=5 LevelAfter=4 LootInfo=-1 Name=LOC_CITIZEN_MAYA_MODERN_MALE_1 Operation=58 PlotIndex=1409
mission CityName=LOC_CITY_NAME_MONTREAL CompletionTurn=164 EscapeResult=-1 InitialResult=5 LevelAfter=2 LootInfo=-1 Name=LOC_CITIZEN_MAYA_MALE_7 Operation=58 PlotIndex=1314
mission CityName=LOC_CITY_NAME_OTTAWA CompletionTurn=162 EscapeResult=-1 InitialResult=5 LevelAfter=3 LootInfo=-1 Name=LOC_CITIZEN_MAYA_FEMALE_1 Operation=58 PlotIndex=978
mission CityName=LOC_CITY_NAME_VANCOUVER CompletionTurn=162 EscapeResult=0 InitialResult=2 LevelAfter=1 LootInfo=-1 Name=LOC_CITIZEN_MAYA_FEMALE_8 Operation=58 PlotIndex=1743
mission CityName=LOC_CITY_NAME_CHARLOTTETOWN CompletionTurn=161 EscapeResult=0 InitialResult=2 LevelAfter=1 LootInfo=-1 Name=LOC_CITIZEN_MAYA_MALE_6 Operation=58 PlotIndex=1644
mission CityName=LOC_CITY_NAME_HALIFAX CompletionTurn=161 EscapeResult=-1 InitialResult=5 LevelAfter=4 LootInfo=-1 Name=LOC_CITIZEN_MAYA_MODERN_MALE_1 Operation=58 PlotIndex=1409
mission CityName=LOC_CITY_NAME_TE_HOKIANGA_NU_A_KUPE CompletionTurn=160 EscapeResult=2 InitialResult=2 LevelAfter=3 LootInfo=-1 Name=LOC_CITIZEN_MAYA_MODERN_FEMALE_4 Operation=58 PlotIndex=772
mission CityName=LOC_CITY_NAME_TORONTO CompletionTurn=160 EscapeResult=2 InitialResult=4 LevelAfter=3 LootInfo=-1 Name=LOC_CITIZEN_MAYA_MODERN_MALE_6 Operation=58 PlotIndex=1818
mission CityName=LOC_CITY_NAME_OTTAWA CompletionTurn=158 EscapeResult=-1 InitialResult=5 LevelAfter=2 LootInfo=-1 Name=LOC_CITIZEN_MAYA_FEMALE_1 Operation=58 PlotIndex=978
mission CityName=LOC_CITY_NAME_QUEBEC_CITY CompletionTurn=158 EscapeResult=-1 InitialResult=1 LevelAfter=2 LootInfo=-1 Name=LOC_CITIZEN_MAYA_FEMALE_4 Operation=58 PlotIndex=1404
mission CityName=LOC_CITY_NAME_VANCOUVER CompletionTurn=158 EscapeResult=-1 InitialResult=3 LevelAfter=1 LootInfo=-1 Name=LOC_CITIZEN_MAYA_FEMALE_8 Operation=58 PlotIndex=1743
mission CityName=LOC_CITY_NAME_TE_HOKIANGA_NU_A_KUPE CompletionTurn=154 EscapeResult=-1 InitialResult=5 LevelAfter=3 LootInfo=-1 Name=LOC_CITIZEN_MAYA_MODERN_FEMALE_4 Operation=58 PlotIndex=772
mission CityName=LOC_CITY_NAME_CALGARY CompletionTurn=154 EscapeResult=2 InitialResult=4 LevelAfter=4 LootInfo=-1 Name=LOC_CITIZEN_MAYA_MALE_8 Operation=58 PlotIndex=1991
mission CityName=LOC_CITY_NAME_TORONTO CompletionTurn=154 EscapeResult=-1 InitialResult=5 LevelAfter=2 LootInfo=-1 Name=LOC_CITIZEN_MAYA_MODERN_MALE_6 Operation=58 PlotIndex=1818
mission CityName=LOC_CITY_NAME_MONTREAL CompletionTurn=152 EscapeResult=2 InitialResult=2 LevelAfter=2 LootInfo=-1 Name=LOC_CITIZEN_MAYA_MODERN_FEMALE_3 Operation=58 PlotIndex=1314
mission CityName=LOC_CITY_NAME_VANCOUVER CompletionTurn=152 EscapeResult=-1 InitialResult=3 LevelAfter=1 LootInfo=-1 Name=LOC_CITIZEN_MAYA_FEMALE_8 Operation=58 PlotIndex=1743
mission CityName=LOC_CITY_NAME_VICTORIA CompletionTurn=152 EscapeResult=0 InitialResult=4 LevelAfter=4 LootInfo=-1 Name=LOC_CITIZEN_MAYA_FEMALE_6 Operation=58 PlotIndex=888
mission CityName=LOC_CITY_NAME_QUEBEC_CITY CompletionTurn=149 EscapeResult=-1 InitialResult=5 LevelAfter=2 LootInfo=-1 Name=LOC_CITIZEN_MAYA_FEMALE_4 Operation=58 PlotIndex=1404
mission CityName=LOC_CITY_NAME_HALIFAX CompletionTurn=149 EscapeResult=0 InitialResult=2 LevelAfter=3 LootInfo=-1 Name=LOC_CITIZEN_MAYA_MODERN_FEMALE_8 Operation=58 PlotIndex=1409
mission CityName=LOC_CITY_NAME_CALGARY CompletionTurn=149 EscapeResult=-1 InitialResult=5 LevelAfter=4 LootInfo=-1 Name=LOC_CITIZEN_MAYA_MALE_8 Operation=58 PlotIndex=1991
mission CityName=LOC_CITY_NAME_OTTAWA CompletionTurn=147 EscapeResult=2 InitialResult=4 LevelAfter=4 LootInfo=-1 Name=LOC_CITIZEN_MAYA_MODERN_MALE_1 Operation=58 PlotIndex=978
mission CityName=LOC_CITY_NAME_VANCOUVER CompletionTurn=145 EscapeResult=2 InitialResult=2 LevelAfter=1 LootInfo=-1 Name=LOC_CITIZEN_MAYA_FEMALE_1 Operation=58 PlotIndex=1743
mission CityName=LOC_CITY_NAME_MONTREAL CompletionTurn=144 EscapeResult=-1 InitialResult=5 LevelAfter=2 LootInfo=-1 Name=LOC_CITIZEN_MAYA_MODERN_FEMALE_3 Operation=58 PlotIndex=1314
mission CityName=LOC_CITY_NAME_TORONTO CompletionTurn=144 EscapeResult=2 InitialResult=2 LevelAfter=2 LootInfo=-1 Name=LOC_CITIZEN_MAYA_MODERN_FEMALE_4 Operation=58 PlotIndex=1818
mission CityName=LOC_CITY_NAME_VICTORIA CompletionTurn=143 EscapeResult=0 InitialResult=2 LevelAfter=3 LootInfo=-1 Name=LOC_CITIZEN_MAYA_MODERN_FEMALE_6 Operation=58 PlotIndex=888
mission CityName=LOC_CITY_NAME_OTTAWA CompletionTurn=143 EscapeResult=-1 InitialResult=3 LevelAfter=4 LootInfo=-1 Name=LOC_CITIZEN_MAYA_MODERN_MALE_1 Operation=58 PlotIndex=978
mission CityName=LOC_CITY_NAME_HALIFAX CompletionTurn=142 EscapeResult=-1 InitialResult=5 LevelAfter=3 LootInfo=-1 Name=LOC_CITIZEN_MAYA_MODERN_FEMALE_8 Operation=58 PlotIndex=1409
mission CityName=LOC_CITY_NAME_CALGARY CompletionTurn=142 EscapeResult=-1 InitialResult=5 LevelAfter=4 LootInfo=-1 Name=LOC_CITIZEN_MAYA_MALE_8 Operation=58 PlotIndex=1991
mission CityName=LOC_CITY_NAME_MONTREAL CompletionTurn=141 EscapeResult=-1 InitialResult=1 LevelAfter=2 LootInfo=-1 Name=LOC_CITIZEN_MAYA_MODERN_MALE_4 Operation=58 PlotIndex=1314
mission CityName=LOC_CITY_NAME_MONTREAL CompletionTurn=140 EscapeResult=-1 InitialResult=5 LevelAfter=2 LootInfo=-1 Name=LOC_CITIZEN_MAYA_MODERN_MALE_4 Operation=58 PlotIndex=1314
mission CityName=LOC_CITY_NAME_QUEBEC_CITY CompletionTurn=140 EscapeResult=2 InitialResult=4 LevelAfter=3 LootInfo=-1 Name=LOC_CITIZEN_MAYA_FEMALE_6 Operation=58 PlotIndex=1404
mission CityName=LOC_CITY_NAME_OTTAWA CompletionTurn=139 EscapeResult=-1 InitialResult=5 LevelAfter=4 LootInfo=-1 Name=LOC_CITIZEN_MAYA_MODERN_MALE_1 Operation=58 PlotIndex=978
mission CityName=LOC_CITY_NAME_VICTORIA CompletionTurn=138 EscapeResult=1 InitialResult=4 LevelAfter=2 LootInfo=-1 Name=LOC_CITIZEN_MAYA_MALE_2 Operation=58 PlotIndex=888
mission CityName=LOC_CITY_NAME_TORONTO CompletionTurn=137 EscapeResult=-1 InitialResult=5 LevelAfter=2 LootInfo=-1 Name=LOC_CITIZEN_MAYA_MODERN_FEMALE_4 Operation=58 PlotIndex=1818
mission CityName=LOC_CITY_NAME_QUEBEC_CITY CompletionTurn=136 EscapeResult=-1 InitialResult=1 LevelAfter=2 LootInfo=-1 Name=LOC_CITIZEN_MAYA_MODERN_MALE_9 Operation=58 PlotIndex=1404
mission CityName=LOC_CITY_NAME_HALIFAX CompletionTurn=135 EscapeResult=-1 InitialResult=5 LevelAfter=2 LootInfo=-1 Name=LOC_CITIZEN_MAYA_MODERN_FEMALE_8 Operation=58 PlotIndex=1409
mission CityName=LOC_CITY_NAME_OTTAWA CompletionTurn=135 EscapeResult=-1 InitialResult=5 LevelAfter=4 LootInfo=-1 Name=LOC_CITIZEN_MAYA_MODERN_MALE_1 Operation=58 PlotIndex=978
mission CityName=LOC_CITY_NAME_CALGARY CompletionTurn=133 EscapeResult=2 InitialResult=4 LevelAfter=3 LootInfo=-1 Name=LOC_CITIZEN_MAYA_MALE_8 Operation=58 PlotIndex=1991
mission CityName=LOC_CITY_NAME_MONTREAL CompletionTurn=132 EscapeResult=0 InitialResult=2 LevelAfter=1 LootInfo=-1 Name=LOC_CITIZEN_MAYA_MALE_5 Operation=58 PlotIndex=1314
mission CityName=LOC_CITY_NAME_QUEBEC_CITY CompletionTurn=131 EscapeResult=-1 InitialResult=5 LevelAfter=2 LootInfo=-1 Name=LOC_CITIZEN_MAYA_MODERN_MALE_9 Operation=58 PlotIndex=1404
mission CityName=LOC_CITY_NAME_OTTAWA CompletionTurn=130 EscapeResult=-1 InitialResult=5 LevelAfter=4 LootInfo=-1 Name=LOC_CITIZEN_MAYA_MODERN_MALE_1 Operation=58 PlotIndex=978
mission CityName=LOC_CITY_NAME_CALGARY CompletionTurn=129 EscapeResult=-1 InitialResult=3 LevelAfter=2 LootInfo=-1 Name=LOC_CITIZEN_MAYA_MALE_8 Operation=58 PlotIndex=1991
mission CityName=LOC_CITY_NAME_TORONTO CompletionTurn=129 EscapeResult=2 InitialResult=4 LevelAfter=3 LootInfo=-1 Name=LOC_CITIZEN_MAYA_MODERN_FEMALE_6 Operation=58 PlotIndex=1818
mission CityName=LOC_CITY_NAME_MONTREAL CompletionTurn=127 EscapeResult=2 InitialResult=2 LevelAfter=1 LootInfo=-1 Name=LOC_CITIZEN_MAYA_MALE_2 Operation=58 PlotIndex=1314
mission CityName=LOC_CITY_NAME_OTTAWA CompletionTurn=124 EscapeResult=-1 InitialResult=5 LevelAfter=4 LootInfo=-1 Name=LOC_CITIZEN_MAYA_MODERN_MALE_1 Operation=58 PlotIndex=978
mission CityName=LOC_CITY_NAME_CALGARY CompletionTurn=123 EscapeResult=-1 InitialResult=5 LevelAfter=2 LootInfo=-1 Name=LOC_CITIZEN_MAYA_MALE_8 Operation=58 PlotIndex=1991
mission CityName=LOC_CITY_NAME_HALIFAX CompletionTurn=121 EscapeResult=2 InitialResult=4 LevelAfter=2 LootInfo=-1 Name=LOC_CITIZEN_MAYA_FEMALE_6 Operation=58 PlotIndex=1409
mission CityName=LOC_CITY_NAME_OTTAWA CompletionTurn=120 EscapeResult=-1 InitialResult=3 LevelAfter=3 LootInfo=-1 Name=LOC_CITIZEN_MAYA_MODERN_MALE_1 Operation=58 PlotIndex=978
mission CityName=LOC_CITY_NAME_MONTREAL CompletionTurn=120 EscapeResult=-1 InitialResult=0 LevelAfter=2 LootInfo=-1 Name=LOC_CITIZEN_MAYA_FEMALE_7 Operation=58 PlotIndex=1314
mission CityName=LOC_CITY_NAME_QUEBEC_CITY CompletionTurn=118 EscapeResult=1 InitialResult=2 LevelAfter=1 LootInfo=-1 Name=LOC_CITIZEN_MAYA_MODERN_FEMALE_1 Operation=58 PlotIndex=1404
mission CityName=LOC_CITY_NAME_TORONTO CompletionTurn=118 EscapeResult=2 InitialResult=4 LevelAfter=2 LootInfo=-1 Name=LOC_CITIZEN_MAYA_MODERN_FEMALE_6 Operation=58 PlotIndex=1818
mission CityName=LOC_CITY_NAME_TORONTO CompletionTurn=114 EscapeResult=-1 InitialResult=1 LevelAfter=1 LootInfo=-1 Name=LOC_CITIZEN_MAYA_FEMALE_3 Operation=58 PlotIndex=1818
mission CityName=LOC_CITY_NAME_MONTREAL CompletionTurn=114 EscapeResult=-1 InitialResult=5 LevelAfter=2 LootInfo=-1 Name=LOC_CITIZEN_MAYA_FEMALE_7 Operation=58 PlotIndex=1314
mission CityName=LOC_CITY_NAME_OTTAWA CompletionTurn=113 EscapeResult=-1 InitialResult=5 LevelAfter=3 LootInfo=-1 Name=LOC_CITIZEN_MAYA_MODERN_MALE_1 Operation=58 PlotIndex=978
mission CityName=LOC_CITY_NAME_MONTREAL CompletionTurn=110 EscapeResult=-1 InitialResult=1 LevelAfter=1 LootInfo=-1 Name=LOC_CITIZEN_MAYA_MODERN_FEMALE_7 Operation=58 PlotIndex=1314
mission CityName=LOC_CITY_NAME_OTTAWA CompletionTurn=107 EscapeResult=-1 InitialResult=5 LevelAfter=2 LootInfo=-1 Name=LOC_CITIZEN_MAYA_MODERN_MALE_1 Operation=58 PlotIndex=978
tally 5  FOMENT_UNREST CAPTURED / NO_RESULT
tally 1  FOMENT_UNREST FAIL_MUST_ESCAPE / CAPTURED
tally 5  FOMENT_UNREST FAIL_MUST_ESCAPE / FAIL_MUST_ESCAPE
tally 6  FOMENT_UNREST FAIL_MUST_ESCAPE / KILLED
tally 9  FOMENT_UNREST FAIL_UNDETECTED / NO_RESULT
tally 1  FOMENT_UNREST KILLED / NO_RESULT
tally 1  FOMENT_UNREST SUCCESS_MUST_ESCAPE / CAPTURED
tally 14  FOMENT_UNREST SUCCESS_MUST_ESCAPE / FAIL_MUST_ESCAPE
tally 5  FOMENT_UNREST SUCCESS_MUST_ESCAPE / KILLED
tally 36  FOMENT_UNREST SUCCESS_UNDETECTED / NO_RESULT
turn 187 spies active 5 idle 2 missions 83 captured-enemy 0
spy 7405581 LOC_CITIZEN_MAYA_MODERN_MALE_1 level 4 at 65:16 busy
spy 9830427 LOC_CITIZEN_MAYA_MODERN_FEMALE_9 level 1 at 54:21 busy
spy 9764894 LOC_CITIZEN_MAYA_MALE_1 level 2 at 59:23 start
spy 9109539 LOC_CITIZEN_MAYA_MALE_8 level 4 at 48:10 busy
spy 10223652 LOC_CITIZEN_MAYA_MODERN_FEMALE_4 level 4 at 60:16 busy
spy 10027046 LOC_CITIZEN_MAYA_MODERN_MALE_6 level 4 at 54:15 busy
spy 10289191 LOC_CITIZEN_MAYA_MODERN_FEMALE_2 level 3 at 60:16 refused
turn 187 spies 7 started 1 travelled 0 promoted 0 bought 0 gold 50000
unblock: blocker ENDTURN_BLOCKING_FILL_CIVIC_SLOT -> nothing | end turn requested
unstuck: InGamePopup: open, no close
unstuck: NaturalDisasterPopup: closed
unblock: blocker ENDTURN_BLOCKING_PRODUCTION -> NARANJO builds UNIT_WARRIOR | end turn requested
unstuck: closed sessions [4:4]
unstuck: DiplomacyActionView: Closing Diplomacy Action View. m_eventID: 3268518
unstuck: InGamePopup: open, no close
mission CityName=LOC_CITY_NAME_MONTREAL CompletionTurn=189 EscapeResult=-1 InitialResult=4 LevelAfter=4 LootInfo=-1 Name=LOC_CITIZEN_MAYA_MODERN_MALE_6 Operation=58 PlotIndex=1314
mission CityName=LOC_CITY_NAME_VICTORIA CompletionTurn=187 EscapeResult=-1 InitialResult=5 LevelAfter=4 LootInfo=-1 Name=LOC_CITIZEN_MAYA_MALE_8 Operation=58 PlotIndex=888
mission CityName=LOC_CITY_NAME_MONTREAL CompletionTurn=186 EscapeResult=-1 InitialResult=3 LevelAfter=4 LootInfo=-1 Name=LOC_CITIZEN_MAYA_MODERN_MALE_6 Operation=58 PlotIndex=1314
mission CityName=LOC_CITY_NAME_TORONTO CompletionTurn=186 EscapeResult=-1 InitialResult=3 LevelAfter=1 LootInfo=-1 Name=LOC_CITIZEN_MAYA_MODERN_FEMALE_9 Operation=58 PlotIndex=1818
mission CityName=LOC_CITY_NAME_CALGARY CompletionTurn=185 EscapeResult=-1 InitialResult=5 LevelAfter=2 LootInfo=-1 Name=LOC_CITIZEN_MAYA_MALE_1 Operation=58 PlotIndex=1991
mission CityName=LOC_CITY_NAME_OTTAWA CompletionTurn=185 EscapeResult=2 InitialResult=4 LevelAfter=2 LootInfo=-1 Name=LOC_CITIZEN_MAYA_MALE_3 Operation=58 PlotIndex=978
mission CityName=LOC_CITY_NAME_HALIFAX CompletionTurn=185 EscapeResult=-1 InitialResult=5 LevelAfter=4 LootInfo=-1 Name=LOC_CITIZEN_MAYA_MODERN_MALE_1 Operation=58 PlotIndex=1409
mission CityName=LOC_CITY_NAME_VANCOUVER CompletionTurn=183 EscapeResult=0 InitialResult=4 LevelAfter=2 LootInfo=-1 Name=LOC_CITIZEN_MAYA_MALE_4 Operation=58 PlotIndex=1743
mission CityName=LOC_CITY_NAME_VICTORIA CompletionTurn=183 EscapeResult=-1 InitialResult=5 LevelAfter=4 LootInfo=-1 Name=LOC_CITIZEN_MAYA_MALE_8 Operation=58 PlotIndex=888
mission CityName=LOC_CITY_NAME_HALIFAX CompletionTurn=181 EscapeResult=-1 InitialResult=5 LevelAfter=4 LootInfo=-1 Name=LOC_CITIZEN_MAYA_MODERN_MALE_1 Operation=58 PlotIndex=1409
mission CityName=LOC_CITY_NAME_OTTAWA CompletionTurn=180 EscapeResult=-1 InitialResult=3 LevelAfter=1 LootInfo=-1 Name=LOC_CITIZEN_MAYA_MALE_3 Operation=58 PlotIndex=978
mission CityName=LOC_CITY_NAME_VICTORIA CompletionTurn=179 EscapeResult=-1 InitialResult=5 LevelAfter=4 LootInfo=-1 Name=LOC_CITIZEN_MAYA_MALE_8 Operation=58 PlotIndex=888
mission CityName=LOC_CITY_NAME_TORONTO CompletionTurn=179 EscapeResult=2 InitialResult=4 LevelAfter=3 LootInfo=-1 Name=LOC_CITIZEN_MAYA_MODERN_FEMALE_2 Operation=58 PlotIndex=1818
mission CityName=LOC_CITY_NAME_QUEBEC_CITY CompletionTurn=179 EscapeResult=2 InitialResult=4 LevelAfter=4 LootInfo=-1 Name=LOC_CITIZEN_MAYA_MODERN_FEMALE_4 Operation=58 PlotIndex=1404
mission CityName=LOC_CITY_NAME_MONTREAL CompletionTurn=178 EscapeResult=0 InitialResult=4 LevelAfter=4 LootInfo=-1 Name=LOC_CITIZEN_MAYA_MALE_7 Operation=58 PlotIndex=1314
mission CityName=LOC_CITY_NAME_HALIFAX CompletionTurn=177 EscapeResult=-1 InitialResult=5 LevelAfter=4 LootInfo=-1 Name=LOC_CITIZEN_MAYA_MODERN_MALE_1 Operation=58 PlotIndex=1409
mission CityName=LOC_CITY_NAME_CALGARY CompletionTurn=176 EscapeResult=2 InitialResult=4 LevelAfter=4 LootInfo=-1 Name=LOC_CITIZEN_MAYA_MODERN_MALE_6 Operation=58 PlotIndex=1991
mission CityName=LOC_CITY_NAME_TORONTO CompletionTurn=173 EscapeResult=-1 InitialResult=5 LevelAfter=2 LootInfo=-1 Name=LOC_CITIZEN_MAYA_MODERN_FEMALE_2 Operation=58 PlotIndex=1818
mission CityName=LOC_CITY_NAME_MONTREAL CompletionTurn=173 EscapeResult=0 InitialResult=4 LevelAfter=3 LootInfo=-1 Name=LOC_CITIZEN_MAYA_MODERN_FEMALE_3 Operation=58 PlotIndex=1314
mission CityName=LOC_CITY_NAME_HALIFAX CompletionTurn=173 EscapeResult=-1 InitialResult=5 LevelAfter=4 LootInfo=-1 Name=LOC_CITIZEN_MAYA_MODERN_MALE_1 Operation=58 PlotIndex=1409
mission CityName=LOC_CITY_NAME_CALGARY CompletionTurn=173 EscapeResult=-1 InitialResult=3 LevelAfter=4 LootInfo=-1 Name=LOC_CITIZEN_MAYA_MODERN_MALE_6 Operation=58 PlotIndex=1991
mission CityName=LOC_CITY_NAME_QUEBEC_CITY CompletionTurn=172 EscapeResult=0 InitialResult=2 LevelAfter=1 LootInfo=-1 Name=LOC_CITIZEN_MAYA_MODERN_FEMALE_5 Operation=58 PlotIndex=1404
mission CityName=LOC_CITY_NAME_OTTAWA CompletionTurn=172 EscapeResult=0 InitialResult=4 LevelAfter=4 LootInfo=-1 Name=LOC_CITIZEN_MAYA_FEMALE_1 Operation=58 PlotIndex=978
mission CityName=LOC_CITY_NAME_HALIFAX CompletionTurn=169 EscapeResult=-1 InitialResult=5 LevelAfter=4 LootInfo=-1 Name=LOC_CITIZEN_MAYA_MODERN_MALE_1 Operation=58 PlotIndex=1409
mission CityName=LOC_CITY_NAME_TORONTO CompletionTurn=168 EscapeResult=2 InitialResult=4 LevelAfter=4 LootInfo=-1 Name=LOC_CITIZEN_MAYA_MODERN_MALE_6 Operation=58 PlotIndex=1818
mission CityName=LOC_CITY_NAME_MONTREAL CompletionTurn=168 EscapeResult=2 InitialResult=4 LevelAfter=4 LootInfo=-1 Name=LOC_CITIZEN_MAYA_MALE_8 Operation=58 PlotIndex=1314
mission CityName=LOC_CITY_NAME_OTTAWA CompletionTurn=167 EscapeResult=-1 InitialResult=5 LevelAfter=4 LootInfo=-1 Name=LOC_CITIZEN_MAYA_FEMALE_1 Operation=58 PlotIndex=978
mission CityName=LOC_CITY_NAME_MONTREAL CompletionTurn=165 EscapeResult=-1 InitialResult=5 LevelAfter=3 LootInfo=-1 Name=LOC_CITIZEN_MAYA_MALE_7 Operation=58 PlotIndex=1314
mission CityName=LOC_CITY_NAME_HALIFAX CompletionTurn=165 EscapeResult=-1 InitialResult=5 LevelAfter=4 LootInfo=-1 Name=LOC_CITIZEN_MAYA_MODERN_MALE_1 Operation=58 PlotIndex=1409
mission CityName=LOC_CITY_NAME_MONTREAL CompletionTurn=164 EscapeResult=-1 InitialResult=5 LevelAfter=2 LootInfo=-1 Name=LOC_CITIZEN_MAYA_MALE_7 Operation=58 PlotIndex=1314
mission CityName=LOC_CITY_NAME_OTTAWA CompletionTurn=162 EscapeResult=-1 InitialResult=5 LevelAfter=3 LootInfo=-1 Name=LOC_CITIZEN_MAYA_FEMALE_1 Operation=58 PlotIndex=978
mission CityName=LOC_CITY_NAME_VANCOUVER CompletionTurn=162 EscapeResult=0 InitialResult=2 LevelAfter=1 LootInfo=-1 Name=LOC_CITIZEN_MAYA_FEMALE_8 Operation=58 PlotIndex=1743
mission CityName=LOC_CITY_NAME_CHARLOTTETOWN CompletionTurn=161 EscapeResult=0 InitialResult=2 LevelAfter=1 LootInfo=-1 Name=LOC_CITIZEN_MAYA_MALE_6 Operation=58 PlotIndex=1644
mission CityName=LOC_CITY_NAME_HALIFAX CompletionTurn=161 EscapeResult=-1 InitialResult=5 LevelAfter=4 LootInfo=-1 Name=LOC_CITIZEN_MAYA_MODERN_MALE_1 Operation=58 PlotIndex=1409
mission CityName=LOC_CITY_NAME_TE_HOKIANGA_NU_A_KUPE CompletionTurn=160 EscapeResult=2 InitialResult=2 LevelAfter=3 LootInfo=-1 Name=LOC_CITIZEN_MAYA_MODERN_FEMALE_4 Operation=58 PlotIndex=772
mission CityName=LOC_CITY_NAME_TORONTO CompletionTurn=160 EscapeResult=2 InitialResult=4 LevelAfter=3 LootInfo=-1 Name=LOC_CITIZEN_MAYA_MODERN_MALE_6 Operation=58 PlotIndex=1818
mission CityName=LOC_CITY_NAME_OTTAWA CompletionTurn=158 EscapeResult=-1 InitialResult=5 LevelAfter=2 LootInfo=-1 Name=LOC_CITIZEN_MAYA_FEMALE_1 Operation=58 PlotIndex=978
mission CityName=LOC_CITY_NAME_QUEBEC_CITY CompletionTurn=158 EscapeResult=-1 InitialResult=1 LevelAfter=2 LootInfo=-1 Name=LOC_CITIZEN_MAYA_FEMALE_4 Operation=58 PlotIndex=1404
mission CityName=LOC_CITY_NAME_VANCOUVER CompletionTurn=158 EscapeResult=-1 InitialResult=3 LevelAfter=1 LootInfo=-1 Name=LOC_CITIZEN_MAYA_FEMALE_8 Operation=58 PlotIndex=1743
mission CityName=LOC_CITY_NAME_TE_HOKIANGA_NU_A_KUPE CompletionTurn=154 EscapeResult=-1 InitialResult=5 LevelAfter=3 LootInfo=-1 Name=LOC_CITIZEN_MAYA_MODERN_FEMALE_4 Operation=58 PlotIndex=772
mission CityName=LOC_CITY_NAME_CALGARY CompletionTurn=154 EscapeResult=2 InitialResult=4 LevelAfter=4 LootInfo=-1 Name=LOC_CITIZEN_MAYA_MALE_8 Operation=58 PlotIndex=1991
mission CityName=LOC_CITY_NAME_TORONTO CompletionTurn=154 EscapeResult=-1 InitialResult=5 LevelAfter=2 LootInfo=-1 Name=LOC_CITIZEN_MAYA_MODERN_MALE_6 Operation=58 PlotIndex=1818
mission CityName=LOC_CITY_NAME_MONTREAL CompletionTurn=152 EscapeResult=2 InitialResult=2 LevelAfter=2 LootInfo=-1 Name=LOC_CITIZEN_MAYA_MODERN_FEMALE_3 Operation=58 PlotIndex=1314
mission CityName=LOC_CITY_NAME_VANCOUVER CompletionTurn=152 EscapeResult=-1 InitialResult=3 LevelAfter=1 LootInfo=-1 Name=LOC_CITIZEN_MAYA_FEMALE_8 Operation=58 PlotIndex=1743
mission CityName=LOC_CITY_NAME_VICTORIA CompletionTurn=152 EscapeResult=0 InitialResult=4 LevelAfter=4 LootInfo=-1 Name=LOC_CITIZEN_MAYA_FEMALE_6 Operation=58 PlotIndex=888
mission CityName=LOC_CITY_NAME_QUEBEC_CITY CompletionTurn=149 EscapeResult=-1 InitialResult=5 LevelAfter=2 LootInfo=-1 Name=LOC_CITIZEN_MAYA_FEMALE_4 Operation=58 PlotIndex=1404
mission CityName=LOC_CITY_NAME_HALIFAX CompletionTurn=149 EscapeResult=0 InitialResult=2 LevelAfter=3 LootInfo=-1 Name=LOC_CITIZEN_MAYA_MODERN_FEMALE_8 Operation=58 PlotIndex=1409
mission CityName=LOC_CITY_NAME_CALGARY CompletionTurn=149 EscapeResult=-1 InitialResult=5 LevelAfter=4 LootInfo=-1 Name=LOC_CITIZEN_MAYA_MALE_8 Operation=58 PlotIndex=1991
mission CityName=LOC_CITY_NAME_OTTAWA CompletionTurn=147 EscapeResult=2 InitialResult=4 LevelAfter=4 LootInfo=-1 Name=LOC_CITIZEN_MAYA_MODERN_MALE_1 Operation=58 PlotIndex=978
mission CityName=LOC_CITY_NAME_VANCOUVER CompletionTurn=145 EscapeResult=2 InitialResult=2 LevelAfter=1 LootInfo=-1 Name=LOC_CITIZEN_MAYA_FEMALE_1 Operation=58 PlotIndex=1743
mission CityName=LOC_CITY_NAME_MONTREAL CompletionTurn=144 EscapeResult=-1 InitialResult=5 LevelAfter=2 LootInfo=-1 Name=LOC_CITIZEN_MAYA_MODERN_FEMALE_3 Operation=58 PlotIndex=1314
mission CityName=LOC_CITY_NAME_TORONTO CompletionTurn=144 EscapeResult=2 InitialResult=2 LevelAfter=2 LootInfo=-1 Name=LOC_CITIZEN_MAYA_MODERN_FEMALE_4 Operation=58 PlotIndex=1818
mission CityName=LOC_CITY_NAME_VICTORIA CompletionTurn=143 EscapeResult=0 InitialResult=2 LevelAfter=3 LootInfo=-1 Name=LOC_CITIZEN_MAYA_MODERN_FEMALE_6 Operation=58 PlotIndex=888
mission CityName=LOC_CITY_NAME_OTTAWA CompletionTurn=143 EscapeResult=-1 InitialResult=3 LevelAfter=4 LootInfo=-1 Name=LOC_CITIZEN_MAYA_MODERN_MALE_1 Operation=58 PlotIndex=978
mission CityName=LOC_CITY_NAME_HALIFAX CompletionTurn=142 EscapeResult=-1 InitialResult=5 LevelAfter=3 LootInfo=-1 Name=LOC_CITIZEN_MAYA_MODERN_FEMALE_8 Operation=58 PlotIndex=1409
mission CityName=LOC_CITY_NAME_CALGARY CompletionTurn=142 EscapeResult=-1 InitialResult=5 LevelAfter=4 LootInfo=-1 Name=LOC_CITIZEN_MAYA_MALE_8 Operation=58 PlotIndex=1991
mission CityName=LOC_CITY_NAME_MONTREAL CompletionTurn=141 EscapeResult=-1 InitialResult=1 LevelAfter=2 LootInfo=-1 Name=LOC_CITIZEN_MAYA_MODERN_MALE_4 Operation=58 PlotIndex=1314
mission CityName=LOC_CITY_NAME_MONTREAL CompletionTurn=140 EscapeResult=-1 InitialResult=5 LevelAfter=2 LootInfo=-1 Name=LOC_CITIZEN_MAYA_MODERN_MALE_4 Operation=58 PlotIndex=1314
mission CityName=LOC_CITY_NAME_QUEBEC_CITY CompletionTurn=140 EscapeResult=2 InitialResult=4 LevelAfter=3 LootInfo=-1 Name=LOC_CITIZEN_MAYA_FEMALE_6 Operation=58 PlotIndex=1404
mission CityName=LOC_CITY_NAME_OTTAWA CompletionTurn=139 EscapeResult=-1 InitialResult=5 LevelAfter=4 LootInfo=-1 Name=LOC_CITIZEN_MAYA_MODERN_MALE_1 Operation=58 PlotIndex=978
mission CityName=LOC_CITY_NAME_VICTORIA CompletionTurn=138 EscapeResult=1 InitialResult=4 LevelAfter=2 LootInfo=-1 Name=LOC_CITIZEN_MAYA_MALE_2 Operation=58 PlotIndex=888
mission CityName=LOC_CITY_NAME_TORONTO CompletionTurn=137 EscapeResult=-1 InitialResult=5 LevelAfter=2 LootInfo=-1 Name=LOC_CITIZEN_MAYA_MODERN_FEMALE_4 Operation=58 PlotIndex=1818
mission CityName=LOC_CITY_NAME_QUEBEC_CITY CompletionTurn=136 EscapeResult=-1 InitialResult=1 LevelAfter=2 LootInfo=-1 Name=LOC_CITIZEN_MAYA_MODERN_MALE_9 Operation=58 PlotIndex=1404
mission CityName=LOC_CITY_NAME_HALIFAX CompletionTurn=135 EscapeResult=-1 InitialResult=5 LevelAfter=2 LootInfo=-1 Name=LOC_CITIZEN_MAYA_MODERN_FEMALE_8 Operation=58 PlotIndex=1409
mission CityName=LOC_CITY_NAME_OTTAWA CompletionTurn=135 EscapeResult=-1 InitialResult=5 LevelAfter=4 LootInfo=-1 Name=LOC_CITIZEN_MAYA_MODERN_MALE_1 Operation=58 PlotIndex=978
mission CityName=LOC_CITY_NAME_CALGARY CompletionTurn=133 EscapeResult=2 InitialResult=4 LevelAfter=3 LootInfo=-1 Name=LOC_CITIZEN_MAYA_MALE_8 Operation=58 PlotIndex=1991
mission CityName=LOC_CITY_NAME_MONTREAL CompletionTurn=132 EscapeResult=0 InitialResult=2 LevelAfter=1 LootInfo=-1 Name=LOC_CITIZEN_MAYA_MALE_5 Operation=58 PlotIndex=1314
mission CityName=LOC_CITY_NAME_QUEBEC_CITY CompletionTurn=131 EscapeResult=-1 InitialResult=5 LevelAfter=2 LootInfo=-1 Name=LOC_CITIZEN_MAYA_MODERN_MALE_9 Operation=58 PlotIndex=1404
mission CityName=LOC_CITY_NAME_OTTAWA CompletionTurn=130 EscapeResult=-1 InitialResult=5 LevelAfter=4 LootInfo=-1 Name=LOC_CITIZEN_MAYA_MODERN_MALE_1 Operation=58 PlotIndex=978
mission CityName=LOC_CITY_NAME_CALGARY CompletionTurn=129 EscapeResult=-1 InitialResult=3 LevelAfter=2 LootInfo=-1 Name=LOC_CITIZEN_MAYA_MALE_8 Operation=58 PlotIndex=1991
mission CityName=LOC_CITY_NAME_TORONTO CompletionTurn=129 EscapeResult=2 InitialResult=4 LevelAfter=3 LootInfo=-1 Name=LOC_CITIZEN_MAYA_MODERN_FEMALE_6 Operation=58 PlotIndex=1818
mission CityName=LOC_CITY_NAME_MONTREAL CompletionTurn=127 EscapeResult=2 InitialResult=2 LevelAfter=1 LootInfo=-1 Name=LOC_CITIZEN_MAYA_MALE_2 Operation=58 PlotIndex=1314
mission CityName=LOC_CITY_NAME_OTTAWA CompletionTurn=124 EscapeResult=-1 InitialResult=5 LevelAfter=4 LootInfo=-1 Name=LOC_CITIZEN_MAYA_MODERN_MALE_1 Operation=58 PlotIndex=978
mission CityName=LOC_CITY_NAME_CALGARY CompletionTurn=123 EscapeResult=-1 InitialResult=5 LevelAfter=2 LootInfo=-1 Name=LOC_CITIZEN_MAYA_MALE_8 Operation=58 PlotIndex=1991
mission CityName=LOC_CITY_NAME_HALIFAX CompletionTurn=121 EscapeResult=2 InitialResult=4 LevelAfter=2 LootInfo=-1 Name=LOC_CITIZEN_MAYA_FEMALE_6 Operation=58 PlotIndex=1409
mission CityName=LOC_CITY_NAME_OTTAWA CompletionTurn=120 EscapeResult=-1 InitialResult=3 LevelAfter=3 LootInfo=-1 Name=LOC_CITIZEN_MAYA_MODERN_MALE_1 Operation=58 PlotIndex=978
mission CityName=LOC_CITY_NAME_MONTREAL CompletionTurn=120 EscapeResult=-1 InitialResult=0 LevelAfter=2 LootInfo=-1 Name=LOC_CITIZEN_MAYA_FEMALE_7 Operation=58 PlotIndex=1314
mission CityName=LOC_CITY_NAME_QUEBEC_CITY CompletionTurn=118 EscapeResult=1 InitialResult=2 LevelAfter=1 LootInfo=-1 Name=LOC_CITIZEN_MAYA_MODERN_FEMALE_1 Operation=58 PlotIndex=1404
mission CityName=LOC_CITY_NAME_TORONTO CompletionTurn=118 EscapeResult=2 InitialResult=4 LevelAfter=2 LootInfo=-1 Name=LOC_CITIZEN_MAYA_MODERN_FEMALE_6 Operation=58 PlotIndex=1818
mission CityName=LOC_CITY_NAME_TORONTO CompletionTurn=114 EscapeResult=-1 InitialResult=1 LevelAfter=1 LootInfo=-1 Name=LOC_CITIZEN_MAYA_FEMALE_3 Operation=58 PlotIndex=1818
mission CityName=LOC_CITY_NAME_MONTREAL CompletionTurn=114 EscapeResult=-1 InitialResult=5 LevelAfter=2 LootInfo=-1 Name=LOC_CITIZEN_MAYA_FEMALE_7 Operation=58 PlotIndex=1314
mission CityName=LOC_CITY_NAME_OTTAWA CompletionTurn=113 EscapeResult=-1 InitialResult=5 LevelAfter=3 LootInfo=-1 Name=LOC_CITIZEN_MAYA_MODERN_MALE_1 Operation=58 PlotIndex=978
mission CityName=LOC_CITY_NAME_MONTREAL CompletionTurn=110 EscapeResult=-1 InitialResult=1 LevelAfter=1 LootInfo=-1 Name=LOC_CITIZEN_MAYA_MODERN_FEMALE_7 Operation=58 PlotIndex=1314
mission CityName=LOC_CITY_NAME_OTTAWA CompletionTurn=107 EscapeResult=-1 InitialResult=5 LevelAfter=2 LootInfo=-1 Name=LOC_CITIZEN_MAYA_MODERN_MALE_1 Operation=58 PlotIndex=978
tally 5  FOMENT_UNREST CAPTURED / NO_RESULT
tally 1  FOMENT_UNREST FAIL_MUST_ESCAPE / CAPTURED
tally 5  FOMENT_UNREST FAIL_MUST_ESCAPE / FAIL_MUST_ESCAPE
tally 6  FOMENT_UNREST FAIL_MUST_ESCAPE / KILLED
tally 9  FOMENT_UNREST FAIL_UNDETECTED / NO_RESULT
tally 1  FOMENT_UNREST KILLED / NO_RESULT
tally 1  FOMENT_UNREST SUCCESS_MUST_ESCAPE / CAPTURED
tally 14  FOMENT_UNREST SUCCESS_MUST_ESCAPE / FAIL_MUST_ESCAPE
tally 5  FOMENT_UNREST SUCCESS_MUST_ESCAPE / KILLED
tally 1  FOMENT_UNREST SUCCESS_MUST_ESCAPE / NO_RESULT
tally 36  FOMENT_UNREST SUCCESS_UNDETECTED / NO_RESULT
turn 189 spies active 5 idle 2 missions 84 captured-enemy 0
spy 7405581 LOC_CITIZEN_MAYA_MODERN_MALE_1 level 4 at 65:16 busy
spy 9830427 LOC_CITIZEN_MAYA_MODERN_FEMALE_9 level 1 at 54:21 busy
spy 10551324 LOC_CITIZEN_MAYA_MALE_3 level 2 at 36:42 travel
spy 9764894 LOC_CITIZEN_MAYA_MALE_1 level 2 at 59:23 start
spy 9109539 LOC_CITIZEN_MAYA_MALE_8 level 4 at 48:10 busy
spy 10223652 LOC_CITIZEN_MAYA_MODERN_FEMALE_4 level 4 at 60:16 busy
spy 10027046 LOC_CITIZEN_MAYA_MODERN_MALE_6 level 4 at 54:15 busy
spy 10289191 LOC_CITIZEN_MAYA_MODERN_FEMALE_2 level 3 at 60:16 refused
spy 10616874 LOC_CITIZEN_MAYA_MODERN_MALE_10 level 1 at 54:11 start
turn 189 spies 9 started 2 travelled 1 promoted 0 bought 0 gold 50000
unblock: blocker ENDTURN_BLOCKING_SPY_CHOOSE_ESCAPE_ROUTE -> escape route DISTRICT_CITY_CENTER of 1 for spy 10027046 LOC_CITIZEN_MAYA_MODERN_MALE_6 level 4 turn 189 city LOC_CITY_NAME_MONTREAL p1 at 54:15 pursuer police | end turn requested
unstuck: InGamePopup: open, no close
unblock: blocker ENDTURN_BLOCKING_PRODUCTION -> NARANJO builds UNIT_WARRIOR | end turn requested
unstuck: closed sessions [3:3]
unstuck: DiplomacyActionView: Closing Diplomacy Action View. m_eventID: 3279564
unstuck: InGamePopup: open, no close
mission CityName=LOC_CITY_NAME_QUEBEC_CITY CompletionTurn=190 EscapeResult=-1 InitialResult=5 LevelAfter=4 LootInfo=-1 Name=LOC_CITIZEN_MAYA_MODERN_FEMALE_4 Operation=58 PlotIndex=1404
mission CityName=LOC_CITY_NAME_TORONTO CompletionTurn=190 EscapeResult=-1 InitialResult=1 LevelAfter=1 LootInfo=-1 Name=LOC_CITIZEN_MAYA_MODERN_FEMALE_9 Operation=58 PlotIndex=1818
mission CityName=LOC_CITY_NAME_HALIFAX CompletionTurn=190 EscapeResult=-1 InitialResult=5 LevelAfter=4 LootInfo=-1 Name=LOC_CITIZEN_MAYA_MODERN_MALE_1 Operation=58 PlotIndex=1409
mission CityName=LOC_CITY_NAME_MONTREAL CompletionTurn=189 EscapeResult=1 InitialResult=4 LevelAfter=4 LootInfo=-1 Name=LOC_CITIZEN_MAYA_MODERN_MALE_6 Operation=58 PlotIndex=1314
mission CityName=LOC_CITY_NAME_VICTORIA CompletionTurn=187 EscapeResult=-1 InitialResult=5 LevelAfter=4 LootInfo=-1 Name=LOC_CITIZEN_MAYA_MALE_8 Operation=58 PlotIndex=888
mission CityName=LOC_CITY_NAME_MONTREAL CompletionTurn=186 EscapeResult=-1 InitialResult=3 LevelAfter=4 LootInfo=-1 Name=LOC_CITIZEN_MAYA_MODERN_MALE_6 Operation=58 PlotIndex=1314
mission CityName=LOC_CITY_NAME_TORONTO CompletionTurn=186 EscapeResult=-1 InitialResult=3 LevelAfter=1 LootInfo=-1 Name=LOC_CITIZEN_MAYA_MODERN_FEMALE_9 Operation=58 PlotIndex=1818
mission CityName=LOC_CITY_NAME_CALGARY CompletionTurn=185 EscapeResult=-1 InitialResult=5 LevelAfter=2 LootInfo=-1 Name=LOC_CITIZEN_MAYA_MALE_1 Operation=58 PlotIndex=1991
mission CityName=LOC_CITY_NAME_OTTAWA CompletionTurn=185 EscapeResult=2 InitialResult=4 LevelAfter=2 LootInfo=-1 Name=LOC_CITIZEN_MAYA_MALE_3 Operation=58 PlotIndex=978
mission CityName=LOC_CITY_NAME_HALIFAX CompletionTurn=185 EscapeResult=-1 InitialResult=5 LevelAfter=4 LootInfo=-1 Name=LOC_CITIZEN_MAYA_MODERN_MALE_1 Operation=58 PlotIndex=1409
mission CityName=LOC_CITY_NAME_VANCOUVER CompletionTurn=183 EscapeResult=0 InitialResult=4 LevelAfter=2 LootInfo=-1 Name=LOC_CITIZEN_MAYA_MALE_4 Operation=58 PlotIndex=1743
mission CityName=LOC_CITY_NAME_VICTORIA CompletionTurn=183 EscapeResult=-1 InitialResult=5 LevelAfter=4 LootInfo=-1 Name=LOC_CITIZEN_MAYA_MALE_8 Operation=58 PlotIndex=888
mission CityName=LOC_CITY_NAME_HALIFAX CompletionTurn=181 EscapeResult=-1 InitialResult=5 LevelAfter=4 LootInfo=-1 Name=LOC_CITIZEN_MAYA_MODERN_MALE_1 Operation=58 PlotIndex=1409
mission CityName=LOC_CITY_NAME_OTTAWA CompletionTurn=180 EscapeResult=-1 InitialResult=3 LevelAfter=1 LootInfo=-1 Name=LOC_CITIZEN_MAYA_MALE_3 Operation=58 PlotIndex=978
mission CityName=LOC_CITY_NAME_VICTORIA CompletionTurn=179 EscapeResult=-1 InitialResult=5 LevelAfter=4 LootInfo=-1 Name=LOC_CITIZEN_MAYA_MALE_8 Operation=58 PlotIndex=888
mission CityName=LOC_CITY_NAME_TORONTO CompletionTurn=179 EscapeResult=2 InitialResult=4 LevelAfter=3 LootInfo=-1 Name=LOC_CITIZEN_MAYA_MODERN_FEMALE_2 Operation=58 PlotIndex=1818
mission CityName=LOC_CITY_NAME_QUEBEC_CITY CompletionTurn=179 EscapeResult=2 InitialResult=4 LevelAfter=4 LootInfo=-1 Name=LOC_CITIZEN_MAYA_MODERN_FEMALE_4 Operation=58 PlotIndex=1404
mission CityName=LOC_CITY_NAME_MONTREAL CompletionTurn=178 EscapeResult=0 InitialResult=4 LevelAfter=4 LootInfo=-1 Name=LOC_CITIZEN_MAYA_MALE_7 Operation=58 PlotIndex=1314
mission CityName=LOC_CITY_NAME_HALIFAX CompletionTurn=177 EscapeResult=-1 InitialResult=5 LevelAfter=4 LootInfo=-1 Name=LOC_CITIZEN_MAYA_MODERN_MALE_1 Operation=58 PlotIndex=1409
mission CityName=LOC_CITY_NAME_CALGARY CompletionTurn=176 EscapeResult=2 InitialResult=4 LevelAfter=4 LootInfo=-1 Name=LOC_CITIZEN_MAYA_MODERN_MALE_6 Operation=58 PlotIndex=1991
mission CityName=LOC_CITY_NAME_TORONTO CompletionTurn=173 EscapeResult=-1 InitialResult=5 LevelAfter=2 LootInfo=-1 Name=LOC_CITIZEN_MAYA_MODERN_FEMALE_2 Operation=58 PlotIndex=1818
mission CityName=LOC_CITY_NAME_MONTREAL CompletionTurn=173 EscapeResult=0 InitialResult=4 LevelAfter=3 LootInfo=-1 Name=LOC_CITIZEN_MAYA_MODERN_FEMALE_3 Operation=58 PlotIndex=1314
mission CityName=LOC_CITY_NAME_HALIFAX CompletionTurn=173 EscapeResult=-1 InitialResult=5 LevelAfter=4 LootInfo=-1 Name=LOC_CITIZEN_MAYA_MODERN_MALE_1 Operation=58 PlotIndex=1409
mission CityName=LOC_CITY_NAME_CALGARY CompletionTurn=173 EscapeResult=-1 InitialResult=3 LevelAfter=4 LootInfo=-1 Name=LOC_CITIZEN_MAYA_MODERN_MALE_6 Operation=58 PlotIndex=1991
mission CityName=LOC_CITY_NAME_QUEBEC_CITY CompletionTurn=172 EscapeResult=0 InitialResult=2 LevelAfter=1 LootInfo=-1 Name=LOC_CITIZEN_MAYA_MODERN_FEMALE_5 Operation=58 PlotIndex=1404
mission CityName=LOC_CITY_NAME_OTTAWA CompletionTurn=172 EscapeResult=0 InitialResult=4 LevelAfter=4 LootInfo=-1 Name=LOC_CITIZEN_MAYA_FEMALE_1 Operation=58 PlotIndex=978
mission CityName=LOC_CITY_NAME_HALIFAX CompletionTurn=169 EscapeResult=-1 InitialResult=5 LevelAfter=4 LootInfo=-1 Name=LOC_CITIZEN_MAYA_MODERN_MALE_1 Operation=58 PlotIndex=1409
mission CityName=LOC_CITY_NAME_TORONTO CompletionTurn=168 EscapeResult=2 InitialResult=4 LevelAfter=4 LootInfo=-1 Name=LOC_CITIZEN_MAYA_MODERN_MALE_6 Operation=58 PlotIndex=1818
mission CityName=LOC_CITY_NAME_MONTREAL CompletionTurn=168 EscapeResult=2 InitialResult=4 LevelAfter=4 LootInfo=-1 Name=LOC_CITIZEN_MAYA_MALE_8 Operation=58 PlotIndex=1314
mission CityName=LOC_CITY_NAME_OTTAWA CompletionTurn=167 EscapeResult=-1 InitialResult=5 LevelAfter=4 LootInfo=-1 Name=LOC_CITIZEN_MAYA_FEMALE_1 Operation=58 PlotIndex=978
mission CityName=LOC_CITY_NAME_MONTREAL CompletionTurn=165 EscapeResult=-1 InitialResult=5 LevelAfter=3 LootInfo=-1 Name=LOC_CITIZEN_MAYA_MALE_7 Operation=58 PlotIndex=1314
mission CityName=LOC_CITY_NAME_HALIFAX CompletionTurn=165 EscapeResult=-1 InitialResult=5 LevelAfter=4 LootInfo=-1 Name=LOC_CITIZEN_MAYA_MODERN_MALE_1 Operation=58 PlotIndex=1409
mission CityName=LOC_CITY_NAME_MONTREAL CompletionTurn=164 EscapeResult=-1 InitialResult=5 LevelAfter=2 LootInfo=-1 Name=LOC_CITIZEN_MAYA_MALE_7 Operation=58 PlotIndex=1314
mission CityName=LOC_CITY_NAME_OTTAWA CompletionTurn=162 EscapeResult=-1 InitialResult=5 LevelAfter=3 LootInfo=-1 Name=LOC_CITIZEN_MAYA_FEMALE_1 Operation=58 PlotIndex=978
mission CityName=LOC_CITY_NAME_VANCOUVER CompletionTurn=162 EscapeResult=0 InitialResult=2 LevelAfter=1 LootInfo=-1 Name=LOC_CITIZEN_MAYA_FEMALE_8 Operation=58 PlotIndex=1743
mission CityName=LOC_CITY_NAME_CHARLOTTETOWN CompletionTurn=161 EscapeResult=0 InitialResult=2 LevelAfter=1 LootInfo=-1 Name=LOC_CITIZEN_MAYA_MALE_6 Operation=58 PlotIndex=1644
mission CityName=LOC_CITY_NAME_HALIFAX CompletionTurn=161 EscapeResult=-1 InitialResult=5 LevelAfter=4 LootInfo=-1 Name=LOC_CITIZEN_MAYA_MODERN_MALE_1 Operation=58 PlotIndex=1409
mission CityName=LOC_CITY_NAME_TE_HOKIANGA_NU_A_KUPE CompletionTurn=160 EscapeResult=2 InitialResult=2 LevelAfter=3 LootInfo=-1 Name=LOC_CITIZEN_MAYA_MODERN_FEMALE_4 Operation=58 PlotIndex=772
mission CityName=LOC_CITY_NAME_TORONTO CompletionTurn=160 EscapeResult=2 InitialResult=4 LevelAfter=3 LootInfo=-1 Name=LOC_CITIZEN_MAYA_MODERN_MALE_6 Operation=58 PlotIndex=1818
mission CityName=LOC_CITY_NAME_OTTAWA CompletionTurn=158 EscapeResult=-1 InitialResult=5 LevelAfter=2 LootInfo=-1 Name=LOC_CITIZEN_MAYA_FEMALE_1 Operation=58 PlotIndex=978
mission CityName=LOC_CITY_NAME_QUEBEC_CITY CompletionTurn=158 EscapeResult=-1 InitialResult=1 LevelAfter=2 LootInfo=-1 Name=LOC_CITIZEN_MAYA_FEMALE_4 Operation=58 PlotIndex=1404
mission CityName=LOC_CITY_NAME_VANCOUVER CompletionTurn=158 EscapeResult=-1 InitialResult=3 LevelAfter=1 LootInfo=-1 Name=LOC_CITIZEN_MAYA_FEMALE_8 Operation=58 PlotIndex=1743
mission CityName=LOC_CITY_NAME_TE_HOKIANGA_NU_A_KUPE CompletionTurn=154 EscapeResult=-1 InitialResult=5 LevelAfter=3 LootInfo=-1 Name=LOC_CITIZEN_MAYA_MODERN_FEMALE_4 Operation=58 PlotIndex=772
mission CityName=LOC_CITY_NAME_CALGARY CompletionTurn=154 EscapeResult=2 InitialResult=4 LevelAfter=4 LootInfo=-1 Name=LOC_CITIZEN_MAYA_MALE_8 Operation=58 PlotIndex=1991
mission CityName=LOC_CITY_NAME_TORONTO CompletionTurn=154 EscapeResult=-1 InitialResult=5 LevelAfter=2 LootInfo=-1 Name=LOC_CITIZEN_MAYA_MODERN_MALE_6 Operation=58 PlotIndex=1818
mission CityName=LOC_CITY_NAME_MONTREAL CompletionTurn=152 EscapeResult=2 InitialResult=2 LevelAfter=2 LootInfo=-1 Name=LOC_CITIZEN_MAYA_MODERN_FEMALE_3 Operation=58 PlotIndex=1314
mission CityName=LOC_CITY_NAME_VANCOUVER CompletionTurn=152 EscapeResult=-1 InitialResult=3 LevelAfter=1 LootInfo=-1 Name=LOC_CITIZEN_MAYA_FEMALE_8 Operation=58 PlotIndex=1743
mission CityName=LOC_CITY_NAME_VICTORIA CompletionTurn=152 EscapeResult=0 InitialResult=4 LevelAfter=4 LootInfo=-1 Name=LOC_CITIZEN_MAYA_FEMALE_6 Operation=58 PlotIndex=888
mission CityName=LOC_CITY_NAME_QUEBEC_CITY CompletionTurn=149 EscapeResult=-1 InitialResult=5 LevelAfter=2 LootInfo=-1 Name=LOC_CITIZEN_MAYA_FEMALE_4 Operation=58 PlotIndex=1404
mission CityName=LOC_CITY_NAME_HALIFAX CompletionTurn=149 EscapeResult=0 InitialResult=2 LevelAfter=3 LootInfo=-1 Name=LOC_CITIZEN_MAYA_MODERN_FEMALE_8 Operation=58 PlotIndex=1409
mission CityName=LOC_CITY_NAME_CALGARY CompletionTurn=149 EscapeResult=-1 InitialResult=5 LevelAfter=4 LootInfo=-1 Name=LOC_CITIZEN_MAYA_MALE_8 Operation=58 PlotIndex=1991
mission CityName=LOC_CITY_NAME_OTTAWA CompletionTurn=147 EscapeResult=2 InitialResult=4 LevelAfter=4 LootInfo=-1 Name=LOC_CITIZEN_MAYA_MODERN_MALE_1 Operation=58 PlotIndex=978
mission CityName=LOC_CITY_NAME_VANCOUVER CompletionTurn=145 EscapeResult=2 InitialResult=2 LevelAfter=1 LootInfo=-1 Name=LOC_CITIZEN_MAYA_FEMALE_1 Operation=58 PlotIndex=1743
mission CityName=LOC_CITY_NAME_MONTREAL CompletionTurn=144 EscapeResult=-1 InitialResult=5 LevelAfter=2 LootInfo=-1 Name=LOC_CITIZEN_MAYA_MODERN_FEMALE_3 Operation=58 PlotIndex=1314
mission CityName=LOC_CITY_NAME_TORONTO CompletionTurn=144 EscapeResult=2 InitialResult=2 LevelAfter=2 LootInfo=-1 Name=LOC_CITIZEN_MAYA_MODERN_FEMALE_4 Operation=58 PlotIndex=1818
mission CityName=LOC_CITY_NAME_VICTORIA CompletionTurn=143 EscapeResult=0 InitialResult=2 LevelAfter=3 LootInfo=-1 Name=LOC_CITIZEN_MAYA_MODERN_FEMALE_6 Operation=58 PlotIndex=888
mission CityName=LOC_CITY_NAME_OTTAWA CompletionTurn=143 EscapeResult=-1 InitialResult=3 LevelAfter=4 LootInfo=-1 Name=LOC_CITIZEN_MAYA_MODERN_MALE_1 Operation=58 PlotIndex=978
mission CityName=LOC_CITY_NAME_HALIFAX CompletionTurn=142 EscapeResult=-1 InitialResult=5 LevelAfter=3 LootInfo=-1 Name=LOC_CITIZEN_MAYA_MODERN_FEMALE_8 Operation=58 PlotIndex=1409
mission CityName=LOC_CITY_NAME_CALGARY CompletionTurn=142 EscapeResult=-1 InitialResult=5 LevelAfter=4 LootInfo=-1 Name=LOC_CITIZEN_MAYA_MALE_8 Operation=58 PlotIndex=1991
mission CityName=LOC_CITY_NAME_MONTREAL CompletionTurn=141 EscapeResult=-1 InitialResult=1 LevelAfter=2 LootInfo=-1 Name=LOC_CITIZEN_MAYA_MODERN_MALE_4 Operation=58 PlotIndex=1314
mission CityName=LOC_CITY_NAME_MONTREAL CompletionTurn=140 EscapeResult=-1 InitialResult=5 LevelAfter=2 LootInfo=-1 Name=LOC_CITIZEN_MAYA_MODERN_MALE_4 Operation=58 PlotIndex=1314
mission CityName=LOC_CITY_NAME_QUEBEC_CITY CompletionTurn=140 EscapeResult=2 InitialResult=4 LevelAfter=3 LootInfo=-1 Name=LOC_CITIZEN_MAYA_FEMALE_6 Operation=58 PlotIndex=1404
mission CityName=LOC_CITY_NAME_OTTAWA CompletionTurn=139 EscapeResult=-1 InitialResult=5 LevelAfter=4 LootInfo=-1 Name=LOC_CITIZEN_MAYA_MODERN_MALE_1 Operation=58 PlotIndex=978
mission CityName=LOC_CITY_NAME_VICTORIA CompletionTurn=138 EscapeResult=1 InitialResult=4 LevelAfter=2 LootInfo=-1 Name=LOC_CITIZEN_MAYA_MALE_2 Operation=58 PlotIndex=888
mission CityName=LOC_CITY_NAME_TORONTO CompletionTurn=137 EscapeResult=-1 InitialResult=5 LevelAfter=2 LootInfo=-1 Name=LOC_CITIZEN_MAYA_MODERN_FEMALE_4 Operation=58 PlotIndex=1818
mission CityName=LOC_CITY_NAME_QUEBEC_CITY CompletionTurn=136 EscapeResult=-1 InitialResult=1 LevelAfter=2 LootInfo=-1 Name=LOC_CITIZEN_MAYA_MODERN_MALE_9 Operation=58 PlotIndex=1404
mission CityName=LOC_CITY_NAME_HALIFAX CompletionTurn=135 EscapeResult=-1 InitialResult=5 LevelAfter=2 LootInfo=-1 Name=LOC_CITIZEN_MAYA_MODERN_FEMALE_8 Operation=58 PlotIndex=1409
mission CityName=LOC_CITY_NAME_OTTAWA CompletionTurn=135 EscapeResult=-1 InitialResult=5 LevelAfter=4 LootInfo=-1 Name=LOC_CITIZEN_MAYA_MODERN_MALE_1 Operation=58 PlotIndex=978
mission CityName=LOC_CITY_NAME_CALGARY CompletionTurn=133 EscapeResult=2 InitialResult=4 LevelAfter=3 LootInfo=-1 Name=LOC_CITIZEN_MAYA_MALE_8 Operation=58 PlotIndex=1991
mission CityName=LOC_CITY_NAME_MONTREAL CompletionTurn=132 EscapeResult=0 InitialResult=2 LevelAfter=1 LootInfo=-1 Name=LOC_CITIZEN_MAYA_MALE_5 Operation=58 PlotIndex=1314
mission CityName=LOC_CITY_NAME_QUEBEC_CITY CompletionTurn=131 EscapeResult=-1 InitialResult=5 LevelAfter=2 LootInfo=-1 Name=LOC_CITIZEN_MAYA_MODERN_MALE_9 Operation=58 PlotIndex=1404
mission CityName=LOC_CITY_NAME_OTTAWA CompletionTurn=130 EscapeResult=-1 InitialResult=5 LevelAfter=4 LootInfo=-1 Name=LOC_CITIZEN_MAYA_MODERN_MALE_1 Operation=58 PlotIndex=978
mission CityName=LOC_CITY_NAME_CALGARY CompletionTurn=129 EscapeResult=-1 InitialResult=3 LevelAfter=2 LootInfo=-1 Name=LOC_CITIZEN_MAYA_MALE_8 Operation=58 PlotIndex=1991
mission CityName=LOC_CITY_NAME_TORONTO CompletionTurn=129 EscapeResult=2 InitialResult=4 LevelAfter=3 LootInfo=-1 Name=LOC_CITIZEN_MAYA_MODERN_FEMALE_6 Operation=58 PlotIndex=1818
mission CityName=LOC_CITY_NAME_MONTREAL CompletionTurn=127 EscapeResult=2 InitialResult=2 LevelAfter=1 LootInfo=-1 Name=LOC_CITIZEN_MAYA_MALE_2 Operation=58 PlotIndex=1314
mission CityName=LOC_CITY_NAME_OTTAWA CompletionTurn=124 EscapeResult=-1 InitialResult=5 LevelAfter=4 LootInfo=-1 Name=LOC_CITIZEN_MAYA_MODERN_MALE_1 Operation=58 PlotIndex=978
mission CityName=LOC_CITY_NAME_CALGARY CompletionTurn=123 EscapeResult=-1 InitialResult=5 LevelAfter=2 LootInfo=-1 Name=LOC_CITIZEN_MAYA_MALE_8 Operation=58 PlotIndex=1991
mission CityName=LOC_CITY_NAME_HALIFAX CompletionTurn=121 EscapeResult=2 InitialResult=4 LevelAfter=2 LootInfo=-1 Name=LOC_CITIZEN_MAYA_FEMALE_6 Operation=58 PlotIndex=1409
mission CityName=LOC_CITY_NAME_OTTAWA CompletionTurn=120 EscapeResult=-1 InitialResult=3 LevelAfter=3 LootInfo=-1 Name=LOC_CITIZEN_MAYA_MODERN_MALE_1 Operation=58 PlotIndex=978
mission CityName=LOC_CITY_NAME_MONTREAL CompletionTurn=120 EscapeResult=-1 InitialResult=0 LevelAfter=2 LootInfo=-1 Name=LOC_CITIZEN_MAYA_FEMALE_7 Operation=58 PlotIndex=1314
mission CityName=LOC_CITY_NAME_QUEBEC_CITY CompletionTurn=118 EscapeResult=1 InitialResult=2 LevelAfter=1 LootInfo=-1 Name=LOC_CITIZEN_MAYA_MODERN_FEMALE_1 Operation=58 PlotIndex=1404
mission CityName=LOC_CITY_NAME_TORONTO CompletionTurn=118 EscapeResult=2 InitialResult=4 LevelAfter=2 LootInfo=-1 Name=LOC_CITIZEN_MAYA_MODERN_FEMALE_6 Operation=58 PlotIndex=1818
mission CityName=LOC_CITY_NAME_TORONTO CompletionTurn=114 EscapeResult=-1 InitialResult=1 LevelAfter=1 LootInfo=-1 Name=LOC_CITIZEN_MAYA_FEMALE_3 Operation=58 PlotIndex=1818
mission CityName=LOC_CITY_NAME_MONTREAL CompletionTurn=114 EscapeResult=-1 InitialResult=5 LevelAfter=2 LootInfo=-1 Name=LOC_CITIZEN_MAYA_FEMALE_7 Operation=58 PlotIndex=1314
mission CityName=LOC_CITY_NAME_OTTAWA CompletionTurn=113 EscapeResult=-1 InitialResult=5 LevelAfter=3 LootInfo=-1 Name=LOC_CITIZEN_MAYA_MODERN_MALE_1 Operation=58 PlotIndex=978
mission CityName=LOC_CITY_NAME_MONTREAL CompletionTurn=110 EscapeResult=-1 InitialResult=1 LevelAfter=1 LootInfo=-1 Name=LOC_CITIZEN_MAYA_MODERN_FEMALE_7 Operation=58 PlotIndex=1314
mission CityName=LOC_CITY_NAME_OTTAWA CompletionTurn=107 EscapeResult=-1 InitialResult=5 LevelAfter=2 LootInfo=-1 Name=LOC_CITIZEN_MAYA_MODERN_MALE_1 Operation=58 PlotIndex=978
tally 6  FOMENT_UNREST CAPTURED / NO_RESULT
tally 1  FOMENT_UNREST FAIL_MUST_ESCAPE / CAPTURED
tally 5  FOMENT_UNREST FAIL_MUST_ESCAPE / FAIL_MUST_ESCAPE
tally 6  FOMENT_UNREST FAIL_MUST_ESCAPE / KILLED
tally 9  FOMENT_UNREST FAIL_UNDETECTED / NO_RESULT
tally 1  FOMENT_UNREST KILLED / NO_RESULT
tally 2  FOMENT_UNREST SUCCESS_MUST_ESCAPE / CAPTURED
tally 14  FOMENT_UNREST SUCCESS_MUST_ESCAPE / FAIL_MUST_ESCAPE
tally 5  FOMENT_UNREST SUCCESS_MUST_ESCAPE / KILLED
tally 38  FOMENT_UNREST SUCCESS_UNDETECTED / NO_RESULT
turn 190 spies active 6 idle 1 missions 87 captured-enemy 0
spy 7405581 LOC_CITIZEN_MAYA_MODERN_MALE_1 level 4 at 65:16 start
spy 9764894 LOC_CITIZEN_MAYA_MALE_1 level 2 at 59:23 busy
spy 9109539 LOC_CITIZEN_MAYA_MALE_8 level 4 at 48:10 busy
spy 10223652 LOC_CITIZEN_MAYA_MODERN_FEMALE_4 level 4 at 60:16 start
spy 10289191 LOC_CITIZEN_MAYA_MODERN_FEMALE_2 level 3 at 60:16 start
spy 10616874 LOC_CITIZEN_MAYA_MODERN_MALE_10 level 1 at 54:11 busy
turn 190 spies 6 started 3 travelled 0 promoted 0 bought 0 gold 50000
unblock: blocker ENDTURN_BLOCKING_PRODUCTION -> NARANJO builds UNIT_WARRIOR | end turn requested
unstuck: InGamePopup: open, no close
unstuck: TechCivicCompletedPopup: closed
unblock: blocker ENDTURN_BLOCKING_RESEARCH -> research TECH_MILITARY_ENGINEERING | end turn requested
unstuck: closed sessions [2:2]
unstuck: DiplomacyActionView: Closing Diplomacy Action View. m_eventID: 3288748
unstuck: InGamePopup: open, no close
unstuck: TechCivicCompletedPopup: closed
unblock: blocker ENDTURN_BLOCKING_RESEARCH -> research TECH_MILITARY_ENGINEERING | end turn requested
unstuck: InGamePopup: open, no close
mission CityName=LOC_CITY_NAME_VICTORIA CompletionTurn=191 EscapeResult=-1 InitialResult=5 LevelAfter=4 LootInfo=-1 Name=LOC_CITIZEN_MAYA_MALE_8 Operation=58 PlotIndex=888
mission CityName=LOC_CITY_NAME_QUEBEC_CITY CompletionTurn=190 EscapeResult=-1 InitialResult=5 LevelAfter=4 LootInfo=-1 Name=LOC_CITIZEN_MAYA_MODERN_FEMALE_4 Operation=58 PlotIndex=1404
mission CityName=LOC_CITY_NAME_TORONTO CompletionTurn=190 EscapeResult=-1 InitialResult=1 LevelAfter=1 LootInfo=-1 Name=LOC_CITIZEN_MAYA_MODERN_FEMALE_9 Operation=58 PlotIndex=1818
mission CityName=LOC_CITY_NAME_HALIFAX CompletionTurn=190 EscapeResult=-1 InitialResult=5 LevelAfter=4 LootInfo=-1 Name=LOC_CITIZEN_MAYA_MODERN_MALE_1 Operation=58 PlotIndex=1409
mission CityName=LOC_CITY_NAME_MONTREAL CompletionTurn=189 EscapeResult=1 InitialResult=4 LevelAfter=4 LootInfo=-1 Name=LOC_CITIZEN_MAYA_MODERN_MALE_6 Operation=58 PlotIndex=1314
mission CityName=LOC_CITY_NAME_VICTORIA CompletionTurn=187 EscapeResult=-1 InitialResult=5 LevelAfter=4 LootInfo=-1 Name=LOC_CITIZEN_MAYA_MALE_8 Operation=58 PlotIndex=888
mission CityName=LOC_CITY_NAME_MONTREAL CompletionTurn=186 EscapeResult=-1 InitialResult=3 LevelAfter=4 LootInfo=-1 Name=LOC_CITIZEN_MAYA_MODERN_MALE_6 Operation=58 PlotIndex=1314
mission CityName=LOC_CITY_NAME_TORONTO CompletionTurn=186 EscapeResult=-1 InitialResult=3 LevelAfter=1 LootInfo=-1 Name=LOC_CITIZEN_MAYA_MODERN_FEMALE_9 Operation=58 PlotIndex=1818
mission CityName=LOC_CITY_NAME_CALGARY CompletionTurn=185 EscapeResult=-1 InitialResult=5 LevelAfter=2 LootInfo=-1 Name=LOC_CITIZEN_MAYA_MALE_1 Operation=58 PlotIndex=1991
mission CityName=LOC_CITY_NAME_OTTAWA CompletionTurn=185 EscapeResult=2 InitialResult=4 LevelAfter=2 LootInfo=-1 Name=LOC_CITIZEN_MAYA_MALE_3 Operation=58 PlotIndex=978
mission CityName=LOC_CITY_NAME_HALIFAX CompletionTurn=185 EscapeResult=-1 InitialResult=5 LevelAfter=4 LootInfo=-1 Name=LOC_CITIZEN_MAYA_MODERN_MALE_1 Operation=58 PlotIndex=1409
mission CityName=LOC_CITY_NAME_VANCOUVER CompletionTurn=183 EscapeResult=0 InitialResult=4 LevelAfter=2 LootInfo=-1 Name=LOC_CITIZEN_MAYA_MALE_4 Operation=58 PlotIndex=1743
mission CityName=LOC_CITY_NAME_VICTORIA CompletionTurn=183 EscapeResult=-1 InitialResult=5 LevelAfter=4 LootInfo=-1 Name=LOC_CITIZEN_MAYA_MALE_8 Operation=58 PlotIndex=888
mission CityName=LOC_CITY_NAME_HALIFAX CompletionTurn=181 EscapeResult=-1 InitialResult=5 LevelAfter=4 LootInfo=-1 Name=LOC_CITIZEN_MAYA_MODERN_MALE_1 Operation=58 PlotIndex=1409
mission CityName=LOC_CITY_NAME_OTTAWA CompletionTurn=180 EscapeResult=-1 InitialResult=3 LevelAfter=1 LootInfo=-1 Name=LOC_CITIZEN_MAYA_MALE_3 Operation=58 PlotIndex=978
mission CityName=LOC_CITY_NAME_VICTORIA CompletionTurn=179 EscapeResult=-1 InitialResult=5 LevelAfter=4 LootInfo=-1 Name=LOC_CITIZEN_MAYA_MALE_8 Operation=58 PlotIndex=888
mission CityName=LOC_CITY_NAME_TORONTO CompletionTurn=179 EscapeResult=2 InitialResult=4 LevelAfter=3 LootInfo=-1 Name=LOC_CITIZEN_MAYA_MODERN_FEMALE_2 Operation=58 PlotIndex=1818
mission CityName=LOC_CITY_NAME_QUEBEC_CITY CompletionTurn=179 EscapeResult=2 InitialResult=4 LevelAfter=4 LootInfo=-1 Name=LOC_CITIZEN_MAYA_MODERN_FEMALE_4 Operation=58 PlotIndex=1404
mission CityName=LOC_CITY_NAME_MONTREAL CompletionTurn=178 EscapeResult=0 InitialResult=4 LevelAfter=4 LootInfo=-1 Name=LOC_CITIZEN_MAYA_MALE_7 Operation=58 PlotIndex=1314
mission CityName=LOC_CITY_NAME_HALIFAX CompletionTurn=177 EscapeResult=-1 InitialResult=5 LevelAfter=4 LootInfo=-1 Name=LOC_CITIZEN_MAYA_MODERN_MALE_1 Operation=58 PlotIndex=1409
mission CityName=LOC_CITY_NAME_CALGARY CompletionTurn=176 EscapeResult=2 InitialResult=4 LevelAfter=4 LootInfo=-1 Name=LOC_CITIZEN_MAYA_MODERN_MALE_6 Operation=58 PlotIndex=1991
mission CityName=LOC_CITY_NAME_TORONTO CompletionTurn=173 EscapeResult=-1 InitialResult=5 LevelAfter=2 LootInfo=-1 Name=LOC_CITIZEN_MAYA_MODERN_FEMALE_2 Operation=58 PlotIndex=1818
mission CityName=LOC_CITY_NAME_MONTREAL CompletionTurn=173 EscapeResult=0 InitialResult=4 LevelAfter=3 LootInfo=-1 Name=LOC_CITIZEN_MAYA_MODERN_FEMALE_3 Operation=58 PlotIndex=1314
mission CityName=LOC_CITY_NAME_HALIFAX CompletionTurn=173 EscapeResult=-1 InitialResult=5 LevelAfter=4 LootInfo=-1 Name=LOC_CITIZEN_MAYA_MODERN_MALE_1 Operation=58 PlotIndex=1409
mission CityName=LOC_CITY_NAME_CALGARY CompletionTurn=173 EscapeResult=-1 InitialResult=3 LevelAfter=4 LootInfo=-1 Name=LOC_CITIZEN_MAYA_MODERN_MALE_6 Operation=58 PlotIndex=1991
mission CityName=LOC_CITY_NAME_QUEBEC_CITY CompletionTurn=172 EscapeResult=0 InitialResult=2 LevelAfter=1 LootInfo=-1 Name=LOC_CITIZEN_MAYA_MODERN_FEMALE_5 Operation=58 PlotIndex=1404
mission CityName=LOC_CITY_NAME_OTTAWA CompletionTurn=172 EscapeResult=0 InitialResult=4 LevelAfter=4 LootInfo=-1 Name=LOC_CITIZEN_MAYA_FEMALE_1 Operation=58 PlotIndex=978
mission CityName=LOC_CITY_NAME_HALIFAX CompletionTurn=169 EscapeResult=-1 InitialResult=5 LevelAfter=4 LootInfo=-1 Name=LOC_CITIZEN_MAYA_MODERN_MALE_1 Operation=58 PlotIndex=1409
mission CityName=LOC_CITY_NAME_TORONTO CompletionTurn=168 EscapeResult=2 InitialResult=4 LevelAfter=4 LootInfo=-1 Name=LOC_CITIZEN_MAYA_MODERN_MALE_6 Operation=58 PlotIndex=1818
mission CityName=LOC_CITY_NAME_MONTREAL CompletionTurn=168 EscapeResult=2 InitialResult=4 LevelAfter=4 LootInfo=-1 Name=LOC_CITIZEN_MAYA_MALE_8 Operation=58 PlotIndex=1314
mission CityName=LOC_CITY_NAME_OTTAWA CompletionTurn=167 EscapeResult=-1 InitialResult=5 LevelAfter=4 LootInfo=-1 Name=LOC_CITIZEN_MAYA_FEMALE_1 Operation=58 PlotIndex=978
mission CityName=LOC_CITY_NAME_MONTREAL CompletionTurn=165 EscapeResult=-1 InitialResult=5 LevelAfter=3 LootInfo=-1 Name=LOC_CITIZEN_MAYA_MALE_7 Operation=58 PlotIndex=1314
mission CityName=LOC_CITY_NAME_HALIFAX CompletionTurn=165 EscapeResult=-1 InitialResult=5 LevelAfter=4 LootInfo=-1 Name=LOC_CITIZEN_MAYA_MODERN_MALE_1 Operation=58 PlotIndex=1409
mission CityName=LOC_CITY_NAME_MONTREAL CompletionTurn=164 EscapeResult=-1 InitialResult=5 LevelAfter=2 LootInfo=-1 Name=LOC_CITIZEN_MAYA_MALE_7 Operation=58 PlotIndex=1314
mission CityName=LOC_CITY_NAME_OTTAWA CompletionTurn=162 EscapeResult=-1 InitialResult=5 LevelAfter=3 LootInfo=-1 Name=LOC_CITIZEN_MAYA_FEMALE_1 Operation=58 PlotIndex=978
mission CityName=LOC_CITY_NAME_VANCOUVER CompletionTurn=162 EscapeResult=0 InitialResult=2 LevelAfter=1 LootInfo=-1 Name=LOC_CITIZEN_MAYA_FEMALE_8 Operation=58 PlotIndex=1743
mission CityName=LOC_CITY_NAME_CHARLOTTETOWN CompletionTurn=161 EscapeResult=0 InitialResult=2 LevelAfter=1 LootInfo=-1 Name=LOC_CITIZEN_MAYA_MALE_6 Operation=58 PlotIndex=1644
mission CityName=LOC_CITY_NAME_HALIFAX CompletionTurn=161 EscapeResult=-1 InitialResult=5 LevelAfter=4 LootInfo=-1 Name=LOC_CITIZEN_MAYA_MODERN_MALE_1 Operation=58 PlotIndex=1409
mission CityName=LOC_CITY_NAME_TE_HOKIANGA_NU_A_KUPE CompletionTurn=160 EscapeResult=2 InitialResult=2 LevelAfter=3 LootInfo=-1 Name=LOC_CITIZEN_MAYA_MODERN_FEMALE_4 Operation=58 PlotIndex=772
mission CityName=LOC_CITY_NAME_TORONTO CompletionTurn=160 EscapeResult=2 InitialResult=4 LevelAfter=3 LootInfo=-1 Name=LOC_CITIZEN_MAYA_MODERN_MALE_6 Operation=58 PlotIndex=1818
mission CityName=LOC_CITY_NAME_OTTAWA CompletionTurn=158 EscapeResult=-1 InitialResult=5 LevelAfter=2 LootInfo=-1 Name=LOC_CITIZEN_MAYA_FEMALE_1 Operation=58 PlotIndex=978
mission CityName=LOC_CITY_NAME_QUEBEC_CITY CompletionTurn=158 EscapeResult=-1 InitialResult=1 LevelAfter=2 LootInfo=-1 Name=LOC_CITIZEN_MAYA_FEMALE_4 Operation=58 PlotIndex=1404
mission CityName=LOC_CITY_NAME_VANCOUVER CompletionTurn=158 EscapeResult=-1 InitialResult=3 LevelAfter=1 LootInfo=-1 Name=LOC_CITIZEN_MAYA_FEMALE_8 Operation=58 PlotIndex=1743
mission CityName=LOC_CITY_NAME_TE_HOKIANGA_NU_A_KUPE CompletionTurn=154 EscapeResult=-1 InitialResult=5 LevelAfter=3 LootInfo=-1 Name=LOC_CITIZEN_MAYA_MODERN_FEMALE_4 Operation=58 PlotIndex=772
mission CityName=LOC_CITY_NAME_CALGARY CompletionTurn=154 EscapeResult=2 InitialResult=4 LevelAfter=4 LootInfo=-1 Name=LOC_CITIZEN_MAYA_MALE_8 Operation=58 PlotIndex=1991
mission CityName=LOC_CITY_NAME_TORONTO CompletionTurn=154 EscapeResult=-1 InitialResult=5 LevelAfter=2 LootInfo=-1 Name=LOC_CITIZEN_MAYA_MODERN_MALE_6 Operation=58 PlotIndex=1818
mission CityName=LOC_CITY_NAME_MONTREAL CompletionTurn=152 EscapeResult=2 InitialResult=2 LevelAfter=2 LootInfo=-1 Name=LOC_CITIZEN_MAYA_MODERN_FEMALE_3 Operation=58 PlotIndex=1314
mission CityName=LOC_CITY_NAME_VANCOUVER CompletionTurn=152 EscapeResult=-1 InitialResult=3 LevelAfter=1 LootInfo=-1 Name=LOC_CITIZEN_MAYA_FEMALE_8 Operation=58 PlotIndex=1743
mission CityName=LOC_CITY_NAME_VICTORIA CompletionTurn=152 EscapeResult=0 InitialResult=4 LevelAfter=4 LootInfo=-1 Name=LOC_CITIZEN_MAYA_FEMALE_6 Operation=58 PlotIndex=888
mission CityName=LOC_CITY_NAME_QUEBEC_CITY CompletionTurn=149 EscapeResult=-1 InitialResult=5 LevelAfter=2 LootInfo=-1 Name=LOC_CITIZEN_MAYA_FEMALE_4 Operation=58 PlotIndex=1404
mission CityName=LOC_CITY_NAME_HALIFAX CompletionTurn=149 EscapeResult=0 InitialResult=2 LevelAfter=3 LootInfo=-1 Name=LOC_CITIZEN_MAYA_MODERN_FEMALE_8 Operation=58 PlotIndex=1409
mission CityName=LOC_CITY_NAME_CALGARY CompletionTurn=149 EscapeResult=-1 InitialResult=5 LevelAfter=4 LootInfo=-1 Name=LOC_CITIZEN_MAYA_MALE_8 Operation=58 PlotIndex=1991
mission CityName=LOC_CITY_NAME_OTTAWA CompletionTurn=147 EscapeResult=2 InitialResult=4 LevelAfter=4 LootInfo=-1 Name=LOC_CITIZEN_MAYA_MODERN_MALE_1 Operation=58 PlotIndex=978
mission CityName=LOC_CITY_NAME_VANCOUVER CompletionTurn=145 EscapeResult=2 InitialResult=2 LevelAfter=1 LootInfo=-1 Name=LOC_CITIZEN_MAYA_FEMALE_1 Operation=58 PlotIndex=1743
mission CityName=LOC_CITY_NAME_MONTREAL CompletionTurn=144 EscapeResult=-1 InitialResult=5 LevelAfter=2 LootInfo=-1 Name=LOC_CITIZEN_MAYA_MODERN_FEMALE_3 Operation=58 PlotIndex=1314
mission CityName=LOC_CITY_NAME_TORONTO CompletionTurn=144 EscapeResult=2 InitialResult=2 LevelAfter=2 LootInfo=-1 Name=LOC_CITIZEN_MAYA_MODERN_FEMALE_4 Operation=58 PlotIndex=1818
mission CityName=LOC_CITY_NAME_VICTORIA CompletionTurn=143 EscapeResult=0 InitialResult=2 LevelAfter=3 LootInfo=-1 Name=LOC_CITIZEN_MAYA_MODERN_FEMALE_6 Operation=58 PlotIndex=888
mission CityName=LOC_CITY_NAME_OTTAWA CompletionTurn=143 EscapeResult=-1 InitialResult=3 LevelAfter=4 LootInfo=-1 Name=LOC_CITIZEN_MAYA_MODERN_MALE_1 Operation=58 PlotIndex=978
mission CityName=LOC_CITY_NAME_HALIFAX CompletionTurn=142 EscapeResult=-1 InitialResult=5 LevelAfter=3 LootInfo=-1 Name=LOC_CITIZEN_MAYA_MODERN_FEMALE_8 Operation=58 PlotIndex=1409
mission CityName=LOC_CITY_NAME_CALGARY CompletionTurn=142 EscapeResult=-1 InitialResult=5 LevelAfter=4 LootInfo=-1 Name=LOC_CITIZEN_MAYA_MALE_8 Operation=58 PlotIndex=1991
mission CityName=LOC_CITY_NAME_MONTREAL CompletionTurn=141 EscapeResult=-1 InitialResult=1 LevelAfter=2 LootInfo=-1 Name=LOC_CITIZEN_MAYA_MODERN_MALE_4 Operation=58 PlotIndex=1314
mission CityName=LOC_CITY_NAME_MONTREAL CompletionTurn=140 EscapeResult=-1 InitialResult=5 LevelAfter=2 LootInfo=-1 Name=LOC_CITIZEN_MAYA_MODERN_MALE_4 Operation=58 PlotIndex=1314
mission CityName=LOC_CITY_NAME_QUEBEC_CITY CompletionTurn=140 EscapeResult=2 InitialResult=4 LevelAfter=3 LootInfo=-1 Name=LOC_CITIZEN_MAYA_FEMALE_6 Operation=58 PlotIndex=1404
mission CityName=LOC_CITY_NAME_OTTAWA CompletionTurn=139 EscapeResult=-1 InitialResult=5 LevelAfter=4 LootInfo=-1 Name=LOC_CITIZEN_MAYA_MODERN_MALE_1 Operation=58 PlotIndex=978
mission CityName=LOC_CITY_NAME_VICTORIA CompletionTurn=138 EscapeResult=1 InitialResult=4 LevelAfter=2 LootInfo=-1 Name=LOC_CITIZEN_MAYA_MALE_2 Operation=58 PlotIndex=888
mission CityName=LOC_CITY_NAME_TORONTO CompletionTurn=137 EscapeResult=-1 InitialResult=5 LevelAfter=2 LootInfo=-1 Name=LOC_CITIZEN_MAYA_MODERN_FEMALE_4 Operation=58 PlotIndex=1818
mission CityName=LOC_CITY_NAME_QUEBEC_CITY CompletionTurn=136 EscapeResult=-1 InitialResult=1 LevelAfter=2 LootInfo=-1 Name=LOC_CITIZEN_MAYA_MODERN_MALE_9 Operation=58 PlotIndex=1404
mission CityName=LOC_CITY_NAME_HALIFAX CompletionTurn=135 EscapeResult=-1 InitialResult=5 LevelAfter=2 LootInfo=-1 Name=LOC_CITIZEN_MAYA_MODERN_FEMALE_8 Operation=58 PlotIndex=1409
mission CityName=LOC_CITY_NAME_OTTAWA CompletionTurn=135 EscapeResult=-1 InitialResult=5 LevelAfter=4 LootInfo=-1 Name=LOC_CITIZEN_MAYA_MODERN_MALE_1 Operation=58 PlotIndex=978
mission CityName=LOC_CITY_NAME_CALGARY CompletionTurn=133 EscapeResult=2 InitialResult=4 LevelAfter=3 LootInfo=-1 Name=LOC_CITIZEN_MAYA_MALE_8 Operation=58 PlotIndex=1991
mission CityName=LOC_CITY_NAME_MONTREAL CompletionTurn=132 EscapeResult=0 InitialResult=2 LevelAfter=1 LootInfo=-1 Name=LOC_CITIZEN_MAYA_MALE_5 Operation=58 PlotIndex=1314
mission CityName=LOC_CITY_NAME_QUEBEC_CITY CompletionTurn=131 EscapeResult=-1 InitialResult=5 LevelAfter=2 LootInfo=-1 Name=LOC_CITIZEN_MAYA_MODERN_MALE_9 Operation=58 PlotIndex=1404
mission CityName=LOC_CITY_NAME_OTTAWA CompletionTurn=130 EscapeResult=-1 InitialResult=5 LevelAfter=4 LootInfo=-1 Name=LOC_CITIZEN_MAYA_MODERN_MALE_1 Operation=58 PlotIndex=978
mission CityName=LOC_CITY_NAME_CALGARY CompletionTurn=129 EscapeResult=-1 InitialResult=3 LevelAfter=2 LootInfo=-1 Name=LOC_CITIZEN_MAYA_MALE_8 Operation=58 PlotIndex=1991
mission CityName=LOC_CITY_NAME_TORONTO CompletionTurn=129 EscapeResult=2 InitialResult=4 LevelAfter=3 LootInfo=-1 Name=LOC_CITIZEN_MAYA_MODERN_FEMALE_6 Operation=58 PlotIndex=1818
mission CityName=LOC_CITY_NAME_MONTREAL CompletionTurn=127 EscapeResult=2 InitialResult=2 LevelAfter=1 LootInfo=-1 Name=LOC_CITIZEN_MAYA_MALE_2 Operation=58 PlotIndex=1314
mission CityName=LOC_CITY_NAME_OTTAWA CompletionTurn=124 EscapeResult=-1 InitialResult=5 LevelAfter=4 LootInfo=-1 Name=LOC_CITIZEN_MAYA_MODERN_MALE_1 Operation=58 PlotIndex=978
mission CityName=LOC_CITY_NAME_CALGARY CompletionTurn=123 EscapeResult=-1 InitialResult=5 LevelAfter=2 LootInfo=-1 Name=LOC_CITIZEN_MAYA_MALE_8 Operation=58 PlotIndex=1991
mission CityName=LOC_CITY_NAME_HALIFAX CompletionTurn=121 EscapeResult=2 InitialResult=4 LevelAfter=2 LootInfo=-1 Name=LOC_CITIZEN_MAYA_FEMALE_6 Operation=58 PlotIndex=1409
mission CityName=LOC_CITY_NAME_OTTAWA CompletionTurn=120 EscapeResult=-1 InitialResult=3 LevelAfter=3 LootInfo=-1 Name=LOC_CITIZEN_MAYA_MODERN_MALE_1 Operation=58 PlotIndex=978
mission CityName=LOC_CITY_NAME_MONTREAL CompletionTurn=120 EscapeResult=-1 InitialResult=0 LevelAfter=2 LootInfo=-1 Name=LOC_CITIZEN_MAYA_FEMALE_7 Operation=58 PlotIndex=1314
mission CityName=LOC_CITY_NAME_QUEBEC_CITY CompletionTurn=118 EscapeResult=1 InitialResult=2 LevelAfter=1 LootInfo=-1 Name=LOC_CITIZEN_MAYA_MODERN_FEMALE_1 Operation=58 PlotIndex=1404
mission CityName=LOC_CITY_NAME_TORONTO CompletionTurn=118 EscapeResult=2 InitialResult=4 LevelAfter=2 LootInfo=-1 Name=LOC_CITIZEN_MAYA_MODERN_FEMALE_6 Operation=58 PlotIndex=1818
mission CityName=LOC_CITY_NAME_TORONTO CompletionTurn=114 EscapeResult=-1 InitialResult=1 LevelAfter=1 LootInfo=-1 Name=LOC_CITIZEN_MAYA_FEMALE_3 Operation=58 PlotIndex=1818
mission CityName=LOC_CITY_NAME_MONTREAL CompletionTurn=114 EscapeResult=-1 InitialResult=5 LevelAfter=2 LootInfo=-1 Name=LOC_CITIZEN_MAYA_FEMALE_7 Operation=58 PlotIndex=1314
mission CityName=LOC_CITY_NAME_OTTAWA CompletionTurn=113 EscapeResult=-1 InitialResult=5 LevelAfter=3 LootInfo=-1 Name=LOC_CITIZEN_MAYA_MODERN_MALE_1 Operation=58 PlotIndex=978
mission CityName=LOC_CITY_NAME_MONTREAL CompletionTurn=110 EscapeResult=-1 InitialResult=1 LevelAfter=1 LootInfo=-1 Name=LOC_CITIZEN_MAYA_MODERN_FEMALE_7 Operation=58 PlotIndex=1314
mission CityName=LOC_CITY_NAME_OTTAWA CompletionTurn=107 EscapeResult=-1 InitialResult=5 LevelAfter=2 LootInfo=-1 Name=LOC_CITIZEN_MAYA_MODERN_MALE_1 Operation=58 PlotIndex=978
tally 6  FOMENT_UNREST CAPTURED / NO_RESULT
tally 1  FOMENT_UNREST FAIL_MUST_ESCAPE / CAPTURED
tally 5  FOMENT_UNREST FAIL_MUST_ESCAPE / FAIL_MUST_ESCAPE
tally 6  FOMENT_UNREST FAIL_MUST_ESCAPE / KILLED
tally 9  FOMENT_UNREST FAIL_UNDETECTED / NO_RESULT
tally 1  FOMENT_UNREST KILLED / NO_RESULT
tally 2  FOMENT_UNREST SUCCESS_MUST_ESCAPE / CAPTURED
tally 14  FOMENT_UNREST SUCCESS_MUST_ESCAPE / FAIL_MUST_ESCAPE
tally 5  FOMENT_UNREST SUCCESS_MUST_ESCAPE / KILLED
tally 39  FOMENT_UNREST SUCCESS_UNDETECTED / NO_RESULT
turn 191 spies active 4 idle 3 missions 88 captured-enemy 0
spy 7405581 LOC_CITIZEN_MAYA_MODERN_MALE_1 level 4 at 65:16 busy
spy 10682395 LOC_CITIZEN_MAYA_MALE_3 level 2 at 63:20 start
spy 9764894 LOC_CITIZEN_MAYA_MALE_1 level 2 at 59:23 busy
spy 9109539 LOC_CITIZEN_MAYA_MALE_8 level 4 at 48:10 start
spy 10223652 LOC_CITIZEN_MAYA_MODERN_FEMALE_4 level 4 at 60:16 busy
spy 10289191 LOC_CITIZEN_MAYA_MODERN_FEMALE_2 level 3 at 60:16 refused
spy 10616874 LOC_CITIZEN_MAYA_MODERN_MALE_10 level 1 at 54:11 busy
turn 191 spies 7 started 2 travelled 0 promoted 0 bought 0 gold 50000
unblock: blocker ENDTURN_BLOCKING_RESEARCH -> research TECH_MILITARY_ENGINEERING | end turn requested
unstuck: InGamePopup: open, no close
unblock: blocker ENDTURN_BLOCKING_CIVIC -> civic CIVIC_DIVINE_RIGHT | end turn requested
unstuck: InGamePopup: open, no close
mission CityName=LOC_CITY_NAME_VICTORIA CompletionTurn=191 EscapeResult=-1 InitialResult=5 LevelAfter=4 LootInfo=-1 Name=LOC_CITIZEN_MAYA_MALE_8 Operation=58 PlotIndex=888
mission CityName=LOC_CITY_NAME_QUEBEC_CITY CompletionTurn=190 EscapeResult=-1 InitialResult=5 LevelAfter=4 LootInfo=-1 Name=LOC_CITIZEN_MAYA_MODERN_FEMALE_4 Operation=58 PlotIndex=1404
mission CityName=LOC_CITY_NAME_TORONTO CompletionTurn=190 EscapeResult=-1 InitialResult=1 LevelAfter=1 LootInfo=-1 Name=LOC_CITIZEN_MAYA_MODERN_FEMALE_9 Operation=58 PlotIndex=1818
mission CityName=LOC_CITY_NAME_HALIFAX CompletionTurn=190 EscapeResult=-1 InitialResult=5 LevelAfter=4 LootInfo=-1 Name=LOC_CITIZEN_MAYA_MODERN_MALE_1 Operation=58 PlotIndex=1409
mission CityName=LOC_CITY_NAME_MONTREAL CompletionTurn=189 EscapeResult=1 InitialResult=4 LevelAfter=4 LootInfo=-1 Name=LOC_CITIZEN_MAYA_MODERN_MALE_6 Operation=58 PlotIndex=1314
mission CityName=LOC_CITY_NAME_VICTORIA CompletionTurn=187 EscapeResult=-1 InitialResult=5 LevelAfter=4 LootInfo=-1 Name=LOC_CITIZEN_MAYA_MALE_8 Operation=58 PlotIndex=888
mission CityName=LOC_CITY_NAME_MONTREAL CompletionTurn=186 EscapeResult=-1 InitialResult=3 LevelAfter=4 LootInfo=-1 Name=LOC_CITIZEN_MAYA_MODERN_MALE_6 Operation=58 PlotIndex=1314
mission CityName=LOC_CITY_NAME_TORONTO CompletionTurn=186 EscapeResult=-1 InitialResult=3 LevelAfter=1 LootInfo=-1 Name=LOC_CITIZEN_MAYA_MODERN_FEMALE_9 Operation=58 PlotIndex=1818
mission CityName=LOC_CITY_NAME_CALGARY CompletionTurn=185 EscapeResult=-1 InitialResult=5 LevelAfter=2 LootInfo=-1 Name=LOC_CITIZEN_MAYA_MALE_1 Operation=58 PlotIndex=1991
mission CityName=LOC_CITY_NAME_OTTAWA CompletionTurn=185 EscapeResult=2 InitialResult=4 LevelAfter=2 LootInfo=-1 Name=LOC_CITIZEN_MAYA_MALE_3 Operation=58 PlotIndex=978
mission CityName=LOC_CITY_NAME_HALIFAX CompletionTurn=185 EscapeResult=-1 InitialResult=5 LevelAfter=4 LootInfo=-1 Name=LOC_CITIZEN_MAYA_MODERN_MALE_1 Operation=58 PlotIndex=1409
mission CityName=LOC_CITY_NAME_VANCOUVER CompletionTurn=183 EscapeResult=0 InitialResult=4 LevelAfter=2 LootInfo=-1 Name=LOC_CITIZEN_MAYA_MALE_4 Operation=58 PlotIndex=1743
mission CityName=LOC_CITY_NAME_VICTORIA CompletionTurn=183 EscapeResult=-1 InitialResult=5 LevelAfter=4 LootInfo=-1 Name=LOC_CITIZEN_MAYA_MALE_8 Operation=58 PlotIndex=888
mission CityName=LOC_CITY_NAME_HALIFAX CompletionTurn=181 EscapeResult=-1 InitialResult=5 LevelAfter=4 LootInfo=-1 Name=LOC_CITIZEN_MAYA_MODERN_MALE_1 Operation=58 PlotIndex=1409
mission CityName=LOC_CITY_NAME_OTTAWA CompletionTurn=180 EscapeResult=-1 InitialResult=3 LevelAfter=1 LootInfo=-1 Name=LOC_CITIZEN_MAYA_MALE_3 Operation=58 PlotIndex=978
mission CityName=LOC_CITY_NAME_VICTORIA CompletionTurn=179 EscapeResult=-1 InitialResult=5 LevelAfter=4 LootInfo=-1 Name=LOC_CITIZEN_MAYA_MALE_8 Operation=58 PlotIndex=888
mission CityName=LOC_CITY_NAME_TORONTO CompletionTurn=179 EscapeResult=2 InitialResult=4 LevelAfter=3 LootInfo=-1 Name=LOC_CITIZEN_MAYA_MODERN_FEMALE_2 Operation=58 PlotIndex=1818
mission CityName=LOC_CITY_NAME_QUEBEC_CITY CompletionTurn=179 EscapeResult=2 InitialResult=4 LevelAfter=4 LootInfo=-1 Name=LOC_CITIZEN_MAYA_MODERN_FEMALE_4 Operation=58 PlotIndex=1404
mission CityName=LOC_CITY_NAME_MONTREAL CompletionTurn=178 EscapeResult=0 InitialResult=4 LevelAfter=4 LootInfo=-1 Name=LOC_CITIZEN_MAYA_MALE_7 Operation=58 PlotIndex=1314
mission CityName=LOC_CITY_NAME_HALIFAX CompletionTurn=177 EscapeResult=-1 InitialResult=5 LevelAfter=4 LootInfo=-1 Name=LOC_CITIZEN_MAYA_MODERN_MALE_1 Operation=58 PlotIndex=1409
mission CityName=LOC_CITY_NAME_CALGARY CompletionTurn=176 EscapeResult=2 InitialResult=4 LevelAfter=4 LootInfo=-1 Name=LOC_CITIZEN_MAYA_MODERN_MALE_6 Operation=58 PlotIndex=1991
mission CityName=LOC_CITY_NAME_TORONTO CompletionTurn=173 EscapeResult=-1 InitialResult=5 LevelAfter=2 LootInfo=-1 Name=LOC_CITIZEN_MAYA_MODERN_FEMALE_2 Operation=58 PlotIndex=1818
mission CityName=LOC_CITY_NAME_MONTREAL CompletionTurn=173 EscapeResult=0 InitialResult=4 LevelAfter=3 LootInfo=-1 Name=LOC_CITIZEN_MAYA_MODERN_FEMALE_3 Operation=58 PlotIndex=1314
mission CityName=LOC_CITY_NAME_HALIFAX CompletionTurn=173 EscapeResult=-1 InitialResult=5 LevelAfter=4 LootInfo=-1 Name=LOC_CITIZEN_MAYA_MODERN_MALE_1 Operation=58 PlotIndex=1409
mission CityName=LOC_CITY_NAME_CALGARY CompletionTurn=173 EscapeResult=-1 InitialResult=3 LevelAfter=4 LootInfo=-1 Name=LOC_CITIZEN_MAYA_MODERN_MALE_6 Operation=58 PlotIndex=1991
mission CityName=LOC_CITY_NAME_QUEBEC_CITY CompletionTurn=172 EscapeResult=0 InitialResult=2 LevelAfter=1 LootInfo=-1 Name=LOC_CITIZEN_MAYA_MODERN_FEMALE_5 Operation=58 PlotIndex=1404
mission CityName=LOC_CITY_NAME_OTTAWA CompletionTurn=172 EscapeResult=0 InitialResult=4 LevelAfter=4 LootInfo=-1 Name=LOC_CITIZEN_MAYA_FEMALE_1 Operation=58 PlotIndex=978
mission CityName=LOC_CITY_NAME_HALIFAX CompletionTurn=169 EscapeResult=-1 InitialResult=5 LevelAfter=4 LootInfo=-1 Name=LOC_CITIZEN_MAYA_MODERN_MALE_1 Operation=58 PlotIndex=1409
mission CityName=LOC_CITY_NAME_TORONTO CompletionTurn=168 EscapeResult=2 InitialResult=4 LevelAfter=4 LootInfo=-1 Name=LOC_CITIZEN_MAYA_MODERN_MALE_6 Operation=58 PlotIndex=1818
mission CityName=LOC_CITY_NAME_MONTREAL CompletionTurn=168 EscapeResult=2 InitialResult=4 LevelAfter=4 LootInfo=-1 Name=LOC_CITIZEN_MAYA_MALE_8 Operation=58 PlotIndex=1314
mission CityName=LOC_CITY_NAME_OTTAWA CompletionTurn=167 EscapeResult=-1 InitialResult=5 LevelAfter=4 LootInfo=-1 Name=LOC_CITIZEN_MAYA_FEMALE_1 Operation=58 PlotIndex=978
mission CityName=LOC_CITY_NAME_MONTREAL CompletionTurn=165 EscapeResult=-1 InitialResult=5 LevelAfter=3 LootInfo=-1 Name=LOC_CITIZEN_MAYA_MALE_7 Operation=58 PlotIndex=1314
mission CityName=LOC_CITY_NAME_HALIFAX CompletionTurn=165 EscapeResult=-1 InitialResult=5 LevelAfter=4 LootInfo=-1 Name=LOC_CITIZEN_MAYA_MODERN_MALE_1 Operation=58 PlotIndex=1409
mission CityName=LOC_CITY_NAME_MONTREAL CompletionTurn=164 EscapeResult=-1 InitialResult=5 LevelAfter=2 LootInfo=-1 Name=LOC_CITIZEN_MAYA_MALE_7 Operation=58 PlotIndex=1314
mission CityName=LOC_CITY_NAME_OTTAWA CompletionTurn=162 EscapeResult=-1 InitialResult=5 LevelAfter=3 LootInfo=-1 Name=LOC_CITIZEN_MAYA_FEMALE_1 Operation=58 PlotIndex=978
mission CityName=LOC_CITY_NAME_VANCOUVER CompletionTurn=162 EscapeResult=0 InitialResult=2 LevelAfter=1 LootInfo=-1 Name=LOC_CITIZEN_MAYA_FEMALE_8 Operation=58 PlotIndex=1743
mission CityName=LOC_CITY_NAME_CHARLOTTETOWN CompletionTurn=161 EscapeResult=0 InitialResult=2 LevelAfter=1 LootInfo=-1 Name=LOC_CITIZEN_MAYA_MALE_6 Operation=58 PlotIndex=1644
mission CityName=LOC_CITY_NAME_HALIFAX CompletionTurn=161 EscapeResult=-1 InitialResult=5 LevelAfter=4 LootInfo=-1 Name=LOC_CITIZEN_MAYA_MODERN_MALE_1 Operation=58 PlotIndex=1409
mission CityName=LOC_CITY_NAME_TE_HOKIANGA_NU_A_KUPE CompletionTurn=160 EscapeResult=2 InitialResult=2 LevelAfter=3 LootInfo=-1 Name=LOC_CITIZEN_MAYA_MODERN_FEMALE_4 Operation=58 PlotIndex=772
mission CityName=LOC_CITY_NAME_TORONTO CompletionTurn=160 EscapeResult=2 InitialResult=4 LevelAfter=3 LootInfo=-1 Name=LOC_CITIZEN_MAYA_MODERN_MALE_6 Operation=58 PlotIndex=1818
mission CityName=LOC_CITY_NAME_OTTAWA CompletionTurn=158 EscapeResult=-1 InitialResult=5 LevelAfter=2 LootInfo=-1 Name=LOC_CITIZEN_MAYA_FEMALE_1 Operation=58 PlotIndex=978
mission CityName=LOC_CITY_NAME_QUEBEC_CITY CompletionTurn=158 EscapeResult=-1 InitialResult=1 LevelAfter=2 LootInfo=-1 Name=LOC_CITIZEN_MAYA_FEMALE_4 Operation=58 PlotIndex=1404
mission CityName=LOC_CITY_NAME_VANCOUVER CompletionTurn=158 EscapeResult=-1 InitialResult=3 LevelAfter=1 LootInfo=-1 Name=LOC_CITIZEN_MAYA_FEMALE_8 Operation=58 PlotIndex=1743
mission CityName=LOC_CITY_NAME_TE_HOKIANGA_NU_A_KUPE CompletionTurn=154 EscapeResult=-1 InitialResult=5 LevelAfter=3 LootInfo=-1 Name=LOC_CITIZEN_MAYA_MODERN_FEMALE_4 Operation=58 PlotIndex=772
mission CityName=LOC_CITY_NAME_CALGARY CompletionTurn=154 EscapeResult=2 InitialResult=4 LevelAfter=4 LootInfo=-1 Name=LOC_CITIZEN_MAYA_MALE_8 Operation=58 PlotIndex=1991
mission CityName=LOC_CITY_NAME_TORONTO CompletionTurn=154 EscapeResult=-1 InitialResult=5 LevelAfter=2 LootInfo=-1 Name=LOC_CITIZEN_MAYA_MODERN_MALE_6 Operation=58 PlotIndex=1818
mission CityName=LOC_CITY_NAME_MONTREAL CompletionTurn=152 EscapeResult=2 InitialResult=2 LevelAfter=2 LootInfo=-1 Name=LOC_CITIZEN_MAYA_MODERN_FEMALE_3 Operation=58 PlotIndex=1314
mission CityName=LOC_CITY_NAME_VANCOUVER CompletionTurn=152 EscapeResult=-1 InitialResult=3 LevelAfter=1 LootInfo=-1 Name=LOC_CITIZEN_MAYA_FEMALE_8 Operation=58 PlotIndex=1743
mission CityName=LOC_CITY_NAME_VICTORIA CompletionTurn=152 EscapeResult=0 InitialResult=4 LevelAfter=4 LootInfo=-1 Name=LOC_CITIZEN_MAYA_FEMALE_6 Operation=58 PlotIndex=888
mission CityName=LOC_CITY_NAME_QUEBEC_CITY CompletionTurn=149 EscapeResult=-1 InitialResult=5 LevelAfter=2 LootInfo=-1 Name=LOC_CITIZEN_MAYA_FEMALE_4 Operation=58 PlotIndex=1404
mission CityName=LOC_CITY_NAME_HALIFAX CompletionTurn=149 EscapeResult=0 InitialResult=2 LevelAfter=3 LootInfo=-1 Name=LOC_CITIZEN_MAYA_MODERN_FEMALE_8 Operation=58 PlotIndex=1409
mission CityName=LOC_CITY_NAME_CALGARY CompletionTurn=149 EscapeResult=-1 InitialResult=5 LevelAfter=4 LootInfo=-1 Name=LOC_CITIZEN_MAYA_MALE_8 Operation=58 PlotIndex=1991
mission CityName=LOC_CITY_NAME_OTTAWA CompletionTurn=147 EscapeResult=2 InitialResult=4 LevelAfter=4 LootInfo=-1 Name=LOC_CITIZEN_MAYA_MODERN_MALE_1 Operation=58 PlotIndex=978
mission CityName=LOC_CITY_NAME_VANCOUVER CompletionTurn=145 EscapeResult=2 InitialResult=2 LevelAfter=1 LootInfo=-1 Name=LOC_CITIZEN_MAYA_FEMALE_1 Operation=58 PlotIndex=1743
mission CityName=LOC_CITY_NAME_MONTREAL CompletionTurn=144 EscapeResult=-1 InitialResult=5 LevelAfter=2 LootInfo=-1 Name=LOC_CITIZEN_MAYA_MODERN_FEMALE_3 Operation=58 PlotIndex=1314
mission CityName=LOC_CITY_NAME_TORONTO CompletionTurn=144 EscapeResult=2 InitialResult=2 LevelAfter=2 LootInfo=-1 Name=LOC_CITIZEN_MAYA_MODERN_FEMALE_4 Operation=58 PlotIndex=1818
mission CityName=LOC_CITY_NAME_VICTORIA CompletionTurn=143 EscapeResult=0 InitialResult=2 LevelAfter=3 LootInfo=-1 Name=LOC_CITIZEN_MAYA_MODERN_FEMALE_6 Operation=58 PlotIndex=888
mission CityName=LOC_CITY_NAME_OTTAWA CompletionTurn=143 EscapeResult=-1 InitialResult=3 LevelAfter=4 LootInfo=-1 Name=LOC_CITIZEN_MAYA_MODERN_MALE_1 Operation=58 PlotIndex=978
mission CityName=LOC_CITY_NAME_HALIFAX CompletionTurn=142 EscapeResult=-1 InitialResult=5 LevelAfter=3 LootInfo=-1 Name=LOC_CITIZEN_MAYA_MODERN_FEMALE_8 Operation=58 PlotIndex=1409
mission CityName=LOC_CITY_NAME_CALGARY CompletionTurn=142 EscapeResult=-1 InitialResult=5 LevelAfter=4 LootInfo=-1 Name=LOC_CITIZEN_MAYA_MALE_8 Operation=58 PlotIndex=1991
mission CityName=LOC_CITY_NAME_MONTREAL CompletionTurn=141 EscapeResult=-1 InitialResult=1 LevelAfter=2 LootInfo=-1 Name=LOC_CITIZEN_MAYA_MODERN_MALE_4 Operation=58 PlotIndex=1314
mission CityName=LOC_CITY_NAME_MONTREAL CompletionTurn=140 EscapeResult=-1 InitialResult=5 LevelAfter=2 LootInfo=-1 Name=LOC_CITIZEN_MAYA_MODERN_MALE_4 Operation=58 PlotIndex=1314
mission CityName=LOC_CITY_NAME_QUEBEC_CITY CompletionTurn=140 EscapeResult=2 InitialResult=4 LevelAfter=3 LootInfo=-1 Name=LOC_CITIZEN_MAYA_FEMALE_6 Operation=58 PlotIndex=1404
mission CityName=LOC_CITY_NAME_OTTAWA CompletionTurn=139 EscapeResult=-1 InitialResult=5 LevelAfter=4 LootInfo=-1 Name=LOC_CITIZEN_MAYA_MODERN_MALE_1 Operation=58 PlotIndex=978
mission CityName=LOC_CITY_NAME_VICTORIA CompletionTurn=138 EscapeResult=1 InitialResult=4 LevelAfter=2 LootInfo=-1 Name=LOC_CITIZEN_MAYA_MALE_2 Operation=58 PlotIndex=888
mission CityName=LOC_CITY_NAME_TORONTO CompletionTurn=137 EscapeResult=-1 InitialResult=5 LevelAfter=2 LootInfo=-1 Name=LOC_CITIZEN_MAYA_MODERN_FEMALE_4 Operation=58 PlotIndex=1818
mission CityName=LOC_CITY_NAME_QUEBEC_CITY CompletionTurn=136 EscapeResult=-1 InitialResult=1 LevelAfter=2 LootInfo=-1 Name=LOC_CITIZEN_MAYA_MODERN_MALE_9 Operation=58 PlotIndex=1404
mission CityName=LOC_CITY_NAME_HALIFAX CompletionTurn=135 EscapeResult=-1 InitialResult=5 LevelAfter=2 LootInfo=-1 Name=LOC_CITIZEN_MAYA_MODERN_FEMALE_8 Operation=58 PlotIndex=1409
mission CityName=LOC_CITY_NAME_OTTAWA CompletionTurn=135 EscapeResult=-1 InitialResult=5 LevelAfter=4 LootInfo=-1 Name=LOC_CITIZEN_MAYA_MODERN_MALE_1 Operation=58 PlotIndex=978
mission CityName=LOC_CITY_NAME_CALGARY CompletionTurn=133 EscapeResult=2 InitialResult=4 LevelAfter=3 LootInfo=-1 Name=LOC_CITIZEN_MAYA_MALE_8 Operation=58 PlotIndex=1991
mission CityName=LOC_CITY_NAME_MONTREAL CompletionTurn=132 EscapeResult=0 InitialResult=2 LevelAfter=1 LootInfo=-1 Name=LOC_CITIZEN_MAYA_MALE_5 Operation=58 PlotIndex=1314
mission CityName=LOC_CITY_NAME_QUEBEC_CITY CompletionTurn=131 EscapeResult=-1 InitialResult=5 LevelAfter=2 LootInfo=-1 Name=LOC_CITIZEN_MAYA_MODERN_MALE_9 Operation=58 PlotIndex=1404
mission CityName=LOC_CITY_NAME_OTTAWA CompletionTurn=130 EscapeResult=-1 InitialResult=5 LevelAfter=4 LootInfo=-1 Name=LOC_CITIZEN_MAYA_MODERN_MALE_1 Operation=58 PlotIndex=978
mission CityName=LOC_CITY_NAME_CALGARY CompletionTurn=129 EscapeResult=-1 InitialResult=3 LevelAfter=2 LootInfo=-1 Name=LOC_CITIZEN_MAYA_MALE_8 Operation=58 PlotIndex=1991
mission CityName=LOC_CITY_NAME_TORONTO CompletionTurn=129 EscapeResult=2 InitialResult=4 LevelAfter=3 LootInfo=-1 Name=LOC_CITIZEN_MAYA_MODERN_FEMALE_6 Operation=58 PlotIndex=1818
mission CityName=LOC_CITY_NAME_MONTREAL CompletionTurn=127 EscapeResult=2 InitialResult=2 LevelAfter=1 LootInfo=-1 Name=LOC_CITIZEN_MAYA_MALE_2 Operation=58 PlotIndex=1314
mission CityName=LOC_CITY_NAME_OTTAWA CompletionTurn=124 EscapeResult=-1 InitialResult=5 LevelAfter=4 LootInfo=-1 Name=LOC_CITIZEN_MAYA_MODERN_MALE_1 Operation=58 PlotIndex=978
mission CityName=LOC_CITY_NAME_CALGARY CompletionTurn=123 EscapeResult=-1 InitialResult=5 LevelAfter=2 LootInfo=-1 Name=LOC_CITIZEN_MAYA_MALE_8 Operation=58 PlotIndex=1991
mission CityName=LOC_CITY_NAME_HALIFAX CompletionTurn=121 EscapeResult=2 InitialResult=4 LevelAfter=2 LootInfo=-1 Name=LOC_CITIZEN_MAYA_FEMALE_6 Operation=58 PlotIndex=1409
mission CityName=LOC_CITY_NAME_OTTAWA CompletionTurn=120 EscapeResult=-1 InitialResult=3 LevelAfter=3 LootInfo=-1 Name=LOC_CITIZEN_MAYA_MODERN_MALE_1 Operation=58 PlotIndex=978
mission CityName=LOC_CITY_NAME_MONTREAL CompletionTurn=120 EscapeResult=-1 InitialResult=0 LevelAfter=2 LootInfo=-1 Name=LOC_CITIZEN_MAYA_FEMALE_7 Operation=58 PlotIndex=1314
mission CityName=LOC_CITY_NAME_QUEBEC_CITY CompletionTurn=118 EscapeResult=1 InitialResult=2 LevelAfter=1 LootInfo=-1 Name=LOC_CITIZEN_MAYA_MODERN_FEMALE_1 Operation=58 PlotIndex=1404
mission CityName=LOC_CITY_NAME_TORONTO CompletionTurn=118 EscapeResult=2 InitialResult=4 LevelAfter=2 LootInfo=-1 Name=LOC_CITIZEN_MAYA_MODERN_FEMALE_6 Operation=58 PlotIndex=1818
mission CityName=LOC_CITY_NAME_TORONTO CompletionTurn=114 EscapeResult=-1 InitialResult=1 LevelAfter=1 LootInfo=-1 Name=LOC_CITIZEN_MAYA_FEMALE_3 Operation=58 PlotIndex=1818
mission CityName=LOC_CITY_NAME_MONTREAL CompletionTurn=114 EscapeResult=-1 InitialResult=5 LevelAfter=2 LootInfo=-1 Name=LOC_CITIZEN_MAYA_FEMALE_7 Operation=58 PlotIndex=1314
mission CityName=LOC_CITY_NAME_OTTAWA CompletionTurn=113 EscapeResult=-1 InitialResult=5 LevelAfter=3 LootInfo=-1 Name=LOC_CITIZEN_MAYA_MODERN_MALE_1 Operation=58 PlotIndex=978
mission CityName=LOC_CITY_NAME_MONTREAL CompletionTurn=110 EscapeResult=-1 InitialResult=1 LevelAfter=1 LootInfo=-1 Name=LOC_CITIZEN_MAYA_MODERN_FEMALE_7 Operation=58 PlotIndex=1314
mission CityName=LOC_CITY_NAME_OTTAWA CompletionTurn=107 EscapeResult=-1 InitialResult=5 LevelAfter=2 LootInfo=-1 Name=LOC_CITIZEN_MAYA_MODERN_MALE_1 Operation=58 PlotIndex=978
tally 6  FOMENT_UNREST CAPTURED / NO_RESULT
tally 1  FOMENT_UNREST FAIL_MUST_ESCAPE / CAPTURED
tally 5  FOMENT_UNREST FAIL_MUST_ESCAPE / FAIL_MUST_ESCAPE
tally 6  FOMENT_UNREST FAIL_MUST_ESCAPE / KILLED
tally 9  FOMENT_UNREST FAIL_UNDETECTED / NO_RESULT
tally 1  FOMENT_UNREST KILLED / NO_RESULT
tally 2  FOMENT_UNREST SUCCESS_MUST_ESCAPE / CAPTURED
tally 14  FOMENT_UNREST SUCCESS_MUST_ESCAPE / FAIL_MUST_ESCAPE
tally 5  FOMENT_UNREST SUCCESS_MUST_ESCAPE / KILLED
tally 39  FOMENT_UNREST SUCCESS_UNDETECTED / NO_RESULT
turn 192 spies active 6 idle 1 missions 88 captured-enemy 0
spy 7405581 LOC_CITIZEN_MAYA_MODERN_MALE_1 level 4 at 65:16 busy
spy 10682395 LOC_CITIZEN_MAYA_MALE_3 level 2 at 63:20 busy
spy 9764894 LOC_CITIZEN_MAYA_MALE_1 level 2 at 59:23 busy
spy 9109539 LOC_CITIZEN_MAYA_MALE_8 level 4 at 48:10 busy
spy 10223652 LOC_CITIZEN_MAYA_MODERN_FEMALE_4 level 4 at 60:16 busy
spy 10289191 LOC_CITIZEN_MAYA_MODERN_FEMALE_2 level 3 at 60:16 refused
spy 10616874 LOC_CITIZEN_MAYA_MODERN_MALE_10 level 1 at 54:11 busy
turn 192 spies 7 started 0 travelled 0 promoted 0 bought 0 gold 50000
unblock: blocker ENDTURN_BLOCKING_CIVIC -> civic CIVIC_DIVINE_RIGHT | end turn requested
unstuck: InGamePopup: open, no close
unblock: blocker ENDTURN_BLOCKING_PRODUCTION -> NARANJO builds UNIT_WARRIOR | end turn requested
unstuck: closed sessions [4:4]
unstuck: DiplomacyActionView: closed
unstuck: InGamePopup: open, no close
unblock: blocker ENDTURN_BLOCKING_PRODUCTION -> NARANJO builds UNIT_WARRIOR | end turn requested
unstuck: closed sessions [6:6]
unstuck: DiplomacyActionView: closed
unstuck: InGamePopup: open, no close
mission CityName=LOC_CITY_NAME_OTTAWA CompletionTurn=193 EscapeResult=-1 InitialResult=4 LevelAfter=2 LootInfo=-1 Name=LOC_CITIZEN_MAYA_MODERN_MALE_10 Operation=58 PlotIndex=978
mission CityName=LOC_CITY_NAME_CALGARY CompletionTurn=193 EscapeResult=-1 InitialResult=5 LevelAfter=3 LootInfo=-1 Name=LOC_CITIZEN_MAYA_MALE_1 Operation=58 PlotIndex=1991
mission CityName=LOC_CITY_NAME_VICTORIA CompletionTurn=191 EscapeResult=-1 InitialResult=5 LevelAfter=4 LootInfo=-1 Name=LOC_CITIZEN_MAYA_MALE_8 Operation=58 PlotIndex=888
mission CityName=LOC_CITY_NAME_QUEBEC_CITY CompletionTurn=190 EscapeResult=-1 InitialResult=5 LevelAfter=4 LootInfo=-1 Name=LOC_CITIZEN_MAYA_MODERN_FEMALE_4 Operation=58 PlotIndex=1404
mission CityName=LOC_CITY_NAME_TORONTO CompletionTurn=190 EscapeResult=-1 InitialResult=1 LevelAfter=1 LootInfo=-1 Name=LOC_CITIZEN_MAYA_MODERN_FEMALE_9 Operation=58 PlotIndex=1818
mission CityName=LOC_CITY_NAME_HALIFAX CompletionTurn=190 EscapeResult=-1 InitialResult=5 LevelAfter=4 LootInfo=-1 Name=LOC_CITIZEN_MAYA_MODERN_MALE_1 Operation=58 PlotIndex=1409
mission CityName=LOC_CITY_NAME_MONTREAL CompletionTurn=189 EscapeResult=1 InitialResult=4 LevelAfter=4 LootInfo=-1 Name=LOC_CITIZEN_MAYA_MODERN_MALE_6 Operation=58 PlotIndex=1314
mission CityName=LOC_CITY_NAME_VICTORIA CompletionTurn=187 EscapeResult=-1 InitialResult=5 LevelAfter=4 LootInfo=-1 Name=LOC_CITIZEN_MAYA_MALE_8 Operation=58 PlotIndex=888
mission CityName=LOC_CITY_NAME_MONTREAL CompletionTurn=186 EscapeResult=-1 InitialResult=3 LevelAfter=4 LootInfo=-1 Name=LOC_CITIZEN_MAYA_MODERN_MALE_6 Operation=58 PlotIndex=1314
mission CityName=LOC_CITY_NAME_TORONTO CompletionTurn=186 EscapeResult=-1 InitialResult=3 LevelAfter=1 LootInfo=-1 Name=LOC_CITIZEN_MAYA_MODERN_FEMALE_9 Operation=58 PlotIndex=1818
mission CityName=LOC_CITY_NAME_CALGARY CompletionTurn=185 EscapeResult=-1 InitialResult=5 LevelAfter=2 LootInfo=-1 Name=LOC_CITIZEN_MAYA_MALE_1 Operation=58 PlotIndex=1991
mission CityName=LOC_CITY_NAME_OTTAWA CompletionTurn=185 EscapeResult=2 InitialResult=4 LevelAfter=2 LootInfo=-1 Name=LOC_CITIZEN_MAYA_MALE_3 Operation=58 PlotIndex=978
mission CityName=LOC_CITY_NAME_HALIFAX CompletionTurn=185 EscapeResult=-1 InitialResult=5 LevelAfter=4 LootInfo=-1 Name=LOC_CITIZEN_MAYA_MODERN_MALE_1 Operation=58 PlotIndex=1409
mission CityName=LOC_CITY_NAME_VANCOUVER CompletionTurn=183 EscapeResult=0 InitialResult=4 LevelAfter=2 LootInfo=-1 Name=LOC_CITIZEN_MAYA_MALE_4 Operation=58 PlotIndex=1743
mission CityName=LOC_CITY_NAME_VICTORIA CompletionTurn=183 EscapeResult=-1 InitialResult=5 LevelAfter=4 LootInfo=-1 Name=LOC_CITIZEN_MAYA_MALE_8 Operation=58 PlotIndex=888
mission CityName=LOC_CITY_NAME_HALIFAX CompletionTurn=181 EscapeResult=-1 InitialResult=5 LevelAfter=4 LootInfo=-1 Name=LOC_CITIZEN_MAYA_MODERN_MALE_1 Operation=58 PlotIndex=1409
mission CityName=LOC_CITY_NAME_OTTAWA CompletionTurn=180 EscapeResult=-1 InitialResult=3 LevelAfter=1 LootInfo=-1 Name=LOC_CITIZEN_MAYA_MALE_3 Operation=58 PlotIndex=978
mission CityName=LOC_CITY_NAME_VICTORIA CompletionTurn=179 EscapeResult=-1 InitialResult=5 LevelAfter=4 LootInfo=-1 Name=LOC_CITIZEN_MAYA_MALE_8 Operation=58 PlotIndex=888
mission CityName=LOC_CITY_NAME_TORONTO CompletionTurn=179 EscapeResult=2 InitialResult=4 LevelAfter=3 LootInfo=-1 Name=LOC_CITIZEN_MAYA_MODERN_FEMALE_2 Operation=58 PlotIndex=1818
mission CityName=LOC_CITY_NAME_QUEBEC_CITY CompletionTurn=179 EscapeResult=2 InitialResult=4 LevelAfter=4 LootInfo=-1 Name=LOC_CITIZEN_MAYA_MODERN_FEMALE_4 Operation=58 PlotIndex=1404
mission CityName=LOC_CITY_NAME_MONTREAL CompletionTurn=178 EscapeResult=0 InitialResult=4 LevelAfter=4 LootInfo=-1 Name=LOC_CITIZEN_MAYA_MALE_7 Operation=58 PlotIndex=1314
mission CityName=LOC_CITY_NAME_HALIFAX CompletionTurn=177 EscapeResult=-1 InitialResult=5 LevelAfter=4 LootInfo=-1 Name=LOC_CITIZEN_MAYA_MODERN_MALE_1 Operation=58 PlotIndex=1409
mission CityName=LOC_CITY_NAME_CALGARY CompletionTurn=176 EscapeResult=2 InitialResult=4 LevelAfter=4 LootInfo=-1 Name=LOC_CITIZEN_MAYA_MODERN_MALE_6 Operation=58 PlotIndex=1991
mission CityName=LOC_CITY_NAME_TORONTO CompletionTurn=173 EscapeResult=-1 InitialResult=5 LevelAfter=2 LootInfo=-1 Name=LOC_CITIZEN_MAYA_MODERN_FEMALE_2 Operation=58 PlotIndex=1818
mission CityName=LOC_CITY_NAME_MONTREAL CompletionTurn=173 EscapeResult=0 InitialResult=4 LevelAfter=3 LootInfo=-1 Name=LOC_CITIZEN_MAYA_MODERN_FEMALE_3 Operation=58 PlotIndex=1314
mission CityName=LOC_CITY_NAME_HALIFAX CompletionTurn=173 EscapeResult=-1 InitialResult=5 LevelAfter=4 LootInfo=-1 Name=LOC_CITIZEN_MAYA_MODERN_MALE_1 Operation=58 PlotIndex=1409
mission CityName=LOC_CITY_NAME_CALGARY CompletionTurn=173 EscapeResult=-1 InitialResult=3 LevelAfter=4 LootInfo=-1 Name=LOC_CITIZEN_MAYA_MODERN_MALE_6 Operation=58 PlotIndex=1991
mission CityName=LOC_CITY_NAME_QUEBEC_CITY CompletionTurn=172 EscapeResult=0 InitialResult=2 LevelAfter=1 LootInfo=-1 Name=LOC_CITIZEN_MAYA_MODERN_FEMALE_5 Operation=58 PlotIndex=1404
mission CityName=LOC_CITY_NAME_OTTAWA CompletionTurn=172 EscapeResult=0 InitialResult=4 LevelAfter=4 LootInfo=-1 Name=LOC_CITIZEN_MAYA_FEMALE_1 Operation=58 PlotIndex=978
mission CityName=LOC_CITY_NAME_HALIFAX CompletionTurn=169 EscapeResult=-1 InitialResult=5 LevelAfter=4 LootInfo=-1 Name=LOC_CITIZEN_MAYA_MODERN_MALE_1 Operation=58 PlotIndex=1409
mission CityName=LOC_CITY_NAME_TORONTO CompletionTurn=168 EscapeResult=2 InitialResult=4 LevelAfter=4 LootInfo=-1 Name=LOC_CITIZEN_MAYA_MODERN_MALE_6 Operation=58 PlotIndex=1818
mission CityName=LOC_CITY_NAME_MONTREAL CompletionTurn=168 EscapeResult=2 InitialResult=4 LevelAfter=4 LootInfo=-1 Name=LOC_CITIZEN_MAYA_MALE_8 Operation=58 PlotIndex=1314
mission CityName=LOC_CITY_NAME_OTTAWA CompletionTurn=167 EscapeResult=-1 InitialResult=5 LevelAfter=4 LootInfo=-1 Name=LOC_CITIZEN_MAYA_FEMALE_1 Operation=58 PlotIndex=978
mission CityName=LOC_CITY_NAME_MONTREAL CompletionTurn=165 EscapeResult=-1 InitialResult=5 LevelAfter=3 LootInfo=-1 Name=LOC_CITIZEN_MAYA_MALE_7 Operation=58 PlotIndex=1314
mission CityName=LOC_CITY_NAME_HALIFAX CompletionTurn=165 EscapeResult=-1 InitialResult=5 LevelAfter=4 LootInfo=-1 Name=LOC_CITIZEN_MAYA_MODERN_MALE_1 Operation=58 PlotIndex=1409
mission CityName=LOC_CITY_NAME_MONTREAL CompletionTurn=164 EscapeResult=-1 InitialResult=5 LevelAfter=2 LootInfo=-1 Name=LOC_CITIZEN_MAYA_MALE_7 Operation=58 PlotIndex=1314
mission CityName=LOC_CITY_NAME_OTTAWA CompletionTurn=162 EscapeResult=-1 InitialResult=5 LevelAfter=3 LootInfo=-1 Name=LOC_CITIZEN_MAYA_FEMALE_1 Operation=58 PlotIndex=978
mission CityName=LOC_CITY_NAME_VANCOUVER CompletionTurn=162 EscapeResult=0 InitialResult=2 LevelAfter=1 LootInfo=-1 Name=LOC_CITIZEN_MAYA_FEMALE_8 Operation=58 PlotIndex=1743
mission CityName=LOC_CITY_NAME_CHARLOTTETOWN CompletionTurn=161 EscapeResult=0 InitialResult=2 LevelAfter=1 LootInfo=-1 Name=LOC_CITIZEN_MAYA_MALE_6 Operation=58 PlotIndex=1644
mission CityName=LOC_CITY_NAME_HALIFAX CompletionTurn=161 EscapeResult=-1 InitialResult=5 LevelAfter=4 LootInfo=-1 Name=LOC_CITIZEN_MAYA_MODERN_MALE_1 Operation=58 PlotIndex=1409
mission CityName=LOC_CITY_NAME_TE_HOKIANGA_NU_A_KUPE CompletionTurn=160 EscapeResult=2 InitialResult=2 LevelAfter=3 LootInfo=-1 Name=LOC_CITIZEN_MAYA_MODERN_FEMALE_4 Operation=58 PlotIndex=772
mission CityName=LOC_CITY_NAME_TORONTO CompletionTurn=160 EscapeResult=2 InitialResult=4 LevelAfter=3 LootInfo=-1 Name=LOC_CITIZEN_MAYA_MODERN_MALE_6 Operation=58 PlotIndex=1818
mission CityName=LOC_CITY_NAME_OTTAWA CompletionTurn=158 EscapeResult=-1 InitialResult=5 LevelAfter=2 LootInfo=-1 Name=LOC_CITIZEN_MAYA_FEMALE_1 Operation=58 PlotIndex=978
mission CityName=LOC_CITY_NAME_QUEBEC_CITY CompletionTurn=158 EscapeResult=-1 InitialResult=1 LevelAfter=2 LootInfo=-1 Name=LOC_CITIZEN_MAYA_FEMALE_4 Operation=58 PlotIndex=1404
mission CityName=LOC_CITY_NAME_VANCOUVER CompletionTurn=158 EscapeResult=-1 InitialResult=3 LevelAfter=1 LootInfo=-1 Name=LOC_CITIZEN_MAYA_FEMALE_8 Operation=58 PlotIndex=1743
mission CityName=LOC_CITY_NAME_TE_HOKIANGA_NU_A_KUPE CompletionTurn=154 EscapeResult=-1 InitialResult=5 LevelAfter=3 LootInfo=-1 Name=LOC_CITIZEN_MAYA_MODERN_FEMALE_4 Operation=58 PlotIndex=772
mission CityName=LOC_CITY_NAME_CALGARY CompletionTurn=154 EscapeResult=2 InitialResult=4 LevelAfter=4 LootInfo=-1 Name=LOC_CITIZEN_MAYA_MALE_8 Operation=58 PlotIndex=1991
mission CityName=LOC_CITY_NAME_TORONTO CompletionTurn=154 EscapeResult=-1 InitialResult=5 LevelAfter=2 LootInfo=-1 Name=LOC_CITIZEN_MAYA_MODERN_MALE_6 Operation=58 PlotIndex=1818
mission CityName=LOC_CITY_NAME_MONTREAL CompletionTurn=152 EscapeResult=2 InitialResult=2 LevelAfter=2 LootInfo=-1 Name=LOC_CITIZEN_MAYA_MODERN_FEMALE_3 Operation=58 PlotIndex=1314
mission CityName=LOC_CITY_NAME_VANCOUVER CompletionTurn=152 EscapeResult=-1 InitialResult=3 LevelAfter=1 LootInfo=-1 Name=LOC_CITIZEN_MAYA_FEMALE_8 Operation=58 PlotIndex=1743
mission CityName=LOC_CITY_NAME_VICTORIA CompletionTurn=152 EscapeResult=0 InitialResult=4 LevelAfter=4 LootInfo=-1 Name=LOC_CITIZEN_MAYA_FEMALE_6 Operation=58 PlotIndex=888
mission CityName=LOC_CITY_NAME_QUEBEC_CITY CompletionTurn=149 EscapeResult=-1 InitialResult=5 LevelAfter=2 LootInfo=-1 Name=LOC_CITIZEN_MAYA_FEMALE_4 Operation=58 PlotIndex=1404
mission CityName=LOC_CITY_NAME_HALIFAX CompletionTurn=149 EscapeResult=0 InitialResult=2 LevelAfter=3 LootInfo=-1 Name=LOC_CITIZEN_MAYA_MODERN_FEMALE_8 Operation=58 PlotIndex=1409
mission CityName=LOC_CITY_NAME_CALGARY CompletionTurn=149 EscapeResult=-1 InitialResult=5 LevelAfter=4 LootInfo=-1 Name=LOC_CITIZEN_MAYA_MALE_8 Operation=58 PlotIndex=1991
mission CityName=LOC_CITY_NAME_OTTAWA CompletionTurn=147 EscapeResult=2 InitialResult=4 LevelAfter=4 LootInfo=-1 Name=LOC_CITIZEN_MAYA_MODERN_MALE_1 Operation=58 PlotIndex=978
mission CityName=LOC_CITY_NAME_VANCOUVER CompletionTurn=145 EscapeResult=2 InitialResult=2 LevelAfter=1 LootInfo=-1 Name=LOC_CITIZEN_MAYA_FEMALE_1 Operation=58 PlotIndex=1743
mission CityName=LOC_CITY_NAME_MONTREAL CompletionTurn=144 EscapeResult=-1 InitialResult=5 LevelAfter=2 LootInfo=-1 Name=LOC_CITIZEN_MAYA_MODERN_FEMALE_3 Operation=58 PlotIndex=1314
mission CityName=LOC_CITY_NAME_TORONTO CompletionTurn=144 EscapeResult=2 InitialResult=2 LevelAfter=2 LootInfo=-1 Name=LOC_CITIZEN_MAYA_MODERN_FEMALE_4 Operation=58 PlotIndex=1818
mission CityName=LOC_CITY_NAME_VICTORIA CompletionTurn=143 EscapeResult=0 InitialResult=2 LevelAfter=3 LootInfo=-1 Name=LOC_CITIZEN_MAYA_MODERN_FEMALE_6 Operation=58 PlotIndex=888
mission CityName=LOC_CITY_NAME_OTTAWA CompletionTurn=143 EscapeResult=-1 InitialResult=3 LevelAfter=4 LootInfo=-1 Name=LOC_CITIZEN_MAYA_MODERN_MALE_1 Operation=58 PlotIndex=978
mission CityName=LOC_CITY_NAME_HALIFAX CompletionTurn=142 EscapeResult=-1 InitialResult=5 LevelAfter=3 LootInfo=-1 Name=LOC_CITIZEN_MAYA_MODERN_FEMALE_8 Operation=58 PlotIndex=1409
mission CityName=LOC_CITY_NAME_CALGARY CompletionTurn=142 EscapeResult=-1 InitialResult=5 LevelAfter=4 LootInfo=-1 Name=LOC_CITIZEN_MAYA_MALE_8 Operation=58 PlotIndex=1991
mission CityName=LOC_CITY_NAME_MONTREAL CompletionTurn=141 EscapeResult=-1 InitialResult=1 LevelAfter=2 LootInfo=-1 Name=LOC_CITIZEN_MAYA_MODERN_MALE_4 Operation=58 PlotIndex=1314
mission CityName=LOC_CITY_NAME_MONTREAL CompletionTurn=140 EscapeResult=-1 InitialResult=5 LevelAfter=2 LootInfo=-1 Name=LOC_CITIZEN_MAYA_MODERN_MALE_4 Operation=58 PlotIndex=1314
mission CityName=LOC_CITY_NAME_QUEBEC_CITY CompletionTurn=140 EscapeResult=2 InitialResult=4 LevelAfter=3 LootInfo=-1 Name=LOC_CITIZEN_MAYA_FEMALE_6 Operation=58 PlotIndex=1404
mission CityName=LOC_CITY_NAME_OTTAWA CompletionTurn=139 EscapeResult=-1 InitialResult=5 LevelAfter=4 LootInfo=-1 Name=LOC_CITIZEN_MAYA_MODERN_MALE_1 Operation=58 PlotIndex=978
mission CityName=LOC_CITY_NAME_VICTORIA CompletionTurn=138 EscapeResult=1 InitialResult=4 LevelAfter=2 LootInfo=-1 Name=LOC_CITIZEN_MAYA_MALE_2 Operation=58 PlotIndex=888
mission CityName=LOC_CITY_NAME_TORONTO CompletionTurn=137 EscapeResult=-1 InitialResult=5 LevelAfter=2 LootInfo=-1 Name=LOC_CITIZEN_MAYA_MODERN_FEMALE_4 Operation=58 PlotIndex=1818
mission CityName=LOC_CITY_NAME_QUEBEC_CITY CompletionTurn=136 EscapeResult=-1 InitialResult=1 LevelAfter=2 LootInfo=-1 Name=LOC_CITIZEN_MAYA_MODERN_MALE_9 Operation=58 PlotIndex=1404
mission CityName=LOC_CITY_NAME_HALIFAX CompletionTurn=135 EscapeResult=-1 InitialResult=5 LevelAfter=2 LootInfo=-1 Name=LOC_CITIZEN_MAYA_MODERN_FEMALE_8 Operation=58 PlotIndex=1409
mission CityName=LOC_CITY_NAME_OTTAWA CompletionTurn=135 EscapeResult=-1 InitialResult=5 LevelAfter=4 LootInfo=-1 Name=LOC_CITIZEN_MAYA_MODERN_MALE_1 Operation=58 PlotIndex=978
mission CityName=LOC_CITY_NAME_CALGARY CompletionTurn=133 EscapeResult=2 InitialResult=4 LevelAfter=3 LootInfo=-1 Name=LOC_CITIZEN_MAYA_MALE_8 Operation=58 PlotIndex=1991
mission CityName=LOC_CITY_NAME_MONTREAL CompletionTurn=132 EscapeResult=0 InitialResult=2 LevelAfter=1 LootInfo=-1 Name=LOC_CITIZEN_MAYA_MALE_5 Operation=58 PlotIndex=1314
mission CityName=LOC_CITY_NAME_QUEBEC_CITY CompletionTurn=131 EscapeResult=-1 InitialResult=5 LevelAfter=2 LootInfo=-1 Name=LOC_CITIZEN_MAYA_MODERN_MALE_9 Operation=58 PlotIndex=1404
mission CityName=LOC_CITY_NAME_OTTAWA CompletionTurn=130 EscapeResult=-1 InitialResult=5 LevelAfter=4 LootInfo=-1 Name=LOC_CITIZEN_MAYA_MODERN_MALE_1 Operation=58 PlotIndex=978
mission CityName=LOC_CITY_NAME_CALGARY CompletionTurn=129 EscapeResult=-1 InitialResult=3 LevelAfter=2 LootInfo=-1 Name=LOC_CITIZEN_MAYA_MALE_8 Operation=58 PlotIndex=1991
mission CityName=LOC_CITY_NAME_TORONTO CompletionTurn=129 EscapeResult=2 InitialResult=4 LevelAfter=3 LootInfo=-1 Name=LOC_CITIZEN_MAYA_MODERN_FEMALE_6 Operation=58 PlotIndex=1818
mission CityName=LOC_CITY_NAME_MONTREAL CompletionTurn=127 EscapeResult=2 InitialResult=2 LevelAfter=1 LootInfo=-1 Name=LOC_CITIZEN_MAYA_MALE_2 Operation=58 PlotIndex=1314
mission CityName=LOC_CITY_NAME_OTTAWA CompletionTurn=124 EscapeResult=-1 InitialResult=5 LevelAfter=4 LootInfo=-1 Name=LOC_CITIZEN_MAYA_MODERN_MALE_1 Operation=58 PlotIndex=978
mission CityName=LOC_CITY_NAME_CALGARY CompletionTurn=123 EscapeResult=-1 InitialResult=5 LevelAfter=2 LootInfo=-1 Name=LOC_CITIZEN_MAYA_MALE_8 Operation=58 PlotIndex=1991
mission CityName=LOC_CITY_NAME_HALIFAX CompletionTurn=121 EscapeResult=2 InitialResult=4 LevelAfter=2 LootInfo=-1 Name=LOC_CITIZEN_MAYA_FEMALE_6 Operation=58 PlotIndex=1409
mission CityName=LOC_CITY_NAME_OTTAWA CompletionTurn=120 EscapeResult=-1 InitialResult=3 LevelAfter=3 LootInfo=-1 Name=LOC_CITIZEN_MAYA_MODERN_MALE_1 Operation=58 PlotIndex=978
mission CityName=LOC_CITY_NAME_MONTREAL CompletionTurn=120 EscapeResult=-1 InitialResult=0 LevelAfter=2 LootInfo=-1 Name=LOC_CITIZEN_MAYA_FEMALE_7 Operation=58 PlotIndex=1314
mission CityName=LOC_CITY_NAME_QUEBEC_CITY CompletionTurn=118 EscapeResult=1 InitialResult=2 LevelAfter=1 LootInfo=-1 Name=LOC_CITIZEN_MAYA_MODERN_FEMALE_1 Operation=58 PlotIndex=1404
mission CityName=LOC_CITY_NAME_TORONTO CompletionTurn=118 EscapeResult=2 InitialResult=4 LevelAfter=2 LootInfo=-1 Name=LOC_CITIZEN_MAYA_MODERN_FEMALE_6 Operation=58 PlotIndex=1818
mission CityName=LOC_CITY_NAME_TORONTO CompletionTurn=114 EscapeResult=-1 InitialResult=1 LevelAfter=1 LootInfo=-1 Name=LOC_CITIZEN_MAYA_FEMALE_3 Operation=58 PlotIndex=1818
mission CityName=LOC_CITY_NAME_MONTREAL CompletionTurn=114 EscapeResult=-1 InitialResult=5 LevelAfter=2 LootInfo=-1 Name=LOC_CITIZEN_MAYA_FEMALE_7 Operation=58 PlotIndex=1314
mission CityName=LOC_CITY_NAME_OTTAWA CompletionTurn=113 EscapeResult=-1 InitialResult=5 LevelAfter=3 LootInfo=-1 Name=LOC_CITIZEN_MAYA_MODERN_MALE_1 Operation=58 PlotIndex=978
mission CityName=LOC_CITY_NAME_MONTREAL CompletionTurn=110 EscapeResult=-1 InitialResult=1 LevelAfter=1 LootInfo=-1 Name=LOC_CITIZEN_MAYA_MODERN_FEMALE_7 Operation=58 PlotIndex=1314
mission CityName=LOC_CITY_NAME_OTTAWA CompletionTurn=107 EscapeResult=-1 InitialResult=5 LevelAfter=2 LootInfo=-1 Name=LOC_CITIZEN_MAYA_MODERN_MALE_1 Operation=58 PlotIndex=978
tally 6  FOMENT_UNREST CAPTURED / NO_RESULT
tally 1  FOMENT_UNREST FAIL_MUST_ESCAPE / CAPTURED
tally 5  FOMENT_UNREST FAIL_MUST_ESCAPE / FAIL_MUST_ESCAPE
tally 6  FOMENT_UNREST FAIL_MUST_ESCAPE / KILLED
tally 9  FOMENT_UNREST FAIL_UNDETECTED / NO_RESULT
tally 1  FOMENT_UNREST KILLED / NO_RESULT
tally 2  FOMENT_UNREST SUCCESS_MUST_ESCAPE / CAPTURED
tally 14  FOMENT_UNREST SUCCESS_MUST_ESCAPE / FAIL_MUST_ESCAPE
tally 5  FOMENT_UNREST SUCCESS_MUST_ESCAPE / KILLED
tally 1  FOMENT_UNREST SUCCESS_MUST_ESCAPE / NO_RESULT
tally 40  FOMENT_UNREST SUCCESS_UNDETECTED / NO_RESULT
turn 193 spies active 6 idle 1 missions 90 captured-enemy 0
spy 7405581 LOC_CITIZEN_MAYA_MODERN_MALE_1 level 4 at 65:16 busy
spy 10682395 LOC_CITIZEN_MAYA_MALE_3 level 2 at 63:20 busy
spy 9764894 LOC_CITIZEN_MAYA_MALE_1 level 2 at 59:23 start
spy 9109539 LOC_CITIZEN_MAYA_MALE_8 level 4 at 48:10 busy
spy 10223652 LOC_CITIZEN_MAYA_MODERN_FEMALE_4 level 4 at 60:16 busy
spy 10289191 LOC_CITIZEN_MAYA_MODERN_FEMALE_2 level 3 at 60:16 refused
spy 10616874 LOC_CITIZEN_MAYA_MODERN_MALE_10 level 1 at 54:11 busy
turn 193 spies 7 started 1 travelled 0 promoted 2 bought 0 gold 50000
unblock: blocker ENDTURN_BLOCKING_SPY_CHOOSE_ESCAPE_ROUTE -> escape route DISTRICT_COMMERCIAL_HUB of 2 for spy 10616874 LOC_CITIZEN_MAYA_MODERN_MALE_10 level 2 turn 193 city LOC_CITY_NAME_OTTAWA p1 at 54:11 pursuer police | end turn requested
unstuck: InGamePopup: open, no close
unblock: blocker ENDTURN_BLOCKING_PRODUCTION -> NARANJO builds UNIT_WARRIOR | end turn requested
unstuck: closed sessions [3:3]
unstuck: DiplomacyActionView: Closing Diplomacy Action View. m_eventID: 3326251
unstuck: InGamePopup: open, no close
unblock: blocker ENDTURN_BLOCKING_PRODUCTION -> NARANJO builds UNIT_WARRIOR | end turn requested
unstuck: InGamePopup: open, no close
mission CityName=LOC_CITY_NAME_QUEBEC_CITY CompletionTurn=194 EscapeResult=-1 InitialResult=5 LevelAfter=4 LootInfo=-1 Name=LOC_CITIZEN_MAYA_MODERN_FEMALE_4 Operation=58 PlotIndex=1404
mission CityName=LOC_CITY_NAME_HALIFAX CompletionTurn=194 EscapeResult=-1 InitialResult=5 LevelAfter=4 LootInfo=-1 Name=LOC_CITIZEN_MAYA_MODERN_MALE_1 Operation=58 PlotIndex=1409
mission CityName=LOC_CITY_NAME_OTTAWA CompletionTurn=193 EscapeResult=2 InitialResult=4 LevelAfter=2 LootInfo=-1 Name=LOC_CITIZEN_MAYA_MODERN_MALE_10 Operation=58 PlotIndex=978
mission CityName=LOC_CITY_NAME_CALGARY CompletionTurn=193 EscapeResult=-1 InitialResult=5 LevelAfter=3 LootInfo=-1 Name=LOC_CITIZEN_MAYA_MALE_1 Operation=58 PlotIndex=1991
mission CityName=LOC_CITY_NAME_VICTORIA CompletionTurn=191 EscapeResult=-1 InitialResult=5 LevelAfter=4 LootInfo=-1 Name=LOC_CITIZEN_MAYA_MALE_8 Operation=58 PlotIndex=888
mission CityName=LOC_CITY_NAME_QUEBEC_CITY CompletionTurn=190 EscapeResult=-1 InitialResult=5 LevelAfter=4 LootInfo=-1 Name=LOC_CITIZEN_MAYA_MODERN_FEMALE_4 Operation=58 PlotIndex=1404
mission CityName=LOC_CITY_NAME_TORONTO CompletionTurn=190 EscapeResult=-1 InitialResult=1 LevelAfter=1 LootInfo=-1 Name=LOC_CITIZEN_MAYA_MODERN_FEMALE_9 Operation=58 PlotIndex=1818
mission CityName=LOC_CITY_NAME_HALIFAX CompletionTurn=190 EscapeResult=-1 InitialResult=5 LevelAfter=4 LootInfo=-1 Name=LOC_CITIZEN_MAYA_MODERN_MALE_1 Operation=58 PlotIndex=1409
mission CityName=LOC_CITY_NAME_MONTREAL CompletionTurn=189 EscapeResult=1 InitialResult=4 LevelAfter=4 LootInfo=-1 Name=LOC_CITIZEN_MAYA_MODERN_MALE_6 Operation=58 PlotIndex=1314
mission CityName=LOC_CITY_NAME_VICTORIA CompletionTurn=187 EscapeResult=-1 InitialResult=5 LevelAfter=4 LootInfo=-1 Name=LOC_CITIZEN_MAYA_MALE_8 Operation=58 PlotIndex=888
mission CityName=LOC_CITY_NAME_MONTREAL CompletionTurn=186 EscapeResult=-1 InitialResult=3 LevelAfter=4 LootInfo=-1 Name=LOC_CITIZEN_MAYA_MODERN_MALE_6 Operation=58 PlotIndex=1314
mission CityName=LOC_CITY_NAME_TORONTO CompletionTurn=186 EscapeResult=-1 InitialResult=3 LevelAfter=1 LootInfo=-1 Name=LOC_CITIZEN_MAYA_MODERN_FEMALE_9 Operation=58 PlotIndex=1818
mission CityName=LOC_CITY_NAME_CALGARY CompletionTurn=185 EscapeResult=-1 InitialResult=5 LevelAfter=2 LootInfo=-1 Name=LOC_CITIZEN_MAYA_MALE_1 Operation=58 PlotIndex=1991
mission CityName=LOC_CITY_NAME_OTTAWA CompletionTurn=185 EscapeResult=2 InitialResult=4 LevelAfter=2 LootInfo=-1 Name=LOC_CITIZEN_MAYA_MALE_3 Operation=58 PlotIndex=978
mission CityName=LOC_CITY_NAME_HALIFAX CompletionTurn=185 EscapeResult=-1 InitialResult=5 LevelAfter=4 LootInfo=-1 Name=LOC_CITIZEN_MAYA_MODERN_MALE_1 Operation=58 PlotIndex=1409
mission CityName=LOC_CITY_NAME_VANCOUVER CompletionTurn=183 EscapeResult=0 InitialResult=4 LevelAfter=2 LootInfo=-1 Name=LOC_CITIZEN_MAYA_MALE_4 Operation=58 PlotIndex=1743
mission CityName=LOC_CITY_NAME_VICTORIA CompletionTurn=183 EscapeResult=-1 InitialResult=5 LevelAfter=4 LootInfo=-1 Name=LOC_CITIZEN_MAYA_MALE_8 Operation=58 PlotIndex=888
mission CityName=LOC_CITY_NAME_HALIFAX CompletionTurn=181 EscapeResult=-1 InitialResult=5 LevelAfter=4 LootInfo=-1 Name=LOC_CITIZEN_MAYA_MODERN_MALE_1 Operation=58 PlotIndex=1409
mission CityName=LOC_CITY_NAME_OTTAWA CompletionTurn=180 EscapeResult=-1 InitialResult=3 LevelAfter=1 LootInfo=-1 Name=LOC_CITIZEN_MAYA_MALE_3 Operation=58 PlotIndex=978
mission CityName=LOC_CITY_NAME_VICTORIA CompletionTurn=179 EscapeResult=-1 InitialResult=5 LevelAfter=4 LootInfo=-1 Name=LOC_CITIZEN_MAYA_MALE_8 Operation=58 PlotIndex=888
mission CityName=LOC_CITY_NAME_TORONTO CompletionTurn=179 EscapeResult=2 InitialResult=4 LevelAfter=3 LootInfo=-1 Name=LOC_CITIZEN_MAYA_MODERN_FEMALE_2 Operation=58 PlotIndex=1818
mission CityName=LOC_CITY_NAME_QUEBEC_CITY CompletionTurn=179 EscapeResult=2 InitialResult=4 LevelAfter=4 LootInfo=-1 Name=LOC_CITIZEN_MAYA_MODERN_FEMALE_4 Operation=58 PlotIndex=1404
mission CityName=LOC_CITY_NAME_MONTREAL CompletionTurn=178 EscapeResult=0 InitialResult=4 LevelAfter=4 LootInfo=-1 Name=LOC_CITIZEN_MAYA_MALE_7 Operation=58 PlotIndex=1314
mission CityName=LOC_CITY_NAME_HALIFAX CompletionTurn=177 EscapeResult=-1 InitialResult=5 LevelAfter=4 LootInfo=-1 Name=LOC_CITIZEN_MAYA_MODERN_MALE_1 Operation=58 PlotIndex=1409
mission CityName=LOC_CITY_NAME_CALGARY CompletionTurn=176 EscapeResult=2 InitialResult=4 LevelAfter=4 LootInfo=-1 Name=LOC_CITIZEN_MAYA_MODERN_MALE_6 Operation=58 PlotIndex=1991
mission CityName=LOC_CITY_NAME_TORONTO CompletionTurn=173 EscapeResult=-1 InitialResult=5 LevelAfter=2 LootInfo=-1 Name=LOC_CITIZEN_MAYA_MODERN_FEMALE_2 Operation=58 PlotIndex=1818
mission CityName=LOC_CITY_NAME_MONTREAL CompletionTurn=173 EscapeResult=0 InitialResult=4 LevelAfter=3 LootInfo=-1 Name=LOC_CITIZEN_MAYA_MODERN_FEMALE_3 Operation=58 PlotIndex=1314
mission CityName=LOC_CITY_NAME_HALIFAX CompletionTurn=173 EscapeResult=-1 InitialResult=5 LevelAfter=4 LootInfo=-1 Name=LOC_CITIZEN_MAYA_MODERN_MALE_1 Operation=58 PlotIndex=1409
mission CityName=LOC_CITY_NAME_CALGARY CompletionTurn=173 EscapeResult=-1 InitialResult=3 LevelAfter=4 LootInfo=-1 Name=LOC_CITIZEN_MAYA_MODERN_MALE_6 Operation=58 PlotIndex=1991
mission CityName=LOC_CITY_NAME_QUEBEC_CITY CompletionTurn=172 EscapeResult=0 InitialResult=2 LevelAfter=1 LootInfo=-1 Name=LOC_CITIZEN_MAYA_MODERN_FEMALE_5 Operation=58 PlotIndex=1404
mission CityName=LOC_CITY_NAME_OTTAWA CompletionTurn=172 EscapeResult=0 InitialResult=4 LevelAfter=4 LootInfo=-1 Name=LOC_CITIZEN_MAYA_FEMALE_1 Operation=58 PlotIndex=978
mission CityName=LOC_CITY_NAME_HALIFAX CompletionTurn=169 EscapeResult=-1 InitialResult=5 LevelAfter=4 LootInfo=-1 Name=LOC_CITIZEN_MAYA_MODERN_MALE_1 Operation=58 PlotIndex=1409
mission CityName=LOC_CITY_NAME_TORONTO CompletionTurn=168 EscapeResult=2 InitialResult=4 LevelAfter=4 LootInfo=-1 Name=LOC_CITIZEN_MAYA_MODERN_MALE_6 Operation=58 PlotIndex=1818
mission CityName=LOC_CITY_NAME_MONTREAL CompletionTurn=168 EscapeResult=2 InitialResult=4 LevelAfter=4 LootInfo=-1 Name=LOC_CITIZEN_MAYA_MALE_8 Operation=58 PlotIndex=1314
mission CityName=LOC_CITY_NAME_OTTAWA CompletionTurn=167 EscapeResult=-1 InitialResult=5 LevelAfter=4 LootInfo=-1 Name=LOC_CITIZEN_MAYA_FEMALE_1 Operation=58 PlotIndex=978
mission CityName=LOC_CITY_NAME_MONTREAL CompletionTurn=165 EscapeResult=-1 InitialResult=5 LevelAfter=3 LootInfo=-1 Name=LOC_CITIZEN_MAYA_MALE_7 Operation=58 PlotIndex=1314
mission CityName=LOC_CITY_NAME_HALIFAX CompletionTurn=165 EscapeResult=-1 InitialResult=5 LevelAfter=4 LootInfo=-1 Name=LOC_CITIZEN_MAYA_MODERN_MALE_1 Operation=58 PlotIndex=1409
mission CityName=LOC_CITY_NAME_MONTREAL CompletionTurn=164 EscapeResult=-1 InitialResult=5 LevelAfter=2 LootInfo=-1 Name=LOC_CITIZEN_MAYA_MALE_7 Operation=58 PlotIndex=1314
mission CityName=LOC_CITY_NAME_OTTAWA CompletionTurn=162 EscapeResult=-1 InitialResult=5 LevelAfter=3 LootInfo=-1 Name=LOC_CITIZEN_MAYA_FEMALE_1 Operation=58 PlotIndex=978
mission CityName=LOC_CITY_NAME_VANCOUVER CompletionTurn=162 EscapeResult=0 InitialResult=2 LevelAfter=1 LootInfo=-1 Name=LOC_CITIZEN_MAYA_FEMALE_8 Operation=58 PlotIndex=1743
mission CityName=LOC_CITY_NAME_CHARLOTTETOWN CompletionTurn=161 EscapeResult=0 InitialResult=2 LevelAfter=1 LootInfo=-1 Name=LOC_CITIZEN_MAYA_MALE_6 Operation=58 PlotIndex=1644
mission CityName=LOC_CITY_NAME_HALIFAX CompletionTurn=161 EscapeResult=-1 InitialResult=5 LevelAfter=4 LootInfo=-1 Name=LOC_CITIZEN_MAYA_MODERN_MALE_1 Operation=58 PlotIndex=1409
mission CityName=LOC_CITY_NAME_TE_HOKIANGA_NU_A_KUPE CompletionTurn=160 EscapeResult=2 InitialResult=2 LevelAfter=3 LootInfo=-1 Name=LOC_CITIZEN_MAYA_MODERN_FEMALE_4 Operation=58 PlotIndex=772
mission CityName=LOC_CITY_NAME_TORONTO CompletionTurn=160 EscapeResult=2 InitialResult=4 LevelAfter=3 LootInfo=-1 Name=LOC_CITIZEN_MAYA_MODERN_MALE_6 Operation=58 PlotIndex=1818
mission CityName=LOC_CITY_NAME_OTTAWA CompletionTurn=158 EscapeResult=-1 InitialResult=5 LevelAfter=2 LootInfo=-1 Name=LOC_CITIZEN_MAYA_FEMALE_1 Operation=58 PlotIndex=978
mission CityName=LOC_CITY_NAME_QUEBEC_CITY CompletionTurn=158 EscapeResult=-1 InitialResult=1 LevelAfter=2 LootInfo=-1 Name=LOC_CITIZEN_MAYA_FEMALE_4 Operation=58 PlotIndex=1404
mission CityName=LOC_CITY_NAME_VANCOUVER CompletionTurn=158 EscapeResult=-1 InitialResult=3 LevelAfter=1 LootInfo=-1 Name=LOC_CITIZEN_MAYA_FEMALE_8 Operation=58 PlotIndex=1743
mission CityName=LOC_CITY_NAME_TE_HOKIANGA_NU_A_KUPE CompletionTurn=154 EscapeResult=-1 InitialResult=5 LevelAfter=3 LootInfo=-1 Name=LOC_CITIZEN_MAYA_MODERN_FEMALE_4 Operation=58 PlotIndex=772
mission CityName=LOC_CITY_NAME_CALGARY CompletionTurn=154 EscapeResult=2 InitialResult=4 LevelAfter=4 LootInfo=-1 Name=LOC_CITIZEN_MAYA_MALE_8 Operation=58 PlotIndex=1991
mission CityName=LOC_CITY_NAME_TORONTO CompletionTurn=154 EscapeResult=-1 InitialResult=5 LevelAfter=2 LootInfo=-1 Name=LOC_CITIZEN_MAYA_MODERN_MALE_6 Operation=58 PlotIndex=1818
mission CityName=LOC_CITY_NAME_MONTREAL CompletionTurn=152 EscapeResult=2 InitialResult=2 LevelAfter=2 LootInfo=-1 Name=LOC_CITIZEN_MAYA_MODERN_FEMALE_3 Operation=58 PlotIndex=1314
mission CityName=LOC_CITY_NAME_VANCOUVER CompletionTurn=152 EscapeResult=-1 InitialResult=3 LevelAfter=1 LootInfo=-1 Name=LOC_CITIZEN_MAYA_FEMALE_8 Operation=58 PlotIndex=1743
mission CityName=LOC_CITY_NAME_VICTORIA CompletionTurn=152 EscapeResult=0 InitialResult=4 LevelAfter=4 LootInfo=-1 Name=LOC_CITIZEN_MAYA_FEMALE_6 Operation=58 PlotIndex=888
mission CityName=LOC_CITY_NAME_QUEBEC_CITY CompletionTurn=149 EscapeResult=-1 InitialResult=5 LevelAfter=2 LootInfo=-1 Name=LOC_CITIZEN_MAYA_FEMALE_4 Operation=58 PlotIndex=1404
mission CityName=LOC_CITY_NAME_HALIFAX CompletionTurn=149 EscapeResult=0 InitialResult=2 LevelAfter=3 LootInfo=-1 Name=LOC_CITIZEN_MAYA_MODERN_FEMALE_8 Operation=58 PlotIndex=1409
mission CityName=LOC_CITY_NAME_CALGARY CompletionTurn=149 EscapeResult=-1 InitialResult=5 LevelAfter=4 LootInfo=-1 Name=LOC_CITIZEN_MAYA_MALE_8 Operation=58 PlotIndex=1991
mission CityName=LOC_CITY_NAME_OTTAWA CompletionTurn=147 EscapeResult=2 InitialResult=4 LevelAfter=4 LootInfo=-1 Name=LOC_CITIZEN_MAYA_MODERN_MALE_1 Operation=58 PlotIndex=978
mission CityName=LOC_CITY_NAME_VANCOUVER CompletionTurn=145 EscapeResult=2 InitialResult=2 LevelAfter=1 LootInfo=-1 Name=LOC_CITIZEN_MAYA_FEMALE_1 Operation=58 PlotIndex=1743
mission CityName=LOC_CITY_NAME_MONTREAL CompletionTurn=144 EscapeResult=-1 InitialResult=5 LevelAfter=2 LootInfo=-1 Name=LOC_CITIZEN_MAYA_MODERN_FEMALE_3 Operation=58 PlotIndex=1314
mission CityName=LOC_CITY_NAME_TORONTO CompletionTurn=144 EscapeResult=2 InitialResult=2 LevelAfter=2 LootInfo=-1 Name=LOC_CITIZEN_MAYA_MODERN_FEMALE_4 Operation=58 PlotIndex=1818
mission CityName=LOC_CITY_NAME_VICTORIA CompletionTurn=143 EscapeResult=0 InitialResult=2 LevelAfter=3 LootInfo=-1 Name=LOC_CITIZEN_MAYA_MODERN_FEMALE_6 Operation=58 PlotIndex=888
mission CityName=LOC_CITY_NAME_OTTAWA CompletionTurn=143 EscapeResult=-1 InitialResult=3 LevelAfter=4 LootInfo=-1 Name=LOC_CITIZEN_MAYA_MODERN_MALE_1 Operation=58 PlotIndex=978
mission CityName=LOC_CITY_NAME_HALIFAX CompletionTurn=142 EscapeResult=-1 InitialResult=5 LevelAfter=3 LootInfo=-1 Name=LOC_CITIZEN_MAYA_MODERN_FEMALE_8 Operation=58 PlotIndex=1409
mission CityName=LOC_CITY_NAME_CALGARY CompletionTurn=142 EscapeResult=-1 InitialResult=5 LevelAfter=4 LootInfo=-1 Name=LOC_CITIZEN_MAYA_MALE_8 Operation=58 PlotIndex=1991
mission CityName=LOC_CITY_NAME_MONTREAL CompletionTurn=141 EscapeResult=-1 InitialResult=1 LevelAfter=2 LootInfo=-1 Name=LOC_CITIZEN_MAYA_MODERN_MALE_4 Operation=58 PlotIndex=1314
mission CityName=LOC_CITY_NAME_MONTREAL CompletionTurn=140 EscapeResult=-1 InitialResult=5 LevelAfter=2 LootInfo=-1 Name=LOC_CITIZEN_MAYA_MODERN_MALE_4 Operation=58 PlotIndex=1314
mission CityName=LOC_CITY_NAME_QUEBEC_CITY CompletionTurn=140 EscapeResult=2 InitialResult=4 LevelAfter=3 LootInfo=-1 Name=LOC_CITIZEN_MAYA_FEMALE_6 Operation=58 PlotIndex=1404
mission CityName=LOC_CITY_NAME_OTTAWA CompletionTurn=139 EscapeResult=-1 InitialResult=5 LevelAfter=4 LootInfo=-1 Name=LOC_CITIZEN_MAYA_MODERN_MALE_1 Operation=58 PlotIndex=978
mission CityName=LOC_CITY_NAME_VICTORIA CompletionTurn=138 EscapeResult=1 InitialResult=4 LevelAfter=2 LootInfo=-1 Name=LOC_CITIZEN_MAYA_MALE_2 Operation=58 PlotIndex=888
mission CityName=LOC_CITY_NAME_TORONTO CompletionTurn=137 EscapeResult=-1 InitialResult=5 LevelAfter=2 LootInfo=-1 Name=LOC_CITIZEN_MAYA_MODERN_FEMALE_4 Operation=58 PlotIndex=1818
mission CityName=LOC_CITY_NAME_QUEBEC_CITY CompletionTurn=136 EscapeResult=-1 InitialResult=1 LevelAfter=2 LootInfo=-1 Name=LOC_CITIZEN_MAYA_MODERN_MALE_9 Operation=58 PlotIndex=1404
mission CityName=LOC_CITY_NAME_HALIFAX CompletionTurn=135 EscapeResult=-1 InitialResult=5 LevelAfter=2 LootInfo=-1 Name=LOC_CITIZEN_MAYA_MODERN_FEMALE_8 Operation=58 PlotIndex=1409
mission CityName=LOC_CITY_NAME_OTTAWA CompletionTurn=135 EscapeResult=-1 InitialResult=5 LevelAfter=4 LootInfo=-1 Name=LOC_CITIZEN_MAYA_MODERN_MALE_1 Operation=58 PlotIndex=978
mission CityName=LOC_CITY_NAME_CALGARY CompletionTurn=133 EscapeResult=2 InitialResult=4 LevelAfter=3 LootInfo=-1 Name=LOC_CITIZEN_MAYA_MALE_8 Operation=58 PlotIndex=1991
mission CityName=LOC_CITY_NAME_MONTREAL CompletionTurn=132 EscapeResult=0 InitialResult=2 LevelAfter=1 LootInfo=-1 Name=LOC_CITIZEN_MAYA_MALE_5 Operation=58 PlotIndex=1314
mission CityName=LOC_CITY_NAME_QUEBEC_CITY CompletionTurn=131 EscapeResult=-1 InitialResult=5 LevelAfter=2 LootInfo=-1 Name=LOC_CITIZEN_MAYA_MODERN_MALE_9 Operation=58 PlotIndex=1404
mission CityName=LOC_CITY_NAME_OTTAWA CompletionTurn=130 EscapeResult=-1 InitialResult=5 LevelAfter=4 LootInfo=-1 Name=LOC_CITIZEN_MAYA_MODERN_MALE_1 Operation=58 PlotIndex=978
mission CityName=LOC_CITY_NAME_CALGARY CompletionTurn=129 EscapeResult=-1 InitialResult=3 LevelAfter=2 LootInfo=-1 Name=LOC_CITIZEN_MAYA_MALE_8 Operation=58 PlotIndex=1991
mission CityName=LOC_CITY_NAME_TORONTO CompletionTurn=129 EscapeResult=2 InitialResult=4 LevelAfter=3 LootInfo=-1 Name=LOC_CITIZEN_MAYA_MODERN_FEMALE_6 Operation=58 PlotIndex=1818
mission CityName=LOC_CITY_NAME_MONTREAL CompletionTurn=127 EscapeResult=2 InitialResult=2 LevelAfter=1 LootInfo=-1 Name=LOC_CITIZEN_MAYA_MALE_2 Operation=58 PlotIndex=1314
mission CityName=LOC_CITY_NAME_OTTAWA CompletionTurn=124 EscapeResult=-1 InitialResult=5 LevelAfter=4 LootInfo=-1 Name=LOC_CITIZEN_MAYA_MODERN_MALE_1 Operation=58 PlotIndex=978
mission CityName=LOC_CITY_NAME_CALGARY CompletionTurn=123 EscapeResult=-1 InitialResult=5 LevelAfter=2 LootInfo=-1 Name=LOC_CITIZEN_MAYA_MALE_8 Operation=58 PlotIndex=1991
mission CityName=LOC_CITY_NAME_HALIFAX CompletionTurn=121 EscapeResult=2 InitialResult=4 LevelAfter=2 LootInfo=-1 Name=LOC_CITIZEN_MAYA_FEMALE_6 Operation=58 PlotIndex=1409
mission CityName=LOC_CITY_NAME_OTTAWA CompletionTurn=120 EscapeResult=-1 InitialResult=3 LevelAfter=3 LootInfo=-1 Name=LOC_CITIZEN_MAYA_MODERN_MALE_1 Operation=58 PlotIndex=978
mission CityName=LOC_CITY_NAME_MONTREAL CompletionTurn=120 EscapeResult=-1 InitialResult=0 LevelAfter=2 LootInfo=-1 Name=LOC_CITIZEN_MAYA_FEMALE_7 Operation=58 PlotIndex=1314
mission CityName=LOC_CITY_NAME_QUEBEC_CITY CompletionTurn=118 EscapeResult=1 InitialResult=2 LevelAfter=1 LootInfo=-1 Name=LOC_CITIZEN_MAYA_MODERN_FEMALE_1 Operation=58 PlotIndex=1404
mission CityName=LOC_CITY_NAME_TORONTO CompletionTurn=118 EscapeResult=2 InitialResult=4 LevelAfter=2 LootInfo=-1 Name=LOC_CITIZEN_MAYA_MODERN_FEMALE_6 Operation=58 PlotIndex=1818
mission CityName=LOC_CITY_NAME_TORONTO CompletionTurn=114 EscapeResult=-1 InitialResult=1 LevelAfter=1 LootInfo=-1 Name=LOC_CITIZEN_MAYA_FEMALE_3 Operation=58 PlotIndex=1818
mission CityName=LOC_CITY_NAME_MONTREAL CompletionTurn=114 EscapeResult=-1 InitialResult=5 LevelAfter=2 LootInfo=-1 Name=LOC_CITIZEN_MAYA_FEMALE_7 Operation=58 PlotIndex=1314
mission CityName=LOC_CITY_NAME_OTTAWA CompletionTurn=113 EscapeResult=-1 InitialResult=5 LevelAfter=3 LootInfo=-1 Name=LOC_CITIZEN_MAYA_MODERN_MALE_1 Operation=58 PlotIndex=978
mission CityName=LOC_CITY_NAME_MONTREAL CompletionTurn=110 EscapeResult=-1 InitialResult=1 LevelAfter=1 LootInfo=-1 Name=LOC_CITIZEN_MAYA_MODERN_FEMALE_7 Operation=58 PlotIndex=1314
mission CityName=LOC_CITY_NAME_OTTAWA CompletionTurn=107 EscapeResult=-1 InitialResult=5 LevelAfter=2 LootInfo=-1 Name=LOC_CITIZEN_MAYA_MODERN_MALE_1 Operation=58 PlotIndex=978
tally 6  FOMENT_UNREST CAPTURED / NO_RESULT
tally 1  FOMENT_UNREST FAIL_MUST_ESCAPE / CAPTURED
tally 5  FOMENT_UNREST FAIL_MUST_ESCAPE / FAIL_MUST_ESCAPE
tally 6  FOMENT_UNREST FAIL_MUST_ESCAPE / KILLED
tally 9  FOMENT_UNREST FAIL_UNDETECTED / NO_RESULT
tally 1  FOMENT_UNREST KILLED / NO_RESULT
tally 2  FOMENT_UNREST SUCCESS_MUST_ESCAPE / CAPTURED
tally 15  FOMENT_UNREST SUCCESS_MUST_ESCAPE / FAIL_MUST_ESCAPE
tally 5  FOMENT_UNREST SUCCESS_MUST_ESCAPE / KILLED
tally 42  FOMENT_UNREST SUCCESS_UNDETECTED / NO_RESULT
turn 194 spies active 3 idle 3 missions 92 captured-enemy 0
spy 7405581 LOC_CITIZEN_MAYA_MODERN_MALE_1 level 4 at 65:16 start
spy 10682395 LOC_CITIZEN_MAYA_MALE_3 level 2 at 63:20 busy
spy 9764894 LOC_CITIZEN_MAYA_MALE_1 level 3 at 59:23 busy
spy 9109539 LOC_CITIZEN_MAYA_MALE_8 level 4 at 48:10 busy
spy 10223652 LOC_CITIZEN_MAYA_MODERN_FEMALE_4 level 4 at 60:16 start
spy 10289191 LOC_CITIZEN_MAYA_MODERN_FEMALE_2 level 3 at 60:16 start
turn 194 spies 6 started 3 travelled 0 promoted 0 bought 0 gold 50000
unblock: blocker ENDTURN_BLOCKING_PRODUCTION -> NARANJO builds UNIT_WARRIOR | end turn requested
unstuck: InGamePopup: open, no close
unblock: blocker ENDTURN_BLOCKING_FILL_CIVIC_SLOT -> nothing | end turn requested
unstuck: InGamePopup: open, no close
unblock: blocker ENDTURN_BLOCKING_FILL_CIVIC_SLOT -> nothing | end turn requested
unstuck: closed sessions [2:2]
unstuck: DiplomacyActionView: Closing Diplomacy Action View. m_eventID: 3336090
unstuck: InGamePopup: open, no close
unblock: blocker ENDTURN_BLOCKING_FILL_CIVIC_SLOT -> nothing | end turn requested
unstuck: InGamePopup: open, no close
mission CityName=LOC_CITY_NAME_VICTORIA CompletionTurn=195 EscapeResult=-1 InitialResult=2 LevelAfter=4 LootInfo=-1 Name=LOC_CITIZEN_MAYA_MALE_8 Operation=58 PlotIndex=888
mission CityName=LOC_CITY_NAME_VANCOUVER CompletionTurn=195 EscapeResult=-1 InitialResult=3 LevelAfter=2 LootInfo=-1 Name=LOC_CITIZEN_MAYA_MALE_3 Operation=58 PlotIndex=1743
mission CityName=LOC_CITY_NAME_QUEBEC_CITY CompletionTurn=194 EscapeResult=-1 InitialResult=5 LevelAfter=4 LootInfo=-1 Name=LOC_CITIZEN_MAYA_MODERN_FEMALE_4 Operation=58 PlotIndex=1404
mission CityName=LOC_CITY_NAME_HALIFAX CompletionTurn=194 EscapeResult=-1 InitialResult=5 LevelAfter=4 LootInfo=-1 Name=LOC_CITIZEN_MAYA_MODERN_MALE_1 Operation=58 PlotIndex=1409
mission CityName=LOC_CITY_NAME_OTTAWA CompletionTurn=193 EscapeResult=2 InitialResult=4 LevelAfter=2 LootInfo=-1 Name=LOC_CITIZEN_MAYA_MODERN_MALE_10 Operation=58 PlotIndex=978
mission CityName=LOC_CITY_NAME_CALGARY CompletionTurn=193 EscapeResult=-1 InitialResult=5 LevelAfter=3 LootInfo=-1 Name=LOC_CITIZEN_MAYA_MALE_1 Operation=58 PlotIndex=1991
mission CityName=LOC_CITY_NAME_VICTORIA CompletionTurn=191 EscapeResult=-1 InitialResult=5 LevelAfter=4 LootInfo=-1 Name=LOC_CITIZEN_MAYA_MALE_8 Operation=58 PlotIndex=888
mission CityName=LOC_CITY_NAME_QUEBEC_CITY CompletionTurn=190 EscapeResult=-1 InitialResult=5 LevelAfter=4 LootInfo=-1 Name=LOC_CITIZEN_MAYA_MODERN_FEMALE_4 Operation=58 PlotIndex=1404
mission CityName=LOC_CITY_NAME_TORONTO CompletionTurn=190 EscapeResult=-1 InitialResult=1 LevelAfter=1 LootInfo=-1 Name=LOC_CITIZEN_MAYA_MODERN_FEMALE_9 Operation=58 PlotIndex=1818
mission CityName=LOC_CITY_NAME_HALIFAX CompletionTurn=190 EscapeResult=-1 InitialResult=5 LevelAfter=4 LootInfo=-1 Name=LOC_CITIZEN_MAYA_MODERN_MALE_1 Operation=58 PlotIndex=1409
mission CityName=LOC_CITY_NAME_MONTREAL CompletionTurn=189 EscapeResult=1 InitialResult=4 LevelAfter=4 LootInfo=-1 Name=LOC_CITIZEN_MAYA_MODERN_MALE_6 Operation=58 PlotIndex=1314
mission CityName=LOC_CITY_NAME_VICTORIA CompletionTurn=187 EscapeResult=-1 InitialResult=5 LevelAfter=4 LootInfo=-1 Name=LOC_CITIZEN_MAYA_MALE_8 Operation=58 PlotIndex=888
mission CityName=LOC_CITY_NAME_MONTREAL CompletionTurn=186 EscapeResult=-1 InitialResult=3 LevelAfter=4 LootInfo=-1 Name=LOC_CITIZEN_MAYA_MODERN_MALE_6 Operation=58 PlotIndex=1314
mission CityName=LOC_CITY_NAME_TORONTO CompletionTurn=186 EscapeResult=-1 InitialResult=3 LevelAfter=1 LootInfo=-1 Name=LOC_CITIZEN_MAYA_MODERN_FEMALE_9 Operation=58 PlotIndex=1818
mission CityName=LOC_CITY_NAME_CALGARY CompletionTurn=185 EscapeResult=-1 InitialResult=5 LevelAfter=2 LootInfo=-1 Name=LOC_CITIZEN_MAYA_MALE_1 Operation=58 PlotIndex=1991
mission CityName=LOC_CITY_NAME_OTTAWA CompletionTurn=185 EscapeResult=2 InitialResult=4 LevelAfter=2 LootInfo=-1 Name=LOC_CITIZEN_MAYA_MALE_3 Operation=58 PlotIndex=978
mission CityName=LOC_CITY_NAME_HALIFAX CompletionTurn=185 EscapeResult=-1 InitialResult=5 LevelAfter=4 LootInfo=-1 Name=LOC_CITIZEN_MAYA_MODERN_MALE_1 Operation=58 PlotIndex=1409
mission CityName=LOC_CITY_NAME_VANCOUVER CompletionTurn=183 EscapeResult=0 InitialResult=4 LevelAfter=2 LootInfo=-1 Name=LOC_CITIZEN_MAYA_MALE_4 Operation=58 PlotIndex=1743
mission CityName=LOC_CITY_NAME_VICTORIA CompletionTurn=183 EscapeResult=-1 InitialResult=5 LevelAfter=4 LootInfo=-1 Name=LOC_CITIZEN_MAYA_MALE_8 Operation=58 PlotIndex=888
mission CityName=LOC_CITY_NAME_HALIFAX CompletionTurn=181 EscapeResult=-1 InitialResult=5 LevelAfter=4 LootInfo=-1 Name=LOC_CITIZEN_MAYA_MODERN_MALE_1 Operation=58 PlotIndex=1409
mission CityName=LOC_CITY_NAME_OTTAWA CompletionTurn=180 EscapeResult=-1 InitialResult=3 LevelAfter=1 LootInfo=-1 Name=LOC_CITIZEN_MAYA_MALE_3 Operation=58 PlotIndex=978
mission CityName=LOC_CITY_NAME_VICTORIA CompletionTurn=179 EscapeResult=-1 InitialResult=5 LevelAfter=4 LootInfo=-1 Name=LOC_CITIZEN_MAYA_MALE_8 Operation=58 PlotIndex=888
mission CityName=LOC_CITY_NAME_TORONTO CompletionTurn=179 EscapeResult=2 InitialResult=4 LevelAfter=3 LootInfo=-1 Name=LOC_CITIZEN_MAYA_MODERN_FEMALE_2 Operation=58 PlotIndex=1818
mission CityName=LOC_CITY_NAME_QUEBEC_CITY CompletionTurn=179 EscapeResult=2 InitialResult=4 LevelAfter=4 LootInfo=-1 Name=LOC_CITIZEN_MAYA_MODERN_FEMALE_4 Operation=58 PlotIndex=1404
mission CityName=LOC_CITY_NAME_MONTREAL CompletionTurn=178 EscapeResult=0 InitialResult=4 LevelAfter=4 LootInfo=-1 Name=LOC_CITIZEN_MAYA_MALE_7 Operation=58 PlotIndex=1314
mission CityName=LOC_CITY_NAME_HALIFAX CompletionTurn=177 EscapeResult=-1 InitialResult=5 LevelAfter=4 LootInfo=-1 Name=LOC_CITIZEN_MAYA_MODERN_MALE_1 Operation=58 PlotIndex=1409
mission CityName=LOC_CITY_NAME_CALGARY CompletionTurn=176 EscapeResult=2 InitialResult=4 LevelAfter=4 LootInfo=-1 Name=LOC_CITIZEN_MAYA_MODERN_MALE_6 Operation=58 PlotIndex=1991
mission CityName=LOC_CITY_NAME_TORONTO CompletionTurn=173 EscapeResult=-1 InitialResult=5 LevelAfter=2 LootInfo=-1 Name=LOC_CITIZEN_MAYA_MODERN_FEMALE_2 Operation=58 PlotIndex=1818
mission CityName=LOC_CITY_NAME_MONTREAL CompletionTurn=173 EscapeResult=0 InitialResult=4 LevelAfter=3 LootInfo=-1 Name=LOC_CITIZEN_MAYA_MODERN_FEMALE_3 Operation=58 PlotIndex=1314
mission CityName=LOC_CITY_NAME_HALIFAX CompletionTurn=173 EscapeResult=-1 InitialResult=5 LevelAfter=4 LootInfo=-1 Name=LOC_CITIZEN_MAYA_MODERN_MALE_1 Operation=58 PlotIndex=1409
mission CityName=LOC_CITY_NAME_CALGARY CompletionTurn=173 EscapeResult=-1 InitialResult=3 LevelAfter=4 LootInfo=-1 Name=LOC_CITIZEN_MAYA_MODERN_MALE_6 Operation=58 PlotIndex=1991
mission CityName=LOC_CITY_NAME_QUEBEC_CITY CompletionTurn=172 EscapeResult=0 InitialResult=2 LevelAfter=1 LootInfo=-1 Name=LOC_CITIZEN_MAYA_MODERN_FEMALE_5 Operation=58 PlotIndex=1404
mission CityName=LOC_CITY_NAME_OTTAWA CompletionTurn=172 EscapeResult=0 InitialResult=4 LevelAfter=4 LootInfo=-1 Name=LOC_CITIZEN_MAYA_FEMALE_1 Operation=58 PlotIndex=978
mission CityName=LOC_CITY_NAME_HALIFAX CompletionTurn=169 EscapeResult=-1 InitialResult=5 LevelAfter=4 LootInfo=-1 Name=LOC_CITIZEN_MAYA_MODERN_MALE_1 Operation=58 PlotIndex=1409
mission CityName=LOC_CITY_NAME_TORONTO CompletionTurn=168 EscapeResult=2 InitialResult=4 LevelAfter=4 LootInfo=-1 Name=LOC_CITIZEN_MAYA_MODERN_MALE_6 Operation=58 PlotIndex=1818
mission CityName=LOC_CITY_NAME_MONTREAL CompletionTurn=168 EscapeResult=2 InitialResult=4 LevelAfter=4 LootInfo=-1 Name=LOC_CITIZEN_MAYA_MALE_8 Operation=58 PlotIndex=1314
mission CityName=LOC_CITY_NAME_OTTAWA CompletionTurn=167 EscapeResult=-1 InitialResult=5 LevelAfter=4 LootInfo=-1 Name=LOC_CITIZEN_MAYA_FEMALE_1 Operation=58 PlotIndex=978
mission CityName=LOC_CITY_NAME_MONTREAL CompletionTurn=165 EscapeResult=-1 InitialResult=5 LevelAfter=3 LootInfo=-1 Name=LOC_CITIZEN_MAYA_MALE_7 Operation=58 PlotIndex=1314
mission CityName=LOC_CITY_NAME_HALIFAX CompletionTurn=165 EscapeResult=-1 InitialResult=5 LevelAfter=4 LootInfo=-1 Name=LOC_CITIZEN_MAYA_MODERN_MALE_1 Operation=58 PlotIndex=1409
mission CityName=LOC_CITY_NAME_MONTREAL CompletionTurn=164 EscapeResult=-1 InitialResult=5 LevelAfter=2 LootInfo=-1 Name=LOC_CITIZEN_MAYA_MALE_7 Operation=58 PlotIndex=1314
mission CityName=LOC_CITY_NAME_OTTAWA CompletionTurn=162 EscapeResult=-1 InitialResult=5 LevelAfter=3 LootInfo=-1 Name=LOC_CITIZEN_MAYA_FEMALE_1 Operation=58 PlotIndex=978
mission CityName=LOC_CITY_NAME_VANCOUVER CompletionTurn=162 EscapeResult=0 InitialResult=2 LevelAfter=1 LootInfo=-1 Name=LOC_CITIZEN_MAYA_FEMALE_8 Operation=58 PlotIndex=1743
mission CityName=LOC_CITY_NAME_CHARLOTTETOWN CompletionTurn=161 EscapeResult=0 InitialResult=2 LevelAfter=1 LootInfo=-1 Name=LOC_CITIZEN_MAYA_MALE_6 Operation=58 PlotIndex=1644
mission CityName=LOC_CITY_NAME_HALIFAX CompletionTurn=161 EscapeResult=-1 InitialResult=5 LevelAfter=4 LootInfo=-1 Name=LOC_CITIZEN_MAYA_MODERN_MALE_1 Operation=58 PlotIndex=1409
mission CityName=LOC_CITY_NAME_TE_HOKIANGA_NU_A_KUPE CompletionTurn=160 EscapeResult=2 InitialResult=2 LevelAfter=3 LootInfo=-1 Name=LOC_CITIZEN_MAYA_MODERN_FEMALE_4 Operation=58 PlotIndex=772
mission CityName=LOC_CITY_NAME_TORONTO CompletionTurn=160 EscapeResult=2 InitialResult=4 LevelAfter=3 LootInfo=-1 Name=LOC_CITIZEN_MAYA_MODERN_MALE_6 Operation=58 PlotIndex=1818
mission CityName=LOC_CITY_NAME_OTTAWA CompletionTurn=158 EscapeResult=-1 InitialResult=5 LevelAfter=2 LootInfo=-1 Name=LOC_CITIZEN_MAYA_FEMALE_1 Operation=58 PlotIndex=978
mission CityName=LOC_CITY_NAME_QUEBEC_CITY CompletionTurn=158 EscapeResult=-1 InitialResult=1 LevelAfter=2 LootInfo=-1 Name=LOC_CITIZEN_MAYA_FEMALE_4 Operation=58 PlotIndex=1404
mission CityName=LOC_CITY_NAME_VANCOUVER CompletionTurn=158 EscapeResult=-1 InitialResult=3 LevelAfter=1 LootInfo=-1 Name=LOC_CITIZEN_MAYA_FEMALE_8 Operation=58 PlotIndex=1743
mission CityName=LOC_CITY_NAME_TE_HOKIANGA_NU_A_KUPE CompletionTurn=154 EscapeResult=-1 InitialResult=5 LevelAfter=3 LootInfo=-1 Name=LOC_CITIZEN_MAYA_MODERN_FEMALE_4 Operation=58 PlotIndex=772
mission CityName=LOC_CITY_NAME_CALGARY CompletionTurn=154 EscapeResult=2 InitialResult=4 LevelAfter=4 LootInfo=-1 Name=LOC_CITIZEN_MAYA_MALE_8 Operation=58 PlotIndex=1991
mission CityName=LOC_CITY_NAME_TORONTO CompletionTurn=154 EscapeResult=-1 InitialResult=5 LevelAfter=2 LootInfo=-1 Name=LOC_CITIZEN_MAYA_MODERN_MALE_6 Operation=58 PlotIndex=1818
mission CityName=LOC_CITY_NAME_MONTREAL CompletionTurn=152 EscapeResult=2 InitialResult=2 LevelAfter=2 LootInfo=-1 Name=LOC_CITIZEN_MAYA_MODERN_FEMALE_3 Operation=58 PlotIndex=1314
mission CityName=LOC_CITY_NAME_VANCOUVER CompletionTurn=152 EscapeResult=-1 InitialResult=3 LevelAfter=1 LootInfo=-1 Name=LOC_CITIZEN_MAYA_FEMALE_8 Operation=58 PlotIndex=1743
mission CityName=LOC_CITY_NAME_VICTORIA CompletionTurn=152 EscapeResult=0 InitialResult=4 LevelAfter=4 LootInfo=-1 Name=LOC_CITIZEN_MAYA_FEMALE_6 Operation=58 PlotIndex=888
mission CityName=LOC_CITY_NAME_QUEBEC_CITY CompletionTurn=149 EscapeResult=-1 InitialResult=5 LevelAfter=2 LootInfo=-1 Name=LOC_CITIZEN_MAYA_FEMALE_4 Operation=58 PlotIndex=1404
mission CityName=LOC_CITY_NAME_HALIFAX CompletionTurn=149 EscapeResult=0 InitialResult=2 LevelAfter=3 LootInfo=-1 Name=LOC_CITIZEN_MAYA_MODERN_FEMALE_8 Operation=58 PlotIndex=1409
mission CityName=LOC_CITY_NAME_CALGARY CompletionTurn=149 EscapeResult=-1 InitialResult=5 LevelAfter=4 LootInfo=-1 Name=LOC_CITIZEN_MAYA_MALE_8 Operation=58 PlotIndex=1991
mission CityName=LOC_CITY_NAME_OTTAWA CompletionTurn=147 EscapeResult=2 InitialResult=4 LevelAfter=4 LootInfo=-1 Name=LOC_CITIZEN_MAYA_MODERN_MALE_1 Operation=58 PlotIndex=978
mission CityName=LOC_CITY_NAME_VANCOUVER CompletionTurn=145 EscapeResult=2 InitialResult=2 LevelAfter=1 LootInfo=-1 Name=LOC_CITIZEN_MAYA_FEMALE_1 Operation=58 PlotIndex=1743
mission CityName=LOC_CITY_NAME_MONTREAL CompletionTurn=144 EscapeResult=-1 InitialResult=5 LevelAfter=2 LootInfo=-1 Name=LOC_CITIZEN_MAYA_MODERN_FEMALE_3 Operation=58 PlotIndex=1314
mission CityName=LOC_CITY_NAME_TORONTO CompletionTurn=144 EscapeResult=2 InitialResult=2 LevelAfter=2 LootInfo=-1 Name=LOC_CITIZEN_MAYA_MODERN_FEMALE_4 Operation=58 PlotIndex=1818
mission CityName=LOC_CITY_NAME_VICTORIA CompletionTurn=143 EscapeResult=0 InitialResult=2 LevelAfter=3 LootInfo=-1 Name=LOC_CITIZEN_MAYA_MODERN_FEMALE_6 Operation=58 PlotIndex=888
mission CityName=LOC_CITY_NAME_OTTAWA CompletionTurn=143 EscapeResult=-1 InitialResult=3 LevelAfter=4 LootInfo=-1 Name=LOC_CITIZEN_MAYA_MODERN_MALE_1 Operation=58 PlotIndex=978
mission CityName=LOC_CITY_NAME_HALIFAX CompletionTurn=142 EscapeResult=-1 InitialResult=5 LevelAfter=3 LootInfo=-1 Name=LOC_CITIZEN_MAYA_MODERN_FEMALE_8 Operation=58 PlotIndex=1409
mission CityName=LOC_CITY_NAME_CALGARY CompletionTurn=142 EscapeResult=-1 InitialResult=5 LevelAfter=4 LootInfo=-1 Name=LOC_CITIZEN_MAYA_MALE_8 Operation=58 PlotIndex=1991
mission CityName=LOC_CITY_NAME_MONTREAL CompletionTurn=141 EscapeResult=-1 InitialResult=1 LevelAfter=2 LootInfo=-1 Name=LOC_CITIZEN_MAYA_MODERN_MALE_4 Operation=58 PlotIndex=1314
mission CityName=LOC_CITY_NAME_MONTREAL CompletionTurn=140 EscapeResult=-1 InitialResult=5 LevelAfter=2 LootInfo=-1 Name=LOC_CITIZEN_MAYA_MODERN_MALE_4 Operation=58 PlotIndex=1314
mission CityName=LOC_CITY_NAME_QUEBEC_CITY CompletionTurn=140 EscapeResult=2 InitialResult=4 LevelAfter=3 LootInfo=-1 Name=LOC_CITIZEN_MAYA_FEMALE_6 Operation=58 PlotIndex=1404
mission CityName=LOC_CITY_NAME_OTTAWA CompletionTurn=139 EscapeResult=-1 InitialResult=5 LevelAfter=4 LootInfo=-1 Name=LOC_CITIZEN_MAYA_MODERN_MALE_1 Operation=58 PlotIndex=978
mission CityName=LOC_CITY_NAME_VICTORIA CompletionTurn=138 EscapeResult=1 InitialResult=4 LevelAfter=2 LootInfo=-1 Name=LOC_CITIZEN_MAYA_MALE_2 Operation=58 PlotIndex=888
mission CityName=LOC_CITY_NAME_TORONTO CompletionTurn=137 EscapeResult=-1 InitialResult=5 LevelAfter=2 LootInfo=-1 Name=LOC_CITIZEN_MAYA_MODERN_FEMALE_4 Operation=58 PlotIndex=1818
mission CityName=LOC_CITY_NAME_QUEBEC_CITY CompletionTurn=136 EscapeResult=-1 InitialResult=1 LevelAfter=2 LootInfo=-1 Name=LOC_CITIZEN_MAYA_MODERN_MALE_9 Operation=58 PlotIndex=1404
mission CityName=LOC_CITY_NAME_HALIFAX CompletionTurn=135 EscapeResult=-1 InitialResult=5 LevelAfter=2 LootInfo=-1 Name=LOC_CITIZEN_MAYA_MODERN_FEMALE_8 Operation=58 PlotIndex=1409
mission CityName=LOC_CITY_NAME_OTTAWA CompletionTurn=135 EscapeResult=-1 InitialResult=5 LevelAfter=4 LootInfo=-1 Name=LOC_CITIZEN_MAYA_MODERN_MALE_1 Operation=58 PlotIndex=978
mission CityName=LOC_CITY_NAME_CALGARY CompletionTurn=133 EscapeResult=2 InitialResult=4 LevelAfter=3 LootInfo=-1 Name=LOC_CITIZEN_MAYA_MALE_8 Operation=58 PlotIndex=1991
mission CityName=LOC_CITY_NAME_MONTREAL CompletionTurn=132 EscapeResult=0 InitialResult=2 LevelAfter=1 LootInfo=-1 Name=LOC_CITIZEN_MAYA_MALE_5 Operation=58 PlotIndex=1314
mission CityName=LOC_CITY_NAME_QUEBEC_CITY CompletionTurn=131 EscapeResult=-1 InitialResult=5 LevelAfter=2 LootInfo=-1 Name=LOC_CITIZEN_MAYA_MODERN_MALE_9 Operation=58 PlotIndex=1404
mission CityName=LOC_CITY_NAME_OTTAWA CompletionTurn=130 EscapeResult=-1 InitialResult=5 LevelAfter=4 LootInfo=-1 Name=LOC_CITIZEN_MAYA_MODERN_MALE_1 Operation=58 PlotIndex=978
mission CityName=LOC_CITY_NAME_CALGARY CompletionTurn=129 EscapeResult=-1 InitialResult=3 LevelAfter=2 LootInfo=-1 Name=LOC_CITIZEN_MAYA_MALE_8 Operation=58 PlotIndex=1991
mission CityName=LOC_CITY_NAME_TORONTO CompletionTurn=129 EscapeResult=2 InitialResult=4 LevelAfter=3 LootInfo=-1 Name=LOC_CITIZEN_MAYA_MODERN_FEMALE_6 Operation=58 PlotIndex=1818
mission CityName=LOC_CITY_NAME_MONTREAL CompletionTurn=127 EscapeResult=2 InitialResult=2 LevelAfter=1 LootInfo=-1 Name=LOC_CITIZEN_MAYA_MALE_2 Operation=58 PlotIndex=1314
mission CityName=LOC_CITY_NAME_OTTAWA CompletionTurn=124 EscapeResult=-1 InitialResult=5 LevelAfter=4 LootInfo=-1 Name=LOC_CITIZEN_MAYA_MODERN_MALE_1 Operation=58 PlotIndex=978
mission CityName=LOC_CITY_NAME_CALGARY CompletionTurn=123 EscapeResult=-1 InitialResult=5 LevelAfter=2 LootInfo=-1 Name=LOC_CITIZEN_MAYA_MALE_8 Operation=58 PlotIndex=1991
mission CityName=LOC_CITY_NAME_HALIFAX CompletionTurn=121 EscapeResult=2 InitialResult=4 LevelAfter=2 LootInfo=-1 Name=LOC_CITIZEN_MAYA_FEMALE_6 Operation=58 PlotIndex=1409
mission CityName=LOC_CITY_NAME_OTTAWA CompletionTurn=120 EscapeResult=-1 InitialResult=3 LevelAfter=3 LootInfo=-1 Name=LOC_CITIZEN_MAYA_MODERN_MALE_1 Operation=58 PlotIndex=978
mission CityName=LOC_CITY_NAME_MONTREAL CompletionTurn=120 EscapeResult=-1 InitialResult=0 LevelAfter=2 LootInfo=-1 Name=LOC_CITIZEN_MAYA_FEMALE_7 Operation=58 PlotIndex=1314
mission CityName=LOC_CITY_NAME_QUEBEC_CITY CompletionTurn=118 EscapeResult=1 InitialResult=2 LevelAfter=1 LootInfo=-1 Name=LOC_CITIZEN_MAYA_MODERN_FEMALE_1 Operation=58 PlotIndex=1404
mission CityName=LOC_CITY_NAME_TORONTO CompletionTurn=118 EscapeResult=2 InitialResult=4 LevelAfter=2 LootInfo=-1 Name=LOC_CITIZEN_MAYA_MODERN_FEMALE_6 Operation=58 PlotIndex=1818
mission CityName=LOC_CITY_NAME_TORONTO CompletionTurn=114 EscapeResult=-1 InitialResult=1 LevelAfter=1 LootInfo=-1 Name=LOC_CITIZEN_MAYA_FEMALE_3 Operation=58 PlotIndex=1818
mission CityName=LOC_CITY_NAME_MONTREAL CompletionTurn=114 EscapeResult=-1 InitialResult=5 LevelAfter=2 LootInfo=-1 Name=LOC_CITIZEN_MAYA_FEMALE_7 Operation=58 PlotIndex=1314
mission CityName=LOC_CITY_NAME_OTTAWA CompletionTurn=113 EscapeResult=-1 InitialResult=5 LevelAfter=3 LootInfo=-1 Name=LOC_CITIZEN_MAYA_MODERN_MALE_1 Operation=58 PlotIndex=978
mission CityName=LOC_CITY_NAME_MONTREAL CompletionTurn=110 EscapeResult=-1 InitialResult=1 LevelAfter=1 LootInfo=-1 Name=LOC_CITIZEN_MAYA_MODERN_FEMALE_7 Operation=58 PlotIndex=1314
mission CityName=LOC_CITY_NAME_OTTAWA CompletionTurn=107 EscapeResult=-1 InitialResult=5 LevelAfter=2 LootInfo=-1 Name=LOC_CITIZEN_MAYA_MODERN_MALE_1 Operation=58 PlotIndex=978
tally 6  FOMENT_UNREST CAPTURED / NO_RESULT
tally 1  FOMENT_UNREST FAIL_MUST_ESCAPE / CAPTURED
tally 5  FOMENT_UNREST FAIL_MUST_ESCAPE / FAIL_MUST_ESCAPE
tally 6  FOMENT_UNREST FAIL_MUST_ESCAPE / KILLED
tally 1  FOMENT_UNREST FAIL_MUST_ESCAPE / NO_RESULT
tally 10  FOMENT_UNREST FAIL_UNDETECTED / NO_RESULT
tally 1  FOMENT_UNREST KILLED / NO_RESULT
tally 2  FOMENT_UNREST SUCCESS_MUST_ESCAPE / CAPTURED
tally 15  FOMENT_UNREST SUCCESS_MUST_ESCAPE / FAIL_MUST_ESCAPE
tally 5  FOMENT_UNREST SUCCESS_MUST_ESCAPE / KILLED
tally 42  FOMENT_UNREST SUCCESS_UNDETECTED / NO_RESULT
turn 195 spies active 3 idle 3 missions 94 captured-enemy 0
spy 7405581 LOC_CITIZEN_MAYA_MODERN_MALE_1 level 4 at 65:16 busy
spy 10682395 LOC_CITIZEN_MAYA_MALE_3 level 2 at 63:20 start
spy 9764894 LOC_CITIZEN_MAYA_MALE_1 level 3 at 59:23 start
spy 9109539 LOC_CITIZEN_MAYA_MALE_8 level 4 at 48:10 busy
spy 10223652 LOC_CITIZEN_MAYA_MODERN_FEMALE_4 level 4 at 60:16 busy
spy 10289191 LOC_CITIZEN_MAYA_MODERN_FEMALE_2 level 3 at 60:16 refused
turn 195 spies 6 started 2 travelled 0 promoted 0 bought 0 gold 50000
unblock: blocker ENDTURN_BLOCKING_SPY_CHOOSE_ESCAPE_ROUTE -> escape route DISTRICT_CITY_CENTER of 1 for spy 9109539 LOC_CITIZEN_MAYA_MALE_8 level 4 turn 195 city LOC_CITY_NAME_VICTORIA p1 at 48:10 pursuer police | end turn requested
unstuck: InGamePopup: open, no close
unblock: blocker ENDTURN_BLOCKING_PRODUCTION -> NARANJO builds UNIT_WARRIOR | end turn requested
unstuck: InGamePopup: open, no close
mission CityName=LOC_CITY_NAME_VICTORIA CompletionTurn=195 EscapeResult=2 InitialResult=2 LevelAfter=4 LootInfo=-1 Name=LOC_CITIZEN_MAYA_MALE_8 Operation=58 PlotIndex=888
mission CityName=LOC_CITY_NAME_VANCOUVER CompletionTurn=195 EscapeResult=-1 InitialResult=3 LevelAfter=2 LootInfo=-1 Name=LOC_CITIZEN_MAYA_MALE_3 Operation=58 PlotIndex=1743
mission CityName=LOC_CITY_NAME_QUEBEC_CITY CompletionTurn=194 EscapeResult=-1 InitialResult=5 LevelAfter=4 LootInfo=-1 Name=LOC_CITIZEN_MAYA_MODERN_FEMALE_4 Operation=58 PlotIndex=1404
mission CityName=LOC_CITY_NAME_HALIFAX CompletionTurn=194 EscapeResult=-1 InitialResult=5 LevelAfter=4 LootInfo=-1 Name=LOC_CITIZEN_MAYA_MODERN_MALE_1 Operation=58 PlotIndex=1409
mission CityName=LOC_CITY_NAME_OTTAWA CompletionTurn=193 EscapeResult=2 InitialResult=4 LevelAfter=2 LootInfo=-1 Name=LOC_CITIZEN_MAYA_MODERN_MALE_10 Operation=58 PlotIndex=978
mission CityName=LOC_CITY_NAME_CALGARY CompletionTurn=193 EscapeResult=-1 InitialResult=5 LevelAfter=3 LootInfo=-1 Name=LOC_CITIZEN_MAYA_MALE_1 Operation=58 PlotIndex=1991
mission CityName=LOC_CITY_NAME_VICTORIA CompletionTurn=191 EscapeResult=-1 InitialResult=5 LevelAfter=4 LootInfo=-1 Name=LOC_CITIZEN_MAYA_MALE_8 Operation=58 PlotIndex=888
mission CityName=LOC_CITY_NAME_QUEBEC_CITY CompletionTurn=190 EscapeResult=-1 InitialResult=5 LevelAfter=4 LootInfo=-1 Name=LOC_CITIZEN_MAYA_MODERN_FEMALE_4 Operation=58 PlotIndex=1404
mission CityName=LOC_CITY_NAME_TORONTO CompletionTurn=190 EscapeResult=-1 InitialResult=1 LevelAfter=1 LootInfo=-1 Name=LOC_CITIZEN_MAYA_MODERN_FEMALE_9 Operation=58 PlotIndex=1818
mission CityName=LOC_CITY_NAME_HALIFAX CompletionTurn=190 EscapeResult=-1 InitialResult=5 LevelAfter=4 LootInfo=-1 Name=LOC_CITIZEN_MAYA_MODERN_MALE_1 Operation=58 PlotIndex=1409
mission CityName=LOC_CITY_NAME_MONTREAL CompletionTurn=189 EscapeResult=1 InitialResult=4 LevelAfter=4 LootInfo=-1 Name=LOC_CITIZEN_MAYA_MODERN_MALE_6 Operation=58 PlotIndex=1314
mission CityName=LOC_CITY_NAME_VICTORIA CompletionTurn=187 EscapeResult=-1 InitialResult=5 LevelAfter=4 LootInfo=-1 Name=LOC_CITIZEN_MAYA_MALE_8 Operation=58 PlotIndex=888
mission CityName=LOC_CITY_NAME_MONTREAL CompletionTurn=186 EscapeResult=-1 InitialResult=3 LevelAfter=4 LootInfo=-1 Name=LOC_CITIZEN_MAYA_MODERN_MALE_6 Operation=58 PlotIndex=1314
mission CityName=LOC_CITY_NAME_TORONTO CompletionTurn=186 EscapeResult=-1 InitialResult=3 LevelAfter=1 LootInfo=-1 Name=LOC_CITIZEN_MAYA_MODERN_FEMALE_9 Operation=58 PlotIndex=1818
mission CityName=LOC_CITY_NAME_CALGARY CompletionTurn=185 EscapeResult=-1 InitialResult=5 LevelAfter=2 LootInfo=-1 Name=LOC_CITIZEN_MAYA_MALE_1 Operation=58 PlotIndex=1991
mission CityName=LOC_CITY_NAME_OTTAWA CompletionTurn=185 EscapeResult=2 InitialResult=4 LevelAfter=2 LootInfo=-1 Name=LOC_CITIZEN_MAYA_MALE_3 Operation=58 PlotIndex=978
mission CityName=LOC_CITY_NAME_HALIFAX CompletionTurn=185 EscapeResult=-1 InitialResult=5 LevelAfter=4 LootInfo=-1 Name=LOC_CITIZEN_MAYA_MODERN_MALE_1 Operation=58 PlotIndex=1409
mission CityName=LOC_CITY_NAME_VANCOUVER CompletionTurn=183 EscapeResult=0 InitialResult=4 LevelAfter=2 LootInfo=-1 Name=LOC_CITIZEN_MAYA_MALE_4 Operation=58 PlotIndex=1743
mission CityName=LOC_CITY_NAME_VICTORIA CompletionTurn=183 EscapeResult=-1 InitialResult=5 LevelAfter=4 LootInfo=-1 Name=LOC_CITIZEN_MAYA_MALE_8 Operation=58 PlotIndex=888
mission CityName=LOC_CITY_NAME_HALIFAX CompletionTurn=181 EscapeResult=-1 InitialResult=5 LevelAfter=4 LootInfo=-1 Name=LOC_CITIZEN_MAYA_MODERN_MALE_1 Operation=58 PlotIndex=1409
mission CityName=LOC_CITY_NAME_OTTAWA CompletionTurn=180 EscapeResult=-1 InitialResult=3 LevelAfter=1 LootInfo=-1 Name=LOC_CITIZEN_MAYA_MALE_3 Operation=58 PlotIndex=978
mission CityName=LOC_CITY_NAME_VICTORIA CompletionTurn=179 EscapeResult=-1 InitialResult=5 LevelAfter=4 LootInfo=-1 Name=LOC_CITIZEN_MAYA_MALE_8 Operation=58 PlotIndex=888
mission CityName=LOC_CITY_NAME_TORONTO CompletionTurn=179 EscapeResult=2 InitialResult=4 LevelAfter=3 LootInfo=-1 Name=LOC_CITIZEN_MAYA_MODERN_FEMALE_2 Operation=58 PlotIndex=1818
mission CityName=LOC_CITY_NAME_QUEBEC_CITY CompletionTurn=179 EscapeResult=2 InitialResult=4 LevelAfter=4 LootInfo=-1 Name=LOC_CITIZEN_MAYA_MODERN_FEMALE_4 Operation=58 PlotIndex=1404
mission CityName=LOC_CITY_NAME_MONTREAL CompletionTurn=178 EscapeResult=0 InitialResult=4 LevelAfter=4 LootInfo=-1 Name=LOC_CITIZEN_MAYA_MALE_7 Operation=58 PlotIndex=1314
mission CityName=LOC_CITY_NAME_HALIFAX CompletionTurn=177 EscapeResult=-1 InitialResult=5 LevelAfter=4 LootInfo=-1 Name=LOC_CITIZEN_MAYA_MODERN_MALE_1 Operation=58 PlotIndex=1409
mission CityName=LOC_CITY_NAME_CALGARY CompletionTurn=176 EscapeResult=2 InitialResult=4 LevelAfter=4 LootInfo=-1 Name=LOC_CITIZEN_MAYA_MODERN_MALE_6 Operation=58 PlotIndex=1991
mission CityName=LOC_CITY_NAME_TORONTO CompletionTurn=173 EscapeResult=-1 InitialResult=5 LevelAfter=2 LootInfo=-1 Name=LOC_CITIZEN_MAYA_MODERN_FEMALE_2 Operation=58 PlotIndex=1818
mission CityName=LOC_CITY_NAME_MONTREAL CompletionTurn=173 EscapeResult=0 InitialResult=4 LevelAfter=3 LootInfo=-1 Name=LOC_CITIZEN_MAYA_MODERN_FEMALE_3 Operation=58 PlotIndex=1314
mission CityName=LOC_CITY_NAME_HALIFAX CompletionTurn=173 EscapeResult=-1 InitialResult=5 LevelAfter=4 LootInfo=-1 Name=LOC_CITIZEN_MAYA_MODERN_MALE_1 Operation=58 PlotIndex=1409
mission CityName=LOC_CITY_NAME_CALGARY CompletionTurn=173 EscapeResult=-1 InitialResult=3 LevelAfter=4 LootInfo=-1 Name=LOC_CITIZEN_MAYA_MODERN_MALE_6 Operation=58 PlotIndex=1991
mission CityName=LOC_CITY_NAME_QUEBEC_CITY CompletionTurn=172 EscapeResult=0 InitialResult=2 LevelAfter=1 LootInfo=-1 Name=LOC_CITIZEN_MAYA_MODERN_FEMALE_5 Operation=58 PlotIndex=1404
mission CityName=LOC_CITY_NAME_OTTAWA CompletionTurn=172 EscapeResult=0 InitialResult=4 LevelAfter=4 LootInfo=-1 Name=LOC_CITIZEN_MAYA_FEMALE_1 Operation=58 PlotIndex=978
mission CityName=LOC_CITY_NAME_HALIFAX CompletionTurn=169 EscapeResult=-1 InitialResult=5 LevelAfter=4 LootInfo=-1 Name=LOC_CITIZEN_MAYA_MODERN_MALE_1 Operation=58 PlotIndex=1409
mission CityName=LOC_CITY_NAME_TORONTO CompletionTurn=168 EscapeResult=2 InitialResult=4 LevelAfter=4 LootInfo=-1 Name=LOC_CITIZEN_MAYA_MODERN_MALE_6 Operation=58 PlotIndex=1818
mission CityName=LOC_CITY_NAME_MONTREAL CompletionTurn=168 EscapeResult=2 InitialResult=4 LevelAfter=4 LootInfo=-1 Name=LOC_CITIZEN_MAYA_MALE_8 Operation=58 PlotIndex=1314
mission CityName=LOC_CITY_NAME_OTTAWA CompletionTurn=167 EscapeResult=-1 InitialResult=5 LevelAfter=4 LootInfo=-1 Name=LOC_CITIZEN_MAYA_FEMALE_1 Operation=58 PlotIndex=978
mission CityName=LOC_CITY_NAME_MONTREAL CompletionTurn=165 EscapeResult=-1 InitialResult=5 LevelAfter=3 LootInfo=-1 Name=LOC_CITIZEN_MAYA_MALE_7 Operation=58 PlotIndex=1314
mission CityName=LOC_CITY_NAME_HALIFAX CompletionTurn=165 EscapeResult=-1 InitialResult=5 LevelAfter=4 LootInfo=-1 Name=LOC_CITIZEN_MAYA_MODERN_MALE_1 Operation=58 PlotIndex=1409
mission CityName=LOC_CITY_NAME_MONTREAL CompletionTurn=164 EscapeResult=-1 InitialResult=5 LevelAfter=2 LootInfo=-1 Name=LOC_CITIZEN_MAYA_MALE_7 Operation=58 PlotIndex=1314
mission CityName=LOC_CITY_NAME_OTTAWA CompletionTurn=162 EscapeResult=-1 InitialResult=5 LevelAfter=3 LootInfo=-1 Name=LOC_CITIZEN_MAYA_FEMALE_1 Operation=58 PlotIndex=978
mission CityName=LOC_CITY_NAME_VANCOUVER CompletionTurn=162 EscapeResult=0 InitialResult=2 LevelAfter=1 LootInfo=-1 Name=LOC_CITIZEN_MAYA_FEMALE_8 Operation=58 PlotIndex=1743
mission CityName=LOC_CITY_NAME_CHARLOTTETOWN CompletionTurn=161 EscapeResult=0 InitialResult=2 LevelAfter=1 LootInfo=-1 Name=LOC_CITIZEN_MAYA_MALE_6 Operation=58 PlotIndex=1644
mission CityName=LOC_CITY_NAME_HALIFAX CompletionTurn=161 EscapeResult=-1 InitialResult=5 LevelAfter=4 LootInfo=-1 Name=LOC_CITIZEN_MAYA_MODERN_MALE_1 Operation=58 PlotIndex=1409
mission CityName=LOC_CITY_NAME_TE_HOKIANGA_NU_A_KUPE CompletionTurn=160 EscapeResult=2 InitialResult=2 LevelAfter=3 LootInfo=-1 Name=LOC_CITIZEN_MAYA_MODERN_FEMALE_4 Operation=58 PlotIndex=772
mission CityName=LOC_CITY_NAME_TORONTO CompletionTurn=160 EscapeResult=2 InitialResult=4 LevelAfter=3 LootInfo=-1 Name=LOC_CITIZEN_MAYA_MODERN_MALE_6 Operation=58 PlotIndex=1818
mission CityName=LOC_CITY_NAME_OTTAWA CompletionTurn=158 EscapeResult=-1 InitialResult=5 LevelAfter=2 LootInfo=-1 Name=LOC_CITIZEN_MAYA_FEMALE_1 Operation=58 PlotIndex=978
mission CityName=LOC_CITY_NAME_QUEBEC_CITY CompletionTurn=158 EscapeResult=-1 InitialResult=1 LevelAfter=2 LootInfo=-1 Name=LOC_CITIZEN_MAYA_FEMALE_4 Operation=58 PlotIndex=1404
mission CityName=LOC_CITY_NAME_VANCOUVER CompletionTurn=158 EscapeResult=-1 InitialResult=3 LevelAfter=1 LootInfo=-1 Name=LOC_CITIZEN_MAYA_FEMALE_8 Operation=58 PlotIndex=1743
mission CityName=LOC_CITY_NAME_TE_HOKIANGA_NU_A_KUPE CompletionTurn=154 EscapeResult=-1 InitialResult=5 LevelAfter=3 LootInfo=-1 Name=LOC_CITIZEN_MAYA_MODERN_FEMALE_4 Operation=58 PlotIndex=772
mission CityName=LOC_CITY_NAME_CALGARY CompletionTurn=154 EscapeResult=2 InitialResult=4 LevelAfter=4 LootInfo=-1 Name=LOC_CITIZEN_MAYA_MALE_8 Operation=58 PlotIndex=1991
mission CityName=LOC_CITY_NAME_TORONTO CompletionTurn=154 EscapeResult=-1 InitialResult=5 LevelAfter=2 LootInfo=-1 Name=LOC_CITIZEN_MAYA_MODERN_MALE_6 Operation=58 PlotIndex=1818
mission CityName=LOC_CITY_NAME_MONTREAL CompletionTurn=152 EscapeResult=2 InitialResult=2 LevelAfter=2 LootInfo=-1 Name=LOC_CITIZEN_MAYA_MODERN_FEMALE_3 Operation=58 PlotIndex=1314
mission CityName=LOC_CITY_NAME_VANCOUVER CompletionTurn=152 EscapeResult=-1 InitialResult=3 LevelAfter=1 LootInfo=-1 Name=LOC_CITIZEN_MAYA_FEMALE_8 Operation=58 PlotIndex=1743
mission CityName=LOC_CITY_NAME_VICTORIA CompletionTurn=152 EscapeResult=0 InitialResult=4 LevelAfter=4 LootInfo=-1 Name=LOC_CITIZEN_MAYA_FEMALE_6 Operation=58 PlotIndex=888
mission CityName=LOC_CITY_NAME_QUEBEC_CITY CompletionTurn=149 EscapeResult=-1 InitialResult=5 LevelAfter=2 LootInfo=-1 Name=LOC_CITIZEN_MAYA_FEMALE_4 Operation=58 PlotIndex=1404
mission CityName=LOC_CITY_NAME_HALIFAX CompletionTurn=149 EscapeResult=0 InitialResult=2 LevelAfter=3 LootInfo=-1 Name=LOC_CITIZEN_MAYA_MODERN_FEMALE_8 Operation=58 PlotIndex=1409
mission CityName=LOC_CITY_NAME_CALGARY CompletionTurn=149 EscapeResult=-1 InitialResult=5 LevelAfter=4 LootInfo=-1 Name=LOC_CITIZEN_MAYA_MALE_8 Operation=58 PlotIndex=1991
mission CityName=LOC_CITY_NAME_OTTAWA CompletionTurn=147 EscapeResult=2 InitialResult=4 LevelAfter=4 LootInfo=-1 Name=LOC_CITIZEN_MAYA_MODERN_MALE_1 Operation=58 PlotIndex=978
mission CityName=LOC_CITY_NAME_VANCOUVER CompletionTurn=145 EscapeResult=2 InitialResult=2 LevelAfter=1 LootInfo=-1 Name=LOC_CITIZEN_MAYA_FEMALE_1 Operation=58 PlotIndex=1743
mission CityName=LOC_CITY_NAME_MONTREAL CompletionTurn=144 EscapeResult=-1 InitialResult=5 LevelAfter=2 LootInfo=-1 Name=LOC_CITIZEN_MAYA_MODERN_FEMALE_3 Operation=58 PlotIndex=1314
mission CityName=LOC_CITY_NAME_TORONTO CompletionTurn=144 EscapeResult=2 InitialResult=2 LevelAfter=2 LootInfo=-1 Name=LOC_CITIZEN_MAYA_MODERN_FEMALE_4 Operation=58 PlotIndex=1818
mission CityName=LOC_CITY_NAME_VICTORIA CompletionTurn=143 EscapeResult=0 InitialResult=2 LevelAfter=3 LootInfo=-1 Name=LOC_CITIZEN_MAYA_MODERN_FEMALE_6 Operation=58 PlotIndex=888
mission CityName=LOC_CITY_NAME_OTTAWA CompletionTurn=143 EscapeResult=-1 InitialResult=3 LevelAfter=4 LootInfo=-1 Name=LOC_CITIZEN_MAYA_MODERN_MALE_1 Operation=58 PlotIndex=978
mission CityName=LOC_CITY_NAME_HALIFAX CompletionTurn=142 EscapeResult=-1 InitialResult=5 LevelAfter=3 LootInfo=-1 Name=LOC_CITIZEN_MAYA_MODERN_FEMALE_8 Operation=58 PlotIndex=1409
mission CityName=LOC_CITY_NAME_CALGARY CompletionTurn=142 EscapeResult=-1 InitialResult=5 LevelAfter=4 LootInfo=-1 Name=LOC_CITIZEN_MAYA_MALE_8 Operation=58 PlotIndex=1991
mission CityName=LOC_CITY_NAME_MONTREAL CompletionTurn=141 EscapeResult=-1 InitialResult=1 LevelAfter=2 LootInfo=-1 Name=LOC_CITIZEN_MAYA_MODERN_MALE_4 Operation=58 PlotIndex=1314
mission CityName=LOC_CITY_NAME_MONTREAL CompletionTurn=140 EscapeResult=-1 InitialResult=5 LevelAfter=2 LootInfo=-1 Name=LOC_CITIZEN_MAYA_MODERN_MALE_4 Operation=58 PlotIndex=1314
mission CityName=LOC_CITY_NAME_QUEBEC_CITY CompletionTurn=140 EscapeResult=2 InitialResult=4 LevelAfter=3 LootInfo=-1 Name=LOC_CITIZEN_MAYA_FEMALE_6 Operation=58 PlotIndex=1404
mission CityName=LOC_CITY_NAME_OTTAWA CompletionTurn=139 EscapeResult=-1 InitialResult=5 LevelAfter=4 LootInfo=-1 Name=LOC_CITIZEN_MAYA_MODERN_MALE_1 Operation=58 PlotIndex=978
mission CityName=LOC_CITY_NAME_VICTORIA CompletionTurn=138 EscapeResult=1 InitialResult=4 LevelAfter=2 LootInfo=-1 Name=LOC_CITIZEN_MAYA_MALE_2 Operation=58 PlotIndex=888
mission CityName=LOC_CITY_NAME_TORONTO CompletionTurn=137 EscapeResult=-1 InitialResult=5 LevelAfter=2 LootInfo=-1 Name=LOC_CITIZEN_MAYA_MODERN_FEMALE_4 Operation=58 PlotIndex=1818
mission CityName=LOC_CITY_NAME_QUEBEC_CITY CompletionTurn=136 EscapeResult=-1 InitialResult=1 LevelAfter=2 LootInfo=-1 Name=LOC_CITIZEN_MAYA_MODERN_MALE_9 Operation=58 PlotIndex=1404
mission CityName=LOC_CITY_NAME_HALIFAX CompletionTurn=135 EscapeResult=-1 InitialResult=5 LevelAfter=2 LootInfo=-1 Name=LOC_CITIZEN_MAYA_MODERN_FEMALE_8 Operation=58 PlotIndex=1409
mission CityName=LOC_CITY_NAME_OTTAWA CompletionTurn=135 EscapeResult=-1 InitialResult=5 LevelAfter=4 LootInfo=-1 Name=LOC_CITIZEN_MAYA_MODERN_MALE_1 Operation=58 PlotIndex=978
mission CityName=LOC_CITY_NAME_CALGARY CompletionTurn=133 EscapeResult=2 InitialResult=4 LevelAfter=3 LootInfo=-1 Name=LOC_CITIZEN_MAYA_MALE_8 Operation=58 PlotIndex=1991
mission CityName=LOC_CITY_NAME_MONTREAL CompletionTurn=132 EscapeResult=0 InitialResult=2 LevelAfter=1 LootInfo=-1 Name=LOC_CITIZEN_MAYA_MALE_5 Operation=58 PlotIndex=1314
mission CityName=LOC_CITY_NAME_QUEBEC_CITY CompletionTurn=131 EscapeResult=-1 InitialResult=5 LevelAfter=2 LootInfo=-1 Name=LOC_CITIZEN_MAYA_MODERN_MALE_9 Operation=58 PlotIndex=1404
mission CityName=LOC_CITY_NAME_OTTAWA CompletionTurn=130 EscapeResult=-1 InitialResult=5 LevelAfter=4 LootInfo=-1 Name=LOC_CITIZEN_MAYA_MODERN_MALE_1 Operation=58 PlotIndex=978
mission CityName=LOC_CITY_NAME_CALGARY CompletionTurn=129 EscapeResult=-1 InitialResult=3 LevelAfter=2 LootInfo=-1 Name=LOC_CITIZEN_MAYA_MALE_8 Operation=58 PlotIndex=1991
mission CityName=LOC_CITY_NAME_TORONTO CompletionTurn=129 EscapeResult=2 InitialResult=4 LevelAfter=3 LootInfo=-1 Name=LOC_CITIZEN_MAYA_MODERN_FEMALE_6 Operation=58 PlotIndex=1818
mission CityName=LOC_CITY_NAME_MONTREAL CompletionTurn=127 EscapeResult=2 InitialResult=2 LevelAfter=1 LootInfo=-1 Name=LOC_CITIZEN_MAYA_MALE_2 Operation=58 PlotIndex=1314
mission CityName=LOC_CITY_NAME_OTTAWA CompletionTurn=124 EscapeResult=-1 InitialResult=5 LevelAfter=4 LootInfo=-1 Name=LOC_CITIZEN_MAYA_MODERN_MALE_1 Operation=58 PlotIndex=978
mission CityName=LOC_CITY_NAME_CALGARY CompletionTurn=123 EscapeResult=-1 InitialResult=5 LevelAfter=2 LootInfo=-1 Name=LOC_CITIZEN_MAYA_MALE_8 Operation=58 PlotIndex=1991
mission CityName=LOC_CITY_NAME_HALIFAX CompletionTurn=121 EscapeResult=2 InitialResult=4 LevelAfter=2 LootInfo=-1 Name=LOC_CITIZEN_MAYA_FEMALE_6 Operation=58 PlotIndex=1409
mission CityName=LOC_CITY_NAME_OTTAWA CompletionTurn=120 EscapeResult=-1 InitialResult=3 LevelAfter=3 LootInfo=-1 Name=LOC_CITIZEN_MAYA_MODERN_MALE_1 Operation=58 PlotIndex=978
mission CityName=LOC_CITY_NAME_MONTREAL CompletionTurn=120 EscapeResult=-1 InitialResult=0 LevelAfter=2 LootInfo=-1 Name=LOC_CITIZEN_MAYA_FEMALE_7 Operation=58 PlotIndex=1314
mission CityName=LOC_CITY_NAME_QUEBEC_CITY CompletionTurn=118 EscapeResult=1 InitialResult=2 LevelAfter=1 LootInfo=-1 Name=LOC_CITIZEN_MAYA_MODERN_FEMALE_1 Operation=58 PlotIndex=1404
mission CityName=LOC_CITY_NAME_TORONTO CompletionTurn=118 EscapeResult=2 InitialResult=4 LevelAfter=2 LootInfo=-1 Name=LOC_CITIZEN_MAYA_MODERN_FEMALE_6 Operation=58 PlotIndex=1818
mission CityName=LOC_CITY_NAME_TORONTO CompletionTurn=114 EscapeResult=-1 InitialResult=1 LevelAfter=1 LootInfo=-1 Name=LOC_CITIZEN_MAYA_FEMALE_3 Operation=58 PlotIndex=1818
mission CityName=LOC_CITY_NAME_MONTREAL CompletionTurn=114 EscapeResult=-1 InitialResult=5 LevelAfter=2 LootInfo=-1 Name=LOC_CITIZEN_MAYA_FEMALE_7 Operation=58 PlotIndex=1314
mission CityName=LOC_CITY_NAME_OTTAWA CompletionTurn=113 EscapeResult=-1 InitialResult=5 LevelAfter=3 LootInfo=-1 Name=LOC_CITIZEN_MAYA_MODERN_MALE_1 Operation=58 PlotIndex=978
mission CityName=LOC_CITY_NAME_MONTREAL CompletionTurn=110 EscapeResult=-1 InitialResult=1 LevelAfter=1 LootInfo=-1 Name=LOC_CITIZEN_MAYA_MODERN_FEMALE_7 Operation=58 PlotIndex=1314
mission CityName=LOC_CITY_NAME_OTTAWA CompletionTurn=107 EscapeResult=-1 InitialResult=5 LevelAfter=2 LootInfo=-1 Name=LOC_CITIZEN_MAYA_MODERN_MALE_1 Operation=58 PlotIndex=978
tally 6  FOMENT_UNREST CAPTURED / NO_RESULT
tally 1  FOMENT_UNREST FAIL_MUST_ESCAPE / CAPTURED
tally 6  FOMENT_UNREST FAIL_MUST_ESCAPE / FAIL_MUST_ESCAPE
tally 6  FOMENT_UNREST FAIL_MUST_ESCAPE / KILLED
tally 10  FOMENT_UNREST FAIL_UNDETECTED / NO_RESULT
tally 1  FOMENT_UNREST KILLED / NO_RESULT
tally 2  FOMENT_UNREST SUCCESS_MUST_ESCAPE / CAPTURED
tally 15  FOMENT_UNREST SUCCESS_MUST_ESCAPE / FAIL_MUST_ESCAPE
tally 5  FOMENT_UNREST SUCCESS_MUST_ESCAPE / KILLED
tally 42  FOMENT_UNREST SUCCESS_UNDETECTED / NO_RESULT
turn 196 spies active 4 idle 1 missions 94 captured-enemy 0
spy 7405581 LOC_CITIZEN_MAYA_MODERN_MALE_1 level 4 at 65:16 busy
spy 10682395 LOC_CITIZEN_MAYA_MALE_3 level 2 at 63:20 busy
spy 9764894 LOC_CITIZEN_MAYA_MALE_1 level 3 at 59:23 busy
spy 10879011 LOC_CITIZEN_MAYA_MODERN_MALE_10 level 2 at 36:42 travel
spy 10223652 LOC_CITIZEN_MAYA_MODERN_FEMALE_4 level 4 at 60:16 busy
spy 10289191 LOC_CITIZEN_MAYA_MODERN_FEMALE_2 level 3 at 60:16 refused
turn 196 spies 6 started 0 travelled 1 promoted 0 bought 0 gold 50000
unblock: blocker ENDTURN_BLOCKING_PRODUCTION -> NARANJO builds UNIT_WARRIOR | end turn requested
unstuck: InGamePopup: open, no close
unblock: blocker ENDTURN_BLOCKING_FILL_CIVIC_SLOT -> nothing | end turn requested
unstuck: closed sessions [4:4]
unstuck: DiplomacyActionView: Closing Diplomacy Action View. m_eventID: 3361507
unstuck: InGamePopup: open, no close
unblock: blocker ENDTURN_BLOCKING_FILL_CIVIC_SLOT -> nothing | end turn requested
unstuck: closed sessions [6:6]
unstuck: DiplomacyActionView: closed
unstuck: InGamePopup: open, no close
mission CityName=LOC_CITY_NAME_VICTORIA CompletionTurn=195 EscapeResult=2 InitialResult=2 LevelAfter=4 LootInfo=-1 Name=LOC_CITIZEN_MAYA_MALE_8 Operation=58 PlotIndex=888
mission CityName=LOC_CITY_NAME_VANCOUVER CompletionTurn=195 EscapeResult=-1 InitialResult=3 LevelAfter=2 LootInfo=-1 Name=LOC_CITIZEN_MAYA_MALE_3 Operation=58 PlotIndex=1743
mission CityName=LOC_CITY_NAME_QUEBEC_CITY CompletionTurn=194 EscapeResult=-1 InitialResult=5 LevelAfter=4 LootInfo=-1 Name=LOC_CITIZEN_MAYA_MODERN_FEMALE_4 Operation=58 PlotIndex=1404
mission CityName=LOC_CITY_NAME_HALIFAX CompletionTurn=194 EscapeResult=-1 InitialResult=5 LevelAfter=4 LootInfo=-1 Name=LOC_CITIZEN_MAYA_MODERN_MALE_1 Operation=58 PlotIndex=1409
mission CityName=LOC_CITY_NAME_OTTAWA CompletionTurn=193 EscapeResult=2 InitialResult=4 LevelAfter=2 LootInfo=-1 Name=LOC_CITIZEN_MAYA_MODERN_MALE_10 Operation=58 PlotIndex=978
mission CityName=LOC_CITY_NAME_CALGARY CompletionTurn=193 EscapeResult=-1 InitialResult=5 LevelAfter=3 LootInfo=-1 Name=LOC_CITIZEN_MAYA_MALE_1 Operation=58 PlotIndex=1991
mission CityName=LOC_CITY_NAME_VICTORIA CompletionTurn=191 EscapeResult=-1 InitialResult=5 LevelAfter=4 LootInfo=-1 Name=LOC_CITIZEN_MAYA_MALE_8 Operation=58 PlotIndex=888
mission CityName=LOC_CITY_NAME_QUEBEC_CITY CompletionTurn=190 EscapeResult=-1 InitialResult=5 LevelAfter=4 LootInfo=-1 Name=LOC_CITIZEN_MAYA_MODERN_FEMALE_4 Operation=58 PlotIndex=1404
mission CityName=LOC_CITY_NAME_TORONTO CompletionTurn=190 EscapeResult=-1 InitialResult=1 LevelAfter=1 LootInfo=-1 Name=LOC_CITIZEN_MAYA_MODERN_FEMALE_9 Operation=58 PlotIndex=1818
mission CityName=LOC_CITY_NAME_HALIFAX CompletionTurn=190 EscapeResult=-1 InitialResult=5 LevelAfter=4 LootInfo=-1 Name=LOC_CITIZEN_MAYA_MODERN_MALE_1 Operation=58 PlotIndex=1409
mission CityName=LOC_CITY_NAME_MONTREAL CompletionTurn=189 EscapeResult=1 InitialResult=4 LevelAfter=4 LootInfo=-1 Name=LOC_CITIZEN_MAYA_MODERN_MALE_6 Operation=58 PlotIndex=1314
mission CityName=LOC_CITY_NAME_VICTORIA CompletionTurn=187 EscapeResult=-1 InitialResult=5 LevelAfter=4 LootInfo=-1 Name=LOC_CITIZEN_MAYA_MALE_8 Operation=58 PlotIndex=888
mission CityName=LOC_CITY_NAME_MONTREAL CompletionTurn=186 EscapeResult=-1 InitialResult=3 LevelAfter=4 LootInfo=-1 Name=LOC_CITIZEN_MAYA_MODERN_MALE_6 Operation=58 PlotIndex=1314
mission CityName=LOC_CITY_NAME_TORONTO CompletionTurn=186 EscapeResult=-1 InitialResult=3 LevelAfter=1 LootInfo=-1 Name=LOC_CITIZEN_MAYA_MODERN_FEMALE_9 Operation=58 PlotIndex=1818
mission CityName=LOC_CITY_NAME_CALGARY CompletionTurn=185 EscapeResult=-1 InitialResult=5 LevelAfter=2 LootInfo=-1 Name=LOC_CITIZEN_MAYA_MALE_1 Operation=58 PlotIndex=1991
mission CityName=LOC_CITY_NAME_OTTAWA CompletionTurn=185 EscapeResult=2 InitialResult=4 LevelAfter=2 LootInfo=-1 Name=LOC_CITIZEN_MAYA_MALE_3 Operation=58 PlotIndex=978
mission CityName=LOC_CITY_NAME_HALIFAX CompletionTurn=185 EscapeResult=-1 InitialResult=5 LevelAfter=4 LootInfo=-1 Name=LOC_CITIZEN_MAYA_MODERN_MALE_1 Operation=58 PlotIndex=1409
mission CityName=LOC_CITY_NAME_VANCOUVER CompletionTurn=183 EscapeResult=0 InitialResult=4 LevelAfter=2 LootInfo=-1 Name=LOC_CITIZEN_MAYA_MALE_4 Operation=58 PlotIndex=1743
mission CityName=LOC_CITY_NAME_VICTORIA CompletionTurn=183 EscapeResult=-1 InitialResult=5 LevelAfter=4 LootInfo=-1 Name=LOC_CITIZEN_MAYA_MALE_8 Operation=58 PlotIndex=888
mission CityName=LOC_CITY_NAME_HALIFAX CompletionTurn=181 EscapeResult=-1 InitialResult=5 LevelAfter=4 LootInfo=-1 Name=LOC_CITIZEN_MAYA_MODERN_MALE_1 Operation=58 PlotIndex=1409
mission CityName=LOC_CITY_NAME_OTTAWA CompletionTurn=180 EscapeResult=-1 InitialResult=3 LevelAfter=1 LootInfo=-1 Name=LOC_CITIZEN_MAYA_MALE_3 Operation=58 PlotIndex=978
mission CityName=LOC_CITY_NAME_VICTORIA CompletionTurn=179 EscapeResult=-1 InitialResult=5 LevelAfter=4 LootInfo=-1 Name=LOC_CITIZEN_MAYA_MALE_8 Operation=58 PlotIndex=888
mission CityName=LOC_CITY_NAME_TORONTO CompletionTurn=179 EscapeResult=2 InitialResult=4 LevelAfter=3 LootInfo=-1 Name=LOC_CITIZEN_MAYA_MODERN_FEMALE_2 Operation=58 PlotIndex=1818
mission CityName=LOC_CITY_NAME_QUEBEC_CITY CompletionTurn=179 EscapeResult=2 InitialResult=4 LevelAfter=4 LootInfo=-1 Name=LOC_CITIZEN_MAYA_MODERN_FEMALE_4 Operation=58 PlotIndex=1404
mission CityName=LOC_CITY_NAME_MONTREAL CompletionTurn=178 EscapeResult=0 InitialResult=4 LevelAfter=4 LootInfo=-1 Name=LOC_CITIZEN_MAYA_MALE_7 Operation=58 PlotIndex=1314
mission CityName=LOC_CITY_NAME_HALIFAX CompletionTurn=177 EscapeResult=-1 InitialResult=5 LevelAfter=4 LootInfo=-1 Name=LOC_CITIZEN_MAYA_MODERN_MALE_1 Operation=58 PlotIndex=1409
mission CityName=LOC_CITY_NAME_CALGARY CompletionTurn=176 EscapeResult=2 InitialResult=4 LevelAfter=4 LootInfo=-1 Name=LOC_CITIZEN_MAYA_MODERN_MALE_6 Operation=58 PlotIndex=1991
mission CityName=LOC_CITY_NAME_TORONTO CompletionTurn=173 EscapeResult=-1 InitialResult=5 LevelAfter=2 LootInfo=-1 Name=LOC_CITIZEN_MAYA_MODERN_FEMALE_2 Operation=58 PlotIndex=1818
mission CityName=LOC_CITY_NAME_MONTREAL CompletionTurn=173 EscapeResult=0 InitialResult=4 LevelAfter=3 LootInfo=-1 Name=LOC_CITIZEN_MAYA_MODERN_FEMALE_3 Operation=58 PlotIndex=1314
mission CityName=LOC_CITY_NAME_HALIFAX CompletionTurn=173 EscapeResult=-1 InitialResult=5 LevelAfter=4 LootInfo=-1 Name=LOC_CITIZEN_MAYA_MODERN_MALE_1 Operation=58 PlotIndex=1409
mission CityName=LOC_CITY_NAME_CALGARY CompletionTurn=173 EscapeResult=-1 InitialResult=3 LevelAfter=4 LootInfo=-1 Name=LOC_CITIZEN_MAYA_MODERN_MALE_6 Operation=58 PlotIndex=1991
mission CityName=LOC_CITY_NAME_QUEBEC_CITY CompletionTurn=172 EscapeResult=0 InitialResult=2 LevelAfter=1 LootInfo=-1 Name=LOC_CITIZEN_MAYA_MODERN_FEMALE_5 Operation=58 PlotIndex=1404
mission CityName=LOC_CITY_NAME_OTTAWA CompletionTurn=172 EscapeResult=0 InitialResult=4 LevelAfter=4 LootInfo=-1 Name=LOC_CITIZEN_MAYA_FEMALE_1 Operation=58 PlotIndex=978
mission CityName=LOC_CITY_NAME_HALIFAX CompletionTurn=169 EscapeResult=-1 InitialResult=5 LevelAfter=4 LootInfo=-1 Name=LOC_CITIZEN_MAYA_MODERN_MALE_1 Operation=58 PlotIndex=1409
mission CityName=LOC_CITY_NAME_TORONTO CompletionTurn=168 EscapeResult=2 InitialResult=4 LevelAfter=4 LootInfo=-1 Name=LOC_CITIZEN_MAYA_MODERN_MALE_6 Operation=58 PlotIndex=1818
mission CityName=LOC_CITY_NAME_MONTREAL CompletionTurn=168 EscapeResult=2 InitialResult=4 LevelAfter=4 LootInfo=-1 Name=LOC_CITIZEN_MAYA_MALE_8 Operation=58 PlotIndex=1314
mission CityName=LOC_CITY_NAME_OTTAWA CompletionTurn=167 EscapeResult=-1 InitialResult=5 LevelAfter=4 LootInfo=-1 Name=LOC_CITIZEN_MAYA_FEMALE_1 Operation=58 PlotIndex=978
mission CityName=LOC_CITY_NAME_MONTREAL CompletionTurn=165 EscapeResult=-1 InitialResult=5 LevelAfter=3 LootInfo=-1 Name=LOC_CITIZEN_MAYA_MALE_7 Operation=58 PlotIndex=1314
mission CityName=LOC_CITY_NAME_HALIFAX CompletionTurn=165 EscapeResult=-1 InitialResult=5 LevelAfter=4 LootInfo=-1 Name=LOC_CITIZEN_MAYA_MODERN_MALE_1 Operation=58 PlotIndex=1409
mission CityName=LOC_CITY_NAME_MONTREAL CompletionTurn=164 EscapeResult=-1 InitialResult=5 LevelAfter=2 LootInfo=-1 Name=LOC_CITIZEN_MAYA_MALE_7 Operation=58 PlotIndex=1314
mission CityName=LOC_CITY_NAME_OTTAWA CompletionTurn=162 EscapeResult=-1 InitialResult=5 LevelAfter=3 LootInfo=-1 Name=LOC_CITIZEN_MAYA_FEMALE_1 Operation=58 PlotIndex=978
mission CityName=LOC_CITY_NAME_VANCOUVER CompletionTurn=162 EscapeResult=0 InitialResult=2 LevelAfter=1 LootInfo=-1 Name=LOC_CITIZEN_MAYA_FEMALE_8 Operation=58 PlotIndex=1743
mission CityName=LOC_CITY_NAME_CHARLOTTETOWN CompletionTurn=161 EscapeResult=0 InitialResult=2 LevelAfter=1 LootInfo=-1 Name=LOC_CITIZEN_MAYA_MALE_6 Operation=58 PlotIndex=1644
mission CityName=LOC_CITY_NAME_HALIFAX CompletionTurn=161 EscapeResult=-1 InitialResult=5 LevelAfter=4 LootInfo=-1 Name=LOC_CITIZEN_MAYA_MODERN_MALE_1 Operation=58 PlotIndex=1409
mission CityName=LOC_CITY_NAME_TE_HOKIANGA_NU_A_KUPE CompletionTurn=160 EscapeResult=2 InitialResult=2 LevelAfter=3 LootInfo=-1 Name=LOC_CITIZEN_MAYA_MODERN_FEMALE_4 Operation=58 PlotIndex=772
mission CityName=LOC_CITY_NAME_TORONTO CompletionTurn=160 EscapeResult=2 InitialResult=4 LevelAfter=3 LootInfo=-1 Name=LOC_CITIZEN_MAYA_MODERN_MALE_6 Operation=58 PlotIndex=1818
mission CityName=LOC_CITY_NAME_OTTAWA CompletionTurn=158 EscapeResult=-1 InitialResult=5 LevelAfter=2 LootInfo=-1 Name=LOC_CITIZEN_MAYA_FEMALE_1 Operation=58 PlotIndex=978
mission CityName=LOC_CITY_NAME_QUEBEC_CITY CompletionTurn=158 EscapeResult=-1 InitialResult=1 LevelAfter=2 LootInfo=-1 Name=LOC_CITIZEN_MAYA_FEMALE_4 Operation=58 PlotIndex=1404
mission CityName=LOC_CITY_NAME_VANCOUVER CompletionTurn=158 EscapeResult=-1 InitialResult=3 LevelAfter=1 LootInfo=-1 Name=LOC_CITIZEN_MAYA_FEMALE_8 Operation=58 PlotIndex=1743
mission CityName=LOC_CITY_NAME_TE_HOKIANGA_NU_A_KUPE CompletionTurn=154 EscapeResult=-1 InitialResult=5 LevelAfter=3 LootInfo=-1 Name=LOC_CITIZEN_MAYA_MODERN_FEMALE_4 Operation=58 PlotIndex=772
mission CityName=LOC_CITY_NAME_CALGARY CompletionTurn=154 EscapeResult=2 InitialResult=4 LevelAfter=4 LootInfo=-1 Name=LOC_CITIZEN_MAYA_MALE_8 Operation=58 PlotIndex=1991
mission CityName=LOC_CITY_NAME_TORONTO CompletionTurn=154 EscapeResult=-1 InitialResult=5 LevelAfter=2 LootInfo=-1 Name=LOC_CITIZEN_MAYA_MODERN_MALE_6 Operation=58 PlotIndex=1818
mission CityName=LOC_CITY_NAME_MONTREAL CompletionTurn=152 EscapeResult=2 InitialResult=2 LevelAfter=2 LootInfo=-1 Name=LOC_CITIZEN_MAYA_MODERN_FEMALE_3 Operation=58 PlotIndex=1314
mission CityName=LOC_CITY_NAME_VANCOUVER CompletionTurn=152 EscapeResult=-1 InitialResult=3 LevelAfter=1 LootInfo=-1 Name=LOC_CITIZEN_MAYA_FEMALE_8 Operation=58 PlotIndex=1743
mission CityName=LOC_CITY_NAME_VICTORIA CompletionTurn=152 EscapeResult=0 InitialResult=4 LevelAfter=4 LootInfo=-1 Name=LOC_CITIZEN_MAYA_FEMALE_6 Operation=58 PlotIndex=888
mission CityName=LOC_CITY_NAME_QUEBEC_CITY CompletionTurn=149 EscapeResult=-1 InitialResult=5 LevelAfter=2 LootInfo=-1 Name=LOC_CITIZEN_MAYA_FEMALE_4 Operation=58 PlotIndex=1404
mission CityName=LOC_CITY_NAME_HALIFAX CompletionTurn=149 EscapeResult=0 InitialResult=2 LevelAfter=3 LootInfo=-1 Name=LOC_CITIZEN_MAYA_MODERN_FEMALE_8 Operation=58 PlotIndex=1409
mission CityName=LOC_CITY_NAME_CALGARY CompletionTurn=149 EscapeResult=-1 InitialResult=5 LevelAfter=4 LootInfo=-1 Name=LOC_CITIZEN_MAYA_MALE_8 Operation=58 PlotIndex=1991
mission CityName=LOC_CITY_NAME_OTTAWA CompletionTurn=147 EscapeResult=2 InitialResult=4 LevelAfter=4 LootInfo=-1 Name=LOC_CITIZEN_MAYA_MODERN_MALE_1 Operation=58 PlotIndex=978
mission CityName=LOC_CITY_NAME_VANCOUVER CompletionTurn=145 EscapeResult=2 InitialResult=2 LevelAfter=1 LootInfo=-1 Name=LOC_CITIZEN_MAYA_FEMALE_1 Operation=58 PlotIndex=1743
mission CityName=LOC_CITY_NAME_MONTREAL CompletionTurn=144 EscapeResult=-1 InitialResult=5 LevelAfter=2 LootInfo=-1 Name=LOC_CITIZEN_MAYA_MODERN_FEMALE_3 Operation=58 PlotIndex=1314
mission CityName=LOC_CITY_NAME_TORONTO CompletionTurn=144 EscapeResult=2 InitialResult=2 LevelAfter=2 LootInfo=-1 Name=LOC_CITIZEN_MAYA_MODERN_FEMALE_4 Operation=58 PlotIndex=1818
mission CityName=LOC_CITY_NAME_VICTORIA CompletionTurn=143 EscapeResult=0 InitialResult=2 LevelAfter=3 LootInfo=-1 Name=LOC_CITIZEN_MAYA_MODERN_FEMALE_6 Operation=58 PlotIndex=888
mission CityName=LOC_CITY_NAME_OTTAWA CompletionTurn=143 EscapeResult=-1 InitialResult=3 LevelAfter=4 LootInfo=-1 Name=LOC_CITIZEN_MAYA_MODERN_MALE_1 Operation=58 PlotIndex=978
mission CityName=LOC_CITY_NAME_HALIFAX CompletionTurn=142 EscapeResult=-1 InitialResult=5 LevelAfter=3 LootInfo=-1 Name=LOC_CITIZEN_MAYA_MODERN_FEMALE_8 Operation=58 PlotIndex=1409
mission CityName=LOC_CITY_NAME_CALGARY CompletionTurn=142 EscapeResult=-1 InitialResult=5 LevelAfter=4 LootInfo=-1 Name=LOC_CITIZEN_MAYA_MALE_8 Operation=58 PlotIndex=1991
mission CityName=LOC_CITY_NAME_MONTREAL CompletionTurn=141 EscapeResult=-1 InitialResult=1 LevelAfter=2 LootInfo=-1 Name=LOC_CITIZEN_MAYA_MODERN_MALE_4 Operation=58 PlotIndex=1314
mission CityName=LOC_CITY_NAME_MONTREAL CompletionTurn=140 EscapeResult=-1 InitialResult=5 LevelAfter=2 LootInfo=-1 Name=LOC_CITIZEN_MAYA_MODERN_MALE_4 Operation=58 PlotIndex=1314
mission CityName=LOC_CITY_NAME_QUEBEC_CITY CompletionTurn=140 EscapeResult=2 InitialResult=4 LevelAfter=3 LootInfo=-1 Name=LOC_CITIZEN_MAYA_FEMALE_6 Operation=58 PlotIndex=1404
mission CityName=LOC_CITY_NAME_OTTAWA CompletionTurn=139 EscapeResult=-1 InitialResult=5 LevelAfter=4 LootInfo=-1 Name=LOC_CITIZEN_MAYA_MODERN_MALE_1 Operation=58 PlotIndex=978
mission CityName=LOC_CITY_NAME_VICTORIA CompletionTurn=138 EscapeResult=1 InitialResult=4 LevelAfter=2 LootInfo=-1 Name=LOC_CITIZEN_MAYA_MALE_2 Operation=58 PlotIndex=888
mission CityName=LOC_CITY_NAME_TORONTO CompletionTurn=137 EscapeResult=-1 InitialResult=5 LevelAfter=2 LootInfo=-1 Name=LOC_CITIZEN_MAYA_MODERN_FEMALE_4 Operation=58 PlotIndex=1818
mission CityName=LOC_CITY_NAME_QUEBEC_CITY CompletionTurn=136 EscapeResult=-1 InitialResult=1 LevelAfter=2 LootInfo=-1 Name=LOC_CITIZEN_MAYA_MODERN_MALE_9 Operation=58 PlotIndex=1404
mission CityName=LOC_CITY_NAME_HALIFAX CompletionTurn=135 EscapeResult=-1 InitialResult=5 LevelAfter=2 LootInfo=-1 Name=LOC_CITIZEN_MAYA_MODERN_FEMALE_8 Operation=58 PlotIndex=1409
mission CityName=LOC_CITY_NAME_OTTAWA CompletionTurn=135 EscapeResult=-1 InitialResult=5 LevelAfter=4 LootInfo=-1 Name=LOC_CITIZEN_MAYA_MODERN_MALE_1 Operation=58 PlotIndex=978
mission CityName=LOC_CITY_NAME_CALGARY CompletionTurn=133 EscapeResult=2 InitialResult=4 LevelAfter=3 LootInfo=-1 Name=LOC_CITIZEN_MAYA_MALE_8 Operation=58 PlotIndex=1991
mission CityName=LOC_CITY_NAME_MONTREAL CompletionTurn=132 EscapeResult=0 InitialResult=2 LevelAfter=1 LootInfo=-1 Name=LOC_CITIZEN_MAYA_MALE_5 Operation=58 PlotIndex=1314
mission CityName=LOC_CITY_NAME_QUEBEC_CITY CompletionTurn=131 EscapeResult=-1 InitialResult=5 LevelAfter=2 LootInfo=-1 Name=LOC_CITIZEN_MAYA_MODERN_MALE_9 Operation=58 PlotIndex=1404
mission CityName=LOC_CITY_NAME_OTTAWA CompletionTurn=130 EscapeResult=-1 InitialResult=5 LevelAfter=4 LootInfo=-1 Name=LOC_CITIZEN_MAYA_MODERN_MALE_1 Operation=58 PlotIndex=978
mission CityName=LOC_CITY_NAME_CALGARY CompletionTurn=129 EscapeResult=-1 InitialResult=3 LevelAfter=2 LootInfo=-1 Name=LOC_CITIZEN_MAYA_MALE_8 Operation=58 PlotIndex=1991
mission CityName=LOC_CITY_NAME_TORONTO CompletionTurn=129 EscapeResult=2 InitialResult=4 LevelAfter=3 LootInfo=-1 Name=LOC_CITIZEN_MAYA_MODERN_FEMALE_6 Operation=58 PlotIndex=1818
mission CityName=LOC_CITY_NAME_MONTREAL CompletionTurn=127 EscapeResult=2 InitialResult=2 LevelAfter=1 LootInfo=-1 Name=LOC_CITIZEN_MAYA_MALE_2 Operation=58 PlotIndex=1314
mission CityName=LOC_CITY_NAME_OTTAWA CompletionTurn=124 EscapeResult=-1 InitialResult=5 LevelAfter=4 LootInfo=-1 Name=LOC_CITIZEN_MAYA_MODERN_MALE_1 Operation=58 PlotIndex=978
mission CityName=LOC_CITY_NAME_CALGARY CompletionTurn=123 EscapeResult=-1 InitialResult=5 LevelAfter=2 LootInfo=-1 Name=LOC_CITIZEN_MAYA_MALE_8 Operation=58 PlotIndex=1991
mission CityName=LOC_CITY_NAME_HALIFAX CompletionTurn=121 EscapeResult=2 InitialResult=4 LevelAfter=2 LootInfo=-1 Name=LOC_CITIZEN_MAYA_FEMALE_6 Operation=58 PlotIndex=1409
mission CityName=LOC_CITY_NAME_OTTAWA CompletionTurn=120 EscapeResult=-1 InitialResult=3 LevelAfter=3 LootInfo=-1 Name=LOC_CITIZEN_MAYA_MODERN_MALE_1 Operation=58 PlotIndex=978
mission CityName=LOC_CITY_NAME_MONTREAL CompletionTurn=120 EscapeResult=-1 InitialResult=0 LevelAfter=2 LootInfo=-1 Name=LOC_CITIZEN_MAYA_FEMALE_7 Operation=58 PlotIndex=1314
mission CityName=LOC_CITY_NAME_QUEBEC_CITY CompletionTurn=118 EscapeResult=1 InitialResult=2 LevelAfter=1 LootInfo=-1 Name=LOC_CITIZEN_MAYA_MODERN_FEMALE_1 Operation=58 PlotIndex=1404
mission CityName=LOC_CITY_NAME_TORONTO CompletionTurn=118 EscapeResult=2 InitialResult=4 LevelAfter=2 LootInfo=-1 Name=LOC_CITIZEN_MAYA_MODERN_FEMALE_6 Operation=58 PlotIndex=1818
mission CityName=LOC_CITY_NAME_TORONTO CompletionTurn=114 EscapeResult=-1 InitialResult=1 LevelAfter=1 LootInfo=-1 Name=LOC_CITIZEN_MAYA_FEMALE_3 Operation=58 PlotIndex=1818
mission CityName=LOC_CITY_NAME_MONTREAL CompletionTurn=114 EscapeResult=-1 InitialResult=5 LevelAfter=2 LootInfo=-1 Name=LOC_CITIZEN_MAYA_FEMALE_7 Operation=58 PlotIndex=1314
mission CityName=LOC_CITY_NAME_OTTAWA CompletionTurn=113 EscapeResult=-1 InitialResult=5 LevelAfter=3 LootInfo=-1 Name=LOC_CITIZEN_MAYA_MODERN_MALE_1 Operation=58 PlotIndex=978
mission CityName=LOC_CITY_NAME_MONTREAL CompletionTurn=110 EscapeResult=-1 InitialResult=1 LevelAfter=1 LootInfo=-1 Name=LOC_CITIZEN_MAYA_MODERN_FEMALE_7 Operation=58 PlotIndex=1314
mission CityName=LOC_CITY_NAME_OTTAWA CompletionTurn=107 EscapeResult=-1 InitialResult=5 LevelAfter=2 LootInfo=-1 Name=LOC_CITIZEN_MAYA_MODERN_MALE_1 Operation=58 PlotIndex=978
tally 6  FOMENT_UNREST CAPTURED / NO_RESULT
tally 1  FOMENT_UNREST FAIL_MUST_ESCAPE / CAPTURED
tally 6  FOMENT_UNREST FAIL_MUST_ESCAPE / FAIL_MUST_ESCAPE
tally 6  FOMENT_UNREST FAIL_MUST_ESCAPE / KILLED
tally 10  FOMENT_UNREST FAIL_UNDETECTED / NO_RESULT
tally 1  FOMENT_UNREST KILLED / NO_RESULT
tally 2  FOMENT_UNREST SUCCESS_MUST_ESCAPE / CAPTURED
tally 15  FOMENT_UNREST SUCCESS_MUST_ESCAPE / FAIL_MUST_ESCAPE
tally 5  FOMENT_UNREST SUCCESS_MUST_ESCAPE / KILLED
tally 42  FOMENT_UNREST SUCCESS_UNDETECTED / NO_RESULT
turn 197 spies active 4 idle 1 missions 94 captured-enemy 0
spy 7405581 LOC_CITIZEN_MAYA_MODERN_MALE_1 level 4 at 65:16 busy
spy 10682395 LOC_CITIZEN_MAYA_MALE_3 level 2 at 63:20 busy
spy 9764894 LOC_CITIZEN_MAYA_MALE_1 level 3 at 59:23 busy
spy 10223652 LOC_CITIZEN_MAYA_MODERN_FEMALE_4 level 4 at 60:16 busy
spy 10289191 LOC_CITIZEN_MAYA_MODERN_FEMALE_2 level 3 at 60:16 refused
turn 197 spies 5 started 0 travelled 0 promoted 0 bought 0 gold 50000
unblock: blocker ENDTURN_BLOCKING_PRODUCTION -> NARANJO builds UNIT_WARRIOR | end turn requested
unstuck: InGamePopup: open, no close
unblock: blocker ENDTURN_BLOCKING_FILL_CIVIC_SLOT -> nothing | end turn requested
unstuck: closed sessions [3:3]
unstuck: DiplomacyActionView: Closing Diplomacy Action View. m_eventID: 3371335
unstuck: InGamePopup: open, no close
unblock: blocker ENDTURN_BLOCKING_FILL_CIVIC_SLOT -> nothing | end turn requested
unstuck: InGamePopup: open, no close
mission CityName=LOC_CITY_NAME_QUEBEC_CITY CompletionTurn=198 EscapeResult=-1 InitialResult=5 LevelAfter=4 LootInfo=-1 Name=LOC_CITIZEN_MAYA_MODERN_FEMALE_4 Operation=58 PlotIndex=1404
mission CityName=LOC_CITY_NAME_HALIFAX CompletionTurn=198 EscapeResult=-1 InitialResult=5 LevelAfter=4 LootInfo=-1 Name=LOC_CITIZEN_MAYA_MODERN_MALE_1 Operation=58 PlotIndex=1409
mission CityName=LOC_CITY_NAME_VICTORIA CompletionTurn=195 EscapeResult=2 InitialResult=2 LevelAfter=4 LootInfo=-1 Name=LOC_CITIZEN_MAYA_MALE_8 Operation=58 PlotIndex=888
mission CityName=LOC_CITY_NAME_VANCOUVER CompletionTurn=195 EscapeResult=-1 InitialResult=3 LevelAfter=2 LootInfo=-1 Name=LOC_CITIZEN_MAYA_MALE_3 Operation=58 PlotIndex=1743
mission CityName=LOC_CITY_NAME_QUEBEC_CITY CompletionTurn=194 EscapeResult=-1 InitialResult=5 LevelAfter=4 LootInfo=-1 Name=LOC_CITIZEN_MAYA_MODERN_FEMALE_4 Operation=58 PlotIndex=1404
mission CityName=LOC_CITY_NAME_HALIFAX CompletionTurn=194 EscapeResult=-1 InitialResult=5 LevelAfter=4 LootInfo=-1 Name=LOC_CITIZEN_MAYA_MODERN_MALE_1 Operation=58 PlotIndex=1409
mission CityName=LOC_CITY_NAME_OTTAWA CompletionTurn=193 EscapeResult=2 InitialResult=4 LevelAfter=2 LootInfo=-1 Name=LOC_CITIZEN_MAYA_MODERN_MALE_10 Operation=58 PlotIndex=978
mission CityName=LOC_CITY_NAME_CALGARY CompletionTurn=193 EscapeResult=-1 InitialResult=5 LevelAfter=3 LootInfo=-1 Name=LOC_CITIZEN_MAYA_MALE_1 Operation=58 PlotIndex=1991
mission CityName=LOC_CITY_NAME_VICTORIA CompletionTurn=191 EscapeResult=-1 InitialResult=5 LevelAfter=4 LootInfo=-1 Name=LOC_CITIZEN_MAYA_MALE_8 Operation=58 PlotIndex=888
mission CityName=LOC_CITY_NAME_QUEBEC_CITY CompletionTurn=190 EscapeResult=-1 InitialResult=5 LevelAfter=4 LootInfo=-1 Name=LOC_CITIZEN_MAYA_MODERN_FEMALE_4 Operation=58 PlotIndex=1404
mission CityName=LOC_CITY_NAME_TORONTO CompletionTurn=190 EscapeResult=-1 InitialResult=1 LevelAfter=1 LootInfo=-1 Name=LOC_CITIZEN_MAYA_MODERN_FEMALE_9 Operation=58 PlotIndex=1818
mission CityName=LOC_CITY_NAME_HALIFAX CompletionTurn=190 EscapeResult=-1 InitialResult=5 LevelAfter=4 LootInfo=-1 Name=LOC_CITIZEN_MAYA_MODERN_MALE_1 Operation=58 PlotIndex=1409
mission CityName=LOC_CITY_NAME_MONTREAL CompletionTurn=189 EscapeResult=1 InitialResult=4 LevelAfter=4 LootInfo=-1 Name=LOC_CITIZEN_MAYA_MODERN_MALE_6 Operation=58 PlotIndex=1314
mission CityName=LOC_CITY_NAME_VICTORIA CompletionTurn=187 EscapeResult=-1 InitialResult=5 LevelAfter=4 LootInfo=-1 Name=LOC_CITIZEN_MAYA_MALE_8 Operation=58 PlotIndex=888
mission CityName=LOC_CITY_NAME_MONTREAL CompletionTurn=186 EscapeResult=-1 InitialResult=3 LevelAfter=4 LootInfo=-1 Name=LOC_CITIZEN_MAYA_MODERN_MALE_6 Operation=58 PlotIndex=1314
mission CityName=LOC_CITY_NAME_TORONTO CompletionTurn=186 EscapeResult=-1 InitialResult=3 LevelAfter=1 LootInfo=-1 Name=LOC_CITIZEN_MAYA_MODERN_FEMALE_9 Operation=58 PlotIndex=1818
mission CityName=LOC_CITY_NAME_CALGARY CompletionTurn=185 EscapeResult=-1 InitialResult=5 LevelAfter=2 LootInfo=-1 Name=LOC_CITIZEN_MAYA_MALE_1 Operation=58 PlotIndex=1991
mission CityName=LOC_CITY_NAME_OTTAWA CompletionTurn=185 EscapeResult=2 InitialResult=4 LevelAfter=2 LootInfo=-1 Name=LOC_CITIZEN_MAYA_MALE_3 Operation=58 PlotIndex=978
mission CityName=LOC_CITY_NAME_HALIFAX CompletionTurn=185 EscapeResult=-1 InitialResult=5 LevelAfter=4 LootInfo=-1 Name=LOC_CITIZEN_MAYA_MODERN_MALE_1 Operation=58 PlotIndex=1409
mission CityName=LOC_CITY_NAME_VANCOUVER CompletionTurn=183 EscapeResult=0 InitialResult=4 LevelAfter=2 LootInfo=-1 Name=LOC_CITIZEN_MAYA_MALE_4 Operation=58 PlotIndex=1743
mission CityName=LOC_CITY_NAME_VICTORIA CompletionTurn=183 EscapeResult=-1 InitialResult=5 LevelAfter=4 LootInfo=-1 Name=LOC_CITIZEN_MAYA_MALE_8 Operation=58 PlotIndex=888
mission CityName=LOC_CITY_NAME_HALIFAX CompletionTurn=181 EscapeResult=-1 InitialResult=5 LevelAfter=4 LootInfo=-1 Name=LOC_CITIZEN_MAYA_MODERN_MALE_1 Operation=58 PlotIndex=1409
mission CityName=LOC_CITY_NAME_OTTAWA CompletionTurn=180 EscapeResult=-1 InitialResult=3 LevelAfter=1 LootInfo=-1 Name=LOC_CITIZEN_MAYA_MALE_3 Operation=58 PlotIndex=978
mission CityName=LOC_CITY_NAME_VICTORIA CompletionTurn=179 EscapeResult=-1 InitialResult=5 LevelAfter=4 LootInfo=-1 Name=LOC_CITIZEN_MAYA_MALE_8 Operation=58 PlotIndex=888
mission CityName=LOC_CITY_NAME_TORONTO CompletionTurn=179 EscapeResult=2 InitialResult=4 LevelAfter=3 LootInfo=-1 Name=LOC_CITIZEN_MAYA_MODERN_FEMALE_2 Operation=58 PlotIndex=1818
mission CityName=LOC_CITY_NAME_QUEBEC_CITY CompletionTurn=179 EscapeResult=2 InitialResult=4 LevelAfter=4 LootInfo=-1 Name=LOC_CITIZEN_MAYA_MODERN_FEMALE_4 Operation=58 PlotIndex=1404
mission CityName=LOC_CITY_NAME_MONTREAL CompletionTurn=178 EscapeResult=0 InitialResult=4 LevelAfter=4 LootInfo=-1 Name=LOC_CITIZEN_MAYA_MALE_7 Operation=58 PlotIndex=1314
mission CityName=LOC_CITY_NAME_HALIFAX CompletionTurn=177 EscapeResult=-1 InitialResult=5 LevelAfter=4 LootInfo=-1 Name=LOC_CITIZEN_MAYA_MODERN_MALE_1 Operation=58 PlotIndex=1409
mission CityName=LOC_CITY_NAME_CALGARY CompletionTurn=176 EscapeResult=2 InitialResult=4 LevelAfter=4 LootInfo=-1 Name=LOC_CITIZEN_MAYA_MODERN_MALE_6 Operation=58 PlotIndex=1991
mission CityName=LOC_CITY_NAME_TORONTO CompletionTurn=173 EscapeResult=-1 InitialResult=5 LevelAfter=2 LootInfo=-1 Name=LOC_CITIZEN_MAYA_MODERN_FEMALE_2 Operation=58 PlotIndex=1818
mission CityName=LOC_CITY_NAME_MONTREAL CompletionTurn=173 EscapeResult=0 InitialResult=4 LevelAfter=3 LootInfo=-1 Name=LOC_CITIZEN_MAYA_MODERN_FEMALE_3 Operation=58 PlotIndex=1314
mission CityName=LOC_CITY_NAME_HALIFAX CompletionTurn=173 EscapeResult=-1 InitialResult=5 LevelAfter=4 LootInfo=-1 Name=LOC_CITIZEN_MAYA_MODERN_MALE_1 Operation=58 PlotIndex=1409
mission CityName=LOC_CITY_NAME_CALGARY CompletionTurn=173 EscapeResult=-1 InitialResult=3 LevelAfter=4 LootInfo=-1 Name=LOC_CITIZEN_MAYA_MODERN_MALE_6 Operation=58 PlotIndex=1991
mission CityName=LOC_CITY_NAME_QUEBEC_CITY CompletionTurn=172 EscapeResult=0 InitialResult=2 LevelAfter=1 LootInfo=-1 Name=LOC_CITIZEN_MAYA_MODERN_FEMALE_5 Operation=58 PlotIndex=1404
mission CityName=LOC_CITY_NAME_OTTAWA CompletionTurn=172 EscapeResult=0 InitialResult=4 LevelAfter=4 LootInfo=-1 Name=LOC_CITIZEN_MAYA_FEMALE_1 Operation=58 PlotIndex=978
mission CityName=LOC_CITY_NAME_HALIFAX CompletionTurn=169 EscapeResult=-1 InitialResult=5 LevelAfter=4 LootInfo=-1 Name=LOC_CITIZEN_MAYA_MODERN_MALE_1 Operation=58 PlotIndex=1409
mission CityName=LOC_CITY_NAME_TORONTO CompletionTurn=168 EscapeResult=2 InitialResult=4 LevelAfter=4 LootInfo=-1 Name=LOC_CITIZEN_MAYA_MODERN_MALE_6 Operation=58 PlotIndex=1818
mission CityName=LOC_CITY_NAME_MONTREAL CompletionTurn=168 EscapeResult=2 InitialResult=4 LevelAfter=4 LootInfo=-1 Name=LOC_CITIZEN_MAYA_MALE_8 Operation=58 PlotIndex=1314
mission CityName=LOC_CITY_NAME_OTTAWA CompletionTurn=167 EscapeResult=-1 InitialResult=5 LevelAfter=4 LootInfo=-1 Name=LOC_CITIZEN_MAYA_FEMALE_1 Operation=58 PlotIndex=978
mission CityName=LOC_CITY_NAME_MONTREAL CompletionTurn=165 EscapeResult=-1 InitialResult=5 LevelAfter=3 LootInfo=-1 Name=LOC_CITIZEN_MAYA_MALE_7 Operation=58 PlotIndex=1314
mission CityName=LOC_CITY_NAME_HALIFAX CompletionTurn=165 EscapeResult=-1 InitialResult=5 LevelAfter=4 LootInfo=-1 Name=LOC_CITIZEN_MAYA_MODERN_MALE_1 Operation=58 PlotIndex=1409
mission CityName=LOC_CITY_NAME_MONTREAL CompletionTurn=164 EscapeResult=-1 InitialResult=5 LevelAfter=2 LootInfo=-1 Name=LOC_CITIZEN_MAYA_MALE_7 Operation=58 PlotIndex=1314
mission CityName=LOC_CITY_NAME_OTTAWA CompletionTurn=162 EscapeResult=-1 InitialResult=5 LevelAfter=3 LootInfo=-1 Name=LOC_CITIZEN_MAYA_FEMALE_1 Operation=58 PlotIndex=978
mission CityName=LOC_CITY_NAME_VANCOUVER CompletionTurn=162 EscapeResult=0 InitialResult=2 LevelAfter=1 LootInfo=-1 Name=LOC_CITIZEN_MAYA_FEMALE_8 Operation=58 PlotIndex=1743
mission CityName=LOC_CITY_NAME_CHARLOTTETOWN CompletionTurn=161 EscapeResult=0 InitialResult=2 LevelAfter=1 LootInfo=-1 Name=LOC_CITIZEN_MAYA_MALE_6 Operation=58 PlotIndex=1644
mission CityName=LOC_CITY_NAME_HALIFAX CompletionTurn=161 EscapeResult=-1 InitialResult=5 LevelAfter=4 LootInfo=-1 Name=LOC_CITIZEN_MAYA_MODERN_MALE_1 Operation=58 PlotIndex=1409
mission CityName=LOC_CITY_NAME_TE_HOKIANGA_NU_A_KUPE CompletionTurn=160 EscapeResult=2 InitialResult=2 LevelAfter=3 LootInfo=-1 Name=LOC_CITIZEN_MAYA_MODERN_FEMALE_4 Operation=58 PlotIndex=772
mission CityName=LOC_CITY_NAME_TORONTO CompletionTurn=160 EscapeResult=2 InitialResult=4 LevelAfter=3 LootInfo=-1 Name=LOC_CITIZEN_MAYA_MODERN_MALE_6 Operation=58 PlotIndex=1818
mission CityName=LOC_CITY_NAME_OTTAWA CompletionTurn=158 EscapeResult=-1 InitialResult=5 LevelAfter=2 LootInfo=-1 Name=LOC_CITIZEN_MAYA_FEMALE_1 Operation=58 PlotIndex=978
mission CityName=LOC_CITY_NAME_QUEBEC_CITY CompletionTurn=158 EscapeResult=-1 InitialResult=1 LevelAfter=2 LootInfo=-1 Name=LOC_CITIZEN_MAYA_FEMALE_4 Operation=58 PlotIndex=1404
mission CityName=LOC_CITY_NAME_VANCOUVER CompletionTurn=158 EscapeResult=-1 InitialResult=3 LevelAfter=1 LootInfo=-1 Name=LOC_CITIZEN_MAYA_FEMALE_8 Operation=58 PlotIndex=1743
mission CityName=LOC_CITY_NAME_TE_HOKIANGA_NU_A_KUPE CompletionTurn=154 EscapeResult=-1 InitialResult=5 LevelAfter=3 LootInfo=-1 Name=LOC_CITIZEN_MAYA_MODERN_FEMALE_4 Operation=58 PlotIndex=772
mission CityName=LOC_CITY_NAME_CALGARY CompletionTurn=154 EscapeResult=2 InitialResult=4 LevelAfter=4 LootInfo=-1 Name=LOC_CITIZEN_MAYA_MALE_8 Operation=58 PlotIndex=1991
mission CityName=LOC_CITY_NAME_TORONTO CompletionTurn=154 EscapeResult=-1 InitialResult=5 LevelAfter=2 LootInfo=-1 Name=LOC_CITIZEN_MAYA_MODERN_MALE_6 Operation=58 PlotIndex=1818
mission CityName=LOC_CITY_NAME_MONTREAL CompletionTurn=152 EscapeResult=2 InitialResult=2 LevelAfter=2 LootInfo=-1 Name=LOC_CITIZEN_MAYA_MODERN_FEMALE_3 Operation=58 PlotIndex=1314
mission CityName=LOC_CITY_NAME_VANCOUVER CompletionTurn=152 EscapeResult=-1 InitialResult=3 LevelAfter=1 LootInfo=-1 Name=LOC_CITIZEN_MAYA_FEMALE_8 Operation=58 PlotIndex=1743
mission CityName=LOC_CITY_NAME_VICTORIA CompletionTurn=152 EscapeResult=0 InitialResult=4 LevelAfter=4 LootInfo=-1 Name=LOC_CITIZEN_MAYA_FEMALE_6 Operation=58 PlotIndex=888
mission CityName=LOC_CITY_NAME_QUEBEC_CITY CompletionTurn=149 EscapeResult=-1 InitialResult=5 LevelAfter=2 LootInfo=-1 Name=LOC_CITIZEN_MAYA_FEMALE_4 Operation=58 PlotIndex=1404
mission CityName=LOC_CITY_NAME_HALIFAX CompletionTurn=149 EscapeResult=0 InitialResult=2 LevelAfter=3 LootInfo=-1 Name=LOC_CITIZEN_MAYA_MODERN_FEMALE_8 Operation=58 PlotIndex=1409
mission CityName=LOC_CITY_NAME_CALGARY CompletionTurn=149 EscapeResult=-1 InitialResult=5 LevelAfter=4 LootInfo=-1 Name=LOC_CITIZEN_MAYA_MALE_8 Operation=58 PlotIndex=1991
mission CityName=LOC_CITY_NAME_OTTAWA CompletionTurn=147 EscapeResult=2 InitialResult=4 LevelAfter=4 LootInfo=-1 Name=LOC_CITIZEN_MAYA_MODERN_MALE_1 Operation=58 PlotIndex=978
mission CityName=LOC_CITY_NAME_VANCOUVER CompletionTurn=145 EscapeResult=2 InitialResult=2 LevelAfter=1 LootInfo=-1 Name=LOC_CITIZEN_MAYA_FEMALE_1 Operation=58 PlotIndex=1743
mission CityName=LOC_CITY_NAME_MONTREAL CompletionTurn=144 EscapeResult=-1 InitialResult=5 LevelAfter=2 LootInfo=-1 Name=LOC_CITIZEN_MAYA_MODERN_FEMALE_3 Operation=58 PlotIndex=1314
mission CityName=LOC_CITY_NAME_TORONTO CompletionTurn=144 EscapeResult=2 InitialResult=2 LevelAfter=2 LootInfo=-1 Name=LOC_CITIZEN_MAYA_MODERN_FEMALE_4 Operation=58 PlotIndex=1818
mission CityName=LOC_CITY_NAME_VICTORIA CompletionTurn=143 EscapeResult=0 InitialResult=2 LevelAfter=3 LootInfo=-1 Name=LOC_CITIZEN_MAYA_MODERN_FEMALE_6 Operation=58 PlotIndex=888
mission CityName=LOC_CITY_NAME_OTTAWA CompletionTurn=143 EscapeResult=-1 InitialResult=3 LevelAfter=4 LootInfo=-1 Name=LOC_CITIZEN_MAYA_MODERN_MALE_1 Operation=58 PlotIndex=978
mission CityName=LOC_CITY_NAME_HALIFAX CompletionTurn=142 EscapeResult=-1 InitialResult=5 LevelAfter=3 LootInfo=-1 Name=LOC_CITIZEN_MAYA_MODERN_FEMALE_8 Operation=58 PlotIndex=1409
mission CityName=LOC_CITY_NAME_CALGARY CompletionTurn=142 EscapeResult=-1 InitialResult=5 LevelAfter=4 LootInfo=-1 Name=LOC_CITIZEN_MAYA_MALE_8 Operation=58 PlotIndex=1991
mission CityName=LOC_CITY_NAME_MONTREAL CompletionTurn=141 EscapeResult=-1 InitialResult=1 LevelAfter=2 LootInfo=-1 Name=LOC_CITIZEN_MAYA_MODERN_MALE_4 Operation=58 PlotIndex=1314
mission CityName=LOC_CITY_NAME_MONTREAL CompletionTurn=140 EscapeResult=-1 InitialResult=5 LevelAfter=2 LootInfo=-1 Name=LOC_CITIZEN_MAYA_MODERN_MALE_4 Operation=58 PlotIndex=1314
mission CityName=LOC_CITY_NAME_QUEBEC_CITY CompletionTurn=140 EscapeResult=2 InitialResult=4 LevelAfter=3 LootInfo=-1 Name=LOC_CITIZEN_MAYA_FEMALE_6 Operation=58 PlotIndex=1404
mission CityName=LOC_CITY_NAME_OTTAWA CompletionTurn=139 EscapeResult=-1 InitialResult=5 LevelAfter=4 LootInfo=-1 Name=LOC_CITIZEN_MAYA_MODERN_MALE_1 Operation=58 PlotIndex=978
mission CityName=LOC_CITY_NAME_VICTORIA CompletionTurn=138 EscapeResult=1 InitialResult=4 LevelAfter=2 LootInfo=-1 Name=LOC_CITIZEN_MAYA_MALE_2 Operation=58 PlotIndex=888
mission CityName=LOC_CITY_NAME_TORONTO CompletionTurn=137 EscapeResult=-1 InitialResult=5 LevelAfter=2 LootInfo=-1 Name=LOC_CITIZEN_MAYA_MODERN_FEMALE_4 Operation=58 PlotIndex=1818
mission CityName=LOC_CITY_NAME_QUEBEC_CITY CompletionTurn=136 EscapeResult=-1 InitialResult=1 LevelAfter=2 LootInfo=-1 Name=LOC_CITIZEN_MAYA_MODERN_MALE_9 Operation=58 PlotIndex=1404
mission CityName=LOC_CITY_NAME_HALIFAX CompletionTurn=135 EscapeResult=-1 InitialResult=5 LevelAfter=2 LootInfo=-1 Name=LOC_CITIZEN_MAYA_MODERN_FEMALE_8 Operation=58 PlotIndex=1409
mission CityName=LOC_CITY_NAME_OTTAWA CompletionTurn=135 EscapeResult=-1 InitialResult=5 LevelAfter=4 LootInfo=-1 Name=LOC_CITIZEN_MAYA_MODERN_MALE_1 Operation=58 PlotIndex=978
mission CityName=LOC_CITY_NAME_CALGARY CompletionTurn=133 EscapeResult=2 InitialResult=4 LevelAfter=3 LootInfo=-1 Name=LOC_CITIZEN_MAYA_MALE_8 Operation=58 PlotIndex=1991
mission CityName=LOC_CITY_NAME_MONTREAL CompletionTurn=132 EscapeResult=0 InitialResult=2 LevelAfter=1 LootInfo=-1 Name=LOC_CITIZEN_MAYA_MALE_5 Operation=58 PlotIndex=1314
mission CityName=LOC_CITY_NAME_QUEBEC_CITY CompletionTurn=131 EscapeResult=-1 InitialResult=5 LevelAfter=2 LootInfo=-1 Name=LOC_CITIZEN_MAYA_MODERN_MALE_9 Operation=58 PlotIndex=1404
mission CityName=LOC_CITY_NAME_OTTAWA CompletionTurn=130 EscapeResult=-1 InitialResult=5 LevelAfter=4 LootInfo=-1 Name=LOC_CITIZEN_MAYA_MODERN_MALE_1 Operation=58 PlotIndex=978
mission CityName=LOC_CITY_NAME_CALGARY CompletionTurn=129 EscapeResult=-1 InitialResult=3 LevelAfter=2 LootInfo=-1 Name=LOC_CITIZEN_MAYA_MALE_8 Operation=58 PlotIndex=1991
mission CityName=LOC_CITY_NAME_TORONTO CompletionTurn=129 EscapeResult=2 InitialResult=4 LevelAfter=3 LootInfo=-1 Name=LOC_CITIZEN_MAYA_MODERN_FEMALE_6 Operation=58 PlotIndex=1818
mission CityName=LOC_CITY_NAME_MONTREAL CompletionTurn=127 EscapeResult=2 InitialResult=2 LevelAfter=1 LootInfo=-1 Name=LOC_CITIZEN_MAYA_MALE_2 Operation=58 PlotIndex=1314
mission CityName=LOC_CITY_NAME_OTTAWA CompletionTurn=124 EscapeResult=-1 InitialResult=5 LevelAfter=4 LootInfo=-1 Name=LOC_CITIZEN_MAYA_MODERN_MALE_1 Operation=58 PlotIndex=978
mission CityName=LOC_CITY_NAME_CALGARY CompletionTurn=123 EscapeResult=-1 InitialResult=5 LevelAfter=2 LootInfo=-1 Name=LOC_CITIZEN_MAYA_MALE_8 Operation=58 PlotIndex=1991
mission CityName=LOC_CITY_NAME_HALIFAX CompletionTurn=121 EscapeResult=2 InitialResult=4 LevelAfter=2 LootInfo=-1 Name=LOC_CITIZEN_MAYA_FEMALE_6 Operation=58 PlotIndex=1409
mission CityName=LOC_CITY_NAME_OTTAWA CompletionTurn=120 EscapeResult=-1 InitialResult=3 LevelAfter=3 LootInfo=-1 Name=LOC_CITIZEN_MAYA_MODERN_MALE_1 Operation=58 PlotIndex=978
mission CityName=LOC_CITY_NAME_MONTREAL CompletionTurn=120 EscapeResult=-1 InitialResult=0 LevelAfter=2 LootInfo=-1 Name=LOC_CITIZEN_MAYA_FEMALE_7 Operation=58 PlotIndex=1314
mission CityName=LOC_CITY_NAME_QUEBEC_CITY CompletionTurn=118 EscapeResult=1 InitialResult=2 LevelAfter=1 LootInfo=-1 Name=LOC_CITIZEN_MAYA_MODERN_FEMALE_1 Operation=58 PlotIndex=1404
mission CityName=LOC_CITY_NAME_TORONTO CompletionTurn=118 EscapeResult=2 InitialResult=4 LevelAfter=2 LootInfo=-1 Name=LOC_CITIZEN_MAYA_MODERN_FEMALE_6 Operation=58 PlotIndex=1818
mission CityName=LOC_CITY_NAME_TORONTO CompletionTurn=114 EscapeResult=-1 InitialResult=1 LevelAfter=1 LootInfo=-1 Name=LOC_CITIZEN_MAYA_FEMALE_3 Operation=58 PlotIndex=1818
mission CityName=LOC_CITY_NAME_MONTREAL CompletionTurn=114 EscapeResult=-1 InitialResult=5 LevelAfter=2 LootInfo=-1 Name=LOC_CITIZEN_MAYA_FEMALE_7 Operation=58 PlotIndex=1314
mission CityName=LOC_CITY_NAME_OTTAWA CompletionTurn=113 EscapeResult=-1 InitialResult=5 LevelAfter=3 LootInfo=-1 Name=LOC_CITIZEN_MAYA_MODERN_MALE_1 Operation=58 PlotIndex=978
mission CityName=LOC_CITY_NAME_MONTREAL CompletionTurn=110 EscapeResult=-1 InitialResult=1 LevelAfter=1 LootInfo=-1 Name=LOC_CITIZEN_MAYA_MODERN_FEMALE_7 Operation=58 PlotIndex=1314
mission CityName=LOC_CITY_NAME_OTTAWA CompletionTurn=107 EscapeResult=-1 InitialResult=5 LevelAfter=2 LootInfo=-1 Name=LOC_CITIZEN_MAYA_MODERN_MALE_1 Operation=58 PlotIndex=978
tally 6  FOMENT_UNREST CAPTURED / NO_RESULT
tally 1  FOMENT_UNREST FAIL_MUST_ESCAPE / CAPTURED
tally 6  FOMENT_UNREST FAIL_MUST_ESCAPE / FAIL_MUST_ESCAPE
tally 6  FOMENT_UNREST FAIL_MUST_ESCAPE / KILLED
tally 10  FOMENT_UNREST FAIL_UNDETECTED / NO_RESULT
tally 1  FOMENT_UNREST KILLED / NO_RESULT
tally 2  FOMENT_UNREST SUCCESS_MUST_ESCAPE / CAPTURED
tally 15  FOMENT_UNREST SUCCESS_MUST_ESCAPE / FAIL_MUST_ESCAPE
tally 5  FOMENT_UNREST SUCCESS_MUST_ESCAPE / KILLED
tally 44  FOMENT_UNREST SUCCESS_UNDETECTED / NO_RESULT
turn 198 spies active 2 idle 4 missions 96 captured-enemy 0
spy 7405581 LOC_CITIZEN_MAYA_MODERN_MALE_1 level 4 at 65:16 start
spy 10682395 LOC_CITIZEN_MAYA_MALE_3 level 2 at 63:20 busy
spy 11010076 LOC_CITIZEN_MAYA_MODERN_MALE_10 level 2 at 54:11 start
spy 9764894 LOC_CITIZEN_MAYA_MALE_1 level 3 at 59:23 busy
spy 10223652 LOC_CITIZEN_MAYA_MODERN_FEMALE_4 level 4 at 60:16 start
spy 10289191 LOC_CITIZEN_MAYA_MODERN_FEMALE_2 level 3 at 60:16 start
turn 198 spies 6 started 4 travelled 0 promoted 0 bought 0 gold 50000
unblock: blocker ENDTURN_BLOCKING_FILL_CIVIC_SLOT -> nothing | end turn requested
unstuck: InGamePopup: open, no close
unblock: blocker ENDTURN_BLOCKING_FILL_CIVIC_SLOT -> nothing | end turn requested
unstuck: closed sessions [2:2]
unstuck: InGamePopup: open, no close
unblock: blocker ENDTURN_BLOCKING_FILL_CIVIC_SLOT -> nothing | end turn requested
unstuck: InGamePopup: open, no close
mission CityName=LOC_CITY_NAME_CALGARY CompletionTurn=199 EscapeResult=-1 InitialResult=5 LevelAfter=4 LootInfo=-1 Name=LOC_CITIZEN_MAYA_MALE_1 Operation=58 PlotIndex=1991
mission CityName=LOC_CITY_NAME_VANCOUVER CompletionTurn=199 EscapeResult=-1 InitialResult=4 LevelAfter=3 LootInfo=-1 Name=LOC_CITIZEN_MAYA_MALE_3 Operation=58 PlotIndex=1743
mission CityName=LOC_CITY_NAME_QUEBEC_CITY CompletionTurn=198 EscapeResult=-1 InitialResult=5 LevelAfter=4 LootInfo=-1 Name=LOC_CITIZEN_MAYA_MODERN_FEMALE_4 Operation=58 PlotIndex=1404
mission CityName=LOC_CITY_NAME_HALIFAX CompletionTurn=198 EscapeResult=-1 InitialResult=5 LevelAfter=4 LootInfo=-1 Name=LOC_CITIZEN_MAYA_MODERN_MALE_1 Operation=58 PlotIndex=1409
mission CityName=LOC_CITY_NAME_VICTORIA CompletionTurn=195 EscapeResult=2 InitialResult=2 LevelAfter=4 LootInfo=-1 Name=LOC_CITIZEN_MAYA_MALE_8 Operation=58 PlotIndex=888
mission CityName=LOC_CITY_NAME_VANCOUVER CompletionTurn=195 EscapeResult=-1 InitialResult=3 LevelAfter=2 LootInfo=-1 Name=LOC_CITIZEN_MAYA_MALE_3 Operation=58 PlotIndex=1743
mission CityName=LOC_CITY_NAME_QUEBEC_CITY CompletionTurn=194 EscapeResult=-1 InitialResult=5 LevelAfter=4 LootInfo=-1 Name=LOC_CITIZEN_MAYA_MODERN_FEMALE_4 Operation=58 PlotIndex=1404
mission CityName=LOC_CITY_NAME_HALIFAX CompletionTurn=194 EscapeResult=-1 InitialResult=5 LevelAfter=4 LootInfo=-1 Name=LOC_CITIZEN_MAYA_MODERN_MALE_1 Operation=58 PlotIndex=1409
mission CityName=LOC_CITY_NAME_OTTAWA CompletionTurn=193 EscapeResult=2 InitialResult=4 LevelAfter=2 LootInfo=-1 Name=LOC_CITIZEN_MAYA_MODERN_MALE_10 Operation=58 PlotIndex=978
mission CityName=LOC_CITY_NAME_CALGARY CompletionTurn=193 EscapeResult=-1 InitialResult=5 LevelAfter=3 LootInfo=-1 Name=LOC_CITIZEN_MAYA_MALE_1 Operation=58 PlotIndex=1991
mission CityName=LOC_CITY_NAME_VICTORIA CompletionTurn=191 EscapeResult=-1 InitialResult=5 LevelAfter=4 LootInfo=-1 Name=LOC_CITIZEN_MAYA_MALE_8 Operation=58 PlotIndex=888
mission CityName=LOC_CITY_NAME_QUEBEC_CITY CompletionTurn=190 EscapeResult=-1 InitialResult=5 LevelAfter=4 LootInfo=-1 Name=LOC_CITIZEN_MAYA_MODERN_FEMALE_4 Operation=58 PlotIndex=1404
mission CityName=LOC_CITY_NAME_TORONTO CompletionTurn=190 EscapeResult=-1 InitialResult=1 LevelAfter=1 LootInfo=-1 Name=LOC_CITIZEN_MAYA_MODERN_FEMALE_9 Operation=58 PlotIndex=1818
mission CityName=LOC_CITY_NAME_HALIFAX CompletionTurn=190 EscapeResult=-1 InitialResult=5 LevelAfter=4 LootInfo=-1 Name=LOC_CITIZEN_MAYA_MODERN_MALE_1 Operation=58 PlotIndex=1409
mission CityName=LOC_CITY_NAME_MONTREAL CompletionTurn=189 EscapeResult=1 InitialResult=4 LevelAfter=4 LootInfo=-1 Name=LOC_CITIZEN_MAYA_MODERN_MALE_6 Operation=58 PlotIndex=1314
mission CityName=LOC_CITY_NAME_VICTORIA CompletionTurn=187 EscapeResult=-1 InitialResult=5 LevelAfter=4 LootInfo=-1 Name=LOC_CITIZEN_MAYA_MALE_8 Operation=58 PlotIndex=888
mission CityName=LOC_CITY_NAME_MONTREAL CompletionTurn=186 EscapeResult=-1 InitialResult=3 LevelAfter=4 LootInfo=-1 Name=LOC_CITIZEN_MAYA_MODERN_MALE_6 Operation=58 PlotIndex=1314
mission CityName=LOC_CITY_NAME_TORONTO CompletionTurn=186 EscapeResult=-1 InitialResult=3 LevelAfter=1 LootInfo=-1 Name=LOC_CITIZEN_MAYA_MODERN_FEMALE_9 Operation=58 PlotIndex=1818
mission CityName=LOC_CITY_NAME_CALGARY CompletionTurn=185 EscapeResult=-1 InitialResult=5 LevelAfter=2 LootInfo=-1 Name=LOC_CITIZEN_MAYA_MALE_1 Operation=58 PlotIndex=1991
mission CityName=LOC_CITY_NAME_OTTAWA CompletionTurn=185 EscapeResult=2 InitialResult=4 LevelAfter=2 LootInfo=-1 Name=LOC_CITIZEN_MAYA_MALE_3 Operation=58 PlotIndex=978
mission CityName=LOC_CITY_NAME_HALIFAX CompletionTurn=185 EscapeResult=-1 InitialResult=5 LevelAfter=4 LootInfo=-1 Name=LOC_CITIZEN_MAYA_MODERN_MALE_1 Operation=58 PlotIndex=1409
mission CityName=LOC_CITY_NAME_VANCOUVER CompletionTurn=183 EscapeResult=0 InitialResult=4 LevelAfter=2 LootInfo=-1 Name=LOC_CITIZEN_MAYA_MALE_4 Operation=58 PlotIndex=1743
mission CityName=LOC_CITY_NAME_VICTORIA CompletionTurn=183 EscapeResult=-1 InitialResult=5 LevelAfter=4 LootInfo=-1 Name=LOC_CITIZEN_MAYA_MALE_8 Operation=58 PlotIndex=888
mission CityName=LOC_CITY_NAME_HALIFAX CompletionTurn=181 EscapeResult=-1 InitialResult=5 LevelAfter=4 LootInfo=-1 Name=LOC_CITIZEN_MAYA_MODERN_MALE_1 Operation=58 PlotIndex=1409
mission CityName=LOC_CITY_NAME_OTTAWA CompletionTurn=180 EscapeResult=-1 InitialResult=3 LevelAfter=1 LootInfo=-1 Name=LOC_CITIZEN_MAYA_MALE_3 Operation=58 PlotIndex=978
mission CityName=LOC_CITY_NAME_VICTORIA CompletionTurn=179 EscapeResult=-1 InitialResult=5 LevelAfter=4 LootInfo=-1 Name=LOC_CITIZEN_MAYA_MALE_8 Operation=58 PlotIndex=888
mission CityName=LOC_CITY_NAME_TORONTO CompletionTurn=179 EscapeResult=2 InitialResult=4 LevelAfter=3 LootInfo=-1 Name=LOC_CITIZEN_MAYA_MODERN_FEMALE_2 Operation=58 PlotIndex=1818
mission CityName=LOC_CITY_NAME_QUEBEC_CITY CompletionTurn=179 EscapeResult=2 InitialResult=4 LevelAfter=4 LootInfo=-1 Name=LOC_CITIZEN_MAYA_MODERN_FEMALE_4 Operation=58 PlotIndex=1404
mission CityName=LOC_CITY_NAME_MONTREAL CompletionTurn=178 EscapeResult=0 InitialResult=4 LevelAfter=4 LootInfo=-1 Name=LOC_CITIZEN_MAYA_MALE_7 Operation=58 PlotIndex=1314
mission CityName=LOC_CITY_NAME_HALIFAX CompletionTurn=177 EscapeResult=-1 InitialResult=5 LevelAfter=4 LootInfo=-1 Name=LOC_CITIZEN_MAYA_MODERN_MALE_1 Operation=58 PlotIndex=1409
mission CityName=LOC_CITY_NAME_CALGARY CompletionTurn=176 EscapeResult=2 InitialResult=4 LevelAfter=4 LootInfo=-1 Name=LOC_CITIZEN_MAYA_MODERN_MALE_6 Operation=58 PlotIndex=1991
mission CityName=LOC_CITY_NAME_TORONTO CompletionTurn=173 EscapeResult=-1 InitialResult=5 LevelAfter=2 LootInfo=-1 Name=LOC_CITIZEN_MAYA_MODERN_FEMALE_2 Operation=58 PlotIndex=1818
mission CityName=LOC_CITY_NAME_MONTREAL CompletionTurn=173 EscapeResult=0 InitialResult=4 LevelAfter=3 LootInfo=-1 Name=LOC_CITIZEN_MAYA_MODERN_FEMALE_3 Operation=58 PlotIndex=1314
mission CityName=LOC_CITY_NAME_HALIFAX CompletionTurn=173 EscapeResult=-1 InitialResult=5 LevelAfter=4 LootInfo=-1 Name=LOC_CITIZEN_MAYA_MODERN_MALE_1 Operation=58 PlotIndex=1409
mission CityName=LOC_CITY_NAME_CALGARY CompletionTurn=173 EscapeResult=-1 InitialResult=3 LevelAfter=4 LootInfo=-1 Name=LOC_CITIZEN_MAYA_MODERN_MALE_6 Operation=58 PlotIndex=1991
mission CityName=LOC_CITY_NAME_QUEBEC_CITY CompletionTurn=172 EscapeResult=0 InitialResult=2 LevelAfter=1 LootInfo=-1 Name=LOC_CITIZEN_MAYA_MODERN_FEMALE_5 Operation=58 PlotIndex=1404
mission CityName=LOC_CITY_NAME_OTTAWA CompletionTurn=172 EscapeResult=0 InitialResult=4 LevelAfter=4 LootInfo=-1 Name=LOC_CITIZEN_MAYA_FEMALE_1 Operation=58 PlotIndex=978
mission CityName=LOC_CITY_NAME_HALIFAX CompletionTurn=169 EscapeResult=-1 InitialResult=5 LevelAfter=4 LootInfo=-1 Name=LOC_CITIZEN_MAYA_MODERN_MALE_1 Operation=58 PlotIndex=1409
mission CityName=LOC_CITY_NAME_TORONTO CompletionTurn=168 EscapeResult=2 InitialResult=4 LevelAfter=4 LootInfo=-1 Name=LOC_CITIZEN_MAYA_MODERN_MALE_6 Operation=58 PlotIndex=1818
mission CityName=LOC_CITY_NAME_MONTREAL CompletionTurn=168 EscapeResult=2 InitialResult=4 LevelAfter=4 LootInfo=-1 Name=LOC_CITIZEN_MAYA_MALE_8 Operation=58 PlotIndex=1314
mission CityName=LOC_CITY_NAME_OTTAWA CompletionTurn=167 EscapeResult=-1 InitialResult=5 LevelAfter=4 LootInfo=-1 Name=LOC_CITIZEN_MAYA_FEMALE_1 Operation=58 PlotIndex=978
mission CityName=LOC_CITY_NAME_MONTREAL CompletionTurn=165 EscapeResult=-1 InitialResult=5 LevelAfter=3 LootInfo=-1 Name=LOC_CITIZEN_MAYA_MALE_7 Operation=58 PlotIndex=1314
mission CityName=LOC_CITY_NAME_HALIFAX CompletionTurn=165 EscapeResult=-1 InitialResult=5 LevelAfter=4 LootInfo=-1 Name=LOC_CITIZEN_MAYA_MODERN_MALE_1 Operation=58 PlotIndex=1409
mission CityName=LOC_CITY_NAME_MONTREAL CompletionTurn=164 EscapeResult=-1 InitialResult=5 LevelAfter=2 LootInfo=-1 Name=LOC_CITIZEN_MAYA_MALE_7 Operation=58 PlotIndex=1314
mission CityName=LOC_CITY_NAME_OTTAWA CompletionTurn=162 EscapeResult=-1 InitialResult=5 LevelAfter=3 LootInfo=-1 Name=LOC_CITIZEN_MAYA_FEMALE_1 Operation=58 PlotIndex=978
mission CityName=LOC_CITY_NAME_VANCOUVER CompletionTurn=162 EscapeResult=0 InitialResult=2 LevelAfter=1 LootInfo=-1 Name=LOC_CITIZEN_MAYA_FEMALE_8 Operation=58 PlotIndex=1743
mission CityName=LOC_CITY_NAME_CHARLOTTETOWN CompletionTurn=161 EscapeResult=0 InitialResult=2 LevelAfter=1 LootInfo=-1 Name=LOC_CITIZEN_MAYA_MALE_6 Operation=58 PlotIndex=1644
mission CityName=LOC_CITY_NAME_HALIFAX CompletionTurn=161 EscapeResult=-1 InitialResult=5 LevelAfter=4 LootInfo=-1 Name=LOC_CITIZEN_MAYA_MODERN_MALE_1 Operation=58 PlotIndex=1409
mission CityName=LOC_CITY_NAME_TE_HOKIANGA_NU_A_KUPE CompletionTurn=160 EscapeResult=2 InitialResult=2 LevelAfter=3 LootInfo=-1 Name=LOC_CITIZEN_MAYA_MODERN_FEMALE_4 Operation=58 PlotIndex=772
mission CityName=LOC_CITY_NAME_TORONTO CompletionTurn=160 EscapeResult=2 InitialResult=4 LevelAfter=3 LootInfo=-1 Name=LOC_CITIZEN_MAYA_MODERN_MALE_6 Operation=58 PlotIndex=1818
mission CityName=LOC_CITY_NAME_OTTAWA CompletionTurn=158 EscapeResult=-1 InitialResult=5 LevelAfter=2 LootInfo=-1 Name=LOC_CITIZEN_MAYA_FEMALE_1 Operation=58 PlotIndex=978
mission CityName=LOC_CITY_NAME_QUEBEC_CITY CompletionTurn=158 EscapeResult=-1 InitialResult=1 LevelAfter=2 LootInfo=-1 Name=LOC_CITIZEN_MAYA_FEMALE_4 Operation=58 PlotIndex=1404
mission CityName=LOC_CITY_NAME_VANCOUVER CompletionTurn=158 EscapeResult=-1 InitialResult=3 LevelAfter=1 LootInfo=-1 Name=LOC_CITIZEN_MAYA_FEMALE_8 Operation=58 PlotIndex=1743
mission CityName=LOC_CITY_NAME_TE_HOKIANGA_NU_A_KUPE CompletionTurn=154 EscapeResult=-1 InitialResult=5 LevelAfter=3 LootInfo=-1 Name=LOC_CITIZEN_MAYA_MODERN_FEMALE_4 Operation=58 PlotIndex=772
mission CityName=LOC_CITY_NAME_CALGARY CompletionTurn=154 EscapeResult=2 InitialResult=4 LevelAfter=4 LootInfo=-1 Name=LOC_CITIZEN_MAYA_MALE_8 Operation=58 PlotIndex=1991
mission CityName=LOC_CITY_NAME_TORONTO CompletionTurn=154 EscapeResult=-1 InitialResult=5 LevelAfter=2 LootInfo=-1 Name=LOC_CITIZEN_MAYA_MODERN_MALE_6 Operation=58 PlotIndex=1818
mission CityName=LOC_CITY_NAME_MONTREAL CompletionTurn=152 EscapeResult=2 InitialResult=2 LevelAfter=2 LootInfo=-1 Name=LOC_CITIZEN_MAYA_MODERN_FEMALE_3 Operation=58 PlotIndex=1314
mission CityName=LOC_CITY_NAME_VANCOUVER CompletionTurn=152 EscapeResult=-1 InitialResult=3 LevelAfter=1 LootInfo=-1 Name=LOC_CITIZEN_MAYA_FEMALE_8 Operation=58 PlotIndex=1743
mission CityName=LOC_CITY_NAME_VICTORIA CompletionTurn=152 EscapeResult=0 InitialResult=4 LevelAfter=4 LootInfo=-1 Name=LOC_CITIZEN_MAYA_FEMALE_6 Operation=58 PlotIndex=888
mission CityName=LOC_CITY_NAME_QUEBEC_CITY CompletionTurn=149 EscapeResult=-1 InitialResult=5 LevelAfter=2 LootInfo=-1 Name=LOC_CITIZEN_MAYA_FEMALE_4 Operation=58 PlotIndex=1404
mission CityName=LOC_CITY_NAME_HALIFAX CompletionTurn=149 EscapeResult=0 InitialResult=2 LevelAfter=3 LootInfo=-1 Name=LOC_CITIZEN_MAYA_MODERN_FEMALE_8 Operation=58 PlotIndex=1409
mission CityName=LOC_CITY_NAME_CALGARY CompletionTurn=149 EscapeResult=-1 InitialResult=5 LevelAfter=4 LootInfo=-1 Name=LOC_CITIZEN_MAYA_MALE_8 Operation=58 PlotIndex=1991
mission CityName=LOC_CITY_NAME_OTTAWA CompletionTurn=147 EscapeResult=2 InitialResult=4 LevelAfter=4 LootInfo=-1 Name=LOC_CITIZEN_MAYA_MODERN_MALE_1 Operation=58 PlotIndex=978
mission CityName=LOC_CITY_NAME_VANCOUVER CompletionTurn=145 EscapeResult=2 InitialResult=2 LevelAfter=1 LootInfo=-1 Name=LOC_CITIZEN_MAYA_FEMALE_1 Operation=58 PlotIndex=1743
mission CityName=LOC_CITY_NAME_MONTREAL CompletionTurn=144 EscapeResult=-1 InitialResult=5 LevelAfter=2 LootInfo=-1 Name=LOC_CITIZEN_MAYA_MODERN_FEMALE_3 Operation=58 PlotIndex=1314
mission CityName=LOC_CITY_NAME_TORONTO CompletionTurn=144 EscapeResult=2 InitialResult=2 LevelAfter=2 LootInfo=-1 Name=LOC_CITIZEN_MAYA_MODERN_FEMALE_4 Operation=58 PlotIndex=1818
mission CityName=LOC_CITY_NAME_VICTORIA CompletionTurn=143 EscapeResult=0 InitialResult=2 LevelAfter=3 LootInfo=-1 Name=LOC_CITIZEN_MAYA_MODERN_FEMALE_6 Operation=58 PlotIndex=888
mission CityName=LOC_CITY_NAME_OTTAWA CompletionTurn=143 EscapeResult=-1 InitialResult=3 LevelAfter=4 LootInfo=-1 Name=LOC_CITIZEN_MAYA_MODERN_MALE_1 Operation=58 PlotIndex=978
mission CityName=LOC_CITY_NAME_HALIFAX CompletionTurn=142 EscapeResult=-1 InitialResult=5 LevelAfter=3 LootInfo=-1 Name=LOC_CITIZEN_MAYA_MODERN_FEMALE_8 Operation=58 PlotIndex=1409
mission CityName=LOC_CITY_NAME_CALGARY CompletionTurn=142 EscapeResult=-1 InitialResult=5 LevelAfter=4 LootInfo=-1 Name=LOC_CITIZEN_MAYA_MALE_8 Operation=58 PlotIndex=1991
mission CityName=LOC_CITY_NAME_MONTREAL CompletionTurn=141 EscapeResult=-1 InitialResult=1 LevelAfter=2 LootInfo=-1 Name=LOC_CITIZEN_MAYA_MODERN_MALE_4 Operation=58 PlotIndex=1314
mission CityName=LOC_CITY_NAME_MONTREAL CompletionTurn=140 EscapeResult=-1 InitialResult=5 LevelAfter=2 LootInfo=-1 Name=LOC_CITIZEN_MAYA_MODERN_MALE_4 Operation=58 PlotIndex=1314
mission CityName=LOC_CITY_NAME_QUEBEC_CITY CompletionTurn=140 EscapeResult=2 InitialResult=4 LevelAfter=3 LootInfo=-1 Name=LOC_CITIZEN_MAYA_FEMALE_6 Operation=58 PlotIndex=1404
mission CityName=LOC_CITY_NAME_OTTAWA CompletionTurn=139 EscapeResult=-1 InitialResult=5 LevelAfter=4 LootInfo=-1 Name=LOC_CITIZEN_MAYA_MODERN_MALE_1 Operation=58 PlotIndex=978
mission CityName=LOC_CITY_NAME_VICTORIA CompletionTurn=138 EscapeResult=1 InitialResult=4 LevelAfter=2 LootInfo=-1 Name=LOC_CITIZEN_MAYA_MALE_2 Operation=58 PlotIndex=888
mission CityName=LOC_CITY_NAME_TORONTO CompletionTurn=137 EscapeResult=-1 InitialResult=5 LevelAfter=2 LootInfo=-1 Name=LOC_CITIZEN_MAYA_MODERN_FEMALE_4 Operation=58 PlotIndex=1818
mission CityName=LOC_CITY_NAME_QUEBEC_CITY CompletionTurn=136 EscapeResult=-1 InitialResult=1 LevelAfter=2 LootInfo=-1 Name=LOC_CITIZEN_MAYA_MODERN_MALE_9 Operation=58 PlotIndex=1404
mission CityName=LOC_CITY_NAME_HALIFAX CompletionTurn=135 EscapeResult=-1 InitialResult=5 LevelAfter=2 LootInfo=-1 Name=LOC_CITIZEN_MAYA_MODERN_FEMALE_8 Operation=58 PlotIndex=1409
mission CityName=LOC_CITY_NAME_OTTAWA CompletionTurn=135 EscapeResult=-1 InitialResult=5 LevelAfter=4 LootInfo=-1 Name=LOC_CITIZEN_MAYA_MODERN_MALE_1 Operation=58 PlotIndex=978
mission CityName=LOC_CITY_NAME_CALGARY CompletionTurn=133 EscapeResult=2 InitialResult=4 LevelAfter=3 LootInfo=-1 Name=LOC_CITIZEN_MAYA_MALE_8 Operation=58 PlotIndex=1991
mission CityName=LOC_CITY_NAME_MONTREAL CompletionTurn=132 EscapeResult=0 InitialResult=2 LevelAfter=1 LootInfo=-1 Name=LOC_CITIZEN_MAYA_MALE_5 Operation=58 PlotIndex=1314
mission CityName=LOC_CITY_NAME_QUEBEC_CITY CompletionTurn=131 EscapeResult=-1 InitialResult=5 LevelAfter=2 LootInfo=-1 Name=LOC_CITIZEN_MAYA_MODERN_MALE_9 Operation=58 PlotIndex=1404
mission CityName=LOC_CITY_NAME_OTTAWA CompletionTurn=130 EscapeResult=-1 InitialResult=5 LevelAfter=4 LootInfo=-1 Name=LOC_CITIZEN_MAYA_MODERN_MALE_1 Operation=58 PlotIndex=978
mission CityName=LOC_CITY_NAME_CALGARY CompletionTurn=129 EscapeResult=-1 InitialResult=3 LevelAfter=2 LootInfo=-1 Name=LOC_CITIZEN_MAYA_MALE_8 Operation=58 PlotIndex=1991
mission CityName=LOC_CITY_NAME_TORONTO CompletionTurn=129 EscapeResult=2 InitialResult=4 LevelAfter=3 LootInfo=-1 Name=LOC_CITIZEN_MAYA_MODERN_FEMALE_6 Operation=58 PlotIndex=1818
mission CityName=LOC_CITY_NAME_MONTREAL CompletionTurn=127 EscapeResult=2 InitialResult=2 LevelAfter=1 LootInfo=-1 Name=LOC_CITIZEN_MAYA_MALE_2 Operation=58 PlotIndex=1314
mission CityName=LOC_CITY_NAME_OTTAWA CompletionTurn=124 EscapeResult=-1 InitialResult=5 LevelAfter=4 LootInfo=-1 Name=LOC_CITIZEN_MAYA_MODERN_MALE_1 Operation=58 PlotIndex=978
mission CityName=LOC_CITY_NAME_CALGARY CompletionTurn=123 EscapeResult=-1 InitialResult=5 LevelAfter=2 LootInfo=-1 Name=LOC_CITIZEN_MAYA_MALE_8 Operation=58 PlotIndex=1991
mission CityName=LOC_CITY_NAME_HALIFAX CompletionTurn=121 EscapeResult=2 InitialResult=4 LevelAfter=2 LootInfo=-1 Name=LOC_CITIZEN_MAYA_FEMALE_6 Operation=58 PlotIndex=1409
mission CityName=LOC_CITY_NAME_OTTAWA CompletionTurn=120 EscapeResult=-1 InitialResult=3 LevelAfter=3 LootInfo=-1 Name=LOC_CITIZEN_MAYA_MODERN_MALE_1 Operation=58 PlotIndex=978
mission CityName=LOC_CITY_NAME_MONTREAL CompletionTurn=120 EscapeResult=-1 InitialResult=0 LevelAfter=2 LootInfo=-1 Name=LOC_CITIZEN_MAYA_FEMALE_7 Operation=58 PlotIndex=1314
mission CityName=LOC_CITY_NAME_QUEBEC_CITY CompletionTurn=118 EscapeResult=1 InitialResult=2 LevelAfter=1 LootInfo=-1 Name=LOC_CITIZEN_MAYA_MODERN_FEMALE_1 Operation=58 PlotIndex=1404
mission CityName=LOC_CITY_NAME_TORONTO CompletionTurn=118 EscapeResult=2 InitialResult=4 LevelAfter=2 LootInfo=-1 Name=LOC_CITIZEN_MAYA_MODERN_FEMALE_6 Operation=58 PlotIndex=1818
mission CityName=LOC_CITY_NAME_TORONTO CompletionTurn=114 EscapeResult=-1 InitialResult=1 LevelAfter=1 LootInfo=-1 Name=LOC_CITIZEN_MAYA_FEMALE_3 Operation=58 PlotIndex=1818
mission CityName=LOC_CITY_NAME_MONTREAL CompletionTurn=114 EscapeResult=-1 InitialResult=5 LevelAfter=2 LootInfo=-1 Name=LOC_CITIZEN_MAYA_FEMALE_7 Operation=58 PlotIndex=1314
mission CityName=LOC_CITY_NAME_OTTAWA CompletionTurn=113 EscapeResult=-1 InitialResult=5 LevelAfter=3 LootInfo=-1 Name=LOC_CITIZEN_MAYA_MODERN_MALE_1 Operation=58 PlotIndex=978
mission CityName=LOC_CITY_NAME_MONTREAL CompletionTurn=110 EscapeResult=-1 InitialResult=1 LevelAfter=1 LootInfo=-1 Name=LOC_CITIZEN_MAYA_MODERN_FEMALE_7 Operation=58 PlotIndex=1314
mission CityName=LOC_CITY_NAME_OTTAWA CompletionTurn=107 EscapeResult=-1 InitialResult=5 LevelAfter=2 LootInfo=-1 Name=LOC_CITIZEN_MAYA_MODERN_MALE_1 Operation=58 PlotIndex=978
tally 6  FOMENT_UNREST CAPTURED / NO_RESULT
tally 1  FOMENT_UNREST FAIL_MUST_ESCAPE / CAPTURED
tally 6  FOMENT_UNREST FAIL_MUST_ESCAPE / FAIL_MUST_ESCAPE
tally 6  FOMENT_UNREST FAIL_MUST_ESCAPE / KILLED
tally 10  FOMENT_UNREST FAIL_UNDETECTED / NO_RESULT
tally 1  FOMENT_UNREST KILLED / NO_RESULT
tally 2  FOMENT_UNREST SUCCESS_MUST_ESCAPE / CAPTURED
tally 15  FOMENT_UNREST SUCCESS_MUST_ESCAPE / FAIL_MUST_ESCAPE
tally 5  FOMENT_UNREST SUCCESS_MUST_ESCAPE / KILLED
tally 1  FOMENT_UNREST SUCCESS_MUST_ESCAPE / NO_RESULT
tally 45  FOMENT_UNREST SUCCESS_UNDETECTED / NO_RESULT
turn 199 spies active 4 idle 3 missions 98 captured-enemy 0
spy 7405581 LOC_CITIZEN_MAYA_MODERN_MALE_1 level 4 at 65:16 busy
spy 10682395 LOC_CITIZEN_MAYA_MALE_3 level 2 at 63:20 busy
spy 11010076 LOC_CITIZEN_MAYA_MODERN_MALE_10 level 2 at 54:11 busy
spy 9764894 LOC_CITIZEN_MAYA_MALE_1 level 3 at 59:23 start
spy 10223652 LOC_CITIZEN_MAYA_MODERN_FEMALE_4 level 4 at 60:16 busy
spy 10289191 LOC_CITIZEN_MAYA_MODERN_FEMALE_2 level 3 at 60:16 refused
spy 11075627 LOC_CITIZEN_MAYA_MALE_8 level 4 at 36:42 travel
turn 199 spies 7 started 1 travelled 1 promoted 2 bought 0 gold 50000
unblock: blocker ENDTURN_BLOCKING_SPY_CHOOSE_ESCAPE_ROUTE -> escape route DISTRICT_CITY_CENTER of 2 for spy 10682395 LOC_CITIZEN_MAYA_MALE_3 level 3 turn 199 city LOC_CITY_NAME_VANCOUVER p1 at 63:20 pursuer police | end turn requested
unstuck: InGamePopup: open, no close
unblock: blocker ENDTURN_BLOCKING_PRODUCTION -> NARANJO builds UNIT_WARRIOR | end turn requested
unstuck: InGamePopup: open, no close
mission CityName=LOC_CITY_NAME_CALGARY CompletionTurn=199 EscapeResult=-1 InitialResult=5 LevelAfter=4 LootInfo=-1 Name=LOC_CITIZEN_MAYA_MALE_1 Operation=58 PlotIndex=1991
mission CityName=LOC_CITY_NAME_VANCOUVER CompletionTurn=199 EscapeResult=2 InitialResult=4 LevelAfter=3 LootInfo=-1 Name=LOC_CITIZEN_MAYA_MALE_3 Operation=58 PlotIndex=1743
mission CityName=LOC_CITY_NAME_QUEBEC_CITY CompletionTurn=198 EscapeResult=-1 InitialResult=5 LevelAfter=4 LootInfo=-1 Name=LOC_CITIZEN_MAYA_MODERN_FEMALE_4 Operation=58 PlotIndex=1404
mission CityName=LOC_CITY_NAME_HALIFAX CompletionTurn=198 EscapeResult=-1 InitialResult=5 LevelAfter=4 LootInfo=-1 Name=LOC_CITIZEN_MAYA_MODERN_MALE_1 Operation=58 PlotIndex=1409
mission CityName=LOC_CITY_NAME_VICTORIA CompletionTurn=195 EscapeResult=2 InitialResult=2 LevelAfter=4 LootInfo=-1 Name=LOC_CITIZEN_MAYA_MALE_8 Operation=58 PlotIndex=888
mission CityName=LOC_CITY_NAME_VANCOUVER CompletionTurn=195 EscapeResult=-1 InitialResult=3 LevelAfter=2 LootInfo=-1 Name=LOC_CITIZEN_MAYA_MALE_3 Operation=58 PlotIndex=1743
mission CityName=LOC_CITY_NAME_QUEBEC_CITY CompletionTurn=194 EscapeResult=-1 InitialResult=5 LevelAfter=4 LootInfo=-1 Name=LOC_CITIZEN_MAYA_MODERN_FEMALE_4 Operation=58 PlotIndex=1404
mission CityName=LOC_CITY_NAME_HALIFAX CompletionTurn=194 EscapeResult=-1 InitialResult=5 LevelAfter=4 LootInfo=-1 Name=LOC_CITIZEN_MAYA_MODERN_MALE_1 Operation=58 PlotIndex=1409
mission CityName=LOC_CITY_NAME_OTTAWA CompletionTurn=193 EscapeResult=2 InitialResult=4 LevelAfter=2 LootInfo=-1 Name=LOC_CITIZEN_MAYA_MODERN_MALE_10 Operation=58 PlotIndex=978
mission CityName=LOC_CITY_NAME_CALGARY CompletionTurn=193 EscapeResult=-1 InitialResult=5 LevelAfter=3 LootInfo=-1 Name=LOC_CITIZEN_MAYA_MALE_1 Operation=58 PlotIndex=1991
mission CityName=LOC_CITY_NAME_VICTORIA CompletionTurn=191 EscapeResult=-1 InitialResult=5 LevelAfter=4 LootInfo=-1 Name=LOC_CITIZEN_MAYA_MALE_8 Operation=58 PlotIndex=888
mission CityName=LOC_CITY_NAME_QUEBEC_CITY CompletionTurn=190 EscapeResult=-1 InitialResult=5 LevelAfter=4 LootInfo=-1 Name=LOC_CITIZEN_MAYA_MODERN_FEMALE_4 Operation=58 PlotIndex=1404
mission CityName=LOC_CITY_NAME_TORONTO CompletionTurn=190 EscapeResult=-1 InitialResult=1 LevelAfter=1 LootInfo=-1 Name=LOC_CITIZEN_MAYA_MODERN_FEMALE_9 Operation=58 PlotIndex=1818
mission CityName=LOC_CITY_NAME_HALIFAX CompletionTurn=190 EscapeResult=-1 InitialResult=5 LevelAfter=4 LootInfo=-1 Name=LOC_CITIZEN_MAYA_MODERN_MALE_1 Operation=58 PlotIndex=1409
mission CityName=LOC_CITY_NAME_MONTREAL CompletionTurn=189 EscapeResult=1 InitialResult=4 LevelAfter=4 LootInfo=-1 Name=LOC_CITIZEN_MAYA_MODERN_MALE_6 Operation=58 PlotIndex=1314
mission CityName=LOC_CITY_NAME_VICTORIA CompletionTurn=187 EscapeResult=-1 InitialResult=5 LevelAfter=4 LootInfo=-1 Name=LOC_CITIZEN_MAYA_MALE_8 Operation=58 PlotIndex=888
mission CityName=LOC_CITY_NAME_MONTREAL CompletionTurn=186 EscapeResult=-1 InitialResult=3 LevelAfter=4 LootInfo=-1 Name=LOC_CITIZEN_MAYA_MODERN_MALE_6 Operation=58 PlotIndex=1314
mission CityName=LOC_CITY_NAME_TORONTO CompletionTurn=186 EscapeResult=-1 InitialResult=3 LevelAfter=1 LootInfo=-1 Name=LOC_CITIZEN_MAYA_MODERN_FEMALE_9 Operation=58 PlotIndex=1818
mission CityName=LOC_CITY_NAME_CALGARY CompletionTurn=185 EscapeResult=-1 InitialResult=5 LevelAfter=2 LootInfo=-1 Name=LOC_CITIZEN_MAYA_MALE_1 Operation=58 PlotIndex=1991
mission CityName=LOC_CITY_NAME_OTTAWA CompletionTurn=185 EscapeResult=2 InitialResult=4 LevelAfter=2 LootInfo=-1 Name=LOC_CITIZEN_MAYA_MALE_3 Operation=58 PlotIndex=978
mission CityName=LOC_CITY_NAME_HALIFAX CompletionTurn=185 EscapeResult=-1 InitialResult=5 LevelAfter=4 LootInfo=-1 Name=LOC_CITIZEN_MAYA_MODERN_MALE_1 Operation=58 PlotIndex=1409
mission CityName=LOC_CITY_NAME_VANCOUVER CompletionTurn=183 EscapeResult=0 InitialResult=4 LevelAfter=2 LootInfo=-1 Name=LOC_CITIZEN_MAYA_MALE_4 Operation=58 PlotIndex=1743
mission CityName=LOC_CITY_NAME_VICTORIA CompletionTurn=183 EscapeResult=-1 InitialResult=5 LevelAfter=4 LootInfo=-1 Name=LOC_CITIZEN_MAYA_MALE_8 Operation=58 PlotIndex=888
mission CityName=LOC_CITY_NAME_HALIFAX CompletionTurn=181 EscapeResult=-1 InitialResult=5 LevelAfter=4 LootInfo=-1 Name=LOC_CITIZEN_MAYA_MODERN_MALE_1 Operation=58 PlotIndex=1409
mission CityName=LOC_CITY_NAME_OTTAWA CompletionTurn=180 EscapeResult=-1 InitialResult=3 LevelAfter=1 LootInfo=-1 Name=LOC_CITIZEN_MAYA_MALE_3 Operation=58 PlotIndex=978
mission CityName=LOC_CITY_NAME_VICTORIA CompletionTurn=179 EscapeResult=-1 InitialResult=5 LevelAfter=4 LootInfo=-1 Name=LOC_CITIZEN_MAYA_MALE_8 Operation=58 PlotIndex=888
mission CityName=LOC_CITY_NAME_TORONTO CompletionTurn=179 EscapeResult=2 InitialResult=4 LevelAfter=3 LootInfo=-1 Name=LOC_CITIZEN_MAYA_MODERN_FEMALE_2 Operation=58 PlotIndex=1818
mission CityName=LOC_CITY_NAME_QUEBEC_CITY CompletionTurn=179 EscapeResult=2 InitialResult=4 LevelAfter=4 LootInfo=-1 Name=LOC_CITIZEN_MAYA_MODERN_FEMALE_4 Operation=58 PlotIndex=1404
mission CityName=LOC_CITY_NAME_MONTREAL CompletionTurn=178 EscapeResult=0 InitialResult=4 LevelAfter=4 LootInfo=-1 Name=LOC_CITIZEN_MAYA_MALE_7 Operation=58 PlotIndex=1314
mission CityName=LOC_CITY_NAME_HALIFAX CompletionTurn=177 EscapeResult=-1 InitialResult=5 LevelAfter=4 LootInfo=-1 Name=LOC_CITIZEN_MAYA_MODERN_MALE_1 Operation=58 PlotIndex=1409
mission CityName=LOC_CITY_NAME_CALGARY CompletionTurn=176 EscapeResult=2 InitialResult=4 LevelAfter=4 LootInfo=-1 Name=LOC_CITIZEN_MAYA_MODERN_MALE_6 Operation=58 PlotIndex=1991
mission CityName=LOC_CITY_NAME_TORONTO CompletionTurn=173 EscapeResult=-1 InitialResult=5 LevelAfter=2 LootInfo=-1 Name=LOC_CITIZEN_MAYA_MODERN_FEMALE_2 Operation=58 PlotIndex=1818
mission CityName=LOC_CITY_NAME_MONTREAL CompletionTurn=173 EscapeResult=0 InitialResult=4 LevelAfter=3 LootInfo=-1 Name=LOC_CITIZEN_MAYA_MODERN_FEMALE_3 Operation=58 PlotIndex=1314
mission CityName=LOC_CITY_NAME_HALIFAX CompletionTurn=173 EscapeResult=-1 InitialResult=5 LevelAfter=4 LootInfo=-1 Name=LOC_CITIZEN_MAYA_MODERN_MALE_1 Operation=58 PlotIndex=1409
mission CityName=LOC_CITY_NAME_CALGARY CompletionTurn=173 EscapeResult=-1 InitialResult=3 LevelAfter=4 LootInfo=-1 Name=LOC_CITIZEN_MAYA_MODERN_MALE_6 Operation=58 PlotIndex=1991
mission CityName=LOC_CITY_NAME_QUEBEC_CITY CompletionTurn=172 EscapeResult=0 InitialResult=2 LevelAfter=1 LootInfo=-1 Name=LOC_CITIZEN_MAYA_MODERN_FEMALE_5 Operation=58 PlotIndex=1404
mission CityName=LOC_CITY_NAME_OTTAWA CompletionTurn=172 EscapeResult=0 InitialResult=4 LevelAfter=4 LootInfo=-1 Name=LOC_CITIZEN_MAYA_FEMALE_1 Operation=58 PlotIndex=978
mission CityName=LOC_CITY_NAME_HALIFAX CompletionTurn=169 EscapeResult=-1 InitialResult=5 LevelAfter=4 LootInfo=-1 Name=LOC_CITIZEN_MAYA_MODERN_MALE_1 Operation=58 PlotIndex=1409
mission CityName=LOC_CITY_NAME_TORONTO CompletionTurn=168 EscapeResult=2 InitialResult=4 LevelAfter=4 LootInfo=-1 Name=LOC_CITIZEN_MAYA_MODERN_MALE_6 Operation=58 PlotIndex=1818
mission CityName=LOC_CITY_NAME_MONTREAL CompletionTurn=168 EscapeResult=2 InitialResult=4 LevelAfter=4 LootInfo=-1 Name=LOC_CITIZEN_MAYA_MALE_8 Operation=58 PlotIndex=1314
mission CityName=LOC_CITY_NAME_OTTAWA CompletionTurn=167 EscapeResult=-1 InitialResult=5 LevelAfter=4 LootInfo=-1 Name=LOC_CITIZEN_MAYA_FEMALE_1 Operation=58 PlotIndex=978
mission CityName=LOC_CITY_NAME_MONTREAL CompletionTurn=165 EscapeResult=-1 InitialResult=5 LevelAfter=3 LootInfo=-1 Name=LOC_CITIZEN_MAYA_MALE_7 Operation=58 PlotIndex=1314
mission CityName=LOC_CITY_NAME_HALIFAX CompletionTurn=165 EscapeResult=-1 InitialResult=5 LevelAfter=4 LootInfo=-1 Name=LOC_CITIZEN_MAYA_MODERN_MALE_1 Operation=58 PlotIndex=1409
mission CityName=LOC_CITY_NAME_MONTREAL CompletionTurn=164 EscapeResult=-1 InitialResult=5 LevelAfter=2 LootInfo=-1 Name=LOC_CITIZEN_MAYA_MALE_7 Operation=58 PlotIndex=1314
mission CityName=LOC_CITY_NAME_OTTAWA CompletionTurn=162 EscapeResult=-1 InitialResult=5 LevelAfter=3 LootInfo=-1 Name=LOC_CITIZEN_MAYA_FEMALE_1 Operation=58 PlotIndex=978
mission CityName=LOC_CITY_NAME_VANCOUVER CompletionTurn=162 EscapeResult=0 InitialResult=2 LevelAfter=1 LootInfo=-1 Name=LOC_CITIZEN_MAYA_FEMALE_8 Operation=58 PlotIndex=1743
mission CityName=LOC_CITY_NAME_CHARLOTTETOWN CompletionTurn=161 EscapeResult=0 InitialResult=2 LevelAfter=1 LootInfo=-1 Name=LOC_CITIZEN_MAYA_MALE_6 Operation=58 PlotIndex=1644
mission CityName=LOC_CITY_NAME_HALIFAX CompletionTurn=161 EscapeResult=-1 InitialResult=5 LevelAfter=4 LootInfo=-1 Name=LOC_CITIZEN_MAYA_MODERN_MALE_1 Operation=58 PlotIndex=1409
mission CityName=LOC_CITY_NAME_TE_HOKIANGA_NU_A_KUPE CompletionTurn=160 EscapeResult=2 InitialResult=2 LevelAfter=3 LootInfo=-1 Name=LOC_CITIZEN_MAYA_MODERN_FEMALE_4 Operation=58 PlotIndex=772
mission CityName=LOC_CITY_NAME_TORONTO CompletionTurn=160 EscapeResult=2 InitialResult=4 LevelAfter=3 LootInfo=-1 Name=LOC_CITIZEN_MAYA_MODERN_MALE_6 Operation=58 PlotIndex=1818
mission CityName=LOC_CITY_NAME_OTTAWA CompletionTurn=158 EscapeResult=-1 InitialResult=5 LevelAfter=2 LootInfo=-1 Name=LOC_CITIZEN_MAYA_FEMALE_1 Operation=58 PlotIndex=978
mission CityName=LOC_CITY_NAME_QUEBEC_CITY CompletionTurn=158 EscapeResult=-1 InitialResult=1 LevelAfter=2 LootInfo=-1 Name=LOC_CITIZEN_MAYA_FEMALE_4 Operation=58 PlotIndex=1404
mission CityName=LOC_CITY_NAME_VANCOUVER CompletionTurn=158 EscapeResult=-1 InitialResult=3 LevelAfter=1 LootInfo=-1 Name=LOC_CITIZEN_MAYA_FEMALE_8 Operation=58 PlotIndex=1743
mission CityName=LOC_CITY_NAME_TE_HOKIANGA_NU_A_KUPE CompletionTurn=154 EscapeResult=-1 InitialResult=5 LevelAfter=3 LootInfo=-1 Name=LOC_CITIZEN_MAYA_MODERN_FEMALE_4 Operation=58 PlotIndex=772
mission CityName=LOC_CITY_NAME_CALGARY CompletionTurn=154 EscapeResult=2 InitialResult=4 LevelAfter=4 LootInfo=-1 Name=LOC_CITIZEN_MAYA_MALE_8 Operation=58 PlotIndex=1991
mission CityName=LOC_CITY_NAME_TORONTO CompletionTurn=154 EscapeResult=-1 InitialResult=5 LevelAfter=2 LootInfo=-1 Name=LOC_CITIZEN_MAYA_MODERN_MALE_6 Operation=58 PlotIndex=1818
mission CityName=LOC_CITY_NAME_MONTREAL CompletionTurn=152 EscapeResult=2 InitialResult=2 LevelAfter=2 LootInfo=-1 Name=LOC_CITIZEN_MAYA_MODERN_FEMALE_3 Operation=58 PlotIndex=1314
mission CityName=LOC_CITY_NAME_VANCOUVER CompletionTurn=152 EscapeResult=-1 InitialResult=3 LevelAfter=1 LootInfo=-1 Name=LOC_CITIZEN_MAYA_FEMALE_8 Operation=58 PlotIndex=1743
mission CityName=LOC_CITY_NAME_VICTORIA CompletionTurn=152 EscapeResult=0 InitialResult=4 LevelAfter=4 LootInfo=-1 Name=LOC_CITIZEN_MAYA_FEMALE_6 Operation=58 PlotIndex=888
mission CityName=LOC_CITY_NAME_QUEBEC_CITY CompletionTurn=149 EscapeResult=-1 InitialResult=5 LevelAfter=2 LootInfo=-1 Name=LOC_CITIZEN_MAYA_FEMALE_4 Operation=58 PlotIndex=1404
mission CityName=LOC_CITY_NAME_HALIFAX CompletionTurn=149 EscapeResult=0 InitialResult=2 LevelAfter=3 LootInfo=-1 Name=LOC_CITIZEN_MAYA_MODERN_FEMALE_8 Operation=58 PlotIndex=1409
mission CityName=LOC_CITY_NAME_CALGARY CompletionTurn=149 EscapeResult=-1 InitialResult=5 LevelAfter=4 LootInfo=-1 Name=LOC_CITIZEN_MAYA_MALE_8 Operation=58 PlotIndex=1991
mission CityName=LOC_CITY_NAME_OTTAWA CompletionTurn=147 EscapeResult=2 InitialResult=4 LevelAfter=4 LootInfo=-1 Name=LOC_CITIZEN_MAYA_MODERN_MALE_1 Operation=58 PlotIndex=978
mission CityName=LOC_CITY_NAME_VANCOUVER CompletionTurn=145 EscapeResult=2 InitialResult=2 LevelAfter=1 LootInfo=-1 Name=LOC_CITIZEN_MAYA_FEMALE_1 Operation=58 PlotIndex=1743
mission CityName=LOC_CITY_NAME_MONTREAL CompletionTurn=144 EscapeResult=-1 InitialResult=5 LevelAfter=2 LootInfo=-1 Name=LOC_CITIZEN_MAYA_MODERN_FEMALE_3 Operation=58 PlotIndex=1314
mission CityName=LOC_CITY_NAME_TORONTO CompletionTurn=144 EscapeResult=2 InitialResult=2 LevelAfter=2 LootInfo=-1 Name=LOC_CITIZEN_MAYA_MODERN_FEMALE_4 Operation=58 PlotIndex=1818
mission CityName=LOC_CITY_NAME_VICTORIA CompletionTurn=143 EscapeResult=0 InitialResult=2 LevelAfter=3 LootInfo=-1 Name=LOC_CITIZEN_MAYA_MODERN_FEMALE_6 Operation=58 PlotIndex=888
mission CityName=LOC_CITY_NAME_OTTAWA CompletionTurn=143 EscapeResult=-1 InitialResult=3 LevelAfter=4 LootInfo=-1 Name=LOC_CITIZEN_MAYA_MODERN_MALE_1 Operation=58 PlotIndex=978
mission CityName=LOC_CITY_NAME_HALIFAX CompletionTurn=142 EscapeResult=-1 InitialResult=5 LevelAfter=3 LootInfo=-1 Name=LOC_CITIZEN_MAYA_MODERN_FEMALE_8 Operation=58 PlotIndex=1409
mission CityName=LOC_CITY_NAME_CALGARY CompletionTurn=142 EscapeResult=-1 InitialResult=5 LevelAfter=4 LootInfo=-1 Name=LOC_CITIZEN_MAYA_MALE_8 Operation=58 PlotIndex=1991
mission CityName=LOC_CITY_NAME_MONTREAL CompletionTurn=141 EscapeResult=-1 InitialResult=1 LevelAfter=2 LootInfo=-1 Name=LOC_CITIZEN_MAYA_MODERN_MALE_4 Operation=58 PlotIndex=1314
mission CityName=LOC_CITY_NAME_MONTREAL CompletionTurn=140 EscapeResult=-1 InitialResult=5 LevelAfter=2 LootInfo=-1 Name=LOC_CITIZEN_MAYA_MODERN_MALE_4 Operation=58 PlotIndex=1314
mission CityName=LOC_CITY_NAME_QUEBEC_CITY CompletionTurn=140 EscapeResult=2 InitialResult=4 LevelAfter=3 LootInfo=-1 Name=LOC_CITIZEN_MAYA_FEMALE_6 Operation=58 PlotIndex=1404
mission CityName=LOC_CITY_NAME_OTTAWA CompletionTurn=139 EscapeResult=-1 InitialResult=5 LevelAfter=4 LootInfo=-1 Name=LOC_CITIZEN_MAYA_MODERN_MALE_1 Operation=58 PlotIndex=978
mission CityName=LOC_CITY_NAME_VICTORIA CompletionTurn=138 EscapeResult=1 InitialResult=4 LevelAfter=2 LootInfo=-1 Name=LOC_CITIZEN_MAYA_MALE_2 Operation=58 PlotIndex=888
mission CityName=LOC_CITY_NAME_TORONTO CompletionTurn=137 EscapeResult=-1 InitialResult=5 LevelAfter=2 LootInfo=-1 Name=LOC_CITIZEN_MAYA_MODERN_FEMALE_4 Operation=58 PlotIndex=1818
mission CityName=LOC_CITY_NAME_QUEBEC_CITY CompletionTurn=136 EscapeResult=-1 InitialResult=1 LevelAfter=2 LootInfo=-1 Name=LOC_CITIZEN_MAYA_MODERN_MALE_9 Operation=58 PlotIndex=1404
mission CityName=LOC_CITY_NAME_HALIFAX CompletionTurn=135 EscapeResult=-1 InitialResult=5 LevelAfter=2 LootInfo=-1 Name=LOC_CITIZEN_MAYA_MODERN_FEMALE_8 Operation=58 PlotIndex=1409
mission CityName=LOC_CITY_NAME_OTTAWA CompletionTurn=135 EscapeResult=-1 InitialResult=5 LevelAfter=4 LootInfo=-1 Name=LOC_CITIZEN_MAYA_MODERN_MALE_1 Operation=58 PlotIndex=978
mission CityName=LOC_CITY_NAME_CALGARY CompletionTurn=133 EscapeResult=2 InitialResult=4 LevelAfter=3 LootInfo=-1 Name=LOC_CITIZEN_MAYA_MALE_8 Operation=58 PlotIndex=1991
mission CityName=LOC_CITY_NAME_MONTREAL CompletionTurn=132 EscapeResult=0 InitialResult=2 LevelAfter=1 LootInfo=-1 Name=LOC_CITIZEN_MAYA_MALE_5 Operation=58 PlotIndex=1314
mission CityName=LOC_CITY_NAME_QUEBEC_CITY CompletionTurn=131 EscapeResult=-1 InitialResult=5 LevelAfter=2 LootInfo=-1 Name=LOC_CITIZEN_MAYA_MODERN_MALE_9 Operation=58 PlotIndex=1404
mission CityName=LOC_CITY_NAME_OTTAWA CompletionTurn=130 EscapeResult=-1 InitialResult=5 LevelAfter=4 LootInfo=-1 Name=LOC_CITIZEN_MAYA_MODERN_MALE_1 Operation=58 PlotIndex=978
mission CityName=LOC_CITY_NAME_CALGARY CompletionTurn=129 EscapeResult=-1 InitialResult=3 LevelAfter=2 LootInfo=-1 Name=LOC_CITIZEN_MAYA_MALE_8 Operation=58 PlotIndex=1991
mission CityName=LOC_CITY_NAME_TORONTO CompletionTurn=129 EscapeResult=2 InitialResult=4 LevelAfter=3 LootInfo=-1 Name=LOC_CITIZEN_MAYA_MODERN_FEMALE_6 Operation=58 PlotIndex=1818
mission CityName=LOC_CITY_NAME_MONTREAL CompletionTurn=127 EscapeResult=2 InitialResult=2 LevelAfter=1 LootInfo=-1 Name=LOC_CITIZEN_MAYA_MALE_2 Operation=58 PlotIndex=1314
mission CityName=LOC_CITY_NAME_OTTAWA CompletionTurn=124 EscapeResult=-1 InitialResult=5 LevelAfter=4 LootInfo=-1 Name=LOC_CITIZEN_MAYA_MODERN_MALE_1 Operation=58 PlotIndex=978
mission CityName=LOC_CITY_NAME_CALGARY CompletionTurn=123 EscapeResult=-1 InitialResult=5 LevelAfter=2 LootInfo=-1 Name=LOC_CITIZEN_MAYA_MALE_8 Operation=58 PlotIndex=1991
mission CityName=LOC_CITY_NAME_HALIFAX CompletionTurn=121 EscapeResult=2 InitialResult=4 LevelAfter=2 LootInfo=-1 Name=LOC_CITIZEN_MAYA_FEMALE_6 Operation=58 PlotIndex=1409
mission CityName=LOC_CITY_NAME_OTTAWA CompletionTurn=120 EscapeResult=-1 InitialResult=3 LevelAfter=3 LootInfo=-1 Name=LOC_CITIZEN_MAYA_MODERN_MALE_1 Operation=58 PlotIndex=978
mission CityName=LOC_CITY_NAME_MONTREAL CompletionTurn=120 EscapeResult=-1 InitialResult=0 LevelAfter=2 LootInfo=-1 Name=LOC_CITIZEN_MAYA_FEMALE_7 Operation=58 PlotIndex=1314
mission CityName=LOC_CITY_NAME_QUEBEC_CITY CompletionTurn=118 EscapeResult=1 InitialResult=2 LevelAfter=1 LootInfo=-1 Name=LOC_CITIZEN_MAYA_MODERN_FEMALE_1 Operation=58 PlotIndex=1404
mission CityName=LOC_CITY_NAME_TORONTO CompletionTurn=118 EscapeResult=2 InitialResult=4 LevelAfter=2 LootInfo=-1 Name=LOC_CITIZEN_MAYA_MODERN_FEMALE_6 Operation=58 PlotIndex=1818
mission CityName=LOC_CITY_NAME_TORONTO CompletionTurn=114 EscapeResult=-1 InitialResult=1 LevelAfter=1 LootInfo=-1 Name=LOC_CITIZEN_MAYA_FEMALE_3 Operation=58 PlotIndex=1818
mission CityName=LOC_CITY_NAME_MONTREAL CompletionTurn=114 EscapeResult=-1 InitialResult=5 LevelAfter=2 LootInfo=-1 Name=LOC_CITIZEN_MAYA_FEMALE_7 Operation=58 PlotIndex=1314
mission CityName=LOC_CITY_NAME_OTTAWA CompletionTurn=113 EscapeResult=-1 InitialResult=5 LevelAfter=3 LootInfo=-1 Name=LOC_CITIZEN_MAYA_MODERN_MALE_1 Operation=58 PlotIndex=978
mission CityName=LOC_CITY_NAME_MONTREAL CompletionTurn=110 EscapeResult=-1 InitialResult=1 LevelAfter=1 LootInfo=-1 Name=LOC_CITIZEN_MAYA_MODERN_FEMALE_7 Operation=58 PlotIndex=1314
mission CityName=LOC_CITY_NAME_OTTAWA CompletionTurn=107 EscapeResult=-1 InitialResult=5 LevelAfter=2 LootInfo=-1 Name=LOC_CITIZEN_MAYA_MODERN_MALE_1 Operation=58 PlotIndex=978
tally 6  FOMENT_UNREST CAPTURED / NO_RESULT
tally 1  FOMENT_UNREST FAIL_MUST_ESCAPE / CAPTURED
tally 6  FOMENT_UNREST FAIL_MUST_ESCAPE / FAIL_MUST_ESCAPE
tally 6  FOMENT_UNREST FAIL_MUST_ESCAPE / KILLED
tally 10  FOMENT_UNREST FAIL_UNDETECTED / NO_RESULT
tally 1  FOMENT_UNREST KILLED / NO_RESULT
tally 2  FOMENT_UNREST SUCCESS_MUST_ESCAPE / CAPTURED
tally 16  FOMENT_UNREST SUCCESS_MUST_ESCAPE / FAIL_MUST_ESCAPE
tally 5  FOMENT_UNREST SUCCESS_MUST_ESCAPE / KILLED
tally 45  FOMENT_UNREST SUCCESS_UNDETECTED / NO_RESULT
turn 200 spies active 4 idle 1 missions 98 captured-enemy 0
