################ save lab4_t125 seat 0 op UNITOPERATION_SPY_FOMENT_UNREST cap 12 extra 12
setup: four spy civics granted, 12 extra grants
turn 125 spies 0 started 0 travelled 0 promoted 0 bought 1 gold 50000
unblock: blocker ENDTURN_BLOCKING_CIVIC -> civic CIVIC_MILITARY_TRADITION | end turn requested
unstuck: HistoricMoments: closed
unblock: blocker ENDTURN_BLOCKING_PRODUCTION -> NARANJO builds UNIT_WARRIOR | end turn requested
unblock: blocker ENDTURN_BLOCKING_FILL_CIVIC_SLOT -> nothing | end turn requested
turn 125 spies active 0 idle 1 missions 0 captured-enemy 0
spy 2752526 LOC_CITIZEN_MAYA_MODERN_FEMALE_3 level 1 at 36:42 notarget
turn 125 spies 1 started 0 travelled 0 promoted 0 bought 0 gold 49555
unblock: blocker ENDTURN_BLOCKING_FILL_CIVIC_SLOT -> nothing | end turn requested
unblock: blocker ENDTURN_BLOCKING_CIVIC -> civic CIVIC_MYSTICISM | end turn requested
unblock: blocker ENDTURN_BLOCKING_CIVIC -> civic CIVIC_MYSTICISM | end turn requested
unblock: blocker ENDTURN_BLOCKING_CIVIC -> civic CIVIC_MYSTICISM | end turn requested
unblock: blocker ENDTURN_BLOCKING_CIVIC -> civic CIVIC_MYSTICISM | end turn requested
unblock: blocker ENDTURN_BLOCKING_CIVIC -> civic CIVIC_MYSTICISM | end turn requested
unblock: blocker ENDTURN_BLOCKING_CIVIC -> civic CIVIC_MYSTICISM | end turn requested
unblock: blocker ENDTURN_BLOCKING_CIVIC -> civic CIVIC_MYSTICISM | end turn requested
unblock: blocker ENDTURN_BLOCKING_CIVIC -> civic CIVIC_MYSTICISM | end turn requested
unblock: blocker ENDTURN_BLOCKING_CIVIC -> civic CIVIC_MYSTICISM | end turn requested
unblock: blocker ENDTURN_BLOCKING_CIVIC -> civic CIVIC_MYSTICISM | end turn requested
unstuck: closed sessions [3:3]
turn 127 spies active 0 idle 1 missions 0 captured-enemy 0
spy 2752526 LOC_CITIZEN_MAYA_MODERN_FEMALE_3 level 1 at 36:42 travel
turn 127 spies 1 started 0 travelled 1 promoted 0 bought 0 gold 50000
unblock: blocker ENDTURN_BLOCKING_CIVIC -> civic CIVIC_MYSTICISM | end turn requested
turn 128 spies active 0 idle 0 missions 0 captured-enemy 0
turn 128 spies 0 started 0 travelled 0 promoted 0 bought 1 gold 50000
unblock: blocker ENDTURN_BLOCKING_PRODUCTION -> NARANJO builds UNIT_WARRIOR | end turn requested
unstuck: TechCivicCompletedPopup: closed
unblock: blocker ENDTURN_BLOCKING_CIVIC -> civic CIVIC_POLITICAL_PHILOSOPHY | end turn requested
turn 128 spies active 0 idle 1 missions 0 captured-enemy 0
spy 2883598 LOC_CITIZEN_MAYA_MALE_1 level 1 at 36:42 notarget
turn 128 spies 1 started 0 travelled 0 promoted 0 bought 0 gold 49400
unblock: blocker ENDTURN_BLOCKING_FILL_CIVIC_SLOT -> nothing | end turn requested
unstuck: NaturalDisasterPopup: closed
unblock: blocker ENDTURN_BLOCKING_CIVIC -> civic CIVIC_DRAMA_POETRY | end turn requested
turn 130 spies active 0 idle 2 missions 0 captured-enemy 0
spy 2883598 LOC_CITIZEN_MAYA_MALE_1 level 1 at 36:42 travel
spy 2949138 LOC_CITIZEN_MAYA_MODERN_FEMALE_3 level 1 at 54:11 start
turn 130 spies 2 started 1 travelled 1 promoted 0 bought 0 gold 50000
unblock: blocker ENDTURN_BLOCKING_CIVIC -> civic CIVIC_DRAMA_POETRY | end turn requested
unblock: blocker ENDTURN_BLOCKING_PRODUCTION -> NARANJO builds UNIT_WARRIOR | end turn requested
unstuck: closed sessions [2:2]
unstuck: DiplomacyActionView: Closing Diplomacy Action View. m_eventID: 488046
turn 131 spies active 1 idle 0 missions 0 captured-enemy 0
spy 2949138 LOC_CITIZEN_MAYA_MODERN_FEMALE_3 level 1 at 54:11 busy
turn 131 spies 1 started 0 travelled 0 promoted 0 bought 1 gold 50000
unblock: blocker ENDTURN_BLOCKING_PRODUCTION -> NARANJO builds UNIT_WARRIOR | end turn requested
unstuck: TechCivicCompletedPopup: closed
turn 132 spies active 1 idle 1 missions 0 captured-enemy 0
spy 3080206 LOC_CITIZEN_MAYA_MODERN_MALE_1 level 1 at 36:42 travel
spy 2949138 LOC_CITIZEN_MAYA_MODERN_FEMALE_3 level 1 at 54:11 busy
turn 132 spies 2 started 0 travelled 1 promoted 0 bought 0 gold 50000
unblock: blocker ENDTURN_BLOCKING_CIVIC -> civic CIVIC_MILITARY_TRAINING | end turn requested
unblock: blocker ENDTURN_BLOCKING_PRODUCTION -> NARANJO builds UNIT_WARRIOR | end turn requested
unstuck: HistoricMoments: closed
unstuck: TechCivicCompletedPopup: closed
turn 133 spies active 1 idle 1 missions 0 captured-enemy 0
spy 3211278 LOC_CITIZEN_MAYA_MALE_1 level 1 at 54:15 start
spy 2949138 LOC_CITIZEN_MAYA_MODERN_FEMALE_3 level 1 at 54:11 busy
turn 133 spies 2 started 1 travelled 0 promoted 0 bought 1 gold 50000
unblock: blocker ENDTURN_BLOCKING_PRODUCTION -> NARANJO builds UNIT_WARRIOR | end turn requested
unblock: blocker ENDTURN_BLOCKING_CIVIC -> civic CIVIC_DEFENSIVE_TACTICS | end turn requested
mission CityName=LOC_CITY_NAME_OTTAWA CompletionTurn=134 EscapeResult=-1 InitialResult=4 LevelAfter=2 LootInfo=-1 Name=LOC_CITIZEN_MAYA_MODERN_FEMALE_3 Operation=58 PlotIndex=978
tally 1  FOMENT_UNREST SUCCESS_MUST_ESCAPE / NO_RESULT
turn 134 spies active 2 idle 1 missions 1 captured-enemy 0
spy 3276811 LOC_CITIZEN_MAYA_MODERN_MALE_4 level 1 at 36:42 travel
spy 3211278 LOC_CITIZEN_MAYA_MALE_1 level 1 at 54:15 busy
spy 2949138 LOC_CITIZEN_MAYA_MODERN_FEMALE_3 level 1 at 54:11 busy
turn 134 spies 3 started 0 travelled 1 promoted 0 bought 0 gold 50000
unblock: blocker ENDTURN_BLOCKING_CIVIC -> civic CIVIC_DEFENSIVE_TACTICS | end turn requested
unblock: blocker ENDTURN_BLOCKING_PRODUCTION -> NARANJO builds UNIT_WARRIOR | end turn requested
unstuck: closed sessions [4:4]
unstuck: DiplomacyActionView: Closing Diplomacy Action View. m_eventID: 526391
mission CityName=LOC_CITY_NAME_OTTAWA CompletionTurn=134 EscapeResult=-1 InitialResult=4 LevelAfter=2 LootInfo=-1 Name=LOC_CITIZEN_MAYA_MODERN_FEMALE_3 Operation=58 PlotIndex=978
tally 1  FOMENT_UNREST SUCCESS_MUST_ESCAPE / NO_RESULT
turn 135 spies active 2 idle 0 missions 1 captured-enemy 0
spy 3407883 LOC_CITIZEN_MAYA_MODERN_MALE_1 level 1 at 54:15 refused
spy 3211278 LOC_CITIZEN_MAYA_MALE_1 level 1 at 54:15 busy
spy 2949138 LOC_CITIZEN_MAYA_MODERN_FEMALE_3 level 1 at 54:11 busy
turn 135 spies 3 started 0 travelled 0 promoted 0 bought 1 gold 50000
unblock: blocker ENDTURN_BLOCKING_PRODUCTION -> NARANJO builds UNIT_WARRIOR | end turn requested
unstuck: TechCivicCompletedPopup: closed
unblock: blocker ENDTURN_BLOCKING_SPY_CHOOSE_ESCAPE_ROUTE -> escape route DISTRICT_COMMERCIAL_HUB of 2 for spy 2949138 LOC_CITIZEN_MAYA_MODERN_FEMALE_3 level 1 turn 135 | end turn requested
mission CityName=LOC_CITY_NAME_OTTAWA CompletionTurn=134 EscapeResult=-1 InitialResult=4 LevelAfter=2 LootInfo=-1 Name=LOC_CITIZEN_MAYA_MODERN_FEMALE_3 Operation=58 PlotIndex=978
tally 1  FOMENT_UNREST SUCCESS_MUST_ESCAPE / NO_RESULT
turn 136 spies active 2 idle 3 missions 1 captured-enemy 0
spy 3538952 LOC_UNIT_SPY_NAME level 1 at 54:21 start
spy 3473417 LOC_CITIZEN_MAYA_MODERN_FEMALE_9 level 1 at 36:42 travel
spy 3407883 LOC_CITIZEN_MAYA_MODERN_MALE_1 level 1 at 54:15 refused
spy 3211278 LOC_CITIZEN_MAYA_MALE_1 level 1 at 54:15 busy
spy 2949138 LOC_CITIZEN_MAYA_MODERN_FEMALE_3 level 1 at 54:11 busy
turn 136 spies 5 started 1 travelled 1 promoted 0 bought 0 gold 48951
unblock: blocker ENDTURN_BLOCKING_SPY_CHOOSE_ESCAPE_ROUTE -> escape route DISTRICT_COMMERCIAL_HUB of 2 for spy 2949138 LOC_CITIZEN_MAYA_MODERN_FEMALE_3 level 1 turn 136 | end turn requested
unstuck: NaturalWonderPopup: closed
unblock: blocker ENDTURN_BLOCKING_CIVIC -> civic CIVIC_RECORDED_HISTORY | end turn requested
unstuck: closed sessions [2:2]
unstuck: DiplomacyActionView: Closing Diplomacy Action View. m_eventID: 543414
mission CityName=LOC_CITY_NAME_MONTREAL CompletionTurn=137 EscapeResult=-1 InitialResult=5 LevelAfter=2 LootInfo=-1 Name=LOC_CITIZEN_MAYA_MALE_1 Operation=58 PlotIndex=1314
mission CityName=LOC_CITY_NAME_OTTAWA CompletionTurn=134 EscapeResult=2 InitialResult=4 LevelAfter=2 LootInfo=-1 Name=LOC_CITIZEN_MAYA_MODERN_FEMALE_3 Operation=58 PlotIndex=978
tally 1  FOMENT_UNREST SUCCESS_MUST_ESCAPE / FAIL_MUST_ESCAPE
tally 1  FOMENT_UNREST SUCCESS_UNDETECTED / NO_RESULT
turn 137 spies active 1 idle 2 missions 2 captured-enemy 0
spy 3538952 LOC_CITIZEN_MAYA_MODERN_MALE_4 level 1 at 54:21 busy
spy 3407883 LOC_CITIZEN_MAYA_MODERN_MALE_1 level 1 at 54:15 start
spy 3211278 LOC_CITIZEN_MAYA_MALE_1 level 1 at 54:15 start
turn 137 spies 3 started 2 travelled 0 promoted 0 bought 1 gold 50000
unblock: blocker ENDTURN_BLOCKING_CIVIC -> civic CIVIC_RECORDED_HISTORY | end turn requested
unblock: blocker ENDTURN_BLOCKING_RESEARCH -> research TECH_MILITARY_TACTICS | end turn requested
unstuck: closed sessions [7:7]
unstuck: DiplomacyActionView: closed
mission CityName=LOC_CITY_NAME_MONTREAL CompletionTurn=137 EscapeResult=-1 InitialResult=5 LevelAfter=2 LootInfo=-1 Name=LOC_CITIZEN_MAYA_MALE_1 Operation=58 PlotIndex=1314
mission CityName=LOC_CITY_NAME_OTTAWA CompletionTurn=134 EscapeResult=2 InitialResult=4 LevelAfter=2 LootInfo=-1 Name=LOC_CITIZEN_MAYA_MODERN_FEMALE_3 Operation=58 PlotIndex=978
tally 1  FOMENT_UNREST SUCCESS_MUST_ESCAPE / FAIL_MUST_ESCAPE
tally 1  FOMENT_UNREST SUCCESS_UNDETECTED / NO_RESULT
turn 138 spies active 2 idle 3 missions 2 captured-enemy 0
spy 3538952 LOC_CITIZEN_MAYA_MODERN_MALE_4 level 1 at 54:21 busy
spy 3735561 LOC_CITIZEN_MAYA_MODERN_FEMALE_9 level 1 at 60:16 start
spy 3407883 LOC_CITIZEN_MAYA_MODERN_MALE_1 level 1 at 54:15 busy
spy 3211278 LOC_CITIZEN_MAYA_MALE_1 level 1 at 54:15 refused
spy 3670034 LOC_CITIZEN_MAYA_MODERN_MALE_9 level 1 at 36:42 travel
turn 138 spies 5 started 1 travelled 1 promoted 0 bought 0 gold 50000
unblock: blocker ENDTURN_BLOCKING_RESEARCH -> research TECH_MILITARY_TACTICS | end turn requested
unblock: blocker ENDTURN_BLOCKING_PRODUCTION -> NARANJO builds UNIT_WARRIOR | end turn requested
mission CityName=LOC_CITY_NAME_MONTREAL CompletionTurn=137 EscapeResult=-1 InitialResult=5 LevelAfter=2 LootInfo=-1 Name=LOC_CITIZEN_MAYA_MALE_1 Operation=58 PlotIndex=1314
mission CityName=LOC_CITY_NAME_OTTAWA CompletionTurn=134 EscapeResult=2 InitialResult=4 LevelAfter=2 LootInfo=-1 Name=LOC_CITIZEN_MAYA_MODERN_FEMALE_3 Operation=58 PlotIndex=978
tally 1  FOMENT_UNREST SUCCESS_MUST_ESCAPE / FAIL_MUST_ESCAPE
tally 1  FOMENT_UNREST SUCCESS_UNDETECTED / NO_RESULT
turn 139 spies active 3 idle 2 missions 2 captured-enemy 0
spy 3538952 LOC_CITIZEN_MAYA_MODERN_MALE_4 level 1 at 54:21 busy
spy 3735561 LOC_CITIZEN_MAYA_MODERN_FEMALE_9 level 1 at 60:16 busy
spy 3407883 LOC_CITIZEN_MAYA_MODERN_MALE_1 level 1 at 54:15 busy
spy 3211278 LOC_CITIZEN_MAYA_MALE_1 level 1 at 54:15 refused
spy 3801106 LOC_CITIZEN_MAYA_MODERN_FEMALE_3 level 1 at 36:42 travel
turn 139 spies 5 started 0 travelled 1 promoted 0 bought 0 gold 50000
unblock: blocker ENDTURN_BLOCKING_PRODUCTION -> NARANJO builds UNIT_WARRIOR | end turn requested
mission CityName=LOC_CITY_NAME_TORONTO CompletionTurn=140 EscapeResult=-1 InitialResult=0 LevelAfter=1 LootInfo=-1 Name=LOC_CITIZEN_MAYA_MODERN_MALE_4 Operation=58 PlotIndex=1818
mission CityName=LOC_CITY_NAME_MONTREAL CompletionTurn=137 EscapeResult=-1 InitialResult=5 LevelAfter=2 LootInfo=-1 Name=LOC_CITIZEN_MAYA_MALE_1 Operation=58 PlotIndex=1314
mission CityName=LOC_CITY_NAME_OTTAWA CompletionTurn=134 EscapeResult=2 InitialResult=4 LevelAfter=2 LootInfo=-1 Name=LOC_CITIZEN_MAYA_MODERN_FEMALE_3 Operation=58 PlotIndex=978
tally 1  FOMENT_UNREST KILLED / NO_RESULT
tally 1  FOMENT_UNREST SUCCESS_MUST_ESCAPE / FAIL_MUST_ESCAPE
tally 1  FOMENT_UNREST SUCCESS_UNDETECTED / NO_RESULT
turn 140 spies active 3 idle 1 missions 3 captured-enemy 0
spy 3735561 LOC_CITIZEN_MAYA_MODERN_FEMALE_9 level 1 at 60:16 busy
spy 3407883 LOC_CITIZEN_MAYA_MODERN_MALE_1 level 1 at 54:15 busy
spy 3211278 LOC_CITIZEN_MAYA_MALE_1 level 1 at 54:15 refused
spy 3866642 LOC_CITIZEN_MAYA_MODERN_MALE_9 level 1 at 54:11 start
turn 140 spies 4 started 1 travelled 0 promoted 0 bought 1 gold 50000
unblock: blocker ENDTURN_BLOCKING_CIVIC -> civic CIVIC_THEOLOGY | end turn requested
unblock: blocker ENDTURN_BLOCKING_PRODUCTION -> NARANJO builds UNIT_WARRIOR | end turn requested
unblock: blocker ENDTURN_BLOCKING_FILL_CIVIC_SLOT -> nothing | end turn requested
unstuck: closed sessions [2:2]
unstuck: DiplomacyActionView: Closing Diplomacy Action View. m_eventID: 580597
mission CityName=LOC_CITY_NAME_TORONTO CompletionTurn=140 EscapeResult=-1 InitialResult=0 LevelAfter=1 LootInfo=-1 Name=LOC_CITIZEN_MAYA_MODERN_MALE_4 Operation=58 PlotIndex=1818
mission CityName=LOC_CITY_NAME_MONTREAL CompletionTurn=137 EscapeResult=-1 InitialResult=5 LevelAfter=2 LootInfo=-1 Name=LOC_CITIZEN_MAYA_MALE_1 Operation=58 PlotIndex=1314
mission CityName=LOC_CITY_NAME_OTTAWA CompletionTurn=134 EscapeResult=2 InitialResult=4 LevelAfter=2 LootInfo=-1 Name=LOC_CITIZEN_MAYA_MODERN_FEMALE_3 Operation=58 PlotIndex=978
tally 1  FOMENT_UNREST KILLED / NO_RESULT
tally 1  FOMENT_UNREST SUCCESS_MUST_ESCAPE / FAIL_MUST_ESCAPE
tally 1  FOMENT_UNREST SUCCESS_UNDETECTED / NO_RESULT
turn 140 spies active 3 idle 2 missions 3 captured-enemy 0
spy 3997698 LOC_CITIZEN_MAYA_FEMALE_3 level 1 at 36:42 notarget
spy 3735561 LOC_CITIZEN_MAYA_MODERN_FEMALE_9 level 1 at 60:16 busy
spy 3407883 LOC_CITIZEN_MAYA_MODERN_MALE_1 level 1 at 54:15 busy
spy 3211278 LOC_CITIZEN_MAYA_MALE_1 level 1 at 54:15 refused
spy 3866642 LOC_CITIZEN_MAYA_MODERN_MALE_9 level 1 at 54:11 busy
turn 140 spies 5 started 0 travelled 0 promoted 0 bought 0 gold 48655
unblock: blocker ENDTURN_BLOCKING_FILL_CIVIC_SLOT -> nothing | end turn requested
unstuck: NaturalDisasterPopup: closed
unstuck: WorldCrisisPopup: closed
unblock: blocker ENDTURN_BLOCKING_CIVIC -> civic CIVIC_NAVAL_TRADITION | end turn requested
unstuck: closed sessions [3:3]
unstuck: DiplomacyActionView: Closing Diplomacy Action View. m_eventID: 590420
unblock: blocker ENDTURN_BLOCKING_WORLD_CONGRESS_SESSION -> nothing | end turn requested
unstuck: WorldCongressIntro: closed
unstuck: WorldCongressPopup: closed
mission CityName=LOC_CITY_NAME_QUEBEC_CITY CompletionTurn=142 EscapeResult=-1 InitialResult=4 LevelAfter=2 LootInfo=-1 Name=LOC_CITIZEN_MAYA_MODERN_FEMALE_9 Operation=58 PlotIndex=1404
mission CityName=LOC_CITY_NAME_MONTREAL CompletionTurn=141 EscapeResult=-1 InitialResult=2 LevelAfter=1 LootInfo=-1 Name=LOC_CITIZEN_MAYA_MODERN_MALE_1 Operation=58 PlotIndex=1314
mission CityName=LOC_CITY_NAME_TORONTO CompletionTurn=140 EscapeResult=-1 InitialResult=0 LevelAfter=1 LootInfo=-1 Name=LOC_CITIZEN_MAYA_MODERN_MALE_4 Operation=58 PlotIndex=1818
mission CityName=LOC_CITY_NAME_MONTREAL CompletionTurn=137 EscapeResult=-1 InitialResult=5 LevelAfter=2 LootInfo=-1 Name=LOC_CITIZEN_MAYA_MALE_1 Operation=58 PlotIndex=1314
mission CityName=LOC_CITY_NAME_OTTAWA CompletionTurn=134 EscapeResult=2 InitialResult=4 LevelAfter=2 LootInfo=-1 Name=LOC_CITIZEN_MAYA_MODERN_FEMALE_3 Operation=58 PlotIndex=978
tally 1  FOMENT_UNREST FAIL_MUST_ESCAPE / NO_RESULT
tally 1  FOMENT_UNREST KILLED / NO_RESULT
tally 1  FOMENT_UNREST SUCCESS_MUST_ESCAPE / FAIL_MUST_ESCAPE
tally 1  FOMENT_UNREST SUCCESS_MUST_ESCAPE / NO_RESULT
tally 1  FOMENT_UNREST SUCCESS_UNDETECTED / NO_RESULT
turn 142 spies active 3 idle 3 missions 5 captured-enemy 0
spy 3997698 LOC_CITIZEN_MAYA_FEMALE_3 level 1 at 36:42 travel
spy 4063240 LOC_CITIZEN_MAYA_MODERN_FEMALE_3 level 1 at 54:11 refused
spy 3735561 LOC_CITIZEN_MAYA_MODERN_FEMALE_9 level 1 at 60:16 busy
spy 3407883 LOC_CITIZEN_MAYA_MODERN_MALE_1 level 1 at 54:15 busy
spy 3211278 LOC_CITIZEN_MAYA_MALE_1 level 1 at 54:15 refused
spy 3866642 LOC_CITIZEN_MAYA_MODERN_MALE_9 level 1 at 54:11 busy
turn 142 spies 6 started 0 travelled 1 promoted 0 bought 0 gold 50000
unblock: blocker ENDTURN_BLOCKING_CIVIC -> civic CIVIC_NAVAL_TRADITION | end turn requested
mission CityName=LOC_CITY_NAME_QUEBEC_CITY CompletionTurn=142 EscapeResult=-1 InitialResult=4 LevelAfter=2 LootInfo=-1 Name=LOC_CITIZEN_MAYA_MODERN_FEMALE_9 Operation=58 PlotIndex=1404
mission CityName=LOC_CITY_NAME_MONTREAL CompletionTurn=141 EscapeResult=-1 InitialResult=2 LevelAfter=1 LootInfo=-1 Name=LOC_CITIZEN_MAYA_MODERN_MALE_1 Operation=58 PlotIndex=1314
mission CityName=LOC_CITY_NAME_TORONTO CompletionTurn=140 EscapeResult=-1 InitialResult=0 LevelAfter=1 LootInfo=-1 Name=LOC_CITIZEN_MAYA_MODERN_MALE_4 Operation=58 PlotIndex=1818
mission CityName=LOC_CITY_NAME_MONTREAL CompletionTurn=137 EscapeResult=-1 InitialResult=5 LevelAfter=2 LootInfo=-1 Name=LOC_CITIZEN_MAYA_MALE_1 Operation=58 PlotIndex=1314
mission CityName=LOC_CITY_NAME_OTTAWA CompletionTurn=134 EscapeResult=2 InitialResult=4 LevelAfter=2 LootInfo=-1 Name=LOC_CITIZEN_MAYA_MODERN_FEMALE_3 Operation=58 PlotIndex=978
tally 1  FOMENT_UNREST FAIL_MUST_ESCAPE / NO_RESULT
tally 1  FOMENT_UNREST KILLED / NO_RESULT
tally 1  FOMENT_UNREST SUCCESS_MUST_ESCAPE / FAIL_MUST_ESCAPE
tally 1  FOMENT_UNREST SUCCESS_MUST_ESCAPE / NO_RESULT
tally 1  FOMENT_UNREST SUCCESS_UNDETECTED / NO_RESULT
turn 142 spies active 3 idle 2 missions 5 captured-enemy 0
spy 4063240 LOC_CITIZEN_MAYA_MODERN_FEMALE_3 level 1 at 54:11 refused
spy 3735561 LOC_CITIZEN_MAYA_MODERN_FEMALE_9 level 1 at 60:16 busy
spy 3407883 LOC_CITIZEN_MAYA_MODERN_MALE_1 level 1 at 54:15 busy
spy 3211278 LOC_CITIZEN_MAYA_MALE_1 level 1 at 54:15 refused
spy 3866642 LOC_CITIZEN_MAYA_MODERN_MALE_9 level 1 at 54:11 busy
turn 142 spies 5 started 0 travelled 0 promoted 0 bought 1 gold 50000
unblock: blocker ENDTURN_BLOCKING_SPY_CHOOSE_ESCAPE_ROUTE -> escape route DISTRICT_CITY_CENTER of 2 for spy 3735561 LOC_CITIZEN_MAYA_MODERN_FEMALE_9 level 1 turn 142 | end turn requested
unstuck: NaturalDisasterPopup: closed
unblock: blocker ENDTURN_BLOCKING_SPY_CHOOSE_ESCAPE_ROUTE -> escape route DISTRICT_CITY_CENTER of 2 for spy 3735561 LOC_CITIZEN_MAYA_MODERN_FEMALE_9 level 1 turn 143 | end turn requested
mission CityName=LOC_CITY_NAME_OTTAWA CompletionTurn=144 EscapeResult=-1 InitialResult=3 LevelAfter=1 LootInfo=-1 Name=LOC_CITIZEN_MAYA_MODERN_MALE_9 Operation=58 PlotIndex=978
mission CityName=LOC_CITY_NAME_QUEBEC_CITY CompletionTurn=142 EscapeResult=-1 InitialResult=4 LevelAfter=2 LootInfo=-1 Name=LOC_CITIZEN_MAYA_MODERN_FEMALE_9 Operation=58 PlotIndex=1404
mission CityName=LOC_CITY_NAME_MONTREAL CompletionTurn=141 EscapeResult=-1 InitialResult=2 LevelAfter=1 LootInfo=-1 Name=LOC_CITIZEN_MAYA_MODERN_MALE_1 Operation=58 PlotIndex=1314
mission CityName=LOC_CITY_NAME_TORONTO CompletionTurn=140 EscapeResult=-1 InitialResult=0 LevelAfter=1 LootInfo=-1 Name=LOC_CITIZEN_MAYA_MODERN_MALE_4 Operation=58 PlotIndex=1818
mission CityName=LOC_CITY_NAME_MONTREAL CompletionTurn=137 EscapeResult=-1 InitialResult=5 LevelAfter=2 LootInfo=-1 Name=LOC_CITIZEN_MAYA_MALE_1 Operation=58 PlotIndex=1314
mission CityName=LOC_CITY_NAME_OTTAWA CompletionTurn=134 EscapeResult=2 InitialResult=4 LevelAfter=2 LootInfo=-1 Name=LOC_CITIZEN_MAYA_MODERN_FEMALE_3 Operation=58 PlotIndex=978
tally 1  FOMENT_UNREST FAIL_MUST_ESCAPE / NO_RESULT
tally 1  FOMENT_UNREST FAIL_UNDETECTED / NO_RESULT
tally 1  FOMENT_UNREST KILLED / NO_RESULT
tally 1  FOMENT_UNREST SUCCESS_MUST_ESCAPE / FAIL_MUST_ESCAPE
tally 1  FOMENT_UNREST SUCCESS_MUST_ESCAPE / NO_RESULT
tally 1  FOMENT_UNREST SUCCESS_UNDETECTED / NO_RESULT
turn 144 spies active 2 idle 4 missions 6 captured-enemy 0
spy 4194306 LOC_CITIZEN_MAYA_FEMALE_3 level 1 at 54:21 start
spy 4063240 LOC_CITIZEN_MAYA_MODERN_FEMALE_3 level 1 at 54:11 start
spy 3735561 LOC_CITIZEN_MAYA_MODERN_FEMALE_9 level 1 at 60:16 busy
spy 3407883 LOC_CITIZEN_MAYA_MODERN_MALE_1 level 1 at 54:15 busy
spy 3211278 LOC_CITIZEN_MAYA_MALE_1 level 1 at 54:15 refused
spy 3866642 LOC_CITIZEN_MAYA_MODERN_MALE_9 level 1 at 54:11 start
turn 144 spies 6 started 3 travelled 0 promoted 0 bought 1 gold 50000
unblock: blocker ENDTURN_BLOCKING_SPY_CHOOSE_ESCAPE_ROUTE -> escape route DISTRICT_CITY_CENTER of 2 for spy 3735561 LOC_CITIZEN_MAYA_MODERN_FEMALE_9 level 1 turn 144 | end turn requested
unblock: blocker ENDTURN_BLOCKING_SPY_CHOOSE_ESCAPE_ROUTE -> escape route DISTRICT_CITY_CENTER of 1 for spy 3407883 LOC_CITIZEN_MAYA_MODERN_MALE_1 level 1 turn 144 | end turn requested
unstuck: closed sessions [2:2]
unstuck: DiplomacyActionView: Closing Diplomacy Action View. m_eventID: 616218
mission CityName=LOC_CITY_NAME_OTTAWA CompletionTurn=144 EscapeResult=-1 InitialResult=3 LevelAfter=1 LootInfo=-1 Name=LOC_CITIZEN_MAYA_MODERN_MALE_9 Operation=58 PlotIndex=978
mission CityName=LOC_CITY_NAME_QUEBEC_CITY CompletionTurn=142 EscapeResult=2 InitialResult=4 LevelAfter=2 LootInfo=-1 Name=LOC_CITIZEN_MAYA_MODERN_FEMALE_9 Operation=58 PlotIndex=1404
mission CityName=LOC_CITY_NAME_MONTREAL CompletionTurn=141 EscapeResult=-1 InitialResult=2 LevelAfter=1 LootInfo=-1 Name=LOC_CITIZEN_MAYA_MODERN_MALE_1 Operation=58 PlotIndex=1314
mission CityName=LOC_CITY_NAME_TORONTO CompletionTurn=140 EscapeResult=-1 InitialResult=0 LevelAfter=1 LootInfo=-1 Name=LOC_CITIZEN_MAYA_MODERN_MALE_4 Operation=58 PlotIndex=1818
mission CityName=LOC_CITY_NAME_MONTREAL CompletionTurn=137 EscapeResult=-1 InitialResult=5 LevelAfter=2 LootInfo=-1 Name=LOC_CITIZEN_MAYA_MALE_1 Operation=58 PlotIndex=1314
mission CityName=LOC_CITY_NAME_OTTAWA CompletionTurn=134 EscapeResult=2 InitialResult=4 LevelAfter=2 LootInfo=-1 Name=LOC_CITIZEN_MAYA_MODERN_FEMALE_3 Operation=58 PlotIndex=978
tally 1  FOMENT_UNREST FAIL_MUST_ESCAPE / NO_RESULT
tally 1  FOMENT_UNREST FAIL_UNDETECTED / NO_RESULT
tally 1  FOMENT_UNREST KILLED / NO_RESULT
tally 2  FOMENT_UNREST SUCCESS_MUST_ESCAPE / FAIL_MUST_ESCAPE
tally 1  FOMENT_UNREST SUCCESS_UNDETECTED / NO_RESULT
turn 145 spies active 3 idle 3 missions 6 captured-enemy 0
spy 4194306 LOC_CITIZEN_MAYA_FEMALE_3 level 1 at 54:21 busy
spy 4063240 LOC_CITIZEN_MAYA_MODERN_FEMALE_3 level 1 at 54:11 busy
spy 3407883 LOC_CITIZEN_MAYA_MODERN_MALE_1 level 1 at 54:15 busy
spy 3211278 LOC_CITIZEN_MAYA_MALE_1 level 1 at 54:15 refused
spy 3866642 LOC_CITIZEN_MAYA_MODERN_MALE_9 level 1 at 54:11 refused
spy 4259860 LOC_CITIZEN_MAYA_MALE_8 level 1 at 36:42 travel
turn 145 spies 6 started 0 travelled 1 promoted 0 bought 0 gold 50000
unblock: blocker ENDTURN_BLOCKING_SPY_CHOOSE_ESCAPE_ROUTE -> escape route DISTRICT_CITY_CENTER of 1 for spy 3407883 LOC_CITIZEN_MAYA_MODERN_MALE_1 level 1 turn 145 | end turn requested
unblock: blocker ENDTURN_BLOCKING_PRODUCTION -> NARANJO builds UNIT_WARRIOR | end turn requested
mission CityName=LOC_CITY_NAME_OTTAWA CompletionTurn=144 EscapeResult=-1 InitialResult=3 LevelAfter=1 LootInfo=-1 Name=LOC_CITIZEN_MAYA_MODERN_MALE_9 Operation=58 PlotIndex=978
mission CityName=LOC_CITY_NAME_QUEBEC_CITY CompletionTurn=142 EscapeResult=2 InitialResult=4 LevelAfter=2 LootInfo=-1 Name=LOC_CITIZEN_MAYA_MODERN_FEMALE_9 Operation=58 PlotIndex=1404
mission CityName=LOC_CITY_NAME_MONTREAL CompletionTurn=141 EscapeResult=0 InitialResult=2 LevelAfter=1 LootInfo=-1 Name=LOC_CITIZEN_MAYA_MODERN_MALE_1 Operation=58 PlotIndex=1314
mission CityName=LOC_CITY_NAME_TORONTO CompletionTurn=140 EscapeResult=-1 InitialResult=0 LevelAfter=1 LootInfo=-1 Name=LOC_CITIZEN_MAYA_MODERN_MALE_4 Operation=58 PlotIndex=1818
mission CityName=LOC_CITY_NAME_MONTREAL CompletionTurn=137 EscapeResult=-1 InitialResult=5 LevelAfter=2 LootInfo=-1 Name=LOC_CITIZEN_MAYA_MALE_1 Operation=58 PlotIndex=1314
mission CityName=LOC_CITY_NAME_OTTAWA CompletionTurn=134 EscapeResult=2 InitialResult=4 LevelAfter=2 LootInfo=-1 Name=LOC_CITIZEN_MAYA_MODERN_FEMALE_3 Operation=58 PlotIndex=978
tally 1  FOMENT_UNREST FAIL_MUST_ESCAPE / KILLED
tally 1  FOMENT_UNREST FAIL_UNDETECTED / NO_RESULT
tally 1  FOMENT_UNREST KILLED / NO_RESULT
tally 2  FOMENT_UNREST SUCCESS_MUST_ESCAPE / FAIL_MUST_ESCAPE
tally 1  FOMENT_UNREST SUCCESS_UNDETECTED / NO_RESULT
turn 146 spies active 2 idle 2 missions 6 captured-enemy 0
spy 4194306 LOC_CITIZEN_MAYA_FEMALE_3 level 1 at 54:21 busy
spy 4063240 LOC_CITIZEN_MAYA_MODERN_FEMALE_3 level 1 at 54:11 busy
spy 3211278 LOC_CITIZEN_MAYA_MALE_1 level 1 at 54:15 start
spy 3866642 LOC_CITIZEN_MAYA_MODERN_MALE_9 level 1 at 54:11 refused
turn 146 spies 4 started 1 travelled 0 promoted 0 bought 1 gold 50000
unblock: blocker ENDTURN_BLOCKING_PRODUCTION -> NARANJO builds UNIT_WARRIOR | end turn requested
unblock: blocker ENDTURN_BLOCKING_WORLD_CONGRESS_SESSION -> nothing | end turn requested
unstuck: WorldCongressIntro: closed
unstuck: WorldCongressPopup: closed
mission CityName=LOC_CITY_NAME_OTTAWA CompletionTurn=144 EscapeResult=-1 InitialResult=3 LevelAfter=1 LootInfo=-1 Name=LOC_CITIZEN_MAYA_MODERN_MALE_9 Operation=58 PlotIndex=978
mission CityName=LOC_CITY_NAME_QUEBEC_CITY CompletionTurn=142 EscapeResult=2 InitialResult=4 LevelAfter=2 LootInfo=-1 Name=LOC_CITIZEN_MAYA_MODERN_FEMALE_9 Operation=58 PlotIndex=1404
mission CityName=LOC_CITY_NAME_MONTREAL CompletionTurn=141 EscapeResult=0 InitialResult=2 LevelAfter=1 LootInfo=-1 Name=LOC_CITIZEN_MAYA_MODERN_MALE_1 Operation=58 PlotIndex=1314
mission CityName=LOC_CITY_NAME_TORONTO CompletionTurn=140 EscapeResult=-1 InitialResult=0 LevelAfter=1 LootInfo=-1 Name=LOC_CITIZEN_MAYA_MODERN_MALE_4 Operation=58 PlotIndex=1818
mission CityName=LOC_CITY_NAME_MONTREAL CompletionTurn=137 EscapeResult=-1 InitialResult=5 LevelAfter=2 LootInfo=-1 Name=LOC_CITIZEN_MAYA_MALE_1 Operation=58 PlotIndex=1314
mission CityName=LOC_CITY_NAME_OTTAWA CompletionTurn=134 EscapeResult=2 InitialResult=4 LevelAfter=2 LootInfo=-1 Name=LOC_CITIZEN_MAYA_MODERN_FEMALE_3 Operation=58 PlotIndex=978
tally 1  FOMENT_UNREST FAIL_MUST_ESCAPE / KILLED
tally 1  FOMENT_UNREST FAIL_UNDETECTED / NO_RESULT
tally 1  FOMENT_UNREST KILLED / NO_RESULT
tally 2  FOMENT_UNREST SUCCESS_MUST_ESCAPE / FAIL_MUST_ESCAPE
tally 1  FOMENT_UNREST SUCCESS_UNDETECTED / NO_RESULT
turn 147 spies active 3 idle 3 missions 6 captured-enemy 0
spy 4194306 LOC_CITIZEN_MAYA_FEMALE_3 level 1 at 54:21 busy
spy 4063240 LOC_CITIZEN_MAYA_MODERN_FEMALE_3 level 1 at 54:11 busy
spy 4390923 LOC_CITIZEN_MAYA_MALE_8 level 1 at 60:16 start
spy 3211278 LOC_CITIZEN_MAYA_MALE_1 level 1 at 54:15 busy
spy 3866642 LOC_CITIZEN_MAYA_MODERN_MALE_9 level 1 at 54:11 refused
spy 4325396 LOC_CITIZEN_MAYA_FEMALE_4 level 1 at 36:42 travel
turn 147 spies 6 started 1 travelled 1 promoted 0 bought 0 gold 50000
unblock: blocker ENDTURN_BLOCKING_CIVIC -> civic CIVIC_FEUDALISM | end turn requested
mission CityName=LOC_CITY_NAME_OTTAWA CompletionTurn=148 EscapeResult=-1 InitialResult=2 LevelAfter=2 LootInfo=-1 Name=LOC_CITIZEN_MAYA_MODERN_FEMALE_3 Operation=58 PlotIndex=978
mission CityName=LOC_CITY_NAME_TORONTO CompletionTurn=148 EscapeResult=-1 InitialResult=2 LevelAfter=1 LootInfo=-1 Name=LOC_CITIZEN_MAYA_FEMALE_3 Operation=58 PlotIndex=1818
mission CityName=LOC_CITY_NAME_OTTAWA CompletionTurn=144 EscapeResult=-1 InitialResult=3 LevelAfter=1 LootInfo=-1 Name=LOC_CITIZEN_MAYA_MODERN_MALE_9 Operation=58 PlotIndex=978
mission CityName=LOC_CITY_NAME_QUEBEC_CITY CompletionTurn=142 EscapeResult=2 InitialResult=4 LevelAfter=2 LootInfo=-1 Name=LOC_CITIZEN_MAYA_MODERN_FEMALE_9 Operation=58 PlotIndex=1404
mission CityName=LOC_CITY_NAME_MONTREAL CompletionTurn=141 EscapeResult=0 InitialResult=2 LevelAfter=1 LootInfo=-1 Name=LOC_CITIZEN_MAYA_MODERN_MALE_1 Operation=58 PlotIndex=1314
mission CityName=LOC_CITY_NAME_TORONTO CompletionTurn=140 EscapeResult=-1 InitialResult=0 LevelAfter=1 LootInfo=-1 Name=LOC_CITIZEN_MAYA_MODERN_MALE_4 Operation=58 PlotIndex=1818
mission CityName=LOC_CITY_NAME_MONTREAL CompletionTurn=137 EscapeResult=-1 InitialResult=5 LevelAfter=2 LootInfo=-1 Name=LOC_CITIZEN_MAYA_MALE_1 Operation=58 PlotIndex=1314
mission CityName=LOC_CITY_NAME_OTTAWA CompletionTurn=134 EscapeResult=2 InitialResult=4 LevelAfter=2 LootInfo=-1 Name=LOC_CITIZEN_MAYA_MODERN_FEMALE_3 Operation=58 PlotIndex=978
tally 1  FOMENT_UNREST FAIL_MUST_ESCAPE / KILLED
tally 2  FOMENT_UNREST FAIL_MUST_ESCAPE / NO_RESULT
tally 1  FOMENT_UNREST FAIL_UNDETECTED / NO_RESULT
tally 1  FOMENT_UNREST KILLED / NO_RESULT
tally 2  FOMENT_UNREST SUCCESS_MUST_ESCAPE / FAIL_MUST_ESCAPE
tally 1  FOMENT_UNREST SUCCESS_UNDETECTED / NO_RESULT
turn 148 spies active 4 idle 1 missions 8 captured-enemy 0
spy 4194306 LOC_CITIZEN_MAYA_FEMALE_3 level 1 at 54:21 busy
spy 4063240 LOC_CITIZEN_MAYA_MODERN_FEMALE_3 level 1 at 54:11 busy
spy 4390923 LOC_CITIZEN_MAYA_MALE_8 level 1 at 60:16 busy
spy 3211278 LOC_CITIZEN_MAYA_MALE_1 level 1 at 54:15 busy
spy 3866642 LOC_CITIZEN_MAYA_MODERN_MALE_9 level 1 at 54:11 refused
spy 4522004 LOC_CITIZEN_MAYA_MODERN_FEMALE_9 level 1 at 36:42 travel
turn 148 spies 6 started 0 travelled 1 promoted 0 bought 0 gold 50000
unblock: blocker ENDTURN_BLOCKING_PRODUCTION -> NARANJO builds UNIT_WARRIOR | end turn requested
unblock: blocker ENDTURN_BLOCKING_CIVIC -> civic CIVIC_CIVIL_SERVICE | end turn requested
unstuck: closed sessions [2:2]
unstuck: DiplomacyActionView: Closing Diplomacy Action View. m_eventID: 653488
mission CityName=LOC_CITY_NAME_OTTAWA CompletionTurn=148 EscapeResult=-1 InitialResult=2 LevelAfter=2 LootInfo=-1 Name=LOC_CITIZEN_MAYA_MODERN_FEMALE_3 Operation=58 PlotIndex=978
mission CityName=LOC_CITY_NAME_TORONTO CompletionTurn=148 EscapeResult=-1 InitialResult=2 LevelAfter=1 LootInfo=-1 Name=LOC_CITIZEN_MAYA_FEMALE_3 Operation=58 PlotIndex=1818
mission CityName=LOC_CITY_NAME_OTTAWA CompletionTurn=144 EscapeResult=-1 InitialResult=3 LevelAfter=1 LootInfo=-1 Name=LOC_CITIZEN_MAYA_MODERN_MALE_9 Operation=58 PlotIndex=978
mission CityName=LOC_CITY_NAME_QUEBEC_CITY CompletionTurn=142 EscapeResult=2 InitialResult=4 LevelAfter=2 LootInfo=-1 Name=LOC_CITIZEN_MAYA_MODERN_FEMALE_9 Operation=58 PlotIndex=1404
mission CityName=LOC_CITY_NAME_MONTREAL CompletionTurn=141 EscapeResult=0 InitialResult=2 LevelAfter=1 LootInfo=-1 Name=LOC_CITIZEN_MAYA_MODERN_MALE_1 Operation=58 PlotIndex=1314
mission CityName=LOC_CITY_NAME_TORONTO CompletionTurn=140 EscapeResult=-1 InitialResult=0 LevelAfter=1 LootInfo=-1 Name=LOC_CITIZEN_MAYA_MODERN_MALE_4 Operation=58 PlotIndex=1818
mission CityName=LOC_CITY_NAME_MONTREAL CompletionTurn=137 EscapeResult=-1 InitialResult=5 LevelAfter=2 LootInfo=-1 Name=LOC_CITIZEN_MAYA_MALE_1 Operation=58 PlotIndex=1314
mission CityName=LOC_CITY_NAME_OTTAWA CompletionTurn=134 EscapeResult=2 InitialResult=4 LevelAfter=2 LootInfo=-1 Name=LOC_CITIZEN_MAYA_MODERN_FEMALE_3 Operation=58 PlotIndex=978
tally 1  FOMENT_UNREST FAIL_MUST_ESCAPE / KILLED
tally 2  FOMENT_UNREST FAIL_MUST_ESCAPE / NO_RESULT
tally 1  FOMENT_UNREST FAIL_UNDETECTED / NO_RESULT
tally 1  FOMENT_UNREST KILLED / NO_RESULT
tally 2  FOMENT_UNREST SUCCESS_MUST_ESCAPE / FAIL_MUST_ESCAPE
tally 1  FOMENT_UNREST SUCCESS_UNDETECTED / NO_RESULT
turn 149 spies active 4 idle 1 missions 8 captured-enemy 0
spy 4194306 LOC_CITIZEN_MAYA_FEMALE_3 level 1 at 54:21 busy
spy 4063240 LOC_CITIZEN_MAYA_MODERN_FEMALE_3 level 1 at 54:11 busy
spy 4390923 LOC_CITIZEN_MAYA_MALE_8 level 1 at 60:16 busy
spy 3211278 LOC_CITIZEN_MAYA_MALE_1 level 1 at 54:15 busy
spy 3866642 LOC_CITIZEN_MAYA_MODERN_MALE_9 level 1 at 54:11 refused
turn 149 spies 5 started 0 travelled 0 promoted 0 bought 1 gold 50000
unblock: blocker ENDTURN_BLOCKING_CIVIC -> civic CIVIC_CIVIL_SERVICE | end turn requested
unblock: blocker ENDTURN_BLOCKING_SPY_CHOOSE_ESCAPE_ROUTE -> escape route DISTRICT_HARBOR of 2 for spy 4194306 LOC_CITIZEN_MAYA_FEMALE_3 level 1 turn 149 | end turn requested
mission CityName=LOC_CITY_NAME_MONTREAL CompletionTurn=150 EscapeResult=-1 InitialResult=2 LevelAfter=2 LootInfo=-1 Name=LOC_CITIZEN_MAYA_MALE_1 Operation=58 PlotIndex=1314
mission CityName=LOC_CITY_NAME_OTTAWA CompletionTurn=148 EscapeResult=-1 InitialResult=2 LevelAfter=2 LootInfo=-1 Name=LOC_CITIZEN_MAYA_MODERN_FEMALE_3 Operation=58 PlotIndex=978
mission CityName=LOC_CITY_NAME_TORONTO CompletionTurn=148 EscapeResult=-1 InitialResult=2 LevelAfter=1 LootInfo=-1 Name=LOC_CITIZEN_MAYA_FEMALE_3 Operation=58 PlotIndex=1818
mission CityName=LOC_CITY_NAME_OTTAWA CompletionTurn=144 EscapeResult=-1 InitialResult=3 LevelAfter=1 LootInfo=-1 Name=LOC_CITIZEN_MAYA_MODERN_MALE_9 Operation=58 PlotIndex=978
mission CityName=LOC_CITY_NAME_QUEBEC_CITY CompletionTurn=142 EscapeResult=2 InitialResult=4 LevelAfter=2 LootInfo=-1 Name=LOC_CITIZEN_MAYA_MODERN_FEMALE_9 Operation=58 PlotIndex=1404
mission CityName=LOC_CITY_NAME_MONTREAL CompletionTurn=141 EscapeResult=0 InitialResult=2 LevelAfter=1 LootInfo=-1 Name=LOC_CITIZEN_MAYA_MODERN_MALE_1 Operation=58 PlotIndex=1314
mission CityName=LOC_CITY_NAME_TORONTO CompletionTurn=140 EscapeResult=-1 InitialResult=0 LevelAfter=1 LootInfo=-1 Name=LOC_CITIZEN_MAYA_MODERN_MALE_4 Operation=58 PlotIndex=1818
mission CityName=LOC_CITY_NAME_MONTREAL CompletionTurn=137 EscapeResult=-1 InitialResult=5 LevelAfter=2 LootInfo=-1 Name=LOC_CITIZEN_MAYA_MALE_1 Operation=58 PlotIndex=1314
mission CityName=LOC_CITY_NAME_OTTAWA CompletionTurn=134 EscapeResult=2 InitialResult=4 LevelAfter=2 LootInfo=-1 Name=LOC_CITIZEN_MAYA_MODERN_FEMALE_3 Operation=58 PlotIndex=978
tally 1  FOMENT_UNREST FAIL_MUST_ESCAPE / KILLED
tally 3  FOMENT_UNREST FAIL_MUST_ESCAPE / NO_RESULT
tally 1  FOMENT_UNREST FAIL_UNDETECTED / NO_RESULT
tally 1  FOMENT_UNREST KILLED / NO_RESULT
tally 2  FOMENT_UNREST SUCCESS_MUST_ESCAPE / FAIL_MUST_ESCAPE
tally 1  FOMENT_UNREST SUCCESS_UNDETECTED / NO_RESULT
turn 150 spies active 4 idle 3 missions 9 captured-enemy 0
spy 4194306 LOC_CITIZEN_MAYA_FEMALE_3 level 1 at 54:21 busy
spy 4063240 LOC_CITIZEN_MAYA_MODERN_FEMALE_3 level 1 at 54:11 busy
spy 4390923 LOC_CITIZEN_MAYA_MALE_8 level 1 at 60:16 busy
spy 4718605 LOC_CITIZEN_MAYA_FEMALE_4 level 1 at 65:16 start
spy 3211278 LOC_CITIZEN_MAYA_MALE_1 level 1 at 54:15 busy
spy 4653072 LOC_CITIZEN_MAYA_MALE_6 level 1 at 36:42 travel
spy 3866642 LOC_CITIZEN_MAYA_MODERN_MALE_9 level 1 at 54:11 refused
turn 150 spies 7 started 1 travelled 1 promoted 0 bought 0 gold 50000
unblock: blocker ENDTURN_BLOCKING_SPY_CHOOSE_ESCAPE_ROUTE -> escape route DISTRICT_HARBOR of 2 for spy 4194306 LOC_CITIZEN_MAYA_FEMALE_3 level 1 turn 150 | end turn requested
unblock: blocker ENDTURN_BLOCKING_COMMEMORATION_AVAILABLE -> nothing | end turn requested
unstuck: closed sessions [4:4]
unstuck: EraCompletePopup: closed
mission CityName=LOC_CITY_NAME_MONTREAL CompletionTurn=150 EscapeResult=-1 InitialResult=2 LevelAfter=2 LootInfo=-1 Name=LOC_CITIZEN_MAYA_MALE_1 Operation=58 PlotIndex=1314
mission CityName=LOC_CITY_NAME_OTTAWA CompletionTurn=148 EscapeResult=-1 InitialResult=2 LevelAfter=2 LootInfo=-1 Name=LOC_CITIZEN_MAYA_MODERN_FEMALE_3 Operation=58 PlotIndex=978
mission CityName=LOC_CITY_NAME_TORONTO CompletionTurn=148 EscapeResult=0 InitialResult=2 LevelAfter=1 LootInfo=-1 Name=LOC_CITIZEN_MAYA_FEMALE_3 Operation=58 PlotIndex=1818
mission CityName=LOC_CITY_NAME_OTTAWA CompletionTurn=144 EscapeResult=-1 InitialResult=3 LevelAfter=1 LootInfo=-1 Name=LOC_CITIZEN_MAYA_MODERN_MALE_9 Operation=58 PlotIndex=978
mission CityName=LOC_CITY_NAME_QUEBEC_CITY CompletionTurn=142 EscapeResult=2 InitialResult=4 LevelAfter=2 LootInfo=-1 Name=LOC_CITIZEN_MAYA_MODERN_FEMALE_9 Operation=58 PlotIndex=1404
mission CityName=LOC_CITY_NAME_MONTREAL CompletionTurn=141 EscapeResult=0 InitialResult=2 LevelAfter=1 LootInfo=-1 Name=LOC_CITIZEN_MAYA_MODERN_MALE_1 Operation=58 PlotIndex=1314
mission CityName=LOC_CITY_NAME_TORONTO CompletionTurn=140 EscapeResult=-1 InitialResult=0 LevelAfter=1 LootInfo=-1 Name=LOC_CITIZEN_MAYA_MODERN_MALE_4 Operation=58 PlotIndex=1818
mission CityName=LOC_CITY_NAME_MONTREAL CompletionTurn=137 EscapeResult=-1 InitialResult=5 LevelAfter=2 LootInfo=-1 Name=LOC_CITIZEN_MAYA_MALE_1 Operation=58 PlotIndex=1314
mission CityName=LOC_CITY_NAME_OTTAWA CompletionTurn=134 EscapeResult=2 InitialResult=4 LevelAfter=2 LootInfo=-1 Name=LOC_CITIZEN_MAYA_MODERN_FEMALE_3 Operation=58 PlotIndex=978
tally 2  FOMENT_UNREST FAIL_MUST_ESCAPE / KILLED
tally 2  FOMENT_UNREST FAIL_MUST_ESCAPE / NO_RESULT
tally 1  FOMENT_UNREST FAIL_UNDETECTED / NO_RESULT
tally 1  FOMENT_UNREST KILLED / NO_RESULT
tally 2  FOMENT_UNREST SUCCESS_MUST_ESCAPE / FAIL_MUST_ESCAPE
tally 1  FOMENT_UNREST SUCCESS_UNDETECTED / NO_RESULT
turn 151 spies active 4 idle 1 missions 9 captured-enemy 0
spy 4063240 LOC_CITIZEN_MAYA_MODERN_FEMALE_3 level 1 at 54:11 busy
spy 4390923 LOC_CITIZEN_MAYA_MALE_8 level 1 at 60:16 busy
spy 4718605 LOC_CITIZEN_MAYA_FEMALE_4 level 1 at 65:16 busy
spy 3211278 LOC_CITIZEN_MAYA_MALE_1 level 1 at 54:15 busy
spy 3866642 LOC_CITIZEN_MAYA_MODERN_MALE_9 level 1 at 54:11 refused
turn 151 spies 5 started 0 travelled 0 promoted 0 bought 1 gold 50000
unblock: blocker ENDTURN_BLOCKING_SPY_CHOOSE_ESCAPE_ROUTE -> escape route DISTRICT_COMMERCIAL_HUB of 2 for spy 4063240 LOC_CITIZEN_MAYA_MODERN_FEMALE_3 level 1 turn 151 | end turn requested
unblock: blocker ENDTURN_BLOCKING_SPY_CHOOSE_ESCAPE_ROUTE -> escape route DISTRICT_CITY_CENTER of 1 for spy 3211278 LOC_CITIZEN_MAYA_MALE_1 level 1 turn 151 | end turn requested
unstuck: closed sessions [4:4]
unstuck: DiplomacyActionView: Closing Diplomacy Action View. m_eventID: 682173
mission CityName=LOC_CITY_NAME_QUEBEC_CITY CompletionTurn=151 EscapeResult=-1 InitialResult=5 LevelAfter=2 LootInfo=-1 Name=LOC_CITIZEN_MAYA_MALE_8 Operation=58 PlotIndex=1404
mission CityName=LOC_CITY_NAME_MONTREAL CompletionTurn=150 EscapeResult=-1 InitialResult=2 LevelAfter=2 LootInfo=-1 Name=LOC_CITIZEN_MAYA_MALE_1 Operation=58 PlotIndex=1314
mission CityName=LOC_CITY_NAME_OTTAWA CompletionTurn=148 EscapeResult=2 InitialResult=2 LevelAfter=2 LootInfo=-1 Name=LOC_CITIZEN_MAYA_MODERN_FEMALE_3 Operation=58 PlotIndex=978
mission CityName=LOC_CITY_NAME_TORONTO CompletionTurn=148 EscapeResult=0 InitialResult=2 LevelAfter=1 LootInfo=-1 Name=LOC_CITIZEN_MAYA_FEMALE_3 Operation=58 PlotIndex=1818
mission CityName=LOC_CITY_NAME_OTTAWA CompletionTurn=144 EscapeResult=-1 InitialResult=3 LevelAfter=1 LootInfo=-1 Name=LOC_CITIZEN_MAYA_MODERN_MALE_9 Operation=58 PlotIndex=978
mission CityName=LOC_CITY_NAME_QUEBEC_CITY CompletionTurn=142 EscapeResult=2 InitialResult=4 LevelAfter=2 LootInfo=-1 Name=LOC_CITIZEN_MAYA_MODERN_FEMALE_9 Operation=58 PlotIndex=1404
mission CityName=LOC_CITY_NAME_MONTREAL CompletionTurn=141 EscapeResult=0 InitialResult=2 LevelAfter=1 LootInfo=-1 Name=LOC_CITIZEN_MAYA_MODERN_MALE_1 Operation=58 PlotIndex=1314
mission CityName=LOC_CITY_NAME_TORONTO CompletionTurn=140 EscapeResult=-1 InitialResult=0 LevelAfter=1 LootInfo=-1 Name=LOC_CITIZEN_MAYA_MODERN_MALE_4 Operation=58 PlotIndex=1818
mission CityName=LOC_CITY_NAME_MONTREAL CompletionTurn=137 EscapeResult=-1 InitialResult=5 LevelAfter=2 LootInfo=-1 Name=LOC_CITIZEN_MAYA_MALE_1 Operation=58 PlotIndex=1314
mission CityName=LOC_CITY_NAME_OTTAWA CompletionTurn=134 EscapeResult=2 InitialResult=4 LevelAfter=2 LootInfo=-1 Name=LOC_CITIZEN_MAYA_MODERN_FEMALE_3 Operation=58 PlotIndex=978
tally 1  FOMENT_UNREST FAIL_MUST_ESCAPE / FAIL_MUST_ESCAPE
tally 2  FOMENT_UNREST FAIL_MUST_ESCAPE / KILLED
tally 1  FOMENT_UNREST FAIL_MUST_ESCAPE / NO_RESULT
tally 1  FOMENT_UNREST FAIL_UNDETECTED / NO_RESULT
tally 1  FOMENT_UNREST KILLED / NO_RESULT
tally 2  FOMENT_UNREST SUCCESS_MUST_ESCAPE / FAIL_MUST_ESCAPE
tally 2  FOMENT_UNREST SUCCESS_UNDETECTED / NO_RESULT
turn 152 spies active 2 idle 4 missions 10 captured-enemy 0
spy 4849666 LOC_CITIZEN_MAYA_MODERN_FEMALE_9 level 1 at 65:16 refused
spy 4915208 LOC_CITIZEN_MAYA_MALE_6 level 1 at 59:23 start
spy 4390923 LOC_CITIZEN_MAYA_MALE_8 level 1 at 60:16 start
spy 4718605 LOC_CITIZEN_MAYA_FEMALE_4 level 1 at 65:16 busy
spy 3211278 LOC_CITIZEN_MAYA_MALE_1 level 1 at 54:15 busy
spy 4784144 LOC_CITIZEN_MAYA_MODERN_FEMALE_5 level 1 at 36:42 travel
spy 3866642 LOC_CITIZEN_MAYA_MODERN_MALE_9 level 1 at 54:11 start
turn 152 spies 7 started 3 travelled 1 promoted 0 bought 0 gold 50000
unblock: blocker ENDTURN_BLOCKING_SPY_CHOOSE_ESCAPE_ROUTE -> escape route DISTRICT_CITY_CENTER of 1 for spy 3211278 LOC_CITIZEN_MAYA_MALE_1 level 1 turn 152 | end turn requested
unblock: blocker ENDTURN_BLOCKING_PRODUCTION -> NARANJO builds UNIT_WARRIOR | end turn requested
mission CityName=LOC_CITY_NAME_QUEBEC_CITY CompletionTurn=151 EscapeResult=-1 InitialResult=5 LevelAfter=2 LootInfo=-1 Name=LOC_CITIZEN_MAYA_MALE_8 Operation=58 PlotIndex=1404
mission CityName=LOC_CITY_NAME_MONTREAL CompletionTurn=150 EscapeResult=0 InitialResult=2 LevelAfter=2 LootInfo=-1 Name=LOC_CITIZEN_MAYA_MALE_1 Operation=58 PlotIndex=1314
mission CityName=LOC_CITY_NAME_OTTAWA CompletionTurn=148 EscapeResult=2 InitialResult=2 LevelAfter=2 LootInfo=-1 Name=LOC_CITIZEN_MAYA_MODERN_FEMALE_3 Operation=58 PlotIndex=978
mission CityName=LOC_CITY_NAME_TORONTO CompletionTurn=148 EscapeResult=0 InitialResult=2 LevelAfter=1 LootInfo=-1 Name=LOC_CITIZEN_MAYA_FEMALE_3 Operation=58 PlotIndex=1818
mission CityName=LOC_CITY_NAME_OTTAWA CompletionTurn=144 EscapeResult=-1 InitialResult=3 LevelAfter=1 LootInfo=-1 Name=LOC_CITIZEN_MAYA_MODERN_MALE_9 Operation=58 PlotIndex=978
mission CityName=LOC_CITY_NAME_QUEBEC_CITY CompletionTurn=142 EscapeResult=2 InitialResult=4 LevelAfter=2 LootInfo=-1 Name=LOC_CITIZEN_MAYA_MODERN_FEMALE_9 Operation=58 PlotIndex=1404
mission CityName=LOC_CITY_NAME_MONTREAL CompletionTurn=141 EscapeResult=0 InitialResult=2 LevelAfter=1 LootInfo=-1 Name=LOC_CITIZEN_MAYA_MODERN_MALE_1 Operation=58 PlotIndex=1314
mission CityName=LOC_CITY_NAME_TORONTO CompletionTurn=140 EscapeResult=-1 InitialResult=0 LevelAfter=1 LootInfo=-1 Name=LOC_CITIZEN_MAYA_MODERN_MALE_4 Operation=58 PlotIndex=1818
mission CityName=LOC_CITY_NAME_MONTREAL CompletionTurn=137 EscapeResult=-1 InitialResult=5 LevelAfter=2 LootInfo=-1 Name=LOC_CITIZEN_MAYA_MALE_1 Operation=58 PlotIndex=1314
mission CityName=LOC_CITY_NAME_OTTAWA CompletionTurn=134 EscapeResult=2 InitialResult=4 LevelAfter=2 LootInfo=-1 Name=LOC_CITIZEN_MAYA_MODERN_FEMALE_3 Operation=58 PlotIndex=978
tally 1  FOMENT_UNREST FAIL_MUST_ESCAPE / FAIL_MUST_ESCAPE
tally 3  FOMENT_UNREST FAIL_MUST_ESCAPE / KILLED
tally 1  FOMENT_UNREST FAIL_UNDETECTED / NO_RESULT
tally 1  FOMENT_UNREST KILLED / NO_RESULT
tally 2  FOMENT_UNREST SUCCESS_MUST_ESCAPE / FAIL_MUST_ESCAPE
tally 2  FOMENT_UNREST SUCCESS_UNDETECTED / NO_RESULT
turn 153 spies active 4 idle 1 missions 10 captured-enemy 0
spy 4849666 LOC_CITIZEN_MAYA_MODERN_FEMALE_9 level 1 at 65:16 refused
spy 4915208 LOC_CITIZEN_MAYA_MALE_6 level 1 at 59:23 busy
spy 4390923 LOC_CITIZEN_MAYA_MALE_8 level 1 at 60:16 busy
spy 4718605 LOC_CITIZEN_MAYA_FEMALE_4 level 1 at 65:16 busy
spy 3866642 LOC_CITIZEN_MAYA_MODERN_MALE_9 level 1 at 54:11 busy
turn 153 spies 5 started 0 travelled 0 promoted 0 bought 1 gold 50000
unblock: blocker ENDTURN_BLOCKING_PRODUCTION -> NARANJO builds UNIT_WARRIOR | end turn requested
unblock: blocker ENDTURN_BLOCKING_CIVIC -> civic CIVIC_MERCENARIES | end turn requested
mission CityName=LOC_CITY_NAME_HALIFAX CompletionTurn=154 EscapeResult=-1 InitialResult=5 LevelAfter=2 LootInfo=-1 Name=LOC_CITIZEN_MAYA_FEMALE_4 Operation=58 PlotIndex=1409
mission CityName=LOC_CITY_NAME_QUEBEC_CITY CompletionTurn=151 EscapeResult=-1 InitialResult=5 LevelAfter=2 LootInfo=-1 Name=LOC_CITIZEN_MAYA_MALE_8 Operation=58 PlotIndex=1404
mission CityName=LOC_CITY_NAME_MONTREAL CompletionTurn=150 EscapeResult=0 InitialResult=2 LevelAfter=2 LootInfo=-1 Name=LOC_CITIZEN_MAYA_MALE_1 Operation=58 PlotIndex=1314
mission CityName=LOC_CITY_NAME_OTTAWA CompletionTurn=148 EscapeResult=2 InitialResult=2 LevelAfter=2 LootInfo=-1 Name=LOC_CITIZEN_MAYA_MODERN_FEMALE_3 Operation=58 PlotIndex=978
mission CityName=LOC_CITY_NAME_TORONTO CompletionTurn=148 EscapeResult=0 InitialResult=2 LevelAfter=1 LootInfo=-1 Name=LOC_CITIZEN_MAYA_FEMALE_3 Operation=58 PlotIndex=1818
mission CityName=LOC_CITY_NAME_OTTAWA CompletionTurn=144 EscapeResult=-1 InitialResult=3 LevelAfter=1 LootInfo=-1 Name=LOC_CITIZEN_MAYA_MODERN_MALE_9 Operation=58 PlotIndex=978
mission CityName=LOC_CITY_NAME_QUEBEC_CITY CompletionTurn=142 EscapeResult=2 InitialResult=4 LevelAfter=2 LootInfo=-1 Name=LOC_CITIZEN_MAYA_MODERN_FEMALE_9 Operation=58 PlotIndex=1404
mission CityName=LOC_CITY_NAME_MONTREAL CompletionTurn=141 EscapeResult=0 InitialResult=2 LevelAfter=1 LootInfo=-1 Name=LOC_CITIZEN_MAYA_MODERN_MALE_1 Operation=58 PlotIndex=1314
mission CityName=LOC_CITY_NAME_TORONTO CompletionTurn=140 EscapeResult=-1 InitialResult=0 LevelAfter=1 LootInfo=-1 Name=LOC_CITIZEN_MAYA_MODERN_MALE_4 Operation=58 PlotIndex=1818
mission CityName=LOC_CITY_NAME_MONTREAL CompletionTurn=137 EscapeResult=-1 InitialResult=5 LevelAfter=2 LootInfo=-1 Name=LOC_CITIZEN_MAYA_MALE_1 Operation=58 PlotIndex=1314
mission CityName=LOC_CITY_NAME_OTTAWA CompletionTurn=134 EscapeResult=2 InitialResult=4 LevelAfter=2 LootInfo=-1 Name=LOC_CITIZEN_MAYA_MODERN_FEMALE_3 Operation=58 PlotIndex=978
tally 1  FOMENT_UNREST FAIL_MUST_ESCAPE / FAIL_MUST_ESCAPE
tally 3  FOMENT_UNREST FAIL_MUST_ESCAPE / KILLED
tally 1  FOMENT_UNREST FAIL_UNDETECTED / NO_RESULT
tally 1  FOMENT_UNREST KILLED / NO_RESULT
tally 2  FOMENT_UNREST SUCCESS_MUST_ESCAPE / FAIL_MUST_ESCAPE
tally 3  FOMENT_UNREST SUCCESS_UNDETECTED / NO_RESULT
turn 154 spies active 3 idle 5 missions 11 captured-enemy 0
spy 4849666 LOC_CITIZEN_MAYA_MODERN_FEMALE_9 level 1 at 65:16 refused
spy 4915208 LOC_CITIZEN_MAYA_MALE_6 level 1 at 59:23 busy
spy 4390923 LOC_CITIZEN_MAYA_MALE_8 level 1 at 60:16 busy
spy 4718605 LOC_CITIZEN_MAYA_FEMALE_4 level 1 at 65:16 refused
spy 5046286 LOC_CITIZEN_MAYA_MODERN_FEMALE_3 level 1 at 36:42 notarget
spy 4980752 LOC_CITIZEN_MAYA_MODERN_MALE_10 level 1 at 36:42 notarget
spy 3866642 LOC_CITIZEN_MAYA_MODERN_MALE_9 level 1 at 54:11 busy
spy 5111831 LOC_CITIZEN_MAYA_MODERN_FEMALE_5 level 1 at 54:21 refused
turn 154 spies 8 started 0 travelled 0 promoted 0 bought 0 gold 47888
unblock: blocker ENDTURN_BLOCKING_RESEARCH -> research TECH_APPRENTICESHIP | end turn requested
mission CityName=LOC_CITY_NAME_HALIFAX CompletionTurn=154 EscapeResult=-1 InitialResult=5 LevelAfter=2 LootInfo=-1 Name=LOC_CITIZEN_MAYA_FEMALE_4 Operation=58 PlotIndex=1409
mission CityName=LOC_CITY_NAME_QUEBEC_CITY CompletionTurn=151 EscapeResult=-1 InitialResult=5 LevelAfter=2 LootInfo=-1 Name=LOC_CITIZEN_MAYA_MALE_8 Operation=58 PlotIndex=1404
mission CityName=LOC_CITY_NAME_MONTREAL CompletionTurn=150 EscapeResult=0 InitialResult=2 LevelAfter=2 LootInfo=-1 Name=LOC_CITIZEN_MAYA_MALE_1 Operation=58 PlotIndex=1314
mission CityName=LOC_CITY_NAME_OTTAWA CompletionTurn=148 EscapeResult=2 InitialResult=2 LevelAfter=2 LootInfo=-1 Name=LOC_CITIZEN_MAYA_MODERN_FEMALE_3 Operation=58 PlotIndex=978
mission CityName=LOC_CITY_NAME_TORONTO CompletionTurn=148 EscapeResult=0 InitialResult=2 LevelAfter=1 LootInfo=-1 Name=LOC_CITIZEN_MAYA_FEMALE_3 Operation=58 PlotIndex=1818
mission CityName=LOC_CITY_NAME_OTTAWA CompletionTurn=144 EscapeResult=-1 InitialResult=3 LevelAfter=1 LootInfo=-1 Name=LOC_CITIZEN_MAYA_MODERN_MALE_9 Operation=58 PlotIndex=978
mission CityName=LOC_CITY_NAME_QUEBEC_CITY CompletionTurn=142 EscapeResult=2 InitialResult=4 LevelAfter=2 LootInfo=-1 Name=LOC_CITIZEN_MAYA_MODERN_FEMALE_9 Operation=58 PlotIndex=1404
mission CityName=LOC_CITY_NAME_MONTREAL CompletionTurn=141 EscapeResult=0 InitialResult=2 LevelAfter=1 LootInfo=-1 Name=LOC_CITIZEN_MAYA_MODERN_MALE_1 Operation=58 PlotIndex=1314
mission CityName=LOC_CITY_NAME_TORONTO CompletionTurn=140 EscapeResult=-1 InitialResult=0 LevelAfter=1 LootInfo=-1 Name=LOC_CITIZEN_MAYA_MODERN_MALE_4 Operation=58 PlotIndex=1818
mission CityName=LOC_CITY_NAME_MONTREAL CompletionTurn=137 EscapeResult=-1 InitialResult=5 LevelAfter=2 LootInfo=-1 Name=LOC_CITIZEN_MAYA_MALE_1 Operation=58 PlotIndex=1314
mission CityName=LOC_CITY_NAME_OTTAWA CompletionTurn=134 EscapeResult=2 InitialResult=4 LevelAfter=2 LootInfo=-1 Name=LOC_CITIZEN_MAYA_MODERN_FEMALE_3 Operation=58 PlotIndex=978
tally 1  FOMENT_UNREST FAIL_MUST_ESCAPE / FAIL_MUST_ESCAPE
tally 3  FOMENT_UNREST FAIL_MUST_ESCAPE / KILLED
tally 1  FOMENT_UNREST FAIL_UNDETECTED / NO_RESULT
tally 1  FOMENT_UNREST KILLED / NO_RESULT
tally 2  FOMENT_UNREST SUCCESS_MUST_ESCAPE / FAIL_MUST_ESCAPE
tally 3  FOMENT_UNREST SUCCESS_UNDETECTED / NO_RESULT
turn 155 spies active 3 idle 5 missions 11 captured-enemy 0
spy 4849666 LOC_CITIZEN_MAYA_MODERN_FEMALE_9 level 1 at 65:16 start
spy 4915208 LOC_CITIZEN_MAYA_MALE_6 level 1 at 59:23 busy
spy 4390923 LOC_CITIZEN_MAYA_MALE_8 level 1 at 60:16 busy
spy 4718605 LOC_CITIZEN_MAYA_FEMALE_4 level 1 at 65:16 start
spy 5046286 LOC_CITIZEN_MAYA_MODERN_FEMALE_3 level 1 at 36:42 travel
spy 4980752 LOC_CITIZEN_MAYA_MODERN_MALE_10 level 1 at 36:42 travel
spy 3866642 LOC_CITIZEN_MAYA_MODERN_MALE_9 level 1 at 54:11 busy
spy 5111831 LOC_CITIZEN_MAYA_MODERN_FEMALE_5 level 1 at 54:21 start
turn 155 spies 8 started 3 travelled 2 promoted 0 bought 0 gold 50000
unblock: blocker ENDTURN_BLOCKING_RESEARCH -> research TECH_APPRENTICESHIP | end turn requested
unblock: blocker ENDTURN_BLOCKING_CIVIC -> civic CIVIC_MEDIEVAL_FAIRES | end turn requested
mission CityName=LOC_CITY_NAME_OTTAWA CompletionTurn=156 EscapeResult=-1 InitialResult=1 LevelAfter=1 LootInfo=-1 Name=LOC_CITIZEN_MAYA_MODERN_MALE_9 Operation=58 PlotIndex=978
mission CityName=LOC_CITY_NAME_QUEBEC_CITY CompletionTurn=156 EscapeResult=-1 InitialResult=2 LevelAfter=2 LootInfo=-1 Name=LOC_CITIZEN_MAYA_MALE_8 Operation=58 PlotIndex=1404
mission CityName=LOC_CITY_NAME_SAINT_JOHN CompletionTurn=156 EscapeResult=-1 InitialResult=3 LevelAfter=1 LootInfo=-1 Name=LOC_CITIZEN_MAYA_MALE_6 Operation=58 PlotIndex=1991
mission CityName=LOC_CITY_NAME_HALIFAX CompletionTurn=154 EscapeResult=-1 InitialResult=5 LevelAfter=2 LootInfo=-1 Name=LOC_CITIZEN_MAYA_FEMALE_4 Operation=58 PlotIndex=1409
mission CityName=LOC_CITY_NAME_QUEBEC_CITY CompletionTurn=151 EscapeResult=-1 InitialResult=5 LevelAfter=2 LootInfo=-1 Name=LOC_CITIZEN_MAYA_MALE_8 Operation=58 PlotIndex=1404
mission CityName=LOC_CITY_NAME_MONTREAL CompletionTurn=150 EscapeResult=0 InitialResult=2 LevelAfter=2 LootInfo=-1 Name=LOC_CITIZEN_MAYA_MALE_1 Operation=58 PlotIndex=1314
mission CityName=LOC_CITY_NAME_OTTAWA CompletionTurn=148 EscapeResult=2 InitialResult=2 LevelAfter=2 LootInfo=-1 Name=LOC_CITIZEN_MAYA_MODERN_FEMALE_3 Operation=58 PlotIndex=978
mission CityName=LOC_CITY_NAME_TORONTO CompletionTurn=148 EscapeResult=0 InitialResult=2 LevelAfter=1 LootInfo=-1 Name=LOC_CITIZEN_MAYA_FEMALE_3 Operation=58 PlotIndex=1818
mission CityName=LOC_CITY_NAME_OTTAWA CompletionTurn=144 EscapeResult=-1 InitialResult=3 LevelAfter=1 LootInfo=-1 Name=LOC_CITIZEN_MAYA_MODERN_MALE_9 Operation=58 PlotIndex=978
mission CityName=LOC_CITY_NAME_QUEBEC_CITY CompletionTurn=142 EscapeResult=2 InitialResult=4 LevelAfter=2 LootInfo=-1 Name=LOC_CITIZEN_MAYA_MODERN_FEMALE_9 Operation=58 PlotIndex=1404
mission CityName=LOC_CITY_NAME_MONTREAL CompletionTurn=141 EscapeResult=0 InitialResult=2 LevelAfter=1 LootInfo=-1 Name=LOC_CITIZEN_MAYA_MODERN_MALE_1 Operation=58 PlotIndex=1314
mission CityName=LOC_CITY_NAME_TORONTO CompletionTurn=140 EscapeResult=-1 InitialResult=0 LevelAfter=1 LootInfo=-1 Name=LOC_CITIZEN_MAYA_MODERN_MALE_4 Operation=58 PlotIndex=1818
mission CityName=LOC_CITY_NAME_MONTREAL CompletionTurn=137 EscapeResult=-1 InitialResult=5 LevelAfter=2 LootInfo=-1 Name=LOC_CITIZEN_MAYA_MALE_1 Operation=58 PlotIndex=1314
mission CityName=LOC_CITY_NAME_OTTAWA CompletionTurn=134 EscapeResult=2 InitialResult=4 LevelAfter=2 LootInfo=-1 Name=LOC_CITIZEN_MAYA_MODERN_FEMALE_3 Operation=58 PlotIndex=978
tally 1  FOMENT_UNREST CAPTURED / NO_RESULT
tally 1  FOMENT_UNREST FAIL_MUST_ESCAPE / FAIL_MUST_ESCAPE
tally 3  FOMENT_UNREST FAIL_MUST_ESCAPE / KILLED
tally 1  FOMENT_UNREST FAIL_MUST_ESCAPE / NO_RESULT
tally 2  FOMENT_UNREST FAIL_UNDETECTED / NO_RESULT
tally 1  FOMENT_UNREST KILLED / NO_RESULT
tally 2  FOMENT_UNREST SUCCESS_MUST_ESCAPE / FAIL_MUST_ESCAPE
tally 3  FOMENT_UNREST SUCCESS_UNDETECTED / NO_RESULT
turn 156 spies active 3 idle 2 missions 14 captured-enemy 0
spy 4849666 LOC_CITIZEN_MAYA_MODERN_FEMALE_9 level 1 at 65:16 busy
spy 4915208 LOC_CITIZEN_MAYA_MALE_6 level 1 at 59:23 start
spy 4390923 LOC_CITIZEN_MAYA_MALE_8 level 1 at 60:16 busy
spy 4718605 LOC_CITIZEN_MAYA_FEMALE_4 level 1 at 65:16 refused
spy 5111831 LOC_CITIZEN_MAYA_MODERN_FEMALE_5 level 1 at 54:21 busy
turn 156 spies 5 started 1 travelled 0 promoted 0 bought 1 gold 50000
unblock: blocker ENDTURN_BLOCKING_CIVIC -> civic CIVIC_MEDIEVAL_FAIRES | end turn requested
unblock: blocker ENDTURN_BLOCKING_PRODUCTION -> NARANJO builds UNIT_WARRIOR | end turn requested
unstuck: closed sessions [4:4]
unstuck: DiplomacyActionView: Closing Diplomacy Action View. m_eventID: 729184
mission CityName=LOC_CITY_NAME_OTTAWA CompletionTurn=156 EscapeResult=-1 InitialResult=1 LevelAfter=1 LootInfo=-1 Name=LOC_CITIZEN_MAYA_MODERN_MALE_9 Operation=58 PlotIndex=978
mission CityName=LOC_CITY_NAME_QUEBEC_CITY CompletionTurn=156 EscapeResult=-1 InitialResult=2 LevelAfter=2 LootInfo=-1 Name=LOC_CITIZEN_MAYA_MALE_8 Operation=58 PlotIndex=1404
mission CityName=LOC_CITY_NAME_SAINT_JOHN CompletionTurn=156 EscapeResult=-1 InitialResult=3 LevelAfter=1 LootInfo=-1 Name=LOC_CITIZEN_MAYA_MALE_6 Operation=58 PlotIndex=1991
mission CityName=LOC_CITY_NAME_HALIFAX CompletionTurn=154 EscapeResult=-1 InitialResult=5 LevelAfter=2 LootInfo=-1 Name=LOC_CITIZEN_MAYA_FEMALE_4 Operation=58 PlotIndex=1409
mission CityName=LOC_CITY_NAME_QUEBEC_CITY CompletionTurn=151 EscapeResult=-1 InitialResult=5 LevelAfter=2 LootInfo=-1 Name=LOC_CITIZEN_MAYA_MALE_8 Operation=58 PlotIndex=1404
mission CityName=LOC_CITY_NAME_MONTREAL CompletionTurn=150 EscapeResult=0 InitialResult=2 LevelAfter=2 LootInfo=-1 Name=LOC_CITIZEN_MAYA_MALE_1 Operation=58 PlotIndex=1314
mission CityName=LOC_CITY_NAME_OTTAWA CompletionTurn=148 EscapeResult=2 InitialResult=2 LevelAfter=2 LootInfo=-1 Name=LOC_CITIZEN_MAYA_MODERN_FEMALE_3 Operation=58 PlotIndex=978
mission CityName=LOC_CITY_NAME_TORONTO CompletionTurn=148 EscapeResult=0 InitialResult=2 LevelAfter=1 LootInfo=-1 Name=LOC_CITIZEN_MAYA_FEMALE_3 Operation=58 PlotIndex=1818
mission CityName=LOC_CITY_NAME_OTTAWA CompletionTurn=144 EscapeResult=-1 InitialResult=3 LevelAfter=1 LootInfo=-1 Name=LOC_CITIZEN_MAYA_MODERN_MALE_9 Operation=58 PlotIndex=978
mission CityName=LOC_CITY_NAME_QUEBEC_CITY CompletionTurn=142 EscapeResult=2 InitialResult=4 LevelAfter=2 LootInfo=-1 Name=LOC_CITIZEN_MAYA_MODERN_FEMALE_9 Operation=58 PlotIndex=1404
mission CityName=LOC_CITY_NAME_MONTREAL CompletionTurn=141 EscapeResult=0 InitialResult=2 LevelAfter=1 LootInfo=-1 Name=LOC_CITIZEN_MAYA_MODERN_MALE_1 Operation=58 PlotIndex=1314
mission CityName=LOC_CITY_NAME_TORONTO CompletionTurn=140 EscapeResult=-1 InitialResult=0 LevelAfter=1 LootInfo=-1 Name=LOC_CITIZEN_MAYA_MODERN_MALE_4 Operation=58 PlotIndex=1818
mission CityName=LOC_CITY_NAME_MONTREAL CompletionTurn=137 EscapeResult=-1 InitialResult=5 LevelAfter=2 LootInfo=-1 Name=LOC_CITIZEN_MAYA_MALE_1 Operation=58 PlotIndex=1314
mission CityName=LOC_CITY_NAME_OTTAWA CompletionTurn=134 EscapeResult=2 InitialResult=4 LevelAfter=2 LootInfo=-1 Name=LOC_CITIZEN_MAYA_MODERN_FEMALE_3 Operation=58 PlotIndex=978
tally 1  FOMENT_UNREST CAPTURED / NO_RESULT
tally 1  FOMENT_UNREST FAIL_MUST_ESCAPE / FAIL_MUST_ESCAPE
tally 3  FOMENT_UNREST FAIL_MUST_ESCAPE / KILLED
tally 1  FOMENT_UNREST FAIL_MUST_ESCAPE / NO_RESULT
tally 2  FOMENT_UNREST FAIL_UNDETECTED / NO_RESULT
tally 1  FOMENT_UNREST KILLED / NO_RESULT
tally 2  FOMENT_UNREST SUCCESS_MUST_ESCAPE / FAIL_MUST_ESCAPE
tally 3  FOMENT_UNREST SUCCESS_UNDETECTED / NO_RESULT
turn 157 spies active 4 idle 2 missions 14 captured-enemy 0
spy 4849666 LOC_CITIZEN_MAYA_MODERN_FEMALE_9 level 1 at 65:16 busy
spy 4915208 LOC_CITIZEN_MAYA_MALE_6 level 1 at 59:23 busy
spy 4390923 LOC_CITIZEN_MAYA_MALE_8 level 1 at 60:16 busy
spy 4718605 LOC_CITIZEN_MAYA_FEMALE_4 level 1 at 65:16 refused
spy 5242896 LOC_CITIZEN_MAYA_FEMALE_8 level 1 at 36:42 travel
spy 5111831 LOC_CITIZEN_MAYA_MODERN_FEMALE_5 level 1 at 54:21 busy
turn 157 spies 6 started 0 travelled 1 promoted 0 bought 0 gold 50000
unblock: blocker ENDTURN_BLOCKING_PRODUCTION -> NARANJO builds UNIT_WARRIOR | end turn requested
unblock: blocker ENDTURN_BLOCKING_SPY_CHOOSE_ESCAPE_ROUTE -> escape route DISTRICT_CITY_CENTER of 2 for spy 4390923 LOC_CITIZEN_MAYA_MALE_8 level 1 turn 157 | end turn requested
mission CityName=LOC_CITY_NAME_OTTAWA CompletionTurn=156 EscapeResult=-1 InitialResult=1 LevelAfter=1 LootInfo=-1 Name=LOC_CITIZEN_MAYA_MODERN_MALE_9 Operation=58 PlotIndex=978
mission CityName=LOC_CITY_NAME_QUEBEC_CITY CompletionTurn=156 EscapeResult=-1 InitialResult=2 LevelAfter=2 LootInfo=-1 Name=LOC_CITIZEN_MAYA_MALE_8 Operation=58 PlotIndex=1404
mission CityName=LOC_CITY_NAME_SAINT_JOHN CompletionTurn=156 EscapeResult=-1 InitialResult=3 LevelAfter=1 LootInfo=-1 Name=LOC_CITIZEN_MAYA_MALE_6 Operation=58 PlotIndex=1991
mission CityName=LOC_CITY_NAME_HALIFAX CompletionTurn=154 EscapeResult=-1 InitialResult=5 LevelAfter=2 LootInfo=-1 Name=LOC_CITIZEN_MAYA_FEMALE_4 Operation=58 PlotIndex=1409
mission CityName=LOC_CITY_NAME_QUEBEC_CITY CompletionTurn=151 EscapeResult=-1 InitialResult=5 LevelAfter=2 LootInfo=-1 Name=LOC_CITIZEN_MAYA_MALE_8 Operation=58 PlotIndex=1404
mission CityName=LOC_CITY_NAME_MONTREAL CompletionTurn=150 EscapeResult=0 InitialResult=2 LevelAfter=2 LootInfo=-1 Name=LOC_CITIZEN_MAYA_MALE_1 Operation=58 PlotIndex=1314
mission CityName=LOC_CITY_NAME_OTTAWA CompletionTurn=148 EscapeResult=2 InitialResult=2 LevelAfter=2 LootInfo=-1 Name=LOC_CITIZEN_MAYA_MODERN_FEMALE_3 Operation=58 PlotIndex=978
mission CityName=LOC_CITY_NAME_TORONTO CompletionTurn=148 EscapeResult=0 InitialResult=2 LevelAfter=1 LootInfo=-1 Name=LOC_CITIZEN_MAYA_FEMALE_3 Operation=58 PlotIndex=1818
mission CityName=LOC_CITY_NAME_OTTAWA CompletionTurn=144 EscapeResult=-1 InitialResult=3 LevelAfter=1 LootInfo=-1 Name=LOC_CITIZEN_MAYA_MODERN_MALE_9 Operation=58 PlotIndex=978
mission CityName=LOC_CITY_NAME_QUEBEC_CITY CompletionTurn=142 EscapeResult=2 InitialResult=4 LevelAfter=2 LootInfo=-1 Name=LOC_CITIZEN_MAYA_MODERN_FEMALE_9 Operation=58 PlotIndex=1404
mission CityName=LOC_CITY_NAME_MONTREAL CompletionTurn=141 EscapeResult=0 InitialResult=2 LevelAfter=1 LootInfo=-1 Name=LOC_CITIZEN_MAYA_MODERN_MALE_1 Operation=58 PlotIndex=1314
mission CityName=LOC_CITY_NAME_TORONTO CompletionTurn=140 EscapeResult=-1 InitialResult=0 LevelAfter=1 LootInfo=-1 Name=LOC_CITIZEN_MAYA_MODERN_MALE_4 Operation=58 PlotIndex=1818
mission CityName=LOC_CITY_NAME_MONTREAL CompletionTurn=137 EscapeResult=-1 InitialResult=5 LevelAfter=2 LootInfo=-1 Name=LOC_CITIZEN_MAYA_MALE_1 Operation=58 PlotIndex=1314
mission CityName=LOC_CITY_NAME_OTTAWA CompletionTurn=134 EscapeResult=2 InitialResult=4 LevelAfter=2 LootInfo=-1 Name=LOC_CITIZEN_MAYA_MODERN_FEMALE_3 Operation=58 PlotIndex=978
tally 1  FOMENT_UNREST CAPTURED / NO_RESULT
tally 1  FOMENT_UNREST FAIL_MUST_ESCAPE / FAIL_MUST_ESCAPE
tally 3  FOMENT_UNREST FAIL_MUST_ESCAPE / KILLED
tally 1  FOMENT_UNREST FAIL_MUST_ESCAPE / NO_RESULT
tally 2  FOMENT_UNREST FAIL_UNDETECTED / NO_RESULT
tally 1  FOMENT_UNREST KILLED / NO_RESULT
tally 2  FOMENT_UNREST SUCCESS_MUST_ESCAPE / FAIL_MUST_ESCAPE
tally 3  FOMENT_UNREST SUCCESS_UNDETECTED / NO_RESULT
turn 158 spies active 4 idle 3 missions 14 captured-enemy 0
spy 4849666 LOC_CITIZEN_MAYA_MODERN_FEMALE_9 level 1 at 65:16 busy
spy 4915208 LOC_CITIZEN_MAYA_MALE_6 level 1 at 59:23 busy
spy 4390923 LOC_CITIZEN_MAYA_MALE_8 level 1 at 60:16 busy
spy 4718605 LOC_CITIZEN_MAYA_FEMALE_4 level 1 at 65:16 refused
spy 5308432 LOC_CITIZEN_MAYA_MODERN_FEMALE_3 level 1 at 54:15 start
spy 5373970 LOC_CITIZEN_MAYA_MODERN_MALE_10 level 1 at 62:20 start
spy 5111831 LOC_CITIZEN_MAYA_MODERN_FEMALE_5 level 1 at 54:21 busy
turn 158 spies 7 started 2 travelled 0 promoted 0 bought 1 gold 50000
unblock: blocker ENDTURN_BLOCKING_SPY_CHOOSE_ESCAPE_ROUTE -> escape route DISTRICT_CITY_CENTER of 2 for spy 4390923 LOC_CITIZEN_MAYA_MALE_8 level 1 turn 158 | end turn requested
unblock: blocker ENDTURN_BLOCKING_CIVIC -> civic CIVIC_GUILDS | end turn requested
mission CityName=LOC_CITY_NAME_TORONTO CompletionTurn=159 EscapeResult=-1 InitialResult=2 LevelAfter=1 LootInfo=-1 Name=LOC_CITIZEN_MAYA_MODERN_FEMALE_5 Operation=58 PlotIndex=1818
mission CityName=LOC_CITY_NAME_HALIFAX CompletionTurn=159 EscapeResult=-1 InitialResult=2 LevelAfter=2 LootInfo=-1 Name=LOC_CITIZEN_MAYA_MODERN_FEMALE_9 Operation=58 PlotIndex=1409
mission CityName=LOC_CITY_NAME_OTTAWA CompletionTurn=156 EscapeResult=-1 InitialResult=1 LevelAfter=1 LootInfo=-1 Name=LOC_CITIZEN_MAYA_MODERN_MALE_9 Operation=58 PlotIndex=978
mission CityName=LOC_CITY_NAME_QUEBEC_CITY CompletionTurn=156 EscapeResult=2 InitialResult=2 LevelAfter=2 LootInfo=-1 Name=LOC_CITIZEN_MAYA_MALE_8 Operation=58 PlotIndex=1404
mission CityName=LOC_CITY_NAME_SAINT_JOHN CompletionTurn=156 EscapeResult=-1 InitialResult=3 LevelAfter=1 LootInfo=-1 Name=LOC_CITIZEN_MAYA_MALE_6 Operation=58 PlotIndex=1991
mission CityName=LOC_CITY_NAME_HALIFAX CompletionTurn=154 EscapeResult=-1 InitialResult=5 LevelAfter=2 LootInfo=-1 Name=LOC_CITIZEN_MAYA_FEMALE_4 Operation=58 PlotIndex=1409
mission CityName=LOC_CITY_NAME_QUEBEC_CITY CompletionTurn=151 EscapeResult=-1 InitialResult=5 LevelAfter=2 LootInfo=-1 Name=LOC_CITIZEN_MAYA_MALE_8 Operation=58 PlotIndex=1404
mission CityName=LOC_CITY_NAME_MONTREAL CompletionTurn=150 EscapeResult=0 InitialResult=2 LevelAfter=2 LootInfo=-1 Name=LOC_CITIZEN_MAYA_MALE_1 Operation=58 PlotIndex=1314
mission CityName=LOC_CITY_NAME_OTTAWA CompletionTurn=148 EscapeResult=2 InitialResult=2 LevelAfter=2 LootInfo=-1 Name=LOC_CITIZEN_MAYA_MODERN_FEMALE_3 Operation=58 PlotIndex=978
mission CityName=LOC_CITY_NAME_TORONTO CompletionTurn=148 EscapeResult=0 InitialResult=2 LevelAfter=1 LootInfo=-1 Name=LOC_CITIZEN_MAYA_FEMALE_3 Operation=58 PlotIndex=1818
mission CityName=LOC_CITY_NAME_OTTAWA CompletionTurn=144 EscapeResult=-1 InitialResult=3 LevelAfter=1 LootInfo=-1 Name=LOC_CITIZEN_MAYA_MODERN_MALE_9 Operation=58 PlotIndex=978
mission CityName=LOC_CITY_NAME_QUEBEC_CITY CompletionTurn=142 EscapeResult=2 InitialResult=4 LevelAfter=2 LootInfo=-1 Name=LOC_CITIZEN_MAYA_MODERN_FEMALE_9 Operation=58 PlotIndex=1404
mission CityName=LOC_CITY_NAME_MONTREAL CompletionTurn=141 EscapeResult=0 InitialResult=2 LevelAfter=1 LootInfo=-1 Name=LOC_CITIZEN_MAYA_MODERN_MALE_1 Operation=58 PlotIndex=1314
mission CityName=LOC_CITY_NAME_TORONTO CompletionTurn=140 EscapeResult=-1 InitialResult=0 LevelAfter=1 LootInfo=-1 Name=LOC_CITIZEN_MAYA_MODERN_MALE_4 Operation=58 PlotIndex=1818
mission CityName=LOC_CITY_NAME_MONTREAL CompletionTurn=137 EscapeResult=-1 InitialResult=5 LevelAfter=2 LootInfo=-1 Name=LOC_CITIZEN_MAYA_MALE_1 Operation=58 PlotIndex=1314
mission CityName=LOC_CITY_NAME_OTTAWA CompletionTurn=134 EscapeResult=2 InitialResult=4 LevelAfter=2 LootInfo=-1 Name=LOC_CITIZEN_MAYA_MODERN_FEMALE_3 Operation=58 PlotIndex=978
tally 1  FOMENT_UNREST CAPTURED / NO_RESULT
tally 2  FOMENT_UNREST FAIL_MUST_ESCAPE / FAIL_MUST_ESCAPE
tally 3  FOMENT_UNREST FAIL_MUST_ESCAPE / KILLED
tally 2  FOMENT_UNREST FAIL_MUST_ESCAPE / NO_RESULT
tally 2  FOMENT_UNREST FAIL_UNDETECTED / NO_RESULT
tally 1  FOMENT_UNREST KILLED / NO_RESULT
tally 2  FOMENT_UNREST SUCCESS_MUST_ESCAPE / FAIL_MUST_ESCAPE
tally 3  FOMENT_UNREST SUCCESS_UNDETECTED / NO_RESULT
turn 159 spies active 5 idle 3 missions 16 captured-enemy 0
spy 4849666 LOC_CITIZEN_MAYA_MODERN_FEMALE_9 level 1 at 65:16 busy
spy 4915208 LOC_CITIZEN_MAYA_MALE_6 level 1 at 59:23 busy
spy 5570571 LOC_CITIZEN_MAYA_FEMALE_8 level 1 at 54:11 start
spy 4718605 LOC_CITIZEN_MAYA_FEMALE_4 level 1 at 65:16 refused
spy 5308432 LOC_CITIZEN_MAYA_MODERN_FEMALE_3 level 1 at 54:15 busy
spy 5373970 LOC_CITIZEN_MAYA_MODERN_MALE_10 level 1 at 62:20 busy
spy 5505045 LOC_CITIZEN_MAYA_MALE_3 level 1 at 36:42 travel
spy 5111831 LOC_CITIZEN_MAYA_MODERN_FEMALE_5 level 1 at 54:21 busy
turn 159 spies 8 started 1 travelled 1 promoted 0 bought 0 gold 50000
unblock: blocker ENDTURN_BLOCKING_CIVIC -> civic CIVIC_GUILDS | end turn requested
unblock: blocker ENDTURN_BLOCKING_PRODUCTION -> NARANJO builds UNIT_WARRIOR | end turn requested
unstuck: NaturalDisasterPopup: closed
mission CityName=LOC_CITY_NAME_SAINT_JOHN CompletionTurn=160 EscapeResult=-1 InitialResult=3 LevelAfter=1 LootInfo=-1 Name=LOC_CITIZEN_MAYA_MALE_6 Operation=58 PlotIndex=1991
mission CityName=LOC_CITY_NAME_TORONTO CompletionTurn=159 EscapeResult=-1 InitialResult=2 LevelAfter=1 LootInfo=-1 Name=LOC_CITIZEN_MAYA_MODERN_FEMALE_5 Operation=58 PlotIndex=1818
mission CityName=LOC_CITY_NAME_HALIFAX CompletionTurn=159 EscapeResult=-1 InitialResult=2 LevelAfter=2 LootInfo=-1 Name=LOC_CITIZEN_MAYA_MODERN_FEMALE_9 Operation=58 PlotIndex=1409
mission CityName=LOC_CITY_NAME_OTTAWA CompletionTurn=156 EscapeResult=-1 InitialResult=1 LevelAfter=1 LootInfo=-1 Name=LOC_CITIZEN_MAYA_MODERN_MALE_9 Operation=58 PlotIndex=978
mission CityName=LOC_CITY_NAME_QUEBEC_CITY CompletionTurn=156 EscapeResult=2 InitialResult=2 LevelAfter=2 LootInfo=-1 Name=LOC_CITIZEN_MAYA_MALE_8 Operation=58 PlotIndex=1404
mission CityName=LOC_CITY_NAME_SAINT_JOHN CompletionTurn=156 EscapeResult=-1 InitialResult=3 LevelAfter=1 LootInfo=-1 Name=LOC_CITIZEN_MAYA_MALE_6 Operation=58 PlotIndex=1991
mission CityName=LOC_CITY_NAME_HALIFAX CompletionTurn=154 EscapeResult=-1 InitialResult=5 LevelAfter=2 LootInfo=-1 Name=LOC_CITIZEN_MAYA_FEMALE_4 Operation=58 PlotIndex=1409
mission CityName=LOC_CITY_NAME_QUEBEC_CITY CompletionTurn=151 EscapeResult=-1 InitialResult=5 LevelAfter=2 LootInfo=-1 Name=LOC_CITIZEN_MAYA_MALE_8 Operation=58 PlotIndex=1404
mission CityName=LOC_CITY_NAME_MONTREAL CompletionTurn=150 EscapeResult=0 InitialResult=2 LevelAfter=2 LootInfo=-1 Name=LOC_CITIZEN_MAYA_MALE_1 Operation=58 PlotIndex=1314
mission CityName=LOC_CITY_NAME_OTTAWA CompletionTurn=148 EscapeResult=2 InitialResult=2 LevelAfter=2 LootInfo=-1 Name=LOC_CITIZEN_MAYA_MODERN_FEMALE_3 Operation=58 PlotIndex=978
mission CityName=LOC_CITY_NAME_TORONTO CompletionTurn=148 EscapeResult=0 InitialResult=2 LevelAfter=1 LootInfo=-1 Name=LOC_CITIZEN_MAYA_FEMALE_3 Operation=58 PlotIndex=1818
mission CityName=LOC_CITY_NAME_OTTAWA CompletionTurn=144 EscapeResult=-1 InitialResult=3 LevelAfter=1 LootInfo=-1 Name=LOC_CITIZEN_MAYA_MODERN_MALE_9 Operation=58 PlotIndex=978
mission CityName=LOC_CITY_NAME_QUEBEC_CITY CompletionTurn=142 EscapeResult=2 InitialResult=4 LevelAfter=2 LootInfo=-1 Name=LOC_CITIZEN_MAYA_MODERN_FEMALE_9 Operation=58 PlotIndex=1404
mission CityName=LOC_CITY_NAME_MONTREAL CompletionTurn=141 EscapeResult=0 InitialResult=2 LevelAfter=1 LootInfo=-1 Name=LOC_CITIZEN_MAYA_MODERN_MALE_1 Operation=58 PlotIndex=1314
mission CityName=LOC_CITY_NAME_TORONTO CompletionTurn=140 EscapeResult=-1 InitialResult=0 LevelAfter=1 LootInfo=-1 Name=LOC_CITIZEN_MAYA_MODERN_MALE_4 Operation=58 PlotIndex=1818
mission CityName=LOC_CITY_NAME_MONTREAL CompletionTurn=137 EscapeResult=-1 InitialResult=5 LevelAfter=2 LootInfo=-1 Name=LOC_CITIZEN_MAYA_MALE_1 Operation=58 PlotIndex=1314
mission CityName=LOC_CITY_NAME_OTTAWA CompletionTurn=134 EscapeResult=2 InitialResult=4 LevelAfter=2 LootInfo=-1 Name=LOC_CITIZEN_MAYA_MODERN_FEMALE_3 Operation=58 PlotIndex=978
tally 1  FOMENT_UNREST CAPTURED / NO_RESULT
tally 2  FOMENT_UNREST FAIL_MUST_ESCAPE / FAIL_MUST_ESCAPE
tally 3  FOMENT_UNREST FAIL_MUST_ESCAPE / KILLED
tally 2  FOMENT_UNREST FAIL_MUST_ESCAPE / NO_RESULT
tally 3  FOMENT_UNREST FAIL_UNDETECTED / NO_RESULT
tally 1  FOMENT_UNREST KILLED / NO_RESULT
tally 2  FOMENT_UNREST SUCCESS_MUST_ESCAPE / FAIL_MUST_ESCAPE
tally 3  FOMENT_UNREST SUCCESS_UNDETECTED / NO_RESULT
turn 160 spies active 5 idle 2 missions 17 captured-enemy 0
spy 4849666 LOC_CITIZEN_MAYA_MODERN_FEMALE_9 level 1 at 65:16 busy
spy 4915208 LOC_CITIZEN_MAYA_MALE_6 level 1 at 59:23 start
spy 5570571 LOC_CITIZEN_MAYA_FEMALE_8 level 1 at 54:11 busy
spy 4718605 LOC_CITIZEN_MAYA_FEMALE_4 level 1 at 65:16 refused
spy 5308432 LOC_CITIZEN_MAYA_MODERN_FEMALE_3 level 1 at 54:15 busy
spy 5373970 LOC_CITIZEN_MAYA_MODERN_MALE_10 level 1 at 62:20 busy
spy 5111831 LOC_CITIZEN_MAYA_MODERN_FEMALE_5 level 1 at 54:21 busy
turn 160 spies 7 started 1 travelled 0 promoted 0 bought 1 gold 50000
unblock: blocker ENDTURN_BLOCKING_PRODUCTION -> NARANJO builds UNIT_WARRIOR | end turn requested
unblock: blocker ENDTURN_BLOCKING_SPY_CHOOSE_ESCAPE_ROUTE -> escape route DISTRICT_CITY_CENTER of 1 for spy 4849666 LOC_CITIZEN_MAYA_MODERN_FEMALE_9 level 1 turn 160 | end turn requested
unstuck: NaturalDisasterPopup: closed
mission CityName=LOC_CITY_NAME_SAINT_JOHN CompletionTurn=160 EscapeResult=-1 InitialResult=3 LevelAfter=1 LootInfo=-1 Name=LOC_CITIZEN_MAYA_MALE_6 Operation=58 PlotIndex=1991
mission CityName=LOC_CITY_NAME_TORONTO CompletionTurn=159 EscapeResult=-1 InitialResult=2 LevelAfter=1 LootInfo=-1 Name=LOC_CITIZEN_MAYA_MODERN_FEMALE_5 Operation=58 PlotIndex=1818
mission CityName=LOC_CITY_NAME_HALIFAX CompletionTurn=159 EscapeResult=-1 InitialResult=2 LevelAfter=2 LootInfo=-1 Name=LOC_CITIZEN_MAYA_MODERN_FEMALE_9 Operation=58 PlotIndex=1409
mission CityName=LOC_CITY_NAME_OTTAWA CompletionTurn=156 EscapeResult=-1 InitialResult=1 LevelAfter=1 LootInfo=-1 Name=LOC_CITIZEN_MAYA_MODERN_MALE_9 Operation=58 PlotIndex=978
mission CityName=LOC_CITY_NAME_QUEBEC_CITY CompletionTurn=156 EscapeResult=2 InitialResult=2 LevelAfter=2 LootInfo=-1 Name=LOC_CITIZEN_MAYA_MALE_8 Operation=58 PlotIndex=1404
mission CityName=LOC_CITY_NAME_SAINT_JOHN CompletionTurn=156 EscapeResult=-1 InitialResult=3 LevelAfter=1 LootInfo=-1 Name=LOC_CITIZEN_MAYA_MALE_6 Operation=58 PlotIndex=1991
mission CityName=LOC_CITY_NAME_HALIFAX CompletionTurn=154 EscapeResult=-1 InitialResult=5 LevelAfter=2 LootInfo=-1 Name=LOC_CITIZEN_MAYA_FEMALE_4 Operation=58 PlotIndex=1409
mission CityName=LOC_CITY_NAME_QUEBEC_CITY CompletionTurn=151 EscapeResult=-1 InitialResult=5 LevelAfter=2 LootInfo=-1 Name=LOC_CITIZEN_MAYA_MALE_8 Operation=58 PlotIndex=1404
mission CityName=LOC_CITY_NAME_MONTREAL CompletionTurn=150 EscapeResult=0 InitialResult=2 LevelAfter=2 LootInfo=-1 Name=LOC_CITIZEN_MAYA_MALE_1 Operation=58 PlotIndex=1314
mission CityName=LOC_CITY_NAME_OTTAWA CompletionTurn=148 EscapeResult=2 InitialResult=2 LevelAfter=2 LootInfo=-1 Name=LOC_CITIZEN_MAYA_MODERN_FEMALE_3 Operation=58 PlotIndex=978
mission CityName=LOC_CITY_NAME_TORONTO CompletionTurn=148 EscapeResult=0 InitialResult=2 LevelAfter=1 LootInfo=-1 Name=LOC_CITIZEN_MAYA_FEMALE_3 Operation=58 PlotIndex=1818
mission CityName=LOC_CITY_NAME_OTTAWA CompletionTurn=144 EscapeResult=-1 InitialResult=3 LevelAfter=1 LootInfo=-1 Name=LOC_CITIZEN_MAYA_MODERN_MALE_9 Operation=58 PlotIndex=978
mission CityName=LOC_CITY_NAME_QUEBEC_CITY CompletionTurn=142 EscapeResult=2 InitialResult=4 LevelAfter=2 LootInfo=-1 Name=LOC_CITIZEN_MAYA_MODERN_FEMALE_9 Operation=58 PlotIndex=1404
mission CityName=LOC_CITY_NAME_MONTREAL CompletionTurn=141 EscapeResult=0 InitialResult=2 LevelAfter=1 LootInfo=-1 Name=LOC_CITIZEN_MAYA_MODERN_MALE_1 Operation=58 PlotIndex=1314
mission CityName=LOC_CITY_NAME_TORONTO CompletionTurn=140 EscapeResult=-1 InitialResult=0 LevelAfter=1 LootInfo=-1 Name=LOC_CITIZEN_MAYA_MODERN_MALE_4 Operation=58 PlotIndex=1818
mission CityName=LOC_CITY_NAME_MONTREAL CompletionTurn=137 EscapeResult=-1 InitialResult=5 LevelAfter=2 LootInfo=-1 Name=LOC_CITIZEN_MAYA_MALE_1 Operation=58 PlotIndex=1314
mission CityName=LOC_CITY_NAME_OTTAWA CompletionTurn=134 EscapeResult=2 InitialResult=4 LevelAfter=2 LootInfo=-1 Name=LOC_CITIZEN_MAYA_MODERN_FEMALE_3 Operation=58 PlotIndex=978
tally 1  FOMENT_UNREST CAPTURED / NO_RESULT
tally 2  FOMENT_UNREST FAIL_MUST_ESCAPE / FAIL_MUST_ESCAPE
tally 3  FOMENT_UNREST FAIL_MUST_ESCAPE / KILLED
tally 2  FOMENT_UNREST FAIL_MUST_ESCAPE / NO_RESULT
tally 3  FOMENT_UNREST FAIL_UNDETECTED / NO_RESULT
tally 1  FOMENT_UNREST KILLED / NO_RESULT
tally 2  FOMENT_UNREST SUCCESS_MUST_ESCAPE / FAIL_MUST_ESCAPE
tally 3  FOMENT_UNREST SUCCESS_UNDETECTED / NO_RESULT
turn 161 spies active 6 idle 3 missions 17 captured-enemy 0
spy 4849666 LOC_CITIZEN_MAYA_MODERN_FEMALE_9 level 1 at 65:16 busy
spy 4915208 LOC_CITIZEN_MAYA_MALE_6 level 1 at 59:23 busy
spy 5570571 LOC_CITIZEN_MAYA_FEMALE_8 level 1 at 54:11 busy
spy 4718605 LOC_CITIZEN_MAYA_FEMALE_4 level 1 at 65:16 refused
spy 5308432 LOC_CITIZEN_MAYA_MODERN_FEMALE_3 level 1 at 54:15 busy
spy 5373970 LOC_CITIZEN_MAYA_MODERN_MALE_10 level 1 at 62:20 busy
spy 5701651 LOC_CITIZEN_MAYA_MALE_3 level 1 at 60:16 start
spy 5636117 LOC_CITIZEN_MAYA_MODERN_FEMALE_7 level 1 at 36:42 travel
spy 5111831 LOC_CITIZEN_MAYA_MODERN_FEMALE_5 level 1 at 54:21 busy
turn 161 spies 9 started 1 travelled 1 promoted 0 bought 0 gold 50000
unblock: blocker ENDTURN_BLOCKING_SPY_CHOOSE_ESCAPE_ROUTE -> escape route DISTRICT_CITY_CENTER of 1 for spy 4849666 LOC_CITIZEN_MAYA_MODERN_FEMALE_9 level 1 turn 161 | end turn requested
unstuck: closed sessions [1:1]
unstuck: DiplomacyActionView: Closing Diplomacy Action View. m_eventID: 771700
unblock: blocker ENDTURN_BLOCKING_SPY_CHOOSE_ESCAPE_ROUTE -> escape route DISTRICT_CITY_CENTER of 2 for spy 5111831 LOC_CITIZEN_MAYA_MODERN_FEMALE_5 level 1 turn 161 | end turn requested
unblock: blocker ENDTURN_BLOCKING_PRODUCTION -> NARANJO builds UNIT_WARRIOR | end turn requested
unstuck: closed sessions [2:2]
unstuck: DiplomacyActionView: Closing Diplomacy Action View. m_eventID: 775010
unblock: blocker ENDTURN_BLOCKING_PRODUCTION -> NARANJO builds UNIT_WARRIOR | end turn requested
unstuck: closed sessions [4:4]
unstuck: DiplomacyActionView: Closing Diplomacy Action View. m_eventID: 776471
unblock: blocker ENDTURN_BLOCKING_WORLD_CONGRESS_SESSION -> nothing | end turn requested
unstuck: WorldCongressIntro: closed
unstuck: WorldCongressPopup: closed
mission CityName=LOC_CITY_NAME_WINNIPEG CompletionTurn=162 EscapeResult=-1 InitialResult=3 LevelAfter=1 LootInfo=-1 Name=LOC_CITIZEN_MAYA_MODERN_MALE_10 Operation=58 PlotIndex=1742
mission CityName=LOC_CITY_NAME_MONTREAL CompletionTurn=162 EscapeResult=-1 InitialResult=2 LevelAfter=2 LootInfo=-1 Name=LOC_CITIZEN_MAYA_MODERN_FEMALE_3 Operation=58 PlotIndex=1314
mission CityName=LOC_CITY_NAME_SAINT_JOHN CompletionTurn=160 EscapeResult=-1 InitialResult=3 LevelAfter=1 LootInfo=-1 Name=LOC_CITIZEN_MAYA_MALE_6 Operation=58 PlotIndex=1991
mission CityName=LOC_CITY_NAME_TORONTO CompletionTurn=159 EscapeResult=2 InitialResult=2 LevelAfter=1 LootInfo=-1 Name=LOC_CITIZEN_MAYA_MODERN_FEMALE_5 Operation=58 PlotIndex=1818
mission CityName=LOC_CITY_NAME_HALIFAX CompletionTurn=159 EscapeResult=0 InitialResult=2 LevelAfter=2 LootInfo=-1 Name=LOC_CITIZEN_MAYA_MODERN_FEMALE_9 Operation=58 PlotIndex=1409
mission CityName=LOC_CITY_NAME_OTTAWA CompletionTurn=156 EscapeResult=-1 InitialResult=1 LevelAfter=1 LootInfo=-1 Name=LOC_CITIZEN_MAYA_MODERN_MALE_9 Operation=58 PlotIndex=978
mission CityName=LOC_CITY_NAME_QUEBEC_CITY CompletionTurn=156 EscapeResult=2 InitialResult=2 LevelAfter=2 LootInfo=-1 Name=LOC_CITIZEN_MAYA_MALE_8 Operation=58 PlotIndex=1404
mission CityName=LOC_CITY_NAME_SAINT_JOHN CompletionTurn=156 EscapeResult=-1 InitialResult=3 LevelAfter=1 LootInfo=-1 Name=LOC_CITIZEN_MAYA_MALE_6 Operation=58 PlotIndex=1991
mission CityName=LOC_CITY_NAME_HALIFAX CompletionTurn=154 EscapeResult=-1 InitialResult=5 LevelAfter=2 LootInfo=-1 Name=LOC_CITIZEN_MAYA_FEMALE_4 Operation=58 PlotIndex=1409
mission CityName=LOC_CITY_NAME_QUEBEC_CITY CompletionTurn=151 EscapeResult=-1 InitialResult=5 LevelAfter=2 LootInfo=-1 Name=LOC_CITIZEN_MAYA_MALE_8 Operation=58 PlotIndex=1404
mission CityName=LOC_CITY_NAME_MONTREAL CompletionTurn=150 EscapeResult=0 InitialResult=2 LevelAfter=2 LootInfo=-1 Name=LOC_CITIZEN_MAYA_MALE_1 Operation=58 PlotIndex=1314
mission CityName=LOC_CITY_NAME_OTTAWA CompletionTurn=148 EscapeResult=2 InitialResult=2 LevelAfter=2 LootInfo=-1 Name=LOC_CITIZEN_MAYA_MODERN_FEMALE_3 Operation=58 PlotIndex=978
mission CityName=LOC_CITY_NAME_TORONTO CompletionTurn=148 EscapeResult=0 InitialResult=2 LevelAfter=1 LootInfo=-1 Name=LOC_CITIZEN_MAYA_FEMALE_3 Operation=58 PlotIndex=1818
mission CityName=LOC_CITY_NAME_OTTAWA CompletionTurn=144 EscapeResult=-1 InitialResult=3 LevelAfter=1 LootInfo=-1 Name=LOC_CITIZEN_MAYA_MODERN_MALE_9 Operation=58 PlotIndex=978
mission CityName=LOC_CITY_NAME_QUEBEC_CITY CompletionTurn=142 EscapeResult=2 InitialResult=4 LevelAfter=2 LootInfo=-1 Name=LOC_CITIZEN_MAYA_MODERN_FEMALE_9 Operation=58 PlotIndex=1404
mission CityName=LOC_CITY_NAME_MONTREAL CompletionTurn=141 EscapeResult=0 InitialResult=2 LevelAfter=1 LootInfo=-1 Name=LOC_CITIZEN_MAYA_MODERN_MALE_1 Operation=58 PlotIndex=1314
mission CityName=LOC_CITY_NAME_TORONTO CompletionTurn=140 EscapeResult=-1 InitialResult=0 LevelAfter=1 LootInfo=-1 Name=LOC_CITIZEN_MAYA_MODERN_MALE_4 Operation=58 PlotIndex=1818
mission CityName=LOC_CITY_NAME_MONTREAL CompletionTurn=137 EscapeResult=-1 InitialResult=5 LevelAfter=2 LootInfo=-1 Name=LOC_CITIZEN_MAYA_MALE_1 Operation=58 PlotIndex=1314
mission CityName=LOC_CITY_NAME_OTTAWA CompletionTurn=134 EscapeResult=2 InitialResult=4 LevelAfter=2 LootInfo=-1 Name=LOC_CITIZEN_MAYA_MODERN_FEMALE_3 Operation=58 PlotIndex=978
tally 1  FOMENT_UNREST CAPTURED / NO_RESULT
tally 3  FOMENT_UNREST FAIL_MUST_ESCAPE / FAIL_MUST_ESCAPE
tally 4  FOMENT_UNREST FAIL_MUST_ESCAPE / KILLED
tally 1  FOMENT_UNREST FAIL_MUST_ESCAPE / NO_RESULT
tally 4  FOMENT_UNREST FAIL_UNDETECTED / NO_RESULT
tally 1  FOMENT_UNREST KILLED / NO_RESULT
tally 2  FOMENT_UNREST SUCCESS_MUST_ESCAPE / FAIL_MUST_ESCAPE
tally 3  FOMENT_UNREST SUCCESS_UNDETECTED / NO_RESULT
turn 162 spies active 4 idle 3 missions 19 captured-enemy 0
spy 4915208 LOC_CITIZEN_MAYA_MALE_6 level 1 at 59:23 busy
spy 5570571 LOC_CITIZEN_MAYA_FEMALE_8 level 1 at 54:11 busy
spy 4718605 LOC_CITIZEN_MAYA_FEMALE_4 level 1 at 65:16 start
spy 5308432 LOC_CITIZEN_MAYA_MODERN_FEMALE_3 level 1 at 54:15 busy
spy 5373970 LOC_CITIZEN_MAYA_MODERN_MALE_10 level 1 at 62:20 start
spy 5701651 LOC_CITIZEN_MAYA_MALE_3 level 1 at 60:16 busy
spy 5832727 LOC_CITIZEN_MAYA_MALE_8 level 1 at 36:42 travel
turn 162 spies 7 started 2 travelled 1 promoted 0 bought 0 gold 50000
unblock: blocker ENDTURN_BLOCKING_PRODUCTION -> NARANJO builds UNIT_WARRIOR | end turn requested
unblock: blocker ENDTURN_BLOCKING_SPY_CHOOSE_ESCAPE_ROUTE -> escape route DISTRICT_CITY_CENTER of 1 for spy 5308432 LOC_CITIZEN_MAYA_MODERN_FEMALE_3 level 1 turn 162 | end turn requested
mission CityName=LOC_CITY_NAME_OTTAWA CompletionTurn=163 EscapeResult=-1 InitialResult=5 LevelAfter=2 LootInfo=-1 Name=LOC_CITIZEN_MAYA_FEMALE_8 Operation=58 PlotIndex=978
mission CityName=LOC_CITY_NAME_WINNIPEG CompletionTurn=162 EscapeResult=-1 InitialResult=3 LevelAfter=1 LootInfo=-1 Name=LOC_CITIZEN_MAYA_MODERN_MALE_10 Operation=58 PlotIndex=1742
mission CityName=LOC_CITY_NAME_MONTREAL CompletionTurn=162 EscapeResult=-1 InitialResult=2 LevelAfter=2 LootInfo=-1 Name=LOC_CITIZEN_MAYA_MODERN_FEMALE_3 Operation=58 PlotIndex=1314
mission CityName=LOC_CITY_NAME_SAINT_JOHN CompletionTurn=160 EscapeResult=-1 InitialResult=3 LevelAfter=1 LootInfo=-1 Name=LOC_CITIZEN_MAYA_MALE_6 Operation=58 PlotIndex=1991
mission CityName=LOC_CITY_NAME_TORONTO CompletionTurn=159 EscapeResult=2 InitialResult=2 LevelAfter=1 LootInfo=-1 Name=LOC_CITIZEN_MAYA_MODERN_FEMALE_5 Operation=58 PlotIndex=1818
mission CityName=LOC_CITY_NAME_HALIFAX CompletionTurn=159 EscapeResult=0 InitialResult=2 LevelAfter=2 LootInfo=-1 Name=LOC_CITIZEN_MAYA_MODERN_FEMALE_9 Operation=58 PlotIndex=1409
mission CityName=LOC_CITY_NAME_OTTAWA CompletionTurn=156 EscapeResult=-1 InitialResult=1 LevelAfter=1 LootInfo=-1 Name=LOC_CITIZEN_MAYA_MODERN_MALE_9 Operation=58 PlotIndex=978
mission CityName=LOC_CITY_NAME_QUEBEC_CITY CompletionTurn=156 EscapeResult=2 InitialResult=2 LevelAfter=2 LootInfo=-1 Name=LOC_CITIZEN_MAYA_MALE_8 Operation=58 PlotIndex=1404
mission CityName=LOC_CITY_NAME_SAINT_JOHN CompletionTurn=156 EscapeResult=-1 InitialResult=3 LevelAfter=1 LootInfo=-1 Name=LOC_CITIZEN_MAYA_MALE_6 Operation=58 PlotIndex=1991
mission CityName=LOC_CITY_NAME_HALIFAX CompletionTurn=154 EscapeResult=-1 InitialResult=5 LevelAfter=2 LootInfo=-1 Name=LOC_CITIZEN_MAYA_FEMALE_4 Operation=58 PlotIndex=1409
mission CityName=LOC_CITY_NAME_QUEBEC_CITY CompletionTurn=151 EscapeResult=-1 InitialResult=5 LevelAfter=2 LootInfo=-1 Name=LOC_CITIZEN_MAYA_MALE_8 Operation=58 PlotIndex=1404
mission CityName=LOC_CITY_NAME_MONTREAL CompletionTurn=150 EscapeResult=0 InitialResult=2 LevelAfter=2 LootInfo=-1 Name=LOC_CITIZEN_MAYA_MALE_1 Operation=58 PlotIndex=1314
mission CityName=LOC_CITY_NAME_OTTAWA CompletionTurn=148 EscapeResult=2 InitialResult=2 LevelAfter=2 LootInfo=-1 Name=LOC_CITIZEN_MAYA_MODERN_FEMALE_3 Operation=58 PlotIndex=978
mission CityName=LOC_CITY_NAME_TORONTO CompletionTurn=148 EscapeResult=0 InitialResult=2 LevelAfter=1 LootInfo=-1 Name=LOC_CITIZEN_MAYA_FEMALE_3 Operation=58 PlotIndex=1818
mission CityName=LOC_CITY_NAME_OTTAWA CompletionTurn=144 EscapeResult=-1 InitialResult=3 LevelAfter=1 LootInfo=-1 Name=LOC_CITIZEN_MAYA_MODERN_MALE_9 Operation=58 PlotIndex=978
mission CityName=LOC_CITY_NAME_QUEBEC_CITY CompletionTurn=142 EscapeResult=2 InitialResult=4 LevelAfter=2 LootInfo=-1 Name=LOC_CITIZEN_MAYA_MODERN_FEMALE_9 Operation=58 PlotIndex=1404
mission CityName=LOC_CITY_NAME_MONTREAL CompletionTurn=141 EscapeResult=0 InitialResult=2 LevelAfter=1 LootInfo=-1 Name=LOC_CITIZEN_MAYA_MODERN_MALE_1 Operation=58 PlotIndex=1314
mission CityName=LOC_CITY_NAME_TORONTO CompletionTurn=140 EscapeResult=-1 InitialResult=0 LevelAfter=1 LootInfo=-1 Name=LOC_CITIZEN_MAYA_MODERN_MALE_4 Operation=58 PlotIndex=1818
mission CityName=LOC_CITY_NAME_MONTREAL CompletionTurn=137 EscapeResult=-1 InitialResult=5 LevelAfter=2 LootInfo=-1 Name=LOC_CITIZEN_MAYA_MALE_1 Operation=58 PlotIndex=1314
mission CityName=LOC_CITY_NAME_OTTAWA CompletionTurn=134 EscapeResult=2 InitialResult=4 LevelAfter=2 LootInfo=-1 Name=LOC_CITIZEN_MAYA_MODERN_FEMALE_3 Operation=58 PlotIndex=978
tally 1  FOMENT_UNREST CAPTURED / NO_RESULT
tally 3  FOMENT_UNREST FAIL_MUST_ESCAPE / FAIL_MUST_ESCAPE
tally 4  FOMENT_UNREST FAIL_MUST_ESCAPE / KILLED
tally 1  FOMENT_UNREST FAIL_MUST_ESCAPE / NO_RESULT
tally 4  FOMENT_UNREST FAIL_UNDETECTED / NO_RESULT
tally 1  FOMENT_UNREST KILLED / NO_RESULT
tally 2  FOMENT_UNREST SUCCESS_MUST_ESCAPE / FAIL_MUST_ESCAPE
tally 4  FOMENT_UNREST SUCCESS_UNDETECTED / NO_RESULT
turn 163 spies active 5 idle 1 missions 20 captured-enemy 0
spy 4915208 LOC_CITIZEN_MAYA_MALE_6 level 1 at 59:23 busy
spy 5570571 LOC_CITIZEN_MAYA_FEMALE_8 level 1 at 54:11 start
spy 4718605 LOC_CITIZEN_MAYA_FEMALE_4 level 1 at 65:16 busy
spy 5308432 LOC_CITIZEN_MAYA_MODERN_FEMALE_3 level 1 at 54:15 busy
spy 5373970 LOC_CITIZEN_MAYA_MODERN_MALE_10 level 1 at 62:20 busy
spy 5701651 LOC_CITIZEN_MAYA_MALE_3 level 1 at 60:16 busy
turn 163 spies 6 started 1 travelled 0 promoted 0 bought 1 gold 50000
unblock: blocker ENDTURN_BLOCKING_SPY_CHOOSE_ESCAPE_ROUTE -> escape route DISTRICT_CITY_CENTER of 1 for spy 5308432 LOC_CITIZEN_MAYA_MODERN_FEMALE_3 level 1 turn 163 | end turn requested
unblock: blocker ENDTURN_BLOCKING_PRODUCTION -> NARANJO builds UNIT_WARRIOR | end turn requested
mission CityName=LOC_CITY_NAME_SAINT_JOHN CompletionTurn=164 EscapeResult=-1 InitialResult=2 LevelAfter=1 LootInfo=-1 Name=LOC_CITIZEN_MAYA_MALE_6 Operation=58 PlotIndex=1991
mission CityName=LOC_CITY_NAME_OTTAWA CompletionTurn=163 EscapeResult=-1 InitialResult=5 LevelAfter=2 LootInfo=-1 Name=LOC_CITIZEN_MAYA_FEMALE_8 Operation=58 PlotIndex=978
mission CityName=LOC_CITY_NAME_WINNIPEG CompletionTurn=162 EscapeResult=-1 InitialResult=3 LevelAfter=1 LootInfo=-1 Name=LOC_CITIZEN_MAYA_MODERN_MALE_10 Operation=58 PlotIndex=1742
mission CityName=LOC_CITY_NAME_MONTREAL CompletionTurn=162 EscapeResult=0 InitialResult=2 LevelAfter=2 LootInfo=-1 Name=LOC_CITIZEN_MAYA_MODERN_FEMALE_3 Operation=58 PlotIndex=1314
mission CityName=LOC_CITY_NAME_SAINT_JOHN CompletionTurn=160 EscapeResult=-1 InitialResult=3 LevelAfter=1 LootInfo=-1 Name=LOC_CITIZEN_MAYA_MALE_6 Operation=58 PlotIndex=1991
mission CityName=LOC_CITY_NAME_TORONTO CompletionTurn=159 EscapeResult=2 InitialResult=2 LevelAfter=1 LootInfo=-1 Name=LOC_CITIZEN_MAYA_MODERN_FEMALE_5 Operation=58 PlotIndex=1818
mission CityName=LOC_CITY_NAME_HALIFAX CompletionTurn=159 EscapeResult=0 InitialResult=2 LevelAfter=2 LootInfo=-1 Name=LOC_CITIZEN_MAYA_MODERN_FEMALE_9 Operation=58 PlotIndex=1409
mission CityName=LOC_CITY_NAME_OTTAWA CompletionTurn=156 EscapeResult=-1 InitialResult=1 LevelAfter=1 LootInfo=-1 Name=LOC_CITIZEN_MAYA_MODERN_MALE_9 Operation=58 PlotIndex=978
mission CityName=LOC_CITY_NAME_QUEBEC_CITY CompletionTurn=156 EscapeResult=2 InitialResult=2 LevelAfter=2 LootInfo=-1 Name=LOC_CITIZEN_MAYA_MALE_8 Operation=58 PlotIndex=1404
mission CityName=LOC_CITY_NAME_SAINT_JOHN CompletionTurn=156 EscapeResult=-1 InitialResult=3 LevelAfter=1 LootInfo=-1 Name=LOC_CITIZEN_MAYA_MALE_6 Operation=58 PlotIndex=1991
mission CityName=LOC_CITY_NAME_HALIFAX CompletionTurn=154 EscapeResult=-1 InitialResult=5 LevelAfter=2 LootInfo=-1 Name=LOC_CITIZEN_MAYA_FEMALE_4 Operation=58 PlotIndex=1409
mission CityName=LOC_CITY_NAME_QUEBEC_CITY CompletionTurn=151 EscapeResult=-1 InitialResult=5 LevelAfter=2 LootInfo=-1 Name=LOC_CITIZEN_MAYA_MALE_8 Operation=58 PlotIndex=1404
mission CityName=LOC_CITY_NAME_MONTREAL CompletionTurn=150 EscapeResult=0 InitialResult=2 LevelAfter=2 LootInfo=-1 Name=LOC_CITIZEN_MAYA_MALE_1 Operation=58 PlotIndex=1314
mission CityName=LOC_CITY_NAME_OTTAWA CompletionTurn=148 EscapeResult=2 InitialResult=2 LevelAfter=2 LootInfo=-1 Name=LOC_CITIZEN_MAYA_MODERN_FEMALE_3 Operation=58 PlotIndex=978
mission CityName=LOC_CITY_NAME_TORONTO CompletionTurn=148 EscapeResult=0 InitialResult=2 LevelAfter=1 LootInfo=-1 Name=LOC_CITIZEN_MAYA_FEMALE_3 Operation=58 PlotIndex=1818
mission CityName=LOC_CITY_NAME_OTTAWA CompletionTurn=144 EscapeResult=-1 InitialResult=3 LevelAfter=1 LootInfo=-1 Name=LOC_CITIZEN_MAYA_MODERN_MALE_9 Operation=58 PlotIndex=978
mission CityName=LOC_CITY_NAME_QUEBEC_CITY CompletionTurn=142 EscapeResult=2 InitialResult=4 LevelAfter=2 LootInfo=-1 Name=LOC_CITIZEN_MAYA_MODERN_FEMALE_9 Operation=58 PlotIndex=1404
mission CityName=LOC_CITY_NAME_MONTREAL CompletionTurn=141 EscapeResult=0 InitialResult=2 LevelAfter=1 LootInfo=-1 Name=LOC_CITIZEN_MAYA_MODERN_MALE_1 Operation=58 PlotIndex=1314
mission CityName=LOC_CITY_NAME_TORONTO CompletionTurn=140 EscapeResult=-1 InitialResult=0 LevelAfter=1 LootInfo=-1 Name=LOC_CITIZEN_MAYA_MODERN_MALE_4 Operation=58 PlotIndex=1818
mission CityName=LOC_CITY_NAME_MONTREAL CompletionTurn=137 EscapeResult=-1 InitialResult=5 LevelAfter=2 LootInfo=-1 Name=LOC_CITIZEN_MAYA_MALE_1 Operation=58 PlotIndex=1314
mission CityName=LOC_CITY_NAME_OTTAWA CompletionTurn=134 EscapeResult=2 InitialResult=4 LevelAfter=2 LootInfo=-1 Name=LOC_CITIZEN_MAYA_MODERN_FEMALE_3 Operation=58 PlotIndex=978
tally 1  FOMENT_UNREST CAPTURED / NO_RESULT
tally 3  FOMENT_UNREST FAIL_MUST_ESCAPE / FAIL_MUST_ESCAPE
tally 5  FOMENT_UNREST FAIL_MUST_ESCAPE / KILLED
tally 1  FOMENT_UNREST FAIL_MUST_ESCAPE / NO_RESULT
tally 4  FOMENT_UNREST FAIL_UNDETECTED / NO_RESULT
tally 1  FOMENT_UNREST KILLED / NO_RESULT
tally 2  FOMENT_UNREST SUCCESS_MUST_ESCAPE / FAIL_MUST_ESCAPE
tally 4  FOMENT_UNREST SUCCESS_UNDETECTED / NO_RESULT
turn 164 spies active 5 idle 3 missions 21 captured-enemy 0
spy 6094850 LOC_CITIZEN_MAYA_MALE_8 level 1 at 54:21 start
spy 4915208 LOC_CITIZEN_MAYA_MALE_6 level 1 at 59:23 busy
spy 5570571 LOC_CITIZEN_MAYA_FEMALE_8 level 1 at 54:11 busy
spy 4718605 LOC_CITIZEN_MAYA_FEMALE_4 level 1 at 65:16 busy
spy 6029328 LOC_CITIZEN_MAYA_MODERN_FEMALE_7 level 1 at 53:5 start
spy 5373970 LOC_CITIZEN_MAYA_MODERN_MALE_10 level 1 at 62:20 busy
spy 5701651 LOC_CITIZEN_MAYA_MALE_3 level 1 at 60:16 busy
spy 5963797 LOC_CITIZEN_MAYA_MODERN_FEMALE_2 level 1 at 36:42 travel
turn 164 spies 8 started 2 travelled 1 promoted 0 bought 0 gold 50000
unblock: blocker ENDTURN_BLOCKING_PRODUCTION -> NARANJO builds UNIT_WARRIOR | end turn requested
mission CityName=LOC_CITY_NAME_SAINT_JOHN CompletionTurn=164 EscapeResult=-1 InitialResult=2 LevelAfter=1 LootInfo=-1 Name=LOC_CITIZEN_MAYA_MALE_6 Operation=58 PlotIndex=1991
mission CityName=LOC_CITY_NAME_OTTAWA CompletionTurn=163 EscapeResult=-1 InitialResult=5 LevelAfter=2 LootInfo=-1 Name=LOC_CITIZEN_MAYA_FEMALE_8 Operation=58 PlotIndex=978
mission CityName=LOC_CITY_NAME_WINNIPEG CompletionTurn=162 EscapeResult=-1 InitialResult=3 LevelAfter=1 LootInfo=-1 Name=LOC_CITIZEN_MAYA_MODERN_MALE_10 Operation=58 PlotIndex=1742
mission CityName=LOC_CITY_NAME_MONTREAL CompletionTurn=162 EscapeResult=0 InitialResult=2 LevelAfter=2 LootInfo=-1 Name=LOC_CITIZEN_MAYA_MODERN_FEMALE_3 Operation=58 PlotIndex=1314
mission CityName=LOC_CITY_NAME_SAINT_JOHN CompletionTurn=160 EscapeResult=-1 InitialResult=3 LevelAfter=1 LootInfo=-1 Name=LOC_CITIZEN_MAYA_MALE_6 Operation=58 PlotIndex=1991
mission CityName=LOC_CITY_NAME_TORONTO CompletionTurn=159 EscapeResult=2 InitialResult=2 LevelAfter=1 LootInfo=-1 Name=LOC_CITIZEN_MAYA_MODERN_FEMALE_5 Operation=58 PlotIndex=1818
mission CityName=LOC_CITY_NAME_HALIFAX CompletionTurn=159 EscapeResult=0 InitialResult=2 LevelAfter=2 LootInfo=-1 Name=LOC_CITIZEN_MAYA_MODERN_FEMALE_9 Operation=58 PlotIndex=1409
mission CityName=LOC_CITY_NAME_OTTAWA CompletionTurn=156 EscapeResult=-1 InitialResult=1 LevelAfter=1 LootInfo=-1 Name=LOC_CITIZEN_MAYA_MODERN_MALE_9 Operation=58 PlotIndex=978
mission CityName=LOC_CITY_NAME_QUEBEC_CITY CompletionTurn=156 EscapeResult=2 InitialResult=2 LevelAfter=2 LootInfo=-1 Name=LOC_CITIZEN_MAYA_MALE_8 Operation=58 PlotIndex=1404
mission CityName=LOC_CITY_NAME_SAINT_JOHN CompletionTurn=156 EscapeResult=-1 InitialResult=3 LevelAfter=1 LootInfo=-1 Name=LOC_CITIZEN_MAYA_MALE_6 Operation=58 PlotIndex=1991
mission CityName=LOC_CITY_NAME_HALIFAX CompletionTurn=154 EscapeResult=-1 InitialResult=5 LevelAfter=2 LootInfo=-1 Name=LOC_CITIZEN_MAYA_FEMALE_4 Operation=58 PlotIndex=1409
mission CityName=LOC_CITY_NAME_QUEBEC_CITY CompletionTurn=151 EscapeResult=-1 InitialResult=5 LevelAfter=2 LootInfo=-1 Name=LOC_CITIZEN_MAYA_MALE_8 Operation=58 PlotIndex=1404
mission CityName=LOC_CITY_NAME_MONTREAL CompletionTurn=150 EscapeResult=0 InitialResult=2 LevelAfter=2 LootInfo=-1 Name=LOC_CITIZEN_MAYA_MALE_1 Operation=58 PlotIndex=1314
mission CityName=LOC_CITY_NAME_OTTAWA CompletionTurn=148 EscapeResult=2 InitialResult=2 LevelAfter=2 LootInfo=-1 Name=LOC_CITIZEN_MAYA_MODERN_FEMALE_3 Operation=58 PlotIndex=978
mission CityName=LOC_CITY_NAME_TORONTO CompletionTurn=148 EscapeResult=0 InitialResult=2 LevelAfter=1 LootInfo=-1 Name=LOC_CITIZEN_MAYA_FEMALE_3 Operation=58 PlotIndex=1818
mission CityName=LOC_CITY_NAME_OTTAWA CompletionTurn=144 EscapeResult=-1 InitialResult=3 LevelAfter=1 LootInfo=-1 Name=LOC_CITIZEN_MAYA_MODERN_MALE_9 Operation=58 PlotIndex=978
mission CityName=LOC_CITY_NAME_QUEBEC_CITY CompletionTurn=142 EscapeResult=2 InitialResult=4 LevelAfter=2 LootInfo=-1 Name=LOC_CITIZEN_MAYA_MODERN_FEMALE_9 Operation=58 PlotIndex=1404
mission CityName=LOC_CITY_NAME_MONTREAL CompletionTurn=141 EscapeResult=0 InitialResult=2 LevelAfter=1 LootInfo=-1 Name=LOC_CITIZEN_MAYA_MODERN_MALE_1 Operation=58 PlotIndex=1314
mission CityName=LOC_CITY_NAME_TORONTO CompletionTurn=140 EscapeResult=-1 InitialResult=0 LevelAfter=1 LootInfo=-1 Name=LOC_CITIZEN_MAYA_MODERN_MALE_4 Operation=58 PlotIndex=1818
mission CityName=LOC_CITY_NAME_MONTREAL CompletionTurn=137 EscapeResult=-1 InitialResult=5 LevelAfter=2 LootInfo=-1 Name=LOC_CITIZEN_MAYA_MALE_1 Operation=58 PlotIndex=1314
mission CityName=LOC_CITY_NAME_OTTAWA CompletionTurn=134 EscapeResult=2 InitialResult=4 LevelAfter=2 LootInfo=-1 Name=LOC_CITIZEN_MAYA_MODERN_FEMALE_3 Operation=58 PlotIndex=978
tally 1  FOMENT_UNREST CAPTURED / NO_RESULT
tally 3  FOMENT_UNREST FAIL_MUST_ESCAPE / FAIL_MUST_ESCAPE
tally 5  FOMENT_UNREST FAIL_MUST_ESCAPE / KILLED
tally 1  FOMENT_UNREST FAIL_MUST_ESCAPE / NO_RESULT
tally 4  FOMENT_UNREST FAIL_UNDETECTED / NO_RESULT
tally 1  FOMENT_UNREST KILLED / NO_RESULT
tally 2  FOMENT_UNREST SUCCESS_MUST_ESCAPE / FAIL_MUST_ESCAPE
tally 4  FOMENT_UNREST SUCCESS_UNDETECTED / NO_RESULT
turn 165 spies active 7 idle 0 missions 21 captured-enemy 0
spy 6094850 LOC_CITIZEN_MAYA_MALE_8 level 1 at 54:21 busy
spy 4915208 LOC_CITIZEN_MAYA_MALE_6 level 1 at 59:23 busy
spy 5570571 LOC_CITIZEN_MAYA_FEMALE_8 level 1 at 54:11 busy
spy 4718605 LOC_CITIZEN_MAYA_FEMALE_4 level 1 at 65:16 busy
spy 6029328 LOC_CITIZEN_MAYA_MODERN_FEMALE_7 level 1 at 53:5 busy
spy 5373970 LOC_CITIZEN_MAYA_MODERN_MALE_10 level 1 at 62:20 busy
spy 5701651 LOC_CITIZEN_MAYA_MALE_3 level 1 at 60:16 start
spy 6160405 LOC_CITIZEN_MAYA_MODERN_FEMALE_5 level 1 at 36:42 travel
turn 165 spies 8 started 1 travelled 1 promoted 0 bought 0 gold 50000
unblock: blocker ENDTURN_BLOCKING_SPY_CHOOSE_ESCAPE_ROUTE -> escape route DISTRICT_HARBOR of 2 for spy 4915208 LOC_CITIZEN_MAYA_MALE_6 level 1 turn 165 | end turn requested
unblock: blocker ENDTURN_BLOCKING_PRODUCTION -> NARANJO builds UNIT_WARRIOR | end turn requested
unstuck: closed sessions [2:2]
unstuck: DiplomacyActionView: Closing Diplomacy Action View. m_eventID: 814006
mission CityName=LOC_CITY_NAME_WINNIPEG CompletionTurn=166 EscapeResult=-1 InitialResult=5 LevelAfter=2 LootInfo=-1 Name=LOC_CITIZEN_MAYA_MODERN_MALE_10 Operation=58 PlotIndex=1742
mission CityName=LOC_CITY_NAME_HALIFAX CompletionTurn=166 EscapeResult=-1 InitialResult=4 LevelAfter=2 LootInfo=-1 Name=LOC_CITIZEN_MAYA_FEMALE_4 Operation=58 PlotIndex=1409
mission CityName=LOC_CITY_NAME_QUEBEC_CITY CompletionTurn=165 EscapeResult=-1 InitialResult=3 LevelAfter=1 LootInfo=-1 Name=LOC_CITIZEN_MAYA_MALE_3 Operation=58 PlotIndex=1404
mission CityName=LOC_CITY_NAME_SAINT_JOHN CompletionTurn=164 EscapeResult=1 InitialResult=2 LevelAfter=1 LootInfo=-1 Name=LOC_CITIZEN_MAYA_MALE_6 Operation=58 PlotIndex=1991
mission CityName=LOC_CITY_NAME_OTTAWA CompletionTurn=163 EscapeResult=-1 InitialResult=5 LevelAfter=2 LootInfo=-1 Name=LOC_CITIZEN_MAYA_FEMALE_8 Operation=58 PlotIndex=978
mission CityName=LOC_CITY_NAME_WINNIPEG CompletionTurn=162 EscapeResult=-1 InitialResult=3 LevelAfter=1 LootInfo=-1 Name=LOC_CITIZEN_MAYA_MODERN_MALE_10 Operation=58 PlotIndex=1742
mission CityName=LOC_CITY_NAME_MONTREAL CompletionTurn=162 EscapeResult=0 InitialResult=2 LevelAfter=2 LootInfo=-1 Name=LOC_CITIZEN_MAYA_MODERN_FEMALE_3 Operation=58 PlotIndex=1314
mission CityName=LOC_CITY_NAME_SAINT_JOHN CompletionTurn=160 EscapeResult=-1 InitialResult=3 LevelAfter=1 LootInfo=-1 Name=LOC_CITIZEN_MAYA_MALE_6 Operation=58 PlotIndex=1991
mission CityName=LOC_CITY_NAME_TORONTO CompletionTurn=159 EscapeResult=2 InitialResult=2 LevelAfter=1 LootInfo=-1 Name=LOC_CITIZEN_MAYA_MODERN_FEMALE_5 Operation=58 PlotIndex=1818
mission CityName=LOC_CITY_NAME_HALIFAX CompletionTurn=159 EscapeResult=0 InitialResult=2 LevelAfter=2 LootInfo=-1 Name=LOC_CITIZEN_MAYA_MODERN_FEMALE_9 Operation=58 PlotIndex=1409
mission CityName=LOC_CITY_NAME_OTTAWA CompletionTurn=156 EscapeResult=-1 InitialResult=1 LevelAfter=1 LootInfo=-1 Name=LOC_CITIZEN_MAYA_MODERN_MALE_9 Operation=58 PlotIndex=978
mission CityName=LOC_CITY_NAME_QUEBEC_CITY CompletionTurn=156 EscapeResult=2 InitialResult=2 LevelAfter=2 LootInfo=-1 Name=LOC_CITIZEN_MAYA_MALE_8 Operation=58 PlotIndex=1404
mission CityName=LOC_CITY_NAME_SAINT_JOHN CompletionTurn=156 EscapeResult=-1 InitialResult=3 LevelAfter=1 LootInfo=-1 Name=LOC_CITIZEN_MAYA_MALE_6 Operation=58 PlotIndex=1991
mission CityName=LOC_CITY_NAME_HALIFAX CompletionTurn=154 EscapeResult=-1 InitialResult=5 LevelAfter=2 LootInfo=-1 Name=LOC_CITIZEN_MAYA_FEMALE_4 Operation=58 PlotIndex=1409
mission CityName=LOC_CITY_NAME_QUEBEC_CITY CompletionTurn=151 EscapeResult=-1 InitialResult=5 LevelAfter=2 LootInfo=-1 Name=LOC_CITIZEN_MAYA_MALE_8 Operation=58 PlotIndex=1404
mission CityName=LOC_CITY_NAME_MONTREAL CompletionTurn=150 EscapeResult=0 InitialResult=2 LevelAfter=2 LootInfo=-1 Name=LOC_CITIZEN_MAYA_MALE_1 Operation=58 PlotIndex=1314
mission CityName=LOC_CITY_NAME_OTTAWA CompletionTurn=148 EscapeResult=2 InitialResult=2 LevelAfter=2 LootInfo=-1 Name=LOC_CITIZEN_MAYA_MODERN_FEMALE_3 Operation=58 PlotIndex=978
mission CityName=LOC_CITY_NAME_TORONTO CompletionTurn=148 EscapeResult=0 InitialResult=2 LevelAfter=1 LootInfo=-1 Name=LOC_CITIZEN_MAYA_FEMALE_3 Operation=58 PlotIndex=1818
mission CityName=LOC_CITY_NAME_OTTAWA CompletionTurn=144 EscapeResult=-1 InitialResult=3 LevelAfter=1 LootInfo=-1 Name=LOC_CITIZEN_MAYA_MODERN_MALE_9 Operation=58 PlotIndex=978
mission CityName=LOC_CITY_NAME_QUEBEC_CITY CompletionTurn=142 EscapeResult=2 InitialResult=4 LevelAfter=2 LootInfo=-1 Name=LOC_CITIZEN_MAYA_MODERN_FEMALE_9 Operation=58 PlotIndex=1404
mission CityName=LOC_CITY_NAME_MONTREAL CompletionTurn=141 EscapeResult=0 InitialResult=2 LevelAfter=1 LootInfo=-1 Name=LOC_CITIZEN_MAYA_MODERN_MALE_1 Operation=58 PlotIndex=1314
mission CityName=LOC_CITY_NAME_TORONTO CompletionTurn=140 EscapeResult=-1 InitialResult=0 LevelAfter=1 LootInfo=-1 Name=LOC_CITIZEN_MAYA_MODERN_MALE_4 Operation=58 PlotIndex=1818
mission CityName=LOC_CITY_NAME_MONTREAL CompletionTurn=137 EscapeResult=-1 InitialResult=5 LevelAfter=2 LootInfo=-1 Name=LOC_CITIZEN_MAYA_MALE_1 Operation=58 PlotIndex=1314
mission CityName=LOC_CITY_NAME_OTTAWA CompletionTurn=134 EscapeResult=2 InitialResult=4 LevelAfter=2 LootInfo=-1 Name=LOC_CITIZEN_MAYA_MODERN_FEMALE_3 Operation=58 PlotIndex=978
tally 1  FOMENT_UNREST CAPTURED / NO_RESULT
tally 1  FOMENT_UNREST FAIL_MUST_ESCAPE / CAPTURED
tally 3  FOMENT_UNREST FAIL_MUST_ESCAPE / FAIL_MUST_ESCAPE
tally 5  FOMENT_UNREST FAIL_MUST_ESCAPE / KILLED
tally 5  FOMENT_UNREST FAIL_UNDETECTED / NO_RESULT
tally 1  FOMENT_UNREST KILLED / NO_RESULT
tally 2  FOMENT_UNREST SUCCESS_MUST_ESCAPE / FAIL_MUST_ESCAPE
tally 1  FOMENT_UNREST SUCCESS_MUST_ESCAPE / NO_RESULT
tally 5  FOMENT_UNREST SUCCESS_UNDETECTED / NO_RESULT
turn 166 spies active 6 idle 0 missions 24 captured-enemy 0
spy 6094850 LOC_CITIZEN_MAYA_MALE_8 level 1 at 54:21 busy
spy 5570571 LOC_CITIZEN_MAYA_FEMALE_8 level 1 at 54:11 busy
spy 4718605 LOC_CITIZEN_MAYA_FEMALE_4 level 1 at 65:16 busy
spy 6029328 LOC_CITIZEN_MAYA_MODERN_FEMALE_7 level 1 at 53:5 busy
spy 5373970 LOC_CITIZEN_MAYA_MODERN_MALE_10 level 1 at 62:20 start
spy 5701651 LOC_CITIZEN_MAYA_MALE_3 level 1 at 60:16 busy
turn 166 spies 6 started 1 travelled 0 promoted 0 bought 1 gold 50000
unblock: blocker ENDTURN_BLOCKING_PRODUCTION -> NARANJO builds UNIT_WARRIOR | end turn requested
unblock: blocker ENDTURN_BLOCKING_SPY_CHOOSE_ESCAPE_ROUTE -> escape route DISTRICT_CITY_CENTER of 1 for spy 4718605 LOC_CITIZEN_MAYA_FEMALE_4 level 1 turn 166 | end turn requested
mission CityName=LOC_CITY_NAME_OTTAWA CompletionTurn=167 EscapeResult=-1 InitialResult=5 LevelAfter=2 LootInfo=-1 Name=LOC_CITIZEN_MAYA_FEMALE_8 Operation=58 PlotIndex=978
mission CityName=LOC_CITY_NAME_WINNIPEG CompletionTurn=166 EscapeResult=-1 InitialResult=5 LevelAfter=2 LootInfo=-1 Name=LOC_CITIZEN_MAYA_MODERN_MALE_10 Operation=58 PlotIndex=1742
mission CityName=LOC_CITY_NAME_HALIFAX CompletionTurn=166 EscapeResult=-1 InitialResult=4 LevelAfter=2 LootInfo=-1 Name=LOC_CITIZEN_MAYA_FEMALE_4 Operation=58 PlotIndex=1409
mission CityName=LOC_CITY_NAME_QUEBEC_CITY CompletionTurn=165 EscapeResult=-1 InitialResult=3 LevelAfter=1 LootInfo=-1 Name=LOC_CITIZEN_MAYA_MALE_3 Operation=58 PlotIndex=1404
mission CityName=LOC_CITY_NAME_SAINT_JOHN CompletionTurn=164 EscapeResult=1 InitialResult=2 LevelAfter=1 LootInfo=-1 Name=LOC_CITIZEN_MAYA_MALE_6 Operation=58 PlotIndex=1991
mission CityName=LOC_CITY_NAME_OTTAWA CompletionTurn=163 EscapeResult=-1 InitialResult=5 LevelAfter=2 LootInfo=-1 Name=LOC_CITIZEN_MAYA_FEMALE_8 Operation=58 PlotIndex=978
mission CityName=LOC_CITY_NAME_WINNIPEG CompletionTurn=162 EscapeResult=-1 InitialResult=3 LevelAfter=1 LootInfo=-1 Name=LOC_CITIZEN_MAYA_MODERN_MALE_10 Operation=58 PlotIndex=1742
mission CityName=LOC_CITY_NAME_MONTREAL CompletionTurn=162 EscapeResult=0 InitialResult=2 LevelAfter=2 LootInfo=-1 Name=LOC_CITIZEN_MAYA_MODERN_FEMALE_3 Operation=58 PlotIndex=1314
mission CityName=LOC_CITY_NAME_SAINT_JOHN CompletionTurn=160 EscapeResult=-1 InitialResult=3 LevelAfter=1 LootInfo=-1 Name=LOC_CITIZEN_MAYA_MALE_6 Operation=58 PlotIndex=1991
mission CityName=LOC_CITY_NAME_TORONTO CompletionTurn=159 EscapeResult=2 InitialResult=2 LevelAfter=1 LootInfo=-1 Name=LOC_CITIZEN_MAYA_MODERN_FEMALE_5 Operation=58 PlotIndex=1818
mission CityName=LOC_CITY_NAME_HALIFAX CompletionTurn=159 EscapeResult=0 InitialResult=2 LevelAfter=2 LootInfo=-1 Name=LOC_CITIZEN_MAYA_MODERN_FEMALE_9 Operation=58 PlotIndex=1409
mission CityName=LOC_CITY_NAME_OTTAWA CompletionTurn=156 EscapeResult=-1 InitialResult=1 LevelAfter=1 LootInfo=-1 Name=LOC_CITIZEN_MAYA_MODERN_MALE_9 Operation=58 PlotIndex=978
mission CityName=LOC_CITY_NAME_QUEBEC_CITY CompletionTurn=156 EscapeResult=2 InitialResult=2 LevelAfter=2 LootInfo=-1 Name=LOC_CITIZEN_MAYA_MALE_8 Operation=58 PlotIndex=1404
mission CityName=LOC_CITY_NAME_SAINT_JOHN CompletionTurn=156 EscapeResult=-1 InitialResult=3 LevelAfter=1 LootInfo=-1 Name=LOC_CITIZEN_MAYA_MALE_6 Operation=58 PlotIndex=1991
mission CityName=LOC_CITY_NAME_HALIFAX CompletionTurn=154 EscapeResult=-1 InitialResult=5 LevelAfter=2 LootInfo=-1 Name=LOC_CITIZEN_MAYA_FEMALE_4 Operation=58 PlotIndex=1409
mission CityName=LOC_CITY_NAME_QUEBEC_CITY CompletionTurn=151 EscapeResult=-1 InitialResult=5 LevelAfter=2 LootInfo=-1 Name=LOC_CITIZEN_MAYA_MALE_8 Operation=58 PlotIndex=1404
mission CityName=LOC_CITY_NAME_MONTREAL CompletionTurn=150 EscapeResult=0 InitialResult=2 LevelAfter=2 LootInfo=-1 Name=LOC_CITIZEN_MAYA_MALE_1 Operation=58 PlotIndex=1314
mission CityName=LOC_CITY_NAME_OTTAWA CompletionTurn=148 EscapeResult=2 InitialResult=2 LevelAfter=2 LootInfo=-1 Name=LOC_CITIZEN_MAYA_MODERN_FEMALE_3 Operation=58 PlotIndex=978
mission CityName=LOC_CITY_NAME_TORONTO CompletionTurn=148 EscapeResult=0 InitialResult=2 LevelAfter=1 LootInfo=-1 Name=LOC_CITIZEN_MAYA_FEMALE_3 Operation=58 PlotIndex=1818
mission CityName=LOC_CITY_NAME_OTTAWA CompletionTurn=144 EscapeResult=-1 InitialResult=3 LevelAfter=1 LootInfo=-1 Name=LOC_CITIZEN_MAYA_MODERN_MALE_9 Operation=58 PlotIndex=978
mission CityName=LOC_CITY_NAME_QUEBEC_CITY CompletionTurn=142 EscapeResult=2 InitialResult=4 LevelAfter=2 LootInfo=-1 Name=LOC_CITIZEN_MAYA_MODERN_FEMALE_9 Operation=58 PlotIndex=1404
mission CityName=LOC_CITY_NAME_MONTREAL CompletionTurn=141 EscapeResult=0 InitialResult=2 LevelAfter=1 LootInfo=-1 Name=LOC_CITIZEN_MAYA_MODERN_MALE_1 Operation=58 PlotIndex=1314
mission CityName=LOC_CITY_NAME_TORONTO CompletionTurn=140 EscapeResult=-1 InitialResult=0 LevelAfter=1 LootInfo=-1 Name=LOC_CITIZEN_MAYA_MODERN_MALE_4 Operation=58 PlotIndex=1818
mission CityName=LOC_CITY_NAME_MONTREAL CompletionTurn=137 EscapeResult=-1 InitialResult=5 LevelAfter=2 LootInfo=-1 Name=LOC_CITIZEN_MAYA_MALE_1 Operation=58 PlotIndex=1314
mission CityName=LOC_CITY_NAME_OTTAWA CompletionTurn=134 EscapeResult=2 InitialResult=4 LevelAfter=2 LootInfo=-1 Name=LOC_CITIZEN_MAYA_MODERN_FEMALE_3 Operation=58 PlotIndex=978
tally 1  FOMENT_UNREST CAPTURED / NO_RESULT
tally 1  FOMENT_UNREST FAIL_MUST_ESCAPE / CAPTURED
tally 3  FOMENT_UNREST FAIL_MUST_ESCAPE / FAIL_MUST_ESCAPE
tally 5  FOMENT_UNREST FAIL_MUST_ESCAPE / KILLED
tally 5  FOMENT_UNREST FAIL_UNDETECTED / NO_RESULT
tally 1  FOMENT_UNREST KILLED / NO_RESULT
tally 2  FOMENT_UNREST SUCCESS_MUST_ESCAPE / FAIL_MUST_ESCAPE
tally 1  FOMENT_UNREST SUCCESS_MUST_ESCAPE / NO_RESULT
tally 6  FOMENT_UNREST SUCCESS_UNDETECTED / NO_RESULT
turn 167 spies active 5 idle 3 missions 25 captured-enemy 0
spy 6094850 LOC_CITIZEN_MAYA_MALE_8 level 1 at 54:21 busy
spy 6357000 LOC_CITIZEN_MAYA_MODERN_FEMALE_2 level 1 at 54:15 start
spy 5570571 LOC_CITIZEN_MAYA_FEMALE_8 level 1 at 54:11 start
spy 4718605 LOC_CITIZEN_MAYA_FEMALE_4 level 1 at 65:16 busy
spy 6029328 LOC_CITIZEN_MAYA_MODERN_FEMALE_7 level 1 at 53:5 busy
spy 5373970 LOC_CITIZEN_MAYA_MODERN_MALE_10 level 1 at 62:20 busy
spy 5701651 LOC_CITIZEN_MAYA_MALE_3 level 1 at 60:16 busy
spy 6291477 LOC_CITIZEN_MAYA_MODERN_FEMALE_1 level 1 at 36:42 travel
turn 167 spies 8 started 2 travelled 1 promoted 0 bought 0 gold 50000
unblock: blocker ENDTURN_BLOCKING_SPY_CHOOSE_ESCAPE_ROUTE -> escape route DISTRICT_CITY_CENTER of 1 for spy 4718605 LOC_CITIZEN_MAYA_FEMALE_4 level 1 turn 167 | end turn requested
unblock: blocker ENDTURN_BLOCKING_RESEARCH -> research TECH_EDUCATION | end turn requested
unstuck: closed sessions [4:4]
mission CityName=LOC_CITY_NAME_BRANTFORD CompletionTurn=168 EscapeResult=-1 InitialResult=5 LevelAfter=2 LootInfo=-1 Name=LOC_CITIZEN_MAYA_MODERN_FEMALE_7 Operation=58 PlotIndex=473
mission CityName=LOC_CITY_NAME_TORONTO CompletionTurn=168 EscapeResult=-1 InitialResult=3 LevelAfter=2 LootInfo=-1 Name=LOC_CITIZEN_MAYA_MALE_8 Operation=58 PlotIndex=1818
mission CityName=LOC_CITY_NAME_OTTAWA CompletionTurn=167 EscapeResult=-1 InitialResult=5 LevelAfter=2 LootInfo=-1 Name=LOC_CITIZEN_MAYA_FEMALE_8 Operation=58 PlotIndex=978
mission CityName=LOC_CITY_NAME_WINNIPEG CompletionTurn=166 EscapeResult=-1 InitialResult=5 LevelAfter=2 LootInfo=-1 Name=LOC_CITIZEN_MAYA_MODERN_MALE_10 Operation=58 PlotIndex=1742
mission CityName=LOC_CITY_NAME_HALIFAX CompletionTurn=166 EscapeResult=0 InitialResult=4 LevelAfter=2 LootInfo=-1 Name=LOC_CITIZEN_MAYA_FEMALE_4 Operation=58 PlotIndex=1409
mission CityName=LOC_CITY_NAME_QUEBEC_CITY CompletionTurn=165 EscapeResult=-1 InitialResult=3 LevelAfter=1 LootInfo=-1 Name=LOC_CITIZEN_MAYA_MALE_3 Operation=58 PlotIndex=1404
mission CityName=LOC_CITY_NAME_SAINT_JOHN CompletionTurn=164 EscapeResult=1 InitialResult=2 LevelAfter=1 LootInfo=-1 Name=LOC_CITIZEN_MAYA_MALE_6 Operation=58 PlotIndex=1991
mission CityName=LOC_CITY_NAME_OTTAWA CompletionTurn=163 EscapeResult=-1 InitialResult=5 LevelAfter=2 LootInfo=-1 Name=LOC_CITIZEN_MAYA_FEMALE_8 Operation=58 PlotIndex=978
mission CityName=LOC_CITY_NAME_WINNIPEG CompletionTurn=162 EscapeResult=-1 InitialResult=3 LevelAfter=1 LootInfo=-1 Name=LOC_CITIZEN_MAYA_MODERN_MALE_10 Operation=58 PlotIndex=1742
mission CityName=LOC_CITY_NAME_MONTREAL CompletionTurn=162 EscapeResult=0 InitialResult=2 LevelAfter=2 LootInfo=-1 Name=LOC_CITIZEN_MAYA_MODERN_FEMALE_3 Operation=58 PlotIndex=1314
mission CityName=LOC_CITY_NAME_SAINT_JOHN CompletionTurn=160 EscapeResult=-1 InitialResult=3 LevelAfter=1 LootInfo=-1 Name=LOC_CITIZEN_MAYA_MALE_6 Operation=58 PlotIndex=1991
mission CityName=LOC_CITY_NAME_TORONTO CompletionTurn=159 EscapeResult=2 InitialResult=2 LevelAfter=1 LootInfo=-1 Name=LOC_CITIZEN_MAYA_MODERN_FEMALE_5 Operation=58 PlotIndex=1818
mission CityName=LOC_CITY_NAME_HALIFAX CompletionTurn=159 EscapeResult=0 InitialResult=2 LevelAfter=2 LootInfo=-1 Name=LOC_CITIZEN_MAYA_MODERN_FEMALE_9 Operation=58 PlotIndex=1409
mission CityName=LOC_CITY_NAME_OTTAWA CompletionTurn=156 EscapeResult=-1 InitialResult=1 LevelAfter=1 LootInfo=-1 Name=LOC_CITIZEN_MAYA_MODERN_MALE_9 Operation=58 PlotIndex=978
mission CityName=LOC_CITY_NAME_QUEBEC_CITY CompletionTurn=156 EscapeResult=2 InitialResult=2 LevelAfter=2 LootInfo=-1 Name=LOC_CITIZEN_MAYA_MALE_8 Operation=58 PlotIndex=1404
mission CityName=LOC_CITY_NAME_SAINT_JOHN CompletionTurn=156 EscapeResult=-1 InitialResult=3 LevelAfter=1 LootInfo=-1 Name=LOC_CITIZEN_MAYA_MALE_6 Operation=58 PlotIndex=1991
mission CityName=LOC_CITY_NAME_HALIFAX CompletionTurn=154 EscapeResult=-1 InitialResult=5 LevelAfter=2 LootInfo=-1 Name=LOC_CITIZEN_MAYA_FEMALE_4 Operation=58 PlotIndex=1409
mission CityName=LOC_CITY_NAME_QUEBEC_CITY CompletionTurn=151 EscapeResult=-1 InitialResult=5 LevelAfter=2 LootInfo=-1 Name=LOC_CITIZEN_MAYA_MALE_8 Operation=58 PlotIndex=1404
mission CityName=LOC_CITY_NAME_MONTREAL CompletionTurn=150 EscapeResult=0 InitialResult=2 LevelAfter=2 LootInfo=-1 Name=LOC_CITIZEN_MAYA_MALE_1 Operation=58 PlotIndex=1314
mission CityName=LOC_CITY_NAME_OTTAWA CompletionTurn=148 EscapeResult=2 InitialResult=2 LevelAfter=2 LootInfo=-1 Name=LOC_CITIZEN_MAYA_MODERN_FEMALE_3 Operation=58 PlotIndex=978
mission CityName=LOC_CITY_NAME_TORONTO CompletionTurn=148 EscapeResult=0 InitialResult=2 LevelAfter=1 LootInfo=-1 Name=LOC_CITIZEN_MAYA_FEMALE_3 Operation=58 PlotIndex=1818
mission CityName=LOC_CITY_NAME_OTTAWA CompletionTurn=144 EscapeResult=-1 InitialResult=3 LevelAfter=1 LootInfo=-1 Name=LOC_CITIZEN_MAYA_MODERN_MALE_9 Operation=58 PlotIndex=978
mission CityName=LOC_CITY_NAME_QUEBEC_CITY CompletionTurn=142 EscapeResult=2 InitialResult=4 LevelAfter=2 LootInfo=-1 Name=LOC_CITIZEN_MAYA_MODERN_FEMALE_9 Operation=58 PlotIndex=1404
mission CityName=LOC_CITY_NAME_MONTREAL CompletionTurn=141 EscapeResult=0 InitialResult=2 LevelAfter=1 LootInfo=-1 Name=LOC_CITIZEN_MAYA_MODERN_MALE_1 Operation=58 PlotIndex=1314
mission CityName=LOC_CITY_NAME_TORONTO CompletionTurn=140 EscapeResult=-1 InitialResult=0 LevelAfter=1 LootInfo=-1 Name=LOC_CITIZEN_MAYA_MODERN_MALE_4 Operation=58 PlotIndex=1818
mission CityName=LOC_CITY_NAME_MONTREAL CompletionTurn=137 EscapeResult=-1 InitialResult=5 LevelAfter=2 LootInfo=-1 Name=LOC_CITIZEN_MAYA_MALE_1 Operation=58 PlotIndex=1314
mission CityName=LOC_CITY_NAME_OTTAWA CompletionTurn=134 EscapeResult=2 InitialResult=4 LevelAfter=2 LootInfo=-1 Name=LOC_CITIZEN_MAYA_MODERN_FEMALE_3 Operation=58 PlotIndex=978
tally 1  FOMENT_UNREST CAPTURED / NO_RESULT
tally 1  FOMENT_UNREST FAIL_MUST_ESCAPE / CAPTURED
tally 3  FOMENT_UNREST FAIL_MUST_ESCAPE / FAIL_MUST_ESCAPE
tally 5  FOMENT_UNREST FAIL_MUST_ESCAPE / KILLED
tally 6  FOMENT_UNREST FAIL_UNDETECTED / NO_RESULT
tally 1  FOMENT_UNREST KILLED / NO_RESULT
tally 2  FOMENT_UNREST SUCCESS_MUST_ESCAPE / FAIL_MUST_ESCAPE
tally 1  FOMENT_UNREST SUCCESS_MUST_ESCAPE / KILLED
tally 7  FOMENT_UNREST SUCCESS_UNDETECTED / NO_RESULT
turn 168 spies active 6 idle 0 missions 27 captured-enemy 0
spy 6094850 LOC_CITIZEN_MAYA_MALE_8 level 1 at 54:21 start
spy 6357000 LOC_CITIZEN_MAYA_MODERN_FEMALE_2 level 1 at 54:15 busy
spy 5570571 LOC_CITIZEN_MAYA_FEMALE_8 level 1 at 54:11 busy
spy 6029328 LOC_CITIZEN_MAYA_MODERN_FEMALE_7 level 1 at 53:5 start
spy 5373970 LOC_CITIZEN_MAYA_MODERN_MALE_10 level 1 at 62:20 busy
spy 5701651 LOC_CITIZEN_MAYA_MALE_3 level 1 at 60:16 busy
spy 6488085 LOC_CITIZEN_MAYA_MODERN_FEMALE_5 level 1 at 54:15 refused
turn 168 spies 7 started 2 travelled 0 promoted 0 bought 1 gold 50000
unblock: blocker ENDTURN_BLOCKING_RESEARCH -> research TECH_EDUCATION | end turn requested
unblock: blocker ENDTURN_BLOCKING_PRODUCTION -> NARANJO builds UNIT_WARRIOR | end turn requested
mission CityName=LOC_CITY_NAME_QUEBEC_CITY CompletionTurn=169 EscapeResult=-1 InitialResult=5 LevelAfter=2 LootInfo=-1 Name=LOC_CITIZEN_MAYA_MALE_3 Operation=58 PlotIndex=1404
mission CityName=LOC_CITY_NAME_BRANTFORD CompletionTurn=168 EscapeResult=-1 InitialResult=5 LevelAfter=2 LootInfo=-1 Name=LOC_CITIZEN_MAYA_MODERN_FEMALE_7 Operation=58 PlotIndex=473
mission CityName=LOC_CITY_NAME_TORONTO CompletionTurn=168 EscapeResult=-1 InitialResult=3 LevelAfter=2 LootInfo=-1 Name=LOC_CITIZEN_MAYA_MALE_8 Operation=58 PlotIndex=1818
mission CityName=LOC_CITY_NAME_OTTAWA CompletionTurn=167 EscapeResult=-1 InitialResult=5 LevelAfter=2 LootInfo=-1 Name=LOC_CITIZEN_MAYA_FEMALE_8 Operation=58 PlotIndex=978
mission CityName=LOC_CITY_NAME_WINNIPEG CompletionTurn=166 EscapeResult=-1 InitialResult=5 LevelAfter=2 LootInfo=-1 Name=LOC_CITIZEN_MAYA_MODERN_MALE_10 Operation=58 PlotIndex=1742
mission CityName=LOC_CITY_NAME_HALIFAX CompletionTurn=166 EscapeResult=0 InitialResult=4 LevelAfter=2 LootInfo=-1 Name=LOC_CITIZEN_MAYA_FEMALE_4 Operation=58 PlotIndex=1409
mission CityName=LOC_CITY_NAME_QUEBEC_CITY CompletionTurn=165 EscapeResult=-1 InitialResult=3 LevelAfter=1 LootInfo=-1 Name=LOC_CITIZEN_MAYA_MALE_3 Operation=58 PlotIndex=1404
mission CityName=LOC_CITY_NAME_SAINT_JOHN CompletionTurn=164 EscapeResult=1 InitialResult=2 LevelAfter=1 LootInfo=-1 Name=LOC_CITIZEN_MAYA_MALE_6 Operation=58 PlotIndex=1991
mission CityName=LOC_CITY_NAME_OTTAWA CompletionTurn=163 EscapeResult=-1 InitialResult=5 LevelAfter=2 LootInfo=-1 Name=LOC_CITIZEN_MAYA_FEMALE_8 Operation=58 PlotIndex=978
mission CityName=LOC_CITY_NAME_WINNIPEG CompletionTurn=162 EscapeResult=-1 InitialResult=3 LevelAfter=1 LootInfo=-1 Name=LOC_CITIZEN_MAYA_MODERN_MALE_10 Operation=58 PlotIndex=1742
mission CityName=LOC_CITY_NAME_MONTREAL CompletionTurn=162 EscapeResult=0 InitialResult=2 LevelAfter=2 LootInfo=-1 Name=LOC_CITIZEN_MAYA_MODERN_FEMALE_3 Operation=58 PlotIndex=1314
mission CityName=LOC_CITY_NAME_SAINT_JOHN CompletionTurn=160 EscapeResult=-1 InitialResult=3 LevelAfter=1 LootInfo=-1 Name=LOC_CITIZEN_MAYA_MALE_6 Operation=58 PlotIndex=1991
mission CityName=LOC_CITY_NAME_TORONTO CompletionTurn=159 EscapeResult=2 InitialResult=2 LevelAfter=1 LootInfo=-1 Name=LOC_CITIZEN_MAYA_MODERN_FEMALE_5 Operation=58 PlotIndex=1818
mission CityName=LOC_CITY_NAME_HALIFAX CompletionTurn=159 EscapeResult=0 InitialResult=2 LevelAfter=2 LootInfo=-1 Name=LOC_CITIZEN_MAYA_MODERN_FEMALE_9 Operation=58 PlotIndex=1409
mission CityName=LOC_CITY_NAME_OTTAWA CompletionTurn=156 EscapeResult=-1 InitialResult=1 LevelAfter=1 LootInfo=-1 Name=LOC_CITIZEN_MAYA_MODERN_MALE_9 Operation=58 PlotIndex=978
mission CityName=LOC_CITY_NAME_QUEBEC_CITY CompletionTurn=156 EscapeResult=2 InitialResult=2 LevelAfter=2 LootInfo=-1 Name=LOC_CITIZEN_MAYA_MALE_8 Operation=58 PlotIndex=1404
mission CityName=LOC_CITY_NAME_SAINT_JOHN CompletionTurn=156 EscapeResult=-1 InitialResult=3 LevelAfter=1 LootInfo=-1 Name=LOC_CITIZEN_MAYA_MALE_6 Operation=58 PlotIndex=1991
mission CityName=LOC_CITY_NAME_HALIFAX CompletionTurn=154 EscapeResult=-1 InitialResult=5 LevelAfter=2 LootInfo=-1 Name=LOC_CITIZEN_MAYA_FEMALE_4 Operation=58 PlotIndex=1409
mission CityName=LOC_CITY_NAME_QUEBEC_CITY CompletionTurn=151 EscapeResult=-1 InitialResult=5 LevelAfter=2 LootInfo=-1 Name=LOC_CITIZEN_MAYA_MALE_8 Operation=58 PlotIndex=1404
mission CityName=LOC_CITY_NAME_MONTREAL CompletionTurn=150 EscapeResult=0 InitialResult=2 LevelAfter=2 LootInfo=-1 Name=LOC_CITIZEN_MAYA_MALE_1 Operation=58 PlotIndex=1314
mission CityName=LOC_CITY_NAME_OTTAWA CompletionTurn=148 EscapeResult=2 InitialResult=2 LevelAfter=2 LootInfo=-1 Name=LOC_CITIZEN_MAYA_MODERN_FEMALE_3 Operation=58 PlotIndex=978
mission CityName=LOC_CITY_NAME_TORONTO CompletionTurn=148 EscapeResult=0 InitialResult=2 LevelAfter=1 LootInfo=-1 Name=LOC_CITIZEN_MAYA_FEMALE_3 Operation=58 PlotIndex=1818
mission CityName=LOC_CITY_NAME_OTTAWA CompletionTurn=144 EscapeResult=-1 InitialResult=3 LevelAfter=1 LootInfo=-1 Name=LOC_CITIZEN_MAYA_MODERN_MALE_9 Operation=58 PlotIndex=978
mission CityName=LOC_CITY_NAME_QUEBEC_CITY CompletionTurn=142 EscapeResult=2 InitialResult=4 LevelAfter=2 LootInfo=-1 Name=LOC_CITIZEN_MAYA_MODERN_FEMALE_9 Operation=58 PlotIndex=1404
mission CityName=LOC_CITY_NAME_MONTREAL CompletionTurn=141 EscapeResult=0 InitialResult=2 LevelAfter=1 LootInfo=-1 Name=LOC_CITIZEN_MAYA_MODERN_MALE_1 Operation=58 PlotIndex=1314
mission CityName=LOC_CITY_NAME_TORONTO CompletionTurn=140 EscapeResult=-1 InitialResult=0 LevelAfter=1 LootInfo=-1 Name=LOC_CITIZEN_MAYA_MODERN_MALE_4 Operation=58 PlotIndex=1818
mission CityName=LOC_CITY_NAME_MONTREAL CompletionTurn=137 EscapeResult=-1 InitialResult=5 LevelAfter=2 LootInfo=-1 Name=LOC_CITIZEN_MAYA_MALE_1 Operation=58 PlotIndex=1314
mission CityName=LOC_CITY_NAME_OTTAWA CompletionTurn=134 EscapeResult=2 InitialResult=4 LevelAfter=2 LootInfo=-1 Name=LOC_CITIZEN_MAYA_MODERN_FEMALE_3 Operation=58 PlotIndex=978
tally 1  FOMENT_UNREST CAPTURED / NO_RESULT
tally 1  FOMENT_UNREST FAIL_MUST_ESCAPE / CAPTURED
tally 3  FOMENT_UNREST FAIL_MUST_ESCAPE / FAIL_MUST_ESCAPE
tally 5  FOMENT_UNREST FAIL_MUST_ESCAPE / KILLED
tally 6  FOMENT_UNREST FAIL_UNDETECTED / NO_RESULT
tally 1  FOMENT_UNREST KILLED / NO_RESULT
tally 2  FOMENT_UNREST SUCCESS_MUST_ESCAPE / FAIL_MUST_ESCAPE
tally 1  FOMENT_UNREST SUCCESS_MUST_ESCAPE / KILLED
tally 8  FOMENT_UNREST SUCCESS_UNDETECTED / NO_RESULT
turn 169 spies active 5 idle 4 missions 28 captured-enemy 0
spy 6094850 LOC_CITIZEN_MAYA_MALE_8 level 1 at 54:21 busy
spy 6357000 LOC_CITIZEN_MAYA_MODERN_FEMALE_2 level 1 at 54:15 busy
spy 5570571 LOC_CITIZEN_MAYA_FEMALE_8 level 1 at 54:11 busy
spy 6553613 LOC_CITIZEN_MAYA_MALE_5 level 1 at 36:42 travel
spy 6029328 LOC_CITIZEN_MAYA_MODERN_FEMALE_7 level 1 at 53:5 busy
spy 5373970 LOC_CITIZEN_MAYA_MODERN_MALE_10 level 1 at 62:20 busy
spy 5701651 LOC_CITIZEN_MAYA_MALE_3 level 1 at 60:16 start
spy 6488085 LOC_CITIZEN_MAYA_MODERN_FEMALE_5 level 1 at 54:15 refused
spy 6619163 LOC_CITIZEN_MAYA_MODERN_FEMALE_1 level 1 at 59:23 start
turn 169 spies 9 started 2 travelled 1 promoted 0 bought 0 gold 50000
unblock: blocker ENDTURN_BLOCKING_PRODUCTION -> NARANJO builds UNIT_WARRIOR | end turn requested
unblock: blocker ENDTURN_BLOCKING_FILL_CIVIC_SLOT -> nothing | end turn requested
mission CityName=LOC_CITY_NAME_WINNIPEG CompletionTurn=170 EscapeResult=-1 InitialResult=3 LevelAfter=2 LootInfo=-1 Name=LOC_CITIZEN_MAYA_MODERN_MALE_10 Operation=58 PlotIndex=1742
mission CityName=LOC_CITY_NAME_QUEBEC_CITY CompletionTurn=169 EscapeResult=-1 InitialResult=5 LevelAfter=2 LootInfo=-1 Name=LOC_CITIZEN_MAYA_MALE_3 Operation=58 PlotIndex=1404
mission CityName=LOC_CITY_NAME_BRANTFORD CompletionTurn=168 EscapeResult=-1 InitialResult=5 LevelAfter=2 LootInfo=-1 Name=LOC_CITIZEN_MAYA_MODERN_FEMALE_7 Operation=58 PlotIndex=473
mission CityName=LOC_CITY_NAME_TORONTO CompletionTurn=168 EscapeResult=-1 InitialResult=3 LevelAfter=2 LootInfo=-1 Name=LOC_CITIZEN_MAYA_MALE_8 Operation=58 PlotIndex=1818
mission CityName=LOC_CITY_NAME_OTTAWA CompletionTurn=167 EscapeResult=-1 InitialResult=5 LevelAfter=2 LootInfo=-1 Name=LOC_CITIZEN_MAYA_FEMALE_8 Operation=58 PlotIndex=978
mission CityName=LOC_CITY_NAME_WINNIPEG CompletionTurn=166 EscapeResult=-1 InitialResult=5 LevelAfter=2 LootInfo=-1 Name=LOC_CITIZEN_MAYA_MODERN_MALE_10 Operation=58 PlotIndex=1742
mission CityName=LOC_CITY_NAME_HALIFAX CompletionTurn=166 EscapeResult=0 InitialResult=4 LevelAfter=2 LootInfo=-1 Name=LOC_CITIZEN_MAYA_FEMALE_4 Operation=58 PlotIndex=1409
mission CityName=LOC_CITY_NAME_QUEBEC_CITY CompletionTurn=165 EscapeResult=-1 InitialResult=3 LevelAfter=1 LootInfo=-1 Name=LOC_CITIZEN_MAYA_MALE_3 Operation=58 PlotIndex=1404
mission CityName=LOC_CITY_NAME_SAINT_JOHN CompletionTurn=164 EscapeResult=1 InitialResult=2 LevelAfter=1 LootInfo=-1 Name=LOC_CITIZEN_MAYA_MALE_6 Operation=58 PlotIndex=1991
mission CityName=LOC_CITY_NAME_OTTAWA CompletionTurn=163 EscapeResult=-1 InitialResult=5 LevelAfter=2 LootInfo=-1 Name=LOC_CITIZEN_MAYA_FEMALE_8 Operation=58 PlotIndex=978
mission CityName=LOC_CITY_NAME_WINNIPEG CompletionTurn=162 EscapeResult=-1 InitialResult=3 LevelAfter=1 LootInfo=-1 Name=LOC_CITIZEN_MAYA_MODERN_MALE_10 Operation=58 PlotIndex=1742
mission CityName=LOC_CITY_NAME_MONTREAL CompletionTurn=162 EscapeResult=0 InitialResult=2 LevelAfter=2 LootInfo=-1 Name=LOC_CITIZEN_MAYA_MODERN_FEMALE_3 Operation=58 PlotIndex=1314
mission CityName=LOC_CITY_NAME_SAINT_JOHN CompletionTurn=160 EscapeResult=-1 InitialResult=3 LevelAfter=1 LootInfo=-1 Name=LOC_CITIZEN_MAYA_MALE_6 Operation=58 PlotIndex=1991
mission CityName=LOC_CITY_NAME_TORONTO CompletionTurn=159 EscapeResult=2 InitialResult=2 LevelAfter=1 LootInfo=-1 Name=LOC_CITIZEN_MAYA_MODERN_FEMALE_5 Operation=58 PlotIndex=1818
mission CityName=LOC_CITY_NAME_HALIFAX CompletionTurn=159 EscapeResult=0 InitialResult=2 LevelAfter=2 LootInfo=-1 Name=LOC_CITIZEN_MAYA_MODERN_FEMALE_9 Operation=58 PlotIndex=1409
mission CityName=LOC_CITY_NAME_OTTAWA CompletionTurn=156 EscapeResult=-1 InitialResult=1 LevelAfter=1 LootInfo=-1 Name=LOC_CITIZEN_MAYA_MODERN_MALE_9 Operation=58 PlotIndex=978
mission CityName=LOC_CITY_NAME_QUEBEC_CITY CompletionTurn=156 EscapeResult=2 InitialResult=2 LevelAfter=2 LootInfo=-1 Name=LOC_CITIZEN_MAYA_MALE_8 Operation=58 PlotIndex=1404
mission CityName=LOC_CITY_NAME_SAINT_JOHN CompletionTurn=156 EscapeResult=-1 InitialResult=3 LevelAfter=1 LootInfo=-1 Name=LOC_CITIZEN_MAYA_MALE_6 Operation=58 PlotIndex=1991
mission CityName=LOC_CITY_NAME_HALIFAX CompletionTurn=154 EscapeResult=-1 InitialResult=5 LevelAfter=2 LootInfo=-1 Name=LOC_CITIZEN_MAYA_FEMALE_4 Operation=58 PlotIndex=1409
mission CityName=LOC_CITY_NAME_QUEBEC_CITY CompletionTurn=151 EscapeResult=-1 InitialResult=5 LevelAfter=2 LootInfo=-1 Name=LOC_CITIZEN_MAYA_MALE_8 Operation=58 PlotIndex=1404
mission CityName=LOC_CITY_NAME_MONTREAL CompletionTurn=150 EscapeResult=0 InitialResult=2 LevelAfter=2 LootInfo=-1 Name=LOC_CITIZEN_MAYA_MALE_1 Operation=58 PlotIndex=1314
mission CityName=LOC_CITY_NAME_OTTAWA CompletionTurn=148 EscapeResult=2 InitialResult=2 LevelAfter=2 LootInfo=-1 Name=LOC_CITIZEN_MAYA_MODERN_FEMALE_3 Operation=58 PlotIndex=978
mission CityName=LOC_CITY_NAME_TORONTO CompletionTurn=148 EscapeResult=0 InitialResult=2 LevelAfter=1 LootInfo=-1 Name=LOC_CITIZEN_MAYA_FEMALE_3 Operation=58 PlotIndex=1818
mission CityName=LOC_CITY_NAME_OTTAWA CompletionTurn=144 EscapeResult=-1 InitialResult=3 LevelAfter=1 LootInfo=-1 Name=LOC_CITIZEN_MAYA_MODERN_MALE_9 Operation=58 PlotIndex=978
mission CityName=LOC_CITY_NAME_QUEBEC_CITY CompletionTurn=142 EscapeResult=2 InitialResult=4 LevelAfter=2 LootInfo=-1 Name=LOC_CITIZEN_MAYA_MODERN_FEMALE_9 Operation=58 PlotIndex=1404
mission CityName=LOC_CITY_NAME_MONTREAL CompletionTurn=141 EscapeResult=0 InitialResult=2 LevelAfter=1 LootInfo=-1 Name=LOC_CITIZEN_MAYA_MODERN_MALE_1 Operation=58 PlotIndex=1314
mission CityName=LOC_CITY_NAME_TORONTO CompletionTurn=140 EscapeResult=-1 InitialResult=0 LevelAfter=1 LootInfo=-1 Name=LOC_CITIZEN_MAYA_MODERN_MALE_4 Operation=58 PlotIndex=1818
mission CityName=LOC_CITY_NAME_MONTREAL CompletionTurn=137 EscapeResult=-1 InitialResult=5 LevelAfter=2 LootInfo=-1 Name=LOC_CITIZEN_MAYA_MALE_1 Operation=58 PlotIndex=1314
mission CityName=LOC_CITY_NAME_OTTAWA CompletionTurn=134 EscapeResult=2 InitialResult=4 LevelAfter=2 LootInfo=-1 Name=LOC_CITIZEN_MAYA_MODERN_FEMALE_3 Operation=58 PlotIndex=978
tally 1  FOMENT_UNREST CAPTURED / NO_RESULT
tally 1  FOMENT_UNREST FAIL_MUST_ESCAPE / CAPTURED
tally 3  FOMENT_UNREST FAIL_MUST_ESCAPE / FAIL_MUST_ESCAPE
tally 5  FOMENT_UNREST FAIL_MUST_ESCAPE / KILLED
tally 7  FOMENT_UNREST FAIL_UNDETECTED / NO_RESULT
tally 1  FOMENT_UNREST KILLED / NO_RESULT
tally 2  FOMENT_UNREST SUCCESS_MUST_ESCAPE / FAIL_MUST_ESCAPE
tally 1  FOMENT_UNREST SUCCESS_MUST_ESCAPE / KILLED
tally 8  FOMENT_UNREST SUCCESS_UNDETECTED / NO_RESULT
turn 170 spies active 6 idle 2 missions 29 captured-enemy 0
spy 6094850 LOC_CITIZEN_MAYA_MALE_8 level 1 at 54:21 busy
spy 6357000 LOC_CITIZEN_MAYA_MODERN_FEMALE_2 level 1 at 54:15 busy
spy 5570571 LOC_CITIZEN_MAYA_FEMALE_8 level 1 at 54:11 busy
spy 6029328 LOC_CITIZEN_MAYA_MODERN_FEMALE_7 level 1 at 53:5 busy
spy 5373970 LOC_CITIZEN_MAYA_MODERN_MALE_10 level 1 at 62:20 start
spy 5701651 LOC_CITIZEN_MAYA_MALE_3 level 1 at 60:16 busy
spy 6488085 LOC_CITIZEN_MAYA_MODERN_FEMALE_5 level 1 at 54:15 refused
spy 6619163 LOC_CITIZEN_MAYA_MODERN_FEMALE_1 level 1 at 59:23 busy
turn 170 spies 8 started 1 travelled 0 promoted 0 bought 1 gold 50000
unblock: blocker ENDTURN_BLOCKING_PRODUCTION -> NARANJO builds UNIT_WARRIOR | end turn requested
unblock: blocker ENDTURN_BLOCKING_FILL_CIVIC_SLOT -> nothing | end turn requested
mission CityName=LOC_CITY_NAME_OTTAWA CompletionTurn=171 EscapeResult=-1 InitialResult=5 LevelAfter=2 LootInfo=-1 Name=LOC_CITIZEN_MAYA_FEMALE_8 Operation=58 PlotIndex=978
mission CityName=LOC_CITY_NAME_MONTREAL CompletionTurn=171 EscapeResult=-1 InitialResult=5 LevelAfter=2 LootInfo=-1 Name=LOC_CITIZEN_MAYA_MODERN_FEMALE_2 Operation=58 PlotIndex=1314
mission CityName=LOC_CITY_NAME_WINNIPEG CompletionTurn=170 EscapeResult=-1 InitialResult=3 LevelAfter=2 LootInfo=-1 Name=LOC_CITIZEN_MAYA_MODERN_MALE_10 Operation=58 PlotIndex=1742
mission CityName=LOC_CITY_NAME_QUEBEC_CITY CompletionTurn=169 EscapeResult=-1 InitialResult=5 LevelAfter=2 LootInfo=-1 Name=LOC_CITIZEN_MAYA_MALE_3 Operation=58 PlotIndex=1404
mission CityName=LOC_CITY_NAME_BRANTFORD CompletionTurn=168 EscapeResult=-1 InitialResult=5 LevelAfter=2 LootInfo=-1 Name=LOC_CITIZEN_MAYA_MODERN_FEMALE_7 Operation=58 PlotIndex=473
mission CityName=LOC_CITY_NAME_TORONTO CompletionTurn=168 EscapeResult=-1 InitialResult=3 LevelAfter=2 LootInfo=-1 Name=LOC_CITIZEN_MAYA_MALE_8 Operation=58 PlotIndex=1818
mission CityName=LOC_CITY_NAME_OTTAWA CompletionTurn=167 EscapeResult=-1 InitialResult=5 LevelAfter=2 LootInfo=-1 Name=LOC_CITIZEN_MAYA_FEMALE_8 Operation=58 PlotIndex=978
mission CityName=LOC_CITY_NAME_WINNIPEG CompletionTurn=166 EscapeResult=-1 InitialResult=5 LevelAfter=2 LootInfo=-1 Name=LOC_CITIZEN_MAYA_MODERN_MALE_10 Operation=58 PlotIndex=1742
mission CityName=LOC_CITY_NAME_HALIFAX CompletionTurn=166 EscapeResult=0 InitialResult=4 LevelAfter=2 LootInfo=-1 Name=LOC_CITIZEN_MAYA_FEMALE_4 Operation=58 PlotIndex=1409
mission CityName=LOC_CITY_NAME_QUEBEC_CITY CompletionTurn=165 EscapeResult=-1 InitialResult=3 LevelAfter=1 LootInfo=-1 Name=LOC_CITIZEN_MAYA_MALE_3 Operation=58 PlotIndex=1404
mission CityName=LOC_CITY_NAME_SAINT_JOHN CompletionTurn=164 EscapeResult=1 InitialResult=2 LevelAfter=1 LootInfo=-1 Name=LOC_CITIZEN_MAYA_MALE_6 Operation=58 PlotIndex=1991
mission CityName=LOC_CITY_NAME_OTTAWA CompletionTurn=163 EscapeResult=-1 InitialResult=5 LevelAfter=2 LootInfo=-1 Name=LOC_CITIZEN_MAYA_FEMALE_8 Operation=58 PlotIndex=978
mission CityName=LOC_CITY_NAME_WINNIPEG CompletionTurn=162 EscapeResult=-1 InitialResult=3 LevelAfter=1 LootInfo=-1 Name=LOC_CITIZEN_MAYA_MODERN_MALE_10 Operation=58 PlotIndex=1742
mission CityName=LOC_CITY_NAME_MONTREAL CompletionTurn=162 EscapeResult=0 InitialResult=2 LevelAfter=2 LootInfo=-1 Name=LOC_CITIZEN_MAYA_MODERN_FEMALE_3 Operation=58 PlotIndex=1314
mission CityName=LOC_CITY_NAME_SAINT_JOHN CompletionTurn=160 EscapeResult=-1 InitialResult=3 LevelAfter=1 LootInfo=-1 Name=LOC_CITIZEN_MAYA_MALE_6 Operation=58 PlotIndex=1991
mission CityName=LOC_CITY_NAME_TORONTO CompletionTurn=159 EscapeResult=2 InitialResult=2 LevelAfter=1 LootInfo=-1 Name=LOC_CITIZEN_MAYA_MODERN_FEMALE_5 Operation=58 PlotIndex=1818
mission CityName=LOC_CITY_NAME_HALIFAX CompletionTurn=159 EscapeResult=0 InitialResult=2 LevelAfter=2 LootInfo=-1 Name=LOC_CITIZEN_MAYA_MODERN_FEMALE_9 Operation=58 PlotIndex=1409
mission CityName=LOC_CITY_NAME_OTTAWA CompletionTurn=156 EscapeResult=-1 InitialResult=1 LevelAfter=1 LootInfo=-1 Name=LOC_CITIZEN_MAYA_MODERN_MALE_9 Operation=58 PlotIndex=978
mission CityName=LOC_CITY_NAME_QUEBEC_CITY CompletionTurn=156 EscapeResult=2 InitialResult=2 LevelAfter=2 LootInfo=-1 Name=LOC_CITIZEN_MAYA_MALE_8 Operation=58 PlotIndex=1404
mission CityName=LOC_CITY_NAME_SAINT_JOHN CompletionTurn=156 EscapeResult=-1 InitialResult=3 LevelAfter=1 LootInfo=-1 Name=LOC_CITIZEN_MAYA_MALE_6 Operation=58 PlotIndex=1991
mission CityName=LOC_CITY_NAME_HALIFAX CompletionTurn=154 EscapeResult=-1 InitialResult=5 LevelAfter=2 LootInfo=-1 Name=LOC_CITIZEN_MAYA_FEMALE_4 Operation=58 PlotIndex=1409
mission CityName=LOC_CITY_NAME_QUEBEC_CITY CompletionTurn=151 EscapeResult=-1 InitialResult=5 LevelAfter=2 LootInfo=-1 Name=LOC_CITIZEN_MAYA_MALE_8 Operation=58 PlotIndex=1404
mission CityName=LOC_CITY_NAME_MONTREAL CompletionTurn=150 EscapeResult=0 InitialResult=2 LevelAfter=2 LootInfo=-1 Name=LOC_CITIZEN_MAYA_MALE_1 Operation=58 PlotIndex=1314
mission CityName=LOC_CITY_NAME_OTTAWA CompletionTurn=148 EscapeResult=2 InitialResult=2 LevelAfter=2 LootInfo=-1 Name=LOC_CITIZEN_MAYA_MODERN_FEMALE_3 Operation=58 PlotIndex=978
mission CityName=LOC_CITY_NAME_TORONTO CompletionTurn=148 EscapeResult=0 InitialResult=2 LevelAfter=1 LootInfo=-1 Name=LOC_CITIZEN_MAYA_FEMALE_3 Operation=58 PlotIndex=1818
mission CityName=LOC_CITY_NAME_OTTAWA CompletionTurn=144 EscapeResult=-1 InitialResult=3 LevelAfter=1 LootInfo=-1 Name=LOC_CITIZEN_MAYA_MODERN_MALE_9 Operation=58 PlotIndex=978
mission CityName=LOC_CITY_NAME_QUEBEC_CITY CompletionTurn=142 EscapeResult=2 InitialResult=4 LevelAfter=2 LootInfo=-1 Name=LOC_CITIZEN_MAYA_MODERN_FEMALE_9 Operation=58 PlotIndex=1404
mission CityName=LOC_CITY_NAME_MONTREAL CompletionTurn=141 EscapeResult=0 InitialResult=2 LevelAfter=1 LootInfo=-1 Name=LOC_CITIZEN_MAYA_MODERN_MALE_1 Operation=58 PlotIndex=1314
mission CityName=LOC_CITY_NAME_TORONTO CompletionTurn=140 EscapeResult=-1 InitialResult=0 LevelAfter=1 LootInfo=-1 Name=LOC_CITIZEN_MAYA_MODERN_MALE_4 Operation=58 PlotIndex=1818
mission CityName=LOC_CITY_NAME_MONTREAL CompletionTurn=137 EscapeResult=-1 InitialResult=5 LevelAfter=2 LootInfo=-1 Name=LOC_CITIZEN_MAYA_MALE_1 Operation=58 PlotIndex=1314
mission CityName=LOC_CITY_NAME_OTTAWA CompletionTurn=134 EscapeResult=2 InitialResult=4 LevelAfter=2 LootInfo=-1 Name=LOC_CITIZEN_MAYA_MODERN_FEMALE_3 Operation=58 PlotIndex=978
tally 1  FOMENT_UNREST CAPTURED / NO_RESULT
tally 1  FOMENT_UNREST FAIL_MUST_ESCAPE / CAPTURED
tally 3  FOMENT_UNREST FAIL_MUST_ESCAPE / FAIL_MUST_ESCAPE
tally 5  FOMENT_UNREST FAIL_MUST_ESCAPE / KILLED
tally 7  FOMENT_UNREST FAIL_UNDETECTED / NO_RESULT
tally 1  FOMENT_UNREST KILLED / NO_RESULT
tally 2  FOMENT_UNREST SUCCESS_MUST_ESCAPE / FAIL_MUST_ESCAPE
tally 1  FOMENT_UNREST SUCCESS_MUST_ESCAPE / KILLED
tally 10  FOMENT_UNREST SUCCESS_UNDETECTED / NO_RESULT
turn 171 spies active 5 idle 4 missions 31 captured-enemy 0
spy 6094850 LOC_CITIZEN_MAYA_MALE_8 level 1 at 54:21 busy
spy 6357000 LOC_CITIZEN_MAYA_MODERN_FEMALE_2 level 1 at 54:15 start
spy 5570571 LOC_CITIZEN_MAYA_FEMALE_8 level 1 at 54:11 start
spy 6029328 LOC_CITIZEN_MAYA_MODERN_FEMALE_7 level 1 at 53:5 busy
spy 5373970 LOC_CITIZEN_MAYA_MODERN_MALE_10 level 1 at 62:20 busy
spy 5701651 LOC_CITIZEN_MAYA_MALE_3 level 1 at 60:16 busy
spy 6488085 LOC_CITIZEN_MAYA_MODERN_FEMALE_5 level 1 at 54:15 start
spy 6619163 LOC_CITIZEN_MAYA_MODERN_FEMALE_1 level 1 at 59:23 busy
spy 6750236 LOC_CITIZEN_MAYA_FEMALE_6 level 1 at 36:42 travel
turn 171 spies 9 started 3 travelled 1 promoted 0 bought 0 gold 50000
unblock: blocker ENDTURN_BLOCKING_FILL_CIVIC_SLOT -> nothing | end turn requested
unblock: blocker ENDTURN_BLOCKING_FILL_CIVIC_SLOT -> nothing | end turn requested
mission CityName=LOC_CITY_NAME_BRANTFORD CompletionTurn=172 EscapeResult=-1 InitialResult=1 LevelAfter=2 LootInfo=-1 Name=LOC_CITIZEN_MAYA_MODERN_FEMALE_7 Operation=58 PlotIndex=473
mission CityName=LOC_CITY_NAME_TORONTO CompletionTurn=172 EscapeResult=-1 InitialResult=5 LevelAfter=2 LootInfo=-1 Name=LOC_CITIZEN_MAYA_MALE_8 Operation=58 PlotIndex=1818
mission CityName=LOC_CITY_NAME_OTTAWA CompletionTurn=171 EscapeResult=-1 InitialResult=5 LevelAfter=2 LootInfo=-1 Name=LOC_CITIZEN_MAYA_FEMALE_8 Operation=58 PlotIndex=978
mission CityName=LOC_CITY_NAME_MONTREAL CompletionTurn=171 EscapeResult=-1 InitialResult=5 LevelAfter=2 LootInfo=-1 Name=LOC_CITIZEN_MAYA_MODERN_FEMALE_2 Operation=58 PlotIndex=1314
mission CityName=LOC_CITY_NAME_WINNIPEG CompletionTurn=170 EscapeResult=-1 InitialResult=3 LevelAfter=2 LootInfo=-1 Name=LOC_CITIZEN_MAYA_MODERN_MALE_10 Operation=58 PlotIndex=1742
mission CityName=LOC_CITY_NAME_QUEBEC_CITY CompletionTurn=169 EscapeResult=-1 InitialResult=5 LevelAfter=2 LootInfo=-1 Name=LOC_CITIZEN_MAYA_MALE_3 Operation=58 PlotIndex=1404
mission CityName=LOC_CITY_NAME_BRANTFORD CompletionTurn=168 EscapeResult=-1 InitialResult=5 LevelAfter=2 LootInfo=-1 Name=LOC_CITIZEN_MAYA_MODERN_FEMALE_7 Operation=58 PlotIndex=473
mission CityName=LOC_CITY_NAME_TORONTO CompletionTurn=168 EscapeResult=-1 InitialResult=3 LevelAfter=2 LootInfo=-1 Name=LOC_CITIZEN_MAYA_MALE_8 Operation=58 PlotIndex=1818
mission CityName=LOC_CITY_NAME_OTTAWA CompletionTurn=167 EscapeResult=-1 InitialResult=5 LevelAfter=2 LootInfo=-1 Name=LOC_CITIZEN_MAYA_FEMALE_8 Operation=58 PlotIndex=978
mission CityName=LOC_CITY_NAME_WINNIPEG CompletionTurn=166 EscapeResult=-1 InitialResult=5 LevelAfter=2 LootInfo=-1 Name=LOC_CITIZEN_MAYA_MODERN_MALE_10 Operation=58 PlotIndex=1742
mission CityName=LOC_CITY_NAME_HALIFAX CompletionTurn=166 EscapeResult=0 InitialResult=4 LevelAfter=2 LootInfo=-1 Name=LOC_CITIZEN_MAYA_FEMALE_4 Operation=58 PlotIndex=1409
mission CityName=LOC_CITY_NAME_QUEBEC_CITY CompletionTurn=165 EscapeResult=-1 InitialResult=3 LevelAfter=1 LootInfo=-1 Name=LOC_CITIZEN_MAYA_MALE_3 Operation=58 PlotIndex=1404
mission CityName=LOC_CITY_NAME_SAINT_JOHN CompletionTurn=164 EscapeResult=1 InitialResult=2 LevelAfter=1 LootInfo=-1 Name=LOC_CITIZEN_MAYA_MALE_6 Operation=58 PlotIndex=1991
mission CityName=LOC_CITY_NAME_OTTAWA CompletionTurn=163 EscapeResult=-1 InitialResult=5 LevelAfter=2 LootInfo=-1 Name=LOC_CITIZEN_MAYA_FEMALE_8 Operation=58 PlotIndex=978
mission CityName=LOC_CITY_NAME_WINNIPEG CompletionTurn=162 EscapeResult=-1 InitialResult=3 LevelAfter=1 LootInfo=-1 Name=LOC_CITIZEN_MAYA_MODERN_MALE_10 Operation=58 PlotIndex=1742
mission CityName=LOC_CITY_NAME_MONTREAL CompletionTurn=162 EscapeResult=0 InitialResult=2 LevelAfter=2 LootInfo=-1 Name=LOC_CITIZEN_MAYA_MODERN_FEMALE_3 Operation=58 PlotIndex=1314
mission CityName=LOC_CITY_NAME_SAINT_JOHN CompletionTurn=160 EscapeResult=-1 InitialResult=3 LevelAfter=1 LootInfo=-1 Name=LOC_CITIZEN_MAYA_MALE_6 Operation=58 PlotIndex=1991
mission CityName=LOC_CITY_NAME_TORONTO CompletionTurn=159 EscapeResult=2 InitialResult=2 LevelAfter=1 LootInfo=-1 Name=LOC_CITIZEN_MAYA_MODERN_FEMALE_5 Operation=58 PlotIndex=1818
mission CityName=LOC_CITY_NAME_HALIFAX CompletionTurn=159 EscapeResult=0 InitialResult=2 LevelAfter=2 LootInfo=-1 Name=LOC_CITIZEN_MAYA_MODERN_FEMALE_9 Operation=58 PlotIndex=1409
mission CityName=LOC_CITY_NAME_OTTAWA CompletionTurn=156 EscapeResult=-1 InitialResult=1 LevelAfter=1 LootInfo=-1 Name=LOC_CITIZEN_MAYA_MODERN_MALE_9 Operation=58 PlotIndex=978
mission CityName=LOC_CITY_NAME_QUEBEC_CITY CompletionTurn=156 EscapeResult=2 InitialResult=2 LevelAfter=2 LootInfo=-1 Name=LOC_CITIZEN_MAYA_MALE_8 Operation=58 PlotIndex=1404
mission CityName=LOC_CITY_NAME_SAINT_JOHN CompletionTurn=156 EscapeResult=-1 InitialResult=3 LevelAfter=1 LootInfo=-1 Name=LOC_CITIZEN_MAYA_MALE_6 Operation=58 PlotIndex=1991
mission CityName=LOC_CITY_NAME_HALIFAX CompletionTurn=154 EscapeResult=-1 InitialResult=5 LevelAfter=2 LootInfo=-1 Name=LOC_CITIZEN_MAYA_FEMALE_4 Operation=58 PlotIndex=1409
mission CityName=LOC_CITY_NAME_QUEBEC_CITY CompletionTurn=151 EscapeResult=-1 InitialResult=5 LevelAfter=2 LootInfo=-1 Name=LOC_CITIZEN_MAYA_MALE_8 Operation=58 PlotIndex=1404
mission CityName=LOC_CITY_NAME_MONTREAL CompletionTurn=150 EscapeResult=0 InitialResult=2 LevelAfter=2 LootInfo=-1 Name=LOC_CITIZEN_MAYA_MALE_1 Operation=58 PlotIndex=1314
mission CityName=LOC_CITY_NAME_OTTAWA CompletionTurn=148 EscapeResult=2 InitialResult=2 LevelAfter=2 LootInfo=-1 Name=LOC_CITIZEN_MAYA_MODERN_FEMALE_3 Operation=58 PlotIndex=978
mission CityName=LOC_CITY_NAME_TORONTO CompletionTurn=148 EscapeResult=0 InitialResult=2 LevelAfter=1 LootInfo=-1 Name=LOC_CITIZEN_MAYA_FEMALE_3 Operation=58 PlotIndex=1818
mission CityName=LOC_CITY_NAME_OTTAWA CompletionTurn=144 EscapeResult=-1 InitialResult=3 LevelAfter=1 LootInfo=-1 Name=LOC_CITIZEN_MAYA_MODERN_MALE_9 Operation=58 PlotIndex=978
mission CityName=LOC_CITY_NAME_QUEBEC_CITY CompletionTurn=142 EscapeResult=2 InitialResult=4 LevelAfter=2 LootInfo=-1 Name=LOC_CITIZEN_MAYA_MODERN_FEMALE_9 Operation=58 PlotIndex=1404
mission CityName=LOC_CITY_NAME_MONTREAL CompletionTurn=141 EscapeResult=0 InitialResult=2 LevelAfter=1 LootInfo=-1 Name=LOC_CITIZEN_MAYA_MODERN_MALE_1 Operation=58 PlotIndex=1314
mission CityName=LOC_CITY_NAME_TORONTO CompletionTurn=140 EscapeResult=-1 InitialResult=0 LevelAfter=1 LootInfo=-1 Name=LOC_CITIZEN_MAYA_MODERN_MALE_4 Operation=58 PlotIndex=1818
mission CityName=LOC_CITY_NAME_MONTREAL CompletionTurn=137 EscapeResult=-1 InitialResult=5 LevelAfter=2 LootInfo=-1 Name=LOC_CITIZEN_MAYA_MALE_1 Operation=58 PlotIndex=1314
mission CityName=LOC_CITY_NAME_OTTAWA CompletionTurn=134 EscapeResult=2 InitialResult=4 LevelAfter=2 LootInfo=-1 Name=LOC_CITIZEN_MAYA_MODERN_FEMALE_3 Operation=58 PlotIndex=978
tally 2  FOMENT_UNREST CAPTURED / NO_RESULT
tally 1  FOMENT_UNREST FAIL_MUST_ESCAPE / CAPTURED
tally 3  FOMENT_UNREST FAIL_MUST_ESCAPE / FAIL_MUST_ESCAPE
tally 5  FOMENT_UNREST FAIL_MUST_ESCAPE / KILLED
tally 7  FOMENT_UNREST FAIL_UNDETECTED / NO_RESULT
tally 1  FOMENT_UNREST KILLED / NO_RESULT
tally 2  FOMENT_UNREST SUCCESS_MUST_ESCAPE / FAIL_MUST_ESCAPE
tally 1  FOMENT_UNREST SUCCESS_MUST_ESCAPE / KILLED
tally 11  FOMENT_UNREST SUCCESS_UNDETECTED / NO_RESULT
turn 172 spies active 5 idle 3 missions 33 captured-enemy 0
spy 6094850 LOC_CITIZEN_MAYA_MALE_8 level 1 at 54:21 start
spy 6357000 LOC_CITIZEN_MAYA_MODERN_FEMALE_2 level 1 at 54:15 busy
spy 5570571 LOC_CITIZEN_MAYA_FEMALE_8 level 1 at 54:11 busy
spy 5373970 LOC_CITIZEN_MAYA_MODERN_MALE_10 level 1 at 62:20 busy
spy 5701651 LOC_CITIZEN_MAYA_MALE_3 level 1 at 60:16 busy
spy 6488085 LOC_CITIZEN_MAYA_MODERN_FEMALE_5 level 1 at 54:15 refused
spy 6619163 LOC_CITIZEN_MAYA_MODERN_FEMALE_1 level 1 at 59:23 busy
spy 6815772 LOC_CITIZEN_MAYA_MALE_5 level 1 at 65:16 start
turn 172 spies 8 started 2 travelled 0 promoted 0 bought 1 gold 50000
unblock: blocker ENDTURN_BLOCKING_PRODUCTION -> NARANJO builds UNIT_WARRIOR | end turn requested
unblock: blocker ENDTURN_BLOCKING_FILL_CIVIC_SLOT -> nothing | end turn requested
mission CityName=LOC_CITY_NAME_SAINT_JOHN CompletionTurn=173 EscapeResult=-1 InitialResult=1 LevelAfter=1 LootInfo=-1 Name=LOC_CITIZEN_MAYA_MODERN_FEMALE_1 Operation=58 PlotIndex=1991
mission CityName=LOC_CITY_NAME_QUEBEC_CITY CompletionTurn=173 EscapeResult=-1 InitialResult=1 LevelAfter=2 LootInfo=-1 Name=LOC_CITIZEN_MAYA_MALE_3 Operation=58 PlotIndex=1404
mission CityName=LOC_CITY_NAME_BRANTFORD CompletionTurn=172 EscapeResult=-1 InitialResult=1 LevelAfter=2 LootInfo=-1 Name=LOC_CITIZEN_MAYA_MODERN_FEMALE_7 Operation=58 PlotIndex=473
mission CityName=LOC_CITY_NAME_TORONTO CompletionTurn=172 EscapeResult=-1 InitialResult=5 LevelAfter=2 LootInfo=-1 Name=LOC_CITIZEN_MAYA_MALE_8 Operation=58 PlotIndex=1818
mission CityName=LOC_CITY_NAME_OTTAWA CompletionTurn=171 EscapeResult=-1 InitialResult=5 LevelAfter=2 LootInfo=-1 Name=LOC_CITIZEN_MAYA_FEMALE_8 Operation=58 PlotIndex=978
mission CityName=LOC_CITY_NAME_MONTREAL CompletionTurn=171 EscapeResult=-1 InitialResult=5 LevelAfter=2 LootInfo=-1 Name=LOC_CITIZEN_MAYA_MODERN_FEMALE_2 Operation=58 PlotIndex=1314
mission CityName=LOC_CITY_NAME_WINNIPEG CompletionTurn=170 EscapeResult=-1 InitialResult=3 LevelAfter=2 LootInfo=-1 Name=LOC_CITIZEN_MAYA_MODERN_MALE_10 Operation=58 PlotIndex=1742
mission CityName=LOC_CITY_NAME_QUEBEC_CITY CompletionTurn=169 EscapeResult=-1 InitialResult=5 LevelAfter=2 LootInfo=-1 Name=LOC_CITIZEN_MAYA_MALE_3 Operation=58 PlotIndex=1404
mission CityName=LOC_CITY_NAME_BRANTFORD CompletionTurn=168 EscapeResult=-1 InitialResult=5 LevelAfter=2 LootInfo=-1 Name=LOC_CITIZEN_MAYA_MODERN_FEMALE_7 Operation=58 PlotIndex=473
mission CityName=LOC_CITY_NAME_TORONTO CompletionTurn=168 EscapeResult=-1 InitialResult=3 LevelAfter=2 LootInfo=-1 Name=LOC_CITIZEN_MAYA_MALE_8 Operation=58 PlotIndex=1818
mission CityName=LOC_CITY_NAME_OTTAWA CompletionTurn=167 EscapeResult=-1 InitialResult=5 LevelAfter=2 LootInfo=-1 Name=LOC_CITIZEN_MAYA_FEMALE_8 Operation=58 PlotIndex=978
mission CityName=LOC_CITY_NAME_WINNIPEG CompletionTurn=166 EscapeResult=-1 InitialResult=5 LevelAfter=2 LootInfo=-1 Name=LOC_CITIZEN_MAYA_MODERN_MALE_10 Operation=58 PlotIndex=1742
mission CityName=LOC_CITY_NAME_HALIFAX CompletionTurn=166 EscapeResult=0 InitialResult=4 LevelAfter=2 LootInfo=-1 Name=LOC_CITIZEN_MAYA_FEMALE_4 Operation=58 PlotIndex=1409
mission CityName=LOC_CITY_NAME_QUEBEC_CITY CompletionTurn=165 EscapeResult=-1 InitialResult=3 LevelAfter=1 LootInfo=-1 Name=LOC_CITIZEN_MAYA_MALE_3 Operation=58 PlotIndex=1404
mission CityName=LOC_CITY_NAME_SAINT_JOHN CompletionTurn=164 EscapeResult=1 InitialResult=2 LevelAfter=1 LootInfo=-1 Name=LOC_CITIZEN_MAYA_MALE_6 Operation=58 PlotIndex=1991
mission CityName=LOC_CITY_NAME_OTTAWA CompletionTurn=163 EscapeResult=-1 InitialResult=5 LevelAfter=2 LootInfo=-1 Name=LOC_CITIZEN_MAYA_FEMALE_8 Operation=58 PlotIndex=978
mission CityName=LOC_CITY_NAME_WINNIPEG CompletionTurn=162 EscapeResult=-1 InitialResult=3 LevelAfter=1 LootInfo=-1 Name=LOC_CITIZEN_MAYA_MODERN_MALE_10 Operation=58 PlotIndex=1742
mission CityName=LOC_CITY_NAME_MONTREAL CompletionTurn=162 EscapeResult=0 InitialResult=2 LevelAfter=2 LootInfo=-1 Name=LOC_CITIZEN_MAYA_MODERN_FEMALE_3 Operation=58 PlotIndex=1314
mission CityName=LOC_CITY_NAME_SAINT_JOHN CompletionTurn=160 EscapeResult=-1 InitialResult=3 LevelAfter=1 LootInfo=-1 Name=LOC_CITIZEN_MAYA_MALE_6 Operation=58 PlotIndex=1991
mission CityName=LOC_CITY_NAME_TORONTO CompletionTurn=159 EscapeResult=2 InitialResult=2 LevelAfter=1 LootInfo=-1 Name=LOC_CITIZEN_MAYA_MODERN_FEMALE_5 Operation=58 PlotIndex=1818
mission CityName=LOC_CITY_NAME_HALIFAX CompletionTurn=159 EscapeResult=0 InitialResult=2 LevelAfter=2 LootInfo=-1 Name=LOC_CITIZEN_MAYA_MODERN_FEMALE_9 Operation=58 PlotIndex=1409
mission CityName=LOC_CITY_NAME_OTTAWA CompletionTurn=156 EscapeResult=-1 InitialResult=1 LevelAfter=1 LootInfo=-1 Name=LOC_CITIZEN_MAYA_MODERN_MALE_9 Operation=58 PlotIndex=978
mission CityName=LOC_CITY_NAME_QUEBEC_CITY CompletionTurn=156 EscapeResult=2 InitialResult=2 LevelAfter=2 LootInfo=-1 Name=LOC_CITIZEN_MAYA_MALE_8 Operation=58 PlotIndex=1404
mission CityName=LOC_CITY_NAME_SAINT_JOHN CompletionTurn=156 EscapeResult=-1 InitialResult=3 LevelAfter=1 LootInfo=-1 Name=LOC_CITIZEN_MAYA_MALE_6 Operation=58 PlotIndex=1991
mission CityName=LOC_CITY_NAME_HALIFAX CompletionTurn=154 EscapeResult=-1 InitialResult=5 LevelAfter=2 LootInfo=-1 Name=LOC_CITIZEN_MAYA_FEMALE_4 Operation=58 PlotIndex=1409
mission CityName=LOC_CITY_NAME_QUEBEC_CITY CompletionTurn=151 EscapeResult=-1 InitialResult=5 LevelAfter=2 LootInfo=-1 Name=LOC_CITIZEN_MAYA_MALE_8 Operation=58 PlotIndex=1404
mission CityName=LOC_CITY_NAME_MONTREAL CompletionTurn=150 EscapeResult=0 InitialResult=2 LevelAfter=2 LootInfo=-1 Name=LOC_CITIZEN_MAYA_MALE_1 Operation=58 PlotIndex=1314
mission CityName=LOC_CITY_NAME_OTTAWA CompletionTurn=148 EscapeResult=2 InitialResult=2 LevelAfter=2 LootInfo=-1 Name=LOC_CITIZEN_MAYA_MODERN_FEMALE_3 Operation=58 PlotIndex=978
mission CityName=LOC_CITY_NAME_TORONTO CompletionTurn=148 EscapeResult=0 InitialResult=2 LevelAfter=1 LootInfo=-1 Name=LOC_CITIZEN_MAYA_FEMALE_3 Operation=58 PlotIndex=1818
mission CityName=LOC_CITY_NAME_OTTAWA CompletionTurn=144 EscapeResult=-1 InitialResult=3 LevelAfter=1 LootInfo=-1 Name=LOC_CITIZEN_MAYA_MODERN_MALE_9 Operation=58 PlotIndex=978
mission CityName=LOC_CITY_NAME_QUEBEC_CITY CompletionTurn=142 EscapeResult=2 InitialResult=4 LevelAfter=2 LootInfo=-1 Name=LOC_CITIZEN_MAYA_MODERN_FEMALE_9 Operation=58 PlotIndex=1404
mission CityName=LOC_CITY_NAME_MONTREAL CompletionTurn=141 EscapeResult=0 InitialResult=2 LevelAfter=1 LootInfo=-1 Name=LOC_CITIZEN_MAYA_MODERN_MALE_1 Operation=58 PlotIndex=1314
mission CityName=LOC_CITY_NAME_TORONTO CompletionTurn=140 EscapeResult=-1 InitialResult=0 LevelAfter=1 LootInfo=-1 Name=LOC_CITIZEN_MAYA_MODERN_MALE_4 Operation=58 PlotIndex=1818
mission CityName=LOC_CITY_NAME_MONTREAL CompletionTurn=137 EscapeResult=-1 InitialResult=5 LevelAfter=2 LootInfo=-1 Name=LOC_CITIZEN_MAYA_MALE_1 Operation=58 PlotIndex=1314
mission CityName=LOC_CITY_NAME_OTTAWA CompletionTurn=134 EscapeResult=2 InitialResult=4 LevelAfter=2 LootInfo=-1 Name=LOC_CITIZEN_MAYA_MODERN_FEMALE_3 Operation=58 PlotIndex=978
tally 4  FOMENT_UNREST CAPTURED / NO_RESULT
tally 1  FOMENT_UNREST FAIL_MUST_ESCAPE / CAPTURED
tally 3  FOMENT_UNREST FAIL_MUST_ESCAPE / FAIL_MUST_ESCAPE
tally 5  FOMENT_UNREST FAIL_MUST_ESCAPE / KILLED
tally 7  FOMENT_UNREST FAIL_UNDETECTED / NO_RESULT
tally 1  FOMENT_UNREST KILLED / NO_RESULT
tally 2  FOMENT_UNREST SUCCESS_MUST_ESCAPE / FAIL_MUST_ESCAPE
tally 1  FOMENT_UNREST SUCCESS_MUST_ESCAPE / KILLED
tally 11  FOMENT_UNREST SUCCESS_UNDETECTED / NO_RESULT
turn 173 spies active 5 idle 2 missions 35 captured-enemy 0
spy 6094850 LOC_CITIZEN_MAYA_MALE_8 level 1 at 54:21 busy
spy 6357000 LOC_CITIZEN_MAYA_MODERN_FEMALE_2 level 1 at 54:15 busy
spy 5570571 LOC_CITIZEN_MAYA_FEMALE_8 level 1 at 54:11 busy
spy 5373970 LOC_CITIZEN_MAYA_MODERN_MALE_10 level 1 at 62:20 busy
spy 6488085 LOC_CITIZEN_MAYA_MODERN_FEMALE_5 level 1 at 54:15 refused
spy 6815772 LOC_CITIZEN_MAYA_MALE_5 level 1 at 65:16 busy
spy 6946846 LOC_CITIZEN_MAYA_MALE_4 level 1 at 36:42 travel
turn 173 spies 7 started 0 travelled 1 promoted 0 bought 0 gold 50000
unblock: blocker ENDTURN_BLOCKING_FILL_CIVIC_SLOT -> nothing | end turn requested
unblock: blocker ENDTURN_BLOCKING_FILL_CIVIC_SLOT -> nothing | end turn requested
unstuck: NaturalDisasterPopup: closed
mission CityName=LOC_CITY_NAME_WINNIPEG CompletionTurn=174 EscapeResult=-1 InitialResult=4 LevelAfter=2 LootInfo=-1 Name=LOC_CITIZEN_MAYA_MODERN_MALE_10 Operation=58 PlotIndex=1742
mission CityName=LOC_CITY_NAME_SAINT_JOHN CompletionTurn=173 EscapeResult=-1 InitialResult=1 LevelAfter=1 LootInfo=-1 Name=LOC_CITIZEN_MAYA_MODERN_FEMALE_1 Operation=58 PlotIndex=1991
mission CityName=LOC_CITY_NAME_QUEBEC_CITY CompletionTurn=173 EscapeResult=-1 InitialResult=1 LevelAfter=2 LootInfo=-1 Name=LOC_CITIZEN_MAYA_MALE_3 Operation=58 PlotIndex=1404
mission CityName=LOC_CITY_NAME_BRANTFORD CompletionTurn=172 EscapeResult=-1 InitialResult=1 LevelAfter=2 LootInfo=-1 Name=LOC_CITIZEN_MAYA_MODERN_FEMALE_7 Operation=58 PlotIndex=473
mission CityName=LOC_CITY_NAME_TORONTO CompletionTurn=172 EscapeResult=-1 InitialResult=5 LevelAfter=2 LootInfo=-1 Name=LOC_CITIZEN_MAYA_MALE_8 Operation=58 PlotIndex=1818
mission CityName=LOC_CITY_NAME_OTTAWA CompletionTurn=171 EscapeResult=-1 InitialResult=5 LevelAfter=2 LootInfo=-1 Name=LOC_CITIZEN_MAYA_FEMALE_8 Operation=58 PlotIndex=978
mission CityName=LOC_CITY_NAME_MONTREAL CompletionTurn=171 EscapeResult=-1 InitialResult=5 LevelAfter=2 LootInfo=-1 Name=LOC_CITIZEN_MAYA_MODERN_FEMALE_2 Operation=58 PlotIndex=1314
mission CityName=LOC_CITY_NAME_WINNIPEG CompletionTurn=170 EscapeResult=-1 InitialResult=3 LevelAfter=2 LootInfo=-1 Name=LOC_CITIZEN_MAYA_MODERN_MALE_10 Operation=58 PlotIndex=1742
mission CityName=LOC_CITY_NAME_QUEBEC_CITY CompletionTurn=169 EscapeResult=-1 InitialResult=5 LevelAfter=2 LootInfo=-1 Name=LOC_CITIZEN_MAYA_MALE_3 Operation=58 PlotIndex=1404
mission CityName=LOC_CITY_NAME_BRANTFORD CompletionTurn=168 EscapeResult=-1 InitialResult=5 LevelAfter=2 LootInfo=-1 Name=LOC_CITIZEN_MAYA_MODERN_FEMALE_7 Operation=58 PlotIndex=473
mission CityName=LOC_CITY_NAME_TORONTO CompletionTurn=168 EscapeResult=-1 InitialResult=3 LevelAfter=2 LootInfo=-1 Name=LOC_CITIZEN_MAYA_MALE_8 Operation=58 PlotIndex=1818
mission CityName=LOC_CITY_NAME_OTTAWA CompletionTurn=167 EscapeResult=-1 InitialResult=5 LevelAfter=2 LootInfo=-1 Name=LOC_CITIZEN_MAYA_FEMALE_8 Operation=58 PlotIndex=978
mission CityName=LOC_CITY_NAME_WINNIPEG CompletionTurn=166 EscapeResult=-1 InitialResult=5 LevelAfter=2 LootInfo=-1 Name=LOC_CITIZEN_MAYA_MODERN_MALE_10 Operation=58 PlotIndex=1742
mission CityName=LOC_CITY_NAME_HALIFAX CompletionTurn=166 EscapeResult=0 InitialResult=4 LevelAfter=2 LootInfo=-1 Name=LOC_CITIZEN_MAYA_FEMALE_4 Operation=58 PlotIndex=1409
mission CityName=LOC_CITY_NAME_QUEBEC_CITY CompletionTurn=165 EscapeResult=-1 InitialResult=3 LevelAfter=1 LootInfo=-1 Name=LOC_CITIZEN_MAYA_MALE_3 Operation=58 PlotIndex=1404
mission CityName=LOC_CITY_NAME_SAINT_JOHN CompletionTurn=164 EscapeResult=1 InitialResult=2 LevelAfter=1 LootInfo=-1 Name=LOC_CITIZEN_MAYA_MALE_6 Operation=58 PlotIndex=1991
mission CityName=LOC_CITY_NAME_OTTAWA CompletionTurn=163 EscapeResult=-1 InitialResult=5 LevelAfter=2 LootInfo=-1 Name=LOC_CITIZEN_MAYA_FEMALE_8 Operation=58 PlotIndex=978
mission CityName=LOC_CITY_NAME_WINNIPEG CompletionTurn=162 EscapeResult=-1 InitialResult=3 LevelAfter=1 LootInfo=-1 Name=LOC_CITIZEN_MAYA_MODERN_MALE_10 Operation=58 PlotIndex=1742
mission CityName=LOC_CITY_NAME_MONTREAL CompletionTurn=162 EscapeResult=0 InitialResult=2 LevelAfter=2 LootInfo=-1 Name=LOC_CITIZEN_MAYA_MODERN_FEMALE_3 Operation=58 PlotIndex=1314
mission CityName=LOC_CITY_NAME_SAINT_JOHN CompletionTurn=160 EscapeResult=-1 InitialResult=3 LevelAfter=1 LootInfo=-1 Name=LOC_CITIZEN_MAYA_MALE_6 Operation=58 PlotIndex=1991
mission CityName=LOC_CITY_NAME_TORONTO CompletionTurn=159 EscapeResult=2 InitialResult=2 LevelAfter=1 LootInfo=-1 Name=LOC_CITIZEN_MAYA_MODERN_FEMALE_5 Operation=58 PlotIndex=1818
mission CityName=LOC_CITY_NAME_HALIFAX CompletionTurn=159 EscapeResult=0 InitialResult=2 LevelAfter=2 LootInfo=-1 Name=LOC_CITIZEN_MAYA_MODERN_FEMALE_9 Operation=58 PlotIndex=1409
mission CityName=LOC_CITY_NAME_OTTAWA CompletionTurn=156 EscapeResult=-1 InitialResult=1 LevelAfter=1 LootInfo=-1 Name=LOC_CITIZEN_MAYA_MODERN_MALE_9 Operation=58 PlotIndex=978
mission CityName=LOC_CITY_NAME_QUEBEC_CITY CompletionTurn=156 EscapeResult=2 InitialResult=2 LevelAfter=2 LootInfo=-1 Name=LOC_CITIZEN_MAYA_MALE_8 Operation=58 PlotIndex=1404
mission CityName=LOC_CITY_NAME_SAINT_JOHN CompletionTurn=156 EscapeResult=-1 InitialResult=3 LevelAfter=1 LootInfo=-1 Name=LOC_CITIZEN_MAYA_MALE_6 Operation=58 PlotIndex=1991
mission CityName=LOC_CITY_NAME_HALIFAX CompletionTurn=154 EscapeResult=-1 InitialResult=5 LevelAfter=2 LootInfo=-1 Name=LOC_CITIZEN_MAYA_FEMALE_4 Operation=58 PlotIndex=1409
mission CityName=LOC_CITY_NAME_QUEBEC_CITY CompletionTurn=151 EscapeResult=-1 InitialResult=5 LevelAfter=2 LootInfo=-1 Name=LOC_CITIZEN_MAYA_MALE_8 Operation=58 PlotIndex=1404
mission CityName=LOC_CITY_NAME_MONTREAL CompletionTurn=150 EscapeResult=0 InitialResult=2 LevelAfter=2 LootInfo=-1 Name=LOC_CITIZEN_MAYA_MALE_1 Operation=58 PlotIndex=1314
mission CityName=LOC_CITY_NAME_OTTAWA CompletionTurn=148 EscapeResult=2 InitialResult=2 LevelAfter=2 LootInfo=-1 Name=LOC_CITIZEN_MAYA_MODERN_FEMALE_3 Operation=58 PlotIndex=978
mission CityName=LOC_CITY_NAME_TORONTO CompletionTurn=148 EscapeResult=0 InitialResult=2 LevelAfter=1 LootInfo=-1 Name=LOC_CITIZEN_MAYA_FEMALE_3 Operation=58 PlotIndex=1818
mission CityName=LOC_CITY_NAME_OTTAWA CompletionTurn=144 EscapeResult=-1 InitialResult=3 LevelAfter=1 LootInfo=-1 Name=LOC_CITIZEN_MAYA_MODERN_MALE_9 Operation=58 PlotIndex=978
mission CityName=LOC_CITY_NAME_QUEBEC_CITY CompletionTurn=142 EscapeResult=2 InitialResult=4 LevelAfter=2 LootInfo=-1 Name=LOC_CITIZEN_MAYA_MODERN_FEMALE_9 Operation=58 PlotIndex=1404
mission CityName=LOC_CITY_NAME_MONTREAL CompletionTurn=141 EscapeResult=0 InitialResult=2 LevelAfter=1 LootInfo=-1 Name=LOC_CITIZEN_MAYA_MODERN_MALE_1 Operation=58 PlotIndex=1314
mission CityName=LOC_CITY_NAME_TORONTO CompletionTurn=140 EscapeResult=-1 InitialResult=0 LevelAfter=1 LootInfo=-1 Name=LOC_CITIZEN_MAYA_MODERN_MALE_4 Operation=58 PlotIndex=1818
mission CityName=LOC_CITY_NAME_MONTREAL CompletionTurn=137 EscapeResult=-1 InitialResult=5 LevelAfter=2 LootInfo=-1 Name=LOC_CITIZEN_MAYA_MALE_1 Operation=58 PlotIndex=1314
mission CityName=LOC_CITY_NAME_OTTAWA CompletionTurn=134 EscapeResult=2 InitialResult=4 LevelAfter=2 LootInfo=-1 Name=LOC_CITIZEN_MAYA_MODERN_FEMALE_3 Operation=58 PlotIndex=978
tally 4  FOMENT_UNREST CAPTURED / NO_RESULT
tally 1  FOMENT_UNREST FAIL_MUST_ESCAPE / CAPTURED
tally 3  FOMENT_UNREST FAIL_MUST_ESCAPE / FAIL_MUST_ESCAPE
tally 5  FOMENT_UNREST FAIL_MUST_ESCAPE / KILLED
tally 7  FOMENT_UNREST FAIL_UNDETECTED / NO_RESULT
tally 1  FOMENT_UNREST KILLED / NO_RESULT
tally 2  FOMENT_UNREST SUCCESS_MUST_ESCAPE / FAIL_MUST_ESCAPE
tally 1  FOMENT_UNREST SUCCESS_MUST_ESCAPE / KILLED
tally 1  FOMENT_UNREST SUCCESS_MUST_ESCAPE / NO_RESULT
tally 11  FOMENT_UNREST SUCCESS_UNDETECTED / NO_RESULT
turn 174 spies active 5 idle 2 missions 36 captured-enemy 0
spy 6094850 LOC_CITIZEN_MAYA_MALE_8 level 1 at 54:21 busy
spy 6357000 LOC_CITIZEN_MAYA_MODERN_FEMALE_2 level 1 at 54:15 busy
spy 5570571 LOC_CITIZEN_MAYA_FEMALE_8 level 1 at 54:11 busy
spy 5373970 LOC_CITIZEN_MAYA_MODERN_MALE_10 level 1 at 62:20 busy
spy 6488085 LOC_CITIZEN_MAYA_MODERN_FEMALE_5 level 1 at 54:15 refused
spy 6815772 LOC_CITIZEN_MAYA_MALE_5 level 1 at 65:16 busy
spy 7012382 LOC_CITIZEN_MAYA_FEMALE_6 level 1 at 65:16 refused
turn 174 spies 7 started 0 travelled 0 promoted 0 bought 1 gold 50000
unblock: blocker ENDTURN_BLOCKING_PRODUCTION -> NARANJO builds UNIT_WARRIOR | end turn requested
unblock: blocker ENDTURN_BLOCKING_SPY_CHOOSE_ESCAPE_ROUTE -> escape route DISTRICT_CITY_CENTER of 1 for spy 5373970 LOC_CITIZEN_MAYA_MODERN_MALE_10 level 1 turn 174 | end turn requested
unstuck: closed sessions [4:4]
unstuck: DiplomacyActionView: Closing Diplomacy Action View. m_eventID: 910959
mission CityName=LOC_CITY_NAME_OTTAWA CompletionTurn=175 EscapeResult=-1 InitialResult=2 LevelAfter=2 LootInfo=-1 Name=LOC_CITIZEN_MAYA_FEMALE_8 Operation=58 PlotIndex=978
mission CityName=LOC_CITY_NAME_MONTREAL CompletionTurn=175 EscapeResult=-1 InitialResult=4 LevelAfter=2 LootInfo=-1 Name=LOC_CITIZEN_MAYA_MODERN_FEMALE_2 Operation=58 PlotIndex=1314
mission CityName=LOC_CITY_NAME_WINNIPEG CompletionTurn=174 EscapeResult=-1 InitialResult=4 LevelAfter=2 LootInfo=-1 Name=LOC_CITIZEN_MAYA_MODERN_MALE_10 Operation=58 PlotIndex=1742
mission CityName=LOC_CITY_NAME_SAINT_JOHN CompletionTurn=173 EscapeResult=-1 InitialResult=1 LevelAfter=1 LootInfo=-1 Name=LOC_CITIZEN_MAYA_MODERN_FEMALE_1 Operation=58 PlotIndex=1991
mission CityName=LOC_CITY_NAME_QUEBEC_CITY CompletionTurn=173 EscapeResult=-1 InitialResult=1 LevelAfter=2 LootInfo=-1 Name=LOC_CITIZEN_MAYA_MALE_3 Operation=58 PlotIndex=1404
mission CityName=LOC_CITY_NAME_BRANTFORD CompletionTurn=172 EscapeResult=-1 InitialResult=1 LevelAfter=2 LootInfo=-1 Name=LOC_CITIZEN_MAYA_MODERN_FEMALE_7 Operation=58 PlotIndex=473
mission CityName=LOC_CITY_NAME_TORONTO CompletionTurn=172 EscapeResult=-1 InitialResult=5 LevelAfter=2 LootInfo=-1 Name=LOC_CITIZEN_MAYA_MALE_8 Operation=58 PlotIndex=1818
mission CityName=LOC_CITY_NAME_OTTAWA CompletionTurn=171 EscapeResult=-1 InitialResult=5 LevelAfter=2 LootInfo=-1 Name=LOC_CITIZEN_MAYA_FEMALE_8 Operation=58 PlotIndex=978
mission CityName=LOC_CITY_NAME_MONTREAL CompletionTurn=171 EscapeResult=-1 InitialResult=5 LevelAfter=2 LootInfo=-1 Name=LOC_CITIZEN_MAYA_MODERN_FEMALE_2 Operation=58 PlotIndex=1314
mission CityName=LOC_CITY_NAME_WINNIPEG CompletionTurn=170 EscapeResult=-1 InitialResult=3 LevelAfter=2 LootInfo=-1 Name=LOC_CITIZEN_MAYA_MODERN_MALE_10 Operation=58 PlotIndex=1742
mission CityName=LOC_CITY_NAME_QUEBEC_CITY CompletionTurn=169 EscapeResult=-1 InitialResult=5 LevelAfter=2 LootInfo=-1 Name=LOC_CITIZEN_MAYA_MALE_3 Operation=58 PlotIndex=1404
mission CityName=LOC_CITY_NAME_BRANTFORD CompletionTurn=168 EscapeResult=-1 InitialResult=5 LevelAfter=2 LootInfo=-1 Name=LOC_CITIZEN_MAYA_MODERN_FEMALE_7 Operation=58 PlotIndex=473
mission CityName=LOC_CITY_NAME_TORONTO CompletionTurn=168 EscapeResult=-1 InitialResult=3 LevelAfter=2 LootInfo=-1 Name=LOC_CITIZEN_MAYA_MALE_8 Operation=58 PlotIndex=1818
mission CityName=LOC_CITY_NAME_OTTAWA CompletionTurn=167 EscapeResult=-1 InitialResult=5 LevelAfter=2 LootInfo=-1 Name=LOC_CITIZEN_MAYA_FEMALE_8 Operation=58 PlotIndex=978
mission CityName=LOC_CITY_NAME_WINNIPEG CompletionTurn=166 EscapeResult=-1 InitialResult=5 LevelAfter=2 LootInfo=-1 Name=LOC_CITIZEN_MAYA_MODERN_MALE_10 Operation=58 PlotIndex=1742
mission CityName=LOC_CITY_NAME_HALIFAX CompletionTurn=166 EscapeResult=0 InitialResult=4 LevelAfter=2 LootInfo=-1 Name=LOC_CITIZEN_MAYA_FEMALE_4 Operation=58 PlotIndex=1409
mission CityName=LOC_CITY_NAME_QUEBEC_CITY CompletionTurn=165 EscapeResult=-1 InitialResult=3 LevelAfter=1 LootInfo=-1 Name=LOC_CITIZEN_MAYA_MALE_3 Operation=58 PlotIndex=1404
mission CityName=LOC_CITY_NAME_SAINT_JOHN CompletionTurn=164 EscapeResult=1 InitialResult=2 LevelAfter=1 LootInfo=-1 Name=LOC_CITIZEN_MAYA_MALE_6 Operation=58 PlotIndex=1991
mission CityName=LOC_CITY_NAME_OTTAWA CompletionTurn=163 EscapeResult=-1 InitialResult=5 LevelAfter=2 LootInfo=-1 Name=LOC_CITIZEN_MAYA_FEMALE_8 Operation=58 PlotIndex=978
mission CityName=LOC_CITY_NAME_WINNIPEG CompletionTurn=162 EscapeResult=-1 InitialResult=3 LevelAfter=1 LootInfo=-1 Name=LOC_CITIZEN_MAYA_MODERN_MALE_10 Operation=58 PlotIndex=1742
mission CityName=LOC_CITY_NAME_MONTREAL CompletionTurn=162 EscapeResult=0 InitialResult=2 LevelAfter=2 LootInfo=-1 Name=LOC_CITIZEN_MAYA_MODERN_FEMALE_3 Operation=58 PlotIndex=1314
mission CityName=LOC_CITY_NAME_SAINT_JOHN CompletionTurn=160 EscapeResult=-1 InitialResult=3 LevelAfter=1 LootInfo=-1 Name=LOC_CITIZEN_MAYA_MALE_6 Operation=58 PlotIndex=1991
mission CityName=LOC_CITY_NAME_TORONTO CompletionTurn=159 EscapeResult=2 InitialResult=2 LevelAfter=1 LootInfo=-1 Name=LOC_CITIZEN_MAYA_MODERN_FEMALE_5 Operation=58 PlotIndex=1818
mission CityName=LOC_CITY_NAME_HALIFAX CompletionTurn=159 EscapeResult=0 InitialResult=2 LevelAfter=2 LootInfo=-1 Name=LOC_CITIZEN_MAYA_MODERN_FEMALE_9 Operation=58 PlotIndex=1409
mission CityName=LOC_CITY_NAME_OTTAWA CompletionTurn=156 EscapeResult=-1 InitialResult=1 LevelAfter=1 LootInfo=-1 Name=LOC_CITIZEN_MAYA_MODERN_MALE_9 Operation=58 PlotIndex=978
mission CityName=LOC_CITY_NAME_QUEBEC_CITY CompletionTurn=156 EscapeResult=2 InitialResult=2 LevelAfter=2 LootInfo=-1 Name=LOC_CITIZEN_MAYA_MALE_8 Operation=58 PlotIndex=1404
mission CityName=LOC_CITY_NAME_SAINT_JOHN CompletionTurn=156 EscapeResult=-1 InitialResult=3 LevelAfter=1 LootInfo=-1 Name=LOC_CITIZEN_MAYA_MALE_6 Operation=58 PlotIndex=1991
mission CityName=LOC_CITY_NAME_HALIFAX CompletionTurn=154 EscapeResult=-1 InitialResult=5 LevelAfter=2 LootInfo=-1 Name=LOC_CITIZEN_MAYA_FEMALE_4 Operation=58 PlotIndex=1409
mission CityName=LOC_CITY_NAME_QUEBEC_CITY CompletionTurn=151 EscapeResult=-1 InitialResult=5 LevelAfter=2 LootInfo=-1 Name=LOC_CITIZEN_MAYA_MALE_8 Operation=58 PlotIndex=1404
mission CityName=LOC_CITY_NAME_MONTREAL CompletionTurn=150 EscapeResult=0 InitialResult=2 LevelAfter=2 LootInfo=-1 Name=LOC_CITIZEN_MAYA_MALE_1 Operation=58 PlotIndex=1314
mission CityName=LOC_CITY_NAME_OTTAWA CompletionTurn=148 EscapeResult=2 InitialResult=2 LevelAfter=2 LootInfo=-1 Name=LOC_CITIZEN_MAYA_MODERN_FEMALE_3 Operation=58 PlotIndex=978
mission CityName=LOC_CITY_NAME_TORONTO CompletionTurn=148 EscapeResult=0 InitialResult=2 LevelAfter=1 LootInfo=-1 Name=LOC_CITIZEN_MAYA_FEMALE_3 Operation=58 PlotIndex=1818
mission CityName=LOC_CITY_NAME_OTTAWA CompletionTurn=144 EscapeResult=-1 InitialResult=3 LevelAfter=1 LootInfo=-1 Name=LOC_CITIZEN_MAYA_MODERN_MALE_9 Operation=58 PlotIndex=978
mission CityName=LOC_CITY_NAME_QUEBEC_CITY CompletionTurn=142 EscapeResult=2 InitialResult=4 LevelAfter=2 LootInfo=-1 Name=LOC_CITIZEN_MAYA_MODERN_FEMALE_9 Operation=58 PlotIndex=1404
mission CityName=LOC_CITY_NAME_MONTREAL CompletionTurn=141 EscapeResult=0 InitialResult=2 LevelAfter=1 LootInfo=-1 Name=LOC_CITIZEN_MAYA_MODERN_MALE_1 Operation=58 PlotIndex=1314
mission CityName=LOC_CITY_NAME_TORONTO CompletionTurn=140 EscapeResult=-1 InitialResult=0 LevelAfter=1 LootInfo=-1 Name=LOC_CITIZEN_MAYA_MODERN_MALE_4 Operation=58 PlotIndex=1818
mission CityName=LOC_CITY_NAME_MONTREAL CompletionTurn=137 EscapeResult=-1 InitialResult=5 LevelAfter=2 LootInfo=-1 Name=LOC_CITIZEN_MAYA_MALE_1 Operation=58 PlotIndex=1314
mission CityName=LOC_CITY_NAME_OTTAWA CompletionTurn=134 EscapeResult=2 InitialResult=4 LevelAfter=2 LootInfo=-1 Name=LOC_CITIZEN_MAYA_MODERN_FEMALE_3 Operation=58 PlotIndex=978
tally 4  FOMENT_UNREST CAPTURED / NO_RESULT
tally 1  FOMENT_UNREST FAIL_MUST_ESCAPE / CAPTURED
tally 3  FOMENT_UNREST FAIL_MUST_ESCAPE / FAIL_MUST_ESCAPE
tally 5  FOMENT_UNREST FAIL_MUST_ESCAPE / KILLED
tally 1  FOMENT_UNREST FAIL_MUST_ESCAPE / NO_RESULT
tally 7  FOMENT_UNREST FAIL_UNDETECTED / NO_RESULT
tally 1  FOMENT_UNREST KILLED / NO_RESULT
tally 2  FOMENT_UNREST SUCCESS_MUST_ESCAPE / FAIL_MUST_ESCAPE
tally 1  FOMENT_UNREST SUCCESS_MUST_ESCAPE / KILLED
tally 2  FOMENT_UNREST SUCCESS_MUST_ESCAPE / NO_RESULT
tally 11  FOMENT_UNREST SUCCESS_UNDETECTED / NO_RESULT
turn 175 spies active 5 idle 4 missions 38 captured-enemy 0
spy 6094850 LOC_CITIZEN_MAYA_MALE_8 level 1 at 54:21 busy
spy 6357000 LOC_CITIZEN_MAYA_MODERN_FEMALE_2 level 1 at 54:15 busy
spy 5570571 LOC_CITIZEN_MAYA_FEMALE_8 level 1 at 54:11 busy
spy 7208976 LOC_CITIZEN_MAYA_MALE_4 level 1 at 60:16 start
spy 5373970 LOC_CITIZEN_MAYA_MODERN_MALE_10 level 1 at 62:20 busy
spy 7143443 LOC_CITIZEN_MAYA_MODERN_FEMALE_4 level 1 at 36:42 travel
spy 6488085 LOC_CITIZEN_MAYA_MODERN_FEMALE_5 level 1 at 54:15 refused
spy 6815772 LOC_CITIZEN_MAYA_MALE_5 level 1 at 65:16 busy
spy 7012382 LOC_CITIZEN_MAYA_FEMALE_6 level 1 at 65:16 refused
turn 175 spies 9 started 1 travelled 1 promoted 0 bought 0 gold 50000
unblock: blocker ENDTURN_BLOCKING_SPY_CHOOSE_ESCAPE_ROUTE -> escape route DISTRICT_CITY_CENTER of 1 for spy 6357000 LOC_CITIZEN_MAYA_MODERN_FEMALE_2 level 1 turn 175 | end turn requested
unblock: blocker ENDTURN_BLOCKING_SPY_CHOOSE_ESCAPE_ROUTE -> escape route DISTRICT_CITY_CENTER of 2 for spy 5570571 LOC_CITIZEN_MAYA_FEMALE_8 level 1 turn 175 | end turn requested
mission CityName=LOC_CITY_NAME_HALIFAX CompletionTurn=176 EscapeResult=-1 InitialResult=4 LevelAfter=2 LootInfo=-1 Name=LOC_CITIZEN_MAYA_MALE_5 Operation=58 PlotIndex=1409
mission CityName=LOC_CITY_NAME_TORONTO CompletionTurn=176 EscapeResult=-1 InitialResult=5 LevelAfter=2 LootInfo=-1 Name=LOC_CITIZEN_MAYA_MALE_8 Operation=58 PlotIndex=1818
mission CityName=LOC_CITY_NAME_OTTAWA CompletionTurn=175 EscapeResult=-1 InitialResult=2 LevelAfter=2 LootInfo=-1 Name=LOC_CITIZEN_MAYA_FEMALE_8 Operation=58 PlotIndex=978
mission CityName=LOC_CITY_NAME_MONTREAL CompletionTurn=175 EscapeResult=0 InitialResult=4 LevelAfter=2 LootInfo=-1 Name=LOC_CITIZEN_MAYA_MODERN_FEMALE_2 Operation=58 PlotIndex=1314
mission CityName=LOC_CITY_NAME_WINNIPEG CompletionTurn=174 EscapeResult=-1 InitialResult=4 LevelAfter=2 LootInfo=-1 Name=LOC_CITIZEN_MAYA_MODERN_MALE_10 Operation=58 PlotIndex=1742
mission CityName=LOC_CITY_NAME_SAINT_JOHN CompletionTurn=173 EscapeResult=-1 InitialResult=1 LevelAfter=1 LootInfo=-1 Name=LOC_CITIZEN_MAYA_MODERN_FEMALE_1 Operation=58 PlotIndex=1991
mission CityName=LOC_CITY_NAME_QUEBEC_CITY CompletionTurn=173 EscapeResult=-1 InitialResult=1 LevelAfter=2 LootInfo=-1 Name=LOC_CITIZEN_MAYA_MALE_3 Operation=58 PlotIndex=1404
mission CityName=LOC_CITY_NAME_BRANTFORD CompletionTurn=172 EscapeResult=-1 InitialResult=1 LevelAfter=2 LootInfo=-1 Name=LOC_CITIZEN_MAYA_MODERN_FEMALE_7 Operation=58 PlotIndex=473
mission CityName=LOC_CITY_NAME_TORONTO CompletionTurn=172 EscapeResult=-1 InitialResult=5 LevelAfter=2 LootInfo=-1 Name=LOC_CITIZEN_MAYA_MALE_8 Operation=58 PlotIndex=1818
mission CityName=LOC_CITY_NAME_OTTAWA CompletionTurn=171 EscapeResult=-1 InitialResult=5 LevelAfter=2 LootInfo=-1 Name=LOC_CITIZEN_MAYA_FEMALE_8 Operation=58 PlotIndex=978
mission CityName=LOC_CITY_NAME_MONTREAL CompletionTurn=171 EscapeResult=-1 InitialResult=5 LevelAfter=2 LootInfo=-1 Name=LOC_CITIZEN_MAYA_MODERN_FEMALE_2 Operation=58 PlotIndex=1314
mission CityName=LOC_CITY_NAME_WINNIPEG CompletionTurn=170 EscapeResult=-1 InitialResult=3 LevelAfter=2 LootInfo=-1 Name=LOC_CITIZEN_MAYA_MODERN_MALE_10 Operation=58 PlotIndex=1742
mission CityName=LOC_CITY_NAME_QUEBEC_CITY CompletionTurn=169 EscapeResult=-1 InitialResult=5 LevelAfter=2 LootInfo=-1 Name=LOC_CITIZEN_MAYA_MALE_3 Operation=58 PlotIndex=1404
mission CityName=LOC_CITY_NAME_BRANTFORD CompletionTurn=168 EscapeResult=-1 InitialResult=5 LevelAfter=2 LootInfo=-1 Name=LOC_CITIZEN_MAYA_MODERN_FEMALE_7 Operation=58 PlotIndex=473
mission CityName=LOC_CITY_NAME_TORONTO CompletionTurn=168 EscapeResult=-1 InitialResult=3 LevelAfter=2 LootInfo=-1 Name=LOC_CITIZEN_MAYA_MALE_8 Operation=58 PlotIndex=1818
mission CityName=LOC_CITY_NAME_OTTAWA CompletionTurn=167 EscapeResult=-1 InitialResult=5 LevelAfter=2 LootInfo=-1 Name=LOC_CITIZEN_MAYA_FEMALE_8 Operation=58 PlotIndex=978
mission CityName=LOC_CITY_NAME_WINNIPEG CompletionTurn=166 EscapeResult=-1 InitialResult=5 LevelAfter=2 LootInfo=-1 Name=LOC_CITIZEN_MAYA_MODERN_MALE_10 Operation=58 PlotIndex=1742
mission CityName=LOC_CITY_NAME_HALIFAX CompletionTurn=166 EscapeResult=0 InitialResult=4 LevelAfter=2 LootInfo=-1 Name=LOC_CITIZEN_MAYA_FEMALE_4 Operation=58 PlotIndex=1409
mission CityName=LOC_CITY_NAME_QUEBEC_CITY CompletionTurn=165 EscapeResult=-1 InitialResult=3 LevelAfter=1 LootInfo=-1 Name=LOC_CITIZEN_MAYA_MALE_3 Operation=58 PlotIndex=1404
mission CityName=LOC_CITY_NAME_SAINT_JOHN CompletionTurn=164 EscapeResult=1 InitialResult=2 LevelAfter=1 LootInfo=-1 Name=LOC_CITIZEN_MAYA_MALE_6 Operation=58 PlotIndex=1991
mission CityName=LOC_CITY_NAME_OTTAWA CompletionTurn=163 EscapeResult=-1 InitialResult=5 LevelAfter=2 LootInfo=-1 Name=LOC_CITIZEN_MAYA_FEMALE_8 Operation=58 PlotIndex=978
mission CityName=LOC_CITY_NAME_WINNIPEG CompletionTurn=162 EscapeResult=-1 InitialResult=3 LevelAfter=1 LootInfo=-1 Name=LOC_CITIZEN_MAYA_MODERN_MALE_10 Operation=58 PlotIndex=1742
mission CityName=LOC_CITY_NAME_MONTREAL CompletionTurn=162 EscapeResult=0 InitialResult=2 LevelAfter=2 LootInfo=-1 Name=LOC_CITIZEN_MAYA_MODERN_FEMALE_3 Operation=58 PlotIndex=1314
mission CityName=LOC_CITY_NAME_SAINT_JOHN CompletionTurn=160 EscapeResult=-1 InitialResult=3 LevelAfter=1 LootInfo=-1 Name=LOC_CITIZEN_MAYA_MALE_6 Operation=58 PlotIndex=1991
mission CityName=LOC_CITY_NAME_TORONTO CompletionTurn=159 EscapeResult=2 InitialResult=2 LevelAfter=1 LootInfo=-1 Name=LOC_CITIZEN_MAYA_MODERN_FEMALE_5 Operation=58 PlotIndex=1818
mission CityName=LOC_CITY_NAME_HALIFAX CompletionTurn=159 EscapeResult=0 InitialResult=2 LevelAfter=2 LootInfo=-1 Name=LOC_CITIZEN_MAYA_MODERN_FEMALE_9 Operation=58 PlotIndex=1409
mission CityName=LOC_CITY_NAME_OTTAWA CompletionTurn=156 EscapeResult=-1 InitialResult=1 LevelAfter=1 LootInfo=-1 Name=LOC_CITIZEN_MAYA_MODERN_MALE_9 Operation=58 PlotIndex=978
mission CityName=LOC_CITY_NAME_QUEBEC_CITY CompletionTurn=156 EscapeResult=2 InitialResult=2 LevelAfter=2 LootInfo=-1 Name=LOC_CITIZEN_MAYA_MALE_8 Operation=58 PlotIndex=1404
mission CityName=LOC_CITY_NAME_SAINT_JOHN CompletionTurn=156 EscapeResult=-1 InitialResult=3 LevelAfter=1 LootInfo=-1 Name=LOC_CITIZEN_MAYA_MALE_6 Operation=58 PlotIndex=1991
mission CityName=LOC_CITY_NAME_HALIFAX CompletionTurn=154 EscapeResult=-1 InitialResult=5 LevelAfter=2 LootInfo=-1 Name=LOC_CITIZEN_MAYA_FEMALE_4 Operation=58 PlotIndex=1409
mission CityName=LOC_CITY_NAME_QUEBEC_CITY CompletionTurn=151 EscapeResult=-1 InitialResult=5 LevelAfter=2 LootInfo=-1 Name=LOC_CITIZEN_MAYA_MALE_8 Operation=58 PlotIndex=1404
mission CityName=LOC_CITY_NAME_MONTREAL CompletionTurn=150 EscapeResult=0 InitialResult=2 LevelAfter=2 LootInfo=-1 Name=LOC_CITIZEN_MAYA_MALE_1 Operation=58 PlotIndex=1314
mission CityName=LOC_CITY_NAME_OTTAWA CompletionTurn=148 EscapeResult=2 InitialResult=2 LevelAfter=2 LootInfo=-1 Name=LOC_CITIZEN_MAYA_MODERN_FEMALE_3 Operation=58 PlotIndex=978
mission CityName=LOC_CITY_NAME_TORONTO CompletionTurn=148 EscapeResult=0 InitialResult=2 LevelAfter=1 LootInfo=-1 Name=LOC_CITIZEN_MAYA_FEMALE_3 Operation=58 PlotIndex=1818
mission CityName=LOC_CITY_NAME_OTTAWA CompletionTurn=144 EscapeResult=-1 InitialResult=3 LevelAfter=1 LootInfo=-1 Name=LOC_CITIZEN_MAYA_MODERN_MALE_9 Operation=58 PlotIndex=978
mission CityName=LOC_CITY_NAME_QUEBEC_CITY CompletionTurn=142 EscapeResult=2 InitialResult=4 LevelAfter=2 LootInfo=-1 Name=LOC_CITIZEN_MAYA_MODERN_FEMALE_9 Operation=58 PlotIndex=1404
mission CityName=LOC_CITY_NAME_MONTREAL CompletionTurn=141 EscapeResult=0 InitialResult=2 LevelAfter=1 LootInfo=-1 Name=LOC_CITIZEN_MAYA_MODERN_MALE_1 Operation=58 PlotIndex=1314
mission CityName=LOC_CITY_NAME_TORONTO CompletionTurn=140 EscapeResult=-1 InitialResult=0 LevelAfter=1 LootInfo=-1 Name=LOC_CITIZEN_MAYA_MODERN_MALE_4 Operation=58 PlotIndex=1818
mission CityName=LOC_CITY_NAME_MONTREAL CompletionTurn=137 EscapeResult=-1 InitialResult=5 LevelAfter=2 LootInfo=-1 Name=LOC_CITIZEN_MAYA_MALE_1 Operation=58 PlotIndex=1314
mission CityName=LOC_CITY_NAME_OTTAWA CompletionTurn=134 EscapeResult=2 InitialResult=4 LevelAfter=2 LootInfo=-1 Name=LOC_CITIZEN_MAYA_MODERN_FEMALE_3 Operation=58 PlotIndex=978
tally 4  FOMENT_UNREST CAPTURED / NO_RESULT
tally 1  FOMENT_UNREST FAIL_MUST_ESCAPE / CAPTURED
tally 3  FOMENT_UNREST FAIL_MUST_ESCAPE / FAIL_MUST_ESCAPE
tally 5  FOMENT_UNREST FAIL_MUST_ESCAPE / KILLED
tally 1  FOMENT_UNREST FAIL_MUST_ESCAPE / NO_RESULT
tally 7  FOMENT_UNREST FAIL_UNDETECTED / NO_RESULT
tally 1  FOMENT_UNREST KILLED / NO_RESULT
tally 2  FOMENT_UNREST SUCCESS_MUST_ESCAPE / FAIL_MUST_ESCAPE
tally 2  FOMENT_UNREST SUCCESS_MUST_ESCAPE / KILLED
tally 2  FOMENT_UNREST SUCCESS_MUST_ESCAPE / NO_RESULT
tally 12  FOMENT_UNREST SUCCESS_UNDETECTED / NO_RESULT
turn 176 spies active 4 idle 3 missions 40 captured-enemy 0
spy 6094850 LOC_CITIZEN_MAYA_MALE_8 level 1 at 54:21 start
spy 5570571 LOC_CITIZEN_MAYA_FEMALE_8 level 1 at 54:11 busy
spy 7208976 LOC_CITIZEN_MAYA_MALE_4 level 1 at 60:16 busy
spy 5373970 LOC_CITIZEN_MAYA_MODERN_MALE_10 level 1 at 62:20 busy
spy 6488085 LOC_CITIZEN_MAYA_MODERN_FEMALE_5 level 1 at 54:15 start
spy 6815772 LOC_CITIZEN_MAYA_MALE_5 level 1 at 65:16 busy
spy 7012382 LOC_CITIZEN_MAYA_FEMALE_6 level 1 at 65:16 refused
turn 176 spies 7 started 2 travelled 0 promoted 0 bought 1 gold 50000
unblock: blocker ENDTURN_BLOCKING_SPY_CHOOSE_ESCAPE_ROUTE -> escape route DISTRICT_CITY_CENTER of 2 for spy 5570571 LOC_CITIZEN_MAYA_FEMALE_8 level 1 turn 176 | end turn requested
unblock: blocker ENDTURN_BLOCKING_SPY_CHOOSE_ESCAPE_ROUTE -> escape route DISTRICT_CITY_CENTER of 1 for spy 5373970 LOC_CITIZEN_MAYA_MODERN_MALE_10 level 1 turn 176 | end turn requested
unstuck: closed sessions [2:2]
unstuck: DiplomacyActionView: Closing Diplomacy Action View. m_eventID: 930913
mission CityName=LOC_CITY_NAME_HALIFAX CompletionTurn=176 EscapeResult=-1 InitialResult=4 LevelAfter=2 LootInfo=-1 Name=LOC_CITIZEN_MAYA_MALE_5 Operation=58 PlotIndex=1409
mission CityName=LOC_CITY_NAME_TORONTO CompletionTurn=176 EscapeResult=-1 InitialResult=5 LevelAfter=2 LootInfo=-1 Name=LOC_CITIZEN_MAYA_MALE_8 Operation=58 PlotIndex=1818
mission CityName=LOC_CITY_NAME_OTTAWA CompletionTurn=175 EscapeResult=1 InitialResult=2 LevelAfter=2 LootInfo=-1 Name=LOC_CITIZEN_MAYA_FEMALE_8 Operation=58 PlotIndex=978
mission CityName=LOC_CITY_NAME_MONTREAL CompletionTurn=175 EscapeResult=0 InitialResult=4 LevelAfter=2 LootInfo=-1 Name=LOC_CITIZEN_MAYA_MODERN_FEMALE_2 Operation=58 PlotIndex=1314
mission CityName=LOC_CITY_NAME_WINNIPEG CompletionTurn=174 EscapeResult=-1 InitialResult=4 LevelAfter=2 LootInfo=-1 Name=LOC_CITIZEN_MAYA_MODERN_MALE_10 Operation=58 PlotIndex=1742
mission CityName=LOC_CITY_NAME_SAINT_JOHN CompletionTurn=173 EscapeResult=-1 InitialResult=1 LevelAfter=1 LootInfo=-1 Name=LOC_CITIZEN_MAYA_MODERN_FEMALE_1 Operation=58 PlotIndex=1991
mission CityName=LOC_CITY_NAME_QUEBEC_CITY CompletionTurn=173 EscapeResult=-1 InitialResult=1 LevelAfter=2 LootInfo=-1 Name=LOC_CITIZEN_MAYA_MALE_3 Operation=58 PlotIndex=1404
mission CityName=LOC_CITY_NAME_BRANTFORD CompletionTurn=172 EscapeResult=-1 InitialResult=1 LevelAfter=2 LootInfo=-1 Name=LOC_CITIZEN_MAYA_MODERN_FEMALE_7 Operation=58 PlotIndex=473
mission CityName=LOC_CITY_NAME_TORONTO CompletionTurn=172 EscapeResult=-1 InitialResult=5 LevelAfter=2 LootInfo=-1 Name=LOC_CITIZEN_MAYA_MALE_8 Operation=58 PlotIndex=1818
mission CityName=LOC_CITY_NAME_OTTAWA CompletionTurn=171 EscapeResult=-1 InitialResult=5 LevelAfter=2 LootInfo=-1 Name=LOC_CITIZEN_MAYA_FEMALE_8 Operation=58 PlotIndex=978
mission CityName=LOC_CITY_NAME_MONTREAL CompletionTurn=171 EscapeResult=-1 InitialResult=5 LevelAfter=2 LootInfo=-1 Name=LOC_CITIZEN_MAYA_MODERN_FEMALE_2 Operation=58 PlotIndex=1314
mission CityName=LOC_CITY_NAME_WINNIPEG CompletionTurn=170 EscapeResult=-1 InitialResult=3 LevelAfter=2 LootInfo=-1 Name=LOC_CITIZEN_MAYA_MODERN_MALE_10 Operation=58 PlotIndex=1742
mission CityName=LOC_CITY_NAME_QUEBEC_CITY CompletionTurn=169 EscapeResult=-1 InitialResult=5 LevelAfter=2 LootInfo=-1 Name=LOC_CITIZEN_MAYA_MALE_3 Operation=58 PlotIndex=1404
mission CityName=LOC_CITY_NAME_BRANTFORD CompletionTurn=168 EscapeResult=-1 InitialResult=5 LevelAfter=2 LootInfo=-1 Name=LOC_CITIZEN_MAYA_MODERN_FEMALE_7 Operation=58 PlotIndex=473
mission CityName=LOC_CITY_NAME_TORONTO CompletionTurn=168 EscapeResult=-1 InitialResult=3 LevelAfter=2 LootInfo=-1 Name=LOC_CITIZEN_MAYA_MALE_8 Operation=58 PlotIndex=1818
mission CityName=LOC_CITY_NAME_OTTAWA CompletionTurn=167 EscapeResult=-1 InitialResult=5 LevelAfter=2 LootInfo=-1 Name=LOC_CITIZEN_MAYA_FEMALE_8 Operation=58 PlotIndex=978
mission CityName=LOC_CITY_NAME_WINNIPEG CompletionTurn=166 EscapeResult=-1 InitialResult=5 LevelAfter=2 LootInfo=-1 Name=LOC_CITIZEN_MAYA_MODERN_MALE_10 Operation=58 PlotIndex=1742
mission CityName=LOC_CITY_NAME_HALIFAX CompletionTurn=166 EscapeResult=0 InitialResult=4 LevelAfter=2 LootInfo=-1 Name=LOC_CITIZEN_MAYA_FEMALE_4 Operation=58 PlotIndex=1409
mission CityName=LOC_CITY_NAME_QUEBEC_CITY CompletionTurn=165 EscapeResult=-1 InitialResult=3 LevelAfter=1 LootInfo=-1 Name=LOC_CITIZEN_MAYA_MALE_3 Operation=58 PlotIndex=1404
mission CityName=LOC_CITY_NAME_SAINT_JOHN CompletionTurn=164 EscapeResult=1 InitialResult=2 LevelAfter=1 LootInfo=-1 Name=LOC_CITIZEN_MAYA_MALE_6 Operation=58 PlotIndex=1991
mission CityName=LOC_CITY_NAME_OTTAWA CompletionTurn=163 EscapeResult=-1 InitialResult=5 LevelAfter=2 LootInfo=-1 Name=LOC_CITIZEN_MAYA_FEMALE_8 Operation=58 PlotIndex=978
mission CityName=LOC_CITY_NAME_WINNIPEG CompletionTurn=162 EscapeResult=-1 InitialResult=3 LevelAfter=1 LootInfo=-1 Name=LOC_CITIZEN_MAYA_MODERN_MALE_10 Operation=58 PlotIndex=1742
mission CityName=LOC_CITY_NAME_MONTREAL CompletionTurn=162 EscapeResult=0 InitialResult=2 LevelAfter=2 LootInfo=-1 Name=LOC_CITIZEN_MAYA_MODERN_FEMALE_3 Operation=58 PlotIndex=1314
mission CityName=LOC_CITY_NAME_SAINT_JOHN CompletionTurn=160 EscapeResult=-1 InitialResult=3 LevelAfter=1 LootInfo=-1 Name=LOC_CITIZEN_MAYA_MALE_6 Operation=58 PlotIndex=1991
mission CityName=LOC_CITY_NAME_TORONTO CompletionTurn=159 EscapeResult=2 InitialResult=2 LevelAfter=1 LootInfo=-1 Name=LOC_CITIZEN_MAYA_MODERN_FEMALE_5 Operation=58 PlotIndex=1818
mission CityName=LOC_CITY_NAME_HALIFAX CompletionTurn=159 EscapeResult=0 InitialResult=2 LevelAfter=2 LootInfo=-1 Name=LOC_CITIZEN_MAYA_MODERN_FEMALE_9 Operation=58 PlotIndex=1409
mission CityName=LOC_CITY_NAME_OTTAWA CompletionTurn=156 EscapeResult=-1 InitialResult=1 LevelAfter=1 LootInfo=-1 Name=LOC_CITIZEN_MAYA_MODERN_MALE_9 Operation=58 PlotIndex=978
mission CityName=LOC_CITY_NAME_QUEBEC_CITY CompletionTurn=156 EscapeResult=2 InitialResult=2 LevelAfter=2 LootInfo=-1 Name=LOC_CITIZEN_MAYA_MALE_8 Operation=58 PlotIndex=1404
mission CityName=LOC_CITY_NAME_SAINT_JOHN CompletionTurn=156 EscapeResult=-1 InitialResult=3 LevelAfter=1 LootInfo=-1 Name=LOC_CITIZEN_MAYA_MALE_6 Operation=58 PlotIndex=1991
mission CityName=LOC_CITY_NAME_HALIFAX CompletionTurn=154 EscapeResult=-1 InitialResult=5 LevelAfter=2 LootInfo=-1 Name=LOC_CITIZEN_MAYA_FEMALE_4 Operation=58 PlotIndex=1409
mission CityName=LOC_CITY_NAME_QUEBEC_CITY CompletionTurn=151 EscapeResult=-1 InitialResult=5 LevelAfter=2 LootInfo=-1 Name=LOC_CITIZEN_MAYA_MALE_8 Operation=58 PlotIndex=1404
mission CityName=LOC_CITY_NAME_MONTREAL CompletionTurn=150 EscapeResult=0 InitialResult=2 LevelAfter=2 LootInfo=-1 Name=LOC_CITIZEN_MAYA_MALE_1 Operation=58 PlotIndex=1314
mission CityName=LOC_CITY_NAME_OTTAWA CompletionTurn=148 EscapeResult=2 InitialResult=2 LevelAfter=2 LootInfo=-1 Name=LOC_CITIZEN_MAYA_MODERN_FEMALE_3 Operation=58 PlotIndex=978
mission CityName=LOC_CITY_NAME_TORONTO CompletionTurn=148 EscapeResult=0 InitialResult=2 LevelAfter=1 LootInfo=-1 Name=LOC_CITIZEN_MAYA_FEMALE_3 Operation=58 PlotIndex=1818
mission CityName=LOC_CITY_NAME_OTTAWA CompletionTurn=144 EscapeResult=-1 InitialResult=3 LevelAfter=1 LootInfo=-1 Name=LOC_CITIZEN_MAYA_MODERN_MALE_9 Operation=58 PlotIndex=978
mission CityName=LOC_CITY_NAME_QUEBEC_CITY CompletionTurn=142 EscapeResult=2 InitialResult=4 LevelAfter=2 LootInfo=-1 Name=LOC_CITIZEN_MAYA_MODERN_FEMALE_9 Operation=58 PlotIndex=1404
mission CityName=LOC_CITY_NAME_MONTREAL CompletionTurn=141 EscapeResult=0 InitialResult=2 LevelAfter=1 LootInfo=-1 Name=LOC_CITIZEN_MAYA_MODERN_MALE_1 Operation=58 PlotIndex=1314
mission CityName=LOC_CITY_NAME_TORONTO CompletionTurn=140 EscapeResult=-1 InitialResult=0 LevelAfter=1 LootInfo=-1 Name=LOC_CITIZEN_MAYA_MODERN_MALE_4 Operation=58 PlotIndex=1818
mission CityName=LOC_CITY_NAME_MONTREAL CompletionTurn=137 EscapeResult=-1 InitialResult=5 LevelAfter=2 LootInfo=-1 Name=LOC_CITIZEN_MAYA_MALE_1 Operation=58 PlotIndex=1314
mission CityName=LOC_CITY_NAME_OTTAWA CompletionTurn=134 EscapeResult=2 InitialResult=4 LevelAfter=2 LootInfo=-1 Name=LOC_CITIZEN_MAYA_MODERN_FEMALE_3 Operation=58 PlotIndex=978
tally 4  FOMENT_UNREST CAPTURED / NO_RESULT
tally 2  FOMENT_UNREST FAIL_MUST_ESCAPE / CAPTURED
tally 3  FOMENT_UNREST FAIL_MUST_ESCAPE / FAIL_MUST_ESCAPE
tally 5  FOMENT_UNREST FAIL_MUST_ESCAPE / KILLED
tally 7  FOMENT_UNREST FAIL_UNDETECTED / NO_RESULT
tally 1  FOMENT_UNREST KILLED / NO_RESULT
tally 2  FOMENT_UNREST SUCCESS_MUST_ESCAPE / FAIL_MUST_ESCAPE
tally 2  FOMENT_UNREST SUCCESS_MUST_ESCAPE / KILLED
tally 2  FOMENT_UNREST SUCCESS_MUST_ESCAPE / NO_RESULT
tally 12  FOMENT_UNREST SUCCESS_UNDETECTED / NO_RESULT
turn 177 spies active 5 idle 2 missions 40 captured-enemy 0
spy 6094850 LOC_CITIZEN_MAYA_MALE_8 level 1 at 54:21 busy
spy 7405579 LOC_CITIZEN_MAYA_MODERN_FEMALE_4 level 1 at 59:23 start
spy 7208976 LOC_CITIZEN_MAYA_MALE_4 level 1 at 60:16 busy
spy 5373970 LOC_CITIZEN_MAYA_MODERN_MALE_10 level 1 at 62:20 busy
spy 7340051 LOC_CITIZEN_MAYA_FEMALE_7 level 1 at 36:42 travel
spy 6488085 LOC_CITIZEN_MAYA_MODERN_FEMALE_5 level 1 at 54:15 busy
spy 6815772 LOC_CITIZEN_MAYA_MALE_5 level 1 at 65:16 busy
spy 7012382 LOC_CITIZEN_MAYA_FEMALE_6 level 1 at 65:16 refused
turn 177 spies 8 started 1 travelled 1 promoted 0 bought 0 gold 50000
unblock: blocker ENDTURN_BLOCKING_SPY_CHOOSE_ESCAPE_ROUTE -> escape route DISTRICT_CITY_CENTER of 1 for spy 5373970 LOC_CITIZEN_MAYA_MODERN_MALE_10 level 1 turn 177 | end turn requested
unblock: blocker ENDTURN_BLOCKING_SPY_CHOOSE_ESCAPE_ROUTE -> escape route DISTRICT_CITY_CENTER of 1 for spy 6815772 LOC_CITIZEN_MAYA_MALE_5 level 1 turn 177 | end turn requested
mission CityName=LOC_CITY_NAME_HALIFAX CompletionTurn=176 EscapeResult=-1 InitialResult=4 LevelAfter=2 LootInfo=-1 Name=LOC_CITIZEN_MAYA_MALE_5 Operation=58 PlotIndex=1409
mission CityName=LOC_CITY_NAME_TORONTO CompletionTurn=176 EscapeResult=-1 InitialResult=5 LevelAfter=2 LootInfo=-1 Name=LOC_CITIZEN_MAYA_MALE_8 Operation=58 PlotIndex=1818
mission CityName=LOC_CITY_NAME_OTTAWA CompletionTurn=175 EscapeResult=1 InitialResult=2 LevelAfter=2 LootInfo=-1 Name=LOC_CITIZEN_MAYA_FEMALE_8 Operation=58 PlotIndex=978
mission CityName=LOC_CITY_NAME_MONTREAL CompletionTurn=175 EscapeResult=0 InitialResult=4 LevelAfter=2 LootInfo=-1 Name=LOC_CITIZEN_MAYA_MODERN_FEMALE_2 Operation=58 PlotIndex=1314
mission CityName=LOC_CITY_NAME_WINNIPEG CompletionTurn=174 EscapeResult=1 InitialResult=4 LevelAfter=2 LootInfo=-1 Name=LOC_CITIZEN_MAYA_MODERN_MALE_10 Operation=58 PlotIndex=1742
mission CityName=LOC_CITY_NAME_SAINT_JOHN CompletionTurn=173 EscapeResult=-1 InitialResult=1 LevelAfter=1 LootInfo=-1 Name=LOC_CITIZEN_MAYA_MODERN_FEMALE_1 Operation=58 PlotIndex=1991
mission CityName=LOC_CITY_NAME_QUEBEC_CITY CompletionTurn=173 EscapeResult=-1 InitialResult=1 LevelAfter=2 LootInfo=-1 Name=LOC_CITIZEN_MAYA_MALE_3 Operation=58 PlotIndex=1404
mission CityName=LOC_CITY_NAME_BRANTFORD CompletionTurn=172 EscapeResult=-1 InitialResult=1 LevelAfter=2 LootInfo=-1 Name=LOC_CITIZEN_MAYA_MODERN_FEMALE_7 Operation=58 PlotIndex=473
mission CityName=LOC_CITY_NAME_TORONTO CompletionTurn=172 EscapeResult=-1 InitialResult=5 LevelAfter=2 LootInfo=-1 Name=LOC_CITIZEN_MAYA_MALE_8 Operation=58 PlotIndex=1818
mission CityName=LOC_CITY_NAME_OTTAWA CompletionTurn=171 EscapeResult=-1 InitialResult=5 LevelAfter=2 LootInfo=-1 Name=LOC_CITIZEN_MAYA_FEMALE_8 Operation=58 PlotIndex=978
mission CityName=LOC_CITY_NAME_MONTREAL CompletionTurn=171 EscapeResult=-1 InitialResult=5 LevelAfter=2 LootInfo=-1 Name=LOC_CITIZEN_MAYA_MODERN_FEMALE_2 Operation=58 PlotIndex=1314
mission CityName=LOC_CITY_NAME_WINNIPEG CompletionTurn=170 EscapeResult=-1 InitialResult=3 LevelAfter=2 LootInfo=-1 Name=LOC_CITIZEN_MAYA_MODERN_MALE_10 Operation=58 PlotIndex=1742
mission CityName=LOC_CITY_NAME_QUEBEC_CITY CompletionTurn=169 EscapeResult=-1 InitialResult=5 LevelAfter=2 LootInfo=-1 Name=LOC_CITIZEN_MAYA_MALE_3 Operation=58 PlotIndex=1404
mission CityName=LOC_CITY_NAME_BRANTFORD CompletionTurn=168 EscapeResult=-1 InitialResult=5 LevelAfter=2 LootInfo=-1 Name=LOC_CITIZEN_MAYA_MODERN_FEMALE_7 Operation=58 PlotIndex=473
mission CityName=LOC_CITY_NAME_TORONTO CompletionTurn=168 EscapeResult=-1 InitialResult=3 LevelAfter=2 LootInfo=-1 Name=LOC_CITIZEN_MAYA_MALE_8 Operation=58 PlotIndex=1818
mission CityName=LOC_CITY_NAME_OTTAWA CompletionTurn=167 EscapeResult=-1 InitialResult=5 LevelAfter=2 LootInfo=-1 Name=LOC_CITIZEN_MAYA_FEMALE_8 Operation=58 PlotIndex=978
mission CityName=LOC_CITY_NAME_WINNIPEG CompletionTurn=166 EscapeResult=-1 InitialResult=5 LevelAfter=2 LootInfo=-1 Name=LOC_CITIZEN_MAYA_MODERN_MALE_10 Operation=58 PlotIndex=1742
mission CityName=LOC_CITY_NAME_HALIFAX CompletionTurn=166 EscapeResult=0 InitialResult=4 LevelAfter=2 LootInfo=-1 Name=LOC_CITIZEN_MAYA_FEMALE_4 Operation=58 PlotIndex=1409
mission CityName=LOC_CITY_NAME_QUEBEC_CITY CompletionTurn=165 EscapeResult=-1 InitialResult=3 LevelAfter=1 LootInfo=-1 Name=LOC_CITIZEN_MAYA_MALE_3 Operation=58 PlotIndex=1404
mission CityName=LOC_CITY_NAME_SAINT_JOHN CompletionTurn=164 EscapeResult=1 InitialResult=2 LevelAfter=1 LootInfo=-1 Name=LOC_CITIZEN_MAYA_MALE_6 Operation=58 PlotIndex=1991
mission CityName=LOC_CITY_NAME_OTTAWA CompletionTurn=163 EscapeResult=-1 InitialResult=5 LevelAfter=2 LootInfo=-1 Name=LOC_CITIZEN_MAYA_FEMALE_8 Operation=58 PlotIndex=978
mission CityName=LOC_CITY_NAME_WINNIPEG CompletionTurn=162 EscapeResult=-1 InitialResult=3 LevelAfter=1 LootInfo=-1 Name=LOC_CITIZEN_MAYA_MODERN_MALE_10 Operation=58 PlotIndex=1742
mission CityName=LOC_CITY_NAME_MONTREAL CompletionTurn=162 EscapeResult=0 InitialResult=2 LevelAfter=2 LootInfo=-1 Name=LOC_CITIZEN_MAYA_MODERN_FEMALE_3 Operation=58 PlotIndex=1314
mission CityName=LOC_CITY_NAME_SAINT_JOHN CompletionTurn=160 EscapeResult=-1 InitialResult=3 LevelAfter=1 LootInfo=-1 Name=LOC_CITIZEN_MAYA_MALE_6 Operation=58 PlotIndex=1991
mission CityName=LOC_CITY_NAME_TORONTO CompletionTurn=159 EscapeResult=2 InitialResult=2 LevelAfter=1 LootInfo=-1 Name=LOC_CITIZEN_MAYA_MODERN_FEMALE_5 Operation=58 PlotIndex=1818
mission CityName=LOC_CITY_NAME_HALIFAX CompletionTurn=159 EscapeResult=0 InitialResult=2 LevelAfter=2 LootInfo=-1 Name=LOC_CITIZEN_MAYA_MODERN_FEMALE_9 Operation=58 PlotIndex=1409
mission CityName=LOC_CITY_NAME_OTTAWA CompletionTurn=156 EscapeResult=-1 InitialResult=1 LevelAfter=1 LootInfo=-1 Name=LOC_CITIZEN_MAYA_MODERN_MALE_9 Operation=58 PlotIndex=978
mission CityName=LOC_CITY_NAME_QUEBEC_CITY CompletionTurn=156 EscapeResult=2 InitialResult=2 LevelAfter=2 LootInfo=-1 Name=LOC_CITIZEN_MAYA_MALE_8 Operation=58 PlotIndex=1404
mission CityName=LOC_CITY_NAME_SAINT_JOHN CompletionTurn=156 EscapeResult=-1 InitialResult=3 LevelAfter=1 LootInfo=-1 Name=LOC_CITIZEN_MAYA_MALE_6 Operation=58 PlotIndex=1991
mission CityName=LOC_CITY_NAME_HALIFAX CompletionTurn=154 EscapeResult=-1 InitialResult=5 LevelAfter=2 LootInfo=-1 Name=LOC_CITIZEN_MAYA_FEMALE_4 Operation=58 PlotIndex=1409
mission CityName=LOC_CITY_NAME_QUEBEC_CITY CompletionTurn=151 EscapeResult=-1 InitialResult=5 LevelAfter=2 LootInfo=-1 Name=LOC_CITIZEN_MAYA_MALE_8 Operation=58 PlotIndex=1404
mission CityName=LOC_CITY_NAME_MONTREAL CompletionTurn=150 EscapeResult=0 InitialResult=2 LevelAfter=2 LootInfo=-1 Name=LOC_CITIZEN_MAYA_MALE_1 Operation=58 PlotIndex=1314
mission CityName=LOC_CITY_NAME_OTTAWA CompletionTurn=148 EscapeResult=2 InitialResult=2 LevelAfter=2 LootInfo=-1 Name=LOC_CITIZEN_MAYA_MODERN_FEMALE_3 Operation=58 PlotIndex=978
mission CityName=LOC_CITY_NAME_TORONTO CompletionTurn=148 EscapeResult=0 InitialResult=2 LevelAfter=1 LootInfo=-1 Name=LOC_CITIZEN_MAYA_FEMALE_3 Operation=58 PlotIndex=1818
mission CityName=LOC_CITY_NAME_OTTAWA CompletionTurn=144 EscapeResult=-1 InitialResult=3 LevelAfter=1 LootInfo=-1 Name=LOC_CITIZEN_MAYA_MODERN_MALE_9 Operation=58 PlotIndex=978
mission CityName=LOC_CITY_NAME_QUEBEC_CITY CompletionTurn=142 EscapeResult=2 InitialResult=4 LevelAfter=2 LootInfo=-1 Name=LOC_CITIZEN_MAYA_MODERN_FEMALE_9 Operation=58 PlotIndex=1404
mission CityName=LOC_CITY_NAME_MONTREAL CompletionTurn=141 EscapeResult=0 InitialResult=2 LevelAfter=1 LootInfo=-1 Name=LOC_CITIZEN_MAYA_MODERN_MALE_1 Operation=58 PlotIndex=1314
mission CityName=LOC_CITY_NAME_TORONTO CompletionTurn=140 EscapeResult=-1 InitialResult=0 LevelAfter=1 LootInfo=-1 Name=LOC_CITIZEN_MAYA_MODERN_MALE_4 Operation=58 PlotIndex=1818
mission CityName=LOC_CITY_NAME_MONTREAL CompletionTurn=137 EscapeResult=-1 InitialResult=5 LevelAfter=2 LootInfo=-1 Name=LOC_CITIZEN_MAYA_MALE_1 Operation=58 PlotIndex=1314
mission CityName=LOC_CITY_NAME_OTTAWA CompletionTurn=134 EscapeResult=2 InitialResult=4 LevelAfter=2 LootInfo=-1 Name=LOC_CITIZEN_MAYA_MODERN_FEMALE_3 Operation=58 PlotIndex=978
tally 4  FOMENT_UNREST CAPTURED / NO_RESULT
tally 2  FOMENT_UNREST FAIL_MUST_ESCAPE / CAPTURED
tally 3  FOMENT_UNREST FAIL_MUST_ESCAPE / FAIL_MUST_ESCAPE
tally 5  FOMENT_UNREST FAIL_MUST_ESCAPE / KILLED
tally 7  FOMENT_UNREST FAIL_UNDETECTED / NO_RESULT
tally 1  FOMENT_UNREST KILLED / NO_RESULT
tally 1  FOMENT_UNREST SUCCESS_MUST_ESCAPE / CAPTURED
tally 2  FOMENT_UNREST SUCCESS_MUST_ESCAPE / FAIL_MUST_ESCAPE
tally 2  FOMENT_UNREST SUCCESS_MUST_ESCAPE / KILLED
tally 1  FOMENT_UNREST SUCCESS_MUST_ESCAPE / NO_RESULT
tally 12  FOMENT_UNREST SUCCESS_UNDETECTED / NO_RESULT
turn 178 spies active 5 idle 1 missions 40 captured-enemy 0
spy 6094850 LOC_CITIZEN_MAYA_MALE_8 level 1 at 54:21 busy
spy 7405579 LOC_CITIZEN_MAYA_MODERN_FEMALE_4 level 1 at 59:23 busy
spy 7208976 LOC_CITIZEN_MAYA_MALE_4 level 1 at 60:16 busy
spy 6488085 LOC_CITIZEN_MAYA_MODERN_FEMALE_5 level 1 at 54:15 busy
spy 6815772 LOC_CITIZEN_MAYA_MALE_5 level 1 at 65:16 busy
spy 7012382 LOC_CITIZEN_MAYA_FEMALE_6 level 1 at 65:16 refused
turn 178 spies 6 started 0 travelled 0 promoted 0 bought 1 gold 50000
unblock: blocker ENDTURN_BLOCKING_SPY_CHOOSE_ESCAPE_ROUTE -> escape route DISTRICT_CITY_CENTER of 1 for spy 6815772 LOC_CITIZEN_MAYA_MALE_5 level 1 turn 178 | end turn requested
unblock: blocker ENDTURN_BLOCKING_PRODUCTION -> NARANJO builds UNIT_WARRIOR | end turn requested
unstuck: closed sessions [4:4]
unstuck: DiplomacyActionView: Closing Diplomacy Action View. m_eventID: 953507
mission CityName=LOC_CITY_NAME_HALIFAX CompletionTurn=176 EscapeResult=0 InitialResult=4 LevelAfter=2 LootInfo=-1 Name=LOC_CITIZEN_MAYA_MALE_5 Operation=58 PlotIndex=1409
mission CityName=LOC_CITY_NAME_TORONTO CompletionTurn=176 EscapeResult=-1 InitialResult=5 LevelAfter=2 LootInfo=-1 Name=LOC_CITIZEN_MAYA_MALE_8 Operation=58 PlotIndex=1818
mission CityName=LOC_CITY_NAME_OTTAWA CompletionTurn=175 EscapeResult=1 InitialResult=2 LevelAfter=2 LootInfo=-1 Name=LOC_CITIZEN_MAYA_FEMALE_8 Operation=58 PlotIndex=978
mission CityName=LOC_CITY_NAME_MONTREAL CompletionTurn=175 EscapeResult=0 InitialResult=4 LevelAfter=2 LootInfo=-1 Name=LOC_CITIZEN_MAYA_MODERN_FEMALE_2 Operation=58 PlotIndex=1314
mission CityName=LOC_CITY_NAME_WINNIPEG CompletionTurn=174 EscapeResult=1 InitialResult=4 LevelAfter=2 LootInfo=-1 Name=LOC_CITIZEN_MAYA_MODERN_MALE_10 Operation=58 PlotIndex=1742
mission CityName=LOC_CITY_NAME_SAINT_JOHN CompletionTurn=173 EscapeResult=-1 InitialResult=1 LevelAfter=1 LootInfo=-1 Name=LOC_CITIZEN_MAYA_MODERN_FEMALE_1 Operation=58 PlotIndex=1991
mission CityName=LOC_CITY_NAME_QUEBEC_CITY CompletionTurn=173 EscapeResult=-1 InitialResult=1 LevelAfter=2 LootInfo=-1 Name=LOC_CITIZEN_MAYA_MALE_3 Operation=58 PlotIndex=1404
mission CityName=LOC_CITY_NAME_BRANTFORD CompletionTurn=172 EscapeResult=-1 InitialResult=1 LevelAfter=2 LootInfo=-1 Name=LOC_CITIZEN_MAYA_MODERN_FEMALE_7 Operation=58 PlotIndex=473
mission CityName=LOC_CITY_NAME_TORONTO CompletionTurn=172 EscapeResult=-1 InitialResult=5 LevelAfter=2 LootInfo=-1 Name=LOC_CITIZEN_MAYA_MALE_8 Operation=58 PlotIndex=1818
mission CityName=LOC_CITY_NAME_OTTAWA CompletionTurn=171 EscapeResult=-1 InitialResult=5 LevelAfter=2 LootInfo=-1 Name=LOC_CITIZEN_MAYA_FEMALE_8 Operation=58 PlotIndex=978
mission CityName=LOC_CITY_NAME_MONTREAL CompletionTurn=171 EscapeResult=-1 InitialResult=5 LevelAfter=2 LootInfo=-1 Name=LOC_CITIZEN_MAYA_MODERN_FEMALE_2 Operation=58 PlotIndex=1314
mission CityName=LOC_CITY_NAME_WINNIPEG CompletionTurn=170 EscapeResult=-1 InitialResult=3 LevelAfter=2 LootInfo=-1 Name=LOC_CITIZEN_MAYA_MODERN_MALE_10 Operation=58 PlotIndex=1742
mission CityName=LOC_CITY_NAME_QUEBEC_CITY CompletionTurn=169 EscapeResult=-1 InitialResult=5 LevelAfter=2 LootInfo=-1 Name=LOC_CITIZEN_MAYA_MALE_3 Operation=58 PlotIndex=1404
mission CityName=LOC_CITY_NAME_BRANTFORD CompletionTurn=168 EscapeResult=-1 InitialResult=5 LevelAfter=2 LootInfo=-1 Name=LOC_CITIZEN_MAYA_MODERN_FEMALE_7 Operation=58 PlotIndex=473
mission CityName=LOC_CITY_NAME_TORONTO CompletionTurn=168 EscapeResult=-1 InitialResult=3 LevelAfter=2 LootInfo=-1 Name=LOC_CITIZEN_MAYA_MALE_8 Operation=58 PlotIndex=1818
mission CityName=LOC_CITY_NAME_OTTAWA CompletionTurn=167 EscapeResult=-1 InitialResult=5 LevelAfter=2 LootInfo=-1 Name=LOC_CITIZEN_MAYA_FEMALE_8 Operation=58 PlotIndex=978
mission CityName=LOC_CITY_NAME_WINNIPEG CompletionTurn=166 EscapeResult=-1 InitialResult=5 LevelAfter=2 LootInfo=-1 Name=LOC_CITIZEN_MAYA_MODERN_MALE_10 Operation=58 PlotIndex=1742
mission CityName=LOC_CITY_NAME_HALIFAX CompletionTurn=166 EscapeResult=0 InitialResult=4 LevelAfter=2 LootInfo=-1 Name=LOC_CITIZEN_MAYA_FEMALE_4 Operation=58 PlotIndex=1409
mission CityName=LOC_CITY_NAME_QUEBEC_CITY CompletionTurn=165 EscapeResult=-1 InitialResult=3 LevelAfter=1 LootInfo=-1 Name=LOC_CITIZEN_MAYA_MALE_3 Operation=58 PlotIndex=1404
mission CityName=LOC_CITY_NAME_SAINT_JOHN CompletionTurn=164 EscapeResult=1 InitialResult=2 LevelAfter=1 LootInfo=-1 Name=LOC_CITIZEN_MAYA_MALE_6 Operation=58 PlotIndex=1991
mission CityName=LOC_CITY_NAME_OTTAWA CompletionTurn=163 EscapeResult=-1 InitialResult=5 LevelAfter=2 LootInfo=-1 Name=LOC_CITIZEN_MAYA_FEMALE_8 Operation=58 PlotIndex=978
mission CityName=LOC_CITY_NAME_WINNIPEG CompletionTurn=162 EscapeResult=-1 InitialResult=3 LevelAfter=1 LootInfo=-1 Name=LOC_CITIZEN_MAYA_MODERN_MALE_10 Operation=58 PlotIndex=1742
mission CityName=LOC_CITY_NAME_MONTREAL CompletionTurn=162 EscapeResult=0 InitialResult=2 LevelAfter=2 LootInfo=-1 Name=LOC_CITIZEN_MAYA_MODERN_FEMALE_3 Operation=58 PlotIndex=1314
mission CityName=LOC_CITY_NAME_SAINT_JOHN CompletionTurn=160 EscapeResult=-1 InitialResult=3 LevelAfter=1 LootInfo=-1 Name=LOC_CITIZEN_MAYA_MALE_6 Operation=58 PlotIndex=1991
mission CityName=LOC_CITY_NAME_TORONTO CompletionTurn=159 EscapeResult=2 InitialResult=2 LevelAfter=1 LootInfo=-1 Name=LOC_CITIZEN_MAYA_MODERN_FEMALE_5 Operation=58 PlotIndex=1818
mission CityName=LOC_CITY_NAME_HALIFAX CompletionTurn=159 EscapeResult=0 InitialResult=2 LevelAfter=2 LootInfo=-1 Name=LOC_CITIZEN_MAYA_MODERN_FEMALE_9 Operation=58 PlotIndex=1409
mission CityName=LOC_CITY_NAME_OTTAWA CompletionTurn=156 EscapeResult=-1 InitialResult=1 LevelAfter=1 LootInfo=-1 Name=LOC_CITIZEN_MAYA_MODERN_MALE_9 Operation=58 PlotIndex=978
mission CityName=LOC_CITY_NAME_QUEBEC_CITY CompletionTurn=156 EscapeResult=2 InitialResult=2 LevelAfter=2 LootInfo=-1 Name=LOC_CITIZEN_MAYA_MALE_8 Operation=58 PlotIndex=1404
mission CityName=LOC_CITY_NAME_SAINT_JOHN CompletionTurn=156 EscapeResult=-1 InitialResult=3 LevelAfter=1 LootInfo=-1 Name=LOC_CITIZEN_MAYA_MALE_6 Operation=58 PlotIndex=1991
mission CityName=LOC_CITY_NAME_HALIFAX CompletionTurn=154 EscapeResult=-1 InitialResult=5 LevelAfter=2 LootInfo=-1 Name=LOC_CITIZEN_MAYA_FEMALE_4 Operation=58 PlotIndex=1409
mission CityName=LOC_CITY_NAME_QUEBEC_CITY CompletionTurn=151 EscapeResult=-1 InitialResult=5 LevelAfter=2 LootInfo=-1 Name=LOC_CITIZEN_MAYA_MALE_8 Operation=58 PlotIndex=1404
mission CityName=LOC_CITY_NAME_MONTREAL CompletionTurn=150 EscapeResult=0 InitialResult=2 LevelAfter=2 LootInfo=-1 Name=LOC_CITIZEN_MAYA_MALE_1 Operation=58 PlotIndex=1314
mission CityName=LOC_CITY_NAME_OTTAWA CompletionTurn=148 EscapeResult=2 InitialResult=2 LevelAfter=2 LootInfo=-1 Name=LOC_CITIZEN_MAYA_MODERN_FEMALE_3 Operation=58 PlotIndex=978
mission CityName=LOC_CITY_NAME_TORONTO CompletionTurn=148 EscapeResult=0 InitialResult=2 LevelAfter=1 LootInfo=-1 Name=LOC_CITIZEN_MAYA_FEMALE_3 Operation=58 PlotIndex=1818
mission CityName=LOC_CITY_NAME_OTTAWA CompletionTurn=144 EscapeResult=-1 InitialResult=3 LevelAfter=1 LootInfo=-1 Name=LOC_CITIZEN_MAYA_MODERN_MALE_9 Operation=58 PlotIndex=978
mission CityName=LOC_CITY_NAME_QUEBEC_CITY CompletionTurn=142 EscapeResult=2 InitialResult=4 LevelAfter=2 LootInfo=-1 Name=LOC_CITIZEN_MAYA_MODERN_FEMALE_9 Operation=58 PlotIndex=1404
mission CityName=LOC_CITY_NAME_MONTREAL CompletionTurn=141 EscapeResult=0 InitialResult=2 LevelAfter=1 LootInfo=-1 Name=LOC_CITIZEN_MAYA_MODERN_MALE_1 Operation=58 PlotIndex=1314
mission CityName=LOC_CITY_NAME_TORONTO CompletionTurn=140 EscapeResult=-1 InitialResult=0 LevelAfter=1 LootInfo=-1 Name=LOC_CITIZEN_MAYA_MODERN_MALE_4 Operation=58 PlotIndex=1818
mission CityName=LOC_CITY_NAME_MONTREAL CompletionTurn=137 EscapeResult=-1 InitialResult=5 LevelAfter=2 LootInfo=-1 Name=LOC_CITIZEN_MAYA_MALE_1 Operation=58 PlotIndex=1314
mission CityName=LOC_CITY_NAME_OTTAWA CompletionTurn=134 EscapeResult=2 InitialResult=4 LevelAfter=2 LootInfo=-1 Name=LOC_CITIZEN_MAYA_MODERN_FEMALE_3 Operation=58 PlotIndex=978
tally 4  FOMENT_UNREST CAPTURED / NO_RESULT
tally 2  FOMENT_UNREST FAIL_MUST_ESCAPE / CAPTURED
tally 3  FOMENT_UNREST FAIL_MUST_ESCAPE / FAIL_MUST_ESCAPE
tally 5  FOMENT_UNREST FAIL_MUST_ESCAPE / KILLED
tally 7  FOMENT_UNREST FAIL_UNDETECTED / NO_RESULT
tally 1  FOMENT_UNREST KILLED / NO_RESULT
tally 1  FOMENT_UNREST SUCCESS_MUST_ESCAPE / CAPTURED
tally 2  FOMENT_UNREST SUCCESS_MUST_ESCAPE / FAIL_MUST_ESCAPE
tally 3  FOMENT_UNREST SUCCESS_MUST_ESCAPE / KILLED
tally 12  FOMENT_UNREST SUCCESS_UNDETECTED / NO_RESULT
turn 179 spies active 4 idle 2 missions 40 captured-enemy 0
spy 6094850 LOC_CITIZEN_MAYA_MALE_8 level 1 at 54:21 busy
spy 7405579 LOC_CITIZEN_MAYA_MODERN_FEMALE_4 level 1 at 59:23 busy
spy 7208976 LOC_CITIZEN_MAYA_MALE_4 level 1 at 60:16 busy
spy 7471123 LOC_CITIZEN_MAYA_FEMALE_1 level 1 at 36:42 notarget
spy 6488085 LOC_CITIZEN_MAYA_MODERN_FEMALE_5 level 1 at 54:15 busy
spy 7012382 LOC_CITIZEN_MAYA_FEMALE_6 level 1 at 65:16 start
turn 179 spies 6 started 1 travelled 0 promoted 0 bought 0 gold 46255
unblock: blocker ENDTURN_BLOCKING_COMMEMORATION_AVAILABLE -> nothing | end turn requested
unstuck: closed sessions [4:4]
unstuck: EraCompletePopup: closed
unblock: blocker ENDTURN_BLOCKING_PRODUCTION -> NARANJO builds UNIT_WARRIOR | end turn requested
unblock: blocker ENDTURN_BLOCKING_SPY_CHOOSE_ESCAPE_ROUTE -> escape route DISTRICT_COMMERCIAL_HUB of 2 for spy 7208976 LOC_CITIZEN_MAYA_MALE_4 level 1 turn 179 | end turn requested
mission CityName=LOC_CITY_NAME_MONTREAL CompletionTurn=180 EscapeResult=-1 InitialResult=4 LevelAfter=2 LootInfo=-1 Name=LOC_CITIZEN_MAYA_MODERN_FEMALE_5 Operation=58 PlotIndex=1314
mission CityName=LOC_CITY_NAME_TORONTO CompletionTurn=180 EscapeResult=-1 InitialResult=4 LevelAfter=2 LootInfo=-1 Name=LOC_CITIZEN_MAYA_MALE_8 Operation=58 PlotIndex=1818
mission CityName=LOC_CITY_NAME_QUEBEC_CITY CompletionTurn=179 EscapeResult=-1 InitialResult=4 LevelAfter=2 LootInfo=-1 Name=LOC_CITIZEN_MAYA_MALE_4 Operation=58 PlotIndex=1404
mission CityName=LOC_CITY_NAME_HALIFAX CompletionTurn=176 EscapeResult=0 InitialResult=4 LevelAfter=2 LootInfo=-1 Name=LOC_CITIZEN_MAYA_MALE_5 Operation=58 PlotIndex=1409
mission CityName=LOC_CITY_NAME_TORONTO CompletionTurn=176 EscapeResult=-1 InitialResult=5 LevelAfter=2 LootInfo=-1 Name=LOC_CITIZEN_MAYA_MALE_8 Operation=58 PlotIndex=1818
mission CityName=LOC_CITY_NAME_OTTAWA CompletionTurn=175 EscapeResult=1 InitialResult=2 LevelAfter=2 LootInfo=-1 Name=LOC_CITIZEN_MAYA_FEMALE_8 Operation=58 PlotIndex=978
mission CityName=LOC_CITY_NAME_MONTREAL CompletionTurn=175 EscapeResult=0 InitialResult=4 LevelAfter=2 LootInfo=-1 Name=LOC_CITIZEN_MAYA_MODERN_FEMALE_2 Operation=58 PlotIndex=1314
mission CityName=LOC_CITY_NAME_WINNIPEG CompletionTurn=174 EscapeResult=1 InitialResult=4 LevelAfter=2 LootInfo=-1 Name=LOC_CITIZEN_MAYA_MODERN_MALE_10 Operation=58 PlotIndex=1742
mission CityName=LOC_CITY_NAME_SAINT_JOHN CompletionTurn=173 EscapeResult=-1 InitialResult=1 LevelAfter=1 LootInfo=-1 Name=LOC_CITIZEN_MAYA_MODERN_FEMALE_1 Operation=58 PlotIndex=1991
mission CityName=LOC_CITY_NAME_QUEBEC_CITY CompletionTurn=173 EscapeResult=-1 InitialResult=1 LevelAfter=2 LootInfo=-1 Name=LOC_CITIZEN_MAYA_MALE_3 Operation=58 PlotIndex=1404
mission CityName=LOC_CITY_NAME_BRANTFORD CompletionTurn=172 EscapeResult=-1 InitialResult=1 LevelAfter=2 LootInfo=-1 Name=LOC_CITIZEN_MAYA_MODERN_FEMALE_7 Operation=58 PlotIndex=473
mission CityName=LOC_CITY_NAME_TORONTO CompletionTurn=172 EscapeResult=-1 InitialResult=5 LevelAfter=2 LootInfo=-1 Name=LOC_CITIZEN_MAYA_MALE_8 Operation=58 PlotIndex=1818
mission CityName=LOC_CITY_NAME_OTTAWA CompletionTurn=171 EscapeResult=-1 InitialResult=5 LevelAfter=2 LootInfo=-1 Name=LOC_CITIZEN_MAYA_FEMALE_8 Operation=58 PlotIndex=978
mission CityName=LOC_CITY_NAME_MONTREAL CompletionTurn=171 EscapeResult=-1 InitialResult=5 LevelAfter=2 LootInfo=-1 Name=LOC_CITIZEN_MAYA_MODERN_FEMALE_2 Operation=58 PlotIndex=1314
mission CityName=LOC_CITY_NAME_WINNIPEG CompletionTurn=170 EscapeResult=-1 InitialResult=3 LevelAfter=2 LootInfo=-1 Name=LOC_CITIZEN_MAYA_MODERN_MALE_10 Operation=58 PlotIndex=1742
mission CityName=LOC_CITY_NAME_QUEBEC_CITY CompletionTurn=169 EscapeResult=-1 InitialResult=5 LevelAfter=2 LootInfo=-1 Name=LOC_CITIZEN_MAYA_MALE_3 Operation=58 PlotIndex=1404
mission CityName=LOC_CITY_NAME_BRANTFORD CompletionTurn=168 EscapeResult=-1 InitialResult=5 LevelAfter=2 LootInfo=-1 Name=LOC_CITIZEN_MAYA_MODERN_FEMALE_7 Operation=58 PlotIndex=473
mission CityName=LOC_CITY_NAME_TORONTO CompletionTurn=168 EscapeResult=-1 InitialResult=3 LevelAfter=2 LootInfo=-1 Name=LOC_CITIZEN_MAYA_MALE_8 Operation=58 PlotIndex=1818
mission CityName=LOC_CITY_NAME_OTTAWA CompletionTurn=167 EscapeResult=-1 InitialResult=5 LevelAfter=2 LootInfo=-1 Name=LOC_CITIZEN_MAYA_FEMALE_8 Operation=58 PlotIndex=978
mission CityName=LOC_CITY_NAME_WINNIPEG CompletionTurn=166 EscapeResult=-1 InitialResult=5 LevelAfter=2 LootInfo=-1 Name=LOC_CITIZEN_MAYA_MODERN_MALE_10 Operation=58 PlotIndex=1742
mission CityName=LOC_CITY_NAME_HALIFAX CompletionTurn=166 EscapeResult=0 InitialResult=4 LevelAfter=2 LootInfo=-1 Name=LOC_CITIZEN_MAYA_FEMALE_4 Operation=58 PlotIndex=1409
mission CityName=LOC_CITY_NAME_QUEBEC_CITY CompletionTurn=165 EscapeResult=-1 InitialResult=3 LevelAfter=1 LootInfo=-1 Name=LOC_CITIZEN_MAYA_MALE_3 Operation=58 PlotIndex=1404
mission CityName=LOC_CITY_NAME_SAINT_JOHN CompletionTurn=164 EscapeResult=1 InitialResult=2 LevelAfter=1 LootInfo=-1 Name=LOC_CITIZEN_MAYA_MALE_6 Operation=58 PlotIndex=1991
mission CityName=LOC_CITY_NAME_OTTAWA CompletionTurn=163 EscapeResult=-1 InitialResult=5 LevelAfter=2 LootInfo=-1 Name=LOC_CITIZEN_MAYA_FEMALE_8 Operation=58 PlotIndex=978
mission CityName=LOC_CITY_NAME_WINNIPEG CompletionTurn=162 EscapeResult=-1 InitialResult=3 LevelAfter=1 LootInfo=-1 Name=LOC_CITIZEN_MAYA_MODERN_MALE_10 Operation=58 PlotIndex=1742
mission CityName=LOC_CITY_NAME_MONTREAL CompletionTurn=162 EscapeResult=0 InitialResult=2 LevelAfter=2 LootInfo=-1 Name=LOC_CITIZEN_MAYA_MODERN_FEMALE_3 Operation=58 PlotIndex=1314
mission CityName=LOC_CITY_NAME_SAINT_JOHN CompletionTurn=160 EscapeResult=-1 InitialResult=3 LevelAfter=1 LootInfo=-1 Name=LOC_CITIZEN_MAYA_MALE_6 Operation=58 PlotIndex=1991
mission CityName=LOC_CITY_NAME_TORONTO CompletionTurn=159 EscapeResult=2 InitialResult=2 LevelAfter=1 LootInfo=-1 Name=LOC_CITIZEN_MAYA_MODERN_FEMALE_5 Operation=58 PlotIndex=1818
mission CityName=LOC_CITY_NAME_HALIFAX CompletionTurn=159 EscapeResult=0 InitialResult=2 LevelAfter=2 LootInfo=-1 Name=LOC_CITIZEN_MAYA_MODERN_FEMALE_9 Operation=58 PlotIndex=1409
mission CityName=LOC_CITY_NAME_OTTAWA CompletionTurn=156 EscapeResult=-1 InitialResult=1 LevelAfter=1 LootInfo=-1 Name=LOC_CITIZEN_MAYA_MODERN_MALE_9 Operation=58 PlotIndex=978
mission CityName=LOC_CITY_NAME_QUEBEC_CITY CompletionTurn=156 EscapeResult=2 InitialResult=2 LevelAfter=2 LootInfo=-1 Name=LOC_CITIZEN_MAYA_MALE_8 Operation=58 PlotIndex=1404
mission CityName=LOC_CITY_NAME_SAINT_JOHN CompletionTurn=156 EscapeResult=-1 InitialResult=3 LevelAfter=1 LootInfo=-1 Name=LOC_CITIZEN_MAYA_MALE_6 Operation=58 PlotIndex=1991
mission CityName=LOC_CITY_NAME_HALIFAX CompletionTurn=154 EscapeResult=-1 InitialResult=5 LevelAfter=2 LootInfo=-1 Name=LOC_CITIZEN_MAYA_FEMALE_4 Operation=58 PlotIndex=1409
mission CityName=LOC_CITY_NAME_QUEBEC_CITY CompletionTurn=151 EscapeResult=-1 InitialResult=5 LevelAfter=2 LootInfo=-1 Name=LOC_CITIZEN_MAYA_MALE_8 Operation=58 PlotIndex=1404
mission CityName=LOC_CITY_NAME_MONTREAL CompletionTurn=150 EscapeResult=0 InitialResult=2 LevelAfter=2 LootInfo=-1 Name=LOC_CITIZEN_MAYA_MALE_1 Operation=58 PlotIndex=1314
mission CityName=LOC_CITY_NAME_OTTAWA CompletionTurn=148 EscapeResult=2 InitialResult=2 LevelAfter=2 LootInfo=-1 Name=LOC_CITIZEN_MAYA_MODERN_FEMALE_3 Operation=58 PlotIndex=978
mission CityName=LOC_CITY_NAME_TORONTO CompletionTurn=148 EscapeResult=0 InitialResult=2 LevelAfter=1 LootInfo=-1 Name=LOC_CITIZEN_MAYA_FEMALE_3 Operation=58 PlotIndex=1818
mission CityName=LOC_CITY_NAME_OTTAWA CompletionTurn=144 EscapeResult=-1 InitialResult=3 LevelAfter=1 LootInfo=-1 Name=LOC_CITIZEN_MAYA_MODERN_MALE_9 Operation=58 PlotIndex=978
mission CityName=LOC_CITY_NAME_QUEBEC_CITY CompletionTurn=142 EscapeResult=2 InitialResult=4 LevelAfter=2 LootInfo=-1 Name=LOC_CITIZEN_MAYA_MODERN_FEMALE_9 Operation=58 PlotIndex=1404
mission CityName=LOC_CITY_NAME_MONTREAL CompletionTurn=141 EscapeResult=0 InitialResult=2 LevelAfter=1 LootInfo=-1 Name=LOC_CITIZEN_MAYA_MODERN_MALE_1 Operation=58 PlotIndex=1314
mission CityName=LOC_CITY_NAME_TORONTO CompletionTurn=140 EscapeResult=-1 InitialResult=0 LevelAfter=1 LootInfo=-1 Name=LOC_CITIZEN_MAYA_MODERN_MALE_4 Operation=58 PlotIndex=1818
mission CityName=LOC_CITY_NAME_MONTREAL CompletionTurn=137 EscapeResult=-1 InitialResult=5 LevelAfter=2 LootInfo=-1 Name=LOC_CITIZEN_MAYA_MALE_1 Operation=58 PlotIndex=1314
mission CityName=LOC_CITY_NAME_OTTAWA CompletionTurn=134 EscapeResult=2 InitialResult=4 LevelAfter=2 LootInfo=-1 Name=LOC_CITIZEN_MAYA_MODERN_FEMALE_3 Operation=58 PlotIndex=978
tally 4  FOMENT_UNREST CAPTURED / NO_RESULT
tally 2  FOMENT_UNREST FAIL_MUST_ESCAPE / CAPTURED
tally 3  FOMENT_UNREST FAIL_MUST_ESCAPE / FAIL_MUST_ESCAPE
tally 5  FOMENT_UNREST FAIL_MUST_ESCAPE / KILLED
tally 7  FOMENT_UNREST FAIL_UNDETECTED / NO_RESULT
tally 1  FOMENT_UNREST KILLED / NO_RESULT
tally 1  FOMENT_UNREST SUCCESS_MUST_ESCAPE / CAPTURED
tally 2  FOMENT_UNREST SUCCESS_MUST_ESCAPE / FAIL_MUST_ESCAPE
tally 3  FOMENT_UNREST SUCCESS_MUST_ESCAPE / KILLED
tally 3  FOMENT_UNREST SUCCESS_MUST_ESCAPE / NO_RESULT
tally 12  FOMENT_UNREST SUCCESS_UNDETECTED / NO_RESULT
turn 180 spies active 5 idle 2 missions 43 captured-enemy 0
spy 6094850 LOC_CITIZEN_MAYA_MALE_8 level 1 at 54:21 busy
spy 7405579 LOC_CITIZEN_MAYA_MODERN_FEMALE_4 level 1 at 59:23 busy
spy 7208976 LOC_CITIZEN_MAYA_MALE_4 level 1 at 60:16 busy
spy 7471123 LOC_CITIZEN_MAYA_FEMALE_1 level 1 at 36:42 travel
spy 6488085 LOC_CITIZEN_MAYA_MODERN_FEMALE_5 level 1 at 54:15 busy
spy 7536668 LOC_CITIZEN_MAYA_FEMALE_7 level 1 at 54:11 start
spy 7012382 LOC_CITIZEN_MAYA_FEMALE_6 level 1 at 65:16 busy
turn 180 spies 7 started 1 travelled 1 promoted 0 bought 0 gold 50000
unblock: blocker ENDTURN_BLOCKING_SPY_CHOOSE_ESCAPE_ROUTE -> escape route DISTRICT_HARBOR of 2 for spy 6094850 LOC_CITIZEN_MAYA_MALE_8 level 1 turn 180 | end turn requested
unblock: blocker ENDTURN_BLOCKING_SPY_CHOOSE_ESCAPE_ROUTE -> escape route DISTRICT_COMMERCIAL_HUB of 2 for spy 7208976 LOC_CITIZEN_MAYA_MALE_4 level 1 turn 180 | end turn requested
unstuck: closed sessions [2:2]
unstuck: DiplomacyActionView: Closing Diplomacy Action View. m_eventID: 974541
unblock: blocker ENDTURN_BLOCKING_SPY_CHOOSE_ESCAPE_ROUTE -> escape route DISTRICT_COMMERCIAL_HUB of 2 for spy 7208976 LOC_CITIZEN_MAYA_MALE_4 level 1 turn 180 | end turn requested
mission CityName=LOC_CITY_NAME_SAINT_JOHN CompletionTurn=181 EscapeResult=-1 InitialResult=5 LevelAfter=2 LootInfo=-1 Name=LOC_CITIZEN_MAYA_MODERN_FEMALE_4 Operation=58 PlotIndex=1991
mission CityName=LOC_CITY_NAME_MONTREAL CompletionTurn=180 EscapeResult=-1 InitialResult=4 LevelAfter=2 LootInfo=-1 Name=LOC_CITIZEN_MAYA_MODERN_FEMALE_5 Operation=58 PlotIndex=1314
mission CityName=LOC_CITY_NAME_TORONTO CompletionTurn=180 EscapeResult=2 InitialResult=4 LevelAfter=2 LootInfo=-1 Name=LOC_CITIZEN_MAYA_MALE_8 Operation=58 PlotIndex=1818
mission CityName=LOC_CITY_NAME_QUEBEC_CITY CompletionTurn=179 EscapeResult=-1 InitialResult=4 LevelAfter=2 LootInfo=-1 Name=LOC_CITIZEN_MAYA_MALE_4 Operation=58 PlotIndex=1404
mission CityName=LOC_CITY_NAME_HALIFAX CompletionTurn=176 EscapeResult=0 InitialResult=4 LevelAfter=2 LootInfo=-1 Name=LOC_CITIZEN_MAYA_MALE_5 Operation=58 PlotIndex=1409
mission CityName=LOC_CITY_NAME_TORONTO CompletionTurn=176 EscapeResult=-1 InitialResult=5 LevelAfter=2 LootInfo=-1 Name=LOC_CITIZEN_MAYA_MALE_8 Operation=58 PlotIndex=1818
mission CityName=LOC_CITY_NAME_OTTAWA CompletionTurn=175 EscapeResult=1 InitialResult=2 LevelAfter=2 LootInfo=-1 Name=LOC_CITIZEN_MAYA_FEMALE_8 Operation=58 PlotIndex=978
mission CityName=LOC_CITY_NAME_MONTREAL CompletionTurn=175 EscapeResult=0 InitialResult=4 LevelAfter=2 LootInfo=-1 Name=LOC_CITIZEN_MAYA_MODERN_FEMALE_2 Operation=58 PlotIndex=1314
mission CityName=LOC_CITY_NAME_WINNIPEG CompletionTurn=174 EscapeResult=1 InitialResult=4 LevelAfter=2 LootInfo=-1 Name=LOC_CITIZEN_MAYA_MODERN_MALE_10 Operation=58 PlotIndex=1742
mission CityName=LOC_CITY_NAME_SAINT_JOHN CompletionTurn=173 EscapeResult=-1 InitialResult=1 LevelAfter=1 LootInfo=-1 Name=LOC_CITIZEN_MAYA_MODERN_FEMALE_1 Operation=58 PlotIndex=1991
mission CityName=LOC_CITY_NAME_QUEBEC_CITY CompletionTurn=173 EscapeResult=-1 InitialResult=1 LevelAfter=2 LootInfo=-1 Name=LOC_CITIZEN_MAYA_MALE_3 Operation=58 PlotIndex=1404
mission CityName=LOC_CITY_NAME_BRANTFORD CompletionTurn=172 EscapeResult=-1 InitialResult=1 LevelAfter=2 LootInfo=-1 Name=LOC_CITIZEN_MAYA_MODERN_FEMALE_7 Operation=58 PlotIndex=473
mission CityName=LOC_CITY_NAME_TORONTO CompletionTurn=172 EscapeResult=-1 InitialResult=5 LevelAfter=2 LootInfo=-1 Name=LOC_CITIZEN_MAYA_MALE_8 Operation=58 PlotIndex=1818
mission CityName=LOC_CITY_NAME_OTTAWA CompletionTurn=171 EscapeResult=-1 InitialResult=5 LevelAfter=2 LootInfo=-1 Name=LOC_CITIZEN_MAYA_FEMALE_8 Operation=58 PlotIndex=978
mission CityName=LOC_CITY_NAME_MONTREAL CompletionTurn=171 EscapeResult=-1 InitialResult=5 LevelAfter=2 LootInfo=-1 Name=LOC_CITIZEN_MAYA_MODERN_FEMALE_2 Operation=58 PlotIndex=1314
mission CityName=LOC_CITY_NAME_WINNIPEG CompletionTurn=170 EscapeResult=-1 InitialResult=3 LevelAfter=2 LootInfo=-1 Name=LOC_CITIZEN_MAYA_MODERN_MALE_10 Operation=58 PlotIndex=1742
mission CityName=LOC_CITY_NAME_QUEBEC_CITY CompletionTurn=169 EscapeResult=-1 InitialResult=5 LevelAfter=2 LootInfo=-1 Name=LOC_CITIZEN_MAYA_MALE_3 Operation=58 PlotIndex=1404
mission CityName=LOC_CITY_NAME_BRANTFORD CompletionTurn=168 EscapeResult=-1 InitialResult=5 LevelAfter=2 LootInfo=-1 Name=LOC_CITIZEN_MAYA_MODERN_FEMALE_7 Operation=58 PlotIndex=473
mission CityName=LOC_CITY_NAME_TORONTO CompletionTurn=168 EscapeResult=-1 InitialResult=3 LevelAfter=2 LootInfo=-1 Name=LOC_CITIZEN_MAYA_MALE_8 Operation=58 PlotIndex=1818
mission CityName=LOC_CITY_NAME_OTTAWA CompletionTurn=167 EscapeResult=-1 InitialResult=5 LevelAfter=2 LootInfo=-1 Name=LOC_CITIZEN_MAYA_FEMALE_8 Operation=58 PlotIndex=978
mission CityName=LOC_CITY_NAME_WINNIPEG CompletionTurn=166 EscapeResult=-1 InitialResult=5 LevelAfter=2 LootInfo=-1 Name=LOC_CITIZEN_MAYA_MODERN_MALE_10 Operation=58 PlotIndex=1742
mission CityName=LOC_CITY_NAME_HALIFAX CompletionTurn=166 EscapeResult=0 InitialResult=4 LevelAfter=2 LootInfo=-1 Name=LOC_CITIZEN_MAYA_FEMALE_4 Operation=58 PlotIndex=1409
mission CityName=LOC_CITY_NAME_QUEBEC_CITY CompletionTurn=165 EscapeResult=-1 InitialResult=3 LevelAfter=1 LootInfo=-1 Name=LOC_CITIZEN_MAYA_MALE_3 Operation=58 PlotIndex=1404
mission CityName=LOC_CITY_NAME_SAINT_JOHN CompletionTurn=164 EscapeResult=1 InitialResult=2 LevelAfter=1 LootInfo=-1 Name=LOC_CITIZEN_MAYA_MALE_6 Operation=58 PlotIndex=1991
mission CityName=LOC_CITY_NAME_OTTAWA CompletionTurn=163 EscapeResult=-1 InitialResult=5 LevelAfter=2 LootInfo=-1 Name=LOC_CITIZEN_MAYA_FEMALE_8 Operation=58 PlotIndex=978
mission CityName=LOC_CITY_NAME_WINNIPEG CompletionTurn=162 EscapeResult=-1 InitialResult=3 LevelAfter=1 LootInfo=-1 Name=LOC_CITIZEN_MAYA_MODERN_MALE_10 Operation=58 PlotIndex=1742
mission CityName=LOC_CITY_NAME_MONTREAL CompletionTurn=162 EscapeResult=0 InitialResult=2 LevelAfter=2 LootInfo=-1 Name=LOC_CITIZEN_MAYA_MODERN_FEMALE_3 Operation=58 PlotIndex=1314
mission CityName=LOC_CITY_NAME_SAINT_JOHN CompletionTurn=160 EscapeResult=-1 InitialResult=3 LevelAfter=1 LootInfo=-1 Name=LOC_CITIZEN_MAYA_MALE_6 Operation=58 PlotIndex=1991
mission CityName=LOC_CITY_NAME_TORONTO CompletionTurn=159 EscapeResult=2 InitialResult=2 LevelAfter=1 LootInfo=-1 Name=LOC_CITIZEN_MAYA_MODERN_FEMALE_5 Operation=58 PlotIndex=1818
mission CityName=LOC_CITY_NAME_HALIFAX CompletionTurn=159 EscapeResult=0 InitialResult=2 LevelAfter=2 LootInfo=-1 Name=LOC_CITIZEN_MAYA_MODERN_FEMALE_9 Operation=58 PlotIndex=1409
mission CityName=LOC_CITY_NAME_OTTAWA CompletionTurn=156 EscapeResult=-1 InitialResult=1 LevelAfter=1 LootInfo=-1 Name=LOC_CITIZEN_MAYA_MODERN_MALE_9 Operation=58 PlotIndex=978
mission CityName=LOC_CITY_NAME_QUEBEC_CITY CompletionTurn=156 EscapeResult=2 InitialResult=2 LevelAfter=2 LootInfo=-1 Name=LOC_CITIZEN_MAYA_MALE_8 Operation=58 PlotIndex=1404
mission CityName=LOC_CITY_NAME_SAINT_JOHN CompletionTurn=156 EscapeResult=-1 InitialResult=3 LevelAfter=1 LootInfo=-1 Name=LOC_CITIZEN_MAYA_MALE_6 Operation=58 PlotIndex=1991
mission CityName=LOC_CITY_NAME_HALIFAX CompletionTurn=154 EscapeResult=-1 InitialResult=5 LevelAfter=2 LootInfo=-1 Name=LOC_CITIZEN_MAYA_FEMALE_4 Operation=58 PlotIndex=1409
mission CityName=LOC_CITY_NAME_QUEBEC_CITY CompletionTurn=151 EscapeResult=-1 InitialResult=5 LevelAfter=2 LootInfo=-1 Name=LOC_CITIZEN_MAYA_MALE_8 Operation=58 PlotIndex=1404
mission CityName=LOC_CITY_NAME_MONTREAL CompletionTurn=150 EscapeResult=0 InitialResult=2 LevelAfter=2 LootInfo=-1 Name=LOC_CITIZEN_MAYA_MALE_1 Operation=58 PlotIndex=1314
mission CityName=LOC_CITY_NAME_OTTAWA CompletionTurn=148 EscapeResult=2 InitialResult=2 LevelAfter=2 LootInfo=-1 Name=LOC_CITIZEN_MAYA_MODERN_FEMALE_3 Operation=58 PlotIndex=978
mission CityName=LOC_CITY_NAME_TORONTO CompletionTurn=148 EscapeResult=0 InitialResult=2 LevelAfter=1 LootInfo=-1 Name=LOC_CITIZEN_MAYA_FEMALE_3 Operation=58 PlotIndex=1818
mission CityName=LOC_CITY_NAME_OTTAWA CompletionTurn=144 EscapeResult=-1 InitialResult=3 LevelAfter=1 LootInfo=-1 Name=LOC_CITIZEN_MAYA_MODERN_MALE_9 Operation=58 PlotIndex=978
mission CityName=LOC_CITY_NAME_QUEBEC_CITY CompletionTurn=142 EscapeResult=2 InitialResult=4 LevelAfter=2 LootInfo=-1 Name=LOC_CITIZEN_MAYA_MODERN_FEMALE_9 Operation=58 PlotIndex=1404
mission CityName=LOC_CITY_NAME_MONTREAL CompletionTurn=141 EscapeResult=0 InitialResult=2 LevelAfter=1 LootInfo=-1 Name=LOC_CITIZEN_MAYA_MODERN_MALE_1 Operation=58 PlotIndex=1314
mission CityName=LOC_CITY_NAME_TORONTO CompletionTurn=140 EscapeResult=-1 InitialResult=0 LevelAfter=1 LootInfo=-1 Name=LOC_CITIZEN_MAYA_MODERN_MALE_4 Operation=58 PlotIndex=1818
mission CityName=LOC_CITY_NAME_MONTREAL CompletionTurn=137 EscapeResult=-1 InitialResult=5 LevelAfter=2 LootInfo=-1 Name=LOC_CITIZEN_MAYA_MALE_1 Operation=58 PlotIndex=1314
mission CityName=LOC_CITY_NAME_OTTAWA CompletionTurn=134 EscapeResult=2 InitialResult=4 LevelAfter=2 LootInfo=-1 Name=LOC_CITIZEN_MAYA_MODERN_FEMALE_3 Operation=58 PlotIndex=978
tally 4  FOMENT_UNREST CAPTURED / NO_RESULT
tally 2  FOMENT_UNREST FAIL_MUST_ESCAPE / CAPTURED
tally 3  FOMENT_UNREST FAIL_MUST_ESCAPE / FAIL_MUST_ESCAPE
tally 5  FOMENT_UNREST FAIL_MUST_ESCAPE / KILLED
tally 7  FOMENT_UNREST FAIL_UNDETECTED / NO_RESULT
tally 1  FOMENT_UNREST KILLED / NO_RESULT
tally 1  FOMENT_UNREST SUCCESS_MUST_ESCAPE / CAPTURED
tally 3  FOMENT_UNREST SUCCESS_MUST_ESCAPE / FAIL_MUST_ESCAPE
tally 3  FOMENT_UNREST SUCCESS_MUST_ESCAPE / KILLED
tally 2  FOMENT_UNREST SUCCESS_MUST_ESCAPE / NO_RESULT
tally 13  FOMENT_UNREST SUCCESS_UNDETECTED / NO_RESULT
turn 181 spies active 4 idle 1 missions 44 captured-enemy 0
spy 7405579 LOC_CITIZEN_MAYA_MODERN_FEMALE_4 level 1 at 59:23 start
spy 7208976 LOC_CITIZEN_MAYA_MALE_4 level 1 at 60:16 busy
spy 6488085 LOC_CITIZEN_MAYA_MODERN_FEMALE_5 level 1 at 54:15 busy
spy 7536668 LOC_CITIZEN_MAYA_FEMALE_7 level 1 at 54:11 busy
spy 7012382 LOC_CITIZEN_MAYA_FEMALE_6 level 1 at 65:16 busy
turn 181 spies 5 started 1 travelled 0 promoted 0 bought 1 gold 50000
unblock: blocker ENDTURN_BLOCKING_SPY_CHOOSE_ESCAPE_ROUTE -> escape route DISTRICT_COMMERCIAL_HUB of 2 for spy 7208976 LOC_CITIZEN_MAYA_MALE_4 level 1 turn 181 | end turn requested
unblock: blocker ENDTURN_BLOCKING_SPY_CHOOSE_ESCAPE_ROUTE -> escape route DISTRICT_CITY_CENTER of 1 for spy 6488085 LOC_CITIZEN_MAYA_MODERN_FEMALE_5 level 1 turn 181 | end turn requested
unstuck: WorldCongressIntro: closed
unstuck: WorldCongressPopup: closed
unblock: blocker ENDTURN_BLOCKING_WORLD_CONGRESS_SESSION -> nothing | end turn requested
unstuck: WorldCongressPopup: closed
mission CityName=LOC_CITY_NAME_SAINT_JOHN CompletionTurn=181 EscapeResult=-1 InitialResult=5 LevelAfter=2 LootInfo=-1 Name=LOC_CITIZEN_MAYA_MODERN_FEMALE_4 Operation=58 PlotIndex=1991
mission CityName=LOC_CITY_NAME_MONTREAL CompletionTurn=180 EscapeResult=-1 InitialResult=4 LevelAfter=2 LootInfo=-1 Name=LOC_CITIZEN_MAYA_MODERN_FEMALE_5 Operation=58 PlotIndex=1314
mission CityName=LOC_CITY_NAME_TORONTO CompletionTurn=180 EscapeResult=2 InitialResult=4 LevelAfter=2 LootInfo=-1 Name=LOC_CITIZEN_MAYA_MALE_8 Operation=58 PlotIndex=1818
mission CityName=LOC_CITY_NAME_QUEBEC_CITY CompletionTurn=179 EscapeResult=2 InitialResult=4 LevelAfter=2 LootInfo=-1 Name=LOC_CITIZEN_MAYA_MALE_4 Operation=58 PlotIndex=1404
mission CityName=LOC_CITY_NAME_HALIFAX CompletionTurn=176 EscapeResult=0 InitialResult=4 LevelAfter=2 LootInfo=-1 Name=LOC_CITIZEN_MAYA_MALE_5 Operation=58 PlotIndex=1409
mission CityName=LOC_CITY_NAME_TORONTO CompletionTurn=176 EscapeResult=-1 InitialResult=5 LevelAfter=2 LootInfo=-1 Name=LOC_CITIZEN_MAYA_MALE_8 Operation=58 PlotIndex=1818
mission CityName=LOC_CITY_NAME_OTTAWA CompletionTurn=175 EscapeResult=1 InitialResult=2 LevelAfter=2 LootInfo=-1 Name=LOC_CITIZEN_MAYA_FEMALE_8 Operation=58 PlotIndex=978
mission CityName=LOC_CITY_NAME_MONTREAL CompletionTurn=175 EscapeResult=0 InitialResult=4 LevelAfter=2 LootInfo=-1 Name=LOC_CITIZEN_MAYA_MODERN_FEMALE_2 Operation=58 PlotIndex=1314
mission CityName=LOC_CITY_NAME_WINNIPEG CompletionTurn=174 EscapeResult=1 InitialResult=4 LevelAfter=2 LootInfo=-1 Name=LOC_CITIZEN_MAYA_MODERN_MALE_10 Operation=58 PlotIndex=1742
mission CityName=LOC_CITY_NAME_SAINT_JOHN CompletionTurn=173 EscapeResult=-1 InitialResult=1 LevelAfter=1 LootInfo=-1 Name=LOC_CITIZEN_MAYA_MODERN_FEMALE_1 Operation=58 PlotIndex=1991
mission CityName=LOC_CITY_NAME_QUEBEC_CITY CompletionTurn=173 EscapeResult=-1 InitialResult=1 LevelAfter=2 LootInfo=-1 Name=LOC_CITIZEN_MAYA_MALE_3 Operation=58 PlotIndex=1404
mission CityName=LOC_CITY_NAME_BRANTFORD CompletionTurn=172 EscapeResult=-1 InitialResult=1 LevelAfter=2 LootInfo=-1 Name=LOC_CITIZEN_MAYA_MODERN_FEMALE_7 Operation=58 PlotIndex=473
mission CityName=LOC_CITY_NAME_TORONTO CompletionTurn=172 EscapeResult=-1 InitialResult=5 LevelAfter=2 LootInfo=-1 Name=LOC_CITIZEN_MAYA_MALE_8 Operation=58 PlotIndex=1818
mission CityName=LOC_CITY_NAME_OTTAWA CompletionTurn=171 EscapeResult=-1 InitialResult=5 LevelAfter=2 LootInfo=-1 Name=LOC_CITIZEN_MAYA_FEMALE_8 Operation=58 PlotIndex=978
mission CityName=LOC_CITY_NAME_MONTREAL CompletionTurn=171 EscapeResult=-1 InitialResult=5 LevelAfter=2 LootInfo=-1 Name=LOC_CITIZEN_MAYA_MODERN_FEMALE_2 Operation=58 PlotIndex=1314
mission CityName=LOC_CITY_NAME_WINNIPEG CompletionTurn=170 EscapeResult=-1 InitialResult=3 LevelAfter=2 LootInfo=-1 Name=LOC_CITIZEN_MAYA_MODERN_MALE_10 Operation=58 PlotIndex=1742
mission CityName=LOC_CITY_NAME_QUEBEC_CITY CompletionTurn=169 EscapeResult=-1 InitialResult=5 LevelAfter=2 LootInfo=-1 Name=LOC_CITIZEN_MAYA_MALE_3 Operation=58 PlotIndex=1404
mission CityName=LOC_CITY_NAME_BRANTFORD CompletionTurn=168 EscapeResult=-1 InitialResult=5 LevelAfter=2 LootInfo=-1 Name=LOC_CITIZEN_MAYA_MODERN_FEMALE_7 Operation=58 PlotIndex=473
mission CityName=LOC_CITY_NAME_TORONTO CompletionTurn=168 EscapeResult=-1 InitialResult=3 LevelAfter=2 LootInfo=-1 Name=LOC_CITIZEN_MAYA_MALE_8 Operation=58 PlotIndex=1818
mission CityName=LOC_CITY_NAME_OTTAWA CompletionTurn=167 EscapeResult=-1 InitialResult=5 LevelAfter=2 LootInfo=-1 Name=LOC_CITIZEN_MAYA_FEMALE_8 Operation=58 PlotIndex=978
mission CityName=LOC_CITY_NAME_WINNIPEG CompletionTurn=166 EscapeResult=-1 InitialResult=5 LevelAfter=2 LootInfo=-1 Name=LOC_CITIZEN_MAYA_MODERN_MALE_10 Operation=58 PlotIndex=1742
mission CityName=LOC_CITY_NAME_HALIFAX CompletionTurn=166 EscapeResult=0 InitialResult=4 LevelAfter=2 LootInfo=-1 Name=LOC_CITIZEN_MAYA_FEMALE_4 Operation=58 PlotIndex=1409
mission CityName=LOC_CITY_NAME_QUEBEC_CITY CompletionTurn=165 EscapeResult=-1 InitialResult=3 LevelAfter=1 LootInfo=-1 Name=LOC_CITIZEN_MAYA_MALE_3 Operation=58 PlotIndex=1404
mission CityName=LOC_CITY_NAME_SAINT_JOHN CompletionTurn=164 EscapeResult=1 InitialResult=2 LevelAfter=1 LootInfo=-1 Name=LOC_CITIZEN_MAYA_MALE_6 Operation=58 PlotIndex=1991
mission CityName=LOC_CITY_NAME_OTTAWA CompletionTurn=163 EscapeResult=-1 InitialResult=5 LevelAfter=2 LootInfo=-1 Name=LOC_CITIZEN_MAYA_FEMALE_8 Operation=58 PlotIndex=978
mission CityName=LOC_CITY_NAME_WINNIPEG CompletionTurn=162 EscapeResult=-1 InitialResult=3 LevelAfter=1 LootInfo=-1 Name=LOC_CITIZEN_MAYA_MODERN_MALE_10 Operation=58 PlotIndex=1742
mission CityName=LOC_CITY_NAME_MONTREAL CompletionTurn=162 EscapeResult=0 InitialResult=2 LevelAfter=2 LootInfo=-1 Name=LOC_CITIZEN_MAYA_MODERN_FEMALE_3 Operation=58 PlotIndex=1314
mission CityName=LOC_CITY_NAME_SAINT_JOHN CompletionTurn=160 EscapeResult=-1 InitialResult=3 LevelAfter=1 LootInfo=-1 Name=LOC_CITIZEN_MAYA_MALE_6 Operation=58 PlotIndex=1991
mission CityName=LOC_CITY_NAME_TORONTO CompletionTurn=159 EscapeResult=2 InitialResult=2 LevelAfter=1 LootInfo=-1 Name=LOC_CITIZEN_MAYA_MODERN_FEMALE_5 Operation=58 PlotIndex=1818
mission CityName=LOC_CITY_NAME_HALIFAX CompletionTurn=159 EscapeResult=0 InitialResult=2 LevelAfter=2 LootInfo=-1 Name=LOC_CITIZEN_MAYA_MODERN_FEMALE_9 Operation=58 PlotIndex=1409
mission CityName=LOC_CITY_NAME_OTTAWA CompletionTurn=156 EscapeResult=-1 InitialResult=1 LevelAfter=1 LootInfo=-1 Name=LOC_CITIZEN_MAYA_MODERN_MALE_9 Operation=58 PlotIndex=978
mission CityName=LOC_CITY_NAME_QUEBEC_CITY CompletionTurn=156 EscapeResult=2 InitialResult=2 LevelAfter=2 LootInfo=-1 Name=LOC_CITIZEN_MAYA_MALE_8 Operation=58 PlotIndex=1404
mission CityName=LOC_CITY_NAME_SAINT_JOHN CompletionTurn=156 EscapeResult=-1 InitialResult=3 LevelAfter=1 LootInfo=-1 Name=LOC_CITIZEN_MAYA_MALE_6 Operation=58 PlotIndex=1991
mission CityName=LOC_CITY_NAME_HALIFAX CompletionTurn=154 EscapeResult=-1 InitialResult=5 LevelAfter=2 LootInfo=-1 Name=LOC_CITIZEN_MAYA_FEMALE_4 Operation=58 PlotIndex=1409
mission CityName=LOC_CITY_NAME_QUEBEC_CITY CompletionTurn=151 EscapeResult=-1 InitialResult=5 LevelAfter=2 LootInfo=-1 Name=LOC_CITIZEN_MAYA_MALE_8 Operation=58 PlotIndex=1404
mission CityName=LOC_CITY_NAME_MONTREAL CompletionTurn=150 EscapeResult=0 InitialResult=2 LevelAfter=2 LootInfo=-1 Name=LOC_CITIZEN_MAYA_MALE_1 Operation=58 PlotIndex=1314
mission CityName=LOC_CITY_NAME_OTTAWA CompletionTurn=148 EscapeResult=2 InitialResult=2 LevelAfter=2 LootInfo=-1 Name=LOC_CITIZEN_MAYA_MODERN_FEMALE_3 Operation=58 PlotIndex=978
mission CityName=LOC_CITY_NAME_TORONTO CompletionTurn=148 EscapeResult=0 InitialResult=2 LevelAfter=1 LootInfo=-1 Name=LOC_CITIZEN_MAYA_FEMALE_3 Operation=58 PlotIndex=1818
mission CityName=LOC_CITY_NAME_OTTAWA CompletionTurn=144 EscapeResult=-1 InitialResult=3 LevelAfter=1 LootInfo=-1 Name=LOC_CITIZEN_MAYA_MODERN_MALE_9 Operation=58 PlotIndex=978
mission CityName=LOC_CITY_NAME_QUEBEC_CITY CompletionTurn=142 EscapeResult=2 InitialResult=4 LevelAfter=2 LootInfo=-1 Name=LOC_CITIZEN_MAYA_MODERN_FEMALE_9 Operation=58 PlotIndex=1404
mission CityName=LOC_CITY_NAME_MONTREAL CompletionTurn=141 EscapeResult=0 InitialResult=2 LevelAfter=1 LootInfo=-1 Name=LOC_CITIZEN_MAYA_MODERN_MALE_1 Operation=58 PlotIndex=1314
mission CityName=LOC_CITY_NAME_TORONTO CompletionTurn=140 EscapeResult=-1 InitialResult=0 LevelAfter=1 LootInfo=-1 Name=LOC_CITIZEN_MAYA_MODERN_MALE_4 Operation=58 PlotIndex=1818
mission CityName=LOC_CITY_NAME_MONTREAL CompletionTurn=137 EscapeResult=-1 InitialResult=5 LevelAfter=2 LootInfo=-1 Name=LOC_CITIZEN_MAYA_MALE_1 Operation=58 PlotIndex=1314
mission CityName=LOC_CITY_NAME_OTTAWA CompletionTurn=134 EscapeResult=2 InitialResult=4 LevelAfter=2 LootInfo=-1 Name=LOC_CITIZEN_MAYA_MODERN_FEMALE_3 Operation=58 PlotIndex=978
tally 4  FOMENT_UNREST CAPTURED / NO_RESULT
tally 2  FOMENT_UNREST FAIL_MUST_ESCAPE / CAPTURED
tally 3  FOMENT_UNREST FAIL_MUST_ESCAPE / FAIL_MUST_ESCAPE
tally 5  FOMENT_UNREST FAIL_MUST_ESCAPE / KILLED
tally 7  FOMENT_UNREST FAIL_UNDETECTED / NO_RESULT
tally 1  FOMENT_UNREST KILLED / NO_RESULT
tally 1  FOMENT_UNREST SUCCESS_MUST_ESCAPE / CAPTURED
tally 4  FOMENT_UNREST SUCCESS_MUST_ESCAPE / FAIL_MUST_ESCAPE
tally 3  FOMENT_UNREST SUCCESS_MUST_ESCAPE / KILLED
tally 1  FOMENT_UNREST SUCCESS_MUST_ESCAPE / NO_RESULT
tally 13  FOMENT_UNREST SUCCESS_UNDETECTED / NO_RESULT
turn 182 spies active 4 idle 2 missions 44 captured-enemy 0
spy 7405579 LOC_CITIZEN_MAYA_MODERN_FEMALE_4 level 1 at 59:23 busy
spy 7733264 LOC_CITIZEN_MAYA_MALE_8 level 1 at 36:42 travel
spy 7667731 LOC_CITIZEN_MAYA_MALE_2 level 1 at 36:42 travel
spy 6488085 LOC_CITIZEN_MAYA_MODERN_FEMALE_5 level 1 at 54:15 busy
spy 7536668 LOC_CITIZEN_MAYA_FEMALE_7 level 1 at 54:11 busy
spy 7012382 LOC_CITIZEN_MAYA_FEMALE_6 level 1 at 65:16 busy
turn 182 spies 6 started 0 travelled 2 promoted 0 bought 0 gold 50000
unblock: blocker ENDTURN_BLOCKING_SPY_CHOOSE_ESCAPE_ROUTE -> escape route DISTRICT_CITY_CENTER of 1 for spy 6488085 LOC_CITIZEN_MAYA_MODERN_FEMALE_5 level 1 turn 182 | end turn requested
unstuck: closed sessions [1:1]
unblock: blocker ENDTURN_BLOCKING_PRODUCTION -> NARANJO builds UNIT_WARRIOR | end turn requested
unblock: blocker ENDTURN_BLOCKING_CIVIC -> civic CIVIC_DIVINE_RIGHT | end turn requested
unstuck: closed sessions [4:4]
unstuck: DiplomacyActionView: Closing Diplomacy Action View. m_eventID: 997195
mission CityName=LOC_CITY_NAME_HALIFAX CompletionTurn=183 EscapeResult=-1 InitialResult=5 LevelAfter=2 LootInfo=-1 Name=LOC_CITIZEN_MAYA_FEMALE_6 Operation=58 PlotIndex=1409
mission CityName=LOC_CITY_NAME_SAINT_JOHN CompletionTurn=181 EscapeResult=-1 InitialResult=5 LevelAfter=2 LootInfo=-1 Name=LOC_CITIZEN_MAYA_MODERN_FEMALE_4 Operation=58 PlotIndex=1991
mission CityName=LOC_CITY_NAME_MONTREAL CompletionTurn=180 EscapeResult=0 InitialResult=4 LevelAfter=2 LootInfo=-1 Name=LOC_CITIZEN_MAYA_MODERN_FEMALE_5 Operation=58 PlotIndex=1314
mission CityName=LOC_CITY_NAME_TORONTO CompletionTurn=180 EscapeResult=2 InitialResult=4 LevelAfter=2 LootInfo=-1 Name=LOC_CITIZEN_MAYA_MALE_8 Operation=58 PlotIndex=1818
mission CityName=LOC_CITY_NAME_QUEBEC_CITY CompletionTurn=179 EscapeResult=2 InitialResult=4 LevelAfter=2 LootInfo=-1 Name=LOC_CITIZEN_MAYA_MALE_4 Operation=58 PlotIndex=1404
mission CityName=LOC_CITY_NAME_HALIFAX CompletionTurn=176 EscapeResult=0 InitialResult=4 LevelAfter=2 LootInfo=-1 Name=LOC_CITIZEN_MAYA_MALE_5 Operation=58 PlotIndex=1409
mission CityName=LOC_CITY_NAME_TORONTO CompletionTurn=176 EscapeResult=-1 InitialResult=5 LevelAfter=2 LootInfo=-1 Name=LOC_CITIZEN_MAYA_MALE_8 Operation=58 PlotIndex=1818
mission CityName=LOC_CITY_NAME_OTTAWA CompletionTurn=175 EscapeResult=1 InitialResult=2 LevelAfter=2 LootInfo=-1 Name=LOC_CITIZEN_MAYA_FEMALE_8 Operation=58 PlotIndex=978
mission CityName=LOC_CITY_NAME_MONTREAL CompletionTurn=175 EscapeResult=0 InitialResult=4 LevelAfter=2 LootInfo=-1 Name=LOC_CITIZEN_MAYA_MODERN_FEMALE_2 Operation=58 PlotIndex=1314
mission CityName=LOC_CITY_NAME_WINNIPEG CompletionTurn=174 EscapeResult=1 InitialResult=4 LevelAfter=2 LootInfo=-1 Name=LOC_CITIZEN_MAYA_MODERN_MALE_10 Operation=58 PlotIndex=1742
mission CityName=LOC_CITY_NAME_SAINT_JOHN CompletionTurn=173 EscapeResult=-1 InitialResult=1 LevelAfter=1 LootInfo=-1 Name=LOC_CITIZEN_MAYA_MODERN_FEMALE_1 Operation=58 PlotIndex=1991
mission CityName=LOC_CITY_NAME_QUEBEC_CITY CompletionTurn=173 EscapeResult=-1 InitialResult=1 LevelAfter=2 LootInfo=-1 Name=LOC_CITIZEN_MAYA_MALE_3 Operation=58 PlotIndex=1404
mission CityName=LOC_CITY_NAME_BRANTFORD CompletionTurn=172 EscapeResult=-1 InitialResult=1 LevelAfter=2 LootInfo=-1 Name=LOC_CITIZEN_MAYA_MODERN_FEMALE_7 Operation=58 PlotIndex=473
mission CityName=LOC_CITY_NAME_TORONTO CompletionTurn=172 EscapeResult=-1 InitialResult=5 LevelAfter=2 LootInfo=-1 Name=LOC_CITIZEN_MAYA_MALE_8 Operation=58 PlotIndex=1818
mission CityName=LOC_CITY_NAME_OTTAWA CompletionTurn=171 EscapeResult=-1 InitialResult=5 LevelAfter=2 LootInfo=-1 Name=LOC_CITIZEN_MAYA_FEMALE_8 Operation=58 PlotIndex=978
mission CityName=LOC_CITY_NAME_MONTREAL CompletionTurn=171 EscapeResult=-1 InitialResult=5 LevelAfter=2 LootInfo=-1 Name=LOC_CITIZEN_MAYA_MODERN_FEMALE_2 Operation=58 PlotIndex=1314
mission CityName=LOC_CITY_NAME_WINNIPEG CompletionTurn=170 EscapeResult=-1 InitialResult=3 LevelAfter=2 LootInfo=-1 Name=LOC_CITIZEN_MAYA_MODERN_MALE_10 Operation=58 PlotIndex=1742
mission CityName=LOC_CITY_NAME_QUEBEC_CITY CompletionTurn=169 EscapeResult=-1 InitialResult=5 LevelAfter=2 LootInfo=-1 Name=LOC_CITIZEN_MAYA_MALE_3 Operation=58 PlotIndex=1404
mission CityName=LOC_CITY_NAME_BRANTFORD CompletionTurn=168 EscapeResult=-1 InitialResult=5 LevelAfter=2 LootInfo=-1 Name=LOC_CITIZEN_MAYA_MODERN_FEMALE_7 Operation=58 PlotIndex=473
mission CityName=LOC_CITY_NAME_TORONTO CompletionTurn=168 EscapeResult=-1 InitialResult=3 LevelAfter=2 LootInfo=-1 Name=LOC_CITIZEN_MAYA_MALE_8 Operation=58 PlotIndex=1818
mission CityName=LOC_CITY_NAME_OTTAWA CompletionTurn=167 EscapeResult=-1 InitialResult=5 LevelAfter=2 LootInfo=-1 Name=LOC_CITIZEN_MAYA_FEMALE_8 Operation=58 PlotIndex=978
mission CityName=LOC_CITY_NAME_WINNIPEG CompletionTurn=166 EscapeResult=-1 InitialResult=5 LevelAfter=2 LootInfo=-1 Name=LOC_CITIZEN_MAYA_MODERN_MALE_10 Operation=58 PlotIndex=1742
mission CityName=LOC_CITY_NAME_HALIFAX CompletionTurn=166 EscapeResult=0 InitialResult=4 LevelAfter=2 LootInfo=-1 Name=LOC_CITIZEN_MAYA_FEMALE_4 Operation=58 PlotIndex=1409
mission CityName=LOC_CITY_NAME_QUEBEC_CITY CompletionTurn=165 EscapeResult=-1 InitialResult=3 LevelAfter=1 LootInfo=-1 Name=LOC_CITIZEN_MAYA_MALE_3 Operation=58 PlotIndex=1404
mission CityName=LOC_CITY_NAME_SAINT_JOHN CompletionTurn=164 EscapeResult=1 InitialResult=2 LevelAfter=1 LootInfo=-1 Name=LOC_CITIZEN_MAYA_MALE_6 Operation=58 PlotIndex=1991
mission CityName=LOC_CITY_NAME_OTTAWA CompletionTurn=163 EscapeResult=-1 InitialResult=5 LevelAfter=2 LootInfo=-1 Name=LOC_CITIZEN_MAYA_FEMALE_8 Operation=58 PlotIndex=978
mission CityName=LOC_CITY_NAME_WINNIPEG CompletionTurn=162 EscapeResult=-1 InitialResult=3 LevelAfter=1 LootInfo=-1 Name=LOC_CITIZEN_MAYA_MODERN_MALE_10 Operation=58 PlotIndex=1742
mission CityName=LOC_CITY_NAME_MONTREAL CompletionTurn=162 EscapeResult=0 InitialResult=2 LevelAfter=2 LootInfo=-1 Name=LOC_CITIZEN_MAYA_MODERN_FEMALE_3 Operation=58 PlotIndex=1314
mission CityName=LOC_CITY_NAME_SAINT_JOHN CompletionTurn=160 EscapeResult=-1 InitialResult=3 LevelAfter=1 LootInfo=-1 Name=LOC_CITIZEN_MAYA_MALE_6 Operation=58 PlotIndex=1991
mission CityName=LOC_CITY_NAME_TORONTO CompletionTurn=159 EscapeResult=2 InitialResult=2 LevelAfter=1 LootInfo=-1 Name=LOC_CITIZEN_MAYA_MODERN_FEMALE_5 Operation=58 PlotIndex=1818
mission CityName=LOC_CITY_NAME_HALIFAX CompletionTurn=159 EscapeResult=0 InitialResult=2 LevelAfter=2 LootInfo=-1 Name=LOC_CITIZEN_MAYA_MODERN_FEMALE_9 Operation=58 PlotIndex=1409
mission CityName=LOC_CITY_NAME_OTTAWA CompletionTurn=156 EscapeResult=-1 InitialResult=1 LevelAfter=1 LootInfo=-1 Name=LOC_CITIZEN_MAYA_MODERN_MALE_9 Operation=58 PlotIndex=978
mission CityName=LOC_CITY_NAME_QUEBEC_CITY CompletionTurn=156 EscapeResult=2 InitialResult=2 LevelAfter=2 LootInfo=-1 Name=LOC_CITIZEN_MAYA_MALE_8 Operation=58 PlotIndex=1404
mission CityName=LOC_CITY_NAME_SAINT_JOHN CompletionTurn=156 EscapeResult=-1 InitialResult=3 LevelAfter=1 LootInfo=-1 Name=LOC_CITIZEN_MAYA_MALE_6 Operation=58 PlotIndex=1991
mission CityName=LOC_CITY_NAME_HALIFAX CompletionTurn=154 EscapeResult=-1 InitialResult=5 LevelAfter=2 LootInfo=-1 Name=LOC_CITIZEN_MAYA_FEMALE_4 Operation=58 PlotIndex=1409
mission CityName=LOC_CITY_NAME_QUEBEC_CITY CompletionTurn=151 EscapeResult=-1 InitialResult=5 LevelAfter=2 LootInfo=-1 Name=LOC_CITIZEN_MAYA_MALE_8 Operation=58 PlotIndex=1404
mission CityName=LOC_CITY_NAME_MONTREAL CompletionTurn=150 EscapeResult=0 InitialResult=2 LevelAfter=2 LootInfo=-1 Name=LOC_CITIZEN_MAYA_MALE_1 Operation=58 PlotIndex=1314
mission CityName=LOC_CITY_NAME_OTTAWA CompletionTurn=148 EscapeResult=2 InitialResult=2 LevelAfter=2 LootInfo=-1 Name=LOC_CITIZEN_MAYA_MODERN_FEMALE_3 Operation=58 PlotIndex=978
mission CityName=LOC_CITY_NAME_TORONTO CompletionTurn=148 EscapeResult=0 InitialResult=2 LevelAfter=1 LootInfo=-1 Name=LOC_CITIZEN_MAYA_FEMALE_3 Operation=58 PlotIndex=1818
mission CityName=LOC_CITY_NAME_OTTAWA CompletionTurn=144 EscapeResult=-1 InitialResult=3 LevelAfter=1 LootInfo=-1 Name=LOC_CITIZEN_MAYA_MODERN_MALE_9 Operation=58 PlotIndex=978
mission CityName=LOC_CITY_NAME_QUEBEC_CITY CompletionTurn=142 EscapeResult=2 InitialResult=4 LevelAfter=2 LootInfo=-1 Name=LOC_CITIZEN_MAYA_MODERN_FEMALE_9 Operation=58 PlotIndex=1404
mission CityName=LOC_CITY_NAME_MONTREAL CompletionTurn=141 EscapeResult=0 InitialResult=2 LevelAfter=1 LootInfo=-1 Name=LOC_CITIZEN_MAYA_MODERN_MALE_1 Operation=58 PlotIndex=1314
mission CityName=LOC_CITY_NAME_TORONTO CompletionTurn=140 EscapeResult=-1 InitialResult=0 LevelAfter=1 LootInfo=-1 Name=LOC_CITIZEN_MAYA_MODERN_MALE_4 Operation=58 PlotIndex=1818
mission CityName=LOC_CITY_NAME_MONTREAL CompletionTurn=137 EscapeResult=-1 InitialResult=5 LevelAfter=2 LootInfo=-1 Name=LOC_CITIZEN_MAYA_MALE_1 Operation=58 PlotIndex=1314
mission CityName=LOC_CITY_NAME_OTTAWA CompletionTurn=134 EscapeResult=2 InitialResult=4 LevelAfter=2 LootInfo=-1 Name=LOC_CITIZEN_MAYA_MODERN_FEMALE_3 Operation=58 PlotIndex=978
tally 4  FOMENT_UNREST CAPTURED / NO_RESULT
tally 2  FOMENT_UNREST FAIL_MUST_ESCAPE / CAPTURED
tally 3  FOMENT_UNREST FAIL_MUST_ESCAPE / FAIL_MUST_ESCAPE
tally 5  FOMENT_UNREST FAIL_MUST_ESCAPE / KILLED
tally 7  FOMENT_UNREST FAIL_UNDETECTED / NO_RESULT
tally 1  FOMENT_UNREST KILLED / NO_RESULT
tally 1  FOMENT_UNREST SUCCESS_MUST_ESCAPE / CAPTURED
tally 4  FOMENT_UNREST SUCCESS_MUST_ESCAPE / FAIL_MUST_ESCAPE
tally 4  FOMENT_UNREST SUCCESS_MUST_ESCAPE / KILLED
tally 14  FOMENT_UNREST SUCCESS_UNDETECTED / NO_RESULT
turn 183 spies active 3 idle 0 missions 45 captured-enemy 0
spy 7405579 LOC_CITIZEN_MAYA_MODERN_FEMALE_4 level 1 at 59:23 busy
spy 7798805 LOC_CITIZEN_MAYA_FEMALE_1 level 1 at 62:20 start
spy 7536668 LOC_CITIZEN_MAYA_FEMALE_7 level 1 at 54:11 busy
spy 7012382 LOC_CITIZEN_MAYA_FEMALE_6 level 1 at 65:16 start
turn 183 spies 4 started 2 travelled 0 promoted 0 bought 1 gold 50000
unblock: blocker ENDTURN_BLOCKING_CIVIC -> civic CIVIC_DIVINE_RIGHT | end turn requested
unblock: blocker ENDTURN_BLOCKING_PRODUCTION -> NARANJO builds UNIT_WARRIOR | end turn requested
mission CityName=LOC_CITY_NAME_OTTAWA CompletionTurn=184 EscapeResult=-1 InitialResult=5 LevelAfter=2 LootInfo=-1 Name=LOC_CITIZEN_MAYA_FEMALE_7 Operation=58 PlotIndex=978
mission CityName=LOC_CITY_NAME_HALIFAX CompletionTurn=183 EscapeResult=-1 InitialResult=5 LevelAfter=2 LootInfo=-1 Name=LOC_CITIZEN_MAYA_FEMALE_6 Operation=58 PlotIndex=1409
mission CityName=LOC_CITY_NAME_SAINT_JOHN CompletionTurn=181 EscapeResult=-1 InitialResult=5 LevelAfter=2 LootInfo=-1 Name=LOC_CITIZEN_MAYA_MODERN_FEMALE_4 Operation=58 PlotIndex=1991
mission CityName=LOC_CITY_NAME_MONTREAL CompletionTurn=180 EscapeResult=0 InitialResult=4 LevelAfter=2 LootInfo=-1 Name=LOC_CITIZEN_MAYA_MODERN_FEMALE_5 Operation=58 PlotIndex=1314
mission CityName=LOC_CITY_NAME_TORONTO CompletionTurn=180 EscapeResult=2 InitialResult=4 LevelAfter=2 LootInfo=-1 Name=LOC_CITIZEN_MAYA_MALE_8 Operation=58 PlotIndex=1818
mission CityName=LOC_CITY_NAME_QUEBEC_CITY CompletionTurn=179 EscapeResult=2 InitialResult=4 LevelAfter=2 LootInfo=-1 Name=LOC_CITIZEN_MAYA_MALE_4 Operation=58 PlotIndex=1404
mission CityName=LOC_CITY_NAME_HALIFAX CompletionTurn=176 EscapeResult=0 InitialResult=4 LevelAfter=2 LootInfo=-1 Name=LOC_CITIZEN_MAYA_MALE_5 Operation=58 PlotIndex=1409
mission CityName=LOC_CITY_NAME_TORONTO CompletionTurn=176 EscapeResult=-1 InitialResult=5 LevelAfter=2 LootInfo=-1 Name=LOC_CITIZEN_MAYA_MALE_8 Operation=58 PlotIndex=1818
mission CityName=LOC_CITY_NAME_OTTAWA CompletionTurn=175 EscapeResult=1 InitialResult=2 LevelAfter=2 LootInfo=-1 Name=LOC_CITIZEN_MAYA_FEMALE_8 Operation=58 PlotIndex=978
mission CityName=LOC_CITY_NAME_MONTREAL CompletionTurn=175 EscapeResult=0 InitialResult=4 LevelAfter=2 LootInfo=-1 Name=LOC_CITIZEN_MAYA_MODERN_FEMALE_2 Operation=58 PlotIndex=1314
mission CityName=LOC_CITY_NAME_WINNIPEG CompletionTurn=174 EscapeResult=1 InitialResult=4 LevelAfter=2 LootInfo=-1 Name=LOC_CITIZEN_MAYA_MODERN_MALE_10 Operation=58 PlotIndex=1742
mission CityName=LOC_CITY_NAME_SAINT_JOHN CompletionTurn=173 EscapeResult=-1 InitialResult=1 LevelAfter=1 LootInfo=-1 Name=LOC_CITIZEN_MAYA_MODERN_FEMALE_1 Operation=58 PlotIndex=1991
mission CityName=LOC_CITY_NAME_QUEBEC_CITY CompletionTurn=173 EscapeResult=-1 InitialResult=1 LevelAfter=2 LootInfo=-1 Name=LOC_CITIZEN_MAYA_MALE_3 Operation=58 PlotIndex=1404
mission CityName=LOC_CITY_NAME_BRANTFORD CompletionTurn=172 EscapeResult=-1 InitialResult=1 LevelAfter=2 LootInfo=-1 Name=LOC_CITIZEN_MAYA_MODERN_FEMALE_7 Operation=58 PlotIndex=473
mission CityName=LOC_CITY_NAME_TORONTO CompletionTurn=172 EscapeResult=-1 InitialResult=5 LevelAfter=2 LootInfo=-1 Name=LOC_CITIZEN_MAYA_MALE_8 Operation=58 PlotIndex=1818
mission CityName=LOC_CITY_NAME_OTTAWA CompletionTurn=171 EscapeResult=-1 InitialResult=5 LevelAfter=2 LootInfo=-1 Name=LOC_CITIZEN_MAYA_FEMALE_8 Operation=58 PlotIndex=978
mission CityName=LOC_CITY_NAME_MONTREAL CompletionTurn=171 EscapeResult=-1 InitialResult=5 LevelAfter=2 LootInfo=-1 Name=LOC_CITIZEN_MAYA_MODERN_FEMALE_2 Operation=58 PlotIndex=1314
mission CityName=LOC_CITY_NAME_WINNIPEG CompletionTurn=170 EscapeResult=-1 InitialResult=3 LevelAfter=2 LootInfo=-1 Name=LOC_CITIZEN_MAYA_MODERN_MALE_10 Operation=58 PlotIndex=1742
mission CityName=LOC_CITY_NAME_QUEBEC_CITY CompletionTurn=169 EscapeResult=-1 InitialResult=5 LevelAfter=2 LootInfo=-1 Name=LOC_CITIZEN_MAYA_MALE_3 Operation=58 PlotIndex=1404
mission CityName=LOC_CITY_NAME_BRANTFORD CompletionTurn=168 EscapeResult=-1 InitialResult=5 LevelAfter=2 LootInfo=-1 Name=LOC_CITIZEN_MAYA_MODERN_FEMALE_7 Operation=58 PlotIndex=473
mission CityName=LOC_CITY_NAME_TORONTO CompletionTurn=168 EscapeResult=-1 InitialResult=3 LevelAfter=2 LootInfo=-1 Name=LOC_CITIZEN_MAYA_MALE_8 Operation=58 PlotIndex=1818
mission CityName=LOC_CITY_NAME_OTTAWA CompletionTurn=167 EscapeResult=-1 InitialResult=5 LevelAfter=2 LootInfo=-1 Name=LOC_CITIZEN_MAYA_FEMALE_8 Operation=58 PlotIndex=978
mission CityName=LOC_CITY_NAME_WINNIPEG CompletionTurn=166 EscapeResult=-1 InitialResult=5 LevelAfter=2 LootInfo=-1 Name=LOC_CITIZEN_MAYA_MODERN_MALE_10 Operation=58 PlotIndex=1742
mission CityName=LOC_CITY_NAME_HALIFAX CompletionTurn=166 EscapeResult=0 InitialResult=4 LevelAfter=2 LootInfo=-1 Name=LOC_CITIZEN_MAYA_FEMALE_4 Operation=58 PlotIndex=1409
mission CityName=LOC_CITY_NAME_QUEBEC_CITY CompletionTurn=165 EscapeResult=-1 InitialResult=3 LevelAfter=1 LootInfo=-1 Name=LOC_CITIZEN_MAYA_MALE_3 Operation=58 PlotIndex=1404
mission CityName=LOC_CITY_NAME_SAINT_JOHN CompletionTurn=164 EscapeResult=1 InitialResult=2 LevelAfter=1 LootInfo=-1 Name=LOC_CITIZEN_MAYA_MALE_6 Operation=58 PlotIndex=1991
mission CityName=LOC_CITY_NAME_OTTAWA CompletionTurn=163 EscapeResult=-1 InitialResult=5 LevelAfter=2 LootInfo=-1 Name=LOC_CITIZEN_MAYA_FEMALE_8 Operation=58 PlotIndex=978
mission CityName=LOC_CITY_NAME_WINNIPEG CompletionTurn=162 EscapeResult=-1 InitialResult=3 LevelAfter=1 LootInfo=-1 Name=LOC_CITIZEN_MAYA_MODERN_MALE_10 Operation=58 PlotIndex=1742
mission CityName=LOC_CITY_NAME_MONTREAL CompletionTurn=162 EscapeResult=0 InitialResult=2 LevelAfter=2 LootInfo=-1 Name=LOC_CITIZEN_MAYA_MODERN_FEMALE_3 Operation=58 PlotIndex=1314
mission CityName=LOC_CITY_NAME_SAINT_JOHN CompletionTurn=160 EscapeResult=-1 InitialResult=3 LevelAfter=1 LootInfo=-1 Name=LOC_CITIZEN_MAYA_MALE_6 Operation=58 PlotIndex=1991
mission CityName=LOC_CITY_NAME_TORONTO CompletionTurn=159 EscapeResult=2 InitialResult=2 LevelAfter=1 LootInfo=-1 Name=LOC_CITIZEN_MAYA_MODERN_FEMALE_5 Operation=58 PlotIndex=1818
mission CityName=LOC_CITY_NAME_HALIFAX CompletionTurn=159 EscapeResult=0 InitialResult=2 LevelAfter=2 LootInfo=-1 Name=LOC_CITIZEN_MAYA_MODERN_FEMALE_9 Operation=58 PlotIndex=1409
mission CityName=LOC_CITY_NAME_OTTAWA CompletionTurn=156 EscapeResult=-1 InitialResult=1 LevelAfter=1 LootInfo=-1 Name=LOC_CITIZEN_MAYA_MODERN_MALE_9 Operation=58 PlotIndex=978
mission CityName=LOC_CITY_NAME_QUEBEC_CITY CompletionTurn=156 EscapeResult=2 InitialResult=2 LevelAfter=2 LootInfo=-1 Name=LOC_CITIZEN_MAYA_MALE_8 Operation=58 PlotIndex=1404
mission CityName=LOC_CITY_NAME_SAINT_JOHN CompletionTurn=156 EscapeResult=-1 InitialResult=3 LevelAfter=1 LootInfo=-1 Name=LOC_CITIZEN_MAYA_MALE_6 Operation=58 PlotIndex=1991
mission CityName=LOC_CITY_NAME_HALIFAX CompletionTurn=154 EscapeResult=-1 InitialResult=5 LevelAfter=2 LootInfo=-1 Name=LOC_CITIZEN_MAYA_FEMALE_4 Operation=58 PlotIndex=1409
mission CityName=LOC_CITY_NAME_QUEBEC_CITY CompletionTurn=151 EscapeResult=-1 InitialResult=5 LevelAfter=2 LootInfo=-1 Name=LOC_CITIZEN_MAYA_MALE_8 Operation=58 PlotIndex=1404
mission CityName=LOC_CITY_NAME_MONTREAL CompletionTurn=150 EscapeResult=0 InitialResult=2 LevelAfter=2 LootInfo=-1 Name=LOC_CITIZEN_MAYA_MALE_1 Operation=58 PlotIndex=1314
mission CityName=LOC_CITY_NAME_OTTAWA CompletionTurn=148 EscapeResult=2 InitialResult=2 LevelAfter=2 LootInfo=-1 Name=LOC_CITIZEN_MAYA_MODERN_FEMALE_3 Operation=58 PlotIndex=978
mission CityName=LOC_CITY_NAME_TORONTO CompletionTurn=148 EscapeResult=0 InitialResult=2 LevelAfter=1 LootInfo=-1 Name=LOC_CITIZEN_MAYA_FEMALE_3 Operation=58 PlotIndex=1818
mission CityName=LOC_CITY_NAME_OTTAWA CompletionTurn=144 EscapeResult=-1 InitialResult=3 LevelAfter=1 LootInfo=-1 Name=LOC_CITIZEN_MAYA_MODERN_MALE_9 Operation=58 PlotIndex=978
mission CityName=LOC_CITY_NAME_QUEBEC_CITY CompletionTurn=142 EscapeResult=2 InitialResult=4 LevelAfter=2 LootInfo=-1 Name=LOC_CITIZEN_MAYA_MODERN_FEMALE_9 Operation=58 PlotIndex=1404
mission CityName=LOC_CITY_NAME_MONTREAL CompletionTurn=141 EscapeResult=0 InitialResult=2 LevelAfter=1 LootInfo=-1 Name=LOC_CITIZEN_MAYA_MODERN_MALE_1 Operation=58 PlotIndex=1314
mission CityName=LOC_CITY_NAME_TORONTO CompletionTurn=140 EscapeResult=-1 InitialResult=0 LevelAfter=1 LootInfo=-1 Name=LOC_CITIZEN_MAYA_MODERN_MALE_4 Operation=58 PlotIndex=1818
mission CityName=LOC_CITY_NAME_MONTREAL CompletionTurn=137 EscapeResult=-1 InitialResult=5 LevelAfter=2 LootInfo=-1 Name=LOC_CITIZEN_MAYA_MALE_1 Operation=58 PlotIndex=1314
mission CityName=LOC_CITY_NAME_OTTAWA CompletionTurn=134 EscapeResult=2 InitialResult=4 LevelAfter=2 LootInfo=-1 Name=LOC_CITIZEN_MAYA_MODERN_FEMALE_3 Operation=58 PlotIndex=978
tally 4  FOMENT_UNREST CAPTURED / NO_RESULT
tally 2  FOMENT_UNREST FAIL_MUST_ESCAPE / CAPTURED
tally 3  FOMENT_UNREST FAIL_MUST_ESCAPE / FAIL_MUST_ESCAPE
tally 5  FOMENT_UNREST FAIL_MUST_ESCAPE / KILLED
tally 7  FOMENT_UNREST FAIL_UNDETECTED / NO_RESULT
tally 1  FOMENT_UNREST KILLED / NO_RESULT
tally 1  FOMENT_UNREST SUCCESS_MUST_ESCAPE / CAPTURED
tally 4  FOMENT_UNREST SUCCESS_MUST_ESCAPE / FAIL_MUST_ESCAPE
tally 4  FOMENT_UNREST SUCCESS_MUST_ESCAPE / KILLED
tally 15  FOMENT_UNREST SUCCESS_UNDETECTED / NO_RESULT
turn 184 spies active 3 idle 5 missions 46 captured-enemy 0
spy 7995394 LOC_CITIZEN_MAYA_MALE_4 level 1 at 36:42 travel
spy 8060936 LOC_CITIZEN_MAYA_MALE_8 level 1 at 54:21 start
spy 7405579 LOC_CITIZEN_MAYA_MODERN_FEMALE_4 level 1 at 59:23 busy
spy 7929872 LOC_CITIZEN_MAYA_MODERN_MALE_4 level 1 at 36:42 travel
spy 7798805 LOC_CITIZEN_MAYA_FEMALE_1 level 1 at 62:20 busy
spy 7536668 LOC_CITIZEN_MAYA_FEMALE_7 level 1 at 54:11 start
spy 7012382 LOC_CITIZEN_MAYA_FEMALE_6 level 1 at 65:16 busy
spy 8126496 LOC_CITIZEN_MAYA_MALE_2 level 1 at 60:16 start
turn 184 spies 8 started 3 travelled 2 promoted 0 bought 0 gold 50000
unblock: blocker ENDTURN_BLOCKING_PRODUCTION -> NARANJO builds UNIT_WARRIOR | end turn requested
unblock: blocker ENDTURN_BLOCKING_FILL_CIVIC_SLOT -> nothing | end turn requested
mission CityName=LOC_CITY_NAME_SAINT_JOHN CompletionTurn=185 EscapeResult=-1 InitialResult=3 LevelAfter=2 LootInfo=-1 Name=LOC_CITIZEN_MAYA_MODERN_FEMALE_4 Operation=58 PlotIndex=1991
mission CityName=LOC_CITY_NAME_OTTAWA CompletionTurn=184 EscapeResult=-1 InitialResult=5 LevelAfter=2 LootInfo=-1 Name=LOC_CITIZEN_MAYA_FEMALE_7 Operation=58 PlotIndex=978
mission CityName=LOC_CITY_NAME_HALIFAX CompletionTurn=183 EscapeResult=-1 InitialResult=5 LevelAfter=2 LootInfo=-1 Name=LOC_CITIZEN_MAYA_FEMALE_6 Operation=58 PlotIndex=1409
mission CityName=LOC_CITY_NAME_SAINT_JOHN CompletionTurn=181 EscapeResult=-1 InitialResult=5 LevelAfter=2 LootInfo=-1 Name=LOC_CITIZEN_MAYA_MODERN_FEMALE_4 Operation=58 PlotIndex=1991
mission CityName=LOC_CITY_NAME_MONTREAL CompletionTurn=180 EscapeResult=0 InitialResult=4 LevelAfter=2 LootInfo=-1 Name=LOC_CITIZEN_MAYA_MODERN_FEMALE_5 Operation=58 PlotIndex=1314
mission CityName=LOC_CITY_NAME_TORONTO CompletionTurn=180 EscapeResult=2 InitialResult=4 LevelAfter=2 LootInfo=-1 Name=LOC_CITIZEN_MAYA_MALE_8 Operation=58 PlotIndex=1818
mission CityName=LOC_CITY_NAME_QUEBEC_CITY CompletionTurn=179 EscapeResult=2 InitialResult=4 LevelAfter=2 LootInfo=-1 Name=LOC_CITIZEN_MAYA_MALE_4 Operation=58 PlotIndex=1404
mission CityName=LOC_CITY_NAME_HALIFAX CompletionTurn=176 EscapeResult=0 InitialResult=4 LevelAfter=2 LootInfo=-1 Name=LOC_CITIZEN_MAYA_MALE_5 Operation=58 PlotIndex=1409
mission CityName=LOC_CITY_NAME_TORONTO CompletionTurn=176 EscapeResult=-1 InitialResult=5 LevelAfter=2 LootInfo=-1 Name=LOC_CITIZEN_MAYA_MALE_8 Operation=58 PlotIndex=1818
mission CityName=LOC_CITY_NAME_OTTAWA CompletionTurn=175 EscapeResult=1 InitialResult=2 LevelAfter=2 LootInfo=-1 Name=LOC_CITIZEN_MAYA_FEMALE_8 Operation=58 PlotIndex=978
mission CityName=LOC_CITY_NAME_MONTREAL CompletionTurn=175 EscapeResult=0 InitialResult=4 LevelAfter=2 LootInfo=-1 Name=LOC_CITIZEN_MAYA_MODERN_FEMALE_2 Operation=58 PlotIndex=1314
mission CityName=LOC_CITY_NAME_WINNIPEG CompletionTurn=174 EscapeResult=1 InitialResult=4 LevelAfter=2 LootInfo=-1 Name=LOC_CITIZEN_MAYA_MODERN_MALE_10 Operation=58 PlotIndex=1742
mission CityName=LOC_CITY_NAME_SAINT_JOHN CompletionTurn=173 EscapeResult=-1 InitialResult=1 LevelAfter=1 LootInfo=-1 Name=LOC_CITIZEN_MAYA_MODERN_FEMALE_1 Operation=58 PlotIndex=1991
mission CityName=LOC_CITY_NAME_QUEBEC_CITY CompletionTurn=173 EscapeResult=-1 InitialResult=1 LevelAfter=2 LootInfo=-1 Name=LOC_CITIZEN_MAYA_MALE_3 Operation=58 PlotIndex=1404
mission CityName=LOC_CITY_NAME_BRANTFORD CompletionTurn=172 EscapeResult=-1 InitialResult=1 LevelAfter=2 LootInfo=-1 Name=LOC_CITIZEN_MAYA_MODERN_FEMALE_7 Operation=58 PlotIndex=473
mission CityName=LOC_CITY_NAME_TORONTO CompletionTurn=172 EscapeResult=-1 InitialResult=5 LevelAfter=2 LootInfo=-1 Name=LOC_CITIZEN_MAYA_MALE_8 Operation=58 PlotIndex=1818
mission CityName=LOC_CITY_NAME_OTTAWA CompletionTurn=171 EscapeResult=-1 InitialResult=5 LevelAfter=2 LootInfo=-1 Name=LOC_CITIZEN_MAYA_FEMALE_8 Operation=58 PlotIndex=978
mission CityName=LOC_CITY_NAME_MONTREAL CompletionTurn=171 EscapeResult=-1 InitialResult=5 LevelAfter=2 LootInfo=-1 Name=LOC_CITIZEN_MAYA_MODERN_FEMALE_2 Operation=58 PlotIndex=1314
mission CityName=LOC_CITY_NAME_WINNIPEG CompletionTurn=170 EscapeResult=-1 InitialResult=3 LevelAfter=2 LootInfo=-1 Name=LOC_CITIZEN_MAYA_MODERN_MALE_10 Operation=58 PlotIndex=1742
mission CityName=LOC_CITY_NAME_QUEBEC_CITY CompletionTurn=169 EscapeResult=-1 InitialResult=5 LevelAfter=2 LootInfo=-1 Name=LOC_CITIZEN_MAYA_MALE_3 Operation=58 PlotIndex=1404
mission CityName=LOC_CITY_NAME_BRANTFORD CompletionTurn=168 EscapeResult=-1 InitialResult=5 LevelAfter=2 LootInfo=-1 Name=LOC_CITIZEN_MAYA_MODERN_FEMALE_7 Operation=58 PlotIndex=473
mission CityName=LOC_CITY_NAME_TORONTO CompletionTurn=168 EscapeResult=-1 InitialResult=3 LevelAfter=2 LootInfo=-1 Name=LOC_CITIZEN_MAYA_MALE_8 Operation=58 PlotIndex=1818
mission CityName=LOC_CITY_NAME_OTTAWA CompletionTurn=167 EscapeResult=-1 InitialResult=5 LevelAfter=2 LootInfo=-1 Name=LOC_CITIZEN_MAYA_FEMALE_8 Operation=58 PlotIndex=978
mission CityName=LOC_CITY_NAME_WINNIPEG CompletionTurn=166 EscapeResult=-1 InitialResult=5 LevelAfter=2 LootInfo=-1 Name=LOC_CITIZEN_MAYA_MODERN_MALE_10 Operation=58 PlotIndex=1742
mission CityName=LOC_CITY_NAME_HALIFAX CompletionTurn=166 EscapeResult=0 InitialResult=4 LevelAfter=2 LootInfo=-1 Name=LOC_CITIZEN_MAYA_FEMALE_4 Operation=58 PlotIndex=1409
mission CityName=LOC_CITY_NAME_QUEBEC_CITY CompletionTurn=165 EscapeResult=-1 InitialResult=3 LevelAfter=1 LootInfo=-1 Name=LOC_CITIZEN_MAYA_MALE_3 Operation=58 PlotIndex=1404
mission CityName=LOC_CITY_NAME_SAINT_JOHN CompletionTurn=164 EscapeResult=1 InitialResult=2 LevelAfter=1 LootInfo=-1 Name=LOC_CITIZEN_MAYA_MALE_6 Operation=58 PlotIndex=1991
mission CityName=LOC_CITY_NAME_OTTAWA CompletionTurn=163 EscapeResult=-1 InitialResult=5 LevelAfter=2 LootInfo=-1 Name=LOC_CITIZEN_MAYA_FEMALE_8 Operation=58 PlotIndex=978
mission CityName=LOC_CITY_NAME_WINNIPEG CompletionTurn=162 EscapeResult=-1 InitialResult=3 LevelAfter=1 LootInfo=-1 Name=LOC_CITIZEN_MAYA_MODERN_MALE_10 Operation=58 PlotIndex=1742
mission CityName=LOC_CITY_NAME_MONTREAL CompletionTurn=162 EscapeResult=0 InitialResult=2 LevelAfter=2 LootInfo=-1 Name=LOC_CITIZEN_MAYA_MODERN_FEMALE_3 Operation=58 PlotIndex=1314
mission CityName=LOC_CITY_NAME_SAINT_JOHN CompletionTurn=160 EscapeResult=-1 InitialResult=3 LevelAfter=1 LootInfo=-1 Name=LOC_CITIZEN_MAYA_MALE_6 Operation=58 PlotIndex=1991
mission CityName=LOC_CITY_NAME_TORONTO CompletionTurn=159 EscapeResult=2 InitialResult=2 LevelAfter=1 LootInfo=-1 Name=LOC_CITIZEN_MAYA_MODERN_FEMALE_5 Operation=58 PlotIndex=1818
mission CityName=LOC_CITY_NAME_HALIFAX CompletionTurn=159 EscapeResult=0 InitialResult=2 LevelAfter=2 LootInfo=-1 Name=LOC_CITIZEN_MAYA_MODERN_FEMALE_9 Operation=58 PlotIndex=1409
mission CityName=LOC_CITY_NAME_OTTAWA CompletionTurn=156 EscapeResult=-1 InitialResult=1 LevelAfter=1 LootInfo=-1 Name=LOC_CITIZEN_MAYA_MODERN_MALE_9 Operation=58 PlotIndex=978
mission CityName=LOC_CITY_NAME_QUEBEC_CITY CompletionTurn=156 EscapeResult=2 InitialResult=2 LevelAfter=2 LootInfo=-1 Name=LOC_CITIZEN_MAYA_MALE_8 Operation=58 PlotIndex=1404
mission CityName=LOC_CITY_NAME_SAINT_JOHN CompletionTurn=156 EscapeResult=-1 InitialResult=3 LevelAfter=1 LootInfo=-1 Name=LOC_CITIZEN_MAYA_MALE_6 Operation=58 PlotIndex=1991
mission CityName=LOC_CITY_NAME_HALIFAX CompletionTurn=154 EscapeResult=-1 InitialResult=5 LevelAfter=2 LootInfo=-1 Name=LOC_CITIZEN_MAYA_FEMALE_4 Operation=58 PlotIndex=1409
mission CityName=LOC_CITY_NAME_QUEBEC_CITY CompletionTurn=151 EscapeResult=-1 InitialResult=5 LevelAfter=2 LootInfo=-1 Name=LOC_CITIZEN_MAYA_MALE_8 Operation=58 PlotIndex=1404
mission CityName=LOC_CITY_NAME_MONTREAL CompletionTurn=150 EscapeResult=0 InitialResult=2 LevelAfter=2 LootInfo=-1 Name=LOC_CITIZEN_MAYA_MALE_1 Operation=58 PlotIndex=1314
mission CityName=LOC_CITY_NAME_OTTAWA CompletionTurn=148 EscapeResult=2 InitialResult=2 LevelAfter=2 LootInfo=-1 Name=LOC_CITIZEN_MAYA_MODERN_FEMALE_3 Operation=58 PlotIndex=978
mission CityName=LOC_CITY_NAME_TORONTO CompletionTurn=148 EscapeResult=0 InitialResult=2 LevelAfter=1 LootInfo=-1 Name=LOC_CITIZEN_MAYA_FEMALE_3 Operation=58 PlotIndex=1818
mission CityName=LOC_CITY_NAME_OTTAWA CompletionTurn=144 EscapeResult=-1 InitialResult=3 LevelAfter=1 LootInfo=-1 Name=LOC_CITIZEN_MAYA_MODERN_MALE_9 Operation=58 PlotIndex=978
mission CityName=LOC_CITY_NAME_QUEBEC_CITY CompletionTurn=142 EscapeResult=2 InitialResult=4 LevelAfter=2 LootInfo=-1 Name=LOC_CITIZEN_MAYA_MODERN_FEMALE_9 Operation=58 PlotIndex=1404
mission CityName=LOC_CITY_NAME_MONTREAL CompletionTurn=141 EscapeResult=0 InitialResult=2 LevelAfter=1 LootInfo=-1 Name=LOC_CITIZEN_MAYA_MODERN_MALE_1 Operation=58 PlotIndex=1314
mission CityName=LOC_CITY_NAME_TORONTO CompletionTurn=140 EscapeResult=-1 InitialResult=0 LevelAfter=1 LootInfo=-1 Name=LOC_CITIZEN_MAYA_MODERN_MALE_4 Operation=58 PlotIndex=1818
mission CityName=LOC_CITY_NAME_MONTREAL CompletionTurn=137 EscapeResult=-1 InitialResult=5 LevelAfter=2 LootInfo=-1 Name=LOC_CITIZEN_MAYA_MALE_1 Operation=58 PlotIndex=1314
mission CityName=LOC_CITY_NAME_OTTAWA CompletionTurn=134 EscapeResult=2 InitialResult=4 LevelAfter=2 LootInfo=-1 Name=LOC_CITIZEN_MAYA_MODERN_FEMALE_3 Operation=58 PlotIndex=978
tally 4  FOMENT_UNREST CAPTURED / NO_RESULT
tally 2  FOMENT_UNREST FAIL_MUST_ESCAPE / CAPTURED
tally 3  FOMENT_UNREST FAIL_MUST_ESCAPE / FAIL_MUST_ESCAPE
tally 5  FOMENT_UNREST FAIL_MUST_ESCAPE / KILLED
tally 8  FOMENT_UNREST FAIL_UNDETECTED / NO_RESULT
tally 1  FOMENT_UNREST KILLED / NO_RESULT
tally 1  FOMENT_UNREST SUCCESS_MUST_ESCAPE / CAPTURED
tally 4  FOMENT_UNREST SUCCESS_MUST_ESCAPE / FAIL_MUST_ESCAPE
tally 4  FOMENT_UNREST SUCCESS_MUST_ESCAPE / KILLED
tally 15  FOMENT_UNREST SUCCESS_UNDETECTED / NO_RESULT
turn 185 spies active 5 idle 1 missions 47 captured-enemy 0
spy 8060936 LOC_CITIZEN_MAYA_MALE_8 level 1 at 54:21 busy
spy 7405579 LOC_CITIZEN_MAYA_MODERN_FEMALE_4 level 1 at 59:23 start
spy 7798805 LOC_CITIZEN_MAYA_FEMALE_1 level 1 at 62:20 busy
spy 7536668 LOC_CITIZEN_MAYA_FEMALE_7 level 1 at 54:11 busy
spy 7012382 LOC_CITIZEN_MAYA_FEMALE_6 level 1 at 65:16 busy
spy 8126496 LOC_CITIZEN_MAYA_MALE_2 level 1 at 60:16 busy
turn 185 spies 6 started 1 travelled 0 promoted 0 bought 1 gold 50000
unblock: blocker ENDTURN_BLOCKING_PRODUCTION -> NARANJO builds UNIT_WARRIOR | end turn requested
unblock: blocker ENDTURN_BLOCKING_FILL_CIVIC_SLOT -> nothing | end turn requested
mission CityName=LOC_CITY_NAME_SAINT_JOHN CompletionTurn=185 EscapeResult=-1 InitialResult=3 LevelAfter=2 LootInfo=-1 Name=LOC_CITIZEN_MAYA_MODERN_FEMALE_4 Operation=58 PlotIndex=1991
mission CityName=LOC_CITY_NAME_OTTAWA CompletionTurn=184 EscapeResult=-1 InitialResult=5 LevelAfter=2 LootInfo=-1 Name=LOC_CITIZEN_MAYA_FEMALE_7 Operation=58 PlotIndex=978
mission CityName=LOC_CITY_NAME_HALIFAX CompletionTurn=183 EscapeResult=-1 InitialResult=5 LevelAfter=2 LootInfo=-1 Name=LOC_CITIZEN_MAYA_FEMALE_6 Operation=58 PlotIndex=1409
mission CityName=LOC_CITY_NAME_SAINT_JOHN CompletionTurn=181 EscapeResult=-1 InitialResult=5 LevelAfter=2 LootInfo=-1 Name=LOC_CITIZEN_MAYA_MODERN_FEMALE_4 Operation=58 PlotIndex=1991
mission CityName=LOC_CITY_NAME_MONTREAL CompletionTurn=180 EscapeResult=0 InitialResult=4 LevelAfter=2 LootInfo=-1 Name=LOC_CITIZEN_MAYA_MODERN_FEMALE_5 Operation=58 PlotIndex=1314
mission CityName=LOC_CITY_NAME_TORONTO CompletionTurn=180 EscapeResult=2 InitialResult=4 LevelAfter=2 LootInfo=-1 Name=LOC_CITIZEN_MAYA_MALE_8 Operation=58 PlotIndex=1818
mission CityName=LOC_CITY_NAME_QUEBEC_CITY CompletionTurn=179 EscapeResult=2 InitialResult=4 LevelAfter=2 LootInfo=-1 Name=LOC_CITIZEN_MAYA_MALE_4 Operation=58 PlotIndex=1404
mission CityName=LOC_CITY_NAME_HALIFAX CompletionTurn=176 EscapeResult=0 InitialResult=4 LevelAfter=2 LootInfo=-1 Name=LOC_CITIZEN_MAYA_MALE_5 Operation=58 PlotIndex=1409
mission CityName=LOC_CITY_NAME_TORONTO CompletionTurn=176 EscapeResult=-1 InitialResult=5 LevelAfter=2 LootInfo=-1 Name=LOC_CITIZEN_MAYA_MALE_8 Operation=58 PlotIndex=1818
mission CityName=LOC_CITY_NAME_OTTAWA CompletionTurn=175 EscapeResult=1 InitialResult=2 LevelAfter=2 LootInfo=-1 Name=LOC_CITIZEN_MAYA_FEMALE_8 Operation=58 PlotIndex=978
mission CityName=LOC_CITY_NAME_MONTREAL CompletionTurn=175 EscapeResult=0 InitialResult=4 LevelAfter=2 LootInfo=-1 Name=LOC_CITIZEN_MAYA_MODERN_FEMALE_2 Operation=58 PlotIndex=1314
mission CityName=LOC_CITY_NAME_WINNIPEG CompletionTurn=174 EscapeResult=1 InitialResult=4 LevelAfter=2 LootInfo=-1 Name=LOC_CITIZEN_MAYA_MODERN_MALE_10 Operation=58 PlotIndex=1742
mission CityName=LOC_CITY_NAME_SAINT_JOHN CompletionTurn=173 EscapeResult=-1 InitialResult=1 LevelAfter=1 LootInfo=-1 Name=LOC_CITIZEN_MAYA_MODERN_FEMALE_1 Operation=58 PlotIndex=1991
mission CityName=LOC_CITY_NAME_QUEBEC_CITY CompletionTurn=173 EscapeResult=-1 InitialResult=1 LevelAfter=2 LootInfo=-1 Name=LOC_CITIZEN_MAYA_MALE_3 Operation=58 PlotIndex=1404
mission CityName=LOC_CITY_NAME_BRANTFORD CompletionTurn=172 EscapeResult=-1 InitialResult=1 LevelAfter=2 LootInfo=-1 Name=LOC_CITIZEN_MAYA_MODERN_FEMALE_7 Operation=58 PlotIndex=473
mission CityName=LOC_CITY_NAME_TORONTO CompletionTurn=172 EscapeResult=-1 InitialResult=5 LevelAfter=2 LootInfo=-1 Name=LOC_CITIZEN_MAYA_MALE_8 Operation=58 PlotIndex=1818
mission CityName=LOC_CITY_NAME_OTTAWA CompletionTurn=171 EscapeResult=-1 InitialResult=5 LevelAfter=2 LootInfo=-1 Name=LOC_CITIZEN_MAYA_FEMALE_8 Operation=58 PlotIndex=978
mission CityName=LOC_CITY_NAME_MONTREAL CompletionTurn=171 EscapeResult=-1 InitialResult=5 LevelAfter=2 LootInfo=-1 Name=LOC_CITIZEN_MAYA_MODERN_FEMALE_2 Operation=58 PlotIndex=1314
mission CityName=LOC_CITY_NAME_WINNIPEG CompletionTurn=170 EscapeResult=-1 InitialResult=3 LevelAfter=2 LootInfo=-1 Name=LOC_CITIZEN_MAYA_MODERN_MALE_10 Operation=58 PlotIndex=1742
mission CityName=LOC_CITY_NAME_QUEBEC_CITY CompletionTurn=169 EscapeResult=-1 InitialResult=5 LevelAfter=2 LootInfo=-1 Name=LOC_CITIZEN_MAYA_MALE_3 Operation=58 PlotIndex=1404
mission CityName=LOC_CITY_NAME_BRANTFORD CompletionTurn=168 EscapeResult=-1 InitialResult=5 LevelAfter=2 LootInfo=-1 Name=LOC_CITIZEN_MAYA_MODERN_FEMALE_7 Operation=58 PlotIndex=473
mission CityName=LOC_CITY_NAME_TORONTO CompletionTurn=168 EscapeResult=-1 InitialResult=3 LevelAfter=2 LootInfo=-1 Name=LOC_CITIZEN_MAYA_MALE_8 Operation=58 PlotIndex=1818
mission CityName=LOC_CITY_NAME_OTTAWA CompletionTurn=167 EscapeResult=-1 InitialResult=5 LevelAfter=2 LootInfo=-1 Name=LOC_CITIZEN_MAYA_FEMALE_8 Operation=58 PlotIndex=978
mission CityName=LOC_CITY_NAME_WINNIPEG CompletionTurn=166 EscapeResult=-1 InitialResult=5 LevelAfter=2 LootInfo=-1 Name=LOC_CITIZEN_MAYA_MODERN_MALE_10 Operation=58 PlotIndex=1742
mission CityName=LOC_CITY_NAME_HALIFAX CompletionTurn=166 EscapeResult=0 InitialResult=4 LevelAfter=2 LootInfo=-1 Name=LOC_CITIZEN_MAYA_FEMALE_4 Operation=58 PlotIndex=1409
mission CityName=LOC_CITY_NAME_QUEBEC_CITY CompletionTurn=165 EscapeResult=-1 InitialResult=3 LevelAfter=1 LootInfo=-1 Name=LOC_CITIZEN_MAYA_MALE_3 Operation=58 PlotIndex=1404
mission CityName=LOC_CITY_NAME_SAINT_JOHN CompletionTurn=164 EscapeResult=1 InitialResult=2 LevelAfter=1 LootInfo=-1 Name=LOC_CITIZEN_MAYA_MALE_6 Operation=58 PlotIndex=1991
mission CityName=LOC_CITY_NAME_OTTAWA CompletionTurn=163 EscapeResult=-1 InitialResult=5 LevelAfter=2 LootInfo=-1 Name=LOC_CITIZEN_MAYA_FEMALE_8 Operation=58 PlotIndex=978
mission CityName=LOC_CITY_NAME_WINNIPEG CompletionTurn=162 EscapeResult=-1 InitialResult=3 LevelAfter=1 LootInfo=-1 Name=LOC_CITIZEN_MAYA_MODERN_MALE_10 Operation=58 PlotIndex=1742
mission CityName=LOC_CITY_NAME_MONTREAL CompletionTurn=162 EscapeResult=0 InitialResult=2 LevelAfter=2 LootInfo=-1 Name=LOC_CITIZEN_MAYA_MODERN_FEMALE_3 Operation=58 PlotIndex=1314
mission CityName=LOC_CITY_NAME_SAINT_JOHN CompletionTurn=160 EscapeResult=-1 InitialResult=3 LevelAfter=1 LootInfo=-1 Name=LOC_CITIZEN_MAYA_MALE_6 Operation=58 PlotIndex=1991
mission CityName=LOC_CITY_NAME_TORONTO CompletionTurn=159 EscapeResult=2 InitialResult=2 LevelAfter=1 LootInfo=-1 Name=LOC_CITIZEN_MAYA_MODERN_FEMALE_5 Operation=58 PlotIndex=1818
mission CityName=LOC_CITY_NAME_HALIFAX CompletionTurn=159 EscapeResult=0 InitialResult=2 LevelAfter=2 LootInfo=-1 Name=LOC_CITIZEN_MAYA_MODERN_FEMALE_9 Operation=58 PlotIndex=1409
mission CityName=LOC_CITY_NAME_OTTAWA CompletionTurn=156 EscapeResult=-1 InitialResult=1 LevelAfter=1 LootInfo=-1 Name=LOC_CITIZEN_MAYA_MODERN_MALE_9 Operation=58 PlotIndex=978
mission CityName=LOC_CITY_NAME_QUEBEC_CITY CompletionTurn=156 EscapeResult=2 InitialResult=2 LevelAfter=2 LootInfo=-1 Name=LOC_CITIZEN_MAYA_MALE_8 Operation=58 PlotIndex=1404
mission CityName=LOC_CITY_NAME_SAINT_JOHN CompletionTurn=156 EscapeResult=-1 InitialResult=3 LevelAfter=1 LootInfo=-1 Name=LOC_CITIZEN_MAYA_MALE_6 Operation=58 PlotIndex=1991
mission CityName=LOC_CITY_NAME_HALIFAX CompletionTurn=154 EscapeResult=-1 InitialResult=5 LevelAfter=2 LootInfo=-1 Name=LOC_CITIZEN_MAYA_FEMALE_4 Operation=58 PlotIndex=1409
mission CityName=LOC_CITY_NAME_QUEBEC_CITY CompletionTurn=151 EscapeResult=-1 InitialResult=5 LevelAfter=2 LootInfo=-1 Name=LOC_CITIZEN_MAYA_MALE_8 Operation=58 PlotIndex=1404
mission CityName=LOC_CITY_NAME_MONTREAL CompletionTurn=150 EscapeResult=0 InitialResult=2 LevelAfter=2 LootInfo=-1 Name=LOC_CITIZEN_MAYA_MALE_1 Operation=58 PlotIndex=1314
mission CityName=LOC_CITY_NAME_OTTAWA CompletionTurn=148 EscapeResult=2 InitialResult=2 LevelAfter=2 LootInfo=-1 Name=LOC_CITIZEN_MAYA_MODERN_FEMALE_3 Operation=58 PlotIndex=978
mission CityName=LOC_CITY_NAME_TORONTO CompletionTurn=148 EscapeResult=0 InitialResult=2 LevelAfter=1 LootInfo=-1 Name=LOC_CITIZEN_MAYA_FEMALE_3 Operation=58 PlotIndex=1818
mission CityName=LOC_CITY_NAME_OTTAWA CompletionTurn=144 EscapeResult=-1 InitialResult=3 LevelAfter=1 LootInfo=-1 Name=LOC_CITIZEN_MAYA_MODERN_MALE_9 Operation=58 PlotIndex=978
mission CityName=LOC_CITY_NAME_QUEBEC_CITY CompletionTurn=142 EscapeResult=2 InitialResult=4 LevelAfter=2 LootInfo=-1 Name=LOC_CITIZEN_MAYA_MODERN_FEMALE_9 Operation=58 PlotIndex=1404
mission CityName=LOC_CITY_NAME_MONTREAL CompletionTurn=141 EscapeResult=0 InitialResult=2 LevelAfter=1 LootInfo=-1 Name=LOC_CITIZEN_MAYA_MODERN_MALE_1 Operation=58 PlotIndex=1314
mission CityName=LOC_CITY_NAME_TORONTO CompletionTurn=140 EscapeResult=-1 InitialResult=0 LevelAfter=1 LootInfo=-1 Name=LOC_CITIZEN_MAYA_MODERN_MALE_4 Operation=58 PlotIndex=1818
mission CityName=LOC_CITY_NAME_MONTREAL CompletionTurn=137 EscapeResult=-1 InitialResult=5 LevelAfter=2 LootInfo=-1 Name=LOC_CITIZEN_MAYA_MALE_1 Operation=58 PlotIndex=1314
mission CityName=LOC_CITY_NAME_OTTAWA CompletionTurn=134 EscapeResult=2 InitialResult=4 LevelAfter=2 LootInfo=-1 Name=LOC_CITIZEN_MAYA_MODERN_FEMALE_3 Operation=58 PlotIndex=978
tally 4  FOMENT_UNREST CAPTURED / NO_RESULT
tally 2  FOMENT_UNREST FAIL_MUST_ESCAPE / CAPTURED
tally 3  FOMENT_UNREST FAIL_MUST_ESCAPE / FAIL_MUST_ESCAPE
tally 5  FOMENT_UNREST FAIL_MUST_ESCAPE / KILLED
tally 8  FOMENT_UNREST FAIL_UNDETECTED / NO_RESULT
tally 1  FOMENT_UNREST KILLED / NO_RESULT
tally 1  FOMENT_UNREST SUCCESS_MUST_ESCAPE / CAPTURED
tally 4  FOMENT_UNREST SUCCESS_MUST_ESCAPE / FAIL_MUST_ESCAPE
tally 4  FOMENT_UNREST SUCCESS_MUST_ESCAPE / KILLED
tally 15  FOMENT_UNREST SUCCESS_UNDETECTED / NO_RESULT
turn 186 spies active 6 idle 1 missions 47 captured-enemy 0
spy 8257538 LOC_CITIZEN_MAYA_MALE_6 level 1 at 36:42 travel
spy 8060936 LOC_CITIZEN_MAYA_MALE_8 level 1 at 54:21 busy
spy 7405579 LOC_CITIZEN_MAYA_MODERN_FEMALE_4 level 1 at 59:23 busy
spy 7798805 LOC_CITIZEN_MAYA_FEMALE_1 level 1 at 62:20 busy
spy 7536668 LOC_CITIZEN_MAYA_FEMALE_7 level 1 at 54:11 busy
spy 7012382 LOC_CITIZEN_MAYA_FEMALE_6 level 1 at 65:16 busy
spy 8126496 LOC_CITIZEN_MAYA_MALE_2 level 1 at 60:16 busy
turn 186 spies 7 started 0 travelled 1 promoted 0 bought 0 gold 50000
unblock: blocker ENDTURN_BLOCKING_FILL_CIVIC_SLOT -> nothing | end turn requested
unblock: blocker ENDTURN_BLOCKING_FILL_CIVIC_SLOT -> nothing | end turn requested
unstuck: closed sessions [4:4]
unstuck: DiplomacyActionView: Closing Diplomacy Action View. m_eventID: 1040397
mission CityName=LOC_CITY_NAME_HALIFAX CompletionTurn=187 EscapeResult=-1 InitialResult=4 LevelAfter=2 LootInfo=-1 Name=LOC_CITIZEN_MAYA_FEMALE_6 Operation=58 PlotIndex=1409
mission CityName=LOC_CITY_NAME_WINNIPEG CompletionTurn=187 EscapeResult=-1 InitialResult=2 LevelAfter=1 LootInfo=-1 Name=LOC_CITIZEN_MAYA_FEMALE_1 Operation=58 PlotIndex=1742
mission CityName=LOC_CITY_NAME_SAINT_JOHN CompletionTurn=185 EscapeResult=-1 InitialResult=3 LevelAfter=2 LootInfo=-1 Name=LOC_CITIZEN_MAYA_MODERN_FEMALE_4 Operation=58 PlotIndex=1991
mission CityName=LOC_CITY_NAME_OTTAWA CompletionTurn=184 EscapeResult=-1 InitialResult=5 LevelAfter=2 LootInfo=-1 Name=LOC_CITIZEN_MAYA_FEMALE_7 Operation=58 PlotIndex=978
mission CityName=LOC_CITY_NAME_HALIFAX CompletionTurn=183 EscapeResult=-1 InitialResult=5 LevelAfter=2 LootInfo=-1 Name=LOC_CITIZEN_MAYA_FEMALE_6 Operation=58 PlotIndex=1409
mission CityName=LOC_CITY_NAME_SAINT_JOHN CompletionTurn=181 EscapeResult=-1 InitialResult=5 LevelAfter=2 LootInfo=-1 Name=LOC_CITIZEN_MAYA_MODERN_FEMALE_4 Operation=58 PlotIndex=1991
mission CityName=LOC_CITY_NAME_MONTREAL CompletionTurn=180 EscapeResult=0 InitialResult=4 LevelAfter=2 LootInfo=-1 Name=LOC_CITIZEN_MAYA_MODERN_FEMALE_5 Operation=58 PlotIndex=1314
mission CityName=LOC_CITY_NAME_TORONTO CompletionTurn=180 EscapeResult=2 InitialResult=4 LevelAfter=2 LootInfo=-1 Name=LOC_CITIZEN_MAYA_MALE_8 Operation=58 PlotIndex=1818
mission CityName=LOC_CITY_NAME_QUEBEC_CITY CompletionTurn=179 EscapeResult=2 InitialResult=4 LevelAfter=2 LootInfo=-1 Name=LOC_CITIZEN_MAYA_MALE_4 Operation=58 PlotIndex=1404
mission CityName=LOC_CITY_NAME_HALIFAX CompletionTurn=176 EscapeResult=0 InitialResult=4 LevelAfter=2 LootInfo=-1 Name=LOC_CITIZEN_MAYA_MALE_5 Operation=58 PlotIndex=1409
mission CityName=LOC_CITY_NAME_TORONTO CompletionTurn=176 EscapeResult=-1 InitialResult=5 LevelAfter=2 LootInfo=-1 Name=LOC_CITIZEN_MAYA_MALE_8 Operation=58 PlotIndex=1818
mission CityName=LOC_CITY_NAME_OTTAWA CompletionTurn=175 EscapeResult=1 InitialResult=2 LevelAfter=2 LootInfo=-1 Name=LOC_CITIZEN_MAYA_FEMALE_8 Operation=58 PlotIndex=978
mission CityName=LOC_CITY_NAME_MONTREAL CompletionTurn=175 EscapeResult=0 InitialResult=4 LevelAfter=2 LootInfo=-1 Name=LOC_CITIZEN_MAYA_MODERN_FEMALE_2 Operation=58 PlotIndex=1314
mission CityName=LOC_CITY_NAME_WINNIPEG CompletionTurn=174 EscapeResult=1 InitialResult=4 LevelAfter=2 LootInfo=-1 Name=LOC_CITIZEN_MAYA_MODERN_MALE_10 Operation=58 PlotIndex=1742
mission CityName=LOC_CITY_NAME_SAINT_JOHN CompletionTurn=173 EscapeResult=-1 InitialResult=1 LevelAfter=1 LootInfo=-1 Name=LOC_CITIZEN_MAYA_MODERN_FEMALE_1 Operation=58 PlotIndex=1991
mission CityName=LOC_CITY_NAME_QUEBEC_CITY CompletionTurn=173 EscapeResult=-1 InitialResult=1 LevelAfter=2 LootInfo=-1 Name=LOC_CITIZEN_MAYA_MALE_3 Operation=58 PlotIndex=1404
mission CityName=LOC_CITY_NAME_BRANTFORD CompletionTurn=172 EscapeResult=-1 InitialResult=1 LevelAfter=2 LootInfo=-1 Name=LOC_CITIZEN_MAYA_MODERN_FEMALE_7 Operation=58 PlotIndex=473
mission CityName=LOC_CITY_NAME_TORONTO CompletionTurn=172 EscapeResult=-1 InitialResult=5 LevelAfter=2 LootInfo=-1 Name=LOC_CITIZEN_MAYA_MALE_8 Operation=58 PlotIndex=1818
mission CityName=LOC_CITY_NAME_OTTAWA CompletionTurn=171 EscapeResult=-1 InitialResult=5 LevelAfter=2 LootInfo=-1 Name=LOC_CITIZEN_MAYA_FEMALE_8 Operation=58 PlotIndex=978
mission CityName=LOC_CITY_NAME_MONTREAL CompletionTurn=171 EscapeResult=-1 InitialResult=5 LevelAfter=2 LootInfo=-1 Name=LOC_CITIZEN_MAYA_MODERN_FEMALE_2 Operation=58 PlotIndex=1314
mission CityName=LOC_CITY_NAME_WINNIPEG CompletionTurn=170 EscapeResult=-1 InitialResult=3 LevelAfter=2 LootInfo=-1 Name=LOC_CITIZEN_MAYA_MODERN_MALE_10 Operation=58 PlotIndex=1742
mission CityName=LOC_CITY_NAME_QUEBEC_CITY CompletionTurn=169 EscapeResult=-1 InitialResult=5 LevelAfter=2 LootInfo=-1 Name=LOC_CITIZEN_MAYA_MALE_3 Operation=58 PlotIndex=1404
mission CityName=LOC_CITY_NAME_BRANTFORD CompletionTurn=168 EscapeResult=-1 InitialResult=5 LevelAfter=2 LootInfo=-1 Name=LOC_CITIZEN_MAYA_MODERN_FEMALE_7 Operation=58 PlotIndex=473
mission CityName=LOC_CITY_NAME_TORONTO CompletionTurn=168 EscapeResult=-1 InitialResult=3 LevelAfter=2 LootInfo=-1 Name=LOC_CITIZEN_MAYA_MALE_8 Operation=58 PlotIndex=1818
mission CityName=LOC_CITY_NAME_OTTAWA CompletionTurn=167 EscapeResult=-1 InitialResult=5 LevelAfter=2 LootInfo=-1 Name=LOC_CITIZEN_MAYA_FEMALE_8 Operation=58 PlotIndex=978
mission CityName=LOC_CITY_NAME_WINNIPEG CompletionTurn=166 EscapeResult=-1 InitialResult=5 LevelAfter=2 LootInfo=-1 Name=LOC_CITIZEN_MAYA_MODERN_MALE_10 Operation=58 PlotIndex=1742
mission CityName=LOC_CITY_NAME_HALIFAX CompletionTurn=166 EscapeResult=0 InitialResult=4 LevelAfter=2 LootInfo=-1 Name=LOC_CITIZEN_MAYA_FEMALE_4 Operation=58 PlotIndex=1409
mission CityName=LOC_CITY_NAME_QUEBEC_CITY CompletionTurn=165 EscapeResult=-1 InitialResult=3 LevelAfter=1 LootInfo=-1 Name=LOC_CITIZEN_MAYA_MALE_3 Operation=58 PlotIndex=1404
mission CityName=LOC_CITY_NAME_SAINT_JOHN CompletionTurn=164 EscapeResult=1 InitialResult=2 LevelAfter=1 LootInfo=-1 Name=LOC_CITIZEN_MAYA_MALE_6 Operation=58 PlotIndex=1991
mission CityName=LOC_CITY_NAME_OTTAWA CompletionTurn=163 EscapeResult=-1 InitialResult=5 LevelAfter=2 LootInfo=-1 Name=LOC_CITIZEN_MAYA_FEMALE_8 Operation=58 PlotIndex=978
mission CityName=LOC_CITY_NAME_WINNIPEG CompletionTurn=162 EscapeResult=-1 InitialResult=3 LevelAfter=1 LootInfo=-1 Name=LOC_CITIZEN_MAYA_MODERN_MALE_10 Operation=58 PlotIndex=1742
mission CityName=LOC_CITY_NAME_MONTREAL CompletionTurn=162 EscapeResult=0 InitialResult=2 LevelAfter=2 LootInfo=-1 Name=LOC_CITIZEN_MAYA_MODERN_FEMALE_3 Operation=58 PlotIndex=1314
mission CityName=LOC_CITY_NAME_SAINT_JOHN CompletionTurn=160 EscapeResult=-1 InitialResult=3 LevelAfter=1 LootInfo=-1 Name=LOC_CITIZEN_MAYA_MALE_6 Operation=58 PlotIndex=1991
mission CityName=LOC_CITY_NAME_TORONTO CompletionTurn=159 EscapeResult=2 InitialResult=2 LevelAfter=1 LootInfo=-1 Name=LOC_CITIZEN_MAYA_MODERN_FEMALE_5 Operation=58 PlotIndex=1818
mission CityName=LOC_CITY_NAME_HALIFAX CompletionTurn=159 EscapeResult=0 InitialResult=2 LevelAfter=2 LootInfo=-1 Name=LOC_CITIZEN_MAYA_MODERN_FEMALE_9 Operation=58 PlotIndex=1409
mission CityName=LOC_CITY_NAME_OTTAWA CompletionTurn=156 EscapeResult=-1 InitialResult=1 LevelAfter=1 LootInfo=-1 Name=LOC_CITIZEN_MAYA_MODERN_MALE_9 Operation=58 PlotIndex=978
mission CityName=LOC_CITY_NAME_QUEBEC_CITY CompletionTurn=156 EscapeResult=2 InitialResult=2 LevelAfter=2 LootInfo=-1 Name=LOC_CITIZEN_MAYA_MALE_8 Operation=58 PlotIndex=1404
mission CityName=LOC_CITY_NAME_SAINT_JOHN CompletionTurn=156 EscapeResult=-1 InitialResult=3 LevelAfter=1 LootInfo=-1 Name=LOC_CITIZEN_MAYA_MALE_6 Operation=58 PlotIndex=1991
mission CityName=LOC_CITY_NAME_HALIFAX CompletionTurn=154 EscapeResult=-1 InitialResult=5 LevelAfter=2 LootInfo=-1 Name=LOC_CITIZEN_MAYA_FEMALE_4 Operation=58 PlotIndex=1409
mission CityName=LOC_CITY_NAME_QUEBEC_CITY CompletionTurn=151 EscapeResult=-1 InitialResult=5 LevelAfter=2 LootInfo=-1 Name=LOC_CITIZEN_MAYA_MALE_8 Operation=58 PlotIndex=1404
mission CityName=LOC_CITY_NAME_MONTREAL CompletionTurn=150 EscapeResult=0 InitialResult=2 LevelAfter=2 LootInfo=-1 Name=LOC_CITIZEN_MAYA_MALE_1 Operation=58 PlotIndex=1314
mission CityName=LOC_CITY_NAME_OTTAWA CompletionTurn=148 EscapeResult=2 InitialResult=2 LevelAfter=2 LootInfo=-1 Name=LOC_CITIZEN_MAYA_MODERN_FEMALE_3 Operation=58 PlotIndex=978
mission CityName=LOC_CITY_NAME_TORONTO CompletionTurn=148 EscapeResult=0 InitialResult=2 LevelAfter=1 LootInfo=-1 Name=LOC_CITIZEN_MAYA_FEMALE_3 Operation=58 PlotIndex=1818
mission CityName=LOC_CITY_NAME_OTTAWA CompletionTurn=144 EscapeResult=-1 InitialResult=3 LevelAfter=1 LootInfo=-1 Name=LOC_CITIZEN_MAYA_MODERN_MALE_9 Operation=58 PlotIndex=978
mission CityName=LOC_CITY_NAME_QUEBEC_CITY CompletionTurn=142 EscapeResult=2 InitialResult=4 LevelAfter=2 LootInfo=-1 Name=LOC_CITIZEN_MAYA_MODERN_FEMALE_9 Operation=58 PlotIndex=1404
mission CityName=LOC_CITY_NAME_MONTREAL CompletionTurn=141 EscapeResult=0 InitialResult=2 LevelAfter=1 LootInfo=-1 Name=LOC_CITIZEN_MAYA_MODERN_MALE_1 Operation=58 PlotIndex=1314
mission CityName=LOC_CITY_NAME_TORONTO CompletionTurn=140 EscapeResult=-1 InitialResult=0 LevelAfter=1 LootInfo=-1 Name=LOC_CITIZEN_MAYA_MODERN_MALE_4 Operation=58 PlotIndex=1818
mission CityName=LOC_CITY_NAME_MONTREAL CompletionTurn=137 EscapeResult=-1 InitialResult=5 LevelAfter=2 LootInfo=-1 Name=LOC_CITIZEN_MAYA_MALE_1 Operation=58 PlotIndex=1314
mission CityName=LOC_CITY_NAME_OTTAWA CompletionTurn=134 EscapeResult=2 InitialResult=4 LevelAfter=2 LootInfo=-1 Name=LOC_CITIZEN_MAYA_MODERN_FEMALE_3 Operation=58 PlotIndex=978
tally 4  FOMENT_UNREST CAPTURED / NO_RESULT
tally 2  FOMENT_UNREST FAIL_MUST_ESCAPE / CAPTURED
tally 3  FOMENT_UNREST FAIL_MUST_ESCAPE / FAIL_MUST_ESCAPE
tally 5  FOMENT_UNREST FAIL_MUST_ESCAPE / KILLED
tally 1  FOMENT_UNREST FAIL_MUST_ESCAPE / NO_RESULT
tally 8  FOMENT_UNREST FAIL_UNDETECTED / NO_RESULT
tally 1  FOMENT_UNREST KILLED / NO_RESULT
tally 1  FOMENT_UNREST SUCCESS_MUST_ESCAPE / CAPTURED
tally 4  FOMENT_UNREST SUCCESS_MUST_ESCAPE / FAIL_MUST_ESCAPE
tally 4  FOMENT_UNREST SUCCESS_MUST_ESCAPE / KILLED
tally 1  FOMENT_UNREST SUCCESS_MUST_ESCAPE / NO_RESULT
tally 15  FOMENT_UNREST SUCCESS_UNDETECTED / NO_RESULT
turn 187 spies active 6 idle 0 missions 49 captured-enemy 0
spy 8323074 LOC_CITIZEN_MAYA_MALE_4 level 1 at 54:15 start
spy 8060936 LOC_CITIZEN_MAYA_MALE_8 level 1 at 54:21 busy
spy 7405579 LOC_CITIZEN_MAYA_MODERN_FEMALE_4 level 1 at 59:23 busy
spy 7798805 LOC_CITIZEN_MAYA_FEMALE_1 level 1 at 62:20 busy
spy 7536668 LOC_CITIZEN_MAYA_FEMALE_7 level 1 at 54:11 busy
spy 7012382 LOC_CITIZEN_MAYA_FEMALE_6 level 1 at 65:16 busy
spy 8126496 LOC_CITIZEN_MAYA_MALE_2 level 1 at 60:16 busy
spy 8388641 LOC_CITIZEN_MAYA_MODERN_MALE_4 level 1 at 53:5 start
turn 187 spies 8 started 2 travelled 0 promoted 0 bought 0 gold 50000
unblock: blocker ENDTURN_BLOCKING_RESEARCH -> research TECH_STIRRUPS | end turn requested
unblock: blocker ENDTURN_BLOCKING_PRODUCTION -> NARANJO builds UNIT_WARRIOR | end turn requested
mission CityName=LOC_CITY_NAME_QUEBEC_CITY CompletionTurn=188 EscapeResult=-1 InitialResult=5 LevelAfter=2 LootInfo=-1 Name=LOC_CITIZEN_MAYA_MALE_2 Operation=58 PlotIndex=1404
mission CityName=LOC_CITY_NAME_OTTAWA CompletionTurn=188 EscapeResult=-1 InitialResult=4 LevelAfter=2 LootInfo=-1 Name=LOC_CITIZEN_MAYA_FEMALE_7 Operation=58 PlotIndex=978
mission CityName=LOC_CITY_NAME_TORONTO CompletionTurn=188 EscapeResult=-1 InitialResult=4 LevelAfter=2 LootInfo=-1 Name=LOC_CITIZEN_MAYA_MALE_8 Operation=58 PlotIndex=1818
mission CityName=LOC_CITY_NAME_HALIFAX CompletionTurn=187 EscapeResult=-1 InitialResult=4 LevelAfter=2 LootInfo=-1 Name=LOC_CITIZEN_MAYA_FEMALE_6 Operation=58 PlotIndex=1409
mission CityName=LOC_CITY_NAME_WINNIPEG CompletionTurn=187 EscapeResult=-1 InitialResult=2 LevelAfter=1 LootInfo=-1 Name=LOC_CITIZEN_MAYA_FEMALE_1 Operation=58 PlotIndex=1742
mission CityName=LOC_CITY_NAME_SAINT_JOHN CompletionTurn=185 EscapeResult=-1 InitialResult=3 LevelAfter=2 LootInfo=-1 Name=LOC_CITIZEN_MAYA_MODERN_FEMALE_4 Operation=58 PlotIndex=1991
mission CityName=LOC_CITY_NAME_OTTAWA CompletionTurn=184 EscapeResult=-1 InitialResult=5 LevelAfter=2 LootInfo=-1 Name=LOC_CITIZEN_MAYA_FEMALE_7 Operation=58 PlotIndex=978
mission CityName=LOC_CITY_NAME_HALIFAX CompletionTurn=183 EscapeResult=-1 InitialResult=5 LevelAfter=2 LootInfo=-1 Name=LOC_CITIZEN_MAYA_FEMALE_6 Operation=58 PlotIndex=1409
mission CityName=LOC_CITY_NAME_SAINT_JOHN CompletionTurn=181 EscapeResult=-1 InitialResult=5 LevelAfter=2 LootInfo=-1 Name=LOC_CITIZEN_MAYA_MODERN_FEMALE_4 Operation=58 PlotIndex=1991
mission CityName=LOC_CITY_NAME_MONTREAL CompletionTurn=180 EscapeResult=0 InitialResult=4 LevelAfter=2 LootInfo=-1 Name=LOC_CITIZEN_MAYA_MODERN_FEMALE_5 Operation=58 PlotIndex=1314
mission CityName=LOC_CITY_NAME_TORONTO CompletionTurn=180 EscapeResult=2 InitialResult=4 LevelAfter=2 LootInfo=-1 Name=LOC_CITIZEN_MAYA_MALE_8 Operation=58 PlotIndex=1818
mission CityName=LOC_CITY_NAME_QUEBEC_CITY CompletionTurn=179 EscapeResult=2 InitialResult=4 LevelAfter=2 LootInfo=-1 Name=LOC_CITIZEN_MAYA_MALE_4 Operation=58 PlotIndex=1404
mission CityName=LOC_CITY_NAME_HALIFAX CompletionTurn=176 EscapeResult=0 InitialResult=4 LevelAfter=2 LootInfo=-1 Name=LOC_CITIZEN_MAYA_MALE_5 Operation=58 PlotIndex=1409
mission CityName=LOC_CITY_NAME_TORONTO CompletionTurn=176 EscapeResult=-1 InitialResult=5 LevelAfter=2 LootInfo=-1 Name=LOC_CITIZEN_MAYA_MALE_8 Operation=58 PlotIndex=1818
mission CityName=LOC_CITY_NAME_OTTAWA CompletionTurn=175 EscapeResult=1 InitialResult=2 LevelAfter=2 LootInfo=-1 Name=LOC_CITIZEN_MAYA_FEMALE_8 Operation=58 PlotIndex=978
mission CityName=LOC_CITY_NAME_MONTREAL CompletionTurn=175 EscapeResult=0 InitialResult=4 LevelAfter=2 LootInfo=-1 Name=LOC_CITIZEN_MAYA_MODERN_FEMALE_2 Operation=58 PlotIndex=1314
mission CityName=LOC_CITY_NAME_WINNIPEG CompletionTurn=174 EscapeResult=1 InitialResult=4 LevelAfter=2 LootInfo=-1 Name=LOC_CITIZEN_MAYA_MODERN_MALE_10 Operation=58 PlotIndex=1742
mission CityName=LOC_CITY_NAME_SAINT_JOHN CompletionTurn=173 EscapeResult=-1 InitialResult=1 LevelAfter=1 LootInfo=-1 Name=LOC_CITIZEN_MAYA_MODERN_FEMALE_1 Operation=58 PlotIndex=1991
mission CityName=LOC_CITY_NAME_QUEBEC_CITY CompletionTurn=173 EscapeResult=-1 InitialResult=1 LevelAfter=2 LootInfo=-1 Name=LOC_CITIZEN_MAYA_MALE_3 Operation=58 PlotIndex=1404
mission CityName=LOC_CITY_NAME_BRANTFORD CompletionTurn=172 EscapeResult=-1 InitialResult=1 LevelAfter=2 LootInfo=-1 Name=LOC_CITIZEN_MAYA_MODERN_FEMALE_7 Operation=58 PlotIndex=473
mission CityName=LOC_CITY_NAME_TORONTO CompletionTurn=172 EscapeResult=-1 InitialResult=5 LevelAfter=2 LootInfo=-1 Name=LOC_CITIZEN_MAYA_MALE_8 Operation=58 PlotIndex=1818
mission CityName=LOC_CITY_NAME_OTTAWA CompletionTurn=171 EscapeResult=-1 InitialResult=5 LevelAfter=2 LootInfo=-1 Name=LOC_CITIZEN_MAYA_FEMALE_8 Operation=58 PlotIndex=978
mission CityName=LOC_CITY_NAME_MONTREAL CompletionTurn=171 EscapeResult=-1 InitialResult=5 LevelAfter=2 LootInfo=-1 Name=LOC_CITIZEN_MAYA_MODERN_FEMALE_2 Operation=58 PlotIndex=1314
mission CityName=LOC_CITY_NAME_WINNIPEG CompletionTurn=170 EscapeResult=-1 InitialResult=3 LevelAfter=2 LootInfo=-1 Name=LOC_CITIZEN_MAYA_MODERN_MALE_10 Operation=58 PlotIndex=1742
mission CityName=LOC_CITY_NAME_QUEBEC_CITY CompletionTurn=169 EscapeResult=-1 InitialResult=5 LevelAfter=2 LootInfo=-1 Name=LOC_CITIZEN_MAYA_MALE_3 Operation=58 PlotIndex=1404
mission CityName=LOC_CITY_NAME_BRANTFORD CompletionTurn=168 EscapeResult=-1 InitialResult=5 LevelAfter=2 LootInfo=-1 Name=LOC_CITIZEN_MAYA_MODERN_FEMALE_7 Operation=58 PlotIndex=473
mission CityName=LOC_CITY_NAME_TORONTO CompletionTurn=168 EscapeResult=-1 InitialResult=3 LevelAfter=2 LootInfo=-1 Name=LOC_CITIZEN_MAYA_MALE_8 Operation=58 PlotIndex=1818
mission CityName=LOC_CITY_NAME_OTTAWA CompletionTurn=167 EscapeResult=-1 InitialResult=5 LevelAfter=2 LootInfo=-1 Name=LOC_CITIZEN_MAYA_FEMALE_8 Operation=58 PlotIndex=978
mission CityName=LOC_CITY_NAME_WINNIPEG CompletionTurn=166 EscapeResult=-1 InitialResult=5 LevelAfter=2 LootInfo=-1 Name=LOC_CITIZEN_MAYA_MODERN_MALE_10 Operation=58 PlotIndex=1742
mission CityName=LOC_CITY_NAME_HALIFAX CompletionTurn=166 EscapeResult=0 InitialResult=4 LevelAfter=2 LootInfo=-1 Name=LOC_CITIZEN_MAYA_FEMALE_4 Operation=58 PlotIndex=1409
mission CityName=LOC_CITY_NAME_QUEBEC_CITY CompletionTurn=165 EscapeResult=-1 InitialResult=3 LevelAfter=1 LootInfo=-1 Name=LOC_CITIZEN_MAYA_MALE_3 Operation=58 PlotIndex=1404
mission CityName=LOC_CITY_NAME_SAINT_JOHN CompletionTurn=164 EscapeResult=1 InitialResult=2 LevelAfter=1 LootInfo=-1 Name=LOC_CITIZEN_MAYA_MALE_6 Operation=58 PlotIndex=1991
mission CityName=LOC_CITY_NAME_OTTAWA CompletionTurn=163 EscapeResult=-1 InitialResult=5 LevelAfter=2 LootInfo=-1 Name=LOC_CITIZEN_MAYA_FEMALE_8 Operation=58 PlotIndex=978
mission CityName=LOC_CITY_NAME_WINNIPEG CompletionTurn=162 EscapeResult=-1 InitialResult=3 LevelAfter=1 LootInfo=-1 Name=LOC_CITIZEN_MAYA_MODERN_MALE_10 Operation=58 PlotIndex=1742
mission CityName=LOC_CITY_NAME_MONTREAL CompletionTurn=162 EscapeResult=0 InitialResult=2 LevelAfter=2 LootInfo=-1 Name=LOC_CITIZEN_MAYA_MODERN_FEMALE_3 Operation=58 PlotIndex=1314
mission CityName=LOC_CITY_NAME_SAINT_JOHN CompletionTurn=160 EscapeResult=-1 InitialResult=3 LevelAfter=1 LootInfo=-1 Name=LOC_CITIZEN_MAYA_MALE_6 Operation=58 PlotIndex=1991
mission CityName=LOC_CITY_NAME_TORONTO CompletionTurn=159 EscapeResult=2 InitialResult=2 LevelAfter=1 LootInfo=-1 Name=LOC_CITIZEN_MAYA_MODERN_FEMALE_5 Operation=58 PlotIndex=1818
mission CityName=LOC_CITY_NAME_HALIFAX CompletionTurn=159 EscapeResult=0 InitialResult=2 LevelAfter=2 LootInfo=-1 Name=LOC_CITIZEN_MAYA_MODERN_FEMALE_9 Operation=58 PlotIndex=1409
mission CityName=LOC_CITY_NAME_OTTAWA CompletionTurn=156 EscapeResult=-1 InitialResult=1 LevelAfter=1 LootInfo=-1 Name=LOC_CITIZEN_MAYA_MODERN_MALE_9 Operation=58 PlotIndex=978
mission CityName=LOC_CITY_NAME_QUEBEC_CITY CompletionTurn=156 EscapeResult=2 InitialResult=2 LevelAfter=2 LootInfo=-1 Name=LOC_CITIZEN_MAYA_MALE_8 Operation=58 PlotIndex=1404
mission CityName=LOC_CITY_NAME_SAINT_JOHN CompletionTurn=156 EscapeResult=-1 InitialResult=3 LevelAfter=1 LootInfo=-1 Name=LOC_CITIZEN_MAYA_MALE_6 Operation=58 PlotIndex=1991
mission CityName=LOC_CITY_NAME_HALIFAX CompletionTurn=154 EscapeResult=-1 InitialResult=5 LevelAfter=2 LootInfo=-1 Name=LOC_CITIZEN_MAYA_FEMALE_4 Operation=58 PlotIndex=1409
mission CityName=LOC_CITY_NAME_QUEBEC_CITY CompletionTurn=151 EscapeResult=-1 InitialResult=5 LevelAfter=2 LootInfo=-1 Name=LOC_CITIZEN_MAYA_MALE_8 Operation=58 PlotIndex=1404
mission CityName=LOC_CITY_NAME_MONTREAL CompletionTurn=150 EscapeResult=0 InitialResult=2 LevelAfter=2 LootInfo=-1 Name=LOC_CITIZEN_MAYA_MALE_1 Operation=58 PlotIndex=1314
mission CityName=LOC_CITY_NAME_OTTAWA CompletionTurn=148 EscapeResult=2 InitialResult=2 LevelAfter=2 LootInfo=-1 Name=LOC_CITIZEN_MAYA_MODERN_FEMALE_3 Operation=58 PlotIndex=978
mission CityName=LOC_CITY_NAME_TORONTO CompletionTurn=148 EscapeResult=0 InitialResult=2 LevelAfter=1 LootInfo=-1 Name=LOC_CITIZEN_MAYA_FEMALE_3 Operation=58 PlotIndex=1818
mission CityName=LOC_CITY_NAME_OTTAWA CompletionTurn=144 EscapeResult=-1 InitialResult=3 LevelAfter=1 LootInfo=-1 Name=LOC_CITIZEN_MAYA_MODERN_MALE_9 Operation=58 PlotIndex=978
mission CityName=LOC_CITY_NAME_QUEBEC_CITY CompletionTurn=142 EscapeResult=2 InitialResult=4 LevelAfter=2 LootInfo=-1 Name=LOC_CITIZEN_MAYA_MODERN_FEMALE_9 Operation=58 PlotIndex=1404
mission CityName=LOC_CITY_NAME_MONTREAL CompletionTurn=141 EscapeResult=0 InitialResult=2 LevelAfter=1 LootInfo=-1 Name=LOC_CITIZEN_MAYA_MODERN_MALE_1 Operation=58 PlotIndex=1314
mission CityName=LOC_CITY_NAME_TORONTO CompletionTurn=140 EscapeResult=-1 InitialResult=0 LevelAfter=1 LootInfo=-1 Name=LOC_CITIZEN_MAYA_MODERN_MALE_4 Operation=58 PlotIndex=1818
mission CityName=LOC_CITY_NAME_MONTREAL CompletionTurn=137 EscapeResult=-1 InitialResult=5 LevelAfter=2 LootInfo=-1 Name=LOC_CITIZEN_MAYA_MALE_1 Operation=58 PlotIndex=1314
mission CityName=LOC_CITY_NAME_OTTAWA CompletionTurn=134 EscapeResult=2 InitialResult=4 LevelAfter=2 LootInfo=-1 Name=LOC_CITIZEN_MAYA_MODERN_FEMALE_3 Operation=58 PlotIndex=978
tally 4  FOMENT_UNREST CAPTURED / NO_RESULT
tally 2  FOMENT_UNREST FAIL_MUST_ESCAPE / CAPTURED
tally 3  FOMENT_UNREST FAIL_MUST_ESCAPE / FAIL_MUST_ESCAPE
tally 5  FOMENT_UNREST FAIL_MUST_ESCAPE / KILLED
tally 1  FOMENT_UNREST FAIL_MUST_ESCAPE / NO_RESULT
tally 8  FOMENT_UNREST FAIL_UNDETECTED / NO_RESULT
tally 1  FOMENT_UNREST KILLED / NO_RESULT
tally 1  FOMENT_UNREST SUCCESS_MUST_ESCAPE / CAPTURED
tally 4  FOMENT_UNREST SUCCESS_MUST_ESCAPE / FAIL_MUST_ESCAPE
tally 4  FOMENT_UNREST SUCCESS_MUST_ESCAPE / KILLED
tally 3  FOMENT_UNREST SUCCESS_MUST_ESCAPE / NO_RESULT
tally 16  FOMENT_UNREST SUCCESS_UNDETECTED / NO_RESULT
turn 188 spies active 7 idle 1 missions 52 captured-enemy 0
spy 8323074 LOC_CITIZEN_MAYA_MALE_4 level 1 at 54:15 busy
spy 8060936 LOC_CITIZEN_MAYA_MALE_8 level 1 at 54:21 busy
spy 7405579 LOC_CITIZEN_MAYA_MODERN_FEMALE_4 level 1 at 59:23 busy
spy 7798805 LOC_CITIZEN_MAYA_FEMALE_1 level 1 at 62:20 busy
spy 7536668 LOC_CITIZEN_MAYA_FEMALE_7 level 1 at 54:11 busy
spy 7012382 LOC_CITIZEN_MAYA_FEMALE_6 level 1 at 65:16 busy
spy 8126496 LOC_CITIZEN_MAYA_MALE_2 level 1 at 60:16 start
spy 8388641 LOC_CITIZEN_MAYA_MODERN_MALE_4 level 1 at 53:5 busy
turn 188 spies 8 started 1 travelled 0 promoted 0 bought 0 gold 50000
unblock: blocker ENDTURN_BLOCKING_PRODUCTION -> NARANJO builds UNIT_WARRIOR | end turn requested
unblock: blocker ENDTURN_BLOCKING_SPY_CHOOSE_ESCAPE_ROUTE -> escape route DISTRICT_HARBOR of 2 for spy 8060936 LOC_CITIZEN_MAYA_MALE_8 level 1 turn 188 | end turn requested
unstuck: closed sessions [2:2]
unstuck: DiplomacyActionView: Closing Diplomacy Action View. m_eventID: 1060384
unblock: blocker ENDTURN_BLOCKING_SPY_CHOOSE_ESCAPE_ROUTE -> escape route DISTRICT_HARBOR of 2 for spy 8060936 LOC_CITIZEN_MAYA_MALE_8 level 1 turn 188 | end turn requested
mission CityName=LOC_CITY_NAME_SAINT_JOHN CompletionTurn=189 EscapeResult=-1 InitialResult=4 LevelAfter=2 LootInfo=-1 Name=LOC_CITIZEN_MAYA_MODERN_FEMALE_4 Operation=58 PlotIndex=1991
mission CityName=LOC_CITY_NAME_QUEBEC_CITY CompletionTurn=188 EscapeResult=-1 InitialResult=5 LevelAfter=2 LootInfo=-1 Name=LOC_CITIZEN_MAYA_MALE_2 Operation=58 PlotIndex=1404
mission CityName=LOC_CITY_NAME_OTTAWA CompletionTurn=188 EscapeResult=-1 InitialResult=4 LevelAfter=2 LootInfo=-1 Name=LOC_CITIZEN_MAYA_FEMALE_7 Operation=58 PlotIndex=978
mission CityName=LOC_CITY_NAME_TORONTO CompletionTurn=188 EscapeResult=-1 InitialResult=4 LevelAfter=2 LootInfo=-1 Name=LOC_CITIZEN_MAYA_MALE_8 Operation=58 PlotIndex=1818
mission CityName=LOC_CITY_NAME_HALIFAX CompletionTurn=187 EscapeResult=-1 InitialResult=4 LevelAfter=2 LootInfo=-1 Name=LOC_CITIZEN_MAYA_FEMALE_6 Operation=58 PlotIndex=1409
mission CityName=LOC_CITY_NAME_WINNIPEG CompletionTurn=187 EscapeResult=-1 InitialResult=2 LevelAfter=1 LootInfo=-1 Name=LOC_CITIZEN_MAYA_FEMALE_1 Operation=58 PlotIndex=1742
mission CityName=LOC_CITY_NAME_SAINT_JOHN CompletionTurn=185 EscapeResult=-1 InitialResult=3 LevelAfter=2 LootInfo=-1 Name=LOC_CITIZEN_MAYA_MODERN_FEMALE_4 Operation=58 PlotIndex=1991
mission CityName=LOC_CITY_NAME_OTTAWA CompletionTurn=184 EscapeResult=-1 InitialResult=5 LevelAfter=2 LootInfo=-1 Name=LOC_CITIZEN_MAYA_FEMALE_7 Operation=58 PlotIndex=978
mission CityName=LOC_CITY_NAME_HALIFAX CompletionTurn=183 EscapeResult=-1 InitialResult=5 LevelAfter=2 LootInfo=-1 Name=LOC_CITIZEN_MAYA_FEMALE_6 Operation=58 PlotIndex=1409
mission CityName=LOC_CITY_NAME_SAINT_JOHN CompletionTurn=181 EscapeResult=-1 InitialResult=5 LevelAfter=2 LootInfo=-1 Name=LOC_CITIZEN_MAYA_MODERN_FEMALE_4 Operation=58 PlotIndex=1991
mission CityName=LOC_CITY_NAME_MONTREAL CompletionTurn=180 EscapeResult=0 InitialResult=4 LevelAfter=2 LootInfo=-1 Name=LOC_CITIZEN_MAYA_MODERN_FEMALE_5 Operation=58 PlotIndex=1314
mission CityName=LOC_CITY_NAME_TORONTO CompletionTurn=180 EscapeResult=2 InitialResult=4 LevelAfter=2 LootInfo=-1 Name=LOC_CITIZEN_MAYA_MALE_8 Operation=58 PlotIndex=1818
mission CityName=LOC_CITY_NAME_QUEBEC_CITY CompletionTurn=179 EscapeResult=2 InitialResult=4 LevelAfter=2 LootInfo=-1 Name=LOC_CITIZEN_MAYA_MALE_4 Operation=58 PlotIndex=1404
mission CityName=LOC_CITY_NAME_HALIFAX CompletionTurn=176 EscapeResult=0 InitialResult=4 LevelAfter=2 LootInfo=-1 Name=LOC_CITIZEN_MAYA_MALE_5 Operation=58 PlotIndex=1409
mission CityName=LOC_CITY_NAME_TORONTO CompletionTurn=176 EscapeResult=-1 InitialResult=5 LevelAfter=2 LootInfo=-1 Name=LOC_CITIZEN_MAYA_MALE_8 Operation=58 PlotIndex=1818
mission CityName=LOC_CITY_NAME_OTTAWA CompletionTurn=175 EscapeResult=1 InitialResult=2 LevelAfter=2 LootInfo=-1 Name=LOC_CITIZEN_MAYA_FEMALE_8 Operation=58 PlotIndex=978
mission CityName=LOC_CITY_NAME_MONTREAL CompletionTurn=175 EscapeResult=0 InitialResult=4 LevelAfter=2 LootInfo=-1 Name=LOC_CITIZEN_MAYA_MODERN_FEMALE_2 Operation=58 PlotIndex=1314
mission CityName=LOC_CITY_NAME_WINNIPEG CompletionTurn=174 EscapeResult=1 InitialResult=4 LevelAfter=2 LootInfo=-1 Name=LOC_CITIZEN_MAYA_MODERN_MALE_10 Operation=58 PlotIndex=1742
mission CityName=LOC_CITY_NAME_SAINT_JOHN CompletionTurn=173 EscapeResult=-1 InitialResult=1 LevelAfter=1 LootInfo=-1 Name=LOC_CITIZEN_MAYA_MODERN_FEMALE_1 Operation=58 PlotIndex=1991
mission CityName=LOC_CITY_NAME_QUEBEC_CITY CompletionTurn=173 EscapeResult=-1 InitialResult=1 LevelAfter=2 LootInfo=-1 Name=LOC_CITIZEN_MAYA_MALE_3 Operation=58 PlotIndex=1404
mission CityName=LOC_CITY_NAME_BRANTFORD CompletionTurn=172 EscapeResult=-1 InitialResult=1 LevelAfter=2 LootInfo=-1 Name=LOC_CITIZEN_MAYA_MODERN_FEMALE_7 Operation=58 PlotIndex=473
mission CityName=LOC_CITY_NAME_TORONTO CompletionTurn=172 EscapeResult=-1 InitialResult=5 LevelAfter=2 LootInfo=-1 Name=LOC_CITIZEN_MAYA_MALE_8 Operation=58 PlotIndex=1818
mission CityName=LOC_CITY_NAME_OTTAWA CompletionTurn=171 EscapeResult=-1 InitialResult=5 LevelAfter=2 LootInfo=-1 Name=LOC_CITIZEN_MAYA_FEMALE_8 Operation=58 PlotIndex=978
mission CityName=LOC_CITY_NAME_MONTREAL CompletionTurn=171 EscapeResult=-1 InitialResult=5 LevelAfter=2 LootInfo=-1 Name=LOC_CITIZEN_MAYA_MODERN_FEMALE_2 Operation=58 PlotIndex=1314
mission CityName=LOC_CITY_NAME_WINNIPEG CompletionTurn=170 EscapeResult=-1 InitialResult=3 LevelAfter=2 LootInfo=-1 Name=LOC_CITIZEN_MAYA_MODERN_MALE_10 Operation=58 PlotIndex=1742
mission CityName=LOC_CITY_NAME_QUEBEC_CITY CompletionTurn=169 EscapeResult=-1 InitialResult=5 LevelAfter=2 LootInfo=-1 Name=LOC_CITIZEN_MAYA_MALE_3 Operation=58 PlotIndex=1404
mission CityName=LOC_CITY_NAME_BRANTFORD CompletionTurn=168 EscapeResult=-1 InitialResult=5 LevelAfter=2 LootInfo=-1 Name=LOC_CITIZEN_MAYA_MODERN_FEMALE_7 Operation=58 PlotIndex=473
mission CityName=LOC_CITY_NAME_TORONTO CompletionTurn=168 EscapeResult=-1 InitialResult=3 LevelAfter=2 LootInfo=-1 Name=LOC_CITIZEN_MAYA_MALE_8 Operation=58 PlotIndex=1818
mission CityName=LOC_CITY_NAME_OTTAWA CompletionTurn=167 EscapeResult=-1 InitialResult=5 LevelAfter=2 LootInfo=-1 Name=LOC_CITIZEN_MAYA_FEMALE_8 Operation=58 PlotIndex=978
mission CityName=LOC_CITY_NAME_WINNIPEG CompletionTurn=166 EscapeResult=-1 InitialResult=5 LevelAfter=2 LootInfo=-1 Name=LOC_CITIZEN_MAYA_MODERN_MALE_10 Operation=58 PlotIndex=1742
mission CityName=LOC_CITY_NAME_HALIFAX CompletionTurn=166 EscapeResult=0 InitialResult=4 LevelAfter=2 LootInfo=-1 Name=LOC_CITIZEN_MAYA_FEMALE_4 Operation=58 PlotIndex=1409
mission CityName=LOC_CITY_NAME_QUEBEC_CITY CompletionTurn=165 EscapeResult=-1 InitialResult=3 LevelAfter=1 LootInfo=-1 Name=LOC_CITIZEN_MAYA_MALE_3 Operation=58 PlotIndex=1404
mission CityName=LOC_CITY_NAME_SAINT_JOHN CompletionTurn=164 EscapeResult=1 InitialResult=2 LevelAfter=1 LootInfo=-1 Name=LOC_CITIZEN_MAYA_MALE_6 Operation=58 PlotIndex=1991
mission CityName=LOC_CITY_NAME_OTTAWA CompletionTurn=163 EscapeResult=-1 InitialResult=5 LevelAfter=2 LootInfo=-1 Name=LOC_CITIZEN_MAYA_FEMALE_8 Operation=58 PlotIndex=978
mission CityName=LOC_CITY_NAME_WINNIPEG CompletionTurn=162 EscapeResult=-1 InitialResult=3 LevelAfter=1 LootInfo=-1 Name=LOC_CITIZEN_MAYA_MODERN_MALE_10 Operation=58 PlotIndex=1742
mission CityName=LOC_CITY_NAME_MONTREAL CompletionTurn=162 EscapeResult=0 InitialResult=2 LevelAfter=2 LootInfo=-1 Name=LOC_CITIZEN_MAYA_MODERN_FEMALE_3 Operation=58 PlotIndex=1314
mission CityName=LOC_CITY_NAME_SAINT_JOHN CompletionTurn=160 EscapeResult=-1 InitialResult=3 LevelAfter=1 LootInfo=-1 Name=LOC_CITIZEN_MAYA_MALE_6 Operation=58 PlotIndex=1991
mission CityName=LOC_CITY_NAME_TORONTO CompletionTurn=159 EscapeResult=2 InitialResult=2 LevelAfter=1 LootInfo=-1 Name=LOC_CITIZEN_MAYA_MODERN_FEMALE_5 Operation=58 PlotIndex=1818
mission CityName=LOC_CITY_NAME_HALIFAX CompletionTurn=159 EscapeResult=0 InitialResult=2 LevelAfter=2 LootInfo=-1 Name=LOC_CITIZEN_MAYA_MODERN_FEMALE_9 Operation=58 PlotIndex=1409
mission CityName=LOC_CITY_NAME_OTTAWA CompletionTurn=156 EscapeResult=-1 InitialResult=1 LevelAfter=1 LootInfo=-1 Name=LOC_CITIZEN_MAYA_MODERN_MALE_9 Operation=58 PlotIndex=978
mission CityName=LOC_CITY_NAME_QUEBEC_CITY CompletionTurn=156 EscapeResult=2 InitialResult=2 LevelAfter=2 LootInfo=-1 Name=LOC_CITIZEN_MAYA_MALE_8 Operation=58 PlotIndex=1404
mission CityName=LOC_CITY_NAME_SAINT_JOHN CompletionTurn=156 EscapeResult=-1 InitialResult=3 LevelAfter=1 LootInfo=-1 Name=LOC_CITIZEN_MAYA_MALE_6 Operation=58 PlotIndex=1991
mission CityName=LOC_CITY_NAME_HALIFAX CompletionTurn=154 EscapeResult=-1 InitialResult=5 LevelAfter=2 LootInfo=-1 Name=LOC_CITIZEN_MAYA_FEMALE_4 Operation=58 PlotIndex=1409
mission CityName=LOC_CITY_NAME_QUEBEC_CITY CompletionTurn=151 EscapeResult=-1 InitialResult=5 LevelAfter=2 LootInfo=-1 Name=LOC_CITIZEN_MAYA_MALE_8 Operation=58 PlotIndex=1404
mission CityName=LOC_CITY_NAME_MONTREAL CompletionTurn=150 EscapeResult=0 InitialResult=2 LevelAfter=2 LootInfo=-1 Name=LOC_CITIZEN_MAYA_MALE_1 Operation=58 PlotIndex=1314
mission CityName=LOC_CITY_NAME_OTTAWA CompletionTurn=148 EscapeResult=2 InitialResult=2 LevelAfter=2 LootInfo=-1 Name=LOC_CITIZEN_MAYA_MODERN_FEMALE_3 Operation=58 PlotIndex=978
mission CityName=LOC_CITY_NAME_TORONTO CompletionTurn=148 EscapeResult=0 InitialResult=2 LevelAfter=1 LootInfo=-1 Name=LOC_CITIZEN_MAYA_FEMALE_3 Operation=58 PlotIndex=1818
mission CityName=LOC_CITY_NAME_OTTAWA CompletionTurn=144 EscapeResult=-1 InitialResult=3 LevelAfter=1 LootInfo=-1 Name=LOC_CITIZEN_MAYA_MODERN_MALE_9 Operation=58 PlotIndex=978
mission CityName=LOC_CITY_NAME_QUEBEC_CITY CompletionTurn=142 EscapeResult=2 InitialResult=4 LevelAfter=2 LootInfo=-1 Name=LOC_CITIZEN_MAYA_MODERN_FEMALE_9 Operation=58 PlotIndex=1404
mission CityName=LOC_CITY_NAME_MONTREAL CompletionTurn=141 EscapeResult=0 InitialResult=2 LevelAfter=1 LootInfo=-1 Name=LOC_CITIZEN_MAYA_MODERN_MALE_1 Operation=58 PlotIndex=1314
mission CityName=LOC_CITY_NAME_TORONTO CompletionTurn=140 EscapeResult=-1 InitialResult=0 LevelAfter=1 LootInfo=-1 Name=LOC_CITIZEN_MAYA_MODERN_MALE_4 Operation=58 PlotIndex=1818
mission CityName=LOC_CITY_NAME_MONTREAL CompletionTurn=137 EscapeResult=-1 InitialResult=5 LevelAfter=2 LootInfo=-1 Name=LOC_CITIZEN_MAYA_MALE_1 Operation=58 PlotIndex=1314
mission CityName=LOC_CITY_NAME_OTTAWA CompletionTurn=134 EscapeResult=2 InitialResult=4 LevelAfter=2 LootInfo=-1 Name=LOC_CITIZEN_MAYA_MODERN_FEMALE_3 Operation=58 PlotIndex=978
tally 4  FOMENT_UNREST CAPTURED / NO_RESULT
tally 2  FOMENT_UNREST FAIL_MUST_ESCAPE / CAPTURED
tally 3  FOMENT_UNREST FAIL_MUST_ESCAPE / FAIL_MUST_ESCAPE
tally 5  FOMENT_UNREST FAIL_MUST_ESCAPE / KILLED
tally 1  FOMENT_UNREST FAIL_MUST_ESCAPE / NO_RESULT
tally 8  FOMENT_UNREST FAIL_UNDETECTED / NO_RESULT
tally 1  FOMENT_UNREST KILLED / NO_RESULT
tally 1  FOMENT_UNREST SUCCESS_MUST_ESCAPE / CAPTURED
tally 4  FOMENT_UNREST SUCCESS_MUST_ESCAPE / FAIL_MUST_ESCAPE
tally 4  FOMENT_UNREST SUCCESS_MUST_ESCAPE / KILLED
tally 4  FOMENT_UNREST SUCCESS_MUST_ESCAPE / NO_RESULT
tally 16  FOMENT_UNREST SUCCESS_UNDETECTED / NO_RESULT
turn 189 spies active 8 idle 1 missions 53 captured-enemy 0
spy 8323074 LOC_CITIZEN_MAYA_MALE_4 level 1 at 54:15 busy
spy 8060936 LOC_CITIZEN_MAYA_MALE_8 level 1 at 54:21 busy
spy 7405579 LOC_CITIZEN_MAYA_MODERN_FEMALE_4 level 1 at 59:23 busy
spy 7798805 LOC_CITIZEN_MAYA_FEMALE_1 level 1 at 62:20 busy
spy 7536668 LOC_CITIZEN_MAYA_FEMALE_7 level 1 at 54:11 busy
spy 7012382 LOC_CITIZEN_MAYA_FEMALE_6 level 1 at 65:16 busy
spy 8126496 LOC_CITIZEN_MAYA_MALE_2 level 1 at 60:16 busy
spy 8388641 LOC_CITIZEN_MAYA_MODERN_MALE_4 level 1 at 53:5 busy
spy 8519715 LOC_CITIZEN_MAYA_MALE_6 level 1 at 54:15 refused
turn 189 spies 9 started 0 travelled 0 promoted 0 bought 0 gold 50000
unblock: blocker ENDTURN_BLOCKING_SPY_CHOOSE_ESCAPE_ROUTE -> escape route DISTRICT_HARBOR of 2 for spy 8060936 LOC_CITIZEN_MAYA_MALE_8 level 1 turn 189 | end turn requested
unblock: blocker ENDTURN_BLOCKING_SPY_CHOOSE_ESCAPE_ROUTE -> escape route DISTRICT_CITY_CENTER of 2 for spy 7405579 LOC_CITIZEN_MAYA_MODERN_FEMALE_4 level 1 turn 189 | end turn requested
mission CityName=LOC_CITY_NAME_SAINT_JOHN CompletionTurn=189 EscapeResult=-1 InitialResult=4 LevelAfter=2 LootInfo=-1 Name=LOC_CITIZEN_MAYA_MODERN_FEMALE_4 Operation=58 PlotIndex=1991
mission CityName=LOC_CITY_NAME_QUEBEC_CITY CompletionTurn=188 EscapeResult=-1 InitialResult=5 LevelAfter=2 LootInfo=-1 Name=LOC_CITIZEN_MAYA_MALE_2 Operation=58 PlotIndex=1404
mission CityName=LOC_CITY_NAME_OTTAWA CompletionTurn=188 EscapeResult=-1 InitialResult=4 LevelAfter=2 LootInfo=-1 Name=LOC_CITIZEN_MAYA_FEMALE_7 Operation=58 PlotIndex=978
mission CityName=LOC_CITY_NAME_TORONTO CompletionTurn=188 EscapeResult=2 InitialResult=4 LevelAfter=2 LootInfo=-1 Name=LOC_CITIZEN_MAYA_MALE_8 Operation=58 PlotIndex=1818
mission CityName=LOC_CITY_NAME_HALIFAX CompletionTurn=187 EscapeResult=-1 InitialResult=4 LevelAfter=2 LootInfo=-1 Name=LOC_CITIZEN_MAYA_FEMALE_6 Operation=58 PlotIndex=1409
mission CityName=LOC_CITY_NAME_WINNIPEG CompletionTurn=187 EscapeResult=-1 InitialResult=2 LevelAfter=1 LootInfo=-1 Name=LOC_CITIZEN_MAYA_FEMALE_1 Operation=58 PlotIndex=1742
mission CityName=LOC_CITY_NAME_SAINT_JOHN CompletionTurn=185 EscapeResult=-1 InitialResult=3 LevelAfter=2 LootInfo=-1 Name=LOC_CITIZEN_MAYA_MODERN_FEMALE_4 Operation=58 PlotIndex=1991
mission CityName=LOC_CITY_NAME_OTTAWA CompletionTurn=184 EscapeResult=-1 InitialResult=5 LevelAfter=2 LootInfo=-1 Name=LOC_CITIZEN_MAYA_FEMALE_7 Operation=58 PlotIndex=978
mission CityName=LOC_CITY_NAME_HALIFAX CompletionTurn=183 EscapeResult=-1 InitialResult=5 LevelAfter=2 LootInfo=-1 Name=LOC_CITIZEN_MAYA_FEMALE_6 Operation=58 PlotIndex=1409
mission CityName=LOC_CITY_NAME_SAINT_JOHN CompletionTurn=181 EscapeResult=-1 InitialResult=5 LevelAfter=2 LootInfo=-1 Name=LOC_CITIZEN_MAYA_MODERN_FEMALE_4 Operation=58 PlotIndex=1991
mission CityName=LOC_CITY_NAME_MONTREAL CompletionTurn=180 EscapeResult=0 InitialResult=4 LevelAfter=2 LootInfo=-1 Name=LOC_CITIZEN_MAYA_MODERN_FEMALE_5 Operation=58 PlotIndex=1314
mission CityName=LOC_CITY_NAME_TORONTO CompletionTurn=180 EscapeResult=2 InitialResult=4 LevelAfter=2 LootInfo=-1 Name=LOC_CITIZEN_MAYA_MALE_8 Operation=58 PlotIndex=1818
mission CityName=LOC_CITY_NAME_QUEBEC_CITY CompletionTurn=179 EscapeResult=2 InitialResult=4 LevelAfter=2 LootInfo=-1 Name=LOC_CITIZEN_MAYA_MALE_4 Operation=58 PlotIndex=1404
mission CityName=LOC_CITY_NAME_HALIFAX CompletionTurn=176 EscapeResult=0 InitialResult=4 LevelAfter=2 LootInfo=-1 Name=LOC_CITIZEN_MAYA_MALE_5 Operation=58 PlotIndex=1409
mission CityName=LOC_CITY_NAME_TORONTO CompletionTurn=176 EscapeResult=-1 InitialResult=5 LevelAfter=2 LootInfo=-1 Name=LOC_CITIZEN_MAYA_MALE_8 Operation=58 PlotIndex=1818
mission CityName=LOC_CITY_NAME_OTTAWA CompletionTurn=175 EscapeResult=1 InitialResult=2 LevelAfter=2 LootInfo=-1 Name=LOC_CITIZEN_MAYA_FEMALE_8 Operation=58 PlotIndex=978
mission CityName=LOC_CITY_NAME_MONTREAL CompletionTurn=175 EscapeResult=0 InitialResult=4 LevelAfter=2 LootInfo=-1 Name=LOC_CITIZEN_MAYA_MODERN_FEMALE_2 Operation=58 PlotIndex=1314
mission CityName=LOC_CITY_NAME_WINNIPEG CompletionTurn=174 EscapeResult=1 InitialResult=4 LevelAfter=2 LootInfo=-1 Name=LOC_CITIZEN_MAYA_MODERN_MALE_10 Operation=58 PlotIndex=1742
mission CityName=LOC_CITY_NAME_SAINT_JOHN CompletionTurn=173 EscapeResult=-1 InitialResult=1 LevelAfter=1 LootInfo=-1 Name=LOC_CITIZEN_MAYA_MODERN_FEMALE_1 Operation=58 PlotIndex=1991
mission CityName=LOC_CITY_NAME_QUEBEC_CITY CompletionTurn=173 EscapeResult=-1 InitialResult=1 LevelAfter=2 LootInfo=-1 Name=LOC_CITIZEN_MAYA_MALE_3 Operation=58 PlotIndex=1404
mission CityName=LOC_CITY_NAME_BRANTFORD CompletionTurn=172 EscapeResult=-1 InitialResult=1 LevelAfter=2 LootInfo=-1 Name=LOC_CITIZEN_MAYA_MODERN_FEMALE_7 Operation=58 PlotIndex=473
mission CityName=LOC_CITY_NAME_TORONTO CompletionTurn=172 EscapeResult=-1 InitialResult=5 LevelAfter=2 LootInfo=-1 Name=LOC_CITIZEN_MAYA_MALE_8 Operation=58 PlotIndex=1818
mission CityName=LOC_CITY_NAME_OTTAWA CompletionTurn=171 EscapeResult=-1 InitialResult=5 LevelAfter=2 LootInfo=-1 Name=LOC_CITIZEN_MAYA_FEMALE_8 Operation=58 PlotIndex=978
mission CityName=LOC_CITY_NAME_MONTREAL CompletionTurn=171 EscapeResult=-1 InitialResult=5 LevelAfter=2 LootInfo=-1 Name=LOC_CITIZEN_MAYA_MODERN_FEMALE_2 Operation=58 PlotIndex=1314
mission CityName=LOC_CITY_NAME_WINNIPEG CompletionTurn=170 EscapeResult=-1 InitialResult=3 LevelAfter=2 LootInfo=-1 Name=LOC_CITIZEN_MAYA_MODERN_MALE_10 Operation=58 PlotIndex=1742
mission CityName=LOC_CITY_NAME_QUEBEC_CITY CompletionTurn=169 EscapeResult=-1 InitialResult=5 LevelAfter=2 LootInfo=-1 Name=LOC_CITIZEN_MAYA_MALE_3 Operation=58 PlotIndex=1404
mission CityName=LOC_CITY_NAME_BRANTFORD CompletionTurn=168 EscapeResult=-1 InitialResult=5 LevelAfter=2 LootInfo=-1 Name=LOC_CITIZEN_MAYA_MODERN_FEMALE_7 Operation=58 PlotIndex=473
mission CityName=LOC_CITY_NAME_TORONTO CompletionTurn=168 EscapeResult=-1 InitialResult=3 LevelAfter=2 LootInfo=-1 Name=LOC_CITIZEN_MAYA_MALE_8 Operation=58 PlotIndex=1818
mission CityName=LOC_CITY_NAME_OTTAWA CompletionTurn=167 EscapeResult=-1 InitialResult=5 LevelAfter=2 LootInfo=-1 Name=LOC_CITIZEN_MAYA_FEMALE_8 Operation=58 PlotIndex=978
mission CityName=LOC_CITY_NAME_WINNIPEG CompletionTurn=166 EscapeResult=-1 InitialResult=5 LevelAfter=2 LootInfo=-1 Name=LOC_CITIZEN_MAYA_MODERN_MALE_10 Operation=58 PlotIndex=1742
mission CityName=LOC_CITY_NAME_HALIFAX CompletionTurn=166 EscapeResult=0 InitialResult=4 LevelAfter=2 LootInfo=-1 Name=LOC_CITIZEN_MAYA_FEMALE_4 Operation=58 PlotIndex=1409
mission CityName=LOC_CITY_NAME_QUEBEC_CITY CompletionTurn=165 EscapeResult=-1 InitialResult=3 LevelAfter=1 LootInfo=-1 Name=LOC_CITIZEN_MAYA_MALE_3 Operation=58 PlotIndex=1404
mission CityName=LOC_CITY_NAME_SAINT_JOHN CompletionTurn=164 EscapeResult=1 InitialResult=2 LevelAfter=1 LootInfo=-1 Name=LOC_CITIZEN_MAYA_MALE_6 Operation=58 PlotIndex=1991
mission CityName=LOC_CITY_NAME_OTTAWA CompletionTurn=163 EscapeResult=-1 InitialResult=5 LevelAfter=2 LootInfo=-1 Name=LOC_CITIZEN_MAYA_FEMALE_8 Operation=58 PlotIndex=978
mission CityName=LOC_CITY_NAME_WINNIPEG CompletionTurn=162 EscapeResult=-1 InitialResult=3 LevelAfter=1 LootInfo=-1 Name=LOC_CITIZEN_MAYA_MODERN_MALE_10 Operation=58 PlotIndex=1742
mission CityName=LOC_CITY_NAME_MONTREAL CompletionTurn=162 EscapeResult=0 InitialResult=2 LevelAfter=2 LootInfo=-1 Name=LOC_CITIZEN_MAYA_MODERN_FEMALE_3 Operation=58 PlotIndex=1314
mission CityName=LOC_CITY_NAME_SAINT_JOHN CompletionTurn=160 EscapeResult=-1 InitialResult=3 LevelAfter=1 LootInfo=-1 Name=LOC_CITIZEN_MAYA_MALE_6 Operation=58 PlotIndex=1991
mission CityName=LOC_CITY_NAME_TORONTO CompletionTurn=159 EscapeResult=2 InitialResult=2 LevelAfter=1 LootInfo=-1 Name=LOC_CITIZEN_MAYA_MODERN_FEMALE_5 Operation=58 PlotIndex=1818
mission CityName=LOC_CITY_NAME_HALIFAX CompletionTurn=159 EscapeResult=0 InitialResult=2 LevelAfter=2 LootInfo=-1 Name=LOC_CITIZEN_MAYA_MODERN_FEMALE_9 Operation=58 PlotIndex=1409
mission CityName=LOC_CITY_NAME_OTTAWA CompletionTurn=156 EscapeResult=-1 InitialResult=1 LevelAfter=1 LootInfo=-1 Name=LOC_CITIZEN_MAYA_MODERN_MALE_9 Operation=58 PlotIndex=978
mission CityName=LOC_CITY_NAME_QUEBEC_CITY CompletionTurn=156 EscapeResult=2 InitialResult=2 LevelAfter=2 LootInfo=-1 Name=LOC_CITIZEN_MAYA_MALE_8 Operation=58 PlotIndex=1404
mission CityName=LOC_CITY_NAME_SAINT_JOHN CompletionTurn=156 EscapeResult=-1 InitialResult=3 LevelAfter=1 LootInfo=-1 Name=LOC_CITIZEN_MAYA_MALE_6 Operation=58 PlotIndex=1991
mission CityName=LOC_CITY_NAME_HALIFAX CompletionTurn=154 EscapeResult=-1 InitialResult=5 LevelAfter=2 LootInfo=-1 Name=LOC_CITIZEN_MAYA_FEMALE_4 Operation=58 PlotIndex=1409
mission CityName=LOC_CITY_NAME_QUEBEC_CITY CompletionTurn=151 EscapeResult=-1 InitialResult=5 LevelAfter=2 LootInfo=-1 Name=LOC_CITIZEN_MAYA_MALE_8 Operation=58 PlotIndex=1404
mission CityName=LOC_CITY_NAME_MONTREAL CompletionTurn=150 EscapeResult=0 InitialResult=2 LevelAfter=2 LootInfo=-1 Name=LOC_CITIZEN_MAYA_MALE_1 Operation=58 PlotIndex=1314
mission CityName=LOC_CITY_NAME_OTTAWA CompletionTurn=148 EscapeResult=2 InitialResult=2 LevelAfter=2 LootInfo=-1 Name=LOC_CITIZEN_MAYA_MODERN_FEMALE_3 Operation=58 PlotIndex=978
mission CityName=LOC_CITY_NAME_TORONTO CompletionTurn=148 EscapeResult=0 InitialResult=2 LevelAfter=1 LootInfo=-1 Name=LOC_CITIZEN_MAYA_FEMALE_3 Operation=58 PlotIndex=1818
mission CityName=LOC_CITY_NAME_OTTAWA CompletionTurn=144 EscapeResult=-1 InitialResult=3 LevelAfter=1 LootInfo=-1 Name=LOC_CITIZEN_MAYA_MODERN_MALE_9 Operation=58 PlotIndex=978
mission CityName=LOC_CITY_NAME_QUEBEC_CITY CompletionTurn=142 EscapeResult=2 InitialResult=4 LevelAfter=2 LootInfo=-1 Name=LOC_CITIZEN_MAYA_MODERN_FEMALE_9 Operation=58 PlotIndex=1404
mission CityName=LOC_CITY_NAME_MONTREAL CompletionTurn=141 EscapeResult=0 InitialResult=2 LevelAfter=1 LootInfo=-1 Name=LOC_CITIZEN_MAYA_MODERN_MALE_1 Operation=58 PlotIndex=1314
mission CityName=LOC_CITY_NAME_TORONTO CompletionTurn=140 EscapeResult=-1 InitialResult=0 LevelAfter=1 LootInfo=-1 Name=LOC_CITIZEN_MAYA_MODERN_MALE_4 Operation=58 PlotIndex=1818
mission CityName=LOC_CITY_NAME_MONTREAL CompletionTurn=137 EscapeResult=-1 InitialResult=5 LevelAfter=2 LootInfo=-1 Name=LOC_CITIZEN_MAYA_MALE_1 Operation=58 PlotIndex=1314
mission CityName=LOC_CITY_NAME_OTTAWA CompletionTurn=134 EscapeResult=2 InitialResult=4 LevelAfter=2 LootInfo=-1 Name=LOC_CITIZEN_MAYA_MODERN_FEMALE_3 Operation=58 PlotIndex=978
tally 4  FOMENT_UNREST CAPTURED / NO_RESULT
tally 2  FOMENT_UNREST FAIL_MUST_ESCAPE / CAPTURED
tally 3  FOMENT_UNREST FAIL_MUST_ESCAPE / FAIL_MUST_ESCAPE
tally 5  FOMENT_UNREST FAIL_MUST_ESCAPE / KILLED
tally 1  FOMENT_UNREST FAIL_MUST_ESCAPE / NO_RESULT
tally 8  FOMENT_UNREST FAIL_UNDETECTED / NO_RESULT
tally 1  FOMENT_UNREST KILLED / NO_RESULT
tally 1  FOMENT_UNREST SUCCESS_MUST_ESCAPE / CAPTURED
tally 5  FOMENT_UNREST SUCCESS_MUST_ESCAPE / FAIL_MUST_ESCAPE
tally 4  FOMENT_UNREST SUCCESS_MUST_ESCAPE / KILLED
tally 3  FOMENT_UNREST SUCCESS_MUST_ESCAPE / NO_RESULT
tally 16  FOMENT_UNREST SUCCESS_UNDETECTED / NO_RESULT
turn 190 spies active 7 idle 1 missions 53 captured-enemy 0
spy 8323074 LOC_CITIZEN_MAYA_MALE_4 level 1 at 54:15 busy
spy 7405579 LOC_CITIZEN_MAYA_MODERN_FEMALE_4 level 1 at 59:23 busy
spy 7798805 LOC_CITIZEN_MAYA_FEMALE_1 level 1 at 62:20 busy
spy 7536668 LOC_CITIZEN_MAYA_FEMALE_7 level 1 at 54:11 busy
spy 7012382 LOC_CITIZEN_MAYA_FEMALE_6 level 1 at 65:16 busy
spy 8126496 LOC_CITIZEN_MAYA_MALE_2 level 1 at 60:16 busy
spy 8388641 LOC_CITIZEN_MAYA_MODERN_MALE_4 level 1 at 53:5 busy
spy 8519715 LOC_CITIZEN_MAYA_MALE_6 level 1 at 54:15 refused
turn 190 spies 8 started 0 travelled 0 promoted 0 bought 0 gold 50000
unblock: blocker ENDTURN_BLOCKING_SPY_CHOOSE_ESCAPE_ROUTE -> escape route DISTRICT_CITY_CENTER of 2 for spy 7405579 LOC_CITIZEN_MAYA_MODERN_FEMALE_4 level 1 turn 190 | end turn requested
unblock: blocker ENDTURN_BLOCKING_SPY_CHOOSE_ESCAPE_ROUTE -> escape route DISTRICT_CITY_CENTER of 1 for spy 7798805 LOC_CITIZEN_MAYA_FEMALE_1 level 1 turn 190 | end turn requested
mission CityName=LOC_CITY_NAME_BRANTFORD CompletionTurn=191 EscapeResult=-1 InitialResult=3 LevelAfter=1 LootInfo=-1 Name=LOC_CITIZEN_MAYA_MODERN_MALE_4 Operation=58 PlotIndex=473
mission CityName=LOC_CITY_NAME_MONTREAL CompletionTurn=191 EscapeResult=-1 InitialResult=1 LevelAfter=2 LootInfo=-1 Name=LOC_CITIZEN_MAYA_MALE_4 Operation=58 PlotIndex=1314
mission CityName=LOC_CITY_NAME_SAINT_JOHN CompletionTurn=189 EscapeResult=2 InitialResult=4 LevelAfter=2 LootInfo=-1 Name=LOC_CITIZEN_MAYA_MODERN_FEMALE_4 Operation=58 PlotIndex=1991
mission CityName=LOC_CITY_NAME_QUEBEC_CITY CompletionTurn=188 EscapeResult=-1 InitialResult=5 LevelAfter=2 LootInfo=-1 Name=LOC_CITIZEN_MAYA_MALE_2 Operation=58 PlotIndex=1404
mission CityName=LOC_CITY_NAME_OTTAWA CompletionTurn=188 EscapeResult=-1 InitialResult=4 LevelAfter=2 LootInfo=-1 Name=LOC_CITIZEN_MAYA_FEMALE_7 Operation=58 PlotIndex=978
mission CityName=LOC_CITY_NAME_TORONTO CompletionTurn=188 EscapeResult=2 InitialResult=4 LevelAfter=2 LootInfo=-1 Name=LOC_CITIZEN_MAYA_MALE_8 Operation=58 PlotIndex=1818
mission CityName=LOC_CITY_NAME_HALIFAX CompletionTurn=187 EscapeResult=-1 InitialResult=4 LevelAfter=2 LootInfo=-1 Name=LOC_CITIZEN_MAYA_FEMALE_6 Operation=58 PlotIndex=1409
mission CityName=LOC_CITY_NAME_WINNIPEG CompletionTurn=187 EscapeResult=-1 InitialResult=2 LevelAfter=1 LootInfo=-1 Name=LOC_CITIZEN_MAYA_FEMALE_1 Operation=58 PlotIndex=1742
mission CityName=LOC_CITY_NAME_SAINT_JOHN CompletionTurn=185 EscapeResult=-1 InitialResult=3 LevelAfter=2 LootInfo=-1 Name=LOC_CITIZEN_MAYA_MODERN_FEMALE_4 Operation=58 PlotIndex=1991
mission CityName=LOC_CITY_NAME_OTTAWA CompletionTurn=184 EscapeResult=-1 InitialResult=5 LevelAfter=2 LootInfo=-1 Name=LOC_CITIZEN_MAYA_FEMALE_7 Operation=58 PlotIndex=978
mission CityName=LOC_CITY_NAME_HALIFAX CompletionTurn=183 EscapeResult=-1 InitialResult=5 LevelAfter=2 LootInfo=-1 Name=LOC_CITIZEN_MAYA_FEMALE_6 Operation=58 PlotIndex=1409
mission CityName=LOC_CITY_NAME_SAINT_JOHN CompletionTurn=181 EscapeResult=-1 InitialResult=5 LevelAfter=2 LootInfo=-1 Name=LOC_CITIZEN_MAYA_MODERN_FEMALE_4 Operation=58 PlotIndex=1991
mission CityName=LOC_CITY_NAME_MONTREAL CompletionTurn=180 EscapeResult=0 InitialResult=4 LevelAfter=2 LootInfo=-1 Name=LOC_CITIZEN_MAYA_MODERN_FEMALE_5 Operation=58 PlotIndex=1314
mission CityName=LOC_CITY_NAME_TORONTO CompletionTurn=180 EscapeResult=2 InitialResult=4 LevelAfter=2 LootInfo=-1 Name=LOC_CITIZEN_MAYA_MALE_8 Operation=58 PlotIndex=1818
mission CityName=LOC_CITY_NAME_QUEBEC_CITY CompletionTurn=179 EscapeResult=2 InitialResult=4 LevelAfter=2 LootInfo=-1 Name=LOC_CITIZEN_MAYA_MALE_4 Operation=58 PlotIndex=1404
mission CityName=LOC_CITY_NAME_HALIFAX CompletionTurn=176 EscapeResult=0 InitialResult=4 LevelAfter=2 LootInfo=-1 Name=LOC_CITIZEN_MAYA_MALE_5 Operation=58 PlotIndex=1409
mission CityName=LOC_CITY_NAME_TORONTO CompletionTurn=176 EscapeResult=-1 InitialResult=5 LevelAfter=2 LootInfo=-1 Name=LOC_CITIZEN_MAYA_MALE_8 Operation=58 PlotIndex=1818
mission CityName=LOC_CITY_NAME_OTTAWA CompletionTurn=175 EscapeResult=1 InitialResult=2 LevelAfter=2 LootInfo=-1 Name=LOC_CITIZEN_MAYA_FEMALE_8 Operation=58 PlotIndex=978
mission CityName=LOC_CITY_NAME_MONTREAL CompletionTurn=175 EscapeResult=0 InitialResult=4 LevelAfter=2 LootInfo=-1 Name=LOC_CITIZEN_MAYA_MODERN_FEMALE_2 Operation=58 PlotIndex=1314
mission CityName=LOC_CITY_NAME_WINNIPEG CompletionTurn=174 EscapeResult=1 InitialResult=4 LevelAfter=2 LootInfo=-1 Name=LOC_CITIZEN_MAYA_MODERN_MALE_10 Operation=58 PlotIndex=1742
mission CityName=LOC_CITY_NAME_SAINT_JOHN CompletionTurn=173 EscapeResult=-1 InitialResult=1 LevelAfter=1 LootInfo=-1 Name=LOC_CITIZEN_MAYA_MODERN_FEMALE_1 Operation=58 PlotIndex=1991
mission CityName=LOC_CITY_NAME_QUEBEC_CITY CompletionTurn=173 EscapeResult=-1 InitialResult=1 LevelAfter=2 LootInfo=-1 Name=LOC_CITIZEN_MAYA_MALE_3 Operation=58 PlotIndex=1404
mission CityName=LOC_CITY_NAME_BRANTFORD CompletionTurn=172 EscapeResult=-1 InitialResult=1 LevelAfter=2 LootInfo=-1 Name=LOC_CITIZEN_MAYA_MODERN_FEMALE_7 Operation=58 PlotIndex=473
mission CityName=LOC_CITY_NAME_TORONTO CompletionTurn=172 EscapeResult=-1 InitialResult=5 LevelAfter=2 LootInfo=-1 Name=LOC_CITIZEN_MAYA_MALE_8 Operation=58 PlotIndex=1818
mission CityName=LOC_CITY_NAME_OTTAWA CompletionTurn=171 EscapeResult=-1 InitialResult=5 LevelAfter=2 LootInfo=-1 Name=LOC_CITIZEN_MAYA_FEMALE_8 Operation=58 PlotIndex=978
mission CityName=LOC_CITY_NAME_MONTREAL CompletionTurn=171 EscapeResult=-1 InitialResult=5 LevelAfter=2 LootInfo=-1 Name=LOC_CITIZEN_MAYA_MODERN_FEMALE_2 Operation=58 PlotIndex=1314
mission CityName=LOC_CITY_NAME_WINNIPEG CompletionTurn=170 EscapeResult=-1 InitialResult=3 LevelAfter=2 LootInfo=-1 Name=LOC_CITIZEN_MAYA_MODERN_MALE_10 Operation=58 PlotIndex=1742
mission CityName=LOC_CITY_NAME_QUEBEC_CITY CompletionTurn=169 EscapeResult=-1 InitialResult=5 LevelAfter=2 LootInfo=-1 Name=LOC_CITIZEN_MAYA_MALE_3 Operation=58 PlotIndex=1404
mission CityName=LOC_CITY_NAME_BRANTFORD CompletionTurn=168 EscapeResult=-1 InitialResult=5 LevelAfter=2 LootInfo=-1 Name=LOC_CITIZEN_MAYA_MODERN_FEMALE_7 Operation=58 PlotIndex=473
mission CityName=LOC_CITY_NAME_TORONTO CompletionTurn=168 EscapeResult=-1 InitialResult=3 LevelAfter=2 LootInfo=-1 Name=LOC_CITIZEN_MAYA_MALE_8 Operation=58 PlotIndex=1818
mission CityName=LOC_CITY_NAME_OTTAWA CompletionTurn=167 EscapeResult=-1 InitialResult=5 LevelAfter=2 LootInfo=-1 Name=LOC_CITIZEN_MAYA_FEMALE_8 Operation=58 PlotIndex=978
mission CityName=LOC_CITY_NAME_WINNIPEG CompletionTurn=166 EscapeResult=-1 InitialResult=5 LevelAfter=2 LootInfo=-1 Name=LOC_CITIZEN_MAYA_MODERN_MALE_10 Operation=58 PlotIndex=1742
mission CityName=LOC_CITY_NAME_HALIFAX CompletionTurn=166 EscapeResult=0 InitialResult=4 LevelAfter=2 LootInfo=-1 Name=LOC_CITIZEN_MAYA_FEMALE_4 Operation=58 PlotIndex=1409
mission CityName=LOC_CITY_NAME_QUEBEC_CITY CompletionTurn=165 EscapeResult=-1 InitialResult=3 LevelAfter=1 LootInfo=-1 Name=LOC_CITIZEN_MAYA_MALE_3 Operation=58 PlotIndex=1404
mission CityName=LOC_CITY_NAME_SAINT_JOHN CompletionTurn=164 EscapeResult=1 InitialResult=2 LevelAfter=1 LootInfo=-1 Name=LOC_CITIZEN_MAYA_MALE_6 Operation=58 PlotIndex=1991
mission CityName=LOC_CITY_NAME_OTTAWA CompletionTurn=163 EscapeResult=-1 InitialResult=5 LevelAfter=2 LootInfo=-1 Name=LOC_CITIZEN_MAYA_FEMALE_8 Operation=58 PlotIndex=978
mission CityName=LOC_CITY_NAME_WINNIPEG CompletionTurn=162 EscapeResult=-1 InitialResult=3 LevelAfter=1 LootInfo=-1 Name=LOC_CITIZEN_MAYA_MODERN_MALE_10 Operation=58 PlotIndex=1742
mission CityName=LOC_CITY_NAME_MONTREAL CompletionTurn=162 EscapeResult=0 InitialResult=2 LevelAfter=2 LootInfo=-1 Name=LOC_CITIZEN_MAYA_MODERN_FEMALE_3 Operation=58 PlotIndex=1314
mission CityName=LOC_CITY_NAME_SAINT_JOHN CompletionTurn=160 EscapeResult=-1 InitialResult=3 LevelAfter=1 LootInfo=-1 Name=LOC_CITIZEN_MAYA_MALE_6 Operation=58 PlotIndex=1991
mission CityName=LOC_CITY_NAME_TORONTO CompletionTurn=159 EscapeResult=2 InitialResult=2 LevelAfter=1 LootInfo=-1 Name=LOC_CITIZEN_MAYA_MODERN_FEMALE_5 Operation=58 PlotIndex=1818
mission CityName=LOC_CITY_NAME_HALIFAX CompletionTurn=159 EscapeResult=0 InitialResult=2 LevelAfter=2 LootInfo=-1 Name=LOC_CITIZEN_MAYA_MODERN_FEMALE_9 Operation=58 PlotIndex=1409
mission CityName=LOC_CITY_NAME_OTTAWA CompletionTurn=156 EscapeResult=-1 InitialResult=1 LevelAfter=1 LootInfo=-1 Name=LOC_CITIZEN_MAYA_MODERN_MALE_9 Operation=58 PlotIndex=978
mission CityName=LOC_CITY_NAME_QUEBEC_CITY CompletionTurn=156 EscapeResult=2 InitialResult=2 LevelAfter=2 LootInfo=-1 Name=LOC_CITIZEN_MAYA_MALE_8 Operation=58 PlotIndex=1404
mission CityName=LOC_CITY_NAME_SAINT_JOHN CompletionTurn=156 EscapeResult=-1 InitialResult=3 LevelAfter=1 LootInfo=-1 Name=LOC_CITIZEN_MAYA_MALE_6 Operation=58 PlotIndex=1991
mission CityName=LOC_CITY_NAME_HALIFAX CompletionTurn=154 EscapeResult=-1 InitialResult=5 LevelAfter=2 LootInfo=-1 Name=LOC_CITIZEN_MAYA_FEMALE_4 Operation=58 PlotIndex=1409
mission CityName=LOC_CITY_NAME_QUEBEC_CITY CompletionTurn=151 EscapeResult=-1 InitialResult=5 LevelAfter=2 LootInfo=-1 Name=LOC_CITIZEN_MAYA_MALE_8 Operation=58 PlotIndex=1404
mission CityName=LOC_CITY_NAME_MONTREAL CompletionTurn=150 EscapeResult=0 InitialResult=2 LevelAfter=2 LootInfo=-1 Name=LOC_CITIZEN_MAYA_MALE_1 Operation=58 PlotIndex=1314
mission CityName=LOC_CITY_NAME_OTTAWA CompletionTurn=148 EscapeResult=2 InitialResult=2 LevelAfter=2 LootInfo=-1 Name=LOC_CITIZEN_MAYA_MODERN_FEMALE_3 Operation=58 PlotIndex=978
mission CityName=LOC_CITY_NAME_TORONTO CompletionTurn=148 EscapeResult=0 InitialResult=2 LevelAfter=1 LootInfo=-1 Name=LOC_CITIZEN_MAYA_FEMALE_3 Operation=58 PlotIndex=1818
mission CityName=LOC_CITY_NAME_OTTAWA CompletionTurn=144 EscapeResult=-1 InitialResult=3 LevelAfter=1 LootInfo=-1 Name=LOC_CITIZEN_MAYA_MODERN_MALE_9 Operation=58 PlotIndex=978
mission CityName=LOC_CITY_NAME_QUEBEC_CITY CompletionTurn=142 EscapeResult=2 InitialResult=4 LevelAfter=2 LootInfo=-1 Name=LOC_CITIZEN_MAYA_MODERN_FEMALE_9 Operation=58 PlotIndex=1404
mission CityName=LOC_CITY_NAME_MONTREAL CompletionTurn=141 EscapeResult=0 InitialResult=2 LevelAfter=1 LootInfo=-1 Name=LOC_CITIZEN_MAYA_MODERN_MALE_1 Operation=58 PlotIndex=1314
mission CityName=LOC_CITY_NAME_TORONTO CompletionTurn=140 EscapeResult=-1 InitialResult=0 LevelAfter=1 LootInfo=-1 Name=LOC_CITIZEN_MAYA_MODERN_MALE_4 Operation=58 PlotIndex=1818
mission CityName=LOC_CITY_NAME_MONTREAL CompletionTurn=137 EscapeResult=-1 InitialResult=5 LevelAfter=2 LootInfo=-1 Name=LOC_CITIZEN_MAYA_MALE_1 Operation=58 PlotIndex=1314
mission CityName=LOC_CITY_NAME_OTTAWA CompletionTurn=134 EscapeResult=2 InitialResult=4 LevelAfter=2 LootInfo=-1 Name=LOC_CITIZEN_MAYA_MODERN_FEMALE_3 Operation=58 PlotIndex=978
tally 5  FOMENT_UNREST CAPTURED / NO_RESULT
tally 2  FOMENT_UNREST FAIL_MUST_ESCAPE / CAPTURED
tally 3  FOMENT_UNREST FAIL_MUST_ESCAPE / FAIL_MUST_ESCAPE
tally 5  FOMENT_UNREST FAIL_MUST_ESCAPE / KILLED
tally 1  FOMENT_UNREST FAIL_MUST_ESCAPE / NO_RESULT
tally 9  FOMENT_UNREST FAIL_UNDETECTED / NO_RESULT
tally 1  FOMENT_UNREST KILLED / NO_RESULT
tally 1  FOMENT_UNREST SUCCESS_MUST_ESCAPE / CAPTURED
tally 6  FOMENT_UNREST SUCCESS_MUST_ESCAPE / FAIL_MUST_ESCAPE
tally 4  FOMENT_UNREST SUCCESS_MUST_ESCAPE / KILLED
tally 2  FOMENT_UNREST SUCCESS_MUST_ESCAPE / NO_RESULT
tally 16  FOMENT_UNREST SUCCESS_UNDETECTED / NO_RESULT
turn 191 spies active 4 idle 3 missions 55 captured-enemy 0
spy 8650763 LOC_CITIZEN_MAYA_MALE_8 level 1 at 36:42 travel
spy 7798805 LOC_CITIZEN_MAYA_FEMALE_1 level 1 at 62:20 busy
spy 7536668 LOC_CITIZEN_MAYA_FEMALE_7 level 1 at 54:11 busy
spy 7012382 LOC_CITIZEN_MAYA_FEMALE_6 level 1 at 65:16 busy
spy 8126496 LOC_CITIZEN_MAYA_MALE_2 level 1 at 60:16 busy
spy 8388641 LOC_CITIZEN_MAYA_MODERN_MALE_4 level 1 at 53:5 start
spy 8519715 LOC_CITIZEN_MAYA_MALE_6 level 1 at 54:15 start
turn 191 spies 7 started 2 travelled 1 promoted 0 bought 0 gold 50000
unblock: blocker ENDTURN_BLOCKING_SPY_CHOOSE_ESCAPE_ROUTE -> escape route DISTRICT_CITY_CENTER of 1 for spy 7798805 LOC_CITIZEN_MAYA_FEMALE_1 level 1 turn 191 | end turn requested
unblock: blocker ENDTURN_BLOCKING_SPY_CHOOSE_ESCAPE_ROUTE -> escape route DISTRICT_COMMERCIAL_HUB of 2 for spy 7536668 LOC_CITIZEN_MAYA_FEMALE_7 level 1 turn 191 | end turn requested
mission CityName=LOC_CITY_NAME_QUEBEC_CITY CompletionTurn=192 EscapeResult=-1 InitialResult=1 LevelAfter=2 LootInfo=-1 Name=LOC_CITIZEN_MAYA_MALE_2 Operation=58 PlotIndex=1404
mission CityName=LOC_CITY_NAME_BRANTFORD CompletionTurn=191 EscapeResult=-1 InitialResult=3 LevelAfter=1 LootInfo=-1 Name=LOC_CITIZEN_MAYA_MODERN_MALE_4 Operation=58 PlotIndex=473
mission CityName=LOC_CITY_NAME_MONTREAL CompletionTurn=191 EscapeResult=-1 InitialResult=1 LevelAfter=2 LootInfo=-1 Name=LOC_CITIZEN_MAYA_MALE_4 Operation=58 PlotIndex=1314
mission CityName=LOC_CITY_NAME_SAINT_JOHN CompletionTurn=189 EscapeResult=2 InitialResult=4 LevelAfter=2 LootInfo=-1 Name=LOC_CITIZEN_MAYA_MODERN_FEMALE_4 Operation=58 PlotIndex=1991
mission CityName=LOC_CITY_NAME_QUEBEC_CITY CompletionTurn=188 EscapeResult=-1 InitialResult=5 LevelAfter=2 LootInfo=-1 Name=LOC_CITIZEN_MAYA_MALE_2 Operation=58 PlotIndex=1404
mission CityName=LOC_CITY_NAME_OTTAWA CompletionTurn=188 EscapeResult=-1 InitialResult=4 LevelAfter=2 LootInfo=-1 Name=LOC_CITIZEN_MAYA_FEMALE_7 Operation=58 PlotIndex=978
mission CityName=LOC_CITY_NAME_TORONTO CompletionTurn=188 EscapeResult=2 InitialResult=4 LevelAfter=2 LootInfo=-1 Name=LOC_CITIZEN_MAYA_MALE_8 Operation=58 PlotIndex=1818
mission CityName=LOC_CITY_NAME_HALIFAX CompletionTurn=187 EscapeResult=-1 InitialResult=4 LevelAfter=2 LootInfo=-1 Name=LOC_CITIZEN_MAYA_FEMALE_6 Operation=58 PlotIndex=1409
mission CityName=LOC_CITY_NAME_WINNIPEG CompletionTurn=187 EscapeResult=1 InitialResult=2 LevelAfter=1 LootInfo=-1 Name=LOC_CITIZEN_MAYA_FEMALE_1 Operation=58 PlotIndex=1742
mission CityName=LOC_CITY_NAME_SAINT_JOHN CompletionTurn=185 EscapeResult=-1 InitialResult=3 LevelAfter=2 LootInfo=-1 Name=LOC_CITIZEN_MAYA_MODERN_FEMALE_4 Operation=58 PlotIndex=1991
mission CityName=LOC_CITY_NAME_OTTAWA CompletionTurn=184 EscapeResult=-1 InitialResult=5 LevelAfter=2 LootInfo=-1 Name=LOC_CITIZEN_MAYA_FEMALE_7 Operation=58 PlotIndex=978
mission CityName=LOC_CITY_NAME_HALIFAX CompletionTurn=183 EscapeResult=-1 InitialResult=5 LevelAfter=2 LootInfo=-1 Name=LOC_CITIZEN_MAYA_FEMALE_6 Operation=58 PlotIndex=1409
mission CityName=LOC_CITY_NAME_SAINT_JOHN CompletionTurn=181 EscapeResult=-1 InitialResult=5 LevelAfter=2 LootInfo=-1 Name=LOC_CITIZEN_MAYA_MODERN_FEMALE_4 Operation=58 PlotIndex=1991
mission CityName=LOC_CITY_NAME_MONTREAL CompletionTurn=180 EscapeResult=0 InitialResult=4 LevelAfter=2 LootInfo=-1 Name=LOC_CITIZEN_MAYA_MODERN_FEMALE_5 Operation=58 PlotIndex=1314
mission CityName=LOC_CITY_NAME_TORONTO CompletionTurn=180 EscapeResult=2 InitialResult=4 LevelAfter=2 LootInfo=-1 Name=LOC_CITIZEN_MAYA_MALE_8 Operation=58 PlotIndex=1818
mission CityName=LOC_CITY_NAME_QUEBEC_CITY CompletionTurn=179 EscapeResult=2 InitialResult=4 LevelAfter=2 LootInfo=-1 Name=LOC_CITIZEN_MAYA_MALE_4 Operation=58 PlotIndex=1404
mission CityName=LOC_CITY_NAME_HALIFAX CompletionTurn=176 EscapeResult=0 InitialResult=4 LevelAfter=2 LootInfo=-1 Name=LOC_CITIZEN_MAYA_MALE_5 Operation=58 PlotIndex=1409
mission CityName=LOC_CITY_NAME_TORONTO CompletionTurn=176 EscapeResult=-1 InitialResult=5 LevelAfter=2 LootInfo=-1 Name=LOC_CITIZEN_MAYA_MALE_8 Operation=58 PlotIndex=1818
mission CityName=LOC_CITY_NAME_OTTAWA CompletionTurn=175 EscapeResult=1 InitialResult=2 LevelAfter=2 LootInfo=-1 Name=LOC_CITIZEN_MAYA_FEMALE_8 Operation=58 PlotIndex=978
mission CityName=LOC_CITY_NAME_MONTREAL CompletionTurn=175 EscapeResult=0 InitialResult=4 LevelAfter=2 LootInfo=-1 Name=LOC_CITIZEN_MAYA_MODERN_FEMALE_2 Operation=58 PlotIndex=1314
mission CityName=LOC_CITY_NAME_WINNIPEG CompletionTurn=174 EscapeResult=1 InitialResult=4 LevelAfter=2 LootInfo=-1 Name=LOC_CITIZEN_MAYA_MODERN_MALE_10 Operation=58 PlotIndex=1742
mission CityName=LOC_CITY_NAME_SAINT_JOHN CompletionTurn=173 EscapeResult=-1 InitialResult=1 LevelAfter=1 LootInfo=-1 Name=LOC_CITIZEN_MAYA_MODERN_FEMALE_1 Operation=58 PlotIndex=1991
mission CityName=LOC_CITY_NAME_QUEBEC_CITY CompletionTurn=173 EscapeResult=-1 InitialResult=1 LevelAfter=2 LootInfo=-1 Name=LOC_CITIZEN_MAYA_MALE_3 Operation=58 PlotIndex=1404
mission CityName=LOC_CITY_NAME_BRANTFORD CompletionTurn=172 EscapeResult=-1 InitialResult=1 LevelAfter=2 LootInfo=-1 Name=LOC_CITIZEN_MAYA_MODERN_FEMALE_7 Operation=58 PlotIndex=473
mission CityName=LOC_CITY_NAME_TORONTO CompletionTurn=172 EscapeResult=-1 InitialResult=5 LevelAfter=2 LootInfo=-1 Name=LOC_CITIZEN_MAYA_MALE_8 Operation=58 PlotIndex=1818
mission CityName=LOC_CITY_NAME_OTTAWA CompletionTurn=171 EscapeResult=-1 InitialResult=5 LevelAfter=2 LootInfo=-1 Name=LOC_CITIZEN_MAYA_FEMALE_8 Operation=58 PlotIndex=978
mission CityName=LOC_CITY_NAME_MONTREAL CompletionTurn=171 EscapeResult=-1 InitialResult=5 LevelAfter=2 LootInfo=-1 Name=LOC_CITIZEN_MAYA_MODERN_FEMALE_2 Operation=58 PlotIndex=1314
mission CityName=LOC_CITY_NAME_WINNIPEG CompletionTurn=170 EscapeResult=-1 InitialResult=3 LevelAfter=2 LootInfo=-1 Name=LOC_CITIZEN_MAYA_MODERN_MALE_10 Operation=58 PlotIndex=1742
mission CityName=LOC_CITY_NAME_QUEBEC_CITY CompletionTurn=169 EscapeResult=-1 InitialResult=5 LevelAfter=2 LootInfo=-1 Name=LOC_CITIZEN_MAYA_MALE_3 Operation=58 PlotIndex=1404
mission CityName=LOC_CITY_NAME_BRANTFORD CompletionTurn=168 EscapeResult=-1 InitialResult=5 LevelAfter=2 LootInfo=-1 Name=LOC_CITIZEN_MAYA_MODERN_FEMALE_7 Operation=58 PlotIndex=473
mission CityName=LOC_CITY_NAME_TORONTO CompletionTurn=168 EscapeResult=-1 InitialResult=3 LevelAfter=2 LootInfo=-1 Name=LOC_CITIZEN_MAYA_MALE_8 Operation=58 PlotIndex=1818
mission CityName=LOC_CITY_NAME_OTTAWA CompletionTurn=167 EscapeResult=-1 InitialResult=5 LevelAfter=2 LootInfo=-1 Name=LOC_CITIZEN_MAYA_FEMALE_8 Operation=58 PlotIndex=978
mission CityName=LOC_CITY_NAME_WINNIPEG CompletionTurn=166 EscapeResult=-1 InitialResult=5 LevelAfter=2 LootInfo=-1 Name=LOC_CITIZEN_MAYA_MODERN_MALE_10 Operation=58 PlotIndex=1742
mission CityName=LOC_CITY_NAME_HALIFAX CompletionTurn=166 EscapeResult=0 InitialResult=4 LevelAfter=2 LootInfo=-1 Name=LOC_CITIZEN_MAYA_FEMALE_4 Operation=58 PlotIndex=1409
mission CityName=LOC_CITY_NAME_QUEBEC_CITY CompletionTurn=165 EscapeResult=-1 InitialResult=3 LevelAfter=1 LootInfo=-1 Name=LOC_CITIZEN_MAYA_MALE_3 Operation=58 PlotIndex=1404
mission CityName=LOC_CITY_NAME_SAINT_JOHN CompletionTurn=164 EscapeResult=1 InitialResult=2 LevelAfter=1 LootInfo=-1 Name=LOC_CITIZEN_MAYA_MALE_6 Operation=58 PlotIndex=1991
mission CityName=LOC_CITY_NAME_OTTAWA CompletionTurn=163 EscapeResult=-1 InitialResult=5 LevelAfter=2 LootInfo=-1 Name=LOC_CITIZEN_MAYA_FEMALE_8 Operation=58 PlotIndex=978
mission CityName=LOC_CITY_NAME_WINNIPEG CompletionTurn=162 EscapeResult=-1 InitialResult=3 LevelAfter=1 LootInfo=-1 Name=LOC_CITIZEN_MAYA_MODERN_MALE_10 Operation=58 PlotIndex=1742
mission CityName=LOC_CITY_NAME_MONTREAL CompletionTurn=162 EscapeResult=0 InitialResult=2 LevelAfter=2 LootInfo=-1 Name=LOC_CITIZEN_MAYA_MODERN_FEMALE_3 Operation=58 PlotIndex=1314
mission CityName=LOC_CITY_NAME_SAINT_JOHN CompletionTurn=160 EscapeResult=-1 InitialResult=3 LevelAfter=1 LootInfo=-1 Name=LOC_CITIZEN_MAYA_MALE_6 Operation=58 PlotIndex=1991
mission CityName=LOC_CITY_NAME_TORONTO CompletionTurn=159 EscapeResult=2 InitialResult=2 LevelAfter=1 LootInfo=-1 Name=LOC_CITIZEN_MAYA_MODERN_FEMALE_5 Operation=58 PlotIndex=1818
mission CityName=LOC_CITY_NAME_HALIFAX CompletionTurn=159 EscapeResult=0 InitialResult=2 LevelAfter=2 LootInfo=-1 Name=LOC_CITIZEN_MAYA_MODERN_FEMALE_9 Operation=58 PlotIndex=1409
mission CityName=LOC_CITY_NAME_OTTAWA CompletionTurn=156 EscapeResult=-1 InitialResult=1 LevelAfter=1 LootInfo=-1 Name=LOC_CITIZEN_MAYA_MODERN_MALE_9 Operation=58 PlotIndex=978
mission CityName=LOC_CITY_NAME_QUEBEC_CITY CompletionTurn=156 EscapeResult=2 InitialResult=2 LevelAfter=2 LootInfo=-1 Name=LOC_CITIZEN_MAYA_MALE_8 Operation=58 PlotIndex=1404
mission CityName=LOC_CITY_NAME_SAINT_JOHN CompletionTurn=156 EscapeResult=-1 InitialResult=3 LevelAfter=1 LootInfo=-1 Name=LOC_CITIZEN_MAYA_MALE_6 Operation=58 PlotIndex=1991
mission CityName=LOC_CITY_NAME_HALIFAX CompletionTurn=154 EscapeResult=-1 InitialResult=5 LevelAfter=2 LootInfo=-1 Name=LOC_CITIZEN_MAYA_FEMALE_4 Operation=58 PlotIndex=1409
mission CityName=LOC_CITY_NAME_QUEBEC_CITY CompletionTurn=151 EscapeResult=-1 InitialResult=5 LevelAfter=2 LootInfo=-1 Name=LOC_CITIZEN_MAYA_MALE_8 Operation=58 PlotIndex=1404
mission CityName=LOC_CITY_NAME_MONTREAL CompletionTurn=150 EscapeResult=0 InitialResult=2 LevelAfter=2 LootInfo=-1 Name=LOC_CITIZEN_MAYA_MALE_1 Operation=58 PlotIndex=1314
mission CityName=LOC_CITY_NAME_OTTAWA CompletionTurn=148 EscapeResult=2 InitialResult=2 LevelAfter=2 LootInfo=-1 Name=LOC_CITIZEN_MAYA_MODERN_FEMALE_3 Operation=58 PlotIndex=978
mission CityName=LOC_CITY_NAME_TORONTO CompletionTurn=148 EscapeResult=0 InitialResult=2 LevelAfter=1 LootInfo=-1 Name=LOC_CITIZEN_MAYA_FEMALE_3 Operation=58 PlotIndex=1818
mission CityName=LOC_CITY_NAME_OTTAWA CompletionTurn=144 EscapeResult=-1 InitialResult=3 LevelAfter=1 LootInfo=-1 Name=LOC_CITIZEN_MAYA_MODERN_MALE_9 Operation=58 PlotIndex=978
mission CityName=LOC_CITY_NAME_QUEBEC_CITY CompletionTurn=142 EscapeResult=2 InitialResult=4 LevelAfter=2 LootInfo=-1 Name=LOC_CITIZEN_MAYA_MODERN_FEMALE_9 Operation=58 PlotIndex=1404
mission CityName=LOC_CITY_NAME_MONTREAL CompletionTurn=141 EscapeResult=0 InitialResult=2 LevelAfter=1 LootInfo=-1 Name=LOC_CITIZEN_MAYA_MODERN_MALE_1 Operation=58 PlotIndex=1314
mission CityName=LOC_CITY_NAME_TORONTO CompletionTurn=140 EscapeResult=-1 InitialResult=0 LevelAfter=1 LootInfo=-1 Name=LOC_CITIZEN_MAYA_MODERN_MALE_4 Operation=58 PlotIndex=1818
mission CityName=LOC_CITY_NAME_MONTREAL CompletionTurn=137 EscapeResult=-1 InitialResult=5 LevelAfter=2 LootInfo=-1 Name=LOC_CITIZEN_MAYA_MALE_1 Operation=58 PlotIndex=1314
mission CityName=LOC_CITY_NAME_OTTAWA CompletionTurn=134 EscapeResult=2 InitialResult=4 LevelAfter=2 LootInfo=-1 Name=LOC_CITIZEN_MAYA_MODERN_FEMALE_3 Operation=58 PlotIndex=978
tally 6  FOMENT_UNREST CAPTURED / NO_RESULT
tally 3  FOMENT_UNREST FAIL_MUST_ESCAPE / CAPTURED
tally 3  FOMENT_UNREST FAIL_MUST_ESCAPE / FAIL_MUST_ESCAPE
tally 5  FOMENT_UNREST FAIL_MUST_ESCAPE / KILLED
tally 9  FOMENT_UNREST FAIL_UNDETECTED / NO_RESULT
tally 1  FOMENT_UNREST KILLED / NO_RESULT
tally 1  FOMENT_UNREST SUCCESS_MUST_ESCAPE / CAPTURED
tally 6  FOMENT_UNREST SUCCESS_MUST_ESCAPE / FAIL_MUST_ESCAPE
tally 4  FOMENT_UNREST SUCCESS_MUST_ESCAPE / KILLED
tally 2  FOMENT_UNREST SUCCESS_MUST_ESCAPE / NO_RESULT
tally 16  FOMENT_UNREST SUCCESS_UNDETECTED / NO_RESULT
turn 192 spies active 4 idle 0 missions 56 captured-enemy 0
spy 7536668 LOC_CITIZEN_MAYA_FEMALE_7 level 1 at 54:11 busy
spy 7012382 LOC_CITIZEN_MAYA_FEMALE_6 level 1 at 65:16 busy
spy 8388641 LOC_CITIZEN_MAYA_MODERN_MALE_4 level 1 at 53:5 busy
spy 8519715 LOC_CITIZEN_MAYA_MALE_6 level 1 at 54:15 busy
turn 192 spies 4 started 0 travelled 0 promoted 0 bought 0 gold 50000
unblock: blocker ENDTURN_BLOCKING_SPY_CHOOSE_ESCAPE_ROUTE -> escape route DISTRICT_COMMERCIAL_HUB of 2 for spy 7536668 LOC_CITIZEN_MAYA_FEMALE_7 level 1 turn 192 | end turn requested
unblock: blocker ENDTURN_BLOCKING_SPY_CHOOSE_ESCAPE_ROUTE -> escape route DISTRICT_CITY_CENTER of 1 for spy 7012382 LOC_CITIZEN_MAYA_FEMALE_6 level 1 turn 192 | end turn requested
mission CityName=LOC_CITY_NAME_QUEBEC_CITY CompletionTurn=192 EscapeResult=-1 InitialResult=1 LevelAfter=2 LootInfo=-1 Name=LOC_CITIZEN_MAYA_MALE_2 Operation=58 PlotIndex=1404
mission CityName=LOC_CITY_NAME_BRANTFORD CompletionTurn=191 EscapeResult=-1 InitialResult=3 LevelAfter=1 LootInfo=-1 Name=LOC_CITIZEN_MAYA_MODERN_MALE_4 Operation=58 PlotIndex=473
mission CityName=LOC_CITY_NAME_MONTREAL CompletionTurn=191 EscapeResult=-1 InitialResult=1 LevelAfter=2 LootInfo=-1 Name=LOC_CITIZEN_MAYA_MALE_4 Operation=58 PlotIndex=1314
mission CityName=LOC_CITY_NAME_SAINT_JOHN CompletionTurn=189 EscapeResult=2 InitialResult=4 LevelAfter=2 LootInfo=-1 Name=LOC_CITIZEN_MAYA_MODERN_FEMALE_4 Operation=58 PlotIndex=1991
mission CityName=LOC_CITY_NAME_QUEBEC_CITY CompletionTurn=188 EscapeResult=-1 InitialResult=5 LevelAfter=2 LootInfo=-1 Name=LOC_CITIZEN_MAYA_MALE_2 Operation=58 PlotIndex=1404
mission CityName=LOC_CITY_NAME_OTTAWA CompletionTurn=188 EscapeResult=0 InitialResult=4 LevelAfter=2 LootInfo=-1 Name=LOC_CITIZEN_MAYA_FEMALE_7 Operation=58 PlotIndex=978
mission CityName=LOC_CITY_NAME_TORONTO CompletionTurn=188 EscapeResult=2 InitialResult=4 LevelAfter=2 LootInfo=-1 Name=LOC_CITIZEN_MAYA_MALE_8 Operation=58 PlotIndex=1818
mission CityName=LOC_CITY_NAME_HALIFAX CompletionTurn=187 EscapeResult=-1 InitialResult=4 LevelAfter=2 LootInfo=-1 Name=LOC_CITIZEN_MAYA_FEMALE_6 Operation=58 PlotIndex=1409
mission CityName=LOC_CITY_NAME_WINNIPEG CompletionTurn=187 EscapeResult=1 InitialResult=2 LevelAfter=1 LootInfo=-1 Name=LOC_CITIZEN_MAYA_FEMALE_1 Operation=58 PlotIndex=1742
mission CityName=LOC_CITY_NAME_SAINT_JOHN CompletionTurn=185 EscapeResult=-1 InitialResult=3 LevelAfter=2 LootInfo=-1 Name=LOC_CITIZEN_MAYA_MODERN_FEMALE_4 Operation=58 PlotIndex=1991
mission CityName=LOC_CITY_NAME_OTTAWA CompletionTurn=184 EscapeResult=-1 InitialResult=5 LevelAfter=2 LootInfo=-1 Name=LOC_CITIZEN_MAYA_FEMALE_7 Operation=58 PlotIndex=978
mission CityName=LOC_CITY_NAME_HALIFAX CompletionTurn=183 EscapeResult=-1 InitialResult=5 LevelAfter=2 LootInfo=-1 Name=LOC_CITIZEN_MAYA_FEMALE_6 Operation=58 PlotIndex=1409
mission CityName=LOC_CITY_NAME_SAINT_JOHN CompletionTurn=181 EscapeResult=-1 InitialResult=5 LevelAfter=2 LootInfo=-1 Name=LOC_CITIZEN_MAYA_MODERN_FEMALE_4 Operation=58 PlotIndex=1991
mission CityName=LOC_CITY_NAME_MONTREAL CompletionTurn=180 EscapeResult=0 InitialResult=4 LevelAfter=2 LootInfo=-1 Name=LOC_CITIZEN_MAYA_MODERN_FEMALE_5 Operation=58 PlotIndex=1314
mission CityName=LOC_CITY_NAME_TORONTO CompletionTurn=180 EscapeResult=2 InitialResult=4 LevelAfter=2 LootInfo=-1 Name=LOC_CITIZEN_MAYA_MALE_8 Operation=58 PlotIndex=1818
mission CityName=LOC_CITY_NAME_QUEBEC_CITY CompletionTurn=179 EscapeResult=2 InitialResult=4 LevelAfter=2 LootInfo=-1 Name=LOC_CITIZEN_MAYA_MALE_4 Operation=58 PlotIndex=1404
mission CityName=LOC_CITY_NAME_HALIFAX CompletionTurn=176 EscapeResult=0 InitialResult=4 LevelAfter=2 LootInfo=-1 Name=LOC_CITIZEN_MAYA_MALE_5 Operation=58 PlotIndex=1409
mission CityName=LOC_CITY_NAME_TORONTO CompletionTurn=176 EscapeResult=-1 InitialResult=5 LevelAfter=2 LootInfo=-1 Name=LOC_CITIZEN_MAYA_MALE_8 Operation=58 PlotIndex=1818
mission CityName=LOC_CITY_NAME_OTTAWA CompletionTurn=175 EscapeResult=1 InitialResult=2 LevelAfter=2 LootInfo=-1 Name=LOC_CITIZEN_MAYA_FEMALE_8 Operation=58 PlotIndex=978
mission CityName=LOC_CITY_NAME_MONTREAL CompletionTurn=175 EscapeResult=0 InitialResult=4 LevelAfter=2 LootInfo=-1 Name=LOC_CITIZEN_MAYA_MODERN_FEMALE_2 Operation=58 PlotIndex=1314
mission CityName=LOC_CITY_NAME_WINNIPEG CompletionTurn=174 EscapeResult=1 InitialResult=4 LevelAfter=2 LootInfo=-1 Name=LOC_CITIZEN_MAYA_MODERN_MALE_10 Operation=58 PlotIndex=1742
mission CityName=LOC_CITY_NAME_SAINT_JOHN CompletionTurn=173 EscapeResult=-1 InitialResult=1 LevelAfter=1 LootInfo=-1 Name=LOC_CITIZEN_MAYA_MODERN_FEMALE_1 Operation=58 PlotIndex=1991
mission CityName=LOC_CITY_NAME_QUEBEC_CITY CompletionTurn=173 EscapeResult=-1 InitialResult=1 LevelAfter=2 LootInfo=-1 Name=LOC_CITIZEN_MAYA_MALE_3 Operation=58 PlotIndex=1404
mission CityName=LOC_CITY_NAME_BRANTFORD CompletionTurn=172 EscapeResult=-1 InitialResult=1 LevelAfter=2 LootInfo=-1 Name=LOC_CITIZEN_MAYA_MODERN_FEMALE_7 Operation=58 PlotIndex=473
mission CityName=LOC_CITY_NAME_TORONTO CompletionTurn=172 EscapeResult=-1 InitialResult=5 LevelAfter=2 LootInfo=-1 Name=LOC_CITIZEN_MAYA_MALE_8 Operation=58 PlotIndex=1818
mission CityName=LOC_CITY_NAME_OTTAWA CompletionTurn=171 EscapeResult=-1 InitialResult=5 LevelAfter=2 LootInfo=-1 Name=LOC_CITIZEN_MAYA_FEMALE_8 Operation=58 PlotIndex=978
mission CityName=LOC_CITY_NAME_MONTREAL CompletionTurn=171 EscapeResult=-1 InitialResult=5 LevelAfter=2 LootInfo=-1 Name=LOC_CITIZEN_MAYA_MODERN_FEMALE_2 Operation=58 PlotIndex=1314
mission CityName=LOC_CITY_NAME_WINNIPEG CompletionTurn=170 EscapeResult=-1 InitialResult=3 LevelAfter=2 LootInfo=-1 Name=LOC_CITIZEN_MAYA_MODERN_MALE_10 Operation=58 PlotIndex=1742
mission CityName=LOC_CITY_NAME_QUEBEC_CITY CompletionTurn=169 EscapeResult=-1 InitialResult=5 LevelAfter=2 LootInfo=-1 Name=LOC_CITIZEN_MAYA_MALE_3 Operation=58 PlotIndex=1404
mission CityName=LOC_CITY_NAME_BRANTFORD CompletionTurn=168 EscapeResult=-1 InitialResult=5 LevelAfter=2 LootInfo=-1 Name=LOC_CITIZEN_MAYA_MODERN_FEMALE_7 Operation=58 PlotIndex=473
mission CityName=LOC_CITY_NAME_TORONTO CompletionTurn=168 EscapeResult=-1 InitialResult=3 LevelAfter=2 LootInfo=-1 Name=LOC_CITIZEN_MAYA_MALE_8 Operation=58 PlotIndex=1818
mission CityName=LOC_CITY_NAME_OTTAWA CompletionTurn=167 EscapeResult=-1 InitialResult=5 LevelAfter=2 LootInfo=-1 Name=LOC_CITIZEN_MAYA_FEMALE_8 Operation=58 PlotIndex=978
mission CityName=LOC_CITY_NAME_WINNIPEG CompletionTurn=166 EscapeResult=-1 InitialResult=5 LevelAfter=2 LootInfo=-1 Name=LOC_CITIZEN_MAYA_MODERN_MALE_10 Operation=58 PlotIndex=1742
mission CityName=LOC_CITY_NAME_HALIFAX CompletionTurn=166 EscapeResult=0 InitialResult=4 LevelAfter=2 LootInfo=-1 Name=LOC_CITIZEN_MAYA_FEMALE_4 Operation=58 PlotIndex=1409
mission CityName=LOC_CITY_NAME_QUEBEC_CITY CompletionTurn=165 EscapeResult=-1 InitialResult=3 LevelAfter=1 LootInfo=-1 Name=LOC_CITIZEN_MAYA_MALE_3 Operation=58 PlotIndex=1404
mission CityName=LOC_CITY_NAME_SAINT_JOHN CompletionTurn=164 EscapeResult=1 InitialResult=2 LevelAfter=1 LootInfo=-1 Name=LOC_CITIZEN_MAYA_MALE_6 Operation=58 PlotIndex=1991
mission CityName=LOC_CITY_NAME_OTTAWA CompletionTurn=163 EscapeResult=-1 InitialResult=5 LevelAfter=2 LootInfo=-1 Name=LOC_CITIZEN_MAYA_FEMALE_8 Operation=58 PlotIndex=978
mission CityName=LOC_CITY_NAME_WINNIPEG CompletionTurn=162 EscapeResult=-1 InitialResult=3 LevelAfter=1 LootInfo=-1 Name=LOC_CITIZEN_MAYA_MODERN_MALE_10 Operation=58 PlotIndex=1742
mission CityName=LOC_CITY_NAME_MONTREAL CompletionTurn=162 EscapeResult=0 InitialResult=2 LevelAfter=2 LootInfo=-1 Name=LOC_CITIZEN_MAYA_MODERN_FEMALE_3 Operation=58 PlotIndex=1314
mission CityName=LOC_CITY_NAME_SAINT_JOHN CompletionTurn=160 EscapeResult=-1 InitialResult=3 LevelAfter=1 LootInfo=-1 Name=LOC_CITIZEN_MAYA_MALE_6 Operation=58 PlotIndex=1991
mission CityName=LOC_CITY_NAME_TORONTO CompletionTurn=159 EscapeResult=2 InitialResult=2 LevelAfter=1 LootInfo=-1 Name=LOC_CITIZEN_MAYA_MODERN_FEMALE_5 Operation=58 PlotIndex=1818
mission CityName=LOC_CITY_NAME_HALIFAX CompletionTurn=159 EscapeResult=0 InitialResult=2 LevelAfter=2 LootInfo=-1 Name=LOC_CITIZEN_MAYA_MODERN_FEMALE_9 Operation=58 PlotIndex=1409
mission CityName=LOC_CITY_NAME_OTTAWA CompletionTurn=156 EscapeResult=-1 InitialResult=1 LevelAfter=1 LootInfo=-1 Name=LOC_CITIZEN_MAYA_MODERN_MALE_9 Operation=58 PlotIndex=978
mission CityName=LOC_CITY_NAME_QUEBEC_CITY CompletionTurn=156 EscapeResult=2 InitialResult=2 LevelAfter=2 LootInfo=-1 Name=LOC_CITIZEN_MAYA_MALE_8 Operation=58 PlotIndex=1404
mission CityName=LOC_CITY_NAME_SAINT_JOHN CompletionTurn=156 EscapeResult=-1 InitialResult=3 LevelAfter=1 LootInfo=-1 Name=LOC_CITIZEN_MAYA_MALE_6 Operation=58 PlotIndex=1991
mission CityName=LOC_CITY_NAME_HALIFAX CompletionTurn=154 EscapeResult=-1 InitialResult=5 LevelAfter=2 LootInfo=-1 Name=LOC_CITIZEN_MAYA_FEMALE_4 Operation=58 PlotIndex=1409
mission CityName=LOC_CITY_NAME_QUEBEC_CITY CompletionTurn=151 EscapeResult=-1 InitialResult=5 LevelAfter=2 LootInfo=-1 Name=LOC_CITIZEN_MAYA_MALE_8 Operation=58 PlotIndex=1404
mission CityName=LOC_CITY_NAME_MONTREAL CompletionTurn=150 EscapeResult=0 InitialResult=2 LevelAfter=2 LootInfo=-1 Name=LOC_CITIZEN_MAYA_MALE_1 Operation=58 PlotIndex=1314
mission CityName=LOC_CITY_NAME_OTTAWA CompletionTurn=148 EscapeResult=2 InitialResult=2 LevelAfter=2 LootInfo=-1 Name=LOC_CITIZEN_MAYA_MODERN_FEMALE_3 Operation=58 PlotIndex=978
mission CityName=LOC_CITY_NAME_TORONTO CompletionTurn=148 EscapeResult=0 InitialResult=2 LevelAfter=1 LootInfo=-1 Name=LOC_CITIZEN_MAYA_FEMALE_3 Operation=58 PlotIndex=1818
mission CityName=LOC_CITY_NAME_OTTAWA CompletionTurn=144 EscapeResult=-1 InitialResult=3 LevelAfter=1 LootInfo=-1 Name=LOC_CITIZEN_MAYA_MODERN_MALE_9 Operation=58 PlotIndex=978
mission CityName=LOC_CITY_NAME_QUEBEC_CITY CompletionTurn=142 EscapeResult=2 InitialResult=4 LevelAfter=2 LootInfo=-1 Name=LOC_CITIZEN_MAYA_MODERN_FEMALE_9 Operation=58 PlotIndex=1404
mission CityName=LOC_CITY_NAME_MONTREAL CompletionTurn=141 EscapeResult=0 InitialResult=2 LevelAfter=1 LootInfo=-1 Name=LOC_CITIZEN_MAYA_MODERN_MALE_1 Operation=58 PlotIndex=1314
mission CityName=LOC_CITY_NAME_TORONTO CompletionTurn=140 EscapeResult=-1 InitialResult=0 LevelAfter=1 LootInfo=-1 Name=LOC_CITIZEN_MAYA_MODERN_MALE_4 Operation=58 PlotIndex=1818
mission CityName=LOC_CITY_NAME_MONTREAL CompletionTurn=137 EscapeResult=-1 InitialResult=5 LevelAfter=2 LootInfo=-1 Name=LOC_CITIZEN_MAYA_MALE_1 Operation=58 PlotIndex=1314
mission CityName=LOC_CITY_NAME_OTTAWA CompletionTurn=134 EscapeResult=2 InitialResult=4 LevelAfter=2 LootInfo=-1 Name=LOC_CITIZEN_MAYA_MODERN_FEMALE_3 Operation=58 PlotIndex=978
tally 6  FOMENT_UNREST CAPTURED / NO_RESULT
tally 3  FOMENT_UNREST FAIL_MUST_ESCAPE / CAPTURED
tally 3  FOMENT_UNREST FAIL_MUST_ESCAPE / FAIL_MUST_ESCAPE
tally 5  FOMENT_UNREST FAIL_MUST_ESCAPE / KILLED
tally 9  FOMENT_UNREST FAIL_UNDETECTED / NO_RESULT
tally 1  FOMENT_UNREST KILLED / NO_RESULT
tally 1  FOMENT_UNREST SUCCESS_MUST_ESCAPE / CAPTURED
tally 6  FOMENT_UNREST SUCCESS_MUST_ESCAPE / FAIL_MUST_ESCAPE
tally 5  FOMENT_UNREST SUCCESS_MUST_ESCAPE / KILLED
tally 1  FOMENT_UNREST SUCCESS_MUST_ESCAPE / NO_RESULT
tally 16  FOMENT_UNREST SUCCESS_UNDETECTED / NO_RESULT
turn 193 spies active 3 idle 1 missions 56 captured-enemy 0
spy 7012382 LOC_CITIZEN_MAYA_FEMALE_6 level 1 at 65:16 busy
spy 8716320 LOC_CITIZEN_MAYA_MALE_8 level 1 at 54:21 start
spy 8388641 LOC_CITIZEN_MAYA_MODERN_MALE_4 level 1 at 53:5 busy
spy 8519715 LOC_CITIZEN_MAYA_MALE_6 level 1 at 54:15 busy
turn 193 spies 4 started 1 travelled 0 promoted 0 bought 1 gold 50000
unblock: blocker ENDTURN_BLOCKING_SPY_CHOOSE_ESCAPE_ROUTE -> escape route DISTRICT_CITY_CENTER of 1 for spy 7012382 LOC_CITIZEN_MAYA_FEMALE_6 level 1 turn 193 | end turn requested
unblock: blocker ENDTURN_BLOCKING_PRODUCTION -> NARANJO builds UNIT_WARRIOR | end turn requested
mission CityName=LOC_CITY_NAME_QUEBEC_CITY CompletionTurn=192 EscapeResult=-1 InitialResult=1 LevelAfter=2 LootInfo=-1 Name=LOC_CITIZEN_MAYA_MALE_2 Operation=58 PlotIndex=1404
mission CityName=LOC_CITY_NAME_BRANTFORD CompletionTurn=191 EscapeResult=-1 InitialResult=3 LevelAfter=1 LootInfo=-1 Name=LOC_CITIZEN_MAYA_MODERN_MALE_4 Operation=58 PlotIndex=473
mission CityName=LOC_CITY_NAME_MONTREAL CompletionTurn=191 EscapeResult=-1 InitialResult=1 LevelAfter=2 LootInfo=-1 Name=LOC_CITIZEN_MAYA_MALE_4 Operation=58 PlotIndex=1314
mission CityName=LOC_CITY_NAME_SAINT_JOHN CompletionTurn=189 EscapeResult=2 InitialResult=4 LevelAfter=2 LootInfo=-1 Name=LOC_CITIZEN_MAYA_MODERN_FEMALE_4 Operation=58 PlotIndex=1991
mission CityName=LOC_CITY_NAME_QUEBEC_CITY CompletionTurn=188 EscapeResult=-1 InitialResult=5 LevelAfter=2 LootInfo=-1 Name=LOC_CITIZEN_MAYA_MALE_2 Operation=58 PlotIndex=1404
mission CityName=LOC_CITY_NAME_OTTAWA CompletionTurn=188 EscapeResult=0 InitialResult=4 LevelAfter=2 LootInfo=-1 Name=LOC_CITIZEN_MAYA_FEMALE_7 Operation=58 PlotIndex=978
mission CityName=LOC_CITY_NAME_TORONTO CompletionTurn=188 EscapeResult=2 InitialResult=4 LevelAfter=2 LootInfo=-1 Name=LOC_CITIZEN_MAYA_MALE_8 Operation=58 PlotIndex=1818
mission CityName=LOC_CITY_NAME_HALIFAX CompletionTurn=187 EscapeResult=0 InitialResult=4 LevelAfter=2 LootInfo=-1 Name=LOC_CITIZEN_MAYA_FEMALE_6 Operation=58 PlotIndex=1409
mission CityName=LOC_CITY_NAME_WINNIPEG CompletionTurn=187 EscapeResult=1 InitialResult=2 LevelAfter=1 LootInfo=-1 Name=LOC_CITIZEN_MAYA_FEMALE_1 Operation=58 PlotIndex=1742
mission CityName=LOC_CITY_NAME_SAINT_JOHN CompletionTurn=185 EscapeResult=-1 InitialResult=3 LevelAfter=2 LootInfo=-1 Name=LOC_CITIZEN_MAYA_MODERN_FEMALE_4 Operation=58 PlotIndex=1991
mission CityName=LOC_CITY_NAME_OTTAWA CompletionTurn=184 EscapeResult=-1 InitialResult=5 LevelAfter=2 LootInfo=-1 Name=LOC_CITIZEN_MAYA_FEMALE_7 Operation=58 PlotIndex=978
mission CityName=LOC_CITY_NAME_HALIFAX CompletionTurn=183 EscapeResult=-1 InitialResult=5 LevelAfter=2 LootInfo=-1 Name=LOC_CITIZEN_MAYA_FEMALE_6 Operation=58 PlotIndex=1409
mission CityName=LOC_CITY_NAME_SAINT_JOHN CompletionTurn=181 EscapeResult=-1 InitialResult=5 LevelAfter=2 LootInfo=-1 Name=LOC_CITIZEN_MAYA_MODERN_FEMALE_4 Operation=58 PlotIndex=1991
mission CityName=LOC_CITY_NAME_MONTREAL CompletionTurn=180 EscapeResult=0 InitialResult=4 LevelAfter=2 LootInfo=-1 Name=LOC_CITIZEN_MAYA_MODERN_FEMALE_5 Operation=58 PlotIndex=1314
mission CityName=LOC_CITY_NAME_TORONTO CompletionTurn=180 EscapeResult=2 InitialResult=4 LevelAfter=2 LootInfo=-1 Name=LOC_CITIZEN_MAYA_MALE_8 Operation=58 PlotIndex=1818
mission CityName=LOC_CITY_NAME_QUEBEC_CITY CompletionTurn=179 EscapeResult=2 InitialResult=4 LevelAfter=2 LootInfo=-1 Name=LOC_CITIZEN_MAYA_MALE_4 Operation=58 PlotIndex=1404
mission CityName=LOC_CITY_NAME_HALIFAX CompletionTurn=176 EscapeResult=0 InitialResult=4 LevelAfter=2 LootInfo=-1 Name=LOC_CITIZEN_MAYA_MALE_5 Operation=58 PlotIndex=1409
mission CityName=LOC_CITY_NAME_TORONTO CompletionTurn=176 EscapeResult=-1 InitialResult=5 LevelAfter=2 LootInfo=-1 Name=LOC_CITIZEN_MAYA_MALE_8 Operation=58 PlotIndex=1818
mission CityName=LOC_CITY_NAME_OTTAWA CompletionTurn=175 EscapeResult=1 InitialResult=2 LevelAfter=2 LootInfo=-1 Name=LOC_CITIZEN_MAYA_FEMALE_8 Operation=58 PlotIndex=978
mission CityName=LOC_CITY_NAME_MONTREAL CompletionTurn=175 EscapeResult=0 InitialResult=4 LevelAfter=2 LootInfo=-1 Name=LOC_CITIZEN_MAYA_MODERN_FEMALE_2 Operation=58 PlotIndex=1314
mission CityName=LOC_CITY_NAME_WINNIPEG CompletionTurn=174 EscapeResult=1 InitialResult=4 LevelAfter=2 LootInfo=-1 Name=LOC_CITIZEN_MAYA_MODERN_MALE_10 Operation=58 PlotIndex=1742
mission CityName=LOC_CITY_NAME_SAINT_JOHN CompletionTurn=173 EscapeResult=-1 InitialResult=1 LevelAfter=1 LootInfo=-1 Name=LOC_CITIZEN_MAYA_MODERN_FEMALE_1 Operation=58 PlotIndex=1991
mission CityName=LOC_CITY_NAME_QUEBEC_CITY CompletionTurn=173 EscapeResult=-1 InitialResult=1 LevelAfter=2 LootInfo=-1 Name=LOC_CITIZEN_MAYA_MALE_3 Operation=58 PlotIndex=1404
mission CityName=LOC_CITY_NAME_BRANTFORD CompletionTurn=172 EscapeResult=-1 InitialResult=1 LevelAfter=2 LootInfo=-1 Name=LOC_CITIZEN_MAYA_MODERN_FEMALE_7 Operation=58 PlotIndex=473
mission CityName=LOC_CITY_NAME_TORONTO CompletionTurn=172 EscapeResult=-1 InitialResult=5 LevelAfter=2 LootInfo=-1 Name=LOC_CITIZEN_MAYA_MALE_8 Operation=58 PlotIndex=1818
mission CityName=LOC_CITY_NAME_OTTAWA CompletionTurn=171 EscapeResult=-1 InitialResult=5 LevelAfter=2 LootInfo=-1 Name=LOC_CITIZEN_MAYA_FEMALE_8 Operation=58 PlotIndex=978
mission CityName=LOC_CITY_NAME_MONTREAL CompletionTurn=171 EscapeResult=-1 InitialResult=5 LevelAfter=2 LootInfo=-1 Name=LOC_CITIZEN_MAYA_MODERN_FEMALE_2 Operation=58 PlotIndex=1314
mission CityName=LOC_CITY_NAME_WINNIPEG CompletionTurn=170 EscapeResult=-1 InitialResult=3 LevelAfter=2 LootInfo=-1 Name=LOC_CITIZEN_MAYA_MODERN_MALE_10 Operation=58 PlotIndex=1742
mission CityName=LOC_CITY_NAME_QUEBEC_CITY CompletionTurn=169 EscapeResult=-1 InitialResult=5 LevelAfter=2 LootInfo=-1 Name=LOC_CITIZEN_MAYA_MALE_3 Operation=58 PlotIndex=1404
mission CityName=LOC_CITY_NAME_BRANTFORD CompletionTurn=168 EscapeResult=-1 InitialResult=5 LevelAfter=2 LootInfo=-1 Name=LOC_CITIZEN_MAYA_MODERN_FEMALE_7 Operation=58 PlotIndex=473
mission CityName=LOC_CITY_NAME_TORONTO CompletionTurn=168 EscapeResult=-1 InitialResult=3 LevelAfter=2 LootInfo=-1 Name=LOC_CITIZEN_MAYA_MALE_8 Operation=58 PlotIndex=1818
mission CityName=LOC_CITY_NAME_OTTAWA CompletionTurn=167 EscapeResult=-1 InitialResult=5 LevelAfter=2 LootInfo=-1 Name=LOC_CITIZEN_MAYA_FEMALE_8 Operation=58 PlotIndex=978
mission CityName=LOC_CITY_NAME_WINNIPEG CompletionTurn=166 EscapeResult=-1 InitialResult=5 LevelAfter=2 LootInfo=-1 Name=LOC_CITIZEN_MAYA_MODERN_MALE_10 Operation=58 PlotIndex=1742
mission CityName=LOC_CITY_NAME_HALIFAX CompletionTurn=166 EscapeResult=0 InitialResult=4 LevelAfter=2 LootInfo=-1 Name=LOC_CITIZEN_MAYA_FEMALE_4 Operation=58 PlotIndex=1409
mission CityName=LOC_CITY_NAME_QUEBEC_CITY CompletionTurn=165 EscapeResult=-1 InitialResult=3 LevelAfter=1 LootInfo=-1 Name=LOC_CITIZEN_MAYA_MALE_3 Operation=58 PlotIndex=1404
mission CityName=LOC_CITY_NAME_SAINT_JOHN CompletionTurn=164 EscapeResult=1 InitialResult=2 LevelAfter=1 LootInfo=-1 Name=LOC_CITIZEN_MAYA_MALE_6 Operation=58 PlotIndex=1991
mission CityName=LOC_CITY_NAME_OTTAWA CompletionTurn=163 EscapeResult=-1 InitialResult=5 LevelAfter=2 LootInfo=-1 Name=LOC_CITIZEN_MAYA_FEMALE_8 Operation=58 PlotIndex=978
mission CityName=LOC_CITY_NAME_WINNIPEG CompletionTurn=162 EscapeResult=-1 InitialResult=3 LevelAfter=1 LootInfo=-1 Name=LOC_CITIZEN_MAYA_MODERN_MALE_10 Operation=58 PlotIndex=1742
mission CityName=LOC_CITY_NAME_MONTREAL CompletionTurn=162 EscapeResult=0 InitialResult=2 LevelAfter=2 LootInfo=-1 Name=LOC_CITIZEN_MAYA_MODERN_FEMALE_3 Operation=58 PlotIndex=1314
mission CityName=LOC_CITY_NAME_SAINT_JOHN CompletionTurn=160 EscapeResult=-1 InitialResult=3 LevelAfter=1 LootInfo=-1 Name=LOC_CITIZEN_MAYA_MALE_6 Operation=58 PlotIndex=1991
mission CityName=LOC_CITY_NAME_TORONTO CompletionTurn=159 EscapeResult=2 InitialResult=2 LevelAfter=1 LootInfo=-1 Name=LOC_CITIZEN_MAYA_MODERN_FEMALE_5 Operation=58 PlotIndex=1818
mission CityName=LOC_CITY_NAME_HALIFAX CompletionTurn=159 EscapeResult=0 InitialResult=2 LevelAfter=2 LootInfo=-1 Name=LOC_CITIZEN_MAYA_MODERN_FEMALE_9 Operation=58 PlotIndex=1409
mission CityName=LOC_CITY_NAME_OTTAWA CompletionTurn=156 EscapeResult=-1 InitialResult=1 LevelAfter=1 LootInfo=-1 Name=LOC_CITIZEN_MAYA_MODERN_MALE_9 Operation=58 PlotIndex=978
mission CityName=LOC_CITY_NAME_QUEBEC_CITY CompletionTurn=156 EscapeResult=2 InitialResult=2 LevelAfter=2 LootInfo=-1 Name=LOC_CITIZEN_MAYA_MALE_8 Operation=58 PlotIndex=1404
mission CityName=LOC_CITY_NAME_SAINT_JOHN CompletionTurn=156 EscapeResult=-1 InitialResult=3 LevelAfter=1 LootInfo=-1 Name=LOC_CITIZEN_MAYA_MALE_6 Operation=58 PlotIndex=1991
mission CityName=LOC_CITY_NAME_HALIFAX CompletionTurn=154 EscapeResult=-1 InitialResult=5 LevelAfter=2 LootInfo=-1 Name=LOC_CITIZEN_MAYA_FEMALE_4 Operation=58 PlotIndex=1409
mission CityName=LOC_CITY_NAME_QUEBEC_CITY CompletionTurn=151 EscapeResult=-1 InitialResult=5 LevelAfter=2 LootInfo=-1 Name=LOC_CITIZEN_MAYA_MALE_8 Operation=58 PlotIndex=1404
mission CityName=LOC_CITY_NAME_MONTREAL CompletionTurn=150 EscapeResult=0 InitialResult=2 LevelAfter=2 LootInfo=-1 Name=LOC_CITIZEN_MAYA_MALE_1 Operation=58 PlotIndex=1314
mission CityName=LOC_CITY_NAME_OTTAWA CompletionTurn=148 EscapeResult=2 InitialResult=2 LevelAfter=2 LootInfo=-1 Name=LOC_CITIZEN_MAYA_MODERN_FEMALE_3 Operation=58 PlotIndex=978
mission CityName=LOC_CITY_NAME_TORONTO CompletionTurn=148 EscapeResult=0 InitialResult=2 LevelAfter=1 LootInfo=-1 Name=LOC_CITIZEN_MAYA_FEMALE_3 Operation=58 PlotIndex=1818
mission CityName=LOC_CITY_NAME_OTTAWA CompletionTurn=144 EscapeResult=-1 InitialResult=3 LevelAfter=1 LootInfo=-1 Name=LOC_CITIZEN_MAYA_MODERN_MALE_9 Operation=58 PlotIndex=978
mission CityName=LOC_CITY_NAME_QUEBEC_CITY CompletionTurn=142 EscapeResult=2 InitialResult=4 LevelAfter=2 LootInfo=-1 Name=LOC_CITIZEN_MAYA_MODERN_FEMALE_9 Operation=58 PlotIndex=1404
mission CityName=LOC_CITY_NAME_MONTREAL CompletionTurn=141 EscapeResult=0 InitialResult=2 LevelAfter=1 LootInfo=-1 Name=LOC_CITIZEN_MAYA_MODERN_MALE_1 Operation=58 PlotIndex=1314
mission CityName=LOC_CITY_NAME_TORONTO CompletionTurn=140 EscapeResult=-1 InitialResult=0 LevelAfter=1 LootInfo=-1 Name=LOC_CITIZEN_MAYA_MODERN_MALE_4 Operation=58 PlotIndex=1818
mission CityName=LOC_CITY_NAME_MONTREAL CompletionTurn=137 EscapeResult=-1 InitialResult=5 LevelAfter=2 LootInfo=-1 Name=LOC_CITIZEN_MAYA_MALE_1 Operation=58 PlotIndex=1314
mission CityName=LOC_CITY_NAME_OTTAWA CompletionTurn=134 EscapeResult=2 InitialResult=4 LevelAfter=2 LootInfo=-1 Name=LOC_CITIZEN_MAYA_MODERN_FEMALE_3 Operation=58 PlotIndex=978
tally 6  FOMENT_UNREST CAPTURED / NO_RESULT
tally 3  FOMENT_UNREST FAIL_MUST_ESCAPE / CAPTURED
tally 3  FOMENT_UNREST FAIL_MUST_ESCAPE / FAIL_MUST_ESCAPE
tally 5  FOMENT_UNREST FAIL_MUST_ESCAPE / KILLED
tally 9  FOMENT_UNREST FAIL_UNDETECTED / NO_RESULT
tally 1  FOMENT_UNREST KILLED / NO_RESULT
tally 1  FOMENT_UNREST SUCCESS_MUST_ESCAPE / CAPTURED
tally 6  FOMENT_UNREST SUCCESS_MUST_ESCAPE / FAIL_MUST_ESCAPE
tally 6  FOMENT_UNREST SUCCESS_MUST_ESCAPE / KILLED
tally 16  FOMENT_UNREST SUCCESS_UNDETECTED / NO_RESULT
turn 194 spies active 3 idle 2 missions 56 captured-enemy 0
spy 8781852 LOC_CITIZEN_MAYA_MODERN_MALE_8 level 1 at 36:42 travel
spy 8847390 LOC_CITIZEN_MAYA_MODERN_FEMALE_4 level 1 at 36:42 travel
spy 8716320 LOC_CITIZEN_MAYA_MALE_8 level 1 at 54:21 busy
spy 8388641 LOC_CITIZEN_MAYA_MODERN_MALE_4 level 1 at 53:5 busy
spy 8519715 LOC_CITIZEN_MAYA_MALE_6 level 1 at 54:15 busy
turn 194 spies 5 started 0 travelled 2 promoted 0 bought 0 gold 50000
unblock: blocker ENDTURN_BLOCKING_PRODUCTION -> NARANJO builds UNIT_WARRIOR | end turn requested
unblock: blocker ENDTURN_BLOCKING_FILL_CIVIC_SLOT -> nothing | end turn requested
unstuck: closed sessions [4:4]
unstuck: DiplomacyActionView: Closing Diplomacy Action View. m_eventID: 1130344
mission CityName=LOC_CITY_NAME_MONTREAL CompletionTurn=195 EscapeResult=-1 InitialResult=4 LevelAfter=2 LootInfo=-1 Name=LOC_CITIZEN_MAYA_MALE_6 Operation=58 PlotIndex=1314
mission CityName=LOC_CITY_NAME_BRANTFORD CompletionTurn=195 EscapeResult=-1 InitialResult=1 LevelAfter=1 LootInfo=-1 Name=LOC_CITIZEN_MAYA_MODERN_MALE_4 Operation=58 PlotIndex=473
mission CityName=LOC_CITY_NAME_QUEBEC_CITY CompletionTurn=192 EscapeResult=-1 InitialResult=1 LevelAfter=2 LootInfo=-1 Name=LOC_CITIZEN_MAYA_MALE_2 Operation=58 PlotIndex=1404
mission CityName=LOC_CITY_NAME_BRANTFORD CompletionTurn=191 EscapeResult=-1 InitialResult=3 LevelAfter=1 LootInfo=-1 Name=LOC_CITIZEN_MAYA_MODERN_MALE_4 Operation=58 PlotIndex=473
mission CityName=LOC_CITY_NAME_MONTREAL CompletionTurn=191 EscapeResult=-1 InitialResult=1 LevelAfter=2 LootInfo=-1 Name=LOC_CITIZEN_MAYA_MALE_4 Operation=58 PlotIndex=1314
mission CityName=LOC_CITY_NAME_SAINT_JOHN CompletionTurn=189 EscapeResult=2 InitialResult=4 LevelAfter=2 LootInfo=-1 Name=LOC_CITIZEN_MAYA_MODERN_FEMALE_4 Operation=58 PlotIndex=1991
mission CityName=LOC_CITY_NAME_QUEBEC_CITY CompletionTurn=188 EscapeResult=-1 InitialResult=5 LevelAfter=2 LootInfo=-1 Name=LOC_CITIZEN_MAYA_MALE_2 Operation=58 PlotIndex=1404
mission CityName=LOC_CITY_NAME_OTTAWA CompletionTurn=188 EscapeResult=0 InitialResult=4 LevelAfter=2 LootInfo=-1 Name=LOC_CITIZEN_MAYA_FEMALE_7 Operation=58 PlotIndex=978
mission CityName=LOC_CITY_NAME_TORONTO CompletionTurn=188 EscapeResult=2 InitialResult=4 LevelAfter=2 LootInfo=-1 Name=LOC_CITIZEN_MAYA_MALE_8 Operation=58 PlotIndex=1818
mission CityName=LOC_CITY_NAME_HALIFAX CompletionTurn=187 EscapeResult=0 InitialResult=4 LevelAfter=2 LootInfo=-1 Name=LOC_CITIZEN_MAYA_FEMALE_6 Operation=58 PlotIndex=1409
mission CityName=LOC_CITY_NAME_WINNIPEG CompletionTurn=187 EscapeResult=1 InitialResult=2 LevelAfter=1 LootInfo=-1 Name=LOC_CITIZEN_MAYA_FEMALE_1 Operation=58 PlotIndex=1742
mission CityName=LOC_CITY_NAME_SAINT_JOHN CompletionTurn=185 EscapeResult=-1 InitialResult=3 LevelAfter=2 LootInfo=-1 Name=LOC_CITIZEN_MAYA_MODERN_FEMALE_4 Operation=58 PlotIndex=1991
mission CityName=LOC_CITY_NAME_OTTAWA CompletionTurn=184 EscapeResult=-1 InitialResult=5 LevelAfter=2 LootInfo=-1 Name=LOC_CITIZEN_MAYA_FEMALE_7 Operation=58 PlotIndex=978
mission CityName=LOC_CITY_NAME_HALIFAX CompletionTurn=183 EscapeResult=-1 InitialResult=5 LevelAfter=2 LootInfo=-1 Name=LOC_CITIZEN_MAYA_FEMALE_6 Operation=58 PlotIndex=1409
mission CityName=LOC_CITY_NAME_SAINT_JOHN CompletionTurn=181 EscapeResult=-1 InitialResult=5 LevelAfter=2 LootInfo=-1 Name=LOC_CITIZEN_MAYA_MODERN_FEMALE_4 Operation=58 PlotIndex=1991
mission CityName=LOC_CITY_NAME_MONTREAL CompletionTurn=180 EscapeResult=0 InitialResult=4 LevelAfter=2 LootInfo=-1 Name=LOC_CITIZEN_MAYA_MODERN_FEMALE_5 Operation=58 PlotIndex=1314
mission CityName=LOC_CITY_NAME_TORONTO CompletionTurn=180 EscapeResult=2 InitialResult=4 LevelAfter=2 LootInfo=-1 Name=LOC_CITIZEN_MAYA_MALE_8 Operation=58 PlotIndex=1818
mission CityName=LOC_CITY_NAME_QUEBEC_CITY CompletionTurn=179 EscapeResult=2 InitialResult=4 LevelAfter=2 LootInfo=-1 Name=LOC_CITIZEN_MAYA_MALE_4 Operation=58 PlotIndex=1404
mission CityName=LOC_CITY_NAME_HALIFAX CompletionTurn=176 EscapeResult=0 InitialResult=4 LevelAfter=2 LootInfo=-1 Name=LOC_CITIZEN_MAYA_MALE_5 Operation=58 PlotIndex=1409
mission CityName=LOC_CITY_NAME_TORONTO CompletionTurn=176 EscapeResult=-1 InitialResult=5 LevelAfter=2 LootInfo=-1 Name=LOC_CITIZEN_MAYA_MALE_8 Operation=58 PlotIndex=1818
mission CityName=LOC_CITY_NAME_OTTAWA CompletionTurn=175 EscapeResult=1 InitialResult=2 LevelAfter=2 LootInfo=-1 Name=LOC_CITIZEN_MAYA_FEMALE_8 Operation=58 PlotIndex=978
mission CityName=LOC_CITY_NAME_MONTREAL CompletionTurn=175 EscapeResult=0 InitialResult=4 LevelAfter=2 LootInfo=-1 Name=LOC_CITIZEN_MAYA_MODERN_FEMALE_2 Operation=58 PlotIndex=1314
mission CityName=LOC_CITY_NAME_WINNIPEG CompletionTurn=174 EscapeResult=1 InitialResult=4 LevelAfter=2 LootInfo=-1 Name=LOC_CITIZEN_MAYA_MODERN_MALE_10 Operation=58 PlotIndex=1742
mission CityName=LOC_CITY_NAME_SAINT_JOHN CompletionTurn=173 EscapeResult=-1 InitialResult=1 LevelAfter=1 LootInfo=-1 Name=LOC_CITIZEN_MAYA_MODERN_FEMALE_1 Operation=58 PlotIndex=1991
mission CityName=LOC_CITY_NAME_QUEBEC_CITY CompletionTurn=173 EscapeResult=-1 InitialResult=1 LevelAfter=2 LootInfo=-1 Name=LOC_CITIZEN_MAYA_MALE_3 Operation=58 PlotIndex=1404
mission CityName=LOC_CITY_NAME_BRANTFORD CompletionTurn=172 EscapeResult=-1 InitialResult=1 LevelAfter=2 LootInfo=-1 Name=LOC_CITIZEN_MAYA_MODERN_FEMALE_7 Operation=58 PlotIndex=473
mission CityName=LOC_CITY_NAME_TORONTO CompletionTurn=172 EscapeResult=-1 InitialResult=5 LevelAfter=2 LootInfo=-1 Name=LOC_CITIZEN_MAYA_MALE_8 Operation=58 PlotIndex=1818
mission CityName=LOC_CITY_NAME_OTTAWA CompletionTurn=171 EscapeResult=-1 InitialResult=5 LevelAfter=2 LootInfo=-1 Name=LOC_CITIZEN_MAYA_FEMALE_8 Operation=58 PlotIndex=978
mission CityName=LOC_CITY_NAME_MONTREAL CompletionTurn=171 EscapeResult=-1 InitialResult=5 LevelAfter=2 LootInfo=-1 Name=LOC_CITIZEN_MAYA_MODERN_FEMALE_2 Operation=58 PlotIndex=1314
mission CityName=LOC_CITY_NAME_WINNIPEG CompletionTurn=170 EscapeResult=-1 InitialResult=3 LevelAfter=2 LootInfo=-1 Name=LOC_CITIZEN_MAYA_MODERN_MALE_10 Operation=58 PlotIndex=1742
mission CityName=LOC_CITY_NAME_QUEBEC_CITY CompletionTurn=169 EscapeResult=-1 InitialResult=5 LevelAfter=2 LootInfo=-1 Name=LOC_CITIZEN_MAYA_MALE_3 Operation=58 PlotIndex=1404
mission CityName=LOC_CITY_NAME_BRANTFORD CompletionTurn=168 EscapeResult=-1 InitialResult=5 LevelAfter=2 LootInfo=-1 Name=LOC_CITIZEN_MAYA_MODERN_FEMALE_7 Operation=58 PlotIndex=473
mission CityName=LOC_CITY_NAME_TORONTO CompletionTurn=168 EscapeResult=-1 InitialResult=3 LevelAfter=2 LootInfo=-1 Name=LOC_CITIZEN_MAYA_MALE_8 Operation=58 PlotIndex=1818
mission CityName=LOC_CITY_NAME_OTTAWA CompletionTurn=167 EscapeResult=-1 InitialResult=5 LevelAfter=2 LootInfo=-1 Name=LOC_CITIZEN_MAYA_FEMALE_8 Operation=58 PlotIndex=978
mission CityName=LOC_CITY_NAME_WINNIPEG CompletionTurn=166 EscapeResult=-1 InitialResult=5 LevelAfter=2 LootInfo=-1 Name=LOC_CITIZEN_MAYA_MODERN_MALE_10 Operation=58 PlotIndex=1742
mission CityName=LOC_CITY_NAME_HALIFAX CompletionTurn=166 EscapeResult=0 InitialResult=4 LevelAfter=2 LootInfo=-1 Name=LOC_CITIZEN_MAYA_FEMALE_4 Operation=58 PlotIndex=1409
mission CityName=LOC_CITY_NAME_QUEBEC_CITY CompletionTurn=165 EscapeResult=-1 InitialResult=3 LevelAfter=1 LootInfo=-1 Name=LOC_CITIZEN_MAYA_MALE_3 Operation=58 PlotIndex=1404
mission CityName=LOC_CITY_NAME_SAINT_JOHN CompletionTurn=164 EscapeResult=1 InitialResult=2 LevelAfter=1 LootInfo=-1 Name=LOC_CITIZEN_MAYA_MALE_6 Operation=58 PlotIndex=1991
mission CityName=LOC_CITY_NAME_OTTAWA CompletionTurn=163 EscapeResult=-1 InitialResult=5 LevelAfter=2 LootInfo=-1 Name=LOC_CITIZEN_MAYA_FEMALE_8 Operation=58 PlotIndex=978
mission CityName=LOC_CITY_NAME_WINNIPEG CompletionTurn=162 EscapeResult=-1 InitialResult=3 LevelAfter=1 LootInfo=-1 Name=LOC_CITIZEN_MAYA_MODERN_MALE_10 Operation=58 PlotIndex=1742
mission CityName=LOC_CITY_NAME_MONTREAL CompletionTurn=162 EscapeResult=0 InitialResult=2 LevelAfter=2 LootInfo=-1 Name=LOC_CITIZEN_MAYA_MODERN_FEMALE_3 Operation=58 PlotIndex=1314
mission CityName=LOC_CITY_NAME_SAINT_JOHN CompletionTurn=160 EscapeResult=-1 InitialResult=3 LevelAfter=1 LootInfo=-1 Name=LOC_CITIZEN_MAYA_MALE_6 Operation=58 PlotIndex=1991
mission CityName=LOC_CITY_NAME_TORONTO CompletionTurn=159 EscapeResult=2 InitialResult=2 LevelAfter=1 LootInfo=-1 Name=LOC_CITIZEN_MAYA_MODERN_FEMALE_5 Operation=58 PlotIndex=1818
mission CityName=LOC_CITY_NAME_HALIFAX CompletionTurn=159 EscapeResult=0 InitialResult=2 LevelAfter=2 LootInfo=-1 Name=LOC_CITIZEN_MAYA_MODERN_FEMALE_9 Operation=58 PlotIndex=1409
mission CityName=LOC_CITY_NAME_OTTAWA CompletionTurn=156 EscapeResult=-1 InitialResult=1 LevelAfter=1 LootInfo=-1 Name=LOC_CITIZEN_MAYA_MODERN_MALE_9 Operation=58 PlotIndex=978
mission CityName=LOC_CITY_NAME_QUEBEC_CITY CompletionTurn=156 EscapeResult=2 InitialResult=2 LevelAfter=2 LootInfo=-1 Name=LOC_CITIZEN_MAYA_MALE_8 Operation=58 PlotIndex=1404
mission CityName=LOC_CITY_NAME_SAINT_JOHN CompletionTurn=156 EscapeResult=-1 InitialResult=3 LevelAfter=1 LootInfo=-1 Name=LOC_CITIZEN_MAYA_MALE_6 Operation=58 PlotIndex=1991
mission CityName=LOC_CITY_NAME_HALIFAX CompletionTurn=154 EscapeResult=-1 InitialResult=5 LevelAfter=2 LootInfo=-1 Name=LOC_CITIZEN_MAYA_FEMALE_4 Operation=58 PlotIndex=1409
mission CityName=LOC_CITY_NAME_QUEBEC_CITY CompletionTurn=151 EscapeResult=-1 InitialResult=5 LevelAfter=2 LootInfo=-1 Name=LOC_CITIZEN_MAYA_MALE_8 Operation=58 PlotIndex=1404
mission CityName=LOC_CITY_NAME_MONTREAL CompletionTurn=150 EscapeResult=0 InitialResult=2 LevelAfter=2 LootInfo=-1 Name=LOC_CITIZEN_MAYA_MALE_1 Operation=58 PlotIndex=1314
mission CityName=LOC_CITY_NAME_OTTAWA CompletionTurn=148 EscapeResult=2 InitialResult=2 LevelAfter=2 LootInfo=-1 Name=LOC_CITIZEN_MAYA_MODERN_FEMALE_3 Operation=58 PlotIndex=978
mission CityName=LOC_CITY_NAME_TORONTO CompletionTurn=148 EscapeResult=0 InitialResult=2 LevelAfter=1 LootInfo=-1 Name=LOC_CITIZEN_MAYA_FEMALE_3 Operation=58 PlotIndex=1818
mission CityName=LOC_CITY_NAME_OTTAWA CompletionTurn=144 EscapeResult=-1 InitialResult=3 LevelAfter=1 LootInfo=-1 Name=LOC_CITIZEN_MAYA_MODERN_MALE_9 Operation=58 PlotIndex=978
mission CityName=LOC_CITY_NAME_QUEBEC_CITY CompletionTurn=142 EscapeResult=2 InitialResult=4 LevelAfter=2 LootInfo=-1 Name=LOC_CITIZEN_MAYA_MODERN_FEMALE_9 Operation=58 PlotIndex=1404
mission CityName=LOC_CITY_NAME_MONTREAL CompletionTurn=141 EscapeResult=0 InitialResult=2 LevelAfter=1 LootInfo=-1 Name=LOC_CITIZEN_MAYA_MODERN_MALE_1 Operation=58 PlotIndex=1314
mission CityName=LOC_CITY_NAME_TORONTO CompletionTurn=140 EscapeResult=-1 InitialResult=0 LevelAfter=1 LootInfo=-1 Name=LOC_CITIZEN_MAYA_MODERN_MALE_4 Operation=58 PlotIndex=1818
mission CityName=LOC_CITY_NAME_MONTREAL CompletionTurn=137 EscapeResult=-1 InitialResult=5 LevelAfter=2 LootInfo=-1 Name=LOC_CITIZEN_MAYA_MALE_1 Operation=58 PlotIndex=1314
mission CityName=LOC_CITY_NAME_OTTAWA CompletionTurn=134 EscapeResult=2 InitialResult=4 LevelAfter=2 LootInfo=-1 Name=LOC_CITIZEN_MAYA_MODERN_FEMALE_3 Operation=58 PlotIndex=978
tally 7  FOMENT_UNREST CAPTURED / NO_RESULT
tally 3  FOMENT_UNREST FAIL_MUST_ESCAPE / CAPTURED
tally 3  FOMENT_UNREST FAIL_MUST_ESCAPE / FAIL_MUST_ESCAPE
tally 5  FOMENT_UNREST FAIL_MUST_ESCAPE / KILLED
tally 9  FOMENT_UNREST FAIL_UNDETECTED / NO_RESULT
tally 1  FOMENT_UNREST KILLED / NO_RESULT
tally 1  FOMENT_UNREST SUCCESS_MUST_ESCAPE / CAPTURED
tally 6  FOMENT_UNREST SUCCESS_MUST_ESCAPE / FAIL_MUST_ESCAPE
tally 6  FOMENT_UNREST SUCCESS_MUST_ESCAPE / KILLED
tally 1  FOMENT_UNREST SUCCESS_MUST_ESCAPE / NO_RESULT
tally 16  FOMENT_UNREST SUCCESS_UNDETECTED / NO_RESULT
turn 195 spies active 3 idle 0 missions 58 captured-enemy 0
spy 8716320 LOC_CITIZEN_MAYA_MALE_8 level 1 at 54:21 busy
spy 8519715 LOC_CITIZEN_MAYA_MALE_6 level 1 at 54:15 busy
turn 195 spies 2 started 0 travelled 0 promoted 1 bought 1 gold 50000
unblock: blocker ENDTURN_BLOCKING_PRODUCTION -> NARANJO builds UNIT_WARRIOR | end turn requested
unblock: blocker ENDTURN_BLOCKING_SPY_CHOOSE_ESCAPE_ROUTE -> escape route DISTRICT_CITY_CENTER of 1 for spy 8519715 LOC_CITIZEN_MAYA_MALE_6 level 2 turn 195 | end turn requested
mission CityName=LOC_CITY_NAME_MONTREAL CompletionTurn=195 EscapeResult=-1 InitialResult=4 LevelAfter=2 LootInfo=-1 Name=LOC_CITIZEN_MAYA_MALE_6 Operation=58 PlotIndex=1314
mission CityName=LOC_CITY_NAME_BRANTFORD CompletionTurn=195 EscapeResult=-1 InitialResult=1 LevelAfter=1 LootInfo=-1 Name=LOC_CITIZEN_MAYA_MODERN_MALE_4 Operation=58 PlotIndex=473
mission CityName=LOC_CITY_NAME_QUEBEC_CITY CompletionTurn=192 EscapeResult=-1 InitialResult=1 LevelAfter=2 LootInfo=-1 Name=LOC_CITIZEN_MAYA_MALE_2 Operation=58 PlotIndex=1404
mission CityName=LOC_CITY_NAME_BRANTFORD CompletionTurn=191 EscapeResult=-1 InitialResult=3 LevelAfter=1 LootInfo=-1 Name=LOC_CITIZEN_MAYA_MODERN_MALE_4 Operation=58 PlotIndex=473
mission CityName=LOC_CITY_NAME_MONTREAL CompletionTurn=191 EscapeResult=-1 InitialResult=1 LevelAfter=2 LootInfo=-1 Name=LOC_CITIZEN_MAYA_MALE_4 Operation=58 PlotIndex=1314
mission CityName=LOC_CITY_NAME_SAINT_JOHN CompletionTurn=189 EscapeResult=2 InitialResult=4 LevelAfter=2 LootInfo=-1 Name=LOC_CITIZEN_MAYA_MODERN_FEMALE_4 Operation=58 PlotIndex=1991
mission CityName=LOC_CITY_NAME_QUEBEC_CITY CompletionTurn=188 EscapeResult=-1 InitialResult=5 LevelAfter=2 LootInfo=-1 Name=LOC_CITIZEN_MAYA_MALE_2 Operation=58 PlotIndex=1404
mission CityName=LOC_CITY_NAME_OTTAWA CompletionTurn=188 EscapeResult=0 InitialResult=4 LevelAfter=2 LootInfo=-1 Name=LOC_CITIZEN_MAYA_FEMALE_7 Operation=58 PlotIndex=978
mission CityName=LOC_CITY_NAME_TORONTO CompletionTurn=188 EscapeResult=2 InitialResult=4 LevelAfter=2 LootInfo=-1 Name=LOC_CITIZEN_MAYA_MALE_8 Operation=58 PlotIndex=1818
mission CityName=LOC_CITY_NAME_HALIFAX CompletionTurn=187 EscapeResult=0 InitialResult=4 LevelAfter=2 LootInfo=-1 Name=LOC_CITIZEN_MAYA_FEMALE_6 Operation=58 PlotIndex=1409
mission CityName=LOC_CITY_NAME_WINNIPEG CompletionTurn=187 EscapeResult=1 InitialResult=2 LevelAfter=1 LootInfo=-1 Name=LOC_CITIZEN_MAYA_FEMALE_1 Operation=58 PlotIndex=1742
mission CityName=LOC_CITY_NAME_SAINT_JOHN CompletionTurn=185 EscapeResult=-1 InitialResult=3 LevelAfter=2 LootInfo=-1 Name=LOC_CITIZEN_MAYA_MODERN_FEMALE_4 Operation=58 PlotIndex=1991
mission CityName=LOC_CITY_NAME_OTTAWA CompletionTurn=184 EscapeResult=-1 InitialResult=5 LevelAfter=2 LootInfo=-1 Name=LOC_CITIZEN_MAYA_FEMALE_7 Operation=58 PlotIndex=978
mission CityName=LOC_CITY_NAME_HALIFAX CompletionTurn=183 EscapeResult=-1 InitialResult=5 LevelAfter=2 LootInfo=-1 Name=LOC_CITIZEN_MAYA_FEMALE_6 Operation=58 PlotIndex=1409
mission CityName=LOC_CITY_NAME_SAINT_JOHN CompletionTurn=181 EscapeResult=-1 InitialResult=5 LevelAfter=2 LootInfo=-1 Name=LOC_CITIZEN_MAYA_MODERN_FEMALE_4 Operation=58 PlotIndex=1991
mission CityName=LOC_CITY_NAME_MONTREAL CompletionTurn=180 EscapeResult=0 InitialResult=4 LevelAfter=2 LootInfo=-1 Name=LOC_CITIZEN_MAYA_MODERN_FEMALE_5 Operation=58 PlotIndex=1314
mission CityName=LOC_CITY_NAME_TORONTO CompletionTurn=180 EscapeResult=2 InitialResult=4 LevelAfter=2 LootInfo=-1 Name=LOC_CITIZEN_MAYA_MALE_8 Operation=58 PlotIndex=1818
mission CityName=LOC_CITY_NAME_QUEBEC_CITY CompletionTurn=179 EscapeResult=2 InitialResult=4 LevelAfter=2 LootInfo=-1 Name=LOC_CITIZEN_MAYA_MALE_4 Operation=58 PlotIndex=1404
mission CityName=LOC_CITY_NAME_HALIFAX CompletionTurn=176 EscapeResult=0 InitialResult=4 LevelAfter=2 LootInfo=-1 Name=LOC_CITIZEN_MAYA_MALE_5 Operation=58 PlotIndex=1409
mission CityName=LOC_CITY_NAME_TORONTO CompletionTurn=176 EscapeResult=-1 InitialResult=5 LevelAfter=2 LootInfo=-1 Name=LOC_CITIZEN_MAYA_MALE_8 Operation=58 PlotIndex=1818
mission CityName=LOC_CITY_NAME_OTTAWA CompletionTurn=175 EscapeResult=1 InitialResult=2 LevelAfter=2 LootInfo=-1 Name=LOC_CITIZEN_MAYA_FEMALE_8 Operation=58 PlotIndex=978
mission CityName=LOC_CITY_NAME_MONTREAL CompletionTurn=175 EscapeResult=0 InitialResult=4 LevelAfter=2 LootInfo=-1 Name=LOC_CITIZEN_MAYA_MODERN_FEMALE_2 Operation=58 PlotIndex=1314
mission CityName=LOC_CITY_NAME_WINNIPEG CompletionTurn=174 EscapeResult=1 InitialResult=4 LevelAfter=2 LootInfo=-1 Name=LOC_CITIZEN_MAYA_MODERN_MALE_10 Operation=58 PlotIndex=1742
mission CityName=LOC_CITY_NAME_SAINT_JOHN CompletionTurn=173 EscapeResult=-1 InitialResult=1 LevelAfter=1 LootInfo=-1 Name=LOC_CITIZEN_MAYA_MODERN_FEMALE_1 Operation=58 PlotIndex=1991
mission CityName=LOC_CITY_NAME_QUEBEC_CITY CompletionTurn=173 EscapeResult=-1 InitialResult=1 LevelAfter=2 LootInfo=-1 Name=LOC_CITIZEN_MAYA_MALE_3 Operation=58 PlotIndex=1404
mission CityName=LOC_CITY_NAME_BRANTFORD CompletionTurn=172 EscapeResult=-1 InitialResult=1 LevelAfter=2 LootInfo=-1 Name=LOC_CITIZEN_MAYA_MODERN_FEMALE_7 Operation=58 PlotIndex=473
mission CityName=LOC_CITY_NAME_TORONTO CompletionTurn=172 EscapeResult=-1 InitialResult=5 LevelAfter=2 LootInfo=-1 Name=LOC_CITIZEN_MAYA_MALE_8 Operation=58 PlotIndex=1818
mission CityName=LOC_CITY_NAME_OTTAWA CompletionTurn=171 EscapeResult=-1 InitialResult=5 LevelAfter=2 LootInfo=-1 Name=LOC_CITIZEN_MAYA_FEMALE_8 Operation=58 PlotIndex=978
mission CityName=LOC_CITY_NAME_MONTREAL CompletionTurn=171 EscapeResult=-1 InitialResult=5 LevelAfter=2 LootInfo=-1 Name=LOC_CITIZEN_MAYA_MODERN_FEMALE_2 Operation=58 PlotIndex=1314
mission CityName=LOC_CITY_NAME_WINNIPEG CompletionTurn=170 EscapeResult=-1 InitialResult=3 LevelAfter=2 LootInfo=-1 Name=LOC_CITIZEN_MAYA_MODERN_MALE_10 Operation=58 PlotIndex=1742
mission CityName=LOC_CITY_NAME_QUEBEC_CITY CompletionTurn=169 EscapeResult=-1 InitialResult=5 LevelAfter=2 LootInfo=-1 Name=LOC_CITIZEN_MAYA_MALE_3 Operation=58 PlotIndex=1404
mission CityName=LOC_CITY_NAME_BRANTFORD CompletionTurn=168 EscapeResult=-1 InitialResult=5 LevelAfter=2 LootInfo=-1 Name=LOC_CITIZEN_MAYA_MODERN_FEMALE_7 Operation=58 PlotIndex=473
mission CityName=LOC_CITY_NAME_TORONTO CompletionTurn=168 EscapeResult=-1 InitialResult=3 LevelAfter=2 LootInfo=-1 Name=LOC_CITIZEN_MAYA_MALE_8 Operation=58 PlotIndex=1818
mission CityName=LOC_CITY_NAME_OTTAWA CompletionTurn=167 EscapeResult=-1 InitialResult=5 LevelAfter=2 LootInfo=-1 Name=LOC_CITIZEN_MAYA_FEMALE_8 Operation=58 PlotIndex=978
mission CityName=LOC_CITY_NAME_WINNIPEG CompletionTurn=166 EscapeResult=-1 InitialResult=5 LevelAfter=2 LootInfo=-1 Name=LOC_CITIZEN_MAYA_MODERN_MALE_10 Operation=58 PlotIndex=1742
mission CityName=LOC_CITY_NAME_HALIFAX CompletionTurn=166 EscapeResult=0 InitialResult=4 LevelAfter=2 LootInfo=-1 Name=LOC_CITIZEN_MAYA_FEMALE_4 Operation=58 PlotIndex=1409
mission CityName=LOC_CITY_NAME_QUEBEC_CITY CompletionTurn=165 EscapeResult=-1 InitialResult=3 LevelAfter=1 LootInfo=-1 Name=LOC_CITIZEN_MAYA_MALE_3 Operation=58 PlotIndex=1404
mission CityName=LOC_CITY_NAME_SAINT_JOHN CompletionTurn=164 EscapeResult=1 InitialResult=2 LevelAfter=1 LootInfo=-1 Name=LOC_CITIZEN_MAYA_MALE_6 Operation=58 PlotIndex=1991
mission CityName=LOC_CITY_NAME_OTTAWA CompletionTurn=163 EscapeResult=-1 InitialResult=5 LevelAfter=2 LootInfo=-1 Name=LOC_CITIZEN_MAYA_FEMALE_8 Operation=58 PlotIndex=978
mission CityName=LOC_CITY_NAME_WINNIPEG CompletionTurn=162 EscapeResult=-1 InitialResult=3 LevelAfter=1 LootInfo=-1 Name=LOC_CITIZEN_MAYA_MODERN_MALE_10 Operation=58 PlotIndex=1742
mission CityName=LOC_CITY_NAME_MONTREAL CompletionTurn=162 EscapeResult=0 InitialResult=2 LevelAfter=2 LootInfo=-1 Name=LOC_CITIZEN_MAYA_MODERN_FEMALE_3 Operation=58 PlotIndex=1314
mission CityName=LOC_CITY_NAME_SAINT_JOHN CompletionTurn=160 EscapeResult=-1 InitialResult=3 LevelAfter=1 LootInfo=-1 Name=LOC_CITIZEN_MAYA_MALE_6 Operation=58 PlotIndex=1991
mission CityName=LOC_CITY_NAME_TORONTO CompletionTurn=159 EscapeResult=2 InitialResult=2 LevelAfter=1 LootInfo=-1 Name=LOC_CITIZEN_MAYA_MODERN_FEMALE_5 Operation=58 PlotIndex=1818
mission CityName=LOC_CITY_NAME_HALIFAX CompletionTurn=159 EscapeResult=0 InitialResult=2 LevelAfter=2 LootInfo=-1 Name=LOC_CITIZEN_MAYA_MODERN_FEMALE_9 Operation=58 PlotIndex=1409
mission CityName=LOC_CITY_NAME_OTTAWA CompletionTurn=156 EscapeResult=-1 InitialResult=1 LevelAfter=1 LootInfo=-1 Name=LOC_CITIZEN_MAYA_MODERN_MALE_9 Operation=58 PlotIndex=978
mission CityName=LOC_CITY_NAME_QUEBEC_CITY CompletionTurn=156 EscapeResult=2 InitialResult=2 LevelAfter=2 LootInfo=-1 Name=LOC_CITIZEN_MAYA_MALE_8 Operation=58 PlotIndex=1404
mission CityName=LOC_CITY_NAME_SAINT_JOHN CompletionTurn=156 EscapeResult=-1 InitialResult=3 LevelAfter=1 LootInfo=-1 Name=LOC_CITIZEN_MAYA_MALE_6 Operation=58 PlotIndex=1991
mission CityName=LOC_CITY_NAME_HALIFAX CompletionTurn=154 EscapeResult=-1 InitialResult=5 LevelAfter=2 LootInfo=-1 Name=LOC_CITIZEN_MAYA_FEMALE_4 Operation=58 PlotIndex=1409
mission CityName=LOC_CITY_NAME_QUEBEC_CITY CompletionTurn=151 EscapeResult=-1 InitialResult=5 LevelAfter=2 LootInfo=-1 Name=LOC_CITIZEN_MAYA_MALE_8 Operation=58 PlotIndex=1404
mission CityName=LOC_CITY_NAME_MONTREAL CompletionTurn=150 EscapeResult=0 InitialResult=2 LevelAfter=2 LootInfo=-1 Name=LOC_CITIZEN_MAYA_MALE_1 Operation=58 PlotIndex=1314
mission CityName=LOC_CITY_NAME_OTTAWA CompletionTurn=148 EscapeResult=2 InitialResult=2 LevelAfter=2 LootInfo=-1 Name=LOC_CITIZEN_MAYA_MODERN_FEMALE_3 Operation=58 PlotIndex=978
mission CityName=LOC_CITY_NAME_TORONTO CompletionTurn=148 EscapeResult=0 InitialResult=2 LevelAfter=1 LootInfo=-1 Name=LOC_CITIZEN_MAYA_FEMALE_3 Operation=58 PlotIndex=1818
mission CityName=LOC_CITY_NAME_OTTAWA CompletionTurn=144 EscapeResult=-1 InitialResult=3 LevelAfter=1 LootInfo=-1 Name=LOC_CITIZEN_MAYA_MODERN_MALE_9 Operation=58 PlotIndex=978
mission CityName=LOC_CITY_NAME_QUEBEC_CITY CompletionTurn=142 EscapeResult=2 InitialResult=4 LevelAfter=2 LootInfo=-1 Name=LOC_CITIZEN_MAYA_MODERN_FEMALE_9 Operation=58 PlotIndex=1404
mission CityName=LOC_CITY_NAME_MONTREAL CompletionTurn=141 EscapeResult=0 InitialResult=2 LevelAfter=1 LootInfo=-1 Name=LOC_CITIZEN_MAYA_MODERN_MALE_1 Operation=58 PlotIndex=1314
mission CityName=LOC_CITY_NAME_TORONTO CompletionTurn=140 EscapeResult=-1 InitialResult=0 LevelAfter=1 LootInfo=-1 Name=LOC_CITIZEN_MAYA_MODERN_MALE_4 Operation=58 PlotIndex=1818
mission CityName=LOC_CITY_NAME_MONTREAL CompletionTurn=137 EscapeResult=-1 InitialResult=5 LevelAfter=2 LootInfo=-1 Name=LOC_CITIZEN_MAYA_MALE_1 Operation=58 PlotIndex=1314
mission CityName=LOC_CITY_NAME_OTTAWA CompletionTurn=134 EscapeResult=2 InitialResult=4 LevelAfter=2 LootInfo=-1 Name=LOC_CITIZEN_MAYA_MODERN_FEMALE_3 Operation=58 PlotIndex=978
tally 7  FOMENT_UNREST CAPTURED / NO_RESULT
tally 3  FOMENT_UNREST FAIL_MUST_ESCAPE / CAPTURED
tally 3  FOMENT_UNREST FAIL_MUST_ESCAPE / FAIL_MUST_ESCAPE
tally 5  FOMENT_UNREST FAIL_MUST_ESCAPE / KILLED
tally 9  FOMENT_UNREST FAIL_UNDETECTED / NO_RESULT
tally 1  FOMENT_UNREST KILLED / NO_RESULT
tally 1  FOMENT_UNREST SUCCESS_MUST_ESCAPE / CAPTURED
tally 6  FOMENT_UNREST SUCCESS_MUST_ESCAPE / FAIL_MUST_ESCAPE
tally 6  FOMENT_UNREST SUCCESS_MUST_ESCAPE / KILLED
tally 1  FOMENT_UNREST SUCCESS_MUST_ESCAPE / NO_RESULT
tally 16  FOMENT_UNREST SUCCESS_UNDETECTED / NO_RESULT
turn 196 spies active 2 idle 3 missions 58 captured-enemy 0
spy 9109525 LOC_CITIZEN_MAYA_MODERN_FEMALE_4 level 1 at 60:16 start
spy 8978460 LOC_CITIZEN_MAYA_MODERN_MALE_10 level 1 at 36:42 travel
spy 8716320 LOC_CITIZEN_MAYA_MALE_8 level 1 at 54:21 busy
spy 9044001 LOC_CITIZEN_MAYA_MODERN_MALE_8 level 1 at 54:11 start
spy 8519715 LOC_CITIZEN_MAYA_MALE_6 level 2 at 54:15 busy
turn 196 spies 5 started 2 travelled 1 promoted 0 bought 0 gold 50000
unblock: blocker ENDTURN_BLOCKING_SPY_CHOOSE_ESCAPE_ROUTE -> escape route DISTRICT_CITY_CENTER of 1 for spy 8519715 LOC_CITIZEN_MAYA_MALE_6 level 2 turn 196 | end turn requested
unblock: blocker ENDTURN_BLOCKING_FILL_CIVIC_SLOT -> nothing | end turn requested
mission CityName=LOC_CITY_NAME_TORONTO CompletionTurn=197 EscapeResult=-1 InitialResult=2 LevelAfter=2 LootInfo=-1 Name=LOC_CITIZEN_MAYA_MALE_8 Operation=58 PlotIndex=1818
mission CityName=LOC_CITY_NAME_MONTREAL CompletionTurn=195 EscapeResult=0 InitialResult=4 LevelAfter=2 LootInfo=-1 Name=LOC_CITIZEN_MAYA_MALE_6 Operation=58 PlotIndex=1314
mission CityName=LOC_CITY_NAME_BRANTFORD CompletionTurn=195 EscapeResult=-1 InitialResult=1 LevelAfter=1 LootInfo=-1 Name=LOC_CITIZEN_MAYA_MODERN_MALE_4 Operation=58 PlotIndex=473
mission CityName=LOC_CITY_NAME_QUEBEC_CITY CompletionTurn=192 EscapeResult=-1 InitialResult=1 LevelAfter=2 LootInfo=-1 Name=LOC_CITIZEN_MAYA_MALE_2 Operation=58 PlotIndex=1404
mission CityName=LOC_CITY_NAME_BRANTFORD CompletionTurn=191 EscapeResult=-1 InitialResult=3 LevelAfter=1 LootInfo=-1 Name=LOC_CITIZEN_MAYA_MODERN_MALE_4 Operation=58 PlotIndex=473
mission CityName=LOC_CITY_NAME_MONTREAL CompletionTurn=191 EscapeResult=-1 InitialResult=1 LevelAfter=2 LootInfo=-1 Name=LOC_CITIZEN_MAYA_MALE_4 Operation=58 PlotIndex=1314
mission CityName=LOC_CITY_NAME_SAINT_JOHN CompletionTurn=189 EscapeResult=2 InitialResult=4 LevelAfter=2 LootInfo=-1 Name=LOC_CITIZEN_MAYA_MODERN_FEMALE_4 Operation=58 PlotIndex=1991
mission CityName=LOC_CITY_NAME_QUEBEC_CITY CompletionTurn=188 EscapeResult=-1 InitialResult=5 LevelAfter=2 LootInfo=-1 Name=LOC_CITIZEN_MAYA_MALE_2 Operation=58 PlotIndex=1404
mission CityName=LOC_CITY_NAME_OTTAWA CompletionTurn=188 EscapeResult=0 InitialResult=4 LevelAfter=2 LootInfo=-1 Name=LOC_CITIZEN_MAYA_FEMALE_7 Operation=58 PlotIndex=978
mission CityName=LOC_CITY_NAME_TORONTO CompletionTurn=188 EscapeResult=2 InitialResult=4 LevelAfter=2 LootInfo=-1 Name=LOC_CITIZEN_MAYA_MALE_8 Operation=58 PlotIndex=1818
mission CityName=LOC_CITY_NAME_HALIFAX CompletionTurn=187 EscapeResult=0 InitialResult=4 LevelAfter=2 LootInfo=-1 Name=LOC_CITIZEN_MAYA_FEMALE_6 Operation=58 PlotIndex=1409
mission CityName=LOC_CITY_NAME_WINNIPEG CompletionTurn=187 EscapeResult=1 InitialResult=2 LevelAfter=1 LootInfo=-1 Name=LOC_CITIZEN_MAYA_FEMALE_1 Operation=58 PlotIndex=1742
mission CityName=LOC_CITY_NAME_SAINT_JOHN CompletionTurn=185 EscapeResult=-1 InitialResult=3 LevelAfter=2 LootInfo=-1 Name=LOC_CITIZEN_MAYA_MODERN_FEMALE_4 Operation=58 PlotIndex=1991
mission CityName=LOC_CITY_NAME_OTTAWA CompletionTurn=184 EscapeResult=-1 InitialResult=5 LevelAfter=2 LootInfo=-1 Name=LOC_CITIZEN_MAYA_FEMALE_7 Operation=58 PlotIndex=978
mission CityName=LOC_CITY_NAME_HALIFAX CompletionTurn=183 EscapeResult=-1 InitialResult=5 LevelAfter=2 LootInfo=-1 Name=LOC_CITIZEN_MAYA_FEMALE_6 Operation=58 PlotIndex=1409
mission CityName=LOC_CITY_NAME_SAINT_JOHN CompletionTurn=181 EscapeResult=-1 InitialResult=5 LevelAfter=2 LootInfo=-1 Name=LOC_CITIZEN_MAYA_MODERN_FEMALE_4 Operation=58 PlotIndex=1991
mission CityName=LOC_CITY_NAME_MONTREAL CompletionTurn=180 EscapeResult=0 InitialResult=4 LevelAfter=2 LootInfo=-1 Name=LOC_CITIZEN_MAYA_MODERN_FEMALE_5 Operation=58 PlotIndex=1314
mission CityName=LOC_CITY_NAME_TORONTO CompletionTurn=180 EscapeResult=2 InitialResult=4 LevelAfter=2 LootInfo=-1 Name=LOC_CITIZEN_MAYA_MALE_8 Operation=58 PlotIndex=1818
mission CityName=LOC_CITY_NAME_QUEBEC_CITY CompletionTurn=179 EscapeResult=2 InitialResult=4 LevelAfter=2 LootInfo=-1 Name=LOC_CITIZEN_MAYA_MALE_4 Operation=58 PlotIndex=1404
mission CityName=LOC_CITY_NAME_HALIFAX CompletionTurn=176 EscapeResult=0 InitialResult=4 LevelAfter=2 LootInfo=-1 Name=LOC_CITIZEN_MAYA_MALE_5 Operation=58 PlotIndex=1409
mission CityName=LOC_CITY_NAME_TORONTO CompletionTurn=176 EscapeResult=-1 InitialResult=5 LevelAfter=2 LootInfo=-1 Name=LOC_CITIZEN_MAYA_MALE_8 Operation=58 PlotIndex=1818
mission CityName=LOC_CITY_NAME_OTTAWA CompletionTurn=175 EscapeResult=1 InitialResult=2 LevelAfter=2 LootInfo=-1 Name=LOC_CITIZEN_MAYA_FEMALE_8 Operation=58 PlotIndex=978
mission CityName=LOC_CITY_NAME_MONTREAL CompletionTurn=175 EscapeResult=0 InitialResult=4 LevelAfter=2 LootInfo=-1 Name=LOC_CITIZEN_MAYA_MODERN_FEMALE_2 Operation=58 PlotIndex=1314
mission CityName=LOC_CITY_NAME_WINNIPEG CompletionTurn=174 EscapeResult=1 InitialResult=4 LevelAfter=2 LootInfo=-1 Name=LOC_CITIZEN_MAYA_MODERN_MALE_10 Operation=58 PlotIndex=1742
mission CityName=LOC_CITY_NAME_SAINT_JOHN CompletionTurn=173 EscapeResult=-1 InitialResult=1 LevelAfter=1 LootInfo=-1 Name=LOC_CITIZEN_MAYA_MODERN_FEMALE_1 Operation=58 PlotIndex=1991
mission CityName=LOC_CITY_NAME_QUEBEC_CITY CompletionTurn=173 EscapeResult=-1 InitialResult=1 LevelAfter=2 LootInfo=-1 Name=LOC_CITIZEN_MAYA_MALE_3 Operation=58 PlotIndex=1404
mission CityName=LOC_CITY_NAME_BRANTFORD CompletionTurn=172 EscapeResult=-1 InitialResult=1 LevelAfter=2 LootInfo=-1 Name=LOC_CITIZEN_MAYA_MODERN_FEMALE_7 Operation=58 PlotIndex=473
mission CityName=LOC_CITY_NAME_TORONTO CompletionTurn=172 EscapeResult=-1 InitialResult=5 LevelAfter=2 LootInfo=-1 Name=LOC_CITIZEN_MAYA_MALE_8 Operation=58 PlotIndex=1818
mission CityName=LOC_CITY_NAME_OTTAWA CompletionTurn=171 EscapeResult=-1 InitialResult=5 LevelAfter=2 LootInfo=-1 Name=LOC_CITIZEN_MAYA_FEMALE_8 Operation=58 PlotIndex=978
mission CityName=LOC_CITY_NAME_MONTREAL CompletionTurn=171 EscapeResult=-1 InitialResult=5 LevelAfter=2 LootInfo=-1 Name=LOC_CITIZEN_MAYA_MODERN_FEMALE_2 Operation=58 PlotIndex=1314
mission CityName=LOC_CITY_NAME_WINNIPEG CompletionTurn=170 EscapeResult=-1 InitialResult=3 LevelAfter=2 LootInfo=-1 Name=LOC_CITIZEN_MAYA_MODERN_MALE_10 Operation=58 PlotIndex=1742
mission CityName=LOC_CITY_NAME_QUEBEC_CITY CompletionTurn=169 EscapeResult=-1 InitialResult=5 LevelAfter=2 LootInfo=-1 Name=LOC_CITIZEN_MAYA_MALE_3 Operation=58 PlotIndex=1404
mission CityName=LOC_CITY_NAME_BRANTFORD CompletionTurn=168 EscapeResult=-1 InitialResult=5 LevelAfter=2 LootInfo=-1 Name=LOC_CITIZEN_MAYA_MODERN_FEMALE_7 Operation=58 PlotIndex=473
mission CityName=LOC_CITY_NAME_TORONTO CompletionTurn=168 EscapeResult=-1 InitialResult=3 LevelAfter=2 LootInfo=-1 Name=LOC_CITIZEN_MAYA_MALE_8 Operation=58 PlotIndex=1818
mission CityName=LOC_CITY_NAME_OTTAWA CompletionTurn=167 EscapeResult=-1 InitialResult=5 LevelAfter=2 LootInfo=-1 Name=LOC_CITIZEN_MAYA_FEMALE_8 Operation=58 PlotIndex=978
mission CityName=LOC_CITY_NAME_WINNIPEG CompletionTurn=166 EscapeResult=-1 InitialResult=5 LevelAfter=2 LootInfo=-1 Name=LOC_CITIZEN_MAYA_MODERN_MALE_10 Operation=58 PlotIndex=1742
mission CityName=LOC_CITY_NAME_HALIFAX CompletionTurn=166 EscapeResult=0 InitialResult=4 LevelAfter=2 LootInfo=-1 Name=LOC_CITIZEN_MAYA_FEMALE_4 Operation=58 PlotIndex=1409
mission CityName=LOC_CITY_NAME_QUEBEC_CITY CompletionTurn=165 EscapeResult=-1 InitialResult=3 LevelAfter=1 LootInfo=-1 Name=LOC_CITIZEN_MAYA_MALE_3 Operation=58 PlotIndex=1404
mission CityName=LOC_CITY_NAME_SAINT_JOHN CompletionTurn=164 EscapeResult=1 InitialResult=2 LevelAfter=1 LootInfo=-1 Name=LOC_CITIZEN_MAYA_MALE_6 Operation=58 PlotIndex=1991
mission CityName=LOC_CITY_NAME_OTTAWA CompletionTurn=163 EscapeResult=-1 InitialResult=5 LevelAfter=2 LootInfo=-1 Name=LOC_CITIZEN_MAYA_FEMALE_8 Operation=58 PlotIndex=978
mission CityName=LOC_CITY_NAME_WINNIPEG CompletionTurn=162 EscapeResult=-1 InitialResult=3 LevelAfter=1 LootInfo=-1 Name=LOC_CITIZEN_MAYA_MODERN_MALE_10 Operation=58 PlotIndex=1742
mission CityName=LOC_CITY_NAME_MONTREAL CompletionTurn=162 EscapeResult=0 InitialResult=2 LevelAfter=2 LootInfo=-1 Name=LOC_CITIZEN_MAYA_MODERN_FEMALE_3 Operation=58 PlotIndex=1314
mission CityName=LOC_CITY_NAME_SAINT_JOHN CompletionTurn=160 EscapeResult=-1 InitialResult=3 LevelAfter=1 LootInfo=-1 Name=LOC_CITIZEN_MAYA_MALE_6 Operation=58 PlotIndex=1991
mission CityName=LOC_CITY_NAME_TORONTO CompletionTurn=159 EscapeResult=2 InitialResult=2 LevelAfter=1 LootInfo=-1 Name=LOC_CITIZEN_MAYA_MODERN_FEMALE_5 Operation=58 PlotIndex=1818
mission CityName=LOC_CITY_NAME_HALIFAX CompletionTurn=159 EscapeResult=0 InitialResult=2 LevelAfter=2 LootInfo=-1 Name=LOC_CITIZEN_MAYA_MODERN_FEMALE_9 Operation=58 PlotIndex=1409
mission CityName=LOC_CITY_NAME_OTTAWA CompletionTurn=156 EscapeResult=-1 InitialResult=1 LevelAfter=1 LootInfo=-1 Name=LOC_CITIZEN_MAYA_MODERN_MALE_9 Operation=58 PlotIndex=978
mission CityName=LOC_CITY_NAME_QUEBEC_CITY CompletionTurn=156 EscapeResult=2 InitialResult=2 LevelAfter=2 LootInfo=-1 Name=LOC_CITIZEN_MAYA_MALE_8 Operation=58 PlotIndex=1404
mission CityName=LOC_CITY_NAME_SAINT_JOHN CompletionTurn=156 EscapeResult=-1 InitialResult=3 LevelAfter=1 LootInfo=-1 Name=LOC_CITIZEN_MAYA_MALE_6 Operation=58 PlotIndex=1991
mission CityName=LOC_CITY_NAME_HALIFAX CompletionTurn=154 EscapeResult=-1 InitialResult=5 LevelAfter=2 LootInfo=-1 Name=LOC_CITIZEN_MAYA_FEMALE_4 Operation=58 PlotIndex=1409
mission CityName=LOC_CITY_NAME_QUEBEC_CITY CompletionTurn=151 EscapeResult=-1 InitialResult=5 LevelAfter=2 LootInfo=-1 Name=LOC_CITIZEN_MAYA_MALE_8 Operation=58 PlotIndex=1404
mission CityName=LOC_CITY_NAME_MONTREAL CompletionTurn=150 EscapeResult=0 InitialResult=2 LevelAfter=2 LootInfo=-1 Name=LOC_CITIZEN_MAYA_MALE_1 Operation=58 PlotIndex=1314
mission CityName=LOC_CITY_NAME_OTTAWA CompletionTurn=148 EscapeResult=2 InitialResult=2 LevelAfter=2 LootInfo=-1 Name=LOC_CITIZEN_MAYA_MODERN_FEMALE_3 Operation=58 PlotIndex=978
mission CityName=LOC_CITY_NAME_TORONTO CompletionTurn=148 EscapeResult=0 InitialResult=2 LevelAfter=1 LootInfo=-1 Name=LOC_CITIZEN_MAYA_FEMALE_3 Operation=58 PlotIndex=1818
mission CityName=LOC_CITY_NAME_OTTAWA CompletionTurn=144 EscapeResult=-1 InitialResult=3 LevelAfter=1 LootInfo=-1 Name=LOC_CITIZEN_MAYA_MODERN_MALE_9 Operation=58 PlotIndex=978
mission CityName=LOC_CITY_NAME_QUEBEC_CITY CompletionTurn=142 EscapeResult=2 InitialResult=4 LevelAfter=2 LootInfo=-1 Name=LOC_CITIZEN_MAYA_MODERN_FEMALE_9 Operation=58 PlotIndex=1404
mission CityName=LOC_CITY_NAME_MONTREAL CompletionTurn=141 EscapeResult=0 InitialResult=2 LevelAfter=1 LootInfo=-1 Name=LOC_CITIZEN_MAYA_MODERN_MALE_1 Operation=58 PlotIndex=1314
mission CityName=LOC_CITY_NAME_TORONTO CompletionTurn=140 EscapeResult=-1 InitialResult=0 LevelAfter=1 LootInfo=-1 Name=LOC_CITIZEN_MAYA_MODERN_MALE_4 Operation=58 PlotIndex=1818
mission CityName=LOC_CITY_NAME_MONTREAL CompletionTurn=137 EscapeResult=-1 InitialResult=5 LevelAfter=2 LootInfo=-1 Name=LOC_CITIZEN_MAYA_MALE_1 Operation=58 PlotIndex=1314
mission CityName=LOC_CITY_NAME_OTTAWA CompletionTurn=134 EscapeResult=2 InitialResult=4 LevelAfter=2 LootInfo=-1 Name=LOC_CITIZEN_MAYA_MODERN_FEMALE_3 Operation=58 PlotIndex=978
tally 7  FOMENT_UNREST CAPTURED / NO_RESULT
tally 3  FOMENT_UNREST FAIL_MUST_ESCAPE / CAPTURED
tally 3  FOMENT_UNREST FAIL_MUST_ESCAPE / FAIL_MUST_ESCAPE
tally 5  FOMENT_UNREST FAIL_MUST_ESCAPE / KILLED
tally 1  FOMENT_UNREST FAIL_MUST_ESCAPE / NO_RESULT
tally 9  FOMENT_UNREST FAIL_UNDETECTED / NO_RESULT
tally 1  FOMENT_UNREST KILLED / NO_RESULT
tally 1  FOMENT_UNREST SUCCESS_MUST_ESCAPE / CAPTURED
tally 6  FOMENT_UNREST SUCCESS_MUST_ESCAPE / FAIL_MUST_ESCAPE
tally 7  FOMENT_UNREST SUCCESS_MUST_ESCAPE / KILLED
tally 16  FOMENT_UNREST SUCCESS_UNDETECTED / NO_RESULT
turn 197 spies active 3 idle 0 missions 59 captured-enemy 0
spy 9109525 LOC_CITIZEN_MAYA_MODERN_FEMALE_4 level 1 at 60:16 busy
spy 8716320 LOC_CITIZEN_MAYA_MALE_8 level 1 at 54:21 busy
spy 9044001 LOC_CITIZEN_MAYA_MODERN_MALE_8 level 1 at 54:11 busy
turn 197 spies 3 started 0 travelled 0 promoted 0 bought 1 gold 50000
unblock: blocker ENDTURN_BLOCKING_PRODUCTION -> NARANJO builds UNIT_WARRIOR | end turn requested
unblock: blocker ENDTURN_BLOCKING_SPY_CHOOSE_ESCAPE_ROUTE -> escape route DISTRICT_HARBOR of 2 for spy 8716320 LOC_CITIZEN_MAYA_MALE_8 level 1 turn 197 | end turn requested
mission CityName=LOC_CITY_NAME_TORONTO CompletionTurn=197 EscapeResult=-1 InitialResult=2 LevelAfter=2 LootInfo=-1 Name=LOC_CITIZEN_MAYA_MALE_8 Operation=58 PlotIndex=1818
mission CityName=LOC_CITY_NAME_MONTREAL CompletionTurn=195 EscapeResult=0 InitialResult=4 LevelAfter=2 LootInfo=-1 Name=LOC_CITIZEN_MAYA_MALE_6 Operation=58 PlotIndex=1314
mission CityName=LOC_CITY_NAME_BRANTFORD CompletionTurn=195 EscapeResult=-1 InitialResult=1 LevelAfter=1 LootInfo=-1 Name=LOC_CITIZEN_MAYA_MODERN_MALE_4 Operation=58 PlotIndex=473
mission CityName=LOC_CITY_NAME_QUEBEC_CITY CompletionTurn=192 EscapeResult=-1 InitialResult=1 LevelAfter=2 LootInfo=-1 Name=LOC_CITIZEN_MAYA_MALE_2 Operation=58 PlotIndex=1404
mission CityName=LOC_CITY_NAME_BRANTFORD CompletionTurn=191 EscapeResult=-1 InitialResult=3 LevelAfter=1 LootInfo=-1 Name=LOC_CITIZEN_MAYA_MODERN_MALE_4 Operation=58 PlotIndex=473
mission CityName=LOC_CITY_NAME_MONTREAL CompletionTurn=191 EscapeResult=-1 InitialResult=1 LevelAfter=2 LootInfo=-1 Name=LOC_CITIZEN_MAYA_MALE_4 Operation=58 PlotIndex=1314
mission CityName=LOC_CITY_NAME_SAINT_JOHN CompletionTurn=189 EscapeResult=2 InitialResult=4 LevelAfter=2 LootInfo=-1 Name=LOC_CITIZEN_MAYA_MODERN_FEMALE_4 Operation=58 PlotIndex=1991
mission CityName=LOC_CITY_NAME_QUEBEC_CITY CompletionTurn=188 EscapeResult=-1 InitialResult=5 LevelAfter=2 LootInfo=-1 Name=LOC_CITIZEN_MAYA_MALE_2 Operation=58 PlotIndex=1404
mission CityName=LOC_CITY_NAME_OTTAWA CompletionTurn=188 EscapeResult=0 InitialResult=4 LevelAfter=2 LootInfo=-1 Name=LOC_CITIZEN_MAYA_FEMALE_7 Operation=58 PlotIndex=978
mission CityName=LOC_CITY_NAME_TORONTO CompletionTurn=188 EscapeResult=2 InitialResult=4 LevelAfter=2 LootInfo=-1 Name=LOC_CITIZEN_MAYA_MALE_8 Operation=58 PlotIndex=1818
mission CityName=LOC_CITY_NAME_HALIFAX CompletionTurn=187 EscapeResult=0 InitialResult=4 LevelAfter=2 LootInfo=-1 Name=LOC_CITIZEN_MAYA_FEMALE_6 Operation=58 PlotIndex=1409
mission CityName=LOC_CITY_NAME_WINNIPEG CompletionTurn=187 EscapeResult=1 InitialResult=2 LevelAfter=1 LootInfo=-1 Name=LOC_CITIZEN_MAYA_FEMALE_1 Operation=58 PlotIndex=1742
mission CityName=LOC_CITY_NAME_SAINT_JOHN CompletionTurn=185 EscapeResult=-1 InitialResult=3 LevelAfter=2 LootInfo=-1 Name=LOC_CITIZEN_MAYA_MODERN_FEMALE_4 Operation=58 PlotIndex=1991
mission CityName=LOC_CITY_NAME_OTTAWA CompletionTurn=184 EscapeResult=-1 InitialResult=5 LevelAfter=2 LootInfo=-1 Name=LOC_CITIZEN_MAYA_FEMALE_7 Operation=58 PlotIndex=978
mission CityName=LOC_CITY_NAME_HALIFAX CompletionTurn=183 EscapeResult=-1 InitialResult=5 LevelAfter=2 LootInfo=-1 Name=LOC_CITIZEN_MAYA_FEMALE_6 Operation=58 PlotIndex=1409
mission CityName=LOC_CITY_NAME_SAINT_JOHN CompletionTurn=181 EscapeResult=-1 InitialResult=5 LevelAfter=2 LootInfo=-1 Name=LOC_CITIZEN_MAYA_MODERN_FEMALE_4 Operation=58 PlotIndex=1991
mission CityName=LOC_CITY_NAME_MONTREAL CompletionTurn=180 EscapeResult=0 InitialResult=4 LevelAfter=2 LootInfo=-1 Name=LOC_CITIZEN_MAYA_MODERN_FEMALE_5 Operation=58 PlotIndex=1314
mission CityName=LOC_CITY_NAME_TORONTO CompletionTurn=180 EscapeResult=2 InitialResult=4 LevelAfter=2 LootInfo=-1 Name=LOC_CITIZEN_MAYA_MALE_8 Operation=58 PlotIndex=1818
mission CityName=LOC_CITY_NAME_QUEBEC_CITY CompletionTurn=179 EscapeResult=2 InitialResult=4 LevelAfter=2 LootInfo=-1 Name=LOC_CITIZEN_MAYA_MALE_4 Operation=58 PlotIndex=1404
mission CityName=LOC_CITY_NAME_HALIFAX CompletionTurn=176 EscapeResult=0 InitialResult=4 LevelAfter=2 LootInfo=-1 Name=LOC_CITIZEN_MAYA_MALE_5 Operation=58 PlotIndex=1409
mission CityName=LOC_CITY_NAME_TORONTO CompletionTurn=176 EscapeResult=-1 InitialResult=5 LevelAfter=2 LootInfo=-1 Name=LOC_CITIZEN_MAYA_MALE_8 Operation=58 PlotIndex=1818
mission CityName=LOC_CITY_NAME_OTTAWA CompletionTurn=175 EscapeResult=1 InitialResult=2 LevelAfter=2 LootInfo=-1 Name=LOC_CITIZEN_MAYA_FEMALE_8 Operation=58 PlotIndex=978
mission CityName=LOC_CITY_NAME_MONTREAL CompletionTurn=175 EscapeResult=0 InitialResult=4 LevelAfter=2 LootInfo=-1 Name=LOC_CITIZEN_MAYA_MODERN_FEMALE_2 Operation=58 PlotIndex=1314
mission CityName=LOC_CITY_NAME_WINNIPEG CompletionTurn=174 EscapeResult=1 InitialResult=4 LevelAfter=2 LootInfo=-1 Name=LOC_CITIZEN_MAYA_MODERN_MALE_10 Operation=58 PlotIndex=1742
mission CityName=LOC_CITY_NAME_SAINT_JOHN CompletionTurn=173 EscapeResult=-1 InitialResult=1 LevelAfter=1 LootInfo=-1 Name=LOC_CITIZEN_MAYA_MODERN_FEMALE_1 Operation=58 PlotIndex=1991
mission CityName=LOC_CITY_NAME_QUEBEC_CITY CompletionTurn=173 EscapeResult=-1 InitialResult=1 LevelAfter=2 LootInfo=-1 Name=LOC_CITIZEN_MAYA_MALE_3 Operation=58 PlotIndex=1404
mission CityName=LOC_CITY_NAME_BRANTFORD CompletionTurn=172 EscapeResult=-1 InitialResult=1 LevelAfter=2 LootInfo=-1 Name=LOC_CITIZEN_MAYA_MODERN_FEMALE_7 Operation=58 PlotIndex=473
mission CityName=LOC_CITY_NAME_TORONTO CompletionTurn=172 EscapeResult=-1 InitialResult=5 LevelAfter=2 LootInfo=-1 Name=LOC_CITIZEN_MAYA_MALE_8 Operation=58 PlotIndex=1818
mission CityName=LOC_CITY_NAME_OTTAWA CompletionTurn=171 EscapeResult=-1 InitialResult=5 LevelAfter=2 LootInfo=-1 Name=LOC_CITIZEN_MAYA_FEMALE_8 Operation=58 PlotIndex=978
mission CityName=LOC_CITY_NAME_MONTREAL CompletionTurn=171 EscapeResult=-1 InitialResult=5 LevelAfter=2 LootInfo=-1 Name=LOC_CITIZEN_MAYA_MODERN_FEMALE_2 Operation=58 PlotIndex=1314
mission CityName=LOC_CITY_NAME_WINNIPEG CompletionTurn=170 EscapeResult=-1 InitialResult=3 LevelAfter=2 LootInfo=-1 Name=LOC_CITIZEN_MAYA_MODERN_MALE_10 Operation=58 PlotIndex=1742
mission CityName=LOC_CITY_NAME_QUEBEC_CITY CompletionTurn=169 EscapeResult=-1 InitialResult=5 LevelAfter=2 LootInfo=-1 Name=LOC_CITIZEN_MAYA_MALE_3 Operation=58 PlotIndex=1404
mission CityName=LOC_CITY_NAME_BRANTFORD CompletionTurn=168 EscapeResult=-1 InitialResult=5 LevelAfter=2 LootInfo=-1 Name=LOC_CITIZEN_MAYA_MODERN_FEMALE_7 Operation=58 PlotIndex=473
mission CityName=LOC_CITY_NAME_TORONTO CompletionTurn=168 EscapeResult=-1 InitialResult=3 LevelAfter=2 LootInfo=-1 Name=LOC_CITIZEN_MAYA_MALE_8 Operation=58 PlotIndex=1818
mission CityName=LOC_CITY_NAME_OTTAWA CompletionTurn=167 EscapeResult=-1 InitialResult=5 LevelAfter=2 LootInfo=-1 Name=LOC_CITIZEN_MAYA_FEMALE_8 Operation=58 PlotIndex=978
mission CityName=LOC_CITY_NAME_WINNIPEG CompletionTurn=166 EscapeResult=-1 InitialResult=5 LevelAfter=2 LootInfo=-1 Name=LOC_CITIZEN_MAYA_MODERN_MALE_10 Operation=58 PlotIndex=1742
mission CityName=LOC_CITY_NAME_HALIFAX CompletionTurn=166 EscapeResult=0 InitialResult=4 LevelAfter=2 LootInfo=-1 Name=LOC_CITIZEN_MAYA_FEMALE_4 Operation=58 PlotIndex=1409
mission CityName=LOC_CITY_NAME_QUEBEC_CITY CompletionTurn=165 EscapeResult=-1 InitialResult=3 LevelAfter=1 LootInfo=-1 Name=LOC_CITIZEN_MAYA_MALE_3 Operation=58 PlotIndex=1404
mission CityName=LOC_CITY_NAME_SAINT_JOHN CompletionTurn=164 EscapeResult=1 InitialResult=2 LevelAfter=1 LootInfo=-1 Name=LOC_CITIZEN_MAYA_MALE_6 Operation=58 PlotIndex=1991
mission CityName=LOC_CITY_NAME_OTTAWA CompletionTurn=163 EscapeResult=-1 InitialResult=5 LevelAfter=2 LootInfo=-1 Name=LOC_CITIZEN_MAYA_FEMALE_8 Operation=58 PlotIndex=978
mission CityName=LOC_CITY_NAME_WINNIPEG CompletionTurn=162 EscapeResult=-1 InitialResult=3 LevelAfter=1 LootInfo=-1 Name=LOC_CITIZEN_MAYA_MODERN_MALE_10 Operation=58 PlotIndex=1742
mission CityName=LOC_CITY_NAME_MONTREAL CompletionTurn=162 EscapeResult=0 InitialResult=2 LevelAfter=2 LootInfo=-1 Name=LOC_CITIZEN_MAYA_MODERN_FEMALE_3 Operation=58 PlotIndex=1314
mission CityName=LOC_CITY_NAME_SAINT_JOHN CompletionTurn=160 EscapeResult=-1 InitialResult=3 LevelAfter=1 LootInfo=-1 Name=LOC_CITIZEN_MAYA_MALE_6 Operation=58 PlotIndex=1991
mission CityName=LOC_CITY_NAME_TORONTO CompletionTurn=159 EscapeResult=2 InitialResult=2 LevelAfter=1 LootInfo=-1 Name=LOC_CITIZEN_MAYA_MODERN_FEMALE_5 Operation=58 PlotIndex=1818
mission CityName=LOC_CITY_NAME_HALIFAX CompletionTurn=159 EscapeResult=0 InitialResult=2 LevelAfter=2 LootInfo=-1 Name=LOC_CITIZEN_MAYA_MODERN_FEMALE_9 Operation=58 PlotIndex=1409
mission CityName=LOC_CITY_NAME_OTTAWA CompletionTurn=156 EscapeResult=-1 InitialResult=1 LevelAfter=1 LootInfo=-1 Name=LOC_CITIZEN_MAYA_MODERN_MALE_9 Operation=58 PlotIndex=978
mission CityName=LOC_CITY_NAME_QUEBEC_CITY CompletionTurn=156 EscapeResult=2 InitialResult=2 LevelAfter=2 LootInfo=-1 Name=LOC_CITIZEN_MAYA_MALE_8 Operation=58 PlotIndex=1404
mission CityName=LOC_CITY_NAME_SAINT_JOHN CompletionTurn=156 EscapeResult=-1 InitialResult=3 LevelAfter=1 LootInfo=-1 Name=LOC_CITIZEN_MAYA_MALE_6 Operation=58 PlotIndex=1991
mission CityName=LOC_CITY_NAME_HALIFAX CompletionTurn=154 EscapeResult=-1 InitialResult=5 LevelAfter=2 LootInfo=-1 Name=LOC_CITIZEN_MAYA_FEMALE_4 Operation=58 PlotIndex=1409
mission CityName=LOC_CITY_NAME_QUEBEC_CITY CompletionTurn=151 EscapeResult=-1 InitialResult=5 LevelAfter=2 LootInfo=-1 Name=LOC_CITIZEN_MAYA_MALE_8 Operation=58 PlotIndex=1404
mission CityName=LOC_CITY_NAME_MONTREAL CompletionTurn=150 EscapeResult=0 InitialResult=2 LevelAfter=2 LootInfo=-1 Name=LOC_CITIZEN_MAYA_MALE_1 Operation=58 PlotIndex=1314
mission CityName=LOC_CITY_NAME_OTTAWA CompletionTurn=148 EscapeResult=2 InitialResult=2 LevelAfter=2 LootInfo=-1 Name=LOC_CITIZEN_MAYA_MODERN_FEMALE_3 Operation=58 PlotIndex=978
mission CityName=LOC_CITY_NAME_TORONTO CompletionTurn=148 EscapeResult=0 InitialResult=2 LevelAfter=1 LootInfo=-1 Name=LOC_CITIZEN_MAYA_FEMALE_3 Operation=58 PlotIndex=1818
mission CityName=LOC_CITY_NAME_OTTAWA CompletionTurn=144 EscapeResult=-1 InitialResult=3 LevelAfter=1 LootInfo=-1 Name=LOC_CITIZEN_MAYA_MODERN_MALE_9 Operation=58 PlotIndex=978
mission CityName=LOC_CITY_NAME_QUEBEC_CITY CompletionTurn=142 EscapeResult=2 InitialResult=4 LevelAfter=2 LootInfo=-1 Name=LOC_CITIZEN_MAYA_MODERN_FEMALE_9 Operation=58 PlotIndex=1404
mission CityName=LOC_CITY_NAME_MONTREAL CompletionTurn=141 EscapeResult=0 InitialResult=2 LevelAfter=1 LootInfo=-1 Name=LOC_CITIZEN_MAYA_MODERN_MALE_1 Operation=58 PlotIndex=1314
mission CityName=LOC_CITY_NAME_TORONTO CompletionTurn=140 EscapeResult=-1 InitialResult=0 LevelAfter=1 LootInfo=-1 Name=LOC_CITIZEN_MAYA_MODERN_MALE_4 Operation=58 PlotIndex=1818
mission CityName=LOC_CITY_NAME_MONTREAL CompletionTurn=137 EscapeResult=-1 InitialResult=5 LevelAfter=2 LootInfo=-1 Name=LOC_CITIZEN_MAYA_MALE_1 Operation=58 PlotIndex=1314
mission CityName=LOC_CITY_NAME_OTTAWA CompletionTurn=134 EscapeResult=2 InitialResult=4 LevelAfter=2 LootInfo=-1 Name=LOC_CITIZEN_MAYA_MODERN_FEMALE_3 Operation=58 PlotIndex=978
tally 7  FOMENT_UNREST CAPTURED / NO_RESULT
tally 3  FOMENT_UNREST FAIL_MUST_ESCAPE / CAPTURED
tally 3  FOMENT_UNREST FAIL_MUST_ESCAPE / FAIL_MUST_ESCAPE
tally 5  FOMENT_UNREST FAIL_MUST_ESCAPE / KILLED
tally 1  FOMENT_UNREST FAIL_MUST_ESCAPE / NO_RESULT
tally 9  FOMENT_UNREST FAIL_UNDETECTED / NO_RESULT
tally 1  FOMENT_UNREST KILLED / NO_RESULT
tally 1  FOMENT_UNREST SUCCESS_MUST_ESCAPE / CAPTURED
tally 6  FOMENT_UNREST SUCCESS_MUST_ESCAPE / FAIL_MUST_ESCAPE
tally 7  FOMENT_UNREST SUCCESS_MUST_ESCAPE / KILLED
tally 16  FOMENT_UNREST SUCCESS_UNDETECTED / NO_RESULT
turn 198 spies active 3 idle 1 missions 59 captured-enemy 0
spy 9109525 LOC_CITIZEN_MAYA_MODERN_FEMALE_4 level 1 at 60:16 busy
spy 9240604 LOC_CITIZEN_MAYA_MODERN_FEMALE_6 level 1 at 36:42 travel
spy 8716320 LOC_CITIZEN_MAYA_MALE_8 level 1 at 54:21 busy
spy 9044001 LOC_CITIZEN_MAYA_MODERN_MALE_8 level 1 at 54:11 busy
turn 198 spies 4 started 0 travelled 1 promoted 0 bought 0 gold 50000
unblock: blocker ENDTURN_BLOCKING_SPY_CHOOSE_ESCAPE_ROUTE -> escape route DISTRICT_HARBOR of 2 for spy 8716320 LOC_CITIZEN_MAYA_MALE_8 level 1 turn 198 | end turn requested
unblock: blocker ENDTURN_BLOCKING_PRODUCTION -> NARANJO builds UNIT_WARRIOR | end turn requested
mission CityName=LOC_CITY_NAME_TORONTO CompletionTurn=197 EscapeResult=1 InitialResult=2 LevelAfter=2 LootInfo=-1 Name=LOC_CITIZEN_MAYA_MALE_8 Operation=58 PlotIndex=1818
mission CityName=LOC_CITY_NAME_MONTREAL CompletionTurn=195 EscapeResult=0 InitialResult=4 LevelAfter=2 LootInfo=-1 Name=LOC_CITIZEN_MAYA_MALE_6 Operation=58 PlotIndex=1314
mission CityName=LOC_CITY_NAME_BRANTFORD CompletionTurn=195 EscapeResult=-1 InitialResult=1 LevelAfter=1 LootInfo=-1 Name=LOC_CITIZEN_MAYA_MODERN_MALE_4 Operation=58 PlotIndex=473
mission CityName=LOC_CITY_NAME_QUEBEC_CITY CompletionTurn=192 EscapeResult=-1 InitialResult=1 LevelAfter=2 LootInfo=-1 Name=LOC_CITIZEN_MAYA_MALE_2 Operation=58 PlotIndex=1404
mission CityName=LOC_CITY_NAME_BRANTFORD CompletionTurn=191 EscapeResult=-1 InitialResult=3 LevelAfter=1 LootInfo=-1 Name=LOC_CITIZEN_MAYA_MODERN_MALE_4 Operation=58 PlotIndex=473
mission CityName=LOC_CITY_NAME_MONTREAL CompletionTurn=191 EscapeResult=-1 InitialResult=1 LevelAfter=2 LootInfo=-1 Name=LOC_CITIZEN_MAYA_MALE_4 Operation=58 PlotIndex=1314
mission CityName=LOC_CITY_NAME_SAINT_JOHN CompletionTurn=189 EscapeResult=2 InitialResult=4 LevelAfter=2 LootInfo=-1 Name=LOC_CITIZEN_MAYA_MODERN_FEMALE_4 Operation=58 PlotIndex=1991
mission CityName=LOC_CITY_NAME_QUEBEC_CITY CompletionTurn=188 EscapeResult=-1 InitialResult=5 LevelAfter=2 LootInfo=-1 Name=LOC_CITIZEN_MAYA_MALE_2 Operation=58 PlotIndex=1404
mission CityName=LOC_CITY_NAME_OTTAWA CompletionTurn=188 EscapeResult=0 InitialResult=4 LevelAfter=2 LootInfo=-1 Name=LOC_CITIZEN_MAYA_FEMALE_7 Operation=58 PlotIndex=978
mission CityName=LOC_CITY_NAME_TORONTO CompletionTurn=188 EscapeResult=2 InitialResult=4 LevelAfter=2 LootInfo=-1 Name=LOC_CITIZEN_MAYA_MALE_8 Operation=58 PlotIndex=1818
mission CityName=LOC_CITY_NAME_HALIFAX CompletionTurn=187 EscapeResult=0 InitialResult=4 LevelAfter=2 LootInfo=-1 Name=LOC_CITIZEN_MAYA_FEMALE_6 Operation=58 PlotIndex=1409
mission CityName=LOC_CITY_NAME_WINNIPEG CompletionTurn=187 EscapeResult=1 InitialResult=2 LevelAfter=1 LootInfo=-1 Name=LOC_CITIZEN_MAYA_FEMALE_1 Operation=58 PlotIndex=1742
mission CityName=LOC_CITY_NAME_SAINT_JOHN CompletionTurn=185 EscapeResult=-1 InitialResult=3 LevelAfter=2 LootInfo=-1 Name=LOC_CITIZEN_MAYA_MODERN_FEMALE_4 Operation=58 PlotIndex=1991
mission CityName=LOC_CITY_NAME_OTTAWA CompletionTurn=184 EscapeResult=-1 InitialResult=5 LevelAfter=2 LootInfo=-1 Name=LOC_CITIZEN_MAYA_FEMALE_7 Operation=58 PlotIndex=978
mission CityName=LOC_CITY_NAME_HALIFAX CompletionTurn=183 EscapeResult=-1 InitialResult=5 LevelAfter=2 LootInfo=-1 Name=LOC_CITIZEN_MAYA_FEMALE_6 Operation=58 PlotIndex=1409
mission CityName=LOC_CITY_NAME_SAINT_JOHN CompletionTurn=181 EscapeResult=-1 InitialResult=5 LevelAfter=2 LootInfo=-1 Name=LOC_CITIZEN_MAYA_MODERN_FEMALE_4 Operation=58 PlotIndex=1991
mission CityName=LOC_CITY_NAME_MONTREAL CompletionTurn=180 EscapeResult=0 InitialResult=4 LevelAfter=2 LootInfo=-1 Name=LOC_CITIZEN_MAYA_MODERN_FEMALE_5 Operation=58 PlotIndex=1314
mission CityName=LOC_CITY_NAME_TORONTO CompletionTurn=180 EscapeResult=2 InitialResult=4 LevelAfter=2 LootInfo=-1 Name=LOC_CITIZEN_MAYA_MALE_8 Operation=58 PlotIndex=1818
mission CityName=LOC_CITY_NAME_QUEBEC_CITY CompletionTurn=179 EscapeResult=2 InitialResult=4 LevelAfter=2 LootInfo=-1 Name=LOC_CITIZEN_MAYA_MALE_4 Operation=58 PlotIndex=1404
mission CityName=LOC_CITY_NAME_HALIFAX CompletionTurn=176 EscapeResult=0 InitialResult=4 LevelAfter=2 LootInfo=-1 Name=LOC_CITIZEN_MAYA_MALE_5 Operation=58 PlotIndex=1409
mission CityName=LOC_CITY_NAME_TORONTO CompletionTurn=176 EscapeResult=-1 InitialResult=5 LevelAfter=2 LootInfo=-1 Name=LOC_CITIZEN_MAYA_MALE_8 Operation=58 PlotIndex=1818
mission CityName=LOC_CITY_NAME_OTTAWA CompletionTurn=175 EscapeResult=1 InitialResult=2 LevelAfter=2 LootInfo=-1 Name=LOC_CITIZEN_MAYA_FEMALE_8 Operation=58 PlotIndex=978
mission CityName=LOC_CITY_NAME_MONTREAL CompletionTurn=175 EscapeResult=0 InitialResult=4 LevelAfter=2 LootInfo=-1 Name=LOC_CITIZEN_MAYA_MODERN_FEMALE_2 Operation=58 PlotIndex=1314
mission CityName=LOC_CITY_NAME_WINNIPEG CompletionTurn=174 EscapeResult=1 InitialResult=4 LevelAfter=2 LootInfo=-1 Name=LOC_CITIZEN_MAYA_MODERN_MALE_10 Operation=58 PlotIndex=1742
mission CityName=LOC_CITY_NAME_SAINT_JOHN CompletionTurn=173 EscapeResult=-1 InitialResult=1 LevelAfter=1 LootInfo=-1 Name=LOC_CITIZEN_MAYA_MODERN_FEMALE_1 Operation=58 PlotIndex=1991
mission CityName=LOC_CITY_NAME_QUEBEC_CITY CompletionTurn=173 EscapeResult=-1 InitialResult=1 LevelAfter=2 LootInfo=-1 Name=LOC_CITIZEN_MAYA_MALE_3 Operation=58 PlotIndex=1404
mission CityName=LOC_CITY_NAME_BRANTFORD CompletionTurn=172 EscapeResult=-1 InitialResult=1 LevelAfter=2 LootInfo=-1 Name=LOC_CITIZEN_MAYA_MODERN_FEMALE_7 Operation=58 PlotIndex=473
mission CityName=LOC_CITY_NAME_TORONTO CompletionTurn=172 EscapeResult=-1 InitialResult=5 LevelAfter=2 LootInfo=-1 Name=LOC_CITIZEN_MAYA_MALE_8 Operation=58 PlotIndex=1818
mission CityName=LOC_CITY_NAME_OTTAWA CompletionTurn=171 EscapeResult=-1 InitialResult=5 LevelAfter=2 LootInfo=-1 Name=LOC_CITIZEN_MAYA_FEMALE_8 Operation=58 PlotIndex=978
mission CityName=LOC_CITY_NAME_MONTREAL CompletionTurn=171 EscapeResult=-1 InitialResult=5 LevelAfter=2 LootInfo=-1 Name=LOC_CITIZEN_MAYA_MODERN_FEMALE_2 Operation=58 PlotIndex=1314
mission CityName=LOC_CITY_NAME_WINNIPEG CompletionTurn=170 EscapeResult=-1 InitialResult=3 LevelAfter=2 LootInfo=-1 Name=LOC_CITIZEN_MAYA_MODERN_MALE_10 Operation=58 PlotIndex=1742
mission CityName=LOC_CITY_NAME_QUEBEC_CITY CompletionTurn=169 EscapeResult=-1 InitialResult=5 LevelAfter=2 LootInfo=-1 Name=LOC_CITIZEN_MAYA_MALE_3 Operation=58 PlotIndex=1404
mission CityName=LOC_CITY_NAME_BRANTFORD CompletionTurn=168 EscapeResult=-1 InitialResult=5 LevelAfter=2 LootInfo=-1 Name=LOC_CITIZEN_MAYA_MODERN_FEMALE_7 Operation=58 PlotIndex=473
mission CityName=LOC_CITY_NAME_TORONTO CompletionTurn=168 EscapeResult=-1 InitialResult=3 LevelAfter=2 LootInfo=-1 Name=LOC_CITIZEN_MAYA_MALE_8 Operation=58 PlotIndex=1818
mission CityName=LOC_CITY_NAME_OTTAWA CompletionTurn=167 EscapeResult=-1 InitialResult=5 LevelAfter=2 LootInfo=-1 Name=LOC_CITIZEN_MAYA_FEMALE_8 Operation=58 PlotIndex=978
mission CityName=LOC_CITY_NAME_WINNIPEG CompletionTurn=166 EscapeResult=-1 InitialResult=5 LevelAfter=2 LootInfo=-1 Name=LOC_CITIZEN_MAYA_MODERN_MALE_10 Operation=58 PlotIndex=1742
mission CityName=LOC_CITY_NAME_HALIFAX CompletionTurn=166 EscapeResult=0 InitialResult=4 LevelAfter=2 LootInfo=-1 Name=LOC_CITIZEN_MAYA_FEMALE_4 Operation=58 PlotIndex=1409
mission CityName=LOC_CITY_NAME_QUEBEC_CITY CompletionTurn=165 EscapeResult=-1 InitialResult=3 LevelAfter=1 LootInfo=-1 Name=LOC_CITIZEN_MAYA_MALE_3 Operation=58 PlotIndex=1404
mission CityName=LOC_CITY_NAME_SAINT_JOHN CompletionTurn=164 EscapeResult=1 InitialResult=2 LevelAfter=1 LootInfo=-1 Name=LOC_CITIZEN_MAYA_MALE_6 Operation=58 PlotIndex=1991
mission CityName=LOC_CITY_NAME_OTTAWA CompletionTurn=163 EscapeResult=-1 InitialResult=5 LevelAfter=2 LootInfo=-1 Name=LOC_CITIZEN_MAYA_FEMALE_8 Operation=58 PlotIndex=978
mission CityName=LOC_CITY_NAME_WINNIPEG CompletionTurn=162 EscapeResult=-1 InitialResult=3 LevelAfter=1 LootInfo=-1 Name=LOC_CITIZEN_MAYA_MODERN_MALE_10 Operation=58 PlotIndex=1742
mission CityName=LOC_CITY_NAME_MONTREAL CompletionTurn=162 EscapeResult=0 InitialResult=2 LevelAfter=2 LootInfo=-1 Name=LOC_CITIZEN_MAYA_MODERN_FEMALE_3 Operation=58 PlotIndex=1314
mission CityName=LOC_CITY_NAME_SAINT_JOHN CompletionTurn=160 EscapeResult=-1 InitialResult=3 LevelAfter=1 LootInfo=-1 Name=LOC_CITIZEN_MAYA_MALE_6 Operation=58 PlotIndex=1991
mission CityName=LOC_CITY_NAME_TORONTO CompletionTurn=159 EscapeResult=2 InitialResult=2 LevelAfter=1 LootInfo=-1 Name=LOC_CITIZEN_MAYA_MODERN_FEMALE_5 Operation=58 PlotIndex=1818
mission CityName=LOC_CITY_NAME_HALIFAX CompletionTurn=159 EscapeResult=0 InitialResult=2 LevelAfter=2 LootInfo=-1 Name=LOC_CITIZEN_MAYA_MODERN_FEMALE_9 Operation=58 PlotIndex=1409
mission CityName=LOC_CITY_NAME_OTTAWA CompletionTurn=156 EscapeResult=-1 InitialResult=1 LevelAfter=1 LootInfo=-1 Name=LOC_CITIZEN_MAYA_MODERN_MALE_9 Operation=58 PlotIndex=978
mission CityName=LOC_CITY_NAME_QUEBEC_CITY CompletionTurn=156 EscapeResult=2 InitialResult=2 LevelAfter=2 LootInfo=-1 Name=LOC_CITIZEN_MAYA_MALE_8 Operation=58 PlotIndex=1404
mission CityName=LOC_CITY_NAME_SAINT_JOHN CompletionTurn=156 EscapeResult=-1 InitialResult=3 LevelAfter=1 LootInfo=-1 Name=LOC_CITIZEN_MAYA_MALE_6 Operation=58 PlotIndex=1991
mission CityName=LOC_CITY_NAME_HALIFAX CompletionTurn=154 EscapeResult=-1 InitialResult=5 LevelAfter=2 LootInfo=-1 Name=LOC_CITIZEN_MAYA_FEMALE_4 Operation=58 PlotIndex=1409
mission CityName=LOC_CITY_NAME_QUEBEC_CITY CompletionTurn=151 EscapeResult=-1 InitialResult=5 LevelAfter=2 LootInfo=-1 Name=LOC_CITIZEN_MAYA_MALE_8 Operation=58 PlotIndex=1404
mission CityName=LOC_CITY_NAME_MONTREAL CompletionTurn=150 EscapeResult=0 InitialResult=2 LevelAfter=2 LootInfo=-1 Name=LOC_CITIZEN_MAYA_MALE_1 Operation=58 PlotIndex=1314
mission CityName=LOC_CITY_NAME_OTTAWA CompletionTurn=148 EscapeResult=2 InitialResult=2 LevelAfter=2 LootInfo=-1 Name=LOC_CITIZEN_MAYA_MODERN_FEMALE_3 Operation=58 PlotIndex=978
mission CityName=LOC_CITY_NAME_TORONTO CompletionTurn=148 EscapeResult=0 InitialResult=2 LevelAfter=1 LootInfo=-1 Name=LOC_CITIZEN_MAYA_FEMALE_3 Operation=58 PlotIndex=1818
mission CityName=LOC_CITY_NAME_OTTAWA CompletionTurn=144 EscapeResult=-1 InitialResult=3 LevelAfter=1 LootInfo=-1 Name=LOC_CITIZEN_MAYA_MODERN_MALE_9 Operation=58 PlotIndex=978
mission CityName=LOC_CITY_NAME_QUEBEC_CITY CompletionTurn=142 EscapeResult=2 InitialResult=4 LevelAfter=2 LootInfo=-1 Name=LOC_CITIZEN_MAYA_MODERN_FEMALE_9 Operation=58 PlotIndex=1404
mission CityName=LOC_CITY_NAME_MONTREAL CompletionTurn=141 EscapeResult=0 InitialResult=2 LevelAfter=1 LootInfo=-1 Name=LOC_CITIZEN_MAYA_MODERN_MALE_1 Operation=58 PlotIndex=1314
mission CityName=LOC_CITY_NAME_TORONTO CompletionTurn=140 EscapeResult=-1 InitialResult=0 LevelAfter=1 LootInfo=-1 Name=LOC_CITIZEN_MAYA_MODERN_MALE_4 Operation=58 PlotIndex=1818
mission CityName=LOC_CITY_NAME_MONTREAL CompletionTurn=137 EscapeResult=-1 InitialResult=5 LevelAfter=2 LootInfo=-1 Name=LOC_CITIZEN_MAYA_MALE_1 Operation=58 PlotIndex=1314
mission CityName=LOC_CITY_NAME_OTTAWA CompletionTurn=134 EscapeResult=2 InitialResult=4 LevelAfter=2 LootInfo=-1 Name=LOC_CITIZEN_MAYA_MODERN_FEMALE_3 Operation=58 PlotIndex=978
tally 7  FOMENT_UNREST CAPTURED / NO_RESULT
tally 4  FOMENT_UNREST FAIL_MUST_ESCAPE / CAPTURED
tally 3  FOMENT_UNREST FAIL_MUST_ESCAPE / FAIL_MUST_ESCAPE
tally 5  FOMENT_UNREST FAIL_MUST_ESCAPE / KILLED
tally 9  FOMENT_UNREST FAIL_UNDETECTED / NO_RESULT
tally 1  FOMENT_UNREST KILLED / NO_RESULT
tally 1  FOMENT_UNREST SUCCESS_MUST_ESCAPE / CAPTURED
tally 6  FOMENT_UNREST SUCCESS_MUST_ESCAPE / FAIL_MUST_ESCAPE
tally 7  FOMENT_UNREST SUCCESS_MUST_ESCAPE / KILLED
tally 16  FOMENT_UNREST SUCCESS_UNDETECTED / NO_RESULT
turn 199 spies active 2 idle 0 missions 59 captured-enemy 0
spy 9109525 LOC_CITIZEN_MAYA_MODERN_FEMALE_4 level 1 at 60:16 busy
spy 9044001 LOC_CITIZEN_MAYA_MODERN_MALE_8 level 1 at 54:11 busy
turn 199 spies 2 started 0 travelled 0 promoted 0 bought 0 gold 50000
unblock: blocker ENDTURN_BLOCKING_COMMEMORATION_AVAILABLE -> nothing | end turn requested
unstuck: EraCompletePopup: closed
unblock: blocker ENDTURN_BLOCKING_COMMEMORATION_AVAILABLE -> nothing | end turn requested
mission CityName=LOC_CITY_NAME_OTTAWA CompletionTurn=200 EscapeResult=-1 InitialResult=4 LevelAfter=2 LootInfo=-1 Name=LOC_CITIZEN_MAYA_MODERN_MALE_8 Operation=58 PlotIndex=978
mission CityName=LOC_CITY_NAME_QUEBEC_CITY CompletionTurn=200 EscapeResult=-1 InitialResult=5 LevelAfter=2 LootInfo=-1 Name=LOC_CITIZEN_MAYA_MODERN_FEMALE_4 Operation=58 PlotIndex=1404
mission CityName=LOC_CITY_NAME_TORONTO CompletionTurn=197 EscapeResult=1 InitialResult=2 LevelAfter=2 LootInfo=-1 Name=LOC_CITIZEN_MAYA_MALE_8 Operation=58 PlotIndex=1818
mission CityName=LOC_CITY_NAME_MONTREAL CompletionTurn=195 EscapeResult=0 InitialResult=4 LevelAfter=2 LootInfo=-1 Name=LOC_CITIZEN_MAYA_MALE_6 Operation=58 PlotIndex=1314
mission CityName=LOC_CITY_NAME_BRANTFORD CompletionTurn=195 EscapeResult=-1 InitialResult=1 LevelAfter=1 LootInfo=-1 Name=LOC_CITIZEN_MAYA_MODERN_MALE_4 Operation=58 PlotIndex=473
mission CityName=LOC_CITY_NAME_QUEBEC_CITY CompletionTurn=192 EscapeResult=-1 InitialResult=1 LevelAfter=2 LootInfo=-1 Name=LOC_CITIZEN_MAYA_MALE_2 Operation=58 PlotIndex=1404
mission CityName=LOC_CITY_NAME_BRANTFORD CompletionTurn=191 EscapeResult=-1 InitialResult=3 LevelAfter=1 LootInfo=-1 Name=LOC_CITIZEN_MAYA_MODERN_MALE_4 Operation=58 PlotIndex=473
mission CityName=LOC_CITY_NAME_MONTREAL CompletionTurn=191 EscapeResult=-1 InitialResult=1 LevelAfter=2 LootInfo=-1 Name=LOC_CITIZEN_MAYA_MALE_4 Operation=58 PlotIndex=1314
mission CityName=LOC_CITY_NAME_SAINT_JOHN CompletionTurn=189 EscapeResult=2 InitialResult=4 LevelAfter=2 LootInfo=-1 Name=LOC_CITIZEN_MAYA_MODERN_FEMALE_4 Operation=58 PlotIndex=1991
mission CityName=LOC_CITY_NAME_QUEBEC_CITY CompletionTurn=188 EscapeResult=-1 InitialResult=5 LevelAfter=2 LootInfo=-1 Name=LOC_CITIZEN_MAYA_MALE_2 Operation=58 PlotIndex=1404
mission CityName=LOC_CITY_NAME_OTTAWA CompletionTurn=188 EscapeResult=0 InitialResult=4 LevelAfter=2 LootInfo=-1 Name=LOC_CITIZEN_MAYA_FEMALE_7 Operation=58 PlotIndex=978
mission CityName=LOC_CITY_NAME_TORONTO CompletionTurn=188 EscapeResult=2 InitialResult=4 LevelAfter=2 LootInfo=-1 Name=LOC_CITIZEN_MAYA_MALE_8 Operation=58 PlotIndex=1818
mission CityName=LOC_CITY_NAME_HALIFAX CompletionTurn=187 EscapeResult=0 InitialResult=4 LevelAfter=2 LootInfo=-1 Name=LOC_CITIZEN_MAYA_FEMALE_6 Operation=58 PlotIndex=1409
mission CityName=LOC_CITY_NAME_WINNIPEG CompletionTurn=187 EscapeResult=1 InitialResult=2 LevelAfter=1 LootInfo=-1 Name=LOC_CITIZEN_MAYA_FEMALE_1 Operation=58 PlotIndex=1742
mission CityName=LOC_CITY_NAME_SAINT_JOHN CompletionTurn=185 EscapeResult=-1 InitialResult=3 LevelAfter=2 LootInfo=-1 Name=LOC_CITIZEN_MAYA_MODERN_FEMALE_4 Operation=58 PlotIndex=1991
mission CityName=LOC_CITY_NAME_OTTAWA CompletionTurn=184 EscapeResult=-1 InitialResult=5 LevelAfter=2 LootInfo=-1 Name=LOC_CITIZEN_MAYA_FEMALE_7 Operation=58 PlotIndex=978
mission CityName=LOC_CITY_NAME_HALIFAX CompletionTurn=183 EscapeResult=-1 InitialResult=5 LevelAfter=2 LootInfo=-1 Name=LOC_CITIZEN_MAYA_FEMALE_6 Operation=58 PlotIndex=1409
mission CityName=LOC_CITY_NAME_SAINT_JOHN CompletionTurn=181 EscapeResult=-1 InitialResult=5 LevelAfter=2 LootInfo=-1 Name=LOC_CITIZEN_MAYA_MODERN_FEMALE_4 Operation=58 PlotIndex=1991
mission CityName=LOC_CITY_NAME_MONTREAL CompletionTurn=180 EscapeResult=0 InitialResult=4 LevelAfter=2 LootInfo=-1 Name=LOC_CITIZEN_MAYA_MODERN_FEMALE_5 Operation=58 PlotIndex=1314
mission CityName=LOC_CITY_NAME_TORONTO CompletionTurn=180 EscapeResult=2 InitialResult=4 LevelAfter=2 LootInfo=-1 Name=LOC_CITIZEN_MAYA_MALE_8 Operation=58 PlotIndex=1818
mission CityName=LOC_CITY_NAME_QUEBEC_CITY CompletionTurn=179 EscapeResult=2 InitialResult=4 LevelAfter=2 LootInfo=-1 Name=LOC_CITIZEN_MAYA_MALE_4 Operation=58 PlotIndex=1404
mission CityName=LOC_CITY_NAME_HALIFAX CompletionTurn=176 EscapeResult=0 InitialResult=4 LevelAfter=2 LootInfo=-1 Name=LOC_CITIZEN_MAYA_MALE_5 Operation=58 PlotIndex=1409
mission CityName=LOC_CITY_NAME_TORONTO CompletionTurn=176 EscapeResult=-1 InitialResult=5 LevelAfter=2 LootInfo=-1 Name=LOC_CITIZEN_MAYA_MALE_8 Operation=58 PlotIndex=1818
mission CityName=LOC_CITY_NAME_OTTAWA CompletionTurn=175 EscapeResult=1 InitialResult=2 LevelAfter=2 LootInfo=-1 Name=LOC_CITIZEN_MAYA_FEMALE_8 Operation=58 PlotIndex=978
mission CityName=LOC_CITY_NAME_MONTREAL CompletionTurn=175 EscapeResult=0 InitialResult=4 LevelAfter=2 LootInfo=-1 Name=LOC_CITIZEN_MAYA_MODERN_FEMALE_2 Operation=58 PlotIndex=1314
mission CityName=LOC_CITY_NAME_WINNIPEG CompletionTurn=174 EscapeResult=1 InitialResult=4 LevelAfter=2 LootInfo=-1 Name=LOC_CITIZEN_MAYA_MODERN_MALE_10 Operation=58 PlotIndex=1742
mission CityName=LOC_CITY_NAME_SAINT_JOHN CompletionTurn=173 EscapeResult=-1 InitialResult=1 LevelAfter=1 LootInfo=-1 Name=LOC_CITIZEN_MAYA_MODERN_FEMALE_1 Operation=58 PlotIndex=1991
mission CityName=LOC_CITY_NAME_QUEBEC_CITY CompletionTurn=173 EscapeResult=-1 InitialResult=1 LevelAfter=2 LootInfo=-1 Name=LOC_CITIZEN_MAYA_MALE_3 Operation=58 PlotIndex=1404
mission CityName=LOC_CITY_NAME_BRANTFORD CompletionTurn=172 EscapeResult=-1 InitialResult=1 LevelAfter=2 LootInfo=-1 Name=LOC_CITIZEN_MAYA_MODERN_FEMALE_7 Operation=58 PlotIndex=473
mission CityName=LOC_CITY_NAME_TORONTO CompletionTurn=172 EscapeResult=-1 InitialResult=5 LevelAfter=2 LootInfo=-1 Name=LOC_CITIZEN_MAYA_MALE_8 Operation=58 PlotIndex=1818
mission CityName=LOC_CITY_NAME_OTTAWA CompletionTurn=171 EscapeResult=-1 InitialResult=5 LevelAfter=2 LootInfo=-1 Name=LOC_CITIZEN_MAYA_FEMALE_8 Operation=58 PlotIndex=978
mission CityName=LOC_CITY_NAME_MONTREAL CompletionTurn=171 EscapeResult=-1 InitialResult=5 LevelAfter=2 LootInfo=-1 Name=LOC_CITIZEN_MAYA_MODERN_FEMALE_2 Operation=58 PlotIndex=1314
mission CityName=LOC_CITY_NAME_WINNIPEG CompletionTurn=170 EscapeResult=-1 InitialResult=3 LevelAfter=2 LootInfo=-1 Name=LOC_CITIZEN_MAYA_MODERN_MALE_10 Operation=58 PlotIndex=1742
mission CityName=LOC_CITY_NAME_QUEBEC_CITY CompletionTurn=169 EscapeResult=-1 InitialResult=5 LevelAfter=2 LootInfo=-1 Name=LOC_CITIZEN_MAYA_MALE_3 Operation=58 PlotIndex=1404
mission CityName=LOC_CITY_NAME_BRANTFORD CompletionTurn=168 EscapeResult=-1 InitialResult=5 LevelAfter=2 LootInfo=-1 Name=LOC_CITIZEN_MAYA_MODERN_FEMALE_7 Operation=58 PlotIndex=473
mission CityName=LOC_CITY_NAME_TORONTO CompletionTurn=168 EscapeResult=-1 InitialResult=3 LevelAfter=2 LootInfo=-1 Name=LOC_CITIZEN_MAYA_MALE_8 Operation=58 PlotIndex=1818
mission CityName=LOC_CITY_NAME_OTTAWA CompletionTurn=167 EscapeResult=-1 InitialResult=5 LevelAfter=2 LootInfo=-1 Name=LOC_CITIZEN_MAYA_FEMALE_8 Operation=58 PlotIndex=978
mission CityName=LOC_CITY_NAME_WINNIPEG CompletionTurn=166 EscapeResult=-1 InitialResult=5 LevelAfter=2 LootInfo=-1 Name=LOC_CITIZEN_MAYA_MODERN_MALE_10 Operation=58 PlotIndex=1742
mission CityName=LOC_CITY_NAME_HALIFAX CompletionTurn=166 EscapeResult=0 InitialResult=4 LevelAfter=2 LootInfo=-1 Name=LOC_CITIZEN_MAYA_FEMALE_4 Operation=58 PlotIndex=1409
mission CityName=LOC_CITY_NAME_QUEBEC_CITY CompletionTurn=165 EscapeResult=-1 InitialResult=3 LevelAfter=1 LootInfo=-1 Name=LOC_CITIZEN_MAYA_MALE_3 Operation=58 PlotIndex=1404
mission CityName=LOC_CITY_NAME_SAINT_JOHN CompletionTurn=164 EscapeResult=1 InitialResult=2 LevelAfter=1 LootInfo=-1 Name=LOC_CITIZEN_MAYA_MALE_6 Operation=58 PlotIndex=1991
mission CityName=LOC_CITY_NAME_OTTAWA CompletionTurn=163 EscapeResult=-1 InitialResult=5 LevelAfter=2 LootInfo=-1 Name=LOC_CITIZEN_MAYA_FEMALE_8 Operation=58 PlotIndex=978
mission CityName=LOC_CITY_NAME_WINNIPEG CompletionTurn=162 EscapeResult=-1 InitialResult=3 LevelAfter=1 LootInfo=-1 Name=LOC_CITIZEN_MAYA_MODERN_MALE_10 Operation=58 PlotIndex=1742
mission CityName=LOC_CITY_NAME_MONTREAL CompletionTurn=162 EscapeResult=0 InitialResult=2 LevelAfter=2 LootInfo=-1 Name=LOC_CITIZEN_MAYA_MODERN_FEMALE_3 Operation=58 PlotIndex=1314
mission CityName=LOC_CITY_NAME_SAINT_JOHN CompletionTurn=160 EscapeResult=-1 InitialResult=3 LevelAfter=1 LootInfo=-1 Name=LOC_CITIZEN_MAYA_MALE_6 Operation=58 PlotIndex=1991
mission CityName=LOC_CITY_NAME_TORONTO CompletionTurn=159 EscapeResult=2 InitialResult=2 LevelAfter=1 LootInfo=-1 Name=LOC_CITIZEN_MAYA_MODERN_FEMALE_5 Operation=58 PlotIndex=1818
mission CityName=LOC_CITY_NAME_HALIFAX CompletionTurn=159 EscapeResult=0 InitialResult=2 LevelAfter=2 LootInfo=-1 Name=LOC_CITIZEN_MAYA_MODERN_FEMALE_9 Operation=58 PlotIndex=1409
mission CityName=LOC_CITY_NAME_OTTAWA CompletionTurn=156 EscapeResult=-1 InitialResult=1 LevelAfter=1 LootInfo=-1 Name=LOC_CITIZEN_MAYA_MODERN_MALE_9 Operation=58 PlotIndex=978
mission CityName=LOC_CITY_NAME_QUEBEC_CITY CompletionTurn=156 EscapeResult=2 InitialResult=2 LevelAfter=2 LootInfo=-1 Name=LOC_CITIZEN_MAYA_MALE_8 Operation=58 PlotIndex=1404
mission CityName=LOC_CITY_NAME_SAINT_JOHN CompletionTurn=156 EscapeResult=-1 InitialResult=3 LevelAfter=1 LootInfo=-1 Name=LOC_CITIZEN_MAYA_MALE_6 Operation=58 PlotIndex=1991
mission CityName=LOC_CITY_NAME_HALIFAX CompletionTurn=154 EscapeResult=-1 InitialResult=5 LevelAfter=2 LootInfo=-1 Name=LOC_CITIZEN_MAYA_FEMALE_4 Operation=58 PlotIndex=1409
mission CityName=LOC_CITY_NAME_QUEBEC_CITY CompletionTurn=151 EscapeResult=-1 InitialResult=5 LevelAfter=2 LootInfo=-1 Name=LOC_CITIZEN_MAYA_MALE_8 Operation=58 PlotIndex=1404
mission CityName=LOC_CITY_NAME_MONTREAL CompletionTurn=150 EscapeResult=0 InitialResult=2 LevelAfter=2 LootInfo=-1 Name=LOC_CITIZEN_MAYA_MALE_1 Operation=58 PlotIndex=1314
mission CityName=LOC_CITY_NAME_OTTAWA CompletionTurn=148 EscapeResult=2 InitialResult=2 LevelAfter=2 LootInfo=-1 Name=LOC_CITIZEN_MAYA_MODERN_FEMALE_3 Operation=58 PlotIndex=978
mission CityName=LOC_CITY_NAME_TORONTO CompletionTurn=148 EscapeResult=0 InitialResult=2 LevelAfter=1 LootInfo=-1 Name=LOC_CITIZEN_MAYA_FEMALE_3 Operation=58 PlotIndex=1818
mission CityName=LOC_CITY_NAME_OTTAWA CompletionTurn=144 EscapeResult=-1 InitialResult=3 LevelAfter=1 LootInfo=-1 Name=LOC_CITIZEN_MAYA_MODERN_MALE_9 Operation=58 PlotIndex=978
mission CityName=LOC_CITY_NAME_QUEBEC_CITY CompletionTurn=142 EscapeResult=2 InitialResult=4 LevelAfter=2 LootInfo=-1 Name=LOC_CITIZEN_MAYA_MODERN_FEMALE_9 Operation=58 PlotIndex=1404
mission CityName=LOC_CITY_NAME_MONTREAL CompletionTurn=141 EscapeResult=0 InitialResult=2 LevelAfter=1 LootInfo=-1 Name=LOC_CITIZEN_MAYA_MODERN_MALE_1 Operation=58 PlotIndex=1314
mission CityName=LOC_CITY_NAME_TORONTO CompletionTurn=140 EscapeResult=-1 InitialResult=0 LevelAfter=1 LootInfo=-1 Name=LOC_CITIZEN_MAYA_MODERN_MALE_4 Operation=58 PlotIndex=1818
mission CityName=LOC_CITY_NAME_MONTREAL CompletionTurn=137 EscapeResult=-1 InitialResult=5 LevelAfter=2 LootInfo=-1 Name=LOC_CITIZEN_MAYA_MALE_1 Operation=58 PlotIndex=1314
mission CityName=LOC_CITY_NAME_OTTAWA CompletionTurn=134 EscapeResult=2 InitialResult=4 LevelAfter=2 LootInfo=-1 Name=LOC_CITIZEN_MAYA_MODERN_FEMALE_3 Operation=58 PlotIndex=978
tally 7  FOMENT_UNREST CAPTURED / NO_RESULT
tally 4  FOMENT_UNREST FAIL_MUST_ESCAPE / CAPTURED
tally 3  FOMENT_UNREST FAIL_MUST_ESCAPE / FAIL_MUST_ESCAPE
tally 5  FOMENT_UNREST FAIL_MUST_ESCAPE / KILLED
tally 9  FOMENT_UNREST FAIL_UNDETECTED / NO_RESULT
tally 1  FOMENT_UNREST KILLED / NO_RESULT
tally 1  FOMENT_UNREST SUCCESS_MUST_ESCAPE / CAPTURED
tally 6  FOMENT_UNREST SUCCESS_MUST_ESCAPE / FAIL_MUST_ESCAPE
tally 7  FOMENT_UNREST SUCCESS_MUST_ESCAPE / KILLED
tally 1  FOMENT_UNREST SUCCESS_MUST_ESCAPE / NO_RESULT
tally 17  FOMENT_UNREST SUCCESS_UNDETECTED / NO_RESULT
turn 200 spies active 2 idle 1 missions 61 captured-enemy 0
spy 9109525 LOC_CITIZEN_MAYA_MODERN_FEMALE_4 level 1 at 60:16 start
spy 9371680 LOC_CITIZEN_MAYA_MODERN_MALE_10 level 1 at 65:16 start
spy 9044001 LOC_CITIZEN_MAYA_MODERN_MALE_8 level 1 at 54:11 busy
turn 200 spies 3 started 2 travelled 0 promoted 0 bought 0 gold 50000
unblock: blocker ENDTURN_BLOCKING_COMMEMORATION_AVAILABLE -> nothing | end turn requested
unblock: blocker ENDTURN_BLOCKING_COMMEMORATION_AVAILABLE -> nothing | end turn requested
unstuck: closed sessions [4:4]
unstuck: DiplomacyActionView: Closing Diplomacy Action View. m_eventID: 1198682
mission CityName=LOC_CITY_NAME_OTTAWA CompletionTurn=200 EscapeResult=-1 InitialResult=4 LevelAfter=2 LootInfo=-1 Name=LOC_CITIZEN_MAYA_MODERN_MALE_8 Operation=58 PlotIndex=978
mission CityName=LOC_CITY_NAME_QUEBEC_CITY CompletionTurn=200 EscapeResult=-1 InitialResult=5 LevelAfter=2 LootInfo=-1 Name=LOC_CITIZEN_MAYA_MODERN_FEMALE_4 Operation=58 PlotIndex=1404
mission CityName=LOC_CITY_NAME_TORONTO CompletionTurn=197 EscapeResult=1 InitialResult=2 LevelAfter=2 LootInfo=-1 Name=LOC_CITIZEN_MAYA_MALE_8 Operation=58 PlotIndex=1818
mission CityName=LOC_CITY_NAME_MONTREAL CompletionTurn=195 EscapeResult=0 InitialResult=4 LevelAfter=2 LootInfo=-1 Name=LOC_CITIZEN_MAYA_MALE_6 Operation=58 PlotIndex=1314
mission CityName=LOC_CITY_NAME_BRANTFORD CompletionTurn=195 EscapeResult=-1 InitialResult=1 LevelAfter=1 LootInfo=-1 Name=LOC_CITIZEN_MAYA_MODERN_MALE_4 Operation=58 PlotIndex=473
mission CityName=LOC_CITY_NAME_QUEBEC_CITY CompletionTurn=192 EscapeResult=-1 InitialResult=1 LevelAfter=2 LootInfo=-1 Name=LOC_CITIZEN_MAYA_MALE_2 Operation=58 PlotIndex=1404
mission CityName=LOC_CITY_NAME_BRANTFORD CompletionTurn=191 EscapeResult=-1 InitialResult=3 LevelAfter=1 LootInfo=-1 Name=LOC_CITIZEN_MAYA_MODERN_MALE_4 Operation=58 PlotIndex=473
mission CityName=LOC_CITY_NAME_MONTREAL CompletionTurn=191 EscapeResult=-1 InitialResult=1 LevelAfter=2 LootInfo=-1 Name=LOC_CITIZEN_MAYA_MALE_4 Operation=58 PlotIndex=1314
mission CityName=LOC_CITY_NAME_SAINT_JOHN CompletionTurn=189 EscapeResult=2 InitialResult=4 LevelAfter=2 LootInfo=-1 Name=LOC_CITIZEN_MAYA_MODERN_FEMALE_4 Operation=58 PlotIndex=1991
mission CityName=LOC_CITY_NAME_QUEBEC_CITY CompletionTurn=188 EscapeResult=-1 InitialResult=5 LevelAfter=2 LootInfo=-1 Name=LOC_CITIZEN_MAYA_MALE_2 Operation=58 PlotIndex=1404
mission CityName=LOC_CITY_NAME_OTTAWA CompletionTurn=188 EscapeResult=0 InitialResult=4 LevelAfter=2 LootInfo=-1 Name=LOC_CITIZEN_MAYA_FEMALE_7 Operation=58 PlotIndex=978
mission CityName=LOC_CITY_NAME_TORONTO CompletionTurn=188 EscapeResult=2 InitialResult=4 LevelAfter=2 LootInfo=-1 Name=LOC_CITIZEN_MAYA_MALE_8 Operation=58 PlotIndex=1818
mission CityName=LOC_CITY_NAME_HALIFAX CompletionTurn=187 EscapeResult=0 InitialResult=4 LevelAfter=2 LootInfo=-1 Name=LOC_CITIZEN_MAYA_FEMALE_6 Operation=58 PlotIndex=1409
mission CityName=LOC_CITY_NAME_WINNIPEG CompletionTurn=187 EscapeResult=1 InitialResult=2 LevelAfter=1 LootInfo=-1 Name=LOC_CITIZEN_MAYA_FEMALE_1 Operation=58 PlotIndex=1742
mission CityName=LOC_CITY_NAME_SAINT_JOHN CompletionTurn=185 EscapeResult=-1 InitialResult=3 LevelAfter=2 LootInfo=-1 Name=LOC_CITIZEN_MAYA_MODERN_FEMALE_4 Operation=58 PlotIndex=1991
mission CityName=LOC_CITY_NAME_OTTAWA CompletionTurn=184 EscapeResult=-1 InitialResult=5 LevelAfter=2 LootInfo=-1 Name=LOC_CITIZEN_MAYA_FEMALE_7 Operation=58 PlotIndex=978
mission CityName=LOC_CITY_NAME_HALIFAX CompletionTurn=183 EscapeResult=-1 InitialResult=5 LevelAfter=2 LootInfo=-1 Name=LOC_CITIZEN_MAYA_FEMALE_6 Operation=58 PlotIndex=1409
mission CityName=LOC_CITY_NAME_SAINT_JOHN CompletionTurn=181 EscapeResult=-1 InitialResult=5 LevelAfter=2 LootInfo=-1 Name=LOC_CITIZEN_MAYA_MODERN_FEMALE_4 Operation=58 PlotIndex=1991
mission CityName=LOC_CITY_NAME_MONTREAL CompletionTurn=180 EscapeResult=0 InitialResult=4 LevelAfter=2 LootInfo=-1 Name=LOC_CITIZEN_MAYA_MODERN_FEMALE_5 Operation=58 PlotIndex=1314
mission CityName=LOC_CITY_NAME_TORONTO CompletionTurn=180 EscapeResult=2 InitialResult=4 LevelAfter=2 LootInfo=-1 Name=LOC_CITIZEN_MAYA_MALE_8 Operation=58 PlotIndex=1818
mission CityName=LOC_CITY_NAME_QUEBEC_CITY CompletionTurn=179 EscapeResult=2 InitialResult=4 LevelAfter=2 LootInfo=-1 Name=LOC_CITIZEN_MAYA_MALE_4 Operation=58 PlotIndex=1404
mission CityName=LOC_CITY_NAME_HALIFAX CompletionTurn=176 EscapeResult=0 InitialResult=4 LevelAfter=2 LootInfo=-1 Name=LOC_CITIZEN_MAYA_MALE_5 Operation=58 PlotIndex=1409
mission CityName=LOC_CITY_NAME_TORONTO CompletionTurn=176 EscapeResult=-1 InitialResult=5 LevelAfter=2 LootInfo=-1 Name=LOC_CITIZEN_MAYA_MALE_8 Operation=58 PlotIndex=1818
mission CityName=LOC_CITY_NAME_OTTAWA CompletionTurn=175 EscapeResult=1 InitialResult=2 LevelAfter=2 LootInfo=-1 Name=LOC_CITIZEN_MAYA_FEMALE_8 Operation=58 PlotIndex=978
mission CityName=LOC_CITY_NAME_MONTREAL CompletionTurn=175 EscapeResult=0 InitialResult=4 LevelAfter=2 LootInfo=-1 Name=LOC_CITIZEN_MAYA_MODERN_FEMALE_2 Operation=58 PlotIndex=1314
mission CityName=LOC_CITY_NAME_WINNIPEG CompletionTurn=174 EscapeResult=1 InitialResult=4 LevelAfter=2 LootInfo=-1 Name=LOC_CITIZEN_MAYA_MODERN_MALE_10 Operation=58 PlotIndex=1742
mission CityName=LOC_CITY_NAME_SAINT_JOHN CompletionTurn=173 EscapeResult=-1 InitialResult=1 LevelAfter=1 LootInfo=-1 Name=LOC_CITIZEN_MAYA_MODERN_FEMALE_1 Operation=58 PlotIndex=1991
mission CityName=LOC_CITY_NAME_QUEBEC_CITY CompletionTurn=173 EscapeResult=-1 InitialResult=1 LevelAfter=2 LootInfo=-1 Name=LOC_CITIZEN_MAYA_MALE_3 Operation=58 PlotIndex=1404
mission CityName=LOC_CITY_NAME_BRANTFORD CompletionTurn=172 EscapeResult=-1 InitialResult=1 LevelAfter=2 LootInfo=-1 Name=LOC_CITIZEN_MAYA_MODERN_FEMALE_7 Operation=58 PlotIndex=473
mission CityName=LOC_CITY_NAME_TORONTO CompletionTurn=172 EscapeResult=-1 InitialResult=5 LevelAfter=2 LootInfo=-1 Name=LOC_CITIZEN_MAYA_MALE_8 Operation=58 PlotIndex=1818
mission CityName=LOC_CITY_NAME_OTTAWA CompletionTurn=171 EscapeResult=-1 InitialResult=5 LevelAfter=2 LootInfo=-1 Name=LOC_CITIZEN_MAYA_FEMALE_8 Operation=58 PlotIndex=978
mission CityName=LOC_CITY_NAME_MONTREAL CompletionTurn=171 EscapeResult=-1 InitialResult=5 LevelAfter=2 LootInfo=-1 Name=LOC_CITIZEN_MAYA_MODERN_FEMALE_2 Operation=58 PlotIndex=1314
mission CityName=LOC_CITY_NAME_WINNIPEG CompletionTurn=170 EscapeResult=-1 InitialResult=3 LevelAfter=2 LootInfo=-1 Name=LOC_CITIZEN_MAYA_MODERN_MALE_10 Operation=58 PlotIndex=1742
mission CityName=LOC_CITY_NAME_QUEBEC_CITY CompletionTurn=169 EscapeResult=-1 InitialResult=5 LevelAfter=2 LootInfo=-1 Name=LOC_CITIZEN_MAYA_MALE_3 Operation=58 PlotIndex=1404
mission CityName=LOC_CITY_NAME_BRANTFORD CompletionTurn=168 EscapeResult=-1 InitialResult=5 LevelAfter=2 LootInfo=-1 Name=LOC_CITIZEN_MAYA_MODERN_FEMALE_7 Operation=58 PlotIndex=473
mission CityName=LOC_CITY_NAME_TORONTO CompletionTurn=168 EscapeResult=-1 InitialResult=3 LevelAfter=2 LootInfo=-1 Name=LOC_CITIZEN_MAYA_MALE_8 Operation=58 PlotIndex=1818
mission CityName=LOC_CITY_NAME_OTTAWA CompletionTurn=167 EscapeResult=-1 InitialResult=5 LevelAfter=2 LootInfo=-1 Name=LOC_CITIZEN_MAYA_FEMALE_8 Operation=58 PlotIndex=978
mission CityName=LOC_CITY_NAME_WINNIPEG CompletionTurn=166 EscapeResult=-1 InitialResult=5 LevelAfter=2 LootInfo=-1 Name=LOC_CITIZEN_MAYA_MODERN_MALE_10 Operation=58 PlotIndex=1742
mission CityName=LOC_CITY_NAME_HALIFAX CompletionTurn=166 EscapeResult=0 InitialResult=4 LevelAfter=2 LootInfo=-1 Name=LOC_CITIZEN_MAYA_FEMALE_4 Operation=58 PlotIndex=1409
mission CityName=LOC_CITY_NAME_QUEBEC_CITY CompletionTurn=165 EscapeResult=-1 InitialResult=3 LevelAfter=1 LootInfo=-1 Name=LOC_CITIZEN_MAYA_MALE_3 Operation=58 PlotIndex=1404
mission CityName=LOC_CITY_NAME_SAINT_JOHN CompletionTurn=164 EscapeResult=1 InitialResult=2 LevelAfter=1 LootInfo=-1 Name=LOC_CITIZEN_MAYA_MALE_6 Operation=58 PlotIndex=1991
mission CityName=LOC_CITY_NAME_OTTAWA CompletionTurn=163 EscapeResult=-1 InitialResult=5 LevelAfter=2 LootInfo=-1 Name=LOC_CITIZEN_MAYA_FEMALE_8 Operation=58 PlotIndex=978
mission CityName=LOC_CITY_NAME_WINNIPEG CompletionTurn=162 EscapeResult=-1 InitialResult=3 LevelAfter=1 LootInfo=-1 Name=LOC_CITIZEN_MAYA_MODERN_MALE_10 Operation=58 PlotIndex=1742
mission CityName=LOC_CITY_NAME_MONTREAL CompletionTurn=162 EscapeResult=0 InitialResult=2 LevelAfter=2 LootInfo=-1 Name=LOC_CITIZEN_MAYA_MODERN_FEMALE_3 Operation=58 PlotIndex=1314
mission CityName=LOC_CITY_NAME_SAINT_JOHN CompletionTurn=160 EscapeResult=-1 InitialResult=3 LevelAfter=1 LootInfo=-1 Name=LOC_CITIZEN_MAYA_MALE_6 Operation=58 PlotIndex=1991
mission CityName=LOC_CITY_NAME_TORONTO CompletionTurn=159 EscapeResult=2 InitialResult=2 LevelAfter=1 LootInfo=-1 Name=LOC_CITIZEN_MAYA_MODERN_FEMALE_5 Operation=58 PlotIndex=1818
mission CityName=LOC_CITY_NAME_HALIFAX CompletionTurn=159 EscapeResult=0 InitialResult=2 LevelAfter=2 LootInfo=-1 Name=LOC_CITIZEN_MAYA_MODERN_FEMALE_9 Operation=58 PlotIndex=1409
mission CityName=LOC_CITY_NAME_OTTAWA CompletionTurn=156 EscapeResult=-1 InitialResult=1 LevelAfter=1 LootInfo=-1 Name=LOC_CITIZEN_MAYA_MODERN_MALE_9 Operation=58 PlotIndex=978
mission CityName=LOC_CITY_NAME_QUEBEC_CITY CompletionTurn=156 EscapeResult=2 InitialResult=2 LevelAfter=2 LootInfo=-1 Name=LOC_CITIZEN_MAYA_MALE_8 Operation=58 PlotIndex=1404
mission CityName=LOC_CITY_NAME_SAINT_JOHN CompletionTurn=156 EscapeResult=-1 InitialResult=3 LevelAfter=1 LootInfo=-1 Name=LOC_CITIZEN_MAYA_MALE_6 Operation=58 PlotIndex=1991
mission CityName=LOC_CITY_NAME_HALIFAX CompletionTurn=154 EscapeResult=-1 InitialResult=5 LevelAfter=2 LootInfo=-1 Name=LOC_CITIZEN_MAYA_FEMALE_4 Operation=58 PlotIndex=1409
mission CityName=LOC_CITY_NAME_QUEBEC_CITY CompletionTurn=151 EscapeResult=-1 InitialResult=5 LevelAfter=2 LootInfo=-1 Name=LOC_CITIZEN_MAYA_MALE_8 Operation=58 PlotIndex=1404
mission CityName=LOC_CITY_NAME_MONTREAL CompletionTurn=150 EscapeResult=0 InitialResult=2 LevelAfter=2 LootInfo=-1 Name=LOC_CITIZEN_MAYA_MALE_1 Operation=58 PlotIndex=1314
mission CityName=LOC_CITY_NAME_OTTAWA CompletionTurn=148 EscapeResult=2 InitialResult=2 LevelAfter=2 LootInfo=-1 Name=LOC_CITIZEN_MAYA_MODERN_FEMALE_3 Operation=58 PlotIndex=978
mission CityName=LOC_CITY_NAME_TORONTO CompletionTurn=148 EscapeResult=0 InitialResult=2 LevelAfter=1 LootInfo=-1 Name=LOC_CITIZEN_MAYA_FEMALE_3 Operation=58 PlotIndex=1818
mission CityName=LOC_CITY_NAME_OTTAWA CompletionTurn=144 EscapeResult=-1 InitialResult=3 LevelAfter=1 LootInfo=-1 Name=LOC_CITIZEN_MAYA_MODERN_MALE_9 Operation=58 PlotIndex=978
mission CityName=LOC_CITY_NAME_QUEBEC_CITY CompletionTurn=142 EscapeResult=2 InitialResult=4 LevelAfter=2 LootInfo=-1 Name=LOC_CITIZEN_MAYA_MODERN_FEMALE_9 Operation=58 PlotIndex=1404
mission CityName=LOC_CITY_NAME_MONTREAL CompletionTurn=141 EscapeResult=0 InitialResult=2 LevelAfter=1 LootInfo=-1 Name=LOC_CITIZEN_MAYA_MODERN_MALE_1 Operation=58 PlotIndex=1314
mission CityName=LOC_CITY_NAME_TORONTO CompletionTurn=140 EscapeResult=-1 InitialResult=0 LevelAfter=1 LootInfo=-1 Name=LOC_CITIZEN_MAYA_MODERN_MALE_4 Operation=58 PlotIndex=1818
mission CityName=LOC_CITY_NAME_MONTREAL CompletionTurn=137 EscapeResult=-1 InitialResult=5 LevelAfter=2 LootInfo=-1 Name=LOC_CITIZEN_MAYA_MALE_1 Operation=58 PlotIndex=1314
mission CityName=LOC_CITY_NAME_OTTAWA CompletionTurn=134 EscapeResult=2 InitialResult=4 LevelAfter=2 LootInfo=-1 Name=LOC_CITIZEN_MAYA_MODERN_FEMALE_3 Operation=58 PlotIndex=978
tally 7  FOMENT_UNREST CAPTURED / NO_RESULT
tally 4  FOMENT_UNREST FAIL_MUST_ESCAPE / CAPTURED
tally 3  FOMENT_UNREST FAIL_MUST_ESCAPE / FAIL_MUST_ESCAPE
tally 5  FOMENT_UNREST FAIL_MUST_ESCAPE / KILLED
tally 9  FOMENT_UNREST FAIL_UNDETECTED / NO_RESULT
tally 1  FOMENT_UNREST KILLED / NO_RESULT
tally 1  FOMENT_UNREST SUCCESS_MUST_ESCAPE / CAPTURED
tally 6  FOMENT_UNREST SUCCESS_MUST_ESCAPE / FAIL_MUST_ESCAPE
tally 7  FOMENT_UNREST SUCCESS_MUST_ESCAPE / KILLED
tally 1  FOMENT_UNREST SUCCESS_MUST_ESCAPE / NO_RESULT
tally 17  FOMENT_UNREST SUCCESS_UNDETECTED / NO_RESULT
turn 201 spies active 3 idle 0 missions 61 captured-enemy 0
spy 9109525 LOC_CITIZEN_MAYA_MODERN_FEMALE_4 level 1 at 60:16 busy
spy 9437212 LOC_CITIZEN_MAYA_MODERN_FEMALE_6 level 1 at 54:15 start
spy 9371680 LOC_CITIZEN_MAYA_MODERN_MALE_10 level 1 at 65:16 busy
spy 9044001 LOC_CITIZEN_MAYA_MODERN_MALE_8 level 1 at 54:11 busy
turn 201 spies 4 started 1 travelled 0 promoted 0 bought 0 gold 50000
unblock: blocker ENDTURN_BLOCKING_COMMEMORATION_AVAILABLE -> nothing | end turn requested
unblock: blocker ENDTURN_BLOCKING_COMMEMORATION_AVAILABLE -> nothing | end turn requested
unstuck: closed sessions [2:2]
unstuck: DiplomacyActionView: Closing Diplomacy Action View. m_eventID: 1207920
unblock: blocker ENDTURN_BLOCKING_COMMEMORATION_AVAILABLE -> nothing | end turn requested
unstuck: InGamePopup: open, no close
unstuck: WorldCongressIntro: closed
unstuck: WorldCongressPopup: closed
unblock: blocker ENDTURN_BLOCKING_WORLD_CONGRESS_SESSION -> nothing | end turn requested
unstuck: InGamePopup: open, no close
unstuck: WorldCongressPopup: closed
mission CityName=LOC_CITY_NAME_OTTAWA CompletionTurn=200 EscapeResult=-1 InitialResult=4 LevelAfter=2 LootInfo=-1 Name=LOC_CITIZEN_MAYA_MODERN_MALE_8 Operation=58 PlotIndex=978
mission CityName=LOC_CITY_NAME_QUEBEC_CITY CompletionTurn=200 EscapeResult=-1 InitialResult=5 LevelAfter=2 LootInfo=-1 Name=LOC_CITIZEN_MAYA_MODERN_FEMALE_4 Operation=58 PlotIndex=1404
mission CityName=LOC_CITY_NAME_TORONTO CompletionTurn=197 EscapeResult=1 InitialResult=2 LevelAfter=2 LootInfo=-1 Name=LOC_CITIZEN_MAYA_MALE_8 Operation=58 PlotIndex=1818
mission CityName=LOC_CITY_NAME_MONTREAL CompletionTurn=195 EscapeResult=0 InitialResult=4 LevelAfter=2 LootInfo=-1 Name=LOC_CITIZEN_MAYA_MALE_6 Operation=58 PlotIndex=1314
mission CityName=LOC_CITY_NAME_BRANTFORD CompletionTurn=195 EscapeResult=-1 InitialResult=1 LevelAfter=1 LootInfo=-1 Name=LOC_CITIZEN_MAYA_MODERN_MALE_4 Operation=58 PlotIndex=473
mission CityName=LOC_CITY_NAME_QUEBEC_CITY CompletionTurn=192 EscapeResult=-1 InitialResult=1 LevelAfter=2 LootInfo=-1 Name=LOC_CITIZEN_MAYA_MALE_2 Operation=58 PlotIndex=1404
mission CityName=LOC_CITY_NAME_BRANTFORD CompletionTurn=191 EscapeResult=-1 InitialResult=3 LevelAfter=1 LootInfo=-1 Name=LOC_CITIZEN_MAYA_MODERN_MALE_4 Operation=58 PlotIndex=473
mission CityName=LOC_CITY_NAME_MONTREAL CompletionTurn=191 EscapeResult=-1 InitialResult=1 LevelAfter=2 LootInfo=-1 Name=LOC_CITIZEN_MAYA_MALE_4 Operation=58 PlotIndex=1314
mission CityName=LOC_CITY_NAME_SAINT_JOHN CompletionTurn=189 EscapeResult=2 InitialResult=4 LevelAfter=2 LootInfo=-1 Name=LOC_CITIZEN_MAYA_MODERN_FEMALE_4 Operation=58 PlotIndex=1991
mission CityName=LOC_CITY_NAME_QUEBEC_CITY CompletionTurn=188 EscapeResult=-1 InitialResult=5 LevelAfter=2 LootInfo=-1 Name=LOC_CITIZEN_MAYA_MALE_2 Operation=58 PlotIndex=1404
mission CityName=LOC_CITY_NAME_OTTAWA CompletionTurn=188 EscapeResult=0 InitialResult=4 LevelAfter=2 LootInfo=-1 Name=LOC_CITIZEN_MAYA_FEMALE_7 Operation=58 PlotIndex=978
mission CityName=LOC_CITY_NAME_TORONTO CompletionTurn=188 EscapeResult=2 InitialResult=4 LevelAfter=2 LootInfo=-1 Name=LOC_CITIZEN_MAYA_MALE_8 Operation=58 PlotIndex=1818
mission CityName=LOC_CITY_NAME_HALIFAX CompletionTurn=187 EscapeResult=0 InitialResult=4 LevelAfter=2 LootInfo=-1 Name=LOC_CITIZEN_MAYA_FEMALE_6 Operation=58 PlotIndex=1409
mission CityName=LOC_CITY_NAME_WINNIPEG CompletionTurn=187 EscapeResult=1 InitialResult=2 LevelAfter=1 LootInfo=-1 Name=LOC_CITIZEN_MAYA_FEMALE_1 Operation=58 PlotIndex=1742
mission CityName=LOC_CITY_NAME_SAINT_JOHN CompletionTurn=185 EscapeResult=-1 InitialResult=3 LevelAfter=2 LootInfo=-1 Name=LOC_CITIZEN_MAYA_MODERN_FEMALE_4 Operation=58 PlotIndex=1991
mission CityName=LOC_CITY_NAME_OTTAWA CompletionTurn=184 EscapeResult=-1 InitialResult=5 LevelAfter=2 LootInfo=-1 Name=LOC_CITIZEN_MAYA_FEMALE_7 Operation=58 PlotIndex=978
mission CityName=LOC_CITY_NAME_HALIFAX CompletionTurn=183 EscapeResult=-1 InitialResult=5 LevelAfter=2 LootInfo=-1 Name=LOC_CITIZEN_MAYA_FEMALE_6 Operation=58 PlotIndex=1409
mission CityName=LOC_CITY_NAME_SAINT_JOHN CompletionTurn=181 EscapeResult=-1 InitialResult=5 LevelAfter=2 LootInfo=-1 Name=LOC_CITIZEN_MAYA_MODERN_FEMALE_4 Operation=58 PlotIndex=1991
mission CityName=LOC_CITY_NAME_MONTREAL CompletionTurn=180 EscapeResult=0 InitialResult=4 LevelAfter=2 LootInfo=-1 Name=LOC_CITIZEN_MAYA_MODERN_FEMALE_5 Operation=58 PlotIndex=1314
mission CityName=LOC_CITY_NAME_TORONTO CompletionTurn=180 EscapeResult=2 InitialResult=4 LevelAfter=2 LootInfo=-1 Name=LOC_CITIZEN_MAYA_MALE_8 Operation=58 PlotIndex=1818
mission CityName=LOC_CITY_NAME_QUEBEC_CITY CompletionTurn=179 EscapeResult=2 InitialResult=4 LevelAfter=2 LootInfo=-1 Name=LOC_CITIZEN_MAYA_MALE_4 Operation=58 PlotIndex=1404
mission CityName=LOC_CITY_NAME_HALIFAX CompletionTurn=176 EscapeResult=0 InitialResult=4 LevelAfter=2 LootInfo=-1 Name=LOC_CITIZEN_MAYA_MALE_5 Operation=58 PlotIndex=1409
mission CityName=LOC_CITY_NAME_TORONTO CompletionTurn=176 EscapeResult=-1 InitialResult=5 LevelAfter=2 LootInfo=-1 Name=LOC_CITIZEN_MAYA_MALE_8 Operation=58 PlotIndex=1818
mission CityName=LOC_CITY_NAME_OTTAWA CompletionTurn=175 EscapeResult=1 InitialResult=2 LevelAfter=2 LootInfo=-1 Name=LOC_CITIZEN_MAYA_FEMALE_8 Operation=58 PlotIndex=978
mission CityName=LOC_CITY_NAME_MONTREAL CompletionTurn=175 EscapeResult=0 InitialResult=4 LevelAfter=2 LootInfo=-1 Name=LOC_CITIZEN_MAYA_MODERN_FEMALE_2 Operation=58 PlotIndex=1314
mission CityName=LOC_CITY_NAME_WINNIPEG CompletionTurn=174 EscapeResult=1 InitialResult=4 LevelAfter=2 LootInfo=-1 Name=LOC_CITIZEN_MAYA_MODERN_MALE_10 Operation=58 PlotIndex=1742
mission CityName=LOC_CITY_NAME_SAINT_JOHN CompletionTurn=173 EscapeResult=-1 InitialResult=1 LevelAfter=1 LootInfo=-1 Name=LOC_CITIZEN_MAYA_MODERN_FEMALE_1 Operation=58 PlotIndex=1991
mission CityName=LOC_CITY_NAME_QUEBEC_CITY CompletionTurn=173 EscapeResult=-1 InitialResult=1 LevelAfter=2 LootInfo=-1 Name=LOC_CITIZEN_MAYA_MALE_3 Operation=58 PlotIndex=1404
mission CityName=LOC_CITY_NAME_BRANTFORD CompletionTurn=172 EscapeResult=-1 InitialResult=1 LevelAfter=2 LootInfo=-1 Name=LOC_CITIZEN_MAYA_MODERN_FEMALE_7 Operation=58 PlotIndex=473
mission CityName=LOC_CITY_NAME_TORONTO CompletionTurn=172 EscapeResult=-1 InitialResult=5 LevelAfter=2 LootInfo=-1 Name=LOC_CITIZEN_MAYA_MALE_8 Operation=58 PlotIndex=1818
mission CityName=LOC_CITY_NAME_OTTAWA CompletionTurn=171 EscapeResult=-1 InitialResult=5 LevelAfter=2 LootInfo=-1 Name=LOC_CITIZEN_MAYA_FEMALE_8 Operation=58 PlotIndex=978
mission CityName=LOC_CITY_NAME_MONTREAL CompletionTurn=171 EscapeResult=-1 InitialResult=5 LevelAfter=2 LootInfo=-1 Name=LOC_CITIZEN_MAYA_MODERN_FEMALE_2 Operation=58 PlotIndex=1314
mission CityName=LOC_CITY_NAME_WINNIPEG CompletionTurn=170 EscapeResult=-1 InitialResult=3 LevelAfter=2 LootInfo=-1 Name=LOC_CITIZEN_MAYA_MODERN_MALE_10 Operation=58 PlotIndex=1742
mission CityName=LOC_CITY_NAME_QUEBEC_CITY CompletionTurn=169 EscapeResult=-1 InitialResult=5 LevelAfter=2 LootInfo=-1 Name=LOC_CITIZEN_MAYA_MALE_3 Operation=58 PlotIndex=1404
mission CityName=LOC_CITY_NAME_BRANTFORD CompletionTurn=168 EscapeResult=-1 InitialResult=5 LevelAfter=2 LootInfo=-1 Name=LOC_CITIZEN_MAYA_MODERN_FEMALE_7 Operation=58 PlotIndex=473
mission CityName=LOC_CITY_NAME_TORONTO CompletionTurn=168 EscapeResult=-1 InitialResult=3 LevelAfter=2 LootInfo=-1 Name=LOC_CITIZEN_MAYA_MALE_8 Operation=58 PlotIndex=1818
mission CityName=LOC_CITY_NAME_OTTAWA CompletionTurn=167 EscapeResult=-1 InitialResult=5 LevelAfter=2 LootInfo=-1 Name=LOC_CITIZEN_MAYA_FEMALE_8 Operation=58 PlotIndex=978
mission CityName=LOC_CITY_NAME_WINNIPEG CompletionTurn=166 EscapeResult=-1 InitialResult=5 LevelAfter=2 LootInfo=-1 Name=LOC_CITIZEN_MAYA_MODERN_MALE_10 Operation=58 PlotIndex=1742
mission CityName=LOC_CITY_NAME_HALIFAX CompletionTurn=166 EscapeResult=0 InitialResult=4 LevelAfter=2 LootInfo=-1 Name=LOC_CITIZEN_MAYA_FEMALE_4 Operation=58 PlotIndex=1409
mission CityName=LOC_CITY_NAME_QUEBEC_CITY CompletionTurn=165 EscapeResult=-1 InitialResult=3 LevelAfter=1 LootInfo=-1 Name=LOC_CITIZEN_MAYA_MALE_3 Operation=58 PlotIndex=1404
mission CityName=LOC_CITY_NAME_SAINT_JOHN CompletionTurn=164 EscapeResult=1 InitialResult=2 LevelAfter=1 LootInfo=-1 Name=LOC_CITIZEN_MAYA_MALE_6 Operation=58 PlotIndex=1991
mission CityName=LOC_CITY_NAME_OTTAWA CompletionTurn=163 EscapeResult=-1 InitialResult=5 LevelAfter=2 LootInfo=-1 Name=LOC_CITIZEN_MAYA_FEMALE_8 Operation=58 PlotIndex=978
mission CityName=LOC_CITY_NAME_WINNIPEG CompletionTurn=162 EscapeResult=-1 InitialResult=3 LevelAfter=1 LootInfo=-1 Name=LOC_CITIZEN_MAYA_MODERN_MALE_10 Operation=58 PlotIndex=1742
mission CityName=LOC_CITY_NAME_MONTREAL CompletionTurn=162 EscapeResult=0 InitialResult=2 LevelAfter=2 LootInfo=-1 Name=LOC_CITIZEN_MAYA_MODERN_FEMALE_3 Operation=58 PlotIndex=1314
mission CityName=LOC_CITY_NAME_SAINT_JOHN CompletionTurn=160 EscapeResult=-1 InitialResult=3 LevelAfter=1 LootInfo=-1 Name=LOC_CITIZEN_MAYA_MALE_6 Operation=58 PlotIndex=1991
mission CityName=LOC_CITY_NAME_TORONTO CompletionTurn=159 EscapeResult=2 InitialResult=2 LevelAfter=1 LootInfo=-1 Name=LOC_CITIZEN_MAYA_MODERN_FEMALE_5 Operation=58 PlotIndex=1818
mission CityName=LOC_CITY_NAME_HALIFAX CompletionTurn=159 EscapeResult=0 InitialResult=2 LevelAfter=2 LootInfo=-1 Name=LOC_CITIZEN_MAYA_MODERN_FEMALE_9 Operation=58 PlotIndex=1409
mission CityName=LOC_CITY_NAME_OTTAWA CompletionTurn=156 EscapeResult=-1 InitialResult=1 LevelAfter=1 LootInfo=-1 Name=LOC_CITIZEN_MAYA_MODERN_MALE_9 Operation=58 PlotIndex=978
mission CityName=LOC_CITY_NAME_QUEBEC_CITY CompletionTurn=156 EscapeResult=2 InitialResult=2 LevelAfter=2 LootInfo=-1 Name=LOC_CITIZEN_MAYA_MALE_8 Operation=58 PlotIndex=1404
mission CityName=LOC_CITY_NAME_SAINT_JOHN CompletionTurn=156 EscapeResult=-1 InitialResult=3 LevelAfter=1 LootInfo=-1 Name=LOC_CITIZEN_MAYA_MALE_6 Operation=58 PlotIndex=1991
mission CityName=LOC_CITY_NAME_HALIFAX CompletionTurn=154 EscapeResult=-1 InitialResult=5 LevelAfter=2 LootInfo=-1 Name=LOC_CITIZEN_MAYA_FEMALE_4 Operation=58 PlotIndex=1409
mission CityName=LOC_CITY_NAME_QUEBEC_CITY CompletionTurn=151 EscapeResult=-1 InitialResult=5 LevelAfter=2 LootInfo=-1 Name=LOC_CITIZEN_MAYA_MALE_8 Operation=58 PlotIndex=1404
mission CityName=LOC_CITY_NAME_MONTREAL CompletionTurn=150 EscapeResult=0 InitialResult=2 LevelAfter=2 LootInfo=-1 Name=LOC_CITIZEN_MAYA_MALE_1 Operation=58 PlotIndex=1314
mission CityName=LOC_CITY_NAME_OTTAWA CompletionTurn=148 EscapeResult=2 InitialResult=2 LevelAfter=2 LootInfo=-1 Name=LOC_CITIZEN_MAYA_MODERN_FEMALE_3 Operation=58 PlotIndex=978
mission CityName=LOC_CITY_NAME_TORONTO CompletionTurn=148 EscapeResult=0 InitialResult=2 LevelAfter=1 LootInfo=-1 Name=LOC_CITIZEN_MAYA_FEMALE_3 Operation=58 PlotIndex=1818
mission CityName=LOC_CITY_NAME_OTTAWA CompletionTurn=144 EscapeResult=-1 InitialResult=3 LevelAfter=1 LootInfo=-1 Name=LOC_CITIZEN_MAYA_MODERN_MALE_9 Operation=58 PlotIndex=978
mission CityName=LOC_CITY_NAME_QUEBEC_CITY CompletionTurn=142 EscapeResult=2 InitialResult=4 LevelAfter=2 LootInfo=-1 Name=LOC_CITIZEN_MAYA_MODERN_FEMALE_9 Operation=58 PlotIndex=1404
mission CityName=LOC_CITY_NAME_MONTREAL CompletionTurn=141 EscapeResult=0 InitialResult=2 LevelAfter=1 LootInfo=-1 Name=LOC_CITIZEN_MAYA_MODERN_MALE_1 Operation=58 PlotIndex=1314
mission CityName=LOC_CITY_NAME_TORONTO CompletionTurn=140 EscapeResult=-1 InitialResult=0 LevelAfter=1 LootInfo=-1 Name=LOC_CITIZEN_MAYA_MODERN_MALE_4 Operation=58 PlotIndex=1818
mission CityName=LOC_CITY_NAME_MONTREAL CompletionTurn=137 EscapeResult=-1 InitialResult=5 LevelAfter=2 LootInfo=-1 Name=LOC_CITIZEN_MAYA_MALE_1 Operation=58 PlotIndex=1314
mission CityName=LOC_CITY_NAME_OTTAWA CompletionTurn=134 EscapeResult=2 InitialResult=4 LevelAfter=2 LootInfo=-1 Name=LOC_CITIZEN_MAYA_MODERN_FEMALE_3 Operation=58 PlotIndex=978
tally 7  FOMENT_UNREST CAPTURED / NO_RESULT
tally 4  FOMENT_UNREST FAIL_MUST_ESCAPE / CAPTURED
tally 3  FOMENT_UNREST FAIL_MUST_ESCAPE / FAIL_MUST_ESCAPE
tally 5  FOMENT_UNREST FAIL_MUST_ESCAPE / KILLED
tally 9  FOMENT_UNREST FAIL_UNDETECTED / NO_RESULT
tally 1  FOMENT_UNREST KILLED / NO_RESULT
tally 1  FOMENT_UNREST SUCCESS_MUST_ESCAPE / CAPTURED
tally 6  FOMENT_UNREST SUCCESS_MUST_ESCAPE / FAIL_MUST_ESCAPE
tally 7  FOMENT_UNREST SUCCESS_MUST_ESCAPE / KILLED
tally 1  FOMENT_UNREST SUCCESS_MUST_ESCAPE / NO_RESULT
tally 17  FOMENT_UNREST SUCCESS_UNDETECTED / NO_RESULT
turn 202 spies active 4 idle 0 missions 61 captured-enemy 0
spy 9109525 LOC_CITIZEN_MAYA_MODERN_FEMALE_4 level 1 at 60:16 busy
spy 9437212 LOC_CITIZEN_MAYA_MODERN_FEMALE_6 level 1 at 54:15 busy
spy 9371680 LOC_CITIZEN_MAYA_MODERN_MALE_10 level 1 at 65:16 busy
spy 9044001 LOC_CITIZEN_MAYA_MODERN_MALE_8 level 1 at 54:11 busy
turn 202 spies 4 started 0 travelled 0 promoted 0 bought 0 gold 50000
unblock: blocker ENDTURN_BLOCKING_COMMEMORATION_AVAILABLE -> nothing | end turn requested
unstuck: InGamePopup: open, no close
unblock: blocker ENDTURN_BLOCKING_COMMEMORATION_AVAILABLE -> nothing | end turn requested
unstuck: InGamePopup: open, no close
mission CityName=LOC_CITY_NAME_OTTAWA CompletionTurn=200 EscapeResult=-1 InitialResult=4 LevelAfter=2 LootInfo=-1 Name=LOC_CITIZEN_MAYA_MODERN_MALE_8 Operation=58 PlotIndex=978
mission CityName=LOC_CITY_NAME_QUEBEC_CITY CompletionTurn=200 EscapeResult=-1 InitialResult=5 LevelAfter=2 LootInfo=-1 Name=LOC_CITIZEN_MAYA_MODERN_FEMALE_4 Operation=58 PlotIndex=1404
mission CityName=LOC_CITY_NAME_TORONTO CompletionTurn=197 EscapeResult=1 InitialResult=2 LevelAfter=2 LootInfo=-1 Name=LOC_CITIZEN_MAYA_MALE_8 Operation=58 PlotIndex=1818
mission CityName=LOC_CITY_NAME_MONTREAL CompletionTurn=195 EscapeResult=0 InitialResult=4 LevelAfter=2 LootInfo=-1 Name=LOC_CITIZEN_MAYA_MALE_6 Operation=58 PlotIndex=1314
mission CityName=LOC_CITY_NAME_BRANTFORD CompletionTurn=195 EscapeResult=-1 InitialResult=1 LevelAfter=1 LootInfo=-1 Name=LOC_CITIZEN_MAYA_MODERN_MALE_4 Operation=58 PlotIndex=473
mission CityName=LOC_CITY_NAME_QUEBEC_CITY CompletionTurn=192 EscapeResult=-1 InitialResult=1 LevelAfter=2 LootInfo=-1 Name=LOC_CITIZEN_MAYA_MALE_2 Operation=58 PlotIndex=1404
mission CityName=LOC_CITY_NAME_BRANTFORD CompletionTurn=191 EscapeResult=-1 InitialResult=3 LevelAfter=1 LootInfo=-1 Name=LOC_CITIZEN_MAYA_MODERN_MALE_4 Operation=58 PlotIndex=473
mission CityName=LOC_CITY_NAME_MONTREAL CompletionTurn=191 EscapeResult=-1 InitialResult=1 LevelAfter=2 LootInfo=-1 Name=LOC_CITIZEN_MAYA_MALE_4 Operation=58 PlotIndex=1314
mission CityName=LOC_CITY_NAME_SAINT_JOHN CompletionTurn=189 EscapeResult=2 InitialResult=4 LevelAfter=2 LootInfo=-1 Name=LOC_CITIZEN_MAYA_MODERN_FEMALE_4 Operation=58 PlotIndex=1991
mission CityName=LOC_CITY_NAME_QUEBEC_CITY CompletionTurn=188 EscapeResult=-1 InitialResult=5 LevelAfter=2 LootInfo=-1 Name=LOC_CITIZEN_MAYA_MALE_2 Operation=58 PlotIndex=1404
mission CityName=LOC_CITY_NAME_OTTAWA CompletionTurn=188 EscapeResult=0 InitialResult=4 LevelAfter=2 LootInfo=-1 Name=LOC_CITIZEN_MAYA_FEMALE_7 Operation=58 PlotIndex=978
mission CityName=LOC_CITY_NAME_TORONTO CompletionTurn=188 EscapeResult=2 InitialResult=4 LevelAfter=2 LootInfo=-1 Name=LOC_CITIZEN_MAYA_MALE_8 Operation=58 PlotIndex=1818
mission CityName=LOC_CITY_NAME_HALIFAX CompletionTurn=187 EscapeResult=0 InitialResult=4 LevelAfter=2 LootInfo=-1 Name=LOC_CITIZEN_MAYA_FEMALE_6 Operation=58 PlotIndex=1409
mission CityName=LOC_CITY_NAME_WINNIPEG CompletionTurn=187 EscapeResult=1 InitialResult=2 LevelAfter=1 LootInfo=-1 Name=LOC_CITIZEN_MAYA_FEMALE_1 Operation=58 PlotIndex=1742
mission CityName=LOC_CITY_NAME_SAINT_JOHN CompletionTurn=185 EscapeResult=-1 InitialResult=3 LevelAfter=2 LootInfo=-1 Name=LOC_CITIZEN_MAYA_MODERN_FEMALE_4 Operation=58 PlotIndex=1991
mission CityName=LOC_CITY_NAME_OTTAWA CompletionTurn=184 EscapeResult=-1 InitialResult=5 LevelAfter=2 LootInfo=-1 Name=LOC_CITIZEN_MAYA_FEMALE_7 Operation=58 PlotIndex=978
mission CityName=LOC_CITY_NAME_HALIFAX CompletionTurn=183 EscapeResult=-1 InitialResult=5 LevelAfter=2 LootInfo=-1 Name=LOC_CITIZEN_MAYA_FEMALE_6 Operation=58 PlotIndex=1409
mission CityName=LOC_CITY_NAME_SAINT_JOHN CompletionTurn=181 EscapeResult=-1 InitialResult=5 LevelAfter=2 LootInfo=-1 Name=LOC_CITIZEN_MAYA_MODERN_FEMALE_4 Operation=58 PlotIndex=1991
mission CityName=LOC_CITY_NAME_MONTREAL CompletionTurn=180 EscapeResult=0 InitialResult=4 LevelAfter=2 LootInfo=-1 Name=LOC_CITIZEN_MAYA_MODERN_FEMALE_5 Operation=58 PlotIndex=1314
mission CityName=LOC_CITY_NAME_TORONTO CompletionTurn=180 EscapeResult=2 InitialResult=4 LevelAfter=2 LootInfo=-1 Name=LOC_CITIZEN_MAYA_MALE_8 Operation=58 PlotIndex=1818
mission CityName=LOC_CITY_NAME_QUEBEC_CITY CompletionTurn=179 EscapeResult=2 InitialResult=4 LevelAfter=2 LootInfo=-1 Name=LOC_CITIZEN_MAYA_MALE_4 Operation=58 PlotIndex=1404
mission CityName=LOC_CITY_NAME_HALIFAX CompletionTurn=176 EscapeResult=0 InitialResult=4 LevelAfter=2 LootInfo=-1 Name=LOC_CITIZEN_MAYA_MALE_5 Operation=58 PlotIndex=1409
mission CityName=LOC_CITY_NAME_TORONTO CompletionTurn=176 EscapeResult=-1 InitialResult=5 LevelAfter=2 LootInfo=-1 Name=LOC_CITIZEN_MAYA_MALE_8 Operation=58 PlotIndex=1818
mission CityName=LOC_CITY_NAME_OTTAWA CompletionTurn=175 EscapeResult=1 InitialResult=2 LevelAfter=2 LootInfo=-1 Name=LOC_CITIZEN_MAYA_FEMALE_8 Operation=58 PlotIndex=978
mission CityName=LOC_CITY_NAME_MONTREAL CompletionTurn=175 EscapeResult=0 InitialResult=4 LevelAfter=2 LootInfo=-1 Name=LOC_CITIZEN_MAYA_MODERN_FEMALE_2 Operation=58 PlotIndex=1314
mission CityName=LOC_CITY_NAME_WINNIPEG CompletionTurn=174 EscapeResult=1 InitialResult=4 LevelAfter=2 LootInfo=-1 Name=LOC_CITIZEN_MAYA_MODERN_MALE_10 Operation=58 PlotIndex=1742
mission CityName=LOC_CITY_NAME_SAINT_JOHN CompletionTurn=173 EscapeResult=-1 InitialResult=1 LevelAfter=1 LootInfo=-1 Name=LOC_CITIZEN_MAYA_MODERN_FEMALE_1 Operation=58 PlotIndex=1991
mission CityName=LOC_CITY_NAME_QUEBEC_CITY CompletionTurn=173 EscapeResult=-1 InitialResult=1 LevelAfter=2 LootInfo=-1 Name=LOC_CITIZEN_MAYA_MALE_3 Operation=58 PlotIndex=1404
mission CityName=LOC_CITY_NAME_BRANTFORD CompletionTurn=172 EscapeResult=-1 InitialResult=1 LevelAfter=2 LootInfo=-1 Name=LOC_CITIZEN_MAYA_MODERN_FEMALE_7 Operation=58 PlotIndex=473
mission CityName=LOC_CITY_NAME_TORONTO CompletionTurn=172 EscapeResult=-1 InitialResult=5 LevelAfter=2 LootInfo=-1 Name=LOC_CITIZEN_MAYA_MALE_8 Operation=58 PlotIndex=1818
mission CityName=LOC_CITY_NAME_OTTAWA CompletionTurn=171 EscapeResult=-1 InitialResult=5 LevelAfter=2 LootInfo=-1 Name=LOC_CITIZEN_MAYA_FEMALE_8 Operation=58 PlotIndex=978
mission CityName=LOC_CITY_NAME_MONTREAL CompletionTurn=171 EscapeResult=-1 InitialResult=5 LevelAfter=2 LootInfo=-1 Name=LOC_CITIZEN_MAYA_MODERN_FEMALE_2 Operation=58 PlotIndex=1314
mission CityName=LOC_CITY_NAME_WINNIPEG CompletionTurn=170 EscapeResult=-1 InitialResult=3 LevelAfter=2 LootInfo=-1 Name=LOC_CITIZEN_MAYA_MODERN_MALE_10 Operation=58 PlotIndex=1742
mission CityName=LOC_CITY_NAME_QUEBEC_CITY CompletionTurn=169 EscapeResult=-1 InitialResult=5 LevelAfter=2 LootInfo=-1 Name=LOC_CITIZEN_MAYA_MALE_3 Operation=58 PlotIndex=1404
mission CityName=LOC_CITY_NAME_BRANTFORD CompletionTurn=168 EscapeResult=-1 InitialResult=5 LevelAfter=2 LootInfo=-1 Name=LOC_CITIZEN_MAYA_MODERN_FEMALE_7 Operation=58 PlotIndex=473
mission CityName=LOC_CITY_NAME_TORONTO CompletionTurn=168 EscapeResult=-1 InitialResult=3 LevelAfter=2 LootInfo=-1 Name=LOC_CITIZEN_MAYA_MALE_8 Operation=58 PlotIndex=1818
mission CityName=LOC_CITY_NAME_OTTAWA CompletionTurn=167 EscapeResult=-1 InitialResult=5 LevelAfter=2 LootInfo=-1 Name=LOC_CITIZEN_MAYA_FEMALE_8 Operation=58 PlotIndex=978
mission CityName=LOC_CITY_NAME_WINNIPEG CompletionTurn=166 EscapeResult=-1 InitialResult=5 LevelAfter=2 LootInfo=-1 Name=LOC_CITIZEN_MAYA_MODERN_MALE_10 Operation=58 PlotIndex=1742
mission CityName=LOC_CITY_NAME_HALIFAX CompletionTurn=166 EscapeResult=0 InitialResult=4 LevelAfter=2 LootInfo=-1 Name=LOC_CITIZEN_MAYA_FEMALE_4 Operation=58 PlotIndex=1409
mission CityName=LOC_CITY_NAME_QUEBEC_CITY CompletionTurn=165 EscapeResult=-1 InitialResult=3 LevelAfter=1 LootInfo=-1 Name=LOC_CITIZEN_MAYA_MALE_3 Operation=58 PlotIndex=1404
mission CityName=LOC_CITY_NAME_SAINT_JOHN CompletionTurn=164 EscapeResult=1 InitialResult=2 LevelAfter=1 LootInfo=-1 Name=LOC_CITIZEN_MAYA_MALE_6 Operation=58 PlotIndex=1991
mission CityName=LOC_CITY_NAME_OTTAWA CompletionTurn=163 EscapeResult=-1 InitialResult=5 LevelAfter=2 LootInfo=-1 Name=LOC_CITIZEN_MAYA_FEMALE_8 Operation=58 PlotIndex=978
mission CityName=LOC_CITY_NAME_WINNIPEG CompletionTurn=162 EscapeResult=-1 InitialResult=3 LevelAfter=1 LootInfo=-1 Name=LOC_CITIZEN_MAYA_MODERN_MALE_10 Operation=58 PlotIndex=1742
mission CityName=LOC_CITY_NAME_MONTREAL CompletionTurn=162 EscapeResult=0 InitialResult=2 LevelAfter=2 LootInfo=-1 Name=LOC_CITIZEN_MAYA_MODERN_FEMALE_3 Operation=58 PlotIndex=1314
mission CityName=LOC_CITY_NAME_SAINT_JOHN CompletionTurn=160 EscapeResult=-1 InitialResult=3 LevelAfter=1 LootInfo=-1 Name=LOC_CITIZEN_MAYA_MALE_6 Operation=58 PlotIndex=1991
mission CityName=LOC_CITY_NAME_TORONTO CompletionTurn=159 EscapeResult=2 InitialResult=2 LevelAfter=1 LootInfo=-1 Name=LOC_CITIZEN_MAYA_MODERN_FEMALE_5 Operation=58 PlotIndex=1818
mission CityName=LOC_CITY_NAME_HALIFAX CompletionTurn=159 EscapeResult=0 InitialResult=2 LevelAfter=2 LootInfo=-1 Name=LOC_CITIZEN_MAYA_MODERN_FEMALE_9 Operation=58 PlotIndex=1409
mission CityName=LOC_CITY_NAME_OTTAWA CompletionTurn=156 EscapeResult=-1 InitialResult=1 LevelAfter=1 LootInfo=-1 Name=LOC_CITIZEN_MAYA_MODERN_MALE_9 Operation=58 PlotIndex=978
mission CityName=LOC_CITY_NAME_QUEBEC_CITY CompletionTurn=156 EscapeResult=2 InitialResult=2 LevelAfter=2 LootInfo=-1 Name=LOC_CITIZEN_MAYA_MALE_8 Operation=58 PlotIndex=1404
mission CityName=LOC_CITY_NAME_SAINT_JOHN CompletionTurn=156 EscapeResult=-1 InitialResult=3 LevelAfter=1 LootInfo=-1 Name=LOC_CITIZEN_MAYA_MALE_6 Operation=58 PlotIndex=1991
mission CityName=LOC_CITY_NAME_HALIFAX CompletionTurn=154 EscapeResult=-1 InitialResult=5 LevelAfter=2 LootInfo=-1 Name=LOC_CITIZEN_MAYA_FEMALE_4 Operation=58 PlotIndex=1409
mission CityName=LOC_CITY_NAME_QUEBEC_CITY CompletionTurn=151 EscapeResult=-1 InitialResult=5 LevelAfter=2 LootInfo=-1 Name=LOC_CITIZEN_MAYA_MALE_8 Operation=58 PlotIndex=1404
mission CityName=LOC_CITY_NAME_MONTREAL CompletionTurn=150 EscapeResult=0 InitialResult=2 LevelAfter=2 LootInfo=-1 Name=LOC_CITIZEN_MAYA_MALE_1 Operation=58 PlotIndex=1314
mission CityName=LOC_CITY_NAME_OTTAWA CompletionTurn=148 EscapeResult=2 InitialResult=2 LevelAfter=2 LootInfo=-1 Name=LOC_CITIZEN_MAYA_MODERN_FEMALE_3 Operation=58 PlotIndex=978
mission CityName=LOC_CITY_NAME_TORONTO CompletionTurn=148 EscapeResult=0 InitialResult=2 LevelAfter=1 LootInfo=-1 Name=LOC_CITIZEN_MAYA_FEMALE_3 Operation=58 PlotIndex=1818
mission CityName=LOC_CITY_NAME_OTTAWA CompletionTurn=144 EscapeResult=-1 InitialResult=3 LevelAfter=1 LootInfo=-1 Name=LOC_CITIZEN_MAYA_MODERN_MALE_9 Operation=58 PlotIndex=978
mission CityName=LOC_CITY_NAME_QUEBEC_CITY CompletionTurn=142 EscapeResult=2 InitialResult=4 LevelAfter=2 LootInfo=-1 Name=LOC_CITIZEN_MAYA_MODERN_FEMALE_9 Operation=58 PlotIndex=1404
mission CityName=LOC_CITY_NAME_MONTREAL CompletionTurn=141 EscapeResult=0 InitialResult=2 LevelAfter=1 LootInfo=-1 Name=LOC_CITIZEN_MAYA_MODERN_MALE_1 Operation=58 PlotIndex=1314
mission CityName=LOC_CITY_NAME_TORONTO CompletionTurn=140 EscapeResult=-1 InitialResult=0 LevelAfter=1 LootInfo=-1 Name=LOC_CITIZEN_MAYA_MODERN_MALE_4 Operation=58 PlotIndex=1818
mission CityName=LOC_CITY_NAME_MONTREAL CompletionTurn=137 EscapeResult=-1 InitialResult=5 LevelAfter=2 LootInfo=-1 Name=LOC_CITIZEN_MAYA_MALE_1 Operation=58 PlotIndex=1314
mission CityName=LOC_CITY_NAME_OTTAWA CompletionTurn=134 EscapeResult=2 InitialResult=4 LevelAfter=2 LootInfo=-1 Name=LOC_CITIZEN_MAYA_MODERN_FEMALE_3 Operation=58 PlotIndex=978
tally 7  FOMENT_UNREST CAPTURED / NO_RESULT
tally 4  FOMENT_UNREST FAIL_MUST_ESCAPE / CAPTURED
tally 3  FOMENT_UNREST FAIL_MUST_ESCAPE / FAIL_MUST_ESCAPE
tally 5  FOMENT_UNREST FAIL_MUST_ESCAPE / KILLED
tally 9  FOMENT_UNREST FAIL_UNDETECTED / NO_RESULT
tally 1  FOMENT_UNREST KILLED / NO_RESULT
tally 1  FOMENT_UNREST SUCCESS_MUST_ESCAPE / CAPTURED
tally 6  FOMENT_UNREST SUCCESS_MUST_ESCAPE / FAIL_MUST_ESCAPE
tally 7  FOMENT_UNREST SUCCESS_MUST_ESCAPE / KILLED
tally 1  FOMENT_UNREST SUCCESS_MUST_ESCAPE / NO_RESULT
tally 17  FOMENT_UNREST SUCCESS_UNDETECTED / NO_RESULT
turn 203 spies active 4 idle 0 missions 61 captured-enemy 0
spy 9109525 LOC_CITIZEN_MAYA_MODERN_FEMALE_4 level 1 at 60:16 busy
spy 9437212 LOC_CITIZEN_MAYA_MODERN_FEMALE_6 level 1 at 54:15 busy
spy 9371680 LOC_CITIZEN_MAYA_MODERN_MALE_10 level 1 at 65:16 busy
spy 9044001 LOC_CITIZEN_MAYA_MODERN_MALE_8 level 1 at 54:11 busy
turn 203 spies 4 started 0 travelled 0 promoted 0 bought 0 gold 50000
unblock: blocker ENDTURN_BLOCKING_COMMEMORATION_AVAILABLE -> nothing | end turn requested
unstuck: InGamePopup: open, no close
unblock: blocker ENDTURN_BLOCKING_COMMEMORATION_AVAILABLE -> nothing | end turn requested
unstuck: InGamePopup: open, no close
mission CityName=LOC_CITY_NAME_HALIFAX CompletionTurn=204 EscapeResult=-1 InitialResult=5 LevelAfter=2 LootInfo=-1 Name=LOC_CITIZEN_MAYA_MODERN_MALE_10 Operation=58 PlotIndex=1409
mission CityName=LOC_CITY_NAME_QUEBEC_CITY CompletionTurn=204 EscapeResult=-1 InitialResult=4 LevelAfter=2 LootInfo=-1 Name=LOC_CITIZEN_MAYA_MODERN_FEMALE_4 Operation=58 PlotIndex=1404
mission CityName=LOC_CITY_NAME_OTTAWA CompletionTurn=200 EscapeResult=-1 InitialResult=4 LevelAfter=2 LootInfo=-1 Name=LOC_CITIZEN_MAYA_MODERN_MALE_8 Operation=58 PlotIndex=978
mission CityName=LOC_CITY_NAME_QUEBEC_CITY CompletionTurn=200 EscapeResult=-1 InitialResult=5 LevelAfter=2 LootInfo=-1 Name=LOC_CITIZEN_MAYA_MODERN_FEMALE_4 Operation=58 PlotIndex=1404
mission CityName=LOC_CITY_NAME_TORONTO CompletionTurn=197 EscapeResult=1 InitialResult=2 LevelAfter=2 LootInfo=-1 Name=LOC_CITIZEN_MAYA_MALE_8 Operation=58 PlotIndex=1818
mission CityName=LOC_CITY_NAME_MONTREAL CompletionTurn=195 EscapeResult=0 InitialResult=4 LevelAfter=2 LootInfo=-1 Name=LOC_CITIZEN_MAYA_MALE_6 Operation=58 PlotIndex=1314
mission CityName=LOC_CITY_NAME_BRANTFORD CompletionTurn=195 EscapeResult=-1 InitialResult=1 LevelAfter=1 LootInfo=-1 Name=LOC_CITIZEN_MAYA_MODERN_MALE_4 Operation=58 PlotIndex=473
mission CityName=LOC_CITY_NAME_QUEBEC_CITY CompletionTurn=192 EscapeResult=-1 InitialResult=1 LevelAfter=2 LootInfo=-1 Name=LOC_CITIZEN_MAYA_MALE_2 Operation=58 PlotIndex=1404
mission CityName=LOC_CITY_NAME_BRANTFORD CompletionTurn=191 EscapeResult=-1 InitialResult=3 LevelAfter=1 LootInfo=-1 Name=LOC_CITIZEN_MAYA_MODERN_MALE_4 Operation=58 PlotIndex=473
mission CityName=LOC_CITY_NAME_MONTREAL CompletionTurn=191 EscapeResult=-1 InitialResult=1 LevelAfter=2 LootInfo=-1 Name=LOC_CITIZEN_MAYA_MALE_4 Operation=58 PlotIndex=1314
mission CityName=LOC_CITY_NAME_SAINT_JOHN CompletionTurn=189 EscapeResult=2 InitialResult=4 LevelAfter=2 LootInfo=-1 Name=LOC_CITIZEN_MAYA_MODERN_FEMALE_4 Operation=58 PlotIndex=1991
mission CityName=LOC_CITY_NAME_QUEBEC_CITY CompletionTurn=188 EscapeResult=-1 InitialResult=5 LevelAfter=2 LootInfo=-1 Name=LOC_CITIZEN_MAYA_MALE_2 Operation=58 PlotIndex=1404
mission CityName=LOC_CITY_NAME_OTTAWA CompletionTurn=188 EscapeResult=0 InitialResult=4 LevelAfter=2 LootInfo=-1 Name=LOC_CITIZEN_MAYA_FEMALE_7 Operation=58 PlotIndex=978
mission CityName=LOC_CITY_NAME_TORONTO CompletionTurn=188 EscapeResult=2 InitialResult=4 LevelAfter=2 LootInfo=-1 Name=LOC_CITIZEN_MAYA_MALE_8 Operation=58 PlotIndex=1818
mission CityName=LOC_CITY_NAME_HALIFAX CompletionTurn=187 EscapeResult=0 InitialResult=4 LevelAfter=2 LootInfo=-1 Name=LOC_CITIZEN_MAYA_FEMALE_6 Operation=58 PlotIndex=1409
mission CityName=LOC_CITY_NAME_WINNIPEG CompletionTurn=187 EscapeResult=1 InitialResult=2 LevelAfter=1 LootInfo=-1 Name=LOC_CITIZEN_MAYA_FEMALE_1 Operation=58 PlotIndex=1742
mission CityName=LOC_CITY_NAME_SAINT_JOHN CompletionTurn=185 EscapeResult=-1 InitialResult=3 LevelAfter=2 LootInfo=-1 Name=LOC_CITIZEN_MAYA_MODERN_FEMALE_4 Operation=58 PlotIndex=1991
mission CityName=LOC_CITY_NAME_OTTAWA CompletionTurn=184 EscapeResult=-1 InitialResult=5 LevelAfter=2 LootInfo=-1 Name=LOC_CITIZEN_MAYA_FEMALE_7 Operation=58 PlotIndex=978
mission CityName=LOC_CITY_NAME_HALIFAX CompletionTurn=183 EscapeResult=-1 InitialResult=5 LevelAfter=2 LootInfo=-1 Name=LOC_CITIZEN_MAYA_FEMALE_6 Operation=58 PlotIndex=1409
mission CityName=LOC_CITY_NAME_SAINT_JOHN CompletionTurn=181 EscapeResult=-1 InitialResult=5 LevelAfter=2 LootInfo=-1 Name=LOC_CITIZEN_MAYA_MODERN_FEMALE_4 Operation=58 PlotIndex=1991
mission CityName=LOC_CITY_NAME_MONTREAL CompletionTurn=180 EscapeResult=0 InitialResult=4 LevelAfter=2 LootInfo=-1 Name=LOC_CITIZEN_MAYA_MODERN_FEMALE_5 Operation=58 PlotIndex=1314
mission CityName=LOC_CITY_NAME_TORONTO CompletionTurn=180 EscapeResult=2 InitialResult=4 LevelAfter=2 LootInfo=-1 Name=LOC_CITIZEN_MAYA_MALE_8 Operation=58 PlotIndex=1818
mission CityName=LOC_CITY_NAME_QUEBEC_CITY CompletionTurn=179 EscapeResult=2 InitialResult=4 LevelAfter=2 LootInfo=-1 Name=LOC_CITIZEN_MAYA_MALE_4 Operation=58 PlotIndex=1404
mission CityName=LOC_CITY_NAME_HALIFAX CompletionTurn=176 EscapeResult=0 InitialResult=4 LevelAfter=2 LootInfo=-1 Name=LOC_CITIZEN_MAYA_MALE_5 Operation=58 PlotIndex=1409
mission CityName=LOC_CITY_NAME_TORONTO CompletionTurn=176 EscapeResult=-1 InitialResult=5 LevelAfter=2 LootInfo=-1 Name=LOC_CITIZEN_MAYA_MALE_8 Operation=58 PlotIndex=1818
mission CityName=LOC_CITY_NAME_OTTAWA CompletionTurn=175 EscapeResult=1 InitialResult=2 LevelAfter=2 LootInfo=-1 Name=LOC_CITIZEN_MAYA_FEMALE_8 Operation=58 PlotIndex=978
mission CityName=LOC_CITY_NAME_MONTREAL CompletionTurn=175 EscapeResult=0 InitialResult=4 LevelAfter=2 LootInfo=-1 Name=LOC_CITIZEN_MAYA_MODERN_FEMALE_2 Operation=58 PlotIndex=1314
mission CityName=LOC_CITY_NAME_WINNIPEG CompletionTurn=174 EscapeResult=1 InitialResult=4 LevelAfter=2 LootInfo=-1 Name=LOC_CITIZEN_MAYA_MODERN_MALE_10 Operation=58 PlotIndex=1742
mission CityName=LOC_CITY_NAME_SAINT_JOHN CompletionTurn=173 EscapeResult=-1 InitialResult=1 LevelAfter=1 LootInfo=-1 Name=LOC_CITIZEN_MAYA_MODERN_FEMALE_1 Operation=58 PlotIndex=1991
mission CityName=LOC_CITY_NAME_QUEBEC_CITY CompletionTurn=173 EscapeResult=-1 InitialResult=1 LevelAfter=2 LootInfo=-1 Name=LOC_CITIZEN_MAYA_MALE_3 Operation=58 PlotIndex=1404
mission CityName=LOC_CITY_NAME_BRANTFORD CompletionTurn=172 EscapeResult=-1 InitialResult=1 LevelAfter=2 LootInfo=-1 Name=LOC_CITIZEN_MAYA_MODERN_FEMALE_7 Operation=58 PlotIndex=473
mission CityName=LOC_CITY_NAME_TORONTO CompletionTurn=172 EscapeResult=-1 InitialResult=5 LevelAfter=2 LootInfo=-1 Name=LOC_CITIZEN_MAYA_MALE_8 Operation=58 PlotIndex=1818
mission CityName=LOC_CITY_NAME_OTTAWA CompletionTurn=171 EscapeResult=-1 InitialResult=5 LevelAfter=2 LootInfo=-1 Name=LOC_CITIZEN_MAYA_FEMALE_8 Operation=58 PlotIndex=978
mission CityName=LOC_CITY_NAME_MONTREAL CompletionTurn=171 EscapeResult=-1 InitialResult=5 LevelAfter=2 LootInfo=-1 Name=LOC_CITIZEN_MAYA_MODERN_FEMALE_2 Operation=58 PlotIndex=1314
mission CityName=LOC_CITY_NAME_WINNIPEG CompletionTurn=170 EscapeResult=-1 InitialResult=3 LevelAfter=2 LootInfo=-1 Name=LOC_CITIZEN_MAYA_MODERN_MALE_10 Operation=58 PlotIndex=1742
mission CityName=LOC_CITY_NAME_QUEBEC_CITY CompletionTurn=169 EscapeResult=-1 InitialResult=5 LevelAfter=2 LootInfo=-1 Name=LOC_CITIZEN_MAYA_MALE_3 Operation=58 PlotIndex=1404
mission CityName=LOC_CITY_NAME_BRANTFORD CompletionTurn=168 EscapeResult=-1 InitialResult=5 LevelAfter=2 LootInfo=-1 Name=LOC_CITIZEN_MAYA_MODERN_FEMALE_7 Operation=58 PlotIndex=473
mission CityName=LOC_CITY_NAME_TORONTO CompletionTurn=168 EscapeResult=-1 InitialResult=3 LevelAfter=2 LootInfo=-1 Name=LOC_CITIZEN_MAYA_MALE_8 Operation=58 PlotIndex=1818
mission CityName=LOC_CITY_NAME_OTTAWA CompletionTurn=167 EscapeResult=-1 InitialResult=5 LevelAfter=2 LootInfo=-1 Name=LOC_CITIZEN_MAYA_FEMALE_8 Operation=58 PlotIndex=978
mission CityName=LOC_CITY_NAME_WINNIPEG CompletionTurn=166 EscapeResult=-1 InitialResult=5 LevelAfter=2 LootInfo=-1 Name=LOC_CITIZEN_MAYA_MODERN_MALE_10 Operation=58 PlotIndex=1742
mission CityName=LOC_CITY_NAME_HALIFAX CompletionTurn=166 EscapeResult=0 InitialResult=4 LevelAfter=2 LootInfo=-1 Name=LOC_CITIZEN_MAYA_FEMALE_4 Operation=58 PlotIndex=1409
mission CityName=LOC_CITY_NAME_QUEBEC_CITY CompletionTurn=165 EscapeResult=-1 InitialResult=3 LevelAfter=1 LootInfo=-1 Name=LOC_CITIZEN_MAYA_MALE_3 Operation=58 PlotIndex=1404
mission CityName=LOC_CITY_NAME_SAINT_JOHN CompletionTurn=164 EscapeResult=1 InitialResult=2 LevelAfter=1 LootInfo=-1 Name=LOC_CITIZEN_MAYA_MALE_6 Operation=58 PlotIndex=1991
mission CityName=LOC_CITY_NAME_OTTAWA CompletionTurn=163 EscapeResult=-1 InitialResult=5 LevelAfter=2 LootInfo=-1 Name=LOC_CITIZEN_MAYA_FEMALE_8 Operation=58 PlotIndex=978
mission CityName=LOC_CITY_NAME_WINNIPEG CompletionTurn=162 EscapeResult=-1 InitialResult=3 LevelAfter=1 LootInfo=-1 Name=LOC_CITIZEN_MAYA_MODERN_MALE_10 Operation=58 PlotIndex=1742
mission CityName=LOC_CITY_NAME_MONTREAL CompletionTurn=162 EscapeResult=0 InitialResult=2 LevelAfter=2 LootInfo=-1 Name=LOC_CITIZEN_MAYA_MODERN_FEMALE_3 Operation=58 PlotIndex=1314
mission CityName=LOC_CITY_NAME_SAINT_JOHN CompletionTurn=160 EscapeResult=-1 InitialResult=3 LevelAfter=1 LootInfo=-1 Name=LOC_CITIZEN_MAYA_MALE_6 Operation=58 PlotIndex=1991
mission CityName=LOC_CITY_NAME_TORONTO CompletionTurn=159 EscapeResult=2 InitialResult=2 LevelAfter=1 LootInfo=-1 Name=LOC_CITIZEN_MAYA_MODERN_FEMALE_5 Operation=58 PlotIndex=1818
mission CityName=LOC_CITY_NAME_HALIFAX CompletionTurn=159 EscapeResult=0 InitialResult=2 LevelAfter=2 LootInfo=-1 Name=LOC_CITIZEN_MAYA_MODERN_FEMALE_9 Operation=58 PlotIndex=1409
mission CityName=LOC_CITY_NAME_OTTAWA CompletionTurn=156 EscapeResult=-1 InitialResult=1 LevelAfter=1 LootInfo=-1 Name=LOC_CITIZEN_MAYA_MODERN_MALE_9 Operation=58 PlotIndex=978
mission CityName=LOC_CITY_NAME_QUEBEC_CITY CompletionTurn=156 EscapeResult=2 InitialResult=2 LevelAfter=2 LootInfo=-1 Name=LOC_CITIZEN_MAYA_MALE_8 Operation=58 PlotIndex=1404
mission CityName=LOC_CITY_NAME_SAINT_JOHN CompletionTurn=156 EscapeResult=-1 InitialResult=3 LevelAfter=1 LootInfo=-1 Name=LOC_CITIZEN_MAYA_MALE_6 Operation=58 PlotIndex=1991
mission CityName=LOC_CITY_NAME_HALIFAX CompletionTurn=154 EscapeResult=-1 InitialResult=5 LevelAfter=2 LootInfo=-1 Name=LOC_CITIZEN_MAYA_FEMALE_4 Operation=58 PlotIndex=1409
mission CityName=LOC_CITY_NAME_QUEBEC_CITY CompletionTurn=151 EscapeResult=-1 InitialResult=5 LevelAfter=2 LootInfo=-1 Name=LOC_CITIZEN_MAYA_MALE_8 Operation=58 PlotIndex=1404
mission CityName=LOC_CITY_NAME_MONTREAL CompletionTurn=150 EscapeResult=0 InitialResult=2 LevelAfter=2 LootInfo=-1 Name=LOC_CITIZEN_MAYA_MALE_1 Operation=58 PlotIndex=1314
mission CityName=LOC_CITY_NAME_OTTAWA CompletionTurn=148 EscapeResult=2 InitialResult=2 LevelAfter=2 LootInfo=-1 Name=LOC_CITIZEN_MAYA_MODERN_FEMALE_3 Operation=58 PlotIndex=978
mission CityName=LOC_CITY_NAME_TORONTO CompletionTurn=148 EscapeResult=0 InitialResult=2 LevelAfter=1 LootInfo=-1 Name=LOC_CITIZEN_MAYA_FEMALE_3 Operation=58 PlotIndex=1818
mission CityName=LOC_CITY_NAME_OTTAWA CompletionTurn=144 EscapeResult=-1 InitialResult=3 LevelAfter=1 LootInfo=-1 Name=LOC_CITIZEN_MAYA_MODERN_MALE_9 Operation=58 PlotIndex=978
mission CityName=LOC_CITY_NAME_QUEBEC_CITY CompletionTurn=142 EscapeResult=2 InitialResult=4 LevelAfter=2 LootInfo=-1 Name=LOC_CITIZEN_MAYA_MODERN_FEMALE_9 Operation=58 PlotIndex=1404
mission CityName=LOC_CITY_NAME_MONTREAL CompletionTurn=141 EscapeResult=0 InitialResult=2 LevelAfter=1 LootInfo=-1 Name=LOC_CITIZEN_MAYA_MODERN_MALE_1 Operation=58 PlotIndex=1314
mission CityName=LOC_CITY_NAME_TORONTO CompletionTurn=140 EscapeResult=-1 InitialResult=0 LevelAfter=1 LootInfo=-1 Name=LOC_CITIZEN_MAYA_MODERN_MALE_4 Operation=58 PlotIndex=1818
mission CityName=LOC_CITY_NAME_MONTREAL CompletionTurn=137 EscapeResult=-1 InitialResult=5 LevelAfter=2 LootInfo=-1 Name=LOC_CITIZEN_MAYA_MALE_1 Operation=58 PlotIndex=1314
mission CityName=LOC_CITY_NAME_OTTAWA CompletionTurn=134 EscapeResult=2 InitialResult=4 LevelAfter=2 LootInfo=-1 Name=LOC_CITIZEN_MAYA_MODERN_FEMALE_3 Operation=58 PlotIndex=978
tally 7  FOMENT_UNREST CAPTURED / NO_RESULT
tally 4  FOMENT_UNREST FAIL_MUST_ESCAPE / CAPTURED
tally 3  FOMENT_UNREST FAIL_MUST_ESCAPE / FAIL_MUST_ESCAPE
tally 5  FOMENT_UNREST FAIL_MUST_ESCAPE / KILLED
tally 9  FOMENT_UNREST FAIL_UNDETECTED / NO_RESULT
tally 1  FOMENT_UNREST KILLED / NO_RESULT
tally 1  FOMENT_UNREST SUCCESS_MUST_ESCAPE / CAPTURED
tally 6  FOMENT_UNREST SUCCESS_MUST_ESCAPE / FAIL_MUST_ESCAPE
tally 7  FOMENT_UNREST SUCCESS_MUST_ESCAPE / KILLED
tally 2  FOMENT_UNREST SUCCESS_MUST_ESCAPE / NO_RESULT
tally 18  FOMENT_UNREST SUCCESS_UNDETECTED / NO_RESULT
turn 204 spies active 3 idle 1 missions 63 captured-enemy 0
spy 9109525 LOC_CITIZEN_MAYA_MODERN_FEMALE_4 level 1 at 60:16 busy
spy 9437212 LOC_CITIZEN_MAYA_MODERN_FEMALE_6 level 1 at 54:15 busy
spy 9371680 LOC_CITIZEN_MAYA_MODERN_MALE_10 level 1 at 65:16 start
spy 9044001 LOC_CITIZEN_MAYA_MODERN_MALE_8 level 1 at 54:11 busy
turn 204 spies 4 started 1 travelled 0 promoted 0 bought 0 gold 50000
unblock: blocker ENDTURN_BLOCKING_COMMEMORATION_AVAILABLE -> nothing | end turn requested
unstuck: InGamePopup: open, no close
unblock: blocker ENDTURN_BLOCKING_COMMEMORATION_AVAILABLE -> nothing | end turn requested
unstuck: InGamePopup: open, no close
mission CityName=LOC_CITY_NAME_MONTREAL CompletionTurn=205 EscapeResult=-1 InitialResult=4 LevelAfter=2 LootInfo=-1 Name=LOC_CITIZEN_MAYA_MODERN_FEMALE_6 Operation=58 PlotIndex=1314
mission CityName=LOC_CITY_NAME_HALIFAX CompletionTurn=204 EscapeResult=-1 InitialResult=5 LevelAfter=2 LootInfo=-1 Name=LOC_CITIZEN_MAYA_MODERN_MALE_10 Operation=58 PlotIndex=1409
mission CityName=LOC_CITY_NAME_QUEBEC_CITY CompletionTurn=204 EscapeResult=-1 InitialResult=4 LevelAfter=2 LootInfo=-1 Name=LOC_CITIZEN_MAYA_MODERN_FEMALE_4 Operation=58 PlotIndex=1404
mission CityName=LOC_CITY_NAME_OTTAWA CompletionTurn=200 EscapeResult=-1 InitialResult=4 LevelAfter=2 LootInfo=-1 Name=LOC_CITIZEN_MAYA_MODERN_MALE_8 Operation=58 PlotIndex=978
mission CityName=LOC_CITY_NAME_QUEBEC_CITY CompletionTurn=200 EscapeResult=-1 InitialResult=5 LevelAfter=2 LootInfo=-1 Name=LOC_CITIZEN_MAYA_MODERN_FEMALE_4 Operation=58 PlotIndex=1404
mission CityName=LOC_CITY_NAME_TORONTO CompletionTurn=197 EscapeResult=1 InitialResult=2 LevelAfter=2 LootInfo=-1 Name=LOC_CITIZEN_MAYA_MALE_8 Operation=58 PlotIndex=1818
mission CityName=LOC_CITY_NAME_MONTREAL CompletionTurn=195 EscapeResult=0 InitialResult=4 LevelAfter=2 LootInfo=-1 Name=LOC_CITIZEN_MAYA_MALE_6 Operation=58 PlotIndex=1314
mission CityName=LOC_CITY_NAME_BRANTFORD CompletionTurn=195 EscapeResult=-1 InitialResult=1 LevelAfter=1 LootInfo=-1 Name=LOC_CITIZEN_MAYA_MODERN_MALE_4 Operation=58 PlotIndex=473
mission CityName=LOC_CITY_NAME_QUEBEC_CITY CompletionTurn=192 EscapeResult=-1 InitialResult=1 LevelAfter=2 LootInfo=-1 Name=LOC_CITIZEN_MAYA_MALE_2 Operation=58 PlotIndex=1404
mission CityName=LOC_CITY_NAME_BRANTFORD CompletionTurn=191 EscapeResult=-1 InitialResult=3 LevelAfter=1 LootInfo=-1 Name=LOC_CITIZEN_MAYA_MODERN_MALE_4 Operation=58 PlotIndex=473
mission CityName=LOC_CITY_NAME_MONTREAL CompletionTurn=191 EscapeResult=-1 InitialResult=1 LevelAfter=2 LootInfo=-1 Name=LOC_CITIZEN_MAYA_MALE_4 Operation=58 PlotIndex=1314
mission CityName=LOC_CITY_NAME_SAINT_JOHN CompletionTurn=189 EscapeResult=2 InitialResult=4 LevelAfter=2 LootInfo=-1 Name=LOC_CITIZEN_MAYA_MODERN_FEMALE_4 Operation=58 PlotIndex=1991
mission CityName=LOC_CITY_NAME_QUEBEC_CITY CompletionTurn=188 EscapeResult=-1 InitialResult=5 LevelAfter=2 LootInfo=-1 Name=LOC_CITIZEN_MAYA_MALE_2 Operation=58 PlotIndex=1404
mission CityName=LOC_CITY_NAME_OTTAWA CompletionTurn=188 EscapeResult=0 InitialResult=4 LevelAfter=2 LootInfo=-1 Name=LOC_CITIZEN_MAYA_FEMALE_7 Operation=58 PlotIndex=978
mission CityName=LOC_CITY_NAME_TORONTO CompletionTurn=188 EscapeResult=2 InitialResult=4 LevelAfter=2 LootInfo=-1 Name=LOC_CITIZEN_MAYA_MALE_8 Operation=58 PlotIndex=1818
mission CityName=LOC_CITY_NAME_HALIFAX CompletionTurn=187 EscapeResult=0 InitialResult=4 LevelAfter=2 LootInfo=-1 Name=LOC_CITIZEN_MAYA_FEMALE_6 Operation=58 PlotIndex=1409
mission CityName=LOC_CITY_NAME_WINNIPEG CompletionTurn=187 EscapeResult=1 InitialResult=2 LevelAfter=1 LootInfo=-1 Name=LOC_CITIZEN_MAYA_FEMALE_1 Operation=58 PlotIndex=1742
mission CityName=LOC_CITY_NAME_SAINT_JOHN CompletionTurn=185 EscapeResult=-1 InitialResult=3 LevelAfter=2 LootInfo=-1 Name=LOC_CITIZEN_MAYA_MODERN_FEMALE_4 Operation=58 PlotIndex=1991
mission CityName=LOC_CITY_NAME_OTTAWA CompletionTurn=184 EscapeResult=-1 InitialResult=5 LevelAfter=2 LootInfo=-1 Name=LOC_CITIZEN_MAYA_FEMALE_7 Operation=58 PlotIndex=978
mission CityName=LOC_CITY_NAME_HALIFAX CompletionTurn=183 EscapeResult=-1 InitialResult=5 LevelAfter=2 LootInfo=-1 Name=LOC_CITIZEN_MAYA_FEMALE_6 Operation=58 PlotIndex=1409
mission CityName=LOC_CITY_NAME_SAINT_JOHN CompletionTurn=181 EscapeResult=-1 InitialResult=5 LevelAfter=2 LootInfo=-1 Name=LOC_CITIZEN_MAYA_MODERN_FEMALE_4 Operation=58 PlotIndex=1991
mission CityName=LOC_CITY_NAME_MONTREAL CompletionTurn=180 EscapeResult=0 InitialResult=4 LevelAfter=2 LootInfo=-1 Name=LOC_CITIZEN_MAYA_MODERN_FEMALE_5 Operation=58 PlotIndex=1314
mission CityName=LOC_CITY_NAME_TORONTO CompletionTurn=180 EscapeResult=2 InitialResult=4 LevelAfter=2 LootInfo=-1 Name=LOC_CITIZEN_MAYA_MALE_8 Operation=58 PlotIndex=1818
mission CityName=LOC_CITY_NAME_QUEBEC_CITY CompletionTurn=179 EscapeResult=2 InitialResult=4 LevelAfter=2 LootInfo=-1 Name=LOC_CITIZEN_MAYA_MALE_4 Operation=58 PlotIndex=1404
mission CityName=LOC_CITY_NAME_HALIFAX CompletionTurn=176 EscapeResult=0 InitialResult=4 LevelAfter=2 LootInfo=-1 Name=LOC_CITIZEN_MAYA_MALE_5 Operation=58 PlotIndex=1409
mission CityName=LOC_CITY_NAME_TORONTO CompletionTurn=176 EscapeResult=-1 InitialResult=5 LevelAfter=2 LootInfo=-1 Name=LOC_CITIZEN_MAYA_MALE_8 Operation=58 PlotIndex=1818
mission CityName=LOC_CITY_NAME_OTTAWA CompletionTurn=175 EscapeResult=1 InitialResult=2 LevelAfter=2 LootInfo=-1 Name=LOC_CITIZEN_MAYA_FEMALE_8 Operation=58 PlotIndex=978
mission CityName=LOC_CITY_NAME_MONTREAL CompletionTurn=175 EscapeResult=0 InitialResult=4 LevelAfter=2 LootInfo=-1 Name=LOC_CITIZEN_MAYA_MODERN_FEMALE_2 Operation=58 PlotIndex=1314
mission CityName=LOC_CITY_NAME_WINNIPEG CompletionTurn=174 EscapeResult=1 InitialResult=4 LevelAfter=2 LootInfo=-1 Name=LOC_CITIZEN_MAYA_MODERN_MALE_10 Operation=58 PlotIndex=1742
mission CityName=LOC_CITY_NAME_SAINT_JOHN CompletionTurn=173 EscapeResult=-1 InitialResult=1 LevelAfter=1 LootInfo=-1 Name=LOC_CITIZEN_MAYA_MODERN_FEMALE_1 Operation=58 PlotIndex=1991
mission CityName=LOC_CITY_NAME_QUEBEC_CITY CompletionTurn=173 EscapeResult=-1 InitialResult=1 LevelAfter=2 LootInfo=-1 Name=LOC_CITIZEN_MAYA_MALE_3 Operation=58 PlotIndex=1404
mission CityName=LOC_CITY_NAME_BRANTFORD CompletionTurn=172 EscapeResult=-1 InitialResult=1 LevelAfter=2 LootInfo=-1 Name=LOC_CITIZEN_MAYA_MODERN_FEMALE_7 Operation=58 PlotIndex=473
mission CityName=LOC_CITY_NAME_TORONTO CompletionTurn=172 EscapeResult=-1 InitialResult=5 LevelAfter=2 LootInfo=-1 Name=LOC_CITIZEN_MAYA_MALE_8 Operation=58 PlotIndex=1818
mission CityName=LOC_CITY_NAME_OTTAWA CompletionTurn=171 EscapeResult=-1 InitialResult=5 LevelAfter=2 LootInfo=-1 Name=LOC_CITIZEN_MAYA_FEMALE_8 Operation=58 PlotIndex=978
mission CityName=LOC_CITY_NAME_MONTREAL CompletionTurn=171 EscapeResult=-1 InitialResult=5 LevelAfter=2 LootInfo=-1 Name=LOC_CITIZEN_MAYA_MODERN_FEMALE_2 Operation=58 PlotIndex=1314
mission CityName=LOC_CITY_NAME_WINNIPEG CompletionTurn=170 EscapeResult=-1 InitialResult=3 LevelAfter=2 LootInfo=-1 Name=LOC_CITIZEN_MAYA_MODERN_MALE_10 Operation=58 PlotIndex=1742
mission CityName=LOC_CITY_NAME_QUEBEC_CITY CompletionTurn=169 EscapeResult=-1 InitialResult=5 LevelAfter=2 LootInfo=-1 Name=LOC_CITIZEN_MAYA_MALE_3 Operation=58 PlotIndex=1404
mission CityName=LOC_CITY_NAME_BRANTFORD CompletionTurn=168 EscapeResult=-1 InitialResult=5 LevelAfter=2 LootInfo=-1 Name=LOC_CITIZEN_MAYA_MODERN_FEMALE_7 Operation=58 PlotIndex=473
mission CityName=LOC_CITY_NAME_TORONTO CompletionTurn=168 EscapeResult=-1 InitialResult=3 LevelAfter=2 LootInfo=-1 Name=LOC_CITIZEN_MAYA_MALE_8 Operation=58 PlotIndex=1818
mission CityName=LOC_CITY_NAME_OTTAWA CompletionTurn=167 EscapeResult=-1 InitialResult=5 LevelAfter=2 LootInfo=-1 Name=LOC_CITIZEN_MAYA_FEMALE_8 Operation=58 PlotIndex=978
mission CityName=LOC_CITY_NAME_WINNIPEG CompletionTurn=166 EscapeResult=-1 InitialResult=5 LevelAfter=2 LootInfo=-1 Name=LOC_CITIZEN_MAYA_MODERN_MALE_10 Operation=58 PlotIndex=1742
mission CityName=LOC_CITY_NAME_HALIFAX CompletionTurn=166 EscapeResult=0 InitialResult=4 LevelAfter=2 LootInfo=-1 Name=LOC_CITIZEN_MAYA_FEMALE_4 Operation=58 PlotIndex=1409
mission CityName=LOC_CITY_NAME_QUEBEC_CITY CompletionTurn=165 EscapeResult=-1 InitialResult=3 LevelAfter=1 LootInfo=-1 Name=LOC_CITIZEN_MAYA_MALE_3 Operation=58 PlotIndex=1404
mission CityName=LOC_CITY_NAME_SAINT_JOHN CompletionTurn=164 EscapeResult=1 InitialResult=2 LevelAfter=1 LootInfo=-1 Name=LOC_CITIZEN_MAYA_MALE_6 Operation=58 PlotIndex=1991
mission CityName=LOC_CITY_NAME_OTTAWA CompletionTurn=163 EscapeResult=-1 InitialResult=5 LevelAfter=2 LootInfo=-1 Name=LOC_CITIZEN_MAYA_FEMALE_8 Operation=58 PlotIndex=978
mission CityName=LOC_CITY_NAME_WINNIPEG CompletionTurn=162 EscapeResult=-1 InitialResult=3 LevelAfter=1 LootInfo=-1 Name=LOC_CITIZEN_MAYA_MODERN_MALE_10 Operation=58 PlotIndex=1742
mission CityName=LOC_CITY_NAME_MONTREAL CompletionTurn=162 EscapeResult=0 InitialResult=2 LevelAfter=2 LootInfo=-1 Name=LOC_CITIZEN_MAYA_MODERN_FEMALE_3 Operation=58 PlotIndex=1314
mission CityName=LOC_CITY_NAME_SAINT_JOHN CompletionTurn=160 EscapeResult=-1 InitialResult=3 LevelAfter=1 LootInfo=-1 Name=LOC_CITIZEN_MAYA_MALE_6 Operation=58 PlotIndex=1991
mission CityName=LOC_CITY_NAME_TORONTO CompletionTurn=159 EscapeResult=2 InitialResult=2 LevelAfter=1 LootInfo=-1 Name=LOC_CITIZEN_MAYA_MODERN_FEMALE_5 Operation=58 PlotIndex=1818
mission CityName=LOC_CITY_NAME_HALIFAX CompletionTurn=159 EscapeResult=0 InitialResult=2 LevelAfter=2 LootInfo=-1 Name=LOC_CITIZEN_MAYA_MODERN_FEMALE_9 Operation=58 PlotIndex=1409
mission CityName=LOC_CITY_NAME_OTTAWA CompletionTurn=156 EscapeResult=-1 InitialResult=1 LevelAfter=1 LootInfo=-1 Name=LOC_CITIZEN_MAYA_MODERN_MALE_9 Operation=58 PlotIndex=978
mission CityName=LOC_CITY_NAME_QUEBEC_CITY CompletionTurn=156 EscapeResult=2 InitialResult=2 LevelAfter=2 LootInfo=-1 Name=LOC_CITIZEN_MAYA_MALE_8 Operation=58 PlotIndex=1404
mission CityName=LOC_CITY_NAME_SAINT_JOHN CompletionTurn=156 EscapeResult=-1 InitialResult=3 LevelAfter=1 LootInfo=-1 Name=LOC_CITIZEN_MAYA_MALE_6 Operation=58 PlotIndex=1991
mission CityName=LOC_CITY_NAME_HALIFAX CompletionTurn=154 EscapeResult=-1 InitialResult=5 LevelAfter=2 LootInfo=-1 Name=LOC_CITIZEN_MAYA_FEMALE_4 Operation=58 PlotIndex=1409
mission CityName=LOC_CITY_NAME_QUEBEC_CITY CompletionTurn=151 EscapeResult=-1 InitialResult=5 LevelAfter=2 LootInfo=-1 Name=LOC_CITIZEN_MAYA_MALE_8 Operation=58 PlotIndex=1404
mission CityName=LOC_CITY_NAME_MONTREAL CompletionTurn=150 EscapeResult=0 InitialResult=2 LevelAfter=2 LootInfo=-1 Name=LOC_CITIZEN_MAYA_MALE_1 Operation=58 PlotIndex=1314
mission CityName=LOC_CITY_NAME_OTTAWA CompletionTurn=148 EscapeResult=2 InitialResult=2 LevelAfter=2 LootInfo=-1 Name=LOC_CITIZEN_MAYA_MODERN_FEMALE_3 Operation=58 PlotIndex=978
mission CityName=LOC_CITY_NAME_TORONTO CompletionTurn=148 EscapeResult=0 InitialResult=2 LevelAfter=1 LootInfo=-1 Name=LOC_CITIZEN_MAYA_FEMALE_3 Operation=58 PlotIndex=1818
mission CityName=LOC_CITY_NAME_OTTAWA CompletionTurn=144 EscapeResult=-1 InitialResult=3 LevelAfter=1 LootInfo=-1 Name=LOC_CITIZEN_MAYA_MODERN_MALE_9 Operation=58 PlotIndex=978
mission CityName=LOC_CITY_NAME_QUEBEC_CITY CompletionTurn=142 EscapeResult=2 InitialResult=4 LevelAfter=2 LootInfo=-1 Name=LOC_CITIZEN_MAYA_MODERN_FEMALE_9 Operation=58 PlotIndex=1404
mission CityName=LOC_CITY_NAME_MONTREAL CompletionTurn=141 EscapeResult=0 InitialResult=2 LevelAfter=1 LootInfo=-1 Name=LOC_CITIZEN_MAYA_MODERN_MALE_1 Operation=58 PlotIndex=1314
mission CityName=LOC_CITY_NAME_TORONTO CompletionTurn=140 EscapeResult=-1 InitialResult=0 LevelAfter=1 LootInfo=-1 Name=LOC_CITIZEN_MAYA_MODERN_MALE_4 Operation=58 PlotIndex=1818
mission CityName=LOC_CITY_NAME_MONTREAL CompletionTurn=137 EscapeResult=-1 InitialResult=5 LevelAfter=2 LootInfo=-1 Name=LOC_CITIZEN_MAYA_MALE_1 Operation=58 PlotIndex=1314
mission CityName=LOC_CITY_NAME_OTTAWA CompletionTurn=134 EscapeResult=2 InitialResult=4 LevelAfter=2 LootInfo=-1 Name=LOC_CITIZEN_MAYA_MODERN_FEMALE_3 Operation=58 PlotIndex=978
tally 7  FOMENT_UNREST CAPTURED / NO_RESULT
tally 4  FOMENT_UNREST FAIL_MUST_ESCAPE / CAPTURED
tally 3  FOMENT_UNREST FAIL_MUST_ESCAPE / FAIL_MUST_ESCAPE
tally 5  FOMENT_UNREST FAIL_MUST_ESCAPE / KILLED
tally 9  FOMENT_UNREST FAIL_UNDETECTED / NO_RESULT
tally 1  FOMENT_UNREST KILLED / NO_RESULT
tally 1  FOMENT_UNREST SUCCESS_MUST_ESCAPE / CAPTURED
tally 6  FOMENT_UNREST SUCCESS_MUST_ESCAPE / FAIL_MUST_ESCAPE
tally 7  FOMENT_UNREST SUCCESS_MUST_ESCAPE / KILLED
tally 3  FOMENT_UNREST SUCCESS_MUST_ESCAPE / NO_RESULT
tally 18  FOMENT_UNREST SUCCESS_UNDETECTED / NO_RESULT
turn 205 spies active 4 idle 0 missions 64 captured-enemy 0
spy 9109525 LOC_CITIZEN_MAYA_MODERN_FEMALE_4 level 1 at 60:16 busy
spy 9437212 LOC_CITIZEN_MAYA_MODERN_FEMALE_6 level 1 at 54:15 busy
spy 9371680 LOC_CITIZEN_MAYA_MODERN_MALE_10 level 1 at 65:16 busy
spy 9044001 LOC_CITIZEN_MAYA_MODERN_MALE_8 level 1 at 54:11 busy
turn 205 spies 4 started 0 travelled 0 promoted 0 bought 0 gold 50000
unblock: blocker ENDTURN_BLOCKING_COMMEMORATION_AVAILABLE -> nothing | end turn requested
unstuck: InGamePopup: open, no close
unblock: blocker ENDTURN_BLOCKING_COMMEMORATION_AVAILABLE -> nothing | end turn requested
unstuck: closed sessions [2:2]
unstuck: DiplomacyActionView: Closing Diplomacy Action View. m_eventID: 1253344
unstuck: InGamePopup: open, no close
unblock: blocker ENDTURN_BLOCKING_COMMEMORATION_AVAILABLE -> nothing | end turn requested
unstuck: closed sessions [4:4]
unstuck: DiplomacyActionView: Closing Diplomacy Action View. m_eventID: 1255700
unstuck: InGamePopup: open, no close
mission CityName=LOC_CITY_NAME_MONTREAL CompletionTurn=205 EscapeResult=-1 InitialResult=4 LevelAfter=2 LootInfo=-1 Name=LOC_CITIZEN_MAYA_MODERN_FEMALE_6 Operation=58 PlotIndex=1314
mission CityName=LOC_CITY_NAME_HALIFAX CompletionTurn=204 EscapeResult=-1 InitialResult=5 LevelAfter=2 LootInfo=-1 Name=LOC_CITIZEN_MAYA_MODERN_MALE_10 Operation=58 PlotIndex=1409
mission CityName=LOC_CITY_NAME_QUEBEC_CITY CompletionTurn=204 EscapeResult=-1 InitialResult=4 LevelAfter=2 LootInfo=-1 Name=LOC_CITIZEN_MAYA_MODERN_FEMALE_4 Operation=58 PlotIndex=1404
mission CityName=LOC_CITY_NAME_OTTAWA CompletionTurn=200 EscapeResult=-1 InitialResult=4 LevelAfter=2 LootInfo=-1 Name=LOC_CITIZEN_MAYA_MODERN_MALE_8 Operation=58 PlotIndex=978
mission CityName=LOC_CITY_NAME_QUEBEC_CITY CompletionTurn=200 EscapeResult=-1 InitialResult=5 LevelAfter=2 LootInfo=-1 Name=LOC_CITIZEN_MAYA_MODERN_FEMALE_4 Operation=58 PlotIndex=1404
mission CityName=LOC_CITY_NAME_TORONTO CompletionTurn=197 EscapeResult=1 InitialResult=2 LevelAfter=2 LootInfo=-1 Name=LOC_CITIZEN_MAYA_MALE_8 Operation=58 PlotIndex=1818
mission CityName=LOC_CITY_NAME_MONTREAL CompletionTurn=195 EscapeResult=0 InitialResult=4 LevelAfter=2 LootInfo=-1 Name=LOC_CITIZEN_MAYA_MALE_6 Operation=58 PlotIndex=1314
mission CityName=LOC_CITY_NAME_BRANTFORD CompletionTurn=195 EscapeResult=-1 InitialResult=1 LevelAfter=1 LootInfo=-1 Name=LOC_CITIZEN_MAYA_MODERN_MALE_4 Operation=58 PlotIndex=473
mission CityName=LOC_CITY_NAME_QUEBEC_CITY CompletionTurn=192 EscapeResult=-1 InitialResult=1 LevelAfter=2 LootInfo=-1 Name=LOC_CITIZEN_MAYA_MALE_2 Operation=58 PlotIndex=1404
mission CityName=LOC_CITY_NAME_BRANTFORD CompletionTurn=191 EscapeResult=-1 InitialResult=3 LevelAfter=1 LootInfo=-1 Name=LOC_CITIZEN_MAYA_MODERN_MALE_4 Operation=58 PlotIndex=473
mission CityName=LOC_CITY_NAME_MONTREAL CompletionTurn=191 EscapeResult=-1 InitialResult=1 LevelAfter=2 LootInfo=-1 Name=LOC_CITIZEN_MAYA_MALE_4 Operation=58 PlotIndex=1314
mission CityName=LOC_CITY_NAME_SAINT_JOHN CompletionTurn=189 EscapeResult=2 InitialResult=4 LevelAfter=2 LootInfo=-1 Name=LOC_CITIZEN_MAYA_MODERN_FEMALE_4 Operation=58 PlotIndex=1991
mission CityName=LOC_CITY_NAME_QUEBEC_CITY CompletionTurn=188 EscapeResult=-1 InitialResult=5 LevelAfter=2 LootInfo=-1 Name=LOC_CITIZEN_MAYA_MALE_2 Operation=58 PlotIndex=1404
mission CityName=LOC_CITY_NAME_OTTAWA CompletionTurn=188 EscapeResult=0 InitialResult=4 LevelAfter=2 LootInfo=-1 Name=LOC_CITIZEN_MAYA_FEMALE_7 Operation=58 PlotIndex=978
mission CityName=LOC_CITY_NAME_TORONTO CompletionTurn=188 EscapeResult=2 InitialResult=4 LevelAfter=2 LootInfo=-1 Name=LOC_CITIZEN_MAYA_MALE_8 Operation=58 PlotIndex=1818
mission CityName=LOC_CITY_NAME_HALIFAX CompletionTurn=187 EscapeResult=0 InitialResult=4 LevelAfter=2 LootInfo=-1 Name=LOC_CITIZEN_MAYA_FEMALE_6 Operation=58 PlotIndex=1409
mission CityName=LOC_CITY_NAME_WINNIPEG CompletionTurn=187 EscapeResult=1 InitialResult=2 LevelAfter=1 LootInfo=-1 Name=LOC_CITIZEN_MAYA_FEMALE_1 Operation=58 PlotIndex=1742
mission CityName=LOC_CITY_NAME_SAINT_JOHN CompletionTurn=185 EscapeResult=-1 InitialResult=3 LevelAfter=2 LootInfo=-1 Name=LOC_CITIZEN_MAYA_MODERN_FEMALE_4 Operation=58 PlotIndex=1991
mission CityName=LOC_CITY_NAME_OTTAWA CompletionTurn=184 EscapeResult=-1 InitialResult=5 LevelAfter=2 LootInfo=-1 Name=LOC_CITIZEN_MAYA_FEMALE_7 Operation=58 PlotIndex=978
mission CityName=LOC_CITY_NAME_HALIFAX CompletionTurn=183 EscapeResult=-1 InitialResult=5 LevelAfter=2 LootInfo=-1 Name=LOC_CITIZEN_MAYA_FEMALE_6 Operation=58 PlotIndex=1409
mission CityName=LOC_CITY_NAME_SAINT_JOHN CompletionTurn=181 EscapeResult=-1 InitialResult=5 LevelAfter=2 LootInfo=-1 Name=LOC_CITIZEN_MAYA_MODERN_FEMALE_4 Operation=58 PlotIndex=1991
mission CityName=LOC_CITY_NAME_MONTREAL CompletionTurn=180 EscapeResult=0 InitialResult=4 LevelAfter=2 LootInfo=-1 Name=LOC_CITIZEN_MAYA_MODERN_FEMALE_5 Operation=58 PlotIndex=1314
mission CityName=LOC_CITY_NAME_TORONTO CompletionTurn=180 EscapeResult=2 InitialResult=4 LevelAfter=2 LootInfo=-1 Name=LOC_CITIZEN_MAYA_MALE_8 Operation=58 PlotIndex=1818
mission CityName=LOC_CITY_NAME_QUEBEC_CITY CompletionTurn=179 EscapeResult=2 InitialResult=4 LevelAfter=2 LootInfo=-1 Name=LOC_CITIZEN_MAYA_MALE_4 Operation=58 PlotIndex=1404
mission CityName=LOC_CITY_NAME_HALIFAX CompletionTurn=176 EscapeResult=0 InitialResult=4 LevelAfter=2 LootInfo=-1 Name=LOC_CITIZEN_MAYA_MALE_5 Operation=58 PlotIndex=1409
mission CityName=LOC_CITY_NAME_TORONTO CompletionTurn=176 EscapeResult=-1 InitialResult=5 LevelAfter=2 LootInfo=-1 Name=LOC_CITIZEN_MAYA_MALE_8 Operation=58 PlotIndex=1818
mission CityName=LOC_CITY_NAME_OTTAWA CompletionTurn=175 EscapeResult=1 InitialResult=2 LevelAfter=2 LootInfo=-1 Name=LOC_CITIZEN_MAYA_FEMALE_8 Operation=58 PlotIndex=978
mission CityName=LOC_CITY_NAME_MONTREAL CompletionTurn=175 EscapeResult=0 InitialResult=4 LevelAfter=2 LootInfo=-1 Name=LOC_CITIZEN_MAYA_MODERN_FEMALE_2 Operation=58 PlotIndex=1314
mission CityName=LOC_CITY_NAME_WINNIPEG CompletionTurn=174 EscapeResult=1 InitialResult=4 LevelAfter=2 LootInfo=-1 Name=LOC_CITIZEN_MAYA_MODERN_MALE_10 Operation=58 PlotIndex=1742
mission CityName=LOC_CITY_NAME_SAINT_JOHN CompletionTurn=173 EscapeResult=-1 InitialResult=1 LevelAfter=1 LootInfo=-1 Name=LOC_CITIZEN_MAYA_MODERN_FEMALE_1 Operation=58 PlotIndex=1991
mission CityName=LOC_CITY_NAME_QUEBEC_CITY CompletionTurn=173 EscapeResult=-1 InitialResult=1 LevelAfter=2 LootInfo=-1 Name=LOC_CITIZEN_MAYA_MALE_3 Operation=58 PlotIndex=1404
mission CityName=LOC_CITY_NAME_BRANTFORD CompletionTurn=172 EscapeResult=-1 InitialResult=1 LevelAfter=2 LootInfo=-1 Name=LOC_CITIZEN_MAYA_MODERN_FEMALE_7 Operation=58 PlotIndex=473
mission CityName=LOC_CITY_NAME_TORONTO CompletionTurn=172 EscapeResult=-1 InitialResult=5 LevelAfter=2 LootInfo=-1 Name=LOC_CITIZEN_MAYA_MALE_8 Operation=58 PlotIndex=1818
mission CityName=LOC_CITY_NAME_OTTAWA CompletionTurn=171 EscapeResult=-1 InitialResult=5 LevelAfter=2 LootInfo=-1 Name=LOC_CITIZEN_MAYA_FEMALE_8 Operation=58 PlotIndex=978
mission CityName=LOC_CITY_NAME_MONTREAL CompletionTurn=171 EscapeResult=-1 InitialResult=5 LevelAfter=2 LootInfo=-1 Name=LOC_CITIZEN_MAYA_MODERN_FEMALE_2 Operation=58 PlotIndex=1314
mission CityName=LOC_CITY_NAME_WINNIPEG CompletionTurn=170 EscapeResult=-1 InitialResult=3 LevelAfter=2 LootInfo=-1 Name=LOC_CITIZEN_MAYA_MODERN_MALE_10 Operation=58 PlotIndex=1742
mission CityName=LOC_CITY_NAME_QUEBEC_CITY CompletionTurn=169 EscapeResult=-1 InitialResult=5 LevelAfter=2 LootInfo=-1 Name=LOC_CITIZEN_MAYA_MALE_3 Operation=58 PlotIndex=1404
mission CityName=LOC_CITY_NAME_BRANTFORD CompletionTurn=168 EscapeResult=-1 InitialResult=5 LevelAfter=2 LootInfo=-1 Name=LOC_CITIZEN_MAYA_MODERN_FEMALE_7 Operation=58 PlotIndex=473
mission CityName=LOC_CITY_NAME_TORONTO CompletionTurn=168 EscapeResult=-1 InitialResult=3 LevelAfter=2 LootInfo=-1 Name=LOC_CITIZEN_MAYA_MALE_8 Operation=58 PlotIndex=1818
mission CityName=LOC_CITY_NAME_OTTAWA CompletionTurn=167 EscapeResult=-1 InitialResult=5 LevelAfter=2 LootInfo=-1 Name=LOC_CITIZEN_MAYA_FEMALE_8 Operation=58 PlotIndex=978
mission CityName=LOC_CITY_NAME_WINNIPEG CompletionTurn=166 EscapeResult=-1 InitialResult=5 LevelAfter=2 LootInfo=-1 Name=LOC_CITIZEN_MAYA_MODERN_MALE_10 Operation=58 PlotIndex=1742
mission CityName=LOC_CITY_NAME_HALIFAX CompletionTurn=166 EscapeResult=0 InitialResult=4 LevelAfter=2 LootInfo=-1 Name=LOC_CITIZEN_MAYA_FEMALE_4 Operation=58 PlotIndex=1409
mission CityName=LOC_CITY_NAME_QUEBEC_CITY CompletionTurn=165 EscapeResult=-1 InitialResult=3 LevelAfter=1 LootInfo=-1 Name=LOC_CITIZEN_MAYA_MALE_3 Operation=58 PlotIndex=1404
mission CityName=LOC_CITY_NAME_SAINT_JOHN CompletionTurn=164 EscapeResult=1 InitialResult=2 LevelAfter=1 LootInfo=-1 Name=LOC_CITIZEN_MAYA_MALE_6 Operation=58 PlotIndex=1991
mission CityName=LOC_CITY_NAME_OTTAWA CompletionTurn=163 EscapeResult=-1 InitialResult=5 LevelAfter=2 LootInfo=-1 Name=LOC_CITIZEN_MAYA_FEMALE_8 Operation=58 PlotIndex=978
mission CityName=LOC_CITY_NAME_WINNIPEG CompletionTurn=162 EscapeResult=-1 InitialResult=3 LevelAfter=1 LootInfo=-1 Name=LOC_CITIZEN_MAYA_MODERN_MALE_10 Operation=58 PlotIndex=1742
mission CityName=LOC_CITY_NAME_MONTREAL CompletionTurn=162 EscapeResult=0 InitialResult=2 LevelAfter=2 LootInfo=-1 Name=LOC_CITIZEN_MAYA_MODERN_FEMALE_3 Operation=58 PlotIndex=1314
mission CityName=LOC_CITY_NAME_SAINT_JOHN CompletionTurn=160 EscapeResult=-1 InitialResult=3 LevelAfter=1 LootInfo=-1 Name=LOC_CITIZEN_MAYA_MALE_6 Operation=58 PlotIndex=1991
mission CityName=LOC_CITY_NAME_TORONTO CompletionTurn=159 EscapeResult=2 InitialResult=2 LevelAfter=1 LootInfo=-1 Name=LOC_CITIZEN_MAYA_MODERN_FEMALE_5 Operation=58 PlotIndex=1818
mission CityName=LOC_CITY_NAME_HALIFAX CompletionTurn=159 EscapeResult=0 InitialResult=2 LevelAfter=2 LootInfo=-1 Name=LOC_CITIZEN_MAYA_MODERN_FEMALE_9 Operation=58 PlotIndex=1409
mission CityName=LOC_CITY_NAME_OTTAWA CompletionTurn=156 EscapeResult=-1 InitialResult=1 LevelAfter=1 LootInfo=-1 Name=LOC_CITIZEN_MAYA_MODERN_MALE_9 Operation=58 PlotIndex=978
mission CityName=LOC_CITY_NAME_QUEBEC_CITY CompletionTurn=156 EscapeResult=2 InitialResult=2 LevelAfter=2 LootInfo=-1 Name=LOC_CITIZEN_MAYA_MALE_8 Operation=58 PlotIndex=1404
mission CityName=LOC_CITY_NAME_SAINT_JOHN CompletionTurn=156 EscapeResult=-1 InitialResult=3 LevelAfter=1 LootInfo=-1 Name=LOC_CITIZEN_MAYA_MALE_6 Operation=58 PlotIndex=1991
mission CityName=LOC_CITY_NAME_HALIFAX CompletionTurn=154 EscapeResult=-1 InitialResult=5 LevelAfter=2 LootInfo=-1 Name=LOC_CITIZEN_MAYA_FEMALE_4 Operation=58 PlotIndex=1409
mission CityName=LOC_CITY_NAME_QUEBEC_CITY CompletionTurn=151 EscapeResult=-1 InitialResult=5 LevelAfter=2 LootInfo=-1 Name=LOC_CITIZEN_MAYA_MALE_8 Operation=58 PlotIndex=1404
mission CityName=LOC_CITY_NAME_MONTREAL CompletionTurn=150 EscapeResult=0 InitialResult=2 LevelAfter=2 LootInfo=-1 Name=LOC_CITIZEN_MAYA_MALE_1 Operation=58 PlotIndex=1314
mission CityName=LOC_CITY_NAME_OTTAWA CompletionTurn=148 EscapeResult=2 InitialResult=2 LevelAfter=2 LootInfo=-1 Name=LOC_CITIZEN_MAYA_MODERN_FEMALE_3 Operation=58 PlotIndex=978
mission CityName=LOC_CITY_NAME_TORONTO CompletionTurn=148 EscapeResult=0 InitialResult=2 LevelAfter=1 LootInfo=-1 Name=LOC_CITIZEN_MAYA_FEMALE_3 Operation=58 PlotIndex=1818
mission CityName=LOC_CITY_NAME_OTTAWA CompletionTurn=144 EscapeResult=-1 InitialResult=3 LevelAfter=1 LootInfo=-1 Name=LOC_CITIZEN_MAYA_MODERN_MALE_9 Operation=58 PlotIndex=978
mission CityName=LOC_CITY_NAME_QUEBEC_CITY CompletionTurn=142 EscapeResult=2 InitialResult=4 LevelAfter=2 LootInfo=-1 Name=LOC_CITIZEN_MAYA_MODERN_FEMALE_9 Operation=58 PlotIndex=1404
mission CityName=LOC_CITY_NAME_MONTREAL CompletionTurn=141 EscapeResult=0 InitialResult=2 LevelAfter=1 LootInfo=-1 Name=LOC_CITIZEN_MAYA_MODERN_MALE_1 Operation=58 PlotIndex=1314
mission CityName=LOC_CITY_NAME_TORONTO CompletionTurn=140 EscapeResult=-1 InitialResult=0 LevelAfter=1 LootInfo=-1 Name=LOC_CITIZEN_MAYA_MODERN_MALE_4 Operation=58 PlotIndex=1818
mission CityName=LOC_CITY_NAME_MONTREAL CompletionTurn=137 EscapeResult=-1 InitialResult=5 LevelAfter=2 LootInfo=-1 Name=LOC_CITIZEN_MAYA_MALE_1 Operation=58 PlotIndex=1314
mission CityName=LOC_CITY_NAME_OTTAWA CompletionTurn=134 EscapeResult=2 InitialResult=4 LevelAfter=2 LootInfo=-1 Name=LOC_CITIZEN_MAYA_MODERN_FEMALE_3 Operation=58 PlotIndex=978
tally 7  FOMENT_UNREST CAPTURED / NO_RESULT
tally 4  FOMENT_UNREST FAIL_MUST_ESCAPE / CAPTURED
tally 3  FOMENT_UNREST FAIL_MUST_ESCAPE / FAIL_MUST_ESCAPE
tally 5  FOMENT_UNREST FAIL_MUST_ESCAPE / KILLED
tally 9  FOMENT_UNREST FAIL_UNDETECTED / NO_RESULT
tally 1  FOMENT_UNREST KILLED / NO_RESULT
tally 1  FOMENT_UNREST SUCCESS_MUST_ESCAPE / CAPTURED
tally 6  FOMENT_UNREST SUCCESS_MUST_ESCAPE / FAIL_MUST_ESCAPE
tally 7  FOMENT_UNREST SUCCESS_MUST_ESCAPE / KILLED
tally 3  FOMENT_UNREST SUCCESS_MUST_ESCAPE / NO_RESULT
tally 18  FOMENT_UNREST SUCCESS_UNDETECTED / NO_RESULT
turn 206 spies active 4 idle 0 missions 64 captured-enemy 0
spy 9109525 LOC_CITIZEN_MAYA_MODERN_FEMALE_4 level 1 at 60:16 busy
spy 9437212 LOC_CITIZEN_MAYA_MODERN_FEMALE_6 level 1 at 54:15 busy
spy 9371680 LOC_CITIZEN_MAYA_MODERN_MALE_10 level 1 at 65:16 busy
spy 9044001 LOC_CITIZEN_MAYA_MODERN_MALE_8 level 1 at 54:11 busy
turn 206 spies 4 started 0 travelled 0 promoted 0 bought 0 gold 50000
unblock: blocker ENDTURN_BLOCKING_COMMEMORATION_AVAILABLE -> nothing | end turn requested
unstuck: InGamePopup: open, no close
unblock: blocker ENDTURN_BLOCKING_COMMEMORATION_AVAILABLE -> nothing | end turn requested
unstuck: InGamePopup: open, no close
mission CityName=LOC_CITY_NAME_MONTREAL CompletionTurn=205 EscapeResult=-1 InitialResult=4 LevelAfter=2 LootInfo=-1 Name=LOC_CITIZEN_MAYA_MODERN_FEMALE_6 Operation=58 PlotIndex=1314
mission CityName=LOC_CITY_NAME_HALIFAX CompletionTurn=204 EscapeResult=-1 InitialResult=5 LevelAfter=2 LootInfo=-1 Name=LOC_CITIZEN_MAYA_MODERN_MALE_10 Operation=58 PlotIndex=1409
mission CityName=LOC_CITY_NAME_QUEBEC_CITY CompletionTurn=204 EscapeResult=-1 InitialResult=4 LevelAfter=2 LootInfo=-1 Name=LOC_CITIZEN_MAYA_MODERN_FEMALE_4 Operation=58 PlotIndex=1404
mission CityName=LOC_CITY_NAME_OTTAWA CompletionTurn=200 EscapeResult=-1 InitialResult=4 LevelAfter=2 LootInfo=-1 Name=LOC_CITIZEN_MAYA_MODERN_MALE_8 Operation=58 PlotIndex=978
mission CityName=LOC_CITY_NAME_QUEBEC_CITY CompletionTurn=200 EscapeResult=-1 InitialResult=5 LevelAfter=2 LootInfo=-1 Name=LOC_CITIZEN_MAYA_MODERN_FEMALE_4 Operation=58 PlotIndex=1404
mission CityName=LOC_CITY_NAME_TORONTO CompletionTurn=197 EscapeResult=1 InitialResult=2 LevelAfter=2 LootInfo=-1 Name=LOC_CITIZEN_MAYA_MALE_8 Operation=58 PlotIndex=1818
mission CityName=LOC_CITY_NAME_MONTREAL CompletionTurn=195 EscapeResult=0 InitialResult=4 LevelAfter=2 LootInfo=-1 Name=LOC_CITIZEN_MAYA_MALE_6 Operation=58 PlotIndex=1314
mission CityName=LOC_CITY_NAME_BRANTFORD CompletionTurn=195 EscapeResult=-1 InitialResult=1 LevelAfter=1 LootInfo=-1 Name=LOC_CITIZEN_MAYA_MODERN_MALE_4 Operation=58 PlotIndex=473
mission CityName=LOC_CITY_NAME_QUEBEC_CITY CompletionTurn=192 EscapeResult=-1 InitialResult=1 LevelAfter=2 LootInfo=-1 Name=LOC_CITIZEN_MAYA_MALE_2 Operation=58 PlotIndex=1404
mission CityName=LOC_CITY_NAME_BRANTFORD CompletionTurn=191 EscapeResult=-1 InitialResult=3 LevelAfter=1 LootInfo=-1 Name=LOC_CITIZEN_MAYA_MODERN_MALE_4 Operation=58 PlotIndex=473
mission CityName=LOC_CITY_NAME_MONTREAL CompletionTurn=191 EscapeResult=-1 InitialResult=1 LevelAfter=2 LootInfo=-1 Name=LOC_CITIZEN_MAYA_MALE_4 Operation=58 PlotIndex=1314
mission CityName=LOC_CITY_NAME_SAINT_JOHN CompletionTurn=189 EscapeResult=2 InitialResult=4 LevelAfter=2 LootInfo=-1 Name=LOC_CITIZEN_MAYA_MODERN_FEMALE_4 Operation=58 PlotIndex=1991
mission CityName=LOC_CITY_NAME_QUEBEC_CITY CompletionTurn=188 EscapeResult=-1 InitialResult=5 LevelAfter=2 LootInfo=-1 Name=LOC_CITIZEN_MAYA_MALE_2 Operation=58 PlotIndex=1404
mission CityName=LOC_CITY_NAME_OTTAWA CompletionTurn=188 EscapeResult=0 InitialResult=4 LevelAfter=2 LootInfo=-1 Name=LOC_CITIZEN_MAYA_FEMALE_7 Operation=58 PlotIndex=978
mission CityName=LOC_CITY_NAME_TORONTO CompletionTurn=188 EscapeResult=2 InitialResult=4 LevelAfter=2 LootInfo=-1 Name=LOC_CITIZEN_MAYA_MALE_8 Operation=58 PlotIndex=1818
mission CityName=LOC_CITY_NAME_HALIFAX CompletionTurn=187 EscapeResult=0 InitialResult=4 LevelAfter=2 LootInfo=-1 Name=LOC_CITIZEN_MAYA_FEMALE_6 Operation=58 PlotIndex=1409
mission CityName=LOC_CITY_NAME_WINNIPEG CompletionTurn=187 EscapeResult=1 InitialResult=2 LevelAfter=1 LootInfo=-1 Name=LOC_CITIZEN_MAYA_FEMALE_1 Operation=58 PlotIndex=1742
mission CityName=LOC_CITY_NAME_SAINT_JOHN CompletionTurn=185 EscapeResult=-1 InitialResult=3 LevelAfter=2 LootInfo=-1 Name=LOC_CITIZEN_MAYA_MODERN_FEMALE_4 Operation=58 PlotIndex=1991
mission CityName=LOC_CITY_NAME_OTTAWA CompletionTurn=184 EscapeResult=-1 InitialResult=5 LevelAfter=2 LootInfo=-1 Name=LOC_CITIZEN_MAYA_FEMALE_7 Operation=58 PlotIndex=978
mission CityName=LOC_CITY_NAME_HALIFAX CompletionTurn=183 EscapeResult=-1 InitialResult=5 LevelAfter=2 LootInfo=-1 Name=LOC_CITIZEN_MAYA_FEMALE_6 Operation=58 PlotIndex=1409
mission CityName=LOC_CITY_NAME_SAINT_JOHN CompletionTurn=181 EscapeResult=-1 InitialResult=5 LevelAfter=2 LootInfo=-1 Name=LOC_CITIZEN_MAYA_MODERN_FEMALE_4 Operation=58 PlotIndex=1991
mission CityName=LOC_CITY_NAME_MONTREAL CompletionTurn=180 EscapeResult=0 InitialResult=4 LevelAfter=2 LootInfo=-1 Name=LOC_CITIZEN_MAYA_MODERN_FEMALE_5 Operation=58 PlotIndex=1314
mission CityName=LOC_CITY_NAME_TORONTO CompletionTurn=180 EscapeResult=2 InitialResult=4 LevelAfter=2 LootInfo=-1 Name=LOC_CITIZEN_MAYA_MALE_8 Operation=58 PlotIndex=1818
mission CityName=LOC_CITY_NAME_QUEBEC_CITY CompletionTurn=179 EscapeResult=2 InitialResult=4 LevelAfter=2 LootInfo=-1 Name=LOC_CITIZEN_MAYA_MALE_4 Operation=58 PlotIndex=1404
mission CityName=LOC_CITY_NAME_HALIFAX CompletionTurn=176 EscapeResult=0 InitialResult=4 LevelAfter=2 LootInfo=-1 Name=LOC_CITIZEN_MAYA_MALE_5 Operation=58 PlotIndex=1409
mission CityName=LOC_CITY_NAME_TORONTO CompletionTurn=176 EscapeResult=-1 InitialResult=5 LevelAfter=2 LootInfo=-1 Name=LOC_CITIZEN_MAYA_MALE_8 Operation=58 PlotIndex=1818
mission CityName=LOC_CITY_NAME_OTTAWA CompletionTurn=175 EscapeResult=1 InitialResult=2 LevelAfter=2 LootInfo=-1 Name=LOC_CITIZEN_MAYA_FEMALE_8 Operation=58 PlotIndex=978
mission CityName=LOC_CITY_NAME_MONTREAL CompletionTurn=175 EscapeResult=0 InitialResult=4 LevelAfter=2 LootInfo=-1 Name=LOC_CITIZEN_MAYA_MODERN_FEMALE_2 Operation=58 PlotIndex=1314
mission CityName=LOC_CITY_NAME_WINNIPEG CompletionTurn=174 EscapeResult=1 InitialResult=4 LevelAfter=2 LootInfo=-1 Name=LOC_CITIZEN_MAYA_MODERN_MALE_10 Operation=58 PlotIndex=1742
mission CityName=LOC_CITY_NAME_SAINT_JOHN CompletionTurn=173 EscapeResult=-1 InitialResult=1 LevelAfter=1 LootInfo=-1 Name=LOC_CITIZEN_MAYA_MODERN_FEMALE_1 Operation=58 PlotIndex=1991
mission CityName=LOC_CITY_NAME_QUEBEC_CITY CompletionTurn=173 EscapeResult=-1 InitialResult=1 LevelAfter=2 LootInfo=-1 Name=LOC_CITIZEN_MAYA_MALE_3 Operation=58 PlotIndex=1404
mission CityName=LOC_CITY_NAME_BRANTFORD CompletionTurn=172 EscapeResult=-1 InitialResult=1 LevelAfter=2 LootInfo=-1 Name=LOC_CITIZEN_MAYA_MODERN_FEMALE_7 Operation=58 PlotIndex=473
mission CityName=LOC_CITY_NAME_TORONTO CompletionTurn=172 EscapeResult=-1 InitialResult=5 LevelAfter=2 LootInfo=-1 Name=LOC_CITIZEN_MAYA_MALE_8 Operation=58 PlotIndex=1818
mission CityName=LOC_CITY_NAME_OTTAWA CompletionTurn=171 EscapeResult=-1 InitialResult=5 LevelAfter=2 LootInfo=-1 Name=LOC_CITIZEN_MAYA_FEMALE_8 Operation=58 PlotIndex=978
mission CityName=LOC_CITY_NAME_MONTREAL CompletionTurn=171 EscapeResult=-1 InitialResult=5 LevelAfter=2 LootInfo=-1 Name=LOC_CITIZEN_MAYA_MODERN_FEMALE_2 Operation=58 PlotIndex=1314
mission CityName=LOC_CITY_NAME_WINNIPEG CompletionTurn=170 EscapeResult=-1 InitialResult=3 LevelAfter=2 LootInfo=-1 Name=LOC_CITIZEN_MAYA_MODERN_MALE_10 Operation=58 PlotIndex=1742
mission CityName=LOC_CITY_NAME_QUEBEC_CITY CompletionTurn=169 EscapeResult=-1 InitialResult=5 LevelAfter=2 LootInfo=-1 Name=LOC_CITIZEN_MAYA_MALE_3 Operation=58 PlotIndex=1404
mission CityName=LOC_CITY_NAME_BRANTFORD CompletionTurn=168 EscapeResult=-1 InitialResult=5 LevelAfter=2 LootInfo=-1 Name=LOC_CITIZEN_MAYA_MODERN_FEMALE_7 Operation=58 PlotIndex=473
mission CityName=LOC_CITY_NAME_TORONTO CompletionTurn=168 EscapeResult=-1 InitialResult=3 LevelAfter=2 LootInfo=-1 Name=LOC_CITIZEN_MAYA_MALE_8 Operation=58 PlotIndex=1818
mission CityName=LOC_CITY_NAME_OTTAWA CompletionTurn=167 EscapeResult=-1 InitialResult=5 LevelAfter=2 LootInfo=-1 Name=LOC_CITIZEN_MAYA_FEMALE_8 Operation=58 PlotIndex=978
mission CityName=LOC_CITY_NAME_WINNIPEG CompletionTurn=166 EscapeResult=-1 InitialResult=5 LevelAfter=2 LootInfo=-1 Name=LOC_CITIZEN_MAYA_MODERN_MALE_10 Operation=58 PlotIndex=1742
mission CityName=LOC_CITY_NAME_HALIFAX CompletionTurn=166 EscapeResult=0 InitialResult=4 LevelAfter=2 LootInfo=-1 Name=LOC_CITIZEN_MAYA_FEMALE_4 Operation=58 PlotIndex=1409
mission CityName=LOC_CITY_NAME_QUEBEC_CITY CompletionTurn=165 EscapeResult=-1 InitialResult=3 LevelAfter=1 LootInfo=-1 Name=LOC_CITIZEN_MAYA_MALE_3 Operation=58 PlotIndex=1404
mission CityName=LOC_CITY_NAME_SAINT_JOHN CompletionTurn=164 EscapeResult=1 InitialResult=2 LevelAfter=1 LootInfo=-1 Name=LOC_CITIZEN_MAYA_MALE_6 Operation=58 PlotIndex=1991
mission CityName=LOC_CITY_NAME_OTTAWA CompletionTurn=163 EscapeResult=-1 InitialResult=5 LevelAfter=2 LootInfo=-1 Name=LOC_CITIZEN_MAYA_FEMALE_8 Operation=58 PlotIndex=978
mission CityName=LOC_CITY_NAME_WINNIPEG CompletionTurn=162 EscapeResult=-1 InitialResult=3 LevelAfter=1 LootInfo=-1 Name=LOC_CITIZEN_MAYA_MODERN_MALE_10 Operation=58 PlotIndex=1742
mission CityName=LOC_CITY_NAME_MONTREAL CompletionTurn=162 EscapeResult=0 InitialResult=2 LevelAfter=2 LootInfo=-1 Name=LOC_CITIZEN_MAYA_MODERN_FEMALE_3 Operation=58 PlotIndex=1314
mission CityName=LOC_CITY_NAME_SAINT_JOHN CompletionTurn=160 EscapeResult=-1 InitialResult=3 LevelAfter=1 LootInfo=-1 Name=LOC_CITIZEN_MAYA_MALE_6 Operation=58 PlotIndex=1991
mission CityName=LOC_CITY_NAME_TORONTO CompletionTurn=159 EscapeResult=2 InitialResult=2 LevelAfter=1 LootInfo=-1 Name=LOC_CITIZEN_MAYA_MODERN_FEMALE_5 Operation=58 PlotIndex=1818
mission CityName=LOC_CITY_NAME_HALIFAX CompletionTurn=159 EscapeResult=0 InitialResult=2 LevelAfter=2 LootInfo=-1 Name=LOC_CITIZEN_MAYA_MODERN_FEMALE_9 Operation=58 PlotIndex=1409
mission CityName=LOC_CITY_NAME_OTTAWA CompletionTurn=156 EscapeResult=-1 InitialResult=1 LevelAfter=1 LootInfo=-1 Name=LOC_CITIZEN_MAYA_MODERN_MALE_9 Operation=58 PlotIndex=978
mission CityName=LOC_CITY_NAME_QUEBEC_CITY CompletionTurn=156 EscapeResult=2 InitialResult=2 LevelAfter=2 LootInfo=-1 Name=LOC_CITIZEN_MAYA_MALE_8 Operation=58 PlotIndex=1404
mission CityName=LOC_CITY_NAME_SAINT_JOHN CompletionTurn=156 EscapeResult=-1 InitialResult=3 LevelAfter=1 LootInfo=-1 Name=LOC_CITIZEN_MAYA_MALE_6 Operation=58 PlotIndex=1991
mission CityName=LOC_CITY_NAME_HALIFAX CompletionTurn=154 EscapeResult=-1 InitialResult=5 LevelAfter=2 LootInfo=-1 Name=LOC_CITIZEN_MAYA_FEMALE_4 Operation=58 PlotIndex=1409
mission CityName=LOC_CITY_NAME_QUEBEC_CITY CompletionTurn=151 EscapeResult=-1 InitialResult=5 LevelAfter=2 LootInfo=-1 Name=LOC_CITIZEN_MAYA_MALE_8 Operation=58 PlotIndex=1404
mission CityName=LOC_CITY_NAME_MONTREAL CompletionTurn=150 EscapeResult=0 InitialResult=2 LevelAfter=2 LootInfo=-1 Name=LOC_CITIZEN_MAYA_MALE_1 Operation=58 PlotIndex=1314
mission CityName=LOC_CITY_NAME_OTTAWA CompletionTurn=148 EscapeResult=2 InitialResult=2 LevelAfter=2 LootInfo=-1 Name=LOC_CITIZEN_MAYA_MODERN_FEMALE_3 Operation=58 PlotIndex=978
mission CityName=LOC_CITY_NAME_TORONTO CompletionTurn=148 EscapeResult=0 InitialResult=2 LevelAfter=1 LootInfo=-1 Name=LOC_CITIZEN_MAYA_FEMALE_3 Operation=58 PlotIndex=1818
mission CityName=LOC_CITY_NAME_OTTAWA CompletionTurn=144 EscapeResult=-1 InitialResult=3 LevelAfter=1 LootInfo=-1 Name=LOC_CITIZEN_MAYA_MODERN_MALE_9 Operation=58 PlotIndex=978
mission CityName=LOC_CITY_NAME_QUEBEC_CITY CompletionTurn=142 EscapeResult=2 InitialResult=4 LevelAfter=2 LootInfo=-1 Name=LOC_CITIZEN_MAYA_MODERN_FEMALE_9 Operation=58 PlotIndex=1404
mission CityName=LOC_CITY_NAME_MONTREAL CompletionTurn=141 EscapeResult=0 InitialResult=2 LevelAfter=1 LootInfo=-1 Name=LOC_CITIZEN_MAYA_MODERN_MALE_1 Operation=58 PlotIndex=1314
mission CityName=LOC_CITY_NAME_TORONTO CompletionTurn=140 EscapeResult=-1 InitialResult=0 LevelAfter=1 LootInfo=-1 Name=LOC_CITIZEN_MAYA_MODERN_MALE_4 Operation=58 PlotIndex=1818
mission CityName=LOC_CITY_NAME_MONTREAL CompletionTurn=137 EscapeResult=-1 InitialResult=5 LevelAfter=2 LootInfo=-1 Name=LOC_CITIZEN_MAYA_MALE_1 Operation=58 PlotIndex=1314
mission CityName=LOC_CITY_NAME_OTTAWA CompletionTurn=134 EscapeResult=2 InitialResult=4 LevelAfter=2 LootInfo=-1 Name=LOC_CITIZEN_MAYA_MODERN_FEMALE_3 Operation=58 PlotIndex=978
tally 7  FOMENT_UNREST CAPTURED / NO_RESULT
tally 4  FOMENT_UNREST FAIL_MUST_ESCAPE / CAPTURED
tally 3  FOMENT_UNREST FAIL_MUST_ESCAPE / FAIL_MUST_ESCAPE
tally 5  FOMENT_UNREST FAIL_MUST_ESCAPE / KILLED
tally 9  FOMENT_UNREST FAIL_UNDETECTED / NO_RESULT
tally 1  FOMENT_UNREST KILLED / NO_RESULT
tally 1  FOMENT_UNREST SUCCESS_MUST_ESCAPE / CAPTURED
tally 6  FOMENT_UNREST SUCCESS_MUST_ESCAPE / FAIL_MUST_ESCAPE
tally 7  FOMENT_UNREST SUCCESS_MUST_ESCAPE / KILLED
tally 3  FOMENT_UNREST SUCCESS_MUST_ESCAPE / NO_RESULT
tally 18  FOMENT_UNREST SUCCESS_UNDETECTED / NO_RESULT
turn 207 spies active 4 idle 0 missions 64 captured-enemy 0
spy 9109525 LOC_CITIZEN_MAYA_MODERN_FEMALE_4 level 1 at 60:16 busy
spy 9437212 LOC_CITIZEN_MAYA_MODERN_FEMALE_6 level 1 at 54:15 busy
spy 9371680 LOC_CITIZEN_MAYA_MODERN_MALE_10 level 1 at 65:16 busy
spy 9044001 LOC_CITIZEN_MAYA_MODERN_MALE_8 level 1 at 54:11 busy
turn 207 spies 4 started 0 travelled 0 promoted 0 bought 0 gold 50000
unblock: blocker ENDTURN_BLOCKING_COMMEMORATION_AVAILABLE -> nothing | end turn requested
unstuck: InGamePopup: open, no close
unblock: blocker ENDTURN_BLOCKING_COMMEMORATION_AVAILABLE -> nothing | end turn requested
unstuck: InGamePopup: open, no close
mission CityName=LOC_CITY_NAME_HALIFAX CompletionTurn=208 EscapeResult=-1 InitialResult=1 LevelAfter=2 LootInfo=-1 Name=LOC_CITIZEN_MAYA_MODERN_MALE_10 Operation=58 PlotIndex=1409
mission CityName=LOC_CITY_NAME_MONTREAL CompletionTurn=205 EscapeResult=-1 InitialResult=4 LevelAfter=2 LootInfo=-1 Name=LOC_CITIZEN_MAYA_MODERN_FEMALE_6 Operation=58 PlotIndex=1314
mission CityName=LOC_CITY_NAME_HALIFAX CompletionTurn=204 EscapeResult=-1 InitialResult=5 LevelAfter=2 LootInfo=-1 Name=LOC_CITIZEN_MAYA_MODERN_MALE_10 Operation=58 PlotIndex=1409
mission CityName=LOC_CITY_NAME_QUEBEC_CITY CompletionTurn=204 EscapeResult=-1 InitialResult=4 LevelAfter=2 LootInfo=-1 Name=LOC_CITIZEN_MAYA_MODERN_FEMALE_4 Operation=58 PlotIndex=1404
mission CityName=LOC_CITY_NAME_OTTAWA CompletionTurn=200 EscapeResult=-1 InitialResult=4 LevelAfter=2 LootInfo=-1 Name=LOC_CITIZEN_MAYA_MODERN_MALE_8 Operation=58 PlotIndex=978
mission CityName=LOC_CITY_NAME_QUEBEC_CITY CompletionTurn=200 EscapeResult=-1 InitialResult=5 LevelAfter=2 LootInfo=-1 Name=LOC_CITIZEN_MAYA_MODERN_FEMALE_4 Operation=58 PlotIndex=1404
mission CityName=LOC_CITY_NAME_TORONTO CompletionTurn=197 EscapeResult=1 InitialResult=2 LevelAfter=2 LootInfo=-1 Name=LOC_CITIZEN_MAYA_MALE_8 Operation=58 PlotIndex=1818
mission CityName=LOC_CITY_NAME_MONTREAL CompletionTurn=195 EscapeResult=0 InitialResult=4 LevelAfter=2 LootInfo=-1 Name=LOC_CITIZEN_MAYA_MALE_6 Operation=58 PlotIndex=1314
mission CityName=LOC_CITY_NAME_BRANTFORD CompletionTurn=195 EscapeResult=-1 InitialResult=1 LevelAfter=1 LootInfo=-1 Name=LOC_CITIZEN_MAYA_MODERN_MALE_4 Operation=58 PlotIndex=473
mission CityName=LOC_CITY_NAME_QUEBEC_CITY CompletionTurn=192 EscapeResult=-1 InitialResult=1 LevelAfter=2 LootInfo=-1 Name=LOC_CITIZEN_MAYA_MALE_2 Operation=58 PlotIndex=1404
mission CityName=LOC_CITY_NAME_BRANTFORD CompletionTurn=191 EscapeResult=-1 InitialResult=3 LevelAfter=1 LootInfo=-1 Name=LOC_CITIZEN_MAYA_MODERN_MALE_4 Operation=58 PlotIndex=473
mission CityName=LOC_CITY_NAME_MONTREAL CompletionTurn=191 EscapeResult=-1 InitialResult=1 LevelAfter=2 LootInfo=-1 Name=LOC_CITIZEN_MAYA_MALE_4 Operation=58 PlotIndex=1314
mission CityName=LOC_CITY_NAME_SAINT_JOHN CompletionTurn=189 EscapeResult=2 InitialResult=4 LevelAfter=2 LootInfo=-1 Name=LOC_CITIZEN_MAYA_MODERN_FEMALE_4 Operation=58 PlotIndex=1991
mission CityName=LOC_CITY_NAME_QUEBEC_CITY CompletionTurn=188 EscapeResult=-1 InitialResult=5 LevelAfter=2 LootInfo=-1 Name=LOC_CITIZEN_MAYA_MALE_2 Operation=58 PlotIndex=1404
mission CityName=LOC_CITY_NAME_OTTAWA CompletionTurn=188 EscapeResult=0 InitialResult=4 LevelAfter=2 LootInfo=-1 Name=LOC_CITIZEN_MAYA_FEMALE_7 Operation=58 PlotIndex=978
mission CityName=LOC_CITY_NAME_TORONTO CompletionTurn=188 EscapeResult=2 InitialResult=4 LevelAfter=2 LootInfo=-1 Name=LOC_CITIZEN_MAYA_MALE_8 Operation=58 PlotIndex=1818
mission CityName=LOC_CITY_NAME_HALIFAX CompletionTurn=187 EscapeResult=0 InitialResult=4 LevelAfter=2 LootInfo=-1 Name=LOC_CITIZEN_MAYA_FEMALE_6 Operation=58 PlotIndex=1409
mission CityName=LOC_CITY_NAME_WINNIPEG CompletionTurn=187 EscapeResult=1 InitialResult=2 LevelAfter=1 LootInfo=-1 Name=LOC_CITIZEN_MAYA_FEMALE_1 Operation=58 PlotIndex=1742
mission CityName=LOC_CITY_NAME_SAINT_JOHN CompletionTurn=185 EscapeResult=-1 InitialResult=3 LevelAfter=2 LootInfo=-1 Name=LOC_CITIZEN_MAYA_MODERN_FEMALE_4 Operation=58 PlotIndex=1991
mission CityName=LOC_CITY_NAME_OTTAWA CompletionTurn=184 EscapeResult=-1 InitialResult=5 LevelAfter=2 LootInfo=-1 Name=LOC_CITIZEN_MAYA_FEMALE_7 Operation=58 PlotIndex=978
mission CityName=LOC_CITY_NAME_HALIFAX CompletionTurn=183 EscapeResult=-1 InitialResult=5 LevelAfter=2 LootInfo=-1 Name=LOC_CITIZEN_MAYA_FEMALE_6 Operation=58 PlotIndex=1409
mission CityName=LOC_CITY_NAME_SAINT_JOHN CompletionTurn=181 EscapeResult=-1 InitialResult=5 LevelAfter=2 LootInfo=-1 Name=LOC_CITIZEN_MAYA_MODERN_FEMALE_4 Operation=58 PlotIndex=1991
mission CityName=LOC_CITY_NAME_MONTREAL CompletionTurn=180 EscapeResult=0 InitialResult=4 LevelAfter=2 LootInfo=-1 Name=LOC_CITIZEN_MAYA_MODERN_FEMALE_5 Operation=58 PlotIndex=1314
mission CityName=LOC_CITY_NAME_TORONTO CompletionTurn=180 EscapeResult=2 InitialResult=4 LevelAfter=2 LootInfo=-1 Name=LOC_CITIZEN_MAYA_MALE_8 Operation=58 PlotIndex=1818
mission CityName=LOC_CITY_NAME_QUEBEC_CITY CompletionTurn=179 EscapeResult=2 InitialResult=4 LevelAfter=2 LootInfo=-1 Name=LOC_CITIZEN_MAYA_MALE_4 Operation=58 PlotIndex=1404
mission CityName=LOC_CITY_NAME_HALIFAX CompletionTurn=176 EscapeResult=0 InitialResult=4 LevelAfter=2 LootInfo=-1 Name=LOC_CITIZEN_MAYA_MALE_5 Operation=58 PlotIndex=1409
mission CityName=LOC_CITY_NAME_TORONTO CompletionTurn=176 EscapeResult=-1 InitialResult=5 LevelAfter=2 LootInfo=-1 Name=LOC_CITIZEN_MAYA_MALE_8 Operation=58 PlotIndex=1818
mission CityName=LOC_CITY_NAME_OTTAWA CompletionTurn=175 EscapeResult=1 InitialResult=2 LevelAfter=2 LootInfo=-1 Name=LOC_CITIZEN_MAYA_FEMALE_8 Operation=58 PlotIndex=978
mission CityName=LOC_CITY_NAME_MONTREAL CompletionTurn=175 EscapeResult=0 InitialResult=4 LevelAfter=2 LootInfo=-1 Name=LOC_CITIZEN_MAYA_MODERN_FEMALE_2 Operation=58 PlotIndex=1314
mission CityName=LOC_CITY_NAME_WINNIPEG CompletionTurn=174 EscapeResult=1 InitialResult=4 LevelAfter=2 LootInfo=-1 Name=LOC_CITIZEN_MAYA_MODERN_MALE_10 Operation=58 PlotIndex=1742
mission CityName=LOC_CITY_NAME_SAINT_JOHN CompletionTurn=173 EscapeResult=-1 InitialResult=1 LevelAfter=1 LootInfo=-1 Name=LOC_CITIZEN_MAYA_MODERN_FEMALE_1 Operation=58 PlotIndex=1991
mission CityName=LOC_CITY_NAME_QUEBEC_CITY CompletionTurn=173 EscapeResult=-1 InitialResult=1 LevelAfter=2 LootInfo=-1 Name=LOC_CITIZEN_MAYA_MALE_3 Operation=58 PlotIndex=1404
mission CityName=LOC_CITY_NAME_BRANTFORD CompletionTurn=172 EscapeResult=-1 InitialResult=1 LevelAfter=2 LootInfo=-1 Name=LOC_CITIZEN_MAYA_MODERN_FEMALE_7 Operation=58 PlotIndex=473
mission CityName=LOC_CITY_NAME_TORONTO CompletionTurn=172 EscapeResult=-1 InitialResult=5 LevelAfter=2 LootInfo=-1 Name=LOC_CITIZEN_MAYA_MALE_8 Operation=58 PlotIndex=1818
mission CityName=LOC_CITY_NAME_OTTAWA CompletionTurn=171 EscapeResult=-1 InitialResult=5 LevelAfter=2 LootInfo=-1 Name=LOC_CITIZEN_MAYA_FEMALE_8 Operation=58 PlotIndex=978
mission CityName=LOC_CITY_NAME_MONTREAL CompletionTurn=171 EscapeResult=-1 InitialResult=5 LevelAfter=2 LootInfo=-1 Name=LOC_CITIZEN_MAYA_MODERN_FEMALE_2 Operation=58 PlotIndex=1314
mission CityName=LOC_CITY_NAME_WINNIPEG CompletionTurn=170 EscapeResult=-1 InitialResult=3 LevelAfter=2 LootInfo=-1 Name=LOC_CITIZEN_MAYA_MODERN_MALE_10 Operation=58 PlotIndex=1742
mission CityName=LOC_CITY_NAME_QUEBEC_CITY CompletionTurn=169 EscapeResult=-1 InitialResult=5 LevelAfter=2 LootInfo=-1 Name=LOC_CITIZEN_MAYA_MALE_3 Operation=58 PlotIndex=1404
mission CityName=LOC_CITY_NAME_BRANTFORD CompletionTurn=168 EscapeResult=-1 InitialResult=5 LevelAfter=2 LootInfo=-1 Name=LOC_CITIZEN_MAYA_MODERN_FEMALE_7 Operation=58 PlotIndex=473
mission CityName=LOC_CITY_NAME_TORONTO CompletionTurn=168 EscapeResult=-1 InitialResult=3 LevelAfter=2 LootInfo=-1 Name=LOC_CITIZEN_MAYA_MALE_8 Operation=58 PlotIndex=1818
mission CityName=LOC_CITY_NAME_OTTAWA CompletionTurn=167 EscapeResult=-1 InitialResult=5 LevelAfter=2 LootInfo=-1 Name=LOC_CITIZEN_MAYA_FEMALE_8 Operation=58 PlotIndex=978
mission CityName=LOC_CITY_NAME_WINNIPEG CompletionTurn=166 EscapeResult=-1 InitialResult=5 LevelAfter=2 LootInfo=-1 Name=LOC_CITIZEN_MAYA_MODERN_MALE_10 Operation=58 PlotIndex=1742
mission CityName=LOC_CITY_NAME_HALIFAX CompletionTurn=166 EscapeResult=0 InitialResult=4 LevelAfter=2 LootInfo=-1 Name=LOC_CITIZEN_MAYA_FEMALE_4 Operation=58 PlotIndex=1409
mission CityName=LOC_CITY_NAME_QUEBEC_CITY CompletionTurn=165 EscapeResult=-1 InitialResult=3 LevelAfter=1 LootInfo=-1 Name=LOC_CITIZEN_MAYA_MALE_3 Operation=58 PlotIndex=1404
mission CityName=LOC_CITY_NAME_SAINT_JOHN CompletionTurn=164 EscapeResult=1 InitialResult=2 LevelAfter=1 LootInfo=-1 Name=LOC_CITIZEN_MAYA_MALE_6 Operation=58 PlotIndex=1991
mission CityName=LOC_CITY_NAME_OTTAWA CompletionTurn=163 EscapeResult=-1 InitialResult=5 LevelAfter=2 LootInfo=-1 Name=LOC_CITIZEN_MAYA_FEMALE_8 Operation=58 PlotIndex=978
mission CityName=LOC_CITY_NAME_WINNIPEG CompletionTurn=162 EscapeResult=-1 InitialResult=3 LevelAfter=1 LootInfo=-1 Name=LOC_CITIZEN_MAYA_MODERN_MALE_10 Operation=58 PlotIndex=1742
mission CityName=LOC_CITY_NAME_MONTREAL CompletionTurn=162 EscapeResult=0 InitialResult=2 LevelAfter=2 LootInfo=-1 Name=LOC_CITIZEN_MAYA_MODERN_FEMALE_3 Operation=58 PlotIndex=1314
mission CityName=LOC_CITY_NAME_SAINT_JOHN CompletionTurn=160 EscapeResult=-1 InitialResult=3 LevelAfter=1 LootInfo=-1 Name=LOC_CITIZEN_MAYA_MALE_6 Operation=58 PlotIndex=1991
mission CityName=LOC_CITY_NAME_TORONTO CompletionTurn=159 EscapeResult=2 InitialResult=2 LevelAfter=1 LootInfo=-1 Name=LOC_CITIZEN_MAYA_MODERN_FEMALE_5 Operation=58 PlotIndex=1818
mission CityName=LOC_CITY_NAME_HALIFAX CompletionTurn=159 EscapeResult=0 InitialResult=2 LevelAfter=2 LootInfo=-1 Name=LOC_CITIZEN_MAYA_MODERN_FEMALE_9 Operation=58 PlotIndex=1409
mission CityName=LOC_CITY_NAME_OTTAWA CompletionTurn=156 EscapeResult=-1 InitialResult=1 LevelAfter=1 LootInfo=-1 Name=LOC_CITIZEN_MAYA_MODERN_MALE_9 Operation=58 PlotIndex=978
mission CityName=LOC_CITY_NAME_QUEBEC_CITY CompletionTurn=156 EscapeResult=2 InitialResult=2 LevelAfter=2 LootInfo=-1 Name=LOC_CITIZEN_MAYA_MALE_8 Operation=58 PlotIndex=1404
mission CityName=LOC_CITY_NAME_SAINT_JOHN CompletionTurn=156 EscapeResult=-1 InitialResult=3 LevelAfter=1 LootInfo=-1 Name=LOC_CITIZEN_MAYA_MALE_6 Operation=58 PlotIndex=1991
mission CityName=LOC_CITY_NAME_HALIFAX CompletionTurn=154 EscapeResult=-1 InitialResult=5 LevelAfter=2 LootInfo=-1 Name=LOC_CITIZEN_MAYA_FEMALE_4 Operation=58 PlotIndex=1409
mission CityName=LOC_CITY_NAME_QUEBEC_CITY CompletionTurn=151 EscapeResult=-1 InitialResult=5 LevelAfter=2 LootInfo=-1 Name=LOC_CITIZEN_MAYA_MALE_8 Operation=58 PlotIndex=1404
mission CityName=LOC_CITY_NAME_MONTREAL CompletionTurn=150 EscapeResult=0 InitialResult=2 LevelAfter=2 LootInfo=-1 Name=LOC_CITIZEN_MAYA_MALE_1 Operation=58 PlotIndex=1314
mission CityName=LOC_CITY_NAME_OTTAWA CompletionTurn=148 EscapeResult=2 InitialResult=2 LevelAfter=2 LootInfo=-1 Name=LOC_CITIZEN_MAYA_MODERN_FEMALE_3 Operation=58 PlotIndex=978
mission CityName=LOC_CITY_NAME_TORONTO CompletionTurn=148 EscapeResult=0 InitialResult=2 LevelAfter=1 LootInfo=-1 Name=LOC_CITIZEN_MAYA_FEMALE_3 Operation=58 PlotIndex=1818
mission CityName=LOC_CITY_NAME_OTTAWA CompletionTurn=144 EscapeResult=-1 InitialResult=3 LevelAfter=1 LootInfo=-1 Name=LOC_CITIZEN_MAYA_MODERN_MALE_9 Operation=58 PlotIndex=978
mission CityName=LOC_CITY_NAME_QUEBEC_CITY CompletionTurn=142 EscapeResult=2 InitialResult=4 LevelAfter=2 LootInfo=-1 Name=LOC_CITIZEN_MAYA_MODERN_FEMALE_9 Operation=58 PlotIndex=1404
mission CityName=LOC_CITY_NAME_MONTREAL CompletionTurn=141 EscapeResult=0 InitialResult=2 LevelAfter=1 LootInfo=-1 Name=LOC_CITIZEN_MAYA_MODERN_MALE_1 Operation=58 PlotIndex=1314
mission CityName=LOC_CITY_NAME_TORONTO CompletionTurn=140 EscapeResult=-1 InitialResult=0 LevelAfter=1 LootInfo=-1 Name=LOC_CITIZEN_MAYA_MODERN_MALE_4 Operation=58 PlotIndex=1818
mission CityName=LOC_CITY_NAME_MONTREAL CompletionTurn=137 EscapeResult=-1 InitialResult=5 LevelAfter=2 LootInfo=-1 Name=LOC_CITIZEN_MAYA_MALE_1 Operation=58 PlotIndex=1314
mission CityName=LOC_CITY_NAME_OTTAWA CompletionTurn=134 EscapeResult=2 InitialResult=4 LevelAfter=2 LootInfo=-1 Name=LOC_CITIZEN_MAYA_MODERN_FEMALE_3 Operation=58 PlotIndex=978
tally 8  FOMENT_UNREST CAPTURED / NO_RESULT
tally 4  FOMENT_UNREST FAIL_MUST_ESCAPE / CAPTURED
tally 3  FOMENT_UNREST FAIL_MUST_ESCAPE / FAIL_MUST_ESCAPE
tally 5  FOMENT_UNREST FAIL_MUST_ESCAPE / KILLED
tally 9  FOMENT_UNREST FAIL_UNDETECTED / NO_RESULT
tally 1  FOMENT_UNREST KILLED / NO_RESULT
tally 1  FOMENT_UNREST SUCCESS_MUST_ESCAPE / CAPTURED
tally 6  FOMENT_UNREST SUCCESS_MUST_ESCAPE / FAIL_MUST_ESCAPE
tally 7  FOMENT_UNREST SUCCESS_MUST_ESCAPE / KILLED
tally 3  FOMENT_UNREST SUCCESS_MUST_ESCAPE / NO_RESULT
tally 18  FOMENT_UNREST SUCCESS_UNDETECTED / NO_RESULT
turn 208 spies active 3 idle 0 missions 65 captured-enemy 0
spy 9109525 LOC_CITIZEN_MAYA_MODERN_FEMALE_4 level 1 at 60:16 busy
spy 9437212 LOC_CITIZEN_MAYA_MODERN_FEMALE_6 level 1 at 54:15 busy
spy 9044001 LOC_CITIZEN_MAYA_MODERN_MALE_8 level 1 at 54:11 busy
turn 208 spies 3 started 0 travelled 0 promoted 0 bought 0 gold 50000
unblock: blocker ENDTURN_BLOCKING_COMMEMORATION_AVAILABLE -> nothing | end turn requested
unstuck: InGamePopup: open, no close
unblock: blocker ENDTURN_BLOCKING_PRODUCTION -> NARANJO builds UNIT_WARRIOR | end turn requested
unstuck: InGamePopup: open, no close
unblock: blocker ENDTURN_BLOCKING_RESEARCH -> research TECH_MILITARY_ENGINEERING | end turn requested
unstuck: InGamePopup: open, no close
mission CityName=LOC_CITY_NAME_HALIFAX CompletionTurn=208 EscapeResult=-1 InitialResult=1 LevelAfter=2 LootInfo=-1 Name=LOC_CITIZEN_MAYA_MODERN_MALE_10 Operation=58 PlotIndex=1409
mission CityName=LOC_CITY_NAME_MONTREAL CompletionTurn=205 EscapeResult=-1 InitialResult=4 LevelAfter=2 LootInfo=-1 Name=LOC_CITIZEN_MAYA_MODERN_FEMALE_6 Operation=58 PlotIndex=1314
mission CityName=LOC_CITY_NAME_HALIFAX CompletionTurn=204 EscapeResult=-1 InitialResult=5 LevelAfter=2 LootInfo=-1 Name=LOC_CITIZEN_MAYA_MODERN_MALE_10 Operation=58 PlotIndex=1409
mission CityName=LOC_CITY_NAME_QUEBEC_CITY CompletionTurn=204 EscapeResult=-1 InitialResult=4 LevelAfter=2 LootInfo=-1 Name=LOC_CITIZEN_MAYA_MODERN_FEMALE_4 Operation=58 PlotIndex=1404
mission CityName=LOC_CITY_NAME_OTTAWA CompletionTurn=200 EscapeResult=-1 InitialResult=4 LevelAfter=2 LootInfo=-1 Name=LOC_CITIZEN_MAYA_MODERN_MALE_8 Operation=58 PlotIndex=978
mission CityName=LOC_CITY_NAME_QUEBEC_CITY CompletionTurn=200 EscapeResult=-1 InitialResult=5 LevelAfter=2 LootInfo=-1 Name=LOC_CITIZEN_MAYA_MODERN_FEMALE_4 Operation=58 PlotIndex=1404
mission CityName=LOC_CITY_NAME_TORONTO CompletionTurn=197 EscapeResult=1 InitialResult=2 LevelAfter=2 LootInfo=-1 Name=LOC_CITIZEN_MAYA_MALE_8 Operation=58 PlotIndex=1818
mission CityName=LOC_CITY_NAME_MONTREAL CompletionTurn=195 EscapeResult=0 InitialResult=4 LevelAfter=2 LootInfo=-1 Name=LOC_CITIZEN_MAYA_MALE_6 Operation=58 PlotIndex=1314
mission CityName=LOC_CITY_NAME_BRANTFORD CompletionTurn=195 EscapeResult=-1 InitialResult=1 LevelAfter=1 LootInfo=-1 Name=LOC_CITIZEN_MAYA_MODERN_MALE_4 Operation=58 PlotIndex=473
mission CityName=LOC_CITY_NAME_QUEBEC_CITY CompletionTurn=192 EscapeResult=-1 InitialResult=1 LevelAfter=2 LootInfo=-1 Name=LOC_CITIZEN_MAYA_MALE_2 Operation=58 PlotIndex=1404
mission CityName=LOC_CITY_NAME_BRANTFORD CompletionTurn=191 EscapeResult=-1 InitialResult=3 LevelAfter=1 LootInfo=-1 Name=LOC_CITIZEN_MAYA_MODERN_MALE_4 Operation=58 PlotIndex=473
mission CityName=LOC_CITY_NAME_MONTREAL CompletionTurn=191 EscapeResult=-1 InitialResult=1 LevelAfter=2 LootInfo=-1 Name=LOC_CITIZEN_MAYA_MALE_4 Operation=58 PlotIndex=1314
mission CityName=LOC_CITY_NAME_SAINT_JOHN CompletionTurn=189 EscapeResult=2 InitialResult=4 LevelAfter=2 LootInfo=-1 Name=LOC_CITIZEN_MAYA_MODERN_FEMALE_4 Operation=58 PlotIndex=1991
mission CityName=LOC_CITY_NAME_QUEBEC_CITY CompletionTurn=188 EscapeResult=-1 InitialResult=5 LevelAfter=2 LootInfo=-1 Name=LOC_CITIZEN_MAYA_MALE_2 Operation=58 PlotIndex=1404
mission CityName=LOC_CITY_NAME_OTTAWA CompletionTurn=188 EscapeResult=0 InitialResult=4 LevelAfter=2 LootInfo=-1 Name=LOC_CITIZEN_MAYA_FEMALE_7 Operation=58 PlotIndex=978
mission CityName=LOC_CITY_NAME_TORONTO CompletionTurn=188 EscapeResult=2 InitialResult=4 LevelAfter=2 LootInfo=-1 Name=LOC_CITIZEN_MAYA_MALE_8 Operation=58 PlotIndex=1818
mission CityName=LOC_CITY_NAME_HALIFAX CompletionTurn=187 EscapeResult=0 InitialResult=4 LevelAfter=2 LootInfo=-1 Name=LOC_CITIZEN_MAYA_FEMALE_6 Operation=58 PlotIndex=1409
mission CityName=LOC_CITY_NAME_WINNIPEG CompletionTurn=187 EscapeResult=1 InitialResult=2 LevelAfter=1 LootInfo=-1 Name=LOC_CITIZEN_MAYA_FEMALE_1 Operation=58 PlotIndex=1742
mission CityName=LOC_CITY_NAME_SAINT_JOHN CompletionTurn=185 EscapeResult=-1 InitialResult=3 LevelAfter=2 LootInfo=-1 Name=LOC_CITIZEN_MAYA_MODERN_FEMALE_4 Operation=58 PlotIndex=1991
mission CityName=LOC_CITY_NAME_OTTAWA CompletionTurn=184 EscapeResult=-1 InitialResult=5 LevelAfter=2 LootInfo=-1 Name=LOC_CITIZEN_MAYA_FEMALE_7 Operation=58 PlotIndex=978
mission CityName=LOC_CITY_NAME_HALIFAX CompletionTurn=183 EscapeResult=-1 InitialResult=5 LevelAfter=2 LootInfo=-1 Name=LOC_CITIZEN_MAYA_FEMALE_6 Operation=58 PlotIndex=1409
mission CityName=LOC_CITY_NAME_SAINT_JOHN CompletionTurn=181 EscapeResult=-1 InitialResult=5 LevelAfter=2 LootInfo=-1 Name=LOC_CITIZEN_MAYA_MODERN_FEMALE_4 Operation=58 PlotIndex=1991
mission CityName=LOC_CITY_NAME_MONTREAL CompletionTurn=180 EscapeResult=0 InitialResult=4 LevelAfter=2 LootInfo=-1 Name=LOC_CITIZEN_MAYA_MODERN_FEMALE_5 Operation=58 PlotIndex=1314
mission CityName=LOC_CITY_NAME_TORONTO CompletionTurn=180 EscapeResult=2 InitialResult=4 LevelAfter=2 LootInfo=-1 Name=LOC_CITIZEN_MAYA_MALE_8 Operation=58 PlotIndex=1818
mission CityName=LOC_CITY_NAME_QUEBEC_CITY CompletionTurn=179 EscapeResult=2 InitialResult=4 LevelAfter=2 LootInfo=-1 Name=LOC_CITIZEN_MAYA_MALE_4 Operation=58 PlotIndex=1404
mission CityName=LOC_CITY_NAME_HALIFAX CompletionTurn=176 EscapeResult=0 InitialResult=4 LevelAfter=2 LootInfo=-1 Name=LOC_CITIZEN_MAYA_MALE_5 Operation=58 PlotIndex=1409
mission CityName=LOC_CITY_NAME_TORONTO CompletionTurn=176 EscapeResult=-1 InitialResult=5 LevelAfter=2 LootInfo=-1 Name=LOC_CITIZEN_MAYA_MALE_8 Operation=58 PlotIndex=1818
mission CityName=LOC_CITY_NAME_OTTAWA CompletionTurn=175 EscapeResult=1 InitialResult=2 LevelAfter=2 LootInfo=-1 Name=LOC_CITIZEN_MAYA_FEMALE_8 Operation=58 PlotIndex=978
mission CityName=LOC_CITY_NAME_MONTREAL CompletionTurn=175 EscapeResult=0 InitialResult=4 LevelAfter=2 LootInfo=-1 Name=LOC_CITIZEN_MAYA_MODERN_FEMALE_2 Operation=58 PlotIndex=1314
mission CityName=LOC_CITY_NAME_WINNIPEG CompletionTurn=174 EscapeResult=1 InitialResult=4 LevelAfter=2 LootInfo=-1 Name=LOC_CITIZEN_MAYA_MODERN_MALE_10 Operation=58 PlotIndex=1742
mission CityName=LOC_CITY_NAME_SAINT_JOHN CompletionTurn=173 EscapeResult=-1 InitialResult=1 LevelAfter=1 LootInfo=-1 Name=LOC_CITIZEN_MAYA_MODERN_FEMALE_1 Operation=58 PlotIndex=1991
mission CityName=LOC_CITY_NAME_QUEBEC_CITY CompletionTurn=173 EscapeResult=-1 InitialResult=1 LevelAfter=2 LootInfo=-1 Name=LOC_CITIZEN_MAYA_MALE_3 Operation=58 PlotIndex=1404
mission CityName=LOC_CITY_NAME_BRANTFORD CompletionTurn=172 EscapeResult=-1 InitialResult=1 LevelAfter=2 LootInfo=-1 Name=LOC_CITIZEN_MAYA_MODERN_FEMALE_7 Operation=58 PlotIndex=473
mission CityName=LOC_CITY_NAME_TORONTO CompletionTurn=172 EscapeResult=-1 InitialResult=5 LevelAfter=2 LootInfo=-1 Name=LOC_CITIZEN_MAYA_MALE_8 Operation=58 PlotIndex=1818
mission CityName=LOC_CITY_NAME_OTTAWA CompletionTurn=171 EscapeResult=-1 InitialResult=5 LevelAfter=2 LootInfo=-1 Name=LOC_CITIZEN_MAYA_FEMALE_8 Operation=58 PlotIndex=978
mission CityName=LOC_CITY_NAME_MONTREAL CompletionTurn=171 EscapeResult=-1 InitialResult=5 LevelAfter=2 LootInfo=-1 Name=LOC_CITIZEN_MAYA_MODERN_FEMALE_2 Operation=58 PlotIndex=1314
mission CityName=LOC_CITY_NAME_WINNIPEG CompletionTurn=170 EscapeResult=-1 InitialResult=3 LevelAfter=2 LootInfo=-1 Name=LOC_CITIZEN_MAYA_MODERN_MALE_10 Operation=58 PlotIndex=1742
mission CityName=LOC_CITY_NAME_QUEBEC_CITY CompletionTurn=169 EscapeResult=-1 InitialResult=5 LevelAfter=2 LootInfo=-1 Name=LOC_CITIZEN_MAYA_MALE_3 Operation=58 PlotIndex=1404
mission CityName=LOC_CITY_NAME_BRANTFORD CompletionTurn=168 EscapeResult=-1 InitialResult=5 LevelAfter=2 LootInfo=-1 Name=LOC_CITIZEN_MAYA_MODERN_FEMALE_7 Operation=58 PlotIndex=473
mission CityName=LOC_CITY_NAME_TORONTO CompletionTurn=168 EscapeResult=-1 InitialResult=3 LevelAfter=2 LootInfo=-1 Name=LOC_CITIZEN_MAYA_MALE_8 Operation=58 PlotIndex=1818
mission CityName=LOC_CITY_NAME_OTTAWA CompletionTurn=167 EscapeResult=-1 InitialResult=5 LevelAfter=2 LootInfo=-1 Name=LOC_CITIZEN_MAYA_FEMALE_8 Operation=58 PlotIndex=978
mission CityName=LOC_CITY_NAME_WINNIPEG CompletionTurn=166 EscapeResult=-1 InitialResult=5 LevelAfter=2 LootInfo=-1 Name=LOC_CITIZEN_MAYA_MODERN_MALE_10 Operation=58 PlotIndex=1742
mission CityName=LOC_CITY_NAME_HALIFAX CompletionTurn=166 EscapeResult=0 InitialResult=4 LevelAfter=2 LootInfo=-1 Name=LOC_CITIZEN_MAYA_FEMALE_4 Operation=58 PlotIndex=1409
mission CityName=LOC_CITY_NAME_QUEBEC_CITY CompletionTurn=165 EscapeResult=-1 InitialResult=3 LevelAfter=1 LootInfo=-1 Name=LOC_CITIZEN_MAYA_MALE_3 Operation=58 PlotIndex=1404
mission CityName=LOC_CITY_NAME_SAINT_JOHN CompletionTurn=164 EscapeResult=1 InitialResult=2 LevelAfter=1 LootInfo=-1 Name=LOC_CITIZEN_MAYA_MALE_6 Operation=58 PlotIndex=1991
mission CityName=LOC_CITY_NAME_OTTAWA CompletionTurn=163 EscapeResult=-1 InitialResult=5 LevelAfter=2 LootInfo=-1 Name=LOC_CITIZEN_MAYA_FEMALE_8 Operation=58 PlotIndex=978
mission CityName=LOC_CITY_NAME_WINNIPEG CompletionTurn=162 EscapeResult=-1 InitialResult=3 LevelAfter=1 LootInfo=-1 Name=LOC_CITIZEN_MAYA_MODERN_MALE_10 Operation=58 PlotIndex=1742
mission CityName=LOC_CITY_NAME_MONTREAL CompletionTurn=162 EscapeResult=0 InitialResult=2 LevelAfter=2 LootInfo=-1 Name=LOC_CITIZEN_MAYA_MODERN_FEMALE_3 Operation=58 PlotIndex=1314
mission CityName=LOC_CITY_NAME_SAINT_JOHN CompletionTurn=160 EscapeResult=-1 InitialResult=3 LevelAfter=1 LootInfo=-1 Name=LOC_CITIZEN_MAYA_MALE_6 Operation=58 PlotIndex=1991
mission CityName=LOC_CITY_NAME_TORONTO CompletionTurn=159 EscapeResult=2 InitialResult=2 LevelAfter=1 LootInfo=-1 Name=LOC_CITIZEN_MAYA_MODERN_FEMALE_5 Operation=58 PlotIndex=1818
mission CityName=LOC_CITY_NAME_HALIFAX CompletionTurn=159 EscapeResult=0 InitialResult=2 LevelAfter=2 LootInfo=-1 Name=LOC_CITIZEN_MAYA_MODERN_FEMALE_9 Operation=58 PlotIndex=1409
mission CityName=LOC_CITY_NAME_OTTAWA CompletionTurn=156 EscapeResult=-1 InitialResult=1 LevelAfter=1 LootInfo=-1 Name=LOC_CITIZEN_MAYA_MODERN_MALE_9 Operation=58 PlotIndex=978
mission CityName=LOC_CITY_NAME_QUEBEC_CITY CompletionTurn=156 EscapeResult=2 InitialResult=2 LevelAfter=2 LootInfo=-1 Name=LOC_CITIZEN_MAYA_MALE_8 Operation=58 PlotIndex=1404
mission CityName=LOC_CITY_NAME_SAINT_JOHN CompletionTurn=156 EscapeResult=-1 InitialResult=3 LevelAfter=1 LootInfo=-1 Name=LOC_CITIZEN_MAYA_MALE_6 Operation=58 PlotIndex=1991
mission CityName=LOC_CITY_NAME_HALIFAX CompletionTurn=154 EscapeResult=-1 InitialResult=5 LevelAfter=2 LootInfo=-1 Name=LOC_CITIZEN_MAYA_FEMALE_4 Operation=58 PlotIndex=1409
mission CityName=LOC_CITY_NAME_QUEBEC_CITY CompletionTurn=151 EscapeResult=-1 InitialResult=5 LevelAfter=2 LootInfo=-1 Name=LOC_CITIZEN_MAYA_MALE_8 Operation=58 PlotIndex=1404
mission CityName=LOC_CITY_NAME_MONTREAL CompletionTurn=150 EscapeResult=0 InitialResult=2 LevelAfter=2 LootInfo=-1 Name=LOC_CITIZEN_MAYA_MALE_1 Operation=58 PlotIndex=1314
mission CityName=LOC_CITY_NAME_OTTAWA CompletionTurn=148 EscapeResult=2 InitialResult=2 LevelAfter=2 LootInfo=-1 Name=LOC_CITIZEN_MAYA_MODERN_FEMALE_3 Operation=58 PlotIndex=978
mission CityName=LOC_CITY_NAME_TORONTO CompletionTurn=148 EscapeResult=0 InitialResult=2 LevelAfter=1 LootInfo=-1 Name=LOC_CITIZEN_MAYA_FEMALE_3 Operation=58 PlotIndex=1818
mission CityName=LOC_CITY_NAME_OTTAWA CompletionTurn=144 EscapeResult=-1 InitialResult=3 LevelAfter=1 LootInfo=-1 Name=LOC_CITIZEN_MAYA_MODERN_MALE_9 Operation=58 PlotIndex=978
mission CityName=LOC_CITY_NAME_QUEBEC_CITY CompletionTurn=142 EscapeResult=2 InitialResult=4 LevelAfter=2 LootInfo=-1 Name=LOC_CITIZEN_MAYA_MODERN_FEMALE_9 Operation=58 PlotIndex=1404
mission CityName=LOC_CITY_NAME_MONTREAL CompletionTurn=141 EscapeResult=0 InitialResult=2 LevelAfter=1 LootInfo=-1 Name=LOC_CITIZEN_MAYA_MODERN_MALE_1 Operation=58 PlotIndex=1314
mission CityName=LOC_CITY_NAME_TORONTO CompletionTurn=140 EscapeResult=-1 InitialResult=0 LevelAfter=1 LootInfo=-1 Name=LOC_CITIZEN_MAYA_MODERN_MALE_4 Operation=58 PlotIndex=1818
mission CityName=LOC_CITY_NAME_MONTREAL CompletionTurn=137 EscapeResult=-1 InitialResult=5 LevelAfter=2 LootInfo=-1 Name=LOC_CITIZEN_MAYA_MALE_1 Operation=58 PlotIndex=1314
mission CityName=LOC_CITY_NAME_OTTAWA CompletionTurn=134 EscapeResult=2 InitialResult=4 LevelAfter=2 LootInfo=-1 Name=LOC_CITIZEN_MAYA_MODERN_FEMALE_3 Operation=58 PlotIndex=978
tally 8  FOMENT_UNREST CAPTURED / NO_RESULT
tally 4  FOMENT_UNREST FAIL_MUST_ESCAPE / CAPTURED
tally 3  FOMENT_UNREST FAIL_MUST_ESCAPE / FAIL_MUST_ESCAPE
tally 5  FOMENT_UNREST FAIL_MUST_ESCAPE / KILLED
tally 9  FOMENT_UNREST FAIL_UNDETECTED / NO_RESULT
tally 1  FOMENT_UNREST KILLED / NO_RESULT
tally 1  FOMENT_UNREST SUCCESS_MUST_ESCAPE / CAPTURED
tally 6  FOMENT_UNREST SUCCESS_MUST_ESCAPE / FAIL_MUST_ESCAPE
tally 7  FOMENT_UNREST SUCCESS_MUST_ESCAPE / KILLED
tally 3  FOMENT_UNREST SUCCESS_MUST_ESCAPE / NO_RESULT
tally 18  FOMENT_UNREST SUCCESS_UNDETECTED / NO_RESULT
turn 209 spies active 3 idle 0 missions 65 captured-enemy 0
spy 9109525 LOC_CITIZEN_MAYA_MODERN_FEMALE_4 level 1 at 60:16 busy
spy 9437212 LOC_CITIZEN_MAYA_MODERN_FEMALE_6 level 1 at 54:15 busy
spy 9044001 LOC_CITIZEN_MAYA_MODERN_MALE_8 level 1 at 54:11 busy
turn 209 spies 3 started 0 travelled 0 promoted 0 bought 0 gold 50000
unblock: blocker ENDTURN_BLOCKING_RESEARCH -> research TECH_MILITARY_ENGINEERING | end turn requested
unstuck: InGamePopup: open, no close
unblock: blocker ENDTURN_BLOCKING_CIVIC -> civic CIVIC_EXPLORATION | end turn requested
unstuck: closed sessions [4:4]
unstuck: DiplomacyActionView: closed
unstuck: InGamePopup: open, no close
mission CityName=LOC_CITY_NAME_HALIFAX CompletionTurn=208 EscapeResult=-1 InitialResult=1 LevelAfter=2 LootInfo=-1 Name=LOC_CITIZEN_MAYA_MODERN_MALE_10 Operation=58 PlotIndex=1409
mission CityName=LOC_CITY_NAME_MONTREAL CompletionTurn=205 EscapeResult=-1 InitialResult=4 LevelAfter=2 LootInfo=-1 Name=LOC_CITIZEN_MAYA_MODERN_FEMALE_6 Operation=58 PlotIndex=1314
mission CityName=LOC_CITY_NAME_HALIFAX CompletionTurn=204 EscapeResult=-1 InitialResult=5 LevelAfter=2 LootInfo=-1 Name=LOC_CITIZEN_MAYA_MODERN_MALE_10 Operation=58 PlotIndex=1409
mission CityName=LOC_CITY_NAME_QUEBEC_CITY CompletionTurn=204 EscapeResult=-1 InitialResult=4 LevelAfter=2 LootInfo=-1 Name=LOC_CITIZEN_MAYA_MODERN_FEMALE_4 Operation=58 PlotIndex=1404
mission CityName=LOC_CITY_NAME_OTTAWA CompletionTurn=200 EscapeResult=-1 InitialResult=4 LevelAfter=2 LootInfo=-1 Name=LOC_CITIZEN_MAYA_MODERN_MALE_8 Operation=58 PlotIndex=978
mission CityName=LOC_CITY_NAME_QUEBEC_CITY CompletionTurn=200 EscapeResult=-1 InitialResult=5 LevelAfter=2 LootInfo=-1 Name=LOC_CITIZEN_MAYA_MODERN_FEMALE_4 Operation=58 PlotIndex=1404
mission CityName=LOC_CITY_NAME_TORONTO CompletionTurn=197 EscapeResult=1 InitialResult=2 LevelAfter=2 LootInfo=-1 Name=LOC_CITIZEN_MAYA_MALE_8 Operation=58 PlotIndex=1818
mission CityName=LOC_CITY_NAME_MONTREAL CompletionTurn=195 EscapeResult=0 InitialResult=4 LevelAfter=2 LootInfo=-1 Name=LOC_CITIZEN_MAYA_MALE_6 Operation=58 PlotIndex=1314
mission CityName=LOC_CITY_NAME_BRANTFORD CompletionTurn=195 EscapeResult=-1 InitialResult=1 LevelAfter=1 LootInfo=-1 Name=LOC_CITIZEN_MAYA_MODERN_MALE_4 Operation=58 PlotIndex=473
mission CityName=LOC_CITY_NAME_QUEBEC_CITY CompletionTurn=192 EscapeResult=-1 InitialResult=1 LevelAfter=2 LootInfo=-1 Name=LOC_CITIZEN_MAYA_MALE_2 Operation=58 PlotIndex=1404
mission CityName=LOC_CITY_NAME_BRANTFORD CompletionTurn=191 EscapeResult=-1 InitialResult=3 LevelAfter=1 LootInfo=-1 Name=LOC_CITIZEN_MAYA_MODERN_MALE_4 Operation=58 PlotIndex=473
mission CityName=LOC_CITY_NAME_MONTREAL CompletionTurn=191 EscapeResult=-1 InitialResult=1 LevelAfter=2 LootInfo=-1 Name=LOC_CITIZEN_MAYA_MALE_4 Operation=58 PlotIndex=1314
mission CityName=LOC_CITY_NAME_SAINT_JOHN CompletionTurn=189 EscapeResult=2 InitialResult=4 LevelAfter=2 LootInfo=-1 Name=LOC_CITIZEN_MAYA_MODERN_FEMALE_4 Operation=58 PlotIndex=1991
mission CityName=LOC_CITY_NAME_QUEBEC_CITY CompletionTurn=188 EscapeResult=-1 InitialResult=5 LevelAfter=2 LootInfo=-1 Name=LOC_CITIZEN_MAYA_MALE_2 Operation=58 PlotIndex=1404
mission CityName=LOC_CITY_NAME_OTTAWA CompletionTurn=188 EscapeResult=0 InitialResult=4 LevelAfter=2 LootInfo=-1 Name=LOC_CITIZEN_MAYA_FEMALE_7 Operation=58 PlotIndex=978
mission CityName=LOC_CITY_NAME_TORONTO CompletionTurn=188 EscapeResult=2 InitialResult=4 LevelAfter=2 LootInfo=-1 Name=LOC_CITIZEN_MAYA_MALE_8 Operation=58 PlotIndex=1818
mission CityName=LOC_CITY_NAME_HALIFAX CompletionTurn=187 EscapeResult=0 InitialResult=4 LevelAfter=2 LootInfo=-1 Name=LOC_CITIZEN_MAYA_FEMALE_6 Operation=58 PlotIndex=1409
mission CityName=LOC_CITY_NAME_WINNIPEG CompletionTurn=187 EscapeResult=1 InitialResult=2 LevelAfter=1 LootInfo=-1 Name=LOC_CITIZEN_MAYA_FEMALE_1 Operation=58 PlotIndex=1742
mission CityName=LOC_CITY_NAME_SAINT_JOHN CompletionTurn=185 EscapeResult=-1 InitialResult=3 LevelAfter=2 LootInfo=-1 Name=LOC_CITIZEN_MAYA_MODERN_FEMALE_4 Operation=58 PlotIndex=1991
mission CityName=LOC_CITY_NAME_OTTAWA CompletionTurn=184 EscapeResult=-1 InitialResult=5 LevelAfter=2 LootInfo=-1 Name=LOC_CITIZEN_MAYA_FEMALE_7 Operation=58 PlotIndex=978
mission CityName=LOC_CITY_NAME_HALIFAX CompletionTurn=183 EscapeResult=-1 InitialResult=5 LevelAfter=2 LootInfo=-1 Name=LOC_CITIZEN_MAYA_FEMALE_6 Operation=58 PlotIndex=1409
mission CityName=LOC_CITY_NAME_SAINT_JOHN CompletionTurn=181 EscapeResult=-1 InitialResult=5 LevelAfter=2 LootInfo=-1 Name=LOC_CITIZEN_MAYA_MODERN_FEMALE_4 Operation=58 PlotIndex=1991
mission CityName=LOC_CITY_NAME_MONTREAL CompletionTurn=180 EscapeResult=0 InitialResult=4 LevelAfter=2 LootInfo=-1 Name=LOC_CITIZEN_MAYA_MODERN_FEMALE_5 Operation=58 PlotIndex=1314
mission CityName=LOC_CITY_NAME_TORONTO CompletionTurn=180 EscapeResult=2 InitialResult=4 LevelAfter=2 LootInfo=-1 Name=LOC_CITIZEN_MAYA_MALE_8 Operation=58 PlotIndex=1818
mission CityName=LOC_CITY_NAME_QUEBEC_CITY CompletionTurn=179 EscapeResult=2 InitialResult=4 LevelAfter=2 LootInfo=-1 Name=LOC_CITIZEN_MAYA_MALE_4 Operation=58 PlotIndex=1404
mission CityName=LOC_CITY_NAME_HALIFAX CompletionTurn=176 EscapeResult=0 InitialResult=4 LevelAfter=2 LootInfo=-1 Name=LOC_CITIZEN_MAYA_MALE_5 Operation=58 PlotIndex=1409
mission CityName=LOC_CITY_NAME_TORONTO CompletionTurn=176 EscapeResult=-1 InitialResult=5 LevelAfter=2 LootInfo=-1 Name=LOC_CITIZEN_MAYA_MALE_8 Operation=58 PlotIndex=1818
mission CityName=LOC_CITY_NAME_OTTAWA CompletionTurn=175 EscapeResult=1 InitialResult=2 LevelAfter=2 LootInfo=-1 Name=LOC_CITIZEN_MAYA_FEMALE_8 Operation=58 PlotIndex=978
mission CityName=LOC_CITY_NAME_MONTREAL CompletionTurn=175 EscapeResult=0 InitialResult=4 LevelAfter=2 LootInfo=-1 Name=LOC_CITIZEN_MAYA_MODERN_FEMALE_2 Operation=58 PlotIndex=1314
mission CityName=LOC_CITY_NAME_WINNIPEG CompletionTurn=174 EscapeResult=1 InitialResult=4 LevelAfter=2 LootInfo=-1 Name=LOC_CITIZEN_MAYA_MODERN_MALE_10 Operation=58 PlotIndex=1742
mission CityName=LOC_CITY_NAME_SAINT_JOHN CompletionTurn=173 EscapeResult=-1 InitialResult=1 LevelAfter=1 LootInfo=-1 Name=LOC_CITIZEN_MAYA_MODERN_FEMALE_1 Operation=58 PlotIndex=1991
mission CityName=LOC_CITY_NAME_QUEBEC_CITY CompletionTurn=173 EscapeResult=-1 InitialResult=1 LevelAfter=2 LootInfo=-1 Name=LOC_CITIZEN_MAYA_MALE_3 Operation=58 PlotIndex=1404
mission CityName=LOC_CITY_NAME_BRANTFORD CompletionTurn=172 EscapeResult=-1 InitialResult=1 LevelAfter=2 LootInfo=-1 Name=LOC_CITIZEN_MAYA_MODERN_FEMALE_7 Operation=58 PlotIndex=473
mission CityName=LOC_CITY_NAME_TORONTO CompletionTurn=172 EscapeResult=-1 InitialResult=5 LevelAfter=2 LootInfo=-1 Name=LOC_CITIZEN_MAYA_MALE_8 Operation=58 PlotIndex=1818
mission CityName=LOC_CITY_NAME_OTTAWA CompletionTurn=171 EscapeResult=-1 InitialResult=5 LevelAfter=2 LootInfo=-1 Name=LOC_CITIZEN_MAYA_FEMALE_8 Operation=58 PlotIndex=978
mission CityName=LOC_CITY_NAME_MONTREAL CompletionTurn=171 EscapeResult=-1 InitialResult=5 LevelAfter=2 LootInfo=-1 Name=LOC_CITIZEN_MAYA_MODERN_FEMALE_2 Operation=58 PlotIndex=1314
mission CityName=LOC_CITY_NAME_WINNIPEG CompletionTurn=170 EscapeResult=-1 InitialResult=3 LevelAfter=2 LootInfo=-1 Name=LOC_CITIZEN_MAYA_MODERN_MALE_10 Operation=58 PlotIndex=1742
mission CityName=LOC_CITY_NAME_QUEBEC_CITY CompletionTurn=169 EscapeResult=-1 InitialResult=5 LevelAfter=2 LootInfo=-1 Name=LOC_CITIZEN_MAYA_MALE_3 Operation=58 PlotIndex=1404
mission CityName=LOC_CITY_NAME_BRANTFORD CompletionTurn=168 EscapeResult=-1 InitialResult=5 LevelAfter=2 LootInfo=-1 Name=LOC_CITIZEN_MAYA_MODERN_FEMALE_7 Operation=58 PlotIndex=473
mission CityName=LOC_CITY_NAME_TORONTO CompletionTurn=168 EscapeResult=-1 InitialResult=3 LevelAfter=2 LootInfo=-1 Name=LOC_CITIZEN_MAYA_MALE_8 Operation=58 PlotIndex=1818
mission CityName=LOC_CITY_NAME_OTTAWA CompletionTurn=167 EscapeResult=-1 InitialResult=5 LevelAfter=2 LootInfo=-1 Name=LOC_CITIZEN_MAYA_FEMALE_8 Operation=58 PlotIndex=978
mission CityName=LOC_CITY_NAME_WINNIPEG CompletionTurn=166 EscapeResult=-1 InitialResult=5 LevelAfter=2 LootInfo=-1 Name=LOC_CITIZEN_MAYA_MODERN_MALE_10 Operation=58 PlotIndex=1742
mission CityName=LOC_CITY_NAME_HALIFAX CompletionTurn=166 EscapeResult=0 InitialResult=4 LevelAfter=2 LootInfo=-1 Name=LOC_CITIZEN_MAYA_FEMALE_4 Operation=58 PlotIndex=1409
mission CityName=LOC_CITY_NAME_QUEBEC_CITY CompletionTurn=165 EscapeResult=-1 InitialResult=3 LevelAfter=1 LootInfo=-1 Name=LOC_CITIZEN_MAYA_MALE_3 Operation=58 PlotIndex=1404
mission CityName=LOC_CITY_NAME_SAINT_JOHN CompletionTurn=164 EscapeResult=1 InitialResult=2 LevelAfter=1 LootInfo=-1 Name=LOC_CITIZEN_MAYA_MALE_6 Operation=58 PlotIndex=1991
mission CityName=LOC_CITY_NAME_OTTAWA CompletionTurn=163 EscapeResult=-1 InitialResult=5 LevelAfter=2 LootInfo=-1 Name=LOC_CITIZEN_MAYA_FEMALE_8 Operation=58 PlotIndex=978
mission CityName=LOC_CITY_NAME_WINNIPEG CompletionTurn=162 EscapeResult=-1 InitialResult=3 LevelAfter=1 LootInfo=-1 Name=LOC_CITIZEN_MAYA_MODERN_MALE_10 Operation=58 PlotIndex=1742
mission CityName=LOC_CITY_NAME_MONTREAL CompletionTurn=162 EscapeResult=0 InitialResult=2 LevelAfter=2 LootInfo=-1 Name=LOC_CITIZEN_MAYA_MODERN_FEMALE_3 Operation=58 PlotIndex=1314
mission CityName=LOC_CITY_NAME_SAINT_JOHN CompletionTurn=160 EscapeResult=-1 InitialResult=3 LevelAfter=1 LootInfo=-1 Name=LOC_CITIZEN_MAYA_MALE_6 Operation=58 PlotIndex=1991
mission CityName=LOC_CITY_NAME_TORONTO CompletionTurn=159 EscapeResult=2 InitialResult=2 LevelAfter=1 LootInfo=-1 Name=LOC_CITIZEN_MAYA_MODERN_FEMALE_5 Operation=58 PlotIndex=1818
mission CityName=LOC_CITY_NAME_HALIFAX CompletionTurn=159 EscapeResult=0 InitialResult=2 LevelAfter=2 LootInfo=-1 Name=LOC_CITIZEN_MAYA_MODERN_FEMALE_9 Operation=58 PlotIndex=1409
mission CityName=LOC_CITY_NAME_OTTAWA CompletionTurn=156 EscapeResult=-1 InitialResult=1 LevelAfter=1 LootInfo=-1 Name=LOC_CITIZEN_MAYA_MODERN_MALE_9 Operation=58 PlotIndex=978
mission CityName=LOC_CITY_NAME_QUEBEC_CITY CompletionTurn=156 EscapeResult=2 InitialResult=2 LevelAfter=2 LootInfo=-1 Name=LOC_CITIZEN_MAYA_MALE_8 Operation=58 PlotIndex=1404
mission CityName=LOC_CITY_NAME_SAINT_JOHN CompletionTurn=156 EscapeResult=-1 InitialResult=3 LevelAfter=1 LootInfo=-1 Name=LOC_CITIZEN_MAYA_MALE_6 Operation=58 PlotIndex=1991
mission CityName=LOC_CITY_NAME_HALIFAX CompletionTurn=154 EscapeResult=-1 InitialResult=5 LevelAfter=2 LootInfo=-1 Name=LOC_CITIZEN_MAYA_FEMALE_4 Operation=58 PlotIndex=1409
mission CityName=LOC_CITY_NAME_QUEBEC_CITY CompletionTurn=151 EscapeResult=-1 InitialResult=5 LevelAfter=2 LootInfo=-1 Name=LOC_CITIZEN_MAYA_MALE_8 Operation=58 PlotIndex=1404
mission CityName=LOC_CITY_NAME_MONTREAL CompletionTurn=150 EscapeResult=0 InitialResult=2 LevelAfter=2 LootInfo=-1 Name=LOC_CITIZEN_MAYA_MALE_1 Operation=58 PlotIndex=1314
mission CityName=LOC_CITY_NAME_OTTAWA CompletionTurn=148 EscapeResult=2 InitialResult=2 LevelAfter=2 LootInfo=-1 Name=LOC_CITIZEN_MAYA_MODERN_FEMALE_3 Operation=58 PlotIndex=978
mission CityName=LOC_CITY_NAME_TORONTO CompletionTurn=148 EscapeResult=0 InitialResult=2 LevelAfter=1 LootInfo=-1 Name=LOC_CITIZEN_MAYA_FEMALE_3 Operation=58 PlotIndex=1818
mission CityName=LOC_CITY_NAME_OTTAWA CompletionTurn=144 EscapeResult=-1 InitialResult=3 LevelAfter=1 LootInfo=-1 Name=LOC_CITIZEN_MAYA_MODERN_MALE_9 Operation=58 PlotIndex=978
mission CityName=LOC_CITY_NAME_QUEBEC_CITY CompletionTurn=142 EscapeResult=2 InitialResult=4 LevelAfter=2 LootInfo=-1 Name=LOC_CITIZEN_MAYA_MODERN_FEMALE_9 Operation=58 PlotIndex=1404
mission CityName=LOC_CITY_NAME_MONTREAL CompletionTurn=141 EscapeResult=0 InitialResult=2 LevelAfter=1 LootInfo=-1 Name=LOC_CITIZEN_MAYA_MODERN_MALE_1 Operation=58 PlotIndex=1314
mission CityName=LOC_CITY_NAME_TORONTO CompletionTurn=140 EscapeResult=-1 InitialResult=0 LevelAfter=1 LootInfo=-1 Name=LOC_CITIZEN_MAYA_MODERN_MALE_4 Operation=58 PlotIndex=1818
mission CityName=LOC_CITY_NAME_MONTREAL CompletionTurn=137 EscapeResult=-1 InitialResult=5 LevelAfter=2 LootInfo=-1 Name=LOC_CITIZEN_MAYA_MALE_1 Operation=58 PlotIndex=1314
mission CityName=LOC_CITY_NAME_OTTAWA CompletionTurn=134 EscapeResult=2 InitialResult=4 LevelAfter=2 LootInfo=-1 Name=LOC_CITIZEN_MAYA_MODERN_FEMALE_3 Operation=58 PlotIndex=978
tally 8  FOMENT_UNREST CAPTURED / NO_RESULT
tally 4  FOMENT_UNREST FAIL_MUST_ESCAPE / CAPTURED
tally 3  FOMENT_UNREST FAIL_MUST_ESCAPE / FAIL_MUST_ESCAPE
tally 5  FOMENT_UNREST FAIL_MUST_ESCAPE / KILLED
tally 9  FOMENT_UNREST FAIL_UNDETECTED / NO_RESULT
tally 1  FOMENT_UNREST KILLED / NO_RESULT
tally 1  FOMENT_UNREST SUCCESS_MUST_ESCAPE / CAPTURED
tally 6  FOMENT_UNREST SUCCESS_MUST_ESCAPE / FAIL_MUST_ESCAPE
tally 7  FOMENT_UNREST SUCCESS_MUST_ESCAPE / KILLED
tally 3  FOMENT_UNREST SUCCESS_MUST_ESCAPE / NO_RESULT
tally 18  FOMENT_UNREST SUCCESS_UNDETECTED / NO_RESULT
turn 210 spies active 3 idle 0 missions 65 captured-enemy 0
spy 9109525 LOC_CITIZEN_MAYA_MODERN_FEMALE_4 level 1 at 60:16 busy
spy 9437212 LOC_CITIZEN_MAYA_MODERN_FEMALE_6 level 1 at 54:15 busy
spy 9044001 LOC_CITIZEN_MAYA_MODERN_MALE_8 level 1 at 54:11 busy
turn 210 spies 3 started 0 travelled 0 promoted 0 bought 0 gold 50000
unblock: blocker ENDTURN_BLOCKING_CIVIC -> civic CIVIC_EXPLORATION | end turn requested
unstuck: InGamePopup: open, no close
unblock: blocker ENDTURN_BLOCKING_SPY_CHOOSE_ESCAPE_ROUTE -> escape route DISTRICT_CITY_CENTER of 2 for spy 9109525 LOC_CITIZEN_MAYA_MODERN_FEMALE_4 level 1 turn 210 | end turn requested
unstuck: InGamePopup: open, no close
mission CityName=LOC_CITY_NAME_HALIFAX CompletionTurn=208 EscapeResult=-1 InitialResult=1 LevelAfter=2 LootInfo=-1 Name=LOC_CITIZEN_MAYA_MODERN_MALE_10 Operation=58 PlotIndex=1409
mission CityName=LOC_CITY_NAME_MONTREAL CompletionTurn=205 EscapeResult=-1 InitialResult=4 LevelAfter=2 LootInfo=-1 Name=LOC_CITIZEN_MAYA_MODERN_FEMALE_6 Operation=58 PlotIndex=1314
mission CityName=LOC_CITY_NAME_HALIFAX CompletionTurn=204 EscapeResult=-1 InitialResult=5 LevelAfter=2 LootInfo=-1 Name=LOC_CITIZEN_MAYA_MODERN_MALE_10 Operation=58 PlotIndex=1409
mission CityName=LOC_CITY_NAME_QUEBEC_CITY CompletionTurn=204 EscapeResult=-1 InitialResult=4 LevelAfter=2 LootInfo=-1 Name=LOC_CITIZEN_MAYA_MODERN_FEMALE_4 Operation=58 PlotIndex=1404
mission CityName=LOC_CITY_NAME_OTTAWA CompletionTurn=200 EscapeResult=-1 InitialResult=4 LevelAfter=2 LootInfo=-1 Name=LOC_CITIZEN_MAYA_MODERN_MALE_8 Operation=58 PlotIndex=978
mission CityName=LOC_CITY_NAME_QUEBEC_CITY CompletionTurn=200 EscapeResult=-1 InitialResult=5 LevelAfter=2 LootInfo=-1 Name=LOC_CITIZEN_MAYA_MODERN_FEMALE_4 Operation=58 PlotIndex=1404
mission CityName=LOC_CITY_NAME_TORONTO CompletionTurn=197 EscapeResult=1 InitialResult=2 LevelAfter=2 LootInfo=-1 Name=LOC_CITIZEN_MAYA_MALE_8 Operation=58 PlotIndex=1818
mission CityName=LOC_CITY_NAME_MONTREAL CompletionTurn=195 EscapeResult=0 InitialResult=4 LevelAfter=2 LootInfo=-1 Name=LOC_CITIZEN_MAYA_MALE_6 Operation=58 PlotIndex=1314
mission CityName=LOC_CITY_NAME_BRANTFORD CompletionTurn=195 EscapeResult=-1 InitialResult=1 LevelAfter=1 LootInfo=-1 Name=LOC_CITIZEN_MAYA_MODERN_MALE_4 Operation=58 PlotIndex=473
mission CityName=LOC_CITY_NAME_QUEBEC_CITY CompletionTurn=192 EscapeResult=-1 InitialResult=1 LevelAfter=2 LootInfo=-1 Name=LOC_CITIZEN_MAYA_MALE_2 Operation=58 PlotIndex=1404
mission CityName=LOC_CITY_NAME_BRANTFORD CompletionTurn=191 EscapeResult=-1 InitialResult=3 LevelAfter=1 LootInfo=-1 Name=LOC_CITIZEN_MAYA_MODERN_MALE_4 Operation=58 PlotIndex=473
mission CityName=LOC_CITY_NAME_MONTREAL CompletionTurn=191 EscapeResult=-1 InitialResult=1 LevelAfter=2 LootInfo=-1 Name=LOC_CITIZEN_MAYA_MALE_4 Operation=58 PlotIndex=1314
mission CityName=LOC_CITY_NAME_SAINT_JOHN CompletionTurn=189 EscapeResult=2 InitialResult=4 LevelAfter=2 LootInfo=-1 Name=LOC_CITIZEN_MAYA_MODERN_FEMALE_4 Operation=58 PlotIndex=1991
mission CityName=LOC_CITY_NAME_QUEBEC_CITY CompletionTurn=188 EscapeResult=-1 InitialResult=5 LevelAfter=2 LootInfo=-1 Name=LOC_CITIZEN_MAYA_MALE_2 Operation=58 PlotIndex=1404
mission CityName=LOC_CITY_NAME_OTTAWA CompletionTurn=188 EscapeResult=0 InitialResult=4 LevelAfter=2 LootInfo=-1 Name=LOC_CITIZEN_MAYA_FEMALE_7 Operation=58 PlotIndex=978
mission CityName=LOC_CITY_NAME_TORONTO CompletionTurn=188 EscapeResult=2 InitialResult=4 LevelAfter=2 LootInfo=-1 Name=LOC_CITIZEN_MAYA_MALE_8 Operation=58 PlotIndex=1818
mission CityName=LOC_CITY_NAME_HALIFAX CompletionTurn=187 EscapeResult=0 InitialResult=4 LevelAfter=2 LootInfo=-1 Name=LOC_CITIZEN_MAYA_FEMALE_6 Operation=58 PlotIndex=1409
mission CityName=LOC_CITY_NAME_WINNIPEG CompletionTurn=187 EscapeResult=1 InitialResult=2 LevelAfter=1 LootInfo=-1 Name=LOC_CITIZEN_MAYA_FEMALE_1 Operation=58 PlotIndex=1742
mission CityName=LOC_CITY_NAME_SAINT_JOHN CompletionTurn=185 EscapeResult=-1 InitialResult=3 LevelAfter=2 LootInfo=-1 Name=LOC_CITIZEN_MAYA_MODERN_FEMALE_4 Operation=58 PlotIndex=1991
mission CityName=LOC_CITY_NAME_OTTAWA CompletionTurn=184 EscapeResult=-1 InitialResult=5 LevelAfter=2 LootInfo=-1 Name=LOC_CITIZEN_MAYA_FEMALE_7 Operation=58 PlotIndex=978
mission CityName=LOC_CITY_NAME_HALIFAX CompletionTurn=183 EscapeResult=-1 InitialResult=5 LevelAfter=2 LootInfo=-1 Name=LOC_CITIZEN_MAYA_FEMALE_6 Operation=58 PlotIndex=1409
mission CityName=LOC_CITY_NAME_SAINT_JOHN CompletionTurn=181 EscapeResult=-1 InitialResult=5 LevelAfter=2 LootInfo=-1 Name=LOC_CITIZEN_MAYA_MODERN_FEMALE_4 Operation=58 PlotIndex=1991
mission CityName=LOC_CITY_NAME_MONTREAL CompletionTurn=180 EscapeResult=0 InitialResult=4 LevelAfter=2 LootInfo=-1 Name=LOC_CITIZEN_MAYA_MODERN_FEMALE_5 Operation=58 PlotIndex=1314
mission CityName=LOC_CITY_NAME_TORONTO CompletionTurn=180 EscapeResult=2 InitialResult=4 LevelAfter=2 LootInfo=-1 Name=LOC_CITIZEN_MAYA_MALE_8 Operation=58 PlotIndex=1818
mission CityName=LOC_CITY_NAME_QUEBEC_CITY CompletionTurn=179 EscapeResult=2 InitialResult=4 LevelAfter=2 LootInfo=-1 Name=LOC_CITIZEN_MAYA_MALE_4 Operation=58 PlotIndex=1404
mission CityName=LOC_CITY_NAME_HALIFAX CompletionTurn=176 EscapeResult=0 InitialResult=4 LevelAfter=2 LootInfo=-1 Name=LOC_CITIZEN_MAYA_MALE_5 Operation=58 PlotIndex=1409
mission CityName=LOC_CITY_NAME_TORONTO CompletionTurn=176 EscapeResult=-1 InitialResult=5 LevelAfter=2 LootInfo=-1 Name=LOC_CITIZEN_MAYA_MALE_8 Operation=58 PlotIndex=1818
mission CityName=LOC_CITY_NAME_OTTAWA CompletionTurn=175 EscapeResult=1 InitialResult=2 LevelAfter=2 LootInfo=-1 Name=LOC_CITIZEN_MAYA_FEMALE_8 Operation=58 PlotIndex=978
mission CityName=LOC_CITY_NAME_MONTREAL CompletionTurn=175 EscapeResult=0 InitialResult=4 LevelAfter=2 LootInfo=-1 Name=LOC_CITIZEN_MAYA_MODERN_FEMALE_2 Operation=58 PlotIndex=1314
mission CityName=LOC_CITY_NAME_WINNIPEG CompletionTurn=174 EscapeResult=1 InitialResult=4 LevelAfter=2 LootInfo=-1 Name=LOC_CITIZEN_MAYA_MODERN_MALE_10 Operation=58 PlotIndex=1742
mission CityName=LOC_CITY_NAME_SAINT_JOHN CompletionTurn=173 EscapeResult=-1 InitialResult=1 LevelAfter=1 LootInfo=-1 Name=LOC_CITIZEN_MAYA_MODERN_FEMALE_1 Operation=58 PlotIndex=1991
mission CityName=LOC_CITY_NAME_QUEBEC_CITY CompletionTurn=173 EscapeResult=-1 InitialResult=1 LevelAfter=2 LootInfo=-1 Name=LOC_CITIZEN_MAYA_MALE_3 Operation=58 PlotIndex=1404
mission CityName=LOC_CITY_NAME_BRANTFORD CompletionTurn=172 EscapeResult=-1 InitialResult=1 LevelAfter=2 LootInfo=-1 Name=LOC_CITIZEN_MAYA_MODERN_FEMALE_7 Operation=58 PlotIndex=473
mission CityName=LOC_CITY_NAME_TORONTO CompletionTurn=172 EscapeResult=-1 InitialResult=5 LevelAfter=2 LootInfo=-1 Name=LOC_CITIZEN_MAYA_MALE_8 Operation=58 PlotIndex=1818
mission CityName=LOC_CITY_NAME_OTTAWA CompletionTurn=171 EscapeResult=-1 InitialResult=5 LevelAfter=2 LootInfo=-1 Name=LOC_CITIZEN_MAYA_FEMALE_8 Operation=58 PlotIndex=978
mission CityName=LOC_CITY_NAME_MONTREAL CompletionTurn=171 EscapeResult=-1 InitialResult=5 LevelAfter=2 LootInfo=-1 Name=LOC_CITIZEN_MAYA_MODERN_FEMALE_2 Operation=58 PlotIndex=1314
mission CityName=LOC_CITY_NAME_WINNIPEG CompletionTurn=170 EscapeResult=-1 InitialResult=3 LevelAfter=2 LootInfo=-1 Name=LOC_CITIZEN_MAYA_MODERN_MALE_10 Operation=58 PlotIndex=1742
mission CityName=LOC_CITY_NAME_QUEBEC_CITY CompletionTurn=169 EscapeResult=-1 InitialResult=5 LevelAfter=2 LootInfo=-1 Name=LOC_CITIZEN_MAYA_MALE_3 Operation=58 PlotIndex=1404
mission CityName=LOC_CITY_NAME_BRANTFORD CompletionTurn=168 EscapeResult=-1 InitialResult=5 LevelAfter=2 LootInfo=-1 Name=LOC_CITIZEN_MAYA_MODERN_FEMALE_7 Operation=58 PlotIndex=473
mission CityName=LOC_CITY_NAME_TORONTO CompletionTurn=168 EscapeResult=-1 InitialResult=3 LevelAfter=2 LootInfo=-1 Name=LOC_CITIZEN_MAYA_MALE_8 Operation=58 PlotIndex=1818
mission CityName=LOC_CITY_NAME_OTTAWA CompletionTurn=167 EscapeResult=-1 InitialResult=5 LevelAfter=2 LootInfo=-1 Name=LOC_CITIZEN_MAYA_FEMALE_8 Operation=58 PlotIndex=978
mission CityName=LOC_CITY_NAME_WINNIPEG CompletionTurn=166 EscapeResult=-1 InitialResult=5 LevelAfter=2 LootInfo=-1 Name=LOC_CITIZEN_MAYA_MODERN_MALE_10 Operation=58 PlotIndex=1742
mission CityName=LOC_CITY_NAME_HALIFAX CompletionTurn=166 EscapeResult=0 InitialResult=4 LevelAfter=2 LootInfo=-1 Name=LOC_CITIZEN_MAYA_FEMALE_4 Operation=58 PlotIndex=1409
mission CityName=LOC_CITY_NAME_QUEBEC_CITY CompletionTurn=165 EscapeResult=-1 InitialResult=3 LevelAfter=1 LootInfo=-1 Name=LOC_CITIZEN_MAYA_MALE_3 Operation=58 PlotIndex=1404
mission CityName=LOC_CITY_NAME_SAINT_JOHN CompletionTurn=164 EscapeResult=1 InitialResult=2 LevelAfter=1 LootInfo=-1 Name=LOC_CITIZEN_MAYA_MALE_6 Operation=58 PlotIndex=1991
mission CityName=LOC_CITY_NAME_OTTAWA CompletionTurn=163 EscapeResult=-1 InitialResult=5 LevelAfter=2 LootInfo=-1 Name=LOC_CITIZEN_MAYA_FEMALE_8 Operation=58 PlotIndex=978
mission CityName=LOC_CITY_NAME_WINNIPEG CompletionTurn=162 EscapeResult=-1 InitialResult=3 LevelAfter=1 LootInfo=-1 Name=LOC_CITIZEN_MAYA_MODERN_MALE_10 Operation=58 PlotIndex=1742
mission CityName=LOC_CITY_NAME_MONTREAL CompletionTurn=162 EscapeResult=0 InitialResult=2 LevelAfter=2 LootInfo=-1 Name=LOC_CITIZEN_MAYA_MODERN_FEMALE_3 Operation=58 PlotIndex=1314
mission CityName=LOC_CITY_NAME_SAINT_JOHN CompletionTurn=160 EscapeResult=-1 InitialResult=3 LevelAfter=1 LootInfo=-1 Name=LOC_CITIZEN_MAYA_MALE_6 Operation=58 PlotIndex=1991
mission CityName=LOC_CITY_NAME_TORONTO CompletionTurn=159 EscapeResult=2 InitialResult=2 LevelAfter=1 LootInfo=-1 Name=LOC_CITIZEN_MAYA_MODERN_FEMALE_5 Operation=58 PlotIndex=1818
mission CityName=LOC_CITY_NAME_HALIFAX CompletionTurn=159 EscapeResult=0 InitialResult=2 LevelAfter=2 LootInfo=-1 Name=LOC_CITIZEN_MAYA_MODERN_FEMALE_9 Operation=58 PlotIndex=1409
mission CityName=LOC_CITY_NAME_OTTAWA CompletionTurn=156 EscapeResult=-1 InitialResult=1 LevelAfter=1 LootInfo=-1 Name=LOC_CITIZEN_MAYA_MODERN_MALE_9 Operation=58 PlotIndex=978
mission CityName=LOC_CITY_NAME_QUEBEC_CITY CompletionTurn=156 EscapeResult=2 InitialResult=2 LevelAfter=2 LootInfo=-1 Name=LOC_CITIZEN_MAYA_MALE_8 Operation=58 PlotIndex=1404
mission CityName=LOC_CITY_NAME_SAINT_JOHN CompletionTurn=156 EscapeResult=-1 InitialResult=3 LevelAfter=1 LootInfo=-1 Name=LOC_CITIZEN_MAYA_MALE_6 Operation=58 PlotIndex=1991
mission CityName=LOC_CITY_NAME_HALIFAX CompletionTurn=154 EscapeResult=-1 InitialResult=5 LevelAfter=2 LootInfo=-1 Name=LOC_CITIZEN_MAYA_FEMALE_4 Operation=58 PlotIndex=1409
mission CityName=LOC_CITY_NAME_QUEBEC_CITY CompletionTurn=151 EscapeResult=-1 InitialResult=5 LevelAfter=2 LootInfo=-1 Name=LOC_CITIZEN_MAYA_MALE_8 Operation=58 PlotIndex=1404
mission CityName=LOC_CITY_NAME_MONTREAL CompletionTurn=150 EscapeResult=0 InitialResult=2 LevelAfter=2 LootInfo=-1 Name=LOC_CITIZEN_MAYA_MALE_1 Operation=58 PlotIndex=1314
mission CityName=LOC_CITY_NAME_OTTAWA CompletionTurn=148 EscapeResult=2 InitialResult=2 LevelAfter=2 LootInfo=-1 Name=LOC_CITIZEN_MAYA_MODERN_FEMALE_3 Operation=58 PlotIndex=978
mission CityName=LOC_CITY_NAME_TORONTO CompletionTurn=148 EscapeResult=0 InitialResult=2 LevelAfter=1 LootInfo=-1 Name=LOC_CITIZEN_MAYA_FEMALE_3 Operation=58 PlotIndex=1818
mission CityName=LOC_CITY_NAME_OTTAWA CompletionTurn=144 EscapeResult=-1 InitialResult=3 LevelAfter=1 LootInfo=-1 Name=LOC_CITIZEN_MAYA_MODERN_MALE_9 Operation=58 PlotIndex=978
mission CityName=LOC_CITY_NAME_QUEBEC_CITY CompletionTurn=142 EscapeResult=2 InitialResult=4 LevelAfter=2 LootInfo=-1 Name=LOC_CITIZEN_MAYA_MODERN_FEMALE_9 Operation=58 PlotIndex=1404
mission CityName=LOC_CITY_NAME_MONTREAL CompletionTurn=141 EscapeResult=0 InitialResult=2 LevelAfter=1 LootInfo=-1 Name=LOC_CITIZEN_MAYA_MODERN_MALE_1 Operation=58 PlotIndex=1314
mission CityName=LOC_CITY_NAME_TORONTO CompletionTurn=140 EscapeResult=-1 InitialResult=0 LevelAfter=1 LootInfo=-1 Name=LOC_CITIZEN_MAYA_MODERN_MALE_4 Operation=58 PlotIndex=1818
mission CityName=LOC_CITY_NAME_MONTREAL CompletionTurn=137 EscapeResult=-1 InitialResult=5 LevelAfter=2 LootInfo=-1 Name=LOC_CITIZEN_MAYA_MALE_1 Operation=58 PlotIndex=1314
mission CityName=LOC_CITY_NAME_OTTAWA CompletionTurn=134 EscapeResult=2 InitialResult=4 LevelAfter=2 LootInfo=-1 Name=LOC_CITIZEN_MAYA_MODERN_FEMALE_3 Operation=58 PlotIndex=978
tally 8  FOMENT_UNREST CAPTURED / NO_RESULT
tally 4  FOMENT_UNREST FAIL_MUST_ESCAPE / CAPTURED
tally 3  FOMENT_UNREST FAIL_MUST_ESCAPE / FAIL_MUST_ESCAPE
tally 5  FOMENT_UNREST FAIL_MUST_ESCAPE / KILLED
tally 9  FOMENT_UNREST FAIL_UNDETECTED / NO_RESULT
tally 1  FOMENT_UNREST KILLED / NO_RESULT
tally 1  FOMENT_UNREST SUCCESS_MUST_ESCAPE / CAPTURED
tally 6  FOMENT_UNREST SUCCESS_MUST_ESCAPE / FAIL_MUST_ESCAPE
tally 7  FOMENT_UNREST SUCCESS_MUST_ESCAPE / KILLED
tally 3  FOMENT_UNREST SUCCESS_MUST_ESCAPE / NO_RESULT
tally 18  FOMENT_UNREST SUCCESS_UNDETECTED / NO_RESULT
turn 211 spies active 3 idle 0 missions 65 captured-enemy 0
spy 9109525 LOC_CITIZEN_MAYA_MODERN_FEMALE_4 level 1 at 60:16 busy
spy 9437212 LOC_CITIZEN_MAYA_MODERN_FEMALE_6 level 1 at 54:15 busy
spy 9044001 LOC_CITIZEN_MAYA_MODERN_MALE_8 level 1 at 54:11 busy
turn 211 spies 3 started 0 travelled 0 promoted 0 bought 0 gold 50000
unblock: blocker ENDTURN_BLOCKING_SPY_CHOOSE_ESCAPE_ROUTE -> escape route DISTRICT_CITY_CENTER of 2 for spy 9109525 LOC_CITIZEN_MAYA_MODERN_FEMALE_4 level 1 turn 211 | end turn requested
unstuck: InGamePopup: open, no close
unblock: blocker ENDTURN_BLOCKING_SPY_CHOOSE_ESCAPE_ROUTE -> escape route DISTRICT_COMMERCIAL_HUB of 2 for spy 9437212 LOC_CITIZEN_MAYA_MODERN_FEMALE_6 level 1 turn 211 | end turn requested
unstuck: InGamePopup: open, no close
mission CityName=LOC_CITY_NAME_HALIFAX CompletionTurn=208 EscapeResult=-1 InitialResult=1 LevelAfter=2 LootInfo=-1 Name=LOC_CITIZEN_MAYA_MODERN_MALE_10 Operation=58 PlotIndex=1409
mission CityName=LOC_CITY_NAME_MONTREAL CompletionTurn=205 EscapeResult=-1 InitialResult=4 LevelAfter=2 LootInfo=-1 Name=LOC_CITIZEN_MAYA_MODERN_FEMALE_6 Operation=58 PlotIndex=1314
mission CityName=LOC_CITY_NAME_HALIFAX CompletionTurn=204 EscapeResult=-1 InitialResult=5 LevelAfter=2 LootInfo=-1 Name=LOC_CITIZEN_MAYA_MODERN_MALE_10 Operation=58 PlotIndex=1409
mission CityName=LOC_CITY_NAME_QUEBEC_CITY CompletionTurn=204 EscapeResult=2 InitialResult=4 LevelAfter=2 LootInfo=-1 Name=LOC_CITIZEN_MAYA_MODERN_FEMALE_4 Operation=58 PlotIndex=1404
mission CityName=LOC_CITY_NAME_OTTAWA CompletionTurn=200 EscapeResult=-1 InitialResult=4 LevelAfter=2 LootInfo=-1 Name=LOC_CITIZEN_MAYA_MODERN_MALE_8 Operation=58 PlotIndex=978
mission CityName=LOC_CITY_NAME_QUEBEC_CITY CompletionTurn=200 EscapeResult=-1 InitialResult=5 LevelAfter=2 LootInfo=-1 Name=LOC_CITIZEN_MAYA_MODERN_FEMALE_4 Operation=58 PlotIndex=1404
mission CityName=LOC_CITY_NAME_TORONTO CompletionTurn=197 EscapeResult=1 InitialResult=2 LevelAfter=2 LootInfo=-1 Name=LOC_CITIZEN_MAYA_MALE_8 Operation=58 PlotIndex=1818
mission CityName=LOC_CITY_NAME_MONTREAL CompletionTurn=195 EscapeResult=0 InitialResult=4 LevelAfter=2 LootInfo=-1 Name=LOC_CITIZEN_MAYA_MALE_6 Operation=58 PlotIndex=1314
mission CityName=LOC_CITY_NAME_BRANTFORD CompletionTurn=195 EscapeResult=-1 InitialResult=1 LevelAfter=1 LootInfo=-1 Name=LOC_CITIZEN_MAYA_MODERN_MALE_4 Operation=58 PlotIndex=473
mission CityName=LOC_CITY_NAME_QUEBEC_CITY CompletionTurn=192 EscapeResult=-1 InitialResult=1 LevelAfter=2 LootInfo=-1 Name=LOC_CITIZEN_MAYA_MALE_2 Operation=58 PlotIndex=1404
mission CityName=LOC_CITY_NAME_BRANTFORD CompletionTurn=191 EscapeResult=-1 InitialResult=3 LevelAfter=1 LootInfo=-1 Name=LOC_CITIZEN_MAYA_MODERN_MALE_4 Operation=58 PlotIndex=473
mission CityName=LOC_CITY_NAME_MONTREAL CompletionTurn=191 EscapeResult=-1 InitialResult=1 LevelAfter=2 LootInfo=-1 Name=LOC_CITIZEN_MAYA_MALE_4 Operation=58 PlotIndex=1314
mission CityName=LOC_CITY_NAME_SAINT_JOHN CompletionTurn=189 EscapeResult=2 InitialResult=4 LevelAfter=2 LootInfo=-1 Name=LOC_CITIZEN_MAYA_MODERN_FEMALE_4 Operation=58 PlotIndex=1991
mission CityName=LOC_CITY_NAME_QUEBEC_CITY CompletionTurn=188 EscapeResult=-1 InitialResult=5 LevelAfter=2 LootInfo=-1 Name=LOC_CITIZEN_MAYA_MALE_2 Operation=58 PlotIndex=1404
mission CityName=LOC_CITY_NAME_OTTAWA CompletionTurn=188 EscapeResult=0 InitialResult=4 LevelAfter=2 LootInfo=-1 Name=LOC_CITIZEN_MAYA_FEMALE_7 Operation=58 PlotIndex=978
mission CityName=LOC_CITY_NAME_TORONTO CompletionTurn=188 EscapeResult=2 InitialResult=4 LevelAfter=2 LootInfo=-1 Name=LOC_CITIZEN_MAYA_MALE_8 Operation=58 PlotIndex=1818
mission CityName=LOC_CITY_NAME_HALIFAX CompletionTurn=187 EscapeResult=0 InitialResult=4 LevelAfter=2 LootInfo=-1 Name=LOC_CITIZEN_MAYA_FEMALE_6 Operation=58 PlotIndex=1409
mission CityName=LOC_CITY_NAME_WINNIPEG CompletionTurn=187 EscapeResult=1 InitialResult=2 LevelAfter=1 LootInfo=-1 Name=LOC_CITIZEN_MAYA_FEMALE_1 Operation=58 PlotIndex=1742
mission CityName=LOC_CITY_NAME_SAINT_JOHN CompletionTurn=185 EscapeResult=-1 InitialResult=3 LevelAfter=2 LootInfo=-1 Name=LOC_CITIZEN_MAYA_MODERN_FEMALE_4 Operation=58 PlotIndex=1991
mission CityName=LOC_CITY_NAME_OTTAWA CompletionTurn=184 EscapeResult=-1 InitialResult=5 LevelAfter=2 LootInfo=-1 Name=LOC_CITIZEN_MAYA_FEMALE_7 Operation=58 PlotIndex=978
mission CityName=LOC_CITY_NAME_HALIFAX CompletionTurn=183 EscapeResult=-1 InitialResult=5 LevelAfter=2 LootInfo=-1 Name=LOC_CITIZEN_MAYA_FEMALE_6 Operation=58 PlotIndex=1409
mission CityName=LOC_CITY_NAME_SAINT_JOHN CompletionTurn=181 EscapeResult=-1 InitialResult=5 LevelAfter=2 LootInfo=-1 Name=LOC_CITIZEN_MAYA_MODERN_FEMALE_4 Operation=58 PlotIndex=1991
mission CityName=LOC_CITY_NAME_MONTREAL CompletionTurn=180 EscapeResult=0 InitialResult=4 LevelAfter=2 LootInfo=-1 Name=LOC_CITIZEN_MAYA_MODERN_FEMALE_5 Operation=58 PlotIndex=1314
mission CityName=LOC_CITY_NAME_TORONTO CompletionTurn=180 EscapeResult=2 InitialResult=4 LevelAfter=2 LootInfo=-1 Name=LOC_CITIZEN_MAYA_MALE_8 Operation=58 PlotIndex=1818
mission CityName=LOC_CITY_NAME_QUEBEC_CITY CompletionTurn=179 EscapeResult=2 InitialResult=4 LevelAfter=2 LootInfo=-1 Name=LOC_CITIZEN_MAYA_MALE_4 Operation=58 PlotIndex=1404
mission CityName=LOC_CITY_NAME_HALIFAX CompletionTurn=176 EscapeResult=0 InitialResult=4 LevelAfter=2 LootInfo=-1 Name=LOC_CITIZEN_MAYA_MALE_5 Operation=58 PlotIndex=1409
mission CityName=LOC_CITY_NAME_TORONTO CompletionTurn=176 EscapeResult=-1 InitialResult=5 LevelAfter=2 LootInfo=-1 Name=LOC_CITIZEN_MAYA_MALE_8 Operation=58 PlotIndex=1818
mission CityName=LOC_CITY_NAME_OTTAWA CompletionTurn=175 EscapeResult=1 InitialResult=2 LevelAfter=2 LootInfo=-1 Name=LOC_CITIZEN_MAYA_FEMALE_8 Operation=58 PlotIndex=978
mission CityName=LOC_CITY_NAME_MONTREAL CompletionTurn=175 EscapeResult=0 InitialResult=4 LevelAfter=2 LootInfo=-1 Name=LOC_CITIZEN_MAYA_MODERN_FEMALE_2 Operation=58 PlotIndex=1314
mission CityName=LOC_CITY_NAME_WINNIPEG CompletionTurn=174 EscapeResult=1 InitialResult=4 LevelAfter=2 LootInfo=-1 Name=LOC_CITIZEN_MAYA_MODERN_MALE_10 Operation=58 PlotIndex=1742
mission CityName=LOC_CITY_NAME_SAINT_JOHN CompletionTurn=173 EscapeResult=-1 InitialResult=1 LevelAfter=1 LootInfo=-1 Name=LOC_CITIZEN_MAYA_MODERN_FEMALE_1 Operation=58 PlotIndex=1991
mission CityName=LOC_CITY_NAME_QUEBEC_CITY CompletionTurn=173 EscapeResult=-1 InitialResult=1 LevelAfter=2 LootInfo=-1 Name=LOC_CITIZEN_MAYA_MALE_3 Operation=58 PlotIndex=1404
mission CityName=LOC_CITY_NAME_BRANTFORD CompletionTurn=172 EscapeResult=-1 InitialResult=1 LevelAfter=2 LootInfo=-1 Name=LOC_CITIZEN_MAYA_MODERN_FEMALE_7 Operation=58 PlotIndex=473
mission CityName=LOC_CITY_NAME_TORONTO CompletionTurn=172 EscapeResult=-1 InitialResult=5 LevelAfter=2 LootInfo=-1 Name=LOC_CITIZEN_MAYA_MALE_8 Operation=58 PlotIndex=1818
mission CityName=LOC_CITY_NAME_OTTAWA CompletionTurn=171 EscapeResult=-1 InitialResult=5 LevelAfter=2 LootInfo=-1 Name=LOC_CITIZEN_MAYA_FEMALE_8 Operation=58 PlotIndex=978
mission CityName=LOC_CITY_NAME_MONTREAL CompletionTurn=171 EscapeResult=-1 InitialResult=5 LevelAfter=2 LootInfo=-1 Name=LOC_CITIZEN_MAYA_MODERN_FEMALE_2 Operation=58 PlotIndex=1314
mission CityName=LOC_CITY_NAME_WINNIPEG CompletionTurn=170 EscapeResult=-1 InitialResult=3 LevelAfter=2 LootInfo=-1 Name=LOC_CITIZEN_MAYA_MODERN_MALE_10 Operation=58 PlotIndex=1742
mission CityName=LOC_CITY_NAME_QUEBEC_CITY CompletionTurn=169 EscapeResult=-1 InitialResult=5 LevelAfter=2 LootInfo=-1 Name=LOC_CITIZEN_MAYA_MALE_3 Operation=58 PlotIndex=1404
mission CityName=LOC_CITY_NAME_BRANTFORD CompletionTurn=168 EscapeResult=-1 InitialResult=5 LevelAfter=2 LootInfo=-1 Name=LOC_CITIZEN_MAYA_MODERN_FEMALE_7 Operation=58 PlotIndex=473
mission CityName=LOC_CITY_NAME_TORONTO CompletionTurn=168 EscapeResult=-1 InitialResult=3 LevelAfter=2 LootInfo=-1 Name=LOC_CITIZEN_MAYA_MALE_8 Operation=58 PlotIndex=1818
mission CityName=LOC_CITY_NAME_OTTAWA CompletionTurn=167 EscapeResult=-1 InitialResult=5 LevelAfter=2 LootInfo=-1 Name=LOC_CITIZEN_MAYA_FEMALE_8 Operation=58 PlotIndex=978
mission CityName=LOC_CITY_NAME_WINNIPEG CompletionTurn=166 EscapeResult=-1 InitialResult=5 LevelAfter=2 LootInfo=-1 Name=LOC_CITIZEN_MAYA_MODERN_MALE_10 Operation=58 PlotIndex=1742
mission CityName=LOC_CITY_NAME_HALIFAX CompletionTurn=166 EscapeResult=0 InitialResult=4 LevelAfter=2 LootInfo=-1 Name=LOC_CITIZEN_MAYA_FEMALE_4 Operation=58 PlotIndex=1409
mission CityName=LOC_CITY_NAME_QUEBEC_CITY CompletionTurn=165 EscapeResult=-1 InitialResult=3 LevelAfter=1 LootInfo=-1 Name=LOC_CITIZEN_MAYA_MALE_3 Operation=58 PlotIndex=1404
mission CityName=LOC_CITY_NAME_SAINT_JOHN CompletionTurn=164 EscapeResult=1 InitialResult=2 LevelAfter=1 LootInfo=-1 Name=LOC_CITIZEN_MAYA_MALE_6 Operation=58 PlotIndex=1991
mission CityName=LOC_CITY_NAME_OTTAWA CompletionTurn=163 EscapeResult=-1 InitialResult=5 LevelAfter=2 LootInfo=-1 Name=LOC_CITIZEN_MAYA_FEMALE_8 Operation=58 PlotIndex=978
mission CityName=LOC_CITY_NAME_WINNIPEG CompletionTurn=162 EscapeResult=-1 InitialResult=3 LevelAfter=1 LootInfo=-1 Name=LOC_CITIZEN_MAYA_MODERN_MALE_10 Operation=58 PlotIndex=1742
mission CityName=LOC_CITY_NAME_MONTREAL CompletionTurn=162 EscapeResult=0 InitialResult=2 LevelAfter=2 LootInfo=-1 Name=LOC_CITIZEN_MAYA_MODERN_FEMALE_3 Operation=58 PlotIndex=1314
mission CityName=LOC_CITY_NAME_SAINT_JOHN CompletionTurn=160 EscapeResult=-1 InitialResult=3 LevelAfter=1 LootInfo=-1 Name=LOC_CITIZEN_MAYA_MALE_6 Operation=58 PlotIndex=1991
mission CityName=LOC_CITY_NAME_TORONTO CompletionTurn=159 EscapeResult=2 InitialResult=2 LevelAfter=1 LootInfo=-1 Name=LOC_CITIZEN_MAYA_MODERN_FEMALE_5 Operation=58 PlotIndex=1818
mission CityName=LOC_CITY_NAME_HALIFAX CompletionTurn=159 EscapeResult=0 InitialResult=2 LevelAfter=2 LootInfo=-1 Name=LOC_CITIZEN_MAYA_MODERN_FEMALE_9 Operation=58 PlotIndex=1409
mission CityName=LOC_CITY_NAME_OTTAWA CompletionTurn=156 EscapeResult=-1 InitialResult=1 LevelAfter=1 LootInfo=-1 Name=LOC_CITIZEN_MAYA_MODERN_MALE_9 Operation=58 PlotIndex=978
mission CityName=LOC_CITY_NAME_QUEBEC_CITY CompletionTurn=156 EscapeResult=2 InitialResult=2 LevelAfter=2 LootInfo=-1 Name=LOC_CITIZEN_MAYA_MALE_8 Operation=58 PlotIndex=1404
mission CityName=LOC_CITY_NAME_SAINT_JOHN CompletionTurn=156 EscapeResult=-1 InitialResult=3 LevelAfter=1 LootInfo=-1 Name=LOC_CITIZEN_MAYA_MALE_6 Operation=58 PlotIndex=1991
mission CityName=LOC_CITY_NAME_HALIFAX CompletionTurn=154 EscapeResult=-1 InitialResult=5 LevelAfter=2 LootInfo=-1 Name=LOC_CITIZEN_MAYA_FEMALE_4 Operation=58 PlotIndex=1409
mission CityName=LOC_CITY_NAME_QUEBEC_CITY CompletionTurn=151 EscapeResult=-1 InitialResult=5 LevelAfter=2 LootInfo=-1 Name=LOC_CITIZEN_MAYA_MALE_8 Operation=58 PlotIndex=1404
mission CityName=LOC_CITY_NAME_MONTREAL CompletionTurn=150 EscapeResult=0 InitialResult=2 LevelAfter=2 LootInfo=-1 Name=LOC_CITIZEN_MAYA_MALE_1 Operation=58 PlotIndex=1314
mission CityName=LOC_CITY_NAME_OTTAWA CompletionTurn=148 EscapeResult=2 InitialResult=2 LevelAfter=2 LootInfo=-1 Name=LOC_CITIZEN_MAYA_MODERN_FEMALE_3 Operation=58 PlotIndex=978
mission CityName=LOC_CITY_NAME_TORONTO CompletionTurn=148 EscapeResult=0 InitialResult=2 LevelAfter=1 LootInfo=-1 Name=LOC_CITIZEN_MAYA_FEMALE_3 Operation=58 PlotIndex=1818
mission CityName=LOC_CITY_NAME_OTTAWA CompletionTurn=144 EscapeResult=-1 InitialResult=3 LevelAfter=1 LootInfo=-1 Name=LOC_CITIZEN_MAYA_MODERN_MALE_9 Operation=58 PlotIndex=978
mission CityName=LOC_CITY_NAME_QUEBEC_CITY CompletionTurn=142 EscapeResult=2 InitialResult=4 LevelAfter=2 LootInfo=-1 Name=LOC_CITIZEN_MAYA_MODERN_FEMALE_9 Operation=58 PlotIndex=1404
mission CityName=LOC_CITY_NAME_MONTREAL CompletionTurn=141 EscapeResult=0 InitialResult=2 LevelAfter=1 LootInfo=-1 Name=LOC_CITIZEN_MAYA_MODERN_MALE_1 Operation=58 PlotIndex=1314
mission CityName=LOC_CITY_NAME_TORONTO CompletionTurn=140 EscapeResult=-1 InitialResult=0 LevelAfter=1 LootInfo=-1 Name=LOC_CITIZEN_MAYA_MODERN_MALE_4 Operation=58 PlotIndex=1818
mission CityName=LOC_CITY_NAME_MONTREAL CompletionTurn=137 EscapeResult=-1 InitialResult=5 LevelAfter=2 LootInfo=-1 Name=LOC_CITIZEN_MAYA_MALE_1 Operation=58 PlotIndex=1314
mission CityName=LOC_CITY_NAME_OTTAWA CompletionTurn=134 EscapeResult=2 InitialResult=4 LevelAfter=2 LootInfo=-1 Name=LOC_CITIZEN_MAYA_MODERN_FEMALE_3 Operation=58 PlotIndex=978
tally 8  FOMENT_UNREST CAPTURED / NO_RESULT
tally 4  FOMENT_UNREST FAIL_MUST_ESCAPE / CAPTURED
tally 3  FOMENT_UNREST FAIL_MUST_ESCAPE / FAIL_MUST_ESCAPE
tally 5  FOMENT_UNREST FAIL_MUST_ESCAPE / KILLED
tally 9  FOMENT_UNREST FAIL_UNDETECTED / NO_RESULT
tally 1  FOMENT_UNREST KILLED / NO_RESULT
tally 1  FOMENT_UNREST SUCCESS_MUST_ESCAPE / CAPTURED
tally 7  FOMENT_UNREST SUCCESS_MUST_ESCAPE / FAIL_MUST_ESCAPE
tally 7  FOMENT_UNREST SUCCESS_MUST_ESCAPE / KILLED
tally 2  FOMENT_UNREST SUCCESS_MUST_ESCAPE / NO_RESULT
tally 18  FOMENT_UNREST SUCCESS_UNDETECTED / NO_RESULT
turn 211 spies active 2 idle 0 missions 65 captured-enemy 0
spy 9437212 LOC_CITIZEN_MAYA_MODERN_FEMALE_6 level 1 at 54:15 busy
spy 9044001 LOC_CITIZEN_MAYA_MODERN_MALE_8 level 1 at 54:11 busy
turn 212 spies 2 started 0 travelled 0 promoted 0 bought 0 gold 50000
unblock: blocker ENDTURN_BLOCKING_SPY_CHOOSE_ESCAPE_ROUTE -> escape route DISTRICT_COMMERCIAL_HUB of 2 for spy 9437212 LOC_CITIZEN_MAYA_MODERN_FEMALE_6 level 1 turn 212 | end turn requested
unstuck: InGamePopup: open, no close
unblock: blocker ENDTURN_BLOCKING_SPY_CHOOSE_ESCAPE_ROUTE -> escape route DISTRICT_CITY_CENTER of 2 for spy 9044001 LOC_CITIZEN_MAYA_MODERN_MALE_8 level 1 turn 212 | end turn requested
unstuck: InGamePopup: open, no close
mission CityName=LOC_CITY_NAME_HALIFAX CompletionTurn=208 EscapeResult=-1 InitialResult=1 LevelAfter=2 LootInfo=-1 Name=LOC_CITIZEN_MAYA_MODERN_MALE_10 Operation=58 PlotIndex=1409
mission CityName=LOC_CITY_NAME_MONTREAL CompletionTurn=205 EscapeResult=0 InitialResult=4 LevelAfter=2 LootInfo=-1 Name=LOC_CITIZEN_MAYA_MODERN_FEMALE_6 Operation=58 PlotIndex=1314
mission CityName=LOC_CITY_NAME_HALIFAX CompletionTurn=204 EscapeResult=-1 InitialResult=5 LevelAfter=2 LootInfo=-1 Name=LOC_CITIZEN_MAYA_MODERN_MALE_10 Operation=58 PlotIndex=1409
mission CityName=LOC_CITY_NAME_QUEBEC_CITY CompletionTurn=204 EscapeResult=2 InitialResult=4 LevelAfter=2 LootInfo=-1 Name=LOC_CITIZEN_MAYA_MODERN_FEMALE_4 Operation=58 PlotIndex=1404
mission CityName=LOC_CITY_NAME_OTTAWA CompletionTurn=200 EscapeResult=-1 InitialResult=4 LevelAfter=2 LootInfo=-1 Name=LOC_CITIZEN_MAYA_MODERN_MALE_8 Operation=58 PlotIndex=978
mission CityName=LOC_CITY_NAME_QUEBEC_CITY CompletionTurn=200 EscapeResult=-1 InitialResult=5 LevelAfter=2 LootInfo=-1 Name=LOC_CITIZEN_MAYA_MODERN_FEMALE_4 Operation=58 PlotIndex=1404
mission CityName=LOC_CITY_NAME_TORONTO CompletionTurn=197 EscapeResult=1 InitialResult=2 LevelAfter=2 LootInfo=-1 Name=LOC_CITIZEN_MAYA_MALE_8 Operation=58 PlotIndex=1818
mission CityName=LOC_CITY_NAME_MONTREAL CompletionTurn=195 EscapeResult=0 InitialResult=4 LevelAfter=2 LootInfo=-1 Name=LOC_CITIZEN_MAYA_MALE_6 Operation=58 PlotIndex=1314
mission CityName=LOC_CITY_NAME_BRANTFORD CompletionTurn=195 EscapeResult=-1 InitialResult=1 LevelAfter=1 LootInfo=-1 Name=LOC_CITIZEN_MAYA_MODERN_MALE_4 Operation=58 PlotIndex=473
mission CityName=LOC_CITY_NAME_QUEBEC_CITY CompletionTurn=192 EscapeResult=-1 InitialResult=1 LevelAfter=2 LootInfo=-1 Name=LOC_CITIZEN_MAYA_MALE_2 Operation=58 PlotIndex=1404
mission CityName=LOC_CITY_NAME_BRANTFORD CompletionTurn=191 EscapeResult=-1 InitialResult=3 LevelAfter=1 LootInfo=-1 Name=LOC_CITIZEN_MAYA_MODERN_MALE_4 Operation=58 PlotIndex=473
mission CityName=LOC_CITY_NAME_MONTREAL CompletionTurn=191 EscapeResult=-1 InitialResult=1 LevelAfter=2 LootInfo=-1 Name=LOC_CITIZEN_MAYA_MALE_4 Operation=58 PlotIndex=1314
mission CityName=LOC_CITY_NAME_SAINT_JOHN CompletionTurn=189 EscapeResult=2 InitialResult=4 LevelAfter=2 LootInfo=-1 Name=LOC_CITIZEN_MAYA_MODERN_FEMALE_4 Operation=58 PlotIndex=1991
mission CityName=LOC_CITY_NAME_QUEBEC_CITY CompletionTurn=188 EscapeResult=-1 InitialResult=5 LevelAfter=2 LootInfo=-1 Name=LOC_CITIZEN_MAYA_MALE_2 Operation=58 PlotIndex=1404
mission CityName=LOC_CITY_NAME_OTTAWA CompletionTurn=188 EscapeResult=0 InitialResult=4 LevelAfter=2 LootInfo=-1 Name=LOC_CITIZEN_MAYA_FEMALE_7 Operation=58 PlotIndex=978
mission CityName=LOC_CITY_NAME_TORONTO CompletionTurn=188 EscapeResult=2 InitialResult=4 LevelAfter=2 LootInfo=-1 Name=LOC_CITIZEN_MAYA_MALE_8 Operation=58 PlotIndex=1818
mission CityName=LOC_CITY_NAME_HALIFAX CompletionTurn=187 EscapeResult=0 InitialResult=4 LevelAfter=2 LootInfo=-1 Name=LOC_CITIZEN_MAYA_FEMALE_6 Operation=58 PlotIndex=1409
mission CityName=LOC_CITY_NAME_WINNIPEG CompletionTurn=187 EscapeResult=1 InitialResult=2 LevelAfter=1 LootInfo=-1 Name=LOC_CITIZEN_MAYA_FEMALE_1 Operation=58 PlotIndex=1742
mission CityName=LOC_CITY_NAME_SAINT_JOHN CompletionTurn=185 EscapeResult=-1 InitialResult=3 LevelAfter=2 LootInfo=-1 Name=LOC_CITIZEN_MAYA_MODERN_FEMALE_4 Operation=58 PlotIndex=1991
mission CityName=LOC_CITY_NAME_OTTAWA CompletionTurn=184 EscapeResult=-1 InitialResult=5 LevelAfter=2 LootInfo=-1 Name=LOC_CITIZEN_MAYA_FEMALE_7 Operation=58 PlotIndex=978
mission CityName=LOC_CITY_NAME_HALIFAX CompletionTurn=183 EscapeResult=-1 InitialResult=5 LevelAfter=2 LootInfo=-1 Name=LOC_CITIZEN_MAYA_FEMALE_6 Operation=58 PlotIndex=1409
mission CityName=LOC_CITY_NAME_SAINT_JOHN CompletionTurn=181 EscapeResult=-1 InitialResult=5 LevelAfter=2 LootInfo=-1 Name=LOC_CITIZEN_MAYA_MODERN_FEMALE_4 Operation=58 PlotIndex=1991
mission CityName=LOC_CITY_NAME_MONTREAL CompletionTurn=180 EscapeResult=0 InitialResult=4 LevelAfter=2 LootInfo=-1 Name=LOC_CITIZEN_MAYA_MODERN_FEMALE_5 Operation=58 PlotIndex=1314
mission CityName=LOC_CITY_NAME_TORONTO CompletionTurn=180 EscapeResult=2 InitialResult=4 LevelAfter=2 LootInfo=-1 Name=LOC_CITIZEN_MAYA_MALE_8 Operation=58 PlotIndex=1818
mission CityName=LOC_CITY_NAME_QUEBEC_CITY CompletionTurn=179 EscapeResult=2 InitialResult=4 LevelAfter=2 LootInfo=-1 Name=LOC_CITIZEN_MAYA_MALE_4 Operation=58 PlotIndex=1404
mission CityName=LOC_CITY_NAME_HALIFAX CompletionTurn=176 EscapeResult=0 InitialResult=4 LevelAfter=2 LootInfo=-1 Name=LOC_CITIZEN_MAYA_MALE_5 Operation=58 PlotIndex=1409
mission CityName=LOC_CITY_NAME_TORONTO CompletionTurn=176 EscapeResult=-1 InitialResult=5 LevelAfter=2 LootInfo=-1 Name=LOC_CITIZEN_MAYA_MALE_8 Operation=58 PlotIndex=1818
mission CityName=LOC_CITY_NAME_OTTAWA CompletionTurn=175 EscapeResult=1 InitialResult=2 LevelAfter=2 LootInfo=-1 Name=LOC_CITIZEN_MAYA_FEMALE_8 Operation=58 PlotIndex=978
mission CityName=LOC_CITY_NAME_MONTREAL CompletionTurn=175 EscapeResult=0 InitialResult=4 LevelAfter=2 LootInfo=-1 Name=LOC_CITIZEN_MAYA_MODERN_FEMALE_2 Operation=58 PlotIndex=1314
mission CityName=LOC_CITY_NAME_WINNIPEG CompletionTurn=174 EscapeResult=1 InitialResult=4 LevelAfter=2 LootInfo=-1 Name=LOC_CITIZEN_MAYA_MODERN_MALE_10 Operation=58 PlotIndex=1742
mission CityName=LOC_CITY_NAME_SAINT_JOHN CompletionTurn=173 EscapeResult=-1 InitialResult=1 LevelAfter=1 LootInfo=-1 Name=LOC_CITIZEN_MAYA_MODERN_FEMALE_1 Operation=58 PlotIndex=1991
mission CityName=LOC_CITY_NAME_QUEBEC_CITY CompletionTurn=173 EscapeResult=-1 InitialResult=1 LevelAfter=2 LootInfo=-1 Name=LOC_CITIZEN_MAYA_MALE_3 Operation=58 PlotIndex=1404
mission CityName=LOC_CITY_NAME_BRANTFORD CompletionTurn=172 EscapeResult=-1 InitialResult=1 LevelAfter=2 LootInfo=-1 Name=LOC_CITIZEN_MAYA_MODERN_FEMALE_7 Operation=58 PlotIndex=473
mission CityName=LOC_CITY_NAME_TORONTO CompletionTurn=172 EscapeResult=-1 InitialResult=5 LevelAfter=2 LootInfo=-1 Name=LOC_CITIZEN_MAYA_MALE_8 Operation=58 PlotIndex=1818
mission CityName=LOC_CITY_NAME_OTTAWA CompletionTurn=171 EscapeResult=-1 InitialResult=5 LevelAfter=2 LootInfo=-1 Name=LOC_CITIZEN_MAYA_FEMALE_8 Operation=58 PlotIndex=978
mission CityName=LOC_CITY_NAME_MONTREAL CompletionTurn=171 EscapeResult=-1 InitialResult=5 LevelAfter=2 LootInfo=-1 Name=LOC_CITIZEN_MAYA_MODERN_FEMALE_2 Operation=58 PlotIndex=1314
mission CityName=LOC_CITY_NAME_WINNIPEG CompletionTurn=170 EscapeResult=-1 InitialResult=3 LevelAfter=2 LootInfo=-1 Name=LOC_CITIZEN_MAYA_MODERN_MALE_10 Operation=58 PlotIndex=1742
mission CityName=LOC_CITY_NAME_QUEBEC_CITY CompletionTurn=169 EscapeResult=-1 InitialResult=5 LevelAfter=2 LootInfo=-1 Name=LOC_CITIZEN_MAYA_MALE_3 Operation=58 PlotIndex=1404
mission CityName=LOC_CITY_NAME_BRANTFORD CompletionTurn=168 EscapeResult=-1 InitialResult=5 LevelAfter=2 LootInfo=-1 Name=LOC_CITIZEN_MAYA_MODERN_FEMALE_7 Operation=58 PlotIndex=473
mission CityName=LOC_CITY_NAME_TORONTO CompletionTurn=168 EscapeResult=-1 InitialResult=3 LevelAfter=2 LootInfo=-1 Name=LOC_CITIZEN_MAYA_MALE_8 Operation=58 PlotIndex=1818
mission CityName=LOC_CITY_NAME_OTTAWA CompletionTurn=167 EscapeResult=-1 InitialResult=5 LevelAfter=2 LootInfo=-1 Name=LOC_CITIZEN_MAYA_FEMALE_8 Operation=58 PlotIndex=978
mission CityName=LOC_CITY_NAME_WINNIPEG CompletionTurn=166 EscapeResult=-1 InitialResult=5 LevelAfter=2 LootInfo=-1 Name=LOC_CITIZEN_MAYA_MODERN_MALE_10 Operation=58 PlotIndex=1742
mission CityName=LOC_CITY_NAME_HALIFAX CompletionTurn=166 EscapeResult=0 InitialResult=4 LevelAfter=2 LootInfo=-1 Name=LOC_CITIZEN_MAYA_FEMALE_4 Operation=58 PlotIndex=1409
mission CityName=LOC_CITY_NAME_QUEBEC_CITY CompletionTurn=165 EscapeResult=-1 InitialResult=3 LevelAfter=1 LootInfo=-1 Name=LOC_CITIZEN_MAYA_MALE_3 Operation=58 PlotIndex=1404
mission CityName=LOC_CITY_NAME_SAINT_JOHN CompletionTurn=164 EscapeResult=1 InitialResult=2 LevelAfter=1 LootInfo=-1 Name=LOC_CITIZEN_MAYA_MALE_6 Operation=58 PlotIndex=1991
mission CityName=LOC_CITY_NAME_OTTAWA CompletionTurn=163 EscapeResult=-1 InitialResult=5 LevelAfter=2 LootInfo=-1 Name=LOC_CITIZEN_MAYA_FEMALE_8 Operation=58 PlotIndex=978
mission CityName=LOC_CITY_NAME_WINNIPEG CompletionTurn=162 EscapeResult=-1 InitialResult=3 LevelAfter=1 LootInfo=-1 Name=LOC_CITIZEN_MAYA_MODERN_MALE_10 Operation=58 PlotIndex=1742
mission CityName=LOC_CITY_NAME_MONTREAL CompletionTurn=162 EscapeResult=0 InitialResult=2 LevelAfter=2 LootInfo=-1 Name=LOC_CITIZEN_MAYA_MODERN_FEMALE_3 Operation=58 PlotIndex=1314
mission CityName=LOC_CITY_NAME_SAINT_JOHN CompletionTurn=160 EscapeResult=-1 InitialResult=3 LevelAfter=1 LootInfo=-1 Name=LOC_CITIZEN_MAYA_MALE_6 Operation=58 PlotIndex=1991
mission CityName=LOC_CITY_NAME_TORONTO CompletionTurn=159 EscapeResult=2 InitialResult=2 LevelAfter=1 LootInfo=-1 Name=LOC_CITIZEN_MAYA_MODERN_FEMALE_5 Operation=58 PlotIndex=1818
mission CityName=LOC_CITY_NAME_HALIFAX CompletionTurn=159 EscapeResult=0 InitialResult=2 LevelAfter=2 LootInfo=-1 Name=LOC_CITIZEN_MAYA_MODERN_FEMALE_9 Operation=58 PlotIndex=1409
mission CityName=LOC_CITY_NAME_OTTAWA CompletionTurn=156 EscapeResult=-1 InitialResult=1 LevelAfter=1 LootInfo=-1 Name=LOC_CITIZEN_MAYA_MODERN_MALE_9 Operation=58 PlotIndex=978
mission CityName=LOC_CITY_NAME_QUEBEC_CITY CompletionTurn=156 EscapeResult=2 InitialResult=2 LevelAfter=2 LootInfo=-1 Name=LOC_CITIZEN_MAYA_MALE_8 Operation=58 PlotIndex=1404
mission CityName=LOC_CITY_NAME_SAINT_JOHN CompletionTurn=156 EscapeResult=-1 InitialResult=3 LevelAfter=1 LootInfo=-1 Name=LOC_CITIZEN_MAYA_MALE_6 Operation=58 PlotIndex=1991
mission CityName=LOC_CITY_NAME_HALIFAX CompletionTurn=154 EscapeResult=-1 InitialResult=5 LevelAfter=2 LootInfo=-1 Name=LOC_CITIZEN_MAYA_FEMALE_4 Operation=58 PlotIndex=1409
mission CityName=LOC_CITY_NAME_QUEBEC_CITY CompletionTurn=151 EscapeResult=-1 InitialResult=5 LevelAfter=2 LootInfo=-1 Name=LOC_CITIZEN_MAYA_MALE_8 Operation=58 PlotIndex=1404
mission CityName=LOC_CITY_NAME_MONTREAL CompletionTurn=150 EscapeResult=0 InitialResult=2 LevelAfter=2 LootInfo=-1 Name=LOC_CITIZEN_MAYA_MALE_1 Operation=58 PlotIndex=1314
mission CityName=LOC_CITY_NAME_OTTAWA CompletionTurn=148 EscapeResult=2 InitialResult=2 LevelAfter=2 LootInfo=-1 Name=LOC_CITIZEN_MAYA_MODERN_FEMALE_3 Operation=58 PlotIndex=978
mission CityName=LOC_CITY_NAME_TORONTO CompletionTurn=148 EscapeResult=0 InitialResult=2 LevelAfter=1 LootInfo=-1 Name=LOC_CITIZEN_MAYA_FEMALE_3 Operation=58 PlotIndex=1818
mission CityName=LOC_CITY_NAME_OTTAWA CompletionTurn=144 EscapeResult=-1 InitialResult=3 LevelAfter=1 LootInfo=-1 Name=LOC_CITIZEN_MAYA_MODERN_MALE_9 Operation=58 PlotIndex=978
mission CityName=LOC_CITY_NAME_QUEBEC_CITY CompletionTurn=142 EscapeResult=2 InitialResult=4 LevelAfter=2 LootInfo=-1 Name=LOC_CITIZEN_MAYA_MODERN_FEMALE_9 Operation=58 PlotIndex=1404
mission CityName=LOC_CITY_NAME_MONTREAL CompletionTurn=141 EscapeResult=0 InitialResult=2 LevelAfter=1 LootInfo=-1 Name=LOC_CITIZEN_MAYA_MODERN_MALE_1 Operation=58 PlotIndex=1314
mission CityName=LOC_CITY_NAME_TORONTO CompletionTurn=140 EscapeResult=-1 InitialResult=0 LevelAfter=1 LootInfo=-1 Name=LOC_CITIZEN_MAYA_MODERN_MALE_4 Operation=58 PlotIndex=1818
mission CityName=LOC_CITY_NAME_MONTREAL CompletionTurn=137 EscapeResult=-1 InitialResult=5 LevelAfter=2 LootInfo=-1 Name=LOC_CITIZEN_MAYA_MALE_1 Operation=58 PlotIndex=1314
mission CityName=LOC_CITY_NAME_OTTAWA CompletionTurn=134 EscapeResult=2 InitialResult=4 LevelAfter=2 LootInfo=-1 Name=LOC_CITIZEN_MAYA_MODERN_FEMALE_3 Operation=58 PlotIndex=978
tally 8  FOMENT_UNREST CAPTURED / NO_RESULT
tally 4  FOMENT_UNREST FAIL_MUST_ESCAPE / CAPTURED
tally 3  FOMENT_UNREST FAIL_MUST_ESCAPE / FAIL_MUST_ESCAPE
tally 5  FOMENT_UNREST FAIL_MUST_ESCAPE / KILLED
tally 9  FOMENT_UNREST FAIL_UNDETECTED / NO_RESULT
tally 1  FOMENT_UNREST KILLED / NO_RESULT
tally 1  FOMENT_UNREST SUCCESS_MUST_ESCAPE / CAPTURED
tally 7  FOMENT_UNREST SUCCESS_MUST_ESCAPE / FAIL_MUST_ESCAPE
tally 8  FOMENT_UNREST SUCCESS_MUST_ESCAPE / KILLED
tally 1  FOMENT_UNREST SUCCESS_MUST_ESCAPE / NO_RESULT
tally 18  FOMENT_UNREST SUCCESS_UNDETECTED / NO_RESULT
turn 213 spies active 1 idle 0 missions 65 captured-enemy 0
spy 9044001 LOC_CITIZEN_MAYA_MODERN_MALE_8 level 1 at 54:11 busy
turn 213 spies 1 started 0 travelled 0 promoted 0 bought 1 gold 50000
unblock: blocker ENDTURN_BLOCKING_SPY_CHOOSE_ESCAPE_ROUTE -> escape route DISTRICT_CITY_CENTER of 2 for spy 9044001 LOC_CITIZEN_MAYA_MODERN_MALE_8 level 1 turn 213 | end turn requested
unstuck: InGamePopup: open, no close
unblock: blocker ENDTURN_BLOCKING_PRODUCTION -> NARANJO builds UNIT_WARRIOR | end turn requested
unstuck: InGamePopup: open, no close
mission CityName=LOC_CITY_NAME_HALIFAX CompletionTurn=208 EscapeResult=-1 InitialResult=1 LevelAfter=2 LootInfo=-1 Name=LOC_CITIZEN_MAYA_MODERN_MALE_10 Operation=58 PlotIndex=1409
mission CityName=LOC_CITY_NAME_MONTREAL CompletionTurn=205 EscapeResult=0 InitialResult=4 LevelAfter=2 LootInfo=-1 Name=LOC_CITIZEN_MAYA_MODERN_FEMALE_6 Operation=58 PlotIndex=1314
mission CityName=LOC_CITY_NAME_HALIFAX CompletionTurn=204 EscapeResult=-1 InitialResult=5 LevelAfter=2 LootInfo=-1 Name=LOC_CITIZEN_MAYA_MODERN_MALE_10 Operation=58 PlotIndex=1409
mission CityName=LOC_CITY_NAME_QUEBEC_CITY CompletionTurn=204 EscapeResult=2 InitialResult=4 LevelAfter=2 LootInfo=-1 Name=LOC_CITIZEN_MAYA_MODERN_FEMALE_4 Operation=58 PlotIndex=1404
mission CityName=LOC_CITY_NAME_OTTAWA CompletionTurn=200 EscapeResult=2 InitialResult=4 LevelAfter=2 LootInfo=-1 Name=LOC_CITIZEN_MAYA_MODERN_MALE_8 Operation=58 PlotIndex=978
mission CityName=LOC_CITY_NAME_QUEBEC_CITY CompletionTurn=200 EscapeResult=-1 InitialResult=5 LevelAfter=2 LootInfo=-1 Name=LOC_CITIZEN_MAYA_MODERN_FEMALE_4 Operation=58 PlotIndex=1404
mission CityName=LOC_CITY_NAME_TORONTO CompletionTurn=197 EscapeResult=1 InitialResult=2 LevelAfter=2 LootInfo=-1 Name=LOC_CITIZEN_MAYA_MALE_8 Operation=58 PlotIndex=1818
mission CityName=LOC_CITY_NAME_MONTREAL CompletionTurn=195 EscapeResult=0 InitialResult=4 LevelAfter=2 LootInfo=-1 Name=LOC_CITIZEN_MAYA_MALE_6 Operation=58 PlotIndex=1314
mission CityName=LOC_CITY_NAME_BRANTFORD CompletionTurn=195 EscapeResult=-1 InitialResult=1 LevelAfter=1 LootInfo=-1 Name=LOC_CITIZEN_MAYA_MODERN_MALE_4 Operation=58 PlotIndex=473
mission CityName=LOC_CITY_NAME_QUEBEC_CITY CompletionTurn=192 EscapeResult=-1 InitialResult=1 LevelAfter=2 LootInfo=-1 Name=LOC_CITIZEN_MAYA_MALE_2 Operation=58 PlotIndex=1404
mission CityName=LOC_CITY_NAME_BRANTFORD CompletionTurn=191 EscapeResult=-1 InitialResult=3 LevelAfter=1 LootInfo=-1 Name=LOC_CITIZEN_MAYA_MODERN_MALE_4 Operation=58 PlotIndex=473
mission CityName=LOC_CITY_NAME_MONTREAL CompletionTurn=191 EscapeResult=-1 InitialResult=1 LevelAfter=2 LootInfo=-1 Name=LOC_CITIZEN_MAYA_MALE_4 Operation=58 PlotIndex=1314
mission CityName=LOC_CITY_NAME_SAINT_JOHN CompletionTurn=189 EscapeResult=2 InitialResult=4 LevelAfter=2 LootInfo=-1 Name=LOC_CITIZEN_MAYA_MODERN_FEMALE_4 Operation=58 PlotIndex=1991
mission CityName=LOC_CITY_NAME_QUEBEC_CITY CompletionTurn=188 EscapeResult=-1 InitialResult=5 LevelAfter=2 LootInfo=-1 Name=LOC_CITIZEN_MAYA_MALE_2 Operation=58 PlotIndex=1404
mission CityName=LOC_CITY_NAME_OTTAWA CompletionTurn=188 EscapeResult=0 InitialResult=4 LevelAfter=2 LootInfo=-1 Name=LOC_CITIZEN_MAYA_FEMALE_7 Operation=58 PlotIndex=978
mission CityName=LOC_CITY_NAME_TORONTO CompletionTurn=188 EscapeResult=2 InitialResult=4 LevelAfter=2 LootInfo=-1 Name=LOC_CITIZEN_MAYA_MALE_8 Operation=58 PlotIndex=1818
mission CityName=LOC_CITY_NAME_HALIFAX CompletionTurn=187 EscapeResult=0 InitialResult=4 LevelAfter=2 LootInfo=-1 Name=LOC_CITIZEN_MAYA_FEMALE_6 Operation=58 PlotIndex=1409
mission CityName=LOC_CITY_NAME_WINNIPEG CompletionTurn=187 EscapeResult=1 InitialResult=2 LevelAfter=1 LootInfo=-1 Name=LOC_CITIZEN_MAYA_FEMALE_1 Operation=58 PlotIndex=1742
mission CityName=LOC_CITY_NAME_SAINT_JOHN CompletionTurn=185 EscapeResult=-1 InitialResult=3 LevelAfter=2 LootInfo=-1 Name=LOC_CITIZEN_MAYA_MODERN_FEMALE_4 Operation=58 PlotIndex=1991
mission CityName=LOC_CITY_NAME_OTTAWA CompletionTurn=184 EscapeResult=-1 InitialResult=5 LevelAfter=2 LootInfo=-1 Name=LOC_CITIZEN_MAYA_FEMALE_7 Operation=58 PlotIndex=978
mission CityName=LOC_CITY_NAME_HALIFAX CompletionTurn=183 EscapeResult=-1 InitialResult=5 LevelAfter=2 LootInfo=-1 Name=LOC_CITIZEN_MAYA_FEMALE_6 Operation=58 PlotIndex=1409
mission CityName=LOC_CITY_NAME_SAINT_JOHN CompletionTurn=181 EscapeResult=-1 InitialResult=5 LevelAfter=2 LootInfo=-1 Name=LOC_CITIZEN_MAYA_MODERN_FEMALE_4 Operation=58 PlotIndex=1991
mission CityName=LOC_CITY_NAME_MONTREAL CompletionTurn=180 EscapeResult=0 InitialResult=4 LevelAfter=2 LootInfo=-1 Name=LOC_CITIZEN_MAYA_MODERN_FEMALE_5 Operation=58 PlotIndex=1314
mission CityName=LOC_CITY_NAME_TORONTO CompletionTurn=180 EscapeResult=2 InitialResult=4 LevelAfter=2 LootInfo=-1 Name=LOC_CITIZEN_MAYA_MALE_8 Operation=58 PlotIndex=1818
mission CityName=LOC_CITY_NAME_QUEBEC_CITY CompletionTurn=179 EscapeResult=2 InitialResult=4 LevelAfter=2 LootInfo=-1 Name=LOC_CITIZEN_MAYA_MALE_4 Operation=58 PlotIndex=1404
mission CityName=LOC_CITY_NAME_HALIFAX CompletionTurn=176 EscapeResult=0 InitialResult=4 LevelAfter=2 LootInfo=-1 Name=LOC_CITIZEN_MAYA_MALE_5 Operation=58 PlotIndex=1409
mission CityName=LOC_CITY_NAME_TORONTO CompletionTurn=176 EscapeResult=-1 InitialResult=5 LevelAfter=2 LootInfo=-1 Name=LOC_CITIZEN_MAYA_MALE_8 Operation=58 PlotIndex=1818
mission CityName=LOC_CITY_NAME_OTTAWA CompletionTurn=175 EscapeResult=1 InitialResult=2 LevelAfter=2 LootInfo=-1 Name=LOC_CITIZEN_MAYA_FEMALE_8 Operation=58 PlotIndex=978
mission CityName=LOC_CITY_NAME_MONTREAL CompletionTurn=175 EscapeResult=0 InitialResult=4 LevelAfter=2 LootInfo=-1 Name=LOC_CITIZEN_MAYA_MODERN_FEMALE_2 Operation=58 PlotIndex=1314
mission CityName=LOC_CITY_NAME_WINNIPEG CompletionTurn=174 EscapeResult=1 InitialResult=4 LevelAfter=2 LootInfo=-1 Name=LOC_CITIZEN_MAYA_MODERN_MALE_10 Operation=58 PlotIndex=1742
mission CityName=LOC_CITY_NAME_SAINT_JOHN CompletionTurn=173 EscapeResult=-1 InitialResult=1 LevelAfter=1 LootInfo=-1 Name=LOC_CITIZEN_MAYA_MODERN_FEMALE_1 Operation=58 PlotIndex=1991
mission CityName=LOC_CITY_NAME_QUEBEC_CITY CompletionTurn=173 EscapeResult=-1 InitialResult=1 LevelAfter=2 LootInfo=-1 Name=LOC_CITIZEN_MAYA_MALE_3 Operation=58 PlotIndex=1404
mission CityName=LOC_CITY_NAME_BRANTFORD CompletionTurn=172 EscapeResult=-1 InitialResult=1 LevelAfter=2 LootInfo=-1 Name=LOC_CITIZEN_MAYA_MODERN_FEMALE_7 Operation=58 PlotIndex=473
mission CityName=LOC_CITY_NAME_TORONTO CompletionTurn=172 EscapeResult=-1 InitialResult=5 LevelAfter=2 LootInfo=-1 Name=LOC_CITIZEN_MAYA_MALE_8 Operation=58 PlotIndex=1818
mission CityName=LOC_CITY_NAME_OTTAWA CompletionTurn=171 EscapeResult=-1 InitialResult=5 LevelAfter=2 LootInfo=-1 Name=LOC_CITIZEN_MAYA_FEMALE_8 Operation=58 PlotIndex=978
mission CityName=LOC_CITY_NAME_MONTREAL CompletionTurn=171 EscapeResult=-1 InitialResult=5 LevelAfter=2 LootInfo=-1 Name=LOC_CITIZEN_MAYA_MODERN_FEMALE_2 Operation=58 PlotIndex=1314
mission CityName=LOC_CITY_NAME_WINNIPEG CompletionTurn=170 EscapeResult=-1 InitialResult=3 LevelAfter=2 LootInfo=-1 Name=LOC_CITIZEN_MAYA_MODERN_MALE_10 Operation=58 PlotIndex=1742
mission CityName=LOC_CITY_NAME_QUEBEC_CITY CompletionTurn=169 EscapeResult=-1 InitialResult=5 LevelAfter=2 LootInfo=-1 Name=LOC_CITIZEN_MAYA_MALE_3 Operation=58 PlotIndex=1404
mission CityName=LOC_CITY_NAME_BRANTFORD CompletionTurn=168 EscapeResult=-1 InitialResult=5 LevelAfter=2 LootInfo=-1 Name=LOC_CITIZEN_MAYA_MODERN_FEMALE_7 Operation=58 PlotIndex=473
mission CityName=LOC_CITY_NAME_TORONTO CompletionTurn=168 EscapeResult=-1 InitialResult=3 LevelAfter=2 LootInfo=-1 Name=LOC_CITIZEN_MAYA_MALE_8 Operation=58 PlotIndex=1818
mission CityName=LOC_CITY_NAME_OTTAWA CompletionTurn=167 EscapeResult=-1 InitialResult=5 LevelAfter=2 LootInfo=-1 Name=LOC_CITIZEN_MAYA_FEMALE_8 Operation=58 PlotIndex=978
mission CityName=LOC_CITY_NAME_WINNIPEG CompletionTurn=166 EscapeResult=-1 InitialResult=5 LevelAfter=2 LootInfo=-1 Name=LOC_CITIZEN_MAYA_MODERN_MALE_10 Operation=58 PlotIndex=1742
mission CityName=LOC_CITY_NAME_HALIFAX CompletionTurn=166 EscapeResult=0 InitialResult=4 LevelAfter=2 LootInfo=-1 Name=LOC_CITIZEN_MAYA_FEMALE_4 Operation=58 PlotIndex=1409
mission CityName=LOC_CITY_NAME_QUEBEC_CITY CompletionTurn=165 EscapeResult=-1 InitialResult=3 LevelAfter=1 LootInfo=-1 Name=LOC_CITIZEN_MAYA_MALE_3 Operation=58 PlotIndex=1404
mission CityName=LOC_CITY_NAME_SAINT_JOHN CompletionTurn=164 EscapeResult=1 InitialResult=2 LevelAfter=1 LootInfo=-1 Name=LOC_CITIZEN_MAYA_MALE_6 Operation=58 PlotIndex=1991
mission CityName=LOC_CITY_NAME_OTTAWA CompletionTurn=163 EscapeResult=-1 InitialResult=5 LevelAfter=2 LootInfo=-1 Name=LOC_CITIZEN_MAYA_FEMALE_8 Operation=58 PlotIndex=978
mission CityName=LOC_CITY_NAME_WINNIPEG CompletionTurn=162 EscapeResult=-1 InitialResult=3 LevelAfter=1 LootInfo=-1 Name=LOC_CITIZEN_MAYA_MODERN_MALE_10 Operation=58 PlotIndex=1742
mission CityName=LOC_CITY_NAME_MONTREAL CompletionTurn=162 EscapeResult=0 InitialResult=2 LevelAfter=2 LootInfo=-1 Name=LOC_CITIZEN_MAYA_MODERN_FEMALE_3 Operation=58 PlotIndex=1314
mission CityName=LOC_CITY_NAME_SAINT_JOHN CompletionTurn=160 EscapeResult=-1 InitialResult=3 LevelAfter=1 LootInfo=-1 Name=LOC_CITIZEN_MAYA_MALE_6 Operation=58 PlotIndex=1991
mission CityName=LOC_CITY_NAME_TORONTO CompletionTurn=159 EscapeResult=2 InitialResult=2 LevelAfter=1 LootInfo=-1 Name=LOC_CITIZEN_MAYA_MODERN_FEMALE_5 Operation=58 PlotIndex=1818
mission CityName=LOC_CITY_NAME_HALIFAX CompletionTurn=159 EscapeResult=0 InitialResult=2 LevelAfter=2 LootInfo=-1 Name=LOC_CITIZEN_MAYA_MODERN_FEMALE_9 Operation=58 PlotIndex=1409
mission CityName=LOC_CITY_NAME_OTTAWA CompletionTurn=156 EscapeResult=-1 InitialResult=1 LevelAfter=1 LootInfo=-1 Name=LOC_CITIZEN_MAYA_MODERN_MALE_9 Operation=58 PlotIndex=978
mission CityName=LOC_CITY_NAME_QUEBEC_CITY CompletionTurn=156 EscapeResult=2 InitialResult=2 LevelAfter=2 LootInfo=-1 Name=LOC_CITIZEN_MAYA_MALE_8 Operation=58 PlotIndex=1404
mission CityName=LOC_CITY_NAME_SAINT_JOHN CompletionTurn=156 EscapeResult=-1 InitialResult=3 LevelAfter=1 LootInfo=-1 Name=LOC_CITIZEN_MAYA_MALE_6 Operation=58 PlotIndex=1991
mission CityName=LOC_CITY_NAME_HALIFAX CompletionTurn=154 EscapeResult=-1 InitialResult=5 LevelAfter=2 LootInfo=-1 Name=LOC_CITIZEN_MAYA_FEMALE_4 Operation=58 PlotIndex=1409
mission CityName=LOC_CITY_NAME_QUEBEC_CITY CompletionTurn=151 EscapeResult=-1 InitialResult=5 LevelAfter=2 LootInfo=-1 Name=LOC_CITIZEN_MAYA_MALE_8 Operation=58 PlotIndex=1404
mission CityName=LOC_CITY_NAME_MONTREAL CompletionTurn=150 EscapeResult=0 InitialResult=2 LevelAfter=2 LootInfo=-1 Name=LOC_CITIZEN_MAYA_MALE_1 Operation=58 PlotIndex=1314
mission CityName=LOC_CITY_NAME_OTTAWA CompletionTurn=148 EscapeResult=2 InitialResult=2 LevelAfter=2 LootInfo=-1 Name=LOC_CITIZEN_MAYA_MODERN_FEMALE_3 Operation=58 PlotIndex=978
mission CityName=LOC_CITY_NAME_TORONTO CompletionTurn=148 EscapeResult=0 InitialResult=2 LevelAfter=1 LootInfo=-1 Name=LOC_CITIZEN_MAYA_FEMALE_3 Operation=58 PlotIndex=1818
mission CityName=LOC_CITY_NAME_OTTAWA CompletionTurn=144 EscapeResult=-1 InitialResult=3 LevelAfter=1 LootInfo=-1 Name=LOC_CITIZEN_MAYA_MODERN_MALE_9 Operation=58 PlotIndex=978
mission CityName=LOC_CITY_NAME_QUEBEC_CITY CompletionTurn=142 EscapeResult=2 InitialResult=4 LevelAfter=2 LootInfo=-1 Name=LOC_CITIZEN_MAYA_MODERN_FEMALE_9 Operation=58 PlotIndex=1404
mission CityName=LOC_CITY_NAME_MONTREAL CompletionTurn=141 EscapeResult=0 InitialResult=2 LevelAfter=1 LootInfo=-1 Name=LOC_CITIZEN_MAYA_MODERN_MALE_1 Operation=58 PlotIndex=1314
mission CityName=LOC_CITY_NAME_TORONTO CompletionTurn=140 EscapeResult=-1 InitialResult=0 LevelAfter=1 LootInfo=-1 Name=LOC_CITIZEN_MAYA_MODERN_MALE_4 Operation=58 PlotIndex=1818
mission CityName=LOC_CITY_NAME_MONTREAL CompletionTurn=137 EscapeResult=-1 InitialResult=5 LevelAfter=2 LootInfo=-1 Name=LOC_CITIZEN_MAYA_MALE_1 Operation=58 PlotIndex=1314
mission CityName=LOC_CITY_NAME_OTTAWA CompletionTurn=134 EscapeResult=2 InitialResult=4 LevelAfter=2 LootInfo=-1 Name=LOC_CITIZEN_MAYA_MODERN_FEMALE_3 Operation=58 PlotIndex=978
tally 8  FOMENT_UNREST CAPTURED / NO_RESULT
tally 4  FOMENT_UNREST FAIL_MUST_ESCAPE / CAPTURED
tally 3  FOMENT_UNREST FAIL_MUST_ESCAPE / FAIL_MUST_ESCAPE
tally 5  FOMENT_UNREST FAIL_MUST_ESCAPE / KILLED
tally 9  FOMENT_UNREST FAIL_UNDETECTED / NO_RESULT
tally 1  FOMENT_UNREST KILLED / NO_RESULT
tally 1  FOMENT_UNREST SUCCESS_MUST_ESCAPE / CAPTURED
tally 8  FOMENT_UNREST SUCCESS_MUST_ESCAPE / FAIL_MUST_ESCAPE
tally 8  FOMENT_UNREST SUCCESS_MUST_ESCAPE / KILLED
tally 18  FOMENT_UNREST SUCCESS_UNDETECTED / NO_RESULT
turn 214 spies active 0 idle 1 missions 65 captured-enemy 0
spy 9568284 LOC_CITIZEN_MAYA_FEMALE_5 level 1 at 36:42 travel
turn 214 spies 1 started 0 travelled 1 promoted 0 bought 0 gold 50000
unblock: blocker ENDTURN_BLOCKING_PRODUCTION -> NARANJO builds UNIT_WARRIOR | end turn requested
unstuck: InGamePopup: open, no close
unblock: blocker ENDTURN_BLOCKING_FILL_CIVIC_SLOT -> nothing | end turn requested
unstuck: closed sessions [2:2]
unstuck: DiplomacyActionView: Closing Diplomacy Action View. m_eventID: 1356224
unstuck: InGamePopup: open, no close
unblock: blocker ENDTURN_BLOCKING_FILL_CIVIC_SLOT -> nothing | end turn requested
unstuck: InGamePopup: open, no close
mission CityName=LOC_CITY_NAME_HALIFAX CompletionTurn=208 EscapeResult=-1 InitialResult=1 LevelAfter=2 LootInfo=-1 Name=LOC_CITIZEN_MAYA_MODERN_MALE_10 Operation=58 PlotIndex=1409
mission CityName=LOC_CITY_NAME_MONTREAL CompletionTurn=205 EscapeResult=0 InitialResult=4 LevelAfter=2 LootInfo=-1 Name=LOC_CITIZEN_MAYA_MODERN_FEMALE_6 Operation=58 PlotIndex=1314
mission CityName=LOC_CITY_NAME_HALIFAX CompletionTurn=204 EscapeResult=-1 InitialResult=5 LevelAfter=2 LootInfo=-1 Name=LOC_CITIZEN_MAYA_MODERN_MALE_10 Operation=58 PlotIndex=1409
mission CityName=LOC_CITY_NAME_QUEBEC_CITY CompletionTurn=204 EscapeResult=2 InitialResult=4 LevelAfter=2 LootInfo=-1 Name=LOC_CITIZEN_MAYA_MODERN_FEMALE_4 Operation=58 PlotIndex=1404
mission CityName=LOC_CITY_NAME_OTTAWA CompletionTurn=200 EscapeResult=2 InitialResult=4 LevelAfter=2 LootInfo=-1 Name=LOC_CITIZEN_MAYA_MODERN_MALE_8 Operation=58 PlotIndex=978
mission CityName=LOC_CITY_NAME_QUEBEC_CITY CompletionTurn=200 EscapeResult=-1 InitialResult=5 LevelAfter=2 LootInfo=-1 Name=LOC_CITIZEN_MAYA_MODERN_FEMALE_4 Operation=58 PlotIndex=1404
mission CityName=LOC_CITY_NAME_TORONTO CompletionTurn=197 EscapeResult=1 InitialResult=2 LevelAfter=2 LootInfo=-1 Name=LOC_CITIZEN_MAYA_MALE_8 Operation=58 PlotIndex=1818
mission CityName=LOC_CITY_NAME_MONTREAL CompletionTurn=195 EscapeResult=0 InitialResult=4 LevelAfter=2 LootInfo=-1 Name=LOC_CITIZEN_MAYA_MALE_6 Operation=58 PlotIndex=1314
mission CityName=LOC_CITY_NAME_BRANTFORD CompletionTurn=195 EscapeResult=-1 InitialResult=1 LevelAfter=1 LootInfo=-1 Name=LOC_CITIZEN_MAYA_MODERN_MALE_4 Operation=58 PlotIndex=473
mission CityName=LOC_CITY_NAME_QUEBEC_CITY CompletionTurn=192 EscapeResult=-1 InitialResult=1 LevelAfter=2 LootInfo=-1 Name=LOC_CITIZEN_MAYA_MALE_2 Operation=58 PlotIndex=1404
mission CityName=LOC_CITY_NAME_BRANTFORD CompletionTurn=191 EscapeResult=-1 InitialResult=3 LevelAfter=1 LootInfo=-1 Name=LOC_CITIZEN_MAYA_MODERN_MALE_4 Operation=58 PlotIndex=473
mission CityName=LOC_CITY_NAME_MONTREAL CompletionTurn=191 EscapeResult=-1 InitialResult=1 LevelAfter=2 LootInfo=-1 Name=LOC_CITIZEN_MAYA_MALE_4 Operation=58 PlotIndex=1314
mission CityName=LOC_CITY_NAME_SAINT_JOHN CompletionTurn=189 EscapeResult=2 InitialResult=4 LevelAfter=2 LootInfo=-1 Name=LOC_CITIZEN_MAYA_MODERN_FEMALE_4 Operation=58 PlotIndex=1991
mission CityName=LOC_CITY_NAME_QUEBEC_CITY CompletionTurn=188 EscapeResult=-1 InitialResult=5 LevelAfter=2 LootInfo=-1 Name=LOC_CITIZEN_MAYA_MALE_2 Operation=58 PlotIndex=1404
mission CityName=LOC_CITY_NAME_OTTAWA CompletionTurn=188 EscapeResult=0 InitialResult=4 LevelAfter=2 LootInfo=-1 Name=LOC_CITIZEN_MAYA_FEMALE_7 Operation=58 PlotIndex=978
mission CityName=LOC_CITY_NAME_TORONTO CompletionTurn=188 EscapeResult=2 InitialResult=4 LevelAfter=2 LootInfo=-1 Name=LOC_CITIZEN_MAYA_MALE_8 Operation=58 PlotIndex=1818
mission CityName=LOC_CITY_NAME_HALIFAX CompletionTurn=187 EscapeResult=0 InitialResult=4 LevelAfter=2 LootInfo=-1 Name=LOC_CITIZEN_MAYA_FEMALE_6 Operation=58 PlotIndex=1409
mission CityName=LOC_CITY_NAME_WINNIPEG CompletionTurn=187 EscapeResult=1 InitialResult=2 LevelAfter=1 LootInfo=-1 Name=LOC_CITIZEN_MAYA_FEMALE_1 Operation=58 PlotIndex=1742
mission CityName=LOC_CITY_NAME_SAINT_JOHN CompletionTurn=185 EscapeResult=-1 InitialResult=3 LevelAfter=2 LootInfo=-1 Name=LOC_CITIZEN_MAYA_MODERN_FEMALE_4 Operation=58 PlotIndex=1991
mission CityName=LOC_CITY_NAME_OTTAWA CompletionTurn=184 EscapeResult=-1 InitialResult=5 LevelAfter=2 LootInfo=-1 Name=LOC_CITIZEN_MAYA_FEMALE_7 Operation=58 PlotIndex=978
mission CityName=LOC_CITY_NAME_HALIFAX CompletionTurn=183 EscapeResult=-1 InitialResult=5 LevelAfter=2 LootInfo=-1 Name=LOC_CITIZEN_MAYA_FEMALE_6 Operation=58 PlotIndex=1409
mission CityName=LOC_CITY_NAME_SAINT_JOHN CompletionTurn=181 EscapeResult=-1 InitialResult=5 LevelAfter=2 LootInfo=-1 Name=LOC_CITIZEN_MAYA_MODERN_FEMALE_4 Operation=58 PlotIndex=1991
mission CityName=LOC_CITY_NAME_MONTREAL CompletionTurn=180 EscapeResult=0 InitialResult=4 LevelAfter=2 LootInfo=-1 Name=LOC_CITIZEN_MAYA_MODERN_FEMALE_5 Operation=58 PlotIndex=1314
mission CityName=LOC_CITY_NAME_TORONTO CompletionTurn=180 EscapeResult=2 InitialResult=4 LevelAfter=2 LootInfo=-1 Name=LOC_CITIZEN_MAYA_MALE_8 Operation=58 PlotIndex=1818
mission CityName=LOC_CITY_NAME_QUEBEC_CITY CompletionTurn=179 EscapeResult=2 InitialResult=4 LevelAfter=2 LootInfo=-1 Name=LOC_CITIZEN_MAYA_MALE_4 Operation=58 PlotIndex=1404
mission CityName=LOC_CITY_NAME_HALIFAX CompletionTurn=176 EscapeResult=0 InitialResult=4 LevelAfter=2 LootInfo=-1 Name=LOC_CITIZEN_MAYA_MALE_5 Operation=58 PlotIndex=1409
mission CityName=LOC_CITY_NAME_TORONTO CompletionTurn=176 EscapeResult=-1 InitialResult=5 LevelAfter=2 LootInfo=-1 Name=LOC_CITIZEN_MAYA_MALE_8 Operation=58 PlotIndex=1818
mission CityName=LOC_CITY_NAME_OTTAWA CompletionTurn=175 EscapeResult=1 InitialResult=2 LevelAfter=2 LootInfo=-1 Name=LOC_CITIZEN_MAYA_FEMALE_8 Operation=58 PlotIndex=978
mission CityName=LOC_CITY_NAME_MONTREAL CompletionTurn=175 EscapeResult=0 InitialResult=4 LevelAfter=2 LootInfo=-1 Name=LOC_CITIZEN_MAYA_MODERN_FEMALE_2 Operation=58 PlotIndex=1314
mission CityName=LOC_CITY_NAME_WINNIPEG CompletionTurn=174 EscapeResult=1 InitialResult=4 LevelAfter=2 LootInfo=-1 Name=LOC_CITIZEN_MAYA_MODERN_MALE_10 Operation=58 PlotIndex=1742
mission CityName=LOC_CITY_NAME_SAINT_JOHN CompletionTurn=173 EscapeResult=-1 InitialResult=1 LevelAfter=1 LootInfo=-1 Name=LOC_CITIZEN_MAYA_MODERN_FEMALE_1 Operation=58 PlotIndex=1991
mission CityName=LOC_CITY_NAME_QUEBEC_CITY CompletionTurn=173 EscapeResult=-1 InitialResult=1 LevelAfter=2 LootInfo=-1 Name=LOC_CITIZEN_MAYA_MALE_3 Operation=58 PlotIndex=1404
mission CityName=LOC_CITY_NAME_BRANTFORD CompletionTurn=172 EscapeResult=-1 InitialResult=1 LevelAfter=2 LootInfo=-1 Name=LOC_CITIZEN_MAYA_MODERN_FEMALE_7 Operation=58 PlotIndex=473
mission CityName=LOC_CITY_NAME_TORONTO CompletionTurn=172 EscapeResult=-1 InitialResult=5 LevelAfter=2 LootInfo=-1 Name=LOC_CITIZEN_MAYA_MALE_8 Operation=58 PlotIndex=1818
mission CityName=LOC_CITY_NAME_OTTAWA CompletionTurn=171 EscapeResult=-1 InitialResult=5 LevelAfter=2 LootInfo=-1 Name=LOC_CITIZEN_MAYA_FEMALE_8 Operation=58 PlotIndex=978
mission CityName=LOC_CITY_NAME_MONTREAL CompletionTurn=171 EscapeResult=-1 InitialResult=5 LevelAfter=2 LootInfo=-1 Name=LOC_CITIZEN_MAYA_MODERN_FEMALE_2 Operation=58 PlotIndex=1314
mission CityName=LOC_CITY_NAME_WINNIPEG CompletionTurn=170 EscapeResult=-1 InitialResult=3 LevelAfter=2 LootInfo=-1 Name=LOC_CITIZEN_MAYA_MODERN_MALE_10 Operation=58 PlotIndex=1742
mission CityName=LOC_CITY_NAME_QUEBEC_CITY CompletionTurn=169 EscapeResult=-1 InitialResult=5 LevelAfter=2 LootInfo=-1 Name=LOC_CITIZEN_MAYA_MALE_3 Operation=58 PlotIndex=1404
mission CityName=LOC_CITY_NAME_BRANTFORD CompletionTurn=168 EscapeResult=-1 InitialResult=5 LevelAfter=2 LootInfo=-1 Name=LOC_CITIZEN_MAYA_MODERN_FEMALE_7 Operation=58 PlotIndex=473
mission CityName=LOC_CITY_NAME_TORONTO CompletionTurn=168 EscapeResult=-1 InitialResult=3 LevelAfter=2 LootInfo=-1 Name=LOC_CITIZEN_MAYA_MALE_8 Operation=58 PlotIndex=1818
mission CityName=LOC_CITY_NAME_OTTAWA CompletionTurn=167 EscapeResult=-1 InitialResult=5 LevelAfter=2 LootInfo=-1 Name=LOC_CITIZEN_MAYA_FEMALE_8 Operation=58 PlotIndex=978
mission CityName=LOC_CITY_NAME_WINNIPEG CompletionTurn=166 EscapeResult=-1 InitialResult=5 LevelAfter=2 LootInfo=-1 Name=LOC_CITIZEN_MAYA_MODERN_MALE_10 Operation=58 PlotIndex=1742
mission CityName=LOC_CITY_NAME_HALIFAX CompletionTurn=166 EscapeResult=0 InitialResult=4 LevelAfter=2 LootInfo=-1 Name=LOC_CITIZEN_MAYA_FEMALE_4 Operation=58 PlotIndex=1409
mission CityName=LOC_CITY_NAME_QUEBEC_CITY CompletionTurn=165 EscapeResult=-1 InitialResult=3 LevelAfter=1 LootInfo=-1 Name=LOC_CITIZEN_MAYA_MALE_3 Operation=58 PlotIndex=1404
mission CityName=LOC_CITY_NAME_SAINT_JOHN CompletionTurn=164 EscapeResult=1 InitialResult=2 LevelAfter=1 LootInfo=-1 Name=LOC_CITIZEN_MAYA_MALE_6 Operation=58 PlotIndex=1991
mission CityName=LOC_CITY_NAME_OTTAWA CompletionTurn=163 EscapeResult=-1 InitialResult=5 LevelAfter=2 LootInfo=-1 Name=LOC_CITIZEN_MAYA_FEMALE_8 Operation=58 PlotIndex=978
mission CityName=LOC_CITY_NAME_WINNIPEG CompletionTurn=162 EscapeResult=-1 InitialResult=3 LevelAfter=1 LootInfo=-1 Name=LOC_CITIZEN_MAYA_MODERN_MALE_10 Operation=58 PlotIndex=1742
mission CityName=LOC_CITY_NAME_MONTREAL CompletionTurn=162 EscapeResult=0 InitialResult=2 LevelAfter=2 LootInfo=-1 Name=LOC_CITIZEN_MAYA_MODERN_FEMALE_3 Operation=58 PlotIndex=1314
mission CityName=LOC_CITY_NAME_SAINT_JOHN CompletionTurn=160 EscapeResult=-1 InitialResult=3 LevelAfter=1 LootInfo=-1 Name=LOC_CITIZEN_MAYA_MALE_6 Operation=58 PlotIndex=1991
mission CityName=LOC_CITY_NAME_TORONTO CompletionTurn=159 EscapeResult=2 InitialResult=2 LevelAfter=1 LootInfo=-1 Name=LOC_CITIZEN_MAYA_MODERN_FEMALE_5 Operation=58 PlotIndex=1818
mission CityName=LOC_CITY_NAME_HALIFAX CompletionTurn=159 EscapeResult=0 InitialResult=2 LevelAfter=2 LootInfo=-1 Name=LOC_CITIZEN_MAYA_MODERN_FEMALE_9 Operation=58 PlotIndex=1409
mission CityName=LOC_CITY_NAME_OTTAWA CompletionTurn=156 EscapeResult=-1 InitialResult=1 LevelAfter=1 LootInfo=-1 Name=LOC_CITIZEN_MAYA_MODERN_MALE_9 Operation=58 PlotIndex=978
mission CityName=LOC_CITY_NAME_QUEBEC_CITY CompletionTurn=156 EscapeResult=2 InitialResult=2 LevelAfter=2 LootInfo=-1 Name=LOC_CITIZEN_MAYA_MALE_8 Operation=58 PlotIndex=1404
mission CityName=LOC_CITY_NAME_SAINT_JOHN CompletionTurn=156 EscapeResult=-1 InitialResult=3 LevelAfter=1 LootInfo=-1 Name=LOC_CITIZEN_MAYA_MALE_6 Operation=58 PlotIndex=1991
mission CityName=LOC_CITY_NAME_HALIFAX CompletionTurn=154 EscapeResult=-1 InitialResult=5 LevelAfter=2 LootInfo=-1 Name=LOC_CITIZEN_MAYA_FEMALE_4 Operation=58 PlotIndex=1409
mission CityName=LOC_CITY_NAME_QUEBEC_CITY CompletionTurn=151 EscapeResult=-1 InitialResult=5 LevelAfter=2 LootInfo=-1 Name=LOC_CITIZEN_MAYA_MALE_8 Operation=58 PlotIndex=1404
mission CityName=LOC_CITY_NAME_MONTREAL CompletionTurn=150 EscapeResult=0 InitialResult=2 LevelAfter=2 LootInfo=-1 Name=LOC_CITIZEN_MAYA_MALE_1 Operation=58 PlotIndex=1314
mission CityName=LOC_CITY_NAME_OTTAWA CompletionTurn=148 EscapeResult=2 InitialResult=2 LevelAfter=2 LootInfo=-1 Name=LOC_CITIZEN_MAYA_MODERN_FEMALE_3 Operation=58 PlotIndex=978
mission CityName=LOC_CITY_NAME_TORONTO CompletionTurn=148 EscapeResult=0 InitialResult=2 LevelAfter=1 LootInfo=-1 Name=LOC_CITIZEN_MAYA_FEMALE_3 Operation=58 PlotIndex=1818
mission CityName=LOC_CITY_NAME_OTTAWA CompletionTurn=144 EscapeResult=-1 InitialResult=3 LevelAfter=1 LootInfo=-1 Name=LOC_CITIZEN_MAYA_MODERN_MALE_9 Operation=58 PlotIndex=978
mission CityName=LOC_CITY_NAME_QUEBEC_CITY CompletionTurn=142 EscapeResult=2 InitialResult=4 LevelAfter=2 LootInfo=-1 Name=LOC_CITIZEN_MAYA_MODERN_FEMALE_9 Operation=58 PlotIndex=1404
mission CityName=LOC_CITY_NAME_MONTREAL CompletionTurn=141 EscapeResult=0 InitialResult=2 LevelAfter=1 LootInfo=-1 Name=LOC_CITIZEN_MAYA_MODERN_MALE_1 Operation=58 PlotIndex=1314
mission CityName=LOC_CITY_NAME_TORONTO CompletionTurn=140 EscapeResult=-1 InitialResult=0 LevelAfter=1 LootInfo=-1 Name=LOC_CITIZEN_MAYA_MODERN_MALE_4 Operation=58 PlotIndex=1818
mission CityName=LOC_CITY_NAME_MONTREAL CompletionTurn=137 EscapeResult=-1 InitialResult=5 LevelAfter=2 LootInfo=-1 Name=LOC_CITIZEN_MAYA_MALE_1 Operation=58 PlotIndex=1314
mission CityName=LOC_CITY_NAME_OTTAWA CompletionTurn=134 EscapeResult=2 InitialResult=4 LevelAfter=2 LootInfo=-1 Name=LOC_CITIZEN_MAYA_MODERN_FEMALE_3 Operation=58 PlotIndex=978
tally 8  FOMENT_UNREST CAPTURED / NO_RESULT
tally 4  FOMENT_UNREST FAIL_MUST_ESCAPE / CAPTURED
tally 3  FOMENT_UNREST FAIL_MUST_ESCAPE / FAIL_MUST_ESCAPE
tally 5  FOMENT_UNREST FAIL_MUST_ESCAPE / KILLED
tally 9  FOMENT_UNREST FAIL_UNDETECTED / NO_RESULT
tally 1  FOMENT_UNREST KILLED / NO_RESULT
tally 1  FOMENT_UNREST SUCCESS_MUST_ESCAPE / CAPTURED
tally 8  FOMENT_UNREST SUCCESS_MUST_ESCAPE / FAIL_MUST_ESCAPE
tally 8  FOMENT_UNREST SUCCESS_MUST_ESCAPE / KILLED
tally 18  FOMENT_UNREST SUCCESS_UNDETECTED / NO_RESULT
turn 214 spies active 0 idle 0 missions 65 captured-enemy 0
turn 214 spies 0 started 0 travelled 0 promoted 0 bought 0 gold 50000
unblock: blocker ENDTURN_BLOCKING_FILL_CIVIC_SLOT -> nothing | end turn requested
unstuck: InGamePopup: open, no close
unstuck: NaturalDisasterPopup: closed
unblock: blocker ENDTURN_BLOCKING_PRODUCTION -> NARANJO builds UNIT_WARRIOR | end turn requested
unstuck: InGamePopup: open, no close
mission CityName=LOC_CITY_NAME_HALIFAX CompletionTurn=208 EscapeResult=-1 InitialResult=1 LevelAfter=2 LootInfo=-1 Name=LOC_CITIZEN_MAYA_MODERN_MALE_10 Operation=58 PlotIndex=1409
mission CityName=LOC_CITY_NAME_MONTREAL CompletionTurn=205 EscapeResult=0 InitialResult=4 LevelAfter=2 LootInfo=-1 Name=LOC_CITIZEN_MAYA_MODERN_FEMALE_6 Operation=58 PlotIndex=1314
mission CityName=LOC_CITY_NAME_HALIFAX CompletionTurn=204 EscapeResult=-1 InitialResult=5 LevelAfter=2 LootInfo=-1 Name=LOC_CITIZEN_MAYA_MODERN_MALE_10 Operation=58 PlotIndex=1409
mission CityName=LOC_CITY_NAME_QUEBEC_CITY CompletionTurn=204 EscapeResult=2 InitialResult=4 LevelAfter=2 LootInfo=-1 Name=LOC_CITIZEN_MAYA_MODERN_FEMALE_4 Operation=58 PlotIndex=1404
mission CityName=LOC_CITY_NAME_OTTAWA CompletionTurn=200 EscapeResult=2 InitialResult=4 LevelAfter=2 LootInfo=-1 Name=LOC_CITIZEN_MAYA_MODERN_MALE_8 Operation=58 PlotIndex=978
mission CityName=LOC_CITY_NAME_QUEBEC_CITY CompletionTurn=200 EscapeResult=-1 InitialResult=5 LevelAfter=2 LootInfo=-1 Name=LOC_CITIZEN_MAYA_MODERN_FEMALE_4 Operation=58 PlotIndex=1404
mission CityName=LOC_CITY_NAME_TORONTO CompletionTurn=197 EscapeResult=1 InitialResult=2 LevelAfter=2 LootInfo=-1 Name=LOC_CITIZEN_MAYA_MALE_8 Operation=58 PlotIndex=1818
mission CityName=LOC_CITY_NAME_MONTREAL CompletionTurn=195 EscapeResult=0 InitialResult=4 LevelAfter=2 LootInfo=-1 Name=LOC_CITIZEN_MAYA_MALE_6 Operation=58 PlotIndex=1314
mission CityName=LOC_CITY_NAME_BRANTFORD CompletionTurn=195 EscapeResult=-1 InitialResult=1 LevelAfter=1 LootInfo=-1 Name=LOC_CITIZEN_MAYA_MODERN_MALE_4 Operation=58 PlotIndex=473
mission CityName=LOC_CITY_NAME_QUEBEC_CITY CompletionTurn=192 EscapeResult=-1 InitialResult=1 LevelAfter=2 LootInfo=-1 Name=LOC_CITIZEN_MAYA_MALE_2 Operation=58 PlotIndex=1404
mission CityName=LOC_CITY_NAME_BRANTFORD CompletionTurn=191 EscapeResult=-1 InitialResult=3 LevelAfter=1 LootInfo=-1 Name=LOC_CITIZEN_MAYA_MODERN_MALE_4 Operation=58 PlotIndex=473
mission CityName=LOC_CITY_NAME_MONTREAL CompletionTurn=191 EscapeResult=-1 InitialResult=1 LevelAfter=2 LootInfo=-1 Name=LOC_CITIZEN_MAYA_MALE_4 Operation=58 PlotIndex=1314
mission CityName=LOC_CITY_NAME_SAINT_JOHN CompletionTurn=189 EscapeResult=2 InitialResult=4 LevelAfter=2 LootInfo=-1 Name=LOC_CITIZEN_MAYA_MODERN_FEMALE_4 Operation=58 PlotIndex=1991
mission CityName=LOC_CITY_NAME_QUEBEC_CITY CompletionTurn=188 EscapeResult=-1 InitialResult=5 LevelAfter=2 LootInfo=-1 Name=LOC_CITIZEN_MAYA_MALE_2 Operation=58 PlotIndex=1404
mission CityName=LOC_CITY_NAME_OTTAWA CompletionTurn=188 EscapeResult=0 InitialResult=4 LevelAfter=2 LootInfo=-1 Name=LOC_CITIZEN_MAYA_FEMALE_7 Operation=58 PlotIndex=978
mission CityName=LOC_CITY_NAME_TORONTO CompletionTurn=188 EscapeResult=2 InitialResult=4 LevelAfter=2 LootInfo=-1 Name=LOC_CITIZEN_MAYA_MALE_8 Operation=58 PlotIndex=1818
mission CityName=LOC_CITY_NAME_HALIFAX CompletionTurn=187 EscapeResult=0 InitialResult=4 LevelAfter=2 LootInfo=-1 Name=LOC_CITIZEN_MAYA_FEMALE_6 Operation=58 PlotIndex=1409
mission CityName=LOC_CITY_NAME_WINNIPEG CompletionTurn=187 EscapeResult=1 InitialResult=2 LevelAfter=1 LootInfo=-1 Name=LOC_CITIZEN_MAYA_FEMALE_1 Operation=58 PlotIndex=1742
mission CityName=LOC_CITY_NAME_SAINT_JOHN CompletionTurn=185 EscapeResult=-1 InitialResult=3 LevelAfter=2 LootInfo=-1 Name=LOC_CITIZEN_MAYA_MODERN_FEMALE_4 Operation=58 PlotIndex=1991
mission CityName=LOC_CITY_NAME_OTTAWA CompletionTurn=184 EscapeResult=-1 InitialResult=5 LevelAfter=2 LootInfo=-1 Name=LOC_CITIZEN_MAYA_FEMALE_7 Operation=58 PlotIndex=978
mission CityName=LOC_CITY_NAME_HALIFAX CompletionTurn=183 EscapeResult=-1 InitialResult=5 LevelAfter=2 LootInfo=-1 Name=LOC_CITIZEN_MAYA_FEMALE_6 Operation=58 PlotIndex=1409
mission CityName=LOC_CITY_NAME_SAINT_JOHN CompletionTurn=181 EscapeResult=-1 InitialResult=5 LevelAfter=2 LootInfo=-1 Name=LOC_CITIZEN_MAYA_MODERN_FEMALE_4 Operation=58 PlotIndex=1991
mission CityName=LOC_CITY_NAME_MONTREAL CompletionTurn=180 EscapeResult=0 InitialResult=4 LevelAfter=2 LootInfo=-1 Name=LOC_CITIZEN_MAYA_MODERN_FEMALE_5 Operation=58 PlotIndex=1314
mission CityName=LOC_CITY_NAME_TORONTO CompletionTurn=180 EscapeResult=2 InitialResult=4 LevelAfter=2 LootInfo=-1 Name=LOC_CITIZEN_MAYA_MALE_8 Operation=58 PlotIndex=1818
mission CityName=LOC_CITY_NAME_QUEBEC_CITY CompletionTurn=179 EscapeResult=2 InitialResult=4 LevelAfter=2 LootInfo=-1 Name=LOC_CITIZEN_MAYA_MALE_4 Operation=58 PlotIndex=1404
mission CityName=LOC_CITY_NAME_HALIFAX CompletionTurn=176 EscapeResult=0 InitialResult=4 LevelAfter=2 LootInfo=-1 Name=LOC_CITIZEN_MAYA_MALE_5 Operation=58 PlotIndex=1409
mission CityName=LOC_CITY_NAME_TORONTO CompletionTurn=176 EscapeResult=-1 InitialResult=5 LevelAfter=2 LootInfo=-1 Name=LOC_CITIZEN_MAYA_MALE_8 Operation=58 PlotIndex=1818
mission CityName=LOC_CITY_NAME_OTTAWA CompletionTurn=175 EscapeResult=1 InitialResult=2 LevelAfter=2 LootInfo=-1 Name=LOC_CITIZEN_MAYA_FEMALE_8 Operation=58 PlotIndex=978
mission CityName=LOC_CITY_NAME_MONTREAL CompletionTurn=175 EscapeResult=0 InitialResult=4 LevelAfter=2 LootInfo=-1 Name=LOC_CITIZEN_MAYA_MODERN_FEMALE_2 Operation=58 PlotIndex=1314
mission CityName=LOC_CITY_NAME_WINNIPEG CompletionTurn=174 EscapeResult=1 InitialResult=4 LevelAfter=2 LootInfo=-1 Name=LOC_CITIZEN_MAYA_MODERN_MALE_10 Operation=58 PlotIndex=1742
mission CityName=LOC_CITY_NAME_SAINT_JOHN CompletionTurn=173 EscapeResult=-1 InitialResult=1 LevelAfter=1 LootInfo=-1 Name=LOC_CITIZEN_MAYA_MODERN_FEMALE_1 Operation=58 PlotIndex=1991
mission CityName=LOC_CITY_NAME_QUEBEC_CITY CompletionTurn=173 EscapeResult=-1 InitialResult=1 LevelAfter=2 LootInfo=-1 Name=LOC_CITIZEN_MAYA_MALE_3 Operation=58 PlotIndex=1404
mission CityName=LOC_CITY_NAME_BRANTFORD CompletionTurn=172 EscapeResult=-1 InitialResult=1 LevelAfter=2 LootInfo=-1 Name=LOC_CITIZEN_MAYA_MODERN_FEMALE_7 Operation=58 PlotIndex=473
mission CityName=LOC_CITY_NAME_TORONTO CompletionTurn=172 EscapeResult=-1 InitialResult=5 LevelAfter=2 LootInfo=-1 Name=LOC_CITIZEN_MAYA_MALE_8 Operation=58 PlotIndex=1818
mission CityName=LOC_CITY_NAME_OTTAWA CompletionTurn=171 EscapeResult=-1 InitialResult=5 LevelAfter=2 LootInfo=-1 Name=LOC_CITIZEN_MAYA_FEMALE_8 Operation=58 PlotIndex=978
mission CityName=LOC_CITY_NAME_MONTREAL CompletionTurn=171 EscapeResult=-1 InitialResult=5 LevelAfter=2 LootInfo=-1 Name=LOC_CITIZEN_MAYA_MODERN_FEMALE_2 Operation=58 PlotIndex=1314
mission CityName=LOC_CITY_NAME_WINNIPEG CompletionTurn=170 EscapeResult=-1 InitialResult=3 LevelAfter=2 LootInfo=-1 Name=LOC_CITIZEN_MAYA_MODERN_MALE_10 Operation=58 PlotIndex=1742
mission CityName=LOC_CITY_NAME_QUEBEC_CITY CompletionTurn=169 EscapeResult=-1 InitialResult=5 LevelAfter=2 LootInfo=-1 Name=LOC_CITIZEN_MAYA_MALE_3 Operation=58 PlotIndex=1404
mission CityName=LOC_CITY_NAME_BRANTFORD CompletionTurn=168 EscapeResult=-1 InitialResult=5 LevelAfter=2 LootInfo=-1 Name=LOC_CITIZEN_MAYA_MODERN_FEMALE_7 Operation=58 PlotIndex=473
mission CityName=LOC_CITY_NAME_TORONTO CompletionTurn=168 EscapeResult=-1 InitialResult=3 LevelAfter=2 LootInfo=-1 Name=LOC_CITIZEN_MAYA_MALE_8 Operation=58 PlotIndex=1818
mission CityName=LOC_CITY_NAME_OTTAWA CompletionTurn=167 EscapeResult=-1 InitialResult=5 LevelAfter=2 LootInfo=-1 Name=LOC_CITIZEN_MAYA_FEMALE_8 Operation=58 PlotIndex=978
mission CityName=LOC_CITY_NAME_WINNIPEG CompletionTurn=166 EscapeResult=-1 InitialResult=5 LevelAfter=2 LootInfo=-1 Name=LOC_CITIZEN_MAYA_MODERN_MALE_10 Operation=58 PlotIndex=1742
mission CityName=LOC_CITY_NAME_HALIFAX CompletionTurn=166 EscapeResult=0 InitialResult=4 LevelAfter=2 LootInfo=-1 Name=LOC_CITIZEN_MAYA_FEMALE_4 Operation=58 PlotIndex=1409
mission CityName=LOC_CITY_NAME_QUEBEC_CITY CompletionTurn=165 EscapeResult=-1 InitialResult=3 LevelAfter=1 LootInfo=-1 Name=LOC_CITIZEN_MAYA_MALE_3 Operation=58 PlotIndex=1404
mission CityName=LOC_CITY_NAME_SAINT_JOHN CompletionTurn=164 EscapeResult=1 InitialResult=2 LevelAfter=1 LootInfo=-1 Name=LOC_CITIZEN_MAYA_MALE_6 Operation=58 PlotIndex=1991
mission CityName=LOC_CITY_NAME_OTTAWA CompletionTurn=163 EscapeResult=-1 InitialResult=5 LevelAfter=2 LootInfo=-1 Name=LOC_CITIZEN_MAYA_FEMALE_8 Operation=58 PlotIndex=978
mission CityName=LOC_CITY_NAME_WINNIPEG CompletionTurn=162 EscapeResult=-1 InitialResult=3 LevelAfter=1 LootInfo=-1 Name=LOC_CITIZEN_MAYA_MODERN_MALE_10 Operation=58 PlotIndex=1742
mission CityName=LOC_CITY_NAME_MONTREAL CompletionTurn=162 EscapeResult=0 InitialResult=2 LevelAfter=2 LootInfo=-1 Name=LOC_CITIZEN_MAYA_MODERN_FEMALE_3 Operation=58 PlotIndex=1314
mission CityName=LOC_CITY_NAME_SAINT_JOHN CompletionTurn=160 EscapeResult=-1 InitialResult=3 LevelAfter=1 LootInfo=-1 Name=LOC_CITIZEN_MAYA_MALE_6 Operation=58 PlotIndex=1991
mission CityName=LOC_CITY_NAME_TORONTO CompletionTurn=159 EscapeResult=2 InitialResult=2 LevelAfter=1 LootInfo=-1 Name=LOC_CITIZEN_MAYA_MODERN_FEMALE_5 Operation=58 PlotIndex=1818
mission CityName=LOC_CITY_NAME_HALIFAX CompletionTurn=159 EscapeResult=0 InitialResult=2 LevelAfter=2 LootInfo=-1 Name=LOC_CITIZEN_MAYA_MODERN_FEMALE_9 Operation=58 PlotIndex=1409
mission CityName=LOC_CITY_NAME_OTTAWA CompletionTurn=156 EscapeResult=-1 InitialResult=1 LevelAfter=1 LootInfo=-1 Name=LOC_CITIZEN_MAYA_MODERN_MALE_9 Operation=58 PlotIndex=978
mission CityName=LOC_CITY_NAME_QUEBEC_CITY CompletionTurn=156 EscapeResult=2 InitialResult=2 LevelAfter=2 LootInfo=-1 Name=LOC_CITIZEN_MAYA_MALE_8 Operation=58 PlotIndex=1404
mission CityName=LOC_CITY_NAME_SAINT_JOHN CompletionTurn=156 EscapeResult=-1 InitialResult=3 LevelAfter=1 LootInfo=-1 Name=LOC_CITIZEN_MAYA_MALE_6 Operation=58 PlotIndex=1991
mission CityName=LOC_CITY_NAME_HALIFAX CompletionTurn=154 EscapeResult=-1 InitialResult=5 LevelAfter=2 LootInfo=-1 Name=LOC_CITIZEN_MAYA_FEMALE_4 Operation=58 PlotIndex=1409
mission CityName=LOC_CITY_NAME_QUEBEC_CITY CompletionTurn=151 EscapeResult=-1 InitialResult=5 LevelAfter=2 LootInfo=-1 Name=LOC_CITIZEN_MAYA_MALE_8 Operation=58 PlotIndex=1404
mission CityName=LOC_CITY_NAME_MONTREAL CompletionTurn=150 EscapeResult=0 InitialResult=2 LevelAfter=2 LootInfo=-1 Name=LOC_CITIZEN_MAYA_MALE_1 Operation=58 PlotIndex=1314
mission CityName=LOC_CITY_NAME_OTTAWA CompletionTurn=148 EscapeResult=2 InitialResult=2 LevelAfter=2 LootInfo=-1 Name=LOC_CITIZEN_MAYA_MODERN_FEMALE_3 Operation=58 PlotIndex=978
mission CityName=LOC_CITY_NAME_TORONTO CompletionTurn=148 EscapeResult=0 InitialResult=2 LevelAfter=1 LootInfo=-1 Name=LOC_CITIZEN_MAYA_FEMALE_3 Operation=58 PlotIndex=1818
mission CityName=LOC_CITY_NAME_OTTAWA CompletionTurn=144 EscapeResult=-1 InitialResult=3 LevelAfter=1 LootInfo=-1 Name=LOC_CITIZEN_MAYA_MODERN_MALE_9 Operation=58 PlotIndex=978
mission CityName=LOC_CITY_NAME_QUEBEC_CITY CompletionTurn=142 EscapeResult=2 InitialResult=4 LevelAfter=2 LootInfo=-1 Name=LOC_CITIZEN_MAYA_MODERN_FEMALE_9 Operation=58 PlotIndex=1404
mission CityName=LOC_CITY_NAME_MONTREAL CompletionTurn=141 EscapeResult=0 InitialResult=2 LevelAfter=1 LootInfo=-1 Name=LOC_CITIZEN_MAYA_MODERN_MALE_1 Operation=58 PlotIndex=1314
mission CityName=LOC_CITY_NAME_TORONTO CompletionTurn=140 EscapeResult=-1 InitialResult=0 LevelAfter=1 LootInfo=-1 Name=LOC_CITIZEN_MAYA_MODERN_MALE_4 Operation=58 PlotIndex=1818
mission CityName=LOC_CITY_NAME_MONTREAL CompletionTurn=137 EscapeResult=-1 InitialResult=5 LevelAfter=2 LootInfo=-1 Name=LOC_CITIZEN_MAYA_MALE_1 Operation=58 PlotIndex=1314
mission CityName=LOC_CITY_NAME_OTTAWA CompletionTurn=134 EscapeResult=2 InitialResult=4 LevelAfter=2 LootInfo=-1 Name=LOC_CITIZEN_MAYA_MODERN_FEMALE_3 Operation=58 PlotIndex=978
tally 8  FOMENT_UNREST CAPTURED / NO_RESULT
tally 4  FOMENT_UNREST FAIL_MUST_ESCAPE / CAPTURED
tally 3  FOMENT_UNREST FAIL_MUST_ESCAPE / FAIL_MUST_ESCAPE
tally 5  FOMENT_UNREST FAIL_MUST_ESCAPE / KILLED
tally 9  FOMENT_UNREST FAIL_UNDETECTED / NO_RESULT
tally 1  FOMENT_UNREST KILLED / NO_RESULT
tally 1  FOMENT_UNREST SUCCESS_MUST_ESCAPE / CAPTURED
tally 8  FOMENT_UNREST SUCCESS_MUST_ESCAPE / FAIL_MUST_ESCAPE
tally 8  FOMENT_UNREST SUCCESS_MUST_ESCAPE / KILLED
tally 18  FOMENT_UNREST SUCCESS_UNDETECTED / NO_RESULT
turn 216 spies active 0 idle 1 missions 65 captured-enemy 0
spy 9764885 LOC_CITIZEN_MAYA_FEMALE_5 level 1 at 54:11 start
spy 9633820 LOC_CITIZEN_MAYA_MODERN_FEMALE_4 level 1 at 36:42 travel
turn 216 spies 2 started 1 travelled 1 promoted 0 bought 0 gold 50000
unblock: blocker ENDTURN_BLOCKING_PRODUCTION -> NARANJO builds UNIT_WARRIOR | end turn requested
unstuck: InGamePopup: open, no close
unblock: blocker ENDTURN_BLOCKING_FILL_CIVIC_SLOT -> nothing | end turn requested
unstuck: closed sessions [4:4]
unstuck: DiplomacyActionView: Closing Diplomacy Action View. m_eventID: 1383416
unstuck: InGamePopup: open, no close
mission CityName=LOC_CITY_NAME_HALIFAX CompletionTurn=208 EscapeResult=-1 InitialResult=1 LevelAfter=2 LootInfo=-1 Name=LOC_CITIZEN_MAYA_MODERN_MALE_10 Operation=58 PlotIndex=1409
mission CityName=LOC_CITY_NAME_MONTREAL CompletionTurn=205 EscapeResult=0 InitialResult=4 LevelAfter=2 LootInfo=-1 Name=LOC_CITIZEN_MAYA_MODERN_FEMALE_6 Operation=58 PlotIndex=1314
mission CityName=LOC_CITY_NAME_HALIFAX CompletionTurn=204 EscapeResult=-1 InitialResult=5 LevelAfter=2 LootInfo=-1 Name=LOC_CITIZEN_MAYA_MODERN_MALE_10 Operation=58 PlotIndex=1409
mission CityName=LOC_CITY_NAME_QUEBEC_CITY CompletionTurn=204 EscapeResult=2 InitialResult=4 LevelAfter=2 LootInfo=-1 Name=LOC_CITIZEN_MAYA_MODERN_FEMALE_4 Operation=58 PlotIndex=1404
mission CityName=LOC_CITY_NAME_OTTAWA CompletionTurn=200 EscapeResult=2 InitialResult=4 LevelAfter=2 LootInfo=-1 Name=LOC_CITIZEN_MAYA_MODERN_MALE_8 Operation=58 PlotIndex=978
mission CityName=LOC_CITY_NAME_QUEBEC_CITY CompletionTurn=200 EscapeResult=-1 InitialResult=5 LevelAfter=2 LootInfo=-1 Name=LOC_CITIZEN_MAYA_MODERN_FEMALE_4 Operation=58 PlotIndex=1404
mission CityName=LOC_CITY_NAME_TORONTO CompletionTurn=197 EscapeResult=1 InitialResult=2 LevelAfter=2 LootInfo=-1 Name=LOC_CITIZEN_MAYA_MALE_8 Operation=58 PlotIndex=1818
mission CityName=LOC_CITY_NAME_MONTREAL CompletionTurn=195 EscapeResult=0 InitialResult=4 LevelAfter=2 LootInfo=-1 Name=LOC_CITIZEN_MAYA_MALE_6 Operation=58 PlotIndex=1314
mission CityName=LOC_CITY_NAME_BRANTFORD CompletionTurn=195 EscapeResult=-1 InitialResult=1 LevelAfter=1 LootInfo=-1 Name=LOC_CITIZEN_MAYA_MODERN_MALE_4 Operation=58 PlotIndex=473
mission CityName=LOC_CITY_NAME_QUEBEC_CITY CompletionTurn=192 EscapeResult=-1 InitialResult=1 LevelAfter=2 LootInfo=-1 Name=LOC_CITIZEN_MAYA_MALE_2 Operation=58 PlotIndex=1404
mission CityName=LOC_CITY_NAME_BRANTFORD CompletionTurn=191 EscapeResult=-1 InitialResult=3 LevelAfter=1 LootInfo=-1 Name=LOC_CITIZEN_MAYA_MODERN_MALE_4 Operation=58 PlotIndex=473
mission CityName=LOC_CITY_NAME_MONTREAL CompletionTurn=191 EscapeResult=-1 InitialResult=1 LevelAfter=2 LootInfo=-1 Name=LOC_CITIZEN_MAYA_MALE_4 Operation=58 PlotIndex=1314
mission CityName=LOC_CITY_NAME_SAINT_JOHN CompletionTurn=189 EscapeResult=2 InitialResult=4 LevelAfter=2 LootInfo=-1 Name=LOC_CITIZEN_MAYA_MODERN_FEMALE_4 Operation=58 PlotIndex=1991
mission CityName=LOC_CITY_NAME_QUEBEC_CITY CompletionTurn=188 EscapeResult=-1 InitialResult=5 LevelAfter=2 LootInfo=-1 Name=LOC_CITIZEN_MAYA_MALE_2 Operation=58 PlotIndex=1404
mission CityName=LOC_CITY_NAME_OTTAWA CompletionTurn=188 EscapeResult=0 InitialResult=4 LevelAfter=2 LootInfo=-1 Name=LOC_CITIZEN_MAYA_FEMALE_7 Operation=58 PlotIndex=978
mission CityName=LOC_CITY_NAME_TORONTO CompletionTurn=188 EscapeResult=2 InitialResult=4 LevelAfter=2 LootInfo=-1 Name=LOC_CITIZEN_MAYA_MALE_8 Operation=58 PlotIndex=1818
mission CityName=LOC_CITY_NAME_HALIFAX CompletionTurn=187 EscapeResult=0 InitialResult=4 LevelAfter=2 LootInfo=-1 Name=LOC_CITIZEN_MAYA_FEMALE_6 Operation=58 PlotIndex=1409
mission CityName=LOC_CITY_NAME_WINNIPEG CompletionTurn=187 EscapeResult=1 InitialResult=2 LevelAfter=1 LootInfo=-1 Name=LOC_CITIZEN_MAYA_FEMALE_1 Operation=58 PlotIndex=1742
mission CityName=LOC_CITY_NAME_SAINT_JOHN CompletionTurn=185 EscapeResult=-1 InitialResult=3 LevelAfter=2 LootInfo=-1 Name=LOC_CITIZEN_MAYA_MODERN_FEMALE_4 Operation=58 PlotIndex=1991
mission CityName=LOC_CITY_NAME_OTTAWA CompletionTurn=184 EscapeResult=-1 InitialResult=5 LevelAfter=2 LootInfo=-1 Name=LOC_CITIZEN_MAYA_FEMALE_7 Operation=58 PlotIndex=978
mission CityName=LOC_CITY_NAME_HALIFAX CompletionTurn=183 EscapeResult=-1 InitialResult=5 LevelAfter=2 LootInfo=-1 Name=LOC_CITIZEN_MAYA_FEMALE_6 Operation=58 PlotIndex=1409
mission CityName=LOC_CITY_NAME_SAINT_JOHN CompletionTurn=181 EscapeResult=-1 InitialResult=5 LevelAfter=2 LootInfo=-1 Name=LOC_CITIZEN_MAYA_MODERN_FEMALE_4 Operation=58 PlotIndex=1991
mission CityName=LOC_CITY_NAME_MONTREAL CompletionTurn=180 EscapeResult=0 InitialResult=4 LevelAfter=2 LootInfo=-1 Name=LOC_CITIZEN_MAYA_MODERN_FEMALE_5 Operation=58 PlotIndex=1314
mission CityName=LOC_CITY_NAME_TORONTO CompletionTurn=180 EscapeResult=2 InitialResult=4 LevelAfter=2 LootInfo=-1 Name=LOC_CITIZEN_MAYA_MALE_8 Operation=58 PlotIndex=1818
mission CityName=LOC_CITY_NAME_QUEBEC_CITY CompletionTurn=179 EscapeResult=2 InitialResult=4 LevelAfter=2 LootInfo=-1 Name=LOC_CITIZEN_MAYA_MALE_4 Operation=58 PlotIndex=1404
mission CityName=LOC_CITY_NAME_HALIFAX CompletionTurn=176 EscapeResult=0 InitialResult=4 LevelAfter=2 LootInfo=-1 Name=LOC_CITIZEN_MAYA_MALE_5 Operation=58 PlotIndex=1409
mission CityName=LOC_CITY_NAME_TORONTO CompletionTurn=176 EscapeResult=-1 InitialResult=5 LevelAfter=2 LootInfo=-1 Name=LOC_CITIZEN_MAYA_MALE_8 Operation=58 PlotIndex=1818
mission CityName=LOC_CITY_NAME_OTTAWA CompletionTurn=175 EscapeResult=1 InitialResult=2 LevelAfter=2 LootInfo=-1 Name=LOC_CITIZEN_MAYA_FEMALE_8 Operation=58 PlotIndex=978
mission CityName=LOC_CITY_NAME_MONTREAL CompletionTurn=175 EscapeResult=0 InitialResult=4 LevelAfter=2 LootInfo=-1 Name=LOC_CITIZEN_MAYA_MODERN_FEMALE_2 Operation=58 PlotIndex=1314
mission CityName=LOC_CITY_NAME_WINNIPEG CompletionTurn=174 EscapeResult=1 InitialResult=4 LevelAfter=2 LootInfo=-1 Name=LOC_CITIZEN_MAYA_MODERN_MALE_10 Operation=58 PlotIndex=1742
mission CityName=LOC_CITY_NAME_SAINT_JOHN CompletionTurn=173 EscapeResult=-1 InitialResult=1 LevelAfter=1 LootInfo=-1 Name=LOC_CITIZEN_MAYA_MODERN_FEMALE_1 Operation=58 PlotIndex=1991
mission CityName=LOC_CITY_NAME_QUEBEC_CITY CompletionTurn=173 EscapeResult=-1 InitialResult=1 LevelAfter=2 LootInfo=-1 Name=LOC_CITIZEN_MAYA_MALE_3 Operation=58 PlotIndex=1404
mission CityName=LOC_CITY_NAME_BRANTFORD CompletionTurn=172 EscapeResult=-1 InitialResult=1 LevelAfter=2 LootInfo=-1 Name=LOC_CITIZEN_MAYA_MODERN_FEMALE_7 Operation=58 PlotIndex=473
mission CityName=LOC_CITY_NAME_TORONTO CompletionTurn=172 EscapeResult=-1 InitialResult=5 LevelAfter=2 LootInfo=-1 Name=LOC_CITIZEN_MAYA_MALE_8 Operation=58 PlotIndex=1818
mission CityName=LOC_CITY_NAME_OTTAWA CompletionTurn=171 EscapeResult=-1 InitialResult=5 LevelAfter=2 LootInfo=-1 Name=LOC_CITIZEN_MAYA_FEMALE_8 Operation=58 PlotIndex=978
mission CityName=LOC_CITY_NAME_MONTREAL CompletionTurn=171 EscapeResult=-1 InitialResult=5 LevelAfter=2 LootInfo=-1 Name=LOC_CITIZEN_MAYA_MODERN_FEMALE_2 Operation=58 PlotIndex=1314
mission CityName=LOC_CITY_NAME_WINNIPEG CompletionTurn=170 EscapeResult=-1 InitialResult=3 LevelAfter=2 LootInfo=-1 Name=LOC_CITIZEN_MAYA_MODERN_MALE_10 Operation=58 PlotIndex=1742
mission CityName=LOC_CITY_NAME_QUEBEC_CITY CompletionTurn=169 EscapeResult=-1 InitialResult=5 LevelAfter=2 LootInfo=-1 Name=LOC_CITIZEN_MAYA_MALE_3 Operation=58 PlotIndex=1404
mission CityName=LOC_CITY_NAME_BRANTFORD CompletionTurn=168 EscapeResult=-1 InitialResult=5 LevelAfter=2 LootInfo=-1 Name=LOC_CITIZEN_MAYA_MODERN_FEMALE_7 Operation=58 PlotIndex=473
mission CityName=LOC_CITY_NAME_TORONTO CompletionTurn=168 EscapeResult=-1 InitialResult=3 LevelAfter=2 LootInfo=-1 Name=LOC_CITIZEN_MAYA_MALE_8 Operation=58 PlotIndex=1818
mission CityName=LOC_CITY_NAME_OTTAWA CompletionTurn=167 EscapeResult=-1 InitialResult=5 LevelAfter=2 LootInfo=-1 Name=LOC_CITIZEN_MAYA_FEMALE_8 Operation=58 PlotIndex=978
mission CityName=LOC_CITY_NAME_WINNIPEG CompletionTurn=166 EscapeResult=-1 InitialResult=5 LevelAfter=2 LootInfo=-1 Name=LOC_CITIZEN_MAYA_MODERN_MALE_10 Operation=58 PlotIndex=1742
mission CityName=LOC_CITY_NAME_HALIFAX CompletionTurn=166 EscapeResult=0 InitialResult=4 LevelAfter=2 LootInfo=-1 Name=LOC_CITIZEN_MAYA_FEMALE_4 Operation=58 PlotIndex=1409
mission CityName=LOC_CITY_NAME_QUEBEC_CITY CompletionTurn=165 EscapeResult=-1 InitialResult=3 LevelAfter=1 LootInfo=-1 Name=LOC_CITIZEN_MAYA_MALE_3 Operation=58 PlotIndex=1404
mission CityName=LOC_CITY_NAME_SAINT_JOHN CompletionTurn=164 EscapeResult=1 InitialResult=2 LevelAfter=1 LootInfo=-1 Name=LOC_CITIZEN_MAYA_MALE_6 Operation=58 PlotIndex=1991
mission CityName=LOC_CITY_NAME_OTTAWA CompletionTurn=163 EscapeResult=-1 InitialResult=5 LevelAfter=2 LootInfo=-1 Name=LOC_CITIZEN_MAYA_FEMALE_8 Operation=58 PlotIndex=978
mission CityName=LOC_CITY_NAME_WINNIPEG CompletionTurn=162 EscapeResult=-1 InitialResult=3 LevelAfter=1 LootInfo=-1 Name=LOC_CITIZEN_MAYA_MODERN_MALE_10 Operation=58 PlotIndex=1742
mission CityName=LOC_CITY_NAME_MONTREAL CompletionTurn=162 EscapeResult=0 InitialResult=2 LevelAfter=2 LootInfo=-1 Name=LOC_CITIZEN_MAYA_MODERN_FEMALE_3 Operation=58 PlotIndex=1314
mission CityName=LOC_CITY_NAME_SAINT_JOHN CompletionTurn=160 EscapeResult=-1 InitialResult=3 LevelAfter=1 LootInfo=-1 Name=LOC_CITIZEN_MAYA_MALE_6 Operation=58 PlotIndex=1991
mission CityName=LOC_CITY_NAME_TORONTO CompletionTurn=159 EscapeResult=2 InitialResult=2 LevelAfter=1 LootInfo=-1 Name=LOC_CITIZEN_MAYA_MODERN_FEMALE_5 Operation=58 PlotIndex=1818
mission CityName=LOC_CITY_NAME_HALIFAX CompletionTurn=159 EscapeResult=0 InitialResult=2 LevelAfter=2 LootInfo=-1 Name=LOC_CITIZEN_MAYA_MODERN_FEMALE_9 Operation=58 PlotIndex=1409
mission CityName=LOC_CITY_NAME_OTTAWA CompletionTurn=156 EscapeResult=-1 InitialResult=1 LevelAfter=1 LootInfo=-1 Name=LOC_CITIZEN_MAYA_MODERN_MALE_9 Operation=58 PlotIndex=978
mission CityName=LOC_CITY_NAME_QUEBEC_CITY CompletionTurn=156 EscapeResult=2 InitialResult=2 LevelAfter=2 LootInfo=-1 Name=LOC_CITIZEN_MAYA_MALE_8 Operation=58 PlotIndex=1404
mission CityName=LOC_CITY_NAME_SAINT_JOHN CompletionTurn=156 EscapeResult=-1 InitialResult=3 LevelAfter=1 LootInfo=-1 Name=LOC_CITIZEN_MAYA_MALE_6 Operation=58 PlotIndex=1991
mission CityName=LOC_CITY_NAME_HALIFAX CompletionTurn=154 EscapeResult=-1 InitialResult=5 LevelAfter=2 LootInfo=-1 Name=LOC_CITIZEN_MAYA_FEMALE_4 Operation=58 PlotIndex=1409
mission CityName=LOC_CITY_NAME_QUEBEC_CITY CompletionTurn=151 EscapeResult=-1 InitialResult=5 LevelAfter=2 LootInfo=-1 Name=LOC_CITIZEN_MAYA_MALE_8 Operation=58 PlotIndex=1404
mission CityName=LOC_CITY_NAME_MONTREAL CompletionTurn=150 EscapeResult=0 InitialResult=2 LevelAfter=2 LootInfo=-1 Name=LOC_CITIZEN_MAYA_MALE_1 Operation=58 PlotIndex=1314
mission CityName=LOC_CITY_NAME_OTTAWA CompletionTurn=148 EscapeResult=2 InitialResult=2 LevelAfter=2 LootInfo=-1 Name=LOC_CITIZEN_MAYA_MODERN_FEMALE_3 Operation=58 PlotIndex=978
mission CityName=LOC_CITY_NAME_TORONTO CompletionTurn=148 EscapeResult=0 InitialResult=2 LevelAfter=1 LootInfo=-1 Name=LOC_CITIZEN_MAYA_FEMALE_3 Operation=58 PlotIndex=1818
mission CityName=LOC_CITY_NAME_OTTAWA CompletionTurn=144 EscapeResult=-1 InitialResult=3 LevelAfter=1 LootInfo=-1 Name=LOC_CITIZEN_MAYA_MODERN_MALE_9 Operation=58 PlotIndex=978
mission CityName=LOC_CITY_NAME_QUEBEC_CITY CompletionTurn=142 EscapeResult=2 InitialResult=4 LevelAfter=2 LootInfo=-1 Name=LOC_CITIZEN_MAYA_MODERN_FEMALE_9 Operation=58 PlotIndex=1404
mission CityName=LOC_CITY_NAME_MONTREAL CompletionTurn=141 EscapeResult=0 InitialResult=2 LevelAfter=1 LootInfo=-1 Name=LOC_CITIZEN_MAYA_MODERN_MALE_1 Operation=58 PlotIndex=1314
mission CityName=LOC_CITY_NAME_TORONTO CompletionTurn=140 EscapeResult=-1 InitialResult=0 LevelAfter=1 LootInfo=-1 Name=LOC_CITIZEN_MAYA_MODERN_MALE_4 Operation=58 PlotIndex=1818
mission CityName=LOC_CITY_NAME_MONTREAL CompletionTurn=137 EscapeResult=-1 InitialResult=5 LevelAfter=2 LootInfo=-1 Name=LOC_CITIZEN_MAYA_MALE_1 Operation=58 PlotIndex=1314
mission CityName=LOC_CITY_NAME_OTTAWA CompletionTurn=134 EscapeResult=2 InitialResult=4 LevelAfter=2 LootInfo=-1 Name=LOC_CITIZEN_MAYA_MODERN_FEMALE_3 Operation=58 PlotIndex=978
tally 8  FOMENT_UNREST CAPTURED / NO_RESULT
tally 4  FOMENT_UNREST FAIL_MUST_ESCAPE / CAPTURED
tally 3  FOMENT_UNREST FAIL_MUST_ESCAPE / FAIL_MUST_ESCAPE
tally 5  FOMENT_UNREST FAIL_MUST_ESCAPE / KILLED
tally 9  FOMENT_UNREST FAIL_UNDETECTED / NO_RESULT
tally 1  FOMENT_UNREST KILLED / NO_RESULT
tally 1  FOMENT_UNREST SUCCESS_MUST_ESCAPE / CAPTURED
tally 8  FOMENT_UNREST SUCCESS_MUST_ESCAPE / FAIL_MUST_ESCAPE
tally 8  FOMENT_UNREST SUCCESS_MUST_ESCAPE / KILLED
tally 18  FOMENT_UNREST SUCCESS_UNDETECTED / NO_RESULT
turn 216 spies active 1 idle 0 missions 65 captured-enemy 0
spy 9764885 LOC_CITIZEN_MAYA_FEMALE_5 level 1 at 54:11 busy
turn 216 spies 1 started 0 travelled 0 promoted 0 bought 0 gold 50000
unblock: blocker ENDTURN_BLOCKING_FILL_CIVIC_SLOT -> nothing | end turn requested
unstuck: InGamePopup: open, no close
unstuck: NaturalDisasterPopup: closed
unblock: blocker ENDTURN_BLOCKING_PRODUCTION -> NARANJO builds UNIT_WARRIOR | end turn requested
unstuck: InGamePopup: open, no close
mission CityName=LOC_CITY_NAME_HALIFAX CompletionTurn=208 EscapeResult=-1 InitialResult=1 LevelAfter=2 LootInfo=-1 Name=LOC_CITIZEN_MAYA_MODERN_MALE_10 Operation=58 PlotIndex=1409
mission CityName=LOC_CITY_NAME_MONTREAL CompletionTurn=205 EscapeResult=0 InitialResult=4 LevelAfter=2 LootInfo=-1 Name=LOC_CITIZEN_MAYA_MODERN_FEMALE_6 Operation=58 PlotIndex=1314
mission CityName=LOC_CITY_NAME_HALIFAX CompletionTurn=204 EscapeResult=-1 InitialResult=5 LevelAfter=2 LootInfo=-1 Name=LOC_CITIZEN_MAYA_MODERN_MALE_10 Operation=58 PlotIndex=1409
mission CityName=LOC_CITY_NAME_QUEBEC_CITY CompletionTurn=204 EscapeResult=2 InitialResult=4 LevelAfter=2 LootInfo=-1 Name=LOC_CITIZEN_MAYA_MODERN_FEMALE_4 Operation=58 PlotIndex=1404
mission CityName=LOC_CITY_NAME_OTTAWA CompletionTurn=200 EscapeResult=2 InitialResult=4 LevelAfter=2 LootInfo=-1 Name=LOC_CITIZEN_MAYA_MODERN_MALE_8 Operation=58 PlotIndex=978
mission CityName=LOC_CITY_NAME_QUEBEC_CITY CompletionTurn=200 EscapeResult=-1 InitialResult=5 LevelAfter=2 LootInfo=-1 Name=LOC_CITIZEN_MAYA_MODERN_FEMALE_4 Operation=58 PlotIndex=1404
mission CityName=LOC_CITY_NAME_TORONTO CompletionTurn=197 EscapeResult=1 InitialResult=2 LevelAfter=2 LootInfo=-1 Name=LOC_CITIZEN_MAYA_MALE_8 Operation=58 PlotIndex=1818
mission CityName=LOC_CITY_NAME_MONTREAL CompletionTurn=195 EscapeResult=0 InitialResult=4 LevelAfter=2 LootInfo=-1 Name=LOC_CITIZEN_MAYA_MALE_6 Operation=58 PlotIndex=1314
mission CityName=LOC_CITY_NAME_BRANTFORD CompletionTurn=195 EscapeResult=-1 InitialResult=1 LevelAfter=1 LootInfo=-1 Name=LOC_CITIZEN_MAYA_MODERN_MALE_4 Operation=58 PlotIndex=473
mission CityName=LOC_CITY_NAME_QUEBEC_CITY CompletionTurn=192 EscapeResult=-1 InitialResult=1 LevelAfter=2 LootInfo=-1 Name=LOC_CITIZEN_MAYA_MALE_2 Operation=58 PlotIndex=1404
mission CityName=LOC_CITY_NAME_BRANTFORD CompletionTurn=191 EscapeResult=-1 InitialResult=3 LevelAfter=1 LootInfo=-1 Name=LOC_CITIZEN_MAYA_MODERN_MALE_4 Operation=58 PlotIndex=473
mission CityName=LOC_CITY_NAME_MONTREAL CompletionTurn=191 EscapeResult=-1 InitialResult=1 LevelAfter=2 LootInfo=-1 Name=LOC_CITIZEN_MAYA_MALE_4 Operation=58 PlotIndex=1314
mission CityName=LOC_CITY_NAME_SAINT_JOHN CompletionTurn=189 EscapeResult=2 InitialResult=4 LevelAfter=2 LootInfo=-1 Name=LOC_CITIZEN_MAYA_MODERN_FEMALE_4 Operation=58 PlotIndex=1991
mission CityName=LOC_CITY_NAME_QUEBEC_CITY CompletionTurn=188 EscapeResult=-1 InitialResult=5 LevelAfter=2 LootInfo=-1 Name=LOC_CITIZEN_MAYA_MALE_2 Operation=58 PlotIndex=1404
mission CityName=LOC_CITY_NAME_OTTAWA CompletionTurn=188 EscapeResult=0 InitialResult=4 LevelAfter=2 LootInfo=-1 Name=LOC_CITIZEN_MAYA_FEMALE_7 Operation=58 PlotIndex=978
mission CityName=LOC_CITY_NAME_TORONTO CompletionTurn=188 EscapeResult=2 InitialResult=4 LevelAfter=2 LootInfo=-1 Name=LOC_CITIZEN_MAYA_MALE_8 Operation=58 PlotIndex=1818
mission CityName=LOC_CITY_NAME_HALIFAX CompletionTurn=187 EscapeResult=0 InitialResult=4 LevelAfter=2 LootInfo=-1 Name=LOC_CITIZEN_MAYA_FEMALE_6 Operation=58 PlotIndex=1409
mission CityName=LOC_CITY_NAME_WINNIPEG CompletionTurn=187 EscapeResult=1 InitialResult=2 LevelAfter=1 LootInfo=-1 Name=LOC_CITIZEN_MAYA_FEMALE_1 Operation=58 PlotIndex=1742
mission CityName=LOC_CITY_NAME_SAINT_JOHN CompletionTurn=185 EscapeResult=-1 InitialResult=3 LevelAfter=2 LootInfo=-1 Name=LOC_CITIZEN_MAYA_MODERN_FEMALE_4 Operation=58 PlotIndex=1991
mission CityName=LOC_CITY_NAME_OTTAWA CompletionTurn=184 EscapeResult=-1 InitialResult=5 LevelAfter=2 LootInfo=-1 Name=LOC_CITIZEN_MAYA_FEMALE_7 Operation=58 PlotIndex=978
mission CityName=LOC_CITY_NAME_HALIFAX CompletionTurn=183 EscapeResult=-1 InitialResult=5 LevelAfter=2 LootInfo=-1 Name=LOC_CITIZEN_MAYA_FEMALE_6 Operation=58 PlotIndex=1409
mission CityName=LOC_CITY_NAME_SAINT_JOHN CompletionTurn=181 EscapeResult=-1 InitialResult=5 LevelAfter=2 LootInfo=-1 Name=LOC_CITIZEN_MAYA_MODERN_FEMALE_4 Operation=58 PlotIndex=1991
mission CityName=LOC_CITY_NAME_MONTREAL CompletionTurn=180 EscapeResult=0 InitialResult=4 LevelAfter=2 LootInfo=-1 Name=LOC_CITIZEN_MAYA_MODERN_FEMALE_5 Operation=58 PlotIndex=1314
mission CityName=LOC_CITY_NAME_TORONTO CompletionTurn=180 EscapeResult=2 InitialResult=4 LevelAfter=2 LootInfo=-1 Name=LOC_CITIZEN_MAYA_MALE_8 Operation=58 PlotIndex=1818
mission CityName=LOC_CITY_NAME_QUEBEC_CITY CompletionTurn=179 EscapeResult=2 InitialResult=4 LevelAfter=2 LootInfo=-1 Name=LOC_CITIZEN_MAYA_MALE_4 Operation=58 PlotIndex=1404
mission CityName=LOC_CITY_NAME_HALIFAX CompletionTurn=176 EscapeResult=0 InitialResult=4 LevelAfter=2 LootInfo=-1 Name=LOC_CITIZEN_MAYA_MALE_5 Operation=58 PlotIndex=1409
mission CityName=LOC_CITY_NAME_TORONTO CompletionTurn=176 EscapeResult=-1 InitialResult=5 LevelAfter=2 LootInfo=-1 Name=LOC_CITIZEN_MAYA_MALE_8 Operation=58 PlotIndex=1818
mission CityName=LOC_CITY_NAME_OTTAWA CompletionTurn=175 EscapeResult=1 InitialResult=2 LevelAfter=2 LootInfo=-1 Name=LOC_CITIZEN_MAYA_FEMALE_8 Operation=58 PlotIndex=978
mission CityName=LOC_CITY_NAME_MONTREAL CompletionTurn=175 EscapeResult=0 InitialResult=4 LevelAfter=2 LootInfo=-1 Name=LOC_CITIZEN_MAYA_MODERN_FEMALE_2 Operation=58 PlotIndex=1314
mission CityName=LOC_CITY_NAME_WINNIPEG CompletionTurn=174 EscapeResult=1 InitialResult=4 LevelAfter=2 LootInfo=-1 Name=LOC_CITIZEN_MAYA_MODERN_MALE_10 Operation=58 PlotIndex=1742
mission CityName=LOC_CITY_NAME_SAINT_JOHN CompletionTurn=173 EscapeResult=-1 InitialResult=1 LevelAfter=1 LootInfo=-1 Name=LOC_CITIZEN_MAYA_MODERN_FEMALE_1 Operation=58 PlotIndex=1991
mission CityName=LOC_CITY_NAME_QUEBEC_CITY CompletionTurn=173 EscapeResult=-1 InitialResult=1 LevelAfter=2 LootInfo=-1 Name=LOC_CITIZEN_MAYA_MALE_3 Operation=58 PlotIndex=1404
mission CityName=LOC_CITY_NAME_BRANTFORD CompletionTurn=172 EscapeResult=-1 InitialResult=1 LevelAfter=2 LootInfo=-1 Name=LOC_CITIZEN_MAYA_MODERN_FEMALE_7 Operation=58 PlotIndex=473
mission CityName=LOC_CITY_NAME_TORONTO CompletionTurn=172 EscapeResult=-1 InitialResult=5 LevelAfter=2 LootInfo=-1 Name=LOC_CITIZEN_MAYA_MALE_8 Operation=58 PlotIndex=1818
mission CityName=LOC_CITY_NAME_OTTAWA CompletionTurn=171 EscapeResult=-1 InitialResult=5 LevelAfter=2 LootInfo=-1 Name=LOC_CITIZEN_MAYA_FEMALE_8 Operation=58 PlotIndex=978
mission CityName=LOC_CITY_NAME_MONTREAL CompletionTurn=171 EscapeResult=-1 InitialResult=5 LevelAfter=2 LootInfo=-1 Name=LOC_CITIZEN_MAYA_MODERN_FEMALE_2 Operation=58 PlotIndex=1314
mission CityName=LOC_CITY_NAME_WINNIPEG CompletionTurn=170 EscapeResult=-1 InitialResult=3 LevelAfter=2 LootInfo=-1 Name=LOC_CITIZEN_MAYA_MODERN_MALE_10 Operation=58 PlotIndex=1742
mission CityName=LOC_CITY_NAME_QUEBEC_CITY CompletionTurn=169 EscapeResult=-1 InitialResult=5 LevelAfter=2 LootInfo=-1 Name=LOC_CITIZEN_MAYA_MALE_3 Operation=58 PlotIndex=1404
mission CityName=LOC_CITY_NAME_BRANTFORD CompletionTurn=168 EscapeResult=-1 InitialResult=5 LevelAfter=2 LootInfo=-1 Name=LOC_CITIZEN_MAYA_MODERN_FEMALE_7 Operation=58 PlotIndex=473
mission CityName=LOC_CITY_NAME_TORONTO CompletionTurn=168 EscapeResult=-1 InitialResult=3 LevelAfter=2 LootInfo=-1 Name=LOC_CITIZEN_MAYA_MALE_8 Operation=58 PlotIndex=1818
mission CityName=LOC_CITY_NAME_OTTAWA CompletionTurn=167 EscapeResult=-1 InitialResult=5 LevelAfter=2 LootInfo=-1 Name=LOC_CITIZEN_MAYA_FEMALE_8 Operation=58 PlotIndex=978
mission CityName=LOC_CITY_NAME_WINNIPEG CompletionTurn=166 EscapeResult=-1 InitialResult=5 LevelAfter=2 LootInfo=-1 Name=LOC_CITIZEN_MAYA_MODERN_MALE_10 Operation=58 PlotIndex=1742
mission CityName=LOC_CITY_NAME_HALIFAX CompletionTurn=166 EscapeResult=0 InitialResult=4 LevelAfter=2 LootInfo=-1 Name=LOC_CITIZEN_MAYA_FEMALE_4 Operation=58 PlotIndex=1409
mission CityName=LOC_CITY_NAME_QUEBEC_CITY CompletionTurn=165 EscapeResult=-1 InitialResult=3 LevelAfter=1 LootInfo=-1 Name=LOC_CITIZEN_MAYA_MALE_3 Operation=58 PlotIndex=1404
mission CityName=LOC_CITY_NAME_SAINT_JOHN CompletionTurn=164 EscapeResult=1 InitialResult=2 LevelAfter=1 LootInfo=-1 Name=LOC_CITIZEN_MAYA_MALE_6 Operation=58 PlotIndex=1991
mission CityName=LOC_CITY_NAME_OTTAWA CompletionTurn=163 EscapeResult=-1 InitialResult=5 LevelAfter=2 LootInfo=-1 Name=LOC_CITIZEN_MAYA_FEMALE_8 Operation=58 PlotIndex=978
mission CityName=LOC_CITY_NAME_WINNIPEG CompletionTurn=162 EscapeResult=-1 InitialResult=3 LevelAfter=1 LootInfo=-1 Name=LOC_CITIZEN_MAYA_MODERN_MALE_10 Operation=58 PlotIndex=1742
mission CityName=LOC_CITY_NAME_MONTREAL CompletionTurn=162 EscapeResult=0 InitialResult=2 LevelAfter=2 LootInfo=-1 Name=LOC_CITIZEN_MAYA_MODERN_FEMALE_3 Operation=58 PlotIndex=1314
mission CityName=LOC_CITY_NAME_SAINT_JOHN CompletionTurn=160 EscapeResult=-1 InitialResult=3 LevelAfter=1 LootInfo=-1 Name=LOC_CITIZEN_MAYA_MALE_6 Operation=58 PlotIndex=1991
mission CityName=LOC_CITY_NAME_TORONTO CompletionTurn=159 EscapeResult=2 InitialResult=2 LevelAfter=1 LootInfo=-1 Name=LOC_CITIZEN_MAYA_MODERN_FEMALE_5 Operation=58 PlotIndex=1818
mission CityName=LOC_CITY_NAME_HALIFAX CompletionTurn=159 EscapeResult=0 InitialResult=2 LevelAfter=2 LootInfo=-1 Name=LOC_CITIZEN_MAYA_MODERN_FEMALE_9 Operation=58 PlotIndex=1409
mission CityName=LOC_CITY_NAME_OTTAWA CompletionTurn=156 EscapeResult=-1 InitialResult=1 LevelAfter=1 LootInfo=-1 Name=LOC_CITIZEN_MAYA_MODERN_MALE_9 Operation=58 PlotIndex=978
mission CityName=LOC_CITY_NAME_QUEBEC_CITY CompletionTurn=156 EscapeResult=2 InitialResult=2 LevelAfter=2 LootInfo=-1 Name=LOC_CITIZEN_MAYA_MALE_8 Operation=58 PlotIndex=1404
mission CityName=LOC_CITY_NAME_SAINT_JOHN CompletionTurn=156 EscapeResult=-1 InitialResult=3 LevelAfter=1 LootInfo=-1 Name=LOC_CITIZEN_MAYA_MALE_6 Operation=58 PlotIndex=1991
mission CityName=LOC_CITY_NAME_HALIFAX CompletionTurn=154 EscapeResult=-1 InitialResult=5 LevelAfter=2 LootInfo=-1 Name=LOC_CITIZEN_MAYA_FEMALE_4 Operation=58 PlotIndex=1409
mission CityName=LOC_CITY_NAME_QUEBEC_CITY CompletionTurn=151 EscapeResult=-1 InitialResult=5 LevelAfter=2 LootInfo=-1 Name=LOC_CITIZEN_MAYA_MALE_8 Operation=58 PlotIndex=1404
mission CityName=LOC_CITY_NAME_MONTREAL CompletionTurn=150 EscapeResult=0 InitialResult=2 LevelAfter=2 LootInfo=-1 Name=LOC_CITIZEN_MAYA_MALE_1 Operation=58 PlotIndex=1314
mission CityName=LOC_CITY_NAME_OTTAWA CompletionTurn=148 EscapeResult=2 InitialResult=2 LevelAfter=2 LootInfo=-1 Name=LOC_CITIZEN_MAYA_MODERN_FEMALE_3 Operation=58 PlotIndex=978
mission CityName=LOC_CITY_NAME_TORONTO CompletionTurn=148 EscapeResult=0 InitialResult=2 LevelAfter=1 LootInfo=-1 Name=LOC_CITIZEN_MAYA_FEMALE_3 Operation=58 PlotIndex=1818
mission CityName=LOC_CITY_NAME_OTTAWA CompletionTurn=144 EscapeResult=-1 InitialResult=3 LevelAfter=1 LootInfo=-1 Name=LOC_CITIZEN_MAYA_MODERN_MALE_9 Operation=58 PlotIndex=978
mission CityName=LOC_CITY_NAME_QUEBEC_CITY CompletionTurn=142 EscapeResult=2 InitialResult=4 LevelAfter=2 LootInfo=-1 Name=LOC_CITIZEN_MAYA_MODERN_FEMALE_9 Operation=58 PlotIndex=1404
mission CityName=LOC_CITY_NAME_MONTREAL CompletionTurn=141 EscapeResult=0 InitialResult=2 LevelAfter=1 LootInfo=-1 Name=LOC_CITIZEN_MAYA_MODERN_MALE_1 Operation=58 PlotIndex=1314
mission CityName=LOC_CITY_NAME_TORONTO CompletionTurn=140 EscapeResult=-1 InitialResult=0 LevelAfter=1 LootInfo=-1 Name=LOC_CITIZEN_MAYA_MODERN_MALE_4 Operation=58 PlotIndex=1818
mission CityName=LOC_CITY_NAME_MONTREAL CompletionTurn=137 EscapeResult=-1 InitialResult=5 LevelAfter=2 LootInfo=-1 Name=LOC_CITIZEN_MAYA_MALE_1 Operation=58 PlotIndex=1314
mission CityName=LOC_CITY_NAME_OTTAWA CompletionTurn=134 EscapeResult=2 InitialResult=4 LevelAfter=2 LootInfo=-1 Name=LOC_CITIZEN_MAYA_MODERN_FEMALE_3 Operation=58 PlotIndex=978
tally 8  FOMENT_UNREST CAPTURED / NO_RESULT
tally 4  FOMENT_UNREST FAIL_MUST_ESCAPE / CAPTURED
tally 3  FOMENT_UNREST FAIL_MUST_ESCAPE / FAIL_MUST_ESCAPE
tally 5  FOMENT_UNREST FAIL_MUST_ESCAPE / KILLED
tally 9  FOMENT_UNREST FAIL_UNDETECTED / NO_RESULT
tally 1  FOMENT_UNREST KILLED / NO_RESULT
tally 1  FOMENT_UNREST SUCCESS_MUST_ESCAPE / CAPTURED
tally 8  FOMENT_UNREST SUCCESS_MUST_ESCAPE / FAIL_MUST_ESCAPE
tally 8  FOMENT_UNREST SUCCESS_MUST_ESCAPE / KILLED
tally 18  FOMENT_UNREST SUCCESS_UNDETECTED / NO_RESULT
turn 218 spies active 1 idle 1 missions 65 captured-enemy 0
spy 9961474 LOC_CITIZEN_MAYA_MODERN_FEMALE_4 level 1 at 54:15 start
spy 9764885 LOC_CITIZEN_MAYA_FEMALE_5 level 1 at 54:11 busy
spy 9830428 LOC_CITIZEN_MAYA_MODERN_MALE_8 level 1 at 36:42 travel
turn 218 spies 3 started 1 travelled 1 promoted 0 bought 0 gold 50000
unblock: blocker ENDTURN_BLOCKING_PRODUCTION -> NARANJO builds UNIT_WARRIOR | end turn requested
unstuck: InGamePopup: open, no close
unblock: blocker ENDTURN_BLOCKING_FILL_CIVIC_SLOT -> nothing | end turn requested
unstuck: InGamePopup: open, no close
unblock: blocker ENDTURN_BLOCKING_WORLD_CONGRESS_SESSION -> nothing | end turn requested
unstuck: InGamePopup: open, no close
unstuck: WorldCongressIntro: closed
unstuck: WorldCongressPopup: closed
mission CityName=LOC_CITY_NAME_HALIFAX CompletionTurn=208 EscapeResult=-1 InitialResult=1 LevelAfter=2 LootInfo=-1 Name=LOC_CITIZEN_MAYA_MODERN_MALE_10 Operation=58 PlotIndex=1409
mission CityName=LOC_CITY_NAME_MONTREAL CompletionTurn=205 EscapeResult=0 InitialResult=4 LevelAfter=2 LootInfo=-1 Name=LOC_CITIZEN_MAYA_MODERN_FEMALE_6 Operation=58 PlotIndex=1314
mission CityName=LOC_CITY_NAME_HALIFAX CompletionTurn=204 EscapeResult=-1 InitialResult=5 LevelAfter=2 LootInfo=-1 Name=LOC_CITIZEN_MAYA_MODERN_MALE_10 Operation=58 PlotIndex=1409
mission CityName=LOC_CITY_NAME_QUEBEC_CITY CompletionTurn=204 EscapeResult=2 InitialResult=4 LevelAfter=2 LootInfo=-1 Name=LOC_CITIZEN_MAYA_MODERN_FEMALE_4 Operation=58 PlotIndex=1404
mission CityName=LOC_CITY_NAME_OTTAWA CompletionTurn=200 EscapeResult=2 InitialResult=4 LevelAfter=2 LootInfo=-1 Name=LOC_CITIZEN_MAYA_MODERN_MALE_8 Operation=58 PlotIndex=978
mission CityName=LOC_CITY_NAME_QUEBEC_CITY CompletionTurn=200 EscapeResult=-1 InitialResult=5 LevelAfter=2 LootInfo=-1 Name=LOC_CITIZEN_MAYA_MODERN_FEMALE_4 Operation=58 PlotIndex=1404
mission CityName=LOC_CITY_NAME_TORONTO CompletionTurn=197 EscapeResult=1 InitialResult=2 LevelAfter=2 LootInfo=-1 Name=LOC_CITIZEN_MAYA_MALE_8 Operation=58 PlotIndex=1818
mission CityName=LOC_CITY_NAME_MONTREAL CompletionTurn=195 EscapeResult=0 InitialResult=4 LevelAfter=2 LootInfo=-1 Name=LOC_CITIZEN_MAYA_MALE_6 Operation=58 PlotIndex=1314
mission CityName=LOC_CITY_NAME_BRANTFORD CompletionTurn=195 EscapeResult=-1 InitialResult=1 LevelAfter=1 LootInfo=-1 Name=LOC_CITIZEN_MAYA_MODERN_MALE_4 Operation=58 PlotIndex=473
mission CityName=LOC_CITY_NAME_QUEBEC_CITY CompletionTurn=192 EscapeResult=-1 InitialResult=1 LevelAfter=2 LootInfo=-1 Name=LOC_CITIZEN_MAYA_MALE_2 Operation=58 PlotIndex=1404
mission CityName=LOC_CITY_NAME_BRANTFORD CompletionTurn=191 EscapeResult=-1 InitialResult=3 LevelAfter=1 LootInfo=-1 Name=LOC_CITIZEN_MAYA_MODERN_MALE_4 Operation=58 PlotIndex=473
mission CityName=LOC_CITY_NAME_MONTREAL CompletionTurn=191 EscapeResult=-1 InitialResult=1 LevelAfter=2 LootInfo=-1 Name=LOC_CITIZEN_MAYA_MALE_4 Operation=58 PlotIndex=1314
mission CityName=LOC_CITY_NAME_SAINT_JOHN CompletionTurn=189 EscapeResult=2 InitialResult=4 LevelAfter=2 LootInfo=-1 Name=LOC_CITIZEN_MAYA_MODERN_FEMALE_4 Operation=58 PlotIndex=1991
mission CityName=LOC_CITY_NAME_QUEBEC_CITY CompletionTurn=188 EscapeResult=-1 InitialResult=5 LevelAfter=2 LootInfo=-1 Name=LOC_CITIZEN_MAYA_MALE_2 Operation=58 PlotIndex=1404
mission CityName=LOC_CITY_NAME_OTTAWA CompletionTurn=188 EscapeResult=0 InitialResult=4 LevelAfter=2 LootInfo=-1 Name=LOC_CITIZEN_MAYA_FEMALE_7 Operation=58 PlotIndex=978
mission CityName=LOC_CITY_NAME_TORONTO CompletionTurn=188 EscapeResult=2 InitialResult=4 LevelAfter=2 LootInfo=-1 Name=LOC_CITIZEN_MAYA_MALE_8 Operation=58 PlotIndex=1818
mission CityName=LOC_CITY_NAME_HALIFAX CompletionTurn=187 EscapeResult=0 InitialResult=4 LevelAfter=2 LootInfo=-1 Name=LOC_CITIZEN_MAYA_FEMALE_6 Operation=58 PlotIndex=1409
mission CityName=LOC_CITY_NAME_WINNIPEG CompletionTurn=187 EscapeResult=1 InitialResult=2 LevelAfter=1 LootInfo=-1 Name=LOC_CITIZEN_MAYA_FEMALE_1 Operation=58 PlotIndex=1742
mission CityName=LOC_CITY_NAME_SAINT_JOHN CompletionTurn=185 EscapeResult=-1 InitialResult=3 LevelAfter=2 LootInfo=-1 Name=LOC_CITIZEN_MAYA_MODERN_FEMALE_4 Operation=58 PlotIndex=1991
mission CityName=LOC_CITY_NAME_OTTAWA CompletionTurn=184 EscapeResult=-1 InitialResult=5 LevelAfter=2 LootInfo=-1 Name=LOC_CITIZEN_MAYA_FEMALE_7 Operation=58 PlotIndex=978
mission CityName=LOC_CITY_NAME_HALIFAX CompletionTurn=183 EscapeResult=-1 InitialResult=5 LevelAfter=2 LootInfo=-1 Name=LOC_CITIZEN_MAYA_FEMALE_6 Operation=58 PlotIndex=1409
mission CityName=LOC_CITY_NAME_SAINT_JOHN CompletionTurn=181 EscapeResult=-1 InitialResult=5 LevelAfter=2 LootInfo=-1 Name=LOC_CITIZEN_MAYA_MODERN_FEMALE_4 Operation=58 PlotIndex=1991
mission CityName=LOC_CITY_NAME_MONTREAL CompletionTurn=180 EscapeResult=0 InitialResult=4 LevelAfter=2 LootInfo=-1 Name=LOC_CITIZEN_MAYA_MODERN_FEMALE_5 Operation=58 PlotIndex=1314
mission CityName=LOC_CITY_NAME_TORONTO CompletionTurn=180 EscapeResult=2 InitialResult=4 LevelAfter=2 LootInfo=-1 Name=LOC_CITIZEN_MAYA_MALE_8 Operation=58 PlotIndex=1818
mission CityName=LOC_CITY_NAME_QUEBEC_CITY CompletionTurn=179 EscapeResult=2 InitialResult=4 LevelAfter=2 LootInfo=-1 Name=LOC_CITIZEN_MAYA_MALE_4 Operation=58 PlotIndex=1404
mission CityName=LOC_CITY_NAME_HALIFAX CompletionTurn=176 EscapeResult=0 InitialResult=4 LevelAfter=2 LootInfo=-1 Name=LOC_CITIZEN_MAYA_MALE_5 Operation=58 PlotIndex=1409
mission CityName=LOC_CITY_NAME_TORONTO CompletionTurn=176 EscapeResult=-1 InitialResult=5 LevelAfter=2 LootInfo=-1 Name=LOC_CITIZEN_MAYA_MALE_8 Operation=58 PlotIndex=1818
mission CityName=LOC_CITY_NAME_OTTAWA CompletionTurn=175 EscapeResult=1 InitialResult=2 LevelAfter=2 LootInfo=-1 Name=LOC_CITIZEN_MAYA_FEMALE_8 Operation=58 PlotIndex=978
mission CityName=LOC_CITY_NAME_MONTREAL CompletionTurn=175 EscapeResult=0 InitialResult=4 LevelAfter=2 LootInfo=-1 Name=LOC_CITIZEN_MAYA_MODERN_FEMALE_2 Operation=58 PlotIndex=1314
mission CityName=LOC_CITY_NAME_WINNIPEG CompletionTurn=174 EscapeResult=1 InitialResult=4 LevelAfter=2 LootInfo=-1 Name=LOC_CITIZEN_MAYA_MODERN_MALE_10 Operation=58 PlotIndex=1742
mission CityName=LOC_CITY_NAME_SAINT_JOHN CompletionTurn=173 EscapeResult=-1 InitialResult=1 LevelAfter=1 LootInfo=-1 Name=LOC_CITIZEN_MAYA_MODERN_FEMALE_1 Operation=58 PlotIndex=1991
mission CityName=LOC_CITY_NAME_QUEBEC_CITY CompletionTurn=173 EscapeResult=-1 InitialResult=1 LevelAfter=2 LootInfo=-1 Name=LOC_CITIZEN_MAYA_MALE_3 Operation=58 PlotIndex=1404
mission CityName=LOC_CITY_NAME_BRANTFORD CompletionTurn=172 EscapeResult=-1 InitialResult=1 LevelAfter=2 LootInfo=-1 Name=LOC_CITIZEN_MAYA_MODERN_FEMALE_7 Operation=58 PlotIndex=473
mission CityName=LOC_CITY_NAME_TORONTO CompletionTurn=172 EscapeResult=-1 InitialResult=5 LevelAfter=2 LootInfo=-1 Name=LOC_CITIZEN_MAYA_MALE_8 Operation=58 PlotIndex=1818
mission CityName=LOC_CITY_NAME_OTTAWA CompletionTurn=171 EscapeResult=-1 InitialResult=5 LevelAfter=2 LootInfo=-1 Name=LOC_CITIZEN_MAYA_FEMALE_8 Operation=58 PlotIndex=978
mission CityName=LOC_CITY_NAME_MONTREAL CompletionTurn=171 EscapeResult=-1 InitialResult=5 LevelAfter=2 LootInfo=-1 Name=LOC_CITIZEN_MAYA_MODERN_FEMALE_2 Operation=58 PlotIndex=1314
mission CityName=LOC_CITY_NAME_WINNIPEG CompletionTurn=170 EscapeResult=-1 InitialResult=3 LevelAfter=2 LootInfo=-1 Name=LOC_CITIZEN_MAYA_MODERN_MALE_10 Operation=58 PlotIndex=1742
mission CityName=LOC_CITY_NAME_QUEBEC_CITY CompletionTurn=169 EscapeResult=-1 InitialResult=5 LevelAfter=2 LootInfo=-1 Name=LOC_CITIZEN_MAYA_MALE_3 Operation=58 PlotIndex=1404
mission CityName=LOC_CITY_NAME_BRANTFORD CompletionTurn=168 EscapeResult=-1 InitialResult=5 LevelAfter=2 LootInfo=-1 Name=LOC_CITIZEN_MAYA_MODERN_FEMALE_7 Operation=58 PlotIndex=473
mission CityName=LOC_CITY_NAME_TORONTO CompletionTurn=168 EscapeResult=-1 InitialResult=3 LevelAfter=2 LootInfo=-1 Name=LOC_CITIZEN_MAYA_MALE_8 Operation=58 PlotIndex=1818
mission CityName=LOC_CITY_NAME_OTTAWA CompletionTurn=167 EscapeResult=-1 InitialResult=5 LevelAfter=2 LootInfo=-1 Name=LOC_CITIZEN_MAYA_FEMALE_8 Operation=58 PlotIndex=978
mission CityName=LOC_CITY_NAME_WINNIPEG CompletionTurn=166 EscapeResult=-1 InitialResult=5 LevelAfter=2 LootInfo=-1 Name=LOC_CITIZEN_MAYA_MODERN_MALE_10 Operation=58 PlotIndex=1742
mission CityName=LOC_CITY_NAME_HALIFAX CompletionTurn=166 EscapeResult=0 InitialResult=4 LevelAfter=2 LootInfo=-1 Name=LOC_CITIZEN_MAYA_FEMALE_4 Operation=58 PlotIndex=1409
mission CityName=LOC_CITY_NAME_QUEBEC_CITY CompletionTurn=165 EscapeResult=-1 InitialResult=3 LevelAfter=1 LootInfo=-1 Name=LOC_CITIZEN_MAYA_MALE_3 Operation=58 PlotIndex=1404
mission CityName=LOC_CITY_NAME_SAINT_JOHN CompletionTurn=164 EscapeResult=1 InitialResult=2 LevelAfter=1 LootInfo=-1 Name=LOC_CITIZEN_MAYA_MALE_6 Operation=58 PlotIndex=1991
mission CityName=LOC_CITY_NAME_OTTAWA CompletionTurn=163 EscapeResult=-1 InitialResult=5 LevelAfter=2 LootInfo=-1 Name=LOC_CITIZEN_MAYA_FEMALE_8 Operation=58 PlotIndex=978
mission CityName=LOC_CITY_NAME_WINNIPEG CompletionTurn=162 EscapeResult=-1 InitialResult=3 LevelAfter=1 LootInfo=-1 Name=LOC_CITIZEN_MAYA_MODERN_MALE_10 Operation=58 PlotIndex=1742
mission CityName=LOC_CITY_NAME_MONTREAL CompletionTurn=162 EscapeResult=0 InitialResult=2 LevelAfter=2 LootInfo=-1 Name=LOC_CITIZEN_MAYA_MODERN_FEMALE_3 Operation=58 PlotIndex=1314
mission CityName=LOC_CITY_NAME_SAINT_JOHN CompletionTurn=160 EscapeResult=-1 InitialResult=3 LevelAfter=1 LootInfo=-1 Name=LOC_CITIZEN_MAYA_MALE_6 Operation=58 PlotIndex=1991
mission CityName=LOC_CITY_NAME_TORONTO CompletionTurn=159 EscapeResult=2 InitialResult=2 LevelAfter=1 LootInfo=-1 Name=LOC_CITIZEN_MAYA_MODERN_FEMALE_5 Operation=58 PlotIndex=1818
mission CityName=LOC_CITY_NAME_HALIFAX CompletionTurn=159 EscapeResult=0 InitialResult=2 LevelAfter=2 LootInfo=-1 Name=LOC_CITIZEN_MAYA_MODERN_FEMALE_9 Operation=58 PlotIndex=1409
mission CityName=LOC_CITY_NAME_OTTAWA CompletionTurn=156 EscapeResult=-1 InitialResult=1 LevelAfter=1 LootInfo=-1 Name=LOC_CITIZEN_MAYA_MODERN_MALE_9 Operation=58 PlotIndex=978
mission CityName=LOC_CITY_NAME_QUEBEC_CITY CompletionTurn=156 EscapeResult=2 InitialResult=2 LevelAfter=2 LootInfo=-1 Name=LOC_CITIZEN_MAYA_MALE_8 Operation=58 PlotIndex=1404
mission CityName=LOC_CITY_NAME_SAINT_JOHN CompletionTurn=156 EscapeResult=-1 InitialResult=3 LevelAfter=1 LootInfo=-1 Name=LOC_CITIZEN_MAYA_MALE_6 Operation=58 PlotIndex=1991
mission CityName=LOC_CITY_NAME_HALIFAX CompletionTurn=154 EscapeResult=-1 InitialResult=5 LevelAfter=2 LootInfo=-1 Name=LOC_CITIZEN_MAYA_FEMALE_4 Operation=58 PlotIndex=1409
mission CityName=LOC_CITY_NAME_QUEBEC_CITY CompletionTurn=151 EscapeResult=-1 InitialResult=5 LevelAfter=2 LootInfo=-1 Name=LOC_CITIZEN_MAYA_MALE_8 Operation=58 PlotIndex=1404
mission CityName=LOC_CITY_NAME_MONTREAL CompletionTurn=150 EscapeResult=0 InitialResult=2 LevelAfter=2 LootInfo=-1 Name=LOC_CITIZEN_MAYA_MALE_1 Operation=58 PlotIndex=1314
mission CityName=LOC_CITY_NAME_OTTAWA CompletionTurn=148 EscapeResult=2 InitialResult=2 LevelAfter=2 LootInfo=-1 Name=LOC_CITIZEN_MAYA_MODERN_FEMALE_3 Operation=58 PlotIndex=978
mission CityName=LOC_CITY_NAME_TORONTO CompletionTurn=148 EscapeResult=0 InitialResult=2 LevelAfter=1 LootInfo=-1 Name=LOC_CITIZEN_MAYA_FEMALE_3 Operation=58 PlotIndex=1818
mission CityName=LOC_CITY_NAME_OTTAWA CompletionTurn=144 EscapeResult=-1 InitialResult=3 LevelAfter=1 LootInfo=-1 Name=LOC_CITIZEN_MAYA_MODERN_MALE_9 Operation=58 PlotIndex=978
mission CityName=LOC_CITY_NAME_QUEBEC_CITY CompletionTurn=142 EscapeResult=2 InitialResult=4 LevelAfter=2 LootInfo=-1 Name=LOC_CITIZEN_MAYA_MODERN_FEMALE_9 Operation=58 PlotIndex=1404
mission CityName=LOC_CITY_NAME_MONTREAL CompletionTurn=141 EscapeResult=0 InitialResult=2 LevelAfter=1 LootInfo=-1 Name=LOC_CITIZEN_MAYA_MODERN_MALE_1 Operation=58 PlotIndex=1314
mission CityName=LOC_CITY_NAME_TORONTO CompletionTurn=140 EscapeResult=-1 InitialResult=0 LevelAfter=1 LootInfo=-1 Name=LOC_CITIZEN_MAYA_MODERN_MALE_4 Operation=58 PlotIndex=1818
mission CityName=LOC_CITY_NAME_MONTREAL CompletionTurn=137 EscapeResult=-1 InitialResult=5 LevelAfter=2 LootInfo=-1 Name=LOC_CITIZEN_MAYA_MALE_1 Operation=58 PlotIndex=1314
mission CityName=LOC_CITY_NAME_OTTAWA CompletionTurn=134 EscapeResult=2 InitialResult=4 LevelAfter=2 LootInfo=-1 Name=LOC_CITIZEN_MAYA_MODERN_FEMALE_3 Operation=58 PlotIndex=978
tally 8  FOMENT_UNREST CAPTURED / NO_RESULT
tally 4  FOMENT_UNREST FAIL_MUST_ESCAPE / CAPTURED
tally 3  FOMENT_UNREST FAIL_MUST_ESCAPE / FAIL_MUST_ESCAPE
tally 5  FOMENT_UNREST FAIL_MUST_ESCAPE / KILLED
tally 9  FOMENT_UNREST FAIL_UNDETECTED / NO_RESULT
tally 1  FOMENT_UNREST KILLED / NO_RESULT
tally 1  FOMENT_UNREST SUCCESS_MUST_ESCAPE / CAPTURED
tally 8  FOMENT_UNREST SUCCESS_MUST_ESCAPE / FAIL_MUST_ESCAPE
tally 8  FOMENT_UNREST SUCCESS_MUST_ESCAPE / KILLED
tally 18  FOMENT_UNREST SUCCESS_UNDETECTED / NO_RESULT
turn 219 spies active 2 idle 1 missions 65 captured-enemy 0
spy 9961474 LOC_CITIZEN_MAYA_MODERN_FEMALE_4 level 1 at 54:15 busy
spy 9764885 LOC_CITIZEN_MAYA_FEMALE_5 level 1 at 54:11 busy
spy 10027036 LOC_CITIZEN_MAYA_MODERN_MALE_8 level 1 at 54:21 start
turn 219 spies 3 started 1 travelled 0 promoted 0 bought 0 gold 50000
unblock: blocker ENDTURN_BLOCKING_RESEARCH -> research TECH_CASTLES | end turn requested
unstuck: InGamePopup: open, no close
unblock: blocker ENDTURN_BLOCKING_PRODUCTION -> NARANJO builds UNIT_WARRIOR | end turn requested
unstuck: closed sessions [2:2]
unstuck: DiplomacyActionView: Closing Diplomacy Action View. m_eventID: 1418640
unstuck: InGamePopup: open, no close
unblock: blocker ENDTURN_BLOCKING_PRODUCTION -> NARANJO builds UNIT_WARRIOR | end turn requested
unstuck: InGamePopup: open, no close
mission CityName=LOC_CITY_NAME_OTTAWA CompletionTurn=220 EscapeResult=-1 InitialResult=4 LevelAfter=2 LootInfo=-1 Name=LOC_CITIZEN_MAYA_FEMALE_5 Operation=58 PlotIndex=978
mission CityName=LOC_CITY_NAME_HALIFAX CompletionTurn=208 EscapeResult=-1 InitialResult=1 LevelAfter=2 LootInfo=-1 Name=LOC_CITIZEN_MAYA_MODERN_MALE_10 Operation=58 PlotIndex=1409
mission CityName=LOC_CITY_NAME_MONTREAL CompletionTurn=205 EscapeResult=0 InitialResult=4 LevelAfter=2 LootInfo=-1 Name=LOC_CITIZEN_MAYA_MODERN_FEMALE_6 Operation=58 PlotIndex=1314
mission CityName=LOC_CITY_NAME_HALIFAX CompletionTurn=204 EscapeResult=-1 InitialResult=5 LevelAfter=2 LootInfo=-1 Name=LOC_CITIZEN_MAYA_MODERN_MALE_10 Operation=58 PlotIndex=1409
mission CityName=LOC_CITY_NAME_QUEBEC_CITY CompletionTurn=204 EscapeResult=2 InitialResult=4 LevelAfter=2 LootInfo=-1 Name=LOC_CITIZEN_MAYA_MODERN_FEMALE_4 Operation=58 PlotIndex=1404
mission CityName=LOC_CITY_NAME_OTTAWA CompletionTurn=200 EscapeResult=2 InitialResult=4 LevelAfter=2 LootInfo=-1 Name=LOC_CITIZEN_MAYA_MODERN_MALE_8 Operation=58 PlotIndex=978
mission CityName=LOC_CITY_NAME_QUEBEC_CITY CompletionTurn=200 EscapeResult=-1 InitialResult=5 LevelAfter=2 LootInfo=-1 Name=LOC_CITIZEN_MAYA_MODERN_FEMALE_4 Operation=58 PlotIndex=1404
mission CityName=LOC_CITY_NAME_TORONTO CompletionTurn=197 EscapeResult=1 InitialResult=2 LevelAfter=2 LootInfo=-1 Name=LOC_CITIZEN_MAYA_MALE_8 Operation=58 PlotIndex=1818
mission CityName=LOC_CITY_NAME_MONTREAL CompletionTurn=195 EscapeResult=0 InitialResult=4 LevelAfter=2 LootInfo=-1 Name=LOC_CITIZEN_MAYA_MALE_6 Operation=58 PlotIndex=1314
mission CityName=LOC_CITY_NAME_BRANTFORD CompletionTurn=195 EscapeResult=-1 InitialResult=1 LevelAfter=1 LootInfo=-1 Name=LOC_CITIZEN_MAYA_MODERN_MALE_4 Operation=58 PlotIndex=473
mission CityName=LOC_CITY_NAME_QUEBEC_CITY CompletionTurn=192 EscapeResult=-1 InitialResult=1 LevelAfter=2 LootInfo=-1 Name=LOC_CITIZEN_MAYA_MALE_2 Operation=58 PlotIndex=1404
mission CityName=LOC_CITY_NAME_BRANTFORD CompletionTurn=191 EscapeResult=-1 InitialResult=3 LevelAfter=1 LootInfo=-1 Name=LOC_CITIZEN_MAYA_MODERN_MALE_4 Operation=58 PlotIndex=473
mission CityName=LOC_CITY_NAME_MONTREAL CompletionTurn=191 EscapeResult=-1 InitialResult=1 LevelAfter=2 LootInfo=-1 Name=LOC_CITIZEN_MAYA_MALE_4 Operation=58 PlotIndex=1314
mission CityName=LOC_CITY_NAME_SAINT_JOHN CompletionTurn=189 EscapeResult=2 InitialResult=4 LevelAfter=2 LootInfo=-1 Name=LOC_CITIZEN_MAYA_MODERN_FEMALE_4 Operation=58 PlotIndex=1991
mission CityName=LOC_CITY_NAME_QUEBEC_CITY CompletionTurn=188 EscapeResult=-1 InitialResult=5 LevelAfter=2 LootInfo=-1 Name=LOC_CITIZEN_MAYA_MALE_2 Operation=58 PlotIndex=1404
mission CityName=LOC_CITY_NAME_OTTAWA CompletionTurn=188 EscapeResult=0 InitialResult=4 LevelAfter=2 LootInfo=-1 Name=LOC_CITIZEN_MAYA_FEMALE_7 Operation=58 PlotIndex=978
mission CityName=LOC_CITY_NAME_TORONTO CompletionTurn=188 EscapeResult=2 InitialResult=4 LevelAfter=2 LootInfo=-1 Name=LOC_CITIZEN_MAYA_MALE_8 Operation=58 PlotIndex=1818
mission CityName=LOC_CITY_NAME_HALIFAX CompletionTurn=187 EscapeResult=0 InitialResult=4 LevelAfter=2 LootInfo=-1 Name=LOC_CITIZEN_MAYA_FEMALE_6 Operation=58 PlotIndex=1409
mission CityName=LOC_CITY_NAME_WINNIPEG CompletionTurn=187 EscapeResult=1 InitialResult=2 LevelAfter=1 LootInfo=-1 Name=LOC_CITIZEN_MAYA_FEMALE_1 Operation=58 PlotIndex=1742
mission CityName=LOC_CITY_NAME_SAINT_JOHN CompletionTurn=185 EscapeResult=-1 InitialResult=3 LevelAfter=2 LootInfo=-1 Name=LOC_CITIZEN_MAYA_MODERN_FEMALE_4 Operation=58 PlotIndex=1991
mission CityName=LOC_CITY_NAME_OTTAWA CompletionTurn=184 EscapeResult=-1 InitialResult=5 LevelAfter=2 LootInfo=-1 Name=LOC_CITIZEN_MAYA_FEMALE_7 Operation=58 PlotIndex=978
mission CityName=LOC_CITY_NAME_HALIFAX CompletionTurn=183 EscapeResult=-1 InitialResult=5 LevelAfter=2 LootInfo=-1 Name=LOC_CITIZEN_MAYA_FEMALE_6 Operation=58 PlotIndex=1409
mission CityName=LOC_CITY_NAME_SAINT_JOHN CompletionTurn=181 EscapeResult=-1 InitialResult=5 LevelAfter=2 LootInfo=-1 Name=LOC_CITIZEN_MAYA_MODERN_FEMALE_4 Operation=58 PlotIndex=1991
mission CityName=LOC_CITY_NAME_MONTREAL CompletionTurn=180 EscapeResult=0 InitialResult=4 LevelAfter=2 LootInfo=-1 Name=LOC_CITIZEN_MAYA_MODERN_FEMALE_5 Operation=58 PlotIndex=1314
mission CityName=LOC_CITY_NAME_TORONTO CompletionTurn=180 EscapeResult=2 InitialResult=4 LevelAfter=2 LootInfo=-1 Name=LOC_CITIZEN_MAYA_MALE_8 Operation=58 PlotIndex=1818
mission CityName=LOC_CITY_NAME_QUEBEC_CITY CompletionTurn=179 EscapeResult=2 InitialResult=4 LevelAfter=2 LootInfo=-1 Name=LOC_CITIZEN_MAYA_MALE_4 Operation=58 PlotIndex=1404
mission CityName=LOC_CITY_NAME_HALIFAX CompletionTurn=176 EscapeResult=0 InitialResult=4 LevelAfter=2 LootInfo=-1 Name=LOC_CITIZEN_MAYA_MALE_5 Operation=58 PlotIndex=1409
mission CityName=LOC_CITY_NAME_TORONTO CompletionTurn=176 EscapeResult=-1 InitialResult=5 LevelAfter=2 LootInfo=-1 Name=LOC_CITIZEN_MAYA_MALE_8 Operation=58 PlotIndex=1818
mission CityName=LOC_CITY_NAME_OTTAWA CompletionTurn=175 EscapeResult=1 InitialResult=2 LevelAfter=2 LootInfo=-1 Name=LOC_CITIZEN_MAYA_FEMALE_8 Operation=58 PlotIndex=978
mission CityName=LOC_CITY_NAME_MONTREAL CompletionTurn=175 EscapeResult=0 InitialResult=4 LevelAfter=2 LootInfo=-1 Name=LOC_CITIZEN_MAYA_MODERN_FEMALE_2 Operation=58 PlotIndex=1314
mission CityName=LOC_CITY_NAME_WINNIPEG CompletionTurn=174 EscapeResult=1 InitialResult=4 LevelAfter=2 LootInfo=-1 Name=LOC_CITIZEN_MAYA_MODERN_MALE_10 Operation=58 PlotIndex=1742
mission CityName=LOC_CITY_NAME_SAINT_JOHN CompletionTurn=173 EscapeResult=-1 InitialResult=1 LevelAfter=1 LootInfo=-1 Name=LOC_CITIZEN_MAYA_MODERN_FEMALE_1 Operation=58 PlotIndex=1991
mission CityName=LOC_CITY_NAME_QUEBEC_CITY CompletionTurn=173 EscapeResult=-1 InitialResult=1 LevelAfter=2 LootInfo=-1 Name=LOC_CITIZEN_MAYA_MALE_3 Operation=58 PlotIndex=1404
mission CityName=LOC_CITY_NAME_BRANTFORD CompletionTurn=172 EscapeResult=-1 InitialResult=1 LevelAfter=2 LootInfo=-1 Name=LOC_CITIZEN_MAYA_MODERN_FEMALE_7 Operation=58 PlotIndex=473
mission CityName=LOC_CITY_NAME_TORONTO CompletionTurn=172 EscapeResult=-1 InitialResult=5 LevelAfter=2 LootInfo=-1 Name=LOC_CITIZEN_MAYA_MALE_8 Operation=58 PlotIndex=1818
mission CityName=LOC_CITY_NAME_OTTAWA CompletionTurn=171 EscapeResult=-1 InitialResult=5 LevelAfter=2 LootInfo=-1 Name=LOC_CITIZEN_MAYA_FEMALE_8 Operation=58 PlotIndex=978
mission CityName=LOC_CITY_NAME_MONTREAL CompletionTurn=171 EscapeResult=-1 InitialResult=5 LevelAfter=2 LootInfo=-1 Name=LOC_CITIZEN_MAYA_MODERN_FEMALE_2 Operation=58 PlotIndex=1314
mission CityName=LOC_CITY_NAME_WINNIPEG CompletionTurn=170 EscapeResult=-1 InitialResult=3 LevelAfter=2 LootInfo=-1 Name=LOC_CITIZEN_MAYA_MODERN_MALE_10 Operation=58 PlotIndex=1742
mission CityName=LOC_CITY_NAME_QUEBEC_CITY CompletionTurn=169 EscapeResult=-1 InitialResult=5 LevelAfter=2 LootInfo=-1 Name=LOC_CITIZEN_MAYA_MALE_3 Operation=58 PlotIndex=1404
mission CityName=LOC_CITY_NAME_BRANTFORD CompletionTurn=168 EscapeResult=-1 InitialResult=5 LevelAfter=2 LootInfo=-1 Name=LOC_CITIZEN_MAYA_MODERN_FEMALE_7 Operation=58 PlotIndex=473
mission CityName=LOC_CITY_NAME_TORONTO CompletionTurn=168 EscapeResult=-1 InitialResult=3 LevelAfter=2 LootInfo=-1 Name=LOC_CITIZEN_MAYA_MALE_8 Operation=58 PlotIndex=1818
mission CityName=LOC_CITY_NAME_OTTAWA CompletionTurn=167 EscapeResult=-1 InitialResult=5 LevelAfter=2 LootInfo=-1 Name=LOC_CITIZEN_MAYA_FEMALE_8 Operation=58 PlotIndex=978
mission CityName=LOC_CITY_NAME_WINNIPEG CompletionTurn=166 EscapeResult=-1 InitialResult=5 LevelAfter=2 LootInfo=-1 Name=LOC_CITIZEN_MAYA_MODERN_MALE_10 Operation=58 PlotIndex=1742
mission CityName=LOC_CITY_NAME_HALIFAX CompletionTurn=166 EscapeResult=0 InitialResult=4 LevelAfter=2 LootInfo=-1 Name=LOC_CITIZEN_MAYA_FEMALE_4 Operation=58 PlotIndex=1409
mission CityName=LOC_CITY_NAME_QUEBEC_CITY CompletionTurn=165 EscapeResult=-1 InitialResult=3 LevelAfter=1 LootInfo=-1 Name=LOC_CITIZEN_MAYA_MALE_3 Operation=58 PlotIndex=1404
mission CityName=LOC_CITY_NAME_SAINT_JOHN CompletionTurn=164 EscapeResult=1 InitialResult=2 LevelAfter=1 LootInfo=-1 Name=LOC_CITIZEN_MAYA_MALE_6 Operation=58 PlotIndex=1991
mission CityName=LOC_CITY_NAME_OTTAWA CompletionTurn=163 EscapeResult=-1 InitialResult=5 LevelAfter=2 LootInfo=-1 Name=LOC_CITIZEN_MAYA_FEMALE_8 Operation=58 PlotIndex=978
mission CityName=LOC_CITY_NAME_WINNIPEG CompletionTurn=162 EscapeResult=-1 InitialResult=3 LevelAfter=1 LootInfo=-1 Name=LOC_CITIZEN_MAYA_MODERN_MALE_10 Operation=58 PlotIndex=1742
mission CityName=LOC_CITY_NAME_MONTREAL CompletionTurn=162 EscapeResult=0 InitialResult=2 LevelAfter=2 LootInfo=-1 Name=LOC_CITIZEN_MAYA_MODERN_FEMALE_3 Operation=58 PlotIndex=1314
mission CityName=LOC_CITY_NAME_SAINT_JOHN CompletionTurn=160 EscapeResult=-1 InitialResult=3 LevelAfter=1 LootInfo=-1 Name=LOC_CITIZEN_MAYA_MALE_6 Operation=58 PlotIndex=1991
mission CityName=LOC_CITY_NAME_TORONTO CompletionTurn=159 EscapeResult=2 InitialResult=2 LevelAfter=1 LootInfo=-1 Name=LOC_CITIZEN_MAYA_MODERN_FEMALE_5 Operation=58 PlotIndex=1818
mission CityName=LOC_CITY_NAME_HALIFAX CompletionTurn=159 EscapeResult=0 InitialResult=2 LevelAfter=2 LootInfo=-1 Name=LOC_CITIZEN_MAYA_MODERN_FEMALE_9 Operation=58 PlotIndex=1409
mission CityName=LOC_CITY_NAME_OTTAWA CompletionTurn=156 EscapeResult=-1 InitialResult=1 LevelAfter=1 LootInfo=-1 Name=LOC_CITIZEN_MAYA_MODERN_MALE_9 Operation=58 PlotIndex=978
mission CityName=LOC_CITY_NAME_QUEBEC_CITY CompletionTurn=156 EscapeResult=2 InitialResult=2 LevelAfter=2 LootInfo=-1 Name=LOC_CITIZEN_MAYA_MALE_8 Operation=58 PlotIndex=1404
mission CityName=LOC_CITY_NAME_SAINT_JOHN CompletionTurn=156 EscapeResult=-1 InitialResult=3 LevelAfter=1 LootInfo=-1 Name=LOC_CITIZEN_MAYA_MALE_6 Operation=58 PlotIndex=1991
mission CityName=LOC_CITY_NAME_HALIFAX CompletionTurn=154 EscapeResult=-1 InitialResult=5 LevelAfter=2 LootInfo=-1 Name=LOC_CITIZEN_MAYA_FEMALE_4 Operation=58 PlotIndex=1409
mission CityName=LOC_CITY_NAME_QUEBEC_CITY CompletionTurn=151 EscapeResult=-1 InitialResult=5 LevelAfter=2 LootInfo=-1 Name=LOC_CITIZEN_MAYA_MALE_8 Operation=58 PlotIndex=1404
mission CityName=LOC_CITY_NAME_MONTREAL CompletionTurn=150 EscapeResult=0 InitialResult=2 LevelAfter=2 LootInfo=-1 Name=LOC_CITIZEN_MAYA_MALE_1 Operation=58 PlotIndex=1314
mission CityName=LOC_CITY_NAME_OTTAWA CompletionTurn=148 EscapeResult=2 InitialResult=2 LevelAfter=2 LootInfo=-1 Name=LOC_CITIZEN_MAYA_MODERN_FEMALE_3 Operation=58 PlotIndex=978
mission CityName=LOC_CITY_NAME_TORONTO CompletionTurn=148 EscapeResult=0 InitialResult=2 LevelAfter=1 LootInfo=-1 Name=LOC_CITIZEN_MAYA_FEMALE_3 Operation=58 PlotIndex=1818
mission CityName=LOC_CITY_NAME_OTTAWA CompletionTurn=144 EscapeResult=-1 InitialResult=3 LevelAfter=1 LootInfo=-1 Name=LOC_CITIZEN_MAYA_MODERN_MALE_9 Operation=58 PlotIndex=978
mission CityName=LOC_CITY_NAME_QUEBEC_CITY CompletionTurn=142 EscapeResult=2 InitialResult=4 LevelAfter=2 LootInfo=-1 Name=LOC_CITIZEN_MAYA_MODERN_FEMALE_9 Operation=58 PlotIndex=1404
mission CityName=LOC_CITY_NAME_MONTREAL CompletionTurn=141 EscapeResult=0 InitialResult=2 LevelAfter=1 LootInfo=-1 Name=LOC_CITIZEN_MAYA_MODERN_MALE_1 Operation=58 PlotIndex=1314
mission CityName=LOC_CITY_NAME_TORONTO CompletionTurn=140 EscapeResult=-1 InitialResult=0 LevelAfter=1 LootInfo=-1 Name=LOC_CITIZEN_MAYA_MODERN_MALE_4 Operation=58 PlotIndex=1818
mission CityName=LOC_CITY_NAME_MONTREAL CompletionTurn=137 EscapeResult=-1 InitialResult=5 LevelAfter=2 LootInfo=-1 Name=LOC_CITIZEN_MAYA_MALE_1 Operation=58 PlotIndex=1314
mission CityName=LOC_CITY_NAME_OTTAWA CompletionTurn=134 EscapeResult=2 InitialResult=4 LevelAfter=2 LootInfo=-1 Name=LOC_CITIZEN_MAYA_MODERN_FEMALE_3 Operation=58 PlotIndex=978
tally 8  FOMENT_UNREST CAPTURED / NO_RESULT
tally 4  FOMENT_UNREST FAIL_MUST_ESCAPE / CAPTURED
tally 3  FOMENT_UNREST FAIL_MUST_ESCAPE / FAIL_MUST_ESCAPE
tally 5  FOMENT_UNREST FAIL_MUST_ESCAPE / KILLED
tally 9  FOMENT_UNREST FAIL_UNDETECTED / NO_RESULT
tally 1  FOMENT_UNREST KILLED / NO_RESULT
tally 1  FOMENT_UNREST SUCCESS_MUST_ESCAPE / CAPTURED
tally 8  FOMENT_UNREST SUCCESS_MUST_ESCAPE / FAIL_MUST_ESCAPE
tally 8  FOMENT_UNREST SUCCESS_MUST_ESCAPE / KILLED
tally 1  FOMENT_UNREST SUCCESS_MUST_ESCAPE / NO_RESULT
tally 18  FOMENT_UNREST SUCCESS_UNDETECTED / NO_RESULT
turn 220 spies active 3 idle 0 missions 66 captured-enemy 0
spy 9961474 LOC_CITIZEN_MAYA_MODERN_FEMALE_4 level 1 at 54:15 busy
spy 9764885 LOC_CITIZEN_MAYA_FEMALE_5 level 1 at 54:11 busy
spy 10027036 LOC_CITIZEN_MAYA_MODERN_MALE_8 level 1 at 54:21 busy
turn 220 spies 3 started 0 travelled 0 promoted 0 bought 0 gold 50000
unblock: blocker ENDTURN_BLOCKING_PRODUCTION -> NARANJO builds UNIT_WARRIOR | end turn requested
unstuck: InGamePopup: open, no close
unblock: blocker ENDTURN_BLOCKING_SPY_CHOOSE_ESCAPE_ROUTE -> escape route DISTRICT_CITY_CENTER of 2 for spy 9764885 LOC_CITIZEN_MAYA_FEMALE_5 level 1 turn 220 | end turn requested
unstuck: closed sessions [4:4]
unstuck: DiplomacyActionView: closed
unstuck: InGamePopup: open, no close
mission CityName=LOC_CITY_NAME_OTTAWA CompletionTurn=220 EscapeResult=-1 InitialResult=4 LevelAfter=2 LootInfo=-1 Name=LOC_CITIZEN_MAYA_FEMALE_5 Operation=58 PlotIndex=978
mission CityName=LOC_CITY_NAME_HALIFAX CompletionTurn=208 EscapeResult=-1 InitialResult=1 LevelAfter=2 LootInfo=-1 Name=LOC_CITIZEN_MAYA_MODERN_MALE_10 Operation=58 PlotIndex=1409
mission CityName=LOC_CITY_NAME_MONTREAL CompletionTurn=205 EscapeResult=0 InitialResult=4 LevelAfter=2 LootInfo=-1 Name=LOC_CITIZEN_MAYA_MODERN_FEMALE_6 Operation=58 PlotIndex=1314
mission CityName=LOC_CITY_NAME_HALIFAX CompletionTurn=204 EscapeResult=-1 InitialResult=5 LevelAfter=2 LootInfo=-1 Name=LOC_CITIZEN_MAYA_MODERN_MALE_10 Operation=58 PlotIndex=1409
mission CityName=LOC_CITY_NAME_QUEBEC_CITY CompletionTurn=204 EscapeResult=2 InitialResult=4 LevelAfter=2 LootInfo=-1 Name=LOC_CITIZEN_MAYA_MODERN_FEMALE_4 Operation=58 PlotIndex=1404
mission CityName=LOC_CITY_NAME_OTTAWA CompletionTurn=200 EscapeResult=2 InitialResult=4 LevelAfter=2 LootInfo=-1 Name=LOC_CITIZEN_MAYA_MODERN_MALE_8 Operation=58 PlotIndex=978
mission CityName=LOC_CITY_NAME_QUEBEC_CITY CompletionTurn=200 EscapeResult=-1 InitialResult=5 LevelAfter=2 LootInfo=-1 Name=LOC_CITIZEN_MAYA_MODERN_FEMALE_4 Operation=58 PlotIndex=1404
mission CityName=LOC_CITY_NAME_TORONTO CompletionTurn=197 EscapeResult=1 InitialResult=2 LevelAfter=2 LootInfo=-1 Name=LOC_CITIZEN_MAYA_MALE_8 Operation=58 PlotIndex=1818
mission CityName=LOC_CITY_NAME_MONTREAL CompletionTurn=195 EscapeResult=0 InitialResult=4 LevelAfter=2 LootInfo=-1 Name=LOC_CITIZEN_MAYA_MALE_6 Operation=58 PlotIndex=1314
mission CityName=LOC_CITY_NAME_BRANTFORD CompletionTurn=195 EscapeResult=-1 InitialResult=1 LevelAfter=1 LootInfo=-1 Name=LOC_CITIZEN_MAYA_MODERN_MALE_4 Operation=58 PlotIndex=473
mission CityName=LOC_CITY_NAME_QUEBEC_CITY CompletionTurn=192 EscapeResult=-1 InitialResult=1 LevelAfter=2 LootInfo=-1 Name=LOC_CITIZEN_MAYA_MALE_2 Operation=58 PlotIndex=1404
mission CityName=LOC_CITY_NAME_BRANTFORD CompletionTurn=191 EscapeResult=-1 InitialResult=3 LevelAfter=1 LootInfo=-1 Name=LOC_CITIZEN_MAYA_MODERN_MALE_4 Operation=58 PlotIndex=473
mission CityName=LOC_CITY_NAME_MONTREAL CompletionTurn=191 EscapeResult=-1 InitialResult=1 LevelAfter=2 LootInfo=-1 Name=LOC_CITIZEN_MAYA_MALE_4 Operation=58 PlotIndex=1314
mission CityName=LOC_CITY_NAME_SAINT_JOHN CompletionTurn=189 EscapeResult=2 InitialResult=4 LevelAfter=2 LootInfo=-1 Name=LOC_CITIZEN_MAYA_MODERN_FEMALE_4 Operation=58 PlotIndex=1991
mission CityName=LOC_CITY_NAME_QUEBEC_CITY CompletionTurn=188 EscapeResult=-1 InitialResult=5 LevelAfter=2 LootInfo=-1 Name=LOC_CITIZEN_MAYA_MALE_2 Operation=58 PlotIndex=1404
mission CityName=LOC_CITY_NAME_OTTAWA CompletionTurn=188 EscapeResult=0 InitialResult=4 LevelAfter=2 LootInfo=-1 Name=LOC_CITIZEN_MAYA_FEMALE_7 Operation=58 PlotIndex=978
mission CityName=LOC_CITY_NAME_TORONTO CompletionTurn=188 EscapeResult=2 InitialResult=4 LevelAfter=2 LootInfo=-1 Name=LOC_CITIZEN_MAYA_MALE_8 Operation=58 PlotIndex=1818
mission CityName=LOC_CITY_NAME_HALIFAX CompletionTurn=187 EscapeResult=0 InitialResult=4 LevelAfter=2 LootInfo=-1 Name=LOC_CITIZEN_MAYA_FEMALE_6 Operation=58 PlotIndex=1409
mission CityName=LOC_CITY_NAME_WINNIPEG CompletionTurn=187 EscapeResult=1 InitialResult=2 LevelAfter=1 LootInfo=-1 Name=LOC_CITIZEN_MAYA_FEMALE_1 Operation=58 PlotIndex=1742
mission CityName=LOC_CITY_NAME_SAINT_JOHN CompletionTurn=185 EscapeResult=-1 InitialResult=3 LevelAfter=2 LootInfo=-1 Name=LOC_CITIZEN_MAYA_MODERN_FEMALE_4 Operation=58 PlotIndex=1991
mission CityName=LOC_CITY_NAME_OTTAWA CompletionTurn=184 EscapeResult=-1 InitialResult=5 LevelAfter=2 LootInfo=-1 Name=LOC_CITIZEN_MAYA_FEMALE_7 Operation=58 PlotIndex=978
mission CityName=LOC_CITY_NAME_HALIFAX CompletionTurn=183 EscapeResult=-1 InitialResult=5 LevelAfter=2 LootInfo=-1 Name=LOC_CITIZEN_MAYA_FEMALE_6 Operation=58 PlotIndex=1409
mission CityName=LOC_CITY_NAME_SAINT_JOHN CompletionTurn=181 EscapeResult=-1 InitialResult=5 LevelAfter=2 LootInfo=-1 Name=LOC_CITIZEN_MAYA_MODERN_FEMALE_4 Operation=58 PlotIndex=1991
mission CityName=LOC_CITY_NAME_MONTREAL CompletionTurn=180 EscapeResult=0 InitialResult=4 LevelAfter=2 LootInfo=-1 Name=LOC_CITIZEN_MAYA_MODERN_FEMALE_5 Operation=58 PlotIndex=1314
mission CityName=LOC_CITY_NAME_TORONTO CompletionTurn=180 EscapeResult=2 InitialResult=4 LevelAfter=2 LootInfo=-1 Name=LOC_CITIZEN_MAYA_MALE_8 Operation=58 PlotIndex=1818
mission CityName=LOC_CITY_NAME_QUEBEC_CITY CompletionTurn=179 EscapeResult=2 InitialResult=4 LevelAfter=2 LootInfo=-1 Name=LOC_CITIZEN_MAYA_MALE_4 Operation=58 PlotIndex=1404
mission CityName=LOC_CITY_NAME_HALIFAX CompletionTurn=176 EscapeResult=0 InitialResult=4 LevelAfter=2 LootInfo=-1 Name=LOC_CITIZEN_MAYA_MALE_5 Operation=58 PlotIndex=1409
mission CityName=LOC_CITY_NAME_TORONTO CompletionTurn=176 EscapeResult=-1 InitialResult=5 LevelAfter=2 LootInfo=-1 Name=LOC_CITIZEN_MAYA_MALE_8 Operation=58 PlotIndex=1818
mission CityName=LOC_CITY_NAME_OTTAWA CompletionTurn=175 EscapeResult=1 InitialResult=2 LevelAfter=2 LootInfo=-1 Name=LOC_CITIZEN_MAYA_FEMALE_8 Operation=58 PlotIndex=978
mission CityName=LOC_CITY_NAME_MONTREAL CompletionTurn=175 EscapeResult=0 InitialResult=4 LevelAfter=2 LootInfo=-1 Name=LOC_CITIZEN_MAYA_MODERN_FEMALE_2 Operation=58 PlotIndex=1314
mission CityName=LOC_CITY_NAME_WINNIPEG CompletionTurn=174 EscapeResult=1 InitialResult=4 LevelAfter=2 LootInfo=-1 Name=LOC_CITIZEN_MAYA_MODERN_MALE_10 Operation=58 PlotIndex=1742
mission CityName=LOC_CITY_NAME_SAINT_JOHN CompletionTurn=173 EscapeResult=-1 InitialResult=1 LevelAfter=1 LootInfo=-1 Name=LOC_CITIZEN_MAYA_MODERN_FEMALE_1 Operation=58 PlotIndex=1991
mission CityName=LOC_CITY_NAME_QUEBEC_CITY CompletionTurn=173 EscapeResult=-1 InitialResult=1 LevelAfter=2 LootInfo=-1 Name=LOC_CITIZEN_MAYA_MALE_3 Operation=58 PlotIndex=1404
mission CityName=LOC_CITY_NAME_BRANTFORD CompletionTurn=172 EscapeResult=-1 InitialResult=1 LevelAfter=2 LootInfo=-1 Name=LOC_CITIZEN_MAYA_MODERN_FEMALE_7 Operation=58 PlotIndex=473
mission CityName=LOC_CITY_NAME_TORONTO CompletionTurn=172 EscapeResult=-1 InitialResult=5 LevelAfter=2 LootInfo=-1 Name=LOC_CITIZEN_MAYA_MALE_8 Operation=58 PlotIndex=1818
mission CityName=LOC_CITY_NAME_OTTAWA CompletionTurn=171 EscapeResult=-1 InitialResult=5 LevelAfter=2 LootInfo=-1 Name=LOC_CITIZEN_MAYA_FEMALE_8 Operation=58 PlotIndex=978
mission CityName=LOC_CITY_NAME_MONTREAL CompletionTurn=171 EscapeResult=-1 InitialResult=5 LevelAfter=2 LootInfo=-1 Name=LOC_CITIZEN_MAYA_MODERN_FEMALE_2 Operation=58 PlotIndex=1314
mission CityName=LOC_CITY_NAME_WINNIPEG CompletionTurn=170 EscapeResult=-1 InitialResult=3 LevelAfter=2 LootInfo=-1 Name=LOC_CITIZEN_MAYA_MODERN_MALE_10 Operation=58 PlotIndex=1742
mission CityName=LOC_CITY_NAME_QUEBEC_CITY CompletionTurn=169 EscapeResult=-1 InitialResult=5 LevelAfter=2 LootInfo=-1 Name=LOC_CITIZEN_MAYA_MALE_3 Operation=58 PlotIndex=1404
mission CityName=LOC_CITY_NAME_BRANTFORD CompletionTurn=168 EscapeResult=-1 InitialResult=5 LevelAfter=2 LootInfo=-1 Name=LOC_CITIZEN_MAYA_MODERN_FEMALE_7 Operation=58 PlotIndex=473
mission CityName=LOC_CITY_NAME_TORONTO CompletionTurn=168 EscapeResult=-1 InitialResult=3 LevelAfter=2 LootInfo=-1 Name=LOC_CITIZEN_MAYA_MALE_8 Operation=58 PlotIndex=1818
mission CityName=LOC_CITY_NAME_OTTAWA CompletionTurn=167 EscapeResult=-1 InitialResult=5 LevelAfter=2 LootInfo=-1 Name=LOC_CITIZEN_MAYA_FEMALE_8 Operation=58 PlotIndex=978
mission CityName=LOC_CITY_NAME_WINNIPEG CompletionTurn=166 EscapeResult=-1 InitialResult=5 LevelAfter=2 LootInfo=-1 Name=LOC_CITIZEN_MAYA_MODERN_MALE_10 Operation=58 PlotIndex=1742
mission CityName=LOC_CITY_NAME_HALIFAX CompletionTurn=166 EscapeResult=0 InitialResult=4 LevelAfter=2 LootInfo=-1 Name=LOC_CITIZEN_MAYA_FEMALE_4 Operation=58 PlotIndex=1409
mission CityName=LOC_CITY_NAME_QUEBEC_CITY CompletionTurn=165 EscapeResult=-1 InitialResult=3 LevelAfter=1 LootInfo=-1 Name=LOC_CITIZEN_MAYA_MALE_3 Operation=58 PlotIndex=1404
mission CityName=LOC_CITY_NAME_SAINT_JOHN CompletionTurn=164 EscapeResult=1 InitialResult=2 LevelAfter=1 LootInfo=-1 Name=LOC_CITIZEN_MAYA_MALE_6 Operation=58 PlotIndex=1991
mission CityName=LOC_CITY_NAME_OTTAWA CompletionTurn=163 EscapeResult=-1 InitialResult=5 LevelAfter=2 LootInfo=-1 Name=LOC_CITIZEN_MAYA_FEMALE_8 Operation=58 PlotIndex=978
mission CityName=LOC_CITY_NAME_WINNIPEG CompletionTurn=162 EscapeResult=-1 InitialResult=3 LevelAfter=1 LootInfo=-1 Name=LOC_CITIZEN_MAYA_MODERN_MALE_10 Operation=58 PlotIndex=1742
mission CityName=LOC_CITY_NAME_MONTREAL CompletionTurn=162 EscapeResult=0 InitialResult=2 LevelAfter=2 LootInfo=-1 Name=LOC_CITIZEN_MAYA_MODERN_FEMALE_3 Operation=58 PlotIndex=1314
mission CityName=LOC_CITY_NAME_SAINT_JOHN CompletionTurn=160 EscapeResult=-1 InitialResult=3 LevelAfter=1 LootInfo=-1 Name=LOC_CITIZEN_MAYA_MALE_6 Operation=58 PlotIndex=1991
mission CityName=LOC_CITY_NAME_TORONTO CompletionTurn=159 EscapeResult=2 InitialResult=2 LevelAfter=1 LootInfo=-1 Name=LOC_CITIZEN_MAYA_MODERN_FEMALE_5 Operation=58 PlotIndex=1818
mission CityName=LOC_CITY_NAME_HALIFAX CompletionTurn=159 EscapeResult=0 InitialResult=2 LevelAfter=2 LootInfo=-1 Name=LOC_CITIZEN_MAYA_MODERN_FEMALE_9 Operation=58 PlotIndex=1409
mission CityName=LOC_CITY_NAME_OTTAWA CompletionTurn=156 EscapeResult=-1 InitialResult=1 LevelAfter=1 LootInfo=-1 Name=LOC_CITIZEN_MAYA_MODERN_MALE_9 Operation=58 PlotIndex=978
mission CityName=LOC_CITY_NAME_QUEBEC_CITY CompletionTurn=156 EscapeResult=2 InitialResult=2 LevelAfter=2 LootInfo=-1 Name=LOC_CITIZEN_MAYA_MALE_8 Operation=58 PlotIndex=1404
mission CityName=LOC_CITY_NAME_SAINT_JOHN CompletionTurn=156 EscapeResult=-1 InitialResult=3 LevelAfter=1 LootInfo=-1 Name=LOC_CITIZEN_MAYA_MALE_6 Operation=58 PlotIndex=1991
mission CityName=LOC_CITY_NAME_HALIFAX CompletionTurn=154 EscapeResult=-1 InitialResult=5 LevelAfter=2 LootInfo=-1 Name=LOC_CITIZEN_MAYA_FEMALE_4 Operation=58 PlotIndex=1409
mission CityName=LOC_CITY_NAME_QUEBEC_CITY CompletionTurn=151 EscapeResult=-1 InitialResult=5 LevelAfter=2 LootInfo=-1 Name=LOC_CITIZEN_MAYA_MALE_8 Operation=58 PlotIndex=1404
mission CityName=LOC_CITY_NAME_MONTREAL CompletionTurn=150 EscapeResult=0 InitialResult=2 LevelAfter=2 LootInfo=-1 Name=LOC_CITIZEN_MAYA_MALE_1 Operation=58 PlotIndex=1314
mission CityName=LOC_CITY_NAME_OTTAWA CompletionTurn=148 EscapeResult=2 InitialResult=2 LevelAfter=2 LootInfo=-1 Name=LOC_CITIZEN_MAYA_MODERN_FEMALE_3 Operation=58 PlotIndex=978
mission CityName=LOC_CITY_NAME_TORONTO CompletionTurn=148 EscapeResult=0 InitialResult=2 LevelAfter=1 LootInfo=-1 Name=LOC_CITIZEN_MAYA_FEMALE_3 Operation=58 PlotIndex=1818
mission CityName=LOC_CITY_NAME_OTTAWA CompletionTurn=144 EscapeResult=-1 InitialResult=3 LevelAfter=1 LootInfo=-1 Name=LOC_CITIZEN_MAYA_MODERN_MALE_9 Operation=58 PlotIndex=978
mission CityName=LOC_CITY_NAME_QUEBEC_CITY CompletionTurn=142 EscapeResult=2 InitialResult=4 LevelAfter=2 LootInfo=-1 Name=LOC_CITIZEN_MAYA_MODERN_FEMALE_9 Operation=58 PlotIndex=1404
mission CityName=LOC_CITY_NAME_MONTREAL CompletionTurn=141 EscapeResult=0 InitialResult=2 LevelAfter=1 LootInfo=-1 Name=LOC_CITIZEN_MAYA_MODERN_MALE_1 Operation=58 PlotIndex=1314
mission CityName=LOC_CITY_NAME_TORONTO CompletionTurn=140 EscapeResult=-1 InitialResult=0 LevelAfter=1 LootInfo=-1 Name=LOC_CITIZEN_MAYA_MODERN_MALE_4 Operation=58 PlotIndex=1818
mission CityName=LOC_CITY_NAME_MONTREAL CompletionTurn=137 EscapeResult=-1 InitialResult=5 LevelAfter=2 LootInfo=-1 Name=LOC_CITIZEN_MAYA_MALE_1 Operation=58 PlotIndex=1314
mission CityName=LOC_CITY_NAME_OTTAWA CompletionTurn=134 EscapeResult=2 InitialResult=4 LevelAfter=2 LootInfo=-1 Name=LOC_CITIZEN_MAYA_MODERN_FEMALE_3 Operation=58 PlotIndex=978
tally 8  FOMENT_UNREST CAPTURED / NO_RESULT
tally 4  FOMENT_UNREST FAIL_MUST_ESCAPE / CAPTURED
tally 3  FOMENT_UNREST FAIL_MUST_ESCAPE / FAIL_MUST_ESCAPE
tally 5  FOMENT_UNREST FAIL_MUST_ESCAPE / KILLED
tally 9  FOMENT_UNREST FAIL_UNDETECTED / NO_RESULT
tally 1  FOMENT_UNREST KILLED / NO_RESULT
tally 1  FOMENT_UNREST SUCCESS_MUST_ESCAPE / CAPTURED
tally 8  FOMENT_UNREST SUCCESS_MUST_ESCAPE / FAIL_MUST_ESCAPE
tally 8  FOMENT_UNREST SUCCESS_MUST_ESCAPE / KILLED
tally 1  FOMENT_UNREST SUCCESS_MUST_ESCAPE / NO_RESULT
tally 18  FOMENT_UNREST SUCCESS_UNDETECTED / NO_RESULT
turn 221 spies active 3 idle 0 missions 66 captured-enemy 0
spy 9961474 LOC_CITIZEN_MAYA_MODERN_FEMALE_4 level 1 at 54:15 busy
spy 9764885 LOC_CITIZEN_MAYA_FEMALE_5 level 1 at 54:11 busy
spy 10027036 LOC_CITIZEN_MAYA_MODERN_MALE_8 level 1 at 54:21 busy
turn 221 spies 3 started 0 travelled 0 promoted 0 bought 0 gold 50000
unblock: blocker ENDTURN_BLOCKING_SPY_CHOOSE_ESCAPE_ROUTE -> escape route DISTRICT_CITY_CENTER of 2 for spy 9764885 LOC_CITIZEN_MAYA_FEMALE_5 level 1 turn 221 | end turn requested
unstuck: InGamePopup: open, no close
unblock: blocker ENDTURN_BLOCKING_PRODUCTION -> NARANJO builds UNIT_WARRIOR | end turn requested
unstuck: InGamePopup: open, no close
unblock: blocker ENDTURN_BLOCKING_WORLD_CONGRESS_SESSION -> nothing | end turn requested
unstuck: InGamePopup: open, no close
unstuck: WorldCongressIntro: closed
unstuck: WorldCongressPopup: closed
mission CityName=LOC_CITY_NAME_MONTREAL CompletionTurn=222 EscapeResult=-1 InitialResult=4 LevelAfter=2 LootInfo=-1 Name=LOC_CITIZEN_MAYA_MODERN_FEMALE_4 Operation=58 PlotIndex=1314
mission CityName=LOC_CITY_NAME_OTTAWA CompletionTurn=220 EscapeResult=1 InitialResult=4 LevelAfter=2 LootInfo=-1 Name=LOC_CITIZEN_MAYA_FEMALE_5 Operation=58 PlotIndex=978
mission CityName=LOC_CITY_NAME_HALIFAX CompletionTurn=208 EscapeResult=-1 InitialResult=1 LevelAfter=2 LootInfo=-1 Name=LOC_CITIZEN_MAYA_MODERN_MALE_10 Operation=58 PlotIndex=1409
mission CityName=LOC_CITY_NAME_MONTREAL CompletionTurn=205 EscapeResult=0 InitialResult=4 LevelAfter=2 LootInfo=-1 Name=LOC_CITIZEN_MAYA_MODERN_FEMALE_6 Operation=58 PlotIndex=1314
mission CityName=LOC_CITY_NAME_HALIFAX CompletionTurn=204 EscapeResult=-1 InitialResult=5 LevelAfter=2 LootInfo=-1 Name=LOC_CITIZEN_MAYA_MODERN_MALE_10 Operation=58 PlotIndex=1409
mission CityName=LOC_CITY_NAME_QUEBEC_CITY CompletionTurn=204 EscapeResult=2 InitialResult=4 LevelAfter=2 LootInfo=-1 Name=LOC_CITIZEN_MAYA_MODERN_FEMALE_4 Operation=58 PlotIndex=1404
mission CityName=LOC_CITY_NAME_OTTAWA CompletionTurn=200 EscapeResult=2 InitialResult=4 LevelAfter=2 LootInfo=-1 Name=LOC_CITIZEN_MAYA_MODERN_MALE_8 Operation=58 PlotIndex=978
mission CityName=LOC_CITY_NAME_QUEBEC_CITY CompletionTurn=200 EscapeResult=-1 InitialResult=5 LevelAfter=2 LootInfo=-1 Name=LOC_CITIZEN_MAYA_MODERN_FEMALE_4 Operation=58 PlotIndex=1404
mission CityName=LOC_CITY_NAME_TORONTO CompletionTurn=197 EscapeResult=1 InitialResult=2 LevelAfter=2 LootInfo=-1 Name=LOC_CITIZEN_MAYA_MALE_8 Operation=58 PlotIndex=1818
mission CityName=LOC_CITY_NAME_MONTREAL CompletionTurn=195 EscapeResult=0 InitialResult=4 LevelAfter=2 LootInfo=-1 Name=LOC_CITIZEN_MAYA_MALE_6 Operation=58 PlotIndex=1314
mission CityName=LOC_CITY_NAME_BRANTFORD CompletionTurn=195 EscapeResult=-1 InitialResult=1 LevelAfter=1 LootInfo=-1 Name=LOC_CITIZEN_MAYA_MODERN_MALE_4 Operation=58 PlotIndex=473
mission CityName=LOC_CITY_NAME_QUEBEC_CITY CompletionTurn=192 EscapeResult=-1 InitialResult=1 LevelAfter=2 LootInfo=-1 Name=LOC_CITIZEN_MAYA_MALE_2 Operation=58 PlotIndex=1404
mission CityName=LOC_CITY_NAME_BRANTFORD CompletionTurn=191 EscapeResult=-1 InitialResult=3 LevelAfter=1 LootInfo=-1 Name=LOC_CITIZEN_MAYA_MODERN_MALE_4 Operation=58 PlotIndex=473
mission CityName=LOC_CITY_NAME_MONTREAL CompletionTurn=191 EscapeResult=-1 InitialResult=1 LevelAfter=2 LootInfo=-1 Name=LOC_CITIZEN_MAYA_MALE_4 Operation=58 PlotIndex=1314
mission CityName=LOC_CITY_NAME_SAINT_JOHN CompletionTurn=189 EscapeResult=2 InitialResult=4 LevelAfter=2 LootInfo=-1 Name=LOC_CITIZEN_MAYA_MODERN_FEMALE_4 Operation=58 PlotIndex=1991
mission CityName=LOC_CITY_NAME_QUEBEC_CITY CompletionTurn=188 EscapeResult=-1 InitialResult=5 LevelAfter=2 LootInfo=-1 Name=LOC_CITIZEN_MAYA_MALE_2 Operation=58 PlotIndex=1404
mission CityName=LOC_CITY_NAME_OTTAWA CompletionTurn=188 EscapeResult=0 InitialResult=4 LevelAfter=2 LootInfo=-1 Name=LOC_CITIZEN_MAYA_FEMALE_7 Operation=58 PlotIndex=978
mission CityName=LOC_CITY_NAME_TORONTO CompletionTurn=188 EscapeResult=2 InitialResult=4 LevelAfter=2 LootInfo=-1 Name=LOC_CITIZEN_MAYA_MALE_8 Operation=58 PlotIndex=1818
mission CityName=LOC_CITY_NAME_HALIFAX CompletionTurn=187 EscapeResult=0 InitialResult=4 LevelAfter=2 LootInfo=-1 Name=LOC_CITIZEN_MAYA_FEMALE_6 Operation=58 PlotIndex=1409
mission CityName=LOC_CITY_NAME_WINNIPEG CompletionTurn=187 EscapeResult=1 InitialResult=2 LevelAfter=1 LootInfo=-1 Name=LOC_CITIZEN_MAYA_FEMALE_1 Operation=58 PlotIndex=1742
mission CityName=LOC_CITY_NAME_SAINT_JOHN CompletionTurn=185 EscapeResult=-1 InitialResult=3 LevelAfter=2 LootInfo=-1 Name=LOC_CITIZEN_MAYA_MODERN_FEMALE_4 Operation=58 PlotIndex=1991
mission CityName=LOC_CITY_NAME_OTTAWA CompletionTurn=184 EscapeResult=-1 InitialResult=5 LevelAfter=2 LootInfo=-1 Name=LOC_CITIZEN_MAYA_FEMALE_7 Operation=58 PlotIndex=978
mission CityName=LOC_CITY_NAME_HALIFAX CompletionTurn=183 EscapeResult=-1 InitialResult=5 LevelAfter=2 LootInfo=-1 Name=LOC_CITIZEN_MAYA_FEMALE_6 Operation=58 PlotIndex=1409
mission CityName=LOC_CITY_NAME_SAINT_JOHN CompletionTurn=181 EscapeResult=-1 InitialResult=5 LevelAfter=2 LootInfo=-1 Name=LOC_CITIZEN_MAYA_MODERN_FEMALE_4 Operation=58 PlotIndex=1991
mission CityName=LOC_CITY_NAME_MONTREAL CompletionTurn=180 EscapeResult=0 InitialResult=4 LevelAfter=2 LootInfo=-1 Name=LOC_CITIZEN_MAYA_MODERN_FEMALE_5 Operation=58 PlotIndex=1314
mission CityName=LOC_CITY_NAME_TORONTO CompletionTurn=180 EscapeResult=2 InitialResult=4 LevelAfter=2 LootInfo=-1 Name=LOC_CITIZEN_MAYA_MALE_8 Operation=58 PlotIndex=1818
mission CityName=LOC_CITY_NAME_QUEBEC_CITY CompletionTurn=179 EscapeResult=2 InitialResult=4 LevelAfter=2 LootInfo=-1 Name=LOC_CITIZEN_MAYA_MALE_4 Operation=58 PlotIndex=1404
mission CityName=LOC_CITY_NAME_HALIFAX CompletionTurn=176 EscapeResult=0 InitialResult=4 LevelAfter=2 LootInfo=-1 Name=LOC_CITIZEN_MAYA_MALE_5 Operation=58 PlotIndex=1409
mission CityName=LOC_CITY_NAME_TORONTO CompletionTurn=176 EscapeResult=-1 InitialResult=5 LevelAfter=2 LootInfo=-1 Name=LOC_CITIZEN_MAYA_MALE_8 Operation=58 PlotIndex=1818
mission CityName=LOC_CITY_NAME_OTTAWA CompletionTurn=175 EscapeResult=1 InitialResult=2 LevelAfter=2 LootInfo=-1 Name=LOC_CITIZEN_MAYA_FEMALE_8 Operation=58 PlotIndex=978
mission CityName=LOC_CITY_NAME_MONTREAL CompletionTurn=175 EscapeResult=0 InitialResult=4 LevelAfter=2 LootInfo=-1 Name=LOC_CITIZEN_MAYA_MODERN_FEMALE_2 Operation=58 PlotIndex=1314
mission CityName=LOC_CITY_NAME_WINNIPEG CompletionTurn=174 EscapeResult=1 InitialResult=4 LevelAfter=2 LootInfo=-1 Name=LOC_CITIZEN_MAYA_MODERN_MALE_10 Operation=58 PlotIndex=1742
mission CityName=LOC_CITY_NAME_SAINT_JOHN CompletionTurn=173 EscapeResult=-1 InitialResult=1 LevelAfter=1 LootInfo=-1 Name=LOC_CITIZEN_MAYA_MODERN_FEMALE_1 Operation=58 PlotIndex=1991
mission CityName=LOC_CITY_NAME_QUEBEC_CITY CompletionTurn=173 EscapeResult=-1 InitialResult=1 LevelAfter=2 LootInfo=-1 Name=LOC_CITIZEN_MAYA_MALE_3 Operation=58 PlotIndex=1404
mission CityName=LOC_CITY_NAME_BRANTFORD CompletionTurn=172 EscapeResult=-1 InitialResult=1 LevelAfter=2 LootInfo=-1 Name=LOC_CITIZEN_MAYA_MODERN_FEMALE_7 Operation=58 PlotIndex=473
mission CityName=LOC_CITY_NAME_TORONTO CompletionTurn=172 EscapeResult=-1 InitialResult=5 LevelAfter=2 LootInfo=-1 Name=LOC_CITIZEN_MAYA_MALE_8 Operation=58 PlotIndex=1818
mission CityName=LOC_CITY_NAME_OTTAWA CompletionTurn=171 EscapeResult=-1 InitialResult=5 LevelAfter=2 LootInfo=-1 Name=LOC_CITIZEN_MAYA_FEMALE_8 Operation=58 PlotIndex=978
mission CityName=LOC_CITY_NAME_MONTREAL CompletionTurn=171 EscapeResult=-1 InitialResult=5 LevelAfter=2 LootInfo=-1 Name=LOC_CITIZEN_MAYA_MODERN_FEMALE_2 Operation=58 PlotIndex=1314
mission CityName=LOC_CITY_NAME_WINNIPEG CompletionTurn=170 EscapeResult=-1 InitialResult=3 LevelAfter=2 LootInfo=-1 Name=LOC_CITIZEN_MAYA_MODERN_MALE_10 Operation=58 PlotIndex=1742
mission CityName=LOC_CITY_NAME_QUEBEC_CITY CompletionTurn=169 EscapeResult=-1 InitialResult=5 LevelAfter=2 LootInfo=-1 Name=LOC_CITIZEN_MAYA_MALE_3 Operation=58 PlotIndex=1404
mission CityName=LOC_CITY_NAME_BRANTFORD CompletionTurn=168 EscapeResult=-1 InitialResult=5 LevelAfter=2 LootInfo=-1 Name=LOC_CITIZEN_MAYA_MODERN_FEMALE_7 Operation=58 PlotIndex=473
mission CityName=LOC_CITY_NAME_TORONTO CompletionTurn=168 EscapeResult=-1 InitialResult=3 LevelAfter=2 LootInfo=-1 Name=LOC_CITIZEN_MAYA_MALE_8 Operation=58 PlotIndex=1818
mission CityName=LOC_CITY_NAME_OTTAWA CompletionTurn=167 EscapeResult=-1 InitialResult=5 LevelAfter=2 LootInfo=-1 Name=LOC_CITIZEN_MAYA_FEMALE_8 Operation=58 PlotIndex=978
mission CityName=LOC_CITY_NAME_WINNIPEG CompletionTurn=166 EscapeResult=-1 InitialResult=5 LevelAfter=2 LootInfo=-1 Name=LOC_CITIZEN_MAYA_MODERN_MALE_10 Operation=58 PlotIndex=1742
mission CityName=LOC_CITY_NAME_HALIFAX CompletionTurn=166 EscapeResult=0 InitialResult=4 LevelAfter=2 LootInfo=-1 Name=LOC_CITIZEN_MAYA_FEMALE_4 Operation=58 PlotIndex=1409
mission CityName=LOC_CITY_NAME_QUEBEC_CITY CompletionTurn=165 EscapeResult=-1 InitialResult=3 LevelAfter=1 LootInfo=-1 Name=LOC_CITIZEN_MAYA_MALE_3 Operation=58 PlotIndex=1404
mission CityName=LOC_CITY_NAME_SAINT_JOHN CompletionTurn=164 EscapeResult=1 InitialResult=2 LevelAfter=1 LootInfo=-1 Name=LOC_CITIZEN_MAYA_MALE_6 Operation=58 PlotIndex=1991
mission CityName=LOC_CITY_NAME_OTTAWA CompletionTurn=163 EscapeResult=-1 InitialResult=5 LevelAfter=2 LootInfo=-1 Name=LOC_CITIZEN_MAYA_FEMALE_8 Operation=58 PlotIndex=978
mission CityName=LOC_CITY_NAME_WINNIPEG CompletionTurn=162 EscapeResult=-1 InitialResult=3 LevelAfter=1 LootInfo=-1 Name=LOC_CITIZEN_MAYA_MODERN_MALE_10 Operation=58 PlotIndex=1742
mission CityName=LOC_CITY_NAME_MONTREAL CompletionTurn=162 EscapeResult=0 InitialResult=2 LevelAfter=2 LootInfo=-1 Name=LOC_CITIZEN_MAYA_MODERN_FEMALE_3 Operation=58 PlotIndex=1314
mission CityName=LOC_CITY_NAME_SAINT_JOHN CompletionTurn=160 EscapeResult=-1 InitialResult=3 LevelAfter=1 LootInfo=-1 Name=LOC_CITIZEN_MAYA_MALE_6 Operation=58 PlotIndex=1991
mission CityName=LOC_CITY_NAME_TORONTO CompletionTurn=159 EscapeResult=2 InitialResult=2 LevelAfter=1 LootInfo=-1 Name=LOC_CITIZEN_MAYA_MODERN_FEMALE_5 Operation=58 PlotIndex=1818
mission CityName=LOC_CITY_NAME_HALIFAX CompletionTurn=159 EscapeResult=0 InitialResult=2 LevelAfter=2 LootInfo=-1 Name=LOC_CITIZEN_MAYA_MODERN_FEMALE_9 Operation=58 PlotIndex=1409
mission CityName=LOC_CITY_NAME_OTTAWA CompletionTurn=156 EscapeResult=-1 InitialResult=1 LevelAfter=1 LootInfo=-1 Name=LOC_CITIZEN_MAYA_MODERN_MALE_9 Operation=58 PlotIndex=978
mission CityName=LOC_CITY_NAME_QUEBEC_CITY CompletionTurn=156 EscapeResult=2 InitialResult=2 LevelAfter=2 LootInfo=-1 Name=LOC_CITIZEN_MAYA_MALE_8 Operation=58 PlotIndex=1404
mission CityName=LOC_CITY_NAME_SAINT_JOHN CompletionTurn=156 EscapeResult=-1 InitialResult=3 LevelAfter=1 LootInfo=-1 Name=LOC_CITIZEN_MAYA_MALE_6 Operation=58 PlotIndex=1991
mission CityName=LOC_CITY_NAME_HALIFAX CompletionTurn=154 EscapeResult=-1 InitialResult=5 LevelAfter=2 LootInfo=-1 Name=LOC_CITIZEN_MAYA_FEMALE_4 Operation=58 PlotIndex=1409
mission CityName=LOC_CITY_NAME_QUEBEC_CITY CompletionTurn=151 EscapeResult=-1 InitialResult=5 LevelAfter=2 LootInfo=-1 Name=LOC_CITIZEN_MAYA_MALE_8 Operation=58 PlotIndex=1404
mission CityName=LOC_CITY_NAME_MONTREAL CompletionTurn=150 EscapeResult=0 InitialResult=2 LevelAfter=2 LootInfo=-1 Name=LOC_CITIZEN_MAYA_MALE_1 Operation=58 PlotIndex=1314
mission CityName=LOC_CITY_NAME_OTTAWA CompletionTurn=148 EscapeResult=2 InitialResult=2 LevelAfter=2 LootInfo=-1 Name=LOC_CITIZEN_MAYA_MODERN_FEMALE_3 Operation=58 PlotIndex=978
mission CityName=LOC_CITY_NAME_TORONTO CompletionTurn=148 EscapeResult=0 InitialResult=2 LevelAfter=1 LootInfo=-1 Name=LOC_CITIZEN_MAYA_FEMALE_3 Operation=58 PlotIndex=1818
mission CityName=LOC_CITY_NAME_OTTAWA CompletionTurn=144 EscapeResult=-1 InitialResult=3 LevelAfter=1 LootInfo=-1 Name=LOC_CITIZEN_MAYA_MODERN_MALE_9 Operation=58 PlotIndex=978
mission CityName=LOC_CITY_NAME_QUEBEC_CITY CompletionTurn=142 EscapeResult=2 InitialResult=4 LevelAfter=2 LootInfo=-1 Name=LOC_CITIZEN_MAYA_MODERN_FEMALE_9 Operation=58 PlotIndex=1404
mission CityName=LOC_CITY_NAME_MONTREAL CompletionTurn=141 EscapeResult=0 InitialResult=2 LevelAfter=1 LootInfo=-1 Name=LOC_CITIZEN_MAYA_MODERN_MALE_1 Operation=58 PlotIndex=1314
mission CityName=LOC_CITY_NAME_TORONTO CompletionTurn=140 EscapeResult=-1 InitialResult=0 LevelAfter=1 LootInfo=-1 Name=LOC_CITIZEN_MAYA_MODERN_MALE_4 Operation=58 PlotIndex=1818
mission CityName=LOC_CITY_NAME_MONTREAL CompletionTurn=137 EscapeResult=-1 InitialResult=5 LevelAfter=2 LootInfo=-1 Name=LOC_CITIZEN_MAYA_MALE_1 Operation=58 PlotIndex=1314
mission CityName=LOC_CITY_NAME_OTTAWA CompletionTurn=134 EscapeResult=2 InitialResult=4 LevelAfter=2 LootInfo=-1 Name=LOC_CITIZEN_MAYA_MODERN_FEMALE_3 Operation=58 PlotIndex=978
tally 8  FOMENT_UNREST CAPTURED / NO_RESULT
tally 4  FOMENT_UNREST FAIL_MUST_ESCAPE / CAPTURED
tally 3  FOMENT_UNREST FAIL_MUST_ESCAPE / FAIL_MUST_ESCAPE
tally 5  FOMENT_UNREST FAIL_MUST_ESCAPE / KILLED
tally 9  FOMENT_UNREST FAIL_UNDETECTED / NO_RESULT
tally 1  FOMENT_UNREST KILLED / NO_RESULT
tally 2  FOMENT_UNREST SUCCESS_MUST_ESCAPE / CAPTURED
tally 8  FOMENT_UNREST SUCCESS_MUST_ESCAPE / FAIL_MUST_ESCAPE
tally 8  FOMENT_UNREST SUCCESS_MUST_ESCAPE / KILLED
tally 1  FOMENT_UNREST SUCCESS_MUST_ESCAPE / NO_RESULT
tally 18  FOMENT_UNREST SUCCESS_UNDETECTED / NO_RESULT
turn 222 spies active 2 idle 0 missions 67 captured-enemy 0
spy 9961474 LOC_CITIZEN_MAYA_MODERN_FEMALE_4 level 1 at 54:15 busy
spy 10027036 LOC_CITIZEN_MAYA_MODERN_MALE_8 level 1 at 54:21 busy
turn 222 spies 2 started 0 travelled 0 promoted 0 bought 0 gold 50000
unblock: blocker ENDTURN_BLOCKING_PRODUCTION -> NARANJO builds UNIT_WARRIOR | end turn requested
unstuck: InGamePopup: open, no close
unblock: blocker ENDTURN_BLOCKING_SPY_CHOOSE_ESCAPE_ROUTE -> escape route DISTRICT_COMMERCIAL_HUB of 3 for spy 9961474 LOC_CITIZEN_MAYA_MODERN_FEMALE_4 level 1 turn 222 | end turn requested
unstuck: InGamePopup: open, no close
mission CityName=LOC_CITY_NAME_TORONTO CompletionTurn=223 EscapeResult=-1 InitialResult=5 LevelAfter=2 LootInfo=-1 Name=LOC_CITIZEN_MAYA_MODERN_MALE_8 Operation=58 PlotIndex=1818
mission CityName=LOC_CITY_NAME_MONTREAL CompletionTurn=222 EscapeResult=-1 InitialResult=4 LevelAfter=2 LootInfo=-1 Name=LOC_CITIZEN_MAYA_MODERN_FEMALE_4 Operation=58 PlotIndex=1314
mission CityName=LOC_CITY_NAME_OTTAWA CompletionTurn=220 EscapeResult=1 InitialResult=4 LevelAfter=2 LootInfo=-1 Name=LOC_CITIZEN_MAYA_FEMALE_5 Operation=58 PlotIndex=978
mission CityName=LOC_CITY_NAME_HALIFAX CompletionTurn=208 EscapeResult=-1 InitialResult=1 LevelAfter=2 LootInfo=-1 Name=LOC_CITIZEN_MAYA_MODERN_MALE_10 Operation=58 PlotIndex=1409
mission CityName=LOC_CITY_NAME_MONTREAL CompletionTurn=205 EscapeResult=0 InitialResult=4 LevelAfter=2 LootInfo=-1 Name=LOC_CITIZEN_MAYA_MODERN_FEMALE_6 Operation=58 PlotIndex=1314
mission CityName=LOC_CITY_NAME_HALIFAX CompletionTurn=204 EscapeResult=-1 InitialResult=5 LevelAfter=2 LootInfo=-1 Name=LOC_CITIZEN_MAYA_MODERN_MALE_10 Operation=58 PlotIndex=1409
mission CityName=LOC_CITY_NAME_QUEBEC_CITY CompletionTurn=204 EscapeResult=2 InitialResult=4 LevelAfter=2 LootInfo=-1 Name=LOC_CITIZEN_MAYA_MODERN_FEMALE_4 Operation=58 PlotIndex=1404
mission CityName=LOC_CITY_NAME_OTTAWA CompletionTurn=200 EscapeResult=2 InitialResult=4 LevelAfter=2 LootInfo=-1 Name=LOC_CITIZEN_MAYA_MODERN_MALE_8 Operation=58 PlotIndex=978
mission CityName=LOC_CITY_NAME_QUEBEC_CITY CompletionTurn=200 EscapeResult=-1 InitialResult=5 LevelAfter=2 LootInfo=-1 Name=LOC_CITIZEN_MAYA_MODERN_FEMALE_4 Operation=58 PlotIndex=1404
mission CityName=LOC_CITY_NAME_TORONTO CompletionTurn=197 EscapeResult=1 InitialResult=2 LevelAfter=2 LootInfo=-1 Name=LOC_CITIZEN_MAYA_MALE_8 Operation=58 PlotIndex=1818
mission CityName=LOC_CITY_NAME_MONTREAL CompletionTurn=195 EscapeResult=0 InitialResult=4 LevelAfter=2 LootInfo=-1 Name=LOC_CITIZEN_MAYA_MALE_6 Operation=58 PlotIndex=1314
mission CityName=LOC_CITY_NAME_BRANTFORD CompletionTurn=195 EscapeResult=-1 InitialResult=1 LevelAfter=1 LootInfo=-1 Name=LOC_CITIZEN_MAYA_MODERN_MALE_4 Operation=58 PlotIndex=473
mission CityName=LOC_CITY_NAME_QUEBEC_CITY CompletionTurn=192 EscapeResult=-1 InitialResult=1 LevelAfter=2 LootInfo=-1 Name=LOC_CITIZEN_MAYA_MALE_2 Operation=58 PlotIndex=1404
mission CityName=LOC_CITY_NAME_BRANTFORD CompletionTurn=191 EscapeResult=-1 InitialResult=3 LevelAfter=1 LootInfo=-1 Name=LOC_CITIZEN_MAYA_MODERN_MALE_4 Operation=58 PlotIndex=473
mission CityName=LOC_CITY_NAME_MONTREAL CompletionTurn=191 EscapeResult=-1 InitialResult=1 LevelAfter=2 LootInfo=-1 Name=LOC_CITIZEN_MAYA_MALE_4 Operation=58 PlotIndex=1314
mission CityName=LOC_CITY_NAME_SAINT_JOHN CompletionTurn=189 EscapeResult=2 InitialResult=4 LevelAfter=2 LootInfo=-1 Name=LOC_CITIZEN_MAYA_MODERN_FEMALE_4 Operation=58 PlotIndex=1991
mission CityName=LOC_CITY_NAME_QUEBEC_CITY CompletionTurn=188 EscapeResult=-1 InitialResult=5 LevelAfter=2 LootInfo=-1 Name=LOC_CITIZEN_MAYA_MALE_2 Operation=58 PlotIndex=1404
mission CityName=LOC_CITY_NAME_OTTAWA CompletionTurn=188 EscapeResult=0 InitialResult=4 LevelAfter=2 LootInfo=-1 Name=LOC_CITIZEN_MAYA_FEMALE_7 Operation=58 PlotIndex=978
mission CityName=LOC_CITY_NAME_TORONTO CompletionTurn=188 EscapeResult=2 InitialResult=4 LevelAfter=2 LootInfo=-1 Name=LOC_CITIZEN_MAYA_MALE_8 Operation=58 PlotIndex=1818
mission CityName=LOC_CITY_NAME_HALIFAX CompletionTurn=187 EscapeResult=0 InitialResult=4 LevelAfter=2 LootInfo=-1 Name=LOC_CITIZEN_MAYA_FEMALE_6 Operation=58 PlotIndex=1409
mission CityName=LOC_CITY_NAME_WINNIPEG CompletionTurn=187 EscapeResult=1 InitialResult=2 LevelAfter=1 LootInfo=-1 Name=LOC_CITIZEN_MAYA_FEMALE_1 Operation=58 PlotIndex=1742
mission CityName=LOC_CITY_NAME_SAINT_JOHN CompletionTurn=185 EscapeResult=-1 InitialResult=3 LevelAfter=2 LootInfo=-1 Name=LOC_CITIZEN_MAYA_MODERN_FEMALE_4 Operation=58 PlotIndex=1991
mission CityName=LOC_CITY_NAME_OTTAWA CompletionTurn=184 EscapeResult=-1 InitialResult=5 LevelAfter=2 LootInfo=-1 Name=LOC_CITIZEN_MAYA_FEMALE_7 Operation=58 PlotIndex=978
mission CityName=LOC_CITY_NAME_HALIFAX CompletionTurn=183 EscapeResult=-1 InitialResult=5 LevelAfter=2 LootInfo=-1 Name=LOC_CITIZEN_MAYA_FEMALE_6 Operation=58 PlotIndex=1409
mission CityName=LOC_CITY_NAME_SAINT_JOHN CompletionTurn=181 EscapeResult=-1 InitialResult=5 LevelAfter=2 LootInfo=-1 Name=LOC_CITIZEN_MAYA_MODERN_FEMALE_4 Operation=58 PlotIndex=1991
mission CityName=LOC_CITY_NAME_MONTREAL CompletionTurn=180 EscapeResult=0 InitialResult=4 LevelAfter=2 LootInfo=-1 Name=LOC_CITIZEN_MAYA_MODERN_FEMALE_5 Operation=58 PlotIndex=1314
mission CityName=LOC_CITY_NAME_TORONTO CompletionTurn=180 EscapeResult=2 InitialResult=4 LevelAfter=2 LootInfo=-1 Name=LOC_CITIZEN_MAYA_MALE_8 Operation=58 PlotIndex=1818
mission CityName=LOC_CITY_NAME_QUEBEC_CITY CompletionTurn=179 EscapeResult=2 InitialResult=4 LevelAfter=2 LootInfo=-1 Name=LOC_CITIZEN_MAYA_MALE_4 Operation=58 PlotIndex=1404
mission CityName=LOC_CITY_NAME_HALIFAX CompletionTurn=176 EscapeResult=0 InitialResult=4 LevelAfter=2 LootInfo=-1 Name=LOC_CITIZEN_MAYA_MALE_5 Operation=58 PlotIndex=1409
mission CityName=LOC_CITY_NAME_TORONTO CompletionTurn=176 EscapeResult=-1 InitialResult=5 LevelAfter=2 LootInfo=-1 Name=LOC_CITIZEN_MAYA_MALE_8 Operation=58 PlotIndex=1818
mission CityName=LOC_CITY_NAME_OTTAWA CompletionTurn=175 EscapeResult=1 InitialResult=2 LevelAfter=2 LootInfo=-1 Name=LOC_CITIZEN_MAYA_FEMALE_8 Operation=58 PlotIndex=978
mission CityName=LOC_CITY_NAME_MONTREAL CompletionTurn=175 EscapeResult=0 InitialResult=4 LevelAfter=2 LootInfo=-1 Name=LOC_CITIZEN_MAYA_MODERN_FEMALE_2 Operation=58 PlotIndex=1314
mission CityName=LOC_CITY_NAME_WINNIPEG CompletionTurn=174 EscapeResult=1 InitialResult=4 LevelAfter=2 LootInfo=-1 Name=LOC_CITIZEN_MAYA_MODERN_MALE_10 Operation=58 PlotIndex=1742
mission CityName=LOC_CITY_NAME_SAINT_JOHN CompletionTurn=173 EscapeResult=-1 InitialResult=1 LevelAfter=1 LootInfo=-1 Name=LOC_CITIZEN_MAYA_MODERN_FEMALE_1 Operation=58 PlotIndex=1991
mission CityName=LOC_CITY_NAME_QUEBEC_CITY CompletionTurn=173 EscapeResult=-1 InitialResult=1 LevelAfter=2 LootInfo=-1 Name=LOC_CITIZEN_MAYA_MALE_3 Operation=58 PlotIndex=1404
mission CityName=LOC_CITY_NAME_BRANTFORD CompletionTurn=172 EscapeResult=-1 InitialResult=1 LevelAfter=2 LootInfo=-1 Name=LOC_CITIZEN_MAYA_MODERN_FEMALE_7 Operation=58 PlotIndex=473
mission CityName=LOC_CITY_NAME_TORONTO CompletionTurn=172 EscapeResult=-1 InitialResult=5 LevelAfter=2 LootInfo=-1 Name=LOC_CITIZEN_MAYA_MALE_8 Operation=58 PlotIndex=1818
mission CityName=LOC_CITY_NAME_OTTAWA CompletionTurn=171 EscapeResult=-1 InitialResult=5 LevelAfter=2 LootInfo=-1 Name=LOC_CITIZEN_MAYA_FEMALE_8 Operation=58 PlotIndex=978
mission CityName=LOC_CITY_NAME_MONTREAL CompletionTurn=171 EscapeResult=-1 InitialResult=5 LevelAfter=2 LootInfo=-1 Name=LOC_CITIZEN_MAYA_MODERN_FEMALE_2 Operation=58 PlotIndex=1314
mission CityName=LOC_CITY_NAME_WINNIPEG CompletionTurn=170 EscapeResult=-1 InitialResult=3 LevelAfter=2 LootInfo=-1 Name=LOC_CITIZEN_MAYA_MODERN_MALE_10 Operation=58 PlotIndex=1742
mission CityName=LOC_CITY_NAME_QUEBEC_CITY CompletionTurn=169 EscapeResult=-1 InitialResult=5 LevelAfter=2 LootInfo=-1 Name=LOC_CITIZEN_MAYA_MALE_3 Operation=58 PlotIndex=1404
mission CityName=LOC_CITY_NAME_BRANTFORD CompletionTurn=168 EscapeResult=-1 InitialResult=5 LevelAfter=2 LootInfo=-1 Name=LOC_CITIZEN_MAYA_MODERN_FEMALE_7 Operation=58 PlotIndex=473
mission CityName=LOC_CITY_NAME_TORONTO CompletionTurn=168 EscapeResult=-1 InitialResult=3 LevelAfter=2 LootInfo=-1 Name=LOC_CITIZEN_MAYA_MALE_8 Operation=58 PlotIndex=1818
mission CityName=LOC_CITY_NAME_OTTAWA CompletionTurn=167 EscapeResult=-1 InitialResult=5 LevelAfter=2 LootInfo=-1 Name=LOC_CITIZEN_MAYA_FEMALE_8 Operation=58 PlotIndex=978
mission CityName=LOC_CITY_NAME_WINNIPEG CompletionTurn=166 EscapeResult=-1 InitialResult=5 LevelAfter=2 LootInfo=-1 Name=LOC_CITIZEN_MAYA_MODERN_MALE_10 Operation=58 PlotIndex=1742
mission CityName=LOC_CITY_NAME_HALIFAX CompletionTurn=166 EscapeResult=0 InitialResult=4 LevelAfter=2 LootInfo=-1 Name=LOC_CITIZEN_MAYA_FEMALE_4 Operation=58 PlotIndex=1409
mission CityName=LOC_CITY_NAME_QUEBEC_CITY CompletionTurn=165 EscapeResult=-1 InitialResult=3 LevelAfter=1 LootInfo=-1 Name=LOC_CITIZEN_MAYA_MALE_3 Operation=58 PlotIndex=1404
mission CityName=LOC_CITY_NAME_SAINT_JOHN CompletionTurn=164 EscapeResult=1 InitialResult=2 LevelAfter=1 LootInfo=-1 Name=LOC_CITIZEN_MAYA_MALE_6 Operation=58 PlotIndex=1991
mission CityName=LOC_CITY_NAME_OTTAWA CompletionTurn=163 EscapeResult=-1 InitialResult=5 LevelAfter=2 LootInfo=-1 Name=LOC_CITIZEN_MAYA_FEMALE_8 Operation=58 PlotIndex=978
mission CityName=LOC_CITY_NAME_WINNIPEG CompletionTurn=162 EscapeResult=-1 InitialResult=3 LevelAfter=1 LootInfo=-1 Name=LOC_CITIZEN_MAYA_MODERN_MALE_10 Operation=58 PlotIndex=1742
mission CityName=LOC_CITY_NAME_MONTREAL CompletionTurn=162 EscapeResult=0 InitialResult=2 LevelAfter=2 LootInfo=-1 Name=LOC_CITIZEN_MAYA_MODERN_FEMALE_3 Operation=58 PlotIndex=1314
mission CityName=LOC_CITY_NAME_SAINT_JOHN CompletionTurn=160 EscapeResult=-1 InitialResult=3 LevelAfter=1 LootInfo=-1 Name=LOC_CITIZEN_MAYA_MALE_6 Operation=58 PlotIndex=1991
mission CityName=LOC_CITY_NAME_TORONTO CompletionTurn=159 EscapeResult=2 InitialResult=2 LevelAfter=1 LootInfo=-1 Name=LOC_CITIZEN_MAYA_MODERN_FEMALE_5 Operation=58 PlotIndex=1818
mission CityName=LOC_CITY_NAME_HALIFAX CompletionTurn=159 EscapeResult=0 InitialResult=2 LevelAfter=2 LootInfo=-1 Name=LOC_CITIZEN_MAYA_MODERN_FEMALE_9 Operation=58 PlotIndex=1409
mission CityName=LOC_CITY_NAME_OTTAWA CompletionTurn=156 EscapeResult=-1 InitialResult=1 LevelAfter=1 LootInfo=-1 Name=LOC_CITIZEN_MAYA_MODERN_MALE_9 Operation=58 PlotIndex=978
mission CityName=LOC_CITY_NAME_QUEBEC_CITY CompletionTurn=156 EscapeResult=2 InitialResult=2 LevelAfter=2 LootInfo=-1 Name=LOC_CITIZEN_MAYA_MALE_8 Operation=58 PlotIndex=1404
mission CityName=LOC_CITY_NAME_SAINT_JOHN CompletionTurn=156 EscapeResult=-1 InitialResult=3 LevelAfter=1 LootInfo=-1 Name=LOC_CITIZEN_MAYA_MALE_6 Operation=58 PlotIndex=1991
mission CityName=LOC_CITY_NAME_HALIFAX CompletionTurn=154 EscapeResult=-1 InitialResult=5 LevelAfter=2 LootInfo=-1 Name=LOC_CITIZEN_MAYA_FEMALE_4 Operation=58 PlotIndex=1409
mission CityName=LOC_CITY_NAME_QUEBEC_CITY CompletionTurn=151 EscapeResult=-1 InitialResult=5 LevelAfter=2 LootInfo=-1 Name=LOC_CITIZEN_MAYA_MALE_8 Operation=58 PlotIndex=1404
mission CityName=LOC_CITY_NAME_MONTREAL CompletionTurn=150 EscapeResult=0 InitialResult=2 LevelAfter=2 LootInfo=-1 Name=LOC_CITIZEN_MAYA_MALE_1 Operation=58 PlotIndex=1314
mission CityName=LOC_CITY_NAME_OTTAWA CompletionTurn=148 EscapeResult=2 InitialResult=2 LevelAfter=2 LootInfo=-1 Name=LOC_CITIZEN_MAYA_MODERN_FEMALE_3 Operation=58 PlotIndex=978
mission CityName=LOC_CITY_NAME_TORONTO CompletionTurn=148 EscapeResult=0 InitialResult=2 LevelAfter=1 LootInfo=-1 Name=LOC_CITIZEN_MAYA_FEMALE_3 Operation=58 PlotIndex=1818
mission CityName=LOC_CITY_NAME_OTTAWA CompletionTurn=144 EscapeResult=-1 InitialResult=3 LevelAfter=1 LootInfo=-1 Name=LOC_CITIZEN_MAYA_MODERN_MALE_9 Operation=58 PlotIndex=978
mission CityName=LOC_CITY_NAME_QUEBEC_CITY CompletionTurn=142 EscapeResult=2 InitialResult=4 LevelAfter=2 LootInfo=-1 Name=LOC_CITIZEN_MAYA_MODERN_FEMALE_9 Operation=58 PlotIndex=1404
mission CityName=LOC_CITY_NAME_MONTREAL CompletionTurn=141 EscapeResult=0 InitialResult=2 LevelAfter=1 LootInfo=-1 Name=LOC_CITIZEN_MAYA_MODERN_MALE_1 Operation=58 PlotIndex=1314
mission CityName=LOC_CITY_NAME_TORONTO CompletionTurn=140 EscapeResult=-1 InitialResult=0 LevelAfter=1 LootInfo=-1 Name=LOC_CITIZEN_MAYA_MODERN_MALE_4 Operation=58 PlotIndex=1818
mission CityName=LOC_CITY_NAME_MONTREAL CompletionTurn=137 EscapeResult=-1 InitialResult=5 LevelAfter=2 LootInfo=-1 Name=LOC_CITIZEN_MAYA_MALE_1 Operation=58 PlotIndex=1314
mission CityName=LOC_CITY_NAME_OTTAWA CompletionTurn=134 EscapeResult=2 InitialResult=4 LevelAfter=2 LootInfo=-1 Name=LOC_CITIZEN_MAYA_MODERN_FEMALE_3 Operation=58 PlotIndex=978
tally 8  FOMENT_UNREST CAPTURED / NO_RESULT
tally 4  FOMENT_UNREST FAIL_MUST_ESCAPE / CAPTURED
tally 3  FOMENT_UNREST FAIL_MUST_ESCAPE / FAIL_MUST_ESCAPE
tally 5  FOMENT_UNREST FAIL_MUST_ESCAPE / KILLED
tally 9  FOMENT_UNREST FAIL_UNDETECTED / NO_RESULT
tally 1  FOMENT_UNREST KILLED / NO_RESULT
tally 2  FOMENT_UNREST SUCCESS_MUST_ESCAPE / CAPTURED
tally 8  FOMENT_UNREST SUCCESS_MUST_ESCAPE / FAIL_MUST_ESCAPE
tally 8  FOMENT_UNREST SUCCESS_MUST_ESCAPE / KILLED
tally 1  FOMENT_UNREST SUCCESS_MUST_ESCAPE / NO_RESULT
tally 19  FOMENT_UNREST SUCCESS_UNDETECTED / NO_RESULT
turn 223 spies active 2 idle 0 missions 68 captured-enemy 0
spy 9961474 LOC_CITIZEN_MAYA_MODERN_FEMALE_4 level 1 at 54:15 busy
spy 10027036 LOC_CITIZEN_MAYA_MODERN_MALE_8 level 1 at 54:21 start
turn 223 spies 2 started 1 travelled 0 promoted 0 bought 0 gold 50000
unblock: blocker ENDTURN_BLOCKING_SPY_CHOOSE_ESCAPE_ROUTE -> escape route DISTRICT_COMMERCIAL_HUB of 3 for spy 9961474 LOC_CITIZEN_MAYA_MODERN_FEMALE_4 level 1 turn 223 | end turn requested
unstuck: InGamePopup: open, no close
unblock: blocker ENDTURN_BLOCKING_PRODUCTION -> NARANJO builds UNIT_WARRIOR | end turn requested
unstuck: closed sessions [2:2]
unstuck: DiplomacyActionView: Closing Diplomacy Action View. m_eventID: 1468871
unstuck: InGamePopup: open, no close
unblock: blocker ENDTURN_BLOCKING_PRODUCTION -> NARANJO builds UNIT_WARRIOR | end turn requested
unstuck: InGamePopup: open, no close
mission CityName=LOC_CITY_NAME_TORONTO CompletionTurn=223 EscapeResult=-1 InitialResult=5 LevelAfter=2 LootInfo=-1 Name=LOC_CITIZEN_MAYA_MODERN_MALE_8 Operation=58 PlotIndex=1818
mission CityName=LOC_CITY_NAME_MONTREAL CompletionTurn=222 EscapeResult=0 InitialResult=4 LevelAfter=2 LootInfo=-1 Name=LOC_CITIZEN_MAYA_MODERN_FEMALE_4 Operation=58 PlotIndex=1314
mission CityName=LOC_CITY_NAME_OTTAWA CompletionTurn=220 EscapeResult=1 InitialResult=4 LevelAfter=2 LootInfo=-1 Name=LOC_CITIZEN_MAYA_FEMALE_5 Operation=58 PlotIndex=978
mission CityName=LOC_CITY_NAME_HALIFAX CompletionTurn=208 EscapeResult=-1 InitialResult=1 LevelAfter=2 LootInfo=-1 Name=LOC_CITIZEN_MAYA_MODERN_MALE_10 Operation=58 PlotIndex=1409
mission CityName=LOC_CITY_NAME_MONTREAL CompletionTurn=205 EscapeResult=0 InitialResult=4 LevelAfter=2 LootInfo=-1 Name=LOC_CITIZEN_MAYA_MODERN_FEMALE_6 Operation=58 PlotIndex=1314
mission CityName=LOC_CITY_NAME_HALIFAX CompletionTurn=204 EscapeResult=-1 InitialResult=5 LevelAfter=2 LootInfo=-1 Name=LOC_CITIZEN_MAYA_MODERN_MALE_10 Operation=58 PlotIndex=1409
mission CityName=LOC_CITY_NAME_QUEBEC_CITY CompletionTurn=204 EscapeResult=2 InitialResult=4 LevelAfter=2 LootInfo=-1 Name=LOC_CITIZEN_MAYA_MODERN_FEMALE_4 Operation=58 PlotIndex=1404
mission CityName=LOC_CITY_NAME_OTTAWA CompletionTurn=200 EscapeResult=2 InitialResult=4 LevelAfter=2 LootInfo=-1 Name=LOC_CITIZEN_MAYA_MODERN_MALE_8 Operation=58 PlotIndex=978
mission CityName=LOC_CITY_NAME_QUEBEC_CITY CompletionTurn=200 EscapeResult=-1 InitialResult=5 LevelAfter=2 LootInfo=-1 Name=LOC_CITIZEN_MAYA_MODERN_FEMALE_4 Operation=58 PlotIndex=1404
mission CityName=LOC_CITY_NAME_TORONTO CompletionTurn=197 EscapeResult=1 InitialResult=2 LevelAfter=2 LootInfo=-1 Name=LOC_CITIZEN_MAYA_MALE_8 Operation=58 PlotIndex=1818
mission CityName=LOC_CITY_NAME_MONTREAL CompletionTurn=195 EscapeResult=0 InitialResult=4 LevelAfter=2 LootInfo=-1 Name=LOC_CITIZEN_MAYA_MALE_6 Operation=58 PlotIndex=1314
mission CityName=LOC_CITY_NAME_BRANTFORD CompletionTurn=195 EscapeResult=-1 InitialResult=1 LevelAfter=1 LootInfo=-1 Name=LOC_CITIZEN_MAYA_MODERN_MALE_4 Operation=58 PlotIndex=473
mission CityName=LOC_CITY_NAME_QUEBEC_CITY CompletionTurn=192 EscapeResult=-1 InitialResult=1 LevelAfter=2 LootInfo=-1 Name=LOC_CITIZEN_MAYA_MALE_2 Operation=58 PlotIndex=1404
mission CityName=LOC_CITY_NAME_BRANTFORD CompletionTurn=191 EscapeResult=-1 InitialResult=3 LevelAfter=1 LootInfo=-1 Name=LOC_CITIZEN_MAYA_MODERN_MALE_4 Operation=58 PlotIndex=473
mission CityName=LOC_CITY_NAME_MONTREAL CompletionTurn=191 EscapeResult=-1 InitialResult=1 LevelAfter=2 LootInfo=-1 Name=LOC_CITIZEN_MAYA_MALE_4 Operation=58 PlotIndex=1314
mission CityName=LOC_CITY_NAME_SAINT_JOHN CompletionTurn=189 EscapeResult=2 InitialResult=4 LevelAfter=2 LootInfo=-1 Name=LOC_CITIZEN_MAYA_MODERN_FEMALE_4 Operation=58 PlotIndex=1991
mission CityName=LOC_CITY_NAME_QUEBEC_CITY CompletionTurn=188 EscapeResult=-1 InitialResult=5 LevelAfter=2 LootInfo=-1 Name=LOC_CITIZEN_MAYA_MALE_2 Operation=58 PlotIndex=1404
mission CityName=LOC_CITY_NAME_OTTAWA CompletionTurn=188 EscapeResult=0 InitialResult=4 LevelAfter=2 LootInfo=-1 Name=LOC_CITIZEN_MAYA_FEMALE_7 Operation=58 PlotIndex=978
mission CityName=LOC_CITY_NAME_TORONTO CompletionTurn=188 EscapeResult=2 InitialResult=4 LevelAfter=2 LootInfo=-1 Name=LOC_CITIZEN_MAYA_MALE_8 Operation=58 PlotIndex=1818
mission CityName=LOC_CITY_NAME_HALIFAX CompletionTurn=187 EscapeResult=0 InitialResult=4 LevelAfter=2 LootInfo=-1 Name=LOC_CITIZEN_MAYA_FEMALE_6 Operation=58 PlotIndex=1409
mission CityName=LOC_CITY_NAME_WINNIPEG CompletionTurn=187 EscapeResult=1 InitialResult=2 LevelAfter=1 LootInfo=-1 Name=LOC_CITIZEN_MAYA_FEMALE_1 Operation=58 PlotIndex=1742
mission CityName=LOC_CITY_NAME_SAINT_JOHN CompletionTurn=185 EscapeResult=-1 InitialResult=3 LevelAfter=2 LootInfo=-1 Name=LOC_CITIZEN_MAYA_MODERN_FEMALE_4 Operation=58 PlotIndex=1991
mission CityName=LOC_CITY_NAME_OTTAWA CompletionTurn=184 EscapeResult=-1 InitialResult=5 LevelAfter=2 LootInfo=-1 Name=LOC_CITIZEN_MAYA_FEMALE_7 Operation=58 PlotIndex=978
mission CityName=LOC_CITY_NAME_HALIFAX CompletionTurn=183 EscapeResult=-1 InitialResult=5 LevelAfter=2 LootInfo=-1 Name=LOC_CITIZEN_MAYA_FEMALE_6 Operation=58 PlotIndex=1409
mission CityName=LOC_CITY_NAME_SAINT_JOHN CompletionTurn=181 EscapeResult=-1 InitialResult=5 LevelAfter=2 LootInfo=-1 Name=LOC_CITIZEN_MAYA_MODERN_FEMALE_4 Operation=58 PlotIndex=1991
mission CityName=LOC_CITY_NAME_MONTREAL CompletionTurn=180 EscapeResult=0 InitialResult=4 LevelAfter=2 LootInfo=-1 Name=LOC_CITIZEN_MAYA_MODERN_FEMALE_5 Operation=58 PlotIndex=1314
mission CityName=LOC_CITY_NAME_TORONTO CompletionTurn=180 EscapeResult=2 InitialResult=4 LevelAfter=2 LootInfo=-1 Name=LOC_CITIZEN_MAYA_MALE_8 Operation=58 PlotIndex=1818
mission CityName=LOC_CITY_NAME_QUEBEC_CITY CompletionTurn=179 EscapeResult=2 InitialResult=4 LevelAfter=2 LootInfo=-1 Name=LOC_CITIZEN_MAYA_MALE_4 Operation=58 PlotIndex=1404
mission CityName=LOC_CITY_NAME_HALIFAX CompletionTurn=176 EscapeResult=0 InitialResult=4 LevelAfter=2 LootInfo=-1 Name=LOC_CITIZEN_MAYA_MALE_5 Operation=58 PlotIndex=1409
mission CityName=LOC_CITY_NAME_TORONTO CompletionTurn=176 EscapeResult=-1 InitialResult=5 LevelAfter=2 LootInfo=-1 Name=LOC_CITIZEN_MAYA_MALE_8 Operation=58 PlotIndex=1818
mission CityName=LOC_CITY_NAME_OTTAWA CompletionTurn=175 EscapeResult=1 InitialResult=2 LevelAfter=2 LootInfo=-1 Name=LOC_CITIZEN_MAYA_FEMALE_8 Operation=58 PlotIndex=978
mission CityName=LOC_CITY_NAME_MONTREAL CompletionTurn=175 EscapeResult=0 InitialResult=4 LevelAfter=2 LootInfo=-1 Name=LOC_CITIZEN_MAYA_MODERN_FEMALE_2 Operation=58 PlotIndex=1314
mission CityName=LOC_CITY_NAME_WINNIPEG CompletionTurn=174 EscapeResult=1 InitialResult=4 LevelAfter=2 LootInfo=-1 Name=LOC_CITIZEN_MAYA_MODERN_MALE_10 Operation=58 PlotIndex=1742
mission CityName=LOC_CITY_NAME_SAINT_JOHN CompletionTurn=173 EscapeResult=-1 InitialResult=1 LevelAfter=1 LootInfo=-1 Name=LOC_CITIZEN_MAYA_MODERN_FEMALE_1 Operation=58 PlotIndex=1991
mission CityName=LOC_CITY_NAME_QUEBEC_CITY CompletionTurn=173 EscapeResult=-1 InitialResult=1 LevelAfter=2 LootInfo=-1 Name=LOC_CITIZEN_MAYA_MALE_3 Operation=58 PlotIndex=1404
mission CityName=LOC_CITY_NAME_BRANTFORD CompletionTurn=172 EscapeResult=-1 InitialResult=1 LevelAfter=2 LootInfo=-1 Name=LOC_CITIZEN_MAYA_MODERN_FEMALE_7 Operation=58 PlotIndex=473
mission CityName=LOC_CITY_NAME_TORONTO CompletionTurn=172 EscapeResult=-1 InitialResult=5 LevelAfter=2 LootInfo=-1 Name=LOC_CITIZEN_MAYA_MALE_8 Operation=58 PlotIndex=1818
mission CityName=LOC_CITY_NAME_OTTAWA CompletionTurn=171 EscapeResult=-1 InitialResult=5 LevelAfter=2 LootInfo=-1 Name=LOC_CITIZEN_MAYA_FEMALE_8 Operation=58 PlotIndex=978
mission CityName=LOC_CITY_NAME_MONTREAL CompletionTurn=171 EscapeResult=-1 InitialResult=5 LevelAfter=2 LootInfo=-1 Name=LOC_CITIZEN_MAYA_MODERN_FEMALE_2 Operation=58 PlotIndex=1314
mission CityName=LOC_CITY_NAME_WINNIPEG CompletionTurn=170 EscapeResult=-1 InitialResult=3 LevelAfter=2 LootInfo=-1 Name=LOC_CITIZEN_MAYA_MODERN_MALE_10 Operation=58 PlotIndex=1742
mission CityName=LOC_CITY_NAME_QUEBEC_CITY CompletionTurn=169 EscapeResult=-1 InitialResult=5 LevelAfter=2 LootInfo=-1 Name=LOC_CITIZEN_MAYA_MALE_3 Operation=58 PlotIndex=1404
mission CityName=LOC_CITY_NAME_BRANTFORD CompletionTurn=168 EscapeResult=-1 InitialResult=5 LevelAfter=2 LootInfo=-1 Name=LOC_CITIZEN_MAYA_MODERN_FEMALE_7 Operation=58 PlotIndex=473
mission CityName=LOC_CITY_NAME_TORONTO CompletionTurn=168 EscapeResult=-1 InitialResult=3 LevelAfter=2 LootInfo=-1 Name=LOC_CITIZEN_MAYA_MALE_8 Operation=58 PlotIndex=1818
mission CityName=LOC_CITY_NAME_OTTAWA CompletionTurn=167 EscapeResult=-1 InitialResult=5 LevelAfter=2 LootInfo=-1 Name=LOC_CITIZEN_MAYA_FEMALE_8 Operation=58 PlotIndex=978
mission CityName=LOC_CITY_NAME_WINNIPEG CompletionTurn=166 EscapeResult=-1 InitialResult=5 LevelAfter=2 LootInfo=-1 Name=LOC_CITIZEN_MAYA_MODERN_MALE_10 Operation=58 PlotIndex=1742
mission CityName=LOC_CITY_NAME_HALIFAX CompletionTurn=166 EscapeResult=0 InitialResult=4 LevelAfter=2 LootInfo=-1 Name=LOC_CITIZEN_MAYA_FEMALE_4 Operation=58 PlotIndex=1409
mission CityName=LOC_CITY_NAME_QUEBEC_CITY CompletionTurn=165 EscapeResult=-1 InitialResult=3 LevelAfter=1 LootInfo=-1 Name=LOC_CITIZEN_MAYA_MALE_3 Operation=58 PlotIndex=1404
mission CityName=LOC_CITY_NAME_SAINT_JOHN CompletionTurn=164 EscapeResult=1 InitialResult=2 LevelAfter=1 LootInfo=-1 Name=LOC_CITIZEN_MAYA_MALE_6 Operation=58 PlotIndex=1991
mission CityName=LOC_CITY_NAME_OTTAWA CompletionTurn=163 EscapeResult=-1 InitialResult=5 LevelAfter=2 LootInfo=-1 Name=LOC_CITIZEN_MAYA_FEMALE_8 Operation=58 PlotIndex=978
mission CityName=LOC_CITY_NAME_WINNIPEG CompletionTurn=162 EscapeResult=-1 InitialResult=3 LevelAfter=1 LootInfo=-1 Name=LOC_CITIZEN_MAYA_MODERN_MALE_10 Operation=58 PlotIndex=1742
mission CityName=LOC_CITY_NAME_MONTREAL CompletionTurn=162 EscapeResult=0 InitialResult=2 LevelAfter=2 LootInfo=-1 Name=LOC_CITIZEN_MAYA_MODERN_FEMALE_3 Operation=58 PlotIndex=1314
mission CityName=LOC_CITY_NAME_SAINT_JOHN CompletionTurn=160 EscapeResult=-1 InitialResult=3 LevelAfter=1 LootInfo=-1 Name=LOC_CITIZEN_MAYA_MALE_6 Operation=58 PlotIndex=1991
mission CityName=LOC_CITY_NAME_TORONTO CompletionTurn=159 EscapeResult=2 InitialResult=2 LevelAfter=1 LootInfo=-1 Name=LOC_CITIZEN_MAYA_MODERN_FEMALE_5 Operation=58 PlotIndex=1818
mission CityName=LOC_CITY_NAME_HALIFAX CompletionTurn=159 EscapeResult=0 InitialResult=2 LevelAfter=2 LootInfo=-1 Name=LOC_CITIZEN_MAYA_MODERN_FEMALE_9 Operation=58 PlotIndex=1409
mission CityName=LOC_CITY_NAME_OTTAWA CompletionTurn=156 EscapeResult=-1 InitialResult=1 LevelAfter=1 LootInfo=-1 Name=LOC_CITIZEN_MAYA_MODERN_MALE_9 Operation=58 PlotIndex=978
mission CityName=LOC_CITY_NAME_QUEBEC_CITY CompletionTurn=156 EscapeResult=2 InitialResult=2 LevelAfter=2 LootInfo=-1 Name=LOC_CITIZEN_MAYA_MALE_8 Operation=58 PlotIndex=1404
mission CityName=LOC_CITY_NAME_SAINT_JOHN CompletionTurn=156 EscapeResult=-1 InitialResult=3 LevelAfter=1 LootInfo=-1 Name=LOC_CITIZEN_MAYA_MALE_6 Operation=58 PlotIndex=1991
mission CityName=LOC_CITY_NAME_HALIFAX CompletionTurn=154 EscapeResult=-1 InitialResult=5 LevelAfter=2 LootInfo=-1 Name=LOC_CITIZEN_MAYA_FEMALE_4 Operation=58 PlotIndex=1409
mission CityName=LOC_CITY_NAME_QUEBEC_CITY CompletionTurn=151 EscapeResult=-1 InitialResult=5 LevelAfter=2 LootInfo=-1 Name=LOC_CITIZEN_MAYA_MALE_8 Operation=58 PlotIndex=1404
mission CityName=LOC_CITY_NAME_MONTREAL CompletionTurn=150 EscapeResult=0 InitialResult=2 LevelAfter=2 LootInfo=-1 Name=LOC_CITIZEN_MAYA_MALE_1 Operation=58 PlotIndex=1314
mission CityName=LOC_CITY_NAME_OTTAWA CompletionTurn=148 EscapeResult=2 InitialResult=2 LevelAfter=2 LootInfo=-1 Name=LOC_CITIZEN_MAYA_MODERN_FEMALE_3 Operation=58 PlotIndex=978
mission CityName=LOC_CITY_NAME_TORONTO CompletionTurn=148 EscapeResult=0 InitialResult=2 LevelAfter=1 LootInfo=-1 Name=LOC_CITIZEN_MAYA_FEMALE_3 Operation=58 PlotIndex=1818
mission CityName=LOC_CITY_NAME_OTTAWA CompletionTurn=144 EscapeResult=-1 InitialResult=3 LevelAfter=1 LootInfo=-1 Name=LOC_CITIZEN_MAYA_MODERN_MALE_9 Operation=58 PlotIndex=978
mission CityName=LOC_CITY_NAME_QUEBEC_CITY CompletionTurn=142 EscapeResult=2 InitialResult=4 LevelAfter=2 LootInfo=-1 Name=LOC_CITIZEN_MAYA_MODERN_FEMALE_9 Operation=58 PlotIndex=1404
mission CityName=LOC_CITY_NAME_MONTREAL CompletionTurn=141 EscapeResult=0 InitialResult=2 LevelAfter=1 LootInfo=-1 Name=LOC_CITIZEN_MAYA_MODERN_MALE_1 Operation=58 PlotIndex=1314
mission CityName=LOC_CITY_NAME_TORONTO CompletionTurn=140 EscapeResult=-1 InitialResult=0 LevelAfter=1 LootInfo=-1 Name=LOC_CITIZEN_MAYA_MODERN_MALE_4 Operation=58 PlotIndex=1818
mission CityName=LOC_CITY_NAME_MONTREAL CompletionTurn=137 EscapeResult=-1 InitialResult=5 LevelAfter=2 LootInfo=-1 Name=LOC_CITIZEN_MAYA_MALE_1 Operation=58 PlotIndex=1314
mission CityName=LOC_CITY_NAME_OTTAWA CompletionTurn=134 EscapeResult=2 InitialResult=4 LevelAfter=2 LootInfo=-1 Name=LOC_CITIZEN_MAYA_MODERN_FEMALE_3 Operation=58 PlotIndex=978
tally 8  FOMENT_UNREST CAPTURED / NO_RESULT
tally 4  FOMENT_UNREST FAIL_MUST_ESCAPE / CAPTURED
tally 3  FOMENT_UNREST FAIL_MUST_ESCAPE / FAIL_MUST_ESCAPE
tally 5  FOMENT_UNREST FAIL_MUST_ESCAPE / KILLED
tally 9  FOMENT_UNREST FAIL_UNDETECTED / NO_RESULT
tally 1  FOMENT_UNREST KILLED / NO_RESULT
tally 2  FOMENT_UNREST SUCCESS_MUST_ESCAPE / CAPTURED
tally 8  FOMENT_UNREST SUCCESS_MUST_ESCAPE / FAIL_MUST_ESCAPE
tally 9  FOMENT_UNREST SUCCESS_MUST_ESCAPE / KILLED
tally 19  FOMENT_UNREST SUCCESS_UNDETECTED / NO_RESULT
turn 224 spies active 1 idle 0 missions 68 captured-enemy 0
spy 10027036 LOC_CITIZEN_MAYA_MODERN_MALE_8 level 1 at 54:21 busy
turn 224 spies 1 started 0 travelled 0 promoted 0 bought 1 gold 50000
unblock: blocker ENDTURN_BLOCKING_PRODUCTION -> NARANJO builds UNIT_WARRIOR | end turn requested
unstuck: InGamePopup: open, no close
unblock: blocker ENDTURN_BLOCKING_CIVIC -> civic CIVIC_HUMANISM | end turn requested
unstuck: InGamePopup: open, no close
mission CityName=LOC_CITY_NAME_TORONTO CompletionTurn=223 EscapeResult=-1 InitialResult=5 LevelAfter=2 LootInfo=-1 Name=LOC_CITIZEN_MAYA_MODERN_MALE_8 Operation=58 PlotIndex=1818
mission CityName=LOC_CITY_NAME_MONTREAL CompletionTurn=222 EscapeResult=0 InitialResult=4 LevelAfter=2 LootInfo=-1 Name=LOC_CITIZEN_MAYA_MODERN_FEMALE_4 Operation=58 PlotIndex=1314
mission CityName=LOC_CITY_NAME_OTTAWA CompletionTurn=220 EscapeResult=1 InitialResult=4 LevelAfter=2 LootInfo=-1 Name=LOC_CITIZEN_MAYA_FEMALE_5 Operation=58 PlotIndex=978
mission CityName=LOC_CITY_NAME_HALIFAX CompletionTurn=208 EscapeResult=-1 InitialResult=1 LevelAfter=2 LootInfo=-1 Name=LOC_CITIZEN_MAYA_MODERN_MALE_10 Operation=58 PlotIndex=1409
mission CityName=LOC_CITY_NAME_MONTREAL CompletionTurn=205 EscapeResult=0 InitialResult=4 LevelAfter=2 LootInfo=-1 Name=LOC_CITIZEN_MAYA_MODERN_FEMALE_6 Operation=58 PlotIndex=1314
mission CityName=LOC_CITY_NAME_HALIFAX CompletionTurn=204 EscapeResult=-1 InitialResult=5 LevelAfter=2 LootInfo=-1 Name=LOC_CITIZEN_MAYA_MODERN_MALE_10 Operation=58 PlotIndex=1409
mission CityName=LOC_CITY_NAME_QUEBEC_CITY CompletionTurn=204 EscapeResult=2 InitialResult=4 LevelAfter=2 LootInfo=-1 Name=LOC_CITIZEN_MAYA_MODERN_FEMALE_4 Operation=58 PlotIndex=1404
mission CityName=LOC_CITY_NAME_OTTAWA CompletionTurn=200 EscapeResult=2 InitialResult=4 LevelAfter=2 LootInfo=-1 Name=LOC_CITIZEN_MAYA_MODERN_MALE_8 Operation=58 PlotIndex=978
mission CityName=LOC_CITY_NAME_QUEBEC_CITY CompletionTurn=200 EscapeResult=-1 InitialResult=5 LevelAfter=2 LootInfo=-1 Name=LOC_CITIZEN_MAYA_MODERN_FEMALE_4 Operation=58 PlotIndex=1404
mission CityName=LOC_CITY_NAME_TORONTO CompletionTurn=197 EscapeResult=1 InitialResult=2 LevelAfter=2 LootInfo=-1 Name=LOC_CITIZEN_MAYA_MALE_8 Operation=58 PlotIndex=1818
mission CityName=LOC_CITY_NAME_MONTREAL CompletionTurn=195 EscapeResult=0 InitialResult=4 LevelAfter=2 LootInfo=-1 Name=LOC_CITIZEN_MAYA_MALE_6 Operation=58 PlotIndex=1314
mission CityName=LOC_CITY_NAME_BRANTFORD CompletionTurn=195 EscapeResult=-1 InitialResult=1 LevelAfter=1 LootInfo=-1 Name=LOC_CITIZEN_MAYA_MODERN_MALE_4 Operation=58 PlotIndex=473
mission CityName=LOC_CITY_NAME_QUEBEC_CITY CompletionTurn=192 EscapeResult=-1 InitialResult=1 LevelAfter=2 LootInfo=-1 Name=LOC_CITIZEN_MAYA_MALE_2 Operation=58 PlotIndex=1404
mission CityName=LOC_CITY_NAME_BRANTFORD CompletionTurn=191 EscapeResult=-1 InitialResult=3 LevelAfter=1 LootInfo=-1 Name=LOC_CITIZEN_MAYA_MODERN_MALE_4 Operation=58 PlotIndex=473
mission CityName=LOC_CITY_NAME_MONTREAL CompletionTurn=191 EscapeResult=-1 InitialResult=1 LevelAfter=2 LootInfo=-1 Name=LOC_CITIZEN_MAYA_MALE_4 Operation=58 PlotIndex=1314
mission CityName=LOC_CITY_NAME_SAINT_JOHN CompletionTurn=189 EscapeResult=2 InitialResult=4 LevelAfter=2 LootInfo=-1 Name=LOC_CITIZEN_MAYA_MODERN_FEMALE_4 Operation=58 PlotIndex=1991
mission CityName=LOC_CITY_NAME_QUEBEC_CITY CompletionTurn=188 EscapeResult=-1 InitialResult=5 LevelAfter=2 LootInfo=-1 Name=LOC_CITIZEN_MAYA_MALE_2 Operation=58 PlotIndex=1404
mission CityName=LOC_CITY_NAME_OTTAWA CompletionTurn=188 EscapeResult=0 InitialResult=4 LevelAfter=2 LootInfo=-1 Name=LOC_CITIZEN_MAYA_FEMALE_7 Operation=58 PlotIndex=978
mission CityName=LOC_CITY_NAME_TORONTO CompletionTurn=188 EscapeResult=2 InitialResult=4 LevelAfter=2 LootInfo=-1 Name=LOC_CITIZEN_MAYA_MALE_8 Operation=58 PlotIndex=1818
mission CityName=LOC_CITY_NAME_HALIFAX CompletionTurn=187 EscapeResult=0 InitialResult=4 LevelAfter=2 LootInfo=-1 Name=LOC_CITIZEN_MAYA_FEMALE_6 Operation=58 PlotIndex=1409
mission CityName=LOC_CITY_NAME_WINNIPEG CompletionTurn=187 EscapeResult=1 InitialResult=2 LevelAfter=1 LootInfo=-1 Name=LOC_CITIZEN_MAYA_FEMALE_1 Operation=58 PlotIndex=1742
mission CityName=LOC_CITY_NAME_SAINT_JOHN CompletionTurn=185 EscapeResult=-1 InitialResult=3 LevelAfter=2 LootInfo=-1 Name=LOC_CITIZEN_MAYA_MODERN_FEMALE_4 Operation=58 PlotIndex=1991
mission CityName=LOC_CITY_NAME_OTTAWA CompletionTurn=184 EscapeResult=-1 InitialResult=5 LevelAfter=2 LootInfo=-1 Name=LOC_CITIZEN_MAYA_FEMALE_7 Operation=58 PlotIndex=978
mission CityName=LOC_CITY_NAME_HALIFAX CompletionTurn=183 EscapeResult=-1 InitialResult=5 LevelAfter=2 LootInfo=-1 Name=LOC_CITIZEN_MAYA_FEMALE_6 Operation=58 PlotIndex=1409
mission CityName=LOC_CITY_NAME_SAINT_JOHN CompletionTurn=181 EscapeResult=-1 InitialResult=5 LevelAfter=2 LootInfo=-1 Name=LOC_CITIZEN_MAYA_MODERN_FEMALE_4 Operation=58 PlotIndex=1991
mission CityName=LOC_CITY_NAME_MONTREAL CompletionTurn=180 EscapeResult=0 InitialResult=4 LevelAfter=2 LootInfo=-1 Name=LOC_CITIZEN_MAYA_MODERN_FEMALE_5 Operation=58 PlotIndex=1314
mission CityName=LOC_CITY_NAME_TORONTO CompletionTurn=180 EscapeResult=2 InitialResult=4 LevelAfter=2 LootInfo=-1 Name=LOC_CITIZEN_MAYA_MALE_8 Operation=58 PlotIndex=1818
mission CityName=LOC_CITY_NAME_QUEBEC_CITY CompletionTurn=179 EscapeResult=2 InitialResult=4 LevelAfter=2 LootInfo=-1 Name=LOC_CITIZEN_MAYA_MALE_4 Operation=58 PlotIndex=1404
mission CityName=LOC_CITY_NAME_HALIFAX CompletionTurn=176 EscapeResult=0 InitialResult=4 LevelAfter=2 LootInfo=-1 Name=LOC_CITIZEN_MAYA_MALE_5 Operation=58 PlotIndex=1409
mission CityName=LOC_CITY_NAME_TORONTO CompletionTurn=176 EscapeResult=-1 InitialResult=5 LevelAfter=2 LootInfo=-1 Name=LOC_CITIZEN_MAYA_MALE_8 Operation=58 PlotIndex=1818
mission CityName=LOC_CITY_NAME_OTTAWA CompletionTurn=175 EscapeResult=1 InitialResult=2 LevelAfter=2 LootInfo=-1 Name=LOC_CITIZEN_MAYA_FEMALE_8 Operation=58 PlotIndex=978
mission CityName=LOC_CITY_NAME_MONTREAL CompletionTurn=175 EscapeResult=0 InitialResult=4 LevelAfter=2 LootInfo=-1 Name=LOC_CITIZEN_MAYA_MODERN_FEMALE_2 Operation=58 PlotIndex=1314
mission CityName=LOC_CITY_NAME_WINNIPEG CompletionTurn=174 EscapeResult=1 InitialResult=4 LevelAfter=2 LootInfo=-1 Name=LOC_CITIZEN_MAYA_MODERN_MALE_10 Operation=58 PlotIndex=1742
mission CityName=LOC_CITY_NAME_SAINT_JOHN CompletionTurn=173 EscapeResult=-1 InitialResult=1 LevelAfter=1 LootInfo=-1 Name=LOC_CITIZEN_MAYA_MODERN_FEMALE_1 Operation=58 PlotIndex=1991
mission CityName=LOC_CITY_NAME_QUEBEC_CITY CompletionTurn=173 EscapeResult=-1 InitialResult=1 LevelAfter=2 LootInfo=-1 Name=LOC_CITIZEN_MAYA_MALE_3 Operation=58 PlotIndex=1404
mission CityName=LOC_CITY_NAME_BRANTFORD CompletionTurn=172 EscapeResult=-1 InitialResult=1 LevelAfter=2 LootInfo=-1 Name=LOC_CITIZEN_MAYA_MODERN_FEMALE_7 Operation=58 PlotIndex=473
mission CityName=LOC_CITY_NAME_TORONTO CompletionTurn=172 EscapeResult=-1 InitialResult=5 LevelAfter=2 LootInfo=-1 Name=LOC_CITIZEN_MAYA_MALE_8 Operation=58 PlotIndex=1818
mission CityName=LOC_CITY_NAME_OTTAWA CompletionTurn=171 EscapeResult=-1 InitialResult=5 LevelAfter=2 LootInfo=-1 Name=LOC_CITIZEN_MAYA_FEMALE_8 Operation=58 PlotIndex=978
mission CityName=LOC_CITY_NAME_MONTREAL CompletionTurn=171 EscapeResult=-1 InitialResult=5 LevelAfter=2 LootInfo=-1 Name=LOC_CITIZEN_MAYA_MODERN_FEMALE_2 Operation=58 PlotIndex=1314
mission CityName=LOC_CITY_NAME_WINNIPEG CompletionTurn=170 EscapeResult=-1 InitialResult=3 LevelAfter=2 LootInfo=-1 Name=LOC_CITIZEN_MAYA_MODERN_MALE_10 Operation=58 PlotIndex=1742
mission CityName=LOC_CITY_NAME_QUEBEC_CITY CompletionTurn=169 EscapeResult=-1 InitialResult=5 LevelAfter=2 LootInfo=-1 Name=LOC_CITIZEN_MAYA_MALE_3 Operation=58 PlotIndex=1404
mission CityName=LOC_CITY_NAME_BRANTFORD CompletionTurn=168 EscapeResult=-1 InitialResult=5 LevelAfter=2 LootInfo=-1 Name=LOC_CITIZEN_MAYA_MODERN_FEMALE_7 Operation=58 PlotIndex=473
mission CityName=LOC_CITY_NAME_TORONTO CompletionTurn=168 EscapeResult=-1 InitialResult=3 LevelAfter=2 LootInfo=-1 Name=LOC_CITIZEN_MAYA_MALE_8 Operation=58 PlotIndex=1818
mission CityName=LOC_CITY_NAME_OTTAWA CompletionTurn=167 EscapeResult=-1 InitialResult=5 LevelAfter=2 LootInfo=-1 Name=LOC_CITIZEN_MAYA_FEMALE_8 Operation=58 PlotIndex=978
mission CityName=LOC_CITY_NAME_WINNIPEG CompletionTurn=166 EscapeResult=-1 InitialResult=5 LevelAfter=2 LootInfo=-1 Name=LOC_CITIZEN_MAYA_MODERN_MALE_10 Operation=58 PlotIndex=1742
mission CityName=LOC_CITY_NAME_HALIFAX CompletionTurn=166 EscapeResult=0 InitialResult=4 LevelAfter=2 LootInfo=-1 Name=LOC_CITIZEN_MAYA_FEMALE_4 Operation=58 PlotIndex=1409
mission CityName=LOC_CITY_NAME_QUEBEC_CITY CompletionTurn=165 EscapeResult=-1 InitialResult=3 LevelAfter=1 LootInfo=-1 Name=LOC_CITIZEN_MAYA_MALE_3 Operation=58 PlotIndex=1404
mission CityName=LOC_CITY_NAME_SAINT_JOHN CompletionTurn=164 EscapeResult=1 InitialResult=2 LevelAfter=1 LootInfo=-1 Name=LOC_CITIZEN_MAYA_MALE_6 Operation=58 PlotIndex=1991
mission CityName=LOC_CITY_NAME_OTTAWA CompletionTurn=163 EscapeResult=-1 InitialResult=5 LevelAfter=2 LootInfo=-1 Name=LOC_CITIZEN_MAYA_FEMALE_8 Operation=58 PlotIndex=978
mission CityName=LOC_CITY_NAME_WINNIPEG CompletionTurn=162 EscapeResult=-1 InitialResult=3 LevelAfter=1 LootInfo=-1 Name=LOC_CITIZEN_MAYA_MODERN_MALE_10 Operation=58 PlotIndex=1742
mission CityName=LOC_CITY_NAME_MONTREAL CompletionTurn=162 EscapeResult=0 InitialResult=2 LevelAfter=2 LootInfo=-1 Name=LOC_CITIZEN_MAYA_MODERN_FEMALE_3 Operation=58 PlotIndex=1314
mission CityName=LOC_CITY_NAME_SAINT_JOHN CompletionTurn=160 EscapeResult=-1 InitialResult=3 LevelAfter=1 LootInfo=-1 Name=LOC_CITIZEN_MAYA_MALE_6 Operation=58 PlotIndex=1991
mission CityName=LOC_CITY_NAME_TORONTO CompletionTurn=159 EscapeResult=2 InitialResult=2 LevelAfter=1 LootInfo=-1 Name=LOC_CITIZEN_MAYA_MODERN_FEMALE_5 Operation=58 PlotIndex=1818
mission CityName=LOC_CITY_NAME_HALIFAX CompletionTurn=159 EscapeResult=0 InitialResult=2 LevelAfter=2 LootInfo=-1 Name=LOC_CITIZEN_MAYA_MODERN_FEMALE_9 Operation=58 PlotIndex=1409
mission CityName=LOC_CITY_NAME_OTTAWA CompletionTurn=156 EscapeResult=-1 InitialResult=1 LevelAfter=1 LootInfo=-1 Name=LOC_CITIZEN_MAYA_MODERN_MALE_9 Operation=58 PlotIndex=978
mission CityName=LOC_CITY_NAME_QUEBEC_CITY CompletionTurn=156 EscapeResult=2 InitialResult=2 LevelAfter=2 LootInfo=-1 Name=LOC_CITIZEN_MAYA_MALE_8 Operation=58 PlotIndex=1404
mission CityName=LOC_CITY_NAME_SAINT_JOHN CompletionTurn=156 EscapeResult=-1 InitialResult=3 LevelAfter=1 LootInfo=-1 Name=LOC_CITIZEN_MAYA_MALE_6 Operation=58 PlotIndex=1991
mission CityName=LOC_CITY_NAME_HALIFAX CompletionTurn=154 EscapeResult=-1 InitialResult=5 LevelAfter=2 LootInfo=-1 Name=LOC_CITIZEN_MAYA_FEMALE_4 Operation=58 PlotIndex=1409
mission CityName=LOC_CITY_NAME_QUEBEC_CITY CompletionTurn=151 EscapeResult=-1 InitialResult=5 LevelAfter=2 LootInfo=-1 Name=LOC_CITIZEN_MAYA_MALE_8 Operation=58 PlotIndex=1404
mission CityName=LOC_CITY_NAME_MONTREAL CompletionTurn=150 EscapeResult=0 InitialResult=2 LevelAfter=2 LootInfo=-1 Name=LOC_CITIZEN_MAYA_MALE_1 Operation=58 PlotIndex=1314
mission CityName=LOC_CITY_NAME_OTTAWA CompletionTurn=148 EscapeResult=2 InitialResult=2 LevelAfter=2 LootInfo=-1 Name=LOC_CITIZEN_MAYA_MODERN_FEMALE_3 Operation=58 PlotIndex=978
mission CityName=LOC_CITY_NAME_TORONTO CompletionTurn=148 EscapeResult=0 InitialResult=2 LevelAfter=1 LootInfo=-1 Name=LOC_CITIZEN_MAYA_FEMALE_3 Operation=58 PlotIndex=1818
mission CityName=LOC_CITY_NAME_OTTAWA CompletionTurn=144 EscapeResult=-1 InitialResult=3 LevelAfter=1 LootInfo=-1 Name=LOC_CITIZEN_MAYA_MODERN_MALE_9 Operation=58 PlotIndex=978
mission CityName=LOC_CITY_NAME_QUEBEC_CITY CompletionTurn=142 EscapeResult=2 InitialResult=4 LevelAfter=2 LootInfo=-1 Name=LOC_CITIZEN_MAYA_MODERN_FEMALE_9 Operation=58 PlotIndex=1404
mission CityName=LOC_CITY_NAME_MONTREAL CompletionTurn=141 EscapeResult=0 InitialResult=2 LevelAfter=1 LootInfo=-1 Name=LOC_CITIZEN_MAYA_MODERN_MALE_1 Operation=58 PlotIndex=1314
mission CityName=LOC_CITY_NAME_TORONTO CompletionTurn=140 EscapeResult=-1 InitialResult=0 LevelAfter=1 LootInfo=-1 Name=LOC_CITIZEN_MAYA_MODERN_MALE_4 Operation=58 PlotIndex=1818
mission CityName=LOC_CITY_NAME_MONTREAL CompletionTurn=137 EscapeResult=-1 InitialResult=5 LevelAfter=2 LootInfo=-1 Name=LOC_CITIZEN_MAYA_MALE_1 Operation=58 PlotIndex=1314
mission CityName=LOC_CITY_NAME_OTTAWA CompletionTurn=134 EscapeResult=2 InitialResult=4 LevelAfter=2 LootInfo=-1 Name=LOC_CITIZEN_MAYA_MODERN_FEMALE_3 Operation=58 PlotIndex=978
tally 8  FOMENT_UNREST CAPTURED / NO_RESULT
tally 4  FOMENT_UNREST FAIL_MUST_ESCAPE / CAPTURED
tally 3  FOMENT_UNREST FAIL_MUST_ESCAPE / FAIL_MUST_ESCAPE
tally 5  FOMENT_UNREST FAIL_MUST_ESCAPE / KILLED
tally 9  FOMENT_UNREST FAIL_UNDETECTED / NO_RESULT
tally 1  FOMENT_UNREST KILLED / NO_RESULT
tally 2  FOMENT_UNREST SUCCESS_MUST_ESCAPE / CAPTURED
tally 8  FOMENT_UNREST SUCCESS_MUST_ESCAPE / FAIL_MUST_ESCAPE
tally 9  FOMENT_UNREST SUCCESS_MUST_ESCAPE / KILLED
tally 19  FOMENT_UNREST SUCCESS_UNDETECTED / NO_RESULT
turn 225 spies active 1 idle 1 missions 68 captured-enemy 0
