################ save lab4_t50 seat 0 op UNITOPERATION_SPY_FOMENT_UNREST cap 12 extra 12
setup: four spy civics granted, 12 extra grants
turn 50 spies 0 started 0 travelled 0 promoted 0 bought 2 gold 50000
unblock: blocker ENDTURN_BLOCKING_COMMEMORATION_AVAILABLE -> nothing | end turn requested
unstuck: HistoricMoments: closed
unblock: blocker ENDTURN_BLOCKING_COMMEMORATION_AVAILABLE -> nothing | end turn requested
turn 51 spies active 0 idle 2 missions 0 captured-enemy 0
spy 1048584 LOC_CITIZEN_MAYA_MODERN_FEMALE_9 level 1 at 36:42 travel
spy 1114121 LOC_CITIZEN_MAYA_FEMALE_5 level 1 at 37:38 travel
turn 51 spies 2 started 0 travelled 2 promoted 0 bought 0 gold 50000
unblock: blocker ENDTURN_BLOCKING_COMMEMORATION_AVAILABLE -> nothing | end turn requested
unblock: blocker ENDTURN_BLOCKING_COMMEMORATION_AVAILABLE -> nothing | end turn requested
turn 52 spies active 0 idle 0 missions 0 captured-enemy 0
turn 52 spies 0 started 0 travelled 0 promoted 0 bought 2 gold 50000
unblock: blocker ENDTURN_BLOCKING_CIVIC -> civic CIVIC_FOREIGN_TRADE | end turn requested
turn 53 spies active 0 idle 2 missions 0 captured-enemy 0
spy 1245192 LOC_CITIZEN_MAYA_MALE_5 level 1 at 37:38 travel
spy 1179657 LOC_CITIZEN_MAYA_MALE_3 level 1 at 36:42 travel
turn 53 spies 2 started 0 travelled 2 promoted 0 bought 0 gold 50000
unblock: blocker ENDTURN_BLOCKING_RESEARCH -> research TECH_MASONRY | end turn requested
unstuck: TechCivicCompletedPopup: closed
turn 54 spies active 0 idle 2 missions 0 captured-enemy 0
spy 1441800 LOC_CITIZEN_MAYA_FEMALE_5 level 1 at 54:15 start
spy 1376265 LOC_CITIZEN_MAYA_MODERN_FEMALE_9 level 1 at 54:11 start
turn 54 spies 2 started 2 travelled 0 promoted 0 bought 2 gold 50000
unblock: blocker ENDTURN_BLOCKING_CIVIC -> civic CIVIC_MILITARY_TRADITION | end turn requested
unstuck: TechCivicCompletedPopup: closed
unblock: blocker ENDTURN_BLOCKING_PRODUCTION -> NARANJO builds BUILDING_WALLS | end turn requested
turn 55 spies active 2 idle 2 missions 0 captured-enemy 0
spy 1441800 LOC_CITIZEN_MAYA_FEMALE_5 level 1 at 54:15 busy
spy 1376265 LOC_CITIZEN_MAYA_MODERN_FEMALE_9 level 1 at 54:11 busy
spy 1507338 LOC_CITIZEN_MAYA_MODERN_FEMALE_8 level 1 at 36:42 travel
spy 1572875 LOC_CITIZEN_MAYA_MODERN_FEMALE_3 level 1 at 37:38 travel
turn 55 spies 4 started 0 travelled 2 promoted 0 bought 0 gold 50000
unblock: blocker ENDTURN_BLOCKING_PRODUCTION -> CHICHEN_ITZA builds BUILDING_MONUMENT | end turn requested
unstuck: TechCivicCompletedPopup: closed
turn 56 spies active 2 idle 0 missions 0 captured-enemy 0
spy 1441800 LOC_CITIZEN_MAYA_FEMALE_5 level 1 at 54:15 busy
spy 1376265 LOC_CITIZEN_MAYA_MODERN_FEMALE_9 level 1 at 54:11 busy
spy 1703946 LOC_CITIZEN_MAYA_MALE_3 level 1 at 54:15 refused
spy 1638411 LOC_CITIZEN_MAYA_MALE_5 level 1 at 54:11 refused
turn 56 spies 4 started 0 travelled 0 promoted 0 bought 2 gold 50000
unblock: blocker ENDTURN_BLOCKING_PRODUCTION -> NARANJO builds BUILDING_WALLS | end turn requested
turn 57 spies active 2 idle 4 missions 0 captured-enemy 0
spy 1441800 LOC_CITIZEN_MAYA_FEMALE_5 level 1 at 54:15 busy
spy 1376265 LOC_CITIZEN_MAYA_MODERN_FEMALE_9 level 1 at 54:11 busy
spy 1703946 LOC_CITIZEN_MAYA_MALE_3 level 1 at 54:15 refused
spy 1638411 LOC_CITIZEN_MAYA_MALE_5 level 1 at 54:11 refused
spy 1769484 LOC_CITIZEN_MAYA_MALE_8 level 1 at 36:42 travel
spy 1835021 LOC_CITIZEN_MAYA_FEMALE_9 level 1 at 37:38 travel
turn 57 spies 6 started 0 travelled 2 promoted 0 bought 0 gold 50000
unblock: blocker ENDTURN_BLOCKING_PRODUCTION -> NARANJO builds BUILDING_WALLS | end turn requested
mission CityName=LOC_CITY_NAME_OTTAWA CompletionTurn=58 EscapeResult=-1 InitialResult=5 LevelAfter=2 LootInfo=-1 Name=LOC_CITIZEN_MAYA_MODERN_FEMALE_9 Operation=58 PlotIndex=978
mission CityName=LOC_CITY_NAME_MONTREAL CompletionTurn=58 EscapeResult=-1 InitialResult=1 LevelAfter=1 LootInfo=-1 Name=LOC_CITIZEN_MAYA_FEMALE_5 Operation=58 PlotIndex=1314
tally 1  FOMENT_UNREST CAPTURED / NO_RESULT
tally 1  FOMENT_UNREST SUCCESS_UNDETECTED / NO_RESULT
turn 58 spies active 2 idle 3 missions 2 captured-enemy 0
spy 1441800 LOC_CITIZEN_MAYA_FEMALE_5 level 1 at 54:15 busy
spy 1376265 LOC_CITIZEN_MAYA_MODERN_FEMALE_9 level 1 at 54:11 busy
spy 1703946 LOC_CITIZEN_MAYA_MALE_3 level 1 at 54:15 start
spy 1638411 LOC_CITIZEN_MAYA_MALE_5 level 1 at 54:11 start
spy 1900557 LOC_UNIT_SPY_NAME level 1 at 54:21 start
turn 58 spies 5 started 3 travelled 0 promoted 0 bought 2 gold 49990
unblock: blocker ENDTURN_BLOCKING_PRODUCTION -> NARANJO builds BUILDING_WALLS | end turn requested
unstuck: closed sessions [1:1]
unstuck: NaturalWonderPopup: closed
unstuck: TechCivicCompletedPopup: closed
unblock: blocker ENDTURN_BLOCKING_CIVIC -> civic CIVIC_STATE_WORKFORCE | end turn requested
mission CityName=LOC_CITY_NAME_OTTAWA CompletionTurn=58 EscapeResult=-1 InitialResult=5 LevelAfter=2 LootInfo=-1 Name=LOC_CITIZEN_MAYA_MODERN_FEMALE_9 Operation=58 PlotIndex=978
mission CityName=LOC_CITY_NAME_MONTREAL CompletionTurn=58 EscapeResult=-1 InitialResult=1 LevelAfter=1 LootInfo=-1 Name=LOC_CITIZEN_MAYA_FEMALE_5 Operation=58 PlotIndex=1314
tally 1  FOMENT_UNREST CAPTURED / NO_RESULT
tally 1  FOMENT_UNREST SUCCESS_UNDETECTED / NO_RESULT
turn 58 spies active 3 idle 4 missions 2 captured-enemy 0
spy 1376265 LOC_CITIZEN_MAYA_MODERN_FEMALE_9 level 1 at 54:11 refused
spy 1703946 LOC_CITIZEN_MAYA_MALE_3 level 1 at 54:15 busy
spy 1638411 LOC_CITIZEN_MAYA_MALE_5 level 1 at 54:11 busy
spy 1966092 LOC_CITIZEN_MAYA_MODERN_FEMALE_3 level 1 at 60:16 start
spy 1900557 LOC_CITIZEN_MAYA_MODERN_FEMALE_8 level 1 at 54:21 busy
spy 2031630 LOC_CITIZEN_MAYA_FEMALE_4 level 1 at 36:42 notarget
spy 2097167 LOC_CITIZEN_MAYA_MODERN_MALE_9 level 1 at 37:38 notarget
turn 58 spies 7 started 1 travelled 0 promoted 0 bought 0 gold 46555
unblock: blocker ENDTURN_BLOCKING_RESEARCH -> research TECH_THE_WHEEL | end turn requested
unstuck: NaturalDisasterPopup: closed
mission CityName=LOC_CITY_NAME_OTTAWA CompletionTurn=58 EscapeResult=-1 InitialResult=5 LevelAfter=2 LootInfo=-1 Name=LOC_CITIZEN_MAYA_MODERN_FEMALE_9 Operation=58 PlotIndex=978
mission CityName=LOC_CITY_NAME_MONTREAL CompletionTurn=58 EscapeResult=-1 InitialResult=1 LevelAfter=1 LootInfo=-1 Name=LOC_CITIZEN_MAYA_FEMALE_5 Operation=58 PlotIndex=1314
tally 1  FOMENT_UNREST CAPTURED / NO_RESULT
tally 1  FOMENT_UNREST SUCCESS_UNDETECTED / NO_RESULT
turn 60 spies active 3 idle 6 missions 2 captured-enemy 0
spy 2162696 LOC_CITIZEN_MAYA_MALE_8 level 1 at 54:21 refused
spy 1376265 LOC_CITIZEN_MAYA_MODERN_FEMALE_9 level 1 at 54:11 refused
spy 1703946 LOC_CITIZEN_MAYA_MALE_3 level 1 at 54:15 busy
spy 1638411 LOC_CITIZEN_MAYA_MALE_5 level 1 at 54:11 busy
spy 1966092 LOC_CITIZEN_MAYA_MODERN_FEMALE_3 level 1 at 60:16 start
spy 1900557 LOC_CITIZEN_MAYA_MODERN_FEMALE_8 level 1 at 54:21 busy
spy 2031630 LOC_CITIZEN_MAYA_FEMALE_4 level 1 at 36:42 travel
spy 2097167 LOC_CITIZEN_MAYA_MODERN_MALE_9 level 1 at 37:38 travel
spy 2228240 LOC_CITIZEN_MAYA_FEMALE_9 level 1 at 60:16 start
turn 60 spies 9 started 2 travelled 2 promoted 0 bought 0 gold 50000
unblock: blocker ENDTURN_BLOCKING_RESEARCH -> research TECH_THE_WHEEL | end turn requested
mission CityName=LOC_CITY_NAME_OTTAWA CompletionTurn=58 EscapeResult=-1 InitialResult=5 LevelAfter=2 LootInfo=-1 Name=LOC_CITIZEN_MAYA_MODERN_FEMALE_9 Operation=58 PlotIndex=978
mission CityName=LOC_CITY_NAME_MONTREAL CompletionTurn=58 EscapeResult=-1 InitialResult=1 LevelAfter=1 LootInfo=-1 Name=LOC_CITIZEN_MAYA_FEMALE_5 Operation=58 PlotIndex=1314
tally 1  FOMENT_UNREST CAPTURED / NO_RESULT
tally 1  FOMENT_UNREST SUCCESS_UNDETECTED / NO_RESULT
turn 60 spies active 4 idle 3 missions 2 captured-enemy 0
spy 2162696 LOC_CITIZEN_MAYA_MALE_8 level 1 at 54:21 refused
spy 1376265 LOC_CITIZEN_MAYA_MODERN_FEMALE_9 level 1 at 54:11 refused
spy 1703946 LOC_CITIZEN_MAYA_MALE_3 level 1 at 54:15 busy
spy 1638411 LOC_CITIZEN_MAYA_MALE_5 level 1 at 54:11 busy
spy 1966092 LOC_CITIZEN_MAYA_MODERN_FEMALE_3 level 1 at 60:16 busy
spy 1900557 LOC_CITIZEN_MAYA_MODERN_FEMALE_8 level 1 at 54:21 busy
spy 2228240 LOC_CITIZEN_MAYA_FEMALE_9 level 1 at 60:16 refused
turn 60 spies 7 started 0 travelled 0 promoted 0 bought 2 gold 50000
unblock: blocker ENDTURN_BLOCKING_COMMEMORATION_AVAILABLE -> nothing | end turn requested
unstuck: NaturalDisasterPopup: closed
unblock: blocker ENDTURN_BLOCKING_COMMEMORATION_AVAILABLE -> nothing | end turn requested
unstuck: EraCompletePopup: closed
unblock: blocker ENDTURN_BLOCKING_COMMEMORATION_AVAILABLE -> nothing | end turn requested
unstuck: closed sessions [5:5]
unstuck: DiplomacyActionView: Closing Diplomacy Action View. m_eventID: 93613
unblock: blocker ENDTURN_BLOCKING_WORLD_CONGRESS_SESSION -> nothing | end turn requested
unstuck: closed sessions [2:2]
unstuck: DiplomacyActionView: closed
unstuck: WorldCongressIntro: closed
unstuck: WorldCongressPopup: closed
mission CityName=LOC_CITY_NAME_TORONTO CompletionTurn=62 EscapeResult=-1 InitialResult=5 LevelAfter=2 LootInfo=-1 Name=LOC_CITIZEN_MAYA_MODERN_FEMALE_8 Operation=58 PlotIndex=1818
mission CityName=LOC_CITY_NAME_OTTAWA CompletionTurn=62 EscapeResult=-1 InitialResult=3 LevelAfter=1 LootInfo=-1 Name=LOC_CITIZEN_MAYA_MALE_5 Operation=58 PlotIndex=978
mission CityName=LOC_CITY_NAME_MONTREAL CompletionTurn=62 EscapeResult=-1 InitialResult=5 LevelAfter=2 LootInfo=-1 Name=LOC_CITIZEN_MAYA_MALE_3 Operation=58 PlotIndex=1314
mission CityName=LOC_CITY_NAME_OTTAWA CompletionTurn=58 EscapeResult=-1 InitialResult=5 LevelAfter=2 LootInfo=-1 Name=LOC_CITIZEN_MAYA_MODERN_FEMALE_9 Operation=58 PlotIndex=978
mission CityName=LOC_CITY_NAME_MONTREAL CompletionTurn=58 EscapeResult=-1 InitialResult=1 LevelAfter=1 LootInfo=-1 Name=LOC_CITIZEN_MAYA_FEMALE_5 Operation=58 PlotIndex=1314
tally 1  FOMENT_UNREST CAPTURED / NO_RESULT
tally 1  FOMENT_UNREST FAIL_UNDETECTED / NO_RESULT
tally 3  FOMENT_UNREST SUCCESS_UNDETECTED / NO_RESULT
turn 62 spies active 1 idle 7 missions 5 captured-enemy 0
spy 2162696 LOC_CITIZEN_MAYA_MALE_8 level 1 at 54:21 start
spy 1376265 LOC_CITIZEN_MAYA_MODERN_FEMALE_9 level 1 at 54:11 start
spy 1703946 LOC_CITIZEN_MAYA_MALE_3 level 1 at 54:15 start
spy 1638411 LOC_CITIZEN_MAYA_MALE_5 level 1 at 54:11 start
spy 1966092 LOC_CITIZEN_MAYA_MODERN_FEMALE_3 level 1 at 60:16 busy
spy 1900557 LOC_CITIZEN_MAYA_MODERN_FEMALE_8 level 1 at 54:21 start
spy 2293775 LOC_CITIZEN_MAYA_FEMALE_4 level 1 at 16:9 start
spy 2228240 LOC_CITIZEN_MAYA_FEMALE_9 level 1 at 60:16 refused
turn 62 spies 8 started 6 travelled 0 promoted 0 bought 2 gold 50000
unblock: blocker ENDTURN_BLOCKING_CIVIC -> civic CIVIC_EARLY_EMPIRE | end turn requested
unstuck: TechCivicCompletedPopup: closed
unblock: blocker ENDTURN_BLOCKING_PRODUCTION -> CHICHEN_ITZA builds BUILDING_WALLS | end turn requested
unstuck: closed sessions [2:2]
unstuck: DiplomacyActionView: Closing Diplomacy Action View. m_eventID: 101015
unblock: blocker ENDTURN_BLOCKING_PRODUCTION -> CHICHEN_ITZA builds BUILDING_WALLS | end turn requested
unstuck: closed sessions [3:3]
unstuck: DiplomacyActionView: Closing Diplomacy Action View. m_eventID: 101879
unblock: blocker ENDTURN_BLOCKING_WORLD_CONGRESS_SESSION -> nothing | end turn requested
unstuck: WorldCongressIntro: closed
unstuck: WorldCongressPopup: closed
mission CityName=LOC_CITY_NAME_TORONTO CompletionTurn=62 EscapeResult=-1 InitialResult=5 LevelAfter=2 LootInfo=-1 Name=LOC_CITIZEN_MAYA_MODERN_FEMALE_8 Operation=58 PlotIndex=1818
mission CityName=LOC_CITY_NAME_OTTAWA CompletionTurn=62 EscapeResult=-1 InitialResult=3 LevelAfter=1 LootInfo=-1 Name=LOC_CITIZEN_MAYA_MALE_5 Operation=58 PlotIndex=978
mission CityName=LOC_CITY_NAME_MONTREAL CompletionTurn=62 EscapeResult=-1 InitialResult=5 LevelAfter=2 LootInfo=-1 Name=LOC_CITIZEN_MAYA_MALE_3 Operation=58 PlotIndex=1314
mission CityName=LOC_CITY_NAME_OTTAWA CompletionTurn=58 EscapeResult=-1 InitialResult=5 LevelAfter=2 LootInfo=-1 Name=LOC_CITIZEN_MAYA_MODERN_FEMALE_9 Operation=58 PlotIndex=978
mission CityName=LOC_CITY_NAME_MONTREAL CompletionTurn=58 EscapeResult=-1 InitialResult=1 LevelAfter=1 LootInfo=-1 Name=LOC_CITIZEN_MAYA_FEMALE_5 Operation=58 PlotIndex=1314
tally 1  FOMENT_UNREST CAPTURED / NO_RESULT
tally 1  FOMENT_UNREST FAIL_UNDETECTED / NO_RESULT
tally 3  FOMENT_UNREST SUCCESS_UNDETECTED / NO_RESULT
turn 63 spies active 5 idle 6 missions 5 captured-enemy 0
spy 2162696 LOC_CITIZEN_MAYA_MALE_8 level 1 at 54:21 busy
spy 1376265 LOC_CITIZEN_MAYA_MODERN_FEMALE_9 level 1 at 54:11 busy
spy 1703946 LOC_CITIZEN_MAYA_MALE_3 level 1 at 54:15 busy
spy 1638411 LOC_CITIZEN_MAYA_MALE_5 level 1 at 54:11 refused
spy 1966092 LOC_CITIZEN_MAYA_MODERN_FEMALE_3 level 1 at 60:16 busy
spy 1900557 LOC_CITIZEN_MAYA_MODERN_FEMALE_8 level 1 at 54:21 refused
spy 2359310 LOC_CITIZEN_MAYA_MALE_1 level 1 at 36:42 travel
spy 2293775 LOC_CITIZEN_MAYA_FEMALE_4 level 1 at 16:9 busy
spy 2228240 LOC_CITIZEN_MAYA_FEMALE_9 level 1 at 60:16 refused
spy 2424849 LOC_CITIZEN_MAYA_MODERN_FEMALE_1 level 1 at 37:38 travel
spy 2490386 LOC_CITIZEN_MAYA_MODERN_MALE_9 level 1 at 69:21 start
turn 63 spies 11 started 1 travelled 2 promoted 0 bought 0 gold 50000
unblock: blocker ENDTURN_BLOCKING_PRODUCTION -> CHICHEN_ITZA builds BUILDING_WALLS | end turn requested
unstuck: TechCivicCompletedPopup: closed
mission CityName=LOC_CITY_NAME_QUEBEC_CITY CompletionTurn=64 EscapeResult=-1 InitialResult=3 LevelAfter=1 LootInfo=-1 Name=LOC_CITIZEN_MAYA_MODERN_FEMALE_3 Operation=58 PlotIndex=1404
mission CityName=LOC_CITY_NAME_TORONTO CompletionTurn=62 EscapeResult=-1 InitialResult=5 LevelAfter=2 LootInfo=-1 Name=LOC_CITIZEN_MAYA_MODERN_FEMALE_8 Operation=58 PlotIndex=1818
mission CityName=LOC_CITY_NAME_OTTAWA CompletionTurn=62 EscapeResult=-1 InitialResult=3 LevelAfter=1 LootInfo=-1 Name=LOC_CITIZEN_MAYA_MALE_5 Operation=58 PlotIndex=978
mission CityName=LOC_CITY_NAME_MONTREAL CompletionTurn=62 EscapeResult=-1 InitialResult=5 LevelAfter=2 LootInfo=-1 Name=LOC_CITIZEN_MAYA_MALE_3 Operation=58 PlotIndex=1314
mission CityName=LOC_CITY_NAME_OTTAWA CompletionTurn=58 EscapeResult=-1 InitialResult=5 LevelAfter=2 LootInfo=-1 Name=LOC_CITIZEN_MAYA_MODERN_FEMALE_9 Operation=58 PlotIndex=978
mission CityName=LOC_CITY_NAME_MONTREAL CompletionTurn=58 EscapeResult=-1 InitialResult=1 LevelAfter=1 LootInfo=-1 Name=LOC_CITIZEN_MAYA_FEMALE_5 Operation=58 PlotIndex=1314
tally 1  FOMENT_UNREST CAPTURED / NO_RESULT
tally 2  FOMENT_UNREST FAIL_UNDETECTED / NO_RESULT
tally 3  FOMENT_UNREST SUCCESS_UNDETECTED / NO_RESULT
turn 64 spies active 5 idle 4 missions 6 captured-enemy 0
spy 2162696 LOC_CITIZEN_MAYA_MALE_8 level 1 at 54:21 busy
spy 1376265 LOC_CITIZEN_MAYA_MODERN_FEMALE_9 level 1 at 54:11 busy
spy 1703946 LOC_CITIZEN_MAYA_MALE_3 level 1 at 54:15 busy
spy 1638411 LOC_CITIZEN_MAYA_MALE_5 level 1 at 54:11 refused
spy 1966092 LOC_CITIZEN_MAYA_MODERN_FEMALE_3 level 1 at 60:16 start
spy 1900557 LOC_CITIZEN_MAYA_MODERN_FEMALE_8 level 1 at 54:21 refused
spy 2293775 LOC_CITIZEN_MAYA_FEMALE_4 level 1 at 16:9 busy
spy 2228240 LOC_CITIZEN_MAYA_FEMALE_9 level 1 at 60:16 start
spy 2490386 LOC_CITIZEN_MAYA_MODERN_MALE_9 level 1 at 69:21 busy
turn 64 spies 9 started 2 travelled 0 promoted 0 bought 2 gold 50000
unblock: blocker ENDTURN_BLOCKING_RESEARCH -> research TECH_CELESTIAL_NAVIGATION | end turn requested
mission CityName=LOC_CITY_NAME_QUEBEC_CITY CompletionTurn=64 EscapeResult=-1 InitialResult=3 LevelAfter=1 LootInfo=-1 Name=LOC_CITIZEN_MAYA_MODERN_FEMALE_3 Operation=58 PlotIndex=1404
mission CityName=LOC_CITY_NAME_TORONTO CompletionTurn=62 EscapeResult=-1 InitialResult=5 LevelAfter=2 LootInfo=-1 Name=LOC_CITIZEN_MAYA_MODERN_FEMALE_8 Operation=58 PlotIndex=1818
mission CityName=LOC_CITY_NAME_OTTAWA CompletionTurn=62 EscapeResult=-1 InitialResult=3 LevelAfter=1 LootInfo=-1 Name=LOC_CITIZEN_MAYA_MALE_5 Operation=58 PlotIndex=978
mission CityName=LOC_CITY_NAME_MONTREAL CompletionTurn=62 EscapeResult=-1 InitialResult=5 LevelAfter=2 LootInfo=-1 Name=LOC_CITIZEN_MAYA_MALE_3 Operation=58 PlotIndex=1314
mission CityName=LOC_CITY_NAME_OTTAWA CompletionTurn=58 EscapeResult=-1 InitialResult=5 LevelAfter=2 LootInfo=-1 Name=LOC_CITIZEN_MAYA_MODERN_FEMALE_9 Operation=58 PlotIndex=978
mission CityName=LOC_CITY_NAME_MONTREAL CompletionTurn=58 EscapeResult=-1 InitialResult=1 LevelAfter=1 LootInfo=-1 Name=LOC_CITIZEN_MAYA_FEMALE_5 Operation=58 PlotIndex=1314
tally 1  FOMENT_UNREST CAPTURED / NO_RESULT
tally 2  FOMENT_UNREST FAIL_UNDETECTED / NO_RESULT
tally 3  FOMENT_UNREST SUCCESS_UNDETECTED / NO_RESULT
turn 65 spies active 6 idle 5 missions 6 captured-enemy 0
spy 2162696 LOC_CITIZEN_MAYA_MALE_8 level 1 at 54:21 busy
spy 1376265 LOC_CITIZEN_MAYA_MODERN_FEMALE_9 level 1 at 54:11 busy
spy 1703946 LOC_CITIZEN_MAYA_MALE_3 level 1 at 54:15 busy
spy 1638411 LOC_CITIZEN_MAYA_MALE_5 level 1 at 54:11 refused
spy 1966092 LOC_CITIZEN_MAYA_MODERN_FEMALE_3 level 1 at 60:16 busy
spy 1900557 LOC_CITIZEN_MAYA_MODERN_FEMALE_8 level 1 at 54:21 refused
spy 2621454 LOC_CITIZEN_MAYA_FEMALE_8 level 1 at 36:42 travel
spy 2293775 LOC_CITIZEN_MAYA_FEMALE_4 level 1 at 16:9 busy
spy 2228240 LOC_CITIZEN_MAYA_FEMALE_9 level 1 at 60:16 refused
spy 2490386 LOC_CITIZEN_MAYA_MODERN_MALE_9 level 1 at 69:21 busy
spy 2686995 LOC_CITIZEN_MAYA_MODERN_MALE_2 level 1 at 37:38 travel
turn 65 spies 11 started 0 travelled 2 promoted 0 bought 0 gold 50000
unblock: blocker ENDTURN_BLOCKING_CIVIC -> civic CIVIC_MYSTICISM | end turn requested
unblock: blocker ENDTURN_BLOCKING_PRODUCTION -> NARANJO builds UNIT_WARRIOR | end turn requested
unstuck: closed sessions [5:5]
unstuck: DiplomacyActionView: Closing Diplomacy Action View. m_eventID: 127261
mission CityName=LOC_CITY_NAME_TE_HOKIANGA_NU_A_KUPE CompletionTurn=66 EscapeResult=-1 InitialResult=4 LevelAfter=2 LootInfo=-1 Name=LOC_CITIZEN_MAYA_FEMALE_4 Operation=58 PlotIndex=772
mission CityName=LOC_CITY_NAME_MONTREAL CompletionTurn=66 EscapeResult=-1 InitialResult=4 LevelAfter=2 LootInfo=-1 Name=LOC_CITIZEN_MAYA_MALE_3 Operation=58 PlotIndex=1314
mission CityName=LOC_CITY_NAME_OTTAWA CompletionTurn=66 EscapeResult=-1 InitialResult=3 LevelAfter=2 LootInfo=-1 Name=LOC_CITIZEN_MAYA_MODERN_FEMALE_9 Operation=58 PlotIndex=978
mission CityName=LOC_CITY_NAME_TORONTO CompletionTurn=66 EscapeResult=-1 InitialResult=2 LevelAfter=1 LootInfo=-1 Name=LOC_CITIZEN_MAYA_MALE_8 Operation=58 PlotIndex=1818
mission CityName=LOC_CITY_NAME_QUEBEC_CITY CompletionTurn=64 EscapeResult=-1 InitialResult=3 LevelAfter=1 LootInfo=-1 Name=LOC_CITIZEN_MAYA_MODERN_FEMALE_3 Operation=58 PlotIndex=1404
mission CityName=LOC_CITY_NAME_TORONTO CompletionTurn=62 EscapeResult=-1 InitialResult=5 LevelAfter=2 LootInfo=-1 Name=LOC_CITIZEN_MAYA_MODERN_FEMALE_8 Operation=58 PlotIndex=1818
mission CityName=LOC_CITY_NAME_OTTAWA CompletionTurn=62 EscapeResult=-1 InitialResult=3 LevelAfter=1 LootInfo=-1 Name=LOC_CITIZEN_MAYA_MALE_5 Operation=58 PlotIndex=978
mission CityName=LOC_CITY_NAME_MONTREAL CompletionTurn=62 EscapeResult=-1 InitialResult=5 LevelAfter=2 LootInfo=-1 Name=LOC_CITIZEN_MAYA_MALE_3 Operation=58 PlotIndex=1314
mission CityName=LOC_CITY_NAME_OTTAWA CompletionTurn=58 EscapeResult=-1 InitialResult=5 LevelAfter=2 LootInfo=-1 Name=LOC_CITIZEN_MAYA_MODERN_FEMALE_9 Operation=58 PlotIndex=978
mission CityName=LOC_CITY_NAME_MONTREAL CompletionTurn=58 EscapeResult=-1 InitialResult=1 LevelAfter=1 LootInfo=-1 Name=LOC_CITIZEN_MAYA_FEMALE_5 Operation=58 PlotIndex=1314
tally 1  FOMENT_UNREST CAPTURED / NO_RESULT
tally 1  FOMENT_UNREST FAIL_MUST_ESCAPE / NO_RESULT
tally 3  FOMENT_UNREST FAIL_UNDETECTED / NO_RESULT
tally 2  FOMENT_UNREST SUCCESS_MUST_ESCAPE / NO_RESULT
tally 3  FOMENT_UNREST SUCCESS_UNDETECTED / NO_RESULT
turn 66 spies active 5 idle 6 missions 10 captured-enemy 0
spy 2162696 LOC_CITIZEN_MAYA_MALE_8 level 1 at 54:21 busy
spy 1376265 LOC_CITIZEN_MAYA_MODERN_FEMALE_9 level 1 at 54:11 start
spy 1703946 LOC_CITIZEN_MAYA_MALE_3 level 1 at 54:15 busy
spy 1638411 LOC_CITIZEN_MAYA_MALE_5 level 1 at 54:11 start
spy 1966092 LOC_CITIZEN_MAYA_MODERN_FEMALE_3 level 1 at 60:16 busy
spy 1900557 LOC_CITIZEN_MAYA_MODERN_FEMALE_8 level 1 at 54:21 refused
spy 2818062 LOC_CITIZEN_MAYA_MODERN_FEMALE_1 level 1 at 73:12 start
spy 2293775 LOC_CITIZEN_MAYA_FEMALE_4 level 1 at 16:9 busy
spy 2228240 LOC_CITIZEN_MAYA_FEMALE_9 level 1 at 60:16 refused
spy 2490386 LOC_CITIZEN_MAYA_MODERN_MALE_9 level 1 at 69:21 busy
spy 2752531 LOC_CITIZEN_MAYA_MALE_1 level 1 at 77:14 start
turn 66 spies 11 started 4 travelled 0 promoted 1 bought 1 gold 50000
unblock: blocker ENDTURN_BLOCKING_PRODUCTION -> CHICHEN_ITZA builds UNIT_WARRIOR | end turn requested
unstuck: TechCivicCompletedPopup: closed
unblock: blocker ENDTURN_BLOCKING_CIVIC -> civic CIVIC_GAMES_RECREATION | end turn requested
unstuck: closed sessions [2:2]
unstuck: DiplomacyActionView: Closing Diplomacy Action View. m_eventID: 134506
mission CityName=LOC_CITY_NAME_NGARUAWAHIA CompletionTurn=67 EscapeResult=-1 InitialResult=4 LevelAfter=2 LootInfo=-1 Name=LOC_CITIZEN_MAYA_MODERN_MALE_9 Operation=58 PlotIndex=1833
mission CityName=LOC_CITY_NAME_TE_HOKIANGA_NU_A_KUPE CompletionTurn=66 EscapeResult=-1 InitialResult=4 LevelAfter=2 LootInfo=-1 Name=LOC_CITIZEN_MAYA_FEMALE_4 Operation=58 PlotIndex=772
mission CityName=LOC_CITY_NAME_MONTREAL CompletionTurn=66 EscapeResult=-1 InitialResult=4 LevelAfter=2 LootInfo=-1 Name=LOC_CITIZEN_MAYA_MALE_3 Operation=58 PlotIndex=1314
mission CityName=LOC_CITY_NAME_OTTAWA CompletionTurn=66 EscapeResult=-1 InitialResult=3 LevelAfter=2 LootInfo=-1 Name=LOC_CITIZEN_MAYA_MODERN_FEMALE_9 Operation=58 PlotIndex=978
mission CityName=LOC_CITY_NAME_TORONTO CompletionTurn=66 EscapeResult=-1 InitialResult=2 LevelAfter=1 LootInfo=-1 Name=LOC_CITIZEN_MAYA_MALE_8 Operation=58 PlotIndex=1818
mission CityName=LOC_CITY_NAME_QUEBEC_CITY CompletionTurn=64 EscapeResult=-1 InitialResult=3 LevelAfter=1 LootInfo=-1 Name=LOC_CITIZEN_MAYA_MODERN_FEMALE_3 Operation=58 PlotIndex=1404
mission CityName=LOC_CITY_NAME_TORONTO CompletionTurn=62 EscapeResult=-1 InitialResult=5 LevelAfter=2 LootInfo=-1 Name=LOC_CITIZEN_MAYA_MODERN_FEMALE_8 Operation=58 PlotIndex=1818
mission CityName=LOC_CITY_NAME_OTTAWA CompletionTurn=62 EscapeResult=-1 InitialResult=3 LevelAfter=1 LootInfo=-1 Name=LOC_CITIZEN_MAYA_MALE_5 Operation=58 PlotIndex=978
mission CityName=LOC_CITY_NAME_MONTREAL CompletionTurn=62 EscapeResult=-1 InitialResult=5 LevelAfter=2 LootInfo=-1 Name=LOC_CITIZEN_MAYA_MALE_3 Operation=58 PlotIndex=1314
mission CityName=LOC_CITY_NAME_OTTAWA CompletionTurn=58 EscapeResult=-1 InitialResult=5 LevelAfter=2 LootInfo=-1 Name=LOC_CITIZEN_MAYA_MODERN_FEMALE_9 Operation=58 PlotIndex=978
mission CityName=LOC_CITY_NAME_MONTREAL CompletionTurn=58 EscapeResult=-1 InitialResult=1 LevelAfter=1 LootInfo=-1 Name=LOC_CITIZEN_MAYA_FEMALE_5 Operation=58 PlotIndex=1314
tally 1  FOMENT_UNREST CAPTURED / NO_RESULT
tally 1  FOMENT_UNREST FAIL_MUST_ESCAPE / NO_RESULT
tally 3  FOMENT_UNREST FAIL_UNDETECTED / NO_RESULT
tally 3  FOMENT_UNREST SUCCESS_MUST_ESCAPE / NO_RESULT
tally 3  FOMENT_UNREST SUCCESS_UNDETECTED / NO_RESULT
turn 67 spies active 8 idle 4 missions 11 captured-enemy 0
spy 2162696 LOC_CITIZEN_MAYA_MALE_8 level 1 at 54:21 busy
spy 1376265 LOC_CITIZEN_MAYA_MODERN_FEMALE_9 level 1 at 54:11 busy
spy 1703946 LOC_CITIZEN_MAYA_MALE_3 level 1 at 54:15 busy
spy 1638411 LOC_CITIZEN_MAYA_MALE_5 level 1 at 54:11 refused
spy 1966092 LOC_CITIZEN_MAYA_MODERN_FEMALE_3 level 1 at 60:16 busy
spy 1900557 LOC_CITIZEN_MAYA_MODERN_FEMALE_8 level 1 at 54:21 refused
spy 2818062 LOC_CITIZEN_MAYA_MODERN_FEMALE_1 level 1 at 73:12 busy
spy 2293775 LOC_CITIZEN_MAYA_FEMALE_4 level 2 at 16:9 busy
spy 2228240 LOC_CITIZEN_MAYA_FEMALE_9 level 1 at 60:16 refused
spy 2490386 LOC_CITIZEN_MAYA_MODERN_MALE_9 level 1 at 69:21 busy
spy 2752531 LOC_CITIZEN_MAYA_MALE_1 level 1 at 77:14 busy
spy 2883604 LOC_CITIZEN_MAYA_MODERN_FEMALE_7 level 1 at 36:42 travel
turn 67 spies 12 started 0 travelled 1 promoted 0 bought 0 gold 50000
unblock: blocker ENDTURN_BLOCKING_CIVIC -> civic CIVIC_GAMES_RECREATION | end turn requested
mission CityName=LOC_CITY_NAME_NGARUAWAHIA CompletionTurn=67 EscapeResult=-1 InitialResult=4 LevelAfter=2 LootInfo=-1 Name=LOC_CITIZEN_MAYA_MODERN_MALE_9 Operation=58 PlotIndex=1833
mission CityName=LOC_CITY_NAME_TE_HOKIANGA_NU_A_KUPE CompletionTurn=66 EscapeResult=-1 InitialResult=4 LevelAfter=2 LootInfo=-1 Name=LOC_CITIZEN_MAYA_FEMALE_4 Operation=58 PlotIndex=772
mission CityName=LOC_CITY_NAME_MONTREAL CompletionTurn=66 EscapeResult=-1 InitialResult=4 LevelAfter=2 LootInfo=-1 Name=LOC_CITIZEN_MAYA_MALE_3 Operation=58 PlotIndex=1314
mission CityName=LOC_CITY_NAME_OTTAWA CompletionTurn=66 EscapeResult=-1 InitialResult=3 LevelAfter=2 LootInfo=-1 Name=LOC_CITIZEN_MAYA_MODERN_FEMALE_9 Operation=58 PlotIndex=978
mission CityName=LOC_CITY_NAME_TORONTO CompletionTurn=66 EscapeResult=-1 InitialResult=2 LevelAfter=1 LootInfo=-1 Name=LOC_CITIZEN_MAYA_MALE_8 Operation=58 PlotIndex=1818
mission CityName=LOC_CITY_NAME_QUEBEC_CITY CompletionTurn=64 EscapeResult=-1 InitialResult=3 LevelAfter=1 LootInfo=-1 Name=LOC_CITIZEN_MAYA_MODERN_FEMALE_3 Operation=58 PlotIndex=1404
mission CityName=LOC_CITY_NAME_TORONTO CompletionTurn=62 EscapeResult=-1 InitialResult=5 LevelAfter=2 LootInfo=-1 Name=LOC_CITIZEN_MAYA_MODERN_FEMALE_8 Operation=58 PlotIndex=1818
mission CityName=LOC_CITY_NAME_OTTAWA CompletionTurn=62 EscapeResult=-1 InitialResult=3 LevelAfter=1 LootInfo=-1 Name=LOC_CITIZEN_MAYA_MALE_5 Operation=58 PlotIndex=978
mission CityName=LOC_CITY_NAME_MONTREAL CompletionTurn=62 EscapeResult=-1 InitialResult=5 LevelAfter=2 LootInfo=-1 Name=LOC_CITIZEN_MAYA_MALE_3 Operation=58 PlotIndex=1314
mission CityName=LOC_CITY_NAME_OTTAWA CompletionTurn=58 EscapeResult=-1 InitialResult=5 LevelAfter=2 LootInfo=-1 Name=LOC_CITIZEN_MAYA_MODERN_FEMALE_9 Operation=58 PlotIndex=978
mission CityName=LOC_CITY_NAME_MONTREAL CompletionTurn=58 EscapeResult=-1 InitialResult=1 LevelAfter=1 LootInfo=-1 Name=LOC_CITIZEN_MAYA_FEMALE_5 Operation=58 PlotIndex=1314
tally 1  FOMENT_UNREST CAPTURED / NO_RESULT
tally 1  FOMENT_UNREST FAIL_MUST_ESCAPE / NO_RESULT
tally 3  FOMENT_UNREST FAIL_UNDETECTED / NO_RESULT
tally 3  FOMENT_UNREST SUCCESS_MUST_ESCAPE / NO_RESULT
tally 3  FOMENT_UNREST SUCCESS_UNDETECTED / NO_RESULT
turn 67 spies active 8 idle 3 missions 11 captured-enemy 0
spy 2162696 LOC_CITIZEN_MAYA_MALE_8 level 1 at 54:21 busy
spy 1376265 LOC_CITIZEN_MAYA_MODERN_FEMALE_9 level 1 at 54:11 busy
spy 1703946 LOC_CITIZEN_MAYA_MALE_3 level 1 at 54:15 busy
spy 1638411 LOC_CITIZEN_MAYA_MALE_5 level 1 at 54:11 refused
spy 1966092 LOC_CITIZEN_MAYA_MODERN_FEMALE_3 level 1 at 60:16 busy
spy 1900557 LOC_CITIZEN_MAYA_MODERN_FEMALE_8 level 1 at 54:21 refused
spy 2818062 LOC_CITIZEN_MAYA_MODERN_FEMALE_1 level 1 at 73:12 busy
spy 2293775 LOC_CITIZEN_MAYA_FEMALE_4 level 2 at 16:9 busy
spy 2228240 LOC_CITIZEN_MAYA_FEMALE_9 level 1 at 60:16 refused
spy 2490386 LOC_CITIZEN_MAYA_MODERN_MALE_9 level 1 at 69:21 busy
spy 2752531 LOC_CITIZEN_MAYA_MALE_1 level 1 at 77:14 busy
turn 67 spies 11 started 0 travelled 0 promoted 0 bought 1 gold 50000
unblock: blocker ENDTURN_BLOCKING_SPY_CHOOSE_ESCAPE_ROUTE -> escape route DISTRICT_CITY_CENTER of 1 for spy 2162696 LOC_CITIZEN_MAYA_MALE_8 level 1 turn 67 | end turn requested
unstuck: NaturalDisasterPopup: closed
unblock: blocker ENDTURN_BLOCKING_SPY_CHOOSE_ESCAPE_ROUTE -> escape route DISTRICT_CITY_CENTER of 1 for spy 2162696 LOC_CITIZEN_MAYA_MALE_8 level 1 turn 68 | end turn requested
unstuck: closed sessions [3:3]
unstuck: DiplomacyActionView: Closing Diplomacy Action View. m_eventID: 151547
mission CityName=LOC_CITY_NAME_QUEBEC_CITY CompletionTurn=68 EscapeResult=-1 InitialResult=1 LevelAfter=1 LootInfo=-1 Name=LOC_CITIZEN_MAYA_MODERN_FEMALE_3 Operation=58 PlotIndex=1404
mission CityName=LOC_CITY_NAME_NGARUAWAHIA CompletionTurn=67 EscapeResult=-1 InitialResult=4 LevelAfter=2 LootInfo=-1 Name=LOC_CITIZEN_MAYA_MODERN_MALE_9 Operation=58 PlotIndex=1833
mission CityName=LOC_CITY_NAME_TE_HOKIANGA_NU_A_KUPE CompletionTurn=66 EscapeResult=-1 InitialResult=4 LevelAfter=2 LootInfo=-1 Name=LOC_CITIZEN_MAYA_FEMALE_4 Operation=58 PlotIndex=772
mission CityName=LOC_CITY_NAME_MONTREAL CompletionTurn=66 EscapeResult=-1 InitialResult=4 LevelAfter=2 LootInfo=-1 Name=LOC_CITIZEN_MAYA_MALE_3 Operation=58 PlotIndex=1314
mission CityName=LOC_CITY_NAME_OTTAWA CompletionTurn=66 EscapeResult=-1 InitialResult=3 LevelAfter=2 LootInfo=-1 Name=LOC_CITIZEN_MAYA_MODERN_FEMALE_9 Operation=58 PlotIndex=978
mission CityName=LOC_CITY_NAME_TORONTO CompletionTurn=66 EscapeResult=-1 InitialResult=2 LevelAfter=1 LootInfo=-1 Name=LOC_CITIZEN_MAYA_MALE_8 Operation=58 PlotIndex=1818
mission CityName=LOC_CITY_NAME_QUEBEC_CITY CompletionTurn=64 EscapeResult=-1 InitialResult=3 LevelAfter=1 LootInfo=-1 Name=LOC_CITIZEN_MAYA_MODERN_FEMALE_3 Operation=58 PlotIndex=1404
mission CityName=LOC_CITY_NAME_TORONTO CompletionTurn=62 EscapeResult=-1 InitialResult=5 LevelAfter=2 LootInfo=-1 Name=LOC_CITIZEN_MAYA_MODERN_FEMALE_8 Operation=58 PlotIndex=1818
mission CityName=LOC_CITY_NAME_OTTAWA CompletionTurn=62 EscapeResult=-1 InitialResult=3 LevelAfter=1 LootInfo=-1 Name=LOC_CITIZEN_MAYA_MALE_5 Operation=58 PlotIndex=978
mission CityName=LOC_CITY_NAME_MONTREAL CompletionTurn=62 EscapeResult=-1 InitialResult=5 LevelAfter=2 LootInfo=-1 Name=LOC_CITIZEN_MAYA_MALE_3 Operation=58 PlotIndex=1314
mission CityName=LOC_CITY_NAME_OTTAWA CompletionTurn=58 EscapeResult=-1 InitialResult=5 LevelAfter=2 LootInfo=-1 Name=LOC_CITIZEN_MAYA_MODERN_FEMALE_9 Operation=58 PlotIndex=978
mission CityName=LOC_CITY_NAME_MONTREAL CompletionTurn=58 EscapeResult=-1 InitialResult=1 LevelAfter=1 LootInfo=-1 Name=LOC_CITIZEN_MAYA_FEMALE_5 Operation=58 PlotIndex=1314
tally 2  FOMENT_UNREST CAPTURED / NO_RESULT
tally 1  FOMENT_UNREST FAIL_MUST_ESCAPE / NO_RESULT
tally 3  FOMENT_UNREST FAIL_UNDETECTED / NO_RESULT
tally 3  FOMENT_UNREST SUCCESS_MUST_ESCAPE / NO_RESULT
tally 3  FOMENT_UNREST SUCCESS_UNDETECTED / NO_RESULT
turn 69 spies active 7 idle 5 missions 12 captured-enemy 0
spy 2162696 LOC_CITIZEN_MAYA_MALE_8 level 1 at 54:21 busy
spy 1376265 LOC_CITIZEN_MAYA_MODERN_FEMALE_9 level 1 at 54:11 busy
spy 1703946 LOC_CITIZEN_MAYA_MALE_3 level 1 at 54:15 busy
spy 1638411 LOC_CITIZEN_MAYA_MALE_5 level 1 at 54:11 refused
spy 1900557 LOC_CITIZEN_MAYA_MODERN_FEMALE_8 level 1 at 54:21 refused
spy 2818062 LOC_CITIZEN_MAYA_MODERN_FEMALE_1 level 1 at 73:12 busy
spy 2293775 LOC_CITIZEN_MAYA_FEMALE_4 level 2 at 16:9 busy
spy 2228240 LOC_CITIZEN_MAYA_FEMALE_9 level 1 at 60:16 start
spy 2490386 LOC_CITIZEN_MAYA_MODERN_MALE_9 level 1 at 69:21 busy
spy 2752531 LOC_CITIZEN_MAYA_MALE_1 level 1 at 77:14 busy
spy 3014676 LOC_CITIZEN_MAYA_FEMALE_8 level 1 at 65:16 start
spy 3080214 LOC_CITIZEN_MAYA_MODERN_MALE_2 level 1 at 77:14 refused
turn 69 spies 12 started 2 travelled 0 promoted 0 bought 0 gold 50000
unblock: blocker ENDTURN_BLOCKING_SPY_CHOOSE_ESCAPE_ROUTE -> escape route DISTRICT_CITY_CENTER of 1 for spy 2162696 LOC_CITIZEN_MAYA_MALE_8 level 1 turn 69 | end turn requested
unstuck: TechCivicCompletedPopup: closed
mission CityName=LOC_CITY_NAME_QUEBEC_CITY CompletionTurn=68 EscapeResult=-1 InitialResult=1 LevelAfter=1 LootInfo=-1 Name=LOC_CITIZEN_MAYA_MODERN_FEMALE_3 Operation=58 PlotIndex=1404
mission CityName=LOC_CITY_NAME_NGARUAWAHIA CompletionTurn=67 EscapeResult=-1 InitialResult=4 LevelAfter=2 LootInfo=-1 Name=LOC_CITIZEN_MAYA_MODERN_MALE_9 Operation=58 PlotIndex=1833
mission CityName=LOC_CITY_NAME_TE_HOKIANGA_NU_A_KUPE CompletionTurn=66 EscapeResult=-1 InitialResult=4 LevelAfter=2 LootInfo=-1 Name=LOC_CITIZEN_MAYA_FEMALE_4 Operation=58 PlotIndex=772
mission CityName=LOC_CITY_NAME_MONTREAL CompletionTurn=66 EscapeResult=-1 InitialResult=4 LevelAfter=2 LootInfo=-1 Name=LOC_CITIZEN_MAYA_MALE_3 Operation=58 PlotIndex=1314
mission CityName=LOC_CITY_NAME_OTTAWA CompletionTurn=66 EscapeResult=-1 InitialResult=3 LevelAfter=2 LootInfo=-1 Name=LOC_CITIZEN_MAYA_MODERN_FEMALE_9 Operation=58 PlotIndex=978
mission CityName=LOC_CITY_NAME_TORONTO CompletionTurn=66 EscapeResult=0 InitialResult=2 LevelAfter=1 LootInfo=-1 Name=LOC_CITIZEN_MAYA_MALE_8 Operation=58 PlotIndex=1818
mission CityName=LOC_CITY_NAME_QUEBEC_CITY CompletionTurn=64 EscapeResult=-1 InitialResult=3 LevelAfter=1 LootInfo=-1 Name=LOC_CITIZEN_MAYA_MODERN_FEMALE_3 Operation=58 PlotIndex=1404
mission CityName=LOC_CITY_NAME_TORONTO CompletionTurn=62 EscapeResult=-1 InitialResult=5 LevelAfter=2 LootInfo=-1 Name=LOC_CITIZEN_MAYA_MODERN_FEMALE_8 Operation=58 PlotIndex=1818
mission CityName=LOC_CITY_NAME_OTTAWA CompletionTurn=62 EscapeResult=-1 InitialResult=3 LevelAfter=1 LootInfo=-1 Name=LOC_CITIZEN_MAYA_MALE_5 Operation=58 PlotIndex=978
mission CityName=LOC_CITY_NAME_MONTREAL CompletionTurn=62 EscapeResult=-1 InitialResult=5 LevelAfter=2 LootInfo=-1 Name=LOC_CITIZEN_MAYA_MALE_3 Operation=58 PlotIndex=1314
mission CityName=LOC_CITY_NAME_OTTAWA CompletionTurn=58 EscapeResult=-1 InitialResult=5 LevelAfter=2 LootInfo=-1 Name=LOC_CITIZEN_MAYA_MODERN_FEMALE_9 Operation=58 PlotIndex=978
mission CityName=LOC_CITY_NAME_MONTREAL CompletionTurn=58 EscapeResult=-1 InitialResult=1 LevelAfter=1 LootInfo=-1 Name=LOC_CITIZEN_MAYA_FEMALE_5 Operation=58 PlotIndex=1314
tally 2  FOMENT_UNREST CAPTURED / NO_RESULT
tally 1  FOMENT_UNREST FAIL_MUST_ESCAPE / KILLED
tally 3  FOMENT_UNREST FAIL_UNDETECTED / NO_RESULT
tally 3  FOMENT_UNREST SUCCESS_MUST_ESCAPE / NO_RESULT
tally 3  FOMENT_UNREST SUCCESS_UNDETECTED / NO_RESULT
turn 69 spies active 8 idle 3 missions 12 captured-enemy 0
spy 1376265 LOC_CITIZEN_MAYA_MODERN_FEMALE_9 level 1 at 54:11 busy
spy 1703946 LOC_CITIZEN_MAYA_MALE_3 level 1 at 54:15 busy
spy 1638411 LOC_CITIZEN_MAYA_MALE_5 level 1 at 54:11 refused
spy 1900557 LOC_CITIZEN_MAYA_MODERN_FEMALE_8 level 1 at 54:21 start
spy 2818062 LOC_CITIZEN_MAYA_MODERN_FEMALE_1 level 1 at 73:12 busy
spy 2293775 LOC_CITIZEN_MAYA_FEMALE_4 level 2 at 16:9 busy
spy 2228240 LOC_CITIZEN_MAYA_FEMALE_9 level 1 at 60:16 busy
spy 2490386 LOC_CITIZEN_MAYA_MODERN_MALE_9 level 1 at 69:21 busy
spy 2752531 LOC_CITIZEN_MAYA_MALE_1 level 1 at 77:14 busy
spy 3014676 LOC_CITIZEN_MAYA_FEMALE_8 level 1 at 65:16 busy
spy 3080214 LOC_CITIZEN_MAYA_MODERN_MALE_2 level 1 at 77:14 refused
turn 69 spies 11 started 1 travelled 0 promoted 0 bought 1 gold 50000
unblock: blocker ENDTURN_BLOCKING_SPY_CHOOSE_ESCAPE_ROUTE -> escape route DISTRICT_CITY_CENTER of 1 for spy 1703946 LOC_CITIZEN_MAYA_MALE_3 level 1 turn 69 | end turn requested
unstuck: closed sessions [3:3]
unstuck: NaturalDisasterPopup: closed
unblock: blocker ENDTURN_BLOCKING_SPY_CHOOSE_ESCAPE_ROUTE -> escape route DISTRICT_CITY_CENTER of 2 for spy 1376265 LOC_CITIZEN_MAYA_MODERN_FEMALE_9 level 1 turn 70 | end turn requested
unblock: blocker ENDTURN_BLOCKING_SPY_CHOOSE_ESCAPE_ROUTE -> escape route DISTRICT_CITY_CENTER of 1 for spy 1703946 LOC_CITIZEN_MAYA_MALE_3 level 1 turn 70 | end turn requested
unstuck: closed sessions [2:2]
unstuck: DiplomacyActionView: Closing Diplomacy Action View. m_eventID: 167006
mission CityName=LOC_CITY_NAME_STOCKHOLM CompletionTurn=70 EscapeResult=-1 InitialResult=1 LevelAfter=1 LootInfo=-1 Name=LOC_CITIZEN_MAYA_MALE_1 Operation=58 PlotIndex=1253
mission CityName=LOC_CITY_NAME_GOTEBORG CompletionTurn=70 EscapeResult=-1 InitialResult=4 LevelAfter=2 LootInfo=-1 Name=LOC_CITIZEN_MAYA_MODERN_FEMALE_1 Operation=58 PlotIndex=1081
mission CityName=LOC_CITY_NAME_OTTAWA CompletionTurn=70 EscapeResult=1 InitialResult=2 LevelAfter=2 LootInfo=-1 Name=LOC_CITIZEN_MAYA_MODERN_FEMALE_9 Operation=58 PlotIndex=978
mission CityName=LOC_CITY_NAME_QUEBEC_CITY CompletionTurn=68 EscapeResult=-1 InitialResult=1 LevelAfter=1 LootInfo=-1 Name=LOC_CITIZEN_MAYA_MODERN_FEMALE_3 Operation=58 PlotIndex=1404
mission CityName=LOC_CITY_NAME_NGARUAWAHIA CompletionTurn=67 EscapeResult=-1 InitialResult=4 LevelAfter=2 LootInfo=-1 Name=LOC_CITIZEN_MAYA_MODERN_MALE_9 Operation=58 PlotIndex=1833
mission CityName=LOC_CITY_NAME_TE_HOKIANGA_NU_A_KUPE CompletionTurn=66 EscapeResult=-1 InitialResult=4 LevelAfter=2 LootInfo=-1 Name=LOC_CITIZEN_MAYA_FEMALE_4 Operation=58 PlotIndex=772
mission CityName=LOC_CITY_NAME_MONTREAL CompletionTurn=66 EscapeResult=-1 InitialResult=4 LevelAfter=2 LootInfo=-1 Name=LOC_CITIZEN_MAYA_MALE_3 Operation=58 PlotIndex=1314
mission CityName=LOC_CITY_NAME_OTTAWA CompletionTurn=66 EscapeResult=-1 InitialResult=3 LevelAfter=2 LootInfo=-1 Name=LOC_CITIZEN_MAYA_MODERN_FEMALE_9 Operation=58 PlotIndex=978
mission CityName=LOC_CITY_NAME_TORONTO CompletionTurn=66 EscapeResult=0 InitialResult=2 LevelAfter=1 LootInfo=-1 Name=LOC_CITIZEN_MAYA_MALE_8 Operation=58 PlotIndex=1818
mission CityName=LOC_CITY_NAME_QUEBEC_CITY CompletionTurn=64 EscapeResult=-1 InitialResult=3 LevelAfter=1 LootInfo=-1 Name=LOC_CITIZEN_MAYA_MODERN_FEMALE_3 Operation=58 PlotIndex=1404
mission CityName=LOC_CITY_NAME_TORONTO CompletionTurn=62 EscapeResult=-1 InitialResult=5 LevelAfter=2 LootInfo=-1 Name=LOC_CITIZEN_MAYA_MODERN_FEMALE_8 Operation=58 PlotIndex=1818
mission CityName=LOC_CITY_NAME_OTTAWA CompletionTurn=62 EscapeResult=-1 InitialResult=3 LevelAfter=1 LootInfo=-1 Name=LOC_CITIZEN_MAYA_MALE_5 Operation=58 PlotIndex=978
mission CityName=LOC_CITY_NAME_MONTREAL CompletionTurn=62 EscapeResult=-1 InitialResult=5 LevelAfter=2 LootInfo=-1 Name=LOC_CITIZEN_MAYA_MALE_3 Operation=58 PlotIndex=1314
mission CityName=LOC_CITY_NAME_OTTAWA CompletionTurn=58 EscapeResult=-1 InitialResult=5 LevelAfter=2 LootInfo=-1 Name=LOC_CITIZEN_MAYA_MODERN_FEMALE_9 Operation=58 PlotIndex=978
mission CityName=LOC_CITY_NAME_MONTREAL CompletionTurn=58 EscapeResult=-1 InitialResult=1 LevelAfter=1 LootInfo=-1 Name=LOC_CITIZEN_MAYA_FEMALE_5 Operation=58 PlotIndex=1314
tally 3  FOMENT_UNREST CAPTURED / NO_RESULT
tally 1  FOMENT_UNREST FAIL_MUST_ESCAPE / CAPTURED
tally 1  FOMENT_UNREST FAIL_MUST_ESCAPE / KILLED
tally 3  FOMENT_UNREST FAIL_UNDETECTED / NO_RESULT
tally 4  FOMENT_UNREST SUCCESS_MUST_ESCAPE / NO_RESULT
tally 3  FOMENT_UNREST SUCCESS_UNDETECTED / NO_RESULT
turn 71 spies active 6 idle 4 missions 15 captured-enemy 0
spy 3211272 LOC_CITIZEN_MAYA_MODERN_FEMALE_7 level 1 at 65:16 refused
spy 1703946 LOC_CITIZEN_MAYA_MALE_3 level 1 at 54:15 busy
spy 1638411 LOC_CITIZEN_MAYA_MALE_5 level 1 at 54:11 start
spy 1900557 LOC_CITIZEN_MAYA_MODERN_FEMALE_8 level 1 at 54:21 start
spy 2818062 LOC_CITIZEN_MAYA_MODERN_FEMALE_1 level 1 at 73:12 busy
spy 2293775 LOC_CITIZEN_MAYA_FEMALE_4 level 2 at 16:9 busy
spy 2228240 LOC_CITIZEN_MAYA_FEMALE_9 level 1 at 60:16 busy
spy 2490386 LOC_CITIZEN_MAYA_MODERN_MALE_9 level 1 at 69:21 busy
spy 3014676 LOC_CITIZEN_MAYA_FEMALE_8 level 1 at 65:16 busy
spy 3080214 LOC_CITIZEN_MAYA_MODERN_MALE_2 level 1 at 77:14 start
turn 71 spies 10 started 3 travelled 0 promoted 0 bought 2 gold 50000
unblock: blocker ENDTURN_BLOCKING_SPY_CHOOSE_ESCAPE_ROUTE -> escape route DISTRICT_CITY_CENTER of 1 for spy 1703946 LOC_CITIZEN_MAYA_MALE_3 level 1 turn 71 | end turn requested
mission CityName=LOC_CITY_NAME_STOCKHOLM CompletionTurn=70 EscapeResult=-1 InitialResult=1 LevelAfter=1 LootInfo=-1 Name=LOC_CITIZEN_MAYA_MALE_1 Operation=58 PlotIndex=1253
mission CityName=LOC_CITY_NAME_GOTEBORG CompletionTurn=70 EscapeResult=-1 InitialResult=4 LevelAfter=2 LootInfo=-1 Name=LOC_CITIZEN_MAYA_MODERN_FEMALE_1 Operation=58 PlotIndex=1081
mission CityName=LOC_CITY_NAME_OTTAWA CompletionTurn=70 EscapeResult=1 InitialResult=2 LevelAfter=2 LootInfo=-1 Name=LOC_CITIZEN_MAYA_MODERN_FEMALE_9 Operation=58 PlotIndex=978
mission CityName=LOC_CITY_NAME_QUEBEC_CITY CompletionTurn=68 EscapeResult=-1 InitialResult=1 LevelAfter=1 LootInfo=-1 Name=LOC_CITIZEN_MAYA_MODERN_FEMALE_3 Operation=58 PlotIndex=1404
mission CityName=LOC_CITY_NAME_NGARUAWAHIA CompletionTurn=67 EscapeResult=-1 InitialResult=4 LevelAfter=2 LootInfo=-1 Name=LOC_CITIZEN_MAYA_MODERN_MALE_9 Operation=58 PlotIndex=1833
mission CityName=LOC_CITY_NAME_TE_HOKIANGA_NU_A_KUPE CompletionTurn=66 EscapeResult=-1 InitialResult=4 LevelAfter=2 LootInfo=-1 Name=LOC_CITIZEN_MAYA_FEMALE_4 Operation=58 PlotIndex=772
mission CityName=LOC_CITY_NAME_MONTREAL CompletionTurn=66 EscapeResult=0 InitialResult=4 LevelAfter=2 LootInfo=-1 Name=LOC_CITIZEN_MAYA_MALE_3 Operation=58 PlotIndex=1314
mission CityName=LOC_CITY_NAME_OTTAWA CompletionTurn=66 EscapeResult=-1 InitialResult=3 LevelAfter=2 LootInfo=-1 Name=LOC_CITIZEN_MAYA_MODERN_FEMALE_9 Operation=58 PlotIndex=978
mission CityName=LOC_CITY_NAME_TORONTO CompletionTurn=66 EscapeResult=0 InitialResult=2 LevelAfter=1 LootInfo=-1 Name=LOC_CITIZEN_MAYA_MALE_8 Operation=58 PlotIndex=1818
mission CityName=LOC_CITY_NAME_QUEBEC_CITY CompletionTurn=64 EscapeResult=-1 InitialResult=3 LevelAfter=1 LootInfo=-1 Name=LOC_CITIZEN_MAYA_MODERN_FEMALE_3 Operation=58 PlotIndex=1404
mission CityName=LOC_CITY_NAME_TORONTO CompletionTurn=62 EscapeResult=-1 InitialResult=5 LevelAfter=2 LootInfo=-1 Name=LOC_CITIZEN_MAYA_MODERN_FEMALE_8 Operation=58 PlotIndex=1818
mission CityName=LOC_CITY_NAME_OTTAWA CompletionTurn=62 EscapeResult=-1 InitialResult=3 LevelAfter=1 LootInfo=-1 Name=LOC_CITIZEN_MAYA_MALE_5 Operation=58 PlotIndex=978
mission CityName=LOC_CITY_NAME_MONTREAL CompletionTurn=62 EscapeResult=-1 InitialResult=5 LevelAfter=2 LootInfo=-1 Name=LOC_CITIZEN_MAYA_MALE_3 Operation=58 PlotIndex=1314
mission CityName=LOC_CITY_NAME_OTTAWA CompletionTurn=58 EscapeResult=-1 InitialResult=5 LevelAfter=2 LootInfo=-1 Name=LOC_CITIZEN_MAYA_MODERN_FEMALE_9 Operation=58 PlotIndex=978
mission CityName=LOC_CITY_NAME_MONTREAL CompletionTurn=58 EscapeResult=-1 InitialResult=1 LevelAfter=1 LootInfo=-1 Name=LOC_CITIZEN_MAYA_FEMALE_5 Operation=58 PlotIndex=1314
tally 3  FOMENT_UNREST CAPTURED / NO_RESULT
tally 1  FOMENT_UNREST FAIL_MUST_ESCAPE / CAPTURED
tally 1  FOMENT_UNREST FAIL_MUST_ESCAPE / KILLED
tally 3  FOMENT_UNREST FAIL_UNDETECTED / NO_RESULT
tally 1  FOMENT_UNREST SUCCESS_MUST_ESCAPE / KILLED
tally 3  FOMENT_UNREST SUCCESS_MUST_ESCAPE / NO_RESULT
tally 3  FOMENT_UNREST SUCCESS_UNDETECTED / NO_RESULT
turn 72 spies active 8 idle 3 missions 15 captured-enemy 0
spy 3211272 LOC_CITIZEN_MAYA_MODERN_FEMALE_7 level 1 at 65:16 refused
spy 3342345 LOC_CITIZEN_MAYA_MALE_7 level 1 at 37:38 travel
spy 1638411 LOC_CITIZEN_MAYA_MALE_5 level 1 at 54:11 busy
spy 1900557 LOC_CITIZEN_MAYA_MODERN_FEMALE_8 level 1 at 54:21 busy
spy 2818062 LOC_CITIZEN_MAYA_MODERN_FEMALE_1 level 1 at 73:12 busy
spy 2293775 LOC_CITIZEN_MAYA_FEMALE_4 level 2 at 16:9 busy
spy 2228240 LOC_CITIZEN_MAYA_FEMALE_9 level 1 at 60:16 busy
spy 2490386 LOC_CITIZEN_MAYA_MODERN_MALE_9 level 1 at 69:21 busy
spy 3276819 LOC_CITIZEN_MAYA_MODERN_MALE_6 level 1 at 36:42 travel
spy 3014676 LOC_CITIZEN_MAYA_FEMALE_8 level 1 at 65:16 busy
spy 3080214 LOC_CITIZEN_MAYA_MODERN_MALE_2 level 1 at 77:14 busy
turn 72 spies 11 started 0 travelled 2 promoted 0 bought 0 gold 50000
unblock: blocker ENDTURN_BLOCKING_SPY_CHOOSE_ESCAPE_ROUTE -> escape route DISTRICT_CITY_CENTER of 1 for spy 2818062 LOC_CITIZEN_MAYA_MODERN_FEMALE_1 level 1 turn 72 | end turn requested
unblock: blocker ENDTURN_BLOCKING_SPY_CHOOSE_ESCAPE_ROUTE -> escape route DISTRICT_CITY_CENTER of 2 for spy 2293775 LOC_CITIZEN_MAYA_FEMALE_4 level 2 turn 72 | end turn requested
unstuck: closed sessions [3:3]
unstuck: DiplomacyActionView: Closing Diplomacy Action View. m_eventID: 183977
mission CityName=LOC_CITY_NAME_SAINT_JOHN CompletionTurn=73 EscapeResult=-1 InitialResult=1 LevelAfter=1 LootInfo=-1 Name=LOC_CITIZEN_MAYA_FEMALE_8 Operation=58 PlotIndex=1409
mission CityName=LOC_CITY_NAME_QUEBEC_CITY CompletionTurn=73 EscapeResult=-1 InitialResult=0 LevelAfter=1 LootInfo=-1 Name=LOC_CITIZEN_MAYA_FEMALE_9 Operation=58 PlotIndex=1404
mission CityName=LOC_CITY_NAME_STOCKHOLM CompletionTurn=70 EscapeResult=-1 InitialResult=1 LevelAfter=1 LootInfo=-1 Name=LOC_CITIZEN_MAYA_MALE_1 Operation=58 PlotIndex=1253
mission CityName=LOC_CITY_NAME_GOTEBORG CompletionTurn=70 EscapeResult=0 InitialResult=4 LevelAfter=2 LootInfo=-1 Name=LOC_CITIZEN_MAYA_MODERN_FEMALE_1 Operation=58 PlotIndex=1081
mission CityName=LOC_CITY_NAME_OTTAWA CompletionTurn=70 EscapeResult=1 InitialResult=2 LevelAfter=2 LootInfo=-1 Name=LOC_CITIZEN_MAYA_MODERN_FEMALE_9 Operation=58 PlotIndex=978
mission CityName=LOC_CITY_NAME_QUEBEC_CITY CompletionTurn=68 EscapeResult=-1 InitialResult=1 LevelAfter=1 LootInfo=-1 Name=LOC_CITIZEN_MAYA_MODERN_FEMALE_3 Operation=58 PlotIndex=1404
mission CityName=LOC_CITY_NAME_NGARUAWAHIA CompletionTurn=67 EscapeResult=-1 InitialResult=4 LevelAfter=2 LootInfo=-1 Name=LOC_CITIZEN_MAYA_MODERN_MALE_9 Operation=58 PlotIndex=1833
mission CityName=LOC_CITY_NAME_TE_HOKIANGA_NU_A_KUPE CompletionTurn=66 EscapeResult=-1 InitialResult=4 LevelAfter=2 LootInfo=-1 Name=LOC_CITIZEN_MAYA_FEMALE_4 Operation=58 PlotIndex=772
mission CityName=LOC_CITY_NAME_MONTREAL CompletionTurn=66 EscapeResult=0 InitialResult=4 LevelAfter=2 LootInfo=-1 Name=LOC_CITIZEN_MAYA_MALE_3 Operation=58 PlotIndex=1314
mission CityName=LOC_CITY_NAME_OTTAWA CompletionTurn=66 EscapeResult=-1 InitialResult=3 LevelAfter=2 LootInfo=-1 Name=LOC_CITIZEN_MAYA_MODERN_FEMALE_9 Operation=58 PlotIndex=978
mission CityName=LOC_CITY_NAME_TORONTO CompletionTurn=66 EscapeResult=0 InitialResult=2 LevelAfter=1 LootInfo=-1 Name=LOC_CITIZEN_MAYA_MALE_8 Operation=58 PlotIndex=1818
mission CityName=LOC_CITY_NAME_QUEBEC_CITY CompletionTurn=64 EscapeResult=-1 InitialResult=3 LevelAfter=1 LootInfo=-1 Name=LOC_CITIZEN_MAYA_MODERN_FEMALE_3 Operation=58 PlotIndex=1404
mission CityName=LOC_CITY_NAME_TORONTO CompletionTurn=62 EscapeResult=-1 InitialResult=5 LevelAfter=2 LootInfo=-1 Name=LOC_CITIZEN_MAYA_MODERN_FEMALE_8 Operation=58 PlotIndex=1818
mission CityName=LOC_CITY_NAME_OTTAWA CompletionTurn=62 EscapeResult=-1 InitialResult=3 LevelAfter=1 LootInfo=-1 Name=LOC_CITIZEN_MAYA_MALE_5 Operation=58 PlotIndex=978
mission CityName=LOC_CITY_NAME_MONTREAL CompletionTurn=62 EscapeResult=-1 InitialResult=5 LevelAfter=2 LootInfo=-1 Name=LOC_CITIZEN_MAYA_MALE_3 Operation=58 PlotIndex=1314
mission CityName=LOC_CITY_NAME_OTTAWA CompletionTurn=58 EscapeResult=-1 InitialResult=5 LevelAfter=2 LootInfo=-1 Name=LOC_CITIZEN_MAYA_MODERN_FEMALE_9 Operation=58 PlotIndex=978
mission CityName=LOC_CITY_NAME_MONTREAL CompletionTurn=58 EscapeResult=-1 InitialResult=1 LevelAfter=1 LootInfo=-1 Name=LOC_CITIZEN_MAYA_FEMALE_5 Operation=58 PlotIndex=1314
tally 4  FOMENT_UNREST CAPTURED / NO_RESULT
tally 1  FOMENT_UNREST FAIL_MUST_ESCAPE / CAPTURED
tally 1  FOMENT_UNREST FAIL_MUST_ESCAPE / KILLED
tally 3  FOMENT_UNREST FAIL_UNDETECTED / NO_RESULT
tally 1  FOMENT_UNREST KILLED / NO_RESULT
tally 2  FOMENT_UNREST SUCCESS_MUST_ESCAPE / KILLED
tally 2  FOMENT_UNREST SUCCESS_MUST_ESCAPE / NO_RESULT
tally 3  FOMENT_UNREST SUCCESS_UNDETECTED / NO_RESULT
turn 73 spies active 5 idle 1 missions 17 captured-enemy 0
spy 3211272 LOC_CITIZEN_MAYA_MODERN_FEMALE_7 level 1 at 65:16 start
spy 1638411 LOC_CITIZEN_MAYA_MALE_5 level 1 at 54:11 busy
spy 1900557 LOC_CITIZEN_MAYA_MODERN_FEMALE_8 level 1 at 54:21 busy
spy 2293775 LOC_CITIZEN_MAYA_FEMALE_4 level 2 at 16:9 busy
spy 2490386 LOC_CITIZEN_MAYA_MODERN_MALE_9 level 1 at 69:21 busy
spy 3080214 LOC_CITIZEN_MAYA_MODERN_MALE_2 level 1 at 77:14 busy
turn 73 spies 6 started 1 travelled 0 promoted 0 bought 2 gold 50000
unblock: blocker ENDTURN_BLOCKING_SPY_CHOOSE_ESCAPE_ROUTE -> escape route DISTRICT_CITY_CENTER of 2 for spy 2293775 LOC_CITIZEN_MAYA_FEMALE_4 level 2 turn 73 | end turn requested
mission CityName=LOC_CITY_NAME_SAINT_JOHN CompletionTurn=73 EscapeResult=-1 InitialResult=1 LevelAfter=1 LootInfo=-1 Name=LOC_CITIZEN_MAYA_FEMALE_8 Operation=58 PlotIndex=1409
mission CityName=LOC_CITY_NAME_QUEBEC_CITY CompletionTurn=73 EscapeResult=-1 InitialResult=0 LevelAfter=1 LootInfo=-1 Name=LOC_CITIZEN_MAYA_FEMALE_9 Operation=58 PlotIndex=1404
mission CityName=LOC_CITY_NAME_STOCKHOLM CompletionTurn=70 EscapeResult=-1 InitialResult=1 LevelAfter=1 LootInfo=-1 Name=LOC_CITIZEN_MAYA_MALE_1 Operation=58 PlotIndex=1253
mission CityName=LOC_CITY_NAME_GOTEBORG CompletionTurn=70 EscapeResult=0 InitialResult=4 LevelAfter=2 LootInfo=-1 Name=LOC_CITIZEN_MAYA_MODERN_FEMALE_1 Operation=58 PlotIndex=1081
mission CityName=LOC_CITY_NAME_OTTAWA CompletionTurn=70 EscapeResult=1 InitialResult=2 LevelAfter=2 LootInfo=-1 Name=LOC_CITIZEN_MAYA_MODERN_FEMALE_9 Operation=58 PlotIndex=978
mission CityName=LOC_CITY_NAME_QUEBEC_CITY CompletionTurn=68 EscapeResult=-1 InitialResult=1 LevelAfter=1 LootInfo=-1 Name=LOC_CITIZEN_MAYA_MODERN_FEMALE_3 Operation=58 PlotIndex=1404
mission CityName=LOC_CITY_NAME_NGARUAWAHIA CompletionTurn=67 EscapeResult=-1 InitialResult=4 LevelAfter=2 LootInfo=-1 Name=LOC_CITIZEN_MAYA_MODERN_MALE_9 Operation=58 PlotIndex=1833
mission CityName=LOC_CITY_NAME_TE_HOKIANGA_NU_A_KUPE CompletionTurn=66 EscapeResult=2 InitialResult=4 LevelAfter=2 LootInfo=-1 Name=LOC_CITIZEN_MAYA_FEMALE_4 Operation=58 PlotIndex=772
mission CityName=LOC_CITY_NAME_MONTREAL CompletionTurn=66 EscapeResult=0 InitialResult=4 LevelAfter=2 LootInfo=-1 Name=LOC_CITIZEN_MAYA_MALE_3 Operation=58 PlotIndex=1314
mission CityName=LOC_CITY_NAME_OTTAWA CompletionTurn=66 EscapeResult=-1 InitialResult=3 LevelAfter=2 LootInfo=-1 Name=LOC_CITIZEN_MAYA_MODERN_FEMALE_9 Operation=58 PlotIndex=978
mission CityName=LOC_CITY_NAME_TORONTO CompletionTurn=66 EscapeResult=0 InitialResult=2 LevelAfter=1 LootInfo=-1 Name=LOC_CITIZEN_MAYA_MALE_8 Operation=58 PlotIndex=1818
mission CityName=LOC_CITY_NAME_QUEBEC_CITY CompletionTurn=64 EscapeResult=-1 InitialResult=3 LevelAfter=1 LootInfo=-1 Name=LOC_CITIZEN_MAYA_MODERN_FEMALE_3 Operation=58 PlotIndex=1404
mission CityName=LOC_CITY_NAME_TORONTO CompletionTurn=62 EscapeResult=-1 InitialResult=5 LevelAfter=2 LootInfo=-1 Name=LOC_CITIZEN_MAYA_MODERN_FEMALE_8 Operation=58 PlotIndex=1818
mission CityName=LOC_CITY_NAME_OTTAWA CompletionTurn=62 EscapeResult=-1 InitialResult=3 LevelAfter=1 LootInfo=-1 Name=LOC_CITIZEN_MAYA_MALE_5 Operation=58 PlotIndex=978
mission CityName=LOC_CITY_NAME_MONTREAL CompletionTurn=62 EscapeResult=-1 InitialResult=5 LevelAfter=2 LootInfo=-1 Name=LOC_CITIZEN_MAYA_MALE_3 Operation=58 PlotIndex=1314
mission CityName=LOC_CITY_NAME_OTTAWA CompletionTurn=58 EscapeResult=-1 InitialResult=5 LevelAfter=2 LootInfo=-1 Name=LOC_CITIZEN_MAYA_MODERN_FEMALE_9 Operation=58 PlotIndex=978
mission CityName=LOC_CITY_NAME_MONTREAL CompletionTurn=58 EscapeResult=-1 InitialResult=1 LevelAfter=1 LootInfo=-1 Name=LOC_CITIZEN_MAYA_FEMALE_5 Operation=58 PlotIndex=1314
tally 4  FOMENT_UNREST CAPTURED / NO_RESULT
tally 1  FOMENT_UNREST FAIL_MUST_ESCAPE / CAPTURED
tally 1  FOMENT_UNREST FAIL_MUST_ESCAPE / KILLED
tally 3  FOMENT_UNREST FAIL_UNDETECTED / NO_RESULT
tally 1  FOMENT_UNREST KILLED / NO_RESULT
tally 1  FOMENT_UNREST SUCCESS_MUST_ESCAPE / FAIL_MUST_ESCAPE
tally 2  FOMENT_UNREST SUCCESS_MUST_ESCAPE / KILLED
tally 1  FOMENT_UNREST SUCCESS_MUST_ESCAPE / NO_RESULT
tally 3  FOMENT_UNREST SUCCESS_UNDETECTED / NO_RESULT
turn 74 spies active 5 idle 2 missions 17 captured-enemy 0
spy 3211272 LOC_CITIZEN_MAYA_MODERN_FEMALE_7 level 1 at 65:16 busy
spy 1638411 LOC_CITIZEN_MAYA_MALE_5 level 1 at 54:11 busy
spy 1900557 LOC_CITIZEN_MAYA_MODERN_FEMALE_8 level 1 at 54:21 busy
spy 3473422 LOC_CITIZEN_MAYA_MALE_2 level 1 at 37:38 travel
spy 2490386 LOC_CITIZEN_MAYA_MODERN_MALE_9 level 1 at 69:21 busy
spy 3407891 LOC_CITIZEN_MAYA_MALE_6 level 1 at 36:42 travel
spy 3080214 LOC_CITIZEN_MAYA_MODERN_MALE_2 level 1 at 77:14 busy
turn 74 spies 7 started 0 travelled 2 promoted 0 bought 0 gold 50000
unblock: blocker ENDTURN_BLOCKING_SPY_CHOOSE_ESCAPE_ROUTE -> escape route DISTRICT_HARBOR of 2 for spy 2490386 LOC_CITIZEN_MAYA_MODERN_MALE_9 level 1 turn 74 | end turn requested
unblock: blocker ENDTURN_BLOCKING_PRODUCTION -> CHICHEN_ITZA builds UNIT_WARRIOR | end turn requested
unstuck: closed sessions [2:2]
unstuck: DiplomacyActionView: Closing Diplomacy Action View. m_eventID: 199737
mission CityName=LOC_CITY_NAME_STOCKHOLM CompletionTurn=75 EscapeResult=-1 InitialResult=4 LevelAfter=2 LootInfo=-1 Name=LOC_CITIZEN_MAYA_MODERN_MALE_2 Operation=58 PlotIndex=1253
mission CityName=LOC_CITY_NAME_TORONTO CompletionTurn=75 EscapeResult=-1 InitialResult=2 LevelAfter=2 LootInfo=-1 Name=LOC_CITIZEN_MAYA_MODERN_FEMALE_8 Operation=58 PlotIndex=1818
mission CityName=LOC_CITY_NAME_OTTAWA CompletionTurn=75 EscapeResult=-1 InitialResult=4 LevelAfter=2 LootInfo=-1 Name=LOC_CITIZEN_MAYA_MALE_5 Operation=58 PlotIndex=978
mission CityName=LOC_CITY_NAME_SAINT_JOHN CompletionTurn=73 EscapeResult=-1 InitialResult=1 LevelAfter=1 LootInfo=-1 Name=LOC_CITIZEN_MAYA_FEMALE_8 Operation=58 PlotIndex=1409
mission CityName=LOC_CITY_NAME_QUEBEC_CITY CompletionTurn=73 EscapeResult=-1 InitialResult=0 LevelAfter=1 LootInfo=-1 Name=LOC_CITIZEN_MAYA_FEMALE_9 Operation=58 PlotIndex=1404
mission CityName=LOC_CITY_NAME_STOCKHOLM CompletionTurn=70 EscapeResult=-1 InitialResult=1 LevelAfter=1 LootInfo=-1 Name=LOC_CITIZEN_MAYA_MALE_1 Operation=58 PlotIndex=1253
mission CityName=LOC_CITY_NAME_GOTEBORG CompletionTurn=70 EscapeResult=0 InitialResult=4 LevelAfter=2 LootInfo=-1 Name=LOC_CITIZEN_MAYA_MODERN_FEMALE_1 Operation=58 PlotIndex=1081
mission CityName=LOC_CITY_NAME_OTTAWA CompletionTurn=70 EscapeResult=1 InitialResult=2 LevelAfter=2 LootInfo=-1 Name=LOC_CITIZEN_MAYA_MODERN_FEMALE_9 Operation=58 PlotIndex=978
mission CityName=LOC_CITY_NAME_QUEBEC_CITY CompletionTurn=68 EscapeResult=-1 InitialResult=1 LevelAfter=1 LootInfo=-1 Name=LOC_CITIZEN_MAYA_MODERN_FEMALE_3 Operation=58 PlotIndex=1404
mission CityName=LOC_CITY_NAME_NGARUAWAHIA CompletionTurn=67 EscapeResult=2 InitialResult=4 LevelAfter=2 LootInfo=-1 Name=LOC_CITIZEN_MAYA_MODERN_MALE_9 Operation=58 PlotIndex=1833
mission CityName=LOC_CITY_NAME_TE_HOKIANGA_NU_A_KUPE CompletionTurn=66 EscapeResult=2 InitialResult=4 LevelAfter=2 LootInfo=-1 Name=LOC_CITIZEN_MAYA_FEMALE_4 Operation=58 PlotIndex=772
mission CityName=LOC_CITY_NAME_MONTREAL CompletionTurn=66 EscapeResult=0 InitialResult=4 LevelAfter=2 LootInfo=-1 Name=LOC_CITIZEN_MAYA_MALE_3 Operation=58 PlotIndex=1314
mission CityName=LOC_CITY_NAME_OTTAWA CompletionTurn=66 EscapeResult=-1 InitialResult=3 LevelAfter=2 LootInfo=-1 Name=LOC_CITIZEN_MAYA_MODERN_FEMALE_9 Operation=58 PlotIndex=978
mission CityName=LOC_CITY_NAME_TORONTO CompletionTurn=66 EscapeResult=0 InitialResult=2 LevelAfter=1 LootInfo=-1 Name=LOC_CITIZEN_MAYA_MALE_8 Operation=58 PlotIndex=1818
mission CityName=LOC_CITY_NAME_QUEBEC_CITY CompletionTurn=64 EscapeResult=-1 InitialResult=3 LevelAfter=1 LootInfo=-1 Name=LOC_CITIZEN_MAYA_MODERN_FEMALE_3 Operation=58 PlotIndex=1404
mission CityName=LOC_CITY_NAME_TORONTO CompletionTurn=62 EscapeResult=-1 InitialResult=5 LevelAfter=2 LootInfo=-1 Name=LOC_CITIZEN_MAYA_MODERN_FEMALE_8 Operation=58 PlotIndex=1818
mission CityName=LOC_CITY_NAME_OTTAWA CompletionTurn=62 EscapeResult=-1 InitialResult=3 LevelAfter=1 LootInfo=-1 Name=LOC_CITIZEN_MAYA_MALE_5 Operation=58 PlotIndex=978
mission CityName=LOC_CITY_NAME_MONTREAL CompletionTurn=62 EscapeResult=-1 InitialResult=5 LevelAfter=2 LootInfo=-1 Name=LOC_CITIZEN_MAYA_MALE_3 Operation=58 PlotIndex=1314
mission CityName=LOC_CITY_NAME_OTTAWA CompletionTurn=58 EscapeResult=-1 InitialResult=5 LevelAfter=2 LootInfo=-1 Name=LOC_CITIZEN_MAYA_MODERN_FEMALE_9 Operation=58 PlotIndex=978
mission CityName=LOC_CITY_NAME_MONTREAL CompletionTurn=58 EscapeResult=-1 InitialResult=1 LevelAfter=1 LootInfo=-1 Name=LOC_CITIZEN_MAYA_FEMALE_5 Operation=58 PlotIndex=1314
tally 4  FOMENT_UNREST CAPTURED / NO_RESULT
tally 1  FOMENT_UNREST FAIL_MUST_ESCAPE / CAPTURED
tally 1  FOMENT_UNREST FAIL_MUST_ESCAPE / KILLED
tally 1  FOMENT_UNREST FAIL_MUST_ESCAPE / NO_RESULT
tally 3  FOMENT_UNREST FAIL_UNDETECTED / NO_RESULT
tally 1  FOMENT_UNREST KILLED / NO_RESULT
tally 2  FOMENT_UNREST SUCCESS_MUST_ESCAPE / FAIL_MUST_ESCAPE
tally 2  FOMENT_UNREST SUCCESS_MUST_ESCAPE / KILLED
tally 2  FOMENT_UNREST SUCCESS_MUST_ESCAPE / NO_RESULT
tally 3  FOMENT_UNREST SUCCESS_UNDETECTED / NO_RESULT
turn 75 spies active 4 idle 2 missions 20 captured-enemy 0
spy 3211272 LOC_CITIZEN_MAYA_MODERN_FEMALE_7 level 1 at 65:16 busy
spy 1638411 LOC_CITIZEN_MAYA_MALE_5 level 1 at 54:11 busy
spy 1900557 LOC_CITIZEN_MAYA_MODERN_FEMALE_8 level 1 at 54:21 busy
spy 3604498 LOC_CITIZEN_MAYA_MODERN_MALE_6 level 1 at 69:11 start
spy 3538963 LOC_CITIZEN_MAYA_MALE_7 level 1 at 54:15 start
spy 3080214 LOC_CITIZEN_MAYA_MODERN_MALE_2 level 1 at 77:14 busy
turn 75 spies 6 started 2 travelled 0 promoted 0 bought 2 gold 50000
unblock: blocker ENDTURN_BLOCKING_PRODUCTION -> CHICHEN_ITZA builds UNIT_WARRIOR | end turn requested
mission CityName=LOC_CITY_NAME_STOCKHOLM CompletionTurn=75 EscapeResult=-1 InitialResult=4 LevelAfter=2 LootInfo=-1 Name=LOC_CITIZEN_MAYA_MODERN_MALE_2 Operation=58 PlotIndex=1253
mission CityName=LOC_CITY_NAME_TORONTO CompletionTurn=75 EscapeResult=-1 InitialResult=2 LevelAfter=2 LootInfo=-1 Name=LOC_CITIZEN_MAYA_MODERN_FEMALE_8 Operation=58 PlotIndex=1818
mission CityName=LOC_CITY_NAME_OTTAWA CompletionTurn=75 EscapeResult=-1 InitialResult=4 LevelAfter=2 LootInfo=-1 Name=LOC_CITIZEN_MAYA_MALE_5 Operation=58 PlotIndex=978
mission CityName=LOC_CITY_NAME_SAINT_JOHN CompletionTurn=73 EscapeResult=-1 InitialResult=1 LevelAfter=1 LootInfo=-1 Name=LOC_CITIZEN_MAYA_FEMALE_8 Operation=58 PlotIndex=1409
mission CityName=LOC_CITY_NAME_QUEBEC_CITY CompletionTurn=73 EscapeResult=-1 InitialResult=0 LevelAfter=1 LootInfo=-1 Name=LOC_CITIZEN_MAYA_FEMALE_9 Operation=58 PlotIndex=1404
mission CityName=LOC_CITY_NAME_STOCKHOLM CompletionTurn=70 EscapeResult=-1 InitialResult=1 LevelAfter=1 LootInfo=-1 Name=LOC_CITIZEN_MAYA_MALE_1 Operation=58 PlotIndex=1253
mission CityName=LOC_CITY_NAME_GOTEBORG CompletionTurn=70 EscapeResult=0 InitialResult=4 LevelAfter=2 LootInfo=-1 Name=LOC_CITIZEN_MAYA_MODERN_FEMALE_1 Operation=58 PlotIndex=1081
mission CityName=LOC_CITY_NAME_OTTAWA CompletionTurn=70 EscapeResult=1 InitialResult=2 LevelAfter=2 LootInfo=-1 Name=LOC_CITIZEN_MAYA_MODERN_FEMALE_9 Operation=58 PlotIndex=978
mission CityName=LOC_CITY_NAME_QUEBEC_CITY CompletionTurn=68 EscapeResult=-1 InitialResult=1 LevelAfter=1 LootInfo=-1 Name=LOC_CITIZEN_MAYA_MODERN_FEMALE_3 Operation=58 PlotIndex=1404
mission CityName=LOC_CITY_NAME_NGARUAWAHIA CompletionTurn=67 EscapeResult=2 InitialResult=4 LevelAfter=2 LootInfo=-1 Name=LOC_CITIZEN_MAYA_MODERN_MALE_9 Operation=58 PlotIndex=1833
mission CityName=LOC_CITY_NAME_TE_HOKIANGA_NU_A_KUPE CompletionTurn=66 EscapeResult=2 InitialResult=4 LevelAfter=2 LootInfo=-1 Name=LOC_CITIZEN_MAYA_FEMALE_4 Operation=58 PlotIndex=772
mission CityName=LOC_CITY_NAME_MONTREAL CompletionTurn=66 EscapeResult=0 InitialResult=4 LevelAfter=2 LootInfo=-1 Name=LOC_CITIZEN_MAYA_MALE_3 Operation=58 PlotIndex=1314
mission CityName=LOC_CITY_NAME_OTTAWA CompletionTurn=66 EscapeResult=-1 InitialResult=3 LevelAfter=2 LootInfo=-1 Name=LOC_CITIZEN_MAYA_MODERN_FEMALE_9 Operation=58 PlotIndex=978
mission CityName=LOC_CITY_NAME_TORONTO CompletionTurn=66 EscapeResult=0 InitialResult=2 LevelAfter=1 LootInfo=-1 Name=LOC_CITIZEN_MAYA_MALE_8 Operation=58 PlotIndex=1818
mission CityName=LOC_CITY_NAME_QUEBEC_CITY CompletionTurn=64 EscapeResult=-1 InitialResult=3 LevelAfter=1 LootInfo=-1 Name=LOC_CITIZEN_MAYA_MODERN_FEMALE_3 Operation=58 PlotIndex=1404
mission CityName=LOC_CITY_NAME_TORONTO CompletionTurn=62 EscapeResult=-1 InitialResult=5 LevelAfter=2 LootInfo=-1 Name=LOC_CITIZEN_MAYA_MODERN_FEMALE_8 Operation=58 PlotIndex=1818
mission CityName=LOC_CITY_NAME_OTTAWA CompletionTurn=62 EscapeResult=-1 InitialResult=3 LevelAfter=1 LootInfo=-1 Name=LOC_CITIZEN_MAYA_MALE_5 Operation=58 PlotIndex=978
mission CityName=LOC_CITY_NAME_MONTREAL CompletionTurn=62 EscapeResult=-1 InitialResult=5 LevelAfter=2 LootInfo=-1 Name=LOC_CITIZEN_MAYA_MALE_3 Operation=58 PlotIndex=1314
mission CityName=LOC_CITY_NAME_OTTAWA CompletionTurn=58 EscapeResult=-1 InitialResult=5 LevelAfter=2 LootInfo=-1 Name=LOC_CITIZEN_MAYA_MODERN_FEMALE_9 Operation=58 PlotIndex=978
mission CityName=LOC_CITY_NAME_MONTREAL CompletionTurn=58 EscapeResult=-1 InitialResult=1 LevelAfter=1 LootInfo=-1 Name=LOC_CITIZEN_MAYA_FEMALE_5 Operation=58 PlotIndex=1314
tally 4  FOMENT_UNREST CAPTURED / NO_RESULT
tally 1  FOMENT_UNREST FAIL_MUST_ESCAPE / CAPTURED
tally 1  FOMENT_UNREST FAIL_MUST_ESCAPE / KILLED
tally 1  FOMENT_UNREST FAIL_MUST_ESCAPE / NO_RESULT
tally 3  FOMENT_UNREST FAIL_UNDETECTED / NO_RESULT
tally 1  FOMENT_UNREST KILLED / NO_RESULT
tally 2  FOMENT_UNREST SUCCESS_MUST_ESCAPE / FAIL_MUST_ESCAPE
tally 2  FOMENT_UNREST SUCCESS_MUST_ESCAPE / KILLED
tally 2  FOMENT_UNREST SUCCESS_MUST_ESCAPE / NO_RESULT
tally 3  FOMENT_UNREST SUCCESS_UNDETECTED / NO_RESULT
turn 76 spies active 6 idle 3 missions 20 captured-enemy 0
spy 3211272 LOC_CITIZEN_MAYA_MODERN_FEMALE_7 level 1 at 65:16 busy
spy 1638411 LOC_CITIZEN_MAYA_MALE_5 level 1 at 54:11 busy
spy 1900557 LOC_CITIZEN_MAYA_MODERN_FEMALE_8 level 1 at 54:21 busy
spy 3670030 LOC_CITIZEN_MAYA_MODERN_MALE_5 level 1 at 36:42 travel
spy 3801104 LOC_CITIZEN_MAYA_MODERN_MALE_9 level 1 at 36:42 travel
spy 3604498 LOC_CITIZEN_MAYA_MODERN_MALE_6 level 1 at 69:11 busy
spy 3538963 LOC_CITIZEN_MAYA_MALE_7 level 1 at 54:15 busy
spy 3735572 LOC_CITIZEN_MAYA_MALE_6 level 1 at 60:16 start
spy 3080214 LOC_CITIZEN_MAYA_MODERN_MALE_2 level 1 at 77:14 busy
turn 76 spies 9 started 1 travelled 2 promoted 0 bought 0 gold 50000
unblock: blocker ENDTURN_BLOCKING_CIVIC -> civic CIVIC_POLITICAL_PHILOSOPHY | end turn requested
unblock: blocker ENDTURN_BLOCKING_RESEARCH -> research TECH_CURRENCY | end turn requested
unstuck: closed sessions [3:3]
unstuck: DiplomacyActionView: Closing Diplomacy Action View. m_eventID: 217418
mission CityName=LOC_CITY_NAME_SAINT_JOHN CompletionTurn=77 EscapeResult=-1 InitialResult=1 LevelAfter=1 LootInfo=-1 Name=LOC_CITIZEN_MAYA_MODERN_FEMALE_7 Operation=58 PlotIndex=1409
mission CityName=LOC_CITY_NAME_STOCKHOLM CompletionTurn=75 EscapeResult=-1 InitialResult=4 LevelAfter=2 LootInfo=-1 Name=LOC_CITIZEN_MAYA_MODERN_MALE_2 Operation=58 PlotIndex=1253
mission CityName=LOC_CITY_NAME_TORONTO CompletionTurn=75 EscapeResult=-1 InitialResult=2 LevelAfter=2 LootInfo=-1 Name=LOC_CITIZEN_MAYA_MODERN_FEMALE_8 Operation=58 PlotIndex=1818
mission CityName=LOC_CITY_NAME_OTTAWA CompletionTurn=75 EscapeResult=-1 InitialResult=4 LevelAfter=2 LootInfo=-1 Name=LOC_CITIZEN_MAYA_MALE_5 Operation=58 PlotIndex=978
mission CityName=LOC_CITY_NAME_SAINT_JOHN CompletionTurn=73 EscapeResult=-1 InitialResult=1 LevelAfter=1 LootInfo=-1 Name=LOC_CITIZEN_MAYA_FEMALE_8 Operation=58 PlotIndex=1409
mission CityName=LOC_CITY_NAME_QUEBEC_CITY CompletionTurn=73 EscapeResult=-1 InitialResult=0 LevelAfter=1 LootInfo=-1 Name=LOC_CITIZEN_MAYA_FEMALE_9 Operation=58 PlotIndex=1404
mission CityName=LOC_CITY_NAME_STOCKHOLM CompletionTurn=70 EscapeResult=-1 InitialResult=1 LevelAfter=1 LootInfo=-1 Name=LOC_CITIZEN_MAYA_MALE_1 Operation=58 PlotIndex=1253
mission CityName=LOC_CITY_NAME_GOTEBORG CompletionTurn=70 EscapeResult=0 InitialResult=4 LevelAfter=2 LootInfo=-1 Name=LOC_CITIZEN_MAYA_MODERN_FEMALE_1 Operation=58 PlotIndex=1081
mission CityName=LOC_CITY_NAME_OTTAWA CompletionTurn=70 EscapeResult=1 InitialResult=2 LevelAfter=2 LootInfo=-1 Name=LOC_CITIZEN_MAYA_MODERN_FEMALE_9 Operation=58 PlotIndex=978
mission CityName=LOC_CITY_NAME_QUEBEC_CITY CompletionTurn=68 EscapeResult=-1 InitialResult=1 LevelAfter=1 LootInfo=-1 Name=LOC_CITIZEN_MAYA_MODERN_FEMALE_3 Operation=58 PlotIndex=1404
mission CityName=LOC_CITY_NAME_NGARUAWAHIA CompletionTurn=67 EscapeResult=2 InitialResult=4 LevelAfter=2 LootInfo=-1 Name=LOC_CITIZEN_MAYA_MODERN_MALE_9 Operation=58 PlotIndex=1833
mission CityName=LOC_CITY_NAME_TE_HOKIANGA_NU_A_KUPE CompletionTurn=66 EscapeResult=2 InitialResult=4 LevelAfter=2 LootInfo=-1 Name=LOC_CITIZEN_MAYA_FEMALE_4 Operation=58 PlotIndex=772
mission CityName=LOC_CITY_NAME_MONTREAL CompletionTurn=66 EscapeResult=0 InitialResult=4 LevelAfter=2 LootInfo=-1 Name=LOC_CITIZEN_MAYA_MALE_3 Operation=58 PlotIndex=1314
mission CityName=LOC_CITY_NAME_OTTAWA CompletionTurn=66 EscapeResult=-1 InitialResult=3 LevelAfter=2 LootInfo=-1 Name=LOC_CITIZEN_MAYA_MODERN_FEMALE_9 Operation=58 PlotIndex=978
mission CityName=LOC_CITY_NAME_TORONTO CompletionTurn=66 EscapeResult=0 InitialResult=2 LevelAfter=1 LootInfo=-1 Name=LOC_CITIZEN_MAYA_MALE_8 Operation=58 PlotIndex=1818
mission CityName=LOC_CITY_NAME_QUEBEC_CITY CompletionTurn=64 EscapeResult=-1 InitialResult=3 LevelAfter=1 LootInfo=-1 Name=LOC_CITIZEN_MAYA_MODERN_FEMALE_3 Operation=58 PlotIndex=1404
mission CityName=LOC_CITY_NAME_TORONTO CompletionTurn=62 EscapeResult=-1 InitialResult=5 LevelAfter=2 LootInfo=-1 Name=LOC_CITIZEN_MAYA_MODERN_FEMALE_8 Operation=58 PlotIndex=1818
mission CityName=LOC_CITY_NAME_OTTAWA CompletionTurn=62 EscapeResult=-1 InitialResult=3 LevelAfter=1 LootInfo=-1 Name=LOC_CITIZEN_MAYA_MALE_5 Operation=58 PlotIndex=978
mission CityName=LOC_CITY_NAME_MONTREAL CompletionTurn=62 EscapeResult=-1 InitialResult=5 LevelAfter=2 LootInfo=-1 Name=LOC_CITIZEN_MAYA_MALE_3 Operation=58 PlotIndex=1314
mission CityName=LOC_CITY_NAME_OTTAWA CompletionTurn=58 EscapeResult=-1 InitialResult=5 LevelAfter=2 LootInfo=-1 Name=LOC_CITIZEN_MAYA_MODERN_FEMALE_9 Operation=58 PlotIndex=978
mission CityName=LOC_CITY_NAME_MONTREAL CompletionTurn=58 EscapeResult=-1 InitialResult=1 LevelAfter=1 LootInfo=-1 Name=LOC_CITIZEN_MAYA_FEMALE_5 Operation=58 PlotIndex=1314
tally 5  FOMENT_UNREST CAPTURED / NO_RESULT
tally 1  FOMENT_UNREST FAIL_MUST_ESCAPE / CAPTURED
tally 1  FOMENT_UNREST FAIL_MUST_ESCAPE / KILLED
tally 1  FOMENT_UNREST FAIL_MUST_ESCAPE / NO_RESULT
tally 3  FOMENT_UNREST FAIL_UNDETECTED / NO_RESULT
tally 1  FOMENT_UNREST KILLED / NO_RESULT
tally 2  FOMENT_UNREST SUCCESS_MUST_ESCAPE / FAIL_MUST_ESCAPE
tally 2  FOMENT_UNREST SUCCESS_MUST_ESCAPE / KILLED
tally 2  FOMENT_UNREST SUCCESS_MUST_ESCAPE / NO_RESULT
tally 3  FOMENT_UNREST SUCCESS_UNDETECTED / NO_RESULT
turn 77 spies active 6 idle 2 missions 21 captured-enemy 0
spy 1638411 LOC_CITIZEN_MAYA_MALE_5 level 1 at 54:11 busy
spy 1900557 LOC_CITIZEN_MAYA_MODERN_FEMALE_8 level 1 at 54:21 busy
spy 4063246 LOC_CITIZEN_MAYA_MALE_2 level 1 at 54:15 refused
spy 3997712 LOC_CITIZEN_MAYA_FEMALE_4 level 2 at 36:42 travel
spy 3604498 LOC_CITIZEN_MAYA_MODERN_MALE_6 level 1 at 69:11 busy
spy 3538963 LOC_CITIZEN_MAYA_MALE_7 level 1 at 54:15 busy
spy 3735572 LOC_CITIZEN_MAYA_MALE_6 level 1 at 60:16 busy
spy 3080214 LOC_CITIZEN_MAYA_MODERN_MALE_2 level 1 at 77:14 busy
turn 77 spies 8 started 0 travelled 1 promoted 0 bought 0 gold 50000
unblock: blocker ENDTURN_BLOCKING_RESEARCH -> research TECH_CURRENCY | end turn requested
unstuck: TechCivicCompletedPopup: closed
mission CityName=LOC_CITY_NAME_SAINT_JOHN CompletionTurn=77 EscapeResult=-1 InitialResult=1 LevelAfter=1 LootInfo=-1 Name=LOC_CITIZEN_MAYA_MODERN_FEMALE_7 Operation=58 PlotIndex=1409
mission CityName=LOC_CITY_NAME_STOCKHOLM CompletionTurn=75 EscapeResult=-1 InitialResult=4 LevelAfter=2 LootInfo=-1 Name=LOC_CITIZEN_MAYA_MODERN_MALE_2 Operation=58 PlotIndex=1253
mission CityName=LOC_CITY_NAME_TORONTO CompletionTurn=75 EscapeResult=-1 InitialResult=2 LevelAfter=2 LootInfo=-1 Name=LOC_CITIZEN_MAYA_MODERN_FEMALE_8 Operation=58 PlotIndex=1818
mission CityName=LOC_CITY_NAME_OTTAWA CompletionTurn=75 EscapeResult=-1 InitialResult=4 LevelAfter=2 LootInfo=-1 Name=LOC_CITIZEN_MAYA_MALE_5 Operation=58 PlotIndex=978
mission CityName=LOC_CITY_NAME_SAINT_JOHN CompletionTurn=73 EscapeResult=-1 InitialResult=1 LevelAfter=1 LootInfo=-1 Name=LOC_CITIZEN_MAYA_FEMALE_8 Operation=58 PlotIndex=1409
mission CityName=LOC_CITY_NAME_QUEBEC_CITY CompletionTurn=73 EscapeResult=-1 InitialResult=0 LevelAfter=1 LootInfo=-1 Name=LOC_CITIZEN_MAYA_FEMALE_9 Operation=58 PlotIndex=1404
mission CityName=LOC_CITY_NAME_STOCKHOLM CompletionTurn=70 EscapeResult=-1 InitialResult=1 LevelAfter=1 LootInfo=-1 Name=LOC_CITIZEN_MAYA_MALE_1 Operation=58 PlotIndex=1253
mission CityName=LOC_CITY_NAME_GOTEBORG CompletionTurn=70 EscapeResult=0 InitialResult=4 LevelAfter=2 LootInfo=-1 Name=LOC_CITIZEN_MAYA_MODERN_FEMALE_1 Operation=58 PlotIndex=1081
mission CityName=LOC_CITY_NAME_OTTAWA CompletionTurn=70 EscapeResult=1 InitialResult=2 LevelAfter=2 LootInfo=-1 Name=LOC_CITIZEN_MAYA_MODERN_FEMALE_9 Operation=58 PlotIndex=978
mission CityName=LOC_CITY_NAME_QUEBEC_CITY CompletionTurn=68 EscapeResult=-1 InitialResult=1 LevelAfter=1 LootInfo=-1 Name=LOC_CITIZEN_MAYA_MODERN_FEMALE_3 Operation=58 PlotIndex=1404
mission CityName=LOC_CITY_NAME_NGARUAWAHIA CompletionTurn=67 EscapeResult=2 InitialResult=4 LevelAfter=2 LootInfo=-1 Name=LOC_CITIZEN_MAYA_MODERN_MALE_9 Operation=58 PlotIndex=1833
mission CityName=LOC_CITY_NAME_TE_HOKIANGA_NU_A_KUPE CompletionTurn=66 EscapeResult=2 InitialResult=4 LevelAfter=2 LootInfo=-1 Name=LOC_CITIZEN_MAYA_FEMALE_4 Operation=58 PlotIndex=772
mission CityName=LOC_CITY_NAME_MONTREAL CompletionTurn=66 EscapeResult=0 InitialResult=4 LevelAfter=2 LootInfo=-1 Name=LOC_CITIZEN_MAYA_MALE_3 Operation=58 PlotIndex=1314
mission CityName=LOC_CITY_NAME_OTTAWA CompletionTurn=66 EscapeResult=-1 InitialResult=3 LevelAfter=2 LootInfo=-1 Name=LOC_CITIZEN_MAYA_MODERN_FEMALE_9 Operation=58 PlotIndex=978
mission CityName=LOC_CITY_NAME_TORONTO CompletionTurn=66 EscapeResult=0 InitialResult=2 LevelAfter=1 LootInfo=-1 Name=LOC_CITIZEN_MAYA_MALE_8 Operation=58 PlotIndex=1818
mission CityName=LOC_CITY_NAME_QUEBEC_CITY CompletionTurn=64 EscapeResult=-1 InitialResult=3 LevelAfter=1 LootInfo=-1 Name=LOC_CITIZEN_MAYA_MODERN_FEMALE_3 Operation=58 PlotIndex=1404
mission CityName=LOC_CITY_NAME_TORONTO CompletionTurn=62 EscapeResult=-1 InitialResult=5 LevelAfter=2 LootInfo=-1 Name=LOC_CITIZEN_MAYA_MODERN_FEMALE_8 Operation=58 PlotIndex=1818
mission CityName=LOC_CITY_NAME_OTTAWA CompletionTurn=62 EscapeResult=-1 InitialResult=3 LevelAfter=1 LootInfo=-1 Name=LOC_CITIZEN_MAYA_MALE_5 Operation=58 PlotIndex=978
mission CityName=LOC_CITY_NAME_MONTREAL CompletionTurn=62 EscapeResult=-1 InitialResult=5 LevelAfter=2 LootInfo=-1 Name=LOC_CITIZEN_MAYA_MALE_3 Operation=58 PlotIndex=1314
mission CityName=LOC_CITY_NAME_OTTAWA CompletionTurn=58 EscapeResult=-1 InitialResult=5 LevelAfter=2 LootInfo=-1 Name=LOC_CITIZEN_MAYA_MODERN_FEMALE_9 Operation=58 PlotIndex=978
mission CityName=LOC_CITY_NAME_MONTREAL CompletionTurn=58 EscapeResult=-1 InitialResult=1 LevelAfter=1 LootInfo=-1 Name=LOC_CITIZEN_MAYA_FEMALE_5 Operation=58 PlotIndex=1314
tally 5  FOMENT_UNREST CAPTURED / NO_RESULT
tally 1  FOMENT_UNREST FAIL_MUST_ESCAPE / CAPTURED
tally 1  FOMENT_UNREST FAIL_MUST_ESCAPE / KILLED
tally 1  FOMENT_UNREST FAIL_MUST_ESCAPE / NO_RESULT
tally 3  FOMENT_UNREST FAIL_UNDETECTED / NO_RESULT
tally 1  FOMENT_UNREST KILLED / NO_RESULT
tally 2  FOMENT_UNREST SUCCESS_MUST_ESCAPE / FAIL_MUST_ESCAPE
tally 2  FOMENT_UNREST SUCCESS_MUST_ESCAPE / KILLED
tally 2  FOMENT_UNREST SUCCESS_MUST_ESCAPE / NO_RESULT
tally 3  FOMENT_UNREST SUCCESS_UNDETECTED / NO_RESULT
turn 77 spies active 6 idle 1 missions 21 captured-enemy 0
spy 1638411 LOC_CITIZEN_MAYA_MALE_5 level 1 at 54:11 busy
spy 1900557 LOC_CITIZEN_MAYA_MODERN_FEMALE_8 level 1 at 54:21 busy
spy 4063246 LOC_CITIZEN_MAYA_MALE_2 level 1 at 54:15 refused
spy 3604498 LOC_CITIZEN_MAYA_MODERN_MALE_6 level 1 at 69:11 busy
spy 3538963 LOC_CITIZEN_MAYA_MALE_7 level 1 at 54:15 busy
spy 3735572 LOC_CITIZEN_MAYA_MALE_6 level 1 at 60:16 busy
spy 3080214 LOC_CITIZEN_MAYA_MODERN_MALE_2 level 1 at 77:14 busy
turn 77 spies 7 started 0 travelled 0 promoted 0 bought 0 gold 50000
unblock: blocker ENDTURN_BLOCKING_SPY_CHOOSE_ESCAPE_ROUTE -> escape route DISTRICT_CITY_CENTER of 2 for spy 1638411 LOC_CITIZEN_MAYA_MALE_5 level 1 turn 77 | end turn requested
unstuck: NaturalDisasterPopup: closed
unblock: blocker ENDTURN_BLOCKING_SPY_CHOOSE_ESCAPE_ROUTE -> escape route DISTRICT_CITY_CENTER of 2 for spy 1638411 LOC_CITIZEN_MAYA_MALE_5 level 1 turn 78 | end turn requested
unstuck: closed sessions [1:1]
unstuck: DiplomacyActionView: Closing Diplomacy Action View. m_eventID: 233552
unblock: blocker ENDTURN_BLOCKING_SPY_CHOOSE_ESCAPE_ROUTE -> escape route DISTRICT_CITY_CENTER of 2 for spy 1638411 LOC_CITIZEN_MAYA_MALE_5 level 1 turn 78 | end turn requested
unstuck: closed sessions [2:2]
unstuck: DiplomacyActionView: Closing Diplomacy Action View. m_eventID: 234048
mission CityName=LOC_CITY_NAME_SAINT_JOHN CompletionTurn=77 EscapeResult=-1 InitialResult=1 LevelAfter=1 LootInfo=-1 Name=LOC_CITIZEN_MAYA_MODERN_FEMALE_7 Operation=58 PlotIndex=1409
mission CityName=LOC_CITY_NAME_STOCKHOLM CompletionTurn=75 EscapeResult=-1 InitialResult=4 LevelAfter=2 LootInfo=-1 Name=LOC_CITIZEN_MAYA_MODERN_MALE_2 Operation=58 PlotIndex=1253
mission CityName=LOC_CITY_NAME_TORONTO CompletionTurn=75 EscapeResult=-1 InitialResult=2 LevelAfter=2 LootInfo=-1 Name=LOC_CITIZEN_MAYA_MODERN_FEMALE_8 Operation=58 PlotIndex=1818
mission CityName=LOC_CITY_NAME_OTTAWA CompletionTurn=75 EscapeResult=-1 InitialResult=4 LevelAfter=2 LootInfo=-1 Name=LOC_CITIZEN_MAYA_MALE_5 Operation=58 PlotIndex=978
mission CityName=LOC_CITY_NAME_SAINT_JOHN CompletionTurn=73 EscapeResult=-1 InitialResult=1 LevelAfter=1 LootInfo=-1 Name=LOC_CITIZEN_MAYA_FEMALE_8 Operation=58 PlotIndex=1409
mission CityName=LOC_CITY_NAME_QUEBEC_CITY CompletionTurn=73 EscapeResult=-1 InitialResult=0 LevelAfter=1 LootInfo=-1 Name=LOC_CITIZEN_MAYA_FEMALE_9 Operation=58 PlotIndex=1404
mission CityName=LOC_CITY_NAME_STOCKHOLM CompletionTurn=70 EscapeResult=-1 InitialResult=1 LevelAfter=1 LootInfo=-1 Name=LOC_CITIZEN_MAYA_MALE_1 Operation=58 PlotIndex=1253
mission CityName=LOC_CITY_NAME_GOTEBORG CompletionTurn=70 EscapeResult=0 InitialResult=4 LevelAfter=2 LootInfo=-1 Name=LOC_CITIZEN_MAYA_MODERN_FEMALE_1 Operation=58 PlotIndex=1081
mission CityName=LOC_CITY_NAME_OTTAWA CompletionTurn=70 EscapeResult=1 InitialResult=2 LevelAfter=2 LootInfo=-1 Name=LOC_CITIZEN_MAYA_MODERN_FEMALE_9 Operation=58 PlotIndex=978
mission CityName=LOC_CITY_NAME_QUEBEC_CITY CompletionTurn=68 EscapeResult=-1 InitialResult=1 LevelAfter=1 LootInfo=-1 Name=LOC_CITIZEN_MAYA_MODERN_FEMALE_3 Operation=58 PlotIndex=1404
mission CityName=LOC_CITY_NAME_NGARUAWAHIA CompletionTurn=67 EscapeResult=2 InitialResult=4 LevelAfter=2 LootInfo=-1 Name=LOC_CITIZEN_MAYA_MODERN_MALE_9 Operation=58 PlotIndex=1833
mission CityName=LOC_CITY_NAME_TE_HOKIANGA_NU_A_KUPE CompletionTurn=66 EscapeResult=2 InitialResult=4 LevelAfter=2 LootInfo=-1 Name=LOC_CITIZEN_MAYA_FEMALE_4 Operation=58 PlotIndex=772
mission CityName=LOC_CITY_NAME_MONTREAL CompletionTurn=66 EscapeResult=0 InitialResult=4 LevelAfter=2 LootInfo=-1 Name=LOC_CITIZEN_MAYA_MALE_3 Operation=58 PlotIndex=1314
mission CityName=LOC_CITY_NAME_OTTAWA CompletionTurn=66 EscapeResult=-1 InitialResult=3 LevelAfter=2 LootInfo=-1 Name=LOC_CITIZEN_MAYA_MODERN_FEMALE_9 Operation=58 PlotIndex=978
mission CityName=LOC_CITY_NAME_TORONTO CompletionTurn=66 EscapeResult=0 InitialResult=2 LevelAfter=1 LootInfo=-1 Name=LOC_CITIZEN_MAYA_MALE_8 Operation=58 PlotIndex=1818
mission CityName=LOC_CITY_NAME_QUEBEC_CITY CompletionTurn=64 EscapeResult=-1 InitialResult=3 LevelAfter=1 LootInfo=-1 Name=LOC_CITIZEN_MAYA_MODERN_FEMALE_3 Operation=58 PlotIndex=1404
mission CityName=LOC_CITY_NAME_TORONTO CompletionTurn=62 EscapeResult=-1 InitialResult=5 LevelAfter=2 LootInfo=-1 Name=LOC_CITIZEN_MAYA_MODERN_FEMALE_8 Operation=58 PlotIndex=1818
mission CityName=LOC_CITY_NAME_OTTAWA CompletionTurn=62 EscapeResult=-1 InitialResult=3 LevelAfter=1 LootInfo=-1 Name=LOC_CITIZEN_MAYA_MALE_5 Operation=58 PlotIndex=978
mission CityName=LOC_CITY_NAME_MONTREAL CompletionTurn=62 EscapeResult=-1 InitialResult=5 LevelAfter=2 LootInfo=-1 Name=LOC_CITIZEN_MAYA_MALE_3 Operation=58 PlotIndex=1314
mission CityName=LOC_CITY_NAME_OTTAWA CompletionTurn=58 EscapeResult=-1 InitialResult=5 LevelAfter=2 LootInfo=-1 Name=LOC_CITIZEN_MAYA_MODERN_FEMALE_9 Operation=58 PlotIndex=978
mission CityName=LOC_CITY_NAME_MONTREAL CompletionTurn=58 EscapeResult=-1 InitialResult=1 LevelAfter=1 LootInfo=-1 Name=LOC_CITIZEN_MAYA_FEMALE_5 Operation=58 PlotIndex=1314
tally 5  FOMENT_UNREST CAPTURED / NO_RESULT
tally 1  FOMENT_UNREST FAIL_MUST_ESCAPE / CAPTURED
tally 1  FOMENT_UNREST FAIL_MUST_ESCAPE / KILLED
tally 1  FOMENT_UNREST FAIL_MUST_ESCAPE / NO_RESULT
tally 3  FOMENT_UNREST FAIL_UNDETECTED / NO_RESULT
tally 1  FOMENT_UNREST KILLED / NO_RESULT
tally 2  FOMENT_UNREST SUCCESS_MUST_ESCAPE / FAIL_MUST_ESCAPE
tally 2  FOMENT_UNREST SUCCESS_MUST_ESCAPE / KILLED
tally 2  FOMENT_UNREST SUCCESS_MUST_ESCAPE / NO_RESULT
tally 3  FOMENT_UNREST SUCCESS_UNDETECTED / NO_RESULT
turn 78 spies active 6 idle 3 missions 21 captured-enemy 0
spy 4194312 LOC_CITIZEN_MAYA_MODERN_MALE_9 level 1 at 69:21 start
spy 1638411 LOC_CITIZEN_MAYA_MALE_5 level 1 at 54:11 busy
spy 1900557 LOC_CITIZEN_MAYA_MODERN_FEMALE_8 level 1 at 54:21 busy
spy 4063246 LOC_CITIZEN_MAYA_MALE_2 level 1 at 54:15 refused
spy 4128784 LOC_CITIZEN_MAYA_MODERN_MALE_5 level 1 at 16:9 start
spy 3604498 LOC_CITIZEN_MAYA_MODERN_MALE_6 level 1 at 69:11 busy
spy 3538963 LOC_CITIZEN_MAYA_MALE_7 level 1 at 54:15 busy
spy 3735572 LOC_CITIZEN_MAYA_MALE_6 level 1 at 60:16 busy
spy 3080214 LOC_CITIZEN_MAYA_MODERN_MALE_2 level 1 at 77:14 busy
turn 78 spies 9 started 2 travelled 0 promoted 0 bought 0 gold 49978
unblock: blocker ENDTURN_BLOCKING_SPY_CHOOSE_ESCAPE_ROUTE -> escape route DISTRICT_CITY_CENTER of 2 for spy 1638411 LOC_CITIZEN_MAYA_MALE_5 level 1 turn 78 | end turn requested
unstuck: closed sessions [1:1]
unstuck: NaturalDisasterPopup: closed
unblock: blocker ENDTURN_BLOCKING_SPY_CHOOSE_ESCAPE_ROUTE -> escape route DISTRICT_CITY_CENTER of 2 for spy 1638411 LOC_CITIZEN_MAYA_MALE_5 level 1 turn 79 | end turn requested
unblock: blocker ENDTURN_BLOCKING_WORLD_CONGRESS_SESSION -> nothing | end turn requested
unstuck: WorldCongressIntro: closed
unstuck: WorldCongressPopup: closed
mission CityName=LOC_CITY_NAME_MONTREAL CompletionTurn=79 EscapeResult=-1 InitialResult=1 LevelAfter=1 LootInfo=-1 Name=LOC_CITIZEN_MAYA_MALE_7 Operation=58 PlotIndex=1314
mission CityName=LOC_CITY_NAME_UPPSALA CompletionTurn=79 EscapeResult=-1 InitialResult=4 LevelAfter=2 LootInfo=-1 Name=LOC_CITIZEN_MAYA_MODERN_MALE_6 Operation=58 PlotIndex=993
mission CityName=LOC_CITY_NAME_SAINT_JOHN CompletionTurn=77 EscapeResult=-1 InitialResult=1 LevelAfter=1 LootInfo=-1 Name=LOC_CITIZEN_MAYA_MODERN_FEMALE_7 Operation=58 PlotIndex=1409
mission CityName=LOC_CITY_NAME_STOCKHOLM CompletionTurn=75 EscapeResult=-1 InitialResult=4 LevelAfter=2 LootInfo=-1 Name=LOC_CITIZEN_MAYA_MODERN_MALE_2 Operation=58 PlotIndex=1253
mission CityName=LOC_CITY_NAME_TORONTO CompletionTurn=75 EscapeResult=-1 InitialResult=2 LevelAfter=2 LootInfo=-1 Name=LOC_CITIZEN_MAYA_MODERN_FEMALE_8 Operation=58 PlotIndex=1818
mission CityName=LOC_CITY_NAME_OTTAWA CompletionTurn=75 EscapeResult=2 InitialResult=4 LevelAfter=2 LootInfo=-1 Name=LOC_CITIZEN_MAYA_MALE_5 Operation=58 PlotIndex=978
mission CityName=LOC_CITY_NAME_SAINT_JOHN CompletionTurn=73 EscapeResult=-1 InitialResult=1 LevelAfter=1 LootInfo=-1 Name=LOC_CITIZEN_MAYA_FEMALE_8 Operation=58 PlotIndex=1409
mission CityName=LOC_CITY_NAME_QUEBEC_CITY CompletionTurn=73 EscapeResult=-1 InitialResult=0 LevelAfter=1 LootInfo=-1 Name=LOC_CITIZEN_MAYA_FEMALE_9 Operation=58 PlotIndex=1404
mission CityName=LOC_CITY_NAME_STOCKHOLM CompletionTurn=70 EscapeResult=-1 InitialResult=1 LevelAfter=1 LootInfo=-1 Name=LOC_CITIZEN_MAYA_MALE_1 Operation=58 PlotIndex=1253
mission CityName=LOC_CITY_NAME_GOTEBORG CompletionTurn=70 EscapeResult=0 InitialResult=4 LevelAfter=2 LootInfo=-1 Name=LOC_CITIZEN_MAYA_MODERN_FEMALE_1 Operation=58 PlotIndex=1081
mission CityName=LOC_CITY_NAME_OTTAWA CompletionTurn=70 EscapeResult=1 InitialResult=2 LevelAfter=2 LootInfo=-1 Name=LOC_CITIZEN_MAYA_MODERN_FEMALE_9 Operation=58 PlotIndex=978
mission CityName=LOC_CITY_NAME_QUEBEC_CITY CompletionTurn=68 EscapeResult=-1 InitialResult=1 LevelAfter=1 LootInfo=-1 Name=LOC_CITIZEN_MAYA_MODERN_FEMALE_3 Operation=58 PlotIndex=1404
mission CityName=LOC_CITY_NAME_NGARUAWAHIA CompletionTurn=67 EscapeResult=2 InitialResult=4 LevelAfter=2 LootInfo=-1 Name=LOC_CITIZEN_MAYA_MODERN_MALE_9 Operation=58 PlotIndex=1833
mission CityName=LOC_CITY_NAME_TE_HOKIANGA_NU_A_KUPE CompletionTurn=66 EscapeResult=2 InitialResult=4 LevelAfter=2 LootInfo=-1 Name=LOC_CITIZEN_MAYA_FEMALE_4 Operation=58 PlotIndex=772
mission CityName=LOC_CITY_NAME_MONTREAL CompletionTurn=66 EscapeResult=0 InitialResult=4 LevelAfter=2 LootInfo=-1 Name=LOC_CITIZEN_MAYA_MALE_3 Operation=58 PlotIndex=1314
mission CityName=LOC_CITY_NAME_OTTAWA CompletionTurn=66 EscapeResult=-1 InitialResult=3 LevelAfter=2 LootInfo=-1 Name=LOC_CITIZEN_MAYA_MODERN_FEMALE_9 Operation=58 PlotIndex=978
mission CityName=LOC_CITY_NAME_TORONTO CompletionTurn=66 EscapeResult=0 InitialResult=2 LevelAfter=1 LootInfo=-1 Name=LOC_CITIZEN_MAYA_MALE_8 Operation=58 PlotIndex=1818
mission CityName=LOC_CITY_NAME_QUEBEC_CITY CompletionTurn=64 EscapeResult=-1 InitialResult=3 LevelAfter=1 LootInfo=-1 Name=LOC_CITIZEN_MAYA_MODERN_FEMALE_3 Operation=58 PlotIndex=1404
mission CityName=LOC_CITY_NAME_TORONTO CompletionTurn=62 EscapeResult=-1 InitialResult=5 LevelAfter=2 LootInfo=-1 Name=LOC_CITIZEN_MAYA_MODERN_FEMALE_8 Operation=58 PlotIndex=1818
mission CityName=LOC_CITY_NAME_OTTAWA CompletionTurn=62 EscapeResult=-1 InitialResult=3 LevelAfter=1 LootInfo=-1 Name=LOC_CITIZEN_MAYA_MALE_5 Operation=58 PlotIndex=978
mission CityName=LOC_CITY_NAME_MONTREAL CompletionTurn=62 EscapeResult=-1 InitialResult=5 LevelAfter=2 LootInfo=-1 Name=LOC_CITIZEN_MAYA_MALE_3 Operation=58 PlotIndex=1314
mission CityName=LOC_CITY_NAME_OTTAWA CompletionTurn=58 EscapeResult=-1 InitialResult=5 LevelAfter=2 LootInfo=-1 Name=LOC_CITIZEN_MAYA_MODERN_FEMALE_9 Operation=58 PlotIndex=978
mission CityName=LOC_CITY_NAME_MONTREAL CompletionTurn=58 EscapeResult=-1 InitialResult=1 LevelAfter=1 LootInfo=-1 Name=LOC_CITIZEN_MAYA_FEMALE_5 Operation=58 PlotIndex=1314
tally 6  FOMENT_UNREST CAPTURED / NO_RESULT
tally 1  FOMENT_UNREST FAIL_MUST_ESCAPE / CAPTURED
tally 1  FOMENT_UNREST FAIL_MUST_ESCAPE / KILLED
tally 1  FOMENT_UNREST FAIL_MUST_ESCAPE / NO_RESULT
tally 3  FOMENT_UNREST FAIL_UNDETECTED / NO_RESULT
tally 1  FOMENT_UNREST KILLED / NO_RESULT
tally 3  FOMENT_UNREST SUCCESS_MUST_ESCAPE / FAIL_MUST_ESCAPE
tally 2  FOMENT_UNREST SUCCESS_MUST_ESCAPE / KILLED
tally 2  FOMENT_UNREST SUCCESS_MUST_ESCAPE / NO_RESULT
tally 3  FOMENT_UNREST SUCCESS_UNDETECTED / NO_RESULT
turn 79 spies active 4 idle 3 missions 23 captured-enemy 0
spy 4194312 LOC_CITIZEN_MAYA_MODERN_MALE_9 level 1 at 69:21 start
spy 1900557 LOC_CITIZEN_MAYA_MODERN_FEMALE_8 level 1 at 54:21 busy
spy 4063246 LOC_CITIZEN_MAYA_MALE_2 level 1 at 54:15 start
spy 4128784 LOC_CITIZEN_MAYA_MODERN_MALE_5 level 1 at 16:9 start
spy 3604498 LOC_CITIZEN_MAYA_MODERN_MALE_6 level 1 at 69:11 busy
spy 3735572 LOC_CITIZEN_MAYA_MALE_6 level 1 at 60:16 busy
spy 3080214 LOC_CITIZEN_MAYA_MODERN_MALE_2 level 1 at 77:14 busy
turn 79 spies 7 started 3 travelled 0 promoted 0 bought 0 gold 49970
unblock: blocker -138271579 -> nothing | end turn requested
unblock: blocker -138271579 -> nothing | end turn requested
unblock: blocker -138271579 -> nothing | end turn requested
unblock: blocker -138271579 -> nothing | end turn requested
unblock: blocker -138271579 -> nothing | end turn requested
unblock: blocker -138271579 -> nothing | end turn requested
unblock: blocker -138271579 -> nothing | end turn requested
unblock: blocker -138271579 -> nothing | end turn requested
unblock: blocker -138271579 -> nothing | end turn requested
unblock: blocker -138271579 -> nothing | end turn requested
unstuck: closed sessions [3:3]
unstuck: LeaderScene: open, no close
unblock: blocker -138271579 -> nothing | end turn requested
unstuck: DiplomacyActionView: closed
mission CityName=LOC_CITY_NAME_QUEBEC_CITY CompletionTurn=80 EscapeResult=-1 InitialResult=3 LevelAfter=1 LootInfo=-1 Name=LOC_CITIZEN_MAYA_MALE_6 Operation=58 PlotIndex=1404
mission CityName=LOC_CITY_NAME_MONTREAL CompletionTurn=79 EscapeResult=-1 InitialResult=1 LevelAfter=1 LootInfo=-1 Name=LOC_CITIZEN_MAYA_MALE_7 Operation=58 PlotIndex=1314
mission CityName=LOC_CITY_NAME_UPPSALA CompletionTurn=79 EscapeResult=-1 InitialResult=4 LevelAfter=2 LootInfo=-1 Name=LOC_CITIZEN_MAYA_MODERN_MALE_6 Operation=58 PlotIndex=993
mission CityName=LOC_CITY_NAME_SAINT_JOHN CompletionTurn=77 EscapeResult=-1 InitialResult=1 LevelAfter=1 LootInfo=-1 Name=LOC_CITIZEN_MAYA_MODERN_FEMALE_7 Operation=58 PlotIndex=1409
mission CityName=LOC_CITY_NAME_STOCKHOLM CompletionTurn=75 EscapeResult=-1 InitialResult=4 LevelAfter=2 LootInfo=-1 Name=LOC_CITIZEN_MAYA_MODERN_MALE_2 Operation=58 PlotIndex=1253
mission CityName=LOC_CITY_NAME_TORONTO CompletionTurn=75 EscapeResult=-1 InitialResult=2 LevelAfter=2 LootInfo=-1 Name=LOC_CITIZEN_MAYA_MODERN_FEMALE_8 Operation=58 PlotIndex=1818
mission CityName=LOC_CITY_NAME_OTTAWA CompletionTurn=75 EscapeResult=2 InitialResult=4 LevelAfter=2 LootInfo=-1 Name=LOC_CITIZEN_MAYA_MALE_5 Operation=58 PlotIndex=978
mission CityName=LOC_CITY_NAME_SAINT_JOHN CompletionTurn=73 EscapeResult=-1 InitialResult=1 LevelAfter=1 LootInfo=-1 Name=LOC_CITIZEN_MAYA_FEMALE_8 Operation=58 PlotIndex=1409
mission CityName=LOC_CITY_NAME_QUEBEC_CITY CompletionTurn=73 EscapeResult=-1 InitialResult=0 LevelAfter=1 LootInfo=-1 Name=LOC_CITIZEN_MAYA_FEMALE_9 Operation=58 PlotIndex=1404
mission CityName=LOC_CITY_NAME_STOCKHOLM CompletionTurn=70 EscapeResult=-1 InitialResult=1 LevelAfter=1 LootInfo=-1 Name=LOC_CITIZEN_MAYA_MALE_1 Operation=58 PlotIndex=1253
mission CityName=LOC_CITY_NAME_GOTEBORG CompletionTurn=70 EscapeResult=0 InitialResult=4 LevelAfter=2 LootInfo=-1 Name=LOC_CITIZEN_MAYA_MODERN_FEMALE_1 Operation=58 PlotIndex=1081
mission CityName=LOC_CITY_NAME_OTTAWA CompletionTurn=70 EscapeResult=1 InitialResult=2 LevelAfter=2 LootInfo=-1 Name=LOC_CITIZEN_MAYA_MODERN_FEMALE_9 Operation=58 PlotIndex=978
mission CityName=LOC_CITY_NAME_QUEBEC_CITY CompletionTurn=68 EscapeResult=-1 InitialResult=1 LevelAfter=1 LootInfo=-1 Name=LOC_CITIZEN_MAYA_MODERN_FEMALE_3 Operation=58 PlotIndex=1404
mission CityName=LOC_CITY_NAME_NGARUAWAHIA CompletionTurn=67 EscapeResult=2 InitialResult=4 LevelAfter=2 LootInfo=-1 Name=LOC_CITIZEN_MAYA_MODERN_MALE_9 Operation=58 PlotIndex=1833
mission CityName=LOC_CITY_NAME_TE_HOKIANGA_NU_A_KUPE CompletionTurn=66 EscapeResult=2 InitialResult=4 LevelAfter=2 LootInfo=-1 Name=LOC_CITIZEN_MAYA_FEMALE_4 Operation=58 PlotIndex=772
mission CityName=LOC_CITY_NAME_MONTREAL CompletionTurn=66 EscapeResult=0 InitialResult=4 LevelAfter=2 LootInfo=-1 Name=LOC_CITIZEN_MAYA_MALE_3 Operation=58 PlotIndex=1314
mission CityName=LOC_CITY_NAME_OTTAWA CompletionTurn=66 EscapeResult=-1 InitialResult=3 LevelAfter=2 LootInfo=-1 Name=LOC_CITIZEN_MAYA_MODERN_FEMALE_9 Operation=58 PlotIndex=978
mission CityName=LOC_CITY_NAME_TORONTO CompletionTurn=66 EscapeResult=0 InitialResult=2 LevelAfter=1 LootInfo=-1 Name=LOC_CITIZEN_MAYA_MALE_8 Operation=58 PlotIndex=1818
mission CityName=LOC_CITY_NAME_QUEBEC_CITY CompletionTurn=64 EscapeResult=-1 InitialResult=3 LevelAfter=1 LootInfo=-1 Name=LOC_CITIZEN_MAYA_MODERN_FEMALE_3 Operation=58 PlotIndex=1404
mission CityName=LOC_CITY_NAME_TORONTO CompletionTurn=62 EscapeResult=-1 InitialResult=5 LevelAfter=2 LootInfo=-1 Name=LOC_CITIZEN_MAYA_MODERN_FEMALE_8 Operation=58 PlotIndex=1818
mission CityName=LOC_CITY_NAME_OTTAWA CompletionTurn=62 EscapeResult=-1 InitialResult=3 LevelAfter=1 LootInfo=-1 Name=LOC_CITIZEN_MAYA_MALE_5 Operation=58 PlotIndex=978
mission CityName=LOC_CITY_NAME_MONTREAL CompletionTurn=62 EscapeResult=-1 InitialResult=5 LevelAfter=2 LootInfo=-1 Name=LOC_CITIZEN_MAYA_MALE_3 Operation=58 PlotIndex=1314
mission CityName=LOC_CITY_NAME_OTTAWA CompletionTurn=58 EscapeResult=-1 InitialResult=5 LevelAfter=2 LootInfo=-1 Name=LOC_CITIZEN_MAYA_MODERN_FEMALE_9 Operation=58 PlotIndex=978
mission CityName=LOC_CITY_NAME_MONTREAL CompletionTurn=58 EscapeResult=-1 InitialResult=1 LevelAfter=1 LootInfo=-1 Name=LOC_CITIZEN_MAYA_FEMALE_5 Operation=58 PlotIndex=1314
tally 6  FOMENT_UNREST CAPTURED / NO_RESULT
tally 1  FOMENT_UNREST FAIL_MUST_ESCAPE / CAPTURED
tally 1  FOMENT_UNREST FAIL_MUST_ESCAPE / KILLED
tally 1  FOMENT_UNREST FAIL_MUST_ESCAPE / NO_RESULT
tally 4  FOMENT_UNREST FAIL_UNDETECTED / NO_RESULT
tally 1  FOMENT_UNREST KILLED / NO_RESULT
tally 3  FOMENT_UNREST SUCCESS_MUST_ESCAPE / FAIL_MUST_ESCAPE
tally 2  FOMENT_UNREST SUCCESS_MUST_ESCAPE / KILLED
tally 2  FOMENT_UNREST SUCCESS_MUST_ESCAPE / NO_RESULT
tally 3  FOMENT_UNREST SUCCESS_UNDETECTED / NO_RESULT
turn 81 spies active 3 idle 5 missions 24 captured-enemy 0
spy 4194312 LOC_CITIZEN_MAYA_MODERN_MALE_9 level 1 at 69:21 start
spy 1900557 LOC_CITIZEN_MAYA_MODERN_FEMALE_8 level 1 at 54:21 busy
spy 4063246 LOC_CITIZEN_MAYA_MALE_2 level 1 at 54:15 start
spy 4128784 LOC_CITIZEN_MAYA_MODERN_MALE_5 level 1 at 16:9 start
spy 3604498 LOC_CITIZEN_MAYA_MODERN_MALE_6 level 1 at 69:11 busy
spy 4259859 LOC_CITIZEN_MAYA_FEMALE_4 level 2 at 65:16 start
spy 3735572 LOC_CITIZEN_MAYA_MALE_6 level 1 at 60:16 start
spy 3080214 LOC_CITIZEN_MAYA_MODERN_MALE_2 level 1 at 77:14 busy
turn 81 spies 8 started 5 travelled 0 promoted 0 bought 0 gold 50000
unblock: blocker ENDTURN_BLOCKING_SPY_CHOOSE_ESCAPE_ROUTE -> escape route DISTRICT_CITY_CENTER of 2 for spy 1900557 LOC_CITIZEN_MAYA_MODERN_FEMALE_8 level 1 turn 81 | end turn requested
unblock: blocker ENDTURN_BLOCKING_WORLD_CONGRESS_SESSION -> nothing | end turn requested
unstuck: WorldCongressIntro: closed
unstuck: WorldCongressPopup: closed
mission CityName=LOC_CITY_NAME_QUEBEC_CITY CompletionTurn=80 EscapeResult=-1 InitialResult=3 LevelAfter=1 LootInfo=-1 Name=LOC_CITIZEN_MAYA_MALE_6 Operation=58 PlotIndex=1404
mission CityName=LOC_CITY_NAME_MONTREAL CompletionTurn=79 EscapeResult=-1 InitialResult=1 LevelAfter=1 LootInfo=-1 Name=LOC_CITIZEN_MAYA_MALE_7 Operation=58 PlotIndex=1314
mission CityName=LOC_CITY_NAME_UPPSALA CompletionTurn=79 EscapeResult=-1 InitialResult=4 LevelAfter=2 LootInfo=-1 Name=LOC_CITIZEN_MAYA_MODERN_MALE_6 Operation=58 PlotIndex=993
mission CityName=LOC_CITY_NAME_SAINT_JOHN CompletionTurn=77 EscapeResult=-1 InitialResult=1 LevelAfter=1 LootInfo=-1 Name=LOC_CITIZEN_MAYA_MODERN_FEMALE_7 Operation=58 PlotIndex=1409
mission CityName=LOC_CITY_NAME_STOCKHOLM CompletionTurn=75 EscapeResult=-1 InitialResult=4 LevelAfter=2 LootInfo=-1 Name=LOC_CITIZEN_MAYA_MODERN_MALE_2 Operation=58 PlotIndex=1253
mission CityName=LOC_CITY_NAME_TORONTO CompletionTurn=75 EscapeResult=2 InitialResult=2 LevelAfter=2 LootInfo=-1 Name=LOC_CITIZEN_MAYA_MODERN_FEMALE_8 Operation=58 PlotIndex=1818
mission CityName=LOC_CITY_NAME_OTTAWA CompletionTurn=75 EscapeResult=2 InitialResult=4 LevelAfter=2 LootInfo=-1 Name=LOC_CITIZEN_MAYA_MALE_5 Operation=58 PlotIndex=978
mission CityName=LOC_CITY_NAME_SAINT_JOHN CompletionTurn=73 EscapeResult=-1 InitialResult=1 LevelAfter=1 LootInfo=-1 Name=LOC_CITIZEN_MAYA_FEMALE_8 Operation=58 PlotIndex=1409
mission CityName=LOC_CITY_NAME_QUEBEC_CITY CompletionTurn=73 EscapeResult=-1 InitialResult=0 LevelAfter=1 LootInfo=-1 Name=LOC_CITIZEN_MAYA_FEMALE_9 Operation=58 PlotIndex=1404
mission CityName=LOC_CITY_NAME_STOCKHOLM CompletionTurn=70 EscapeResult=-1 InitialResult=1 LevelAfter=1 LootInfo=-1 Name=LOC_CITIZEN_MAYA_MALE_1 Operation=58 PlotIndex=1253
mission CityName=LOC_CITY_NAME_GOTEBORG CompletionTurn=70 EscapeResult=0 InitialResult=4 LevelAfter=2 LootInfo=-1 Name=LOC_CITIZEN_MAYA_MODERN_FEMALE_1 Operation=58 PlotIndex=1081
mission CityName=LOC_CITY_NAME_OTTAWA CompletionTurn=70 EscapeResult=1 InitialResult=2 LevelAfter=2 LootInfo=-1 Name=LOC_CITIZEN_MAYA_MODERN_FEMALE_9 Operation=58 PlotIndex=978
mission CityName=LOC_CITY_NAME_QUEBEC_CITY CompletionTurn=68 EscapeResult=-1 InitialResult=1 LevelAfter=1 LootInfo=-1 Name=LOC_CITIZEN_MAYA_MODERN_FEMALE_3 Operation=58 PlotIndex=1404
mission CityName=LOC_CITY_NAME_NGARUAWAHIA CompletionTurn=67 EscapeResult=2 InitialResult=4 LevelAfter=2 LootInfo=-1 Name=LOC_CITIZEN_MAYA_MODERN_MALE_9 Operation=58 PlotIndex=1833
mission CityName=LOC_CITY_NAME_TE_HOKIANGA_NU_A_KUPE CompletionTurn=66 EscapeResult=2 InitialResult=4 LevelAfter=2 LootInfo=-1 Name=LOC_CITIZEN_MAYA_FEMALE_4 Operation=58 PlotIndex=772
mission CityName=LOC_CITY_NAME_MONTREAL CompletionTurn=66 EscapeResult=0 InitialResult=4 LevelAfter=2 LootInfo=-1 Name=LOC_CITIZEN_MAYA_MALE_3 Operation=58 PlotIndex=1314
mission CityName=LOC_CITY_NAME_OTTAWA CompletionTurn=66 EscapeResult=-1 InitialResult=3 LevelAfter=2 LootInfo=-1 Name=LOC_CITIZEN_MAYA_MODERN_FEMALE_9 Operation=58 PlotIndex=978
mission CityName=LOC_CITY_NAME_TORONTO CompletionTurn=66 EscapeResult=0 InitialResult=2 LevelAfter=1 LootInfo=-1 Name=LOC_CITIZEN_MAYA_MALE_8 Operation=58 PlotIndex=1818
mission CityName=LOC_CITY_NAME_QUEBEC_CITY CompletionTurn=64 EscapeResult=-1 InitialResult=3 LevelAfter=1 LootInfo=-1 Name=LOC_CITIZEN_MAYA_MODERN_FEMALE_3 Operation=58 PlotIndex=1404
mission CityName=LOC_CITY_NAME_TORONTO CompletionTurn=62 EscapeResult=-1 InitialResult=5 LevelAfter=2 LootInfo=-1 Name=LOC_CITIZEN_MAYA_MODERN_FEMALE_8 Operation=58 PlotIndex=1818
mission CityName=LOC_CITY_NAME_OTTAWA CompletionTurn=62 EscapeResult=-1 InitialResult=3 LevelAfter=1 LootInfo=-1 Name=LOC_CITIZEN_MAYA_MALE_5 Operation=58 PlotIndex=978
mission CityName=LOC_CITY_NAME_MONTREAL CompletionTurn=62 EscapeResult=-1 InitialResult=5 LevelAfter=2 LootInfo=-1 Name=LOC_CITIZEN_MAYA_MALE_3 Operation=58 PlotIndex=1314
mission CityName=LOC_CITY_NAME_OTTAWA CompletionTurn=58 EscapeResult=-1 InitialResult=5 LevelAfter=2 LootInfo=-1 Name=LOC_CITIZEN_MAYA_MODERN_FEMALE_9 Operation=58 PlotIndex=978
mission CityName=LOC_CITY_NAME_MONTREAL CompletionTurn=58 EscapeResult=-1 InitialResult=1 LevelAfter=1 LootInfo=-1 Name=LOC_CITIZEN_MAYA_FEMALE_5 Operation=58 PlotIndex=1314
tally 6  FOMENT_UNREST CAPTURED / NO_RESULT
tally 1  FOMENT_UNREST FAIL_MUST_ESCAPE / CAPTURED
tally 1  FOMENT_UNREST FAIL_MUST_ESCAPE / FAIL_MUST_ESCAPE
tally 1  FOMENT_UNREST FAIL_MUST_ESCAPE / KILLED
tally 4  FOMENT_UNREST FAIL_UNDETECTED / NO_RESULT
tally 1  FOMENT_UNREST KILLED / NO_RESULT
tally 3  FOMENT_UNREST SUCCESS_MUST_ESCAPE / FAIL_MUST_ESCAPE
tally 2  FOMENT_UNREST SUCCESS_MUST_ESCAPE / KILLED
tally 2  FOMENT_UNREST SUCCESS_MUST_ESCAPE / NO_RESULT
tally 3  FOMENT_UNREST SUCCESS_UNDETECTED / NO_RESULT
turn 82 spies active 7 idle 0 missions 24 captured-enemy 0
spy 4194312 LOC_CITIZEN_MAYA_MODERN_MALE_9 level 1 at 69:21 busy
spy 4063246 LOC_CITIZEN_MAYA_MALE_2 level 1 at 54:15 busy
spy 4128784 LOC_CITIZEN_MAYA_MODERN_MALE_5 level 1 at 16:9 busy
spy 3604498 LOC_CITIZEN_MAYA_MODERN_MALE_6 level 1 at 69:11 busy
spy 4259859 LOC_CITIZEN_MAYA_FEMALE_4 level 2 at 65:16 busy
spy 3735572 LOC_CITIZEN_MAYA_MALE_6 level 1 at 60:16 busy
spy 3080214 LOC_CITIZEN_MAYA_MODERN_MALE_2 level 1 at 77:14 busy
turn 82 spies 7 started 0 travelled 0 promoted 0 bought 0 gold 50000
unblock: blocker ENDTURN_BLOCKING_SPY_CHOOSE_ESCAPE_ROUTE -> escape route DISTRICT_CITY_CENTER of 1 for spy 3604498 LOC_CITIZEN_MAYA_MODERN_MALE_6 level 1 turn 82 | end turn requested
unblock: blocker ENDTURN_BLOCKING_SPY_CHOOSE_ESCAPE_ROUTE -> escape route DISTRICT_CITY_CENTER of 1 for spy 3080214 LOC_CITIZEN_MAYA_MODERN_MALE_2 level 1 turn 82 | end turn requested
unstuck: closed sessions [2:2]
unstuck: DiplomacyActionView: Closing Diplomacy Action View. m_eventID: 268045
mission CityName=LOC_CITY_NAME_QUEBEC_CITY CompletionTurn=80 EscapeResult=-1 InitialResult=3 LevelAfter=1 LootInfo=-1 Name=LOC_CITIZEN_MAYA_MALE_6 Operation=58 PlotIndex=1404
mission CityName=LOC_CITY_NAME_MONTREAL CompletionTurn=79 EscapeResult=-1 InitialResult=1 LevelAfter=1 LootInfo=-1 Name=LOC_CITIZEN_MAYA_MALE_7 Operation=58 PlotIndex=1314
mission CityName=LOC_CITY_NAME_UPPSALA CompletionTurn=79 EscapeResult=0 InitialResult=4 LevelAfter=2 LootInfo=-1 Name=LOC_CITIZEN_MAYA_MODERN_MALE_6 Operation=58 PlotIndex=993
mission CityName=LOC_CITY_NAME_SAINT_JOHN CompletionTurn=77 EscapeResult=-1 InitialResult=1 LevelAfter=1 LootInfo=-1 Name=LOC_CITIZEN_MAYA_MODERN_FEMALE_7 Operation=58 PlotIndex=1409
mission CityName=LOC_CITY_NAME_STOCKHOLM CompletionTurn=75 EscapeResult=-1 InitialResult=4 LevelAfter=2 LootInfo=-1 Name=LOC_CITIZEN_MAYA_MODERN_MALE_2 Operation=58 PlotIndex=1253
mission CityName=LOC_CITY_NAME_TORONTO CompletionTurn=75 EscapeResult=2 InitialResult=2 LevelAfter=2 LootInfo=-1 Name=LOC_CITIZEN_MAYA_MODERN_FEMALE_8 Operation=58 PlotIndex=1818
mission CityName=LOC_CITY_NAME_OTTAWA CompletionTurn=75 EscapeResult=2 InitialResult=4 LevelAfter=2 LootInfo=-1 Name=LOC_CITIZEN_MAYA_MALE_5 Operation=58 PlotIndex=978
mission CityName=LOC_CITY_NAME_SAINT_JOHN CompletionTurn=73 EscapeResult=-1 InitialResult=1 LevelAfter=1 LootInfo=-1 Name=LOC_CITIZEN_MAYA_FEMALE_8 Operation=58 PlotIndex=1409
mission CityName=LOC_CITY_NAME_QUEBEC_CITY CompletionTurn=73 EscapeResult=-1 InitialResult=0 LevelAfter=1 LootInfo=-1 Name=LOC_CITIZEN_MAYA_FEMALE_9 Operation=58 PlotIndex=1404
mission CityName=LOC_CITY_NAME_STOCKHOLM CompletionTurn=70 EscapeResult=-1 InitialResult=1 LevelAfter=1 LootInfo=-1 Name=LOC_CITIZEN_MAYA_MALE_1 Operation=58 PlotIndex=1253
mission CityName=LOC_CITY_NAME_GOTEBORG CompletionTurn=70 EscapeResult=0 InitialResult=4 LevelAfter=2 LootInfo=-1 Name=LOC_CITIZEN_MAYA_MODERN_FEMALE_1 Operation=58 PlotIndex=1081
mission CityName=LOC_CITY_NAME_OTTAWA CompletionTurn=70 EscapeResult=1 InitialResult=2 LevelAfter=2 LootInfo=-1 Name=LOC_CITIZEN_MAYA_MODERN_FEMALE_9 Operation=58 PlotIndex=978
mission CityName=LOC_CITY_NAME_QUEBEC_CITY CompletionTurn=68 EscapeResult=-1 InitialResult=1 LevelAfter=1 LootInfo=-1 Name=LOC_CITIZEN_MAYA_MODERN_FEMALE_3 Operation=58 PlotIndex=1404
mission CityName=LOC_CITY_NAME_NGARUAWAHIA CompletionTurn=67 EscapeResult=2 InitialResult=4 LevelAfter=2 LootInfo=-1 Name=LOC_CITIZEN_MAYA_MODERN_MALE_9 Operation=58 PlotIndex=1833
mission CityName=LOC_CITY_NAME_TE_HOKIANGA_NU_A_KUPE CompletionTurn=66 EscapeResult=2 InitialResult=4 LevelAfter=2 LootInfo=-1 Name=LOC_CITIZEN_MAYA_FEMALE_4 Operation=58 PlotIndex=772
mission CityName=LOC_CITY_NAME_MONTREAL CompletionTurn=66 EscapeResult=0 InitialResult=4 LevelAfter=2 LootInfo=-1 Name=LOC_CITIZEN_MAYA_MALE_3 Operation=58 PlotIndex=1314
mission CityName=LOC_CITY_NAME_OTTAWA CompletionTurn=66 EscapeResult=-1 InitialResult=3 LevelAfter=2 LootInfo=-1 Name=LOC_CITIZEN_MAYA_MODERN_FEMALE_9 Operation=58 PlotIndex=978
mission CityName=LOC_CITY_NAME_TORONTO CompletionTurn=66 EscapeResult=0 InitialResult=2 LevelAfter=1 LootInfo=-1 Name=LOC_CITIZEN_MAYA_MALE_8 Operation=58 PlotIndex=1818
mission CityName=LOC_CITY_NAME_QUEBEC_CITY CompletionTurn=64 EscapeResult=-1 InitialResult=3 LevelAfter=1 LootInfo=-1 Name=LOC_CITIZEN_MAYA_MODERN_FEMALE_3 Operation=58 PlotIndex=1404
mission CityName=LOC_CITY_NAME_TORONTO CompletionTurn=62 EscapeResult=-1 InitialResult=5 LevelAfter=2 LootInfo=-1 Name=LOC_CITIZEN_MAYA_MODERN_FEMALE_8 Operation=58 PlotIndex=1818
mission CityName=LOC_CITY_NAME_OTTAWA CompletionTurn=62 EscapeResult=-1 InitialResult=3 LevelAfter=1 LootInfo=-1 Name=LOC_CITIZEN_MAYA_MALE_5 Operation=58 PlotIndex=978
mission CityName=LOC_CITY_NAME_MONTREAL CompletionTurn=62 EscapeResult=-1 InitialResult=5 LevelAfter=2 LootInfo=-1 Name=LOC_CITIZEN_MAYA_MALE_3 Operation=58 PlotIndex=1314
mission CityName=LOC_CITY_NAME_OTTAWA CompletionTurn=58 EscapeResult=-1 InitialResult=5 LevelAfter=2 LootInfo=-1 Name=LOC_CITIZEN_MAYA_MODERN_FEMALE_9 Operation=58 PlotIndex=978
mission CityName=LOC_CITY_NAME_MONTREAL CompletionTurn=58 EscapeResult=-1 InitialResult=1 LevelAfter=1 LootInfo=-1 Name=LOC_CITIZEN_MAYA_FEMALE_5 Operation=58 PlotIndex=1314
tally 6  FOMENT_UNREST CAPTURED / NO_RESULT
tally 1  FOMENT_UNREST FAIL_MUST_ESCAPE / CAPTURED
tally 1  FOMENT_UNREST FAIL_MUST_ESCAPE / FAIL_MUST_ESCAPE
tally 1  FOMENT_UNREST FAIL_MUST_ESCAPE / KILLED
tally 4  FOMENT_UNREST FAIL_UNDETECTED / NO_RESULT
tally 1  FOMENT_UNREST KILLED / NO_RESULT
tally 3  FOMENT_UNREST SUCCESS_MUST_ESCAPE / FAIL_MUST_ESCAPE
tally 3  FOMENT_UNREST SUCCESS_MUST_ESCAPE / KILLED
tally 1  FOMENT_UNREST SUCCESS_MUST_ESCAPE / NO_RESULT
tally 3  FOMENT_UNREST SUCCESS_UNDETECTED / NO_RESULT
turn 83 spies active 6 idle 0 missions 24 captured-enemy 0
spy 4194312 LOC_CITIZEN_MAYA_MODERN_MALE_9 level 1 at 69:21 busy
spy 4063246 LOC_CITIZEN_MAYA_MALE_2 level 1 at 54:15 busy
spy 4128784 LOC_CITIZEN_MAYA_MODERN_MALE_5 level 1 at 16:9 busy
spy 4325394 LOC_CITIZEN_MAYA_MALE_5 level 1 at 36:42 travel
spy 4259859 LOC_CITIZEN_MAYA_FEMALE_4 level 2 at 65:16 busy
spy 3735572 LOC_CITIZEN_MAYA_MALE_6 level 1 at 60:16 busy
spy 3080214 LOC_CITIZEN_MAYA_MODERN_MALE_2 level 1 at 77:14 busy
turn 83 spies 7 started 0 travelled 1 promoted 0 bought 1 gold 50000
unblock: blocker ENDTURN_BLOCKING_SPY_CHOOSE_ESCAPE_ROUTE -> escape route DISTRICT_CITY_CENTER of 1 for spy 3080214 LOC_CITIZEN_MAYA_MODERN_MALE_2 level 1 turn 83 | end turn requested
unstuck: LeaderScene: open, no close
unblock: blocker ENDTURN_BLOCKING_PRODUCTION -> CHICHEN_ITZA builds UNIT_WARRIOR | end turn requested
unstuck: closed sessions [1:1]
unstuck: DiplomacyActionView: Closing Diplomacy Action View. m_eventID: 275812
mission CityName=LOC_CITY_NAME_QUEBEC_CITY CompletionTurn=80 EscapeResult=-1 InitialResult=3 LevelAfter=1 LootInfo=-1 Name=LOC_CITIZEN_MAYA_MALE_6 Operation=58 PlotIndex=1404
mission CityName=LOC_CITY_NAME_MONTREAL CompletionTurn=79 EscapeResult=-1 InitialResult=1 LevelAfter=1 LootInfo=-1 Name=LOC_CITIZEN_MAYA_MALE_7 Operation=58 PlotIndex=1314
mission CityName=LOC_CITY_NAME_UPPSALA CompletionTurn=79 EscapeResult=0 InitialResult=4 LevelAfter=2 LootInfo=-1 Name=LOC_CITIZEN_MAYA_MODERN_MALE_6 Operation=58 PlotIndex=993
mission CityName=LOC_CITY_NAME_SAINT_JOHN CompletionTurn=77 EscapeResult=-1 InitialResult=1 LevelAfter=1 LootInfo=-1 Name=LOC_CITIZEN_MAYA_MODERN_FEMALE_7 Operation=58 PlotIndex=1409
mission CityName=LOC_CITY_NAME_STOCKHOLM CompletionTurn=75 EscapeResult=1 InitialResult=4 LevelAfter=2 LootInfo=-1 Name=LOC_CITIZEN_MAYA_MODERN_MALE_2 Operation=58 PlotIndex=1253
mission CityName=LOC_CITY_NAME_TORONTO CompletionTurn=75 EscapeResult=2 InitialResult=2 LevelAfter=2 LootInfo=-1 Name=LOC_CITIZEN_MAYA_MODERN_FEMALE_8 Operation=58 PlotIndex=1818
mission CityName=LOC_CITY_NAME_OTTAWA CompletionTurn=75 EscapeResult=2 InitialResult=4 LevelAfter=2 LootInfo=-1 Name=LOC_CITIZEN_MAYA_MALE_5 Operation=58 PlotIndex=978
mission CityName=LOC_CITY_NAME_SAINT_JOHN CompletionTurn=73 EscapeResult=-1 InitialResult=1 LevelAfter=1 LootInfo=-1 Name=LOC_CITIZEN_MAYA_FEMALE_8 Operation=58 PlotIndex=1409
mission CityName=LOC_CITY_NAME_QUEBEC_CITY CompletionTurn=73 EscapeResult=-1 InitialResult=0 LevelAfter=1 LootInfo=-1 Name=LOC_CITIZEN_MAYA_FEMALE_9 Operation=58 PlotIndex=1404
mission CityName=LOC_CITY_NAME_STOCKHOLM CompletionTurn=70 EscapeResult=-1 InitialResult=1 LevelAfter=1 LootInfo=-1 Name=LOC_CITIZEN_MAYA_MALE_1 Operation=58 PlotIndex=1253
mission CityName=LOC_CITY_NAME_GOTEBORG CompletionTurn=70 EscapeResult=0 InitialResult=4 LevelAfter=2 LootInfo=-1 Name=LOC_CITIZEN_MAYA_MODERN_FEMALE_1 Operation=58 PlotIndex=1081
mission CityName=LOC_CITY_NAME_OTTAWA CompletionTurn=70 EscapeResult=1 InitialResult=2 LevelAfter=2 LootInfo=-1 Name=LOC_CITIZEN_MAYA_MODERN_FEMALE_9 Operation=58 PlotIndex=978
mission CityName=LOC_CITY_NAME_QUEBEC_CITY CompletionTurn=68 EscapeResult=-1 InitialResult=1 LevelAfter=1 LootInfo=-1 Name=LOC_CITIZEN_MAYA_MODERN_FEMALE_3 Operation=58 PlotIndex=1404
mission CityName=LOC_CITY_NAME_NGARUAWAHIA CompletionTurn=67 EscapeResult=2 InitialResult=4 LevelAfter=2 LootInfo=-1 Name=LOC_CITIZEN_MAYA_MODERN_MALE_9 Operation=58 PlotIndex=1833
mission CityName=LOC_CITY_NAME_TE_HOKIANGA_NU_A_KUPE CompletionTurn=66 EscapeResult=2 InitialResult=4 LevelAfter=2 LootInfo=-1 Name=LOC_CITIZEN_MAYA_FEMALE_4 Operation=58 PlotIndex=772
mission CityName=LOC_CITY_NAME_MONTREAL CompletionTurn=66 EscapeResult=0 InitialResult=4 LevelAfter=2 LootInfo=-1 Name=LOC_CITIZEN_MAYA_MALE_3 Operation=58 PlotIndex=1314
mission CityName=LOC_CITY_NAME_OTTAWA CompletionTurn=66 EscapeResult=-1 InitialResult=3 LevelAfter=2 LootInfo=-1 Name=LOC_CITIZEN_MAYA_MODERN_FEMALE_9 Operation=58 PlotIndex=978
mission CityName=LOC_CITY_NAME_TORONTO CompletionTurn=66 EscapeResult=0 InitialResult=2 LevelAfter=1 LootInfo=-1 Name=LOC_CITIZEN_MAYA_MALE_8 Operation=58 PlotIndex=1818
mission CityName=LOC_CITY_NAME_QUEBEC_CITY CompletionTurn=64 EscapeResult=-1 InitialResult=3 LevelAfter=1 LootInfo=-1 Name=LOC_CITIZEN_MAYA_MODERN_FEMALE_3 Operation=58 PlotIndex=1404
mission CityName=LOC_CITY_NAME_TORONTO CompletionTurn=62 EscapeResult=-1 InitialResult=5 LevelAfter=2 LootInfo=-1 Name=LOC_CITIZEN_MAYA_MODERN_FEMALE_8 Operation=58 PlotIndex=1818
mission CityName=LOC_CITY_NAME_OTTAWA CompletionTurn=62 EscapeResult=-1 InitialResult=3 LevelAfter=1 LootInfo=-1 Name=LOC_CITIZEN_MAYA_MALE_5 Operation=58 PlotIndex=978
mission CityName=LOC_CITY_NAME_MONTREAL CompletionTurn=62 EscapeResult=-1 InitialResult=5 LevelAfter=2 LootInfo=-1 Name=LOC_CITIZEN_MAYA_MALE_3 Operation=58 PlotIndex=1314
mission CityName=LOC_CITY_NAME_OTTAWA CompletionTurn=58 EscapeResult=-1 InitialResult=5 LevelAfter=2 LootInfo=-1 Name=LOC_CITIZEN_MAYA_MODERN_FEMALE_9 Operation=58 PlotIndex=978
mission CityName=LOC_CITY_NAME_MONTREAL CompletionTurn=58 EscapeResult=-1 InitialResult=1 LevelAfter=1 LootInfo=-1 Name=LOC_CITIZEN_MAYA_FEMALE_5 Operation=58 PlotIndex=1314
tally 6  FOMENT_UNREST CAPTURED / NO_RESULT
tally 1  FOMENT_UNREST FAIL_MUST_ESCAPE / CAPTURED
tally 1  FOMENT_UNREST FAIL_MUST_ESCAPE / FAIL_MUST_ESCAPE
tally 1  FOMENT_UNREST FAIL_MUST_ESCAPE / KILLED
tally 4  FOMENT_UNREST FAIL_UNDETECTED / NO_RESULT
tally 1  FOMENT_UNREST KILLED / NO_RESULT
tally 1  FOMENT_UNREST SUCCESS_MUST_ESCAPE / CAPTURED
tally 3  FOMENT_UNREST SUCCESS_MUST_ESCAPE / FAIL_MUST_ESCAPE
tally 3  FOMENT_UNREST SUCCESS_MUST_ESCAPE / KILLED
tally 3  FOMENT_UNREST SUCCESS_UNDETECTED / NO_RESULT
turn 84 spies active 5 idle 1 missions 24 captured-enemy 0
spy 4194312 LOC_CITIZEN_MAYA_MODERN_MALE_9 level 1 at 69:21 busy
spy 4390925 LOC_CITIZEN_MAYA_MODERN_MALE_1 level 1 at 37:38 travel
spy 4063246 LOC_CITIZEN_MAYA_MALE_2 level 1 at 54:15 busy
spy 4128784 LOC_CITIZEN_MAYA_MODERN_MALE_5 level 1 at 16:9 busy
spy 4259859 LOC_CITIZEN_MAYA_FEMALE_4 level 2 at 65:16 busy
spy 3735572 LOC_CITIZEN_MAYA_MALE_6 level 1 at 60:16 busy
turn 84 spies 6 started 0 travelled 1 promoted 0 bought 0 gold 50000
unblock: blocker ENDTURN_BLOCKING_PRODUCTION -> CHICHEN_ITZA builds UNIT_WARRIOR | end turn requested
unblock: blocker ENDTURN_BLOCKING_CIVIC -> civic CIVIC_DRAMA_POETRY | end turn requested
unstuck: closed sessions [3:3]
unstuck: DiplomacyActionView: Closing Diplomacy Action View. m_eventID: 285653
mission CityName=LOC_CITY_NAME_QUEBEC_CITY CompletionTurn=85 EscapeResult=-1 InitialResult=4 LevelAfter=2 LootInfo=-1 Name=LOC_CITIZEN_MAYA_MALE_6 Operation=58 PlotIndex=1404
mission CityName=LOC_CITY_NAME_SAINT_JOHN CompletionTurn=85 EscapeResult=-1 InitialResult=0 LevelAfter=2 LootInfo=-1 Name=LOC_CITIZEN_MAYA_FEMALE_4 Operation=58 PlotIndex=1409
mission CityName=LOC_CITY_NAME_TE_HOKIANGA_NU_A_KUPE CompletionTurn=85 EscapeResult=-1 InitialResult=4 LevelAfter=2 LootInfo=-1 Name=LOC_CITIZEN_MAYA_MODERN_MALE_5 Operation=58 PlotIndex=772
mission CityName=LOC_CITY_NAME_MONTREAL CompletionTurn=85 EscapeResult=-1 InitialResult=4 LevelAfter=2 LootInfo=-1 Name=LOC_CITIZEN_MAYA_MALE_2 Operation=58 PlotIndex=1314
mission CityName=LOC_CITY_NAME_NGARUAWAHIA CompletionTurn=85 EscapeResult=-1 InitialResult=1 LevelAfter=2 LootInfo=-1 Name=LOC_CITIZEN_MAYA_MODERN_MALE_9 Operation=58 PlotIndex=1833
mission CityName=LOC_CITY_NAME_QUEBEC_CITY CompletionTurn=80 EscapeResult=-1 InitialResult=3 LevelAfter=1 LootInfo=-1 Name=LOC_CITIZEN_MAYA_MALE_6 Operation=58 PlotIndex=1404
mission CityName=LOC_CITY_NAME_MONTREAL CompletionTurn=79 EscapeResult=-1 InitialResult=1 LevelAfter=1 LootInfo=-1 Name=LOC_CITIZEN_MAYA_MALE_7 Operation=58 PlotIndex=1314
mission CityName=LOC_CITY_NAME_UPPSALA CompletionTurn=79 EscapeResult=0 InitialResult=4 LevelAfter=2 LootInfo=-1 Name=LOC_CITIZEN_MAYA_MODERN_MALE_6 Operation=58 PlotIndex=993
mission CityName=LOC_CITY_NAME_SAINT_JOHN CompletionTurn=77 EscapeResult=-1 InitialResult=1 LevelAfter=1 LootInfo=-1 Name=LOC_CITIZEN_MAYA_MODERN_FEMALE_7 Operation=58 PlotIndex=1409
mission CityName=LOC_CITY_NAME_STOCKHOLM CompletionTurn=75 EscapeResult=1 InitialResult=4 LevelAfter=2 LootInfo=-1 Name=LOC_CITIZEN_MAYA_MODERN_MALE_2 Operation=58 PlotIndex=1253
mission CityName=LOC_CITY_NAME_TORONTO CompletionTurn=75 EscapeResult=2 InitialResult=2 LevelAfter=2 LootInfo=-1 Name=LOC_CITIZEN_MAYA_MODERN_FEMALE_8 Operation=58 PlotIndex=1818
mission CityName=LOC_CITY_NAME_OTTAWA CompletionTurn=75 EscapeResult=2 InitialResult=4 LevelAfter=2 LootInfo=-1 Name=LOC_CITIZEN_MAYA_MALE_5 Operation=58 PlotIndex=978
mission CityName=LOC_CITY_NAME_SAINT_JOHN CompletionTurn=73 EscapeResult=-1 InitialResult=1 LevelAfter=1 LootInfo=-1 Name=LOC_CITIZEN_MAYA_FEMALE_8 Operation=58 PlotIndex=1409
mission CityName=LOC_CITY_NAME_QUEBEC_CITY CompletionTurn=73 EscapeResult=-1 InitialResult=0 LevelAfter=1 LootInfo=-1 Name=LOC_CITIZEN_MAYA_FEMALE_9 Operation=58 PlotIndex=1404
mission CityName=LOC_CITY_NAME_STOCKHOLM CompletionTurn=70 EscapeResult=-1 InitialResult=1 LevelAfter=1 LootInfo=-1 Name=LOC_CITIZEN_MAYA_MALE_1 Operation=58 PlotIndex=1253
mission CityName=LOC_CITY_NAME_GOTEBORG CompletionTurn=70 EscapeResult=0 InitialResult=4 LevelAfter=2 LootInfo=-1 Name=LOC_CITIZEN_MAYA_MODERN_FEMALE_1 Operation=58 PlotIndex=1081
mission CityName=LOC_CITY_NAME_OTTAWA CompletionTurn=70 EscapeResult=1 InitialResult=2 LevelAfter=2 LootInfo=-1 Name=LOC_CITIZEN_MAYA_MODERN_FEMALE_9 Operation=58 PlotIndex=978
mission CityName=LOC_CITY_NAME_QUEBEC_CITY CompletionTurn=68 EscapeResult=-1 InitialResult=1 LevelAfter=1 LootInfo=-1 Name=LOC_CITIZEN_MAYA_MODERN_FEMALE_3 Operation=58 PlotIndex=1404
mission CityName=LOC_CITY_NAME_NGARUAWAHIA CompletionTurn=67 EscapeResult=2 InitialResult=4 LevelAfter=2 LootInfo=-1 Name=LOC_CITIZEN_MAYA_MODERN_MALE_9 Operation=58 PlotIndex=1833
mission CityName=LOC_CITY_NAME_TE_HOKIANGA_NU_A_KUPE CompletionTurn=66 EscapeResult=2 InitialResult=4 LevelAfter=2 LootInfo=-1 Name=LOC_CITIZEN_MAYA_FEMALE_4 Operation=58 PlotIndex=772
mission CityName=LOC_CITY_NAME_MONTREAL CompletionTurn=66 EscapeResult=0 InitialResult=4 LevelAfter=2 LootInfo=-1 Name=LOC_CITIZEN_MAYA_MALE_3 Operation=58 PlotIndex=1314
mission CityName=LOC_CITY_NAME_OTTAWA CompletionTurn=66 EscapeResult=-1 InitialResult=3 LevelAfter=2 LootInfo=-1 Name=LOC_CITIZEN_MAYA_MODERN_FEMALE_9 Operation=58 PlotIndex=978
mission CityName=LOC_CITY_NAME_TORONTO CompletionTurn=66 EscapeResult=0 InitialResult=2 LevelAfter=1 LootInfo=-1 Name=LOC_CITIZEN_MAYA_MALE_8 Operation=58 PlotIndex=1818
mission CityName=LOC_CITY_NAME_QUEBEC_CITY CompletionTurn=64 EscapeResult=-1 InitialResult=3 LevelAfter=1 LootInfo=-1 Name=LOC_CITIZEN_MAYA_MODERN_FEMALE_3 Operation=58 PlotIndex=1404
mission CityName=LOC_CITY_NAME_TORONTO CompletionTurn=62 EscapeResult=-1 InitialResult=5 LevelAfter=2 LootInfo=-1 Name=LOC_CITIZEN_MAYA_MODERN_FEMALE_8 Operation=58 PlotIndex=1818
mission CityName=LOC_CITY_NAME_OTTAWA CompletionTurn=62 EscapeResult=-1 InitialResult=3 LevelAfter=1 LootInfo=-1 Name=LOC_CITIZEN_MAYA_MALE_5 Operation=58 PlotIndex=978
mission CityName=LOC_CITY_NAME_MONTREAL CompletionTurn=62 EscapeResult=-1 InitialResult=5 LevelAfter=2 LootInfo=-1 Name=LOC_CITIZEN_MAYA_MALE_3 Operation=58 PlotIndex=1314
mission CityName=LOC_CITY_NAME_OTTAWA CompletionTurn=58 EscapeResult=-1 InitialResult=5 LevelAfter=2 LootInfo=-1 Name=LOC_CITIZEN_MAYA_MODERN_FEMALE_9 Operation=58 PlotIndex=978
mission CityName=LOC_CITY_NAME_MONTREAL CompletionTurn=58 EscapeResult=-1 InitialResult=1 LevelAfter=1 LootInfo=-1 Name=LOC_CITIZEN_MAYA_FEMALE_5 Operation=58 PlotIndex=1314
tally 7  FOMENT_UNREST CAPTURED / NO_RESULT
tally 1  FOMENT_UNREST FAIL_MUST_ESCAPE / CAPTURED
tally 1  FOMENT_UNREST FAIL_MUST_ESCAPE / FAIL_MUST_ESCAPE
tally 1  FOMENT_UNREST FAIL_MUST_ESCAPE / KILLED
tally 4  FOMENT_UNREST FAIL_UNDETECTED / NO_RESULT
tally 2  FOMENT_UNREST KILLED / NO_RESULT
tally 1  FOMENT_UNREST SUCCESS_MUST_ESCAPE / CAPTURED
tally 3  FOMENT_UNREST SUCCESS_MUST_ESCAPE / FAIL_MUST_ESCAPE
tally 3  FOMENT_UNREST SUCCESS_MUST_ESCAPE / KILLED
tally 3  FOMENT_UNREST SUCCESS_MUST_ESCAPE / NO_RESULT
tally 3  FOMENT_UNREST SUCCESS_UNDETECTED / NO_RESULT
turn 85 spies active 5 idle 0 missions 29 captured-enemy 0
spy 4456461 LOC_CITIZEN_MAYA_MODERN_FEMALE_8 level 1 at 36:42 travel
spy 4063246 LOC_CITIZEN_MAYA_MALE_2 level 1 at 54:15 busy
spy 4128784 LOC_CITIZEN_MAYA_MODERN_MALE_5 level 1 at 16:9 busy
spy 3735572 LOC_CITIZEN_MAYA_MALE_6 level 1 at 60:16 busy
spy 4522006 LOC_CITIZEN_MAYA_MALE_5 level 1 at 54:11 start
turn 85 spies 5 started 1 travelled 1 promoted 0 bought 1 gold 50000
unblock: blocker ENDTURN_BLOCKING_CIVIC -> civic CIVIC_DRAMA_POETRY | end turn requested
mission CityName=LOC_CITY_NAME_QUEBEC_CITY CompletionTurn=85 EscapeResult=-1 InitialResult=4 LevelAfter=2 LootInfo=-1 Name=LOC_CITIZEN_MAYA_MALE_6 Operation=58 PlotIndex=1404
mission CityName=LOC_CITY_NAME_SAINT_JOHN CompletionTurn=85 EscapeResult=-1 InitialResult=0 LevelAfter=2 LootInfo=-1 Name=LOC_CITIZEN_MAYA_FEMALE_4 Operation=58 PlotIndex=1409
mission CityName=LOC_CITY_NAME_TE_HOKIANGA_NU_A_KUPE CompletionTurn=85 EscapeResult=-1 InitialResult=4 LevelAfter=2 LootInfo=-1 Name=LOC_CITIZEN_MAYA_MODERN_MALE_5 Operation=58 PlotIndex=772
mission CityName=LOC_CITY_NAME_MONTREAL CompletionTurn=85 EscapeResult=-1 InitialResult=4 LevelAfter=2 LootInfo=-1 Name=LOC_CITIZEN_MAYA_MALE_2 Operation=58 PlotIndex=1314
mission CityName=LOC_CITY_NAME_NGARUAWAHIA CompletionTurn=85 EscapeResult=-1 InitialResult=1 LevelAfter=2 LootInfo=-1 Name=LOC_CITIZEN_MAYA_MODERN_MALE_9 Operation=58 PlotIndex=1833
mission CityName=LOC_CITY_NAME_QUEBEC_CITY CompletionTurn=80 EscapeResult=-1 InitialResult=3 LevelAfter=1 LootInfo=-1 Name=LOC_CITIZEN_MAYA_MALE_6 Operation=58 PlotIndex=1404
mission CityName=LOC_CITY_NAME_MONTREAL CompletionTurn=79 EscapeResult=-1 InitialResult=1 LevelAfter=1 LootInfo=-1 Name=LOC_CITIZEN_MAYA_MALE_7 Operation=58 PlotIndex=1314
mission CityName=LOC_CITY_NAME_UPPSALA CompletionTurn=79 EscapeResult=0 InitialResult=4 LevelAfter=2 LootInfo=-1 Name=LOC_CITIZEN_MAYA_MODERN_MALE_6 Operation=58 PlotIndex=993
mission CityName=LOC_CITY_NAME_SAINT_JOHN CompletionTurn=77 EscapeResult=-1 InitialResult=1 LevelAfter=1 LootInfo=-1 Name=LOC_CITIZEN_MAYA_MODERN_FEMALE_7 Operation=58 PlotIndex=1409
mission CityName=LOC_CITY_NAME_STOCKHOLM CompletionTurn=75 EscapeResult=1 InitialResult=4 LevelAfter=2 LootInfo=-1 Name=LOC_CITIZEN_MAYA_MODERN_MALE_2 Operation=58 PlotIndex=1253
mission CityName=LOC_CITY_NAME_TORONTO CompletionTurn=75 EscapeResult=2 InitialResult=2 LevelAfter=2 LootInfo=-1 Name=LOC_CITIZEN_MAYA_MODERN_FEMALE_8 Operation=58 PlotIndex=1818
mission CityName=LOC_CITY_NAME_OTTAWA CompletionTurn=75 EscapeResult=2 InitialResult=4 LevelAfter=2 LootInfo=-1 Name=LOC_CITIZEN_MAYA_MALE_5 Operation=58 PlotIndex=978
mission CityName=LOC_CITY_NAME_SAINT_JOHN CompletionTurn=73 EscapeResult=-1 InitialResult=1 LevelAfter=1 LootInfo=-1 Name=LOC_CITIZEN_MAYA_FEMALE_8 Operation=58 PlotIndex=1409
mission CityName=LOC_CITY_NAME_QUEBEC_CITY CompletionTurn=73 EscapeResult=-1 InitialResult=0 LevelAfter=1 LootInfo=-1 Name=LOC_CITIZEN_MAYA_FEMALE_9 Operation=58 PlotIndex=1404
mission CityName=LOC_CITY_NAME_STOCKHOLM CompletionTurn=70 EscapeResult=-1 InitialResult=1 LevelAfter=1 LootInfo=-1 Name=LOC_CITIZEN_MAYA_MALE_1 Operation=58 PlotIndex=1253
mission CityName=LOC_CITY_NAME_GOTEBORG CompletionTurn=70 EscapeResult=0 InitialResult=4 LevelAfter=2 LootInfo=-1 Name=LOC_CITIZEN_MAYA_MODERN_FEMALE_1 Operation=58 PlotIndex=1081
mission CityName=LOC_CITY_NAME_OTTAWA CompletionTurn=70 EscapeResult=1 InitialResult=2 LevelAfter=2 LootInfo=-1 Name=LOC_CITIZEN_MAYA_MODERN_FEMALE_9 Operation=58 PlotIndex=978
mission CityName=LOC_CITY_NAME_QUEBEC_CITY CompletionTurn=68 EscapeResult=-1 InitialResult=1 LevelAfter=1 LootInfo=-1 Name=LOC_CITIZEN_MAYA_MODERN_FEMALE_3 Operation=58 PlotIndex=1404
mission CityName=LOC_CITY_NAME_NGARUAWAHIA CompletionTurn=67 EscapeResult=2 InitialResult=4 LevelAfter=2 LootInfo=-1 Name=LOC_CITIZEN_MAYA_MODERN_MALE_9 Operation=58 PlotIndex=1833
mission CityName=LOC_CITY_NAME_TE_HOKIANGA_NU_A_KUPE CompletionTurn=66 EscapeResult=2 InitialResult=4 LevelAfter=2 LootInfo=-1 Name=LOC_CITIZEN_MAYA_FEMALE_4 Operation=58 PlotIndex=772
mission CityName=LOC_CITY_NAME_MONTREAL CompletionTurn=66 EscapeResult=0 InitialResult=4 LevelAfter=2 LootInfo=-1 Name=LOC_CITIZEN_MAYA_MALE_3 Operation=58 PlotIndex=1314
mission CityName=LOC_CITY_NAME_OTTAWA CompletionTurn=66 EscapeResult=-1 InitialResult=3 LevelAfter=2 LootInfo=-1 Name=LOC_CITIZEN_MAYA_MODERN_FEMALE_9 Operation=58 PlotIndex=978
mission CityName=LOC_CITY_NAME_TORONTO CompletionTurn=66 EscapeResult=0 InitialResult=2 LevelAfter=1 LootInfo=-1 Name=LOC_CITIZEN_MAYA_MALE_8 Operation=58 PlotIndex=1818
mission CityName=LOC_CITY_NAME_QUEBEC_CITY CompletionTurn=64 EscapeResult=-1 InitialResult=3 LevelAfter=1 LootInfo=-1 Name=LOC_CITIZEN_MAYA_MODERN_FEMALE_3 Operation=58 PlotIndex=1404
mission CityName=LOC_CITY_NAME_TORONTO CompletionTurn=62 EscapeResult=-1 InitialResult=5 LevelAfter=2 LootInfo=-1 Name=LOC_CITIZEN_MAYA_MODERN_FEMALE_8 Operation=58 PlotIndex=1818
mission CityName=LOC_CITY_NAME_OTTAWA CompletionTurn=62 EscapeResult=-1 InitialResult=3 LevelAfter=1 LootInfo=-1 Name=LOC_CITIZEN_MAYA_MALE_5 Operation=58 PlotIndex=978
mission CityName=LOC_CITY_NAME_MONTREAL CompletionTurn=62 EscapeResult=-1 InitialResult=5 LevelAfter=2 LootInfo=-1 Name=LOC_CITIZEN_MAYA_MALE_3 Operation=58 PlotIndex=1314
mission CityName=LOC_CITY_NAME_OTTAWA CompletionTurn=58 EscapeResult=-1 InitialResult=5 LevelAfter=2 LootInfo=-1 Name=LOC_CITIZEN_MAYA_MODERN_FEMALE_9 Operation=58 PlotIndex=978
mission CityName=LOC_CITY_NAME_MONTREAL CompletionTurn=58 EscapeResult=-1 InitialResult=1 LevelAfter=1 LootInfo=-1 Name=LOC_CITIZEN_MAYA_FEMALE_5 Operation=58 PlotIndex=1314
tally 7  FOMENT_UNREST CAPTURED / NO_RESULT
tally 1  FOMENT_UNREST FAIL_MUST_ESCAPE / CAPTURED
tally 1  FOMENT_UNREST FAIL_MUST_ESCAPE / FAIL_MUST_ESCAPE
tally 1  FOMENT_UNREST FAIL_MUST_ESCAPE / KILLED
tally 4  FOMENT_UNREST FAIL_UNDETECTED / NO_RESULT
tally 2  FOMENT_UNREST KILLED / NO_RESULT
tally 1  FOMENT_UNREST SUCCESS_MUST_ESCAPE / CAPTURED
tally 3  FOMENT_UNREST SUCCESS_MUST_ESCAPE / FAIL_MUST_ESCAPE
tally 3  FOMENT_UNREST SUCCESS_MUST_ESCAPE / KILLED
tally 3  FOMENT_UNREST SUCCESS_MUST_ESCAPE / NO_RESULT
tally 3  FOMENT_UNREST SUCCESS_UNDETECTED / NO_RESULT
turn 86 spies active 4 idle 1 missions 29 captured-enemy 0
spy 4718602 LOC_CITIZEN_MAYA_FEMALE_6 level 1 at 37:38 travel
spy 4063246 LOC_CITIZEN_MAYA_MALE_2 level 1 at 54:15 busy
spy 4128784 LOC_CITIZEN_MAYA_MODERN_MALE_5 level 1 at 16:9 busy
spy 4784147 LOC_CITIZEN_MAYA_MODERN_MALE_1 level 1 at 54:11 refused
spy 3735572 LOC_CITIZEN_MAYA_MALE_6 level 1 at 60:16 busy
spy 4522006 LOC_CITIZEN_MAYA_MALE_5 level 1 at 54:11 busy
turn 86 spies 6 started 0 travelled 1 promoted 0 bought 0 gold 50000
unblock: blocker ENDTURN_BLOCKING_RESEARCH -> research TECH_IRON_WORKING | end turn requested
unstuck: TechCivicCompletedPopup: closed
unblock: blocker ENDTURN_BLOCKING_PRODUCTION -> CHICHEN_ITZA builds UNIT_WARRIOR | end turn requested
unstuck: closed sessions [2:2]
unstuck: DiplomacyActionView: Closing Diplomacy Action View. m_eventID: 302218
mission CityName=LOC_CITY_NAME_QUEBEC_CITY CompletionTurn=85 EscapeResult=-1 InitialResult=4 LevelAfter=2 LootInfo=-1 Name=LOC_CITIZEN_MAYA_MALE_6 Operation=58 PlotIndex=1404
mission CityName=LOC_CITY_NAME_SAINT_JOHN CompletionTurn=85 EscapeResult=-1 InitialResult=0 LevelAfter=2 LootInfo=-1 Name=LOC_CITIZEN_MAYA_FEMALE_4 Operation=58 PlotIndex=1409
mission CityName=LOC_CITY_NAME_TE_HOKIANGA_NU_A_KUPE CompletionTurn=85 EscapeResult=-1 InitialResult=4 LevelAfter=2 LootInfo=-1 Name=LOC_CITIZEN_MAYA_MODERN_MALE_5 Operation=58 PlotIndex=772
mission CityName=LOC_CITY_NAME_MONTREAL CompletionTurn=85 EscapeResult=-1 InitialResult=4 LevelAfter=2 LootInfo=-1 Name=LOC_CITIZEN_MAYA_MALE_2 Operation=58 PlotIndex=1314
mission CityName=LOC_CITY_NAME_NGARUAWAHIA CompletionTurn=85 EscapeResult=-1 InitialResult=1 LevelAfter=2 LootInfo=-1 Name=LOC_CITIZEN_MAYA_MODERN_MALE_9 Operation=58 PlotIndex=1833
mission CityName=LOC_CITY_NAME_QUEBEC_CITY CompletionTurn=80 EscapeResult=-1 InitialResult=3 LevelAfter=1 LootInfo=-1 Name=LOC_CITIZEN_MAYA_MALE_6 Operation=58 PlotIndex=1404
mission CityName=LOC_CITY_NAME_MONTREAL CompletionTurn=79 EscapeResult=-1 InitialResult=1 LevelAfter=1 LootInfo=-1 Name=LOC_CITIZEN_MAYA_MALE_7 Operation=58 PlotIndex=1314
mission CityName=LOC_CITY_NAME_UPPSALA CompletionTurn=79 EscapeResult=0 InitialResult=4 LevelAfter=2 LootInfo=-1 Name=LOC_CITIZEN_MAYA_MODERN_MALE_6 Operation=58 PlotIndex=993
mission CityName=LOC_CITY_NAME_SAINT_JOHN CompletionTurn=77 EscapeResult=-1 InitialResult=1 LevelAfter=1 LootInfo=-1 Name=LOC_CITIZEN_MAYA_MODERN_FEMALE_7 Operation=58 PlotIndex=1409
mission CityName=LOC_CITY_NAME_STOCKHOLM CompletionTurn=75 EscapeResult=1 InitialResult=4 LevelAfter=2 LootInfo=-1 Name=LOC_CITIZEN_MAYA_MODERN_MALE_2 Operation=58 PlotIndex=1253
mission CityName=LOC_CITY_NAME_TORONTO CompletionTurn=75 EscapeResult=2 InitialResult=2 LevelAfter=2 LootInfo=-1 Name=LOC_CITIZEN_MAYA_MODERN_FEMALE_8 Operation=58 PlotIndex=1818
mission CityName=LOC_CITY_NAME_OTTAWA CompletionTurn=75 EscapeResult=2 InitialResult=4 LevelAfter=2 LootInfo=-1 Name=LOC_CITIZEN_MAYA_MALE_5 Operation=58 PlotIndex=978
mission CityName=LOC_CITY_NAME_SAINT_JOHN CompletionTurn=73 EscapeResult=-1 InitialResult=1 LevelAfter=1 LootInfo=-1 Name=LOC_CITIZEN_MAYA_FEMALE_8 Operation=58 PlotIndex=1409
mission CityName=LOC_CITY_NAME_QUEBEC_CITY CompletionTurn=73 EscapeResult=-1 InitialResult=0 LevelAfter=1 LootInfo=-1 Name=LOC_CITIZEN_MAYA_FEMALE_9 Operation=58 PlotIndex=1404
mission CityName=LOC_CITY_NAME_STOCKHOLM CompletionTurn=70 EscapeResult=-1 InitialResult=1 LevelAfter=1 LootInfo=-1 Name=LOC_CITIZEN_MAYA_MALE_1 Operation=58 PlotIndex=1253
mission CityName=LOC_CITY_NAME_GOTEBORG CompletionTurn=70 EscapeResult=0 InitialResult=4 LevelAfter=2 LootInfo=-1 Name=LOC_CITIZEN_MAYA_MODERN_FEMALE_1 Operation=58 PlotIndex=1081
mission CityName=LOC_CITY_NAME_OTTAWA CompletionTurn=70 EscapeResult=1 InitialResult=2 LevelAfter=2 LootInfo=-1 Name=LOC_CITIZEN_MAYA_MODERN_FEMALE_9 Operation=58 PlotIndex=978
mission CityName=LOC_CITY_NAME_QUEBEC_CITY CompletionTurn=68 EscapeResult=-1 InitialResult=1 LevelAfter=1 LootInfo=-1 Name=LOC_CITIZEN_MAYA_MODERN_FEMALE_3 Operation=58 PlotIndex=1404
mission CityName=LOC_CITY_NAME_NGARUAWAHIA CompletionTurn=67 EscapeResult=2 InitialResult=4 LevelAfter=2 LootInfo=-1 Name=LOC_CITIZEN_MAYA_MODERN_MALE_9 Operation=58 PlotIndex=1833
mission CityName=LOC_CITY_NAME_TE_HOKIANGA_NU_A_KUPE CompletionTurn=66 EscapeResult=2 InitialResult=4 LevelAfter=2 LootInfo=-1 Name=LOC_CITIZEN_MAYA_FEMALE_4 Operation=58 PlotIndex=772
mission CityName=LOC_CITY_NAME_MONTREAL CompletionTurn=66 EscapeResult=0 InitialResult=4 LevelAfter=2 LootInfo=-1 Name=LOC_CITIZEN_MAYA_MALE_3 Operation=58 PlotIndex=1314
mission CityName=LOC_CITY_NAME_OTTAWA CompletionTurn=66 EscapeResult=-1 InitialResult=3 LevelAfter=2 LootInfo=-1 Name=LOC_CITIZEN_MAYA_MODERN_FEMALE_9 Operation=58 PlotIndex=978
mission CityName=LOC_CITY_NAME_TORONTO CompletionTurn=66 EscapeResult=0 InitialResult=2 LevelAfter=1 LootInfo=-1 Name=LOC_CITIZEN_MAYA_MALE_8 Operation=58 PlotIndex=1818
mission CityName=LOC_CITY_NAME_QUEBEC_CITY CompletionTurn=64 EscapeResult=-1 InitialResult=3 LevelAfter=1 LootInfo=-1 Name=LOC_CITIZEN_MAYA_MODERN_FEMALE_3 Operation=58 PlotIndex=1404
mission CityName=LOC_CITY_NAME_TORONTO CompletionTurn=62 EscapeResult=-1 InitialResult=5 LevelAfter=2 LootInfo=-1 Name=LOC_CITIZEN_MAYA_MODERN_FEMALE_8 Operation=58 PlotIndex=1818
mission CityName=LOC_CITY_NAME_OTTAWA CompletionTurn=62 EscapeResult=-1 InitialResult=3 LevelAfter=1 LootInfo=-1 Name=LOC_CITIZEN_MAYA_MALE_5 Operation=58 PlotIndex=978
mission CityName=LOC_CITY_NAME_MONTREAL CompletionTurn=62 EscapeResult=-1 InitialResult=5 LevelAfter=2 LootInfo=-1 Name=LOC_CITIZEN_MAYA_MALE_3 Operation=58 PlotIndex=1314
mission CityName=LOC_CITY_NAME_OTTAWA CompletionTurn=58 EscapeResult=-1 InitialResult=5 LevelAfter=2 LootInfo=-1 Name=LOC_CITIZEN_MAYA_MODERN_FEMALE_9 Operation=58 PlotIndex=978
mission CityName=LOC_CITY_NAME_MONTREAL CompletionTurn=58 EscapeResult=-1 InitialResult=1 LevelAfter=1 LootInfo=-1 Name=LOC_CITIZEN_MAYA_FEMALE_5 Operation=58 PlotIndex=1314
tally 7  FOMENT_UNREST CAPTURED / NO_RESULT
tally 1  FOMENT_UNREST FAIL_MUST_ESCAPE / CAPTURED
tally 1  FOMENT_UNREST FAIL_MUST_ESCAPE / FAIL_MUST_ESCAPE
tally 1  FOMENT_UNREST FAIL_MUST_ESCAPE / KILLED
tally 4  FOMENT_UNREST FAIL_UNDETECTED / NO_RESULT
tally 2  FOMENT_UNREST KILLED / NO_RESULT
tally 1  FOMENT_UNREST SUCCESS_MUST_ESCAPE / CAPTURED
tally 3  FOMENT_UNREST SUCCESS_MUST_ESCAPE / FAIL_MUST_ESCAPE
tally 3  FOMENT_UNREST SUCCESS_MUST_ESCAPE / KILLED
tally 3  FOMENT_UNREST SUCCESS_MUST_ESCAPE / NO_RESULT
tally 3  FOMENT_UNREST SUCCESS_UNDETECTED / NO_RESULT
turn 87 spies active 4 idle 1 missions 29 captured-enemy 0
spy 4849674 LOC_CITIZEN_MAYA_MODERN_FEMALE_8 level 1 at 54:21 start
spy 4063246 LOC_CITIZEN_MAYA_MALE_2 level 1 at 54:15 busy
spy 4128784 LOC_CITIZEN_MAYA_MODERN_MALE_5 level 1 at 16:9 busy
spy 4784147 LOC_CITIZEN_MAYA_MODERN_MALE_1 level 1 at 54:11 refused
spy 3735572 LOC_CITIZEN_MAYA_MALE_6 level 1 at 60:16 busy
spy 4522006 LOC_CITIZEN_MAYA_MALE_5 level 1 at 54:11 busy
turn 87 spies 6 started 1 travelled 0 promoted 0 bought 0 gold 50000
unblock: blocker ENDTURN_BLOCKING_PRODUCTION -> CHICHEN_ITZA builds UNIT_WARRIOR | end turn requested
unstuck: LeaderScene: open, no close
unstuck: TechCivicCompletedPopup: closed
unblock: blocker ENDTURN_BLOCKING_SPY_CHOOSE_ESCAPE_ROUTE -> escape route DISTRICT_CITY_CENTER of 1 for spy 4063246 LOC_CITIZEN_MAYA_MALE_2 level 1 turn 87 | end turn requested
unstuck: closed sessions [1:1]
unstuck: DiplomacyActionView: Closing Diplomacy Action View. m_eventID: 309684
mission CityName=LOC_CITY_NAME_QUEBEC_CITY CompletionTurn=85 EscapeResult=-1 InitialResult=4 LevelAfter=2 LootInfo=-1 Name=LOC_CITIZEN_MAYA_MALE_6 Operation=58 PlotIndex=1404
mission CityName=LOC_CITY_NAME_SAINT_JOHN CompletionTurn=85 EscapeResult=-1 InitialResult=0 LevelAfter=2 LootInfo=-1 Name=LOC_CITIZEN_MAYA_FEMALE_4 Operation=58 PlotIndex=1409
mission CityName=LOC_CITY_NAME_TE_HOKIANGA_NU_A_KUPE CompletionTurn=85 EscapeResult=-1 InitialResult=4 LevelAfter=2 LootInfo=-1 Name=LOC_CITIZEN_MAYA_MODERN_MALE_5 Operation=58 PlotIndex=772
mission CityName=LOC_CITY_NAME_MONTREAL CompletionTurn=85 EscapeResult=-1 InitialResult=4 LevelAfter=2 LootInfo=-1 Name=LOC_CITIZEN_MAYA_MALE_2 Operation=58 PlotIndex=1314
mission CityName=LOC_CITY_NAME_NGARUAWAHIA CompletionTurn=85 EscapeResult=-1 InitialResult=1 LevelAfter=2 LootInfo=-1 Name=LOC_CITIZEN_MAYA_MODERN_MALE_9 Operation=58 PlotIndex=1833
mission CityName=LOC_CITY_NAME_QUEBEC_CITY CompletionTurn=80 EscapeResult=-1 InitialResult=3 LevelAfter=1 LootInfo=-1 Name=LOC_CITIZEN_MAYA_MALE_6 Operation=58 PlotIndex=1404
mission CityName=LOC_CITY_NAME_MONTREAL CompletionTurn=79 EscapeResult=-1 InitialResult=1 LevelAfter=1 LootInfo=-1 Name=LOC_CITIZEN_MAYA_MALE_7 Operation=58 PlotIndex=1314
mission CityName=LOC_CITY_NAME_UPPSALA CompletionTurn=79 EscapeResult=0 InitialResult=4 LevelAfter=2 LootInfo=-1 Name=LOC_CITIZEN_MAYA_MODERN_MALE_6 Operation=58 PlotIndex=993
mission CityName=LOC_CITY_NAME_SAINT_JOHN CompletionTurn=77 EscapeResult=-1 InitialResult=1 LevelAfter=1 LootInfo=-1 Name=LOC_CITIZEN_MAYA_MODERN_FEMALE_7 Operation=58 PlotIndex=1409
mission CityName=LOC_CITY_NAME_STOCKHOLM CompletionTurn=75 EscapeResult=1 InitialResult=4 LevelAfter=2 LootInfo=-1 Name=LOC_CITIZEN_MAYA_MODERN_MALE_2 Operation=58 PlotIndex=1253
mission CityName=LOC_CITY_NAME_TORONTO CompletionTurn=75 EscapeResult=2 InitialResult=2 LevelAfter=2 LootInfo=-1 Name=LOC_CITIZEN_MAYA_MODERN_FEMALE_8 Operation=58 PlotIndex=1818
mission CityName=LOC_CITY_NAME_OTTAWA CompletionTurn=75 EscapeResult=2 InitialResult=4 LevelAfter=2 LootInfo=-1 Name=LOC_CITIZEN_MAYA_MALE_5 Operation=58 PlotIndex=978
mission CityName=LOC_CITY_NAME_SAINT_JOHN CompletionTurn=73 EscapeResult=-1 InitialResult=1 LevelAfter=1 LootInfo=-1 Name=LOC_CITIZEN_MAYA_FEMALE_8 Operation=58 PlotIndex=1409
mission CityName=LOC_CITY_NAME_QUEBEC_CITY CompletionTurn=73 EscapeResult=-1 InitialResult=0 LevelAfter=1 LootInfo=-1 Name=LOC_CITIZEN_MAYA_FEMALE_9 Operation=58 PlotIndex=1404
mission CityName=LOC_CITY_NAME_STOCKHOLM CompletionTurn=70 EscapeResult=-1 InitialResult=1 LevelAfter=1 LootInfo=-1 Name=LOC_CITIZEN_MAYA_MALE_1 Operation=58 PlotIndex=1253
mission CityName=LOC_CITY_NAME_GOTEBORG CompletionTurn=70 EscapeResult=0 InitialResult=4 LevelAfter=2 LootInfo=-1 Name=LOC_CITIZEN_MAYA_MODERN_FEMALE_1 Operation=58 PlotIndex=1081
mission CityName=LOC_CITY_NAME_OTTAWA CompletionTurn=70 EscapeResult=1 InitialResult=2 LevelAfter=2 LootInfo=-1 Name=LOC_CITIZEN_MAYA_MODERN_FEMALE_9 Operation=58 PlotIndex=978
mission CityName=LOC_CITY_NAME_QUEBEC_CITY CompletionTurn=68 EscapeResult=-1 InitialResult=1 LevelAfter=1 LootInfo=-1 Name=LOC_CITIZEN_MAYA_MODERN_FEMALE_3 Operation=58 PlotIndex=1404
mission CityName=LOC_CITY_NAME_NGARUAWAHIA CompletionTurn=67 EscapeResult=2 InitialResult=4 LevelAfter=2 LootInfo=-1 Name=LOC_CITIZEN_MAYA_MODERN_MALE_9 Operation=58 PlotIndex=1833
mission CityName=LOC_CITY_NAME_TE_HOKIANGA_NU_A_KUPE CompletionTurn=66 EscapeResult=2 InitialResult=4 LevelAfter=2 LootInfo=-1 Name=LOC_CITIZEN_MAYA_FEMALE_4 Operation=58 PlotIndex=772
mission CityName=LOC_CITY_NAME_MONTREAL CompletionTurn=66 EscapeResult=0 InitialResult=4 LevelAfter=2 LootInfo=-1 Name=LOC_CITIZEN_MAYA_MALE_3 Operation=58 PlotIndex=1314
mission CityName=LOC_CITY_NAME_OTTAWA CompletionTurn=66 EscapeResult=-1 InitialResult=3 LevelAfter=2 LootInfo=-1 Name=LOC_CITIZEN_MAYA_MODERN_FEMALE_9 Operation=58 PlotIndex=978
mission CityName=LOC_CITY_NAME_TORONTO CompletionTurn=66 EscapeResult=0 InitialResult=2 LevelAfter=1 LootInfo=-1 Name=LOC_CITIZEN_MAYA_MALE_8 Operation=58 PlotIndex=1818
mission CityName=LOC_CITY_NAME_QUEBEC_CITY CompletionTurn=64 EscapeResult=-1 InitialResult=3 LevelAfter=1 LootInfo=-1 Name=LOC_CITIZEN_MAYA_MODERN_FEMALE_3 Operation=58 PlotIndex=1404
mission CityName=LOC_CITY_NAME_TORONTO CompletionTurn=62 EscapeResult=-1 InitialResult=5 LevelAfter=2 LootInfo=-1 Name=LOC_CITIZEN_MAYA_MODERN_FEMALE_8 Operation=58 PlotIndex=1818
mission CityName=LOC_CITY_NAME_OTTAWA CompletionTurn=62 EscapeResult=-1 InitialResult=3 LevelAfter=1 LootInfo=-1 Name=LOC_CITIZEN_MAYA_MALE_5 Operation=58 PlotIndex=978
mission CityName=LOC_CITY_NAME_MONTREAL CompletionTurn=62 EscapeResult=-1 InitialResult=5 LevelAfter=2 LootInfo=-1 Name=LOC_CITIZEN_MAYA_MALE_3 Operation=58 PlotIndex=1314
mission CityName=LOC_CITY_NAME_OTTAWA CompletionTurn=58 EscapeResult=-1 InitialResult=5 LevelAfter=2 LootInfo=-1 Name=LOC_CITIZEN_MAYA_MODERN_FEMALE_9 Operation=58 PlotIndex=978
mission CityName=LOC_CITY_NAME_MONTREAL CompletionTurn=58 EscapeResult=-1 InitialResult=1 LevelAfter=1 LootInfo=-1 Name=LOC_CITIZEN_MAYA_FEMALE_5 Operation=58 PlotIndex=1314
tally 7  FOMENT_UNREST CAPTURED / NO_RESULT
tally 1  FOMENT_UNREST FAIL_MUST_ESCAPE / CAPTURED
tally 1  FOMENT_UNREST FAIL_MUST_ESCAPE / FAIL_MUST_ESCAPE
tally 1  FOMENT_UNREST FAIL_MUST_ESCAPE / KILLED
tally 4  FOMENT_UNREST FAIL_UNDETECTED / NO_RESULT
tally 2  FOMENT_UNREST KILLED / NO_RESULT
tally 1  FOMENT_UNREST SUCCESS_MUST_ESCAPE / CAPTURED
tally 3  FOMENT_UNREST SUCCESS_MUST_ESCAPE / FAIL_MUST_ESCAPE
tally 3  FOMENT_UNREST SUCCESS_MUST_ESCAPE / KILLED
tally 3  FOMENT_UNREST SUCCESS_MUST_ESCAPE / NO_RESULT
tally 3  FOMENT_UNREST SUCCESS_UNDETECTED / NO_RESULT
turn 87 spies active 5 idle 1 missions 29 captured-enemy 0
spy 4849674 LOC_CITIZEN_MAYA_MODERN_FEMALE_8 level 1 at 54:21 busy
spy 4063246 LOC_CITIZEN_MAYA_MALE_2 level 1 at 54:15 busy
spy 4128784 LOC_CITIZEN_MAYA_MODERN_MALE_5 level 1 at 16:9 busy
spy 4784147 LOC_CITIZEN_MAYA_MODERN_MALE_1 level 1 at 54:11 refused
spy 3735572 LOC_CITIZEN_MAYA_MALE_6 level 1 at 60:16 busy
spy 4522006 LOC_CITIZEN_MAYA_MALE_5 level 1 at 54:11 busy
turn 87 spies 6 started 0 travelled 0 promoted 0 bought 0 gold 50000
unblock: blocker ENDTURN_BLOCKING_SPY_CHOOSE_ESCAPE_ROUTE -> escape route DISTRICT_CITY_CENTER of 1 for spy 4063246 LOC_CITIZEN_MAYA_MALE_2 level 1 turn 87 | end turn requested
unstuck: NaturalDisasterPopup: closed
mission CityName=LOC_CITY_NAME_OTTAWA CompletionTurn=89 EscapeResult=-1 InitialResult=5 LevelAfter=2 LootInfo=-1 Name=LOC_CITIZEN_MAYA_MALE_5 Operation=58 PlotIndex=978
mission CityName=LOC_CITY_NAME_QUEBEC_CITY CompletionTurn=85 EscapeResult=-1 InitialResult=4 LevelAfter=2 LootInfo=-1 Name=LOC_CITIZEN_MAYA_MALE_6 Operation=58 PlotIndex=1404
mission CityName=LOC_CITY_NAME_SAINT_JOHN CompletionTurn=85 EscapeResult=-1 InitialResult=0 LevelAfter=2 LootInfo=-1 Name=LOC_CITIZEN_MAYA_FEMALE_4 Operation=58 PlotIndex=1409
mission CityName=LOC_CITY_NAME_TE_HOKIANGA_NU_A_KUPE CompletionTurn=85 EscapeResult=-1 InitialResult=4 LevelAfter=2 LootInfo=-1 Name=LOC_CITIZEN_MAYA_MODERN_MALE_5 Operation=58 PlotIndex=772
mission CityName=LOC_CITY_NAME_MONTREAL CompletionTurn=85 EscapeResult=-1 InitialResult=4 LevelAfter=2 LootInfo=-1 Name=LOC_CITIZEN_MAYA_MALE_2 Operation=58 PlotIndex=1314
mission CityName=LOC_CITY_NAME_NGARUAWAHIA CompletionTurn=85 EscapeResult=-1 InitialResult=1 LevelAfter=2 LootInfo=-1 Name=LOC_CITIZEN_MAYA_MODERN_MALE_9 Operation=58 PlotIndex=1833
mission CityName=LOC_CITY_NAME_QUEBEC_CITY CompletionTurn=80 EscapeResult=-1 InitialResult=3 LevelAfter=1 LootInfo=-1 Name=LOC_CITIZEN_MAYA_MALE_6 Operation=58 PlotIndex=1404
mission CityName=LOC_CITY_NAME_MONTREAL CompletionTurn=79 EscapeResult=-1 InitialResult=1 LevelAfter=1 LootInfo=-1 Name=LOC_CITIZEN_MAYA_MALE_7 Operation=58 PlotIndex=1314
mission CityName=LOC_CITY_NAME_UPPSALA CompletionTurn=79 EscapeResult=0 InitialResult=4 LevelAfter=2 LootInfo=-1 Name=LOC_CITIZEN_MAYA_MODERN_MALE_6 Operation=58 PlotIndex=993
mission CityName=LOC_CITY_NAME_SAINT_JOHN CompletionTurn=77 EscapeResult=-1 InitialResult=1 LevelAfter=1 LootInfo=-1 Name=LOC_CITIZEN_MAYA_MODERN_FEMALE_7 Operation=58 PlotIndex=1409
mission CityName=LOC_CITY_NAME_STOCKHOLM CompletionTurn=75 EscapeResult=1 InitialResult=4 LevelAfter=2 LootInfo=-1 Name=LOC_CITIZEN_MAYA_MODERN_MALE_2 Operation=58 PlotIndex=1253
mission CityName=LOC_CITY_NAME_TORONTO CompletionTurn=75 EscapeResult=2 InitialResult=2 LevelAfter=2 LootInfo=-1 Name=LOC_CITIZEN_MAYA_MODERN_FEMALE_8 Operation=58 PlotIndex=1818
mission CityName=LOC_CITY_NAME_OTTAWA CompletionTurn=75 EscapeResult=2 InitialResult=4 LevelAfter=2 LootInfo=-1 Name=LOC_CITIZEN_MAYA_MALE_5 Operation=58 PlotIndex=978
mission CityName=LOC_CITY_NAME_SAINT_JOHN CompletionTurn=73 EscapeResult=-1 InitialResult=1 LevelAfter=1 LootInfo=-1 Name=LOC_CITIZEN_MAYA_FEMALE_8 Operation=58 PlotIndex=1409
mission CityName=LOC_CITY_NAME_QUEBEC_CITY CompletionTurn=73 EscapeResult=-1 InitialResult=0 LevelAfter=1 LootInfo=-1 Name=LOC_CITIZEN_MAYA_FEMALE_9 Operation=58 PlotIndex=1404
mission CityName=LOC_CITY_NAME_STOCKHOLM CompletionTurn=70 EscapeResult=-1 InitialResult=1 LevelAfter=1 LootInfo=-1 Name=LOC_CITIZEN_MAYA_MALE_1 Operation=58 PlotIndex=1253
mission CityName=LOC_CITY_NAME_GOTEBORG CompletionTurn=70 EscapeResult=0 InitialResult=4 LevelAfter=2 LootInfo=-1 Name=LOC_CITIZEN_MAYA_MODERN_FEMALE_1 Operation=58 PlotIndex=1081
mission CityName=LOC_CITY_NAME_OTTAWA CompletionTurn=70 EscapeResult=1 InitialResult=2 LevelAfter=2 LootInfo=-1 Name=LOC_CITIZEN_MAYA_MODERN_FEMALE_9 Operation=58 PlotIndex=978
mission CityName=LOC_CITY_NAME_QUEBEC_CITY CompletionTurn=68 EscapeResult=-1 InitialResult=1 LevelAfter=1 LootInfo=-1 Name=LOC_CITIZEN_MAYA_MODERN_FEMALE_3 Operation=58 PlotIndex=1404
mission CityName=LOC_CITY_NAME_NGARUAWAHIA CompletionTurn=67 EscapeResult=2 InitialResult=4 LevelAfter=2 LootInfo=-1 Name=LOC_CITIZEN_MAYA_MODERN_MALE_9 Operation=58 PlotIndex=1833
mission CityName=LOC_CITY_NAME_TE_HOKIANGA_NU_A_KUPE CompletionTurn=66 EscapeResult=2 InitialResult=4 LevelAfter=2 LootInfo=-1 Name=LOC_CITIZEN_MAYA_FEMALE_4 Operation=58 PlotIndex=772
mission CityName=LOC_CITY_NAME_MONTREAL CompletionTurn=66 EscapeResult=0 InitialResult=4 LevelAfter=2 LootInfo=-1 Name=LOC_CITIZEN_MAYA_MALE_3 Operation=58 PlotIndex=1314
mission CityName=LOC_CITY_NAME_OTTAWA CompletionTurn=66 EscapeResult=-1 InitialResult=3 LevelAfter=2 LootInfo=-1 Name=LOC_CITIZEN_MAYA_MODERN_FEMALE_9 Operation=58 PlotIndex=978
mission CityName=LOC_CITY_NAME_TORONTO CompletionTurn=66 EscapeResult=0 InitialResult=2 LevelAfter=1 LootInfo=-1 Name=LOC_CITIZEN_MAYA_MALE_8 Operation=58 PlotIndex=1818
mission CityName=LOC_CITY_NAME_QUEBEC_CITY CompletionTurn=64 EscapeResult=-1 InitialResult=3 LevelAfter=1 LootInfo=-1 Name=LOC_CITIZEN_MAYA_MODERN_FEMALE_3 Operation=58 PlotIndex=1404
mission CityName=LOC_CITY_NAME_TORONTO CompletionTurn=62 EscapeResult=-1 InitialResult=5 LevelAfter=2 LootInfo=-1 Name=LOC_CITIZEN_MAYA_MODERN_FEMALE_8 Operation=58 PlotIndex=1818
mission CityName=LOC_CITY_NAME_OTTAWA CompletionTurn=62 EscapeResult=-1 InitialResult=3 LevelAfter=1 LootInfo=-1 Name=LOC_CITIZEN_MAYA_MALE_5 Operation=58 PlotIndex=978
mission CityName=LOC_CITY_NAME_MONTREAL CompletionTurn=62 EscapeResult=-1 InitialResult=5 LevelAfter=2 LootInfo=-1 Name=LOC_CITIZEN_MAYA_MALE_3 Operation=58 PlotIndex=1314
mission CityName=LOC_CITY_NAME_OTTAWA CompletionTurn=58 EscapeResult=-1 InitialResult=5 LevelAfter=2 LootInfo=-1 Name=LOC_CITIZEN_MAYA_MODERN_FEMALE_9 Operation=58 PlotIndex=978
mission CityName=LOC_CITY_NAME_MONTREAL CompletionTurn=58 EscapeResult=-1 InitialResult=1 LevelAfter=1 LootInfo=-1 Name=LOC_CITIZEN_MAYA_FEMALE_5 Operation=58 PlotIndex=1314
tally 7  FOMENT_UNREST CAPTURED / NO_RESULT
tally 1  FOMENT_UNREST FAIL_MUST_ESCAPE / CAPTURED
tally 1  FOMENT_UNREST FAIL_MUST_ESCAPE / FAIL_MUST_ESCAPE
tally 1  FOMENT_UNREST FAIL_MUST_ESCAPE / KILLED
tally 4  FOMENT_UNREST FAIL_UNDETECTED / NO_RESULT
tally 2  FOMENT_UNREST KILLED / NO_RESULT
tally 1  FOMENT_UNREST SUCCESS_MUST_ESCAPE / CAPTURED
tally 3  FOMENT_UNREST SUCCESS_MUST_ESCAPE / FAIL_MUST_ESCAPE
tally 3  FOMENT_UNREST SUCCESS_MUST_ESCAPE / KILLED
tally 3  FOMENT_UNREST SUCCESS_MUST_ESCAPE / NO_RESULT
tally 4  FOMENT_UNREST SUCCESS_UNDETECTED / NO_RESULT
turn 89 spies active 5 idle 2 missions 30 captured-enemy 0
spy 4849674 LOC_CITIZEN_MAYA_MODERN_FEMALE_8 level 1 at 54:21 busy
spy 4915213 LOC_CITIZEN_MAYA_FEMALE_6 level 1 at 54:21 refused
spy 4063246 LOC_CITIZEN_MAYA_MALE_2 level 1 at 54:15 busy
spy 4128784 LOC_CITIZEN_MAYA_MODERN_MALE_5 level 1 at 16:9 busy
spy 4784147 LOC_CITIZEN_MAYA_MODERN_MALE_1 level 1 at 54:11 start
spy 3735572 LOC_CITIZEN_MAYA_MALE_6 level 1 at 60:16 busy
spy 4522006 LOC_CITIZEN_MAYA_MALE_5 level 1 at 54:11 start
turn 89 spies 7 started 2 travelled 0 promoted 0 bought 0 gold 50000
unblock: blocker ENDTURN_BLOCKING_SPY_CHOOSE_ESCAPE_ROUTE -> escape route DISTRICT_CITY_CENTER of 1 for spy 4063246 LOC_CITIZEN_MAYA_MALE_2 level 1 turn 89 | end turn requested
mission CityName=LOC_CITY_NAME_OTTAWA CompletionTurn=89 EscapeResult=-1 InitialResult=5 LevelAfter=2 LootInfo=-1 Name=LOC_CITIZEN_MAYA_MALE_5 Operation=58 PlotIndex=978
mission CityName=LOC_CITY_NAME_QUEBEC_CITY CompletionTurn=85 EscapeResult=-1 InitialResult=4 LevelAfter=2 LootInfo=-1 Name=LOC_CITIZEN_MAYA_MALE_6 Operation=58 PlotIndex=1404
mission CityName=LOC_CITY_NAME_SAINT_JOHN CompletionTurn=85 EscapeResult=-1 InitialResult=0 LevelAfter=2 LootInfo=-1 Name=LOC_CITIZEN_MAYA_FEMALE_4 Operation=58 PlotIndex=1409
mission CityName=LOC_CITY_NAME_TE_HOKIANGA_NU_A_KUPE CompletionTurn=85 EscapeResult=-1 InitialResult=4 LevelAfter=2 LootInfo=-1 Name=LOC_CITIZEN_MAYA_MODERN_MALE_5 Operation=58 PlotIndex=772
mission CityName=LOC_CITY_NAME_MONTREAL CompletionTurn=85 EscapeResult=0 InitialResult=4 LevelAfter=2 LootInfo=-1 Name=LOC_CITIZEN_MAYA_MALE_2 Operation=58 PlotIndex=1314
mission CityName=LOC_CITY_NAME_NGARUAWAHIA CompletionTurn=85 EscapeResult=-1 InitialResult=1 LevelAfter=2 LootInfo=-1 Name=LOC_CITIZEN_MAYA_MODERN_MALE_9 Operation=58 PlotIndex=1833
mission CityName=LOC_CITY_NAME_QUEBEC_CITY CompletionTurn=80 EscapeResult=-1 InitialResult=3 LevelAfter=1 LootInfo=-1 Name=LOC_CITIZEN_MAYA_MALE_6 Operation=58 PlotIndex=1404
mission CityName=LOC_CITY_NAME_MONTREAL CompletionTurn=79 EscapeResult=-1 InitialResult=1 LevelAfter=1 LootInfo=-1 Name=LOC_CITIZEN_MAYA_MALE_7 Operation=58 PlotIndex=1314
mission CityName=LOC_CITY_NAME_UPPSALA CompletionTurn=79 EscapeResult=0 InitialResult=4 LevelAfter=2 LootInfo=-1 Name=LOC_CITIZEN_MAYA_MODERN_MALE_6 Operation=58 PlotIndex=993
mission CityName=LOC_CITY_NAME_SAINT_JOHN CompletionTurn=77 EscapeResult=-1 InitialResult=1 LevelAfter=1 LootInfo=-1 Name=LOC_CITIZEN_MAYA_MODERN_FEMALE_7 Operation=58 PlotIndex=1409
mission CityName=LOC_CITY_NAME_STOCKHOLM CompletionTurn=75 EscapeResult=1 InitialResult=4 LevelAfter=2 LootInfo=-1 Name=LOC_CITIZEN_MAYA_MODERN_MALE_2 Operation=58 PlotIndex=1253
mission CityName=LOC_CITY_NAME_TORONTO CompletionTurn=75 EscapeResult=2 InitialResult=2 LevelAfter=2 LootInfo=-1 Name=LOC_CITIZEN_MAYA_MODERN_FEMALE_8 Operation=58 PlotIndex=1818
mission CityName=LOC_CITY_NAME_OTTAWA CompletionTurn=75 EscapeResult=2 InitialResult=4 LevelAfter=2 LootInfo=-1 Name=LOC_CITIZEN_MAYA_MALE_5 Operation=58 PlotIndex=978
mission CityName=LOC_CITY_NAME_SAINT_JOHN CompletionTurn=73 EscapeResult=-1 InitialResult=1 LevelAfter=1 LootInfo=-1 Name=LOC_CITIZEN_MAYA_FEMALE_8 Operation=58 PlotIndex=1409
mission CityName=LOC_CITY_NAME_QUEBEC_CITY CompletionTurn=73 EscapeResult=-1 InitialResult=0 LevelAfter=1 LootInfo=-1 Name=LOC_CITIZEN_MAYA_FEMALE_9 Operation=58 PlotIndex=1404
mission CityName=LOC_CITY_NAME_STOCKHOLM CompletionTurn=70 EscapeResult=-1 InitialResult=1 LevelAfter=1 LootInfo=-1 Name=LOC_CITIZEN_MAYA_MALE_1 Operation=58 PlotIndex=1253
mission CityName=LOC_CITY_NAME_GOTEBORG CompletionTurn=70 EscapeResult=0 InitialResult=4 LevelAfter=2 LootInfo=-1 Name=LOC_CITIZEN_MAYA_MODERN_FEMALE_1 Operation=58 PlotIndex=1081
mission CityName=LOC_CITY_NAME_OTTAWA CompletionTurn=70 EscapeResult=1 InitialResult=2 LevelAfter=2 LootInfo=-1 Name=LOC_CITIZEN_MAYA_MODERN_FEMALE_9 Operation=58 PlotIndex=978
mission CityName=LOC_CITY_NAME_QUEBEC_CITY CompletionTurn=68 EscapeResult=-1 InitialResult=1 LevelAfter=1 LootInfo=-1 Name=LOC_CITIZEN_MAYA_MODERN_FEMALE_3 Operation=58 PlotIndex=1404
mission CityName=LOC_CITY_NAME_NGARUAWAHIA CompletionTurn=67 EscapeResult=2 InitialResult=4 LevelAfter=2 LootInfo=-1 Name=LOC_CITIZEN_MAYA_MODERN_MALE_9 Operation=58 PlotIndex=1833
mission CityName=LOC_CITY_NAME_TE_HOKIANGA_NU_A_KUPE CompletionTurn=66 EscapeResult=2 InitialResult=4 LevelAfter=2 LootInfo=-1 Name=LOC_CITIZEN_MAYA_FEMALE_4 Operation=58 PlotIndex=772
mission CityName=LOC_CITY_NAME_MONTREAL CompletionTurn=66 EscapeResult=0 InitialResult=4 LevelAfter=2 LootInfo=-1 Name=LOC_CITIZEN_MAYA_MALE_3 Operation=58 PlotIndex=1314
mission CityName=LOC_CITY_NAME_OTTAWA CompletionTurn=66 EscapeResult=-1 InitialResult=3 LevelAfter=2 LootInfo=-1 Name=LOC_CITIZEN_MAYA_MODERN_FEMALE_9 Operation=58 PlotIndex=978
mission CityName=LOC_CITY_NAME_TORONTO CompletionTurn=66 EscapeResult=0 InitialResult=2 LevelAfter=1 LootInfo=-1 Name=LOC_CITIZEN_MAYA_MALE_8 Operation=58 PlotIndex=1818
mission CityName=LOC_CITY_NAME_QUEBEC_CITY CompletionTurn=64 EscapeResult=-1 InitialResult=3 LevelAfter=1 LootInfo=-1 Name=LOC_CITIZEN_MAYA_MODERN_FEMALE_3 Operation=58 PlotIndex=1404
mission CityName=LOC_CITY_NAME_TORONTO CompletionTurn=62 EscapeResult=-1 InitialResult=5 LevelAfter=2 LootInfo=-1 Name=LOC_CITIZEN_MAYA_MODERN_FEMALE_8 Operation=58 PlotIndex=1818
mission CityName=LOC_CITY_NAME_OTTAWA CompletionTurn=62 EscapeResult=-1 InitialResult=3 LevelAfter=1 LootInfo=-1 Name=LOC_CITIZEN_MAYA_MALE_5 Operation=58 PlotIndex=978
mission CityName=LOC_CITY_NAME_MONTREAL CompletionTurn=62 EscapeResult=-1 InitialResult=5 LevelAfter=2 LootInfo=-1 Name=LOC_CITIZEN_MAYA_MALE_3 Operation=58 PlotIndex=1314
mission CityName=LOC_CITY_NAME_OTTAWA CompletionTurn=58 EscapeResult=-1 InitialResult=5 LevelAfter=2 LootInfo=-1 Name=LOC_CITIZEN_MAYA_MODERN_FEMALE_9 Operation=58 PlotIndex=978
mission CityName=LOC_CITY_NAME_MONTREAL CompletionTurn=58 EscapeResult=-1 InitialResult=1 LevelAfter=1 LootInfo=-1 Name=LOC_CITIZEN_MAYA_FEMALE_5 Operation=58 PlotIndex=1314
tally 7  FOMENT_UNREST CAPTURED / NO_RESULT
tally 1  FOMENT_UNREST FAIL_MUST_ESCAPE / CAPTURED
tally 1  FOMENT_UNREST FAIL_MUST_ESCAPE / FAIL_MUST_ESCAPE
tally 1  FOMENT_UNREST FAIL_MUST_ESCAPE / KILLED
tally 4  FOMENT_UNREST FAIL_UNDETECTED / NO_RESULT
tally 2  FOMENT_UNREST KILLED / NO_RESULT
tally 1  FOMENT_UNREST SUCCESS_MUST_ESCAPE / CAPTURED
tally 3  FOMENT_UNREST SUCCESS_MUST_ESCAPE / FAIL_MUST_ESCAPE
tally 4  FOMENT_UNREST SUCCESS_MUST_ESCAPE / KILLED
tally 2  FOMENT_UNREST SUCCESS_MUST_ESCAPE / NO_RESULT
tally 4  FOMENT_UNREST SUCCESS_UNDETECTED / NO_RESULT
turn 90 spies active 4 idle 2 missions 30 captured-enemy 0
spy 4849674 LOC_CITIZEN_MAYA_MODERN_FEMALE_8 level 1 at 54:21 busy
spy 4915213 LOC_CITIZEN_MAYA_FEMALE_6 level 1 at 54:21 refused
spy 4128784 LOC_CITIZEN_MAYA_MODERN_MALE_5 level 1 at 16:9 busy
spy 4784147 LOC_CITIZEN_MAYA_MODERN_MALE_1 level 1 at 54:11 busy
spy 3735572 LOC_CITIZEN_MAYA_MALE_6 level 1 at 60:16 busy
spy 4522006 LOC_CITIZEN_MAYA_MALE_5 level 1 at 54:11 refused
turn 90 spies 6 started 0 travelled 0 promoted 0 bought 2 gold 50000
unblock: blocker ENDTURN_BLOCKING_SPY_CHOOSE_ESCAPE_ROUTE -> escape route DISTRICT_HARBOR of 2 for spy 4128784 LOC_CITIZEN_MAYA_MODERN_MALE_5 level 1 turn 90 | end turn requested
mission CityName=LOC_CITY_NAME_OTTAWA CompletionTurn=89 EscapeResult=-1 InitialResult=5 LevelAfter=2 LootInfo=-1 Name=LOC_CITIZEN_MAYA_MALE_5 Operation=58 PlotIndex=978
mission CityName=LOC_CITY_NAME_QUEBEC_CITY CompletionTurn=85 EscapeResult=-1 InitialResult=4 LevelAfter=2 LootInfo=-1 Name=LOC_CITIZEN_MAYA_MALE_6 Operation=58 PlotIndex=1404
mission CityName=LOC_CITY_NAME_SAINT_JOHN CompletionTurn=85 EscapeResult=-1 InitialResult=0 LevelAfter=2 LootInfo=-1 Name=LOC_CITIZEN_MAYA_FEMALE_4 Operation=58 PlotIndex=1409
mission CityName=LOC_CITY_NAME_TE_HOKIANGA_NU_A_KUPE CompletionTurn=85 EscapeResult=1 InitialResult=4 LevelAfter=2 LootInfo=-1 Name=LOC_CITIZEN_MAYA_MODERN_MALE_5 Operation=58 PlotIndex=772
mission CityName=LOC_CITY_NAME_MONTREAL CompletionTurn=85 EscapeResult=0 InitialResult=4 LevelAfter=2 LootInfo=-1 Name=LOC_CITIZEN_MAYA_MALE_2 Operation=58 PlotIndex=1314
mission CityName=LOC_CITY_NAME_NGARUAWAHIA CompletionTurn=85 EscapeResult=-1 InitialResult=1 LevelAfter=2 LootInfo=-1 Name=LOC_CITIZEN_MAYA_MODERN_MALE_9 Operation=58 PlotIndex=1833
mission CityName=LOC_CITY_NAME_QUEBEC_CITY CompletionTurn=80 EscapeResult=-1 InitialResult=3 LevelAfter=1 LootInfo=-1 Name=LOC_CITIZEN_MAYA_MALE_6 Operation=58 PlotIndex=1404
mission CityName=LOC_CITY_NAME_MONTREAL CompletionTurn=79 EscapeResult=-1 InitialResult=1 LevelAfter=1 LootInfo=-1 Name=LOC_CITIZEN_MAYA_MALE_7 Operation=58 PlotIndex=1314
mission CityName=LOC_CITY_NAME_UPPSALA CompletionTurn=79 EscapeResult=0 InitialResult=4 LevelAfter=2 LootInfo=-1 Name=LOC_CITIZEN_MAYA_MODERN_MALE_6 Operation=58 PlotIndex=993
mission CityName=LOC_CITY_NAME_SAINT_JOHN CompletionTurn=77 EscapeResult=-1 InitialResult=1 LevelAfter=1 LootInfo=-1 Name=LOC_CITIZEN_MAYA_MODERN_FEMALE_7 Operation=58 PlotIndex=1409
mission CityName=LOC_CITY_NAME_STOCKHOLM CompletionTurn=75 EscapeResult=1 InitialResult=4 LevelAfter=2 LootInfo=-1 Name=LOC_CITIZEN_MAYA_MODERN_MALE_2 Operation=58 PlotIndex=1253
mission CityName=LOC_CITY_NAME_TORONTO CompletionTurn=75 EscapeResult=2 InitialResult=2 LevelAfter=2 LootInfo=-1 Name=LOC_CITIZEN_MAYA_MODERN_FEMALE_8 Operation=58 PlotIndex=1818
mission CityName=LOC_CITY_NAME_OTTAWA CompletionTurn=75 EscapeResult=2 InitialResult=4 LevelAfter=2 LootInfo=-1 Name=LOC_CITIZEN_MAYA_MALE_5 Operation=58 PlotIndex=978
mission CityName=LOC_CITY_NAME_SAINT_JOHN CompletionTurn=73 EscapeResult=-1 InitialResult=1 LevelAfter=1 LootInfo=-1 Name=LOC_CITIZEN_MAYA_FEMALE_8 Operation=58 PlotIndex=1409
mission CityName=LOC_CITY_NAME_QUEBEC_CITY CompletionTurn=73 EscapeResult=-1 InitialResult=0 LevelAfter=1 LootInfo=-1 Name=LOC_CITIZEN_MAYA_FEMALE_9 Operation=58 PlotIndex=1404
mission CityName=LOC_CITY_NAME_STOCKHOLM CompletionTurn=70 EscapeResult=-1 InitialResult=1 LevelAfter=1 LootInfo=-1 Name=LOC_CITIZEN_MAYA_MALE_1 Operation=58 PlotIndex=1253
mission CityName=LOC_CITY_NAME_GOTEBORG CompletionTurn=70 EscapeResult=0 InitialResult=4 LevelAfter=2 LootInfo=-1 Name=LOC_CITIZEN_MAYA_MODERN_FEMALE_1 Operation=58 PlotIndex=1081
mission CityName=LOC_CITY_NAME_OTTAWA CompletionTurn=70 EscapeResult=1 InitialResult=2 LevelAfter=2 LootInfo=-1 Name=LOC_CITIZEN_MAYA_MODERN_FEMALE_9 Operation=58 PlotIndex=978
mission CityName=LOC_CITY_NAME_QUEBEC_CITY CompletionTurn=68 EscapeResult=-1 InitialResult=1 LevelAfter=1 LootInfo=-1 Name=LOC_CITIZEN_MAYA_MODERN_FEMALE_3 Operation=58 PlotIndex=1404
mission CityName=LOC_CITY_NAME_NGARUAWAHIA CompletionTurn=67 EscapeResult=2 InitialResult=4 LevelAfter=2 LootInfo=-1 Name=LOC_CITIZEN_MAYA_MODERN_MALE_9 Operation=58 PlotIndex=1833
mission CityName=LOC_CITY_NAME_TE_HOKIANGA_NU_A_KUPE CompletionTurn=66 EscapeResult=2 InitialResult=4 LevelAfter=2 LootInfo=-1 Name=LOC_CITIZEN_MAYA_FEMALE_4 Operation=58 PlotIndex=772
mission CityName=LOC_CITY_NAME_MONTREAL CompletionTurn=66 EscapeResult=0 InitialResult=4 LevelAfter=2 LootInfo=-1 Name=LOC_CITIZEN_MAYA_MALE_3 Operation=58 PlotIndex=1314
mission CityName=LOC_CITY_NAME_OTTAWA CompletionTurn=66 EscapeResult=-1 InitialResult=3 LevelAfter=2 LootInfo=-1 Name=LOC_CITIZEN_MAYA_MODERN_FEMALE_9 Operation=58 PlotIndex=978
mission CityName=LOC_CITY_NAME_TORONTO CompletionTurn=66 EscapeResult=0 InitialResult=2 LevelAfter=1 LootInfo=-1 Name=LOC_CITIZEN_MAYA_MALE_8 Operation=58 PlotIndex=1818
mission CityName=LOC_CITY_NAME_QUEBEC_CITY CompletionTurn=64 EscapeResult=-1 InitialResult=3 LevelAfter=1 LootInfo=-1 Name=LOC_CITIZEN_MAYA_MODERN_FEMALE_3 Operation=58 PlotIndex=1404
mission CityName=LOC_CITY_NAME_TORONTO CompletionTurn=62 EscapeResult=-1 InitialResult=5 LevelAfter=2 LootInfo=-1 Name=LOC_CITIZEN_MAYA_MODERN_FEMALE_8 Operation=58 PlotIndex=1818
mission CityName=LOC_CITY_NAME_OTTAWA CompletionTurn=62 EscapeResult=-1 InitialResult=3 LevelAfter=1 LootInfo=-1 Name=LOC_CITIZEN_MAYA_MALE_5 Operation=58 PlotIndex=978
mission CityName=LOC_CITY_NAME_MONTREAL CompletionTurn=62 EscapeResult=-1 InitialResult=5 LevelAfter=2 LootInfo=-1 Name=LOC_CITIZEN_MAYA_MALE_3 Operation=58 PlotIndex=1314
mission CityName=LOC_CITY_NAME_OTTAWA CompletionTurn=58 EscapeResult=-1 InitialResult=5 LevelAfter=2 LootInfo=-1 Name=LOC_CITIZEN_MAYA_MODERN_FEMALE_9 Operation=58 PlotIndex=978
mission CityName=LOC_CITY_NAME_MONTREAL CompletionTurn=58 EscapeResult=-1 InitialResult=1 LevelAfter=1 LootInfo=-1 Name=LOC_CITIZEN_MAYA_FEMALE_5 Operation=58 PlotIndex=1314
tally 7  FOMENT_UNREST CAPTURED / NO_RESULT
tally 1  FOMENT_UNREST FAIL_MUST_ESCAPE / CAPTURED
tally 1  FOMENT_UNREST FAIL_MUST_ESCAPE / FAIL_MUST_ESCAPE
tally 1  FOMENT_UNREST FAIL_MUST_ESCAPE / KILLED
tally 4  FOMENT_UNREST FAIL_UNDETECTED / NO_RESULT
tally 2  FOMENT_UNREST KILLED / NO_RESULT
tally 2  FOMENT_UNREST SUCCESS_MUST_ESCAPE / CAPTURED
tally 3  FOMENT_UNREST SUCCESS_MUST_ESCAPE / FAIL_MUST_ESCAPE
tally 4  FOMENT_UNREST SUCCESS_MUST_ESCAPE / KILLED
tally 1  FOMENT_UNREST SUCCESS_MUST_ESCAPE / NO_RESULT
tally 4  FOMENT_UNREST SUCCESS_UNDETECTED / NO_RESULT
turn 91 spies active 3 idle 3 missions 30 captured-enemy 0
spy 4849674 LOC_CITIZEN_MAYA_MODERN_FEMALE_8 level 1 at 54:21 busy
spy 4915213 LOC_CITIZEN_MAYA_FEMALE_6 level 1 at 54:21 refused
spy 5111822 LOC_CITIZEN_MAYA_MODERN_FEMALE_5 level 1 at 36:42 notarget
spy 4784147 LOC_CITIZEN_MAYA_MODERN_MALE_1 level 1 at 54:11 busy
spy 3735572 LOC_CITIZEN_MAYA_MALE_6 level 1 at 60:16 busy
spy 4522006 LOC_CITIZEN_MAYA_MALE_5 level 1 at 54:11 refused
turn 91 spies 6 started 0 travelled 0 promoted 0 bought 0 gold 46255
unblock: blocker ENDTURN_BLOCKING_COMMEMORATION_AVAILABLE -> nothing | end turn requested
unstuck: EraCompletePopup: closed
unblock: blocker ENDTURN_BLOCKING_COMMEMORATION_AVAILABLE -> nothing | end turn requested
unstuck: closed sessions [1:1]
unstuck: DiplomacyActionView: Closing Diplomacy Action View. m_eventID: 344472
mission CityName=LOC_CITY_NAME_TORONTO CompletionTurn=91 EscapeResult=-1 InitialResult=2 LevelAfter=2 LootInfo=-1 Name=LOC_CITIZEN_MAYA_MODERN_FEMALE_8 Operation=58 PlotIndex=1818
mission CityName=LOC_CITY_NAME_OTTAWA CompletionTurn=89 EscapeResult=-1 InitialResult=5 LevelAfter=2 LootInfo=-1 Name=LOC_CITIZEN_MAYA_MALE_5 Operation=58 PlotIndex=978
mission CityName=LOC_CITY_NAME_QUEBEC_CITY CompletionTurn=85 EscapeResult=-1 InitialResult=4 LevelAfter=2 LootInfo=-1 Name=LOC_CITIZEN_MAYA_MALE_6 Operation=58 PlotIndex=1404
mission CityName=LOC_CITY_NAME_SAINT_JOHN CompletionTurn=85 EscapeResult=-1 InitialResult=0 LevelAfter=2 LootInfo=-1 Name=LOC_CITIZEN_MAYA_FEMALE_4 Operation=58 PlotIndex=1409
mission CityName=LOC_CITY_NAME_TE_HOKIANGA_NU_A_KUPE CompletionTurn=85 EscapeResult=1 InitialResult=4 LevelAfter=2 LootInfo=-1 Name=LOC_CITIZEN_MAYA_MODERN_MALE_5 Operation=58 PlotIndex=772
mission CityName=LOC_CITY_NAME_MONTREAL CompletionTurn=85 EscapeResult=0 InitialResult=4 LevelAfter=2 LootInfo=-1 Name=LOC_CITIZEN_MAYA_MALE_2 Operation=58 PlotIndex=1314
mission CityName=LOC_CITY_NAME_NGARUAWAHIA CompletionTurn=85 EscapeResult=-1 InitialResult=1 LevelAfter=2 LootInfo=-1 Name=LOC_CITIZEN_MAYA_MODERN_MALE_9 Operation=58 PlotIndex=1833
mission CityName=LOC_CITY_NAME_QUEBEC_CITY CompletionTurn=80 EscapeResult=-1 InitialResult=3 LevelAfter=1 LootInfo=-1 Name=LOC_CITIZEN_MAYA_MALE_6 Operation=58 PlotIndex=1404
mission CityName=LOC_CITY_NAME_MONTREAL CompletionTurn=79 EscapeResult=-1 InitialResult=1 LevelAfter=1 LootInfo=-1 Name=LOC_CITIZEN_MAYA_MALE_7 Operation=58 PlotIndex=1314
mission CityName=LOC_CITY_NAME_UPPSALA CompletionTurn=79 EscapeResult=0 InitialResult=4 LevelAfter=2 LootInfo=-1 Name=LOC_CITIZEN_MAYA_MODERN_MALE_6 Operation=58 PlotIndex=993
mission CityName=LOC_CITY_NAME_SAINT_JOHN CompletionTurn=77 EscapeResult=-1 InitialResult=1 LevelAfter=1 LootInfo=-1 Name=LOC_CITIZEN_MAYA_MODERN_FEMALE_7 Operation=58 PlotIndex=1409
mission CityName=LOC_CITY_NAME_STOCKHOLM CompletionTurn=75 EscapeResult=1 InitialResult=4 LevelAfter=2 LootInfo=-1 Name=LOC_CITIZEN_MAYA_MODERN_MALE_2 Operation=58 PlotIndex=1253
mission CityName=LOC_CITY_NAME_TORONTO CompletionTurn=75 EscapeResult=2 InitialResult=2 LevelAfter=2 LootInfo=-1 Name=LOC_CITIZEN_MAYA_MODERN_FEMALE_8 Operation=58 PlotIndex=1818
mission CityName=LOC_CITY_NAME_OTTAWA CompletionTurn=75 EscapeResult=2 InitialResult=4 LevelAfter=2 LootInfo=-1 Name=LOC_CITIZEN_MAYA_MALE_5 Operation=58 PlotIndex=978
mission CityName=LOC_CITY_NAME_SAINT_JOHN CompletionTurn=73 EscapeResult=-1 InitialResult=1 LevelAfter=1 LootInfo=-1 Name=LOC_CITIZEN_MAYA_FEMALE_8 Operation=58 PlotIndex=1409
mission CityName=LOC_CITY_NAME_QUEBEC_CITY CompletionTurn=73 EscapeResult=-1 InitialResult=0 LevelAfter=1 LootInfo=-1 Name=LOC_CITIZEN_MAYA_FEMALE_9 Operation=58 PlotIndex=1404
mission CityName=LOC_CITY_NAME_STOCKHOLM CompletionTurn=70 EscapeResult=-1 InitialResult=1 LevelAfter=1 LootInfo=-1 Name=LOC_CITIZEN_MAYA_MALE_1 Operation=58 PlotIndex=1253
mission CityName=LOC_CITY_NAME_GOTEBORG CompletionTurn=70 EscapeResult=0 InitialResult=4 LevelAfter=2 LootInfo=-1 Name=LOC_CITIZEN_MAYA_MODERN_FEMALE_1 Operation=58 PlotIndex=1081
mission CityName=LOC_CITY_NAME_OTTAWA CompletionTurn=70 EscapeResult=1 InitialResult=2 LevelAfter=2 LootInfo=-1 Name=LOC_CITIZEN_MAYA_MODERN_FEMALE_9 Operation=58 PlotIndex=978
mission CityName=LOC_CITY_NAME_QUEBEC_CITY CompletionTurn=68 EscapeResult=-1 InitialResult=1 LevelAfter=1 LootInfo=-1 Name=LOC_CITIZEN_MAYA_MODERN_FEMALE_3 Operation=58 PlotIndex=1404
mission CityName=LOC_CITY_NAME_NGARUAWAHIA CompletionTurn=67 EscapeResult=2 InitialResult=4 LevelAfter=2 LootInfo=-1 Name=LOC_CITIZEN_MAYA_MODERN_MALE_9 Operation=58 PlotIndex=1833
mission CityName=LOC_CITY_NAME_TE_HOKIANGA_NU_A_KUPE CompletionTurn=66 EscapeResult=2 InitialResult=4 LevelAfter=2 LootInfo=-1 Name=LOC_CITIZEN_MAYA_FEMALE_4 Operation=58 PlotIndex=772
mission CityName=LOC_CITY_NAME_MONTREAL CompletionTurn=66 EscapeResult=0 InitialResult=4 LevelAfter=2 LootInfo=-1 Name=LOC_CITIZEN_MAYA_MALE_3 Operation=58 PlotIndex=1314
mission CityName=LOC_CITY_NAME_OTTAWA CompletionTurn=66 EscapeResult=-1 InitialResult=3 LevelAfter=2 LootInfo=-1 Name=LOC_CITIZEN_MAYA_MODERN_FEMALE_9 Operation=58 PlotIndex=978
mission CityName=LOC_CITY_NAME_TORONTO CompletionTurn=66 EscapeResult=0 InitialResult=2 LevelAfter=1 LootInfo=-1 Name=LOC_CITIZEN_MAYA_MALE_8 Operation=58 PlotIndex=1818
mission CityName=LOC_CITY_NAME_QUEBEC_CITY CompletionTurn=64 EscapeResult=-1 InitialResult=3 LevelAfter=1 LootInfo=-1 Name=LOC_CITIZEN_MAYA_MODERN_FEMALE_3 Operation=58 PlotIndex=1404
mission CityName=LOC_CITY_NAME_TORONTO CompletionTurn=62 EscapeResult=-1 InitialResult=5 LevelAfter=2 LootInfo=-1 Name=LOC_CITIZEN_MAYA_MODERN_FEMALE_8 Operation=58 PlotIndex=1818
mission CityName=LOC_CITY_NAME_OTTAWA CompletionTurn=62 EscapeResult=-1 InitialResult=3 LevelAfter=1 LootInfo=-1 Name=LOC_CITIZEN_MAYA_MALE_5 Operation=58 PlotIndex=978
mission CityName=LOC_CITY_NAME_MONTREAL CompletionTurn=62 EscapeResult=-1 InitialResult=5 LevelAfter=2 LootInfo=-1 Name=LOC_CITIZEN_MAYA_MALE_3 Operation=58 PlotIndex=1314
mission CityName=LOC_CITY_NAME_OTTAWA CompletionTurn=58 EscapeResult=-1 InitialResult=5 LevelAfter=2 LootInfo=-1 Name=LOC_CITIZEN_MAYA_MODERN_FEMALE_9 Operation=58 PlotIndex=978
mission CityName=LOC_CITY_NAME_MONTREAL CompletionTurn=58 EscapeResult=-1 InitialResult=1 LevelAfter=1 LootInfo=-1 Name=LOC_CITIZEN_MAYA_FEMALE_5 Operation=58 PlotIndex=1314
tally 7  FOMENT_UNREST CAPTURED / NO_RESULT
tally 1  FOMENT_UNREST FAIL_MUST_ESCAPE / CAPTURED
tally 1  FOMENT_UNREST FAIL_MUST_ESCAPE / FAIL_MUST_ESCAPE
tally 1  FOMENT_UNREST FAIL_MUST_ESCAPE / KILLED
tally 1  FOMENT_UNREST FAIL_MUST_ESCAPE / NO_RESULT
tally 4  FOMENT_UNREST FAIL_UNDETECTED / NO_RESULT
tally 2  FOMENT_UNREST KILLED / NO_RESULT
tally 2  FOMENT_UNREST SUCCESS_MUST_ESCAPE / CAPTURED
tally 3  FOMENT_UNREST SUCCESS_MUST_ESCAPE / FAIL_MUST_ESCAPE
tally 4  FOMENT_UNREST SUCCESS_MUST_ESCAPE / KILLED
tally 1  FOMENT_UNREST SUCCESS_MUST_ESCAPE / NO_RESULT
tally 4  FOMENT_UNREST SUCCESS_UNDETECTED / NO_RESULT
turn 92 spies active 3 idle 3 missions 31 captured-enemy 0
spy 4849674 LOC_CITIZEN_MAYA_MODERN_FEMALE_8 level 1 at 54:21 busy
spy 4915213 LOC_CITIZEN_MAYA_FEMALE_6 level 1 at 54:21 refused
spy 5111822 LOC_CITIZEN_MAYA_MODERN_FEMALE_5 level 1 at 36:42 travel
spy 4784147 LOC_CITIZEN_MAYA_MODERN_MALE_1 level 1 at 54:11 busy
spy 3735572 LOC_CITIZEN_MAYA_MALE_6 level 1 at 60:16 busy
spy 4522006 LOC_CITIZEN_MAYA_MALE_5 level 1 at 54:11 refused
turn 92 spies 6 started 0 travelled 1 promoted 0 bought 0 gold 50000
unblock: blocker ENDTURN_BLOCKING_COMMEMORATION_AVAILABLE -> nothing | end turn requested
unblock: blocker ENDTURN_BLOCKING_COMMEMORATION_AVAILABLE -> nothing | end turn requested
unstuck: closed sessions [2:2]
unstuck: DiplomacyActionView: Closing Diplomacy Action View. m_eventID: 354286
mission CityName=LOC_CITY_NAME_OTTAWA CompletionTurn=93 EscapeResult=-1 InitialResult=5 LevelAfter=2 LootInfo=-1 Name=LOC_CITIZEN_MAYA_MODERN_MALE_1 Operation=58 PlotIndex=978
mission CityName=LOC_CITY_NAME_TORONTO CompletionTurn=91 EscapeResult=-1 InitialResult=2 LevelAfter=2 LootInfo=-1 Name=LOC_CITIZEN_MAYA_MODERN_FEMALE_8 Operation=58 PlotIndex=1818
mission CityName=LOC_CITY_NAME_OTTAWA CompletionTurn=89 EscapeResult=-1 InitialResult=5 LevelAfter=2 LootInfo=-1 Name=LOC_CITIZEN_MAYA_MALE_5 Operation=58 PlotIndex=978
mission CityName=LOC_CITY_NAME_QUEBEC_CITY CompletionTurn=85 EscapeResult=-1 InitialResult=4 LevelAfter=2 LootInfo=-1 Name=LOC_CITIZEN_MAYA_MALE_6 Operation=58 PlotIndex=1404
mission CityName=LOC_CITY_NAME_SAINT_JOHN CompletionTurn=85 EscapeResult=-1 InitialResult=0 LevelAfter=2 LootInfo=-1 Name=LOC_CITIZEN_MAYA_FEMALE_4 Operation=58 PlotIndex=1409
mission CityName=LOC_CITY_NAME_TE_HOKIANGA_NU_A_KUPE CompletionTurn=85 EscapeResult=1 InitialResult=4 LevelAfter=2 LootInfo=-1 Name=LOC_CITIZEN_MAYA_MODERN_MALE_5 Operation=58 PlotIndex=772
mission CityName=LOC_CITY_NAME_MONTREAL CompletionTurn=85 EscapeResult=0 InitialResult=4 LevelAfter=2 LootInfo=-1 Name=LOC_CITIZEN_MAYA_MALE_2 Operation=58 PlotIndex=1314
mission CityName=LOC_CITY_NAME_NGARUAWAHIA CompletionTurn=85 EscapeResult=-1 InitialResult=1 LevelAfter=2 LootInfo=-1 Name=LOC_CITIZEN_MAYA_MODERN_MALE_9 Operation=58 PlotIndex=1833
mission CityName=LOC_CITY_NAME_QUEBEC_CITY CompletionTurn=80 EscapeResult=-1 InitialResult=3 LevelAfter=1 LootInfo=-1 Name=LOC_CITIZEN_MAYA_MALE_6 Operation=58 PlotIndex=1404
mission CityName=LOC_CITY_NAME_MONTREAL CompletionTurn=79 EscapeResult=-1 InitialResult=1 LevelAfter=1 LootInfo=-1 Name=LOC_CITIZEN_MAYA_MALE_7 Operation=58 PlotIndex=1314
mission CityName=LOC_CITY_NAME_UPPSALA CompletionTurn=79 EscapeResult=0 InitialResult=4 LevelAfter=2 LootInfo=-1 Name=LOC_CITIZEN_MAYA_MODERN_MALE_6 Operation=58 PlotIndex=993
mission CityName=LOC_CITY_NAME_SAINT_JOHN CompletionTurn=77 EscapeResult=-1 InitialResult=1 LevelAfter=1 LootInfo=-1 Name=LOC_CITIZEN_MAYA_MODERN_FEMALE_7 Operation=58 PlotIndex=1409
mission CityName=LOC_CITY_NAME_STOCKHOLM CompletionTurn=75 EscapeResult=1 InitialResult=4 LevelAfter=2 LootInfo=-1 Name=LOC_CITIZEN_MAYA_MODERN_MALE_2 Operation=58 PlotIndex=1253
mission CityName=LOC_CITY_NAME_TORONTO CompletionTurn=75 EscapeResult=2 InitialResult=2 LevelAfter=2 LootInfo=-1 Name=LOC_CITIZEN_MAYA_MODERN_FEMALE_8 Operation=58 PlotIndex=1818
mission CityName=LOC_CITY_NAME_OTTAWA CompletionTurn=75 EscapeResult=2 InitialResult=4 LevelAfter=2 LootInfo=-1 Name=LOC_CITIZEN_MAYA_MALE_5 Operation=58 PlotIndex=978
mission CityName=LOC_CITY_NAME_SAINT_JOHN CompletionTurn=73 EscapeResult=-1 InitialResult=1 LevelAfter=1 LootInfo=-1 Name=LOC_CITIZEN_MAYA_FEMALE_8 Operation=58 PlotIndex=1409
mission CityName=LOC_CITY_NAME_QUEBEC_CITY CompletionTurn=73 EscapeResult=-1 InitialResult=0 LevelAfter=1 LootInfo=-1 Name=LOC_CITIZEN_MAYA_FEMALE_9 Operation=58 PlotIndex=1404
mission CityName=LOC_CITY_NAME_STOCKHOLM CompletionTurn=70 EscapeResult=-1 InitialResult=1 LevelAfter=1 LootInfo=-1 Name=LOC_CITIZEN_MAYA_MALE_1 Operation=58 PlotIndex=1253
mission CityName=LOC_CITY_NAME_GOTEBORG CompletionTurn=70 EscapeResult=0 InitialResult=4 LevelAfter=2 LootInfo=-1 Name=LOC_CITIZEN_MAYA_MODERN_FEMALE_1 Operation=58 PlotIndex=1081
mission CityName=LOC_CITY_NAME_OTTAWA CompletionTurn=70 EscapeResult=1 InitialResult=2 LevelAfter=2 LootInfo=-1 Name=LOC_CITIZEN_MAYA_MODERN_FEMALE_9 Operation=58 PlotIndex=978
mission CityName=LOC_CITY_NAME_QUEBEC_CITY CompletionTurn=68 EscapeResult=-1 InitialResult=1 LevelAfter=1 LootInfo=-1 Name=LOC_CITIZEN_MAYA_MODERN_FEMALE_3 Operation=58 PlotIndex=1404
mission CityName=LOC_CITY_NAME_NGARUAWAHIA CompletionTurn=67 EscapeResult=2 InitialResult=4 LevelAfter=2 LootInfo=-1 Name=LOC_CITIZEN_MAYA_MODERN_MALE_9 Operation=58 PlotIndex=1833
mission CityName=LOC_CITY_NAME_TE_HOKIANGA_NU_A_KUPE CompletionTurn=66 EscapeResult=2 InitialResult=4 LevelAfter=2 LootInfo=-1 Name=LOC_CITIZEN_MAYA_FEMALE_4 Operation=58 PlotIndex=772
mission CityName=LOC_CITY_NAME_MONTREAL CompletionTurn=66 EscapeResult=0 InitialResult=4 LevelAfter=2 LootInfo=-1 Name=LOC_CITIZEN_MAYA_MALE_3 Operation=58 PlotIndex=1314
mission CityName=LOC_CITY_NAME_OTTAWA CompletionTurn=66 EscapeResult=-1 InitialResult=3 LevelAfter=2 LootInfo=-1 Name=LOC_CITIZEN_MAYA_MODERN_FEMALE_9 Operation=58 PlotIndex=978
mission CityName=LOC_CITY_NAME_TORONTO CompletionTurn=66 EscapeResult=0 InitialResult=2 LevelAfter=1 LootInfo=-1 Name=LOC_CITIZEN_MAYA_MALE_8 Operation=58 PlotIndex=1818
mission CityName=LOC_CITY_NAME_QUEBEC_CITY CompletionTurn=64 EscapeResult=-1 InitialResult=3 LevelAfter=1 LootInfo=-1 Name=LOC_CITIZEN_MAYA_MODERN_FEMALE_3 Operation=58 PlotIndex=1404
mission CityName=LOC_CITY_NAME_TORONTO CompletionTurn=62 EscapeResult=-1 InitialResult=5 LevelAfter=2 LootInfo=-1 Name=LOC_CITIZEN_MAYA_MODERN_FEMALE_8 Operation=58 PlotIndex=1818
mission CityName=LOC_CITY_NAME_OTTAWA CompletionTurn=62 EscapeResult=-1 InitialResult=3 LevelAfter=1 LootInfo=-1 Name=LOC_CITIZEN_MAYA_MALE_5 Operation=58 PlotIndex=978
mission CityName=LOC_CITY_NAME_MONTREAL CompletionTurn=62 EscapeResult=-1 InitialResult=5 LevelAfter=2 LootInfo=-1 Name=LOC_CITIZEN_MAYA_MALE_3 Operation=58 PlotIndex=1314
mission CityName=LOC_CITY_NAME_OTTAWA CompletionTurn=58 EscapeResult=-1 InitialResult=5 LevelAfter=2 LootInfo=-1 Name=LOC_CITIZEN_MAYA_MODERN_FEMALE_9 Operation=58 PlotIndex=978
mission CityName=LOC_CITY_NAME_MONTREAL CompletionTurn=58 EscapeResult=-1 InitialResult=1 LevelAfter=1 LootInfo=-1 Name=LOC_CITIZEN_MAYA_FEMALE_5 Operation=58 PlotIndex=1314
tally 7  FOMENT_UNREST CAPTURED / NO_RESULT
tally 1  FOMENT_UNREST FAIL_MUST_ESCAPE / CAPTURED
tally 1  FOMENT_UNREST FAIL_MUST_ESCAPE / FAIL_MUST_ESCAPE
tally 1  FOMENT_UNREST FAIL_MUST_ESCAPE / KILLED
tally 1  FOMENT_UNREST FAIL_MUST_ESCAPE / NO_RESULT
tally 4  FOMENT_UNREST FAIL_UNDETECTED / NO_RESULT
tally 2  FOMENT_UNREST KILLED / NO_RESULT
tally 2  FOMENT_UNREST SUCCESS_MUST_ESCAPE / CAPTURED
tally 3  FOMENT_UNREST SUCCESS_MUST_ESCAPE / FAIL_MUST_ESCAPE
tally 4  FOMENT_UNREST SUCCESS_MUST_ESCAPE / KILLED
tally 1  FOMENT_UNREST SUCCESS_MUST_ESCAPE / NO_RESULT
tally 5  FOMENT_UNREST SUCCESS_UNDETECTED / NO_RESULT
turn 93 spies active 2 idle 3 missions 32 captured-enemy 0
spy 4849674 LOC_CITIZEN_MAYA_MODERN_FEMALE_8 level 1 at 54:21 busy
spy 4915213 LOC_CITIZEN_MAYA_FEMALE_6 level 1 at 54:21 refused
spy 4784147 LOC_CITIZEN_MAYA_MODERN_MALE_1 level 1 at 54:11 start
spy 3735572 LOC_CITIZEN_MAYA_MALE_6 level 1 at 60:16 busy
spy 4522006 LOC_CITIZEN_MAYA_MALE_5 level 1 at 54:11 start
turn 93 spies 5 started 2 travelled 0 promoted 0 bought 0 gold 50000
unblock: blocker ENDTURN_BLOCKING_COMMEMORATION_AVAILABLE -> nothing | end turn requested
mission CityName=LOC_CITY_NAME_OTTAWA CompletionTurn=93 EscapeResult=-1 InitialResult=5 LevelAfter=2 LootInfo=-1 Name=LOC_CITIZEN_MAYA_MODERN_MALE_1 Operation=58 PlotIndex=978
mission CityName=LOC_CITY_NAME_TORONTO CompletionTurn=91 EscapeResult=-1 InitialResult=2 LevelAfter=2 LootInfo=-1 Name=LOC_CITIZEN_MAYA_MODERN_FEMALE_8 Operation=58 PlotIndex=1818
mission CityName=LOC_CITY_NAME_OTTAWA CompletionTurn=89 EscapeResult=-1 InitialResult=5 LevelAfter=2 LootInfo=-1 Name=LOC_CITIZEN_MAYA_MALE_5 Operation=58 PlotIndex=978
mission CityName=LOC_CITY_NAME_QUEBEC_CITY CompletionTurn=85 EscapeResult=-1 InitialResult=4 LevelAfter=2 LootInfo=-1 Name=LOC_CITIZEN_MAYA_MALE_6 Operation=58 PlotIndex=1404
mission CityName=LOC_CITY_NAME_SAINT_JOHN CompletionTurn=85 EscapeResult=-1 InitialResult=0 LevelAfter=2 LootInfo=-1 Name=LOC_CITIZEN_MAYA_FEMALE_4 Operation=58 PlotIndex=1409
mission CityName=LOC_CITY_NAME_TE_HOKIANGA_NU_A_KUPE CompletionTurn=85 EscapeResult=1 InitialResult=4 LevelAfter=2 LootInfo=-1 Name=LOC_CITIZEN_MAYA_MODERN_MALE_5 Operation=58 PlotIndex=772
mission CityName=LOC_CITY_NAME_MONTREAL CompletionTurn=85 EscapeResult=0 InitialResult=4 LevelAfter=2 LootInfo=-1 Name=LOC_CITIZEN_MAYA_MALE_2 Operation=58 PlotIndex=1314
mission CityName=LOC_CITY_NAME_NGARUAWAHIA CompletionTurn=85 EscapeResult=-1 InitialResult=1 LevelAfter=2 LootInfo=-1 Name=LOC_CITIZEN_MAYA_MODERN_MALE_9 Operation=58 PlotIndex=1833
mission CityName=LOC_CITY_NAME_QUEBEC_CITY CompletionTurn=80 EscapeResult=-1 InitialResult=3 LevelAfter=1 LootInfo=-1 Name=LOC_CITIZEN_MAYA_MALE_6 Operation=58 PlotIndex=1404
mission CityName=LOC_CITY_NAME_MONTREAL CompletionTurn=79 EscapeResult=-1 InitialResult=1 LevelAfter=1 LootInfo=-1 Name=LOC_CITIZEN_MAYA_MALE_7 Operation=58 PlotIndex=1314
mission CityName=LOC_CITY_NAME_UPPSALA CompletionTurn=79 EscapeResult=0 InitialResult=4 LevelAfter=2 LootInfo=-1 Name=LOC_CITIZEN_MAYA_MODERN_MALE_6 Operation=58 PlotIndex=993
mission CityName=LOC_CITY_NAME_SAINT_JOHN CompletionTurn=77 EscapeResult=-1 InitialResult=1 LevelAfter=1 LootInfo=-1 Name=LOC_CITIZEN_MAYA_MODERN_FEMALE_7 Operation=58 PlotIndex=1409
mission CityName=LOC_CITY_NAME_STOCKHOLM CompletionTurn=75 EscapeResult=1 InitialResult=4 LevelAfter=2 LootInfo=-1 Name=LOC_CITIZEN_MAYA_MODERN_MALE_2 Operation=58 PlotIndex=1253
mission CityName=LOC_CITY_NAME_TORONTO CompletionTurn=75 EscapeResult=2 InitialResult=2 LevelAfter=2 LootInfo=-1 Name=LOC_CITIZEN_MAYA_MODERN_FEMALE_8 Operation=58 PlotIndex=1818
mission CityName=LOC_CITY_NAME_OTTAWA CompletionTurn=75 EscapeResult=2 InitialResult=4 LevelAfter=2 LootInfo=-1 Name=LOC_CITIZEN_MAYA_MALE_5 Operation=58 PlotIndex=978
mission CityName=LOC_CITY_NAME_SAINT_JOHN CompletionTurn=73 EscapeResult=-1 InitialResult=1 LevelAfter=1 LootInfo=-1 Name=LOC_CITIZEN_MAYA_FEMALE_8 Operation=58 PlotIndex=1409
mission CityName=LOC_CITY_NAME_QUEBEC_CITY CompletionTurn=73 EscapeResult=-1 InitialResult=0 LevelAfter=1 LootInfo=-1 Name=LOC_CITIZEN_MAYA_FEMALE_9 Operation=58 PlotIndex=1404
mission CityName=LOC_CITY_NAME_STOCKHOLM CompletionTurn=70 EscapeResult=-1 InitialResult=1 LevelAfter=1 LootInfo=-1 Name=LOC_CITIZEN_MAYA_MALE_1 Operation=58 PlotIndex=1253
mission CityName=LOC_CITY_NAME_GOTEBORG CompletionTurn=70 EscapeResult=0 InitialResult=4 LevelAfter=2 LootInfo=-1 Name=LOC_CITIZEN_MAYA_MODERN_FEMALE_1 Operation=58 PlotIndex=1081
mission CityName=LOC_CITY_NAME_OTTAWA CompletionTurn=70 EscapeResult=1 InitialResult=2 LevelAfter=2 LootInfo=-1 Name=LOC_CITIZEN_MAYA_MODERN_FEMALE_9 Operation=58 PlotIndex=978
mission CityName=LOC_CITY_NAME_QUEBEC_CITY CompletionTurn=68 EscapeResult=-1 InitialResult=1 LevelAfter=1 LootInfo=-1 Name=LOC_CITIZEN_MAYA_MODERN_FEMALE_3 Operation=58 PlotIndex=1404
mission CityName=LOC_CITY_NAME_NGARUAWAHIA CompletionTurn=67 EscapeResult=2 InitialResult=4 LevelAfter=2 LootInfo=-1 Name=LOC_CITIZEN_MAYA_MODERN_MALE_9 Operation=58 PlotIndex=1833
mission CityName=LOC_CITY_NAME_TE_HOKIANGA_NU_A_KUPE CompletionTurn=66 EscapeResult=2 InitialResult=4 LevelAfter=2 LootInfo=-1 Name=LOC_CITIZEN_MAYA_FEMALE_4 Operation=58 PlotIndex=772
mission CityName=LOC_CITY_NAME_MONTREAL CompletionTurn=66 EscapeResult=0 InitialResult=4 LevelAfter=2 LootInfo=-1 Name=LOC_CITIZEN_MAYA_MALE_3 Operation=58 PlotIndex=1314
mission CityName=LOC_CITY_NAME_OTTAWA CompletionTurn=66 EscapeResult=-1 InitialResult=3 LevelAfter=2 LootInfo=-1 Name=LOC_CITIZEN_MAYA_MODERN_FEMALE_9 Operation=58 PlotIndex=978
mission CityName=LOC_CITY_NAME_TORONTO CompletionTurn=66 EscapeResult=0 InitialResult=2 LevelAfter=1 LootInfo=-1 Name=LOC_CITIZEN_MAYA_MALE_8 Operation=58 PlotIndex=1818
mission CityName=LOC_CITY_NAME_QUEBEC_CITY CompletionTurn=64 EscapeResult=-1 InitialResult=3 LevelAfter=1 LootInfo=-1 Name=LOC_CITIZEN_MAYA_MODERN_FEMALE_3 Operation=58 PlotIndex=1404
mission CityName=LOC_CITY_NAME_TORONTO CompletionTurn=62 EscapeResult=-1 InitialResult=5 LevelAfter=2 LootInfo=-1 Name=LOC_CITIZEN_MAYA_MODERN_FEMALE_8 Operation=58 PlotIndex=1818
mission CityName=LOC_CITY_NAME_OTTAWA CompletionTurn=62 EscapeResult=-1 InitialResult=3 LevelAfter=1 LootInfo=-1 Name=LOC_CITIZEN_MAYA_MALE_5 Operation=58 PlotIndex=978
mission CityName=LOC_CITY_NAME_MONTREAL CompletionTurn=62 EscapeResult=-1 InitialResult=5 LevelAfter=2 LootInfo=-1 Name=LOC_CITIZEN_MAYA_MALE_3 Operation=58 PlotIndex=1314
mission CityName=LOC_CITY_NAME_OTTAWA CompletionTurn=58 EscapeResult=-1 InitialResult=5 LevelAfter=2 LootInfo=-1 Name=LOC_CITIZEN_MAYA_MODERN_FEMALE_9 Operation=58 PlotIndex=978
mission CityName=LOC_CITY_NAME_MONTREAL CompletionTurn=58 EscapeResult=-1 InitialResult=1 LevelAfter=1 LootInfo=-1 Name=LOC_CITIZEN_MAYA_FEMALE_5 Operation=58 PlotIndex=1314
tally 7  FOMENT_UNREST CAPTURED / NO_RESULT
tally 1  FOMENT_UNREST FAIL_MUST_ESCAPE / CAPTURED
tally 1  FOMENT_UNREST FAIL_MUST_ESCAPE / FAIL_MUST_ESCAPE
tally 1  FOMENT_UNREST FAIL_MUST_ESCAPE / KILLED
tally 1  FOMENT_UNREST FAIL_MUST_ESCAPE / NO_RESULT
tally 4  FOMENT_UNREST FAIL_UNDETECTED / NO_RESULT
tally 2  FOMENT_UNREST KILLED / NO_RESULT
tally 2  FOMENT_UNREST SUCCESS_MUST_ESCAPE / CAPTURED
tally 3  FOMENT_UNREST SUCCESS_MUST_ESCAPE / FAIL_MUST_ESCAPE
tally 4  FOMENT_UNREST SUCCESS_MUST_ESCAPE / KILLED
tally 1  FOMENT_UNREST SUCCESS_MUST_ESCAPE / NO_RESULT
tally 5  FOMENT_UNREST SUCCESS_UNDETECTED / NO_RESULT
turn 94 spies active 3 idle 2 missions 32 captured-enemy 0
spy 4849674 LOC_CITIZEN_MAYA_MODERN_FEMALE_8 level 1 at 54:21 busy
spy 4915213 LOC_CITIZEN_MAYA_FEMALE_6 level 1 at 54:21 refused
spy 4784147 LOC_CITIZEN_MAYA_MODERN_MALE_1 level 1 at 54:11 busy
spy 3735572 LOC_CITIZEN_MAYA_MALE_6 level 1 at 60:16 busy
spy 4522006 LOC_CITIZEN_MAYA_MALE_5 level 1 at 54:11 refused
turn 94 spies 5 started 0 travelled 0 promoted 0 bought 0 gold 50000
unblock: blocker ENDTURN_BLOCKING_COMMEMORATION_AVAILABLE -> nothing | end turn requested
unblock: blocker ENDTURN_BLOCKING_COMMEMORATION_AVAILABLE -> nothing | end turn requested
mission CityName=LOC_CITY_NAME_OTTAWA CompletionTurn=93 EscapeResult=-1 InitialResult=5 LevelAfter=2 LootInfo=-1 Name=LOC_CITIZEN_MAYA_MODERN_MALE_1 Operation=58 PlotIndex=978
mission CityName=LOC_CITY_NAME_TORONTO CompletionTurn=91 EscapeResult=-1 InitialResult=2 LevelAfter=2 LootInfo=-1 Name=LOC_CITIZEN_MAYA_MODERN_FEMALE_8 Operation=58 PlotIndex=1818
mission CityName=LOC_CITY_NAME_OTTAWA CompletionTurn=89 EscapeResult=-1 InitialResult=5 LevelAfter=2 LootInfo=-1 Name=LOC_CITIZEN_MAYA_MALE_5 Operation=58 PlotIndex=978
mission CityName=LOC_CITY_NAME_QUEBEC_CITY CompletionTurn=85 EscapeResult=-1 InitialResult=4 LevelAfter=2 LootInfo=-1 Name=LOC_CITIZEN_MAYA_MALE_6 Operation=58 PlotIndex=1404
mission CityName=LOC_CITY_NAME_SAINT_JOHN CompletionTurn=85 EscapeResult=-1 InitialResult=0 LevelAfter=2 LootInfo=-1 Name=LOC_CITIZEN_MAYA_FEMALE_4 Operation=58 PlotIndex=1409
mission CityName=LOC_CITY_NAME_TE_HOKIANGA_NU_A_KUPE CompletionTurn=85 EscapeResult=1 InitialResult=4 LevelAfter=2 LootInfo=-1 Name=LOC_CITIZEN_MAYA_MODERN_MALE_5 Operation=58 PlotIndex=772
mission CityName=LOC_CITY_NAME_MONTREAL CompletionTurn=85 EscapeResult=0 InitialResult=4 LevelAfter=2 LootInfo=-1 Name=LOC_CITIZEN_MAYA_MALE_2 Operation=58 PlotIndex=1314
mission CityName=LOC_CITY_NAME_NGARUAWAHIA CompletionTurn=85 EscapeResult=-1 InitialResult=1 LevelAfter=2 LootInfo=-1 Name=LOC_CITIZEN_MAYA_MODERN_MALE_9 Operation=58 PlotIndex=1833
mission CityName=LOC_CITY_NAME_QUEBEC_CITY CompletionTurn=80 EscapeResult=-1 InitialResult=3 LevelAfter=1 LootInfo=-1 Name=LOC_CITIZEN_MAYA_MALE_6 Operation=58 PlotIndex=1404
mission CityName=LOC_CITY_NAME_MONTREAL CompletionTurn=79 EscapeResult=-1 InitialResult=1 LevelAfter=1 LootInfo=-1 Name=LOC_CITIZEN_MAYA_MALE_7 Operation=58 PlotIndex=1314
mission CityName=LOC_CITY_NAME_UPPSALA CompletionTurn=79 EscapeResult=0 InitialResult=4 LevelAfter=2 LootInfo=-1 Name=LOC_CITIZEN_MAYA_MODERN_MALE_6 Operation=58 PlotIndex=993
mission CityName=LOC_CITY_NAME_SAINT_JOHN CompletionTurn=77 EscapeResult=-1 InitialResult=1 LevelAfter=1 LootInfo=-1 Name=LOC_CITIZEN_MAYA_MODERN_FEMALE_7 Operation=58 PlotIndex=1409
mission CityName=LOC_CITY_NAME_STOCKHOLM CompletionTurn=75 EscapeResult=1 InitialResult=4 LevelAfter=2 LootInfo=-1 Name=LOC_CITIZEN_MAYA_MODERN_MALE_2 Operation=58 PlotIndex=1253
mission CityName=LOC_CITY_NAME_TORONTO CompletionTurn=75 EscapeResult=2 InitialResult=2 LevelAfter=2 LootInfo=-1 Name=LOC_CITIZEN_MAYA_MODERN_FEMALE_8 Operation=58 PlotIndex=1818
mission CityName=LOC_CITY_NAME_OTTAWA CompletionTurn=75 EscapeResult=2 InitialResult=4 LevelAfter=2 LootInfo=-1 Name=LOC_CITIZEN_MAYA_MALE_5 Operation=58 PlotIndex=978
mission CityName=LOC_CITY_NAME_SAINT_JOHN CompletionTurn=73 EscapeResult=-1 InitialResult=1 LevelAfter=1 LootInfo=-1 Name=LOC_CITIZEN_MAYA_FEMALE_8 Operation=58 PlotIndex=1409
mission CityName=LOC_CITY_NAME_QUEBEC_CITY CompletionTurn=73 EscapeResult=-1 InitialResult=0 LevelAfter=1 LootInfo=-1 Name=LOC_CITIZEN_MAYA_FEMALE_9 Operation=58 PlotIndex=1404
mission CityName=LOC_CITY_NAME_STOCKHOLM CompletionTurn=70 EscapeResult=-1 InitialResult=1 LevelAfter=1 LootInfo=-1 Name=LOC_CITIZEN_MAYA_MALE_1 Operation=58 PlotIndex=1253
mission CityName=LOC_CITY_NAME_GOTEBORG CompletionTurn=70 EscapeResult=0 InitialResult=4 LevelAfter=2 LootInfo=-1 Name=LOC_CITIZEN_MAYA_MODERN_FEMALE_1 Operation=58 PlotIndex=1081
mission CityName=LOC_CITY_NAME_OTTAWA CompletionTurn=70 EscapeResult=1 InitialResult=2 LevelAfter=2 LootInfo=-1 Name=LOC_CITIZEN_MAYA_MODERN_FEMALE_9 Operation=58 PlotIndex=978
mission CityName=LOC_CITY_NAME_QUEBEC_CITY CompletionTurn=68 EscapeResult=-1 InitialResult=1 LevelAfter=1 LootInfo=-1 Name=LOC_CITIZEN_MAYA_MODERN_FEMALE_3 Operation=58 PlotIndex=1404
mission CityName=LOC_CITY_NAME_NGARUAWAHIA CompletionTurn=67 EscapeResult=2 InitialResult=4 LevelAfter=2 LootInfo=-1 Name=LOC_CITIZEN_MAYA_MODERN_MALE_9 Operation=58 PlotIndex=1833
mission CityName=LOC_CITY_NAME_TE_HOKIANGA_NU_A_KUPE CompletionTurn=66 EscapeResult=2 InitialResult=4 LevelAfter=2 LootInfo=-1 Name=LOC_CITIZEN_MAYA_FEMALE_4 Operation=58 PlotIndex=772
mission CityName=LOC_CITY_NAME_MONTREAL CompletionTurn=66 EscapeResult=0 InitialResult=4 LevelAfter=2 LootInfo=-1 Name=LOC_CITIZEN_MAYA_MALE_3 Operation=58 PlotIndex=1314
mission CityName=LOC_CITY_NAME_OTTAWA CompletionTurn=66 EscapeResult=-1 InitialResult=3 LevelAfter=2 LootInfo=-1 Name=LOC_CITIZEN_MAYA_MODERN_FEMALE_9 Operation=58 PlotIndex=978
mission CityName=LOC_CITY_NAME_TORONTO CompletionTurn=66 EscapeResult=0 InitialResult=2 LevelAfter=1 LootInfo=-1 Name=LOC_CITIZEN_MAYA_MALE_8 Operation=58 PlotIndex=1818
mission CityName=LOC_CITY_NAME_QUEBEC_CITY CompletionTurn=64 EscapeResult=-1 InitialResult=3 LevelAfter=1 LootInfo=-1 Name=LOC_CITIZEN_MAYA_MODERN_FEMALE_3 Operation=58 PlotIndex=1404
mission CityName=LOC_CITY_NAME_TORONTO CompletionTurn=62 EscapeResult=-1 InitialResult=5 LevelAfter=2 LootInfo=-1 Name=LOC_CITIZEN_MAYA_MODERN_FEMALE_8 Operation=58 PlotIndex=1818
mission CityName=LOC_CITY_NAME_OTTAWA CompletionTurn=62 EscapeResult=-1 InitialResult=3 LevelAfter=1 LootInfo=-1 Name=LOC_CITIZEN_MAYA_MALE_5 Operation=58 PlotIndex=978
mission CityName=LOC_CITY_NAME_MONTREAL CompletionTurn=62 EscapeResult=-1 InitialResult=5 LevelAfter=2 LootInfo=-1 Name=LOC_CITIZEN_MAYA_MALE_3 Operation=58 PlotIndex=1314
mission CityName=LOC_CITY_NAME_OTTAWA CompletionTurn=58 EscapeResult=-1 InitialResult=5 LevelAfter=2 LootInfo=-1 Name=LOC_CITIZEN_MAYA_MODERN_FEMALE_9 Operation=58 PlotIndex=978
mission CityName=LOC_CITY_NAME_MONTREAL CompletionTurn=58 EscapeResult=-1 InitialResult=1 LevelAfter=1 LootInfo=-1 Name=LOC_CITIZEN_MAYA_FEMALE_5 Operation=58 PlotIndex=1314
tally 7  FOMENT_UNREST CAPTURED / NO_RESULT
tally 1  FOMENT_UNREST FAIL_MUST_ESCAPE / CAPTURED
tally 1  FOMENT_UNREST FAIL_MUST_ESCAPE / FAIL_MUST_ESCAPE
tally 1  FOMENT_UNREST FAIL_MUST_ESCAPE / KILLED
tally 1  FOMENT_UNREST FAIL_MUST_ESCAPE / NO_RESULT
tally 4  FOMENT_UNREST FAIL_UNDETECTED / NO_RESULT
tally 2  FOMENT_UNREST KILLED / NO_RESULT
tally 2  FOMENT_UNREST SUCCESS_MUST_ESCAPE / CAPTURED
tally 3  FOMENT_UNREST SUCCESS_MUST_ESCAPE / FAIL_MUST_ESCAPE
tally 4  FOMENT_UNREST SUCCESS_MUST_ESCAPE / KILLED
tally 1  FOMENT_UNREST SUCCESS_MUST_ESCAPE / NO_RESULT
tally 5  FOMENT_UNREST SUCCESS_UNDETECTED / NO_RESULT
turn 95 spies active 3 idle 3 missions 32 captured-enemy 0
spy 5177349 LOC_CITIZEN_MAYA_MODERN_FEMALE_5 level 1 at 54:15 start
spy 4849674 LOC_CITIZEN_MAYA_MODERN_FEMALE_8 level 1 at 54:21 busy
spy 4915213 LOC_CITIZEN_MAYA_FEMALE_6 level 1 at 54:21 refused
spy 4784147 LOC_CITIZEN_MAYA_MODERN_MALE_1 level 1 at 54:11 busy
spy 3735572 LOC_CITIZEN_MAYA_MALE_6 level 1 at 60:16 busy
spy 4522006 LOC_CITIZEN_MAYA_MALE_5 level 1 at 54:11 refused
turn 95 spies 6 started 1 travelled 0 promoted 0 bought 0 gold 50000
unblock: blocker ENDTURN_BLOCKING_SPY_CHOOSE_ESCAPE_ROUTE -> escape route DISTRICT_HARBOR of 2 for spy 4849674 LOC_CITIZEN_MAYA_MODERN_FEMALE_8 level 1 turn 95 | end turn requested
mission CityName=LOC_CITY_NAME_OTTAWA CompletionTurn=93 EscapeResult=-1 InitialResult=5 LevelAfter=2 LootInfo=-1 Name=LOC_CITIZEN_MAYA_MODERN_MALE_1 Operation=58 PlotIndex=978
mission CityName=LOC_CITY_NAME_TORONTO CompletionTurn=91 EscapeResult=2 InitialResult=2 LevelAfter=2 LootInfo=-1 Name=LOC_CITIZEN_MAYA_MODERN_FEMALE_8 Operation=58 PlotIndex=1818
mission CityName=LOC_CITY_NAME_OTTAWA CompletionTurn=89 EscapeResult=-1 InitialResult=5 LevelAfter=2 LootInfo=-1 Name=LOC_CITIZEN_MAYA_MALE_5 Operation=58 PlotIndex=978
mission CityName=LOC_CITY_NAME_QUEBEC_CITY CompletionTurn=85 EscapeResult=-1 InitialResult=4 LevelAfter=2 LootInfo=-1 Name=LOC_CITIZEN_MAYA_MALE_6 Operation=58 PlotIndex=1404
mission CityName=LOC_CITY_NAME_SAINT_JOHN CompletionTurn=85 EscapeResult=-1 InitialResult=0 LevelAfter=2 LootInfo=-1 Name=LOC_CITIZEN_MAYA_FEMALE_4 Operation=58 PlotIndex=1409
mission CityName=LOC_CITY_NAME_TE_HOKIANGA_NU_A_KUPE CompletionTurn=85 EscapeResult=1 InitialResult=4 LevelAfter=2 LootInfo=-1 Name=LOC_CITIZEN_MAYA_MODERN_MALE_5 Operation=58 PlotIndex=772
mission CityName=LOC_CITY_NAME_MONTREAL CompletionTurn=85 EscapeResult=0 InitialResult=4 LevelAfter=2 LootInfo=-1 Name=LOC_CITIZEN_MAYA_MALE_2 Operation=58 PlotIndex=1314
mission CityName=LOC_CITY_NAME_NGARUAWAHIA CompletionTurn=85 EscapeResult=-1 InitialResult=1 LevelAfter=2 LootInfo=-1 Name=LOC_CITIZEN_MAYA_MODERN_MALE_9 Operation=58 PlotIndex=1833
mission CityName=LOC_CITY_NAME_QUEBEC_CITY CompletionTurn=80 EscapeResult=-1 InitialResult=3 LevelAfter=1 LootInfo=-1 Name=LOC_CITIZEN_MAYA_MALE_6 Operation=58 PlotIndex=1404
mission CityName=LOC_CITY_NAME_MONTREAL CompletionTurn=79 EscapeResult=-1 InitialResult=1 LevelAfter=1 LootInfo=-1 Name=LOC_CITIZEN_MAYA_MALE_7 Operation=58 PlotIndex=1314
mission CityName=LOC_CITY_NAME_UPPSALA CompletionTurn=79 EscapeResult=0 InitialResult=4 LevelAfter=2 LootInfo=-1 Name=LOC_CITIZEN_MAYA_MODERN_MALE_6 Operation=58 PlotIndex=993
mission CityName=LOC_CITY_NAME_SAINT_JOHN CompletionTurn=77 EscapeResult=-1 InitialResult=1 LevelAfter=1 LootInfo=-1 Name=LOC_CITIZEN_MAYA_MODERN_FEMALE_7 Operation=58 PlotIndex=1409
mission CityName=LOC_CITY_NAME_STOCKHOLM CompletionTurn=75 EscapeResult=1 InitialResult=4 LevelAfter=2 LootInfo=-1 Name=LOC_CITIZEN_MAYA_MODERN_MALE_2 Operation=58 PlotIndex=1253
mission CityName=LOC_CITY_NAME_TORONTO CompletionTurn=75 EscapeResult=2 InitialResult=2 LevelAfter=2 LootInfo=-1 Name=LOC_CITIZEN_MAYA_MODERN_FEMALE_8 Operation=58 PlotIndex=1818
mission CityName=LOC_CITY_NAME_OTTAWA CompletionTurn=75 EscapeResult=2 InitialResult=4 LevelAfter=2 LootInfo=-1 Name=LOC_CITIZEN_MAYA_MALE_5 Operation=58 PlotIndex=978
mission CityName=LOC_CITY_NAME_SAINT_JOHN CompletionTurn=73 EscapeResult=-1 InitialResult=1 LevelAfter=1 LootInfo=-1 Name=LOC_CITIZEN_MAYA_FEMALE_8 Operation=58 PlotIndex=1409
mission CityName=LOC_CITY_NAME_QUEBEC_CITY CompletionTurn=73 EscapeResult=-1 InitialResult=0 LevelAfter=1 LootInfo=-1 Name=LOC_CITIZEN_MAYA_FEMALE_9 Operation=58 PlotIndex=1404
mission CityName=LOC_CITY_NAME_STOCKHOLM CompletionTurn=70 EscapeResult=-1 InitialResult=1 LevelAfter=1 LootInfo=-1 Name=LOC_CITIZEN_MAYA_MALE_1 Operation=58 PlotIndex=1253
mission CityName=LOC_CITY_NAME_GOTEBORG CompletionTurn=70 EscapeResult=0 InitialResult=4 LevelAfter=2 LootInfo=-1 Name=LOC_CITIZEN_MAYA_MODERN_FEMALE_1 Operation=58 PlotIndex=1081
mission CityName=LOC_CITY_NAME_OTTAWA CompletionTurn=70 EscapeResult=1 InitialResult=2 LevelAfter=2 LootInfo=-1 Name=LOC_CITIZEN_MAYA_MODERN_FEMALE_9 Operation=58 PlotIndex=978
mission CityName=LOC_CITY_NAME_QUEBEC_CITY CompletionTurn=68 EscapeResult=-1 InitialResult=1 LevelAfter=1 LootInfo=-1 Name=LOC_CITIZEN_MAYA_MODERN_FEMALE_3 Operation=58 PlotIndex=1404
mission CityName=LOC_CITY_NAME_NGARUAWAHIA CompletionTurn=67 EscapeResult=2 InitialResult=4 LevelAfter=2 LootInfo=-1 Name=LOC_CITIZEN_MAYA_MODERN_MALE_9 Operation=58 PlotIndex=1833
mission CityName=LOC_CITY_NAME_TE_HOKIANGA_NU_A_KUPE CompletionTurn=66 EscapeResult=2 InitialResult=4 LevelAfter=2 LootInfo=-1 Name=LOC_CITIZEN_MAYA_FEMALE_4 Operation=58 PlotIndex=772
mission CityName=LOC_CITY_NAME_MONTREAL CompletionTurn=66 EscapeResult=0 InitialResult=4 LevelAfter=2 LootInfo=-1 Name=LOC_CITIZEN_MAYA_MALE_3 Operation=58 PlotIndex=1314
mission CityName=LOC_CITY_NAME_OTTAWA CompletionTurn=66 EscapeResult=-1 InitialResult=3 LevelAfter=2 LootInfo=-1 Name=LOC_CITIZEN_MAYA_MODERN_FEMALE_9 Operation=58 PlotIndex=978
mission CityName=LOC_CITY_NAME_TORONTO CompletionTurn=66 EscapeResult=0 InitialResult=2 LevelAfter=1 LootInfo=-1 Name=LOC_CITIZEN_MAYA_MALE_8 Operation=58 PlotIndex=1818
mission CityName=LOC_CITY_NAME_QUEBEC_CITY CompletionTurn=64 EscapeResult=-1 InitialResult=3 LevelAfter=1 LootInfo=-1 Name=LOC_CITIZEN_MAYA_MODERN_FEMALE_3 Operation=58 PlotIndex=1404
mission CityName=LOC_CITY_NAME_TORONTO CompletionTurn=62 EscapeResult=-1 InitialResult=5 LevelAfter=2 LootInfo=-1 Name=LOC_CITIZEN_MAYA_MODERN_FEMALE_8 Operation=58 PlotIndex=1818
mission CityName=LOC_CITY_NAME_OTTAWA CompletionTurn=62 EscapeResult=-1 InitialResult=3 LevelAfter=1 LootInfo=-1 Name=LOC_CITIZEN_MAYA_MALE_5 Operation=58 PlotIndex=978
mission CityName=LOC_CITY_NAME_MONTREAL CompletionTurn=62 EscapeResult=-1 InitialResult=5 LevelAfter=2 LootInfo=-1 Name=LOC_CITIZEN_MAYA_MALE_3 Operation=58 PlotIndex=1314
mission CityName=LOC_CITY_NAME_OTTAWA CompletionTurn=58 EscapeResult=-1 InitialResult=5 LevelAfter=2 LootInfo=-1 Name=LOC_CITIZEN_MAYA_MODERN_FEMALE_9 Operation=58 PlotIndex=978
mission CityName=LOC_CITY_NAME_MONTREAL CompletionTurn=58 EscapeResult=-1 InitialResult=1 LevelAfter=1 LootInfo=-1 Name=LOC_CITIZEN_MAYA_FEMALE_5 Operation=58 PlotIndex=1314
tally 7  FOMENT_UNREST CAPTURED / NO_RESULT
tally 1  FOMENT_UNREST FAIL_MUST_ESCAPE / CAPTURED
tally 2  FOMENT_UNREST FAIL_MUST_ESCAPE / FAIL_MUST_ESCAPE
tally 1  FOMENT_UNREST FAIL_MUST_ESCAPE / KILLED
tally 4  FOMENT_UNREST FAIL_UNDETECTED / NO_RESULT
tally 2  FOMENT_UNREST KILLED / NO_RESULT
tally 2  FOMENT_UNREST SUCCESS_MUST_ESCAPE / CAPTURED
tally 3  FOMENT_UNREST SUCCESS_MUST_ESCAPE / FAIL_MUST_ESCAPE
tally 4  FOMENT_UNREST SUCCESS_MUST_ESCAPE / KILLED
tally 1  FOMENT_UNREST SUCCESS_MUST_ESCAPE / NO_RESULT
tally 5  FOMENT_UNREST SUCCESS_UNDETECTED / NO_RESULT
turn 96 spies active 3 idle 2 missions 32 captured-enemy 0
spy 5177349 LOC_CITIZEN_MAYA_MODERN_FEMALE_5 level 1 at 54:15 busy
spy 4915213 LOC_CITIZEN_MAYA_FEMALE_6 level 1 at 54:21 start
spy 4784147 LOC_CITIZEN_MAYA_MODERN_MALE_1 level 1 at 54:11 busy
spy 3735572 LOC_CITIZEN_MAYA_MALE_6 level 1 at 60:16 busy
spy 4522006 LOC_CITIZEN_MAYA_MALE_5 level 1 at 54:11 refused
turn 96 spies 5 started 1 travelled 0 promoted 0 bought 0 gold 50000
unblock: blocker ENDTURN_BLOCKING_SPY_CHOOSE_ESCAPE_ROUTE -> escape route DISTRICT_COMMERCIAL_HUB of 2 for spy 3735572 LOC_CITIZEN_MAYA_MALE_6 level 1 turn 96 | end turn requested
unblock: blocker ENDTURN_BLOCKING_CIVIC -> civic CIVIC_MILITARY_TRAINING | end turn requested
unstuck: closed sessions [2:2]
unstuck: DiplomacyActionView: Closing Diplomacy Action View. m_eventID: 388994
mission CityName=LOC_CITY_NAME_OTTAWA CompletionTurn=97 EscapeResult=-1 InitialResult=3 LevelAfter=2 LootInfo=-1 Name=LOC_CITIZEN_MAYA_MODERN_MALE_1 Operation=58 PlotIndex=978
mission CityName=LOC_CITY_NAME_OTTAWA CompletionTurn=93 EscapeResult=-1 InitialResult=5 LevelAfter=2 LootInfo=-1 Name=LOC_CITIZEN_MAYA_MODERN_MALE_1 Operation=58 PlotIndex=978
mission CityName=LOC_CITY_NAME_TORONTO CompletionTurn=91 EscapeResult=2 InitialResult=2 LevelAfter=2 LootInfo=-1 Name=LOC_CITIZEN_MAYA_MODERN_FEMALE_8 Operation=58 PlotIndex=1818
mission CityName=LOC_CITY_NAME_OTTAWA CompletionTurn=89 EscapeResult=-1 InitialResult=5 LevelAfter=2 LootInfo=-1 Name=LOC_CITIZEN_MAYA_MALE_5 Operation=58 PlotIndex=978
mission CityName=LOC_CITY_NAME_QUEBEC_CITY CompletionTurn=85 EscapeResult=2 InitialResult=4 LevelAfter=2 LootInfo=-1 Name=LOC_CITIZEN_MAYA_MALE_6 Operation=58 PlotIndex=1404
mission CityName=LOC_CITY_NAME_SAINT_JOHN CompletionTurn=85 EscapeResult=-1 InitialResult=0 LevelAfter=2 LootInfo=-1 Name=LOC_CITIZEN_MAYA_FEMALE_4 Operation=58 PlotIndex=1409
mission CityName=LOC_CITY_NAME_TE_HOKIANGA_NU_A_KUPE CompletionTurn=85 EscapeResult=1 InitialResult=4 LevelAfter=2 LootInfo=-1 Name=LOC_CITIZEN_MAYA_MODERN_MALE_5 Operation=58 PlotIndex=772
mission CityName=LOC_CITY_NAME_MONTREAL CompletionTurn=85 EscapeResult=0 InitialResult=4 LevelAfter=2 LootInfo=-1 Name=LOC_CITIZEN_MAYA_MALE_2 Operation=58 PlotIndex=1314
mission CityName=LOC_CITY_NAME_NGARUAWAHIA CompletionTurn=85 EscapeResult=-1 InitialResult=1 LevelAfter=2 LootInfo=-1 Name=LOC_CITIZEN_MAYA_MODERN_MALE_9 Operation=58 PlotIndex=1833
mission CityName=LOC_CITY_NAME_QUEBEC_CITY CompletionTurn=80 EscapeResult=-1 InitialResult=3 LevelAfter=1 LootInfo=-1 Name=LOC_CITIZEN_MAYA_MALE_6 Operation=58 PlotIndex=1404
mission CityName=LOC_CITY_NAME_MONTREAL CompletionTurn=79 EscapeResult=-1 InitialResult=1 LevelAfter=1 LootInfo=-1 Name=LOC_CITIZEN_MAYA_MALE_7 Operation=58 PlotIndex=1314
mission CityName=LOC_CITY_NAME_UPPSALA CompletionTurn=79 EscapeResult=0 InitialResult=4 LevelAfter=2 LootInfo=-1 Name=LOC_CITIZEN_MAYA_MODERN_MALE_6 Operation=58 PlotIndex=993
mission CityName=LOC_CITY_NAME_SAINT_JOHN CompletionTurn=77 EscapeResult=-1 InitialResult=1 LevelAfter=1 LootInfo=-1 Name=LOC_CITIZEN_MAYA_MODERN_FEMALE_7 Operation=58 PlotIndex=1409
mission CityName=LOC_CITY_NAME_STOCKHOLM CompletionTurn=75 EscapeResult=1 InitialResult=4 LevelAfter=2 LootInfo=-1 Name=LOC_CITIZEN_MAYA_MODERN_MALE_2 Operation=58 PlotIndex=1253
mission CityName=LOC_CITY_NAME_TORONTO CompletionTurn=75 EscapeResult=2 InitialResult=2 LevelAfter=2 LootInfo=-1 Name=LOC_CITIZEN_MAYA_MODERN_FEMALE_8 Operation=58 PlotIndex=1818
mission CityName=LOC_CITY_NAME_OTTAWA CompletionTurn=75 EscapeResult=2 InitialResult=4 LevelAfter=2 LootInfo=-1 Name=LOC_CITIZEN_MAYA_MALE_5 Operation=58 PlotIndex=978
mission CityName=LOC_CITY_NAME_SAINT_JOHN CompletionTurn=73 EscapeResult=-1 InitialResult=1 LevelAfter=1 LootInfo=-1 Name=LOC_CITIZEN_MAYA_FEMALE_8 Operation=58 PlotIndex=1409
mission CityName=LOC_CITY_NAME_QUEBEC_CITY CompletionTurn=73 EscapeResult=-1 InitialResult=0 LevelAfter=1 LootInfo=-1 Name=LOC_CITIZEN_MAYA_FEMALE_9 Operation=58 PlotIndex=1404
mission CityName=LOC_CITY_NAME_STOCKHOLM CompletionTurn=70 EscapeResult=-1 InitialResult=1 LevelAfter=1 LootInfo=-1 Name=LOC_CITIZEN_MAYA_MALE_1 Operation=58 PlotIndex=1253
mission CityName=LOC_CITY_NAME_GOTEBORG CompletionTurn=70 EscapeResult=0 InitialResult=4 LevelAfter=2 LootInfo=-1 Name=LOC_CITIZEN_MAYA_MODERN_FEMALE_1 Operation=58 PlotIndex=1081
mission CityName=LOC_CITY_NAME_OTTAWA CompletionTurn=70 EscapeResult=1 InitialResult=2 LevelAfter=2 LootInfo=-1 Name=LOC_CITIZEN_MAYA_MODERN_FEMALE_9 Operation=58 PlotIndex=978
mission CityName=LOC_CITY_NAME_QUEBEC_CITY CompletionTurn=68 EscapeResult=-1 InitialResult=1 LevelAfter=1 LootInfo=-1 Name=LOC_CITIZEN_MAYA_MODERN_FEMALE_3 Operation=58 PlotIndex=1404
mission CityName=LOC_CITY_NAME_NGARUAWAHIA CompletionTurn=67 EscapeResult=2 InitialResult=4 LevelAfter=2 LootInfo=-1 Name=LOC_CITIZEN_MAYA_MODERN_MALE_9 Operation=58 PlotIndex=1833
mission CityName=LOC_CITY_NAME_TE_HOKIANGA_NU_A_KUPE CompletionTurn=66 EscapeResult=2 InitialResult=4 LevelAfter=2 LootInfo=-1 Name=LOC_CITIZEN_MAYA_FEMALE_4 Operation=58 PlotIndex=772
mission CityName=LOC_CITY_NAME_MONTREAL CompletionTurn=66 EscapeResult=0 InitialResult=4 LevelAfter=2 LootInfo=-1 Name=LOC_CITIZEN_MAYA_MALE_3 Operation=58 PlotIndex=1314
mission CityName=LOC_CITY_NAME_OTTAWA CompletionTurn=66 EscapeResult=-1 InitialResult=3 LevelAfter=2 LootInfo=-1 Name=LOC_CITIZEN_MAYA_MODERN_FEMALE_9 Operation=58 PlotIndex=978
mission CityName=LOC_CITY_NAME_TORONTO CompletionTurn=66 EscapeResult=0 InitialResult=2 LevelAfter=1 LootInfo=-1 Name=LOC_CITIZEN_MAYA_MALE_8 Operation=58 PlotIndex=1818
mission CityName=LOC_CITY_NAME_QUEBEC_CITY CompletionTurn=64 EscapeResult=-1 InitialResult=3 LevelAfter=1 LootInfo=-1 Name=LOC_CITIZEN_MAYA_MODERN_FEMALE_3 Operation=58 PlotIndex=1404
mission CityName=LOC_CITY_NAME_TORONTO CompletionTurn=62 EscapeResult=-1 InitialResult=5 LevelAfter=2 LootInfo=-1 Name=LOC_CITIZEN_MAYA_MODERN_FEMALE_8 Operation=58 PlotIndex=1818
mission CityName=LOC_CITY_NAME_OTTAWA CompletionTurn=62 EscapeResult=-1 InitialResult=3 LevelAfter=1 LootInfo=-1 Name=LOC_CITIZEN_MAYA_MALE_5 Operation=58 PlotIndex=978
mission CityName=LOC_CITY_NAME_MONTREAL CompletionTurn=62 EscapeResult=-1 InitialResult=5 LevelAfter=2 LootInfo=-1 Name=LOC_CITIZEN_MAYA_MALE_3 Operation=58 PlotIndex=1314
mission CityName=LOC_CITY_NAME_OTTAWA CompletionTurn=58 EscapeResult=-1 InitialResult=5 LevelAfter=2 LootInfo=-1 Name=LOC_CITIZEN_MAYA_MODERN_FEMALE_9 Operation=58 PlotIndex=978
mission CityName=LOC_CITY_NAME_MONTREAL CompletionTurn=58 EscapeResult=-1 InitialResult=1 LevelAfter=1 LootInfo=-1 Name=LOC_CITIZEN_MAYA_FEMALE_5 Operation=58 PlotIndex=1314
tally 7  FOMENT_UNREST CAPTURED / NO_RESULT
tally 1  FOMENT_UNREST FAIL_MUST_ESCAPE / CAPTURED
tally 2  FOMENT_UNREST FAIL_MUST_ESCAPE / FAIL_MUST_ESCAPE
tally 1  FOMENT_UNREST FAIL_MUST_ESCAPE / KILLED
tally 5  FOMENT_UNREST FAIL_UNDETECTED / NO_RESULT
tally 2  FOMENT_UNREST KILLED / NO_RESULT
tally 2  FOMENT_UNREST SUCCESS_MUST_ESCAPE / CAPTURED
tally 4  FOMENT_UNREST SUCCESS_MUST_ESCAPE / FAIL_MUST_ESCAPE
tally 4  FOMENT_UNREST SUCCESS_MUST_ESCAPE / KILLED
tally 5  FOMENT_UNREST SUCCESS_UNDETECTED / NO_RESULT
turn 97 spies active 2 idle 3 missions 33 captured-enemy 0
spy 5177349 LOC_CITIZEN_MAYA_MODERN_FEMALE_5 level 1 at 54:15 busy
spy 4915213 LOC_CITIZEN_MAYA_FEMALE_6 level 1 at 54:21 busy
spy 4784147 LOC_CITIZEN_MAYA_MODERN_MALE_1 level 1 at 54:11 start
spy 5242900 LOC_CITIZEN_MAYA_MODERN_FEMALE_8 level 1 at 36:42 travel
spy 4522006 LOC_CITIZEN_MAYA_MALE_5 level 1 at 54:11 start
turn 97 spies 5 started 2 travelled 1 promoted 0 bought 0 gold 50000
unblock: blocker ENDTURN_BLOCKING_CIVIC -> civic CIVIC_MILITARY_TRAINING | end turn requested
unblock: blocker ENDTURN_BLOCKING_RESEARCH -> research TECH_SHIPBUILDING | end turn requested
unstuck: TechCivicCompletedPopup: closed
mission CityName=LOC_CITY_NAME_OTTAWA CompletionTurn=97 EscapeResult=-1 InitialResult=3 LevelAfter=2 LootInfo=-1 Name=LOC_CITIZEN_MAYA_MODERN_MALE_1 Operation=58 PlotIndex=978
mission CityName=LOC_CITY_NAME_OTTAWA CompletionTurn=93 EscapeResult=-1 InitialResult=5 LevelAfter=2 LootInfo=-1 Name=LOC_CITIZEN_MAYA_MODERN_MALE_1 Operation=58 PlotIndex=978
mission CityName=LOC_CITY_NAME_TORONTO CompletionTurn=91 EscapeResult=2 InitialResult=2 LevelAfter=2 LootInfo=-1 Name=LOC_CITIZEN_MAYA_MODERN_FEMALE_8 Operation=58 PlotIndex=1818
mission CityName=LOC_CITY_NAME_OTTAWA CompletionTurn=89 EscapeResult=-1 InitialResult=5 LevelAfter=2 LootInfo=-1 Name=LOC_CITIZEN_MAYA_MALE_5 Operation=58 PlotIndex=978
mission CityName=LOC_CITY_NAME_QUEBEC_CITY CompletionTurn=85 EscapeResult=2 InitialResult=4 LevelAfter=2 LootInfo=-1 Name=LOC_CITIZEN_MAYA_MALE_6 Operation=58 PlotIndex=1404
mission CityName=LOC_CITY_NAME_SAINT_JOHN CompletionTurn=85 EscapeResult=-1 InitialResult=0 LevelAfter=2 LootInfo=-1 Name=LOC_CITIZEN_MAYA_FEMALE_4 Operation=58 PlotIndex=1409
mission CityName=LOC_CITY_NAME_TE_HOKIANGA_NU_A_KUPE CompletionTurn=85 EscapeResult=1 InitialResult=4 LevelAfter=2 LootInfo=-1 Name=LOC_CITIZEN_MAYA_MODERN_MALE_5 Operation=58 PlotIndex=772
mission CityName=LOC_CITY_NAME_MONTREAL CompletionTurn=85 EscapeResult=0 InitialResult=4 LevelAfter=2 LootInfo=-1 Name=LOC_CITIZEN_MAYA_MALE_2 Operation=58 PlotIndex=1314
mission CityName=LOC_CITY_NAME_NGARUAWAHIA CompletionTurn=85 EscapeResult=-1 InitialResult=1 LevelAfter=2 LootInfo=-1 Name=LOC_CITIZEN_MAYA_MODERN_MALE_9 Operation=58 PlotIndex=1833
mission CityName=LOC_CITY_NAME_QUEBEC_CITY CompletionTurn=80 EscapeResult=-1 InitialResult=3 LevelAfter=1 LootInfo=-1 Name=LOC_CITIZEN_MAYA_MALE_6 Operation=58 PlotIndex=1404
mission CityName=LOC_CITY_NAME_MONTREAL CompletionTurn=79 EscapeResult=-1 InitialResult=1 LevelAfter=1 LootInfo=-1 Name=LOC_CITIZEN_MAYA_MALE_7 Operation=58 PlotIndex=1314
mission CityName=LOC_CITY_NAME_UPPSALA CompletionTurn=79 EscapeResult=0 InitialResult=4 LevelAfter=2 LootInfo=-1 Name=LOC_CITIZEN_MAYA_MODERN_MALE_6 Operation=58 PlotIndex=993
mission CityName=LOC_CITY_NAME_SAINT_JOHN CompletionTurn=77 EscapeResult=-1 InitialResult=1 LevelAfter=1 LootInfo=-1 Name=LOC_CITIZEN_MAYA_MODERN_FEMALE_7 Operation=58 PlotIndex=1409
mission CityName=LOC_CITY_NAME_STOCKHOLM CompletionTurn=75 EscapeResult=1 InitialResult=4 LevelAfter=2 LootInfo=-1 Name=LOC_CITIZEN_MAYA_MODERN_MALE_2 Operation=58 PlotIndex=1253
mission CityName=LOC_CITY_NAME_TORONTO CompletionTurn=75 EscapeResult=2 InitialResult=2 LevelAfter=2 LootInfo=-1 Name=LOC_CITIZEN_MAYA_MODERN_FEMALE_8 Operation=58 PlotIndex=1818
mission CityName=LOC_CITY_NAME_OTTAWA CompletionTurn=75 EscapeResult=2 InitialResult=4 LevelAfter=2 LootInfo=-1 Name=LOC_CITIZEN_MAYA_MALE_5 Operation=58 PlotIndex=978
mission CityName=LOC_CITY_NAME_SAINT_JOHN CompletionTurn=73 EscapeResult=-1 InitialResult=1 LevelAfter=1 LootInfo=-1 Name=LOC_CITIZEN_MAYA_FEMALE_8 Operation=58 PlotIndex=1409
mission CityName=LOC_CITY_NAME_QUEBEC_CITY CompletionTurn=73 EscapeResult=-1 InitialResult=0 LevelAfter=1 LootInfo=-1 Name=LOC_CITIZEN_MAYA_FEMALE_9 Operation=58 PlotIndex=1404
mission CityName=LOC_CITY_NAME_STOCKHOLM CompletionTurn=70 EscapeResult=-1 InitialResult=1 LevelAfter=1 LootInfo=-1 Name=LOC_CITIZEN_MAYA_MALE_1 Operation=58 PlotIndex=1253
mission CityName=LOC_CITY_NAME_GOTEBORG CompletionTurn=70 EscapeResult=0 InitialResult=4 LevelAfter=2 LootInfo=-1 Name=LOC_CITIZEN_MAYA_MODERN_FEMALE_1 Operation=58 PlotIndex=1081
mission CityName=LOC_CITY_NAME_OTTAWA CompletionTurn=70 EscapeResult=1 InitialResult=2 LevelAfter=2 LootInfo=-1 Name=LOC_CITIZEN_MAYA_MODERN_FEMALE_9 Operation=58 PlotIndex=978
mission CityName=LOC_CITY_NAME_QUEBEC_CITY CompletionTurn=68 EscapeResult=-1 InitialResult=1 LevelAfter=1 LootInfo=-1 Name=LOC_CITIZEN_MAYA_MODERN_FEMALE_3 Operation=58 PlotIndex=1404
mission CityName=LOC_CITY_NAME_NGARUAWAHIA CompletionTurn=67 EscapeResult=2 InitialResult=4 LevelAfter=2 LootInfo=-1 Name=LOC_CITIZEN_MAYA_MODERN_MALE_9 Operation=58 PlotIndex=1833
mission CityName=LOC_CITY_NAME_TE_HOKIANGA_NU_A_KUPE CompletionTurn=66 EscapeResult=2 InitialResult=4 LevelAfter=2 LootInfo=-1 Name=LOC_CITIZEN_MAYA_FEMALE_4 Operation=58 PlotIndex=772
mission CityName=LOC_CITY_NAME_MONTREAL CompletionTurn=66 EscapeResult=0 InitialResult=4 LevelAfter=2 LootInfo=-1 Name=LOC_CITIZEN_MAYA_MALE_3 Operation=58 PlotIndex=1314
mission CityName=LOC_CITY_NAME_OTTAWA CompletionTurn=66 EscapeResult=-1 InitialResult=3 LevelAfter=2 LootInfo=-1 Name=LOC_CITIZEN_MAYA_MODERN_FEMALE_9 Operation=58 PlotIndex=978
mission CityName=LOC_CITY_NAME_TORONTO CompletionTurn=66 EscapeResult=0 InitialResult=2 LevelAfter=1 LootInfo=-1 Name=LOC_CITIZEN_MAYA_MALE_8 Operation=58 PlotIndex=1818
mission CityName=LOC_CITY_NAME_QUEBEC_CITY CompletionTurn=64 EscapeResult=-1 InitialResult=3 LevelAfter=1 LootInfo=-1 Name=LOC_CITIZEN_MAYA_MODERN_FEMALE_3 Operation=58 PlotIndex=1404
mission CityName=LOC_CITY_NAME_TORONTO CompletionTurn=62 EscapeResult=-1 InitialResult=5 LevelAfter=2 LootInfo=-1 Name=LOC_CITIZEN_MAYA_MODERN_FEMALE_8 Operation=58 PlotIndex=1818
mission CityName=LOC_CITY_NAME_OTTAWA CompletionTurn=62 EscapeResult=-1 InitialResult=3 LevelAfter=1 LootInfo=-1 Name=LOC_CITIZEN_MAYA_MALE_5 Operation=58 PlotIndex=978
mission CityName=LOC_CITY_NAME_MONTREAL CompletionTurn=62 EscapeResult=-1 InitialResult=5 LevelAfter=2 LootInfo=-1 Name=LOC_CITIZEN_MAYA_MALE_3 Operation=58 PlotIndex=1314
mission CityName=LOC_CITY_NAME_OTTAWA CompletionTurn=58 EscapeResult=-1 InitialResult=5 LevelAfter=2 LootInfo=-1 Name=LOC_CITIZEN_MAYA_MODERN_FEMALE_9 Operation=58 PlotIndex=978
mission CityName=LOC_CITY_NAME_MONTREAL CompletionTurn=58 EscapeResult=-1 InitialResult=1 LevelAfter=1 LootInfo=-1 Name=LOC_CITIZEN_MAYA_FEMALE_5 Operation=58 PlotIndex=1314
tally 7  FOMENT_UNREST CAPTURED / NO_RESULT
tally 1  FOMENT_UNREST FAIL_MUST_ESCAPE / CAPTURED
tally 2  FOMENT_UNREST FAIL_MUST_ESCAPE / FAIL_MUST_ESCAPE
tally 1  FOMENT_UNREST FAIL_MUST_ESCAPE / KILLED
tally 5  FOMENT_UNREST FAIL_UNDETECTED / NO_RESULT
tally 2  FOMENT_UNREST KILLED / NO_RESULT
tally 2  FOMENT_UNREST SUCCESS_MUST_ESCAPE / CAPTURED
tally 4  FOMENT_UNREST SUCCESS_MUST_ESCAPE / FAIL_MUST_ESCAPE
tally 4  FOMENT_UNREST SUCCESS_MUST_ESCAPE / KILLED
tally 5  FOMENT_UNREST SUCCESS_UNDETECTED / NO_RESULT
turn 98 spies active 3 idle 1 missions 33 captured-enemy 0
spy 5177349 LOC_CITIZEN_MAYA_MODERN_FEMALE_5 level 1 at 54:15 busy
spy 4915213 LOC_CITIZEN_MAYA_FEMALE_6 level 1 at 54:21 busy
spy 4784147 LOC_CITIZEN_MAYA_MODERN_MALE_1 level 1 at 54:11 busy
spy 4522006 LOC_CITIZEN_MAYA_MALE_5 level 1 at 54:11 refused
turn 98 spies 4 started 0 travelled 0 promoted 0 bought 0 gold 50000
unblock: blocker ENDTURN_BLOCKING_RESEARCH -> research TECH_SHIPBUILDING | end turn requested
unstuck: LeaderScene: open, no close
unblock: blocker ENDTURN_BLOCKING_PRODUCTION -> CHICHEN_ITZA builds UNIT_WARRIOR | end turn requested
unstuck: closed sessions [1:1]
unstuck: DiplomacyActionView: Closing Diplomacy Action View. m_eventID: 405780
mission CityName=LOC_CITY_NAME_MONTREAL CompletionTurn=99 EscapeResult=-1 InitialResult=1 LevelAfter=1 LootInfo=-1 Name=LOC_CITIZEN_MAYA_MODERN_FEMALE_5 Operation=58 PlotIndex=1314
mission CityName=LOC_CITY_NAME_OTTAWA CompletionTurn=97 EscapeResult=-1 InitialResult=3 LevelAfter=2 LootInfo=-1 Name=LOC_CITIZEN_MAYA_MODERN_MALE_1 Operation=58 PlotIndex=978
mission CityName=LOC_CITY_NAME_OTTAWA CompletionTurn=93 EscapeResult=-1 InitialResult=5 LevelAfter=2 LootInfo=-1 Name=LOC_CITIZEN_MAYA_MODERN_MALE_1 Operation=58 PlotIndex=978
mission CityName=LOC_CITY_NAME_TORONTO CompletionTurn=91 EscapeResult=2 InitialResult=2 LevelAfter=2 LootInfo=-1 Name=LOC_CITIZEN_MAYA_MODERN_FEMALE_8 Operation=58 PlotIndex=1818
mission CityName=LOC_CITY_NAME_OTTAWA CompletionTurn=89 EscapeResult=-1 InitialResult=5 LevelAfter=2 LootInfo=-1 Name=LOC_CITIZEN_MAYA_MALE_5 Operation=58 PlotIndex=978
mission CityName=LOC_CITY_NAME_QUEBEC_CITY CompletionTurn=85 EscapeResult=2 InitialResult=4 LevelAfter=2 LootInfo=-1 Name=LOC_CITIZEN_MAYA_MALE_6 Operation=58 PlotIndex=1404
mission CityName=LOC_CITY_NAME_SAINT_JOHN CompletionTurn=85 EscapeResult=-1 InitialResult=0 LevelAfter=2 LootInfo=-1 Name=LOC_CITIZEN_MAYA_FEMALE_4 Operation=58 PlotIndex=1409
mission CityName=LOC_CITY_NAME_TE_HOKIANGA_NU_A_KUPE CompletionTurn=85 EscapeResult=1 InitialResult=4 LevelAfter=2 LootInfo=-1 Name=LOC_CITIZEN_MAYA_MODERN_MALE_5 Operation=58 PlotIndex=772
mission CityName=LOC_CITY_NAME_MONTREAL CompletionTurn=85 EscapeResult=0 InitialResult=4 LevelAfter=2 LootInfo=-1 Name=LOC_CITIZEN_MAYA_MALE_2 Operation=58 PlotIndex=1314
mission CityName=LOC_CITY_NAME_NGARUAWAHIA CompletionTurn=85 EscapeResult=-1 InitialResult=1 LevelAfter=2 LootInfo=-1 Name=LOC_CITIZEN_MAYA_MODERN_MALE_9 Operation=58 PlotIndex=1833
mission CityName=LOC_CITY_NAME_QUEBEC_CITY CompletionTurn=80 EscapeResult=-1 InitialResult=3 LevelAfter=1 LootInfo=-1 Name=LOC_CITIZEN_MAYA_MALE_6 Operation=58 PlotIndex=1404
mission CityName=LOC_CITY_NAME_MONTREAL CompletionTurn=79 EscapeResult=-1 InitialResult=1 LevelAfter=1 LootInfo=-1 Name=LOC_CITIZEN_MAYA_MALE_7 Operation=58 PlotIndex=1314
mission CityName=LOC_CITY_NAME_UPPSALA CompletionTurn=79 EscapeResult=0 InitialResult=4 LevelAfter=2 LootInfo=-1 Name=LOC_CITIZEN_MAYA_MODERN_MALE_6 Operation=58 PlotIndex=993
mission CityName=LOC_CITY_NAME_SAINT_JOHN CompletionTurn=77 EscapeResult=-1 InitialResult=1 LevelAfter=1 LootInfo=-1 Name=LOC_CITIZEN_MAYA_MODERN_FEMALE_7 Operation=58 PlotIndex=1409
mission CityName=LOC_CITY_NAME_STOCKHOLM CompletionTurn=75 EscapeResult=1 InitialResult=4 LevelAfter=2 LootInfo=-1 Name=LOC_CITIZEN_MAYA_MODERN_MALE_2 Operation=58 PlotIndex=1253
mission CityName=LOC_CITY_NAME_TORONTO CompletionTurn=75 EscapeResult=2 InitialResult=2 LevelAfter=2 LootInfo=-1 Name=LOC_CITIZEN_MAYA_MODERN_FEMALE_8 Operation=58 PlotIndex=1818
mission CityName=LOC_CITY_NAME_OTTAWA CompletionTurn=75 EscapeResult=2 InitialResult=4 LevelAfter=2 LootInfo=-1 Name=LOC_CITIZEN_MAYA_MALE_5 Operation=58 PlotIndex=978
mission CityName=LOC_CITY_NAME_SAINT_JOHN CompletionTurn=73 EscapeResult=-1 InitialResult=1 LevelAfter=1 LootInfo=-1 Name=LOC_CITIZEN_MAYA_FEMALE_8 Operation=58 PlotIndex=1409
mission CityName=LOC_CITY_NAME_QUEBEC_CITY CompletionTurn=73 EscapeResult=-1 InitialResult=0 LevelAfter=1 LootInfo=-1 Name=LOC_CITIZEN_MAYA_FEMALE_9 Operation=58 PlotIndex=1404
mission CityName=LOC_CITY_NAME_STOCKHOLM CompletionTurn=70 EscapeResult=-1 InitialResult=1 LevelAfter=1 LootInfo=-1 Name=LOC_CITIZEN_MAYA_MALE_1 Operation=58 PlotIndex=1253
mission CityName=LOC_CITY_NAME_GOTEBORG CompletionTurn=70 EscapeResult=0 InitialResult=4 LevelAfter=2 LootInfo=-1 Name=LOC_CITIZEN_MAYA_MODERN_FEMALE_1 Operation=58 PlotIndex=1081
mission CityName=LOC_CITY_NAME_OTTAWA CompletionTurn=70 EscapeResult=1 InitialResult=2 LevelAfter=2 LootInfo=-1 Name=LOC_CITIZEN_MAYA_MODERN_FEMALE_9 Operation=58 PlotIndex=978
mission CityName=LOC_CITY_NAME_QUEBEC_CITY CompletionTurn=68 EscapeResult=-1 InitialResult=1 LevelAfter=1 LootInfo=-1 Name=LOC_CITIZEN_MAYA_MODERN_FEMALE_3 Operation=58 PlotIndex=1404
mission CityName=LOC_CITY_NAME_NGARUAWAHIA CompletionTurn=67 EscapeResult=2 InitialResult=4 LevelAfter=2 LootInfo=-1 Name=LOC_CITIZEN_MAYA_MODERN_MALE_9 Operation=58 PlotIndex=1833
mission CityName=LOC_CITY_NAME_TE_HOKIANGA_NU_A_KUPE CompletionTurn=66 EscapeResult=2 InitialResult=4 LevelAfter=2 LootInfo=-1 Name=LOC_CITIZEN_MAYA_FEMALE_4 Operation=58 PlotIndex=772
mission CityName=LOC_CITY_NAME_MONTREAL CompletionTurn=66 EscapeResult=0 InitialResult=4 LevelAfter=2 LootInfo=-1 Name=LOC_CITIZEN_MAYA_MALE_3 Operation=58 PlotIndex=1314
mission CityName=LOC_CITY_NAME_OTTAWA CompletionTurn=66 EscapeResult=-1 InitialResult=3 LevelAfter=2 LootInfo=-1 Name=LOC_CITIZEN_MAYA_MODERN_FEMALE_9 Operation=58 PlotIndex=978
mission CityName=LOC_CITY_NAME_TORONTO CompletionTurn=66 EscapeResult=0 InitialResult=2 LevelAfter=1 LootInfo=-1 Name=LOC_CITIZEN_MAYA_MALE_8 Operation=58 PlotIndex=1818
mission CityName=LOC_CITY_NAME_QUEBEC_CITY CompletionTurn=64 EscapeResult=-1 InitialResult=3 LevelAfter=1 LootInfo=-1 Name=LOC_CITIZEN_MAYA_MODERN_FEMALE_3 Operation=58 PlotIndex=1404
mission CityName=LOC_CITY_NAME_TORONTO CompletionTurn=62 EscapeResult=-1 InitialResult=5 LevelAfter=2 LootInfo=-1 Name=LOC_CITIZEN_MAYA_MODERN_FEMALE_8 Operation=58 PlotIndex=1818
mission CityName=LOC_CITY_NAME_OTTAWA CompletionTurn=62 EscapeResult=-1 InitialResult=3 LevelAfter=1 LootInfo=-1 Name=LOC_CITIZEN_MAYA_MALE_5 Operation=58 PlotIndex=978
mission CityName=LOC_CITY_NAME_MONTREAL CompletionTurn=62 EscapeResult=-1 InitialResult=5 LevelAfter=2 LootInfo=-1 Name=LOC_CITIZEN_MAYA_MALE_3 Operation=58 PlotIndex=1314
mission CityName=LOC_CITY_NAME_OTTAWA CompletionTurn=58 EscapeResult=-1 InitialResult=5 LevelAfter=2 LootInfo=-1 Name=LOC_CITIZEN_MAYA_MODERN_FEMALE_9 Operation=58 PlotIndex=978
mission CityName=LOC_CITY_NAME_MONTREAL CompletionTurn=58 EscapeResult=-1 InitialResult=1 LevelAfter=1 LootInfo=-1 Name=LOC_CITIZEN_MAYA_FEMALE_5 Operation=58 PlotIndex=1314
tally 8  FOMENT_UNREST CAPTURED / NO_RESULT
tally 1  FOMENT_UNREST FAIL_MUST_ESCAPE / CAPTURED
tally 2  FOMENT_UNREST FAIL_MUST_ESCAPE / FAIL_MUST_ESCAPE
tally 1  FOMENT_UNREST FAIL_MUST_ESCAPE / KILLED
tally 5  FOMENT_UNREST FAIL_UNDETECTED / NO_RESULT
tally 2  FOMENT_UNREST KILLED / NO_RESULT
tally 2  FOMENT_UNREST SUCCESS_MUST_ESCAPE / CAPTURED
tally 4  FOMENT_UNREST SUCCESS_MUST_ESCAPE / FAIL_MUST_ESCAPE
tally 4  FOMENT_UNREST SUCCESS_MUST_ESCAPE / KILLED
tally 5  FOMENT_UNREST SUCCESS_UNDETECTED / NO_RESULT
turn 99 spies active 3 idle 1 missions 34 captured-enemy 0
spy 5308419 LOC_CITIZEN_MAYA_MALE_6 level 1 at 36:42 travel
spy 4915213 LOC_CITIZEN_MAYA_FEMALE_6 level 1 at 54:21 busy
spy 4784147 LOC_CITIZEN_MAYA_MODERN_MALE_1 level 1 at 54:11 busy
spy 5373972 LOC_CITIZEN_MAYA_MODERN_FEMALE_8 level 1 at 60:16 start
spy 4522006 LOC_CITIZEN_MAYA_MALE_5 level 1 at 54:11 refused
turn 99 spies 5 started 1 travelled 1 promoted 0 bought 0 gold 50000
unblock: blocker ENDTURN_BLOCKING_PRODUCTION -> CHICHEN_ITZA builds UNIT_WARRIOR | end turn requested
unstuck: TechCivicCompletedPopup: closed
mission CityName=LOC_CITY_NAME_TORONTO CompletionTurn=100 EscapeResult=-1 InitialResult=5 LevelAfter=2 LootInfo=-1 Name=LOC_CITIZEN_MAYA_FEMALE_6 Operation=58 PlotIndex=1818
mission CityName=LOC_CITY_NAME_MONTREAL CompletionTurn=99 EscapeResult=-1 InitialResult=1 LevelAfter=1 LootInfo=-1 Name=LOC_CITIZEN_MAYA_MODERN_FEMALE_5 Operation=58 PlotIndex=1314
mission CityName=LOC_CITY_NAME_OTTAWA CompletionTurn=97 EscapeResult=-1 InitialResult=3 LevelAfter=2 LootInfo=-1 Name=LOC_CITIZEN_MAYA_MODERN_MALE_1 Operation=58 PlotIndex=978
mission CityName=LOC_CITY_NAME_OTTAWA CompletionTurn=93 EscapeResult=-1 InitialResult=5 LevelAfter=2 LootInfo=-1 Name=LOC_CITIZEN_MAYA_MODERN_MALE_1 Operation=58 PlotIndex=978
mission CityName=LOC_CITY_NAME_TORONTO CompletionTurn=91 EscapeResult=2 InitialResult=2 LevelAfter=2 LootInfo=-1 Name=LOC_CITIZEN_MAYA_MODERN_FEMALE_8 Operation=58 PlotIndex=1818
mission CityName=LOC_CITY_NAME_OTTAWA CompletionTurn=89 EscapeResult=-1 InitialResult=5 LevelAfter=2 LootInfo=-1 Name=LOC_CITIZEN_MAYA_MALE_5 Operation=58 PlotIndex=978
mission CityName=LOC_CITY_NAME_QUEBEC_CITY CompletionTurn=85 EscapeResult=2 InitialResult=4 LevelAfter=2 LootInfo=-1 Name=LOC_CITIZEN_MAYA_MALE_6 Operation=58 PlotIndex=1404
mission CityName=LOC_CITY_NAME_SAINT_JOHN CompletionTurn=85 EscapeResult=-1 InitialResult=0 LevelAfter=2 LootInfo=-1 Name=LOC_CITIZEN_MAYA_FEMALE_4 Operation=58 PlotIndex=1409
mission CityName=LOC_CITY_NAME_TE_HOKIANGA_NU_A_KUPE CompletionTurn=85 EscapeResult=1 InitialResult=4 LevelAfter=2 LootInfo=-1 Name=LOC_CITIZEN_MAYA_MODERN_MALE_5 Operation=58 PlotIndex=772
mission CityName=LOC_CITY_NAME_MONTREAL CompletionTurn=85 EscapeResult=0 InitialResult=4 LevelAfter=2 LootInfo=-1 Name=LOC_CITIZEN_MAYA_MALE_2 Operation=58 PlotIndex=1314
mission CityName=LOC_CITY_NAME_NGARUAWAHIA CompletionTurn=85 EscapeResult=-1 InitialResult=1 LevelAfter=2 LootInfo=-1 Name=LOC_CITIZEN_MAYA_MODERN_MALE_9 Operation=58 PlotIndex=1833
mission CityName=LOC_CITY_NAME_QUEBEC_CITY CompletionTurn=80 EscapeResult=-1 InitialResult=3 LevelAfter=1 LootInfo=-1 Name=LOC_CITIZEN_MAYA_MALE_6 Operation=58 PlotIndex=1404
mission CityName=LOC_CITY_NAME_MONTREAL CompletionTurn=79 EscapeResult=-1 InitialResult=1 LevelAfter=1 LootInfo=-1 Name=LOC_CITIZEN_MAYA_MALE_7 Operation=58 PlotIndex=1314
mission CityName=LOC_CITY_NAME_UPPSALA CompletionTurn=79 EscapeResult=0 InitialResult=4 LevelAfter=2 LootInfo=-1 Name=LOC_CITIZEN_MAYA_MODERN_MALE_6 Operation=58 PlotIndex=993
mission CityName=LOC_CITY_NAME_SAINT_JOHN CompletionTurn=77 EscapeResult=-1 InitialResult=1 LevelAfter=1 LootInfo=-1 Name=LOC_CITIZEN_MAYA_MODERN_FEMALE_7 Operation=58 PlotIndex=1409
mission CityName=LOC_CITY_NAME_STOCKHOLM CompletionTurn=75 EscapeResult=1 InitialResult=4 LevelAfter=2 LootInfo=-1 Name=LOC_CITIZEN_MAYA_MODERN_MALE_2 Operation=58 PlotIndex=1253
mission CityName=LOC_CITY_NAME_TORONTO CompletionTurn=75 EscapeResult=2 InitialResult=2 LevelAfter=2 LootInfo=-1 Name=LOC_CITIZEN_MAYA_MODERN_FEMALE_8 Operation=58 PlotIndex=1818
mission CityName=LOC_CITY_NAME_OTTAWA CompletionTurn=75 EscapeResult=2 InitialResult=4 LevelAfter=2 LootInfo=-1 Name=LOC_CITIZEN_MAYA_MALE_5 Operation=58 PlotIndex=978
mission CityName=LOC_CITY_NAME_SAINT_JOHN CompletionTurn=73 EscapeResult=-1 InitialResult=1 LevelAfter=1 LootInfo=-1 Name=LOC_CITIZEN_MAYA_FEMALE_8 Operation=58 PlotIndex=1409
mission CityName=LOC_CITY_NAME_QUEBEC_CITY CompletionTurn=73 EscapeResult=-1 InitialResult=0 LevelAfter=1 LootInfo=-1 Name=LOC_CITIZEN_MAYA_FEMALE_9 Operation=58 PlotIndex=1404
mission CityName=LOC_CITY_NAME_STOCKHOLM CompletionTurn=70 EscapeResult=-1 InitialResult=1 LevelAfter=1 LootInfo=-1 Name=LOC_CITIZEN_MAYA_MALE_1 Operation=58 PlotIndex=1253
mission CityName=LOC_CITY_NAME_GOTEBORG CompletionTurn=70 EscapeResult=0 InitialResult=4 LevelAfter=2 LootInfo=-1 Name=LOC_CITIZEN_MAYA_MODERN_FEMALE_1 Operation=58 PlotIndex=1081
mission CityName=LOC_CITY_NAME_OTTAWA CompletionTurn=70 EscapeResult=1 InitialResult=2 LevelAfter=2 LootInfo=-1 Name=LOC_CITIZEN_MAYA_MODERN_FEMALE_9 Operation=58 PlotIndex=978
mission CityName=LOC_CITY_NAME_QUEBEC_CITY CompletionTurn=68 EscapeResult=-1 InitialResult=1 LevelAfter=1 LootInfo=-1 Name=LOC_CITIZEN_MAYA_MODERN_FEMALE_3 Operation=58 PlotIndex=1404
mission CityName=LOC_CITY_NAME_NGARUAWAHIA CompletionTurn=67 EscapeResult=2 InitialResult=4 LevelAfter=2 LootInfo=-1 Name=LOC_CITIZEN_MAYA_MODERN_MALE_9 Operation=58 PlotIndex=1833
mission CityName=LOC_CITY_NAME_TE_HOKIANGA_NU_A_KUPE CompletionTurn=66 EscapeResult=2 InitialResult=4 LevelAfter=2 LootInfo=-1 Name=LOC_CITIZEN_MAYA_FEMALE_4 Operation=58 PlotIndex=772
mission CityName=LOC_CITY_NAME_MONTREAL CompletionTurn=66 EscapeResult=0 InitialResult=4 LevelAfter=2 LootInfo=-1 Name=LOC_CITIZEN_MAYA_MALE_3 Operation=58 PlotIndex=1314
mission CityName=LOC_CITY_NAME_OTTAWA CompletionTurn=66 EscapeResult=-1 InitialResult=3 LevelAfter=2 LootInfo=-1 Name=LOC_CITIZEN_MAYA_MODERN_FEMALE_9 Operation=58 PlotIndex=978
mission CityName=LOC_CITY_NAME_TORONTO CompletionTurn=66 EscapeResult=0 InitialResult=2 LevelAfter=1 LootInfo=-1 Name=LOC_CITIZEN_MAYA_MALE_8 Operation=58 PlotIndex=1818
mission CityName=LOC_CITY_NAME_QUEBEC_CITY CompletionTurn=64 EscapeResult=-1 InitialResult=3 LevelAfter=1 LootInfo=-1 Name=LOC_CITIZEN_MAYA_MODERN_FEMALE_3 Operation=58 PlotIndex=1404
mission CityName=LOC_CITY_NAME_TORONTO CompletionTurn=62 EscapeResult=-1 InitialResult=5 LevelAfter=2 LootInfo=-1 Name=LOC_CITIZEN_MAYA_MODERN_FEMALE_8 Operation=58 PlotIndex=1818
mission CityName=LOC_CITY_NAME_OTTAWA CompletionTurn=62 EscapeResult=-1 InitialResult=3 LevelAfter=1 LootInfo=-1 Name=LOC_CITIZEN_MAYA_MALE_5 Operation=58 PlotIndex=978
mission CityName=LOC_CITY_NAME_MONTREAL CompletionTurn=62 EscapeResult=-1 InitialResult=5 LevelAfter=2 LootInfo=-1 Name=LOC_CITIZEN_MAYA_MALE_3 Operation=58 PlotIndex=1314
mission CityName=LOC_CITY_NAME_OTTAWA CompletionTurn=58 EscapeResult=-1 InitialResult=5 LevelAfter=2 LootInfo=-1 Name=LOC_CITIZEN_MAYA_MODERN_FEMALE_9 Operation=58 PlotIndex=978
mission CityName=LOC_CITY_NAME_MONTREAL CompletionTurn=58 EscapeResult=-1 InitialResult=1 LevelAfter=1 LootInfo=-1 Name=LOC_CITIZEN_MAYA_FEMALE_5 Operation=58 PlotIndex=1314
tally 8  FOMENT_UNREST CAPTURED / NO_RESULT
tally 1  FOMENT_UNREST FAIL_MUST_ESCAPE / CAPTURED
tally 2  FOMENT_UNREST FAIL_MUST_ESCAPE / FAIL_MUST_ESCAPE
tally 1  FOMENT_UNREST FAIL_MUST_ESCAPE / KILLED
tally 5  FOMENT_UNREST FAIL_UNDETECTED / NO_RESULT
tally 2  FOMENT_UNREST KILLED / NO_RESULT
tally 2  FOMENT_UNREST SUCCESS_MUST_ESCAPE / CAPTURED
tally 4  FOMENT_UNREST SUCCESS_MUST_ESCAPE / FAIL_MUST_ESCAPE
tally 4  FOMENT_UNREST SUCCESS_MUST_ESCAPE / KILLED
tally 6  FOMENT_UNREST SUCCESS_UNDETECTED / NO_RESULT
turn 100 spies active 3 idle 1 missions 35 captured-enemy 0
spy 4915213 LOC_CITIZEN_MAYA_FEMALE_6 level 1 at 54:21 start
spy 4784147 LOC_CITIZEN_MAYA_MODERN_MALE_1 level 1 at 54:11 busy
spy 5373972 LOC_CITIZEN_MAYA_MODERN_FEMALE_8 level 1 at 60:16 busy
spy 4522006 LOC_CITIZEN_MAYA_MALE_5 level 1 at 54:11 refused
turn 100 spies 4 started 1 travelled 0 promoted 0 bought 0 gold 50000
unblock: blocker ENDTURN_BLOCKING_CIVIC -> civic CIVIC_DEFENSIVE_TACTICS | end turn requested
unblock: blocker ENDTURN_BLOCKING_RESEARCH -> research TECH_MATHEMATICS | end turn requested
unstuck: closed sessions [2:2]
unstuck: DiplomacyActionView: Closing Diplomacy Action View. m_eventID: 423650
mission CityName=LOC_CITY_NAME_OTTAWA CompletionTurn=101 EscapeResult=-1 InitialResult=5 LevelAfter=2 LootInfo=-1 Name=LOC_CITIZEN_MAYA_MODERN_MALE_1 Operation=58 PlotIndex=978
mission CityName=LOC_CITY_NAME_TORONTO CompletionTurn=100 EscapeResult=-1 InitialResult=5 LevelAfter=2 LootInfo=-1 Name=LOC_CITIZEN_MAYA_FEMALE_6 Operation=58 PlotIndex=1818
mission CityName=LOC_CITY_NAME_MONTREAL CompletionTurn=99 EscapeResult=-1 InitialResult=1 LevelAfter=1 LootInfo=-1 Name=LOC_CITIZEN_MAYA_MODERN_FEMALE_5 Operation=58 PlotIndex=1314
mission CityName=LOC_CITY_NAME_OTTAWA CompletionTurn=97 EscapeResult=-1 InitialResult=3 LevelAfter=2 LootInfo=-1 Name=LOC_CITIZEN_MAYA_MODERN_MALE_1 Operation=58 PlotIndex=978
mission CityName=LOC_CITY_NAME_OTTAWA CompletionTurn=93 EscapeResult=-1 InitialResult=5 LevelAfter=2 LootInfo=-1 Name=LOC_CITIZEN_MAYA_MODERN_MALE_1 Operation=58 PlotIndex=978
mission CityName=LOC_CITY_NAME_TORONTO CompletionTurn=91 EscapeResult=2 InitialResult=2 LevelAfter=2 LootInfo=-1 Name=LOC_CITIZEN_MAYA_MODERN_FEMALE_8 Operation=58 PlotIndex=1818
mission CityName=LOC_CITY_NAME_OTTAWA CompletionTurn=89 EscapeResult=-1 InitialResult=5 LevelAfter=2 LootInfo=-1 Name=LOC_CITIZEN_MAYA_MALE_5 Operation=58 PlotIndex=978
mission CityName=LOC_CITY_NAME_QUEBEC_CITY CompletionTurn=85 EscapeResult=2 InitialResult=4 LevelAfter=2 LootInfo=-1 Name=LOC_CITIZEN_MAYA_MALE_6 Operation=58 PlotIndex=1404
mission CityName=LOC_CITY_NAME_SAINT_JOHN CompletionTurn=85 EscapeResult=-1 InitialResult=0 LevelAfter=2 LootInfo=-1 Name=LOC_CITIZEN_MAYA_FEMALE_4 Operation=58 PlotIndex=1409
mission CityName=LOC_CITY_NAME_TE_HOKIANGA_NU_A_KUPE CompletionTurn=85 EscapeResult=1 InitialResult=4 LevelAfter=2 LootInfo=-1 Name=LOC_CITIZEN_MAYA_MODERN_MALE_5 Operation=58 PlotIndex=772
mission CityName=LOC_CITY_NAME_MONTREAL CompletionTurn=85 EscapeResult=0 InitialResult=4 LevelAfter=2 LootInfo=-1 Name=LOC_CITIZEN_MAYA_MALE_2 Operation=58 PlotIndex=1314
mission CityName=LOC_CITY_NAME_NGARUAWAHIA CompletionTurn=85 EscapeResult=-1 InitialResult=1 LevelAfter=2 LootInfo=-1 Name=LOC_CITIZEN_MAYA_MODERN_MALE_9 Operation=58 PlotIndex=1833
mission CityName=LOC_CITY_NAME_QUEBEC_CITY CompletionTurn=80 EscapeResult=-1 InitialResult=3 LevelAfter=1 LootInfo=-1 Name=LOC_CITIZEN_MAYA_MALE_6 Operation=58 PlotIndex=1404
mission CityName=LOC_CITY_NAME_MONTREAL CompletionTurn=79 EscapeResult=-1 InitialResult=1 LevelAfter=1 LootInfo=-1 Name=LOC_CITIZEN_MAYA_MALE_7 Operation=58 PlotIndex=1314
mission CityName=LOC_CITY_NAME_UPPSALA CompletionTurn=79 EscapeResult=0 InitialResult=4 LevelAfter=2 LootInfo=-1 Name=LOC_CITIZEN_MAYA_MODERN_MALE_6 Operation=58 PlotIndex=993
mission CityName=LOC_CITY_NAME_SAINT_JOHN CompletionTurn=77 EscapeResult=-1 InitialResult=1 LevelAfter=1 LootInfo=-1 Name=LOC_CITIZEN_MAYA_MODERN_FEMALE_7 Operation=58 PlotIndex=1409
mission CityName=LOC_CITY_NAME_STOCKHOLM CompletionTurn=75 EscapeResult=1 InitialResult=4 LevelAfter=2 LootInfo=-1 Name=LOC_CITIZEN_MAYA_MODERN_MALE_2 Operation=58 PlotIndex=1253
mission CityName=LOC_CITY_NAME_TORONTO CompletionTurn=75 EscapeResult=2 InitialResult=2 LevelAfter=2 LootInfo=-1 Name=LOC_CITIZEN_MAYA_MODERN_FEMALE_8 Operation=58 PlotIndex=1818
mission CityName=LOC_CITY_NAME_OTTAWA CompletionTurn=75 EscapeResult=2 InitialResult=4 LevelAfter=2 LootInfo=-1 Name=LOC_CITIZEN_MAYA_MALE_5 Operation=58 PlotIndex=978
mission CityName=LOC_CITY_NAME_SAINT_JOHN CompletionTurn=73 EscapeResult=-1 InitialResult=1 LevelAfter=1 LootInfo=-1 Name=LOC_CITIZEN_MAYA_FEMALE_8 Operation=58 PlotIndex=1409
mission CityName=LOC_CITY_NAME_QUEBEC_CITY CompletionTurn=73 EscapeResult=-1 InitialResult=0 LevelAfter=1 LootInfo=-1 Name=LOC_CITIZEN_MAYA_FEMALE_9 Operation=58 PlotIndex=1404
mission CityName=LOC_CITY_NAME_STOCKHOLM CompletionTurn=70 EscapeResult=-1 InitialResult=1 LevelAfter=1 LootInfo=-1 Name=LOC_CITIZEN_MAYA_MALE_1 Operation=58 PlotIndex=1253
mission CityName=LOC_CITY_NAME_GOTEBORG CompletionTurn=70 EscapeResult=0 InitialResult=4 LevelAfter=2 LootInfo=-1 Name=LOC_CITIZEN_MAYA_MODERN_FEMALE_1 Operation=58 PlotIndex=1081
mission CityName=LOC_CITY_NAME_OTTAWA CompletionTurn=70 EscapeResult=1 InitialResult=2 LevelAfter=2 LootInfo=-1 Name=LOC_CITIZEN_MAYA_MODERN_FEMALE_9 Operation=58 PlotIndex=978
mission CityName=LOC_CITY_NAME_QUEBEC_CITY CompletionTurn=68 EscapeResult=-1 InitialResult=1 LevelAfter=1 LootInfo=-1 Name=LOC_CITIZEN_MAYA_MODERN_FEMALE_3 Operation=58 PlotIndex=1404
mission CityName=LOC_CITY_NAME_NGARUAWAHIA CompletionTurn=67 EscapeResult=2 InitialResult=4 LevelAfter=2 LootInfo=-1 Name=LOC_CITIZEN_MAYA_MODERN_MALE_9 Operation=58 PlotIndex=1833
mission CityName=LOC_CITY_NAME_TE_HOKIANGA_NU_A_KUPE CompletionTurn=66 EscapeResult=2 InitialResult=4 LevelAfter=2 LootInfo=-1 Name=LOC_CITIZEN_MAYA_FEMALE_4 Operation=58 PlotIndex=772
mission CityName=LOC_CITY_NAME_MONTREAL CompletionTurn=66 EscapeResult=0 InitialResult=4 LevelAfter=2 LootInfo=-1 Name=LOC_CITIZEN_MAYA_MALE_3 Operation=58 PlotIndex=1314
mission CityName=LOC_CITY_NAME_OTTAWA CompletionTurn=66 EscapeResult=-1 InitialResult=3 LevelAfter=2 LootInfo=-1 Name=LOC_CITIZEN_MAYA_MODERN_FEMALE_9 Operation=58 PlotIndex=978
mission CityName=LOC_CITY_NAME_TORONTO CompletionTurn=66 EscapeResult=0 InitialResult=2 LevelAfter=1 LootInfo=-1 Name=LOC_CITIZEN_MAYA_MALE_8 Operation=58 PlotIndex=1818
mission CityName=LOC_CITY_NAME_QUEBEC_CITY CompletionTurn=64 EscapeResult=-1 InitialResult=3 LevelAfter=1 LootInfo=-1 Name=LOC_CITIZEN_MAYA_MODERN_FEMALE_3 Operation=58 PlotIndex=1404
mission CityName=LOC_CITY_NAME_TORONTO CompletionTurn=62 EscapeResult=-1 InitialResult=5 LevelAfter=2 LootInfo=-1 Name=LOC_CITIZEN_MAYA_MODERN_FEMALE_8 Operation=58 PlotIndex=1818
mission CityName=LOC_CITY_NAME_OTTAWA CompletionTurn=62 EscapeResult=-1 InitialResult=3 LevelAfter=1 LootInfo=-1 Name=LOC_CITIZEN_MAYA_MALE_5 Operation=58 PlotIndex=978
mission CityName=LOC_CITY_NAME_MONTREAL CompletionTurn=62 EscapeResult=-1 InitialResult=5 LevelAfter=2 LootInfo=-1 Name=LOC_CITIZEN_MAYA_MALE_3 Operation=58 PlotIndex=1314
mission CityName=LOC_CITY_NAME_OTTAWA CompletionTurn=58 EscapeResult=-1 InitialResult=5 LevelAfter=2 LootInfo=-1 Name=LOC_CITIZEN_MAYA_MODERN_FEMALE_9 Operation=58 PlotIndex=978
mission CityName=LOC_CITY_NAME_MONTREAL CompletionTurn=58 EscapeResult=-1 InitialResult=1 LevelAfter=1 LootInfo=-1 Name=LOC_CITIZEN_MAYA_FEMALE_5 Operation=58 PlotIndex=1314
tally 8  FOMENT_UNREST CAPTURED / NO_RESULT
tally 1  FOMENT_UNREST FAIL_MUST_ESCAPE / CAPTURED
tally 2  FOMENT_UNREST FAIL_MUST_ESCAPE / FAIL_MUST_ESCAPE
tally 1  FOMENT_UNREST FAIL_MUST_ESCAPE / KILLED
tally 5  FOMENT_UNREST FAIL_UNDETECTED / NO_RESULT
tally 2  FOMENT_UNREST KILLED / NO_RESULT
tally 2  FOMENT_UNREST SUCCESS_MUST_ESCAPE / CAPTURED
tally 4  FOMENT_UNREST SUCCESS_MUST_ESCAPE / FAIL_MUST_ESCAPE
tally 4  FOMENT_UNREST SUCCESS_MUST_ESCAPE / KILLED
tally 7  FOMENT_UNREST SUCCESS_UNDETECTED / NO_RESULT
turn 101 spies active 3 idle 1 missions 36 captured-enemy 0
spy 4915213 LOC_CITIZEN_MAYA_FEMALE_6 level 1 at 54:21 busy
spy 4784147 LOC_CITIZEN_MAYA_MODERN_MALE_1 level 1 at 54:11 start
spy 5373972 LOC_CITIZEN_MAYA_MODERN_FEMALE_8 level 1 at 60:16 busy
spy 4522006 LOC_CITIZEN_MAYA_MALE_5 level 1 at 54:11 start
turn 101 spies 4 started 2 travelled 0 promoted 0 bought 0 gold 50000
unblock: blocker ENDTURN_BLOCKING_RESEARCH -> research TECH_MATHEMATICS | end turn requested
unstuck: TechCivicCompletedPopup: closed
unblock: blocker ENDTURN_BLOCKING_WORLD_CONGRESS_SESSION -> nothing | end turn requested
unstuck: WorldCongressIntro: closed
mission CityName=LOC_CITY_NAME_OTTAWA CompletionTurn=101 EscapeResult=-1 InitialResult=5 LevelAfter=2 LootInfo=-1 Name=LOC_CITIZEN_MAYA_MODERN_MALE_1 Operation=58 PlotIndex=978
mission CityName=LOC_CITY_NAME_TORONTO CompletionTurn=100 EscapeResult=-1 InitialResult=5 LevelAfter=2 LootInfo=-1 Name=LOC_CITIZEN_MAYA_FEMALE_6 Operation=58 PlotIndex=1818
mission CityName=LOC_CITY_NAME_MONTREAL CompletionTurn=99 EscapeResult=-1 InitialResult=1 LevelAfter=1 LootInfo=-1 Name=LOC_CITIZEN_MAYA_MODERN_FEMALE_5 Operation=58 PlotIndex=1314
mission CityName=LOC_CITY_NAME_OTTAWA CompletionTurn=97 EscapeResult=-1 InitialResult=3 LevelAfter=2 LootInfo=-1 Name=LOC_CITIZEN_MAYA_MODERN_MALE_1 Operation=58 PlotIndex=978
mission CityName=LOC_CITY_NAME_OTTAWA CompletionTurn=93 EscapeResult=-1 InitialResult=5 LevelAfter=2 LootInfo=-1 Name=LOC_CITIZEN_MAYA_MODERN_MALE_1 Operation=58 PlotIndex=978
mission CityName=LOC_CITY_NAME_TORONTO CompletionTurn=91 EscapeResult=2 InitialResult=2 LevelAfter=2 LootInfo=-1 Name=LOC_CITIZEN_MAYA_MODERN_FEMALE_8 Operation=58 PlotIndex=1818
mission CityName=LOC_CITY_NAME_OTTAWA CompletionTurn=89 EscapeResult=-1 InitialResult=5 LevelAfter=2 LootInfo=-1 Name=LOC_CITIZEN_MAYA_MALE_5 Operation=58 PlotIndex=978
mission CityName=LOC_CITY_NAME_QUEBEC_CITY CompletionTurn=85 EscapeResult=2 InitialResult=4 LevelAfter=2 LootInfo=-1 Name=LOC_CITIZEN_MAYA_MALE_6 Operation=58 PlotIndex=1404
mission CityName=LOC_CITY_NAME_SAINT_JOHN CompletionTurn=85 EscapeResult=-1 InitialResult=0 LevelAfter=2 LootInfo=-1 Name=LOC_CITIZEN_MAYA_FEMALE_4 Operation=58 PlotIndex=1409
mission CityName=LOC_CITY_NAME_TE_HOKIANGA_NU_A_KUPE CompletionTurn=85 EscapeResult=1 InitialResult=4 LevelAfter=2 LootInfo=-1 Name=LOC_CITIZEN_MAYA_MODERN_MALE_5 Operation=58 PlotIndex=772
mission CityName=LOC_CITY_NAME_MONTREAL CompletionTurn=85 EscapeResult=0 InitialResult=4 LevelAfter=2 LootInfo=-1 Name=LOC_CITIZEN_MAYA_MALE_2 Operation=58 PlotIndex=1314
mission CityName=LOC_CITY_NAME_NGARUAWAHIA CompletionTurn=85 EscapeResult=-1 InitialResult=1 LevelAfter=2 LootInfo=-1 Name=LOC_CITIZEN_MAYA_MODERN_MALE_9 Operation=58 PlotIndex=1833
mission CityName=LOC_CITY_NAME_QUEBEC_CITY CompletionTurn=80 EscapeResult=-1 InitialResult=3 LevelAfter=1 LootInfo=-1 Name=LOC_CITIZEN_MAYA_MALE_6 Operation=58 PlotIndex=1404
mission CityName=LOC_CITY_NAME_MONTREAL CompletionTurn=79 EscapeResult=-1 InitialResult=1 LevelAfter=1 LootInfo=-1 Name=LOC_CITIZEN_MAYA_MALE_7 Operation=58 PlotIndex=1314
mission CityName=LOC_CITY_NAME_UPPSALA CompletionTurn=79 EscapeResult=0 InitialResult=4 LevelAfter=2 LootInfo=-1 Name=LOC_CITIZEN_MAYA_MODERN_MALE_6 Operation=58 PlotIndex=993
mission CityName=LOC_CITY_NAME_SAINT_JOHN CompletionTurn=77 EscapeResult=-1 InitialResult=1 LevelAfter=1 LootInfo=-1 Name=LOC_CITIZEN_MAYA_MODERN_FEMALE_7 Operation=58 PlotIndex=1409
mission CityName=LOC_CITY_NAME_STOCKHOLM CompletionTurn=75 EscapeResult=1 InitialResult=4 LevelAfter=2 LootInfo=-1 Name=LOC_CITIZEN_MAYA_MODERN_MALE_2 Operation=58 PlotIndex=1253
mission CityName=LOC_CITY_NAME_TORONTO CompletionTurn=75 EscapeResult=2 InitialResult=2 LevelAfter=2 LootInfo=-1 Name=LOC_CITIZEN_MAYA_MODERN_FEMALE_8 Operation=58 PlotIndex=1818
mission CityName=LOC_CITY_NAME_OTTAWA CompletionTurn=75 EscapeResult=2 InitialResult=4 LevelAfter=2 LootInfo=-1 Name=LOC_CITIZEN_MAYA_MALE_5 Operation=58 PlotIndex=978
mission CityName=LOC_CITY_NAME_SAINT_JOHN CompletionTurn=73 EscapeResult=-1 InitialResult=1 LevelAfter=1 LootInfo=-1 Name=LOC_CITIZEN_MAYA_FEMALE_8 Operation=58 PlotIndex=1409
mission CityName=LOC_CITY_NAME_QUEBEC_CITY CompletionTurn=73 EscapeResult=-1 InitialResult=0 LevelAfter=1 LootInfo=-1 Name=LOC_CITIZEN_MAYA_FEMALE_9 Operation=58 PlotIndex=1404
mission CityName=LOC_CITY_NAME_STOCKHOLM CompletionTurn=70 EscapeResult=-1 InitialResult=1 LevelAfter=1 LootInfo=-1 Name=LOC_CITIZEN_MAYA_MALE_1 Operation=58 PlotIndex=1253
mission CityName=LOC_CITY_NAME_GOTEBORG CompletionTurn=70 EscapeResult=0 InitialResult=4 LevelAfter=2 LootInfo=-1 Name=LOC_CITIZEN_MAYA_MODERN_FEMALE_1 Operation=58 PlotIndex=1081
mission CityName=LOC_CITY_NAME_OTTAWA CompletionTurn=70 EscapeResult=1 InitialResult=2 LevelAfter=2 LootInfo=-1 Name=LOC_CITIZEN_MAYA_MODERN_FEMALE_9 Operation=58 PlotIndex=978
mission CityName=LOC_CITY_NAME_QUEBEC_CITY CompletionTurn=68 EscapeResult=-1 InitialResult=1 LevelAfter=1 LootInfo=-1 Name=LOC_CITIZEN_MAYA_MODERN_FEMALE_3 Operation=58 PlotIndex=1404
mission CityName=LOC_CITY_NAME_NGARUAWAHIA CompletionTurn=67 EscapeResult=2 InitialResult=4 LevelAfter=2 LootInfo=-1 Name=LOC_CITIZEN_MAYA_MODERN_MALE_9 Operation=58 PlotIndex=1833
mission CityName=LOC_CITY_NAME_TE_HOKIANGA_NU_A_KUPE CompletionTurn=66 EscapeResult=2 InitialResult=4 LevelAfter=2 LootInfo=-1 Name=LOC_CITIZEN_MAYA_FEMALE_4 Operation=58 PlotIndex=772
mission CityName=LOC_CITY_NAME_MONTREAL CompletionTurn=66 EscapeResult=0 InitialResult=4 LevelAfter=2 LootInfo=-1 Name=LOC_CITIZEN_MAYA_MALE_3 Operation=58 PlotIndex=1314
mission CityName=LOC_CITY_NAME_OTTAWA CompletionTurn=66 EscapeResult=-1 InitialResult=3 LevelAfter=2 LootInfo=-1 Name=LOC_CITIZEN_MAYA_MODERN_FEMALE_9 Operation=58 PlotIndex=978
mission CityName=LOC_CITY_NAME_TORONTO CompletionTurn=66 EscapeResult=0 InitialResult=2 LevelAfter=1 LootInfo=-1 Name=LOC_CITIZEN_MAYA_MALE_8 Operation=58 PlotIndex=1818
mission CityName=LOC_CITY_NAME_QUEBEC_CITY CompletionTurn=64 EscapeResult=-1 InitialResult=3 LevelAfter=1 LootInfo=-1 Name=LOC_CITIZEN_MAYA_MODERN_FEMALE_3 Operation=58 PlotIndex=1404
mission CityName=LOC_CITY_NAME_TORONTO CompletionTurn=62 EscapeResult=-1 InitialResult=5 LevelAfter=2 LootInfo=-1 Name=LOC_CITIZEN_MAYA_MODERN_FEMALE_8 Operation=58 PlotIndex=1818
mission CityName=LOC_CITY_NAME_OTTAWA CompletionTurn=62 EscapeResult=-1 InitialResult=3 LevelAfter=1 LootInfo=-1 Name=LOC_CITIZEN_MAYA_MALE_5 Operation=58 PlotIndex=978
mission CityName=LOC_CITY_NAME_MONTREAL CompletionTurn=62 EscapeResult=-1 InitialResult=5 LevelAfter=2 LootInfo=-1 Name=LOC_CITIZEN_MAYA_MALE_3 Operation=58 PlotIndex=1314
mission CityName=LOC_CITY_NAME_OTTAWA CompletionTurn=58 EscapeResult=-1 InitialResult=5 LevelAfter=2 LootInfo=-1 Name=LOC_CITIZEN_MAYA_MODERN_FEMALE_9 Operation=58 PlotIndex=978
mission CityName=LOC_CITY_NAME_MONTREAL CompletionTurn=58 EscapeResult=-1 InitialResult=1 LevelAfter=1 LootInfo=-1 Name=LOC_CITIZEN_MAYA_FEMALE_5 Operation=58 PlotIndex=1314
tally 8  FOMENT_UNREST CAPTURED / NO_RESULT
tally 1  FOMENT_UNREST FAIL_MUST_ESCAPE / CAPTURED
tally 2  FOMENT_UNREST FAIL_MUST_ESCAPE / FAIL_MUST_ESCAPE
tally 1  FOMENT_UNREST FAIL_MUST_ESCAPE / KILLED
tally 5  FOMENT_UNREST FAIL_UNDETECTED / NO_RESULT
tally 2  FOMENT_UNREST KILLED / NO_RESULT
tally 2  FOMENT_UNREST SUCCESS_MUST_ESCAPE / CAPTURED
tally 4  FOMENT_UNREST SUCCESS_MUST_ESCAPE / FAIL_MUST_ESCAPE
tally 4  FOMENT_UNREST SUCCESS_MUST_ESCAPE / KILLED
tally 7  FOMENT_UNREST SUCCESS_UNDETECTED / NO_RESULT
turn 101 spies active 3 idle 1 missions 36 captured-enemy 0
spy 4915213 LOC_CITIZEN_MAYA_FEMALE_6 level 1 at 54:21 busy
spy 4784147 LOC_CITIZEN_MAYA_MODERN_MALE_1 level 1 at 54:11 busy
spy 5373972 LOC_CITIZEN_MAYA_MODERN_FEMALE_8 level 1 at 60:16 busy
spy 4522006 LOC_CITIZEN_MAYA_MALE_5 level 1 at 54:11 refused
turn 101 spies 4 started 0 travelled 0 promoted 0 bought 0 gold 50000
unblock: blocker -138271579 -> nothing | end turn requested
unstuck: NaturalDisasterPopup: closed
unblock: blocker -138271579 -> nothing | end turn requested
unblock: blocker ENDTURN_BLOCKING_WORLD_CONGRESS_SESSION -> nothing | end turn requested
unstuck: WorldCongressIntro: closed
unstuck: WorldCongressPopup: closed
mission CityName=LOC_CITY_NAME_QUEBEC_CITY CompletionTurn=103 EscapeResult=-1 InitialResult=4 LevelAfter=2 LootInfo=-1 Name=LOC_CITIZEN_MAYA_MODERN_FEMALE_8 Operation=58 PlotIndex=1404
mission CityName=LOC_CITY_NAME_OTTAWA CompletionTurn=101 EscapeResult=-1 InitialResult=5 LevelAfter=2 LootInfo=-1 Name=LOC_CITIZEN_MAYA_MODERN_MALE_1 Operation=58 PlotIndex=978
mission CityName=LOC_CITY_NAME_TORONTO CompletionTurn=100 EscapeResult=-1 InitialResult=5 LevelAfter=2 LootInfo=-1 Name=LOC_CITIZEN_MAYA_FEMALE_6 Operation=58 PlotIndex=1818
mission CityName=LOC_CITY_NAME_MONTREAL CompletionTurn=99 EscapeResult=-1 InitialResult=1 LevelAfter=1 LootInfo=-1 Name=LOC_CITIZEN_MAYA_MODERN_FEMALE_5 Operation=58 PlotIndex=1314
mission CityName=LOC_CITY_NAME_OTTAWA CompletionTurn=97 EscapeResult=-1 InitialResult=3 LevelAfter=2 LootInfo=-1 Name=LOC_CITIZEN_MAYA_MODERN_MALE_1 Operation=58 PlotIndex=978
mission CityName=LOC_CITY_NAME_OTTAWA CompletionTurn=93 EscapeResult=-1 InitialResult=5 LevelAfter=2 LootInfo=-1 Name=LOC_CITIZEN_MAYA_MODERN_MALE_1 Operation=58 PlotIndex=978
mission CityName=LOC_CITY_NAME_TORONTO CompletionTurn=91 EscapeResult=2 InitialResult=2 LevelAfter=2 LootInfo=-1 Name=LOC_CITIZEN_MAYA_MODERN_FEMALE_8 Operation=58 PlotIndex=1818
mission CityName=LOC_CITY_NAME_OTTAWA CompletionTurn=89 EscapeResult=-1 InitialResult=5 LevelAfter=2 LootInfo=-1 Name=LOC_CITIZEN_MAYA_MALE_5 Operation=58 PlotIndex=978
mission CityName=LOC_CITY_NAME_QUEBEC_CITY CompletionTurn=85 EscapeResult=2 InitialResult=4 LevelAfter=2 LootInfo=-1 Name=LOC_CITIZEN_MAYA_MALE_6 Operation=58 PlotIndex=1404
mission CityName=LOC_CITY_NAME_SAINT_JOHN CompletionTurn=85 EscapeResult=-1 InitialResult=0 LevelAfter=2 LootInfo=-1 Name=LOC_CITIZEN_MAYA_FEMALE_4 Operation=58 PlotIndex=1409
mission CityName=LOC_CITY_NAME_TE_HOKIANGA_NU_A_KUPE CompletionTurn=85 EscapeResult=1 InitialResult=4 LevelAfter=2 LootInfo=-1 Name=LOC_CITIZEN_MAYA_MODERN_MALE_5 Operation=58 PlotIndex=772
mission CityName=LOC_CITY_NAME_MONTREAL CompletionTurn=85 EscapeResult=0 InitialResult=4 LevelAfter=2 LootInfo=-1 Name=LOC_CITIZEN_MAYA_MALE_2 Operation=58 PlotIndex=1314
mission CityName=LOC_CITY_NAME_NGARUAWAHIA CompletionTurn=85 EscapeResult=-1 InitialResult=1 LevelAfter=2 LootInfo=-1 Name=LOC_CITIZEN_MAYA_MODERN_MALE_9 Operation=58 PlotIndex=1833
mission CityName=LOC_CITY_NAME_QUEBEC_CITY CompletionTurn=80 EscapeResult=-1 InitialResult=3 LevelAfter=1 LootInfo=-1 Name=LOC_CITIZEN_MAYA_MALE_6 Operation=58 PlotIndex=1404
mission CityName=LOC_CITY_NAME_MONTREAL CompletionTurn=79 EscapeResult=-1 InitialResult=1 LevelAfter=1 LootInfo=-1 Name=LOC_CITIZEN_MAYA_MALE_7 Operation=58 PlotIndex=1314
mission CityName=LOC_CITY_NAME_UPPSALA CompletionTurn=79 EscapeResult=0 InitialResult=4 LevelAfter=2 LootInfo=-1 Name=LOC_CITIZEN_MAYA_MODERN_MALE_6 Operation=58 PlotIndex=993
mission CityName=LOC_CITY_NAME_SAINT_JOHN CompletionTurn=77 EscapeResult=-1 InitialResult=1 LevelAfter=1 LootInfo=-1 Name=LOC_CITIZEN_MAYA_MODERN_FEMALE_7 Operation=58 PlotIndex=1409
mission CityName=LOC_CITY_NAME_STOCKHOLM CompletionTurn=75 EscapeResult=1 InitialResult=4 LevelAfter=2 LootInfo=-1 Name=LOC_CITIZEN_MAYA_MODERN_MALE_2 Operation=58 PlotIndex=1253
mission CityName=LOC_CITY_NAME_TORONTO CompletionTurn=75 EscapeResult=2 InitialResult=2 LevelAfter=2 LootInfo=-1 Name=LOC_CITIZEN_MAYA_MODERN_FEMALE_8 Operation=58 PlotIndex=1818
mission CityName=LOC_CITY_NAME_OTTAWA CompletionTurn=75 EscapeResult=2 InitialResult=4 LevelAfter=2 LootInfo=-1 Name=LOC_CITIZEN_MAYA_MALE_5 Operation=58 PlotIndex=978
mission CityName=LOC_CITY_NAME_SAINT_JOHN CompletionTurn=73 EscapeResult=-1 InitialResult=1 LevelAfter=1 LootInfo=-1 Name=LOC_CITIZEN_MAYA_FEMALE_8 Operation=58 PlotIndex=1409
mission CityName=LOC_CITY_NAME_QUEBEC_CITY CompletionTurn=73 EscapeResult=-1 InitialResult=0 LevelAfter=1 LootInfo=-1 Name=LOC_CITIZEN_MAYA_FEMALE_9 Operation=58 PlotIndex=1404
mission CityName=LOC_CITY_NAME_STOCKHOLM CompletionTurn=70 EscapeResult=-1 InitialResult=1 LevelAfter=1 LootInfo=-1 Name=LOC_CITIZEN_MAYA_MALE_1 Operation=58 PlotIndex=1253
mission CityName=LOC_CITY_NAME_GOTEBORG CompletionTurn=70 EscapeResult=0 InitialResult=4 LevelAfter=2 LootInfo=-1 Name=LOC_CITIZEN_MAYA_MODERN_FEMALE_1 Operation=58 PlotIndex=1081
mission CityName=LOC_CITY_NAME_OTTAWA CompletionTurn=70 EscapeResult=1 InitialResult=2 LevelAfter=2 LootInfo=-1 Name=LOC_CITIZEN_MAYA_MODERN_FEMALE_9 Operation=58 PlotIndex=978
mission CityName=LOC_CITY_NAME_QUEBEC_CITY CompletionTurn=68 EscapeResult=-1 InitialResult=1 LevelAfter=1 LootInfo=-1 Name=LOC_CITIZEN_MAYA_MODERN_FEMALE_3 Operation=58 PlotIndex=1404
mission CityName=LOC_CITY_NAME_NGARUAWAHIA CompletionTurn=67 EscapeResult=2 InitialResult=4 LevelAfter=2 LootInfo=-1 Name=LOC_CITIZEN_MAYA_MODERN_MALE_9 Operation=58 PlotIndex=1833
mission CityName=LOC_CITY_NAME_TE_HOKIANGA_NU_A_KUPE CompletionTurn=66 EscapeResult=2 InitialResult=4 LevelAfter=2 LootInfo=-1 Name=LOC_CITIZEN_MAYA_FEMALE_4 Operation=58 PlotIndex=772
mission CityName=LOC_CITY_NAME_MONTREAL CompletionTurn=66 EscapeResult=0 InitialResult=4 LevelAfter=2 LootInfo=-1 Name=LOC_CITIZEN_MAYA_MALE_3 Operation=58 PlotIndex=1314
mission CityName=LOC_CITY_NAME_OTTAWA CompletionTurn=66 EscapeResult=-1 InitialResult=3 LevelAfter=2 LootInfo=-1 Name=LOC_CITIZEN_MAYA_MODERN_FEMALE_9 Operation=58 PlotIndex=978
mission CityName=LOC_CITY_NAME_TORONTO CompletionTurn=66 EscapeResult=0 InitialResult=2 LevelAfter=1 LootInfo=-1 Name=LOC_CITIZEN_MAYA_MALE_8 Operation=58 PlotIndex=1818
mission CityName=LOC_CITY_NAME_QUEBEC_CITY CompletionTurn=64 EscapeResult=-1 InitialResult=3 LevelAfter=1 LootInfo=-1 Name=LOC_CITIZEN_MAYA_MODERN_FEMALE_3 Operation=58 PlotIndex=1404
mission CityName=LOC_CITY_NAME_TORONTO CompletionTurn=62 EscapeResult=-1 InitialResult=5 LevelAfter=2 LootInfo=-1 Name=LOC_CITIZEN_MAYA_MODERN_FEMALE_8 Operation=58 PlotIndex=1818
mission CityName=LOC_CITY_NAME_OTTAWA CompletionTurn=62 EscapeResult=-1 InitialResult=3 LevelAfter=1 LootInfo=-1 Name=LOC_CITIZEN_MAYA_MALE_5 Operation=58 PlotIndex=978
mission CityName=LOC_CITY_NAME_MONTREAL CompletionTurn=62 EscapeResult=-1 InitialResult=5 LevelAfter=2 LootInfo=-1 Name=LOC_CITIZEN_MAYA_MALE_3 Operation=58 PlotIndex=1314
mission CityName=LOC_CITY_NAME_OTTAWA CompletionTurn=58 EscapeResult=-1 InitialResult=5 LevelAfter=2 LootInfo=-1 Name=LOC_CITIZEN_MAYA_MODERN_FEMALE_9 Operation=58 PlotIndex=978
mission CityName=LOC_CITY_NAME_MONTREAL CompletionTurn=58 EscapeResult=-1 InitialResult=1 LevelAfter=1 LootInfo=-1 Name=LOC_CITIZEN_MAYA_FEMALE_5 Operation=58 PlotIndex=1314
tally 8  FOMENT_UNREST CAPTURED / NO_RESULT
tally 1  FOMENT_UNREST FAIL_MUST_ESCAPE / CAPTURED
tally 2  FOMENT_UNREST FAIL_MUST_ESCAPE / FAIL_MUST_ESCAPE
tally 1  FOMENT_UNREST FAIL_MUST_ESCAPE / KILLED
tally 5  FOMENT_UNREST FAIL_UNDETECTED / NO_RESULT
tally 2  FOMENT_UNREST KILLED / NO_RESULT
tally 2  FOMENT_UNREST SUCCESS_MUST_ESCAPE / CAPTURED
tally 4  FOMENT_UNREST SUCCESS_MUST_ESCAPE / FAIL_MUST_ESCAPE
tally 4  FOMENT_UNREST SUCCESS_MUST_ESCAPE / KILLED
tally 1  FOMENT_UNREST SUCCESS_MUST_ESCAPE / NO_RESULT
tally 7  FOMENT_UNREST SUCCESS_UNDETECTED / NO_RESULT
turn 103 spies active 3 idle 2 missions 37 captured-enemy 0
spy 5570570 LOC_CITIZEN_MAYA_MALE_6 level 1 at 54:15 start
spy 4915213 LOC_CITIZEN_MAYA_FEMALE_6 level 1 at 54:21 busy
spy 4784147 LOC_CITIZEN_MAYA_MODERN_MALE_1 level 1 at 54:11 busy
spy 5373972 LOC_CITIZEN_MAYA_MODERN_FEMALE_8 level 1 at 60:16 busy
spy 4522006 LOC_CITIZEN_MAYA_MALE_5 level 1 at 54:11 refused
turn 103 spies 5 started 1 travelled 0 promoted 0 bought 0 gold 50000
unblock: blocker ENDTURN_BLOCKING_PRODUCTION -> CHICHEN_ITZA builds UNIT_WARRIOR | end turn requested
unstuck: TechCivicCompletedPopup: closed
unblock: blocker ENDTURN_BLOCKING_CIVIC -> civic CIVIC_RECORDED_HISTORY | end turn requested
unstuck: closed sessions [6:6]
unstuck: DiplomacyActionView: Closing Diplomacy Action View. m_eventID: 451682
unblock: blocker ENDTURN_BLOCKING_CIVIC -> civic CIVIC_RECORDED_HISTORY | end turn requested
unstuck: closed sessions [1:1]
unstuck: DiplomacyActionView: closed
mission CityName=LOC_CITY_NAME_TORONTO CompletionTurn=104 EscapeResult=-1 InitialResult=1 LevelAfter=2 LootInfo=-1 Name=LOC_CITIZEN_MAYA_FEMALE_6 Operation=58 PlotIndex=1818
mission CityName=LOC_CITY_NAME_QUEBEC_CITY CompletionTurn=103 EscapeResult=-1 InitialResult=4 LevelAfter=2 LootInfo=-1 Name=LOC_CITIZEN_MAYA_MODERN_FEMALE_8 Operation=58 PlotIndex=1404
mission CityName=LOC_CITY_NAME_OTTAWA CompletionTurn=101 EscapeResult=-1 InitialResult=5 LevelAfter=2 LootInfo=-1 Name=LOC_CITIZEN_MAYA_MODERN_MALE_1 Operation=58 PlotIndex=978
mission CityName=LOC_CITY_NAME_TORONTO CompletionTurn=100 EscapeResult=-1 InitialResult=5 LevelAfter=2 LootInfo=-1 Name=LOC_CITIZEN_MAYA_FEMALE_6 Operation=58 PlotIndex=1818
mission CityName=LOC_CITY_NAME_MONTREAL CompletionTurn=99 EscapeResult=-1 InitialResult=1 LevelAfter=1 LootInfo=-1 Name=LOC_CITIZEN_MAYA_MODERN_FEMALE_5 Operation=58 PlotIndex=1314
mission CityName=LOC_CITY_NAME_OTTAWA CompletionTurn=97 EscapeResult=-1 InitialResult=3 LevelAfter=2 LootInfo=-1 Name=LOC_CITIZEN_MAYA_MODERN_MALE_1 Operation=58 PlotIndex=978
mission CityName=LOC_CITY_NAME_OTTAWA CompletionTurn=93 EscapeResult=-1 InitialResult=5 LevelAfter=2 LootInfo=-1 Name=LOC_CITIZEN_MAYA_MODERN_MALE_1 Operation=58 PlotIndex=978
mission CityName=LOC_CITY_NAME_TORONTO CompletionTurn=91 EscapeResult=2 InitialResult=2 LevelAfter=2 LootInfo=-1 Name=LOC_CITIZEN_MAYA_MODERN_FEMALE_8 Operation=58 PlotIndex=1818
mission CityName=LOC_CITY_NAME_OTTAWA CompletionTurn=89 EscapeResult=-1 InitialResult=5 LevelAfter=2 LootInfo=-1 Name=LOC_CITIZEN_MAYA_MALE_5 Operation=58 PlotIndex=978
mission CityName=LOC_CITY_NAME_QUEBEC_CITY CompletionTurn=85 EscapeResult=2 InitialResult=4 LevelAfter=2 LootInfo=-1 Name=LOC_CITIZEN_MAYA_MALE_6 Operation=58 PlotIndex=1404
mission CityName=LOC_CITY_NAME_SAINT_JOHN CompletionTurn=85 EscapeResult=-1 InitialResult=0 LevelAfter=2 LootInfo=-1 Name=LOC_CITIZEN_MAYA_FEMALE_4 Operation=58 PlotIndex=1409
mission CityName=LOC_CITY_NAME_TE_HOKIANGA_NU_A_KUPE CompletionTurn=85 EscapeResult=1 InitialResult=4 LevelAfter=2 LootInfo=-1 Name=LOC_CITIZEN_MAYA_MODERN_MALE_5 Operation=58 PlotIndex=772
mission CityName=LOC_CITY_NAME_MONTREAL CompletionTurn=85 EscapeResult=0 InitialResult=4 LevelAfter=2 LootInfo=-1 Name=LOC_CITIZEN_MAYA_MALE_2 Operation=58 PlotIndex=1314
mission CityName=LOC_CITY_NAME_NGARUAWAHIA CompletionTurn=85 EscapeResult=-1 InitialResult=1 LevelAfter=2 LootInfo=-1 Name=LOC_CITIZEN_MAYA_MODERN_MALE_9 Operation=58 PlotIndex=1833
mission CityName=LOC_CITY_NAME_QUEBEC_CITY CompletionTurn=80 EscapeResult=-1 InitialResult=3 LevelAfter=1 LootInfo=-1 Name=LOC_CITIZEN_MAYA_MALE_6 Operation=58 PlotIndex=1404
mission CityName=LOC_CITY_NAME_MONTREAL CompletionTurn=79 EscapeResult=-1 InitialResult=1 LevelAfter=1 LootInfo=-1 Name=LOC_CITIZEN_MAYA_MALE_7 Operation=58 PlotIndex=1314
mission CityName=LOC_CITY_NAME_UPPSALA CompletionTurn=79 EscapeResult=0 InitialResult=4 LevelAfter=2 LootInfo=-1 Name=LOC_CITIZEN_MAYA_MODERN_MALE_6 Operation=58 PlotIndex=993
mission CityName=LOC_CITY_NAME_SAINT_JOHN CompletionTurn=77 EscapeResult=-1 InitialResult=1 LevelAfter=1 LootInfo=-1 Name=LOC_CITIZEN_MAYA_MODERN_FEMALE_7 Operation=58 PlotIndex=1409
mission CityName=LOC_CITY_NAME_STOCKHOLM CompletionTurn=75 EscapeResult=1 InitialResult=4 LevelAfter=2 LootInfo=-1 Name=LOC_CITIZEN_MAYA_MODERN_MALE_2 Operation=58 PlotIndex=1253
mission CityName=LOC_CITY_NAME_TORONTO CompletionTurn=75 EscapeResult=2 InitialResult=2 LevelAfter=2 LootInfo=-1 Name=LOC_CITIZEN_MAYA_MODERN_FEMALE_8 Operation=58 PlotIndex=1818
mission CityName=LOC_CITY_NAME_OTTAWA CompletionTurn=75 EscapeResult=2 InitialResult=4 LevelAfter=2 LootInfo=-1 Name=LOC_CITIZEN_MAYA_MALE_5 Operation=58 PlotIndex=978
mission CityName=LOC_CITY_NAME_SAINT_JOHN CompletionTurn=73 EscapeResult=-1 InitialResult=1 LevelAfter=1 LootInfo=-1 Name=LOC_CITIZEN_MAYA_FEMALE_8 Operation=58 PlotIndex=1409
mission CityName=LOC_CITY_NAME_QUEBEC_CITY CompletionTurn=73 EscapeResult=-1 InitialResult=0 LevelAfter=1 LootInfo=-1 Name=LOC_CITIZEN_MAYA_FEMALE_9 Operation=58 PlotIndex=1404
mission CityName=LOC_CITY_NAME_STOCKHOLM CompletionTurn=70 EscapeResult=-1 InitialResult=1 LevelAfter=1 LootInfo=-1 Name=LOC_CITIZEN_MAYA_MALE_1 Operation=58 PlotIndex=1253
mission CityName=LOC_CITY_NAME_GOTEBORG CompletionTurn=70 EscapeResult=0 InitialResult=4 LevelAfter=2 LootInfo=-1 Name=LOC_CITIZEN_MAYA_MODERN_FEMALE_1 Operation=58 PlotIndex=1081
mission CityName=LOC_CITY_NAME_OTTAWA CompletionTurn=70 EscapeResult=1 InitialResult=2 LevelAfter=2 LootInfo=-1 Name=LOC_CITIZEN_MAYA_MODERN_FEMALE_9 Operation=58 PlotIndex=978
mission CityName=LOC_CITY_NAME_QUEBEC_CITY CompletionTurn=68 EscapeResult=-1 InitialResult=1 LevelAfter=1 LootInfo=-1 Name=LOC_CITIZEN_MAYA_MODERN_FEMALE_3 Operation=58 PlotIndex=1404
mission CityName=LOC_CITY_NAME_NGARUAWAHIA CompletionTurn=67 EscapeResult=2 InitialResult=4 LevelAfter=2 LootInfo=-1 Name=LOC_CITIZEN_MAYA_MODERN_MALE_9 Operation=58 PlotIndex=1833
mission CityName=LOC_CITY_NAME_TE_HOKIANGA_NU_A_KUPE CompletionTurn=66 EscapeResult=2 InitialResult=4 LevelAfter=2 LootInfo=-1 Name=LOC_CITIZEN_MAYA_FEMALE_4 Operation=58 PlotIndex=772
mission CityName=LOC_CITY_NAME_MONTREAL CompletionTurn=66 EscapeResult=0 InitialResult=4 LevelAfter=2 LootInfo=-1 Name=LOC_CITIZEN_MAYA_MALE_3 Operation=58 PlotIndex=1314
mission CityName=LOC_CITY_NAME_OTTAWA CompletionTurn=66 EscapeResult=-1 InitialResult=3 LevelAfter=2 LootInfo=-1 Name=LOC_CITIZEN_MAYA_MODERN_FEMALE_9 Operation=58 PlotIndex=978
mission CityName=LOC_CITY_NAME_TORONTO CompletionTurn=66 EscapeResult=0 InitialResult=2 LevelAfter=1 LootInfo=-1 Name=LOC_CITIZEN_MAYA_MALE_8 Operation=58 PlotIndex=1818
mission CityName=LOC_CITY_NAME_QUEBEC_CITY CompletionTurn=64 EscapeResult=-1 InitialResult=3 LevelAfter=1 LootInfo=-1 Name=LOC_CITIZEN_MAYA_MODERN_FEMALE_3 Operation=58 PlotIndex=1404
mission CityName=LOC_CITY_NAME_TORONTO CompletionTurn=62 EscapeResult=-1 InitialResult=5 LevelAfter=2 LootInfo=-1 Name=LOC_CITIZEN_MAYA_MODERN_FEMALE_8 Operation=58 PlotIndex=1818
mission CityName=LOC_CITY_NAME_OTTAWA CompletionTurn=62 EscapeResult=-1 InitialResult=3 LevelAfter=1 LootInfo=-1 Name=LOC_CITIZEN_MAYA_MALE_5 Operation=58 PlotIndex=978
mission CityName=LOC_CITY_NAME_MONTREAL CompletionTurn=62 EscapeResult=-1 InitialResult=5 LevelAfter=2 LootInfo=-1 Name=LOC_CITIZEN_MAYA_MALE_3 Operation=58 PlotIndex=1314
mission CityName=LOC_CITY_NAME_OTTAWA CompletionTurn=58 EscapeResult=-1 InitialResult=5 LevelAfter=2 LootInfo=-1 Name=LOC_CITIZEN_MAYA_MODERN_FEMALE_9 Operation=58 PlotIndex=978
mission CityName=LOC_CITY_NAME_MONTREAL CompletionTurn=58 EscapeResult=-1 InitialResult=1 LevelAfter=1 LootInfo=-1 Name=LOC_CITIZEN_MAYA_FEMALE_5 Operation=58 PlotIndex=1314
tally 9  FOMENT_UNREST CAPTURED / NO_RESULT
tally 1  FOMENT_UNREST FAIL_MUST_ESCAPE / CAPTURED
tally 2  FOMENT_UNREST FAIL_MUST_ESCAPE / FAIL_MUST_ESCAPE
tally 1  FOMENT_UNREST FAIL_MUST_ESCAPE / KILLED
tally 5  FOMENT_UNREST FAIL_UNDETECTED / NO_RESULT
tally 2  FOMENT_UNREST KILLED / NO_RESULT
tally 2  FOMENT_UNREST SUCCESS_MUST_ESCAPE / CAPTURED
tally 4  FOMENT_UNREST SUCCESS_MUST_ESCAPE / FAIL_MUST_ESCAPE
tally 4  FOMENT_UNREST SUCCESS_MUST_ESCAPE / KILLED
tally 1  FOMENT_UNREST SUCCESS_MUST_ESCAPE / NO_RESULT
tally 7  FOMENT_UNREST SUCCESS_UNDETECTED / NO_RESULT
turn 104 spies active 3 idle 1 missions 38 captured-enemy 0
spy 5570570 LOC_CITIZEN_MAYA_MALE_6 level 1 at 54:15 busy
spy 4784147 LOC_CITIZEN_MAYA_MODERN_MALE_1 level 1 at 54:11 busy
spy 5373972 LOC_CITIZEN_MAYA_MODERN_FEMALE_8 level 1 at 60:16 busy
spy 4522006 LOC_CITIZEN_MAYA_MALE_5 level 1 at 54:11 refused
turn 104 spies 4 started 0 travelled 0 promoted 0 bought 0 gold 50000
unblock: blocker ENDTURN_BLOCKING_CIVIC -> civic CIVIC_RECORDED_HISTORY | end turn requested
unblock: blocker ENDTURN_BLOCKING_RESEARCH -> research TECH_CONSTRUCTION | end turn requested
unstuck: closed sessions [2:2]
unstuck: DiplomacyActionView: Closing Diplomacy Action View. m_eventID: 457755
unblock: blocker ENDTURN_BLOCKING_RESEARCH -> research TECH_CONSTRUCTION | end turn requested
unstuck: closed sessions [3:3]
unstuck: DiplomacyActionView: Closing Diplomacy Action View. m_eventID: 458173
mission CityName=LOC_CITY_NAME_TORONTO CompletionTurn=104 EscapeResult=-1 InitialResult=1 LevelAfter=2 LootInfo=-1 Name=LOC_CITIZEN_MAYA_FEMALE_6 Operation=58 PlotIndex=1818
mission CityName=LOC_CITY_NAME_QUEBEC_CITY CompletionTurn=103 EscapeResult=-1 InitialResult=4 LevelAfter=2 LootInfo=-1 Name=LOC_CITIZEN_MAYA_MODERN_FEMALE_8 Operation=58 PlotIndex=1404
mission CityName=LOC_CITY_NAME_OTTAWA CompletionTurn=101 EscapeResult=-1 InitialResult=5 LevelAfter=2 LootInfo=-1 Name=LOC_CITIZEN_MAYA_MODERN_MALE_1 Operation=58 PlotIndex=978
mission CityName=LOC_CITY_NAME_TORONTO CompletionTurn=100 EscapeResult=-1 InitialResult=5 LevelAfter=2 LootInfo=-1 Name=LOC_CITIZEN_MAYA_FEMALE_6 Operation=58 PlotIndex=1818
mission CityName=LOC_CITY_NAME_MONTREAL CompletionTurn=99 EscapeResult=-1 InitialResult=1 LevelAfter=1 LootInfo=-1 Name=LOC_CITIZEN_MAYA_MODERN_FEMALE_5 Operation=58 PlotIndex=1314
mission CityName=LOC_CITY_NAME_OTTAWA CompletionTurn=97 EscapeResult=-1 InitialResult=3 LevelAfter=2 LootInfo=-1 Name=LOC_CITIZEN_MAYA_MODERN_MALE_1 Operation=58 PlotIndex=978
mission CityName=LOC_CITY_NAME_OTTAWA CompletionTurn=93 EscapeResult=-1 InitialResult=5 LevelAfter=2 LootInfo=-1 Name=LOC_CITIZEN_MAYA_MODERN_MALE_1 Operation=58 PlotIndex=978
mission CityName=LOC_CITY_NAME_TORONTO CompletionTurn=91 EscapeResult=2 InitialResult=2 LevelAfter=2 LootInfo=-1 Name=LOC_CITIZEN_MAYA_MODERN_FEMALE_8 Operation=58 PlotIndex=1818
mission CityName=LOC_CITY_NAME_OTTAWA CompletionTurn=89 EscapeResult=-1 InitialResult=5 LevelAfter=2 LootInfo=-1 Name=LOC_CITIZEN_MAYA_MALE_5 Operation=58 PlotIndex=978
mission CityName=LOC_CITY_NAME_QUEBEC_CITY CompletionTurn=85 EscapeResult=2 InitialResult=4 LevelAfter=2 LootInfo=-1 Name=LOC_CITIZEN_MAYA_MALE_6 Operation=58 PlotIndex=1404
mission CityName=LOC_CITY_NAME_SAINT_JOHN CompletionTurn=85 EscapeResult=-1 InitialResult=0 LevelAfter=2 LootInfo=-1 Name=LOC_CITIZEN_MAYA_FEMALE_4 Operation=58 PlotIndex=1409
mission CityName=LOC_CITY_NAME_TE_HOKIANGA_NU_A_KUPE CompletionTurn=85 EscapeResult=1 InitialResult=4 LevelAfter=2 LootInfo=-1 Name=LOC_CITIZEN_MAYA_MODERN_MALE_5 Operation=58 PlotIndex=772
mission CityName=LOC_CITY_NAME_MONTREAL CompletionTurn=85 EscapeResult=0 InitialResult=4 LevelAfter=2 LootInfo=-1 Name=LOC_CITIZEN_MAYA_MALE_2 Operation=58 PlotIndex=1314
mission CityName=LOC_CITY_NAME_NGARUAWAHIA CompletionTurn=85 EscapeResult=-1 InitialResult=1 LevelAfter=2 LootInfo=-1 Name=LOC_CITIZEN_MAYA_MODERN_MALE_9 Operation=58 PlotIndex=1833
mission CityName=LOC_CITY_NAME_QUEBEC_CITY CompletionTurn=80 EscapeResult=-1 InitialResult=3 LevelAfter=1 LootInfo=-1 Name=LOC_CITIZEN_MAYA_MALE_6 Operation=58 PlotIndex=1404
mission CityName=LOC_CITY_NAME_MONTREAL CompletionTurn=79 EscapeResult=-1 InitialResult=1 LevelAfter=1 LootInfo=-1 Name=LOC_CITIZEN_MAYA_MALE_7 Operation=58 PlotIndex=1314
mission CityName=LOC_CITY_NAME_UPPSALA CompletionTurn=79 EscapeResult=0 InitialResult=4 LevelAfter=2 LootInfo=-1 Name=LOC_CITIZEN_MAYA_MODERN_MALE_6 Operation=58 PlotIndex=993
mission CityName=LOC_CITY_NAME_SAINT_JOHN CompletionTurn=77 EscapeResult=-1 InitialResult=1 LevelAfter=1 LootInfo=-1 Name=LOC_CITIZEN_MAYA_MODERN_FEMALE_7 Operation=58 PlotIndex=1409
mission CityName=LOC_CITY_NAME_STOCKHOLM CompletionTurn=75 EscapeResult=1 InitialResult=4 LevelAfter=2 LootInfo=-1 Name=LOC_CITIZEN_MAYA_MODERN_MALE_2 Operation=58 PlotIndex=1253
mission CityName=LOC_CITY_NAME_TORONTO CompletionTurn=75 EscapeResult=2 InitialResult=2 LevelAfter=2 LootInfo=-1 Name=LOC_CITIZEN_MAYA_MODERN_FEMALE_8 Operation=58 PlotIndex=1818
mission CityName=LOC_CITY_NAME_OTTAWA CompletionTurn=75 EscapeResult=2 InitialResult=4 LevelAfter=2 LootInfo=-1 Name=LOC_CITIZEN_MAYA_MALE_5 Operation=58 PlotIndex=978
mission CityName=LOC_CITY_NAME_SAINT_JOHN CompletionTurn=73 EscapeResult=-1 InitialResult=1 LevelAfter=1 LootInfo=-1 Name=LOC_CITIZEN_MAYA_FEMALE_8 Operation=58 PlotIndex=1409
mission CityName=LOC_CITY_NAME_QUEBEC_CITY CompletionTurn=73 EscapeResult=-1 InitialResult=0 LevelAfter=1 LootInfo=-1 Name=LOC_CITIZEN_MAYA_FEMALE_9 Operation=58 PlotIndex=1404
mission CityName=LOC_CITY_NAME_STOCKHOLM CompletionTurn=70 EscapeResult=-1 InitialResult=1 LevelAfter=1 LootInfo=-1 Name=LOC_CITIZEN_MAYA_MALE_1 Operation=58 PlotIndex=1253
mission CityName=LOC_CITY_NAME_GOTEBORG CompletionTurn=70 EscapeResult=0 InitialResult=4 LevelAfter=2 LootInfo=-1 Name=LOC_CITIZEN_MAYA_MODERN_FEMALE_1 Operation=58 PlotIndex=1081
mission CityName=LOC_CITY_NAME_OTTAWA CompletionTurn=70 EscapeResult=1 InitialResult=2 LevelAfter=2 LootInfo=-1 Name=LOC_CITIZEN_MAYA_MODERN_FEMALE_9 Operation=58 PlotIndex=978
mission CityName=LOC_CITY_NAME_QUEBEC_CITY CompletionTurn=68 EscapeResult=-1 InitialResult=1 LevelAfter=1 LootInfo=-1 Name=LOC_CITIZEN_MAYA_MODERN_FEMALE_3 Operation=58 PlotIndex=1404
mission CityName=LOC_CITY_NAME_NGARUAWAHIA CompletionTurn=67 EscapeResult=2 InitialResult=4 LevelAfter=2 LootInfo=-1 Name=LOC_CITIZEN_MAYA_MODERN_MALE_9 Operation=58 PlotIndex=1833
mission CityName=LOC_CITY_NAME_TE_HOKIANGA_NU_A_KUPE CompletionTurn=66 EscapeResult=2 InitialResult=4 LevelAfter=2 LootInfo=-1 Name=LOC_CITIZEN_MAYA_FEMALE_4 Operation=58 PlotIndex=772
mission CityName=LOC_CITY_NAME_MONTREAL CompletionTurn=66 EscapeResult=0 InitialResult=4 LevelAfter=2 LootInfo=-1 Name=LOC_CITIZEN_MAYA_MALE_3 Operation=58 PlotIndex=1314
mission CityName=LOC_CITY_NAME_OTTAWA CompletionTurn=66 EscapeResult=-1 InitialResult=3 LevelAfter=2 LootInfo=-1 Name=LOC_CITIZEN_MAYA_MODERN_FEMALE_9 Operation=58 PlotIndex=978
mission CityName=LOC_CITY_NAME_TORONTO CompletionTurn=66 EscapeResult=0 InitialResult=2 LevelAfter=1 LootInfo=-1 Name=LOC_CITIZEN_MAYA_MALE_8 Operation=58 PlotIndex=1818
mission CityName=LOC_CITY_NAME_QUEBEC_CITY CompletionTurn=64 EscapeResult=-1 InitialResult=3 LevelAfter=1 LootInfo=-1 Name=LOC_CITIZEN_MAYA_MODERN_FEMALE_3 Operation=58 PlotIndex=1404
mission CityName=LOC_CITY_NAME_TORONTO CompletionTurn=62 EscapeResult=-1 InitialResult=5 LevelAfter=2 LootInfo=-1 Name=LOC_CITIZEN_MAYA_MODERN_FEMALE_8 Operation=58 PlotIndex=1818
mission CityName=LOC_CITY_NAME_OTTAWA CompletionTurn=62 EscapeResult=-1 InitialResult=3 LevelAfter=1 LootInfo=-1 Name=LOC_CITIZEN_MAYA_MALE_5 Operation=58 PlotIndex=978
mission CityName=LOC_CITY_NAME_MONTREAL CompletionTurn=62 EscapeResult=-1 InitialResult=5 LevelAfter=2 LootInfo=-1 Name=LOC_CITIZEN_MAYA_MALE_3 Operation=58 PlotIndex=1314
mission CityName=LOC_CITY_NAME_OTTAWA CompletionTurn=58 EscapeResult=-1 InitialResult=5 LevelAfter=2 LootInfo=-1 Name=LOC_CITIZEN_MAYA_MODERN_FEMALE_9 Operation=58 PlotIndex=978
mission CityName=LOC_CITY_NAME_MONTREAL CompletionTurn=58 EscapeResult=-1 InitialResult=1 LevelAfter=1 LootInfo=-1 Name=LOC_CITIZEN_MAYA_FEMALE_5 Operation=58 PlotIndex=1314
tally 9  FOMENT_UNREST CAPTURED / NO_RESULT
tally 1  FOMENT_UNREST FAIL_MUST_ESCAPE / CAPTURED
tally 2  FOMENT_UNREST FAIL_MUST_ESCAPE / FAIL_MUST_ESCAPE
tally 1  FOMENT_UNREST FAIL_MUST_ESCAPE / KILLED
tally 5  FOMENT_UNREST FAIL_UNDETECTED / NO_RESULT
tally 2  FOMENT_UNREST KILLED / NO_RESULT
tally 2  FOMENT_UNREST SUCCESS_MUST_ESCAPE / CAPTURED
tally 4  FOMENT_UNREST SUCCESS_MUST_ESCAPE / FAIL_MUST_ESCAPE
tally 4  FOMENT_UNREST SUCCESS_MUST_ESCAPE / KILLED
tally 1  FOMENT_UNREST SUCCESS_MUST_ESCAPE / NO_RESULT
tally 7  FOMENT_UNREST SUCCESS_UNDETECTED / NO_RESULT
turn 105 spies active 3 idle 1 missions 38 captured-enemy 0
spy 5570570 LOC_CITIZEN_MAYA_MALE_6 level 1 at 54:15 busy
spy 4784147 LOC_CITIZEN_MAYA_MODERN_MALE_1 level 1 at 54:11 busy
spy 5373972 LOC_CITIZEN_MAYA_MODERN_FEMALE_8 level 1 at 60:16 busy
spy 4522006 LOC_CITIZEN_MAYA_MALE_5 level 1 at 54:11 refused
turn 105 spies 4 started 0 travelled 0 promoted 0 bought 0 gold 50000
unblock: blocker ENDTURN_BLOCKING_RESEARCH -> research TECH_CONSTRUCTION | end turn requested
unstuck: TechCivicCompletedPopup: closed
mission CityName=LOC_CITY_NAME_OTTAWA CompletionTurn=105 EscapeResult=-1 InitialResult=2 LevelAfter=2 LootInfo=-1 Name=LOC_CITIZEN_MAYA_MODERN_MALE_1 Operation=58 PlotIndex=978
mission CityName=LOC_CITY_NAME_TORONTO CompletionTurn=104 EscapeResult=-1 InitialResult=1 LevelAfter=2 LootInfo=-1 Name=LOC_CITIZEN_MAYA_FEMALE_6 Operation=58 PlotIndex=1818
mission CityName=LOC_CITY_NAME_QUEBEC_CITY CompletionTurn=103 EscapeResult=-1 InitialResult=4 LevelAfter=2 LootInfo=-1 Name=LOC_CITIZEN_MAYA_MODERN_FEMALE_8 Operation=58 PlotIndex=1404
mission CityName=LOC_CITY_NAME_OTTAWA CompletionTurn=101 EscapeResult=-1 InitialResult=5 LevelAfter=2 LootInfo=-1 Name=LOC_CITIZEN_MAYA_MODERN_MALE_1 Operation=58 PlotIndex=978
mission CityName=LOC_CITY_NAME_TORONTO CompletionTurn=100 EscapeResult=-1 InitialResult=5 LevelAfter=2 LootInfo=-1 Name=LOC_CITIZEN_MAYA_FEMALE_6 Operation=58 PlotIndex=1818
mission CityName=LOC_CITY_NAME_MONTREAL CompletionTurn=99 EscapeResult=-1 InitialResult=1 LevelAfter=1 LootInfo=-1 Name=LOC_CITIZEN_MAYA_MODERN_FEMALE_5 Operation=58 PlotIndex=1314
mission CityName=LOC_CITY_NAME_OTTAWA CompletionTurn=97 EscapeResult=-1 InitialResult=3 LevelAfter=2 LootInfo=-1 Name=LOC_CITIZEN_MAYA_MODERN_MALE_1 Operation=58 PlotIndex=978
mission CityName=LOC_CITY_NAME_OTTAWA CompletionTurn=93 EscapeResult=-1 InitialResult=5 LevelAfter=2 LootInfo=-1 Name=LOC_CITIZEN_MAYA_MODERN_MALE_1 Operation=58 PlotIndex=978
mission CityName=LOC_CITY_NAME_TORONTO CompletionTurn=91 EscapeResult=2 InitialResult=2 LevelAfter=2 LootInfo=-1 Name=LOC_CITIZEN_MAYA_MODERN_FEMALE_8 Operation=58 PlotIndex=1818
mission CityName=LOC_CITY_NAME_OTTAWA CompletionTurn=89 EscapeResult=-1 InitialResult=5 LevelAfter=2 LootInfo=-1 Name=LOC_CITIZEN_MAYA_MALE_5 Operation=58 PlotIndex=978
mission CityName=LOC_CITY_NAME_QUEBEC_CITY CompletionTurn=85 EscapeResult=2 InitialResult=4 LevelAfter=2 LootInfo=-1 Name=LOC_CITIZEN_MAYA_MALE_6 Operation=58 PlotIndex=1404
mission CityName=LOC_CITY_NAME_SAINT_JOHN CompletionTurn=85 EscapeResult=-1 InitialResult=0 LevelAfter=2 LootInfo=-1 Name=LOC_CITIZEN_MAYA_FEMALE_4 Operation=58 PlotIndex=1409
mission CityName=LOC_CITY_NAME_TE_HOKIANGA_NU_A_KUPE CompletionTurn=85 EscapeResult=1 InitialResult=4 LevelAfter=2 LootInfo=-1 Name=LOC_CITIZEN_MAYA_MODERN_MALE_5 Operation=58 PlotIndex=772
mission CityName=LOC_CITY_NAME_MONTREAL CompletionTurn=85 EscapeResult=0 InitialResult=4 LevelAfter=2 LootInfo=-1 Name=LOC_CITIZEN_MAYA_MALE_2 Operation=58 PlotIndex=1314
mission CityName=LOC_CITY_NAME_NGARUAWAHIA CompletionTurn=85 EscapeResult=-1 InitialResult=1 LevelAfter=2 LootInfo=-1 Name=LOC_CITIZEN_MAYA_MODERN_MALE_9 Operation=58 PlotIndex=1833
mission CityName=LOC_CITY_NAME_QUEBEC_CITY CompletionTurn=80 EscapeResult=-1 InitialResult=3 LevelAfter=1 LootInfo=-1 Name=LOC_CITIZEN_MAYA_MALE_6 Operation=58 PlotIndex=1404
mission CityName=LOC_CITY_NAME_MONTREAL CompletionTurn=79 EscapeResult=-1 InitialResult=1 LevelAfter=1 LootInfo=-1 Name=LOC_CITIZEN_MAYA_MALE_7 Operation=58 PlotIndex=1314
mission CityName=LOC_CITY_NAME_UPPSALA CompletionTurn=79 EscapeResult=0 InitialResult=4 LevelAfter=2 LootInfo=-1 Name=LOC_CITIZEN_MAYA_MODERN_MALE_6 Operation=58 PlotIndex=993
mission CityName=LOC_CITY_NAME_SAINT_JOHN CompletionTurn=77 EscapeResult=-1 InitialResult=1 LevelAfter=1 LootInfo=-1 Name=LOC_CITIZEN_MAYA_MODERN_FEMALE_7 Operation=58 PlotIndex=1409
mission CityName=LOC_CITY_NAME_STOCKHOLM CompletionTurn=75 EscapeResult=1 InitialResult=4 LevelAfter=2 LootInfo=-1 Name=LOC_CITIZEN_MAYA_MODERN_MALE_2 Operation=58 PlotIndex=1253
mission CityName=LOC_CITY_NAME_TORONTO CompletionTurn=75 EscapeResult=2 InitialResult=2 LevelAfter=2 LootInfo=-1 Name=LOC_CITIZEN_MAYA_MODERN_FEMALE_8 Operation=58 PlotIndex=1818
mission CityName=LOC_CITY_NAME_OTTAWA CompletionTurn=75 EscapeResult=2 InitialResult=4 LevelAfter=2 LootInfo=-1 Name=LOC_CITIZEN_MAYA_MALE_5 Operation=58 PlotIndex=978
mission CityName=LOC_CITY_NAME_SAINT_JOHN CompletionTurn=73 EscapeResult=-1 InitialResult=1 LevelAfter=1 LootInfo=-1 Name=LOC_CITIZEN_MAYA_FEMALE_8 Operation=58 PlotIndex=1409
mission CityName=LOC_CITY_NAME_QUEBEC_CITY CompletionTurn=73 EscapeResult=-1 InitialResult=0 LevelAfter=1 LootInfo=-1 Name=LOC_CITIZEN_MAYA_FEMALE_9 Operation=58 PlotIndex=1404
mission CityName=LOC_CITY_NAME_STOCKHOLM CompletionTurn=70 EscapeResult=-1 InitialResult=1 LevelAfter=1 LootInfo=-1 Name=LOC_CITIZEN_MAYA_MALE_1 Operation=58 PlotIndex=1253
mission CityName=LOC_CITY_NAME_GOTEBORG CompletionTurn=70 EscapeResult=0 InitialResult=4 LevelAfter=2 LootInfo=-1 Name=LOC_CITIZEN_MAYA_MODERN_FEMALE_1 Operation=58 PlotIndex=1081
mission CityName=LOC_CITY_NAME_OTTAWA CompletionTurn=70 EscapeResult=1 InitialResult=2 LevelAfter=2 LootInfo=-1 Name=LOC_CITIZEN_MAYA_MODERN_FEMALE_9 Operation=58 PlotIndex=978
mission CityName=LOC_CITY_NAME_QUEBEC_CITY CompletionTurn=68 EscapeResult=-1 InitialResult=1 LevelAfter=1 LootInfo=-1 Name=LOC_CITIZEN_MAYA_MODERN_FEMALE_3 Operation=58 PlotIndex=1404
mission CityName=LOC_CITY_NAME_NGARUAWAHIA CompletionTurn=67 EscapeResult=2 InitialResult=4 LevelAfter=2 LootInfo=-1 Name=LOC_CITIZEN_MAYA_MODERN_MALE_9 Operation=58 PlotIndex=1833
mission CityName=LOC_CITY_NAME_TE_HOKIANGA_NU_A_KUPE CompletionTurn=66 EscapeResult=2 InitialResult=4 LevelAfter=2 LootInfo=-1 Name=LOC_CITIZEN_MAYA_FEMALE_4 Operation=58 PlotIndex=772
mission CityName=LOC_CITY_NAME_MONTREAL CompletionTurn=66 EscapeResult=0 InitialResult=4 LevelAfter=2 LootInfo=-1 Name=LOC_CITIZEN_MAYA_MALE_3 Operation=58 PlotIndex=1314
mission CityName=LOC_CITY_NAME_OTTAWA CompletionTurn=66 EscapeResult=-1 InitialResult=3 LevelAfter=2 LootInfo=-1 Name=LOC_CITIZEN_MAYA_MODERN_FEMALE_9 Operation=58 PlotIndex=978
mission CityName=LOC_CITY_NAME_TORONTO CompletionTurn=66 EscapeResult=0 InitialResult=2 LevelAfter=1 LootInfo=-1 Name=LOC_CITIZEN_MAYA_MALE_8 Operation=58 PlotIndex=1818
mission CityName=LOC_CITY_NAME_QUEBEC_CITY CompletionTurn=64 EscapeResult=-1 InitialResult=3 LevelAfter=1 LootInfo=-1 Name=LOC_CITIZEN_MAYA_MODERN_FEMALE_3 Operation=58 PlotIndex=1404
mission CityName=LOC_CITY_NAME_TORONTO CompletionTurn=62 EscapeResult=-1 InitialResult=5 LevelAfter=2 LootInfo=-1 Name=LOC_CITIZEN_MAYA_MODERN_FEMALE_8 Operation=58 PlotIndex=1818
mission CityName=LOC_CITY_NAME_OTTAWA CompletionTurn=62 EscapeResult=-1 InitialResult=3 LevelAfter=1 LootInfo=-1 Name=LOC_CITIZEN_MAYA_MALE_5 Operation=58 PlotIndex=978
mission CityName=LOC_CITY_NAME_MONTREAL CompletionTurn=62 EscapeResult=-1 InitialResult=5 LevelAfter=2 LootInfo=-1 Name=LOC_CITIZEN_MAYA_MALE_3 Operation=58 PlotIndex=1314
mission CityName=LOC_CITY_NAME_OTTAWA CompletionTurn=58 EscapeResult=-1 InitialResult=5 LevelAfter=2 LootInfo=-1 Name=LOC_CITIZEN_MAYA_MODERN_FEMALE_9 Operation=58 PlotIndex=978
mission CityName=LOC_CITY_NAME_MONTREAL CompletionTurn=58 EscapeResult=-1 InitialResult=1 LevelAfter=1 LootInfo=-1 Name=LOC_CITIZEN_MAYA_FEMALE_5 Operation=58 PlotIndex=1314
tally 9  FOMENT_UNREST CAPTURED / NO_RESULT
tally 1  FOMENT_UNREST FAIL_MUST_ESCAPE / CAPTURED
tally 2  FOMENT_UNREST FAIL_MUST_ESCAPE / FAIL_MUST_ESCAPE
tally 1  FOMENT_UNREST FAIL_MUST_ESCAPE / KILLED
tally 1  FOMENT_UNREST FAIL_MUST_ESCAPE / NO_RESULT
tally 5  FOMENT_UNREST FAIL_UNDETECTED / NO_RESULT
tally 2  FOMENT_UNREST KILLED / NO_RESULT
tally 2  FOMENT_UNREST SUCCESS_MUST_ESCAPE / CAPTURED
tally 4  FOMENT_UNREST SUCCESS_MUST_ESCAPE / FAIL_MUST_ESCAPE
tally 4  FOMENT_UNREST SUCCESS_MUST_ESCAPE / KILLED
tally 1  FOMENT_UNREST SUCCESS_MUST_ESCAPE / NO_RESULT
tally 7  FOMENT_UNREST SUCCESS_UNDETECTED / NO_RESULT
turn 106 spies active 3 idle 1 missions 39 captured-enemy 0
spy 5570570 LOC_CITIZEN_MAYA_MALE_6 level 1 at 54:15 busy
spy 4784147 LOC_CITIZEN_MAYA_MODERN_MALE_1 level 1 at 54:11 busy
spy 5373972 LOC_CITIZEN_MAYA_MODERN_FEMALE_8 level 1 at 60:16 busy
spy 4522006 LOC_CITIZEN_MAYA_MALE_5 level 1 at 54:11 refused
turn 106 spies 4 started 0 travelled 0 promoted 0 bought 0 gold 50000
unblock: blocker ENDTURN_BLOCKING_SPY_CHOOSE_ESCAPE_ROUTE -> escape route DISTRICT_CITY_CENTER of 2 for spy 4784147 LOC_CITIZEN_MAYA_MODERN_MALE_1 level 1 turn 106 | end turn requested
unblock: blocker ENDTURN_BLOCKING_SPY_CHOOSE_ESCAPE_ROUTE -> escape route DISTRICT_COMMERCIAL_HUB of 2 for spy 5373972 LOC_CITIZEN_MAYA_MODERN_FEMALE_8 level 1 turn 106 | end turn requested
unstuck: closed sessions [6:6]
unstuck: DiplomacyActionView: Closing Diplomacy Action View. m_eventID: 476155
mission CityName=LOC_CITY_NAME_MONTREAL CompletionTurn=107 EscapeResult=-1 InitialResult=2 LevelAfter=2 LootInfo=-1 Name=LOC_CITIZEN_MAYA_MALE_6 Operation=58 PlotIndex=1314
mission CityName=LOC_CITY_NAME_OTTAWA CompletionTurn=105 EscapeResult=2 InitialResult=2 LevelAfter=2 LootInfo=-1 Name=LOC_CITIZEN_MAYA_MODERN_MALE_1 Operation=58 PlotIndex=978
mission CityName=LOC_CITY_NAME_TORONTO CompletionTurn=104 EscapeResult=-1 InitialResult=1 LevelAfter=2 LootInfo=-1 Name=LOC_CITIZEN_MAYA_FEMALE_6 Operation=58 PlotIndex=1818
mission CityName=LOC_CITY_NAME_QUEBEC_CITY CompletionTurn=103 EscapeResult=-1 InitialResult=4 LevelAfter=2 LootInfo=-1 Name=LOC_CITIZEN_MAYA_MODERN_FEMALE_8 Operation=58 PlotIndex=1404
mission CityName=LOC_CITY_NAME_OTTAWA CompletionTurn=101 EscapeResult=-1 InitialResult=5 LevelAfter=2 LootInfo=-1 Name=LOC_CITIZEN_MAYA_MODERN_MALE_1 Operation=58 PlotIndex=978
mission CityName=LOC_CITY_NAME_TORONTO CompletionTurn=100 EscapeResult=-1 InitialResult=5 LevelAfter=2 LootInfo=-1 Name=LOC_CITIZEN_MAYA_FEMALE_6 Operation=58 PlotIndex=1818
mission CityName=LOC_CITY_NAME_MONTREAL CompletionTurn=99 EscapeResult=-1 InitialResult=1 LevelAfter=1 LootInfo=-1 Name=LOC_CITIZEN_MAYA_MODERN_FEMALE_5 Operation=58 PlotIndex=1314
mission CityName=LOC_CITY_NAME_OTTAWA CompletionTurn=97 EscapeResult=-1 InitialResult=3 LevelAfter=2 LootInfo=-1 Name=LOC_CITIZEN_MAYA_MODERN_MALE_1 Operation=58 PlotIndex=978
mission CityName=LOC_CITY_NAME_OTTAWA CompletionTurn=93 EscapeResult=-1 InitialResult=5 LevelAfter=2 LootInfo=-1 Name=LOC_CITIZEN_MAYA_MODERN_MALE_1 Operation=58 PlotIndex=978
mission CityName=LOC_CITY_NAME_TORONTO CompletionTurn=91 EscapeResult=2 InitialResult=2 LevelAfter=2 LootInfo=-1 Name=LOC_CITIZEN_MAYA_MODERN_FEMALE_8 Operation=58 PlotIndex=1818
mission CityName=LOC_CITY_NAME_OTTAWA CompletionTurn=89 EscapeResult=-1 InitialResult=5 LevelAfter=2 LootInfo=-1 Name=LOC_CITIZEN_MAYA_MALE_5 Operation=58 PlotIndex=978
mission CityName=LOC_CITY_NAME_QUEBEC_CITY CompletionTurn=85 EscapeResult=2 InitialResult=4 LevelAfter=2 LootInfo=-1 Name=LOC_CITIZEN_MAYA_MALE_6 Operation=58 PlotIndex=1404
mission CityName=LOC_CITY_NAME_SAINT_JOHN CompletionTurn=85 EscapeResult=-1 InitialResult=0 LevelAfter=2 LootInfo=-1 Name=LOC_CITIZEN_MAYA_FEMALE_4 Operation=58 PlotIndex=1409
mission CityName=LOC_CITY_NAME_TE_HOKIANGA_NU_A_KUPE CompletionTurn=85 EscapeResult=1 InitialResult=4 LevelAfter=2 LootInfo=-1 Name=LOC_CITIZEN_MAYA_MODERN_MALE_5 Operation=58 PlotIndex=772
mission CityName=LOC_CITY_NAME_MONTREAL CompletionTurn=85 EscapeResult=0 InitialResult=4 LevelAfter=2 LootInfo=-1 Name=LOC_CITIZEN_MAYA_MALE_2 Operation=58 PlotIndex=1314
mission CityName=LOC_CITY_NAME_NGARUAWAHIA CompletionTurn=85 EscapeResult=-1 InitialResult=1 LevelAfter=2 LootInfo=-1 Name=LOC_CITIZEN_MAYA_MODERN_MALE_9 Operation=58 PlotIndex=1833
mission CityName=LOC_CITY_NAME_QUEBEC_CITY CompletionTurn=80 EscapeResult=-1 InitialResult=3 LevelAfter=1 LootInfo=-1 Name=LOC_CITIZEN_MAYA_MALE_6 Operation=58 PlotIndex=1404
mission CityName=LOC_CITY_NAME_MONTREAL CompletionTurn=79 EscapeResult=-1 InitialResult=1 LevelAfter=1 LootInfo=-1 Name=LOC_CITIZEN_MAYA_MALE_7 Operation=58 PlotIndex=1314
mission CityName=LOC_CITY_NAME_UPPSALA CompletionTurn=79 EscapeResult=0 InitialResult=4 LevelAfter=2 LootInfo=-1 Name=LOC_CITIZEN_MAYA_MODERN_MALE_6 Operation=58 PlotIndex=993
mission CityName=LOC_CITY_NAME_SAINT_JOHN CompletionTurn=77 EscapeResult=-1 InitialResult=1 LevelAfter=1 LootInfo=-1 Name=LOC_CITIZEN_MAYA_MODERN_FEMALE_7 Operation=58 PlotIndex=1409
mission CityName=LOC_CITY_NAME_STOCKHOLM CompletionTurn=75 EscapeResult=1 InitialResult=4 LevelAfter=2 LootInfo=-1 Name=LOC_CITIZEN_MAYA_MODERN_MALE_2 Operation=58 PlotIndex=1253
mission CityName=LOC_CITY_NAME_TORONTO CompletionTurn=75 EscapeResult=2 InitialResult=2 LevelAfter=2 LootInfo=-1 Name=LOC_CITIZEN_MAYA_MODERN_FEMALE_8 Operation=58 PlotIndex=1818
mission CityName=LOC_CITY_NAME_OTTAWA CompletionTurn=75 EscapeResult=2 InitialResult=4 LevelAfter=2 LootInfo=-1 Name=LOC_CITIZEN_MAYA_MALE_5 Operation=58 PlotIndex=978
mission CityName=LOC_CITY_NAME_SAINT_JOHN CompletionTurn=73 EscapeResult=-1 InitialResult=1 LevelAfter=1 LootInfo=-1 Name=LOC_CITIZEN_MAYA_FEMALE_8 Operation=58 PlotIndex=1409
mission CityName=LOC_CITY_NAME_QUEBEC_CITY CompletionTurn=73 EscapeResult=-1 InitialResult=0 LevelAfter=1 LootInfo=-1 Name=LOC_CITIZEN_MAYA_FEMALE_9 Operation=58 PlotIndex=1404
mission CityName=LOC_CITY_NAME_STOCKHOLM CompletionTurn=70 EscapeResult=-1 InitialResult=1 LevelAfter=1 LootInfo=-1 Name=LOC_CITIZEN_MAYA_MALE_1 Operation=58 PlotIndex=1253
mission CityName=LOC_CITY_NAME_GOTEBORG CompletionTurn=70 EscapeResult=0 InitialResult=4 LevelAfter=2 LootInfo=-1 Name=LOC_CITIZEN_MAYA_MODERN_FEMALE_1 Operation=58 PlotIndex=1081
mission CityName=LOC_CITY_NAME_OTTAWA CompletionTurn=70 EscapeResult=1 InitialResult=2 LevelAfter=2 LootInfo=-1 Name=LOC_CITIZEN_MAYA_MODERN_FEMALE_9 Operation=58 PlotIndex=978
mission CityName=LOC_CITY_NAME_QUEBEC_CITY CompletionTurn=68 EscapeResult=-1 InitialResult=1 LevelAfter=1 LootInfo=-1 Name=LOC_CITIZEN_MAYA_MODERN_FEMALE_3 Operation=58 PlotIndex=1404
mission CityName=LOC_CITY_NAME_NGARUAWAHIA CompletionTurn=67 EscapeResult=2 InitialResult=4 LevelAfter=2 LootInfo=-1 Name=LOC_CITIZEN_MAYA_MODERN_MALE_9 Operation=58 PlotIndex=1833
mission CityName=LOC_CITY_NAME_TE_HOKIANGA_NU_A_KUPE CompletionTurn=66 EscapeResult=2 InitialResult=4 LevelAfter=2 LootInfo=-1 Name=LOC_CITIZEN_MAYA_FEMALE_4 Operation=58 PlotIndex=772
mission CityName=LOC_CITY_NAME_MONTREAL CompletionTurn=66 EscapeResult=0 InitialResult=4 LevelAfter=2 LootInfo=-1 Name=LOC_CITIZEN_MAYA_MALE_3 Operation=58 PlotIndex=1314
mission CityName=LOC_CITY_NAME_OTTAWA CompletionTurn=66 EscapeResult=-1 InitialResult=3 LevelAfter=2 LootInfo=-1 Name=LOC_CITIZEN_MAYA_MODERN_FEMALE_9 Operation=58 PlotIndex=978
mission CityName=LOC_CITY_NAME_TORONTO CompletionTurn=66 EscapeResult=0 InitialResult=2 LevelAfter=1 LootInfo=-1 Name=LOC_CITIZEN_MAYA_MALE_8 Operation=58 PlotIndex=1818
mission CityName=LOC_CITY_NAME_QUEBEC_CITY CompletionTurn=64 EscapeResult=-1 InitialResult=3 LevelAfter=1 LootInfo=-1 Name=LOC_CITIZEN_MAYA_MODERN_FEMALE_3 Operation=58 PlotIndex=1404
mission CityName=LOC_CITY_NAME_TORONTO CompletionTurn=62 EscapeResult=-1 InitialResult=5 LevelAfter=2 LootInfo=-1 Name=LOC_CITIZEN_MAYA_MODERN_FEMALE_8 Operation=58 PlotIndex=1818
mission CityName=LOC_CITY_NAME_OTTAWA CompletionTurn=62 EscapeResult=-1 InitialResult=3 LevelAfter=1 LootInfo=-1 Name=LOC_CITIZEN_MAYA_MALE_5 Operation=58 PlotIndex=978
mission CityName=LOC_CITY_NAME_MONTREAL CompletionTurn=62 EscapeResult=-1 InitialResult=5 LevelAfter=2 LootInfo=-1 Name=LOC_CITIZEN_MAYA_MALE_3 Operation=58 PlotIndex=1314
mission CityName=LOC_CITY_NAME_OTTAWA CompletionTurn=58 EscapeResult=-1 InitialResult=5 LevelAfter=2 LootInfo=-1 Name=LOC_CITIZEN_MAYA_MODERN_FEMALE_9 Operation=58 PlotIndex=978
mission CityName=LOC_CITY_NAME_MONTREAL CompletionTurn=58 EscapeResult=-1 InitialResult=1 LevelAfter=1 LootInfo=-1 Name=LOC_CITIZEN_MAYA_FEMALE_5 Operation=58 PlotIndex=1314
tally 9  FOMENT_UNREST CAPTURED / NO_RESULT
tally 1  FOMENT_UNREST FAIL_MUST_ESCAPE / CAPTURED
tally 3  FOMENT_UNREST FAIL_MUST_ESCAPE / FAIL_MUST_ESCAPE
tally 1  FOMENT_UNREST FAIL_MUST_ESCAPE / KILLED
tally 1  FOMENT_UNREST FAIL_MUST_ESCAPE / NO_RESULT
tally 5  FOMENT_UNREST FAIL_UNDETECTED / NO_RESULT
tally 2  FOMENT_UNREST KILLED / NO_RESULT
tally 2  FOMENT_UNREST SUCCESS_MUST_ESCAPE / CAPTURED
tally 4  FOMENT_UNREST SUCCESS_MUST_ESCAPE / FAIL_MUST_ESCAPE
tally 4  FOMENT_UNREST SUCCESS_MUST_ESCAPE / KILLED
tally 1  FOMENT_UNREST SUCCESS_MUST_ESCAPE / NO_RESULT
tally 7  FOMENT_UNREST SUCCESS_UNDETECTED / NO_RESULT
turn 107 spies active 2 idle 1 missions 40 captured-enemy 0
spy 5570570 LOC_CITIZEN_MAYA_MALE_6 level 1 at 54:15 busy
spy 5373972 LOC_CITIZEN_MAYA_MODERN_FEMALE_8 level 1 at 60:16 busy
spy 4522006 LOC_CITIZEN_MAYA_MALE_5 level 1 at 54:11 start
turn 107 spies 3 started 1 travelled 0 promoted 0 bought 0 gold 50000
unblock: blocker ENDTURN_BLOCKING_SPY_CHOOSE_ESCAPE_ROUTE -> escape route DISTRICT_CITY_CENTER of 1 for spy 5570570 LOC_CITIZEN_MAYA_MALE_6 level 1 turn 107 | end turn requested
unblock: blocker ENDTURN_BLOCKING_SPY_CHOOSE_ESCAPE_ROUTE -> escape route DISTRICT_COMMERCIAL_HUB of 2 for spy 5373972 LOC_CITIZEN_MAYA_MODERN_FEMALE_8 level 1 turn 107 | end turn requested
mission CityName=LOC_CITY_NAME_MONTREAL CompletionTurn=107 EscapeResult=0 InitialResult=2 LevelAfter=2 LootInfo=-1 Name=LOC_CITIZEN_MAYA_MALE_6 Operation=58 PlotIndex=1314
mission CityName=LOC_CITY_NAME_OTTAWA CompletionTurn=105 EscapeResult=2 InitialResult=2 LevelAfter=2 LootInfo=-1 Name=LOC_CITIZEN_MAYA_MODERN_MALE_1 Operation=58 PlotIndex=978
mission CityName=LOC_CITY_NAME_TORONTO CompletionTurn=104 EscapeResult=-1 InitialResult=1 LevelAfter=2 LootInfo=-1 Name=LOC_CITIZEN_MAYA_FEMALE_6 Operation=58 PlotIndex=1818
mission CityName=LOC_CITY_NAME_QUEBEC_CITY CompletionTurn=103 EscapeResult=-1 InitialResult=4 LevelAfter=2 LootInfo=-1 Name=LOC_CITIZEN_MAYA_MODERN_FEMALE_8 Operation=58 PlotIndex=1404
mission CityName=LOC_CITY_NAME_OTTAWA CompletionTurn=101 EscapeResult=-1 InitialResult=5 LevelAfter=2 LootInfo=-1 Name=LOC_CITIZEN_MAYA_MODERN_MALE_1 Operation=58 PlotIndex=978
mission CityName=LOC_CITY_NAME_TORONTO CompletionTurn=100 EscapeResult=-1 InitialResult=5 LevelAfter=2 LootInfo=-1 Name=LOC_CITIZEN_MAYA_FEMALE_6 Operation=58 PlotIndex=1818
mission CityName=LOC_CITY_NAME_MONTREAL CompletionTurn=99 EscapeResult=-1 InitialResult=1 LevelAfter=1 LootInfo=-1 Name=LOC_CITIZEN_MAYA_MODERN_FEMALE_5 Operation=58 PlotIndex=1314
mission CityName=LOC_CITY_NAME_OTTAWA CompletionTurn=97 EscapeResult=-1 InitialResult=3 LevelAfter=2 LootInfo=-1 Name=LOC_CITIZEN_MAYA_MODERN_MALE_1 Operation=58 PlotIndex=978
mission CityName=LOC_CITY_NAME_OTTAWA CompletionTurn=93 EscapeResult=-1 InitialResult=5 LevelAfter=2 LootInfo=-1 Name=LOC_CITIZEN_MAYA_MODERN_MALE_1 Operation=58 PlotIndex=978
mission CityName=LOC_CITY_NAME_TORONTO CompletionTurn=91 EscapeResult=2 InitialResult=2 LevelAfter=2 LootInfo=-1 Name=LOC_CITIZEN_MAYA_MODERN_FEMALE_8 Operation=58 PlotIndex=1818
mission CityName=LOC_CITY_NAME_OTTAWA CompletionTurn=89 EscapeResult=-1 InitialResult=5 LevelAfter=2 LootInfo=-1 Name=LOC_CITIZEN_MAYA_MALE_5 Operation=58 PlotIndex=978
mission CityName=LOC_CITY_NAME_QUEBEC_CITY CompletionTurn=85 EscapeResult=2 InitialResult=4 LevelAfter=2 LootInfo=-1 Name=LOC_CITIZEN_MAYA_MALE_6 Operation=58 PlotIndex=1404
mission CityName=LOC_CITY_NAME_SAINT_JOHN CompletionTurn=85 EscapeResult=-1 InitialResult=0 LevelAfter=2 LootInfo=-1 Name=LOC_CITIZEN_MAYA_FEMALE_4 Operation=58 PlotIndex=1409
mission CityName=LOC_CITY_NAME_TE_HOKIANGA_NU_A_KUPE CompletionTurn=85 EscapeResult=1 InitialResult=4 LevelAfter=2 LootInfo=-1 Name=LOC_CITIZEN_MAYA_MODERN_MALE_5 Operation=58 PlotIndex=772
mission CityName=LOC_CITY_NAME_MONTREAL CompletionTurn=85 EscapeResult=0 InitialResult=4 LevelAfter=2 LootInfo=-1 Name=LOC_CITIZEN_MAYA_MALE_2 Operation=58 PlotIndex=1314
mission CityName=LOC_CITY_NAME_NGARUAWAHIA CompletionTurn=85 EscapeResult=-1 InitialResult=1 LevelAfter=2 LootInfo=-1 Name=LOC_CITIZEN_MAYA_MODERN_MALE_9 Operation=58 PlotIndex=1833
mission CityName=LOC_CITY_NAME_QUEBEC_CITY CompletionTurn=80 EscapeResult=-1 InitialResult=3 LevelAfter=1 LootInfo=-1 Name=LOC_CITIZEN_MAYA_MALE_6 Operation=58 PlotIndex=1404
mission CityName=LOC_CITY_NAME_MONTREAL CompletionTurn=79 EscapeResult=-1 InitialResult=1 LevelAfter=1 LootInfo=-1 Name=LOC_CITIZEN_MAYA_MALE_7 Operation=58 PlotIndex=1314
mission CityName=LOC_CITY_NAME_UPPSALA CompletionTurn=79 EscapeResult=0 InitialResult=4 LevelAfter=2 LootInfo=-1 Name=LOC_CITIZEN_MAYA_MODERN_MALE_6 Operation=58 PlotIndex=993
mission CityName=LOC_CITY_NAME_SAINT_JOHN CompletionTurn=77 EscapeResult=-1 InitialResult=1 LevelAfter=1 LootInfo=-1 Name=LOC_CITIZEN_MAYA_MODERN_FEMALE_7 Operation=58 PlotIndex=1409
mission CityName=LOC_CITY_NAME_STOCKHOLM CompletionTurn=75 EscapeResult=1 InitialResult=4 LevelAfter=2 LootInfo=-1 Name=LOC_CITIZEN_MAYA_MODERN_MALE_2 Operation=58 PlotIndex=1253
mission CityName=LOC_CITY_NAME_TORONTO CompletionTurn=75 EscapeResult=2 InitialResult=2 LevelAfter=2 LootInfo=-1 Name=LOC_CITIZEN_MAYA_MODERN_FEMALE_8 Operation=58 PlotIndex=1818
mission CityName=LOC_CITY_NAME_OTTAWA CompletionTurn=75 EscapeResult=2 InitialResult=4 LevelAfter=2 LootInfo=-1 Name=LOC_CITIZEN_MAYA_MALE_5 Operation=58 PlotIndex=978
mission CityName=LOC_CITY_NAME_SAINT_JOHN CompletionTurn=73 EscapeResult=-1 InitialResult=1 LevelAfter=1 LootInfo=-1 Name=LOC_CITIZEN_MAYA_FEMALE_8 Operation=58 PlotIndex=1409
mission CityName=LOC_CITY_NAME_QUEBEC_CITY CompletionTurn=73 EscapeResult=-1 InitialResult=0 LevelAfter=1 LootInfo=-1 Name=LOC_CITIZEN_MAYA_FEMALE_9 Operation=58 PlotIndex=1404
mission CityName=LOC_CITY_NAME_STOCKHOLM CompletionTurn=70 EscapeResult=-1 InitialResult=1 LevelAfter=1 LootInfo=-1 Name=LOC_CITIZEN_MAYA_MALE_1 Operation=58 PlotIndex=1253
mission CityName=LOC_CITY_NAME_GOTEBORG CompletionTurn=70 EscapeResult=0 InitialResult=4 LevelAfter=2 LootInfo=-1 Name=LOC_CITIZEN_MAYA_MODERN_FEMALE_1 Operation=58 PlotIndex=1081
mission CityName=LOC_CITY_NAME_OTTAWA CompletionTurn=70 EscapeResult=1 InitialResult=2 LevelAfter=2 LootInfo=-1 Name=LOC_CITIZEN_MAYA_MODERN_FEMALE_9 Operation=58 PlotIndex=978
mission CityName=LOC_CITY_NAME_QUEBEC_CITY CompletionTurn=68 EscapeResult=-1 InitialResult=1 LevelAfter=1 LootInfo=-1 Name=LOC_CITIZEN_MAYA_MODERN_FEMALE_3 Operation=58 PlotIndex=1404
mission CityName=LOC_CITY_NAME_NGARUAWAHIA CompletionTurn=67 EscapeResult=2 InitialResult=4 LevelAfter=2 LootInfo=-1 Name=LOC_CITIZEN_MAYA_MODERN_MALE_9 Operation=58 PlotIndex=1833
mission CityName=LOC_CITY_NAME_TE_HOKIANGA_NU_A_KUPE CompletionTurn=66 EscapeResult=2 InitialResult=4 LevelAfter=2 LootInfo=-1 Name=LOC_CITIZEN_MAYA_FEMALE_4 Operation=58 PlotIndex=772
mission CityName=LOC_CITY_NAME_MONTREAL CompletionTurn=66 EscapeResult=0 InitialResult=4 LevelAfter=2 LootInfo=-1 Name=LOC_CITIZEN_MAYA_MALE_3 Operation=58 PlotIndex=1314
mission CityName=LOC_CITY_NAME_OTTAWA CompletionTurn=66 EscapeResult=-1 InitialResult=3 LevelAfter=2 LootInfo=-1 Name=LOC_CITIZEN_MAYA_MODERN_FEMALE_9 Operation=58 PlotIndex=978
mission CityName=LOC_CITY_NAME_TORONTO CompletionTurn=66 EscapeResult=0 InitialResult=2 LevelAfter=1 LootInfo=-1 Name=LOC_CITIZEN_MAYA_MALE_8 Operation=58 PlotIndex=1818
mission CityName=LOC_CITY_NAME_QUEBEC_CITY CompletionTurn=64 EscapeResult=-1 InitialResult=3 LevelAfter=1 LootInfo=-1 Name=LOC_CITIZEN_MAYA_MODERN_FEMALE_3 Operation=58 PlotIndex=1404
mission CityName=LOC_CITY_NAME_TORONTO CompletionTurn=62 EscapeResult=-1 InitialResult=5 LevelAfter=2 LootInfo=-1 Name=LOC_CITIZEN_MAYA_MODERN_FEMALE_8 Operation=58 PlotIndex=1818
mission CityName=LOC_CITY_NAME_OTTAWA CompletionTurn=62 EscapeResult=-1 InitialResult=3 LevelAfter=1 LootInfo=-1 Name=LOC_CITIZEN_MAYA_MALE_5 Operation=58 PlotIndex=978
mission CityName=LOC_CITY_NAME_MONTREAL CompletionTurn=62 EscapeResult=-1 InitialResult=5 LevelAfter=2 LootInfo=-1 Name=LOC_CITIZEN_MAYA_MALE_3 Operation=58 PlotIndex=1314
mission CityName=LOC_CITY_NAME_OTTAWA CompletionTurn=58 EscapeResult=-1 InitialResult=5 LevelAfter=2 LootInfo=-1 Name=LOC_CITIZEN_MAYA_MODERN_FEMALE_9 Operation=58 PlotIndex=978
mission CityName=LOC_CITY_NAME_MONTREAL CompletionTurn=58 EscapeResult=-1 InitialResult=1 LevelAfter=1 LootInfo=-1 Name=LOC_CITIZEN_MAYA_FEMALE_5 Operation=58 PlotIndex=1314
tally 9  FOMENT_UNREST CAPTURED / NO_RESULT
tally 1  FOMENT_UNREST FAIL_MUST_ESCAPE / CAPTURED
tally 3  FOMENT_UNREST FAIL_MUST_ESCAPE / FAIL_MUST_ESCAPE
tally 2  FOMENT_UNREST FAIL_MUST_ESCAPE / KILLED
tally 5  FOMENT_UNREST FAIL_UNDETECTED / NO_RESULT
tally 2  FOMENT_UNREST KILLED / NO_RESULT
tally 2  FOMENT_UNREST SUCCESS_MUST_ESCAPE / CAPTURED
tally 4  FOMENT_UNREST SUCCESS_MUST_ESCAPE / FAIL_MUST_ESCAPE
tally 4  FOMENT_UNREST SUCCESS_MUST_ESCAPE / KILLED
tally 1  FOMENT_UNREST SUCCESS_MUST_ESCAPE / NO_RESULT
tally 7  FOMENT_UNREST SUCCESS_UNDETECTED / NO_RESULT
turn 108 spies active 2 idle 0 missions 40 captured-enemy 0
spy 5373972 LOC_CITIZEN_MAYA_MODERN_FEMALE_8 level 1 at 60:16 busy
spy 4522006 LOC_CITIZEN_MAYA_MALE_5 level 1 at 54:11 busy
turn 108 spies 2 started 0 travelled 0 promoted 0 bought 2 gold 50000
unblock: blocker ENDTURN_BLOCKING_SPY_CHOOSE_ESCAPE_ROUTE -> escape route DISTRICT_COMMERCIAL_HUB of 2 for spy 5373972 LOC_CITIZEN_MAYA_MODERN_FEMALE_8 level 1 turn 108 | end turn requested
mission CityName=LOC_CITY_NAME_MONTREAL CompletionTurn=107 EscapeResult=0 InitialResult=2 LevelAfter=2 LootInfo=-1 Name=LOC_CITIZEN_MAYA_MALE_6 Operation=58 PlotIndex=1314
mission CityName=LOC_CITY_NAME_OTTAWA CompletionTurn=105 EscapeResult=2 InitialResult=2 LevelAfter=2 LootInfo=-1 Name=LOC_CITIZEN_MAYA_MODERN_MALE_1 Operation=58 PlotIndex=978
mission CityName=LOC_CITY_NAME_TORONTO CompletionTurn=104 EscapeResult=-1 InitialResult=1 LevelAfter=2 LootInfo=-1 Name=LOC_CITIZEN_MAYA_FEMALE_6 Operation=58 PlotIndex=1818
mission CityName=LOC_CITY_NAME_QUEBEC_CITY CompletionTurn=103 EscapeResult=0 InitialResult=4 LevelAfter=2 LootInfo=-1 Name=LOC_CITIZEN_MAYA_MODERN_FEMALE_8 Operation=58 PlotIndex=1404
mission CityName=LOC_CITY_NAME_OTTAWA CompletionTurn=101 EscapeResult=-1 InitialResult=5 LevelAfter=2 LootInfo=-1 Name=LOC_CITIZEN_MAYA_MODERN_MALE_1 Operation=58 PlotIndex=978
mission CityName=LOC_CITY_NAME_TORONTO CompletionTurn=100 EscapeResult=-1 InitialResult=5 LevelAfter=2 LootInfo=-1 Name=LOC_CITIZEN_MAYA_FEMALE_6 Operation=58 PlotIndex=1818
mission CityName=LOC_CITY_NAME_MONTREAL CompletionTurn=99 EscapeResult=-1 InitialResult=1 LevelAfter=1 LootInfo=-1 Name=LOC_CITIZEN_MAYA_MODERN_FEMALE_5 Operation=58 PlotIndex=1314
mission CityName=LOC_CITY_NAME_OTTAWA CompletionTurn=97 EscapeResult=-1 InitialResult=3 LevelAfter=2 LootInfo=-1 Name=LOC_CITIZEN_MAYA_MODERN_MALE_1 Operation=58 PlotIndex=978
mission CityName=LOC_CITY_NAME_OTTAWA CompletionTurn=93 EscapeResult=-1 InitialResult=5 LevelAfter=2 LootInfo=-1 Name=LOC_CITIZEN_MAYA_MODERN_MALE_1 Operation=58 PlotIndex=978
mission CityName=LOC_CITY_NAME_TORONTO CompletionTurn=91 EscapeResult=2 InitialResult=2 LevelAfter=2 LootInfo=-1 Name=LOC_CITIZEN_MAYA_MODERN_FEMALE_8 Operation=58 PlotIndex=1818
mission CityName=LOC_CITY_NAME_OTTAWA CompletionTurn=89 EscapeResult=-1 InitialResult=5 LevelAfter=2 LootInfo=-1 Name=LOC_CITIZEN_MAYA_MALE_5 Operation=58 PlotIndex=978
mission CityName=LOC_CITY_NAME_QUEBEC_CITY CompletionTurn=85 EscapeResult=2 InitialResult=4 LevelAfter=2 LootInfo=-1 Name=LOC_CITIZEN_MAYA_MALE_6 Operation=58 PlotIndex=1404
mission CityName=LOC_CITY_NAME_SAINT_JOHN CompletionTurn=85 EscapeResult=-1 InitialResult=0 LevelAfter=2 LootInfo=-1 Name=LOC_CITIZEN_MAYA_FEMALE_4 Operation=58 PlotIndex=1409
mission CityName=LOC_CITY_NAME_TE_HOKIANGA_NU_A_KUPE CompletionTurn=85 EscapeResult=1 InitialResult=4 LevelAfter=2 LootInfo=-1 Name=LOC_CITIZEN_MAYA_MODERN_MALE_5 Operation=58 PlotIndex=772
mission CityName=LOC_CITY_NAME_MONTREAL CompletionTurn=85 EscapeResult=0 InitialResult=4 LevelAfter=2 LootInfo=-1 Name=LOC_CITIZEN_MAYA_MALE_2 Operation=58 PlotIndex=1314
mission CityName=LOC_CITY_NAME_NGARUAWAHIA CompletionTurn=85 EscapeResult=-1 InitialResult=1 LevelAfter=2 LootInfo=-1 Name=LOC_CITIZEN_MAYA_MODERN_MALE_9 Operation=58 PlotIndex=1833
mission CityName=LOC_CITY_NAME_QUEBEC_CITY CompletionTurn=80 EscapeResult=-1 InitialResult=3 LevelAfter=1 LootInfo=-1 Name=LOC_CITIZEN_MAYA_MALE_6 Operation=58 PlotIndex=1404
mission CityName=LOC_CITY_NAME_MONTREAL CompletionTurn=79 EscapeResult=-1 InitialResult=1 LevelAfter=1 LootInfo=-1 Name=LOC_CITIZEN_MAYA_MALE_7 Operation=58 PlotIndex=1314
mission CityName=LOC_CITY_NAME_UPPSALA CompletionTurn=79 EscapeResult=0 InitialResult=4 LevelAfter=2 LootInfo=-1 Name=LOC_CITIZEN_MAYA_MODERN_MALE_6 Operation=58 PlotIndex=993
mission CityName=LOC_CITY_NAME_SAINT_JOHN CompletionTurn=77 EscapeResult=-1 InitialResult=1 LevelAfter=1 LootInfo=-1 Name=LOC_CITIZEN_MAYA_MODERN_FEMALE_7 Operation=58 PlotIndex=1409
mission CityName=LOC_CITY_NAME_STOCKHOLM CompletionTurn=75 EscapeResult=1 InitialResult=4 LevelAfter=2 LootInfo=-1 Name=LOC_CITIZEN_MAYA_MODERN_MALE_2 Operation=58 PlotIndex=1253
mission CityName=LOC_CITY_NAME_TORONTO CompletionTurn=75 EscapeResult=2 InitialResult=2 LevelAfter=2 LootInfo=-1 Name=LOC_CITIZEN_MAYA_MODERN_FEMALE_8 Operation=58 PlotIndex=1818
mission CityName=LOC_CITY_NAME_OTTAWA CompletionTurn=75 EscapeResult=2 InitialResult=4 LevelAfter=2 LootInfo=-1 Name=LOC_CITIZEN_MAYA_MALE_5 Operation=58 PlotIndex=978
mission CityName=LOC_CITY_NAME_SAINT_JOHN CompletionTurn=73 EscapeResult=-1 InitialResult=1 LevelAfter=1 LootInfo=-1 Name=LOC_CITIZEN_MAYA_FEMALE_8 Operation=58 PlotIndex=1409
mission CityName=LOC_CITY_NAME_QUEBEC_CITY CompletionTurn=73 EscapeResult=-1 InitialResult=0 LevelAfter=1 LootInfo=-1 Name=LOC_CITIZEN_MAYA_FEMALE_9 Operation=58 PlotIndex=1404
mission CityName=LOC_CITY_NAME_STOCKHOLM CompletionTurn=70 EscapeResult=-1 InitialResult=1 LevelAfter=1 LootInfo=-1 Name=LOC_CITIZEN_MAYA_MALE_1 Operation=58 PlotIndex=1253
mission CityName=LOC_CITY_NAME_GOTEBORG CompletionTurn=70 EscapeResult=0 InitialResult=4 LevelAfter=2 LootInfo=-1 Name=LOC_CITIZEN_MAYA_MODERN_FEMALE_1 Operation=58 PlotIndex=1081
mission CityName=LOC_CITY_NAME_OTTAWA CompletionTurn=70 EscapeResult=1 InitialResult=2 LevelAfter=2 LootInfo=-1 Name=LOC_CITIZEN_MAYA_MODERN_FEMALE_9 Operation=58 PlotIndex=978
mission CityName=LOC_CITY_NAME_QUEBEC_CITY CompletionTurn=68 EscapeResult=-1 InitialResult=1 LevelAfter=1 LootInfo=-1 Name=LOC_CITIZEN_MAYA_MODERN_FEMALE_3 Operation=58 PlotIndex=1404
mission CityName=LOC_CITY_NAME_NGARUAWAHIA CompletionTurn=67 EscapeResult=2 InitialResult=4 LevelAfter=2 LootInfo=-1 Name=LOC_CITIZEN_MAYA_MODERN_MALE_9 Operation=58 PlotIndex=1833
mission CityName=LOC_CITY_NAME_TE_HOKIANGA_NU_A_KUPE CompletionTurn=66 EscapeResult=2 InitialResult=4 LevelAfter=2 LootInfo=-1 Name=LOC_CITIZEN_MAYA_FEMALE_4 Operation=58 PlotIndex=772
mission CityName=LOC_CITY_NAME_MONTREAL CompletionTurn=66 EscapeResult=0 InitialResult=4 LevelAfter=2 LootInfo=-1 Name=LOC_CITIZEN_MAYA_MALE_3 Operation=58 PlotIndex=1314
mission CityName=LOC_CITY_NAME_OTTAWA CompletionTurn=66 EscapeResult=-1 InitialResult=3 LevelAfter=2 LootInfo=-1 Name=LOC_CITIZEN_MAYA_MODERN_FEMALE_9 Operation=58 PlotIndex=978
mission CityName=LOC_CITY_NAME_TORONTO CompletionTurn=66 EscapeResult=0 InitialResult=2 LevelAfter=1 LootInfo=-1 Name=LOC_CITIZEN_MAYA_MALE_8 Operation=58 PlotIndex=1818
mission CityName=LOC_CITY_NAME_QUEBEC_CITY CompletionTurn=64 EscapeResult=-1 InitialResult=3 LevelAfter=1 LootInfo=-1 Name=LOC_CITIZEN_MAYA_MODERN_FEMALE_3 Operation=58 PlotIndex=1404
mission CityName=LOC_CITY_NAME_TORONTO CompletionTurn=62 EscapeResult=-1 InitialResult=5 LevelAfter=2 LootInfo=-1 Name=LOC_CITIZEN_MAYA_MODERN_FEMALE_8 Operation=58 PlotIndex=1818
mission CityName=LOC_CITY_NAME_OTTAWA CompletionTurn=62 EscapeResult=-1 InitialResult=3 LevelAfter=1 LootInfo=-1 Name=LOC_CITIZEN_MAYA_MALE_5 Operation=58 PlotIndex=978
mission CityName=LOC_CITY_NAME_MONTREAL CompletionTurn=62 EscapeResult=-1 InitialResult=5 LevelAfter=2 LootInfo=-1 Name=LOC_CITIZEN_MAYA_MALE_3 Operation=58 PlotIndex=1314
mission CityName=LOC_CITY_NAME_OTTAWA CompletionTurn=58 EscapeResult=-1 InitialResult=5 LevelAfter=2 LootInfo=-1 Name=LOC_CITIZEN_MAYA_MODERN_FEMALE_9 Operation=58 PlotIndex=978
mission CityName=LOC_CITY_NAME_MONTREAL CompletionTurn=58 EscapeResult=-1 InitialResult=1 LevelAfter=1 LootInfo=-1 Name=LOC_CITIZEN_MAYA_FEMALE_5 Operation=58 PlotIndex=1314
tally 9  FOMENT_UNREST CAPTURED / NO_RESULT
tally 1  FOMENT_UNREST FAIL_MUST_ESCAPE / CAPTURED
tally 3  FOMENT_UNREST FAIL_MUST_ESCAPE / FAIL_MUST_ESCAPE
tally 2  FOMENT_UNREST FAIL_MUST_ESCAPE / KILLED
tally 5  FOMENT_UNREST FAIL_UNDETECTED / NO_RESULT
tally 2  FOMENT_UNREST KILLED / NO_RESULT
tally 2  FOMENT_UNREST SUCCESS_MUST_ESCAPE / CAPTURED
tally 4  FOMENT_UNREST SUCCESS_MUST_ESCAPE / FAIL_MUST_ESCAPE
tally 5  FOMENT_UNREST SUCCESS_MUST_ESCAPE / KILLED
tally 7  FOMENT_UNREST SUCCESS_UNDETECTED / NO_RESULT
turn 109 spies active 1 idle 1 missions 40 captured-enemy 0
spy 5767178 LOC_CITIZEN_MAYA_MALE_10 level 1 at 36:42 travel
spy 4522006 LOC_CITIZEN_MAYA_MALE_5 level 1 at 54:11 busy
turn 109 spies 2 started 0 travelled 1 promoted 0 bought 1 gold 50000
unblock: blocker ENDTURN_BLOCKING_PRODUCTION -> CHICHEN_ITZA builds UNIT_WARRIOR | end turn requested
unblock: blocker ENDTURN_BLOCKING_CIVIC -> civic CIVIC_THEOLOGY | end turn requested
unstuck: closed sessions [2:2]
unstuck: DiplomacyActionView: Closing Diplomacy Action View. m_eventID: 498977
mission CityName=LOC_CITY_NAME_MONTREAL CompletionTurn=107 EscapeResult=0 InitialResult=2 LevelAfter=2 LootInfo=-1 Name=LOC_CITIZEN_MAYA_MALE_6 Operation=58 PlotIndex=1314
mission CityName=LOC_CITY_NAME_OTTAWA CompletionTurn=105 EscapeResult=2 InitialResult=2 LevelAfter=2 LootInfo=-1 Name=LOC_CITIZEN_MAYA_MODERN_MALE_1 Operation=58 PlotIndex=978
mission CityName=LOC_CITY_NAME_TORONTO CompletionTurn=104 EscapeResult=-1 InitialResult=1 LevelAfter=2 LootInfo=-1 Name=LOC_CITIZEN_MAYA_FEMALE_6 Operation=58 PlotIndex=1818
mission CityName=LOC_CITY_NAME_QUEBEC_CITY CompletionTurn=103 EscapeResult=0 InitialResult=4 LevelAfter=2 LootInfo=-1 Name=LOC_CITIZEN_MAYA_MODERN_FEMALE_8 Operation=58 PlotIndex=1404
mission CityName=LOC_CITY_NAME_OTTAWA CompletionTurn=101 EscapeResult=-1 InitialResult=5 LevelAfter=2 LootInfo=-1 Name=LOC_CITIZEN_MAYA_MODERN_MALE_1 Operation=58 PlotIndex=978
mission CityName=LOC_CITY_NAME_TORONTO CompletionTurn=100 EscapeResult=-1 InitialResult=5 LevelAfter=2 LootInfo=-1 Name=LOC_CITIZEN_MAYA_FEMALE_6 Operation=58 PlotIndex=1818
mission CityName=LOC_CITY_NAME_MONTREAL CompletionTurn=99 EscapeResult=-1 InitialResult=1 LevelAfter=1 LootInfo=-1 Name=LOC_CITIZEN_MAYA_MODERN_FEMALE_5 Operation=58 PlotIndex=1314
mission CityName=LOC_CITY_NAME_OTTAWA CompletionTurn=97 EscapeResult=-1 InitialResult=3 LevelAfter=2 LootInfo=-1 Name=LOC_CITIZEN_MAYA_MODERN_MALE_1 Operation=58 PlotIndex=978
mission CityName=LOC_CITY_NAME_OTTAWA CompletionTurn=93 EscapeResult=-1 InitialResult=5 LevelAfter=2 LootInfo=-1 Name=LOC_CITIZEN_MAYA_MODERN_MALE_1 Operation=58 PlotIndex=978
mission CityName=LOC_CITY_NAME_TORONTO CompletionTurn=91 EscapeResult=2 InitialResult=2 LevelAfter=2 LootInfo=-1 Name=LOC_CITIZEN_MAYA_MODERN_FEMALE_8 Operation=58 PlotIndex=1818
mission CityName=LOC_CITY_NAME_OTTAWA CompletionTurn=89 EscapeResult=-1 InitialResult=5 LevelAfter=2 LootInfo=-1 Name=LOC_CITIZEN_MAYA_MALE_5 Operation=58 PlotIndex=978
mission CityName=LOC_CITY_NAME_QUEBEC_CITY CompletionTurn=85 EscapeResult=2 InitialResult=4 LevelAfter=2 LootInfo=-1 Name=LOC_CITIZEN_MAYA_MALE_6 Operation=58 PlotIndex=1404
mission CityName=LOC_CITY_NAME_SAINT_JOHN CompletionTurn=85 EscapeResult=-1 InitialResult=0 LevelAfter=2 LootInfo=-1 Name=LOC_CITIZEN_MAYA_FEMALE_4 Operation=58 PlotIndex=1409
mission CityName=LOC_CITY_NAME_TE_HOKIANGA_NU_A_KUPE CompletionTurn=85 EscapeResult=1 InitialResult=4 LevelAfter=2 LootInfo=-1 Name=LOC_CITIZEN_MAYA_MODERN_MALE_5 Operation=58 PlotIndex=772
mission CityName=LOC_CITY_NAME_MONTREAL CompletionTurn=85 EscapeResult=0 InitialResult=4 LevelAfter=2 LootInfo=-1 Name=LOC_CITIZEN_MAYA_MALE_2 Operation=58 PlotIndex=1314
mission CityName=LOC_CITY_NAME_NGARUAWAHIA CompletionTurn=85 EscapeResult=-1 InitialResult=1 LevelAfter=2 LootInfo=-1 Name=LOC_CITIZEN_MAYA_MODERN_MALE_9 Operation=58 PlotIndex=1833
mission CityName=LOC_CITY_NAME_QUEBEC_CITY CompletionTurn=80 EscapeResult=-1 InitialResult=3 LevelAfter=1 LootInfo=-1 Name=LOC_CITIZEN_MAYA_MALE_6 Operation=58 PlotIndex=1404
mission CityName=LOC_CITY_NAME_MONTREAL CompletionTurn=79 EscapeResult=-1 InitialResult=1 LevelAfter=1 LootInfo=-1 Name=LOC_CITIZEN_MAYA_MALE_7 Operation=58 PlotIndex=1314
mission CityName=LOC_CITY_NAME_UPPSALA CompletionTurn=79 EscapeResult=0 InitialResult=4 LevelAfter=2 LootInfo=-1 Name=LOC_CITIZEN_MAYA_MODERN_MALE_6 Operation=58 PlotIndex=993
mission CityName=LOC_CITY_NAME_SAINT_JOHN CompletionTurn=77 EscapeResult=-1 InitialResult=1 LevelAfter=1 LootInfo=-1 Name=LOC_CITIZEN_MAYA_MODERN_FEMALE_7 Operation=58 PlotIndex=1409
mission CityName=LOC_CITY_NAME_STOCKHOLM CompletionTurn=75 EscapeResult=1 InitialResult=4 LevelAfter=2 LootInfo=-1 Name=LOC_CITIZEN_MAYA_MODERN_MALE_2 Operation=58 PlotIndex=1253
mission CityName=LOC_CITY_NAME_TORONTO CompletionTurn=75 EscapeResult=2 InitialResult=2 LevelAfter=2 LootInfo=-1 Name=LOC_CITIZEN_MAYA_MODERN_FEMALE_8 Operation=58 PlotIndex=1818
mission CityName=LOC_CITY_NAME_OTTAWA CompletionTurn=75 EscapeResult=2 InitialResult=4 LevelAfter=2 LootInfo=-1 Name=LOC_CITIZEN_MAYA_MALE_5 Operation=58 PlotIndex=978
mission CityName=LOC_CITY_NAME_SAINT_JOHN CompletionTurn=73 EscapeResult=-1 InitialResult=1 LevelAfter=1 LootInfo=-1 Name=LOC_CITIZEN_MAYA_FEMALE_8 Operation=58 PlotIndex=1409
mission CityName=LOC_CITY_NAME_QUEBEC_CITY CompletionTurn=73 EscapeResult=-1 InitialResult=0 LevelAfter=1 LootInfo=-1 Name=LOC_CITIZEN_MAYA_FEMALE_9 Operation=58 PlotIndex=1404
mission CityName=LOC_CITY_NAME_STOCKHOLM CompletionTurn=70 EscapeResult=-1 InitialResult=1 LevelAfter=1 LootInfo=-1 Name=LOC_CITIZEN_MAYA_MALE_1 Operation=58 PlotIndex=1253
mission CityName=LOC_CITY_NAME_GOTEBORG CompletionTurn=70 EscapeResult=0 InitialResult=4 LevelAfter=2 LootInfo=-1 Name=LOC_CITIZEN_MAYA_MODERN_FEMALE_1 Operation=58 PlotIndex=1081
mission CityName=LOC_CITY_NAME_OTTAWA CompletionTurn=70 EscapeResult=1 InitialResult=2 LevelAfter=2 LootInfo=-1 Name=LOC_CITIZEN_MAYA_MODERN_FEMALE_9 Operation=58 PlotIndex=978
mission CityName=LOC_CITY_NAME_QUEBEC_CITY CompletionTurn=68 EscapeResult=-1 InitialResult=1 LevelAfter=1 LootInfo=-1 Name=LOC_CITIZEN_MAYA_MODERN_FEMALE_3 Operation=58 PlotIndex=1404
mission CityName=LOC_CITY_NAME_NGARUAWAHIA CompletionTurn=67 EscapeResult=2 InitialResult=4 LevelAfter=2 LootInfo=-1 Name=LOC_CITIZEN_MAYA_MODERN_MALE_9 Operation=58 PlotIndex=1833
mission CityName=LOC_CITY_NAME_TE_HOKIANGA_NU_A_KUPE CompletionTurn=66 EscapeResult=2 InitialResult=4 LevelAfter=2 LootInfo=-1 Name=LOC_CITIZEN_MAYA_FEMALE_4 Operation=58 PlotIndex=772
mission CityName=LOC_CITY_NAME_MONTREAL CompletionTurn=66 EscapeResult=0 InitialResult=4 LevelAfter=2 LootInfo=-1 Name=LOC_CITIZEN_MAYA_MALE_3 Operation=58 PlotIndex=1314
mission CityName=LOC_CITY_NAME_OTTAWA CompletionTurn=66 EscapeResult=-1 InitialResult=3 LevelAfter=2 LootInfo=-1 Name=LOC_CITIZEN_MAYA_MODERN_FEMALE_9 Operation=58 PlotIndex=978
mission CityName=LOC_CITY_NAME_TORONTO CompletionTurn=66 EscapeResult=0 InitialResult=2 LevelAfter=1 LootInfo=-1 Name=LOC_CITIZEN_MAYA_MALE_8 Operation=58 PlotIndex=1818
mission CityName=LOC_CITY_NAME_QUEBEC_CITY CompletionTurn=64 EscapeResult=-1 InitialResult=3 LevelAfter=1 LootInfo=-1 Name=LOC_CITIZEN_MAYA_MODERN_FEMALE_3 Operation=58 PlotIndex=1404
mission CityName=LOC_CITY_NAME_TORONTO CompletionTurn=62 EscapeResult=-1 InitialResult=5 LevelAfter=2 LootInfo=-1 Name=LOC_CITIZEN_MAYA_MODERN_FEMALE_8 Operation=58 PlotIndex=1818
mission CityName=LOC_CITY_NAME_OTTAWA CompletionTurn=62 EscapeResult=-1 InitialResult=3 LevelAfter=1 LootInfo=-1 Name=LOC_CITIZEN_MAYA_MALE_5 Operation=58 PlotIndex=978
mission CityName=LOC_CITY_NAME_MONTREAL CompletionTurn=62 EscapeResult=-1 InitialResult=5 LevelAfter=2 LootInfo=-1 Name=LOC_CITIZEN_MAYA_MALE_3 Operation=58 PlotIndex=1314
mission CityName=LOC_CITY_NAME_OTTAWA CompletionTurn=58 EscapeResult=-1 InitialResult=5 LevelAfter=2 LootInfo=-1 Name=LOC_CITIZEN_MAYA_MODERN_FEMALE_9 Operation=58 PlotIndex=978
mission CityName=LOC_CITY_NAME_MONTREAL CompletionTurn=58 EscapeResult=-1 InitialResult=1 LevelAfter=1 LootInfo=-1 Name=LOC_CITIZEN_MAYA_FEMALE_5 Operation=58 PlotIndex=1314
tally 9  FOMENT_UNREST CAPTURED / NO_RESULT
tally 1  FOMENT_UNREST FAIL_MUST_ESCAPE / CAPTURED
tally 3  FOMENT_UNREST FAIL_MUST_ESCAPE / FAIL_MUST_ESCAPE
tally 2  FOMENT_UNREST FAIL_MUST_ESCAPE / KILLED
tally 5  FOMENT_UNREST FAIL_UNDETECTED / NO_RESULT
tally 2  FOMENT_UNREST KILLED / NO_RESULT
tally 2  FOMENT_UNREST SUCCESS_MUST_ESCAPE / CAPTURED
tally 4  FOMENT_UNREST SUCCESS_MUST_ESCAPE / FAIL_MUST_ESCAPE
tally 5  FOMENT_UNREST SUCCESS_MUST_ESCAPE / KILLED
tally 7  FOMENT_UNREST SUCCESS_UNDETECTED / NO_RESULT
turn 110 spies active 1 idle 1 missions 40 captured-enemy 0
spy 5898250 LOC_CITIZEN_MAYA_MODERN_MALE_1 level 1 at 36:42 travel
spy 5832724 LOC_CITIZEN_MAYA_MALE_4 level 1 at 37:38 travel
spy 4522006 LOC_CITIZEN_MAYA_MALE_5 level 1 at 54:11 busy
turn 110 spies 3 started 0 travelled 2 promoted 0 bought 0 gold 50000
unblock: blocker ENDTURN_BLOCKING_CIVIC -> civic CIVIC_THEOLOGY | end turn requested
unstuck: LeaderScene: open, no close
unstuck: TechCivicCompletedPopup: closed
unblock: blocker ENDTURN_BLOCKING_RESEARCH -> research TECH_ENGINEERING | end turn requested
unstuck: closed sessions [1:1]
unstuck: DiplomacyActionView: Closing Diplomacy Action View. m_eventID: 506491
unblock: blocker ENDTURN_BLOCKING_RESEARCH -> research TECH_ENGINEERING | end turn requested
unstuck: closed sessions [5:5]
unstuck: DiplomacyActionView: Closing Diplomacy Action View. m_eventID: 509368
mission CityName=LOC_CITY_NAME_OTTAWA CompletionTurn=111 EscapeResult=-1 InitialResult=1 LevelAfter=2 LootInfo=-1 Name=LOC_CITIZEN_MAYA_MALE_5 Operation=58 PlotIndex=978
mission CityName=LOC_CITY_NAME_MONTREAL CompletionTurn=107 EscapeResult=0 InitialResult=2 LevelAfter=2 LootInfo=-1 Name=LOC_CITIZEN_MAYA_MALE_6 Operation=58 PlotIndex=1314
mission CityName=LOC_CITY_NAME_OTTAWA CompletionTurn=105 EscapeResult=2 InitialResult=2 LevelAfter=2 LootInfo=-1 Name=LOC_CITIZEN_MAYA_MODERN_MALE_1 Operation=58 PlotIndex=978
mission CityName=LOC_CITY_NAME_TORONTO CompletionTurn=104 EscapeResult=-1 InitialResult=1 LevelAfter=2 LootInfo=-1 Name=LOC_CITIZEN_MAYA_FEMALE_6 Operation=58 PlotIndex=1818
mission CityName=LOC_CITY_NAME_QUEBEC_CITY CompletionTurn=103 EscapeResult=0 InitialResult=4 LevelAfter=2 LootInfo=-1 Name=LOC_CITIZEN_MAYA_MODERN_FEMALE_8 Operation=58 PlotIndex=1404
mission CityName=LOC_CITY_NAME_OTTAWA CompletionTurn=101 EscapeResult=-1 InitialResult=5 LevelAfter=2 LootInfo=-1 Name=LOC_CITIZEN_MAYA_MODERN_MALE_1 Operation=58 PlotIndex=978
mission CityName=LOC_CITY_NAME_TORONTO CompletionTurn=100 EscapeResult=-1 InitialResult=5 LevelAfter=2 LootInfo=-1 Name=LOC_CITIZEN_MAYA_FEMALE_6 Operation=58 PlotIndex=1818
mission CityName=LOC_CITY_NAME_MONTREAL CompletionTurn=99 EscapeResult=-1 InitialResult=1 LevelAfter=1 LootInfo=-1 Name=LOC_CITIZEN_MAYA_MODERN_FEMALE_5 Operation=58 PlotIndex=1314
mission CityName=LOC_CITY_NAME_OTTAWA CompletionTurn=97 EscapeResult=-1 InitialResult=3 LevelAfter=2 LootInfo=-1 Name=LOC_CITIZEN_MAYA_MODERN_MALE_1 Operation=58 PlotIndex=978
mission CityName=LOC_CITY_NAME_OTTAWA CompletionTurn=93 EscapeResult=-1 InitialResult=5 LevelAfter=2 LootInfo=-1 Name=LOC_CITIZEN_MAYA_MODERN_MALE_1 Operation=58 PlotIndex=978
mission CityName=LOC_CITY_NAME_TORONTO CompletionTurn=91 EscapeResult=2 InitialResult=2 LevelAfter=2 LootInfo=-1 Name=LOC_CITIZEN_MAYA_MODERN_FEMALE_8 Operation=58 PlotIndex=1818
mission CityName=LOC_CITY_NAME_OTTAWA CompletionTurn=89 EscapeResult=-1 InitialResult=5 LevelAfter=2 LootInfo=-1 Name=LOC_CITIZEN_MAYA_MALE_5 Operation=58 PlotIndex=978
mission CityName=LOC_CITY_NAME_QUEBEC_CITY CompletionTurn=85 EscapeResult=2 InitialResult=4 LevelAfter=2 LootInfo=-1 Name=LOC_CITIZEN_MAYA_MALE_6 Operation=58 PlotIndex=1404
mission CityName=LOC_CITY_NAME_SAINT_JOHN CompletionTurn=85 EscapeResult=-1 InitialResult=0 LevelAfter=2 LootInfo=-1 Name=LOC_CITIZEN_MAYA_FEMALE_4 Operation=58 PlotIndex=1409
mission CityName=LOC_CITY_NAME_TE_HOKIANGA_NU_A_KUPE CompletionTurn=85 EscapeResult=1 InitialResult=4 LevelAfter=2 LootInfo=-1 Name=LOC_CITIZEN_MAYA_MODERN_MALE_5 Operation=58 PlotIndex=772
mission CityName=LOC_CITY_NAME_MONTREAL CompletionTurn=85 EscapeResult=0 InitialResult=4 LevelAfter=2 LootInfo=-1 Name=LOC_CITIZEN_MAYA_MALE_2 Operation=58 PlotIndex=1314
mission CityName=LOC_CITY_NAME_NGARUAWAHIA CompletionTurn=85 EscapeResult=-1 InitialResult=1 LevelAfter=2 LootInfo=-1 Name=LOC_CITIZEN_MAYA_MODERN_MALE_9 Operation=58 PlotIndex=1833
mission CityName=LOC_CITY_NAME_QUEBEC_CITY CompletionTurn=80 EscapeResult=-1 InitialResult=3 LevelAfter=1 LootInfo=-1 Name=LOC_CITIZEN_MAYA_MALE_6 Operation=58 PlotIndex=1404
mission CityName=LOC_CITY_NAME_MONTREAL CompletionTurn=79 EscapeResult=-1 InitialResult=1 LevelAfter=1 LootInfo=-1 Name=LOC_CITIZEN_MAYA_MALE_7 Operation=58 PlotIndex=1314
mission CityName=LOC_CITY_NAME_UPPSALA CompletionTurn=79 EscapeResult=0 InitialResult=4 LevelAfter=2 LootInfo=-1 Name=LOC_CITIZEN_MAYA_MODERN_MALE_6 Operation=58 PlotIndex=993
mission CityName=LOC_CITY_NAME_SAINT_JOHN CompletionTurn=77 EscapeResult=-1 InitialResult=1 LevelAfter=1 LootInfo=-1 Name=LOC_CITIZEN_MAYA_MODERN_FEMALE_7 Operation=58 PlotIndex=1409
mission CityName=LOC_CITY_NAME_STOCKHOLM CompletionTurn=75 EscapeResult=1 InitialResult=4 LevelAfter=2 LootInfo=-1 Name=LOC_CITIZEN_MAYA_MODERN_MALE_2 Operation=58 PlotIndex=1253
mission CityName=LOC_CITY_NAME_TORONTO CompletionTurn=75 EscapeResult=2 InitialResult=2 LevelAfter=2 LootInfo=-1 Name=LOC_CITIZEN_MAYA_MODERN_FEMALE_8 Operation=58 PlotIndex=1818
mission CityName=LOC_CITY_NAME_OTTAWA CompletionTurn=75 EscapeResult=2 InitialResult=4 LevelAfter=2 LootInfo=-1 Name=LOC_CITIZEN_MAYA_MALE_5 Operation=58 PlotIndex=978
mission CityName=LOC_CITY_NAME_SAINT_JOHN CompletionTurn=73 EscapeResult=-1 InitialResult=1 LevelAfter=1 LootInfo=-1 Name=LOC_CITIZEN_MAYA_FEMALE_8 Operation=58 PlotIndex=1409
mission CityName=LOC_CITY_NAME_QUEBEC_CITY CompletionTurn=73 EscapeResult=-1 InitialResult=0 LevelAfter=1 LootInfo=-1 Name=LOC_CITIZEN_MAYA_FEMALE_9 Operation=58 PlotIndex=1404
mission CityName=LOC_CITY_NAME_STOCKHOLM CompletionTurn=70 EscapeResult=-1 InitialResult=1 LevelAfter=1 LootInfo=-1 Name=LOC_CITIZEN_MAYA_MALE_1 Operation=58 PlotIndex=1253
mission CityName=LOC_CITY_NAME_GOTEBORG CompletionTurn=70 EscapeResult=0 InitialResult=4 LevelAfter=2 LootInfo=-1 Name=LOC_CITIZEN_MAYA_MODERN_FEMALE_1 Operation=58 PlotIndex=1081
mission CityName=LOC_CITY_NAME_OTTAWA CompletionTurn=70 EscapeResult=1 InitialResult=2 LevelAfter=2 LootInfo=-1 Name=LOC_CITIZEN_MAYA_MODERN_FEMALE_9 Operation=58 PlotIndex=978
mission CityName=LOC_CITY_NAME_QUEBEC_CITY CompletionTurn=68 EscapeResult=-1 InitialResult=1 LevelAfter=1 LootInfo=-1 Name=LOC_CITIZEN_MAYA_MODERN_FEMALE_3 Operation=58 PlotIndex=1404
mission CityName=LOC_CITY_NAME_NGARUAWAHIA CompletionTurn=67 EscapeResult=2 InitialResult=4 LevelAfter=2 LootInfo=-1 Name=LOC_CITIZEN_MAYA_MODERN_MALE_9 Operation=58 PlotIndex=1833
mission CityName=LOC_CITY_NAME_TE_HOKIANGA_NU_A_KUPE CompletionTurn=66 EscapeResult=2 InitialResult=4 LevelAfter=2 LootInfo=-1 Name=LOC_CITIZEN_MAYA_FEMALE_4 Operation=58 PlotIndex=772
mission CityName=LOC_CITY_NAME_MONTREAL CompletionTurn=66 EscapeResult=0 InitialResult=4 LevelAfter=2 LootInfo=-1 Name=LOC_CITIZEN_MAYA_MALE_3 Operation=58 PlotIndex=1314
mission CityName=LOC_CITY_NAME_OTTAWA CompletionTurn=66 EscapeResult=-1 InitialResult=3 LevelAfter=2 LootInfo=-1 Name=LOC_CITIZEN_MAYA_MODERN_FEMALE_9 Operation=58 PlotIndex=978
mission CityName=LOC_CITY_NAME_TORONTO CompletionTurn=66 EscapeResult=0 InitialResult=2 LevelAfter=1 LootInfo=-1 Name=LOC_CITIZEN_MAYA_MALE_8 Operation=58 PlotIndex=1818
mission CityName=LOC_CITY_NAME_QUEBEC_CITY CompletionTurn=64 EscapeResult=-1 InitialResult=3 LevelAfter=1 LootInfo=-1 Name=LOC_CITIZEN_MAYA_MODERN_FEMALE_3 Operation=58 PlotIndex=1404
mission CityName=LOC_CITY_NAME_TORONTO CompletionTurn=62 EscapeResult=-1 InitialResult=5 LevelAfter=2 LootInfo=-1 Name=LOC_CITIZEN_MAYA_MODERN_FEMALE_8 Operation=58 PlotIndex=1818
mission CityName=LOC_CITY_NAME_OTTAWA CompletionTurn=62 EscapeResult=-1 InitialResult=3 LevelAfter=1 LootInfo=-1 Name=LOC_CITIZEN_MAYA_MALE_5 Operation=58 PlotIndex=978
mission CityName=LOC_CITY_NAME_MONTREAL CompletionTurn=62 EscapeResult=-1 InitialResult=5 LevelAfter=2 LootInfo=-1 Name=LOC_CITIZEN_MAYA_MALE_3 Operation=58 PlotIndex=1314
mission CityName=LOC_CITY_NAME_OTTAWA CompletionTurn=58 EscapeResult=-1 InitialResult=5 LevelAfter=2 LootInfo=-1 Name=LOC_CITIZEN_MAYA_MODERN_FEMALE_9 Operation=58 PlotIndex=978
mission CityName=LOC_CITY_NAME_MONTREAL CompletionTurn=58 EscapeResult=-1 InitialResult=1 LevelAfter=1 LootInfo=-1 Name=LOC_CITIZEN_MAYA_FEMALE_5 Operation=58 PlotIndex=1314
tally 10  FOMENT_UNREST CAPTURED / NO_RESULT
tally 1  FOMENT_UNREST FAIL_MUST_ESCAPE / CAPTURED
tally 3  FOMENT_UNREST FAIL_MUST_ESCAPE / FAIL_MUST_ESCAPE
tally 2  FOMENT_UNREST FAIL_MUST_ESCAPE / KILLED
tally 5  FOMENT_UNREST FAIL_UNDETECTED / NO_RESULT
tally 2  FOMENT_UNREST KILLED / NO_RESULT
tally 2  FOMENT_UNREST SUCCESS_MUST_ESCAPE / CAPTURED
tally 4  FOMENT_UNREST SUCCESS_MUST_ESCAPE / FAIL_MUST_ESCAPE
tally 5  FOMENT_UNREST SUCCESS_MUST_ESCAPE / KILLED
tally 7  FOMENT_UNREST SUCCESS_UNDETECTED / NO_RESULT
turn 111 spies active 0 idle 0 missions 41 captured-enemy 0
turn 111 spies 0 started 0 travelled 0 promoted 0 bought 0 gold 50000
unblock: blocker ENDTURN_BLOCKING_RESEARCH -> research TECH_ENGINEERING | end turn requested
unstuck: TechCivicCompletedPopup: closed
mission CityName=LOC_CITY_NAME_OTTAWA CompletionTurn=111 EscapeResult=-1 InitialResult=1 LevelAfter=2 LootInfo=-1 Name=LOC_CITIZEN_MAYA_MALE_5 Operation=58 PlotIndex=978
mission CityName=LOC_CITY_NAME_MONTREAL CompletionTurn=107 EscapeResult=0 InitialResult=2 LevelAfter=2 LootInfo=-1 Name=LOC_CITIZEN_MAYA_MALE_6 Operation=58 PlotIndex=1314
mission CityName=LOC_CITY_NAME_OTTAWA CompletionTurn=105 EscapeResult=2 InitialResult=2 LevelAfter=2 LootInfo=-1 Name=LOC_CITIZEN_MAYA_MODERN_MALE_1 Operation=58 PlotIndex=978
mission CityName=LOC_CITY_NAME_TORONTO CompletionTurn=104 EscapeResult=-1 InitialResult=1 LevelAfter=2 LootInfo=-1 Name=LOC_CITIZEN_MAYA_FEMALE_6 Operation=58 PlotIndex=1818
mission CityName=LOC_CITY_NAME_QUEBEC_CITY CompletionTurn=103 EscapeResult=0 InitialResult=4 LevelAfter=2 LootInfo=-1 Name=LOC_CITIZEN_MAYA_MODERN_FEMALE_8 Operation=58 PlotIndex=1404
mission CityName=LOC_CITY_NAME_OTTAWA CompletionTurn=101 EscapeResult=-1 InitialResult=5 LevelAfter=2 LootInfo=-1 Name=LOC_CITIZEN_MAYA_MODERN_MALE_1 Operation=58 PlotIndex=978
mission CityName=LOC_CITY_NAME_TORONTO CompletionTurn=100 EscapeResult=-1 InitialResult=5 LevelAfter=2 LootInfo=-1 Name=LOC_CITIZEN_MAYA_FEMALE_6 Operation=58 PlotIndex=1818
mission CityName=LOC_CITY_NAME_MONTREAL CompletionTurn=99 EscapeResult=-1 InitialResult=1 LevelAfter=1 LootInfo=-1 Name=LOC_CITIZEN_MAYA_MODERN_FEMALE_5 Operation=58 PlotIndex=1314
mission CityName=LOC_CITY_NAME_OTTAWA CompletionTurn=97 EscapeResult=-1 InitialResult=3 LevelAfter=2 LootInfo=-1 Name=LOC_CITIZEN_MAYA_MODERN_MALE_1 Operation=58 PlotIndex=978
mission CityName=LOC_CITY_NAME_OTTAWA CompletionTurn=93 EscapeResult=-1 InitialResult=5 LevelAfter=2 LootInfo=-1 Name=LOC_CITIZEN_MAYA_MODERN_MALE_1 Operation=58 PlotIndex=978
mission CityName=LOC_CITY_NAME_TORONTO CompletionTurn=91 EscapeResult=2 InitialResult=2 LevelAfter=2 LootInfo=-1 Name=LOC_CITIZEN_MAYA_MODERN_FEMALE_8 Operation=58 PlotIndex=1818
mission CityName=LOC_CITY_NAME_OTTAWA CompletionTurn=89 EscapeResult=-1 InitialResult=5 LevelAfter=2 LootInfo=-1 Name=LOC_CITIZEN_MAYA_MALE_5 Operation=58 PlotIndex=978
mission CityName=LOC_CITY_NAME_QUEBEC_CITY CompletionTurn=85 EscapeResult=2 InitialResult=4 LevelAfter=2 LootInfo=-1 Name=LOC_CITIZEN_MAYA_MALE_6 Operation=58 PlotIndex=1404
mission CityName=LOC_CITY_NAME_SAINT_JOHN CompletionTurn=85 EscapeResult=-1 InitialResult=0 LevelAfter=2 LootInfo=-1 Name=LOC_CITIZEN_MAYA_FEMALE_4 Operation=58 PlotIndex=1409
mission CityName=LOC_CITY_NAME_TE_HOKIANGA_NU_A_KUPE CompletionTurn=85 EscapeResult=1 InitialResult=4 LevelAfter=2 LootInfo=-1 Name=LOC_CITIZEN_MAYA_MODERN_MALE_5 Operation=58 PlotIndex=772
mission CityName=LOC_CITY_NAME_MONTREAL CompletionTurn=85 EscapeResult=0 InitialResult=4 LevelAfter=2 LootInfo=-1 Name=LOC_CITIZEN_MAYA_MALE_2 Operation=58 PlotIndex=1314
mission CityName=LOC_CITY_NAME_NGARUAWAHIA CompletionTurn=85 EscapeResult=-1 InitialResult=1 LevelAfter=2 LootInfo=-1 Name=LOC_CITIZEN_MAYA_MODERN_MALE_9 Operation=58 PlotIndex=1833
mission CityName=LOC_CITY_NAME_QUEBEC_CITY CompletionTurn=80 EscapeResult=-1 InitialResult=3 LevelAfter=1 LootInfo=-1 Name=LOC_CITIZEN_MAYA_MALE_6 Operation=58 PlotIndex=1404
mission CityName=LOC_CITY_NAME_MONTREAL CompletionTurn=79 EscapeResult=-1 InitialResult=1 LevelAfter=1 LootInfo=-1 Name=LOC_CITIZEN_MAYA_MALE_7 Operation=58 PlotIndex=1314
mission CityName=LOC_CITY_NAME_UPPSALA CompletionTurn=79 EscapeResult=0 InitialResult=4 LevelAfter=2 LootInfo=-1 Name=LOC_CITIZEN_MAYA_MODERN_MALE_6 Operation=58 PlotIndex=993
mission CityName=LOC_CITY_NAME_SAINT_JOHN CompletionTurn=77 EscapeResult=-1 InitialResult=1 LevelAfter=1 LootInfo=-1 Name=LOC_CITIZEN_MAYA_MODERN_FEMALE_7 Operation=58 PlotIndex=1409
mission CityName=LOC_CITY_NAME_STOCKHOLM CompletionTurn=75 EscapeResult=1 InitialResult=4 LevelAfter=2 LootInfo=-1 Name=LOC_CITIZEN_MAYA_MODERN_MALE_2 Operation=58 PlotIndex=1253
mission CityName=LOC_CITY_NAME_TORONTO CompletionTurn=75 EscapeResult=2 InitialResult=2 LevelAfter=2 LootInfo=-1 Name=LOC_CITIZEN_MAYA_MODERN_FEMALE_8 Operation=58 PlotIndex=1818
mission CityName=LOC_CITY_NAME_OTTAWA CompletionTurn=75 EscapeResult=2 InitialResult=4 LevelAfter=2 LootInfo=-1 Name=LOC_CITIZEN_MAYA_MALE_5 Operation=58 PlotIndex=978
mission CityName=LOC_CITY_NAME_SAINT_JOHN CompletionTurn=73 EscapeResult=-1 InitialResult=1 LevelAfter=1 LootInfo=-1 Name=LOC_CITIZEN_MAYA_FEMALE_8 Operation=58 PlotIndex=1409
mission CityName=LOC_CITY_NAME_QUEBEC_CITY CompletionTurn=73 EscapeResult=-1 InitialResult=0 LevelAfter=1 LootInfo=-1 Name=LOC_CITIZEN_MAYA_FEMALE_9 Operation=58 PlotIndex=1404
mission CityName=LOC_CITY_NAME_STOCKHOLM CompletionTurn=70 EscapeResult=-1 InitialResult=1 LevelAfter=1 LootInfo=-1 Name=LOC_CITIZEN_MAYA_MALE_1 Operation=58 PlotIndex=1253
mission CityName=LOC_CITY_NAME_GOTEBORG CompletionTurn=70 EscapeResult=0 InitialResult=4 LevelAfter=2 LootInfo=-1 Name=LOC_CITIZEN_MAYA_MODERN_FEMALE_1 Operation=58 PlotIndex=1081
mission CityName=LOC_CITY_NAME_OTTAWA CompletionTurn=70 EscapeResult=1 InitialResult=2 LevelAfter=2 LootInfo=-1 Name=LOC_CITIZEN_MAYA_MODERN_FEMALE_9 Operation=58 PlotIndex=978
mission CityName=LOC_CITY_NAME_QUEBEC_CITY CompletionTurn=68 EscapeResult=-1 InitialResult=1 LevelAfter=1 LootInfo=-1 Name=LOC_CITIZEN_MAYA_MODERN_FEMALE_3 Operation=58 PlotIndex=1404
mission CityName=LOC_CITY_NAME_NGARUAWAHIA CompletionTurn=67 EscapeResult=2 InitialResult=4 LevelAfter=2 LootInfo=-1 Name=LOC_CITIZEN_MAYA_MODERN_MALE_9 Operation=58 PlotIndex=1833
mission CityName=LOC_CITY_NAME_TE_HOKIANGA_NU_A_KUPE CompletionTurn=66 EscapeResult=2 InitialResult=4 LevelAfter=2 LootInfo=-1 Name=LOC_CITIZEN_MAYA_FEMALE_4 Operation=58 PlotIndex=772
mission CityName=LOC_CITY_NAME_MONTREAL CompletionTurn=66 EscapeResult=0 InitialResult=4 LevelAfter=2 LootInfo=-1 Name=LOC_CITIZEN_MAYA_MALE_3 Operation=58 PlotIndex=1314
mission CityName=LOC_CITY_NAME_OTTAWA CompletionTurn=66 EscapeResult=-1 InitialResult=3 LevelAfter=2 LootInfo=-1 Name=LOC_CITIZEN_MAYA_MODERN_FEMALE_9 Operation=58 PlotIndex=978
mission CityName=LOC_CITY_NAME_TORONTO CompletionTurn=66 EscapeResult=0 InitialResult=2 LevelAfter=1 LootInfo=-1 Name=LOC_CITIZEN_MAYA_MALE_8 Operation=58 PlotIndex=1818
mission CityName=LOC_CITY_NAME_QUEBEC_CITY CompletionTurn=64 EscapeResult=-1 InitialResult=3 LevelAfter=1 LootInfo=-1 Name=LOC_CITIZEN_MAYA_MODERN_FEMALE_3 Operation=58 PlotIndex=1404
mission CityName=LOC_CITY_NAME_TORONTO CompletionTurn=62 EscapeResult=-1 InitialResult=5 LevelAfter=2 LootInfo=-1 Name=LOC_CITIZEN_MAYA_MODERN_FEMALE_8 Operation=58 PlotIndex=1818
mission CityName=LOC_CITY_NAME_OTTAWA CompletionTurn=62 EscapeResult=-1 InitialResult=3 LevelAfter=1 LootInfo=-1 Name=LOC_CITIZEN_MAYA_MALE_5 Operation=58 PlotIndex=978
mission CityName=LOC_CITY_NAME_MONTREAL CompletionTurn=62 EscapeResult=-1 InitialResult=5 LevelAfter=2 LootInfo=-1 Name=LOC_CITIZEN_MAYA_MALE_3 Operation=58 PlotIndex=1314
mission CityName=LOC_CITY_NAME_OTTAWA CompletionTurn=58 EscapeResult=-1 InitialResult=5 LevelAfter=2 LootInfo=-1 Name=LOC_CITIZEN_MAYA_MODERN_FEMALE_9 Operation=58 PlotIndex=978
mission CityName=LOC_CITY_NAME_MONTREAL CompletionTurn=58 EscapeResult=-1 InitialResult=1 LevelAfter=1 LootInfo=-1 Name=LOC_CITIZEN_MAYA_FEMALE_5 Operation=58 PlotIndex=1314
tally 10  FOMENT_UNREST CAPTURED / NO_RESULT
tally 1  FOMENT_UNREST FAIL_MUST_ESCAPE / CAPTURED
tally 3  FOMENT_UNREST FAIL_MUST_ESCAPE / FAIL_MUST_ESCAPE
tally 2  FOMENT_UNREST FAIL_MUST_ESCAPE / KILLED
tally 5  FOMENT_UNREST FAIL_UNDETECTED / NO_RESULT
tally 2  FOMENT_UNREST KILLED / NO_RESULT
tally 2  FOMENT_UNREST SUCCESS_MUST_ESCAPE / CAPTURED
tally 4  FOMENT_UNREST SUCCESS_MUST_ESCAPE / FAIL_MUST_ESCAPE
tally 5  FOMENT_UNREST SUCCESS_MUST_ESCAPE / KILLED
tally 7  FOMENT_UNREST SUCCESS_UNDETECTED / NO_RESULT
turn 112 spies active 0 idle 0 missions 41 captured-enemy 0
spy 6160404 LOC_CITIZEN_MAYA_MALE_4 level 1 at 54:21 start
spy 6094870 LOC_CITIZEN_MAYA_MALE_10 level 1 at 54:15 start
turn 112 spies 2 started 2 travelled 0 promoted 0 bought 0 gold 50000
unblock: blocker ENDTURN_BLOCKING_PRODUCTION -> CHICHEN_ITZA builds UNIT_WARRIOR | end turn requested
unblock: blocker ENDTURN_BLOCKING_CIVIC -> civic CIVIC_NAVAL_TRADITION | end turn requested
unstuck: closed sessions [6:6]
unstuck: DiplomacyActionView: Closing Diplomacy Action View. m_eventID: 526591
mission CityName=LOC_CITY_NAME_OTTAWA CompletionTurn=111 EscapeResult=-1 InitialResult=1 LevelAfter=2 LootInfo=-1 Name=LOC_CITIZEN_MAYA_MALE_5 Operation=58 PlotIndex=978
mission CityName=LOC_CITY_NAME_MONTREAL CompletionTurn=107 EscapeResult=0 InitialResult=2 LevelAfter=2 LootInfo=-1 Name=LOC_CITIZEN_MAYA_MALE_6 Operation=58 PlotIndex=1314
mission CityName=LOC_CITY_NAME_OTTAWA CompletionTurn=105 EscapeResult=2 InitialResult=2 LevelAfter=2 LootInfo=-1 Name=LOC_CITIZEN_MAYA_MODERN_MALE_1 Operation=58 PlotIndex=978
mission CityName=LOC_CITY_NAME_TORONTO CompletionTurn=104 EscapeResult=-1 InitialResult=1 LevelAfter=2 LootInfo=-1 Name=LOC_CITIZEN_MAYA_FEMALE_6 Operation=58 PlotIndex=1818
mission CityName=LOC_CITY_NAME_QUEBEC_CITY CompletionTurn=103 EscapeResult=0 InitialResult=4 LevelAfter=2 LootInfo=-1 Name=LOC_CITIZEN_MAYA_MODERN_FEMALE_8 Operation=58 PlotIndex=1404
mission CityName=LOC_CITY_NAME_OTTAWA CompletionTurn=101 EscapeResult=-1 InitialResult=5 LevelAfter=2 LootInfo=-1 Name=LOC_CITIZEN_MAYA_MODERN_MALE_1 Operation=58 PlotIndex=978
mission CityName=LOC_CITY_NAME_TORONTO CompletionTurn=100 EscapeResult=-1 InitialResult=5 LevelAfter=2 LootInfo=-1 Name=LOC_CITIZEN_MAYA_FEMALE_6 Operation=58 PlotIndex=1818
mission CityName=LOC_CITY_NAME_MONTREAL CompletionTurn=99 EscapeResult=-1 InitialResult=1 LevelAfter=1 LootInfo=-1 Name=LOC_CITIZEN_MAYA_MODERN_FEMALE_5 Operation=58 PlotIndex=1314
mission CityName=LOC_CITY_NAME_OTTAWA CompletionTurn=97 EscapeResult=-1 InitialResult=3 LevelAfter=2 LootInfo=-1 Name=LOC_CITIZEN_MAYA_MODERN_MALE_1 Operation=58 PlotIndex=978
mission CityName=LOC_CITY_NAME_OTTAWA CompletionTurn=93 EscapeResult=-1 InitialResult=5 LevelAfter=2 LootInfo=-1 Name=LOC_CITIZEN_MAYA_MODERN_MALE_1 Operation=58 PlotIndex=978
mission CityName=LOC_CITY_NAME_TORONTO CompletionTurn=91 EscapeResult=2 InitialResult=2 LevelAfter=2 LootInfo=-1 Name=LOC_CITIZEN_MAYA_MODERN_FEMALE_8 Operation=58 PlotIndex=1818
mission CityName=LOC_CITY_NAME_OTTAWA CompletionTurn=89 EscapeResult=-1 InitialResult=5 LevelAfter=2 LootInfo=-1 Name=LOC_CITIZEN_MAYA_MALE_5 Operation=58 PlotIndex=978
mission CityName=LOC_CITY_NAME_QUEBEC_CITY CompletionTurn=85 EscapeResult=2 InitialResult=4 LevelAfter=2 LootInfo=-1 Name=LOC_CITIZEN_MAYA_MALE_6 Operation=58 PlotIndex=1404
mission CityName=LOC_CITY_NAME_SAINT_JOHN CompletionTurn=85 EscapeResult=-1 InitialResult=0 LevelAfter=2 LootInfo=-1 Name=LOC_CITIZEN_MAYA_FEMALE_4 Operation=58 PlotIndex=1409
mission CityName=LOC_CITY_NAME_TE_HOKIANGA_NU_A_KUPE CompletionTurn=85 EscapeResult=1 InitialResult=4 LevelAfter=2 LootInfo=-1 Name=LOC_CITIZEN_MAYA_MODERN_MALE_5 Operation=58 PlotIndex=772
mission CityName=LOC_CITY_NAME_MONTREAL CompletionTurn=85 EscapeResult=0 InitialResult=4 LevelAfter=2 LootInfo=-1 Name=LOC_CITIZEN_MAYA_MALE_2 Operation=58 PlotIndex=1314
mission CityName=LOC_CITY_NAME_NGARUAWAHIA CompletionTurn=85 EscapeResult=-1 InitialResult=1 LevelAfter=2 LootInfo=-1 Name=LOC_CITIZEN_MAYA_MODERN_MALE_9 Operation=58 PlotIndex=1833
mission CityName=LOC_CITY_NAME_QUEBEC_CITY CompletionTurn=80 EscapeResult=-1 InitialResult=3 LevelAfter=1 LootInfo=-1 Name=LOC_CITIZEN_MAYA_MALE_6 Operation=58 PlotIndex=1404
mission CityName=LOC_CITY_NAME_MONTREAL CompletionTurn=79 EscapeResult=-1 InitialResult=1 LevelAfter=1 LootInfo=-1 Name=LOC_CITIZEN_MAYA_MALE_7 Operation=58 PlotIndex=1314
mission CityName=LOC_CITY_NAME_UPPSALA CompletionTurn=79 EscapeResult=0 InitialResult=4 LevelAfter=2 LootInfo=-1 Name=LOC_CITIZEN_MAYA_MODERN_MALE_6 Operation=58 PlotIndex=993
mission CityName=LOC_CITY_NAME_SAINT_JOHN CompletionTurn=77 EscapeResult=-1 InitialResult=1 LevelAfter=1 LootInfo=-1 Name=LOC_CITIZEN_MAYA_MODERN_FEMALE_7 Operation=58 PlotIndex=1409
mission CityName=LOC_CITY_NAME_STOCKHOLM CompletionTurn=75 EscapeResult=1 InitialResult=4 LevelAfter=2 LootInfo=-1 Name=LOC_CITIZEN_MAYA_MODERN_MALE_2 Operation=58 PlotIndex=1253
mission CityName=LOC_CITY_NAME_TORONTO CompletionTurn=75 EscapeResult=2 InitialResult=2 LevelAfter=2 LootInfo=-1 Name=LOC_CITIZEN_MAYA_MODERN_FEMALE_8 Operation=58 PlotIndex=1818
mission CityName=LOC_CITY_NAME_OTTAWA CompletionTurn=75 EscapeResult=2 InitialResult=4 LevelAfter=2 LootInfo=-1 Name=LOC_CITIZEN_MAYA_MALE_5 Operation=58 PlotIndex=978
mission CityName=LOC_CITY_NAME_SAINT_JOHN CompletionTurn=73 EscapeResult=-1 InitialResult=1 LevelAfter=1 LootInfo=-1 Name=LOC_CITIZEN_MAYA_FEMALE_8 Operation=58 PlotIndex=1409
mission CityName=LOC_CITY_NAME_QUEBEC_CITY CompletionTurn=73 EscapeResult=-1 InitialResult=0 LevelAfter=1 LootInfo=-1 Name=LOC_CITIZEN_MAYA_FEMALE_9 Operation=58 PlotIndex=1404
mission CityName=LOC_CITY_NAME_STOCKHOLM CompletionTurn=70 EscapeResult=-1 InitialResult=1 LevelAfter=1 LootInfo=-1 Name=LOC_CITIZEN_MAYA_MALE_1 Operation=58 PlotIndex=1253
mission CityName=LOC_CITY_NAME_GOTEBORG CompletionTurn=70 EscapeResult=0 InitialResult=4 LevelAfter=2 LootInfo=-1 Name=LOC_CITIZEN_MAYA_MODERN_FEMALE_1 Operation=58 PlotIndex=1081
mission CityName=LOC_CITY_NAME_OTTAWA CompletionTurn=70 EscapeResult=1 InitialResult=2 LevelAfter=2 LootInfo=-1 Name=LOC_CITIZEN_MAYA_MODERN_FEMALE_9 Operation=58 PlotIndex=978
mission CityName=LOC_CITY_NAME_QUEBEC_CITY CompletionTurn=68 EscapeResult=-1 InitialResult=1 LevelAfter=1 LootInfo=-1 Name=LOC_CITIZEN_MAYA_MODERN_FEMALE_3 Operation=58 PlotIndex=1404
mission CityName=LOC_CITY_NAME_NGARUAWAHIA CompletionTurn=67 EscapeResult=2 InitialResult=4 LevelAfter=2 LootInfo=-1 Name=LOC_CITIZEN_MAYA_MODERN_MALE_9 Operation=58 PlotIndex=1833
mission CityName=LOC_CITY_NAME_TE_HOKIANGA_NU_A_KUPE CompletionTurn=66 EscapeResult=2 InitialResult=4 LevelAfter=2 LootInfo=-1 Name=LOC_CITIZEN_MAYA_FEMALE_4 Operation=58 PlotIndex=772
mission CityName=LOC_CITY_NAME_MONTREAL CompletionTurn=66 EscapeResult=0 InitialResult=4 LevelAfter=2 LootInfo=-1 Name=LOC_CITIZEN_MAYA_MALE_3 Operation=58 PlotIndex=1314
mission CityName=LOC_CITY_NAME_OTTAWA CompletionTurn=66 EscapeResult=-1 InitialResult=3 LevelAfter=2 LootInfo=-1 Name=LOC_CITIZEN_MAYA_MODERN_FEMALE_9 Operation=58 PlotIndex=978
mission CityName=LOC_CITY_NAME_TORONTO CompletionTurn=66 EscapeResult=0 InitialResult=2 LevelAfter=1 LootInfo=-1 Name=LOC_CITIZEN_MAYA_MALE_8 Operation=58 PlotIndex=1818
mission CityName=LOC_CITY_NAME_QUEBEC_CITY CompletionTurn=64 EscapeResult=-1 InitialResult=3 LevelAfter=1 LootInfo=-1 Name=LOC_CITIZEN_MAYA_MODERN_FEMALE_3 Operation=58 PlotIndex=1404
mission CityName=LOC_CITY_NAME_TORONTO CompletionTurn=62 EscapeResult=-1 InitialResult=5 LevelAfter=2 LootInfo=-1 Name=LOC_CITIZEN_MAYA_MODERN_FEMALE_8 Operation=58 PlotIndex=1818
mission CityName=LOC_CITY_NAME_OTTAWA CompletionTurn=62 EscapeResult=-1 InitialResult=3 LevelAfter=1 LootInfo=-1 Name=LOC_CITIZEN_MAYA_MALE_5 Operation=58 PlotIndex=978
mission CityName=LOC_CITY_NAME_MONTREAL CompletionTurn=62 EscapeResult=-1 InitialResult=5 LevelAfter=2 LootInfo=-1 Name=LOC_CITIZEN_MAYA_MALE_3 Operation=58 PlotIndex=1314
mission CityName=LOC_CITY_NAME_OTTAWA CompletionTurn=58 EscapeResult=-1 InitialResult=5 LevelAfter=2 LootInfo=-1 Name=LOC_CITIZEN_MAYA_MODERN_FEMALE_9 Operation=58 PlotIndex=978
mission CityName=LOC_CITY_NAME_MONTREAL CompletionTurn=58 EscapeResult=-1 InitialResult=1 LevelAfter=1 LootInfo=-1 Name=LOC_CITIZEN_MAYA_FEMALE_5 Operation=58 PlotIndex=1314
tally 10  FOMENT_UNREST CAPTURED / NO_RESULT
tally 1  FOMENT_UNREST FAIL_MUST_ESCAPE / CAPTURED
tally 3  FOMENT_UNREST FAIL_MUST_ESCAPE / FAIL_MUST_ESCAPE
tally 2  FOMENT_UNREST FAIL_MUST_ESCAPE / KILLED
tally 5  FOMENT_UNREST FAIL_UNDETECTED / NO_RESULT
tally 2  FOMENT_UNREST KILLED / NO_RESULT
tally 2  FOMENT_UNREST SUCCESS_MUST_ESCAPE / CAPTURED
tally 4  FOMENT_UNREST SUCCESS_MUST_ESCAPE / FAIL_MUST_ESCAPE
tally 5  FOMENT_UNREST SUCCESS_MUST_ESCAPE / KILLED
tally 7  FOMENT_UNREST SUCCESS_UNDETECTED / NO_RESULT
turn 113 spies active 2 idle 1 missions 41 captured-enemy 0
spy 6225930 LOC_CITIZEN_MAYA_MODERN_MALE_1 level 1 at 54:15 refused
spy 6160404 LOC_CITIZEN_MAYA_MALE_4 level 1 at 54:21 busy
spy 6094870 LOC_CITIZEN_MAYA_MALE_10 level 1 at 54:15 busy
turn 113 spies 3 started 0 travelled 0 promoted 0 bought 0 gold 50000
unblock: blocker ENDTURN_BLOCKING_CIVIC -> civic CIVIC_NAVAL_TRADITION | end turn requested
unblock: blocker ENDTURN_BLOCKING_PRODUCTION -> CHICHEN_ITZA builds UNIT_WARRIOR | end turn requested
unstuck: closed sessions [2:2]
unblock: blocker ENDTURN_BLOCKING_PRODUCTION -> CHICHEN_ITZA builds UNIT_WARRIOR | end turn requested
unstuck: closed sessions [3:3]
unstuck: DiplomacyActionView: closed
unblock: blocker ENDTURN_BLOCKING_PRODUCTION -> CHICHEN_ITZA builds UNIT_WARRIOR | end turn requested
unstuck: closed sessions [6:6]
unstuck: DiplomacyActionView: Closing Diplomacy Action View. m_eventID: 534921
mission CityName=LOC_CITY_NAME_OTTAWA CompletionTurn=111 EscapeResult=-1 InitialResult=1 LevelAfter=2 LootInfo=-1 Name=LOC_CITIZEN_MAYA_MALE_5 Operation=58 PlotIndex=978
mission CityName=LOC_CITY_NAME_MONTREAL CompletionTurn=107 EscapeResult=0 InitialResult=2 LevelAfter=2 LootInfo=-1 Name=LOC_CITIZEN_MAYA_MALE_6 Operation=58 PlotIndex=1314
mission CityName=LOC_CITY_NAME_OTTAWA CompletionTurn=105 EscapeResult=2 InitialResult=2 LevelAfter=2 LootInfo=-1 Name=LOC_CITIZEN_MAYA_MODERN_MALE_1 Operation=58 PlotIndex=978
mission CityName=LOC_CITY_NAME_TORONTO CompletionTurn=104 EscapeResult=-1 InitialResult=1 LevelAfter=2 LootInfo=-1 Name=LOC_CITIZEN_MAYA_FEMALE_6 Operation=58 PlotIndex=1818
mission CityName=LOC_CITY_NAME_QUEBEC_CITY CompletionTurn=103 EscapeResult=0 InitialResult=4 LevelAfter=2 LootInfo=-1 Name=LOC_CITIZEN_MAYA_MODERN_FEMALE_8 Operation=58 PlotIndex=1404
mission CityName=LOC_CITY_NAME_OTTAWA CompletionTurn=101 EscapeResult=-1 InitialResult=5 LevelAfter=2 LootInfo=-1 Name=LOC_CITIZEN_MAYA_MODERN_MALE_1 Operation=58 PlotIndex=978
mission CityName=LOC_CITY_NAME_TORONTO CompletionTurn=100 EscapeResult=-1 InitialResult=5 LevelAfter=2 LootInfo=-1 Name=LOC_CITIZEN_MAYA_FEMALE_6 Operation=58 PlotIndex=1818
mission CityName=LOC_CITY_NAME_MONTREAL CompletionTurn=99 EscapeResult=-1 InitialResult=1 LevelAfter=1 LootInfo=-1 Name=LOC_CITIZEN_MAYA_MODERN_FEMALE_5 Operation=58 PlotIndex=1314
mission CityName=LOC_CITY_NAME_OTTAWA CompletionTurn=97 EscapeResult=-1 InitialResult=3 LevelAfter=2 LootInfo=-1 Name=LOC_CITIZEN_MAYA_MODERN_MALE_1 Operation=58 PlotIndex=978
mission CityName=LOC_CITY_NAME_OTTAWA CompletionTurn=93 EscapeResult=-1 InitialResult=5 LevelAfter=2 LootInfo=-1 Name=LOC_CITIZEN_MAYA_MODERN_MALE_1 Operation=58 PlotIndex=978
mission CityName=LOC_CITY_NAME_TORONTO CompletionTurn=91 EscapeResult=2 InitialResult=2 LevelAfter=2 LootInfo=-1 Name=LOC_CITIZEN_MAYA_MODERN_FEMALE_8 Operation=58 PlotIndex=1818
mission CityName=LOC_CITY_NAME_OTTAWA CompletionTurn=89 EscapeResult=-1 InitialResult=5 LevelAfter=2 LootInfo=-1 Name=LOC_CITIZEN_MAYA_MALE_5 Operation=58 PlotIndex=978
mission CityName=LOC_CITY_NAME_QUEBEC_CITY CompletionTurn=85 EscapeResult=2 InitialResult=4 LevelAfter=2 LootInfo=-1 Name=LOC_CITIZEN_MAYA_MALE_6 Operation=58 PlotIndex=1404
mission CityName=LOC_CITY_NAME_SAINT_JOHN CompletionTurn=85 EscapeResult=-1 InitialResult=0 LevelAfter=2 LootInfo=-1 Name=LOC_CITIZEN_MAYA_FEMALE_4 Operation=58 PlotIndex=1409
mission CityName=LOC_CITY_NAME_TE_HOKIANGA_NU_A_KUPE CompletionTurn=85 EscapeResult=1 InitialResult=4 LevelAfter=2 LootInfo=-1 Name=LOC_CITIZEN_MAYA_MODERN_MALE_5 Operation=58 PlotIndex=772
mission CityName=LOC_CITY_NAME_MONTREAL CompletionTurn=85 EscapeResult=0 InitialResult=4 LevelAfter=2 LootInfo=-1 Name=LOC_CITIZEN_MAYA_MALE_2 Operation=58 PlotIndex=1314
mission CityName=LOC_CITY_NAME_NGARUAWAHIA CompletionTurn=85 EscapeResult=-1 InitialResult=1 LevelAfter=2 LootInfo=-1 Name=LOC_CITIZEN_MAYA_MODERN_MALE_9 Operation=58 PlotIndex=1833
mission CityName=LOC_CITY_NAME_QUEBEC_CITY CompletionTurn=80 EscapeResult=-1 InitialResult=3 LevelAfter=1 LootInfo=-1 Name=LOC_CITIZEN_MAYA_MALE_6 Operation=58 PlotIndex=1404
mission CityName=LOC_CITY_NAME_MONTREAL CompletionTurn=79 EscapeResult=-1 InitialResult=1 LevelAfter=1 LootInfo=-1 Name=LOC_CITIZEN_MAYA_MALE_7 Operation=58 PlotIndex=1314
mission CityName=LOC_CITY_NAME_UPPSALA CompletionTurn=79 EscapeResult=0 InitialResult=4 LevelAfter=2 LootInfo=-1 Name=LOC_CITIZEN_MAYA_MODERN_MALE_6 Operation=58 PlotIndex=993
mission CityName=LOC_CITY_NAME_SAINT_JOHN CompletionTurn=77 EscapeResult=-1 InitialResult=1 LevelAfter=1 LootInfo=-1 Name=LOC_CITIZEN_MAYA_MODERN_FEMALE_7 Operation=58 PlotIndex=1409
mission CityName=LOC_CITY_NAME_STOCKHOLM CompletionTurn=75 EscapeResult=1 InitialResult=4 LevelAfter=2 LootInfo=-1 Name=LOC_CITIZEN_MAYA_MODERN_MALE_2 Operation=58 PlotIndex=1253
mission CityName=LOC_CITY_NAME_TORONTO CompletionTurn=75 EscapeResult=2 InitialResult=2 LevelAfter=2 LootInfo=-1 Name=LOC_CITIZEN_MAYA_MODERN_FEMALE_8 Operation=58 PlotIndex=1818
mission CityName=LOC_CITY_NAME_OTTAWA CompletionTurn=75 EscapeResult=2 InitialResult=4 LevelAfter=2 LootInfo=-1 Name=LOC_CITIZEN_MAYA_MALE_5 Operation=58 PlotIndex=978
mission CityName=LOC_CITY_NAME_SAINT_JOHN CompletionTurn=73 EscapeResult=-1 InitialResult=1 LevelAfter=1 LootInfo=-1 Name=LOC_CITIZEN_MAYA_FEMALE_8 Operation=58 PlotIndex=1409
mission CityName=LOC_CITY_NAME_QUEBEC_CITY CompletionTurn=73 EscapeResult=-1 InitialResult=0 LevelAfter=1 LootInfo=-1 Name=LOC_CITIZEN_MAYA_FEMALE_9 Operation=58 PlotIndex=1404
mission CityName=LOC_CITY_NAME_STOCKHOLM CompletionTurn=70 EscapeResult=-1 InitialResult=1 LevelAfter=1 LootInfo=-1 Name=LOC_CITIZEN_MAYA_MALE_1 Operation=58 PlotIndex=1253
mission CityName=LOC_CITY_NAME_GOTEBORG CompletionTurn=70 EscapeResult=0 InitialResult=4 LevelAfter=2 LootInfo=-1 Name=LOC_CITIZEN_MAYA_MODERN_FEMALE_1 Operation=58 PlotIndex=1081
mission CityName=LOC_CITY_NAME_OTTAWA CompletionTurn=70 EscapeResult=1 InitialResult=2 LevelAfter=2 LootInfo=-1 Name=LOC_CITIZEN_MAYA_MODERN_FEMALE_9 Operation=58 PlotIndex=978
mission CityName=LOC_CITY_NAME_QUEBEC_CITY CompletionTurn=68 EscapeResult=-1 InitialResult=1 LevelAfter=1 LootInfo=-1 Name=LOC_CITIZEN_MAYA_MODERN_FEMALE_3 Operation=58 PlotIndex=1404
mission CityName=LOC_CITY_NAME_NGARUAWAHIA CompletionTurn=67 EscapeResult=2 InitialResult=4 LevelAfter=2 LootInfo=-1 Name=LOC_CITIZEN_MAYA_MODERN_MALE_9 Operation=58 PlotIndex=1833
mission CityName=LOC_CITY_NAME_TE_HOKIANGA_NU_A_KUPE CompletionTurn=66 EscapeResult=2 InitialResult=4 LevelAfter=2 LootInfo=-1 Name=LOC_CITIZEN_MAYA_FEMALE_4 Operation=58 PlotIndex=772
mission CityName=LOC_CITY_NAME_MONTREAL CompletionTurn=66 EscapeResult=0 InitialResult=4 LevelAfter=2 LootInfo=-1 Name=LOC_CITIZEN_MAYA_MALE_3 Operation=58 PlotIndex=1314
mission CityName=LOC_CITY_NAME_OTTAWA CompletionTurn=66 EscapeResult=-1 InitialResult=3 LevelAfter=2 LootInfo=-1 Name=LOC_CITIZEN_MAYA_MODERN_FEMALE_9 Operation=58 PlotIndex=978
mission CityName=LOC_CITY_NAME_TORONTO CompletionTurn=66 EscapeResult=0 InitialResult=2 LevelAfter=1 LootInfo=-1 Name=LOC_CITIZEN_MAYA_MALE_8 Operation=58 PlotIndex=1818
mission CityName=LOC_CITY_NAME_QUEBEC_CITY CompletionTurn=64 EscapeResult=-1 InitialResult=3 LevelAfter=1 LootInfo=-1 Name=LOC_CITIZEN_MAYA_MODERN_FEMALE_3 Operation=58 PlotIndex=1404
mission CityName=LOC_CITY_NAME_TORONTO CompletionTurn=62 EscapeResult=-1 InitialResult=5 LevelAfter=2 LootInfo=-1 Name=LOC_CITIZEN_MAYA_MODERN_FEMALE_8 Operation=58 PlotIndex=1818
mission CityName=LOC_CITY_NAME_OTTAWA CompletionTurn=62 EscapeResult=-1 InitialResult=3 LevelAfter=1 LootInfo=-1 Name=LOC_CITIZEN_MAYA_MALE_5 Operation=58 PlotIndex=978
mission CityName=LOC_CITY_NAME_MONTREAL CompletionTurn=62 EscapeResult=-1 InitialResult=5 LevelAfter=2 LootInfo=-1 Name=LOC_CITIZEN_MAYA_MALE_3 Operation=58 PlotIndex=1314
mission CityName=LOC_CITY_NAME_OTTAWA CompletionTurn=58 EscapeResult=-1 InitialResult=5 LevelAfter=2 LootInfo=-1 Name=LOC_CITIZEN_MAYA_MODERN_FEMALE_9 Operation=58 PlotIndex=978
mission CityName=LOC_CITY_NAME_MONTREAL CompletionTurn=58 EscapeResult=-1 InitialResult=1 LevelAfter=1 LootInfo=-1 Name=LOC_CITIZEN_MAYA_FEMALE_5 Operation=58 PlotIndex=1314
tally 10  FOMENT_UNREST CAPTURED / NO_RESULT
tally 1  FOMENT_UNREST FAIL_MUST_ESCAPE / CAPTURED
tally 3  FOMENT_UNREST FAIL_MUST_ESCAPE / FAIL_MUST_ESCAPE
tally 2  FOMENT_UNREST FAIL_MUST_ESCAPE / KILLED
tally 5  FOMENT_UNREST FAIL_UNDETECTED / NO_RESULT
tally 2  FOMENT_UNREST KILLED / NO_RESULT
tally 2  FOMENT_UNREST SUCCESS_MUST_ESCAPE / CAPTURED
tally 4  FOMENT_UNREST SUCCESS_MUST_ESCAPE / FAIL_MUST_ESCAPE
tally 5  FOMENT_UNREST SUCCESS_MUST_ESCAPE / KILLED
tally 7  FOMENT_UNREST SUCCESS_UNDETECTED / NO_RESULT
turn 114 spies active 2 idle 1 missions 41 captured-enemy 0
spy 6225930 LOC_CITIZEN_MAYA_MODERN_MALE_1 level 1 at 54:15 refused
spy 6160404 LOC_CITIZEN_MAYA_MALE_4 level 1 at 54:21 busy
spy 6094870 LOC_CITIZEN_MAYA_MALE_10 level 1 at 54:15 busy
turn 114 spies 3 started 0 travelled 0 promoted 0 bought 0 gold 50000
unblock: blocker ENDTURN_BLOCKING_PRODUCTION -> CHICHEN_ITZA builds UNIT_WARRIOR | end turn requested
unstuck: LeaderScene: open, no close
unstuck: HistoricMoments: closed
unstuck: TechCivicCompletedPopup: closed
unblock: blocker ENDTURN_BLOCKING_RESEARCH -> research TECH_MILITARY_TACTICS | end turn requested
unstuck: closed sessions [1:1]
unstuck: DiplomacyActionView: Closing Diplomacy Action View. m_eventID: 539905
unstuck: TechCivicCompletedPopup: closed
unblock: blocker ENDTURN_BLOCKING_RESEARCH -> research TECH_MILITARY_TACTICS | end turn requested
unstuck: closed sessions [5:5]
unstuck: DiplomacyActionView: Closing Diplomacy Action View. m_eventID: 542359
unblock: blocker ENDTURN_BLOCKING_RESEARCH -> research TECH_MILITARY_TACTICS | end turn requested
unstuck: closed sessions [6:6]
unstuck: DiplomacyActionView: Closing Diplomacy Action View. m_eventID: 543521
mission CityName=LOC_CITY_NAME_OTTAWA CompletionTurn=111 EscapeResult=-1 InitialResult=1 LevelAfter=2 LootInfo=-1 Name=LOC_CITIZEN_MAYA_MALE_5 Operation=58 PlotIndex=978
mission CityName=LOC_CITY_NAME_MONTREAL CompletionTurn=107 EscapeResult=0 InitialResult=2 LevelAfter=2 LootInfo=-1 Name=LOC_CITIZEN_MAYA_MALE_6 Operation=58 PlotIndex=1314
mission CityName=LOC_CITY_NAME_OTTAWA CompletionTurn=105 EscapeResult=2 InitialResult=2 LevelAfter=2 LootInfo=-1 Name=LOC_CITIZEN_MAYA_MODERN_MALE_1 Operation=58 PlotIndex=978
mission CityName=LOC_CITY_NAME_TORONTO CompletionTurn=104 EscapeResult=-1 InitialResult=1 LevelAfter=2 LootInfo=-1 Name=LOC_CITIZEN_MAYA_FEMALE_6 Operation=58 PlotIndex=1818
mission CityName=LOC_CITY_NAME_QUEBEC_CITY CompletionTurn=103 EscapeResult=0 InitialResult=4 LevelAfter=2 LootInfo=-1 Name=LOC_CITIZEN_MAYA_MODERN_FEMALE_8 Operation=58 PlotIndex=1404
mission CityName=LOC_CITY_NAME_OTTAWA CompletionTurn=101 EscapeResult=-1 InitialResult=5 LevelAfter=2 LootInfo=-1 Name=LOC_CITIZEN_MAYA_MODERN_MALE_1 Operation=58 PlotIndex=978
mission CityName=LOC_CITY_NAME_TORONTO CompletionTurn=100 EscapeResult=-1 InitialResult=5 LevelAfter=2 LootInfo=-1 Name=LOC_CITIZEN_MAYA_FEMALE_6 Operation=58 PlotIndex=1818
mission CityName=LOC_CITY_NAME_MONTREAL CompletionTurn=99 EscapeResult=-1 InitialResult=1 LevelAfter=1 LootInfo=-1 Name=LOC_CITIZEN_MAYA_MODERN_FEMALE_5 Operation=58 PlotIndex=1314
mission CityName=LOC_CITY_NAME_OTTAWA CompletionTurn=97 EscapeResult=-1 InitialResult=3 LevelAfter=2 LootInfo=-1 Name=LOC_CITIZEN_MAYA_MODERN_MALE_1 Operation=58 PlotIndex=978
mission CityName=LOC_CITY_NAME_OTTAWA CompletionTurn=93 EscapeResult=-1 InitialResult=5 LevelAfter=2 LootInfo=-1 Name=LOC_CITIZEN_MAYA_MODERN_MALE_1 Operation=58 PlotIndex=978
mission CityName=LOC_CITY_NAME_TORONTO CompletionTurn=91 EscapeResult=2 InitialResult=2 LevelAfter=2 LootInfo=-1 Name=LOC_CITIZEN_MAYA_MODERN_FEMALE_8 Operation=58 PlotIndex=1818
mission CityName=LOC_CITY_NAME_OTTAWA CompletionTurn=89 EscapeResult=-1 InitialResult=5 LevelAfter=2 LootInfo=-1 Name=LOC_CITIZEN_MAYA_MALE_5 Operation=58 PlotIndex=978
mission CityName=LOC_CITY_NAME_QUEBEC_CITY CompletionTurn=85 EscapeResult=2 InitialResult=4 LevelAfter=2 LootInfo=-1 Name=LOC_CITIZEN_MAYA_MALE_6 Operation=58 PlotIndex=1404
mission CityName=LOC_CITY_NAME_SAINT_JOHN CompletionTurn=85 EscapeResult=-1 InitialResult=0 LevelAfter=2 LootInfo=-1 Name=LOC_CITIZEN_MAYA_FEMALE_4 Operation=58 PlotIndex=1409
mission CityName=LOC_CITY_NAME_TE_HOKIANGA_NU_A_KUPE CompletionTurn=85 EscapeResult=1 InitialResult=4 LevelAfter=2 LootInfo=-1 Name=LOC_CITIZEN_MAYA_MODERN_MALE_5 Operation=58 PlotIndex=772
mission CityName=LOC_CITY_NAME_MONTREAL CompletionTurn=85 EscapeResult=0 InitialResult=4 LevelAfter=2 LootInfo=-1 Name=LOC_CITIZEN_MAYA_MALE_2 Operation=58 PlotIndex=1314
mission CityName=LOC_CITY_NAME_NGARUAWAHIA CompletionTurn=85 EscapeResult=-1 InitialResult=1 LevelAfter=2 LootInfo=-1 Name=LOC_CITIZEN_MAYA_MODERN_MALE_9 Operation=58 PlotIndex=1833
mission CityName=LOC_CITY_NAME_QUEBEC_CITY CompletionTurn=80 EscapeResult=-1 InitialResult=3 LevelAfter=1 LootInfo=-1 Name=LOC_CITIZEN_MAYA_MALE_6 Operation=58 PlotIndex=1404
mission CityName=LOC_CITY_NAME_MONTREAL CompletionTurn=79 EscapeResult=-1 InitialResult=1 LevelAfter=1 LootInfo=-1 Name=LOC_CITIZEN_MAYA_MALE_7 Operation=58 PlotIndex=1314
mission CityName=LOC_CITY_NAME_UPPSALA CompletionTurn=79 EscapeResult=0 InitialResult=4 LevelAfter=2 LootInfo=-1 Name=LOC_CITIZEN_MAYA_MODERN_MALE_6 Operation=58 PlotIndex=993
mission CityName=LOC_CITY_NAME_SAINT_JOHN CompletionTurn=77 EscapeResult=-1 InitialResult=1 LevelAfter=1 LootInfo=-1 Name=LOC_CITIZEN_MAYA_MODERN_FEMALE_7 Operation=58 PlotIndex=1409
mission CityName=LOC_CITY_NAME_STOCKHOLM CompletionTurn=75 EscapeResult=1 InitialResult=4 LevelAfter=2 LootInfo=-1 Name=LOC_CITIZEN_MAYA_MODERN_MALE_2 Operation=58 PlotIndex=1253
mission CityName=LOC_CITY_NAME_TORONTO CompletionTurn=75 EscapeResult=2 InitialResult=2 LevelAfter=2 LootInfo=-1 Name=LOC_CITIZEN_MAYA_MODERN_FEMALE_8 Operation=58 PlotIndex=1818
mission CityName=LOC_CITY_NAME_OTTAWA CompletionTurn=75 EscapeResult=2 InitialResult=4 LevelAfter=2 LootInfo=-1 Name=LOC_CITIZEN_MAYA_MALE_5 Operation=58 PlotIndex=978
mission CityName=LOC_CITY_NAME_SAINT_JOHN CompletionTurn=73 EscapeResult=-1 InitialResult=1 LevelAfter=1 LootInfo=-1 Name=LOC_CITIZEN_MAYA_FEMALE_8 Operation=58 PlotIndex=1409
mission CityName=LOC_CITY_NAME_QUEBEC_CITY CompletionTurn=73 EscapeResult=-1 InitialResult=0 LevelAfter=1 LootInfo=-1 Name=LOC_CITIZEN_MAYA_FEMALE_9 Operation=58 PlotIndex=1404
mission CityName=LOC_CITY_NAME_STOCKHOLM CompletionTurn=70 EscapeResult=-1 InitialResult=1 LevelAfter=1 LootInfo=-1 Name=LOC_CITIZEN_MAYA_MALE_1 Operation=58 PlotIndex=1253
mission CityName=LOC_CITY_NAME_GOTEBORG CompletionTurn=70 EscapeResult=0 InitialResult=4 LevelAfter=2 LootInfo=-1 Name=LOC_CITIZEN_MAYA_MODERN_FEMALE_1 Operation=58 PlotIndex=1081
mission CityName=LOC_CITY_NAME_OTTAWA CompletionTurn=70 EscapeResult=1 InitialResult=2 LevelAfter=2 LootInfo=-1 Name=LOC_CITIZEN_MAYA_MODERN_FEMALE_9 Operation=58 PlotIndex=978
mission CityName=LOC_CITY_NAME_QUEBEC_CITY CompletionTurn=68 EscapeResult=-1 InitialResult=1 LevelAfter=1 LootInfo=-1 Name=LOC_CITIZEN_MAYA_MODERN_FEMALE_3 Operation=58 PlotIndex=1404
mission CityName=LOC_CITY_NAME_NGARUAWAHIA CompletionTurn=67 EscapeResult=2 InitialResult=4 LevelAfter=2 LootInfo=-1 Name=LOC_CITIZEN_MAYA_MODERN_MALE_9 Operation=58 PlotIndex=1833
mission CityName=LOC_CITY_NAME_TE_HOKIANGA_NU_A_KUPE CompletionTurn=66 EscapeResult=2 InitialResult=4 LevelAfter=2 LootInfo=-1 Name=LOC_CITIZEN_MAYA_FEMALE_4 Operation=58 PlotIndex=772
mission CityName=LOC_CITY_NAME_MONTREAL CompletionTurn=66 EscapeResult=0 InitialResult=4 LevelAfter=2 LootInfo=-1 Name=LOC_CITIZEN_MAYA_MALE_3 Operation=58 PlotIndex=1314
mission CityName=LOC_CITY_NAME_OTTAWA CompletionTurn=66 EscapeResult=-1 InitialResult=3 LevelAfter=2 LootInfo=-1 Name=LOC_CITIZEN_MAYA_MODERN_FEMALE_9 Operation=58 PlotIndex=978
mission CityName=LOC_CITY_NAME_TORONTO CompletionTurn=66 EscapeResult=0 InitialResult=2 LevelAfter=1 LootInfo=-1 Name=LOC_CITIZEN_MAYA_MALE_8 Operation=58 PlotIndex=1818
mission CityName=LOC_CITY_NAME_QUEBEC_CITY CompletionTurn=64 EscapeResult=-1 InitialResult=3 LevelAfter=1 LootInfo=-1 Name=LOC_CITIZEN_MAYA_MODERN_FEMALE_3 Operation=58 PlotIndex=1404
mission CityName=LOC_CITY_NAME_TORONTO CompletionTurn=62 EscapeResult=-1 InitialResult=5 LevelAfter=2 LootInfo=-1 Name=LOC_CITIZEN_MAYA_MODERN_FEMALE_8 Operation=58 PlotIndex=1818
mission CityName=LOC_CITY_NAME_OTTAWA CompletionTurn=62 EscapeResult=-1 InitialResult=3 LevelAfter=1 LootInfo=-1 Name=LOC_CITIZEN_MAYA_MALE_5 Operation=58 PlotIndex=978
mission CityName=LOC_CITY_NAME_MONTREAL CompletionTurn=62 EscapeResult=-1 InitialResult=5 LevelAfter=2 LootInfo=-1 Name=LOC_CITIZEN_MAYA_MALE_3 Operation=58 PlotIndex=1314
mission CityName=LOC_CITY_NAME_OTTAWA CompletionTurn=58 EscapeResult=-1 InitialResult=5 LevelAfter=2 LootInfo=-1 Name=LOC_CITIZEN_MAYA_MODERN_FEMALE_9 Operation=58 PlotIndex=978
mission CityName=LOC_CITY_NAME_MONTREAL CompletionTurn=58 EscapeResult=-1 InitialResult=1 LevelAfter=1 LootInfo=-1 Name=LOC_CITIZEN_MAYA_FEMALE_5 Operation=58 PlotIndex=1314
tally 10  FOMENT_UNREST CAPTURED / NO_RESULT
tally 1  FOMENT_UNREST FAIL_MUST_ESCAPE / CAPTURED
tally 3  FOMENT_UNREST FAIL_MUST_ESCAPE / FAIL_MUST_ESCAPE
tally 2  FOMENT_UNREST FAIL_MUST_ESCAPE / KILLED
tally 5  FOMENT_UNREST FAIL_UNDETECTED / NO_RESULT
tally 2  FOMENT_UNREST KILLED / NO_RESULT
tally 2  FOMENT_UNREST SUCCESS_MUST_ESCAPE / CAPTURED
tally 4  FOMENT_UNREST SUCCESS_MUST_ESCAPE / FAIL_MUST_ESCAPE
tally 5  FOMENT_UNREST SUCCESS_MUST_ESCAPE / KILLED
tally 7  FOMENT_UNREST SUCCESS_UNDETECTED / NO_RESULT
turn 115 spies active 2 idle 1 missions 41 captured-enemy 0
spy 6225930 LOC_CITIZEN_MAYA_MODERN_MALE_1 level 1 at 54:15 refused
spy 6160404 LOC_CITIZEN_MAYA_MALE_4 level 1 at 54:21 busy
spy 6094870 LOC_CITIZEN_MAYA_MALE_10 level 1 at 54:15 busy
turn 115 spies 3 started 0 travelled 0 promoted 0 bought 0 gold 50000
unblock: blocker ENDTURN_BLOCKING_RESEARCH -> research TECH_MILITARY_TACTICS | end turn requested
unstuck: closed sessions [1:1]
unstuck: LeaderScene: open, no close
unblock: blocker ENDTURN_BLOCKING_CIVIC -> civic CIVIC_FEUDALISM | end turn requested
unstuck: DiplomacyActionView: closed
unblock: blocker ENDTURN_BLOCKING_CIVIC -> civic CIVIC_FEUDALISM | end turn requested
unstuck: closed sessions [2:2]
unstuck: DiplomacyActionView: Closing Diplomacy Action View. m_eventID: 549069
unblock: blocker ENDTURN_BLOCKING_CIVIC -> civic CIVIC_FEUDALISM | end turn requested
unstuck: closed sessions [3:3]
unstuck: DiplomacyActionView: Closing Diplomacy Action View. m_eventID: 549856
mission CityName=LOC_CITY_NAME_MONTREAL CompletionTurn=116 EscapeResult=-1 InitialResult=1 LevelAfter=1 LootInfo=-1 Name=LOC_CITIZEN_MAYA_MALE_10 Operation=58 PlotIndex=1314
mission CityName=LOC_CITY_NAME_TORONTO CompletionTurn=116 EscapeResult=-1 InitialResult=1 LevelAfter=1 LootInfo=-1 Name=LOC_CITIZEN_MAYA_MALE_4 Operation=58 PlotIndex=1818
mission CityName=LOC_CITY_NAME_OTTAWA CompletionTurn=111 EscapeResult=-1 InitialResult=1 LevelAfter=2 LootInfo=-1 Name=LOC_CITIZEN_MAYA_MALE_5 Operation=58 PlotIndex=978
mission CityName=LOC_CITY_NAME_MONTREAL CompletionTurn=107 EscapeResult=0 InitialResult=2 LevelAfter=2 LootInfo=-1 Name=LOC_CITIZEN_MAYA_MALE_6 Operation=58 PlotIndex=1314
mission CityName=LOC_CITY_NAME_OTTAWA CompletionTurn=105 EscapeResult=2 InitialResult=2 LevelAfter=2 LootInfo=-1 Name=LOC_CITIZEN_MAYA_MODERN_MALE_1 Operation=58 PlotIndex=978
mission CityName=LOC_CITY_NAME_TORONTO CompletionTurn=104 EscapeResult=-1 InitialResult=1 LevelAfter=2 LootInfo=-1 Name=LOC_CITIZEN_MAYA_FEMALE_6 Operation=58 PlotIndex=1818
mission CityName=LOC_CITY_NAME_QUEBEC_CITY CompletionTurn=103 EscapeResult=0 InitialResult=4 LevelAfter=2 LootInfo=-1 Name=LOC_CITIZEN_MAYA_MODERN_FEMALE_8 Operation=58 PlotIndex=1404
mission CityName=LOC_CITY_NAME_OTTAWA CompletionTurn=101 EscapeResult=-1 InitialResult=5 LevelAfter=2 LootInfo=-1 Name=LOC_CITIZEN_MAYA_MODERN_MALE_1 Operation=58 PlotIndex=978
mission CityName=LOC_CITY_NAME_TORONTO CompletionTurn=100 EscapeResult=-1 InitialResult=5 LevelAfter=2 LootInfo=-1 Name=LOC_CITIZEN_MAYA_FEMALE_6 Operation=58 PlotIndex=1818
mission CityName=LOC_CITY_NAME_MONTREAL CompletionTurn=99 EscapeResult=-1 InitialResult=1 LevelAfter=1 LootInfo=-1 Name=LOC_CITIZEN_MAYA_MODERN_FEMALE_5 Operation=58 PlotIndex=1314
mission CityName=LOC_CITY_NAME_OTTAWA CompletionTurn=97 EscapeResult=-1 InitialResult=3 LevelAfter=2 LootInfo=-1 Name=LOC_CITIZEN_MAYA_MODERN_MALE_1 Operation=58 PlotIndex=978
mission CityName=LOC_CITY_NAME_OTTAWA CompletionTurn=93 EscapeResult=-1 InitialResult=5 LevelAfter=2 LootInfo=-1 Name=LOC_CITIZEN_MAYA_MODERN_MALE_1 Operation=58 PlotIndex=978
mission CityName=LOC_CITY_NAME_TORONTO CompletionTurn=91 EscapeResult=2 InitialResult=2 LevelAfter=2 LootInfo=-1 Name=LOC_CITIZEN_MAYA_MODERN_FEMALE_8 Operation=58 PlotIndex=1818
mission CityName=LOC_CITY_NAME_OTTAWA CompletionTurn=89 EscapeResult=-1 InitialResult=5 LevelAfter=2 LootInfo=-1 Name=LOC_CITIZEN_MAYA_MALE_5 Operation=58 PlotIndex=978
mission CityName=LOC_CITY_NAME_QUEBEC_CITY CompletionTurn=85 EscapeResult=2 InitialResult=4 LevelAfter=2 LootInfo=-1 Name=LOC_CITIZEN_MAYA_MALE_6 Operation=58 PlotIndex=1404
mission CityName=LOC_CITY_NAME_SAINT_JOHN CompletionTurn=85 EscapeResult=-1 InitialResult=0 LevelAfter=2 LootInfo=-1 Name=LOC_CITIZEN_MAYA_FEMALE_4 Operation=58 PlotIndex=1409
mission CityName=LOC_CITY_NAME_TE_HOKIANGA_NU_A_KUPE CompletionTurn=85 EscapeResult=1 InitialResult=4 LevelAfter=2 LootInfo=-1 Name=LOC_CITIZEN_MAYA_MODERN_MALE_5 Operation=58 PlotIndex=772
mission CityName=LOC_CITY_NAME_MONTREAL CompletionTurn=85 EscapeResult=0 InitialResult=4 LevelAfter=2 LootInfo=-1 Name=LOC_CITIZEN_MAYA_MALE_2 Operation=58 PlotIndex=1314
mission CityName=LOC_CITY_NAME_NGARUAWAHIA CompletionTurn=85 EscapeResult=-1 InitialResult=1 LevelAfter=2 LootInfo=-1 Name=LOC_CITIZEN_MAYA_MODERN_MALE_9 Operation=58 PlotIndex=1833
mission CityName=LOC_CITY_NAME_QUEBEC_CITY CompletionTurn=80 EscapeResult=-1 InitialResult=3 LevelAfter=1 LootInfo=-1 Name=LOC_CITIZEN_MAYA_MALE_6 Operation=58 PlotIndex=1404
mission CityName=LOC_CITY_NAME_MONTREAL CompletionTurn=79 EscapeResult=-1 InitialResult=1 LevelAfter=1 LootInfo=-1 Name=LOC_CITIZEN_MAYA_MALE_7 Operation=58 PlotIndex=1314
mission CityName=LOC_CITY_NAME_UPPSALA CompletionTurn=79 EscapeResult=0 InitialResult=4 LevelAfter=2 LootInfo=-1 Name=LOC_CITIZEN_MAYA_MODERN_MALE_6 Operation=58 PlotIndex=993
mission CityName=LOC_CITY_NAME_SAINT_JOHN CompletionTurn=77 EscapeResult=-1 InitialResult=1 LevelAfter=1 LootInfo=-1 Name=LOC_CITIZEN_MAYA_MODERN_FEMALE_7 Operation=58 PlotIndex=1409
mission CityName=LOC_CITY_NAME_STOCKHOLM CompletionTurn=75 EscapeResult=1 InitialResult=4 LevelAfter=2 LootInfo=-1 Name=LOC_CITIZEN_MAYA_MODERN_MALE_2 Operation=58 PlotIndex=1253
mission CityName=LOC_CITY_NAME_TORONTO CompletionTurn=75 EscapeResult=2 InitialResult=2 LevelAfter=2 LootInfo=-1 Name=LOC_CITIZEN_MAYA_MODERN_FEMALE_8 Operation=58 PlotIndex=1818
mission CityName=LOC_CITY_NAME_OTTAWA CompletionTurn=75 EscapeResult=2 InitialResult=4 LevelAfter=2 LootInfo=-1 Name=LOC_CITIZEN_MAYA_MALE_5 Operation=58 PlotIndex=978
mission CityName=LOC_CITY_NAME_SAINT_JOHN CompletionTurn=73 EscapeResult=-1 InitialResult=1 LevelAfter=1 LootInfo=-1 Name=LOC_CITIZEN_MAYA_FEMALE_8 Operation=58 PlotIndex=1409
mission CityName=LOC_CITY_NAME_QUEBEC_CITY CompletionTurn=73 EscapeResult=-1 InitialResult=0 LevelAfter=1 LootInfo=-1 Name=LOC_CITIZEN_MAYA_FEMALE_9 Operation=58 PlotIndex=1404
mission CityName=LOC_CITY_NAME_STOCKHOLM CompletionTurn=70 EscapeResult=-1 InitialResult=1 LevelAfter=1 LootInfo=-1 Name=LOC_CITIZEN_MAYA_MALE_1 Operation=58 PlotIndex=1253
mission CityName=LOC_CITY_NAME_GOTEBORG CompletionTurn=70 EscapeResult=0 InitialResult=4 LevelAfter=2 LootInfo=-1 Name=LOC_CITIZEN_MAYA_MODERN_FEMALE_1 Operation=58 PlotIndex=1081
mission CityName=LOC_CITY_NAME_OTTAWA CompletionTurn=70 EscapeResult=1 InitialResult=2 LevelAfter=2 LootInfo=-1 Name=LOC_CITIZEN_MAYA_MODERN_FEMALE_9 Operation=58 PlotIndex=978
mission CityName=LOC_CITY_NAME_QUEBEC_CITY CompletionTurn=68 EscapeResult=-1 InitialResult=1 LevelAfter=1 LootInfo=-1 Name=LOC_CITIZEN_MAYA_MODERN_FEMALE_3 Operation=58 PlotIndex=1404
mission CityName=LOC_CITY_NAME_NGARUAWAHIA CompletionTurn=67 EscapeResult=2 InitialResult=4 LevelAfter=2 LootInfo=-1 Name=LOC_CITIZEN_MAYA_MODERN_MALE_9 Operation=58 PlotIndex=1833
mission CityName=LOC_CITY_NAME_TE_HOKIANGA_NU_A_KUPE CompletionTurn=66 EscapeResult=2 InitialResult=4 LevelAfter=2 LootInfo=-1 Name=LOC_CITIZEN_MAYA_FEMALE_4 Operation=58 PlotIndex=772
mission CityName=LOC_CITY_NAME_MONTREAL CompletionTurn=66 EscapeResult=0 InitialResult=4 LevelAfter=2 LootInfo=-1 Name=LOC_CITIZEN_MAYA_MALE_3 Operation=58 PlotIndex=1314
mission CityName=LOC_CITY_NAME_OTTAWA CompletionTurn=66 EscapeResult=-1 InitialResult=3 LevelAfter=2 LootInfo=-1 Name=LOC_CITIZEN_MAYA_MODERN_FEMALE_9 Operation=58 PlotIndex=978
mission CityName=LOC_CITY_NAME_TORONTO CompletionTurn=66 EscapeResult=0 InitialResult=2 LevelAfter=1 LootInfo=-1 Name=LOC_CITIZEN_MAYA_MALE_8 Operation=58 PlotIndex=1818
mission CityName=LOC_CITY_NAME_QUEBEC_CITY CompletionTurn=64 EscapeResult=-1 InitialResult=3 LevelAfter=1 LootInfo=-1 Name=LOC_CITIZEN_MAYA_MODERN_FEMALE_3 Operation=58 PlotIndex=1404
mission CityName=LOC_CITY_NAME_TORONTO CompletionTurn=62 EscapeResult=-1 InitialResult=5 LevelAfter=2 LootInfo=-1 Name=LOC_CITIZEN_MAYA_MODERN_FEMALE_8 Operation=58 PlotIndex=1818
mission CityName=LOC_CITY_NAME_OTTAWA CompletionTurn=62 EscapeResult=-1 InitialResult=3 LevelAfter=1 LootInfo=-1 Name=LOC_CITIZEN_MAYA_MALE_5 Operation=58 PlotIndex=978
mission CityName=LOC_CITY_NAME_MONTREAL CompletionTurn=62 EscapeResult=-1 InitialResult=5 LevelAfter=2 LootInfo=-1 Name=LOC_CITIZEN_MAYA_MALE_3 Operation=58 PlotIndex=1314
mission CityName=LOC_CITY_NAME_OTTAWA CompletionTurn=58 EscapeResult=-1 InitialResult=5 LevelAfter=2 LootInfo=-1 Name=LOC_CITIZEN_MAYA_MODERN_FEMALE_9 Operation=58 PlotIndex=978
mission CityName=LOC_CITY_NAME_MONTREAL CompletionTurn=58 EscapeResult=-1 InitialResult=1 LevelAfter=1 LootInfo=-1 Name=LOC_CITIZEN_MAYA_FEMALE_5 Operation=58 PlotIndex=1314
tally 12  FOMENT_UNREST CAPTURED / NO_RESULT
tally 1  FOMENT_UNREST FAIL_MUST_ESCAPE / CAPTURED
tally 3  FOMENT_UNREST FAIL_MUST_ESCAPE / FAIL_MUST_ESCAPE
tally 2  FOMENT_UNREST FAIL_MUST_ESCAPE / KILLED
tally 5  FOMENT_UNREST FAIL_UNDETECTED / NO_RESULT
tally 2  FOMENT_UNREST KILLED / NO_RESULT
tally 2  FOMENT_UNREST SUCCESS_MUST_ESCAPE / CAPTURED
tally 4  FOMENT_UNREST SUCCESS_MUST_ESCAPE / FAIL_MUST_ESCAPE
tally 5  FOMENT_UNREST SUCCESS_MUST_ESCAPE / KILLED
tally 7  FOMENT_UNREST SUCCESS_UNDETECTED / NO_RESULT
turn 116 spies active 2 idle 1 missions 43 captured-enemy 0
spy 6225930 LOC_CITIZEN_MAYA_MODERN_MALE_1 level 1 at 54:15 start
turn 116 spies 1 started 1 travelled 0 promoted 0 bought 0 gold 50000
unblock: blocker ENDTURN_BLOCKING_CIVIC -> civic CIVIC_FEUDALISM | end turn requested
unblock: blocker ENDTURN_BLOCKING_PRODUCTION -> CHICHEN_ITZA builds UNIT_WARRIOR | end turn requested
unstuck: closed sessions [3:3]
unstuck: DiplomacyActionView: Closing Diplomacy Action View. m_eventID: 558613
mission CityName=LOC_CITY_NAME_MONTREAL CompletionTurn=116 EscapeResult=-1 InitialResult=1 LevelAfter=1 LootInfo=-1 Name=LOC_CITIZEN_MAYA_MALE_10 Operation=58 PlotIndex=1314
mission CityName=LOC_CITY_NAME_TORONTO CompletionTurn=116 EscapeResult=-1 InitialResult=1 LevelAfter=1 LootInfo=-1 Name=LOC_CITIZEN_MAYA_MALE_4 Operation=58 PlotIndex=1818
mission CityName=LOC_CITY_NAME_OTTAWA CompletionTurn=111 EscapeResult=-1 InitialResult=1 LevelAfter=2 LootInfo=-1 Name=LOC_CITIZEN_MAYA_MALE_5 Operation=58 PlotIndex=978
mission CityName=LOC_CITY_NAME_MONTREAL CompletionTurn=107 EscapeResult=0 InitialResult=2 LevelAfter=2 LootInfo=-1 Name=LOC_CITIZEN_MAYA_MALE_6 Operation=58 PlotIndex=1314
mission CityName=LOC_CITY_NAME_OTTAWA CompletionTurn=105 EscapeResult=2 InitialResult=2 LevelAfter=2 LootInfo=-1 Name=LOC_CITIZEN_MAYA_MODERN_MALE_1 Operation=58 PlotIndex=978
mission CityName=LOC_CITY_NAME_TORONTO CompletionTurn=104 EscapeResult=-1 InitialResult=1 LevelAfter=2 LootInfo=-1 Name=LOC_CITIZEN_MAYA_FEMALE_6 Operation=58 PlotIndex=1818
mission CityName=LOC_CITY_NAME_QUEBEC_CITY CompletionTurn=103 EscapeResult=0 InitialResult=4 LevelAfter=2 LootInfo=-1 Name=LOC_CITIZEN_MAYA_MODERN_FEMALE_8 Operation=58 PlotIndex=1404
mission CityName=LOC_CITY_NAME_OTTAWA CompletionTurn=101 EscapeResult=-1 InitialResult=5 LevelAfter=2 LootInfo=-1 Name=LOC_CITIZEN_MAYA_MODERN_MALE_1 Operation=58 PlotIndex=978
mission CityName=LOC_CITY_NAME_TORONTO CompletionTurn=100 EscapeResult=-1 InitialResult=5 LevelAfter=2 LootInfo=-1 Name=LOC_CITIZEN_MAYA_FEMALE_6 Operation=58 PlotIndex=1818
mission CityName=LOC_CITY_NAME_MONTREAL CompletionTurn=99 EscapeResult=-1 InitialResult=1 LevelAfter=1 LootInfo=-1 Name=LOC_CITIZEN_MAYA_MODERN_FEMALE_5 Operation=58 PlotIndex=1314
mission CityName=LOC_CITY_NAME_OTTAWA CompletionTurn=97 EscapeResult=-1 InitialResult=3 LevelAfter=2 LootInfo=-1 Name=LOC_CITIZEN_MAYA_MODERN_MALE_1 Operation=58 PlotIndex=978
mission CityName=LOC_CITY_NAME_OTTAWA CompletionTurn=93 EscapeResult=-1 InitialResult=5 LevelAfter=2 LootInfo=-1 Name=LOC_CITIZEN_MAYA_MODERN_MALE_1 Operation=58 PlotIndex=978
mission CityName=LOC_CITY_NAME_TORONTO CompletionTurn=91 EscapeResult=2 InitialResult=2 LevelAfter=2 LootInfo=-1 Name=LOC_CITIZEN_MAYA_MODERN_FEMALE_8 Operation=58 PlotIndex=1818
mission CityName=LOC_CITY_NAME_OTTAWA CompletionTurn=89 EscapeResult=-1 InitialResult=5 LevelAfter=2 LootInfo=-1 Name=LOC_CITIZEN_MAYA_MALE_5 Operation=58 PlotIndex=978
mission CityName=LOC_CITY_NAME_QUEBEC_CITY CompletionTurn=85 EscapeResult=2 InitialResult=4 LevelAfter=2 LootInfo=-1 Name=LOC_CITIZEN_MAYA_MALE_6 Operation=58 PlotIndex=1404
mission CityName=LOC_CITY_NAME_SAINT_JOHN CompletionTurn=85 EscapeResult=-1 InitialResult=0 LevelAfter=2 LootInfo=-1 Name=LOC_CITIZEN_MAYA_FEMALE_4 Operation=58 PlotIndex=1409
mission CityName=LOC_CITY_NAME_TE_HOKIANGA_NU_A_KUPE CompletionTurn=85 EscapeResult=1 InitialResult=4 LevelAfter=2 LootInfo=-1 Name=LOC_CITIZEN_MAYA_MODERN_MALE_5 Operation=58 PlotIndex=772
mission CityName=LOC_CITY_NAME_MONTREAL CompletionTurn=85 EscapeResult=0 InitialResult=4 LevelAfter=2 LootInfo=-1 Name=LOC_CITIZEN_MAYA_MALE_2 Operation=58 PlotIndex=1314
mission CityName=LOC_CITY_NAME_NGARUAWAHIA CompletionTurn=85 EscapeResult=-1 InitialResult=1 LevelAfter=2 LootInfo=-1 Name=LOC_CITIZEN_MAYA_MODERN_MALE_9 Operation=58 PlotIndex=1833
mission CityName=LOC_CITY_NAME_QUEBEC_CITY CompletionTurn=80 EscapeResult=-1 InitialResult=3 LevelAfter=1 LootInfo=-1 Name=LOC_CITIZEN_MAYA_MALE_6 Operation=58 PlotIndex=1404
mission CityName=LOC_CITY_NAME_MONTREAL CompletionTurn=79 EscapeResult=-1 InitialResult=1 LevelAfter=1 LootInfo=-1 Name=LOC_CITIZEN_MAYA_MALE_7 Operation=58 PlotIndex=1314
mission CityName=LOC_CITY_NAME_UPPSALA CompletionTurn=79 EscapeResult=0 InitialResult=4 LevelAfter=2 LootInfo=-1 Name=LOC_CITIZEN_MAYA_MODERN_MALE_6 Operation=58 PlotIndex=993
mission CityName=LOC_CITY_NAME_SAINT_JOHN CompletionTurn=77 EscapeResult=-1 InitialResult=1 LevelAfter=1 LootInfo=-1 Name=LOC_CITIZEN_MAYA_MODERN_FEMALE_7 Operation=58 PlotIndex=1409
mission CityName=LOC_CITY_NAME_STOCKHOLM CompletionTurn=75 EscapeResult=1 InitialResult=4 LevelAfter=2 LootInfo=-1 Name=LOC_CITIZEN_MAYA_MODERN_MALE_2 Operation=58 PlotIndex=1253
mission CityName=LOC_CITY_NAME_TORONTO CompletionTurn=75 EscapeResult=2 InitialResult=2 LevelAfter=2 LootInfo=-1 Name=LOC_CITIZEN_MAYA_MODERN_FEMALE_8 Operation=58 PlotIndex=1818
mission CityName=LOC_CITY_NAME_OTTAWA CompletionTurn=75 EscapeResult=2 InitialResult=4 LevelAfter=2 LootInfo=-1 Name=LOC_CITIZEN_MAYA_MALE_5 Operation=58 PlotIndex=978
mission CityName=LOC_CITY_NAME_SAINT_JOHN CompletionTurn=73 EscapeResult=-1 InitialResult=1 LevelAfter=1 LootInfo=-1 Name=LOC_CITIZEN_MAYA_FEMALE_8 Operation=58 PlotIndex=1409
mission CityName=LOC_CITY_NAME_QUEBEC_CITY CompletionTurn=73 EscapeResult=-1 InitialResult=0 LevelAfter=1 LootInfo=-1 Name=LOC_CITIZEN_MAYA_FEMALE_9 Operation=58 PlotIndex=1404
mission CityName=LOC_CITY_NAME_STOCKHOLM CompletionTurn=70 EscapeResult=-1 InitialResult=1 LevelAfter=1 LootInfo=-1 Name=LOC_CITIZEN_MAYA_MALE_1 Operation=58 PlotIndex=1253
mission CityName=LOC_CITY_NAME_GOTEBORG CompletionTurn=70 EscapeResult=0 InitialResult=4 LevelAfter=2 LootInfo=-1 Name=LOC_CITIZEN_MAYA_MODERN_FEMALE_1 Operation=58 PlotIndex=1081
mission CityName=LOC_CITY_NAME_OTTAWA CompletionTurn=70 EscapeResult=1 InitialResult=2 LevelAfter=2 LootInfo=-1 Name=LOC_CITIZEN_MAYA_MODERN_FEMALE_9 Operation=58 PlotIndex=978
mission CityName=LOC_CITY_NAME_QUEBEC_CITY CompletionTurn=68 EscapeResult=-1 InitialResult=1 LevelAfter=1 LootInfo=-1 Name=LOC_CITIZEN_MAYA_MODERN_FEMALE_3 Operation=58 PlotIndex=1404
mission CityName=LOC_CITY_NAME_NGARUAWAHIA CompletionTurn=67 EscapeResult=2 InitialResult=4 LevelAfter=2 LootInfo=-1 Name=LOC_CITIZEN_MAYA_MODERN_MALE_9 Operation=58 PlotIndex=1833
mission CityName=LOC_CITY_NAME_TE_HOKIANGA_NU_A_KUPE CompletionTurn=66 EscapeResult=2 InitialResult=4 LevelAfter=2 LootInfo=-1 Name=LOC_CITIZEN_MAYA_FEMALE_4 Operation=58 PlotIndex=772
mission CityName=LOC_CITY_NAME_MONTREAL CompletionTurn=66 EscapeResult=0 InitialResult=4 LevelAfter=2 LootInfo=-1 Name=LOC_CITIZEN_MAYA_MALE_3 Operation=58 PlotIndex=1314
mission CityName=LOC_CITY_NAME_OTTAWA CompletionTurn=66 EscapeResult=-1 InitialResult=3 LevelAfter=2 LootInfo=-1 Name=LOC_CITIZEN_MAYA_MODERN_FEMALE_9 Operation=58 PlotIndex=978
mission CityName=LOC_CITY_NAME_TORONTO CompletionTurn=66 EscapeResult=0 InitialResult=2 LevelAfter=1 LootInfo=-1 Name=LOC_CITIZEN_MAYA_MALE_8 Operation=58 PlotIndex=1818
mission CityName=LOC_CITY_NAME_QUEBEC_CITY CompletionTurn=64 EscapeResult=-1 InitialResult=3 LevelAfter=1 LootInfo=-1 Name=LOC_CITIZEN_MAYA_MODERN_FEMALE_3 Operation=58 PlotIndex=1404
mission CityName=LOC_CITY_NAME_TORONTO CompletionTurn=62 EscapeResult=-1 InitialResult=5 LevelAfter=2 LootInfo=-1 Name=LOC_CITIZEN_MAYA_MODERN_FEMALE_8 Operation=58 PlotIndex=1818
mission CityName=LOC_CITY_NAME_OTTAWA CompletionTurn=62 EscapeResult=-1 InitialResult=3 LevelAfter=1 LootInfo=-1 Name=LOC_CITIZEN_MAYA_MALE_5 Operation=58 PlotIndex=978
mission CityName=LOC_CITY_NAME_MONTREAL CompletionTurn=62 EscapeResult=-1 InitialResult=5 LevelAfter=2 LootInfo=-1 Name=LOC_CITIZEN_MAYA_MALE_3 Operation=58 PlotIndex=1314
mission CityName=LOC_CITY_NAME_OTTAWA CompletionTurn=58 EscapeResult=-1 InitialResult=5 LevelAfter=2 LootInfo=-1 Name=LOC_CITIZEN_MAYA_MODERN_FEMALE_9 Operation=58 PlotIndex=978
mission CityName=LOC_CITY_NAME_MONTREAL CompletionTurn=58 EscapeResult=-1 InitialResult=1 LevelAfter=1 LootInfo=-1 Name=LOC_CITIZEN_MAYA_FEMALE_5 Operation=58 PlotIndex=1314
tally 12  FOMENT_UNREST CAPTURED / NO_RESULT
tally 1  FOMENT_UNREST FAIL_MUST_ESCAPE / CAPTURED
tally 3  FOMENT_UNREST FAIL_MUST_ESCAPE / FAIL_MUST_ESCAPE
tally 2  FOMENT_UNREST FAIL_MUST_ESCAPE / KILLED
tally 5  FOMENT_UNREST FAIL_UNDETECTED / NO_RESULT
tally 2  FOMENT_UNREST KILLED / NO_RESULT
tally 2  FOMENT_UNREST SUCCESS_MUST_ESCAPE / CAPTURED
tally 4  FOMENT_UNREST SUCCESS_MUST_ESCAPE / FAIL_MUST_ESCAPE
tally 5  FOMENT_UNREST SUCCESS_MUST_ESCAPE / KILLED
tally 7  FOMENT_UNREST SUCCESS_UNDETECTED / NO_RESULT
turn 117 spies active 1 idle 0 missions 43 captured-enemy 0
spy 6225930 LOC_CITIZEN_MAYA_MODERN_MALE_1 level 1 at 54:15 busy
turn 117 spies 1 started 0 travelled 0 promoted 0 bought 0 gold 50000
unblock: blocker ENDTURN_BLOCKING_PRODUCTION -> CHICHEN_ITZA builds UNIT_WARRIOR | end turn requested
unstuck: TechCivicCompletedPopup: closed
mission CityName=LOC_CITY_NAME_MONTREAL CompletionTurn=116 EscapeResult=-1 InitialResult=1 LevelAfter=1 LootInfo=-1 Name=LOC_CITIZEN_MAYA_MALE_10 Operation=58 PlotIndex=1314
mission CityName=LOC_CITY_NAME_TORONTO CompletionTurn=116 EscapeResult=-1 InitialResult=1 LevelAfter=1 LootInfo=-1 Name=LOC_CITIZEN_MAYA_MALE_4 Operation=58 PlotIndex=1818
mission CityName=LOC_CITY_NAME_OTTAWA CompletionTurn=111 EscapeResult=-1 InitialResult=1 LevelAfter=2 LootInfo=-1 Name=LOC_CITIZEN_MAYA_MALE_5 Operation=58 PlotIndex=978
mission CityName=LOC_CITY_NAME_MONTREAL CompletionTurn=107 EscapeResult=0 InitialResult=2 LevelAfter=2 LootInfo=-1 Name=LOC_CITIZEN_MAYA_MALE_6 Operation=58 PlotIndex=1314
mission CityName=LOC_CITY_NAME_OTTAWA CompletionTurn=105 EscapeResult=2 InitialResult=2 LevelAfter=2 LootInfo=-1 Name=LOC_CITIZEN_MAYA_MODERN_MALE_1 Operation=58 PlotIndex=978
mission CityName=LOC_CITY_NAME_TORONTO CompletionTurn=104 EscapeResult=-1 InitialResult=1 LevelAfter=2 LootInfo=-1 Name=LOC_CITIZEN_MAYA_FEMALE_6 Operation=58 PlotIndex=1818
mission CityName=LOC_CITY_NAME_QUEBEC_CITY CompletionTurn=103 EscapeResult=0 InitialResult=4 LevelAfter=2 LootInfo=-1 Name=LOC_CITIZEN_MAYA_MODERN_FEMALE_8 Operation=58 PlotIndex=1404
mission CityName=LOC_CITY_NAME_OTTAWA CompletionTurn=101 EscapeResult=-1 InitialResult=5 LevelAfter=2 LootInfo=-1 Name=LOC_CITIZEN_MAYA_MODERN_MALE_1 Operation=58 PlotIndex=978
mission CityName=LOC_CITY_NAME_TORONTO CompletionTurn=100 EscapeResult=-1 InitialResult=5 LevelAfter=2 LootInfo=-1 Name=LOC_CITIZEN_MAYA_FEMALE_6 Operation=58 PlotIndex=1818
mission CityName=LOC_CITY_NAME_MONTREAL CompletionTurn=99 EscapeResult=-1 InitialResult=1 LevelAfter=1 LootInfo=-1 Name=LOC_CITIZEN_MAYA_MODERN_FEMALE_5 Operation=58 PlotIndex=1314
mission CityName=LOC_CITY_NAME_OTTAWA CompletionTurn=97 EscapeResult=-1 InitialResult=3 LevelAfter=2 LootInfo=-1 Name=LOC_CITIZEN_MAYA_MODERN_MALE_1 Operation=58 PlotIndex=978
mission CityName=LOC_CITY_NAME_OTTAWA CompletionTurn=93 EscapeResult=-1 InitialResult=5 LevelAfter=2 LootInfo=-1 Name=LOC_CITIZEN_MAYA_MODERN_MALE_1 Operation=58 PlotIndex=978
mission CityName=LOC_CITY_NAME_TORONTO CompletionTurn=91 EscapeResult=2 InitialResult=2 LevelAfter=2 LootInfo=-1 Name=LOC_CITIZEN_MAYA_MODERN_FEMALE_8 Operation=58 PlotIndex=1818
mission CityName=LOC_CITY_NAME_OTTAWA CompletionTurn=89 EscapeResult=-1 InitialResult=5 LevelAfter=2 LootInfo=-1 Name=LOC_CITIZEN_MAYA_MALE_5 Operation=58 PlotIndex=978
mission CityName=LOC_CITY_NAME_QUEBEC_CITY CompletionTurn=85 EscapeResult=2 InitialResult=4 LevelAfter=2 LootInfo=-1 Name=LOC_CITIZEN_MAYA_MALE_6 Operation=58 PlotIndex=1404
mission CityName=LOC_CITY_NAME_SAINT_JOHN CompletionTurn=85 EscapeResult=-1 InitialResult=0 LevelAfter=2 LootInfo=-1 Name=LOC_CITIZEN_MAYA_FEMALE_4 Operation=58 PlotIndex=1409
mission CityName=LOC_CITY_NAME_TE_HOKIANGA_NU_A_KUPE CompletionTurn=85 EscapeResult=1 InitialResult=4 LevelAfter=2 LootInfo=-1 Name=LOC_CITIZEN_MAYA_MODERN_MALE_5 Operation=58 PlotIndex=772
mission CityName=LOC_CITY_NAME_MONTREAL CompletionTurn=85 EscapeResult=0 InitialResult=4 LevelAfter=2 LootInfo=-1 Name=LOC_CITIZEN_MAYA_MALE_2 Operation=58 PlotIndex=1314
mission CityName=LOC_CITY_NAME_NGARUAWAHIA CompletionTurn=85 EscapeResult=-1 InitialResult=1 LevelAfter=2 LootInfo=-1 Name=LOC_CITIZEN_MAYA_MODERN_MALE_9 Operation=58 PlotIndex=1833
mission CityName=LOC_CITY_NAME_QUEBEC_CITY CompletionTurn=80 EscapeResult=-1 InitialResult=3 LevelAfter=1 LootInfo=-1 Name=LOC_CITIZEN_MAYA_MALE_6 Operation=58 PlotIndex=1404
mission CityName=LOC_CITY_NAME_MONTREAL CompletionTurn=79 EscapeResult=-1 InitialResult=1 LevelAfter=1 LootInfo=-1 Name=LOC_CITIZEN_MAYA_MALE_7 Operation=58 PlotIndex=1314
mission CityName=LOC_CITY_NAME_UPPSALA CompletionTurn=79 EscapeResult=0 InitialResult=4 LevelAfter=2 LootInfo=-1 Name=LOC_CITIZEN_MAYA_MODERN_MALE_6 Operation=58 PlotIndex=993
mission CityName=LOC_CITY_NAME_SAINT_JOHN CompletionTurn=77 EscapeResult=-1 InitialResult=1 LevelAfter=1 LootInfo=-1 Name=LOC_CITIZEN_MAYA_MODERN_FEMALE_7 Operation=58 PlotIndex=1409
mission CityName=LOC_CITY_NAME_STOCKHOLM CompletionTurn=75 EscapeResult=1 InitialResult=4 LevelAfter=2 LootInfo=-1 Name=LOC_CITIZEN_MAYA_MODERN_MALE_2 Operation=58 PlotIndex=1253
mission CityName=LOC_CITY_NAME_TORONTO CompletionTurn=75 EscapeResult=2 InitialResult=2 LevelAfter=2 LootInfo=-1 Name=LOC_CITIZEN_MAYA_MODERN_FEMALE_8 Operation=58 PlotIndex=1818
mission CityName=LOC_CITY_NAME_OTTAWA CompletionTurn=75 EscapeResult=2 InitialResult=4 LevelAfter=2 LootInfo=-1 Name=LOC_CITIZEN_MAYA_MALE_5 Operation=58 PlotIndex=978
mission CityName=LOC_CITY_NAME_SAINT_JOHN CompletionTurn=73 EscapeResult=-1 InitialResult=1 LevelAfter=1 LootInfo=-1 Name=LOC_CITIZEN_MAYA_FEMALE_8 Operation=58 PlotIndex=1409
mission CityName=LOC_CITY_NAME_QUEBEC_CITY CompletionTurn=73 EscapeResult=-1 InitialResult=0 LevelAfter=1 LootInfo=-1 Name=LOC_CITIZEN_MAYA_FEMALE_9 Operation=58 PlotIndex=1404
mission CityName=LOC_CITY_NAME_STOCKHOLM CompletionTurn=70 EscapeResult=-1 InitialResult=1 LevelAfter=1 LootInfo=-1 Name=LOC_CITIZEN_MAYA_MALE_1 Operation=58 PlotIndex=1253
mission CityName=LOC_CITY_NAME_GOTEBORG CompletionTurn=70 EscapeResult=0 InitialResult=4 LevelAfter=2 LootInfo=-1 Name=LOC_CITIZEN_MAYA_MODERN_FEMALE_1 Operation=58 PlotIndex=1081
mission CityName=LOC_CITY_NAME_OTTAWA CompletionTurn=70 EscapeResult=1 InitialResult=2 LevelAfter=2 LootInfo=-1 Name=LOC_CITIZEN_MAYA_MODERN_FEMALE_9 Operation=58 PlotIndex=978
mission CityName=LOC_CITY_NAME_QUEBEC_CITY CompletionTurn=68 EscapeResult=-1 InitialResult=1 LevelAfter=1 LootInfo=-1 Name=LOC_CITIZEN_MAYA_MODERN_FEMALE_3 Operation=58 PlotIndex=1404
mission CityName=LOC_CITY_NAME_NGARUAWAHIA CompletionTurn=67 EscapeResult=2 InitialResult=4 LevelAfter=2 LootInfo=-1 Name=LOC_CITIZEN_MAYA_MODERN_MALE_9 Operation=58 PlotIndex=1833
mission CityName=LOC_CITY_NAME_TE_HOKIANGA_NU_A_KUPE CompletionTurn=66 EscapeResult=2 InitialResult=4 LevelAfter=2 LootInfo=-1 Name=LOC_CITIZEN_MAYA_FEMALE_4 Operation=58 PlotIndex=772
mission CityName=LOC_CITY_NAME_MONTREAL CompletionTurn=66 EscapeResult=0 InitialResult=4 LevelAfter=2 LootInfo=-1 Name=LOC_CITIZEN_MAYA_MALE_3 Operation=58 PlotIndex=1314
mission CityName=LOC_CITY_NAME_OTTAWA CompletionTurn=66 EscapeResult=-1 InitialResult=3 LevelAfter=2 LootInfo=-1 Name=LOC_CITIZEN_MAYA_MODERN_FEMALE_9 Operation=58 PlotIndex=978
mission CityName=LOC_CITY_NAME_TORONTO CompletionTurn=66 EscapeResult=0 InitialResult=2 LevelAfter=1 LootInfo=-1 Name=LOC_CITIZEN_MAYA_MALE_8 Operation=58 PlotIndex=1818
mission CityName=LOC_CITY_NAME_QUEBEC_CITY CompletionTurn=64 EscapeResult=-1 InitialResult=3 LevelAfter=1 LootInfo=-1 Name=LOC_CITIZEN_MAYA_MODERN_FEMALE_3 Operation=58 PlotIndex=1404
mission CityName=LOC_CITY_NAME_TORONTO CompletionTurn=62 EscapeResult=-1 InitialResult=5 LevelAfter=2 LootInfo=-1 Name=LOC_CITIZEN_MAYA_MODERN_FEMALE_8 Operation=58 PlotIndex=1818
mission CityName=LOC_CITY_NAME_OTTAWA CompletionTurn=62 EscapeResult=-1 InitialResult=3 LevelAfter=1 LootInfo=-1 Name=LOC_CITIZEN_MAYA_MALE_5 Operation=58 PlotIndex=978
mission CityName=LOC_CITY_NAME_MONTREAL CompletionTurn=62 EscapeResult=-1 InitialResult=5 LevelAfter=2 LootInfo=-1 Name=LOC_CITIZEN_MAYA_MALE_3 Operation=58 PlotIndex=1314
mission CityName=LOC_CITY_NAME_OTTAWA CompletionTurn=58 EscapeResult=-1 InitialResult=5 LevelAfter=2 LootInfo=-1 Name=LOC_CITIZEN_MAYA_MODERN_FEMALE_9 Operation=58 PlotIndex=978
mission CityName=LOC_CITY_NAME_MONTREAL CompletionTurn=58 EscapeResult=-1 InitialResult=1 LevelAfter=1 LootInfo=-1 Name=LOC_CITIZEN_MAYA_FEMALE_5 Operation=58 PlotIndex=1314
tally 12  FOMENT_UNREST CAPTURED / NO_RESULT
tally 1  FOMENT_UNREST FAIL_MUST_ESCAPE / CAPTURED
tally 3  FOMENT_UNREST FAIL_MUST_ESCAPE / FAIL_MUST_ESCAPE
tally 2  FOMENT_UNREST FAIL_MUST_ESCAPE / KILLED
tally 5  FOMENT_UNREST FAIL_UNDETECTED / NO_RESULT
tally 2  FOMENT_UNREST KILLED / NO_RESULT
tally 2  FOMENT_UNREST SUCCESS_MUST_ESCAPE / CAPTURED
tally 4  FOMENT_UNREST SUCCESS_MUST_ESCAPE / FAIL_MUST_ESCAPE
tally 5  FOMENT_UNREST SUCCESS_MUST_ESCAPE / KILLED
tally 7  FOMENT_UNREST SUCCESS_UNDETECTED / NO_RESULT
turn 118 spies active 1 idle 0 missions 43 captured-enemy 0
spy 6225930 LOC_CITIZEN_MAYA_MODERN_MALE_1 level 1 at 54:15 busy
turn 118 spies 1 started 0 travelled 0 promoted 0 bought 0 gold 50000
unblock: blocker ENDTURN_BLOCKING_CIVIC -> civic CIVIC_CIVIL_SERVICE | end turn requested
mission CityName=LOC_CITY_NAME_MONTREAL CompletionTurn=116 EscapeResult=-1 InitialResult=1 LevelAfter=1 LootInfo=-1 Name=LOC_CITIZEN_MAYA_MALE_10 Operation=58 PlotIndex=1314
mission CityName=LOC_CITY_NAME_TORONTO CompletionTurn=116 EscapeResult=-1 InitialResult=1 LevelAfter=1 LootInfo=-1 Name=LOC_CITIZEN_MAYA_MALE_4 Operation=58 PlotIndex=1818
mission CityName=LOC_CITY_NAME_OTTAWA CompletionTurn=111 EscapeResult=-1 InitialResult=1 LevelAfter=2 LootInfo=-1 Name=LOC_CITIZEN_MAYA_MALE_5 Operation=58 PlotIndex=978
mission CityName=LOC_CITY_NAME_MONTREAL CompletionTurn=107 EscapeResult=0 InitialResult=2 LevelAfter=2 LootInfo=-1 Name=LOC_CITIZEN_MAYA_MALE_6 Operation=58 PlotIndex=1314
mission CityName=LOC_CITY_NAME_OTTAWA CompletionTurn=105 EscapeResult=2 InitialResult=2 LevelAfter=2 LootInfo=-1 Name=LOC_CITIZEN_MAYA_MODERN_MALE_1 Operation=58 PlotIndex=978
mission CityName=LOC_CITY_NAME_TORONTO CompletionTurn=104 EscapeResult=-1 InitialResult=1 LevelAfter=2 LootInfo=-1 Name=LOC_CITIZEN_MAYA_FEMALE_6 Operation=58 PlotIndex=1818
mission CityName=LOC_CITY_NAME_QUEBEC_CITY CompletionTurn=103 EscapeResult=0 InitialResult=4 LevelAfter=2 LootInfo=-1 Name=LOC_CITIZEN_MAYA_MODERN_FEMALE_8 Operation=58 PlotIndex=1404
mission CityName=LOC_CITY_NAME_OTTAWA CompletionTurn=101 EscapeResult=-1 InitialResult=5 LevelAfter=2 LootInfo=-1 Name=LOC_CITIZEN_MAYA_MODERN_MALE_1 Operation=58 PlotIndex=978
mission CityName=LOC_CITY_NAME_TORONTO CompletionTurn=100 EscapeResult=-1 InitialResult=5 LevelAfter=2 LootInfo=-1 Name=LOC_CITIZEN_MAYA_FEMALE_6 Operation=58 PlotIndex=1818
mission CityName=LOC_CITY_NAME_MONTREAL CompletionTurn=99 EscapeResult=-1 InitialResult=1 LevelAfter=1 LootInfo=-1 Name=LOC_CITIZEN_MAYA_MODERN_FEMALE_5 Operation=58 PlotIndex=1314
mission CityName=LOC_CITY_NAME_OTTAWA CompletionTurn=97 EscapeResult=-1 InitialResult=3 LevelAfter=2 LootInfo=-1 Name=LOC_CITIZEN_MAYA_MODERN_MALE_1 Operation=58 PlotIndex=978
mission CityName=LOC_CITY_NAME_OTTAWA CompletionTurn=93 EscapeResult=-1 InitialResult=5 LevelAfter=2 LootInfo=-1 Name=LOC_CITIZEN_MAYA_MODERN_MALE_1 Operation=58 PlotIndex=978
mission CityName=LOC_CITY_NAME_TORONTO CompletionTurn=91 EscapeResult=2 InitialResult=2 LevelAfter=2 LootInfo=-1 Name=LOC_CITIZEN_MAYA_MODERN_FEMALE_8 Operation=58 PlotIndex=1818
mission CityName=LOC_CITY_NAME_OTTAWA CompletionTurn=89 EscapeResult=-1 InitialResult=5 LevelAfter=2 LootInfo=-1 Name=LOC_CITIZEN_MAYA_MALE_5 Operation=58 PlotIndex=978
mission CityName=LOC_CITY_NAME_QUEBEC_CITY CompletionTurn=85 EscapeResult=2 InitialResult=4 LevelAfter=2 LootInfo=-1 Name=LOC_CITIZEN_MAYA_MALE_6 Operation=58 PlotIndex=1404
mission CityName=LOC_CITY_NAME_SAINT_JOHN CompletionTurn=85 EscapeResult=-1 InitialResult=0 LevelAfter=2 LootInfo=-1 Name=LOC_CITIZEN_MAYA_FEMALE_4 Operation=58 PlotIndex=1409
mission CityName=LOC_CITY_NAME_TE_HOKIANGA_NU_A_KUPE CompletionTurn=85 EscapeResult=1 InitialResult=4 LevelAfter=2 LootInfo=-1 Name=LOC_CITIZEN_MAYA_MODERN_MALE_5 Operation=58 PlotIndex=772
mission CityName=LOC_CITY_NAME_MONTREAL CompletionTurn=85 EscapeResult=0 InitialResult=4 LevelAfter=2 LootInfo=-1 Name=LOC_CITIZEN_MAYA_MALE_2 Operation=58 PlotIndex=1314
mission CityName=LOC_CITY_NAME_NGARUAWAHIA CompletionTurn=85 EscapeResult=-1 InitialResult=1 LevelAfter=2 LootInfo=-1 Name=LOC_CITIZEN_MAYA_MODERN_MALE_9 Operation=58 PlotIndex=1833
mission CityName=LOC_CITY_NAME_QUEBEC_CITY CompletionTurn=80 EscapeResult=-1 InitialResult=3 LevelAfter=1 LootInfo=-1 Name=LOC_CITIZEN_MAYA_MALE_6 Operation=58 PlotIndex=1404
mission CityName=LOC_CITY_NAME_MONTREAL CompletionTurn=79 EscapeResult=-1 InitialResult=1 LevelAfter=1 LootInfo=-1 Name=LOC_CITIZEN_MAYA_MALE_7 Operation=58 PlotIndex=1314
mission CityName=LOC_CITY_NAME_UPPSALA CompletionTurn=79 EscapeResult=0 InitialResult=4 LevelAfter=2 LootInfo=-1 Name=LOC_CITIZEN_MAYA_MODERN_MALE_6 Operation=58 PlotIndex=993
mission CityName=LOC_CITY_NAME_SAINT_JOHN CompletionTurn=77 EscapeResult=-1 InitialResult=1 LevelAfter=1 LootInfo=-1 Name=LOC_CITIZEN_MAYA_MODERN_FEMALE_7 Operation=58 PlotIndex=1409
mission CityName=LOC_CITY_NAME_STOCKHOLM CompletionTurn=75 EscapeResult=1 InitialResult=4 LevelAfter=2 LootInfo=-1 Name=LOC_CITIZEN_MAYA_MODERN_MALE_2 Operation=58 PlotIndex=1253
mission CityName=LOC_CITY_NAME_TORONTO CompletionTurn=75 EscapeResult=2 InitialResult=2 LevelAfter=2 LootInfo=-1 Name=LOC_CITIZEN_MAYA_MODERN_FEMALE_8 Operation=58 PlotIndex=1818
mission CityName=LOC_CITY_NAME_OTTAWA CompletionTurn=75 EscapeResult=2 InitialResult=4 LevelAfter=2 LootInfo=-1 Name=LOC_CITIZEN_MAYA_MALE_5 Operation=58 PlotIndex=978
mission CityName=LOC_CITY_NAME_SAINT_JOHN CompletionTurn=73 EscapeResult=-1 InitialResult=1 LevelAfter=1 LootInfo=-1 Name=LOC_CITIZEN_MAYA_FEMALE_8 Operation=58 PlotIndex=1409
mission CityName=LOC_CITY_NAME_QUEBEC_CITY CompletionTurn=73 EscapeResult=-1 InitialResult=0 LevelAfter=1 LootInfo=-1 Name=LOC_CITIZEN_MAYA_FEMALE_9 Operation=58 PlotIndex=1404
mission CityName=LOC_CITY_NAME_STOCKHOLM CompletionTurn=70 EscapeResult=-1 InitialResult=1 LevelAfter=1 LootInfo=-1 Name=LOC_CITIZEN_MAYA_MALE_1 Operation=58 PlotIndex=1253
mission CityName=LOC_CITY_NAME_GOTEBORG CompletionTurn=70 EscapeResult=0 InitialResult=4 LevelAfter=2 LootInfo=-1 Name=LOC_CITIZEN_MAYA_MODERN_FEMALE_1 Operation=58 PlotIndex=1081
mission CityName=LOC_CITY_NAME_OTTAWA CompletionTurn=70 EscapeResult=1 InitialResult=2 LevelAfter=2 LootInfo=-1 Name=LOC_CITIZEN_MAYA_MODERN_FEMALE_9 Operation=58 PlotIndex=978
mission CityName=LOC_CITY_NAME_QUEBEC_CITY CompletionTurn=68 EscapeResult=-1 InitialResult=1 LevelAfter=1 LootInfo=-1 Name=LOC_CITIZEN_MAYA_MODERN_FEMALE_3 Operation=58 PlotIndex=1404
mission CityName=LOC_CITY_NAME_NGARUAWAHIA CompletionTurn=67 EscapeResult=2 InitialResult=4 LevelAfter=2 LootInfo=-1 Name=LOC_CITIZEN_MAYA_MODERN_MALE_9 Operation=58 PlotIndex=1833
mission CityName=LOC_CITY_NAME_TE_HOKIANGA_NU_A_KUPE CompletionTurn=66 EscapeResult=2 InitialResult=4 LevelAfter=2 LootInfo=-1 Name=LOC_CITIZEN_MAYA_FEMALE_4 Operation=58 PlotIndex=772
mission CityName=LOC_CITY_NAME_MONTREAL CompletionTurn=66 EscapeResult=0 InitialResult=4 LevelAfter=2 LootInfo=-1 Name=LOC_CITIZEN_MAYA_MALE_3 Operation=58 PlotIndex=1314
mission CityName=LOC_CITY_NAME_OTTAWA CompletionTurn=66 EscapeResult=-1 InitialResult=3 LevelAfter=2 LootInfo=-1 Name=LOC_CITIZEN_MAYA_MODERN_FEMALE_9 Operation=58 PlotIndex=978
mission CityName=LOC_CITY_NAME_TORONTO CompletionTurn=66 EscapeResult=0 InitialResult=2 LevelAfter=1 LootInfo=-1 Name=LOC_CITIZEN_MAYA_MALE_8 Operation=58 PlotIndex=1818
mission CityName=LOC_CITY_NAME_QUEBEC_CITY CompletionTurn=64 EscapeResult=-1 InitialResult=3 LevelAfter=1 LootInfo=-1 Name=LOC_CITIZEN_MAYA_MODERN_FEMALE_3 Operation=58 PlotIndex=1404
mission CityName=LOC_CITY_NAME_TORONTO CompletionTurn=62 EscapeResult=-1 InitialResult=5 LevelAfter=2 LootInfo=-1 Name=LOC_CITIZEN_MAYA_MODERN_FEMALE_8 Operation=58 PlotIndex=1818
mission CityName=LOC_CITY_NAME_OTTAWA CompletionTurn=62 EscapeResult=-1 InitialResult=3 LevelAfter=1 LootInfo=-1 Name=LOC_CITIZEN_MAYA_MALE_5 Operation=58 PlotIndex=978
mission CityName=LOC_CITY_NAME_MONTREAL CompletionTurn=62 EscapeResult=-1 InitialResult=5 LevelAfter=2 LootInfo=-1 Name=LOC_CITIZEN_MAYA_MALE_3 Operation=58 PlotIndex=1314
mission CityName=LOC_CITY_NAME_OTTAWA CompletionTurn=58 EscapeResult=-1 InitialResult=5 LevelAfter=2 LootInfo=-1 Name=LOC_CITIZEN_MAYA_MODERN_FEMALE_9 Operation=58 PlotIndex=978
mission CityName=LOC_CITY_NAME_MONTREAL CompletionTurn=58 EscapeResult=-1 InitialResult=1 LevelAfter=1 LootInfo=-1 Name=LOC_CITIZEN_MAYA_FEMALE_5 Operation=58 PlotIndex=1314
tally 12  FOMENT_UNREST CAPTURED / NO_RESULT
tally 1  FOMENT_UNREST FAIL_MUST_ESCAPE / CAPTURED
tally 3  FOMENT_UNREST FAIL_MUST_ESCAPE / FAIL_MUST_ESCAPE
tally 2  FOMENT_UNREST FAIL_MUST_ESCAPE / KILLED
tally 5  FOMENT_UNREST FAIL_UNDETECTED / NO_RESULT
tally 2  FOMENT_UNREST KILLED / NO_RESULT
tally 2  FOMENT_UNREST SUCCESS_MUST_ESCAPE / CAPTURED
tally 4  FOMENT_UNREST SUCCESS_MUST_ESCAPE / FAIL_MUST_ESCAPE
tally 5  FOMENT_UNREST SUCCESS_MUST_ESCAPE / KILLED
tally 7  FOMENT_UNREST SUCCESS_UNDETECTED / NO_RESULT
turn 119 spies active 1 idle 0 missions 43 captured-enemy 0
spy 6225930 LOC_CITIZEN_MAYA_MODERN_MALE_1 level 1 at 54:15 busy
turn 119 spies 1 started 0 travelled 0 promoted 0 bought 0 gold 50000
unblock: blocker ENDTURN_BLOCKING_PRODUCTION -> CHICHEN_ITZA builds UNIT_WARRIOR | end turn requested
unstuck: closed sessions [1:1]
unstuck: TechCivicCompletedPopup: closed
unblock: blocker ENDTURN_BLOCKING_CIVIC -> civic CIVIC_MERCENARIES | end turn requested
unstuck: DiplomacyActionView: closed
unblock: blocker ENDTURN_BLOCKING_CIVIC -> civic CIVIC_MERCENARIES | end turn requested
unstuck: closed sessions [3:3]
unstuck: DiplomacyActionView: Closing Diplomacy Action View. m_eventID: 584492
unblock: blocker ENDTURN_BLOCKING_CIVIC -> civic CIVIC_MERCENARIES | end turn requested
unstuck: closed sessions [6:6]
unstuck: DiplomacyActionView: Closing Diplomacy Action View. m_eventID: 586600
mission CityName=LOC_CITY_NAME_MONTREAL CompletionTurn=120 EscapeResult=-1 InitialResult=2 LevelAfter=2 LootInfo=-1 Name=LOC_CITIZEN_MAYA_MODERN_MALE_1 Operation=58 PlotIndex=1314
mission CityName=LOC_CITY_NAME_MONTREAL CompletionTurn=116 EscapeResult=-1 InitialResult=1 LevelAfter=1 LootInfo=-1 Name=LOC_CITIZEN_MAYA_MALE_10 Operation=58 PlotIndex=1314
mission CityName=LOC_CITY_NAME_TORONTO CompletionTurn=116 EscapeResult=-1 InitialResult=1 LevelAfter=1 LootInfo=-1 Name=LOC_CITIZEN_MAYA_MALE_4 Operation=58 PlotIndex=1818
mission CityName=LOC_CITY_NAME_OTTAWA CompletionTurn=111 EscapeResult=-1 InitialResult=1 LevelAfter=2 LootInfo=-1 Name=LOC_CITIZEN_MAYA_MALE_5 Operation=58 PlotIndex=978
mission CityName=LOC_CITY_NAME_MONTREAL CompletionTurn=107 EscapeResult=0 InitialResult=2 LevelAfter=2 LootInfo=-1 Name=LOC_CITIZEN_MAYA_MALE_6 Operation=58 PlotIndex=1314
mission CityName=LOC_CITY_NAME_OTTAWA CompletionTurn=105 EscapeResult=2 InitialResult=2 LevelAfter=2 LootInfo=-1 Name=LOC_CITIZEN_MAYA_MODERN_MALE_1 Operation=58 PlotIndex=978
mission CityName=LOC_CITY_NAME_TORONTO CompletionTurn=104 EscapeResult=-1 InitialResult=1 LevelAfter=2 LootInfo=-1 Name=LOC_CITIZEN_MAYA_FEMALE_6 Operation=58 PlotIndex=1818
mission CityName=LOC_CITY_NAME_QUEBEC_CITY CompletionTurn=103 EscapeResult=0 InitialResult=4 LevelAfter=2 LootInfo=-1 Name=LOC_CITIZEN_MAYA_MODERN_FEMALE_8 Operation=58 PlotIndex=1404
mission CityName=LOC_CITY_NAME_OTTAWA CompletionTurn=101 EscapeResult=-1 InitialResult=5 LevelAfter=2 LootInfo=-1 Name=LOC_CITIZEN_MAYA_MODERN_MALE_1 Operation=58 PlotIndex=978
mission CityName=LOC_CITY_NAME_TORONTO CompletionTurn=100 EscapeResult=-1 InitialResult=5 LevelAfter=2 LootInfo=-1 Name=LOC_CITIZEN_MAYA_FEMALE_6 Operation=58 PlotIndex=1818
mission CityName=LOC_CITY_NAME_MONTREAL CompletionTurn=99 EscapeResult=-1 InitialResult=1 LevelAfter=1 LootInfo=-1 Name=LOC_CITIZEN_MAYA_MODERN_FEMALE_5 Operation=58 PlotIndex=1314
mission CityName=LOC_CITY_NAME_OTTAWA CompletionTurn=97 EscapeResult=-1 InitialResult=3 LevelAfter=2 LootInfo=-1 Name=LOC_CITIZEN_MAYA_MODERN_MALE_1 Operation=58 PlotIndex=978
mission CityName=LOC_CITY_NAME_OTTAWA CompletionTurn=93 EscapeResult=-1 InitialResult=5 LevelAfter=2 LootInfo=-1 Name=LOC_CITIZEN_MAYA_MODERN_MALE_1 Operation=58 PlotIndex=978
mission CityName=LOC_CITY_NAME_TORONTO CompletionTurn=91 EscapeResult=2 InitialResult=2 LevelAfter=2 LootInfo=-1 Name=LOC_CITIZEN_MAYA_MODERN_FEMALE_8 Operation=58 PlotIndex=1818
mission CityName=LOC_CITY_NAME_OTTAWA CompletionTurn=89 EscapeResult=-1 InitialResult=5 LevelAfter=2 LootInfo=-1 Name=LOC_CITIZEN_MAYA_MALE_5 Operation=58 PlotIndex=978
mission CityName=LOC_CITY_NAME_QUEBEC_CITY CompletionTurn=85 EscapeResult=2 InitialResult=4 LevelAfter=2 LootInfo=-1 Name=LOC_CITIZEN_MAYA_MALE_6 Operation=58 PlotIndex=1404
mission CityName=LOC_CITY_NAME_SAINT_JOHN CompletionTurn=85 EscapeResult=-1 InitialResult=0 LevelAfter=2 LootInfo=-1 Name=LOC_CITIZEN_MAYA_FEMALE_4 Operation=58 PlotIndex=1409
mission CityName=LOC_CITY_NAME_TE_HOKIANGA_NU_A_KUPE CompletionTurn=85 EscapeResult=1 InitialResult=4 LevelAfter=2 LootInfo=-1 Name=LOC_CITIZEN_MAYA_MODERN_MALE_5 Operation=58 PlotIndex=772
mission CityName=LOC_CITY_NAME_MONTREAL CompletionTurn=85 EscapeResult=0 InitialResult=4 LevelAfter=2 LootInfo=-1 Name=LOC_CITIZEN_MAYA_MALE_2 Operation=58 PlotIndex=1314
mission CityName=LOC_CITY_NAME_NGARUAWAHIA CompletionTurn=85 EscapeResult=-1 InitialResult=1 LevelAfter=2 LootInfo=-1 Name=LOC_CITIZEN_MAYA_MODERN_MALE_9 Operation=58 PlotIndex=1833
mission CityName=LOC_CITY_NAME_QUEBEC_CITY CompletionTurn=80 EscapeResult=-1 InitialResult=3 LevelAfter=1 LootInfo=-1 Name=LOC_CITIZEN_MAYA_MALE_6 Operation=58 PlotIndex=1404
mission CityName=LOC_CITY_NAME_MONTREAL CompletionTurn=79 EscapeResult=-1 InitialResult=1 LevelAfter=1 LootInfo=-1 Name=LOC_CITIZEN_MAYA_MALE_7 Operation=58 PlotIndex=1314
mission CityName=LOC_CITY_NAME_UPPSALA CompletionTurn=79 EscapeResult=0 InitialResult=4 LevelAfter=2 LootInfo=-1 Name=LOC_CITIZEN_MAYA_MODERN_MALE_6 Operation=58 PlotIndex=993
mission CityName=LOC_CITY_NAME_SAINT_JOHN CompletionTurn=77 EscapeResult=-1 InitialResult=1 LevelAfter=1 LootInfo=-1 Name=LOC_CITIZEN_MAYA_MODERN_FEMALE_7 Operation=58 PlotIndex=1409
mission CityName=LOC_CITY_NAME_STOCKHOLM CompletionTurn=75 EscapeResult=1 InitialResult=4 LevelAfter=2 LootInfo=-1 Name=LOC_CITIZEN_MAYA_MODERN_MALE_2 Operation=58 PlotIndex=1253
mission CityName=LOC_CITY_NAME_TORONTO CompletionTurn=75 EscapeResult=2 InitialResult=2 LevelAfter=2 LootInfo=-1 Name=LOC_CITIZEN_MAYA_MODERN_FEMALE_8 Operation=58 PlotIndex=1818
mission CityName=LOC_CITY_NAME_OTTAWA CompletionTurn=75 EscapeResult=2 InitialResult=4 LevelAfter=2 LootInfo=-1 Name=LOC_CITIZEN_MAYA_MALE_5 Operation=58 PlotIndex=978
mission CityName=LOC_CITY_NAME_SAINT_JOHN CompletionTurn=73 EscapeResult=-1 InitialResult=1 LevelAfter=1 LootInfo=-1 Name=LOC_CITIZEN_MAYA_FEMALE_8 Operation=58 PlotIndex=1409
mission CityName=LOC_CITY_NAME_QUEBEC_CITY CompletionTurn=73 EscapeResult=-1 InitialResult=0 LevelAfter=1 LootInfo=-1 Name=LOC_CITIZEN_MAYA_FEMALE_9 Operation=58 PlotIndex=1404
mission CityName=LOC_CITY_NAME_STOCKHOLM CompletionTurn=70 EscapeResult=-1 InitialResult=1 LevelAfter=1 LootInfo=-1 Name=LOC_CITIZEN_MAYA_MALE_1 Operation=58 PlotIndex=1253
mission CityName=LOC_CITY_NAME_GOTEBORG CompletionTurn=70 EscapeResult=0 InitialResult=4 LevelAfter=2 LootInfo=-1 Name=LOC_CITIZEN_MAYA_MODERN_FEMALE_1 Operation=58 PlotIndex=1081
mission CityName=LOC_CITY_NAME_OTTAWA CompletionTurn=70 EscapeResult=1 InitialResult=2 LevelAfter=2 LootInfo=-1 Name=LOC_CITIZEN_MAYA_MODERN_FEMALE_9 Operation=58 PlotIndex=978
mission CityName=LOC_CITY_NAME_QUEBEC_CITY CompletionTurn=68 EscapeResult=-1 InitialResult=1 LevelAfter=1 LootInfo=-1 Name=LOC_CITIZEN_MAYA_MODERN_FEMALE_3 Operation=58 PlotIndex=1404
mission CityName=LOC_CITY_NAME_NGARUAWAHIA CompletionTurn=67 EscapeResult=2 InitialResult=4 LevelAfter=2 LootInfo=-1 Name=LOC_CITIZEN_MAYA_MODERN_MALE_9 Operation=58 PlotIndex=1833
mission CityName=LOC_CITY_NAME_TE_HOKIANGA_NU_A_KUPE CompletionTurn=66 EscapeResult=2 InitialResult=4 LevelAfter=2 LootInfo=-1 Name=LOC_CITIZEN_MAYA_FEMALE_4 Operation=58 PlotIndex=772
mission CityName=LOC_CITY_NAME_MONTREAL CompletionTurn=66 EscapeResult=0 InitialResult=4 LevelAfter=2 LootInfo=-1 Name=LOC_CITIZEN_MAYA_MALE_3 Operation=58 PlotIndex=1314
mission CityName=LOC_CITY_NAME_OTTAWA CompletionTurn=66 EscapeResult=-1 InitialResult=3 LevelAfter=2 LootInfo=-1 Name=LOC_CITIZEN_MAYA_MODERN_FEMALE_9 Operation=58 PlotIndex=978
mission CityName=LOC_CITY_NAME_TORONTO CompletionTurn=66 EscapeResult=0 InitialResult=2 LevelAfter=1 LootInfo=-1 Name=LOC_CITIZEN_MAYA_MALE_8 Operation=58 PlotIndex=1818
mission CityName=LOC_CITY_NAME_QUEBEC_CITY CompletionTurn=64 EscapeResult=-1 InitialResult=3 LevelAfter=1 LootInfo=-1 Name=LOC_CITIZEN_MAYA_MODERN_FEMALE_3 Operation=58 PlotIndex=1404
mission CityName=LOC_CITY_NAME_TORONTO CompletionTurn=62 EscapeResult=-1 InitialResult=5 LevelAfter=2 LootInfo=-1 Name=LOC_CITIZEN_MAYA_MODERN_FEMALE_8 Operation=58 PlotIndex=1818
mission CityName=LOC_CITY_NAME_OTTAWA CompletionTurn=62 EscapeResult=-1 InitialResult=3 LevelAfter=1 LootInfo=-1 Name=LOC_CITIZEN_MAYA_MALE_5 Operation=58 PlotIndex=978
mission CityName=LOC_CITY_NAME_MONTREAL CompletionTurn=62 EscapeResult=-1 InitialResult=5 LevelAfter=2 LootInfo=-1 Name=LOC_CITIZEN_MAYA_MALE_3 Operation=58 PlotIndex=1314
mission CityName=LOC_CITY_NAME_OTTAWA CompletionTurn=58 EscapeResult=-1 InitialResult=5 LevelAfter=2 LootInfo=-1 Name=LOC_CITIZEN_MAYA_MODERN_FEMALE_9 Operation=58 PlotIndex=978
mission CityName=LOC_CITY_NAME_MONTREAL CompletionTurn=58 EscapeResult=-1 InitialResult=1 LevelAfter=1 LootInfo=-1 Name=LOC_CITIZEN_MAYA_FEMALE_5 Operation=58 PlotIndex=1314
tally 12  FOMENT_UNREST CAPTURED / NO_RESULT
tally 1  FOMENT_UNREST FAIL_MUST_ESCAPE / CAPTURED
tally 3  FOMENT_UNREST FAIL_MUST_ESCAPE / FAIL_MUST_ESCAPE
tally 2  FOMENT_UNREST FAIL_MUST_ESCAPE / KILLED
tally 1  FOMENT_UNREST FAIL_MUST_ESCAPE / NO_RESULT
tally 5  FOMENT_UNREST FAIL_UNDETECTED / NO_RESULT
tally 2  FOMENT_UNREST KILLED / NO_RESULT
tally 2  FOMENT_UNREST SUCCESS_MUST_ESCAPE / CAPTURED
tally 4  FOMENT_UNREST SUCCESS_MUST_ESCAPE / FAIL_MUST_ESCAPE
tally 5  FOMENT_UNREST SUCCESS_MUST_ESCAPE / KILLED
tally 7  FOMENT_UNREST SUCCESS_UNDETECTED / NO_RESULT
turn 120 spies active 1 idle 0 missions 44 captured-enemy 0
spy 6225930 LOC_CITIZEN_MAYA_MODERN_MALE_1 level 1 at 54:15 busy
turn 120 spies 1 started 0 travelled 0 promoted 0 bought 0 gold 50000
unblock: blocker ENDTURN_BLOCKING_CIVIC -> civic CIVIC_MERCENARIES | end turn requested
mission CityName=LOC_CITY_NAME_MONTREAL CompletionTurn=120 EscapeResult=-1 InitialResult=2 LevelAfter=2 LootInfo=-1 Name=LOC_CITIZEN_MAYA_MODERN_MALE_1 Operation=58 PlotIndex=1314
mission CityName=LOC_CITY_NAME_MONTREAL CompletionTurn=116 EscapeResult=-1 InitialResult=1 LevelAfter=1 LootInfo=-1 Name=LOC_CITIZEN_MAYA_MALE_10 Operation=58 PlotIndex=1314
mission CityName=LOC_CITY_NAME_TORONTO CompletionTurn=116 EscapeResult=-1 InitialResult=1 LevelAfter=1 LootInfo=-1 Name=LOC_CITIZEN_MAYA_MALE_4 Operation=58 PlotIndex=1818
mission CityName=LOC_CITY_NAME_OTTAWA CompletionTurn=111 EscapeResult=-1 InitialResult=1 LevelAfter=2 LootInfo=-1 Name=LOC_CITIZEN_MAYA_MALE_5 Operation=58 PlotIndex=978
mission CityName=LOC_CITY_NAME_MONTREAL CompletionTurn=107 EscapeResult=0 InitialResult=2 LevelAfter=2 LootInfo=-1 Name=LOC_CITIZEN_MAYA_MALE_6 Operation=58 PlotIndex=1314
mission CityName=LOC_CITY_NAME_OTTAWA CompletionTurn=105 EscapeResult=2 InitialResult=2 LevelAfter=2 LootInfo=-1 Name=LOC_CITIZEN_MAYA_MODERN_MALE_1 Operation=58 PlotIndex=978
mission CityName=LOC_CITY_NAME_TORONTO CompletionTurn=104 EscapeResult=-1 InitialResult=1 LevelAfter=2 LootInfo=-1 Name=LOC_CITIZEN_MAYA_FEMALE_6 Operation=58 PlotIndex=1818
mission CityName=LOC_CITY_NAME_QUEBEC_CITY CompletionTurn=103 EscapeResult=0 InitialResult=4 LevelAfter=2 LootInfo=-1 Name=LOC_CITIZEN_MAYA_MODERN_FEMALE_8 Operation=58 PlotIndex=1404
mission CityName=LOC_CITY_NAME_OTTAWA CompletionTurn=101 EscapeResult=-1 InitialResult=5 LevelAfter=2 LootInfo=-1 Name=LOC_CITIZEN_MAYA_MODERN_MALE_1 Operation=58 PlotIndex=978
mission CityName=LOC_CITY_NAME_TORONTO CompletionTurn=100 EscapeResult=-1 InitialResult=5 LevelAfter=2 LootInfo=-1 Name=LOC_CITIZEN_MAYA_FEMALE_6 Operation=58 PlotIndex=1818
mission CityName=LOC_CITY_NAME_MONTREAL CompletionTurn=99 EscapeResult=-1 InitialResult=1 LevelAfter=1 LootInfo=-1 Name=LOC_CITIZEN_MAYA_MODERN_FEMALE_5 Operation=58 PlotIndex=1314
mission CityName=LOC_CITY_NAME_OTTAWA CompletionTurn=97 EscapeResult=-1 InitialResult=3 LevelAfter=2 LootInfo=-1 Name=LOC_CITIZEN_MAYA_MODERN_MALE_1 Operation=58 PlotIndex=978
mission CityName=LOC_CITY_NAME_OTTAWA CompletionTurn=93 EscapeResult=-1 InitialResult=5 LevelAfter=2 LootInfo=-1 Name=LOC_CITIZEN_MAYA_MODERN_MALE_1 Operation=58 PlotIndex=978
mission CityName=LOC_CITY_NAME_TORONTO CompletionTurn=91 EscapeResult=2 InitialResult=2 LevelAfter=2 LootInfo=-1 Name=LOC_CITIZEN_MAYA_MODERN_FEMALE_8 Operation=58 PlotIndex=1818
mission CityName=LOC_CITY_NAME_OTTAWA CompletionTurn=89 EscapeResult=-1 InitialResult=5 LevelAfter=2 LootInfo=-1 Name=LOC_CITIZEN_MAYA_MALE_5 Operation=58 PlotIndex=978
mission CityName=LOC_CITY_NAME_QUEBEC_CITY CompletionTurn=85 EscapeResult=2 InitialResult=4 LevelAfter=2 LootInfo=-1 Name=LOC_CITIZEN_MAYA_MALE_6 Operation=58 PlotIndex=1404
mission CityName=LOC_CITY_NAME_SAINT_JOHN CompletionTurn=85 EscapeResult=-1 InitialResult=0 LevelAfter=2 LootInfo=-1 Name=LOC_CITIZEN_MAYA_FEMALE_4 Operation=58 PlotIndex=1409
mission CityName=LOC_CITY_NAME_TE_HOKIANGA_NU_A_KUPE CompletionTurn=85 EscapeResult=1 InitialResult=4 LevelAfter=2 LootInfo=-1 Name=LOC_CITIZEN_MAYA_MODERN_MALE_5 Operation=58 PlotIndex=772
mission CityName=LOC_CITY_NAME_MONTREAL CompletionTurn=85 EscapeResult=0 InitialResult=4 LevelAfter=2 LootInfo=-1 Name=LOC_CITIZEN_MAYA_MALE_2 Operation=58 PlotIndex=1314
mission CityName=LOC_CITY_NAME_NGARUAWAHIA CompletionTurn=85 EscapeResult=-1 InitialResult=1 LevelAfter=2 LootInfo=-1 Name=LOC_CITIZEN_MAYA_MODERN_MALE_9 Operation=58 PlotIndex=1833
mission CityName=LOC_CITY_NAME_QUEBEC_CITY CompletionTurn=80 EscapeResult=-1 InitialResult=3 LevelAfter=1 LootInfo=-1 Name=LOC_CITIZEN_MAYA_MALE_6 Operation=58 PlotIndex=1404
mission CityName=LOC_CITY_NAME_MONTREAL CompletionTurn=79 EscapeResult=-1 InitialResult=1 LevelAfter=1 LootInfo=-1 Name=LOC_CITIZEN_MAYA_MALE_7 Operation=58 PlotIndex=1314
mission CityName=LOC_CITY_NAME_UPPSALA CompletionTurn=79 EscapeResult=0 InitialResult=4 LevelAfter=2 LootInfo=-1 Name=LOC_CITIZEN_MAYA_MODERN_MALE_6 Operation=58 PlotIndex=993
mission CityName=LOC_CITY_NAME_SAINT_JOHN CompletionTurn=77 EscapeResult=-1 InitialResult=1 LevelAfter=1 LootInfo=-1 Name=LOC_CITIZEN_MAYA_MODERN_FEMALE_7 Operation=58 PlotIndex=1409
mission CityName=LOC_CITY_NAME_STOCKHOLM CompletionTurn=75 EscapeResult=1 InitialResult=4 LevelAfter=2 LootInfo=-1 Name=LOC_CITIZEN_MAYA_MODERN_MALE_2 Operation=58 PlotIndex=1253
mission CityName=LOC_CITY_NAME_TORONTO CompletionTurn=75 EscapeResult=2 InitialResult=2 LevelAfter=2 LootInfo=-1 Name=LOC_CITIZEN_MAYA_MODERN_FEMALE_8 Operation=58 PlotIndex=1818
mission CityName=LOC_CITY_NAME_OTTAWA CompletionTurn=75 EscapeResult=2 InitialResult=4 LevelAfter=2 LootInfo=-1 Name=LOC_CITIZEN_MAYA_MALE_5 Operation=58 PlotIndex=978
mission CityName=LOC_CITY_NAME_SAINT_JOHN CompletionTurn=73 EscapeResult=-1 InitialResult=1 LevelAfter=1 LootInfo=-1 Name=LOC_CITIZEN_MAYA_FEMALE_8 Operation=58 PlotIndex=1409
mission CityName=LOC_CITY_NAME_QUEBEC_CITY CompletionTurn=73 EscapeResult=-1 InitialResult=0 LevelAfter=1 LootInfo=-1 Name=LOC_CITIZEN_MAYA_FEMALE_9 Operation=58 PlotIndex=1404
mission CityName=LOC_CITY_NAME_STOCKHOLM CompletionTurn=70 EscapeResult=-1 InitialResult=1 LevelAfter=1 LootInfo=-1 Name=LOC_CITIZEN_MAYA_MALE_1 Operation=58 PlotIndex=1253
mission CityName=LOC_CITY_NAME_GOTEBORG CompletionTurn=70 EscapeResult=0 InitialResult=4 LevelAfter=2 LootInfo=-1 Name=LOC_CITIZEN_MAYA_MODERN_FEMALE_1 Operation=58 PlotIndex=1081
mission CityName=LOC_CITY_NAME_OTTAWA CompletionTurn=70 EscapeResult=1 InitialResult=2 LevelAfter=2 LootInfo=-1 Name=LOC_CITIZEN_MAYA_MODERN_FEMALE_9 Operation=58 PlotIndex=978
mission CityName=LOC_CITY_NAME_QUEBEC_CITY CompletionTurn=68 EscapeResult=-1 InitialResult=1 LevelAfter=1 LootInfo=-1 Name=LOC_CITIZEN_MAYA_MODERN_FEMALE_3 Operation=58 PlotIndex=1404
mission CityName=LOC_CITY_NAME_NGARUAWAHIA CompletionTurn=67 EscapeResult=2 InitialResult=4 LevelAfter=2 LootInfo=-1 Name=LOC_CITIZEN_MAYA_MODERN_MALE_9 Operation=58 PlotIndex=1833
mission CityName=LOC_CITY_NAME_TE_HOKIANGA_NU_A_KUPE CompletionTurn=66 EscapeResult=2 InitialResult=4 LevelAfter=2 LootInfo=-1 Name=LOC_CITIZEN_MAYA_FEMALE_4 Operation=58 PlotIndex=772
mission CityName=LOC_CITY_NAME_MONTREAL CompletionTurn=66 EscapeResult=0 InitialResult=4 LevelAfter=2 LootInfo=-1 Name=LOC_CITIZEN_MAYA_MALE_3 Operation=58 PlotIndex=1314
mission CityName=LOC_CITY_NAME_OTTAWA CompletionTurn=66 EscapeResult=-1 InitialResult=3 LevelAfter=2 LootInfo=-1 Name=LOC_CITIZEN_MAYA_MODERN_FEMALE_9 Operation=58 PlotIndex=978
mission CityName=LOC_CITY_NAME_TORONTO CompletionTurn=66 EscapeResult=0 InitialResult=2 LevelAfter=1 LootInfo=-1 Name=LOC_CITIZEN_MAYA_MALE_8 Operation=58 PlotIndex=1818
mission CityName=LOC_CITY_NAME_QUEBEC_CITY CompletionTurn=64 EscapeResult=-1 InitialResult=3 LevelAfter=1 LootInfo=-1 Name=LOC_CITIZEN_MAYA_MODERN_FEMALE_3 Operation=58 PlotIndex=1404
mission CityName=LOC_CITY_NAME_TORONTO CompletionTurn=62 EscapeResult=-1 InitialResult=5 LevelAfter=2 LootInfo=-1 Name=LOC_CITIZEN_MAYA_MODERN_FEMALE_8 Operation=58 PlotIndex=1818
mission CityName=LOC_CITY_NAME_OTTAWA CompletionTurn=62 EscapeResult=-1 InitialResult=3 LevelAfter=1 LootInfo=-1 Name=LOC_CITIZEN_MAYA_MALE_5 Operation=58 PlotIndex=978
mission CityName=LOC_CITY_NAME_MONTREAL CompletionTurn=62 EscapeResult=-1 InitialResult=5 LevelAfter=2 LootInfo=-1 Name=LOC_CITIZEN_MAYA_MALE_3 Operation=58 PlotIndex=1314
mission CityName=LOC_CITY_NAME_OTTAWA CompletionTurn=58 EscapeResult=-1 InitialResult=5 LevelAfter=2 LootInfo=-1 Name=LOC_CITIZEN_MAYA_MODERN_FEMALE_9 Operation=58 PlotIndex=978
mission CityName=LOC_CITY_NAME_MONTREAL CompletionTurn=58 EscapeResult=-1 InitialResult=1 LevelAfter=1 LootInfo=-1 Name=LOC_CITIZEN_MAYA_FEMALE_5 Operation=58 PlotIndex=1314
tally 12  FOMENT_UNREST CAPTURED / NO_RESULT
tally 1  FOMENT_UNREST FAIL_MUST_ESCAPE / CAPTURED
tally 3  FOMENT_UNREST FAIL_MUST_ESCAPE / FAIL_MUST_ESCAPE
tally 2  FOMENT_UNREST FAIL_MUST_ESCAPE / KILLED
tally 1  FOMENT_UNREST FAIL_MUST_ESCAPE / NO_RESULT
tally 5  FOMENT_UNREST FAIL_UNDETECTED / NO_RESULT
tally 2  FOMENT_UNREST KILLED / NO_RESULT
tally 2  FOMENT_UNREST SUCCESS_MUST_ESCAPE / CAPTURED
tally 4  FOMENT_UNREST SUCCESS_MUST_ESCAPE / FAIL_MUST_ESCAPE
tally 5  FOMENT_UNREST SUCCESS_MUST_ESCAPE / KILLED
tally 7  FOMENT_UNREST SUCCESS_UNDETECTED / NO_RESULT
turn 121 spies active 1 idle 0 missions 44 captured-enemy 0
spy 6225930 LOC_CITIZEN_MAYA_MODERN_MALE_1 level 1 at 54:15 busy
turn 121 spies 1 started 0 travelled 0 promoted 0 bought 0 gold 50000
unblock: blocker ENDTURN_BLOCKING_COMMEMORATION_AVAILABLE -> nothing | end turn requested
unstuck: EraCompletePopup: closed
unblock: blocker ENDTURN_BLOCKING_COMMEMORATION_AVAILABLE -> nothing | end turn requested
unstuck: closed sessions [2:2]
unstuck: DiplomacyActionView: Closing Diplomacy Action View. m_eventID: 601630
unblock: blocker ENDTURN_BLOCKING_WORLD_CONGRESS_SESSION -> nothing | end turn requested
unstuck: WorldCongressIntro: closed
mission CityName=LOC_CITY_NAME_MONTREAL CompletionTurn=120 EscapeResult=-1 InitialResult=2 LevelAfter=2 LootInfo=-1 Name=LOC_CITIZEN_MAYA_MODERN_MALE_1 Operation=58 PlotIndex=1314
mission CityName=LOC_CITY_NAME_MONTREAL CompletionTurn=116 EscapeResult=-1 InitialResult=1 LevelAfter=1 LootInfo=-1 Name=LOC_CITIZEN_MAYA_MALE_10 Operation=58 PlotIndex=1314
mission CityName=LOC_CITY_NAME_TORONTO CompletionTurn=116 EscapeResult=-1 InitialResult=1 LevelAfter=1 LootInfo=-1 Name=LOC_CITIZEN_MAYA_MALE_4 Operation=58 PlotIndex=1818
mission CityName=LOC_CITY_NAME_OTTAWA CompletionTurn=111 EscapeResult=-1 InitialResult=1 LevelAfter=2 LootInfo=-1 Name=LOC_CITIZEN_MAYA_MALE_5 Operation=58 PlotIndex=978
mission CityName=LOC_CITY_NAME_MONTREAL CompletionTurn=107 EscapeResult=0 InitialResult=2 LevelAfter=2 LootInfo=-1 Name=LOC_CITIZEN_MAYA_MALE_6 Operation=58 PlotIndex=1314
mission CityName=LOC_CITY_NAME_OTTAWA CompletionTurn=105 EscapeResult=2 InitialResult=2 LevelAfter=2 LootInfo=-1 Name=LOC_CITIZEN_MAYA_MODERN_MALE_1 Operation=58 PlotIndex=978
mission CityName=LOC_CITY_NAME_TORONTO CompletionTurn=104 EscapeResult=-1 InitialResult=1 LevelAfter=2 LootInfo=-1 Name=LOC_CITIZEN_MAYA_FEMALE_6 Operation=58 PlotIndex=1818
mission CityName=LOC_CITY_NAME_QUEBEC_CITY CompletionTurn=103 EscapeResult=0 InitialResult=4 LevelAfter=2 LootInfo=-1 Name=LOC_CITIZEN_MAYA_MODERN_FEMALE_8 Operation=58 PlotIndex=1404
mission CityName=LOC_CITY_NAME_OTTAWA CompletionTurn=101 EscapeResult=-1 InitialResult=5 LevelAfter=2 LootInfo=-1 Name=LOC_CITIZEN_MAYA_MODERN_MALE_1 Operation=58 PlotIndex=978
mission CityName=LOC_CITY_NAME_TORONTO CompletionTurn=100 EscapeResult=-1 InitialResult=5 LevelAfter=2 LootInfo=-1 Name=LOC_CITIZEN_MAYA_FEMALE_6 Operation=58 PlotIndex=1818
mission CityName=LOC_CITY_NAME_MONTREAL CompletionTurn=99 EscapeResult=-1 InitialResult=1 LevelAfter=1 LootInfo=-1 Name=LOC_CITIZEN_MAYA_MODERN_FEMALE_5 Operation=58 PlotIndex=1314
mission CityName=LOC_CITY_NAME_OTTAWA CompletionTurn=97 EscapeResult=-1 InitialResult=3 LevelAfter=2 LootInfo=-1 Name=LOC_CITIZEN_MAYA_MODERN_MALE_1 Operation=58 PlotIndex=978
mission CityName=LOC_CITY_NAME_OTTAWA CompletionTurn=93 EscapeResult=-1 InitialResult=5 LevelAfter=2 LootInfo=-1 Name=LOC_CITIZEN_MAYA_MODERN_MALE_1 Operation=58 PlotIndex=978
mission CityName=LOC_CITY_NAME_TORONTO CompletionTurn=91 EscapeResult=2 InitialResult=2 LevelAfter=2 LootInfo=-1 Name=LOC_CITIZEN_MAYA_MODERN_FEMALE_8 Operation=58 PlotIndex=1818
mission CityName=LOC_CITY_NAME_OTTAWA CompletionTurn=89 EscapeResult=-1 InitialResult=5 LevelAfter=2 LootInfo=-1 Name=LOC_CITIZEN_MAYA_MALE_5 Operation=58 PlotIndex=978
mission CityName=LOC_CITY_NAME_QUEBEC_CITY CompletionTurn=85 EscapeResult=2 InitialResult=4 LevelAfter=2 LootInfo=-1 Name=LOC_CITIZEN_MAYA_MALE_6 Operation=58 PlotIndex=1404
mission CityName=LOC_CITY_NAME_SAINT_JOHN CompletionTurn=85 EscapeResult=-1 InitialResult=0 LevelAfter=2 LootInfo=-1 Name=LOC_CITIZEN_MAYA_FEMALE_4 Operation=58 PlotIndex=1409
mission CityName=LOC_CITY_NAME_TE_HOKIANGA_NU_A_KUPE CompletionTurn=85 EscapeResult=1 InitialResult=4 LevelAfter=2 LootInfo=-1 Name=LOC_CITIZEN_MAYA_MODERN_MALE_5 Operation=58 PlotIndex=772
mission CityName=LOC_CITY_NAME_MONTREAL CompletionTurn=85 EscapeResult=0 InitialResult=4 LevelAfter=2 LootInfo=-1 Name=LOC_CITIZEN_MAYA_MALE_2 Operation=58 PlotIndex=1314
mission CityName=LOC_CITY_NAME_NGARUAWAHIA CompletionTurn=85 EscapeResult=-1 InitialResult=1 LevelAfter=2 LootInfo=-1 Name=LOC_CITIZEN_MAYA_MODERN_MALE_9 Operation=58 PlotIndex=1833
mission CityName=LOC_CITY_NAME_QUEBEC_CITY CompletionTurn=80 EscapeResult=-1 InitialResult=3 LevelAfter=1 LootInfo=-1 Name=LOC_CITIZEN_MAYA_MALE_6 Operation=58 PlotIndex=1404
mission CityName=LOC_CITY_NAME_MONTREAL CompletionTurn=79 EscapeResult=-1 InitialResult=1 LevelAfter=1 LootInfo=-1 Name=LOC_CITIZEN_MAYA_MALE_7 Operation=58 PlotIndex=1314
mission CityName=LOC_CITY_NAME_UPPSALA CompletionTurn=79 EscapeResult=0 InitialResult=4 LevelAfter=2 LootInfo=-1 Name=LOC_CITIZEN_MAYA_MODERN_MALE_6 Operation=58 PlotIndex=993
mission CityName=LOC_CITY_NAME_SAINT_JOHN CompletionTurn=77 EscapeResult=-1 InitialResult=1 LevelAfter=1 LootInfo=-1 Name=LOC_CITIZEN_MAYA_MODERN_FEMALE_7 Operation=58 PlotIndex=1409
mission CityName=LOC_CITY_NAME_STOCKHOLM CompletionTurn=75 EscapeResult=1 InitialResult=4 LevelAfter=2 LootInfo=-1 Name=LOC_CITIZEN_MAYA_MODERN_MALE_2 Operation=58 PlotIndex=1253
mission CityName=LOC_CITY_NAME_TORONTO CompletionTurn=75 EscapeResult=2 InitialResult=2 LevelAfter=2 LootInfo=-1 Name=LOC_CITIZEN_MAYA_MODERN_FEMALE_8 Operation=58 PlotIndex=1818
mission CityName=LOC_CITY_NAME_OTTAWA CompletionTurn=75 EscapeResult=2 InitialResult=4 LevelAfter=2 LootInfo=-1 Name=LOC_CITIZEN_MAYA_MALE_5 Operation=58 PlotIndex=978
mission CityName=LOC_CITY_NAME_SAINT_JOHN CompletionTurn=73 EscapeResult=-1 InitialResult=1 LevelAfter=1 LootInfo=-1 Name=LOC_CITIZEN_MAYA_FEMALE_8 Operation=58 PlotIndex=1409
mission CityName=LOC_CITY_NAME_QUEBEC_CITY CompletionTurn=73 EscapeResult=-1 InitialResult=0 LevelAfter=1 LootInfo=-1 Name=LOC_CITIZEN_MAYA_FEMALE_9 Operation=58 PlotIndex=1404
mission CityName=LOC_CITY_NAME_STOCKHOLM CompletionTurn=70 EscapeResult=-1 InitialResult=1 LevelAfter=1 LootInfo=-1 Name=LOC_CITIZEN_MAYA_MALE_1 Operation=58 PlotIndex=1253
mission CityName=LOC_CITY_NAME_GOTEBORG CompletionTurn=70 EscapeResult=0 InitialResult=4 LevelAfter=2 LootInfo=-1 Name=LOC_CITIZEN_MAYA_MODERN_FEMALE_1 Operation=58 PlotIndex=1081
mission CityName=LOC_CITY_NAME_OTTAWA CompletionTurn=70 EscapeResult=1 InitialResult=2 LevelAfter=2 LootInfo=-1 Name=LOC_CITIZEN_MAYA_MODERN_FEMALE_9 Operation=58 PlotIndex=978
mission CityName=LOC_CITY_NAME_QUEBEC_CITY CompletionTurn=68 EscapeResult=-1 InitialResult=1 LevelAfter=1 LootInfo=-1 Name=LOC_CITIZEN_MAYA_MODERN_FEMALE_3 Operation=58 PlotIndex=1404
mission CityName=LOC_CITY_NAME_NGARUAWAHIA CompletionTurn=67 EscapeResult=2 InitialResult=4 LevelAfter=2 LootInfo=-1 Name=LOC_CITIZEN_MAYA_MODERN_MALE_9 Operation=58 PlotIndex=1833
mission CityName=LOC_CITY_NAME_TE_HOKIANGA_NU_A_KUPE CompletionTurn=66 EscapeResult=2 InitialResult=4 LevelAfter=2 LootInfo=-1 Name=LOC_CITIZEN_MAYA_FEMALE_4 Operation=58 PlotIndex=772
mission CityName=LOC_CITY_NAME_MONTREAL CompletionTurn=66 EscapeResult=0 InitialResult=4 LevelAfter=2 LootInfo=-1 Name=LOC_CITIZEN_MAYA_MALE_3 Operation=58 PlotIndex=1314
mission CityName=LOC_CITY_NAME_OTTAWA CompletionTurn=66 EscapeResult=-1 InitialResult=3 LevelAfter=2 LootInfo=-1 Name=LOC_CITIZEN_MAYA_MODERN_FEMALE_9 Operation=58 PlotIndex=978
mission CityName=LOC_CITY_NAME_TORONTO CompletionTurn=66 EscapeResult=0 InitialResult=2 LevelAfter=1 LootInfo=-1 Name=LOC_CITIZEN_MAYA_MALE_8 Operation=58 PlotIndex=1818
mission CityName=LOC_CITY_NAME_QUEBEC_CITY CompletionTurn=64 EscapeResult=-1 InitialResult=3 LevelAfter=1 LootInfo=-1 Name=LOC_CITIZEN_MAYA_MODERN_FEMALE_3 Operation=58 PlotIndex=1404
mission CityName=LOC_CITY_NAME_TORONTO CompletionTurn=62 EscapeResult=-1 InitialResult=5 LevelAfter=2 LootInfo=-1 Name=LOC_CITIZEN_MAYA_MODERN_FEMALE_8 Operation=58 PlotIndex=1818
mission CityName=LOC_CITY_NAME_OTTAWA CompletionTurn=62 EscapeResult=-1 InitialResult=3 LevelAfter=1 LootInfo=-1 Name=LOC_CITIZEN_MAYA_MALE_5 Operation=58 PlotIndex=978
mission CityName=LOC_CITY_NAME_MONTREAL CompletionTurn=62 EscapeResult=-1 InitialResult=5 LevelAfter=2 LootInfo=-1 Name=LOC_CITIZEN_MAYA_MALE_3 Operation=58 PlotIndex=1314
mission CityName=LOC_CITY_NAME_OTTAWA CompletionTurn=58 EscapeResult=-1 InitialResult=5 LevelAfter=2 LootInfo=-1 Name=LOC_CITIZEN_MAYA_MODERN_FEMALE_9 Operation=58 PlotIndex=978
mission CityName=LOC_CITY_NAME_MONTREAL CompletionTurn=58 EscapeResult=-1 InitialResult=1 LevelAfter=1 LootInfo=-1 Name=LOC_CITIZEN_MAYA_FEMALE_5 Operation=58 PlotIndex=1314
tally 12  FOMENT_UNREST CAPTURED / NO_RESULT
tally 1  FOMENT_UNREST FAIL_MUST_ESCAPE / CAPTURED
tally 3  FOMENT_UNREST FAIL_MUST_ESCAPE / FAIL_MUST_ESCAPE
tally 2  FOMENT_UNREST FAIL_MUST_ESCAPE / KILLED
tally 1  FOMENT_UNREST FAIL_MUST_ESCAPE / NO_RESULT
tally 5  FOMENT_UNREST FAIL_UNDETECTED / NO_RESULT
tally 2  FOMENT_UNREST KILLED / NO_RESULT
tally 2  FOMENT_UNREST SUCCESS_MUST_ESCAPE / CAPTURED
tally 4  FOMENT_UNREST SUCCESS_MUST_ESCAPE / FAIL_MUST_ESCAPE
tally 5  FOMENT_UNREST SUCCESS_MUST_ESCAPE / KILLED
tally 7  FOMENT_UNREST SUCCESS_UNDETECTED / NO_RESULT
turn 121 spies active 1 idle 0 missions 44 captured-enemy 0
spy 6225930 LOC_CITIZEN_MAYA_MODERN_MALE_1 level 1 at 54:15 busy
turn 121 spies 1 started 0 travelled 0 promoted 0 bought 0 gold 50005
unblock: blocker ENDTURN_BLOCKING_COMMEMORATION_AVAILABLE -> nothing | end turn requested
unstuck: NaturalDisasterPopup: closed
unstuck: TechCivicCompletedPopup: closed
unblock: blocker ENDTURN_BLOCKING_COMMEMORATION_AVAILABLE -> nothing | end turn requested
unstuck: closed sessions [1:1]
unstuck: DiplomacyActionView: Closing Diplomacy Action View. m_eventID: 609836
unblock: blocker ENDTURN_BLOCKING_COMMEMORATION_AVAILABLE -> nothing | end turn requested
unstuck: closed sessions [5:5]
unstuck: DiplomacyActionView: Closing Diplomacy Action View. m_eventID: 613085
mission CityName=LOC_CITY_NAME_MONTREAL CompletionTurn=120 EscapeResult=-1 InitialResult=2 LevelAfter=2 LootInfo=-1 Name=LOC_CITIZEN_MAYA_MODERN_MALE_1 Operation=58 PlotIndex=1314
mission CityName=LOC_CITY_NAME_MONTREAL CompletionTurn=116 EscapeResult=-1 InitialResult=1 LevelAfter=1 LootInfo=-1 Name=LOC_CITIZEN_MAYA_MALE_10 Operation=58 PlotIndex=1314
mission CityName=LOC_CITY_NAME_TORONTO CompletionTurn=116 EscapeResult=-1 InitialResult=1 LevelAfter=1 LootInfo=-1 Name=LOC_CITIZEN_MAYA_MALE_4 Operation=58 PlotIndex=1818
mission CityName=LOC_CITY_NAME_OTTAWA CompletionTurn=111 EscapeResult=-1 InitialResult=1 LevelAfter=2 LootInfo=-1 Name=LOC_CITIZEN_MAYA_MALE_5 Operation=58 PlotIndex=978
mission CityName=LOC_CITY_NAME_MONTREAL CompletionTurn=107 EscapeResult=0 InitialResult=2 LevelAfter=2 LootInfo=-1 Name=LOC_CITIZEN_MAYA_MALE_6 Operation=58 PlotIndex=1314
mission CityName=LOC_CITY_NAME_OTTAWA CompletionTurn=105 EscapeResult=2 InitialResult=2 LevelAfter=2 LootInfo=-1 Name=LOC_CITIZEN_MAYA_MODERN_MALE_1 Operation=58 PlotIndex=978
mission CityName=LOC_CITY_NAME_TORONTO CompletionTurn=104 EscapeResult=-1 InitialResult=1 LevelAfter=2 LootInfo=-1 Name=LOC_CITIZEN_MAYA_FEMALE_6 Operation=58 PlotIndex=1818
mission CityName=LOC_CITY_NAME_QUEBEC_CITY CompletionTurn=103 EscapeResult=0 InitialResult=4 LevelAfter=2 LootInfo=-1 Name=LOC_CITIZEN_MAYA_MODERN_FEMALE_8 Operation=58 PlotIndex=1404
mission CityName=LOC_CITY_NAME_OTTAWA CompletionTurn=101 EscapeResult=-1 InitialResult=5 LevelAfter=2 LootInfo=-1 Name=LOC_CITIZEN_MAYA_MODERN_MALE_1 Operation=58 PlotIndex=978
mission CityName=LOC_CITY_NAME_TORONTO CompletionTurn=100 EscapeResult=-1 InitialResult=5 LevelAfter=2 LootInfo=-1 Name=LOC_CITIZEN_MAYA_FEMALE_6 Operation=58 PlotIndex=1818
mission CityName=LOC_CITY_NAME_MONTREAL CompletionTurn=99 EscapeResult=-1 InitialResult=1 LevelAfter=1 LootInfo=-1 Name=LOC_CITIZEN_MAYA_MODERN_FEMALE_5 Operation=58 PlotIndex=1314
mission CityName=LOC_CITY_NAME_OTTAWA CompletionTurn=97 EscapeResult=-1 InitialResult=3 LevelAfter=2 LootInfo=-1 Name=LOC_CITIZEN_MAYA_MODERN_MALE_1 Operation=58 PlotIndex=978
mission CityName=LOC_CITY_NAME_OTTAWA CompletionTurn=93 EscapeResult=-1 InitialResult=5 LevelAfter=2 LootInfo=-1 Name=LOC_CITIZEN_MAYA_MODERN_MALE_1 Operation=58 PlotIndex=978
mission CityName=LOC_CITY_NAME_TORONTO CompletionTurn=91 EscapeResult=2 InitialResult=2 LevelAfter=2 LootInfo=-1 Name=LOC_CITIZEN_MAYA_MODERN_FEMALE_8 Operation=58 PlotIndex=1818
mission CityName=LOC_CITY_NAME_OTTAWA CompletionTurn=89 EscapeResult=-1 InitialResult=5 LevelAfter=2 LootInfo=-1 Name=LOC_CITIZEN_MAYA_MALE_5 Operation=58 PlotIndex=978
mission CityName=LOC_CITY_NAME_QUEBEC_CITY CompletionTurn=85 EscapeResult=2 InitialResult=4 LevelAfter=2 LootInfo=-1 Name=LOC_CITIZEN_MAYA_MALE_6 Operation=58 PlotIndex=1404
mission CityName=LOC_CITY_NAME_SAINT_JOHN CompletionTurn=85 EscapeResult=-1 InitialResult=0 LevelAfter=2 LootInfo=-1 Name=LOC_CITIZEN_MAYA_FEMALE_4 Operation=58 PlotIndex=1409
mission CityName=LOC_CITY_NAME_TE_HOKIANGA_NU_A_KUPE CompletionTurn=85 EscapeResult=1 InitialResult=4 LevelAfter=2 LootInfo=-1 Name=LOC_CITIZEN_MAYA_MODERN_MALE_5 Operation=58 PlotIndex=772
mission CityName=LOC_CITY_NAME_MONTREAL CompletionTurn=85 EscapeResult=0 InitialResult=4 LevelAfter=2 LootInfo=-1 Name=LOC_CITIZEN_MAYA_MALE_2 Operation=58 PlotIndex=1314
mission CityName=LOC_CITY_NAME_NGARUAWAHIA CompletionTurn=85 EscapeResult=-1 InitialResult=1 LevelAfter=2 LootInfo=-1 Name=LOC_CITIZEN_MAYA_MODERN_MALE_9 Operation=58 PlotIndex=1833
mission CityName=LOC_CITY_NAME_QUEBEC_CITY CompletionTurn=80 EscapeResult=-1 InitialResult=3 LevelAfter=1 LootInfo=-1 Name=LOC_CITIZEN_MAYA_MALE_6 Operation=58 PlotIndex=1404
mission CityName=LOC_CITY_NAME_MONTREAL CompletionTurn=79 EscapeResult=-1 InitialResult=1 LevelAfter=1 LootInfo=-1 Name=LOC_CITIZEN_MAYA_MALE_7 Operation=58 PlotIndex=1314
mission CityName=LOC_CITY_NAME_UPPSALA CompletionTurn=79 EscapeResult=0 InitialResult=4 LevelAfter=2 LootInfo=-1 Name=LOC_CITIZEN_MAYA_MODERN_MALE_6 Operation=58 PlotIndex=993
mission CityName=LOC_CITY_NAME_SAINT_JOHN CompletionTurn=77 EscapeResult=-1 InitialResult=1 LevelAfter=1 LootInfo=-1 Name=LOC_CITIZEN_MAYA_MODERN_FEMALE_7 Operation=58 PlotIndex=1409
mission CityName=LOC_CITY_NAME_STOCKHOLM CompletionTurn=75 EscapeResult=1 InitialResult=4 LevelAfter=2 LootInfo=-1 Name=LOC_CITIZEN_MAYA_MODERN_MALE_2 Operation=58 PlotIndex=1253
mission CityName=LOC_CITY_NAME_TORONTO CompletionTurn=75 EscapeResult=2 InitialResult=2 LevelAfter=2 LootInfo=-1 Name=LOC_CITIZEN_MAYA_MODERN_FEMALE_8 Operation=58 PlotIndex=1818
mission CityName=LOC_CITY_NAME_OTTAWA CompletionTurn=75 EscapeResult=2 InitialResult=4 LevelAfter=2 LootInfo=-1 Name=LOC_CITIZEN_MAYA_MALE_5 Operation=58 PlotIndex=978
mission CityName=LOC_CITY_NAME_SAINT_JOHN CompletionTurn=73 EscapeResult=-1 InitialResult=1 LevelAfter=1 LootInfo=-1 Name=LOC_CITIZEN_MAYA_FEMALE_8 Operation=58 PlotIndex=1409
mission CityName=LOC_CITY_NAME_QUEBEC_CITY CompletionTurn=73 EscapeResult=-1 InitialResult=0 LevelAfter=1 LootInfo=-1 Name=LOC_CITIZEN_MAYA_FEMALE_9 Operation=58 PlotIndex=1404
mission CityName=LOC_CITY_NAME_STOCKHOLM CompletionTurn=70 EscapeResult=-1 InitialResult=1 LevelAfter=1 LootInfo=-1 Name=LOC_CITIZEN_MAYA_MALE_1 Operation=58 PlotIndex=1253
mission CityName=LOC_CITY_NAME_GOTEBORG CompletionTurn=70 EscapeResult=0 InitialResult=4 LevelAfter=2 LootInfo=-1 Name=LOC_CITIZEN_MAYA_MODERN_FEMALE_1 Operation=58 PlotIndex=1081
mission CityName=LOC_CITY_NAME_OTTAWA CompletionTurn=70 EscapeResult=1 InitialResult=2 LevelAfter=2 LootInfo=-1 Name=LOC_CITIZEN_MAYA_MODERN_FEMALE_9 Operation=58 PlotIndex=978
mission CityName=LOC_CITY_NAME_QUEBEC_CITY CompletionTurn=68 EscapeResult=-1 InitialResult=1 LevelAfter=1 LootInfo=-1 Name=LOC_CITIZEN_MAYA_MODERN_FEMALE_3 Operation=58 PlotIndex=1404
mission CityName=LOC_CITY_NAME_NGARUAWAHIA CompletionTurn=67 EscapeResult=2 InitialResult=4 LevelAfter=2 LootInfo=-1 Name=LOC_CITIZEN_MAYA_MODERN_MALE_9 Operation=58 PlotIndex=1833
mission CityName=LOC_CITY_NAME_TE_HOKIANGA_NU_A_KUPE CompletionTurn=66 EscapeResult=2 InitialResult=4 LevelAfter=2 LootInfo=-1 Name=LOC_CITIZEN_MAYA_FEMALE_4 Operation=58 PlotIndex=772
mission CityName=LOC_CITY_NAME_MONTREAL CompletionTurn=66 EscapeResult=0 InitialResult=4 LevelAfter=2 LootInfo=-1 Name=LOC_CITIZEN_MAYA_MALE_3 Operation=58 PlotIndex=1314
mission CityName=LOC_CITY_NAME_OTTAWA CompletionTurn=66 EscapeResult=-1 InitialResult=3 LevelAfter=2 LootInfo=-1 Name=LOC_CITIZEN_MAYA_MODERN_FEMALE_9 Operation=58 PlotIndex=978
mission CityName=LOC_CITY_NAME_TORONTO CompletionTurn=66 EscapeResult=0 InitialResult=2 LevelAfter=1 LootInfo=-1 Name=LOC_CITIZEN_MAYA_MALE_8 Operation=58 PlotIndex=1818
mission CityName=LOC_CITY_NAME_QUEBEC_CITY CompletionTurn=64 EscapeResult=-1 InitialResult=3 LevelAfter=1 LootInfo=-1 Name=LOC_CITIZEN_MAYA_MODERN_FEMALE_3 Operation=58 PlotIndex=1404
mission CityName=LOC_CITY_NAME_TORONTO CompletionTurn=62 EscapeResult=-1 InitialResult=5 LevelAfter=2 LootInfo=-1 Name=LOC_CITIZEN_MAYA_MODERN_FEMALE_8 Operation=58 PlotIndex=1818
mission CityName=LOC_CITY_NAME_OTTAWA CompletionTurn=62 EscapeResult=-1 InitialResult=3 LevelAfter=1 LootInfo=-1 Name=LOC_CITIZEN_MAYA_MALE_5 Operation=58 PlotIndex=978
mission CityName=LOC_CITY_NAME_MONTREAL CompletionTurn=62 EscapeResult=-1 InitialResult=5 LevelAfter=2 LootInfo=-1 Name=LOC_CITIZEN_MAYA_MALE_3 Operation=58 PlotIndex=1314
mission CityName=LOC_CITY_NAME_OTTAWA CompletionTurn=58 EscapeResult=-1 InitialResult=5 LevelAfter=2 LootInfo=-1 Name=LOC_CITIZEN_MAYA_MODERN_FEMALE_9 Operation=58 PlotIndex=978
mission CityName=LOC_CITY_NAME_MONTREAL CompletionTurn=58 EscapeResult=-1 InitialResult=1 LevelAfter=1 LootInfo=-1 Name=LOC_CITIZEN_MAYA_FEMALE_5 Operation=58 PlotIndex=1314
tally 12  FOMENT_UNREST CAPTURED / NO_RESULT
tally 1  FOMENT_UNREST FAIL_MUST_ESCAPE / CAPTURED
tally 3  FOMENT_UNREST FAIL_MUST_ESCAPE / FAIL_MUST_ESCAPE
tally 2  FOMENT_UNREST FAIL_MUST_ESCAPE / KILLED
tally 1  FOMENT_UNREST FAIL_MUST_ESCAPE / NO_RESULT
tally 5  FOMENT_UNREST FAIL_UNDETECTED / NO_RESULT
tally 2  FOMENT_UNREST KILLED / NO_RESULT
tally 2  FOMENT_UNREST SUCCESS_MUST_ESCAPE / CAPTURED
tally 4  FOMENT_UNREST SUCCESS_MUST_ESCAPE / FAIL_MUST_ESCAPE
tally 5  FOMENT_UNREST SUCCESS_MUST_ESCAPE / KILLED
tally 7  FOMENT_UNREST SUCCESS_UNDETECTED / NO_RESULT
turn 123 spies active 1 idle 0 missions 44 captured-enemy 0
spy 6225930 LOC_CITIZEN_MAYA_MODERN_MALE_1 level 1 at 54:15 busy
turn 123 spies 1 started 0 travelled 0 promoted 0 bought 0 gold 50000
unblock: blocker ENDTURN_BLOCKING_COMMEMORATION_AVAILABLE -> nothing | end turn requested
unblock: blocker ENDTURN_BLOCKING_COMMEMORATION_AVAILABLE -> nothing | end turn requested
unstuck: closed sessions [3:3]
unstuck: DiplomacyActionView: Closing Diplomacy Action View. m_eventID: 620720
mission CityName=LOC_CITY_NAME_MONTREAL CompletionTurn=120 EscapeResult=-1 InitialResult=2 LevelAfter=2 LootInfo=-1 Name=LOC_CITIZEN_MAYA_MODERN_MALE_1 Operation=58 PlotIndex=1314
mission CityName=LOC_CITY_NAME_MONTREAL CompletionTurn=116 EscapeResult=-1 InitialResult=1 LevelAfter=1 LootInfo=-1 Name=LOC_CITIZEN_MAYA_MALE_10 Operation=58 PlotIndex=1314
mission CityName=LOC_CITY_NAME_TORONTO CompletionTurn=116 EscapeResult=-1 InitialResult=1 LevelAfter=1 LootInfo=-1 Name=LOC_CITIZEN_MAYA_MALE_4 Operation=58 PlotIndex=1818
mission CityName=LOC_CITY_NAME_OTTAWA CompletionTurn=111 EscapeResult=-1 InitialResult=1 LevelAfter=2 LootInfo=-1 Name=LOC_CITIZEN_MAYA_MALE_5 Operation=58 PlotIndex=978
mission CityName=LOC_CITY_NAME_MONTREAL CompletionTurn=107 EscapeResult=0 InitialResult=2 LevelAfter=2 LootInfo=-1 Name=LOC_CITIZEN_MAYA_MALE_6 Operation=58 PlotIndex=1314
mission CityName=LOC_CITY_NAME_OTTAWA CompletionTurn=105 EscapeResult=2 InitialResult=2 LevelAfter=2 LootInfo=-1 Name=LOC_CITIZEN_MAYA_MODERN_MALE_1 Operation=58 PlotIndex=978
mission CityName=LOC_CITY_NAME_TORONTO CompletionTurn=104 EscapeResult=-1 InitialResult=1 LevelAfter=2 LootInfo=-1 Name=LOC_CITIZEN_MAYA_FEMALE_6 Operation=58 PlotIndex=1818
mission CityName=LOC_CITY_NAME_QUEBEC_CITY CompletionTurn=103 EscapeResult=0 InitialResult=4 LevelAfter=2 LootInfo=-1 Name=LOC_CITIZEN_MAYA_MODERN_FEMALE_8 Operation=58 PlotIndex=1404
mission CityName=LOC_CITY_NAME_OTTAWA CompletionTurn=101 EscapeResult=-1 InitialResult=5 LevelAfter=2 LootInfo=-1 Name=LOC_CITIZEN_MAYA_MODERN_MALE_1 Operation=58 PlotIndex=978
mission CityName=LOC_CITY_NAME_TORONTO CompletionTurn=100 EscapeResult=-1 InitialResult=5 LevelAfter=2 LootInfo=-1 Name=LOC_CITIZEN_MAYA_FEMALE_6 Operation=58 PlotIndex=1818
mission CityName=LOC_CITY_NAME_MONTREAL CompletionTurn=99 EscapeResult=-1 InitialResult=1 LevelAfter=1 LootInfo=-1 Name=LOC_CITIZEN_MAYA_MODERN_FEMALE_5 Operation=58 PlotIndex=1314
mission CityName=LOC_CITY_NAME_OTTAWA CompletionTurn=97 EscapeResult=-1 InitialResult=3 LevelAfter=2 LootInfo=-1 Name=LOC_CITIZEN_MAYA_MODERN_MALE_1 Operation=58 PlotIndex=978
mission CityName=LOC_CITY_NAME_OTTAWA CompletionTurn=93 EscapeResult=-1 InitialResult=5 LevelAfter=2 LootInfo=-1 Name=LOC_CITIZEN_MAYA_MODERN_MALE_1 Operation=58 PlotIndex=978
mission CityName=LOC_CITY_NAME_TORONTO CompletionTurn=91 EscapeResult=2 InitialResult=2 LevelAfter=2 LootInfo=-1 Name=LOC_CITIZEN_MAYA_MODERN_FEMALE_8 Operation=58 PlotIndex=1818
mission CityName=LOC_CITY_NAME_OTTAWA CompletionTurn=89 EscapeResult=-1 InitialResult=5 LevelAfter=2 LootInfo=-1 Name=LOC_CITIZEN_MAYA_MALE_5 Operation=58 PlotIndex=978
mission CityName=LOC_CITY_NAME_QUEBEC_CITY CompletionTurn=85 EscapeResult=2 InitialResult=4 LevelAfter=2 LootInfo=-1 Name=LOC_CITIZEN_MAYA_MALE_6 Operation=58 PlotIndex=1404
mission CityName=LOC_CITY_NAME_SAINT_JOHN CompletionTurn=85 EscapeResult=-1 InitialResult=0 LevelAfter=2 LootInfo=-1 Name=LOC_CITIZEN_MAYA_FEMALE_4 Operation=58 PlotIndex=1409
mission CityName=LOC_CITY_NAME_TE_HOKIANGA_NU_A_KUPE CompletionTurn=85 EscapeResult=1 InitialResult=4 LevelAfter=2 LootInfo=-1 Name=LOC_CITIZEN_MAYA_MODERN_MALE_5 Operation=58 PlotIndex=772
mission CityName=LOC_CITY_NAME_MONTREAL CompletionTurn=85 EscapeResult=0 InitialResult=4 LevelAfter=2 LootInfo=-1 Name=LOC_CITIZEN_MAYA_MALE_2 Operation=58 PlotIndex=1314
mission CityName=LOC_CITY_NAME_NGARUAWAHIA CompletionTurn=85 EscapeResult=-1 InitialResult=1 LevelAfter=2 LootInfo=-1 Name=LOC_CITIZEN_MAYA_MODERN_MALE_9 Operation=58 PlotIndex=1833
mission CityName=LOC_CITY_NAME_QUEBEC_CITY CompletionTurn=80 EscapeResult=-1 InitialResult=3 LevelAfter=1 LootInfo=-1 Name=LOC_CITIZEN_MAYA_MALE_6 Operation=58 PlotIndex=1404
mission CityName=LOC_CITY_NAME_MONTREAL CompletionTurn=79 EscapeResult=-1 InitialResult=1 LevelAfter=1 LootInfo=-1 Name=LOC_CITIZEN_MAYA_MALE_7 Operation=58 PlotIndex=1314
mission CityName=LOC_CITY_NAME_UPPSALA CompletionTurn=79 EscapeResult=0 InitialResult=4 LevelAfter=2 LootInfo=-1 Name=LOC_CITIZEN_MAYA_MODERN_MALE_6 Operation=58 PlotIndex=993
mission CityName=LOC_CITY_NAME_SAINT_JOHN CompletionTurn=77 EscapeResult=-1 InitialResult=1 LevelAfter=1 LootInfo=-1 Name=LOC_CITIZEN_MAYA_MODERN_FEMALE_7 Operation=58 PlotIndex=1409
mission CityName=LOC_CITY_NAME_STOCKHOLM CompletionTurn=75 EscapeResult=1 InitialResult=4 LevelAfter=2 LootInfo=-1 Name=LOC_CITIZEN_MAYA_MODERN_MALE_2 Operation=58 PlotIndex=1253
mission CityName=LOC_CITY_NAME_TORONTO CompletionTurn=75 EscapeResult=2 InitialResult=2 LevelAfter=2 LootInfo=-1 Name=LOC_CITIZEN_MAYA_MODERN_FEMALE_8 Operation=58 PlotIndex=1818
mission CityName=LOC_CITY_NAME_OTTAWA CompletionTurn=75 EscapeResult=2 InitialResult=4 LevelAfter=2 LootInfo=-1 Name=LOC_CITIZEN_MAYA_MALE_5 Operation=58 PlotIndex=978
mission CityName=LOC_CITY_NAME_SAINT_JOHN CompletionTurn=73 EscapeResult=-1 InitialResult=1 LevelAfter=1 LootInfo=-1 Name=LOC_CITIZEN_MAYA_FEMALE_8 Operation=58 PlotIndex=1409
mission CityName=LOC_CITY_NAME_QUEBEC_CITY CompletionTurn=73 EscapeResult=-1 InitialResult=0 LevelAfter=1 LootInfo=-1 Name=LOC_CITIZEN_MAYA_FEMALE_9 Operation=58 PlotIndex=1404
mission CityName=LOC_CITY_NAME_STOCKHOLM CompletionTurn=70 EscapeResult=-1 InitialResult=1 LevelAfter=1 LootInfo=-1 Name=LOC_CITIZEN_MAYA_MALE_1 Operation=58 PlotIndex=1253
mission CityName=LOC_CITY_NAME_GOTEBORG CompletionTurn=70 EscapeResult=0 InitialResult=4 LevelAfter=2 LootInfo=-1 Name=LOC_CITIZEN_MAYA_MODERN_FEMALE_1 Operation=58 PlotIndex=1081
mission CityName=LOC_CITY_NAME_OTTAWA CompletionTurn=70 EscapeResult=1 InitialResult=2 LevelAfter=2 LootInfo=-1 Name=LOC_CITIZEN_MAYA_MODERN_FEMALE_9 Operation=58 PlotIndex=978
mission CityName=LOC_CITY_NAME_QUEBEC_CITY CompletionTurn=68 EscapeResult=-1 InitialResult=1 LevelAfter=1 LootInfo=-1 Name=LOC_CITIZEN_MAYA_MODERN_FEMALE_3 Operation=58 PlotIndex=1404
mission CityName=LOC_CITY_NAME_NGARUAWAHIA CompletionTurn=67 EscapeResult=2 InitialResult=4 LevelAfter=2 LootInfo=-1 Name=LOC_CITIZEN_MAYA_MODERN_MALE_9 Operation=58 PlotIndex=1833
mission CityName=LOC_CITY_NAME_TE_HOKIANGA_NU_A_KUPE CompletionTurn=66 EscapeResult=2 InitialResult=4 LevelAfter=2 LootInfo=-1 Name=LOC_CITIZEN_MAYA_FEMALE_4 Operation=58 PlotIndex=772
mission CityName=LOC_CITY_NAME_MONTREAL CompletionTurn=66 EscapeResult=0 InitialResult=4 LevelAfter=2 LootInfo=-1 Name=LOC_CITIZEN_MAYA_MALE_3 Operation=58 PlotIndex=1314
mission CityName=LOC_CITY_NAME_OTTAWA CompletionTurn=66 EscapeResult=-1 InitialResult=3 LevelAfter=2 LootInfo=-1 Name=LOC_CITIZEN_MAYA_MODERN_FEMALE_9 Operation=58 PlotIndex=978
mission CityName=LOC_CITY_NAME_TORONTO CompletionTurn=66 EscapeResult=0 InitialResult=2 LevelAfter=1 LootInfo=-1 Name=LOC_CITIZEN_MAYA_MALE_8 Operation=58 PlotIndex=1818
mission CityName=LOC_CITY_NAME_QUEBEC_CITY CompletionTurn=64 EscapeResult=-1 InitialResult=3 LevelAfter=1 LootInfo=-1 Name=LOC_CITIZEN_MAYA_MODERN_FEMALE_3 Operation=58 PlotIndex=1404
mission CityName=LOC_CITY_NAME_TORONTO CompletionTurn=62 EscapeResult=-1 InitialResult=5 LevelAfter=2 LootInfo=-1 Name=LOC_CITIZEN_MAYA_MODERN_FEMALE_8 Operation=58 PlotIndex=1818
mission CityName=LOC_CITY_NAME_OTTAWA CompletionTurn=62 EscapeResult=-1 InitialResult=3 LevelAfter=1 LootInfo=-1 Name=LOC_CITIZEN_MAYA_MALE_5 Operation=58 PlotIndex=978
mission CityName=LOC_CITY_NAME_MONTREAL CompletionTurn=62 EscapeResult=-1 InitialResult=5 LevelAfter=2 LootInfo=-1 Name=LOC_CITIZEN_MAYA_MALE_3 Operation=58 PlotIndex=1314
mission CityName=LOC_CITY_NAME_OTTAWA CompletionTurn=58 EscapeResult=-1 InitialResult=5 LevelAfter=2 LootInfo=-1 Name=LOC_CITIZEN_MAYA_MODERN_FEMALE_9 Operation=58 PlotIndex=978
mission CityName=LOC_CITY_NAME_MONTREAL CompletionTurn=58 EscapeResult=-1 InitialResult=1 LevelAfter=1 LootInfo=-1 Name=LOC_CITIZEN_MAYA_FEMALE_5 Operation=58 PlotIndex=1314
tally 12  FOMENT_UNREST CAPTURED / NO_RESULT
tally 1  FOMENT_UNREST FAIL_MUST_ESCAPE / CAPTURED
tally 3  FOMENT_UNREST FAIL_MUST_ESCAPE / FAIL_MUST_ESCAPE
tally 2  FOMENT_UNREST FAIL_MUST_ESCAPE / KILLED
tally 1  FOMENT_UNREST FAIL_MUST_ESCAPE / NO_RESULT
tally 5  FOMENT_UNREST FAIL_UNDETECTED / NO_RESULT
tally 2  FOMENT_UNREST KILLED / NO_RESULT
tally 2  FOMENT_UNREST SUCCESS_MUST_ESCAPE / CAPTURED
tally 4  FOMENT_UNREST SUCCESS_MUST_ESCAPE / FAIL_MUST_ESCAPE
tally 5  FOMENT_UNREST SUCCESS_MUST_ESCAPE / KILLED
tally 7  FOMENT_UNREST SUCCESS_UNDETECTED / NO_RESULT
turn 124 spies active 1 idle 0 missions 44 captured-enemy 0
spy 6225930 LOC_CITIZEN_MAYA_MODERN_MALE_1 level 1 at 54:15 busy
turn 124 spies 1 started 0 travelled 0 promoted 0 bought 0 gold 50000
unblock: blocker ENDTURN_BLOCKING_COMMEMORATION_AVAILABLE -> nothing | end turn requested
unstuck: closed sessions [1:1]
unstuck: LeaderScene: open, no close
unblock: blocker ENDTURN_BLOCKING_COMMEMORATION_AVAILABLE -> nothing | end turn requested
unstuck: DiplomacyActionView: closed
mission CityName=LOC_CITY_NAME_MONTREAL CompletionTurn=120 EscapeResult=-1 InitialResult=2 LevelAfter=2 LootInfo=-1 Name=LOC_CITIZEN_MAYA_MODERN_MALE_1 Operation=58 PlotIndex=1314
mission CityName=LOC_CITY_NAME_MONTREAL CompletionTurn=116 EscapeResult=-1 InitialResult=1 LevelAfter=1 LootInfo=-1 Name=LOC_CITIZEN_MAYA_MALE_10 Operation=58 PlotIndex=1314
mission CityName=LOC_CITY_NAME_TORONTO CompletionTurn=116 EscapeResult=-1 InitialResult=1 LevelAfter=1 LootInfo=-1 Name=LOC_CITIZEN_MAYA_MALE_4 Operation=58 PlotIndex=1818
mission CityName=LOC_CITY_NAME_OTTAWA CompletionTurn=111 EscapeResult=-1 InitialResult=1 LevelAfter=2 LootInfo=-1 Name=LOC_CITIZEN_MAYA_MALE_5 Operation=58 PlotIndex=978
mission CityName=LOC_CITY_NAME_MONTREAL CompletionTurn=107 EscapeResult=0 InitialResult=2 LevelAfter=2 LootInfo=-1 Name=LOC_CITIZEN_MAYA_MALE_6 Operation=58 PlotIndex=1314
mission CityName=LOC_CITY_NAME_OTTAWA CompletionTurn=105 EscapeResult=2 InitialResult=2 LevelAfter=2 LootInfo=-1 Name=LOC_CITIZEN_MAYA_MODERN_MALE_1 Operation=58 PlotIndex=978
mission CityName=LOC_CITY_NAME_TORONTO CompletionTurn=104 EscapeResult=-1 InitialResult=1 LevelAfter=2 LootInfo=-1 Name=LOC_CITIZEN_MAYA_FEMALE_6 Operation=58 PlotIndex=1818
mission CityName=LOC_CITY_NAME_QUEBEC_CITY CompletionTurn=103 EscapeResult=0 InitialResult=4 LevelAfter=2 LootInfo=-1 Name=LOC_CITIZEN_MAYA_MODERN_FEMALE_8 Operation=58 PlotIndex=1404
mission CityName=LOC_CITY_NAME_OTTAWA CompletionTurn=101 EscapeResult=-1 InitialResult=5 LevelAfter=2 LootInfo=-1 Name=LOC_CITIZEN_MAYA_MODERN_MALE_1 Operation=58 PlotIndex=978
mission CityName=LOC_CITY_NAME_TORONTO CompletionTurn=100 EscapeResult=-1 InitialResult=5 LevelAfter=2 LootInfo=-1 Name=LOC_CITIZEN_MAYA_FEMALE_6 Operation=58 PlotIndex=1818
mission CityName=LOC_CITY_NAME_MONTREAL CompletionTurn=99 EscapeResult=-1 InitialResult=1 LevelAfter=1 LootInfo=-1 Name=LOC_CITIZEN_MAYA_MODERN_FEMALE_5 Operation=58 PlotIndex=1314
mission CityName=LOC_CITY_NAME_OTTAWA CompletionTurn=97 EscapeResult=-1 InitialResult=3 LevelAfter=2 LootInfo=-1 Name=LOC_CITIZEN_MAYA_MODERN_MALE_1 Operation=58 PlotIndex=978
mission CityName=LOC_CITY_NAME_OTTAWA CompletionTurn=93 EscapeResult=-1 InitialResult=5 LevelAfter=2 LootInfo=-1 Name=LOC_CITIZEN_MAYA_MODERN_MALE_1 Operation=58 PlotIndex=978
mission CityName=LOC_CITY_NAME_TORONTO CompletionTurn=91 EscapeResult=2 InitialResult=2 LevelAfter=2 LootInfo=-1 Name=LOC_CITIZEN_MAYA_MODERN_FEMALE_8 Operation=58 PlotIndex=1818
mission CityName=LOC_CITY_NAME_OTTAWA CompletionTurn=89 EscapeResult=-1 InitialResult=5 LevelAfter=2 LootInfo=-1 Name=LOC_CITIZEN_MAYA_MALE_5 Operation=58 PlotIndex=978
mission CityName=LOC_CITY_NAME_QUEBEC_CITY CompletionTurn=85 EscapeResult=2 InitialResult=4 LevelAfter=2 LootInfo=-1 Name=LOC_CITIZEN_MAYA_MALE_6 Operation=58 PlotIndex=1404
mission CityName=LOC_CITY_NAME_SAINT_JOHN CompletionTurn=85 EscapeResult=-1 InitialResult=0 LevelAfter=2 LootInfo=-1 Name=LOC_CITIZEN_MAYA_FEMALE_4 Operation=58 PlotIndex=1409
mission CityName=LOC_CITY_NAME_TE_HOKIANGA_NU_A_KUPE CompletionTurn=85 EscapeResult=1 InitialResult=4 LevelAfter=2 LootInfo=-1 Name=LOC_CITIZEN_MAYA_MODERN_MALE_5 Operation=58 PlotIndex=772
mission CityName=LOC_CITY_NAME_MONTREAL CompletionTurn=85 EscapeResult=0 InitialResult=4 LevelAfter=2 LootInfo=-1 Name=LOC_CITIZEN_MAYA_MALE_2 Operation=58 PlotIndex=1314
mission CityName=LOC_CITY_NAME_NGARUAWAHIA CompletionTurn=85 EscapeResult=-1 InitialResult=1 LevelAfter=2 LootInfo=-1 Name=LOC_CITIZEN_MAYA_MODERN_MALE_9 Operation=58 PlotIndex=1833
mission CityName=LOC_CITY_NAME_QUEBEC_CITY CompletionTurn=80 EscapeResult=-1 InitialResult=3 LevelAfter=1 LootInfo=-1 Name=LOC_CITIZEN_MAYA_MALE_6 Operation=58 PlotIndex=1404
mission CityName=LOC_CITY_NAME_MONTREAL CompletionTurn=79 EscapeResult=-1 InitialResult=1 LevelAfter=1 LootInfo=-1 Name=LOC_CITIZEN_MAYA_MALE_7 Operation=58 PlotIndex=1314
mission CityName=LOC_CITY_NAME_UPPSALA CompletionTurn=79 EscapeResult=0 InitialResult=4 LevelAfter=2 LootInfo=-1 Name=LOC_CITIZEN_MAYA_MODERN_MALE_6 Operation=58 PlotIndex=993
mission CityName=LOC_CITY_NAME_SAINT_JOHN CompletionTurn=77 EscapeResult=-1 InitialResult=1 LevelAfter=1 LootInfo=-1 Name=LOC_CITIZEN_MAYA_MODERN_FEMALE_7 Operation=58 PlotIndex=1409
mission CityName=LOC_CITY_NAME_STOCKHOLM CompletionTurn=75 EscapeResult=1 InitialResult=4 LevelAfter=2 LootInfo=-1 Name=LOC_CITIZEN_MAYA_MODERN_MALE_2 Operation=58 PlotIndex=1253
mission CityName=LOC_CITY_NAME_TORONTO CompletionTurn=75 EscapeResult=2 InitialResult=2 LevelAfter=2 LootInfo=-1 Name=LOC_CITIZEN_MAYA_MODERN_FEMALE_8 Operation=58 PlotIndex=1818
mission CityName=LOC_CITY_NAME_OTTAWA CompletionTurn=75 EscapeResult=2 InitialResult=4 LevelAfter=2 LootInfo=-1 Name=LOC_CITIZEN_MAYA_MALE_5 Operation=58 PlotIndex=978
mission CityName=LOC_CITY_NAME_SAINT_JOHN CompletionTurn=73 EscapeResult=-1 InitialResult=1 LevelAfter=1 LootInfo=-1 Name=LOC_CITIZEN_MAYA_FEMALE_8 Operation=58 PlotIndex=1409
mission CityName=LOC_CITY_NAME_QUEBEC_CITY CompletionTurn=73 EscapeResult=-1 InitialResult=0 LevelAfter=1 LootInfo=-1 Name=LOC_CITIZEN_MAYA_FEMALE_9 Operation=58 PlotIndex=1404
mission CityName=LOC_CITY_NAME_STOCKHOLM CompletionTurn=70 EscapeResult=-1 InitialResult=1 LevelAfter=1 LootInfo=-1 Name=LOC_CITIZEN_MAYA_MALE_1 Operation=58 PlotIndex=1253
mission CityName=LOC_CITY_NAME_GOTEBORG CompletionTurn=70 EscapeResult=0 InitialResult=4 LevelAfter=2 LootInfo=-1 Name=LOC_CITIZEN_MAYA_MODERN_FEMALE_1 Operation=58 PlotIndex=1081
mission CityName=LOC_CITY_NAME_OTTAWA CompletionTurn=70 EscapeResult=1 InitialResult=2 LevelAfter=2 LootInfo=-1 Name=LOC_CITIZEN_MAYA_MODERN_FEMALE_9 Operation=58 PlotIndex=978
mission CityName=LOC_CITY_NAME_QUEBEC_CITY CompletionTurn=68 EscapeResult=-1 InitialResult=1 LevelAfter=1 LootInfo=-1 Name=LOC_CITIZEN_MAYA_MODERN_FEMALE_3 Operation=58 PlotIndex=1404
mission CityName=LOC_CITY_NAME_NGARUAWAHIA CompletionTurn=67 EscapeResult=2 InitialResult=4 LevelAfter=2 LootInfo=-1 Name=LOC_CITIZEN_MAYA_MODERN_MALE_9 Operation=58 PlotIndex=1833
mission CityName=LOC_CITY_NAME_TE_HOKIANGA_NU_A_KUPE CompletionTurn=66 EscapeResult=2 InitialResult=4 LevelAfter=2 LootInfo=-1 Name=LOC_CITIZEN_MAYA_FEMALE_4 Operation=58 PlotIndex=772
mission CityName=LOC_CITY_NAME_MONTREAL CompletionTurn=66 EscapeResult=0 InitialResult=4 LevelAfter=2 LootInfo=-1 Name=LOC_CITIZEN_MAYA_MALE_3 Operation=58 PlotIndex=1314
mission CityName=LOC_CITY_NAME_OTTAWA CompletionTurn=66 EscapeResult=-1 InitialResult=3 LevelAfter=2 LootInfo=-1 Name=LOC_CITIZEN_MAYA_MODERN_FEMALE_9 Operation=58 PlotIndex=978
mission CityName=LOC_CITY_NAME_TORONTO CompletionTurn=66 EscapeResult=0 InitialResult=2 LevelAfter=1 LootInfo=-1 Name=LOC_CITIZEN_MAYA_MALE_8 Operation=58 PlotIndex=1818
mission CityName=LOC_CITY_NAME_QUEBEC_CITY CompletionTurn=64 EscapeResult=-1 InitialResult=3 LevelAfter=1 LootInfo=-1 Name=LOC_CITIZEN_MAYA_MODERN_FEMALE_3 Operation=58 PlotIndex=1404
mission CityName=LOC_CITY_NAME_TORONTO CompletionTurn=62 EscapeResult=-1 InitialResult=5 LevelAfter=2 LootInfo=-1 Name=LOC_CITIZEN_MAYA_MODERN_FEMALE_8 Operation=58 PlotIndex=1818
mission CityName=LOC_CITY_NAME_OTTAWA CompletionTurn=62 EscapeResult=-1 InitialResult=3 LevelAfter=1 LootInfo=-1 Name=LOC_CITIZEN_MAYA_MALE_5 Operation=58 PlotIndex=978
mission CityName=LOC_CITY_NAME_MONTREAL CompletionTurn=62 EscapeResult=-1 InitialResult=5 LevelAfter=2 LootInfo=-1 Name=LOC_CITIZEN_MAYA_MALE_3 Operation=58 PlotIndex=1314
mission CityName=LOC_CITY_NAME_OTTAWA CompletionTurn=58 EscapeResult=-1 InitialResult=5 LevelAfter=2 LootInfo=-1 Name=LOC_CITIZEN_MAYA_MODERN_FEMALE_9 Operation=58 PlotIndex=978
mission CityName=LOC_CITY_NAME_MONTREAL CompletionTurn=58 EscapeResult=-1 InitialResult=1 LevelAfter=1 LootInfo=-1 Name=LOC_CITIZEN_MAYA_FEMALE_5 Operation=58 PlotIndex=1314
tally 12  FOMENT_UNREST CAPTURED / NO_RESULT
tally 1  FOMENT_UNREST FAIL_MUST_ESCAPE / CAPTURED
tally 3  FOMENT_UNREST FAIL_MUST_ESCAPE / FAIL_MUST_ESCAPE
tally 2  FOMENT_UNREST FAIL_MUST_ESCAPE / KILLED
tally 1  FOMENT_UNREST FAIL_MUST_ESCAPE / NO_RESULT
tally 5  FOMENT_UNREST FAIL_UNDETECTED / NO_RESULT
tally 2  FOMENT_UNREST KILLED / NO_RESULT
tally 2  FOMENT_UNREST SUCCESS_MUST_ESCAPE / CAPTURED
tally 4  FOMENT_UNREST SUCCESS_MUST_ESCAPE / FAIL_MUST_ESCAPE
tally 5  FOMENT_UNREST SUCCESS_MUST_ESCAPE / KILLED
tally 7  FOMENT_UNREST SUCCESS_UNDETECTED / NO_RESULT
turn 125 spies active 1 idle 0 missions 44 captured-enemy 0
spy 6225930 LOC_CITIZEN_MAYA_MODERN_MALE_1 level 1 at 54:15 busy
turn 125 spies 1 started 0 travelled 0 promoted 0 bought 0 gold 50000
unblock: blocker ENDTURN_BLOCKING_COMMEMORATION_AVAILABLE -> nothing | end turn requested
mission CityName=LOC_CITY_NAME_MONTREAL CompletionTurn=120 EscapeResult=-1 InitialResult=2 LevelAfter=2 LootInfo=-1 Name=LOC_CITIZEN_MAYA_MODERN_MALE_1 Operation=58 PlotIndex=1314
mission CityName=LOC_CITY_NAME_MONTREAL CompletionTurn=116 EscapeResult=-1 InitialResult=1 LevelAfter=1 LootInfo=-1 Name=LOC_CITIZEN_MAYA_MALE_10 Operation=58 PlotIndex=1314
mission CityName=LOC_CITY_NAME_TORONTO CompletionTurn=116 EscapeResult=-1 InitialResult=1 LevelAfter=1 LootInfo=-1 Name=LOC_CITIZEN_MAYA_MALE_4 Operation=58 PlotIndex=1818
mission CityName=LOC_CITY_NAME_OTTAWA CompletionTurn=111 EscapeResult=-1 InitialResult=1 LevelAfter=2 LootInfo=-1 Name=LOC_CITIZEN_MAYA_MALE_5 Operation=58 PlotIndex=978
mission CityName=LOC_CITY_NAME_MONTREAL CompletionTurn=107 EscapeResult=0 InitialResult=2 LevelAfter=2 LootInfo=-1 Name=LOC_CITIZEN_MAYA_MALE_6 Operation=58 PlotIndex=1314
mission CityName=LOC_CITY_NAME_OTTAWA CompletionTurn=105 EscapeResult=2 InitialResult=2 LevelAfter=2 LootInfo=-1 Name=LOC_CITIZEN_MAYA_MODERN_MALE_1 Operation=58 PlotIndex=978
mission CityName=LOC_CITY_NAME_TORONTO CompletionTurn=104 EscapeResult=-1 InitialResult=1 LevelAfter=2 LootInfo=-1 Name=LOC_CITIZEN_MAYA_FEMALE_6 Operation=58 PlotIndex=1818
mission CityName=LOC_CITY_NAME_QUEBEC_CITY CompletionTurn=103 EscapeResult=0 InitialResult=4 LevelAfter=2 LootInfo=-1 Name=LOC_CITIZEN_MAYA_MODERN_FEMALE_8 Operation=58 PlotIndex=1404
mission CityName=LOC_CITY_NAME_OTTAWA CompletionTurn=101 EscapeResult=-1 InitialResult=5 LevelAfter=2 LootInfo=-1 Name=LOC_CITIZEN_MAYA_MODERN_MALE_1 Operation=58 PlotIndex=978
mission CityName=LOC_CITY_NAME_TORONTO CompletionTurn=100 EscapeResult=-1 InitialResult=5 LevelAfter=2 LootInfo=-1 Name=LOC_CITIZEN_MAYA_FEMALE_6 Operation=58 PlotIndex=1818
mission CityName=LOC_CITY_NAME_MONTREAL CompletionTurn=99 EscapeResult=-1 InitialResult=1 LevelAfter=1 LootInfo=-1 Name=LOC_CITIZEN_MAYA_MODERN_FEMALE_5 Operation=58 PlotIndex=1314
mission CityName=LOC_CITY_NAME_OTTAWA CompletionTurn=97 EscapeResult=-1 InitialResult=3 LevelAfter=2 LootInfo=-1 Name=LOC_CITIZEN_MAYA_MODERN_MALE_1 Operation=58 PlotIndex=978
mission CityName=LOC_CITY_NAME_OTTAWA CompletionTurn=93 EscapeResult=-1 InitialResult=5 LevelAfter=2 LootInfo=-1 Name=LOC_CITIZEN_MAYA_MODERN_MALE_1 Operation=58 PlotIndex=978
mission CityName=LOC_CITY_NAME_TORONTO CompletionTurn=91 EscapeResult=2 InitialResult=2 LevelAfter=2 LootInfo=-1 Name=LOC_CITIZEN_MAYA_MODERN_FEMALE_8 Operation=58 PlotIndex=1818
mission CityName=LOC_CITY_NAME_OTTAWA CompletionTurn=89 EscapeResult=-1 InitialResult=5 LevelAfter=2 LootInfo=-1 Name=LOC_CITIZEN_MAYA_MALE_5 Operation=58 PlotIndex=978
mission CityName=LOC_CITY_NAME_QUEBEC_CITY CompletionTurn=85 EscapeResult=2 InitialResult=4 LevelAfter=2 LootInfo=-1 Name=LOC_CITIZEN_MAYA_MALE_6 Operation=58 PlotIndex=1404
mission CityName=LOC_CITY_NAME_SAINT_JOHN CompletionTurn=85 EscapeResult=-1 InitialResult=0 LevelAfter=2 LootInfo=-1 Name=LOC_CITIZEN_MAYA_FEMALE_4 Operation=58 PlotIndex=1409
mission CityName=LOC_CITY_NAME_TE_HOKIANGA_NU_A_KUPE CompletionTurn=85 EscapeResult=1 InitialResult=4 LevelAfter=2 LootInfo=-1 Name=LOC_CITIZEN_MAYA_MODERN_MALE_5 Operation=58 PlotIndex=772
mission CityName=LOC_CITY_NAME_MONTREAL CompletionTurn=85 EscapeResult=0 InitialResult=4 LevelAfter=2 LootInfo=-1 Name=LOC_CITIZEN_MAYA_MALE_2 Operation=58 PlotIndex=1314
mission CityName=LOC_CITY_NAME_NGARUAWAHIA CompletionTurn=85 EscapeResult=-1 InitialResult=1 LevelAfter=2 LootInfo=-1 Name=LOC_CITIZEN_MAYA_MODERN_MALE_9 Operation=58 PlotIndex=1833
mission CityName=LOC_CITY_NAME_QUEBEC_CITY CompletionTurn=80 EscapeResult=-1 InitialResult=3 LevelAfter=1 LootInfo=-1 Name=LOC_CITIZEN_MAYA_MALE_6 Operation=58 PlotIndex=1404
mission CityName=LOC_CITY_NAME_MONTREAL CompletionTurn=79 EscapeResult=-1 InitialResult=1 LevelAfter=1 LootInfo=-1 Name=LOC_CITIZEN_MAYA_MALE_7 Operation=58 PlotIndex=1314
mission CityName=LOC_CITY_NAME_UPPSALA CompletionTurn=79 EscapeResult=0 InitialResult=4 LevelAfter=2 LootInfo=-1 Name=LOC_CITIZEN_MAYA_MODERN_MALE_6 Operation=58 PlotIndex=993
mission CityName=LOC_CITY_NAME_SAINT_JOHN CompletionTurn=77 EscapeResult=-1 InitialResult=1 LevelAfter=1 LootInfo=-1 Name=LOC_CITIZEN_MAYA_MODERN_FEMALE_7 Operation=58 PlotIndex=1409
mission CityName=LOC_CITY_NAME_STOCKHOLM CompletionTurn=75 EscapeResult=1 InitialResult=4 LevelAfter=2 LootInfo=-1 Name=LOC_CITIZEN_MAYA_MODERN_MALE_2 Operation=58 PlotIndex=1253
mission CityName=LOC_CITY_NAME_TORONTO CompletionTurn=75 EscapeResult=2 InitialResult=2 LevelAfter=2 LootInfo=-1 Name=LOC_CITIZEN_MAYA_MODERN_FEMALE_8 Operation=58 PlotIndex=1818
mission CityName=LOC_CITY_NAME_OTTAWA CompletionTurn=75 EscapeResult=2 InitialResult=4 LevelAfter=2 LootInfo=-1 Name=LOC_CITIZEN_MAYA_MALE_5 Operation=58 PlotIndex=978
mission CityName=LOC_CITY_NAME_SAINT_JOHN CompletionTurn=73 EscapeResult=-1 InitialResult=1 LevelAfter=1 LootInfo=-1 Name=LOC_CITIZEN_MAYA_FEMALE_8 Operation=58 PlotIndex=1409
mission CityName=LOC_CITY_NAME_QUEBEC_CITY CompletionTurn=73 EscapeResult=-1 InitialResult=0 LevelAfter=1 LootInfo=-1 Name=LOC_CITIZEN_MAYA_FEMALE_9 Operation=58 PlotIndex=1404
mission CityName=LOC_CITY_NAME_STOCKHOLM CompletionTurn=70 EscapeResult=-1 InitialResult=1 LevelAfter=1 LootInfo=-1 Name=LOC_CITIZEN_MAYA_MALE_1 Operation=58 PlotIndex=1253
mission CityName=LOC_CITY_NAME_GOTEBORG CompletionTurn=70 EscapeResult=0 InitialResult=4 LevelAfter=2 LootInfo=-1 Name=LOC_CITIZEN_MAYA_MODERN_FEMALE_1 Operation=58 PlotIndex=1081
mission CityName=LOC_CITY_NAME_OTTAWA CompletionTurn=70 EscapeResult=1 InitialResult=2 LevelAfter=2 LootInfo=-1 Name=LOC_CITIZEN_MAYA_MODERN_FEMALE_9 Operation=58 PlotIndex=978
mission CityName=LOC_CITY_NAME_QUEBEC_CITY CompletionTurn=68 EscapeResult=-1 InitialResult=1 LevelAfter=1 LootInfo=-1 Name=LOC_CITIZEN_MAYA_MODERN_FEMALE_3 Operation=58 PlotIndex=1404
mission CityName=LOC_CITY_NAME_NGARUAWAHIA CompletionTurn=67 EscapeResult=2 InitialResult=4 LevelAfter=2 LootInfo=-1 Name=LOC_CITIZEN_MAYA_MODERN_MALE_9 Operation=58 PlotIndex=1833
mission CityName=LOC_CITY_NAME_TE_HOKIANGA_NU_A_KUPE CompletionTurn=66 EscapeResult=2 InitialResult=4 LevelAfter=2 LootInfo=-1 Name=LOC_CITIZEN_MAYA_FEMALE_4 Operation=58 PlotIndex=772
mission CityName=LOC_CITY_NAME_MONTREAL CompletionTurn=66 EscapeResult=0 InitialResult=4 LevelAfter=2 LootInfo=-1 Name=LOC_CITIZEN_MAYA_MALE_3 Operation=58 PlotIndex=1314
mission CityName=LOC_CITY_NAME_OTTAWA CompletionTurn=66 EscapeResult=-1 InitialResult=3 LevelAfter=2 LootInfo=-1 Name=LOC_CITIZEN_MAYA_MODERN_FEMALE_9 Operation=58 PlotIndex=978
mission CityName=LOC_CITY_NAME_TORONTO CompletionTurn=66 EscapeResult=0 InitialResult=2 LevelAfter=1 LootInfo=-1 Name=LOC_CITIZEN_MAYA_MALE_8 Operation=58 PlotIndex=1818
mission CityName=LOC_CITY_NAME_QUEBEC_CITY CompletionTurn=64 EscapeResult=-1 InitialResult=3 LevelAfter=1 LootInfo=-1 Name=LOC_CITIZEN_MAYA_MODERN_FEMALE_3 Operation=58 PlotIndex=1404
mission CityName=LOC_CITY_NAME_TORONTO CompletionTurn=62 EscapeResult=-1 InitialResult=5 LevelAfter=2 LootInfo=-1 Name=LOC_CITIZEN_MAYA_MODERN_FEMALE_8 Operation=58 PlotIndex=1818
mission CityName=LOC_CITY_NAME_OTTAWA CompletionTurn=62 EscapeResult=-1 InitialResult=3 LevelAfter=1 LootInfo=-1 Name=LOC_CITIZEN_MAYA_MALE_5 Operation=58 PlotIndex=978
mission CityName=LOC_CITY_NAME_MONTREAL CompletionTurn=62 EscapeResult=-1 InitialResult=5 LevelAfter=2 LootInfo=-1 Name=LOC_CITIZEN_MAYA_MALE_3 Operation=58 PlotIndex=1314
mission CityName=LOC_CITY_NAME_OTTAWA CompletionTurn=58 EscapeResult=-1 InitialResult=5 LevelAfter=2 LootInfo=-1 Name=LOC_CITIZEN_MAYA_MODERN_FEMALE_9 Operation=58 PlotIndex=978
mission CityName=LOC_CITY_NAME_MONTREAL CompletionTurn=58 EscapeResult=-1 InitialResult=1 LevelAfter=1 LootInfo=-1 Name=LOC_CITIZEN_MAYA_FEMALE_5 Operation=58 PlotIndex=1314
tally 12  FOMENT_UNREST CAPTURED / NO_RESULT
tally 1  FOMENT_UNREST FAIL_MUST_ESCAPE / CAPTURED
tally 3  FOMENT_UNREST FAIL_MUST_ESCAPE / FAIL_MUST_ESCAPE
tally 2  FOMENT_UNREST FAIL_MUST_ESCAPE / KILLED
tally 1  FOMENT_UNREST FAIL_MUST_ESCAPE / NO_RESULT
tally 5  FOMENT_UNREST FAIL_UNDETECTED / NO_RESULT
tally 2  FOMENT_UNREST KILLED / NO_RESULT
tally 2  FOMENT_UNREST SUCCESS_MUST_ESCAPE / CAPTURED
tally 4  FOMENT_UNREST SUCCESS_MUST_ESCAPE / FAIL_MUST_ESCAPE
tally 5  FOMENT_UNREST SUCCESS_MUST_ESCAPE / KILLED
tally 7  FOMENT_UNREST SUCCESS_UNDETECTED / NO_RESULT
turn 126 spies active 1 idle 0 missions 44 captured-enemy 0
spy 6225930 LOC_CITIZEN_MAYA_MODERN_MALE_1 level 1 at 54:15 busy
turn 126 spies 1 started 0 travelled 0 promoted 0 bought 0 gold 50000
unblock: blocker ENDTURN_BLOCKING_COMMEMORATION_AVAILABLE -> nothing | end turn requested
unstuck: HistoricMoments: closed
unstuck: TechCivicCompletedPopup: closed
unblock: blocker ENDTURN_BLOCKING_COMMEMORATION_AVAILABLE -> nothing | end turn requested
unstuck: closed sessions [5:5]
unstuck: DiplomacyActionView: Closing Diplomacy Action View. m_eventID: 647396
unblock: blocker ENDTURN_BLOCKING_COMMEMORATION_AVAILABLE -> nothing | end turn requested
unstuck: closed sessions [6:6]
unstuck: DiplomacyActionView: Closing Diplomacy Action View. m_eventID: 648381
mission CityName=LOC_CITY_NAME_MONTREAL CompletionTurn=120 EscapeResult=-1 InitialResult=2 LevelAfter=2 LootInfo=-1 Name=LOC_CITIZEN_MAYA_MODERN_MALE_1 Operation=58 PlotIndex=1314
mission CityName=LOC_CITY_NAME_MONTREAL CompletionTurn=116 EscapeResult=-1 InitialResult=1 LevelAfter=1 LootInfo=-1 Name=LOC_CITIZEN_MAYA_MALE_10 Operation=58 PlotIndex=1314
mission CityName=LOC_CITY_NAME_TORONTO CompletionTurn=116 EscapeResult=-1 InitialResult=1 LevelAfter=1 LootInfo=-1 Name=LOC_CITIZEN_MAYA_MALE_4 Operation=58 PlotIndex=1818
mission CityName=LOC_CITY_NAME_OTTAWA CompletionTurn=111 EscapeResult=-1 InitialResult=1 LevelAfter=2 LootInfo=-1 Name=LOC_CITIZEN_MAYA_MALE_5 Operation=58 PlotIndex=978
mission CityName=LOC_CITY_NAME_MONTREAL CompletionTurn=107 EscapeResult=0 InitialResult=2 LevelAfter=2 LootInfo=-1 Name=LOC_CITIZEN_MAYA_MALE_6 Operation=58 PlotIndex=1314
mission CityName=LOC_CITY_NAME_OTTAWA CompletionTurn=105 EscapeResult=2 InitialResult=2 LevelAfter=2 LootInfo=-1 Name=LOC_CITIZEN_MAYA_MODERN_MALE_1 Operation=58 PlotIndex=978
mission CityName=LOC_CITY_NAME_TORONTO CompletionTurn=104 EscapeResult=-1 InitialResult=1 LevelAfter=2 LootInfo=-1 Name=LOC_CITIZEN_MAYA_FEMALE_6 Operation=58 PlotIndex=1818
mission CityName=LOC_CITY_NAME_QUEBEC_CITY CompletionTurn=103 EscapeResult=0 InitialResult=4 LevelAfter=2 LootInfo=-1 Name=LOC_CITIZEN_MAYA_MODERN_FEMALE_8 Operation=58 PlotIndex=1404
mission CityName=LOC_CITY_NAME_OTTAWA CompletionTurn=101 EscapeResult=-1 InitialResult=5 LevelAfter=2 LootInfo=-1 Name=LOC_CITIZEN_MAYA_MODERN_MALE_1 Operation=58 PlotIndex=978
mission CityName=LOC_CITY_NAME_TORONTO CompletionTurn=100 EscapeResult=-1 InitialResult=5 LevelAfter=2 LootInfo=-1 Name=LOC_CITIZEN_MAYA_FEMALE_6 Operation=58 PlotIndex=1818
mission CityName=LOC_CITY_NAME_MONTREAL CompletionTurn=99 EscapeResult=-1 InitialResult=1 LevelAfter=1 LootInfo=-1 Name=LOC_CITIZEN_MAYA_MODERN_FEMALE_5 Operation=58 PlotIndex=1314
mission CityName=LOC_CITY_NAME_OTTAWA CompletionTurn=97 EscapeResult=-1 InitialResult=3 LevelAfter=2 LootInfo=-1 Name=LOC_CITIZEN_MAYA_MODERN_MALE_1 Operation=58 PlotIndex=978
mission CityName=LOC_CITY_NAME_OTTAWA CompletionTurn=93 EscapeResult=-1 InitialResult=5 LevelAfter=2 LootInfo=-1 Name=LOC_CITIZEN_MAYA_MODERN_MALE_1 Operation=58 PlotIndex=978
mission CityName=LOC_CITY_NAME_TORONTO CompletionTurn=91 EscapeResult=2 InitialResult=2 LevelAfter=2 LootInfo=-1 Name=LOC_CITIZEN_MAYA_MODERN_FEMALE_8 Operation=58 PlotIndex=1818
mission CityName=LOC_CITY_NAME_OTTAWA CompletionTurn=89 EscapeResult=-1 InitialResult=5 LevelAfter=2 LootInfo=-1 Name=LOC_CITIZEN_MAYA_MALE_5 Operation=58 PlotIndex=978
mission CityName=LOC_CITY_NAME_QUEBEC_CITY CompletionTurn=85 EscapeResult=2 InitialResult=4 LevelAfter=2 LootInfo=-1 Name=LOC_CITIZEN_MAYA_MALE_6 Operation=58 PlotIndex=1404
mission CityName=LOC_CITY_NAME_SAINT_JOHN CompletionTurn=85 EscapeResult=-1 InitialResult=0 LevelAfter=2 LootInfo=-1 Name=LOC_CITIZEN_MAYA_FEMALE_4 Operation=58 PlotIndex=1409
mission CityName=LOC_CITY_NAME_TE_HOKIANGA_NU_A_KUPE CompletionTurn=85 EscapeResult=1 InitialResult=4 LevelAfter=2 LootInfo=-1 Name=LOC_CITIZEN_MAYA_MODERN_MALE_5 Operation=58 PlotIndex=772
mission CityName=LOC_CITY_NAME_MONTREAL CompletionTurn=85 EscapeResult=0 InitialResult=4 LevelAfter=2 LootInfo=-1 Name=LOC_CITIZEN_MAYA_MALE_2 Operation=58 PlotIndex=1314
mission CityName=LOC_CITY_NAME_NGARUAWAHIA CompletionTurn=85 EscapeResult=-1 InitialResult=1 LevelAfter=2 LootInfo=-1 Name=LOC_CITIZEN_MAYA_MODERN_MALE_9 Operation=58 PlotIndex=1833
mission CityName=LOC_CITY_NAME_QUEBEC_CITY CompletionTurn=80 EscapeResult=-1 InitialResult=3 LevelAfter=1 LootInfo=-1 Name=LOC_CITIZEN_MAYA_MALE_6 Operation=58 PlotIndex=1404
mission CityName=LOC_CITY_NAME_MONTREAL CompletionTurn=79 EscapeResult=-1 InitialResult=1 LevelAfter=1 LootInfo=-1 Name=LOC_CITIZEN_MAYA_MALE_7 Operation=58 PlotIndex=1314
mission CityName=LOC_CITY_NAME_UPPSALA CompletionTurn=79 EscapeResult=0 InitialResult=4 LevelAfter=2 LootInfo=-1 Name=LOC_CITIZEN_MAYA_MODERN_MALE_6 Operation=58 PlotIndex=993
mission CityName=LOC_CITY_NAME_SAINT_JOHN CompletionTurn=77 EscapeResult=-1 InitialResult=1 LevelAfter=1 LootInfo=-1 Name=LOC_CITIZEN_MAYA_MODERN_FEMALE_7 Operation=58 PlotIndex=1409
mission CityName=LOC_CITY_NAME_STOCKHOLM CompletionTurn=75 EscapeResult=1 InitialResult=4 LevelAfter=2 LootInfo=-1 Name=LOC_CITIZEN_MAYA_MODERN_MALE_2 Operation=58 PlotIndex=1253
mission CityName=LOC_CITY_NAME_TORONTO CompletionTurn=75 EscapeResult=2 InitialResult=2 LevelAfter=2 LootInfo=-1 Name=LOC_CITIZEN_MAYA_MODERN_FEMALE_8 Operation=58 PlotIndex=1818
mission CityName=LOC_CITY_NAME_OTTAWA CompletionTurn=75 EscapeResult=2 InitialResult=4 LevelAfter=2 LootInfo=-1 Name=LOC_CITIZEN_MAYA_MALE_5 Operation=58 PlotIndex=978
mission CityName=LOC_CITY_NAME_SAINT_JOHN CompletionTurn=73 EscapeResult=-1 InitialResult=1 LevelAfter=1 LootInfo=-1 Name=LOC_CITIZEN_MAYA_FEMALE_8 Operation=58 PlotIndex=1409
mission CityName=LOC_CITY_NAME_QUEBEC_CITY CompletionTurn=73 EscapeResult=-1 InitialResult=0 LevelAfter=1 LootInfo=-1 Name=LOC_CITIZEN_MAYA_FEMALE_9 Operation=58 PlotIndex=1404
mission CityName=LOC_CITY_NAME_STOCKHOLM CompletionTurn=70 EscapeResult=-1 InitialResult=1 LevelAfter=1 LootInfo=-1 Name=LOC_CITIZEN_MAYA_MALE_1 Operation=58 PlotIndex=1253
mission CityName=LOC_CITY_NAME_GOTEBORG CompletionTurn=70 EscapeResult=0 InitialResult=4 LevelAfter=2 LootInfo=-1 Name=LOC_CITIZEN_MAYA_MODERN_FEMALE_1 Operation=58 PlotIndex=1081
mission CityName=LOC_CITY_NAME_OTTAWA CompletionTurn=70 EscapeResult=1 InitialResult=2 LevelAfter=2 LootInfo=-1 Name=LOC_CITIZEN_MAYA_MODERN_FEMALE_9 Operation=58 PlotIndex=978
mission CityName=LOC_CITY_NAME_QUEBEC_CITY CompletionTurn=68 EscapeResult=-1 InitialResult=1 LevelAfter=1 LootInfo=-1 Name=LOC_CITIZEN_MAYA_MODERN_FEMALE_3 Operation=58 PlotIndex=1404
mission CityName=LOC_CITY_NAME_NGARUAWAHIA CompletionTurn=67 EscapeResult=2 InitialResult=4 LevelAfter=2 LootInfo=-1 Name=LOC_CITIZEN_MAYA_MODERN_MALE_9 Operation=58 PlotIndex=1833
mission CityName=LOC_CITY_NAME_TE_HOKIANGA_NU_A_KUPE CompletionTurn=66 EscapeResult=2 InitialResult=4 LevelAfter=2 LootInfo=-1 Name=LOC_CITIZEN_MAYA_FEMALE_4 Operation=58 PlotIndex=772
mission CityName=LOC_CITY_NAME_MONTREAL CompletionTurn=66 EscapeResult=0 InitialResult=4 LevelAfter=2 LootInfo=-1 Name=LOC_CITIZEN_MAYA_MALE_3 Operation=58 PlotIndex=1314
mission CityName=LOC_CITY_NAME_OTTAWA CompletionTurn=66 EscapeResult=-1 InitialResult=3 LevelAfter=2 LootInfo=-1 Name=LOC_CITIZEN_MAYA_MODERN_FEMALE_9 Operation=58 PlotIndex=978
mission CityName=LOC_CITY_NAME_TORONTO CompletionTurn=66 EscapeResult=0 InitialResult=2 LevelAfter=1 LootInfo=-1 Name=LOC_CITIZEN_MAYA_MALE_8 Operation=58 PlotIndex=1818
mission CityName=LOC_CITY_NAME_QUEBEC_CITY CompletionTurn=64 EscapeResult=-1 InitialResult=3 LevelAfter=1 LootInfo=-1 Name=LOC_CITIZEN_MAYA_MODERN_FEMALE_3 Operation=58 PlotIndex=1404
mission CityName=LOC_CITY_NAME_TORONTO CompletionTurn=62 EscapeResult=-1 InitialResult=5 LevelAfter=2 LootInfo=-1 Name=LOC_CITIZEN_MAYA_MODERN_FEMALE_8 Operation=58 PlotIndex=1818
mission CityName=LOC_CITY_NAME_OTTAWA CompletionTurn=62 EscapeResult=-1 InitialResult=3 LevelAfter=1 LootInfo=-1 Name=LOC_CITIZEN_MAYA_MALE_5 Operation=58 PlotIndex=978
mission CityName=LOC_CITY_NAME_MONTREAL CompletionTurn=62 EscapeResult=-1 InitialResult=5 LevelAfter=2 LootInfo=-1 Name=LOC_CITIZEN_MAYA_MALE_3 Operation=58 PlotIndex=1314
mission CityName=LOC_CITY_NAME_OTTAWA CompletionTurn=58 EscapeResult=-1 InitialResult=5 LevelAfter=2 LootInfo=-1 Name=LOC_CITIZEN_MAYA_MODERN_FEMALE_9 Operation=58 PlotIndex=978
mission CityName=LOC_CITY_NAME_MONTREAL CompletionTurn=58 EscapeResult=-1 InitialResult=1 LevelAfter=1 LootInfo=-1 Name=LOC_CITIZEN_MAYA_FEMALE_5 Operation=58 PlotIndex=1314
tally 12  FOMENT_UNREST CAPTURED / NO_RESULT
tally 1  FOMENT_UNREST FAIL_MUST_ESCAPE / CAPTURED
tally 3  FOMENT_UNREST FAIL_MUST_ESCAPE / FAIL_MUST_ESCAPE
tally 2  FOMENT_UNREST FAIL_MUST_ESCAPE / KILLED
tally 1  FOMENT_UNREST FAIL_MUST_ESCAPE / NO_RESULT
tally 5  FOMENT_UNREST FAIL_UNDETECTED / NO_RESULT
tally 2  FOMENT_UNREST KILLED / NO_RESULT
tally 2  FOMENT_UNREST SUCCESS_MUST_ESCAPE / CAPTURED
tally 4  FOMENT_UNREST SUCCESS_MUST_ESCAPE / FAIL_MUST_ESCAPE
tally 5  FOMENT_UNREST SUCCESS_MUST_ESCAPE / KILLED
tally 7  FOMENT_UNREST SUCCESS_UNDETECTED / NO_RESULT
turn 127 spies active 1 idle 0 missions 44 captured-enemy 0
spy 6225930 LOC_CITIZEN_MAYA_MODERN_MALE_1 level 1 at 54:15 busy
turn 127 spies 1 started 0 travelled 0 promoted 0 bought 0 gold 50000
unblock: blocker ENDTURN_BLOCKING_COMMEMORATION_AVAILABLE -> nothing | end turn requested
mission CityName=LOC_CITY_NAME_MONTREAL CompletionTurn=120 EscapeResult=-1 InitialResult=2 LevelAfter=2 LootInfo=-1 Name=LOC_CITIZEN_MAYA_MODERN_MALE_1 Operation=58 PlotIndex=1314
mission CityName=LOC_CITY_NAME_MONTREAL CompletionTurn=116 EscapeResult=-1 InitialResult=1 LevelAfter=1 LootInfo=-1 Name=LOC_CITIZEN_MAYA_MALE_10 Operation=58 PlotIndex=1314
mission CityName=LOC_CITY_NAME_TORONTO CompletionTurn=116 EscapeResult=-1 InitialResult=1 LevelAfter=1 LootInfo=-1 Name=LOC_CITIZEN_MAYA_MALE_4 Operation=58 PlotIndex=1818
mission CityName=LOC_CITY_NAME_OTTAWA CompletionTurn=111 EscapeResult=-1 InitialResult=1 LevelAfter=2 LootInfo=-1 Name=LOC_CITIZEN_MAYA_MALE_5 Operation=58 PlotIndex=978
mission CityName=LOC_CITY_NAME_MONTREAL CompletionTurn=107 EscapeResult=0 InitialResult=2 LevelAfter=2 LootInfo=-1 Name=LOC_CITIZEN_MAYA_MALE_6 Operation=58 PlotIndex=1314
mission CityName=LOC_CITY_NAME_OTTAWA CompletionTurn=105 EscapeResult=2 InitialResult=2 LevelAfter=2 LootInfo=-1 Name=LOC_CITIZEN_MAYA_MODERN_MALE_1 Operation=58 PlotIndex=978
mission CityName=LOC_CITY_NAME_TORONTO CompletionTurn=104 EscapeResult=-1 InitialResult=1 LevelAfter=2 LootInfo=-1 Name=LOC_CITIZEN_MAYA_FEMALE_6 Operation=58 PlotIndex=1818
mission CityName=LOC_CITY_NAME_QUEBEC_CITY CompletionTurn=103 EscapeResult=0 InitialResult=4 LevelAfter=2 LootInfo=-1 Name=LOC_CITIZEN_MAYA_MODERN_FEMALE_8 Operation=58 PlotIndex=1404
mission CityName=LOC_CITY_NAME_OTTAWA CompletionTurn=101 EscapeResult=-1 InitialResult=5 LevelAfter=2 LootInfo=-1 Name=LOC_CITIZEN_MAYA_MODERN_MALE_1 Operation=58 PlotIndex=978
mission CityName=LOC_CITY_NAME_TORONTO CompletionTurn=100 EscapeResult=-1 InitialResult=5 LevelAfter=2 LootInfo=-1 Name=LOC_CITIZEN_MAYA_FEMALE_6 Operation=58 PlotIndex=1818
mission CityName=LOC_CITY_NAME_MONTREAL CompletionTurn=99 EscapeResult=-1 InitialResult=1 LevelAfter=1 LootInfo=-1 Name=LOC_CITIZEN_MAYA_MODERN_FEMALE_5 Operation=58 PlotIndex=1314
mission CityName=LOC_CITY_NAME_OTTAWA CompletionTurn=97 EscapeResult=-1 InitialResult=3 LevelAfter=2 LootInfo=-1 Name=LOC_CITIZEN_MAYA_MODERN_MALE_1 Operation=58 PlotIndex=978
mission CityName=LOC_CITY_NAME_OTTAWA CompletionTurn=93 EscapeResult=-1 InitialResult=5 LevelAfter=2 LootInfo=-1 Name=LOC_CITIZEN_MAYA_MODERN_MALE_1 Operation=58 PlotIndex=978
mission CityName=LOC_CITY_NAME_TORONTO CompletionTurn=91 EscapeResult=2 InitialResult=2 LevelAfter=2 LootInfo=-1 Name=LOC_CITIZEN_MAYA_MODERN_FEMALE_8 Operation=58 PlotIndex=1818
mission CityName=LOC_CITY_NAME_OTTAWA CompletionTurn=89 EscapeResult=-1 InitialResult=5 LevelAfter=2 LootInfo=-1 Name=LOC_CITIZEN_MAYA_MALE_5 Operation=58 PlotIndex=978
mission CityName=LOC_CITY_NAME_QUEBEC_CITY CompletionTurn=85 EscapeResult=2 InitialResult=4 LevelAfter=2 LootInfo=-1 Name=LOC_CITIZEN_MAYA_MALE_6 Operation=58 PlotIndex=1404
mission CityName=LOC_CITY_NAME_SAINT_JOHN CompletionTurn=85 EscapeResult=-1 InitialResult=0 LevelAfter=2 LootInfo=-1 Name=LOC_CITIZEN_MAYA_FEMALE_4 Operation=58 PlotIndex=1409
mission CityName=LOC_CITY_NAME_TE_HOKIANGA_NU_A_KUPE CompletionTurn=85 EscapeResult=1 InitialResult=4 LevelAfter=2 LootInfo=-1 Name=LOC_CITIZEN_MAYA_MODERN_MALE_5 Operation=58 PlotIndex=772
mission CityName=LOC_CITY_NAME_MONTREAL CompletionTurn=85 EscapeResult=0 InitialResult=4 LevelAfter=2 LootInfo=-1 Name=LOC_CITIZEN_MAYA_MALE_2 Operation=58 PlotIndex=1314
mission CityName=LOC_CITY_NAME_NGARUAWAHIA CompletionTurn=85 EscapeResult=-1 InitialResult=1 LevelAfter=2 LootInfo=-1 Name=LOC_CITIZEN_MAYA_MODERN_MALE_9 Operation=58 PlotIndex=1833
mission CityName=LOC_CITY_NAME_QUEBEC_CITY CompletionTurn=80 EscapeResult=-1 InitialResult=3 LevelAfter=1 LootInfo=-1 Name=LOC_CITIZEN_MAYA_MALE_6 Operation=58 PlotIndex=1404
mission CityName=LOC_CITY_NAME_MONTREAL CompletionTurn=79 EscapeResult=-1 InitialResult=1 LevelAfter=1 LootInfo=-1 Name=LOC_CITIZEN_MAYA_MALE_7 Operation=58 PlotIndex=1314
mission CityName=LOC_CITY_NAME_UPPSALA CompletionTurn=79 EscapeResult=0 InitialResult=4 LevelAfter=2 LootInfo=-1 Name=LOC_CITIZEN_MAYA_MODERN_MALE_6 Operation=58 PlotIndex=993
mission CityName=LOC_CITY_NAME_SAINT_JOHN CompletionTurn=77 EscapeResult=-1 InitialResult=1 LevelAfter=1 LootInfo=-1 Name=LOC_CITIZEN_MAYA_MODERN_FEMALE_7 Operation=58 PlotIndex=1409
mission CityName=LOC_CITY_NAME_STOCKHOLM CompletionTurn=75 EscapeResult=1 InitialResult=4 LevelAfter=2 LootInfo=-1 Name=LOC_CITIZEN_MAYA_MODERN_MALE_2 Operation=58 PlotIndex=1253
mission CityName=LOC_CITY_NAME_TORONTO CompletionTurn=75 EscapeResult=2 InitialResult=2 LevelAfter=2 LootInfo=-1 Name=LOC_CITIZEN_MAYA_MODERN_FEMALE_8 Operation=58 PlotIndex=1818
mission CityName=LOC_CITY_NAME_OTTAWA CompletionTurn=75 EscapeResult=2 InitialResult=4 LevelAfter=2 LootInfo=-1 Name=LOC_CITIZEN_MAYA_MALE_5 Operation=58 PlotIndex=978
mission CityName=LOC_CITY_NAME_SAINT_JOHN CompletionTurn=73 EscapeResult=-1 InitialResult=1 LevelAfter=1 LootInfo=-1 Name=LOC_CITIZEN_MAYA_FEMALE_8 Operation=58 PlotIndex=1409
mission CityName=LOC_CITY_NAME_QUEBEC_CITY CompletionTurn=73 EscapeResult=-1 InitialResult=0 LevelAfter=1 LootInfo=-1 Name=LOC_CITIZEN_MAYA_FEMALE_9 Operation=58 PlotIndex=1404
mission CityName=LOC_CITY_NAME_STOCKHOLM CompletionTurn=70 EscapeResult=-1 InitialResult=1 LevelAfter=1 LootInfo=-1 Name=LOC_CITIZEN_MAYA_MALE_1 Operation=58 PlotIndex=1253
mission CityName=LOC_CITY_NAME_GOTEBORG CompletionTurn=70 EscapeResult=0 InitialResult=4 LevelAfter=2 LootInfo=-1 Name=LOC_CITIZEN_MAYA_MODERN_FEMALE_1 Operation=58 PlotIndex=1081
mission CityName=LOC_CITY_NAME_OTTAWA CompletionTurn=70 EscapeResult=1 InitialResult=2 LevelAfter=2 LootInfo=-1 Name=LOC_CITIZEN_MAYA_MODERN_FEMALE_9 Operation=58 PlotIndex=978
mission CityName=LOC_CITY_NAME_QUEBEC_CITY CompletionTurn=68 EscapeResult=-1 InitialResult=1 LevelAfter=1 LootInfo=-1 Name=LOC_CITIZEN_MAYA_MODERN_FEMALE_3 Operation=58 PlotIndex=1404
mission CityName=LOC_CITY_NAME_NGARUAWAHIA CompletionTurn=67 EscapeResult=2 InitialResult=4 LevelAfter=2 LootInfo=-1 Name=LOC_CITIZEN_MAYA_MODERN_MALE_9 Operation=58 PlotIndex=1833
mission CityName=LOC_CITY_NAME_TE_HOKIANGA_NU_A_KUPE CompletionTurn=66 EscapeResult=2 InitialResult=4 LevelAfter=2 LootInfo=-1 Name=LOC_CITIZEN_MAYA_FEMALE_4 Operation=58 PlotIndex=772
mission CityName=LOC_CITY_NAME_MONTREAL CompletionTurn=66 EscapeResult=0 InitialResult=4 LevelAfter=2 LootInfo=-1 Name=LOC_CITIZEN_MAYA_MALE_3 Operation=58 PlotIndex=1314
mission CityName=LOC_CITY_NAME_OTTAWA CompletionTurn=66 EscapeResult=-1 InitialResult=3 LevelAfter=2 LootInfo=-1 Name=LOC_CITIZEN_MAYA_MODERN_FEMALE_9 Operation=58 PlotIndex=978
mission CityName=LOC_CITY_NAME_TORONTO CompletionTurn=66 EscapeResult=0 InitialResult=2 LevelAfter=1 LootInfo=-1 Name=LOC_CITIZEN_MAYA_MALE_8 Operation=58 PlotIndex=1818
mission CityName=LOC_CITY_NAME_QUEBEC_CITY CompletionTurn=64 EscapeResult=-1 InitialResult=3 LevelAfter=1 LootInfo=-1 Name=LOC_CITIZEN_MAYA_MODERN_FEMALE_3 Operation=58 PlotIndex=1404
mission CityName=LOC_CITY_NAME_TORONTO CompletionTurn=62 EscapeResult=-1 InitialResult=5 LevelAfter=2 LootInfo=-1 Name=LOC_CITIZEN_MAYA_MODERN_FEMALE_8 Operation=58 PlotIndex=1818
mission CityName=LOC_CITY_NAME_OTTAWA CompletionTurn=62 EscapeResult=-1 InitialResult=3 LevelAfter=1 LootInfo=-1 Name=LOC_CITIZEN_MAYA_MALE_5 Operation=58 PlotIndex=978
mission CityName=LOC_CITY_NAME_MONTREAL CompletionTurn=62 EscapeResult=-1 InitialResult=5 LevelAfter=2 LootInfo=-1 Name=LOC_CITIZEN_MAYA_MALE_3 Operation=58 PlotIndex=1314
mission CityName=LOC_CITY_NAME_OTTAWA CompletionTurn=58 EscapeResult=-1 InitialResult=5 LevelAfter=2 LootInfo=-1 Name=LOC_CITIZEN_MAYA_MODERN_FEMALE_9 Operation=58 PlotIndex=978
mission CityName=LOC_CITY_NAME_MONTREAL CompletionTurn=58 EscapeResult=-1 InitialResult=1 LevelAfter=1 LootInfo=-1 Name=LOC_CITIZEN_MAYA_FEMALE_5 Operation=58 PlotIndex=1314
tally 12  FOMENT_UNREST CAPTURED / NO_RESULT
tally 1  FOMENT_UNREST FAIL_MUST_ESCAPE / CAPTURED
tally 3  FOMENT_UNREST FAIL_MUST_ESCAPE / FAIL_MUST_ESCAPE
tally 2  FOMENT_UNREST FAIL_MUST_ESCAPE / KILLED
tally 1  FOMENT_UNREST FAIL_MUST_ESCAPE / NO_RESULT
tally 5  FOMENT_UNREST FAIL_UNDETECTED / NO_RESULT
tally 2  FOMENT_UNREST KILLED / NO_RESULT
tally 2  FOMENT_UNREST SUCCESS_MUST_ESCAPE / CAPTURED
tally 4  FOMENT_UNREST SUCCESS_MUST_ESCAPE / FAIL_MUST_ESCAPE
tally 5  FOMENT_UNREST SUCCESS_MUST_ESCAPE / KILLED
tally 7  FOMENT_UNREST SUCCESS_UNDETECTED / NO_RESULT
turn 128 spies active 1 idle 0 missions 44 captured-enemy 0
spy 6225930 LOC_CITIZEN_MAYA_MODERN_MALE_1 level 1 at 54:15 busy
turn 128 spies 1 started 0 travelled 0 promoted 0 bought 0 gold 50000
unblock: blocker ENDTURN_BLOCKING_COMMEMORATION_AVAILABLE -> nothing | end turn requested
unblock: blocker ENDTURN_BLOCKING_COMMEMORATION_AVAILABLE -> nothing | end turn requested
mission CityName=LOC_CITY_NAME_MONTREAL CompletionTurn=120 EscapeResult=-1 InitialResult=2 LevelAfter=2 LootInfo=-1 Name=LOC_CITIZEN_MAYA_MODERN_MALE_1 Operation=58 PlotIndex=1314
mission CityName=LOC_CITY_NAME_MONTREAL CompletionTurn=116 EscapeResult=-1 InitialResult=1 LevelAfter=1 LootInfo=-1 Name=LOC_CITIZEN_MAYA_MALE_10 Operation=58 PlotIndex=1314
mission CityName=LOC_CITY_NAME_TORONTO CompletionTurn=116 EscapeResult=-1 InitialResult=1 LevelAfter=1 LootInfo=-1 Name=LOC_CITIZEN_MAYA_MALE_4 Operation=58 PlotIndex=1818
mission CityName=LOC_CITY_NAME_OTTAWA CompletionTurn=111 EscapeResult=-1 InitialResult=1 LevelAfter=2 LootInfo=-1 Name=LOC_CITIZEN_MAYA_MALE_5 Operation=58 PlotIndex=978
mission CityName=LOC_CITY_NAME_MONTREAL CompletionTurn=107 EscapeResult=0 InitialResult=2 LevelAfter=2 LootInfo=-1 Name=LOC_CITIZEN_MAYA_MALE_6 Operation=58 PlotIndex=1314
mission CityName=LOC_CITY_NAME_OTTAWA CompletionTurn=105 EscapeResult=2 InitialResult=2 LevelAfter=2 LootInfo=-1 Name=LOC_CITIZEN_MAYA_MODERN_MALE_1 Operation=58 PlotIndex=978
mission CityName=LOC_CITY_NAME_TORONTO CompletionTurn=104 EscapeResult=-1 InitialResult=1 LevelAfter=2 LootInfo=-1 Name=LOC_CITIZEN_MAYA_FEMALE_6 Operation=58 PlotIndex=1818
mission CityName=LOC_CITY_NAME_QUEBEC_CITY CompletionTurn=103 EscapeResult=0 InitialResult=4 LevelAfter=2 LootInfo=-1 Name=LOC_CITIZEN_MAYA_MODERN_FEMALE_8 Operation=58 PlotIndex=1404
mission CityName=LOC_CITY_NAME_OTTAWA CompletionTurn=101 EscapeResult=-1 InitialResult=5 LevelAfter=2 LootInfo=-1 Name=LOC_CITIZEN_MAYA_MODERN_MALE_1 Operation=58 PlotIndex=978
mission CityName=LOC_CITY_NAME_TORONTO CompletionTurn=100 EscapeResult=-1 InitialResult=5 LevelAfter=2 LootInfo=-1 Name=LOC_CITIZEN_MAYA_FEMALE_6 Operation=58 PlotIndex=1818
mission CityName=LOC_CITY_NAME_MONTREAL CompletionTurn=99 EscapeResult=-1 InitialResult=1 LevelAfter=1 LootInfo=-1 Name=LOC_CITIZEN_MAYA_MODERN_FEMALE_5 Operation=58 PlotIndex=1314
mission CityName=LOC_CITY_NAME_OTTAWA CompletionTurn=97 EscapeResult=-1 InitialResult=3 LevelAfter=2 LootInfo=-1 Name=LOC_CITIZEN_MAYA_MODERN_MALE_1 Operation=58 PlotIndex=978
mission CityName=LOC_CITY_NAME_OTTAWA CompletionTurn=93 EscapeResult=-1 InitialResult=5 LevelAfter=2 LootInfo=-1 Name=LOC_CITIZEN_MAYA_MODERN_MALE_1 Operation=58 PlotIndex=978
mission CityName=LOC_CITY_NAME_TORONTO CompletionTurn=91 EscapeResult=2 InitialResult=2 LevelAfter=2 LootInfo=-1 Name=LOC_CITIZEN_MAYA_MODERN_FEMALE_8 Operation=58 PlotIndex=1818
mission CityName=LOC_CITY_NAME_OTTAWA CompletionTurn=89 EscapeResult=-1 InitialResult=5 LevelAfter=2 LootInfo=-1 Name=LOC_CITIZEN_MAYA_MALE_5 Operation=58 PlotIndex=978
mission CityName=LOC_CITY_NAME_QUEBEC_CITY CompletionTurn=85 EscapeResult=2 InitialResult=4 LevelAfter=2 LootInfo=-1 Name=LOC_CITIZEN_MAYA_MALE_6 Operation=58 PlotIndex=1404
mission CityName=LOC_CITY_NAME_SAINT_JOHN CompletionTurn=85 EscapeResult=-1 InitialResult=0 LevelAfter=2 LootInfo=-1 Name=LOC_CITIZEN_MAYA_FEMALE_4 Operation=58 PlotIndex=1409
mission CityName=LOC_CITY_NAME_TE_HOKIANGA_NU_A_KUPE CompletionTurn=85 EscapeResult=1 InitialResult=4 LevelAfter=2 LootInfo=-1 Name=LOC_CITIZEN_MAYA_MODERN_MALE_5 Operation=58 PlotIndex=772
mission CityName=LOC_CITY_NAME_MONTREAL CompletionTurn=85 EscapeResult=0 InitialResult=4 LevelAfter=2 LootInfo=-1 Name=LOC_CITIZEN_MAYA_MALE_2 Operation=58 PlotIndex=1314
mission CityName=LOC_CITY_NAME_NGARUAWAHIA CompletionTurn=85 EscapeResult=-1 InitialResult=1 LevelAfter=2 LootInfo=-1 Name=LOC_CITIZEN_MAYA_MODERN_MALE_9 Operation=58 PlotIndex=1833
mission CityName=LOC_CITY_NAME_QUEBEC_CITY CompletionTurn=80 EscapeResult=-1 InitialResult=3 LevelAfter=1 LootInfo=-1 Name=LOC_CITIZEN_MAYA_MALE_6 Operation=58 PlotIndex=1404
mission CityName=LOC_CITY_NAME_MONTREAL CompletionTurn=79 EscapeResult=-1 InitialResult=1 LevelAfter=1 LootInfo=-1 Name=LOC_CITIZEN_MAYA_MALE_7 Operation=58 PlotIndex=1314
mission CityName=LOC_CITY_NAME_UPPSALA CompletionTurn=79 EscapeResult=0 InitialResult=4 LevelAfter=2 LootInfo=-1 Name=LOC_CITIZEN_MAYA_MODERN_MALE_6 Operation=58 PlotIndex=993
mission CityName=LOC_CITY_NAME_SAINT_JOHN CompletionTurn=77 EscapeResult=-1 InitialResult=1 LevelAfter=1 LootInfo=-1 Name=LOC_CITIZEN_MAYA_MODERN_FEMALE_7 Operation=58 PlotIndex=1409
mission CityName=LOC_CITY_NAME_STOCKHOLM CompletionTurn=75 EscapeResult=1 InitialResult=4 LevelAfter=2 LootInfo=-1 Name=LOC_CITIZEN_MAYA_MODERN_MALE_2 Operation=58 PlotIndex=1253
mission CityName=LOC_CITY_NAME_TORONTO CompletionTurn=75 EscapeResult=2 InitialResult=2 LevelAfter=2 LootInfo=-1 Name=LOC_CITIZEN_MAYA_MODERN_FEMALE_8 Operation=58 PlotIndex=1818
mission CityName=LOC_CITY_NAME_OTTAWA CompletionTurn=75 EscapeResult=2 InitialResult=4 LevelAfter=2 LootInfo=-1 Name=LOC_CITIZEN_MAYA_MALE_5 Operation=58 PlotIndex=978
mission CityName=LOC_CITY_NAME_SAINT_JOHN CompletionTurn=73 EscapeResult=-1 InitialResult=1 LevelAfter=1 LootInfo=-1 Name=LOC_CITIZEN_MAYA_FEMALE_8 Operation=58 PlotIndex=1409
mission CityName=LOC_CITY_NAME_QUEBEC_CITY CompletionTurn=73 EscapeResult=-1 InitialResult=0 LevelAfter=1 LootInfo=-1 Name=LOC_CITIZEN_MAYA_FEMALE_9 Operation=58 PlotIndex=1404
mission CityName=LOC_CITY_NAME_STOCKHOLM CompletionTurn=70 EscapeResult=-1 InitialResult=1 LevelAfter=1 LootInfo=-1 Name=LOC_CITIZEN_MAYA_MALE_1 Operation=58 PlotIndex=1253
mission CityName=LOC_CITY_NAME_GOTEBORG CompletionTurn=70 EscapeResult=0 InitialResult=4 LevelAfter=2 LootInfo=-1 Name=LOC_CITIZEN_MAYA_MODERN_FEMALE_1 Operation=58 PlotIndex=1081
mission CityName=LOC_CITY_NAME_OTTAWA CompletionTurn=70 EscapeResult=1 InitialResult=2 LevelAfter=2 LootInfo=-1 Name=LOC_CITIZEN_MAYA_MODERN_FEMALE_9 Operation=58 PlotIndex=978
mission CityName=LOC_CITY_NAME_QUEBEC_CITY CompletionTurn=68 EscapeResult=-1 InitialResult=1 LevelAfter=1 LootInfo=-1 Name=LOC_CITIZEN_MAYA_MODERN_FEMALE_3 Operation=58 PlotIndex=1404
mission CityName=LOC_CITY_NAME_NGARUAWAHIA CompletionTurn=67 EscapeResult=2 InitialResult=4 LevelAfter=2 LootInfo=-1 Name=LOC_CITIZEN_MAYA_MODERN_MALE_9 Operation=58 PlotIndex=1833
mission CityName=LOC_CITY_NAME_TE_HOKIANGA_NU_A_KUPE CompletionTurn=66 EscapeResult=2 InitialResult=4 LevelAfter=2 LootInfo=-1 Name=LOC_CITIZEN_MAYA_FEMALE_4 Operation=58 PlotIndex=772
mission CityName=LOC_CITY_NAME_MONTREAL CompletionTurn=66 EscapeResult=0 InitialResult=4 LevelAfter=2 LootInfo=-1 Name=LOC_CITIZEN_MAYA_MALE_3 Operation=58 PlotIndex=1314
mission CityName=LOC_CITY_NAME_OTTAWA CompletionTurn=66 EscapeResult=-1 InitialResult=3 LevelAfter=2 LootInfo=-1 Name=LOC_CITIZEN_MAYA_MODERN_FEMALE_9 Operation=58 PlotIndex=978
mission CityName=LOC_CITY_NAME_TORONTO CompletionTurn=66 EscapeResult=0 InitialResult=2 LevelAfter=1 LootInfo=-1 Name=LOC_CITIZEN_MAYA_MALE_8 Operation=58 PlotIndex=1818
mission CityName=LOC_CITY_NAME_QUEBEC_CITY CompletionTurn=64 EscapeResult=-1 InitialResult=3 LevelAfter=1 LootInfo=-1 Name=LOC_CITIZEN_MAYA_MODERN_FEMALE_3 Operation=58 PlotIndex=1404
mission CityName=LOC_CITY_NAME_TORONTO CompletionTurn=62 EscapeResult=-1 InitialResult=5 LevelAfter=2 LootInfo=-1 Name=LOC_CITIZEN_MAYA_MODERN_FEMALE_8 Operation=58 PlotIndex=1818
mission CityName=LOC_CITY_NAME_OTTAWA CompletionTurn=62 EscapeResult=-1 InitialResult=3 LevelAfter=1 LootInfo=-1 Name=LOC_CITIZEN_MAYA_MALE_5 Operation=58 PlotIndex=978
mission CityName=LOC_CITY_NAME_MONTREAL CompletionTurn=62 EscapeResult=-1 InitialResult=5 LevelAfter=2 LootInfo=-1 Name=LOC_CITIZEN_MAYA_MALE_3 Operation=58 PlotIndex=1314
mission CityName=LOC_CITY_NAME_OTTAWA CompletionTurn=58 EscapeResult=-1 InitialResult=5 LevelAfter=2 LootInfo=-1 Name=LOC_CITIZEN_MAYA_MODERN_FEMALE_9 Operation=58 PlotIndex=978
mission CityName=LOC_CITY_NAME_MONTREAL CompletionTurn=58 EscapeResult=-1 InitialResult=1 LevelAfter=1 LootInfo=-1 Name=LOC_CITIZEN_MAYA_FEMALE_5 Operation=58 PlotIndex=1314
tally 12  FOMENT_UNREST CAPTURED / NO_RESULT
tally 1  FOMENT_UNREST FAIL_MUST_ESCAPE / CAPTURED
tally 3  FOMENT_UNREST FAIL_MUST_ESCAPE / FAIL_MUST_ESCAPE
tally 2  FOMENT_UNREST FAIL_MUST_ESCAPE / KILLED
tally 1  FOMENT_UNREST FAIL_MUST_ESCAPE / NO_RESULT
tally 5  FOMENT_UNREST FAIL_UNDETECTED / NO_RESULT
tally 2  FOMENT_UNREST KILLED / NO_RESULT
tally 2  FOMENT_UNREST SUCCESS_MUST_ESCAPE / CAPTURED
tally 4  FOMENT_UNREST SUCCESS_MUST_ESCAPE / FAIL_MUST_ESCAPE
tally 5  FOMENT_UNREST SUCCESS_MUST_ESCAPE / KILLED
tally 7  FOMENT_UNREST SUCCESS_UNDETECTED / NO_RESULT
turn 129 spies active 1 idle 0 missions 44 captured-enemy 0
spy 6225930 LOC_CITIZEN_MAYA_MODERN_MALE_1 level 1 at 54:15 busy
turn 129 spies 1 started 0 travelled 0 promoted 0 bought 0 gold 50000
unblock: blocker ENDTURN_BLOCKING_COMMEMORATION_AVAILABLE -> nothing | end turn requested
unblock: blocker ENDTURN_BLOCKING_COMMEMORATION_AVAILABLE -> nothing | end turn requested
unstuck: closed sessions [3:3]
unstuck: DiplomacyActionView: Closing Diplomacy Action View. m_eventID: 673665
unblock: blocker ENDTURN_BLOCKING_COMMEMORATION_AVAILABLE -> nothing | end turn requested
mission CityName=LOC_CITY_NAME_MONTREAL CompletionTurn=120 EscapeResult=-1 InitialResult=2 LevelAfter=2 LootInfo=-1 Name=LOC_CITIZEN_MAYA_MODERN_MALE_1 Operation=58 PlotIndex=1314
mission CityName=LOC_CITY_NAME_MONTREAL CompletionTurn=116 EscapeResult=-1 InitialResult=1 LevelAfter=1 LootInfo=-1 Name=LOC_CITIZEN_MAYA_MALE_10 Operation=58 PlotIndex=1314
mission CityName=LOC_CITY_NAME_TORONTO CompletionTurn=116 EscapeResult=-1 InitialResult=1 LevelAfter=1 LootInfo=-1 Name=LOC_CITIZEN_MAYA_MALE_4 Operation=58 PlotIndex=1818
mission CityName=LOC_CITY_NAME_OTTAWA CompletionTurn=111 EscapeResult=-1 InitialResult=1 LevelAfter=2 LootInfo=-1 Name=LOC_CITIZEN_MAYA_MALE_5 Operation=58 PlotIndex=978
mission CityName=LOC_CITY_NAME_MONTREAL CompletionTurn=107 EscapeResult=0 InitialResult=2 LevelAfter=2 LootInfo=-1 Name=LOC_CITIZEN_MAYA_MALE_6 Operation=58 PlotIndex=1314
mission CityName=LOC_CITY_NAME_OTTAWA CompletionTurn=105 EscapeResult=2 InitialResult=2 LevelAfter=2 LootInfo=-1 Name=LOC_CITIZEN_MAYA_MODERN_MALE_1 Operation=58 PlotIndex=978
mission CityName=LOC_CITY_NAME_TORONTO CompletionTurn=104 EscapeResult=-1 InitialResult=1 LevelAfter=2 LootInfo=-1 Name=LOC_CITIZEN_MAYA_FEMALE_6 Operation=58 PlotIndex=1818
mission CityName=LOC_CITY_NAME_QUEBEC_CITY CompletionTurn=103 EscapeResult=0 InitialResult=4 LevelAfter=2 LootInfo=-1 Name=LOC_CITIZEN_MAYA_MODERN_FEMALE_8 Operation=58 PlotIndex=1404
mission CityName=LOC_CITY_NAME_OTTAWA CompletionTurn=101 EscapeResult=-1 InitialResult=5 LevelAfter=2 LootInfo=-1 Name=LOC_CITIZEN_MAYA_MODERN_MALE_1 Operation=58 PlotIndex=978
mission CityName=LOC_CITY_NAME_TORONTO CompletionTurn=100 EscapeResult=-1 InitialResult=5 LevelAfter=2 LootInfo=-1 Name=LOC_CITIZEN_MAYA_FEMALE_6 Operation=58 PlotIndex=1818
mission CityName=LOC_CITY_NAME_MONTREAL CompletionTurn=99 EscapeResult=-1 InitialResult=1 LevelAfter=1 LootInfo=-1 Name=LOC_CITIZEN_MAYA_MODERN_FEMALE_5 Operation=58 PlotIndex=1314
mission CityName=LOC_CITY_NAME_OTTAWA CompletionTurn=97 EscapeResult=-1 InitialResult=3 LevelAfter=2 LootInfo=-1 Name=LOC_CITIZEN_MAYA_MODERN_MALE_1 Operation=58 PlotIndex=978
mission CityName=LOC_CITY_NAME_OTTAWA CompletionTurn=93 EscapeResult=-1 InitialResult=5 LevelAfter=2 LootInfo=-1 Name=LOC_CITIZEN_MAYA_MODERN_MALE_1 Operation=58 PlotIndex=978
mission CityName=LOC_CITY_NAME_TORONTO CompletionTurn=91 EscapeResult=2 InitialResult=2 LevelAfter=2 LootInfo=-1 Name=LOC_CITIZEN_MAYA_MODERN_FEMALE_8 Operation=58 PlotIndex=1818
mission CityName=LOC_CITY_NAME_OTTAWA CompletionTurn=89 EscapeResult=-1 InitialResult=5 LevelAfter=2 LootInfo=-1 Name=LOC_CITIZEN_MAYA_MALE_5 Operation=58 PlotIndex=978
mission CityName=LOC_CITY_NAME_QUEBEC_CITY CompletionTurn=85 EscapeResult=2 InitialResult=4 LevelAfter=2 LootInfo=-1 Name=LOC_CITIZEN_MAYA_MALE_6 Operation=58 PlotIndex=1404
mission CityName=LOC_CITY_NAME_SAINT_JOHN CompletionTurn=85 EscapeResult=-1 InitialResult=0 LevelAfter=2 LootInfo=-1 Name=LOC_CITIZEN_MAYA_FEMALE_4 Operation=58 PlotIndex=1409
mission CityName=LOC_CITY_NAME_TE_HOKIANGA_NU_A_KUPE CompletionTurn=85 EscapeResult=1 InitialResult=4 LevelAfter=2 LootInfo=-1 Name=LOC_CITIZEN_MAYA_MODERN_MALE_5 Operation=58 PlotIndex=772
mission CityName=LOC_CITY_NAME_MONTREAL CompletionTurn=85 EscapeResult=0 InitialResult=4 LevelAfter=2 LootInfo=-1 Name=LOC_CITIZEN_MAYA_MALE_2 Operation=58 PlotIndex=1314
mission CityName=LOC_CITY_NAME_NGARUAWAHIA CompletionTurn=85 EscapeResult=-1 InitialResult=1 LevelAfter=2 LootInfo=-1 Name=LOC_CITIZEN_MAYA_MODERN_MALE_9 Operation=58 PlotIndex=1833
mission CityName=LOC_CITY_NAME_QUEBEC_CITY CompletionTurn=80 EscapeResult=-1 InitialResult=3 LevelAfter=1 LootInfo=-1 Name=LOC_CITIZEN_MAYA_MALE_6 Operation=58 PlotIndex=1404
mission CityName=LOC_CITY_NAME_MONTREAL CompletionTurn=79 EscapeResult=-1 InitialResult=1 LevelAfter=1 LootInfo=-1 Name=LOC_CITIZEN_MAYA_MALE_7 Operation=58 PlotIndex=1314
mission CityName=LOC_CITY_NAME_UPPSALA CompletionTurn=79 EscapeResult=0 InitialResult=4 LevelAfter=2 LootInfo=-1 Name=LOC_CITIZEN_MAYA_MODERN_MALE_6 Operation=58 PlotIndex=993
mission CityName=LOC_CITY_NAME_SAINT_JOHN CompletionTurn=77 EscapeResult=-1 InitialResult=1 LevelAfter=1 LootInfo=-1 Name=LOC_CITIZEN_MAYA_MODERN_FEMALE_7 Operation=58 PlotIndex=1409
mission CityName=LOC_CITY_NAME_STOCKHOLM CompletionTurn=75 EscapeResult=1 InitialResult=4 LevelAfter=2 LootInfo=-1 Name=LOC_CITIZEN_MAYA_MODERN_MALE_2 Operation=58 PlotIndex=1253
mission CityName=LOC_CITY_NAME_TORONTO CompletionTurn=75 EscapeResult=2 InitialResult=2 LevelAfter=2 LootInfo=-1 Name=LOC_CITIZEN_MAYA_MODERN_FEMALE_8 Operation=58 PlotIndex=1818
mission CityName=LOC_CITY_NAME_OTTAWA CompletionTurn=75 EscapeResult=2 InitialResult=4 LevelAfter=2 LootInfo=-1 Name=LOC_CITIZEN_MAYA_MALE_5 Operation=58 PlotIndex=978
mission CityName=LOC_CITY_NAME_SAINT_JOHN CompletionTurn=73 EscapeResult=-1 InitialResult=1 LevelAfter=1 LootInfo=-1 Name=LOC_CITIZEN_MAYA_FEMALE_8 Operation=58 PlotIndex=1409
mission CityName=LOC_CITY_NAME_QUEBEC_CITY CompletionTurn=73 EscapeResult=-1 InitialResult=0 LevelAfter=1 LootInfo=-1 Name=LOC_CITIZEN_MAYA_FEMALE_9 Operation=58 PlotIndex=1404
mission CityName=LOC_CITY_NAME_STOCKHOLM CompletionTurn=70 EscapeResult=-1 InitialResult=1 LevelAfter=1 LootInfo=-1 Name=LOC_CITIZEN_MAYA_MALE_1 Operation=58 PlotIndex=1253
mission CityName=LOC_CITY_NAME_GOTEBORG CompletionTurn=70 EscapeResult=0 InitialResult=4 LevelAfter=2 LootInfo=-1 Name=LOC_CITIZEN_MAYA_MODERN_FEMALE_1 Operation=58 PlotIndex=1081
mission CityName=LOC_CITY_NAME_OTTAWA CompletionTurn=70 EscapeResult=1 InitialResult=2 LevelAfter=2 LootInfo=-1 Name=LOC_CITIZEN_MAYA_MODERN_FEMALE_9 Operation=58 PlotIndex=978
mission CityName=LOC_CITY_NAME_QUEBEC_CITY CompletionTurn=68 EscapeResult=-1 InitialResult=1 LevelAfter=1 LootInfo=-1 Name=LOC_CITIZEN_MAYA_MODERN_FEMALE_3 Operation=58 PlotIndex=1404
mission CityName=LOC_CITY_NAME_NGARUAWAHIA CompletionTurn=67 EscapeResult=2 InitialResult=4 LevelAfter=2 LootInfo=-1 Name=LOC_CITIZEN_MAYA_MODERN_MALE_9 Operation=58 PlotIndex=1833
mission CityName=LOC_CITY_NAME_TE_HOKIANGA_NU_A_KUPE CompletionTurn=66 EscapeResult=2 InitialResult=4 LevelAfter=2 LootInfo=-1 Name=LOC_CITIZEN_MAYA_FEMALE_4 Operation=58 PlotIndex=772
mission CityName=LOC_CITY_NAME_MONTREAL CompletionTurn=66 EscapeResult=0 InitialResult=4 LevelAfter=2 LootInfo=-1 Name=LOC_CITIZEN_MAYA_MALE_3 Operation=58 PlotIndex=1314
mission CityName=LOC_CITY_NAME_OTTAWA CompletionTurn=66 EscapeResult=-1 InitialResult=3 LevelAfter=2 LootInfo=-1 Name=LOC_CITIZEN_MAYA_MODERN_FEMALE_9 Operation=58 PlotIndex=978
mission CityName=LOC_CITY_NAME_TORONTO CompletionTurn=66 EscapeResult=0 InitialResult=2 LevelAfter=1 LootInfo=-1 Name=LOC_CITIZEN_MAYA_MALE_8 Operation=58 PlotIndex=1818
mission CityName=LOC_CITY_NAME_QUEBEC_CITY CompletionTurn=64 EscapeResult=-1 InitialResult=3 LevelAfter=1 LootInfo=-1 Name=LOC_CITIZEN_MAYA_MODERN_FEMALE_3 Operation=58 PlotIndex=1404
mission CityName=LOC_CITY_NAME_TORONTO CompletionTurn=62 EscapeResult=-1 InitialResult=5 LevelAfter=2 LootInfo=-1 Name=LOC_CITIZEN_MAYA_MODERN_FEMALE_8 Operation=58 PlotIndex=1818
mission CityName=LOC_CITY_NAME_OTTAWA CompletionTurn=62 EscapeResult=-1 InitialResult=3 LevelAfter=1 LootInfo=-1 Name=LOC_CITIZEN_MAYA_MALE_5 Operation=58 PlotIndex=978
mission CityName=LOC_CITY_NAME_MONTREAL CompletionTurn=62 EscapeResult=-1 InitialResult=5 LevelAfter=2 LootInfo=-1 Name=LOC_CITIZEN_MAYA_MALE_3 Operation=58 PlotIndex=1314
mission CityName=LOC_CITY_NAME_OTTAWA CompletionTurn=58 EscapeResult=-1 InitialResult=5 LevelAfter=2 LootInfo=-1 Name=LOC_CITIZEN_MAYA_MODERN_FEMALE_9 Operation=58 PlotIndex=978
mission CityName=LOC_CITY_NAME_MONTREAL CompletionTurn=58 EscapeResult=-1 InitialResult=1 LevelAfter=1 LootInfo=-1 Name=LOC_CITIZEN_MAYA_FEMALE_5 Operation=58 PlotIndex=1314
tally 12  FOMENT_UNREST CAPTURED / NO_RESULT
tally 1  FOMENT_UNREST FAIL_MUST_ESCAPE / CAPTURED
tally 3  FOMENT_UNREST FAIL_MUST_ESCAPE / FAIL_MUST_ESCAPE
tally 2  FOMENT_UNREST FAIL_MUST_ESCAPE / KILLED
tally 1  FOMENT_UNREST FAIL_MUST_ESCAPE / NO_RESULT
tally 5  FOMENT_UNREST FAIL_UNDETECTED / NO_RESULT
tally 2  FOMENT_UNREST KILLED / NO_RESULT
tally 2  FOMENT_UNREST SUCCESS_MUST_ESCAPE / CAPTURED
tally 4  FOMENT_UNREST SUCCESS_MUST_ESCAPE / FAIL_MUST_ESCAPE
tally 5  FOMENT_UNREST SUCCESS_MUST_ESCAPE / KILLED
tally 7  FOMENT_UNREST SUCCESS_UNDETECTED / NO_RESULT
turn 130 spies active 1 idle 0 missions 44 captured-enemy 0
spy 6225930 LOC_CITIZEN_MAYA_MODERN_MALE_1 level 1 at 54:15 busy
turn 130 spies 1 started 0 travelled 0 promoted 0 bought 0 gold 50000
unblock: blocker ENDTURN_BLOCKING_PRODUCTION -> CHICHEN_ITZA builds UNIT_WARRIOR | end turn requested
unblock: blocker ENDTURN_BLOCKING_SPY_CHOOSE_ESCAPE_ROUTE -> escape route DISTRICT_CITY_CENTER of 1 for spy 6225930 LOC_CITIZEN_MAYA_MODERN_MALE_1 level 1 turn 130 | end turn requested
unstuck: closed sessions [6:6]
unstuck: DiplomacyActionView: Closing Diplomacy Action View. m_eventID: 685283
unblock: blocker ENDTURN_BLOCKING_SPY_CHOOSE_ESCAPE_ROUTE -> escape route DISTRICT_CITY_CENTER of 1 for spy 6225930 LOC_CITIZEN_MAYA_MODERN_MALE_1 level 1 turn 131 | end turn requested
unstuck: closed sessions [1:1]
unstuck: DiplomacyActionView: closed
mission CityName=LOC_CITY_NAME_MONTREAL CompletionTurn=120 EscapeResult=0 InitialResult=2 LevelAfter=2 LootInfo=-1 Name=LOC_CITIZEN_MAYA_MODERN_MALE_1 Operation=58 PlotIndex=1314
mission CityName=LOC_CITY_NAME_MONTREAL CompletionTurn=116 EscapeResult=-1 InitialResult=1 LevelAfter=1 LootInfo=-1 Name=LOC_CITIZEN_MAYA_MALE_10 Operation=58 PlotIndex=1314
mission CityName=LOC_CITY_NAME_TORONTO CompletionTurn=116 EscapeResult=-1 InitialResult=1 LevelAfter=1 LootInfo=-1 Name=LOC_CITIZEN_MAYA_MALE_4 Operation=58 PlotIndex=1818
mission CityName=LOC_CITY_NAME_OTTAWA CompletionTurn=111 EscapeResult=-1 InitialResult=1 LevelAfter=2 LootInfo=-1 Name=LOC_CITIZEN_MAYA_MALE_5 Operation=58 PlotIndex=978
mission CityName=LOC_CITY_NAME_MONTREAL CompletionTurn=107 EscapeResult=0 InitialResult=2 LevelAfter=2 LootInfo=-1 Name=LOC_CITIZEN_MAYA_MALE_6 Operation=58 PlotIndex=1314
mission CityName=LOC_CITY_NAME_OTTAWA CompletionTurn=105 EscapeResult=2 InitialResult=2 LevelAfter=2 LootInfo=-1 Name=LOC_CITIZEN_MAYA_MODERN_MALE_1 Operation=58 PlotIndex=978
mission CityName=LOC_CITY_NAME_TORONTO CompletionTurn=104 EscapeResult=-1 InitialResult=1 LevelAfter=2 LootInfo=-1 Name=LOC_CITIZEN_MAYA_FEMALE_6 Operation=58 PlotIndex=1818
mission CityName=LOC_CITY_NAME_QUEBEC_CITY CompletionTurn=103 EscapeResult=0 InitialResult=4 LevelAfter=2 LootInfo=-1 Name=LOC_CITIZEN_MAYA_MODERN_FEMALE_8 Operation=58 PlotIndex=1404
mission CityName=LOC_CITY_NAME_OTTAWA CompletionTurn=101 EscapeResult=-1 InitialResult=5 LevelAfter=2 LootInfo=-1 Name=LOC_CITIZEN_MAYA_MODERN_MALE_1 Operation=58 PlotIndex=978
mission CityName=LOC_CITY_NAME_TORONTO CompletionTurn=100 EscapeResult=-1 InitialResult=5 LevelAfter=2 LootInfo=-1 Name=LOC_CITIZEN_MAYA_FEMALE_6 Operation=58 PlotIndex=1818
mission CityName=LOC_CITY_NAME_MONTREAL CompletionTurn=99 EscapeResult=-1 InitialResult=1 LevelAfter=1 LootInfo=-1 Name=LOC_CITIZEN_MAYA_MODERN_FEMALE_5 Operation=58 PlotIndex=1314
mission CityName=LOC_CITY_NAME_OTTAWA CompletionTurn=97 EscapeResult=-1 InitialResult=3 LevelAfter=2 LootInfo=-1 Name=LOC_CITIZEN_MAYA_MODERN_MALE_1 Operation=58 PlotIndex=978
mission CityName=LOC_CITY_NAME_OTTAWA CompletionTurn=93 EscapeResult=-1 InitialResult=5 LevelAfter=2 LootInfo=-1 Name=LOC_CITIZEN_MAYA_MODERN_MALE_1 Operation=58 PlotIndex=978
mission CityName=LOC_CITY_NAME_TORONTO CompletionTurn=91 EscapeResult=2 InitialResult=2 LevelAfter=2 LootInfo=-1 Name=LOC_CITIZEN_MAYA_MODERN_FEMALE_8 Operation=58 PlotIndex=1818
mission CityName=LOC_CITY_NAME_OTTAWA CompletionTurn=89 EscapeResult=-1 InitialResult=5 LevelAfter=2 LootInfo=-1 Name=LOC_CITIZEN_MAYA_MALE_5 Operation=58 PlotIndex=978
mission CityName=LOC_CITY_NAME_QUEBEC_CITY CompletionTurn=85 EscapeResult=2 InitialResult=4 LevelAfter=2 LootInfo=-1 Name=LOC_CITIZEN_MAYA_MALE_6 Operation=58 PlotIndex=1404
mission CityName=LOC_CITY_NAME_SAINT_JOHN CompletionTurn=85 EscapeResult=-1 InitialResult=0 LevelAfter=2 LootInfo=-1 Name=LOC_CITIZEN_MAYA_FEMALE_4 Operation=58 PlotIndex=1409
mission CityName=LOC_CITY_NAME_TE_HOKIANGA_NU_A_KUPE CompletionTurn=85 EscapeResult=1 InitialResult=4 LevelAfter=2 LootInfo=-1 Name=LOC_CITIZEN_MAYA_MODERN_MALE_5 Operation=58 PlotIndex=772
mission CityName=LOC_CITY_NAME_MONTREAL CompletionTurn=85 EscapeResult=0 InitialResult=4 LevelAfter=2 LootInfo=-1 Name=LOC_CITIZEN_MAYA_MALE_2 Operation=58 PlotIndex=1314
mission CityName=LOC_CITY_NAME_NGARUAWAHIA CompletionTurn=85 EscapeResult=-1 InitialResult=1 LevelAfter=2 LootInfo=-1 Name=LOC_CITIZEN_MAYA_MODERN_MALE_9 Operation=58 PlotIndex=1833
mission CityName=LOC_CITY_NAME_QUEBEC_CITY CompletionTurn=80 EscapeResult=-1 InitialResult=3 LevelAfter=1 LootInfo=-1 Name=LOC_CITIZEN_MAYA_MALE_6 Operation=58 PlotIndex=1404
mission CityName=LOC_CITY_NAME_MONTREAL CompletionTurn=79 EscapeResult=-1 InitialResult=1 LevelAfter=1 LootInfo=-1 Name=LOC_CITIZEN_MAYA_MALE_7 Operation=58 PlotIndex=1314
mission CityName=LOC_CITY_NAME_UPPSALA CompletionTurn=79 EscapeResult=0 InitialResult=4 LevelAfter=2 LootInfo=-1 Name=LOC_CITIZEN_MAYA_MODERN_MALE_6 Operation=58 PlotIndex=993
mission CityName=LOC_CITY_NAME_SAINT_JOHN CompletionTurn=77 EscapeResult=-1 InitialResult=1 LevelAfter=1 LootInfo=-1 Name=LOC_CITIZEN_MAYA_MODERN_FEMALE_7 Operation=58 PlotIndex=1409
mission CityName=LOC_CITY_NAME_STOCKHOLM CompletionTurn=75 EscapeResult=1 InitialResult=4 LevelAfter=2 LootInfo=-1 Name=LOC_CITIZEN_MAYA_MODERN_MALE_2 Operation=58 PlotIndex=1253
mission CityName=LOC_CITY_NAME_TORONTO CompletionTurn=75 EscapeResult=2 InitialResult=2 LevelAfter=2 LootInfo=-1 Name=LOC_CITIZEN_MAYA_MODERN_FEMALE_8 Operation=58 PlotIndex=1818
mission CityName=LOC_CITY_NAME_OTTAWA CompletionTurn=75 EscapeResult=2 InitialResult=4 LevelAfter=2 LootInfo=-1 Name=LOC_CITIZEN_MAYA_MALE_5 Operation=58 PlotIndex=978
mission CityName=LOC_CITY_NAME_SAINT_JOHN CompletionTurn=73 EscapeResult=-1 InitialResult=1 LevelAfter=1 LootInfo=-1 Name=LOC_CITIZEN_MAYA_FEMALE_8 Operation=58 PlotIndex=1409
mission CityName=LOC_CITY_NAME_QUEBEC_CITY CompletionTurn=73 EscapeResult=-1 InitialResult=0 LevelAfter=1 LootInfo=-1 Name=LOC_CITIZEN_MAYA_FEMALE_9 Operation=58 PlotIndex=1404
mission CityName=LOC_CITY_NAME_STOCKHOLM CompletionTurn=70 EscapeResult=-1 InitialResult=1 LevelAfter=1 LootInfo=-1 Name=LOC_CITIZEN_MAYA_MALE_1 Operation=58 PlotIndex=1253
mission CityName=LOC_CITY_NAME_GOTEBORG CompletionTurn=70 EscapeResult=0 InitialResult=4 LevelAfter=2 LootInfo=-1 Name=LOC_CITIZEN_MAYA_MODERN_FEMALE_1 Operation=58 PlotIndex=1081
mission CityName=LOC_CITY_NAME_OTTAWA CompletionTurn=70 EscapeResult=1 InitialResult=2 LevelAfter=2 LootInfo=-1 Name=LOC_CITIZEN_MAYA_MODERN_FEMALE_9 Operation=58 PlotIndex=978
mission CityName=LOC_CITY_NAME_QUEBEC_CITY CompletionTurn=68 EscapeResult=-1 InitialResult=1 LevelAfter=1 LootInfo=-1 Name=LOC_CITIZEN_MAYA_MODERN_FEMALE_3 Operation=58 PlotIndex=1404
mission CityName=LOC_CITY_NAME_NGARUAWAHIA CompletionTurn=67 EscapeResult=2 InitialResult=4 LevelAfter=2 LootInfo=-1 Name=LOC_CITIZEN_MAYA_MODERN_MALE_9 Operation=58 PlotIndex=1833
mission CityName=LOC_CITY_NAME_TE_HOKIANGA_NU_A_KUPE CompletionTurn=66 EscapeResult=2 InitialResult=4 LevelAfter=2 LootInfo=-1 Name=LOC_CITIZEN_MAYA_FEMALE_4 Operation=58 PlotIndex=772
mission CityName=LOC_CITY_NAME_MONTREAL CompletionTurn=66 EscapeResult=0 InitialResult=4 LevelAfter=2 LootInfo=-1 Name=LOC_CITIZEN_MAYA_MALE_3 Operation=58 PlotIndex=1314
mission CityName=LOC_CITY_NAME_OTTAWA CompletionTurn=66 EscapeResult=-1 InitialResult=3 LevelAfter=2 LootInfo=-1 Name=LOC_CITIZEN_MAYA_MODERN_FEMALE_9 Operation=58 PlotIndex=978
mission CityName=LOC_CITY_NAME_TORONTO CompletionTurn=66 EscapeResult=0 InitialResult=2 LevelAfter=1 LootInfo=-1 Name=LOC_CITIZEN_MAYA_MALE_8 Operation=58 PlotIndex=1818
mission CityName=LOC_CITY_NAME_QUEBEC_CITY CompletionTurn=64 EscapeResult=-1 InitialResult=3 LevelAfter=1 LootInfo=-1 Name=LOC_CITIZEN_MAYA_MODERN_FEMALE_3 Operation=58 PlotIndex=1404
mission CityName=LOC_CITY_NAME_TORONTO CompletionTurn=62 EscapeResult=-1 InitialResult=5 LevelAfter=2 LootInfo=-1 Name=LOC_CITIZEN_MAYA_MODERN_FEMALE_8 Operation=58 PlotIndex=1818
mission CityName=LOC_CITY_NAME_OTTAWA CompletionTurn=62 EscapeResult=-1 InitialResult=3 LevelAfter=1 LootInfo=-1 Name=LOC_CITIZEN_MAYA_MALE_5 Operation=58 PlotIndex=978
mission CityName=LOC_CITY_NAME_MONTREAL CompletionTurn=62 EscapeResult=-1 InitialResult=5 LevelAfter=2 LootInfo=-1 Name=LOC_CITIZEN_MAYA_MALE_3 Operation=58 PlotIndex=1314
mission CityName=LOC_CITY_NAME_OTTAWA CompletionTurn=58 EscapeResult=-1 InitialResult=5 LevelAfter=2 LootInfo=-1 Name=LOC_CITIZEN_MAYA_MODERN_FEMALE_9 Operation=58 PlotIndex=978
mission CityName=LOC_CITY_NAME_MONTREAL CompletionTurn=58 EscapeResult=-1 InitialResult=1 LevelAfter=1 LootInfo=-1 Name=LOC_CITIZEN_MAYA_FEMALE_5 Operation=58 PlotIndex=1314
tally 12  FOMENT_UNREST CAPTURED / NO_RESULT
tally 1  FOMENT_UNREST FAIL_MUST_ESCAPE / CAPTURED
tally 3  FOMENT_UNREST FAIL_MUST_ESCAPE / FAIL_MUST_ESCAPE
tally 3  FOMENT_UNREST FAIL_MUST_ESCAPE / KILLED
tally 5  FOMENT_UNREST FAIL_UNDETECTED / NO_RESULT
tally 2  FOMENT_UNREST KILLED / NO_RESULT
tally 2  FOMENT_UNREST SUCCESS_MUST_ESCAPE / CAPTURED
tally 4  FOMENT_UNREST SUCCESS_MUST_ESCAPE / FAIL_MUST_ESCAPE
tally 5  FOMENT_UNREST SUCCESS_MUST_ESCAPE / KILLED
tally 7  FOMENT_UNREST SUCCESS_UNDETECTED / NO_RESULT
turn 131 spies active 0 idle 0 missions 44 captured-enemy 0
turn 131 spies 0 started 0 travelled 0 promoted 0 bought 2 gold 50000
unblock: blocker ENDTURN_BLOCKING_CIVIC -> civic CIVIC_MEDIEVAL_FAIRES | end turn requested
unblock: blocker ENDTURN_BLOCKING_RESEARCH -> research TECH_APPRENTICESHIP | end turn requested
mission CityName=LOC_CITY_NAME_MONTREAL CompletionTurn=120 EscapeResult=0 InitialResult=2 LevelAfter=2 LootInfo=-1 Name=LOC_CITIZEN_MAYA_MODERN_MALE_1 Operation=58 PlotIndex=1314
mission CityName=LOC_CITY_NAME_MONTREAL CompletionTurn=116 EscapeResult=-1 InitialResult=1 LevelAfter=1 LootInfo=-1 Name=LOC_CITIZEN_MAYA_MALE_10 Operation=58 PlotIndex=1314
mission CityName=LOC_CITY_NAME_TORONTO CompletionTurn=116 EscapeResult=-1 InitialResult=1 LevelAfter=1 LootInfo=-1 Name=LOC_CITIZEN_MAYA_MALE_4 Operation=58 PlotIndex=1818
mission CityName=LOC_CITY_NAME_OTTAWA CompletionTurn=111 EscapeResult=-1 InitialResult=1 LevelAfter=2 LootInfo=-1 Name=LOC_CITIZEN_MAYA_MALE_5 Operation=58 PlotIndex=978
mission CityName=LOC_CITY_NAME_MONTREAL CompletionTurn=107 EscapeResult=0 InitialResult=2 LevelAfter=2 LootInfo=-1 Name=LOC_CITIZEN_MAYA_MALE_6 Operation=58 PlotIndex=1314
mission CityName=LOC_CITY_NAME_OTTAWA CompletionTurn=105 EscapeResult=2 InitialResult=2 LevelAfter=2 LootInfo=-1 Name=LOC_CITIZEN_MAYA_MODERN_MALE_1 Operation=58 PlotIndex=978
mission CityName=LOC_CITY_NAME_TORONTO CompletionTurn=104 EscapeResult=-1 InitialResult=1 LevelAfter=2 LootInfo=-1 Name=LOC_CITIZEN_MAYA_FEMALE_6 Operation=58 PlotIndex=1818
mission CityName=LOC_CITY_NAME_QUEBEC_CITY CompletionTurn=103 EscapeResult=0 InitialResult=4 LevelAfter=2 LootInfo=-1 Name=LOC_CITIZEN_MAYA_MODERN_FEMALE_8 Operation=58 PlotIndex=1404
mission CityName=LOC_CITY_NAME_OTTAWA CompletionTurn=101 EscapeResult=-1 InitialResult=5 LevelAfter=2 LootInfo=-1 Name=LOC_CITIZEN_MAYA_MODERN_MALE_1 Operation=58 PlotIndex=978
mission CityName=LOC_CITY_NAME_TORONTO CompletionTurn=100 EscapeResult=-1 InitialResult=5 LevelAfter=2 LootInfo=-1 Name=LOC_CITIZEN_MAYA_FEMALE_6 Operation=58 PlotIndex=1818
mission CityName=LOC_CITY_NAME_MONTREAL CompletionTurn=99 EscapeResult=-1 InitialResult=1 LevelAfter=1 LootInfo=-1 Name=LOC_CITIZEN_MAYA_MODERN_FEMALE_5 Operation=58 PlotIndex=1314
mission CityName=LOC_CITY_NAME_OTTAWA CompletionTurn=97 EscapeResult=-1 InitialResult=3 LevelAfter=2 LootInfo=-1 Name=LOC_CITIZEN_MAYA_MODERN_MALE_1 Operation=58 PlotIndex=978
mission CityName=LOC_CITY_NAME_OTTAWA CompletionTurn=93 EscapeResult=-1 InitialResult=5 LevelAfter=2 LootInfo=-1 Name=LOC_CITIZEN_MAYA_MODERN_MALE_1 Operation=58 PlotIndex=978
mission CityName=LOC_CITY_NAME_TORONTO CompletionTurn=91 EscapeResult=2 InitialResult=2 LevelAfter=2 LootInfo=-1 Name=LOC_CITIZEN_MAYA_MODERN_FEMALE_8 Operation=58 PlotIndex=1818
mission CityName=LOC_CITY_NAME_OTTAWA CompletionTurn=89 EscapeResult=-1 InitialResult=5 LevelAfter=2 LootInfo=-1 Name=LOC_CITIZEN_MAYA_MALE_5 Operation=58 PlotIndex=978
mission CityName=LOC_CITY_NAME_QUEBEC_CITY CompletionTurn=85 EscapeResult=2 InitialResult=4 LevelAfter=2 LootInfo=-1 Name=LOC_CITIZEN_MAYA_MALE_6 Operation=58 PlotIndex=1404
mission CityName=LOC_CITY_NAME_SAINT_JOHN CompletionTurn=85 EscapeResult=-1 InitialResult=0 LevelAfter=2 LootInfo=-1 Name=LOC_CITIZEN_MAYA_FEMALE_4 Operation=58 PlotIndex=1409
mission CityName=LOC_CITY_NAME_TE_HOKIANGA_NU_A_KUPE CompletionTurn=85 EscapeResult=1 InitialResult=4 LevelAfter=2 LootInfo=-1 Name=LOC_CITIZEN_MAYA_MODERN_MALE_5 Operation=58 PlotIndex=772
mission CityName=LOC_CITY_NAME_MONTREAL CompletionTurn=85 EscapeResult=0 InitialResult=4 LevelAfter=2 LootInfo=-1 Name=LOC_CITIZEN_MAYA_MALE_2 Operation=58 PlotIndex=1314
mission CityName=LOC_CITY_NAME_NGARUAWAHIA CompletionTurn=85 EscapeResult=-1 InitialResult=1 LevelAfter=2 LootInfo=-1 Name=LOC_CITIZEN_MAYA_MODERN_MALE_9 Operation=58 PlotIndex=1833
mission CityName=LOC_CITY_NAME_QUEBEC_CITY CompletionTurn=80 EscapeResult=-1 InitialResult=3 LevelAfter=1 LootInfo=-1 Name=LOC_CITIZEN_MAYA_MALE_6 Operation=58 PlotIndex=1404
mission CityName=LOC_CITY_NAME_MONTREAL CompletionTurn=79 EscapeResult=-1 InitialResult=1 LevelAfter=1 LootInfo=-1 Name=LOC_CITIZEN_MAYA_MALE_7 Operation=58 PlotIndex=1314
mission CityName=LOC_CITY_NAME_UPPSALA CompletionTurn=79 EscapeResult=0 InitialResult=4 LevelAfter=2 LootInfo=-1 Name=LOC_CITIZEN_MAYA_MODERN_MALE_6 Operation=58 PlotIndex=993
mission CityName=LOC_CITY_NAME_SAINT_JOHN CompletionTurn=77 EscapeResult=-1 InitialResult=1 LevelAfter=1 LootInfo=-1 Name=LOC_CITIZEN_MAYA_MODERN_FEMALE_7 Operation=58 PlotIndex=1409
mission CityName=LOC_CITY_NAME_STOCKHOLM CompletionTurn=75 EscapeResult=1 InitialResult=4 LevelAfter=2 LootInfo=-1 Name=LOC_CITIZEN_MAYA_MODERN_MALE_2 Operation=58 PlotIndex=1253
mission CityName=LOC_CITY_NAME_TORONTO CompletionTurn=75 EscapeResult=2 InitialResult=2 LevelAfter=2 LootInfo=-1 Name=LOC_CITIZEN_MAYA_MODERN_FEMALE_8 Operation=58 PlotIndex=1818
mission CityName=LOC_CITY_NAME_OTTAWA CompletionTurn=75 EscapeResult=2 InitialResult=4 LevelAfter=2 LootInfo=-1 Name=LOC_CITIZEN_MAYA_MALE_5 Operation=58 PlotIndex=978
mission CityName=LOC_CITY_NAME_SAINT_JOHN CompletionTurn=73 EscapeResult=-1 InitialResult=1 LevelAfter=1 LootInfo=-1 Name=LOC_CITIZEN_MAYA_FEMALE_8 Operation=58 PlotIndex=1409
mission CityName=LOC_CITY_NAME_QUEBEC_CITY CompletionTurn=73 EscapeResult=-1 InitialResult=0 LevelAfter=1 LootInfo=-1 Name=LOC_CITIZEN_MAYA_FEMALE_9 Operation=58 PlotIndex=1404
mission CityName=LOC_CITY_NAME_STOCKHOLM CompletionTurn=70 EscapeResult=-1 InitialResult=1 LevelAfter=1 LootInfo=-1 Name=LOC_CITIZEN_MAYA_MALE_1 Operation=58 PlotIndex=1253
mission CityName=LOC_CITY_NAME_GOTEBORG CompletionTurn=70 EscapeResult=0 InitialResult=4 LevelAfter=2 LootInfo=-1 Name=LOC_CITIZEN_MAYA_MODERN_FEMALE_1 Operation=58 PlotIndex=1081
mission CityName=LOC_CITY_NAME_OTTAWA CompletionTurn=70 EscapeResult=1 InitialResult=2 LevelAfter=2 LootInfo=-1 Name=LOC_CITIZEN_MAYA_MODERN_FEMALE_9 Operation=58 PlotIndex=978
mission CityName=LOC_CITY_NAME_QUEBEC_CITY CompletionTurn=68 EscapeResult=-1 InitialResult=1 LevelAfter=1 LootInfo=-1 Name=LOC_CITIZEN_MAYA_MODERN_FEMALE_3 Operation=58 PlotIndex=1404
mission CityName=LOC_CITY_NAME_NGARUAWAHIA CompletionTurn=67 EscapeResult=2 InitialResult=4 LevelAfter=2 LootInfo=-1 Name=LOC_CITIZEN_MAYA_MODERN_MALE_9 Operation=58 PlotIndex=1833
mission CityName=LOC_CITY_NAME_TE_HOKIANGA_NU_A_KUPE CompletionTurn=66 EscapeResult=2 InitialResult=4 LevelAfter=2 LootInfo=-1 Name=LOC_CITIZEN_MAYA_FEMALE_4 Operation=58 PlotIndex=772
mission CityName=LOC_CITY_NAME_MONTREAL CompletionTurn=66 EscapeResult=0 InitialResult=4 LevelAfter=2 LootInfo=-1 Name=LOC_CITIZEN_MAYA_MALE_3 Operation=58 PlotIndex=1314
mission CityName=LOC_CITY_NAME_OTTAWA CompletionTurn=66 EscapeResult=-1 InitialResult=3 LevelAfter=2 LootInfo=-1 Name=LOC_CITIZEN_MAYA_MODERN_FEMALE_9 Operation=58 PlotIndex=978
mission CityName=LOC_CITY_NAME_TORONTO CompletionTurn=66 EscapeResult=0 InitialResult=2 LevelAfter=1 LootInfo=-1 Name=LOC_CITIZEN_MAYA_MALE_8 Operation=58 PlotIndex=1818
mission CityName=LOC_CITY_NAME_QUEBEC_CITY CompletionTurn=64 EscapeResult=-1 InitialResult=3 LevelAfter=1 LootInfo=-1 Name=LOC_CITIZEN_MAYA_MODERN_FEMALE_3 Operation=58 PlotIndex=1404
mission CityName=LOC_CITY_NAME_TORONTO CompletionTurn=62 EscapeResult=-1 InitialResult=5 LevelAfter=2 LootInfo=-1 Name=LOC_CITIZEN_MAYA_MODERN_FEMALE_8 Operation=58 PlotIndex=1818
mission CityName=LOC_CITY_NAME_OTTAWA CompletionTurn=62 EscapeResult=-1 InitialResult=3 LevelAfter=1 LootInfo=-1 Name=LOC_CITIZEN_MAYA_MALE_5 Operation=58 PlotIndex=978
mission CityName=LOC_CITY_NAME_MONTREAL CompletionTurn=62 EscapeResult=-1 InitialResult=5 LevelAfter=2 LootInfo=-1 Name=LOC_CITIZEN_MAYA_MALE_3 Operation=58 PlotIndex=1314
mission CityName=LOC_CITY_NAME_OTTAWA CompletionTurn=58 EscapeResult=-1 InitialResult=5 LevelAfter=2 LootInfo=-1 Name=LOC_CITIZEN_MAYA_MODERN_FEMALE_9 Operation=58 PlotIndex=978
mission CityName=LOC_CITY_NAME_MONTREAL CompletionTurn=58 EscapeResult=-1 InitialResult=1 LevelAfter=1 LootInfo=-1 Name=LOC_CITIZEN_MAYA_FEMALE_5 Operation=58 PlotIndex=1314
tally 12  FOMENT_UNREST CAPTURED / NO_RESULT
tally 1  FOMENT_UNREST FAIL_MUST_ESCAPE / CAPTURED
tally 3  FOMENT_UNREST FAIL_MUST_ESCAPE / FAIL_MUST_ESCAPE
tally 3  FOMENT_UNREST FAIL_MUST_ESCAPE / KILLED
tally 5  FOMENT_UNREST FAIL_UNDETECTED / NO_RESULT
tally 2  FOMENT_UNREST KILLED / NO_RESULT
tally 2  FOMENT_UNREST SUCCESS_MUST_ESCAPE / CAPTURED
tally 4  FOMENT_UNREST SUCCESS_MUST_ESCAPE / FAIL_MUST_ESCAPE
tally 5  FOMENT_UNREST SUCCESS_MUST_ESCAPE / KILLED
tally 7  FOMENT_UNREST SUCCESS_UNDETECTED / NO_RESULT
turn 132 spies active 0 idle 1 missions 44 captured-enemy 0
spy 6946845 LOC_CITIZEN_MAYA_MODERN_MALE_3 level 1 at 36:42 travel
turn 132 spies 1 started 0 travelled 1 promoted 0 bought 0 gold 50000
unblock: blocker ENDTURN_BLOCKING_RESEARCH -> research TECH_APPRENTICESHIP | end turn requested
unstuck: InGamePopup: open, no close
unblock: blocker ENDTURN_BLOCKING_WORLD_CONGRESS_SESSION -> nothing | end turn requested
unstuck: InGamePopup: open, no close
unstuck: WorldCongressIntro: closed
unstuck: WorldCongressPopup: closed
mission CityName=LOC_CITY_NAME_MONTREAL CompletionTurn=120 EscapeResult=0 InitialResult=2 LevelAfter=2 LootInfo=-1 Name=LOC_CITIZEN_MAYA_MODERN_MALE_1 Operation=58 PlotIndex=1314
mission CityName=LOC_CITY_NAME_MONTREAL CompletionTurn=116 EscapeResult=-1 InitialResult=1 LevelAfter=1 LootInfo=-1 Name=LOC_CITIZEN_MAYA_MALE_10 Operation=58 PlotIndex=1314
mission CityName=LOC_CITY_NAME_TORONTO CompletionTurn=116 EscapeResult=-1 InitialResult=1 LevelAfter=1 LootInfo=-1 Name=LOC_CITIZEN_MAYA_MALE_4 Operation=58 PlotIndex=1818
mission CityName=LOC_CITY_NAME_OTTAWA CompletionTurn=111 EscapeResult=-1 InitialResult=1 LevelAfter=2 LootInfo=-1 Name=LOC_CITIZEN_MAYA_MALE_5 Operation=58 PlotIndex=978
mission CityName=LOC_CITY_NAME_MONTREAL CompletionTurn=107 EscapeResult=0 InitialResult=2 LevelAfter=2 LootInfo=-1 Name=LOC_CITIZEN_MAYA_MALE_6 Operation=58 PlotIndex=1314
mission CityName=LOC_CITY_NAME_OTTAWA CompletionTurn=105 EscapeResult=2 InitialResult=2 LevelAfter=2 LootInfo=-1 Name=LOC_CITIZEN_MAYA_MODERN_MALE_1 Operation=58 PlotIndex=978
mission CityName=LOC_CITY_NAME_TORONTO CompletionTurn=104 EscapeResult=-1 InitialResult=1 LevelAfter=2 LootInfo=-1 Name=LOC_CITIZEN_MAYA_FEMALE_6 Operation=58 PlotIndex=1818
mission CityName=LOC_CITY_NAME_QUEBEC_CITY CompletionTurn=103 EscapeResult=0 InitialResult=4 LevelAfter=2 LootInfo=-1 Name=LOC_CITIZEN_MAYA_MODERN_FEMALE_8 Operation=58 PlotIndex=1404
mission CityName=LOC_CITY_NAME_OTTAWA CompletionTurn=101 EscapeResult=-1 InitialResult=5 LevelAfter=2 LootInfo=-1 Name=LOC_CITIZEN_MAYA_MODERN_MALE_1 Operation=58 PlotIndex=978
mission CityName=LOC_CITY_NAME_TORONTO CompletionTurn=100 EscapeResult=-1 InitialResult=5 LevelAfter=2 LootInfo=-1 Name=LOC_CITIZEN_MAYA_FEMALE_6 Operation=58 PlotIndex=1818
mission CityName=LOC_CITY_NAME_MONTREAL CompletionTurn=99 EscapeResult=-1 InitialResult=1 LevelAfter=1 LootInfo=-1 Name=LOC_CITIZEN_MAYA_MODERN_FEMALE_5 Operation=58 PlotIndex=1314
mission CityName=LOC_CITY_NAME_OTTAWA CompletionTurn=97 EscapeResult=-1 InitialResult=3 LevelAfter=2 LootInfo=-1 Name=LOC_CITIZEN_MAYA_MODERN_MALE_1 Operation=58 PlotIndex=978
mission CityName=LOC_CITY_NAME_OTTAWA CompletionTurn=93 EscapeResult=-1 InitialResult=5 LevelAfter=2 LootInfo=-1 Name=LOC_CITIZEN_MAYA_MODERN_MALE_1 Operation=58 PlotIndex=978
mission CityName=LOC_CITY_NAME_TORONTO CompletionTurn=91 EscapeResult=2 InitialResult=2 LevelAfter=2 LootInfo=-1 Name=LOC_CITIZEN_MAYA_MODERN_FEMALE_8 Operation=58 PlotIndex=1818
mission CityName=LOC_CITY_NAME_OTTAWA CompletionTurn=89 EscapeResult=-1 InitialResult=5 LevelAfter=2 LootInfo=-1 Name=LOC_CITIZEN_MAYA_MALE_5 Operation=58 PlotIndex=978
mission CityName=LOC_CITY_NAME_QUEBEC_CITY CompletionTurn=85 EscapeResult=2 InitialResult=4 LevelAfter=2 LootInfo=-1 Name=LOC_CITIZEN_MAYA_MALE_6 Operation=58 PlotIndex=1404
mission CityName=LOC_CITY_NAME_SAINT_JOHN CompletionTurn=85 EscapeResult=-1 InitialResult=0 LevelAfter=2 LootInfo=-1 Name=LOC_CITIZEN_MAYA_FEMALE_4 Operation=58 PlotIndex=1409
mission CityName=LOC_CITY_NAME_TE_HOKIANGA_NU_A_KUPE CompletionTurn=85 EscapeResult=1 InitialResult=4 LevelAfter=2 LootInfo=-1 Name=LOC_CITIZEN_MAYA_MODERN_MALE_5 Operation=58 PlotIndex=772
mission CityName=LOC_CITY_NAME_MONTREAL CompletionTurn=85 EscapeResult=0 InitialResult=4 LevelAfter=2 LootInfo=-1 Name=LOC_CITIZEN_MAYA_MALE_2 Operation=58 PlotIndex=1314
mission CityName=LOC_CITY_NAME_NGARUAWAHIA CompletionTurn=85 EscapeResult=-1 InitialResult=1 LevelAfter=2 LootInfo=-1 Name=LOC_CITIZEN_MAYA_MODERN_MALE_9 Operation=58 PlotIndex=1833
mission CityName=LOC_CITY_NAME_QUEBEC_CITY CompletionTurn=80 EscapeResult=-1 InitialResult=3 LevelAfter=1 LootInfo=-1 Name=LOC_CITIZEN_MAYA_MALE_6 Operation=58 PlotIndex=1404
mission CityName=LOC_CITY_NAME_MONTREAL CompletionTurn=79 EscapeResult=-1 InitialResult=1 LevelAfter=1 LootInfo=-1 Name=LOC_CITIZEN_MAYA_MALE_7 Operation=58 PlotIndex=1314
mission CityName=LOC_CITY_NAME_UPPSALA CompletionTurn=79 EscapeResult=0 InitialResult=4 LevelAfter=2 LootInfo=-1 Name=LOC_CITIZEN_MAYA_MODERN_MALE_6 Operation=58 PlotIndex=993
mission CityName=LOC_CITY_NAME_SAINT_JOHN CompletionTurn=77 EscapeResult=-1 InitialResult=1 LevelAfter=1 LootInfo=-1 Name=LOC_CITIZEN_MAYA_MODERN_FEMALE_7 Operation=58 PlotIndex=1409
mission CityName=LOC_CITY_NAME_STOCKHOLM CompletionTurn=75 EscapeResult=1 InitialResult=4 LevelAfter=2 LootInfo=-1 Name=LOC_CITIZEN_MAYA_MODERN_MALE_2 Operation=58 PlotIndex=1253
mission CityName=LOC_CITY_NAME_TORONTO CompletionTurn=75 EscapeResult=2 InitialResult=2 LevelAfter=2 LootInfo=-1 Name=LOC_CITIZEN_MAYA_MODERN_FEMALE_8 Operation=58 PlotIndex=1818
mission CityName=LOC_CITY_NAME_OTTAWA CompletionTurn=75 EscapeResult=2 InitialResult=4 LevelAfter=2 LootInfo=-1 Name=LOC_CITIZEN_MAYA_MALE_5 Operation=58 PlotIndex=978
mission CityName=LOC_CITY_NAME_SAINT_JOHN CompletionTurn=73 EscapeResult=-1 InitialResult=1 LevelAfter=1 LootInfo=-1 Name=LOC_CITIZEN_MAYA_FEMALE_8 Operation=58 PlotIndex=1409
mission CityName=LOC_CITY_NAME_QUEBEC_CITY CompletionTurn=73 EscapeResult=-1 InitialResult=0 LevelAfter=1 LootInfo=-1 Name=LOC_CITIZEN_MAYA_FEMALE_9 Operation=58 PlotIndex=1404
mission CityName=LOC_CITY_NAME_STOCKHOLM CompletionTurn=70 EscapeResult=-1 InitialResult=1 LevelAfter=1 LootInfo=-1 Name=LOC_CITIZEN_MAYA_MALE_1 Operation=58 PlotIndex=1253
mission CityName=LOC_CITY_NAME_GOTEBORG CompletionTurn=70 EscapeResult=0 InitialResult=4 LevelAfter=2 LootInfo=-1 Name=LOC_CITIZEN_MAYA_MODERN_FEMALE_1 Operation=58 PlotIndex=1081
mission CityName=LOC_CITY_NAME_OTTAWA CompletionTurn=70 EscapeResult=1 InitialResult=2 LevelAfter=2 LootInfo=-1 Name=LOC_CITIZEN_MAYA_MODERN_FEMALE_9 Operation=58 PlotIndex=978
mission CityName=LOC_CITY_NAME_QUEBEC_CITY CompletionTurn=68 EscapeResult=-1 InitialResult=1 LevelAfter=1 LootInfo=-1 Name=LOC_CITIZEN_MAYA_MODERN_FEMALE_3 Operation=58 PlotIndex=1404
mission CityName=LOC_CITY_NAME_NGARUAWAHIA CompletionTurn=67 EscapeResult=2 InitialResult=4 LevelAfter=2 LootInfo=-1 Name=LOC_CITIZEN_MAYA_MODERN_MALE_9 Operation=58 PlotIndex=1833
mission CityName=LOC_CITY_NAME_TE_HOKIANGA_NU_A_KUPE CompletionTurn=66 EscapeResult=2 InitialResult=4 LevelAfter=2 LootInfo=-1 Name=LOC_CITIZEN_MAYA_FEMALE_4 Operation=58 PlotIndex=772
mission CityName=LOC_CITY_NAME_MONTREAL CompletionTurn=66 EscapeResult=0 InitialResult=4 LevelAfter=2 LootInfo=-1 Name=LOC_CITIZEN_MAYA_MALE_3 Operation=58 PlotIndex=1314
mission CityName=LOC_CITY_NAME_OTTAWA CompletionTurn=66 EscapeResult=-1 InitialResult=3 LevelAfter=2 LootInfo=-1 Name=LOC_CITIZEN_MAYA_MODERN_FEMALE_9 Operation=58 PlotIndex=978
mission CityName=LOC_CITY_NAME_TORONTO CompletionTurn=66 EscapeResult=0 InitialResult=2 LevelAfter=1 LootInfo=-1 Name=LOC_CITIZEN_MAYA_MALE_8 Operation=58 PlotIndex=1818
mission CityName=LOC_CITY_NAME_QUEBEC_CITY CompletionTurn=64 EscapeResult=-1 InitialResult=3 LevelAfter=1 LootInfo=-1 Name=LOC_CITIZEN_MAYA_MODERN_FEMALE_3 Operation=58 PlotIndex=1404
mission CityName=LOC_CITY_NAME_TORONTO CompletionTurn=62 EscapeResult=-1 InitialResult=5 LevelAfter=2 LootInfo=-1 Name=LOC_CITIZEN_MAYA_MODERN_FEMALE_8 Operation=58 PlotIndex=1818
mission CityName=LOC_CITY_NAME_OTTAWA CompletionTurn=62 EscapeResult=-1 InitialResult=3 LevelAfter=1 LootInfo=-1 Name=LOC_CITIZEN_MAYA_MALE_5 Operation=58 PlotIndex=978
mission CityName=LOC_CITY_NAME_MONTREAL CompletionTurn=62 EscapeResult=-1 InitialResult=5 LevelAfter=2 LootInfo=-1 Name=LOC_CITIZEN_MAYA_MALE_3 Operation=58 PlotIndex=1314
mission CityName=LOC_CITY_NAME_OTTAWA CompletionTurn=58 EscapeResult=-1 InitialResult=5 LevelAfter=2 LootInfo=-1 Name=LOC_CITIZEN_MAYA_MODERN_FEMALE_9 Operation=58 PlotIndex=978
mission CityName=LOC_CITY_NAME_MONTREAL CompletionTurn=58 EscapeResult=-1 InitialResult=1 LevelAfter=1 LootInfo=-1 Name=LOC_CITIZEN_MAYA_FEMALE_5 Operation=58 PlotIndex=1314
tally 12  FOMENT_UNREST CAPTURED / NO_RESULT
tally 1  FOMENT_UNREST FAIL_MUST_ESCAPE / CAPTURED
tally 3  FOMENT_UNREST FAIL_MUST_ESCAPE / FAIL_MUST_ESCAPE
tally 3  FOMENT_UNREST FAIL_MUST_ESCAPE / KILLED
tally 5  FOMENT_UNREST FAIL_UNDETECTED / NO_RESULT
tally 2  FOMENT_UNREST KILLED / NO_RESULT
tally 2  FOMENT_UNREST SUCCESS_MUST_ESCAPE / CAPTURED
tally 4  FOMENT_UNREST SUCCESS_MUST_ESCAPE / FAIL_MUST_ESCAPE
tally 5  FOMENT_UNREST SUCCESS_MUST_ESCAPE / KILLED
tally 7  FOMENT_UNREST SUCCESS_UNDETECTED / NO_RESULT
turn 133 spies active 0 idle 0 missions 44 captured-enemy 0
turn 133 spies 0 started 0 travelled 0 promoted 0 bought 0 gold 50000
unblock: blocker ENDTURN_BLOCKING_PRODUCTION -> NARANJO builds UNIT_WARRIOR | end turn requested
unstuck: InGamePopup: open, no close
unblock: blocker ENDTURN_BLOCKING_FILL_CIVIC_SLOT -> nothing | end turn requested
unstuck: closed sessions [3:3]
unstuck: DiplomacyActionView: Closing Diplomacy Action View. m_eventID: 709421
unstuck: InGamePopup: open, no close
unblock: blocker ENDTURN_BLOCKING_FILL_CIVIC_SLOT -> nothing | end turn requested
unstuck: closed sessions [6:6]
unstuck: DiplomacyActionView: Closing Diplomacy Action View. m_eventID: 711562
unstuck: InGamePopup: open, no close
mission CityName=LOC_CITY_NAME_MONTREAL CompletionTurn=120 EscapeResult=0 InitialResult=2 LevelAfter=2 LootInfo=-1 Name=LOC_CITIZEN_MAYA_MODERN_MALE_1 Operation=58 PlotIndex=1314
mission CityName=LOC_CITY_NAME_MONTREAL CompletionTurn=116 EscapeResult=-1 InitialResult=1 LevelAfter=1 LootInfo=-1 Name=LOC_CITIZEN_MAYA_MALE_10 Operation=58 PlotIndex=1314
mission CityName=LOC_CITY_NAME_TORONTO CompletionTurn=116 EscapeResult=-1 InitialResult=1 LevelAfter=1 LootInfo=-1 Name=LOC_CITIZEN_MAYA_MALE_4 Operation=58 PlotIndex=1818
mission CityName=LOC_CITY_NAME_OTTAWA CompletionTurn=111 EscapeResult=-1 InitialResult=1 LevelAfter=2 LootInfo=-1 Name=LOC_CITIZEN_MAYA_MALE_5 Operation=58 PlotIndex=978
mission CityName=LOC_CITY_NAME_MONTREAL CompletionTurn=107 EscapeResult=0 InitialResult=2 LevelAfter=2 LootInfo=-1 Name=LOC_CITIZEN_MAYA_MALE_6 Operation=58 PlotIndex=1314
mission CityName=LOC_CITY_NAME_OTTAWA CompletionTurn=105 EscapeResult=2 InitialResult=2 LevelAfter=2 LootInfo=-1 Name=LOC_CITIZEN_MAYA_MODERN_MALE_1 Operation=58 PlotIndex=978
mission CityName=LOC_CITY_NAME_TORONTO CompletionTurn=104 EscapeResult=-1 InitialResult=1 LevelAfter=2 LootInfo=-1 Name=LOC_CITIZEN_MAYA_FEMALE_6 Operation=58 PlotIndex=1818
mission CityName=LOC_CITY_NAME_QUEBEC_CITY CompletionTurn=103 EscapeResult=0 InitialResult=4 LevelAfter=2 LootInfo=-1 Name=LOC_CITIZEN_MAYA_MODERN_FEMALE_8 Operation=58 PlotIndex=1404
mission CityName=LOC_CITY_NAME_OTTAWA CompletionTurn=101 EscapeResult=-1 InitialResult=5 LevelAfter=2 LootInfo=-1 Name=LOC_CITIZEN_MAYA_MODERN_MALE_1 Operation=58 PlotIndex=978
mission CityName=LOC_CITY_NAME_TORONTO CompletionTurn=100 EscapeResult=-1 InitialResult=5 LevelAfter=2 LootInfo=-1 Name=LOC_CITIZEN_MAYA_FEMALE_6 Operation=58 PlotIndex=1818
mission CityName=LOC_CITY_NAME_MONTREAL CompletionTurn=99 EscapeResult=-1 InitialResult=1 LevelAfter=1 LootInfo=-1 Name=LOC_CITIZEN_MAYA_MODERN_FEMALE_5 Operation=58 PlotIndex=1314
mission CityName=LOC_CITY_NAME_OTTAWA CompletionTurn=97 EscapeResult=-1 InitialResult=3 LevelAfter=2 LootInfo=-1 Name=LOC_CITIZEN_MAYA_MODERN_MALE_1 Operation=58 PlotIndex=978
mission CityName=LOC_CITY_NAME_OTTAWA CompletionTurn=93 EscapeResult=-1 InitialResult=5 LevelAfter=2 LootInfo=-1 Name=LOC_CITIZEN_MAYA_MODERN_MALE_1 Operation=58 PlotIndex=978
mission CityName=LOC_CITY_NAME_TORONTO CompletionTurn=91 EscapeResult=2 InitialResult=2 LevelAfter=2 LootInfo=-1 Name=LOC_CITIZEN_MAYA_MODERN_FEMALE_8 Operation=58 PlotIndex=1818
mission CityName=LOC_CITY_NAME_OTTAWA CompletionTurn=89 EscapeResult=-1 InitialResult=5 LevelAfter=2 LootInfo=-1 Name=LOC_CITIZEN_MAYA_MALE_5 Operation=58 PlotIndex=978
mission CityName=LOC_CITY_NAME_QUEBEC_CITY CompletionTurn=85 EscapeResult=2 InitialResult=4 LevelAfter=2 LootInfo=-1 Name=LOC_CITIZEN_MAYA_MALE_6 Operation=58 PlotIndex=1404
mission CityName=LOC_CITY_NAME_SAINT_JOHN CompletionTurn=85 EscapeResult=-1 InitialResult=0 LevelAfter=2 LootInfo=-1 Name=LOC_CITIZEN_MAYA_FEMALE_4 Operation=58 PlotIndex=1409
mission CityName=LOC_CITY_NAME_TE_HOKIANGA_NU_A_KUPE CompletionTurn=85 EscapeResult=1 InitialResult=4 LevelAfter=2 LootInfo=-1 Name=LOC_CITIZEN_MAYA_MODERN_MALE_5 Operation=58 PlotIndex=772
mission CityName=LOC_CITY_NAME_MONTREAL CompletionTurn=85 EscapeResult=0 InitialResult=4 LevelAfter=2 LootInfo=-1 Name=LOC_CITIZEN_MAYA_MALE_2 Operation=58 PlotIndex=1314
mission CityName=LOC_CITY_NAME_NGARUAWAHIA CompletionTurn=85 EscapeResult=-1 InitialResult=1 LevelAfter=2 LootInfo=-1 Name=LOC_CITIZEN_MAYA_MODERN_MALE_9 Operation=58 PlotIndex=1833
mission CityName=LOC_CITY_NAME_QUEBEC_CITY CompletionTurn=80 EscapeResult=-1 InitialResult=3 LevelAfter=1 LootInfo=-1 Name=LOC_CITIZEN_MAYA_MALE_6 Operation=58 PlotIndex=1404
mission CityName=LOC_CITY_NAME_MONTREAL CompletionTurn=79 EscapeResult=-1 InitialResult=1 LevelAfter=1 LootInfo=-1 Name=LOC_CITIZEN_MAYA_MALE_7 Operation=58 PlotIndex=1314
mission CityName=LOC_CITY_NAME_UPPSALA CompletionTurn=79 EscapeResult=0 InitialResult=4 LevelAfter=2 LootInfo=-1 Name=LOC_CITIZEN_MAYA_MODERN_MALE_6 Operation=58 PlotIndex=993
mission CityName=LOC_CITY_NAME_SAINT_JOHN CompletionTurn=77 EscapeResult=-1 InitialResult=1 LevelAfter=1 LootInfo=-1 Name=LOC_CITIZEN_MAYA_MODERN_FEMALE_7 Operation=58 PlotIndex=1409
mission CityName=LOC_CITY_NAME_STOCKHOLM CompletionTurn=75 EscapeResult=1 InitialResult=4 LevelAfter=2 LootInfo=-1 Name=LOC_CITIZEN_MAYA_MODERN_MALE_2 Operation=58 PlotIndex=1253
mission CityName=LOC_CITY_NAME_TORONTO CompletionTurn=75 EscapeResult=2 InitialResult=2 LevelAfter=2 LootInfo=-1 Name=LOC_CITIZEN_MAYA_MODERN_FEMALE_8 Operation=58 PlotIndex=1818
mission CityName=LOC_CITY_NAME_OTTAWA CompletionTurn=75 EscapeResult=2 InitialResult=4 LevelAfter=2 LootInfo=-1 Name=LOC_CITIZEN_MAYA_MALE_5 Operation=58 PlotIndex=978
mission CityName=LOC_CITY_NAME_SAINT_JOHN CompletionTurn=73 EscapeResult=-1 InitialResult=1 LevelAfter=1 LootInfo=-1 Name=LOC_CITIZEN_MAYA_FEMALE_8 Operation=58 PlotIndex=1409
mission CityName=LOC_CITY_NAME_QUEBEC_CITY CompletionTurn=73 EscapeResult=-1 InitialResult=0 LevelAfter=1 LootInfo=-1 Name=LOC_CITIZEN_MAYA_FEMALE_9 Operation=58 PlotIndex=1404
mission CityName=LOC_CITY_NAME_STOCKHOLM CompletionTurn=70 EscapeResult=-1 InitialResult=1 LevelAfter=1 LootInfo=-1 Name=LOC_CITIZEN_MAYA_MALE_1 Operation=58 PlotIndex=1253
mission CityName=LOC_CITY_NAME_GOTEBORG CompletionTurn=70 EscapeResult=0 InitialResult=4 LevelAfter=2 LootInfo=-1 Name=LOC_CITIZEN_MAYA_MODERN_FEMALE_1 Operation=58 PlotIndex=1081
mission CityName=LOC_CITY_NAME_OTTAWA CompletionTurn=70 EscapeResult=1 InitialResult=2 LevelAfter=2 LootInfo=-1 Name=LOC_CITIZEN_MAYA_MODERN_FEMALE_9 Operation=58 PlotIndex=978
mission CityName=LOC_CITY_NAME_QUEBEC_CITY CompletionTurn=68 EscapeResult=-1 InitialResult=1 LevelAfter=1 LootInfo=-1 Name=LOC_CITIZEN_MAYA_MODERN_FEMALE_3 Operation=58 PlotIndex=1404
mission CityName=LOC_CITY_NAME_NGARUAWAHIA CompletionTurn=67 EscapeResult=2 InitialResult=4 LevelAfter=2 LootInfo=-1 Name=LOC_CITIZEN_MAYA_MODERN_MALE_9 Operation=58 PlotIndex=1833
mission CityName=LOC_CITY_NAME_TE_HOKIANGA_NU_A_KUPE CompletionTurn=66 EscapeResult=2 InitialResult=4 LevelAfter=2 LootInfo=-1 Name=LOC_CITIZEN_MAYA_FEMALE_4 Operation=58 PlotIndex=772
mission CityName=LOC_CITY_NAME_MONTREAL CompletionTurn=66 EscapeResult=0 InitialResult=4 LevelAfter=2 LootInfo=-1 Name=LOC_CITIZEN_MAYA_MALE_3 Operation=58 PlotIndex=1314
mission CityName=LOC_CITY_NAME_OTTAWA CompletionTurn=66 EscapeResult=-1 InitialResult=3 LevelAfter=2 LootInfo=-1 Name=LOC_CITIZEN_MAYA_MODERN_FEMALE_9 Operation=58 PlotIndex=978
mission CityName=LOC_CITY_NAME_TORONTO CompletionTurn=66 EscapeResult=0 InitialResult=2 LevelAfter=1 LootInfo=-1 Name=LOC_CITIZEN_MAYA_MALE_8 Operation=58 PlotIndex=1818
mission CityName=LOC_CITY_NAME_QUEBEC_CITY CompletionTurn=64 EscapeResult=-1 InitialResult=3 LevelAfter=1 LootInfo=-1 Name=LOC_CITIZEN_MAYA_MODERN_FEMALE_3 Operation=58 PlotIndex=1404
mission CityName=LOC_CITY_NAME_TORONTO CompletionTurn=62 EscapeResult=-1 InitialResult=5 LevelAfter=2 LootInfo=-1 Name=LOC_CITIZEN_MAYA_MODERN_FEMALE_8 Operation=58 PlotIndex=1818
mission CityName=LOC_CITY_NAME_OTTAWA CompletionTurn=62 EscapeResult=-1 InitialResult=3 LevelAfter=1 LootInfo=-1 Name=LOC_CITIZEN_MAYA_MALE_5 Operation=58 PlotIndex=978
mission CityName=LOC_CITY_NAME_MONTREAL CompletionTurn=62 EscapeResult=-1 InitialResult=5 LevelAfter=2 LootInfo=-1 Name=LOC_CITIZEN_MAYA_MALE_3 Operation=58 PlotIndex=1314
mission CityName=LOC_CITY_NAME_OTTAWA CompletionTurn=58 EscapeResult=-1 InitialResult=5 LevelAfter=2 LootInfo=-1 Name=LOC_CITIZEN_MAYA_MODERN_FEMALE_9 Operation=58 PlotIndex=978
mission CityName=LOC_CITY_NAME_MONTREAL CompletionTurn=58 EscapeResult=-1 InitialResult=1 LevelAfter=1 LootInfo=-1 Name=LOC_CITIZEN_MAYA_FEMALE_5 Operation=58 PlotIndex=1314
tally 12  FOMENT_UNREST CAPTURED / NO_RESULT
tally 1  FOMENT_UNREST FAIL_MUST_ESCAPE / CAPTURED
tally 3  FOMENT_UNREST FAIL_MUST_ESCAPE / FAIL_MUST_ESCAPE
tally 3  FOMENT_UNREST FAIL_MUST_ESCAPE / KILLED
tally 5  FOMENT_UNREST FAIL_UNDETECTED / NO_RESULT
tally 2  FOMENT_UNREST KILLED / NO_RESULT
tally 2  FOMENT_UNREST SUCCESS_MUST_ESCAPE / CAPTURED
tally 4  FOMENT_UNREST SUCCESS_MUST_ESCAPE / FAIL_MUST_ESCAPE
tally 5  FOMENT_UNREST SUCCESS_MUST_ESCAPE / KILLED
tally 7  FOMENT_UNREST SUCCESS_UNDETECTED / NO_RESULT
turn 134 spies active 0 idle 1 missions 44 captured-enemy 0
spy 7012381 LOC_CITIZEN_MAYA_MODERN_MALE_3 level 1 at 54:11 start
turn 134 spies 1 started 1 travelled 0 promoted 0 bought 0 gold 50000
unblock: blocker ENDTURN_BLOCKING_PRODUCTION -> NARANJO builds UNIT_WARRIOR | end turn requested
unstuck: InGamePopup: open, no close
mission CityName=LOC_CITY_NAME_MONTREAL CompletionTurn=120 EscapeResult=0 InitialResult=2 LevelAfter=2 LootInfo=-1 Name=LOC_CITIZEN_MAYA_MODERN_MALE_1 Operation=58 PlotIndex=1314
mission CityName=LOC_CITY_NAME_MONTREAL CompletionTurn=116 EscapeResult=-1 InitialResult=1 LevelAfter=1 LootInfo=-1 Name=LOC_CITIZEN_MAYA_MALE_10 Operation=58 PlotIndex=1314
mission CityName=LOC_CITY_NAME_TORONTO CompletionTurn=116 EscapeResult=-1 InitialResult=1 LevelAfter=1 LootInfo=-1 Name=LOC_CITIZEN_MAYA_MALE_4 Operation=58 PlotIndex=1818
mission CityName=LOC_CITY_NAME_OTTAWA CompletionTurn=111 EscapeResult=-1 InitialResult=1 LevelAfter=2 LootInfo=-1 Name=LOC_CITIZEN_MAYA_MALE_5 Operation=58 PlotIndex=978
mission CityName=LOC_CITY_NAME_MONTREAL CompletionTurn=107 EscapeResult=0 InitialResult=2 LevelAfter=2 LootInfo=-1 Name=LOC_CITIZEN_MAYA_MALE_6 Operation=58 PlotIndex=1314
mission CityName=LOC_CITY_NAME_OTTAWA CompletionTurn=105 EscapeResult=2 InitialResult=2 LevelAfter=2 LootInfo=-1 Name=LOC_CITIZEN_MAYA_MODERN_MALE_1 Operation=58 PlotIndex=978
mission CityName=LOC_CITY_NAME_TORONTO CompletionTurn=104 EscapeResult=-1 InitialResult=1 LevelAfter=2 LootInfo=-1 Name=LOC_CITIZEN_MAYA_FEMALE_6 Operation=58 PlotIndex=1818
mission CityName=LOC_CITY_NAME_QUEBEC_CITY CompletionTurn=103 EscapeResult=0 InitialResult=4 LevelAfter=2 LootInfo=-1 Name=LOC_CITIZEN_MAYA_MODERN_FEMALE_8 Operation=58 PlotIndex=1404
mission CityName=LOC_CITY_NAME_OTTAWA CompletionTurn=101 EscapeResult=-1 InitialResult=5 LevelAfter=2 LootInfo=-1 Name=LOC_CITIZEN_MAYA_MODERN_MALE_1 Operation=58 PlotIndex=978
mission CityName=LOC_CITY_NAME_TORONTO CompletionTurn=100 EscapeResult=-1 InitialResult=5 LevelAfter=2 LootInfo=-1 Name=LOC_CITIZEN_MAYA_FEMALE_6 Operation=58 PlotIndex=1818
mission CityName=LOC_CITY_NAME_MONTREAL CompletionTurn=99 EscapeResult=-1 InitialResult=1 LevelAfter=1 LootInfo=-1 Name=LOC_CITIZEN_MAYA_MODERN_FEMALE_5 Operation=58 PlotIndex=1314
mission CityName=LOC_CITY_NAME_OTTAWA CompletionTurn=97 EscapeResult=-1 InitialResult=3 LevelAfter=2 LootInfo=-1 Name=LOC_CITIZEN_MAYA_MODERN_MALE_1 Operation=58 PlotIndex=978
mission CityName=LOC_CITY_NAME_OTTAWA CompletionTurn=93 EscapeResult=-1 InitialResult=5 LevelAfter=2 LootInfo=-1 Name=LOC_CITIZEN_MAYA_MODERN_MALE_1 Operation=58 PlotIndex=978
mission CityName=LOC_CITY_NAME_TORONTO CompletionTurn=91 EscapeResult=2 InitialResult=2 LevelAfter=2 LootInfo=-1 Name=LOC_CITIZEN_MAYA_MODERN_FEMALE_8 Operation=58 PlotIndex=1818
mission CityName=LOC_CITY_NAME_OTTAWA CompletionTurn=89 EscapeResult=-1 InitialResult=5 LevelAfter=2 LootInfo=-1 Name=LOC_CITIZEN_MAYA_MALE_5 Operation=58 PlotIndex=978
mission CityName=LOC_CITY_NAME_QUEBEC_CITY CompletionTurn=85 EscapeResult=2 InitialResult=4 LevelAfter=2 LootInfo=-1 Name=LOC_CITIZEN_MAYA_MALE_6 Operation=58 PlotIndex=1404
mission CityName=LOC_CITY_NAME_SAINT_JOHN CompletionTurn=85 EscapeResult=-1 InitialResult=0 LevelAfter=2 LootInfo=-1 Name=LOC_CITIZEN_MAYA_FEMALE_4 Operation=58 PlotIndex=1409
mission CityName=LOC_CITY_NAME_TE_HOKIANGA_NU_A_KUPE CompletionTurn=85 EscapeResult=1 InitialResult=4 LevelAfter=2 LootInfo=-1 Name=LOC_CITIZEN_MAYA_MODERN_MALE_5 Operation=58 PlotIndex=772
mission CityName=LOC_CITY_NAME_MONTREAL CompletionTurn=85 EscapeResult=0 InitialResult=4 LevelAfter=2 LootInfo=-1 Name=LOC_CITIZEN_MAYA_MALE_2 Operation=58 PlotIndex=1314
mission CityName=LOC_CITY_NAME_NGARUAWAHIA CompletionTurn=85 EscapeResult=-1 InitialResult=1 LevelAfter=2 LootInfo=-1 Name=LOC_CITIZEN_MAYA_MODERN_MALE_9 Operation=58 PlotIndex=1833
mission CityName=LOC_CITY_NAME_QUEBEC_CITY CompletionTurn=80 EscapeResult=-1 InitialResult=3 LevelAfter=1 LootInfo=-1 Name=LOC_CITIZEN_MAYA_MALE_6 Operation=58 PlotIndex=1404
mission CityName=LOC_CITY_NAME_MONTREAL CompletionTurn=79 EscapeResult=-1 InitialResult=1 LevelAfter=1 LootInfo=-1 Name=LOC_CITIZEN_MAYA_MALE_7 Operation=58 PlotIndex=1314
mission CityName=LOC_CITY_NAME_UPPSALA CompletionTurn=79 EscapeResult=0 InitialResult=4 LevelAfter=2 LootInfo=-1 Name=LOC_CITIZEN_MAYA_MODERN_MALE_6 Operation=58 PlotIndex=993
mission CityName=LOC_CITY_NAME_SAINT_JOHN CompletionTurn=77 EscapeResult=-1 InitialResult=1 LevelAfter=1 LootInfo=-1 Name=LOC_CITIZEN_MAYA_MODERN_FEMALE_7 Operation=58 PlotIndex=1409
mission CityName=LOC_CITY_NAME_STOCKHOLM CompletionTurn=75 EscapeResult=1 InitialResult=4 LevelAfter=2 LootInfo=-1 Name=LOC_CITIZEN_MAYA_MODERN_MALE_2 Operation=58 PlotIndex=1253
mission CityName=LOC_CITY_NAME_TORONTO CompletionTurn=75 EscapeResult=2 InitialResult=2 LevelAfter=2 LootInfo=-1 Name=LOC_CITIZEN_MAYA_MODERN_FEMALE_8 Operation=58 PlotIndex=1818
mission CityName=LOC_CITY_NAME_OTTAWA CompletionTurn=75 EscapeResult=2 InitialResult=4 LevelAfter=2 LootInfo=-1 Name=LOC_CITIZEN_MAYA_MALE_5 Operation=58 PlotIndex=978
mission CityName=LOC_CITY_NAME_SAINT_JOHN CompletionTurn=73 EscapeResult=-1 InitialResult=1 LevelAfter=1 LootInfo=-1 Name=LOC_CITIZEN_MAYA_FEMALE_8 Operation=58 PlotIndex=1409
mission CityName=LOC_CITY_NAME_QUEBEC_CITY CompletionTurn=73 EscapeResult=-1 InitialResult=0 LevelAfter=1 LootInfo=-1 Name=LOC_CITIZEN_MAYA_FEMALE_9 Operation=58 PlotIndex=1404
mission CityName=LOC_CITY_NAME_STOCKHOLM CompletionTurn=70 EscapeResult=-1 InitialResult=1 LevelAfter=1 LootInfo=-1 Name=LOC_CITIZEN_MAYA_MALE_1 Operation=58 PlotIndex=1253
mission CityName=LOC_CITY_NAME_GOTEBORG CompletionTurn=70 EscapeResult=0 InitialResult=4 LevelAfter=2 LootInfo=-1 Name=LOC_CITIZEN_MAYA_MODERN_FEMALE_1 Operation=58 PlotIndex=1081
mission CityName=LOC_CITY_NAME_OTTAWA CompletionTurn=70 EscapeResult=1 InitialResult=2 LevelAfter=2 LootInfo=-1 Name=LOC_CITIZEN_MAYA_MODERN_FEMALE_9 Operation=58 PlotIndex=978
mission CityName=LOC_CITY_NAME_QUEBEC_CITY CompletionTurn=68 EscapeResult=-1 InitialResult=1 LevelAfter=1 LootInfo=-1 Name=LOC_CITIZEN_MAYA_MODERN_FEMALE_3 Operation=58 PlotIndex=1404
mission CityName=LOC_CITY_NAME_NGARUAWAHIA CompletionTurn=67 EscapeResult=2 InitialResult=4 LevelAfter=2 LootInfo=-1 Name=LOC_CITIZEN_MAYA_MODERN_MALE_9 Operation=58 PlotIndex=1833
mission CityName=LOC_CITY_NAME_TE_HOKIANGA_NU_A_KUPE CompletionTurn=66 EscapeResult=2 InitialResult=4 LevelAfter=2 LootInfo=-1 Name=LOC_CITIZEN_MAYA_FEMALE_4 Operation=58 PlotIndex=772
mission CityName=LOC_CITY_NAME_MONTREAL CompletionTurn=66 EscapeResult=0 InitialResult=4 LevelAfter=2 LootInfo=-1 Name=LOC_CITIZEN_MAYA_MALE_3 Operation=58 PlotIndex=1314
mission CityName=LOC_CITY_NAME_OTTAWA CompletionTurn=66 EscapeResult=-1 InitialResult=3 LevelAfter=2 LootInfo=-1 Name=LOC_CITIZEN_MAYA_MODERN_FEMALE_9 Operation=58 PlotIndex=978
mission CityName=LOC_CITY_NAME_TORONTO CompletionTurn=66 EscapeResult=0 InitialResult=2 LevelAfter=1 LootInfo=-1 Name=LOC_CITIZEN_MAYA_MALE_8 Operation=58 PlotIndex=1818
mission CityName=LOC_CITY_NAME_QUEBEC_CITY CompletionTurn=64 EscapeResult=-1 InitialResult=3 LevelAfter=1 LootInfo=-1 Name=LOC_CITIZEN_MAYA_MODERN_FEMALE_3 Operation=58 PlotIndex=1404
mission CityName=LOC_CITY_NAME_TORONTO CompletionTurn=62 EscapeResult=-1 InitialResult=5 LevelAfter=2 LootInfo=-1 Name=LOC_CITIZEN_MAYA_MODERN_FEMALE_8 Operation=58 PlotIndex=1818
mission CityName=LOC_CITY_NAME_OTTAWA CompletionTurn=62 EscapeResult=-1 InitialResult=3 LevelAfter=1 LootInfo=-1 Name=LOC_CITIZEN_MAYA_MALE_5 Operation=58 PlotIndex=978
mission CityName=LOC_CITY_NAME_MONTREAL CompletionTurn=62 EscapeResult=-1 InitialResult=5 LevelAfter=2 LootInfo=-1 Name=LOC_CITIZEN_MAYA_MALE_3 Operation=58 PlotIndex=1314
mission CityName=LOC_CITY_NAME_OTTAWA CompletionTurn=58 EscapeResult=-1 InitialResult=5 LevelAfter=2 LootInfo=-1 Name=LOC_CITIZEN_MAYA_MODERN_FEMALE_9 Operation=58 PlotIndex=978
mission CityName=LOC_CITY_NAME_MONTREAL CompletionTurn=58 EscapeResult=-1 InitialResult=1 LevelAfter=1 LootInfo=-1 Name=LOC_CITIZEN_MAYA_FEMALE_5 Operation=58 PlotIndex=1314
tally 12  FOMENT_UNREST CAPTURED / NO_RESULT
tally 1  FOMENT_UNREST FAIL_MUST_ESCAPE / CAPTURED
tally 3  FOMENT_UNREST FAIL_MUST_ESCAPE / FAIL_MUST_ESCAPE
tally 3  FOMENT_UNREST FAIL_MUST_ESCAPE / KILLED
tally 5  FOMENT_UNREST FAIL_UNDETECTED / NO_RESULT
tally 2  FOMENT_UNREST KILLED / NO_RESULT
tally 2  FOMENT_UNREST SUCCESS_MUST_ESCAPE / CAPTURED
tally 4  FOMENT_UNREST SUCCESS_MUST_ESCAPE / FAIL_MUST_ESCAPE
tally 5  FOMENT_UNREST SUCCESS_MUST_ESCAPE / KILLED
tally 7  FOMENT_UNREST SUCCESS_UNDETECTED / NO_RESULT
turn 135 spies active 1 idle 0 missions 44 captured-enemy 0
spy 7012381 LOC_CITIZEN_MAYA_MODERN_MALE_3 level 1 at 54:11 busy
turn 135 spies 1 started 0 travelled 0 promoted 0 bought 0 gold 50000
unblock: blocker ENDTURN_BLOCKING_FILL_CIVIC_SLOT -> nothing | end turn requested
unstuck: InGamePopup: open, no close
unblock: blocker ENDTURN_BLOCKING_FILL_CIVIC_SLOT -> nothing | end turn requested
unstuck: closed sessions [6:6]
unstuck: DiplomacyActionView: Closing Diplomacy Action View. m_eventID: 729405
unstuck: InGamePopup: open, no close
mission CityName=LOC_CITY_NAME_MONTREAL CompletionTurn=120 EscapeResult=0 InitialResult=2 LevelAfter=2 LootInfo=-1 Name=LOC_CITIZEN_MAYA_MODERN_MALE_1 Operation=58 PlotIndex=1314
mission CityName=LOC_CITY_NAME_MONTREAL CompletionTurn=116 EscapeResult=-1 InitialResult=1 LevelAfter=1 LootInfo=-1 Name=LOC_CITIZEN_MAYA_MALE_10 Operation=58 PlotIndex=1314
mission CityName=LOC_CITY_NAME_TORONTO CompletionTurn=116 EscapeResult=-1 InitialResult=1 LevelAfter=1 LootInfo=-1 Name=LOC_CITIZEN_MAYA_MALE_4 Operation=58 PlotIndex=1818
mission CityName=LOC_CITY_NAME_OTTAWA CompletionTurn=111 EscapeResult=-1 InitialResult=1 LevelAfter=2 LootInfo=-1 Name=LOC_CITIZEN_MAYA_MALE_5 Operation=58 PlotIndex=978
mission CityName=LOC_CITY_NAME_MONTREAL CompletionTurn=107 EscapeResult=0 InitialResult=2 LevelAfter=2 LootInfo=-1 Name=LOC_CITIZEN_MAYA_MALE_6 Operation=58 PlotIndex=1314
mission CityName=LOC_CITY_NAME_OTTAWA CompletionTurn=105 EscapeResult=2 InitialResult=2 LevelAfter=2 LootInfo=-1 Name=LOC_CITIZEN_MAYA_MODERN_MALE_1 Operation=58 PlotIndex=978
mission CityName=LOC_CITY_NAME_TORONTO CompletionTurn=104 EscapeResult=-1 InitialResult=1 LevelAfter=2 LootInfo=-1 Name=LOC_CITIZEN_MAYA_FEMALE_6 Operation=58 PlotIndex=1818
mission CityName=LOC_CITY_NAME_QUEBEC_CITY CompletionTurn=103 EscapeResult=0 InitialResult=4 LevelAfter=2 LootInfo=-1 Name=LOC_CITIZEN_MAYA_MODERN_FEMALE_8 Operation=58 PlotIndex=1404
mission CityName=LOC_CITY_NAME_OTTAWA CompletionTurn=101 EscapeResult=-1 InitialResult=5 LevelAfter=2 LootInfo=-1 Name=LOC_CITIZEN_MAYA_MODERN_MALE_1 Operation=58 PlotIndex=978
mission CityName=LOC_CITY_NAME_TORONTO CompletionTurn=100 EscapeResult=-1 InitialResult=5 LevelAfter=2 LootInfo=-1 Name=LOC_CITIZEN_MAYA_FEMALE_6 Operation=58 PlotIndex=1818
mission CityName=LOC_CITY_NAME_MONTREAL CompletionTurn=99 EscapeResult=-1 InitialResult=1 LevelAfter=1 LootInfo=-1 Name=LOC_CITIZEN_MAYA_MODERN_FEMALE_5 Operation=58 PlotIndex=1314
mission CityName=LOC_CITY_NAME_OTTAWA CompletionTurn=97 EscapeResult=-1 InitialResult=3 LevelAfter=2 LootInfo=-1 Name=LOC_CITIZEN_MAYA_MODERN_MALE_1 Operation=58 PlotIndex=978
mission CityName=LOC_CITY_NAME_OTTAWA CompletionTurn=93 EscapeResult=-1 InitialResult=5 LevelAfter=2 LootInfo=-1 Name=LOC_CITIZEN_MAYA_MODERN_MALE_1 Operation=58 PlotIndex=978
mission CityName=LOC_CITY_NAME_TORONTO CompletionTurn=91 EscapeResult=2 InitialResult=2 LevelAfter=2 LootInfo=-1 Name=LOC_CITIZEN_MAYA_MODERN_FEMALE_8 Operation=58 PlotIndex=1818
mission CityName=LOC_CITY_NAME_OTTAWA CompletionTurn=89 EscapeResult=-1 InitialResult=5 LevelAfter=2 LootInfo=-1 Name=LOC_CITIZEN_MAYA_MALE_5 Operation=58 PlotIndex=978
mission CityName=LOC_CITY_NAME_QUEBEC_CITY CompletionTurn=85 EscapeResult=2 InitialResult=4 LevelAfter=2 LootInfo=-1 Name=LOC_CITIZEN_MAYA_MALE_6 Operation=58 PlotIndex=1404
mission CityName=LOC_CITY_NAME_SAINT_JOHN CompletionTurn=85 EscapeResult=-1 InitialResult=0 LevelAfter=2 LootInfo=-1 Name=LOC_CITIZEN_MAYA_FEMALE_4 Operation=58 PlotIndex=1409
mission CityName=LOC_CITY_NAME_TE_HOKIANGA_NU_A_KUPE CompletionTurn=85 EscapeResult=1 InitialResult=4 LevelAfter=2 LootInfo=-1 Name=LOC_CITIZEN_MAYA_MODERN_MALE_5 Operation=58 PlotIndex=772
mission CityName=LOC_CITY_NAME_MONTREAL CompletionTurn=85 EscapeResult=0 InitialResult=4 LevelAfter=2 LootInfo=-1 Name=LOC_CITIZEN_MAYA_MALE_2 Operation=58 PlotIndex=1314
mission CityName=LOC_CITY_NAME_NGARUAWAHIA CompletionTurn=85 EscapeResult=-1 InitialResult=1 LevelAfter=2 LootInfo=-1 Name=LOC_CITIZEN_MAYA_MODERN_MALE_9 Operation=58 PlotIndex=1833
mission CityName=LOC_CITY_NAME_QUEBEC_CITY CompletionTurn=80 EscapeResult=-1 InitialResult=3 LevelAfter=1 LootInfo=-1 Name=LOC_CITIZEN_MAYA_MALE_6 Operation=58 PlotIndex=1404
mission CityName=LOC_CITY_NAME_MONTREAL CompletionTurn=79 EscapeResult=-1 InitialResult=1 LevelAfter=1 LootInfo=-1 Name=LOC_CITIZEN_MAYA_MALE_7 Operation=58 PlotIndex=1314
mission CityName=LOC_CITY_NAME_UPPSALA CompletionTurn=79 EscapeResult=0 InitialResult=4 LevelAfter=2 LootInfo=-1 Name=LOC_CITIZEN_MAYA_MODERN_MALE_6 Operation=58 PlotIndex=993
mission CityName=LOC_CITY_NAME_SAINT_JOHN CompletionTurn=77 EscapeResult=-1 InitialResult=1 LevelAfter=1 LootInfo=-1 Name=LOC_CITIZEN_MAYA_MODERN_FEMALE_7 Operation=58 PlotIndex=1409
mission CityName=LOC_CITY_NAME_STOCKHOLM CompletionTurn=75 EscapeResult=1 InitialResult=4 LevelAfter=2 LootInfo=-1 Name=LOC_CITIZEN_MAYA_MODERN_MALE_2 Operation=58 PlotIndex=1253
mission CityName=LOC_CITY_NAME_TORONTO CompletionTurn=75 EscapeResult=2 InitialResult=2 LevelAfter=2 LootInfo=-1 Name=LOC_CITIZEN_MAYA_MODERN_FEMALE_8 Operation=58 PlotIndex=1818
mission CityName=LOC_CITY_NAME_OTTAWA CompletionTurn=75 EscapeResult=2 InitialResult=4 LevelAfter=2 LootInfo=-1 Name=LOC_CITIZEN_MAYA_MALE_5 Operation=58 PlotIndex=978
mission CityName=LOC_CITY_NAME_SAINT_JOHN CompletionTurn=73 EscapeResult=-1 InitialResult=1 LevelAfter=1 LootInfo=-1 Name=LOC_CITIZEN_MAYA_FEMALE_8 Operation=58 PlotIndex=1409
mission CityName=LOC_CITY_NAME_QUEBEC_CITY CompletionTurn=73 EscapeResult=-1 InitialResult=0 LevelAfter=1 LootInfo=-1 Name=LOC_CITIZEN_MAYA_FEMALE_9 Operation=58 PlotIndex=1404
mission CityName=LOC_CITY_NAME_STOCKHOLM CompletionTurn=70 EscapeResult=-1 InitialResult=1 LevelAfter=1 LootInfo=-1 Name=LOC_CITIZEN_MAYA_MALE_1 Operation=58 PlotIndex=1253
mission CityName=LOC_CITY_NAME_GOTEBORG CompletionTurn=70 EscapeResult=0 InitialResult=4 LevelAfter=2 LootInfo=-1 Name=LOC_CITIZEN_MAYA_MODERN_FEMALE_1 Operation=58 PlotIndex=1081
mission CityName=LOC_CITY_NAME_OTTAWA CompletionTurn=70 EscapeResult=1 InitialResult=2 LevelAfter=2 LootInfo=-1 Name=LOC_CITIZEN_MAYA_MODERN_FEMALE_9 Operation=58 PlotIndex=978
mission CityName=LOC_CITY_NAME_QUEBEC_CITY CompletionTurn=68 EscapeResult=-1 InitialResult=1 LevelAfter=1 LootInfo=-1 Name=LOC_CITIZEN_MAYA_MODERN_FEMALE_3 Operation=58 PlotIndex=1404
mission CityName=LOC_CITY_NAME_NGARUAWAHIA CompletionTurn=67 EscapeResult=2 InitialResult=4 LevelAfter=2 LootInfo=-1 Name=LOC_CITIZEN_MAYA_MODERN_MALE_9 Operation=58 PlotIndex=1833
mission CityName=LOC_CITY_NAME_TE_HOKIANGA_NU_A_KUPE CompletionTurn=66 EscapeResult=2 InitialResult=4 LevelAfter=2 LootInfo=-1 Name=LOC_CITIZEN_MAYA_FEMALE_4 Operation=58 PlotIndex=772
mission CityName=LOC_CITY_NAME_MONTREAL CompletionTurn=66 EscapeResult=0 InitialResult=4 LevelAfter=2 LootInfo=-1 Name=LOC_CITIZEN_MAYA_MALE_3 Operation=58 PlotIndex=1314
mission CityName=LOC_CITY_NAME_OTTAWA CompletionTurn=66 EscapeResult=-1 InitialResult=3 LevelAfter=2 LootInfo=-1 Name=LOC_CITIZEN_MAYA_MODERN_FEMALE_9 Operation=58 PlotIndex=978
mission CityName=LOC_CITY_NAME_TORONTO CompletionTurn=66 EscapeResult=0 InitialResult=2 LevelAfter=1 LootInfo=-1 Name=LOC_CITIZEN_MAYA_MALE_8 Operation=58 PlotIndex=1818
mission CityName=LOC_CITY_NAME_QUEBEC_CITY CompletionTurn=64 EscapeResult=-1 InitialResult=3 LevelAfter=1 LootInfo=-1 Name=LOC_CITIZEN_MAYA_MODERN_FEMALE_3 Operation=58 PlotIndex=1404
mission CityName=LOC_CITY_NAME_TORONTO CompletionTurn=62 EscapeResult=-1 InitialResult=5 LevelAfter=2 LootInfo=-1 Name=LOC_CITIZEN_MAYA_MODERN_FEMALE_8 Operation=58 PlotIndex=1818
mission CityName=LOC_CITY_NAME_OTTAWA CompletionTurn=62 EscapeResult=-1 InitialResult=3 LevelAfter=1 LootInfo=-1 Name=LOC_CITIZEN_MAYA_MALE_5 Operation=58 PlotIndex=978
mission CityName=LOC_CITY_NAME_MONTREAL CompletionTurn=62 EscapeResult=-1 InitialResult=5 LevelAfter=2 LootInfo=-1 Name=LOC_CITIZEN_MAYA_MALE_3 Operation=58 PlotIndex=1314
mission CityName=LOC_CITY_NAME_OTTAWA CompletionTurn=58 EscapeResult=-1 InitialResult=5 LevelAfter=2 LootInfo=-1 Name=LOC_CITIZEN_MAYA_MODERN_FEMALE_9 Operation=58 PlotIndex=978
mission CityName=LOC_CITY_NAME_MONTREAL CompletionTurn=58 EscapeResult=-1 InitialResult=1 LevelAfter=1 LootInfo=-1 Name=LOC_CITIZEN_MAYA_FEMALE_5 Operation=58 PlotIndex=1314
tally 12  FOMENT_UNREST CAPTURED / NO_RESULT
tally 1  FOMENT_UNREST FAIL_MUST_ESCAPE / CAPTURED
tally 3  FOMENT_UNREST FAIL_MUST_ESCAPE / FAIL_MUST_ESCAPE
tally 3  FOMENT_UNREST FAIL_MUST_ESCAPE / KILLED
tally 5  FOMENT_UNREST FAIL_UNDETECTED / NO_RESULT
tally 2  FOMENT_UNREST KILLED / NO_RESULT
tally 2  FOMENT_UNREST SUCCESS_MUST_ESCAPE / CAPTURED
tally 4  FOMENT_UNREST SUCCESS_MUST_ESCAPE / FAIL_MUST_ESCAPE
tally 5  FOMENT_UNREST SUCCESS_MUST_ESCAPE / KILLED
tally 7  FOMENT_UNREST SUCCESS_UNDETECTED / NO_RESULT
turn 136 spies active 1 idle 0 missions 44 captured-enemy 0
spy 7012381 LOC_CITIZEN_MAYA_MODERN_MALE_3 level 1 at 54:11 busy
turn 136 spies 1 started 0 travelled 0 promoted 0 bought 0 gold 50000
unblock: blocker ENDTURN_BLOCKING_PRODUCTION -> NARANJO builds UNIT_WARRIOR | end turn requested
unstuck: InGamePopup: open, no close
mission CityName=LOC_CITY_NAME_MONTREAL CompletionTurn=120 EscapeResult=0 InitialResult=2 LevelAfter=2 LootInfo=-1 Name=LOC_CITIZEN_MAYA_MODERN_MALE_1 Operation=58 PlotIndex=1314
mission CityName=LOC_CITY_NAME_MONTREAL CompletionTurn=116 EscapeResult=-1 InitialResult=1 LevelAfter=1 LootInfo=-1 Name=LOC_CITIZEN_MAYA_MALE_10 Operation=58 PlotIndex=1314
mission CityName=LOC_CITY_NAME_TORONTO CompletionTurn=116 EscapeResult=-1 InitialResult=1 LevelAfter=1 LootInfo=-1 Name=LOC_CITIZEN_MAYA_MALE_4 Operation=58 PlotIndex=1818
mission CityName=LOC_CITY_NAME_OTTAWA CompletionTurn=111 EscapeResult=-1 InitialResult=1 LevelAfter=2 LootInfo=-1 Name=LOC_CITIZEN_MAYA_MALE_5 Operation=58 PlotIndex=978
mission CityName=LOC_CITY_NAME_MONTREAL CompletionTurn=107 EscapeResult=0 InitialResult=2 LevelAfter=2 LootInfo=-1 Name=LOC_CITIZEN_MAYA_MALE_6 Operation=58 PlotIndex=1314
mission CityName=LOC_CITY_NAME_OTTAWA CompletionTurn=105 EscapeResult=2 InitialResult=2 LevelAfter=2 LootInfo=-1 Name=LOC_CITIZEN_MAYA_MODERN_MALE_1 Operation=58 PlotIndex=978
mission CityName=LOC_CITY_NAME_TORONTO CompletionTurn=104 EscapeResult=-1 InitialResult=1 LevelAfter=2 LootInfo=-1 Name=LOC_CITIZEN_MAYA_FEMALE_6 Operation=58 PlotIndex=1818
mission CityName=LOC_CITY_NAME_QUEBEC_CITY CompletionTurn=103 EscapeResult=0 InitialResult=4 LevelAfter=2 LootInfo=-1 Name=LOC_CITIZEN_MAYA_MODERN_FEMALE_8 Operation=58 PlotIndex=1404
mission CityName=LOC_CITY_NAME_OTTAWA CompletionTurn=101 EscapeResult=-1 InitialResult=5 LevelAfter=2 LootInfo=-1 Name=LOC_CITIZEN_MAYA_MODERN_MALE_1 Operation=58 PlotIndex=978
mission CityName=LOC_CITY_NAME_TORONTO CompletionTurn=100 EscapeResult=-1 InitialResult=5 LevelAfter=2 LootInfo=-1 Name=LOC_CITIZEN_MAYA_FEMALE_6 Operation=58 PlotIndex=1818
mission CityName=LOC_CITY_NAME_MONTREAL CompletionTurn=99 EscapeResult=-1 InitialResult=1 LevelAfter=1 LootInfo=-1 Name=LOC_CITIZEN_MAYA_MODERN_FEMALE_5 Operation=58 PlotIndex=1314
mission CityName=LOC_CITY_NAME_OTTAWA CompletionTurn=97 EscapeResult=-1 InitialResult=3 LevelAfter=2 LootInfo=-1 Name=LOC_CITIZEN_MAYA_MODERN_MALE_1 Operation=58 PlotIndex=978
mission CityName=LOC_CITY_NAME_OTTAWA CompletionTurn=93 EscapeResult=-1 InitialResult=5 LevelAfter=2 LootInfo=-1 Name=LOC_CITIZEN_MAYA_MODERN_MALE_1 Operation=58 PlotIndex=978
mission CityName=LOC_CITY_NAME_TORONTO CompletionTurn=91 EscapeResult=2 InitialResult=2 LevelAfter=2 LootInfo=-1 Name=LOC_CITIZEN_MAYA_MODERN_FEMALE_8 Operation=58 PlotIndex=1818
mission CityName=LOC_CITY_NAME_OTTAWA CompletionTurn=89 EscapeResult=-1 InitialResult=5 LevelAfter=2 LootInfo=-1 Name=LOC_CITIZEN_MAYA_MALE_5 Operation=58 PlotIndex=978
mission CityName=LOC_CITY_NAME_QUEBEC_CITY CompletionTurn=85 EscapeResult=2 InitialResult=4 LevelAfter=2 LootInfo=-1 Name=LOC_CITIZEN_MAYA_MALE_6 Operation=58 PlotIndex=1404
mission CityName=LOC_CITY_NAME_SAINT_JOHN CompletionTurn=85 EscapeResult=-1 InitialResult=0 LevelAfter=2 LootInfo=-1 Name=LOC_CITIZEN_MAYA_FEMALE_4 Operation=58 PlotIndex=1409
mission CityName=LOC_CITY_NAME_TE_HOKIANGA_NU_A_KUPE CompletionTurn=85 EscapeResult=1 InitialResult=4 LevelAfter=2 LootInfo=-1 Name=LOC_CITIZEN_MAYA_MODERN_MALE_5 Operation=58 PlotIndex=772
mission CityName=LOC_CITY_NAME_MONTREAL CompletionTurn=85 EscapeResult=0 InitialResult=4 LevelAfter=2 LootInfo=-1 Name=LOC_CITIZEN_MAYA_MALE_2 Operation=58 PlotIndex=1314
mission CityName=LOC_CITY_NAME_NGARUAWAHIA CompletionTurn=85 EscapeResult=-1 InitialResult=1 LevelAfter=2 LootInfo=-1 Name=LOC_CITIZEN_MAYA_MODERN_MALE_9 Operation=58 PlotIndex=1833
mission CityName=LOC_CITY_NAME_QUEBEC_CITY CompletionTurn=80 EscapeResult=-1 InitialResult=3 LevelAfter=1 LootInfo=-1 Name=LOC_CITIZEN_MAYA_MALE_6 Operation=58 PlotIndex=1404
mission CityName=LOC_CITY_NAME_MONTREAL CompletionTurn=79 EscapeResult=-1 InitialResult=1 LevelAfter=1 LootInfo=-1 Name=LOC_CITIZEN_MAYA_MALE_7 Operation=58 PlotIndex=1314
mission CityName=LOC_CITY_NAME_UPPSALA CompletionTurn=79 EscapeResult=0 InitialResult=4 LevelAfter=2 LootInfo=-1 Name=LOC_CITIZEN_MAYA_MODERN_MALE_6 Operation=58 PlotIndex=993
mission CityName=LOC_CITY_NAME_SAINT_JOHN CompletionTurn=77 EscapeResult=-1 InitialResult=1 LevelAfter=1 LootInfo=-1 Name=LOC_CITIZEN_MAYA_MODERN_FEMALE_7 Operation=58 PlotIndex=1409
mission CityName=LOC_CITY_NAME_STOCKHOLM CompletionTurn=75 EscapeResult=1 InitialResult=4 LevelAfter=2 LootInfo=-1 Name=LOC_CITIZEN_MAYA_MODERN_MALE_2 Operation=58 PlotIndex=1253
mission CityName=LOC_CITY_NAME_TORONTO CompletionTurn=75 EscapeResult=2 InitialResult=2 LevelAfter=2 LootInfo=-1 Name=LOC_CITIZEN_MAYA_MODERN_FEMALE_8 Operation=58 PlotIndex=1818
mission CityName=LOC_CITY_NAME_OTTAWA CompletionTurn=75 EscapeResult=2 InitialResult=4 LevelAfter=2 LootInfo=-1 Name=LOC_CITIZEN_MAYA_MALE_5 Operation=58 PlotIndex=978
mission CityName=LOC_CITY_NAME_SAINT_JOHN CompletionTurn=73 EscapeResult=-1 InitialResult=1 LevelAfter=1 LootInfo=-1 Name=LOC_CITIZEN_MAYA_FEMALE_8 Operation=58 PlotIndex=1409
mission CityName=LOC_CITY_NAME_QUEBEC_CITY CompletionTurn=73 EscapeResult=-1 InitialResult=0 LevelAfter=1 LootInfo=-1 Name=LOC_CITIZEN_MAYA_FEMALE_9 Operation=58 PlotIndex=1404
mission CityName=LOC_CITY_NAME_STOCKHOLM CompletionTurn=70 EscapeResult=-1 InitialResult=1 LevelAfter=1 LootInfo=-1 Name=LOC_CITIZEN_MAYA_MALE_1 Operation=58 PlotIndex=1253
mission CityName=LOC_CITY_NAME_GOTEBORG CompletionTurn=70 EscapeResult=0 InitialResult=4 LevelAfter=2 LootInfo=-1 Name=LOC_CITIZEN_MAYA_MODERN_FEMALE_1 Operation=58 PlotIndex=1081
mission CityName=LOC_CITY_NAME_OTTAWA CompletionTurn=70 EscapeResult=1 InitialResult=2 LevelAfter=2 LootInfo=-1 Name=LOC_CITIZEN_MAYA_MODERN_FEMALE_9 Operation=58 PlotIndex=978
mission CityName=LOC_CITY_NAME_QUEBEC_CITY CompletionTurn=68 EscapeResult=-1 InitialResult=1 LevelAfter=1 LootInfo=-1 Name=LOC_CITIZEN_MAYA_MODERN_FEMALE_3 Operation=58 PlotIndex=1404
mission CityName=LOC_CITY_NAME_NGARUAWAHIA CompletionTurn=67 EscapeResult=2 InitialResult=4 LevelAfter=2 LootInfo=-1 Name=LOC_CITIZEN_MAYA_MODERN_MALE_9 Operation=58 PlotIndex=1833
mission CityName=LOC_CITY_NAME_TE_HOKIANGA_NU_A_KUPE CompletionTurn=66 EscapeResult=2 InitialResult=4 LevelAfter=2 LootInfo=-1 Name=LOC_CITIZEN_MAYA_FEMALE_4 Operation=58 PlotIndex=772
mission CityName=LOC_CITY_NAME_MONTREAL CompletionTurn=66 EscapeResult=0 InitialResult=4 LevelAfter=2 LootInfo=-1 Name=LOC_CITIZEN_MAYA_MALE_3 Operation=58 PlotIndex=1314
mission CityName=LOC_CITY_NAME_OTTAWA CompletionTurn=66 EscapeResult=-1 InitialResult=3 LevelAfter=2 LootInfo=-1 Name=LOC_CITIZEN_MAYA_MODERN_FEMALE_9 Operation=58 PlotIndex=978
mission CityName=LOC_CITY_NAME_TORONTO CompletionTurn=66 EscapeResult=0 InitialResult=2 LevelAfter=1 LootInfo=-1 Name=LOC_CITIZEN_MAYA_MALE_8 Operation=58 PlotIndex=1818
mission CityName=LOC_CITY_NAME_QUEBEC_CITY CompletionTurn=64 EscapeResult=-1 InitialResult=3 LevelAfter=1 LootInfo=-1 Name=LOC_CITIZEN_MAYA_MODERN_FEMALE_3 Operation=58 PlotIndex=1404
mission CityName=LOC_CITY_NAME_TORONTO CompletionTurn=62 EscapeResult=-1 InitialResult=5 LevelAfter=2 LootInfo=-1 Name=LOC_CITIZEN_MAYA_MODERN_FEMALE_8 Operation=58 PlotIndex=1818
mission CityName=LOC_CITY_NAME_OTTAWA CompletionTurn=62 EscapeResult=-1 InitialResult=3 LevelAfter=1 LootInfo=-1 Name=LOC_CITIZEN_MAYA_MALE_5 Operation=58 PlotIndex=978
mission CityName=LOC_CITY_NAME_MONTREAL CompletionTurn=62 EscapeResult=-1 InitialResult=5 LevelAfter=2 LootInfo=-1 Name=LOC_CITIZEN_MAYA_MALE_3 Operation=58 PlotIndex=1314
mission CityName=LOC_CITY_NAME_OTTAWA CompletionTurn=58 EscapeResult=-1 InitialResult=5 LevelAfter=2 LootInfo=-1 Name=LOC_CITIZEN_MAYA_MODERN_FEMALE_9 Operation=58 PlotIndex=978
mission CityName=LOC_CITY_NAME_MONTREAL CompletionTurn=58 EscapeResult=-1 InitialResult=1 LevelAfter=1 LootInfo=-1 Name=LOC_CITIZEN_MAYA_FEMALE_5 Operation=58 PlotIndex=1314
tally 12  FOMENT_UNREST CAPTURED / NO_RESULT
tally 1  FOMENT_UNREST FAIL_MUST_ESCAPE / CAPTURED
tally 3  FOMENT_UNREST FAIL_MUST_ESCAPE / FAIL_MUST_ESCAPE
tally 3  FOMENT_UNREST FAIL_MUST_ESCAPE / KILLED
tally 5  FOMENT_UNREST FAIL_UNDETECTED / NO_RESULT
tally 2  FOMENT_UNREST KILLED / NO_RESULT
tally 2  FOMENT_UNREST SUCCESS_MUST_ESCAPE / CAPTURED
tally 4  FOMENT_UNREST SUCCESS_MUST_ESCAPE / FAIL_MUST_ESCAPE
tally 5  FOMENT_UNREST SUCCESS_MUST_ESCAPE / KILLED
tally 7  FOMENT_UNREST SUCCESS_UNDETECTED / NO_RESULT
turn 137 spies active 1 idle 0 missions 44 captured-enemy 0
spy 7012381 LOC_CITIZEN_MAYA_MODERN_MALE_3 level 1 at 54:11 busy
turn 137 spies 1 started 0 travelled 0 promoted 0 bought 0 gold 50000
unblock: blocker ENDTURN_BLOCKING_FILL_CIVIC_SLOT -> nothing | end turn requested
unstuck: InGamePopup: open, no close
mission CityName=LOC_CITY_NAME_OTTAWA CompletionTurn=138 EscapeResult=-1 InitialResult=4 LevelAfter=2 LootInfo=-1 Name=LOC_CITIZEN_MAYA_MODERN_MALE_3 Operation=58 PlotIndex=978
mission CityName=LOC_CITY_NAME_MONTREAL CompletionTurn=120 EscapeResult=0 InitialResult=2 LevelAfter=2 LootInfo=-1 Name=LOC_CITIZEN_MAYA_MODERN_MALE_1 Operation=58 PlotIndex=1314
mission CityName=LOC_CITY_NAME_MONTREAL CompletionTurn=116 EscapeResult=-1 InitialResult=1 LevelAfter=1 LootInfo=-1 Name=LOC_CITIZEN_MAYA_MALE_10 Operation=58 PlotIndex=1314
mission CityName=LOC_CITY_NAME_TORONTO CompletionTurn=116 EscapeResult=-1 InitialResult=1 LevelAfter=1 LootInfo=-1 Name=LOC_CITIZEN_MAYA_MALE_4 Operation=58 PlotIndex=1818
mission CityName=LOC_CITY_NAME_OTTAWA CompletionTurn=111 EscapeResult=-1 InitialResult=1 LevelAfter=2 LootInfo=-1 Name=LOC_CITIZEN_MAYA_MALE_5 Operation=58 PlotIndex=978
mission CityName=LOC_CITY_NAME_MONTREAL CompletionTurn=107 EscapeResult=0 InitialResult=2 LevelAfter=2 LootInfo=-1 Name=LOC_CITIZEN_MAYA_MALE_6 Operation=58 PlotIndex=1314
mission CityName=LOC_CITY_NAME_OTTAWA CompletionTurn=105 EscapeResult=2 InitialResult=2 LevelAfter=2 LootInfo=-1 Name=LOC_CITIZEN_MAYA_MODERN_MALE_1 Operation=58 PlotIndex=978
mission CityName=LOC_CITY_NAME_TORONTO CompletionTurn=104 EscapeResult=-1 InitialResult=1 LevelAfter=2 LootInfo=-1 Name=LOC_CITIZEN_MAYA_FEMALE_6 Operation=58 PlotIndex=1818
mission CityName=LOC_CITY_NAME_QUEBEC_CITY CompletionTurn=103 EscapeResult=0 InitialResult=4 LevelAfter=2 LootInfo=-1 Name=LOC_CITIZEN_MAYA_MODERN_FEMALE_8 Operation=58 PlotIndex=1404
mission CityName=LOC_CITY_NAME_OTTAWA CompletionTurn=101 EscapeResult=-1 InitialResult=5 LevelAfter=2 LootInfo=-1 Name=LOC_CITIZEN_MAYA_MODERN_MALE_1 Operation=58 PlotIndex=978
mission CityName=LOC_CITY_NAME_TORONTO CompletionTurn=100 EscapeResult=-1 InitialResult=5 LevelAfter=2 LootInfo=-1 Name=LOC_CITIZEN_MAYA_FEMALE_6 Operation=58 PlotIndex=1818
mission CityName=LOC_CITY_NAME_MONTREAL CompletionTurn=99 EscapeResult=-1 InitialResult=1 LevelAfter=1 LootInfo=-1 Name=LOC_CITIZEN_MAYA_MODERN_FEMALE_5 Operation=58 PlotIndex=1314
mission CityName=LOC_CITY_NAME_OTTAWA CompletionTurn=97 EscapeResult=-1 InitialResult=3 LevelAfter=2 LootInfo=-1 Name=LOC_CITIZEN_MAYA_MODERN_MALE_1 Operation=58 PlotIndex=978
mission CityName=LOC_CITY_NAME_OTTAWA CompletionTurn=93 EscapeResult=-1 InitialResult=5 LevelAfter=2 LootInfo=-1 Name=LOC_CITIZEN_MAYA_MODERN_MALE_1 Operation=58 PlotIndex=978
mission CityName=LOC_CITY_NAME_TORONTO CompletionTurn=91 EscapeResult=2 InitialResult=2 LevelAfter=2 LootInfo=-1 Name=LOC_CITIZEN_MAYA_MODERN_FEMALE_8 Operation=58 PlotIndex=1818
mission CityName=LOC_CITY_NAME_OTTAWA CompletionTurn=89 EscapeResult=-1 InitialResult=5 LevelAfter=2 LootInfo=-1 Name=LOC_CITIZEN_MAYA_MALE_5 Operation=58 PlotIndex=978
mission CityName=LOC_CITY_NAME_QUEBEC_CITY CompletionTurn=85 EscapeResult=2 InitialResult=4 LevelAfter=2 LootInfo=-1 Name=LOC_CITIZEN_MAYA_MALE_6 Operation=58 PlotIndex=1404
mission CityName=LOC_CITY_NAME_SAINT_JOHN CompletionTurn=85 EscapeResult=-1 InitialResult=0 LevelAfter=2 LootInfo=-1 Name=LOC_CITIZEN_MAYA_FEMALE_4 Operation=58 PlotIndex=1409
mission CityName=LOC_CITY_NAME_TE_HOKIANGA_NU_A_KUPE CompletionTurn=85 EscapeResult=1 InitialResult=4 LevelAfter=2 LootInfo=-1 Name=LOC_CITIZEN_MAYA_MODERN_MALE_5 Operation=58 PlotIndex=772
mission CityName=LOC_CITY_NAME_MONTREAL CompletionTurn=85 EscapeResult=0 InitialResult=4 LevelAfter=2 LootInfo=-1 Name=LOC_CITIZEN_MAYA_MALE_2 Operation=58 PlotIndex=1314
mission CityName=LOC_CITY_NAME_NGARUAWAHIA CompletionTurn=85 EscapeResult=-1 InitialResult=1 LevelAfter=2 LootInfo=-1 Name=LOC_CITIZEN_MAYA_MODERN_MALE_9 Operation=58 PlotIndex=1833
mission CityName=LOC_CITY_NAME_QUEBEC_CITY CompletionTurn=80 EscapeResult=-1 InitialResult=3 LevelAfter=1 LootInfo=-1 Name=LOC_CITIZEN_MAYA_MALE_6 Operation=58 PlotIndex=1404
mission CityName=LOC_CITY_NAME_MONTREAL CompletionTurn=79 EscapeResult=-1 InitialResult=1 LevelAfter=1 LootInfo=-1 Name=LOC_CITIZEN_MAYA_MALE_7 Operation=58 PlotIndex=1314
mission CityName=LOC_CITY_NAME_UPPSALA CompletionTurn=79 EscapeResult=0 InitialResult=4 LevelAfter=2 LootInfo=-1 Name=LOC_CITIZEN_MAYA_MODERN_MALE_6 Operation=58 PlotIndex=993
mission CityName=LOC_CITY_NAME_SAINT_JOHN CompletionTurn=77 EscapeResult=-1 InitialResult=1 LevelAfter=1 LootInfo=-1 Name=LOC_CITIZEN_MAYA_MODERN_FEMALE_7 Operation=58 PlotIndex=1409
mission CityName=LOC_CITY_NAME_STOCKHOLM CompletionTurn=75 EscapeResult=1 InitialResult=4 LevelAfter=2 LootInfo=-1 Name=LOC_CITIZEN_MAYA_MODERN_MALE_2 Operation=58 PlotIndex=1253
mission CityName=LOC_CITY_NAME_TORONTO CompletionTurn=75 EscapeResult=2 InitialResult=2 LevelAfter=2 LootInfo=-1 Name=LOC_CITIZEN_MAYA_MODERN_FEMALE_8 Operation=58 PlotIndex=1818
mission CityName=LOC_CITY_NAME_OTTAWA CompletionTurn=75 EscapeResult=2 InitialResult=4 LevelAfter=2 LootInfo=-1 Name=LOC_CITIZEN_MAYA_MALE_5 Operation=58 PlotIndex=978
mission CityName=LOC_CITY_NAME_SAINT_JOHN CompletionTurn=73 EscapeResult=-1 InitialResult=1 LevelAfter=1 LootInfo=-1 Name=LOC_CITIZEN_MAYA_FEMALE_8 Operation=58 PlotIndex=1409
mission CityName=LOC_CITY_NAME_QUEBEC_CITY CompletionTurn=73 EscapeResult=-1 InitialResult=0 LevelAfter=1 LootInfo=-1 Name=LOC_CITIZEN_MAYA_FEMALE_9 Operation=58 PlotIndex=1404
mission CityName=LOC_CITY_NAME_STOCKHOLM CompletionTurn=70 EscapeResult=-1 InitialResult=1 LevelAfter=1 LootInfo=-1 Name=LOC_CITIZEN_MAYA_MALE_1 Operation=58 PlotIndex=1253
mission CityName=LOC_CITY_NAME_GOTEBORG CompletionTurn=70 EscapeResult=0 InitialResult=4 LevelAfter=2 LootInfo=-1 Name=LOC_CITIZEN_MAYA_MODERN_FEMALE_1 Operation=58 PlotIndex=1081
mission CityName=LOC_CITY_NAME_OTTAWA CompletionTurn=70 EscapeResult=1 InitialResult=2 LevelAfter=2 LootInfo=-1 Name=LOC_CITIZEN_MAYA_MODERN_FEMALE_9 Operation=58 PlotIndex=978
mission CityName=LOC_CITY_NAME_QUEBEC_CITY CompletionTurn=68 EscapeResult=-1 InitialResult=1 LevelAfter=1 LootInfo=-1 Name=LOC_CITIZEN_MAYA_MODERN_FEMALE_3 Operation=58 PlotIndex=1404
mission CityName=LOC_CITY_NAME_NGARUAWAHIA CompletionTurn=67 EscapeResult=2 InitialResult=4 LevelAfter=2 LootInfo=-1 Name=LOC_CITIZEN_MAYA_MODERN_MALE_9 Operation=58 PlotIndex=1833
mission CityName=LOC_CITY_NAME_TE_HOKIANGA_NU_A_KUPE CompletionTurn=66 EscapeResult=2 InitialResult=4 LevelAfter=2 LootInfo=-1 Name=LOC_CITIZEN_MAYA_FEMALE_4 Operation=58 PlotIndex=772
mission CityName=LOC_CITY_NAME_MONTREAL CompletionTurn=66 EscapeResult=0 InitialResult=4 LevelAfter=2 LootInfo=-1 Name=LOC_CITIZEN_MAYA_MALE_3 Operation=58 PlotIndex=1314
mission CityName=LOC_CITY_NAME_OTTAWA CompletionTurn=66 EscapeResult=-1 InitialResult=3 LevelAfter=2 LootInfo=-1 Name=LOC_CITIZEN_MAYA_MODERN_FEMALE_9 Operation=58 PlotIndex=978
mission CityName=LOC_CITY_NAME_TORONTO CompletionTurn=66 EscapeResult=0 InitialResult=2 LevelAfter=1 LootInfo=-1 Name=LOC_CITIZEN_MAYA_MALE_8 Operation=58 PlotIndex=1818
mission CityName=LOC_CITY_NAME_QUEBEC_CITY CompletionTurn=64 EscapeResult=-1 InitialResult=3 LevelAfter=1 LootInfo=-1 Name=LOC_CITIZEN_MAYA_MODERN_FEMALE_3 Operation=58 PlotIndex=1404
mission CityName=LOC_CITY_NAME_TORONTO CompletionTurn=62 EscapeResult=-1 InitialResult=5 LevelAfter=2 LootInfo=-1 Name=LOC_CITIZEN_MAYA_MODERN_FEMALE_8 Operation=58 PlotIndex=1818
mission CityName=LOC_CITY_NAME_OTTAWA CompletionTurn=62 EscapeResult=-1 InitialResult=3 LevelAfter=1 LootInfo=-1 Name=LOC_CITIZEN_MAYA_MALE_5 Operation=58 PlotIndex=978
mission CityName=LOC_CITY_NAME_MONTREAL CompletionTurn=62 EscapeResult=-1 InitialResult=5 LevelAfter=2 LootInfo=-1 Name=LOC_CITIZEN_MAYA_MALE_3 Operation=58 PlotIndex=1314
mission CityName=LOC_CITY_NAME_OTTAWA CompletionTurn=58 EscapeResult=-1 InitialResult=5 LevelAfter=2 LootInfo=-1 Name=LOC_CITIZEN_MAYA_MODERN_FEMALE_9 Operation=58 PlotIndex=978
mission CityName=LOC_CITY_NAME_MONTREAL CompletionTurn=58 EscapeResult=-1 InitialResult=1 LevelAfter=1 LootInfo=-1 Name=LOC_CITIZEN_MAYA_FEMALE_5 Operation=58 PlotIndex=1314
tally 12  FOMENT_UNREST CAPTURED / NO_RESULT
tally 1  FOMENT_UNREST FAIL_MUST_ESCAPE / CAPTURED
tally 3  FOMENT_UNREST FAIL_MUST_ESCAPE / FAIL_MUST_ESCAPE
tally 3  FOMENT_UNREST FAIL_MUST_ESCAPE / KILLED
tally 5  FOMENT_UNREST FAIL_UNDETECTED / NO_RESULT
tally 2  FOMENT_UNREST KILLED / NO_RESULT
tally 2  FOMENT_UNREST SUCCESS_MUST_ESCAPE / CAPTURED
tally 4  FOMENT_UNREST SUCCESS_MUST_ESCAPE / FAIL_MUST_ESCAPE
tally 5  FOMENT_UNREST SUCCESS_MUST_ESCAPE / KILLED
tally 1  FOMENT_UNREST SUCCESS_MUST_ESCAPE / NO_RESULT
tally 7  FOMENT_UNREST SUCCESS_UNDETECTED / NO_RESULT
turn 138 spies active 1 idle 0 missions 45 captured-enemy 0
spy 7012381 LOC_CITIZEN_MAYA_MODERN_MALE_3 level 1 at 54:11 busy
turn 138 spies 1 started 0 travelled 0 promoted 0 bought 0 gold 50000
unblock: blocker ENDTURN_BLOCKING_PRODUCTION -> NARANJO builds UNIT_WARRIOR | end turn requested
unstuck: InGamePopup: open, no close
unblock: blocker ENDTURN_BLOCKING_SPY_CHOOSE_ESCAPE_ROUTE -> escape route DISTRICT_CITY_CENTER of 2 for spy 7012381 LOC_CITIZEN_MAYA_MODERN_MALE_3 level 1 turn 138 | end turn requested
unstuck: InGamePopup: open, no close
mission CityName=LOC_CITY_NAME_OTTAWA CompletionTurn=138 EscapeResult=-1 InitialResult=4 LevelAfter=2 LootInfo=-1 Name=LOC_CITIZEN_MAYA_MODERN_MALE_3 Operation=58 PlotIndex=978
mission CityName=LOC_CITY_NAME_MONTREAL CompletionTurn=120 EscapeResult=0 InitialResult=2 LevelAfter=2 LootInfo=-1 Name=LOC_CITIZEN_MAYA_MODERN_MALE_1 Operation=58 PlotIndex=1314
mission CityName=LOC_CITY_NAME_MONTREAL CompletionTurn=116 EscapeResult=-1 InitialResult=1 LevelAfter=1 LootInfo=-1 Name=LOC_CITIZEN_MAYA_MALE_10 Operation=58 PlotIndex=1314
mission CityName=LOC_CITY_NAME_TORONTO CompletionTurn=116 EscapeResult=-1 InitialResult=1 LevelAfter=1 LootInfo=-1 Name=LOC_CITIZEN_MAYA_MALE_4 Operation=58 PlotIndex=1818
mission CityName=LOC_CITY_NAME_OTTAWA CompletionTurn=111 EscapeResult=-1 InitialResult=1 LevelAfter=2 LootInfo=-1 Name=LOC_CITIZEN_MAYA_MALE_5 Operation=58 PlotIndex=978
mission CityName=LOC_CITY_NAME_MONTREAL CompletionTurn=107 EscapeResult=0 InitialResult=2 LevelAfter=2 LootInfo=-1 Name=LOC_CITIZEN_MAYA_MALE_6 Operation=58 PlotIndex=1314
mission CityName=LOC_CITY_NAME_OTTAWA CompletionTurn=105 EscapeResult=2 InitialResult=2 LevelAfter=2 LootInfo=-1 Name=LOC_CITIZEN_MAYA_MODERN_MALE_1 Operation=58 PlotIndex=978
mission CityName=LOC_CITY_NAME_TORONTO CompletionTurn=104 EscapeResult=-1 InitialResult=1 LevelAfter=2 LootInfo=-1 Name=LOC_CITIZEN_MAYA_FEMALE_6 Operation=58 PlotIndex=1818
mission CityName=LOC_CITY_NAME_QUEBEC_CITY CompletionTurn=103 EscapeResult=0 InitialResult=4 LevelAfter=2 LootInfo=-1 Name=LOC_CITIZEN_MAYA_MODERN_FEMALE_8 Operation=58 PlotIndex=1404
mission CityName=LOC_CITY_NAME_OTTAWA CompletionTurn=101 EscapeResult=-1 InitialResult=5 LevelAfter=2 LootInfo=-1 Name=LOC_CITIZEN_MAYA_MODERN_MALE_1 Operation=58 PlotIndex=978
mission CityName=LOC_CITY_NAME_TORONTO CompletionTurn=100 EscapeResult=-1 InitialResult=5 LevelAfter=2 LootInfo=-1 Name=LOC_CITIZEN_MAYA_FEMALE_6 Operation=58 PlotIndex=1818
mission CityName=LOC_CITY_NAME_MONTREAL CompletionTurn=99 EscapeResult=-1 InitialResult=1 LevelAfter=1 LootInfo=-1 Name=LOC_CITIZEN_MAYA_MODERN_FEMALE_5 Operation=58 PlotIndex=1314
mission CityName=LOC_CITY_NAME_OTTAWA CompletionTurn=97 EscapeResult=-1 InitialResult=3 LevelAfter=2 LootInfo=-1 Name=LOC_CITIZEN_MAYA_MODERN_MALE_1 Operation=58 PlotIndex=978
mission CityName=LOC_CITY_NAME_OTTAWA CompletionTurn=93 EscapeResult=-1 InitialResult=5 LevelAfter=2 LootInfo=-1 Name=LOC_CITIZEN_MAYA_MODERN_MALE_1 Operation=58 PlotIndex=978
mission CityName=LOC_CITY_NAME_TORONTO CompletionTurn=91 EscapeResult=2 InitialResult=2 LevelAfter=2 LootInfo=-1 Name=LOC_CITIZEN_MAYA_MODERN_FEMALE_8 Operation=58 PlotIndex=1818
mission CityName=LOC_CITY_NAME_OTTAWA CompletionTurn=89 EscapeResult=-1 InitialResult=5 LevelAfter=2 LootInfo=-1 Name=LOC_CITIZEN_MAYA_MALE_5 Operation=58 PlotIndex=978
mission CityName=LOC_CITY_NAME_QUEBEC_CITY CompletionTurn=85 EscapeResult=2 InitialResult=4 LevelAfter=2 LootInfo=-1 Name=LOC_CITIZEN_MAYA_MALE_6 Operation=58 PlotIndex=1404
mission CityName=LOC_CITY_NAME_SAINT_JOHN CompletionTurn=85 EscapeResult=-1 InitialResult=0 LevelAfter=2 LootInfo=-1 Name=LOC_CITIZEN_MAYA_FEMALE_4 Operation=58 PlotIndex=1409
mission CityName=LOC_CITY_NAME_TE_HOKIANGA_NU_A_KUPE CompletionTurn=85 EscapeResult=1 InitialResult=4 LevelAfter=2 LootInfo=-1 Name=LOC_CITIZEN_MAYA_MODERN_MALE_5 Operation=58 PlotIndex=772
mission CityName=LOC_CITY_NAME_MONTREAL CompletionTurn=85 EscapeResult=0 InitialResult=4 LevelAfter=2 LootInfo=-1 Name=LOC_CITIZEN_MAYA_MALE_2 Operation=58 PlotIndex=1314
mission CityName=LOC_CITY_NAME_NGARUAWAHIA CompletionTurn=85 EscapeResult=-1 InitialResult=1 LevelAfter=2 LootInfo=-1 Name=LOC_CITIZEN_MAYA_MODERN_MALE_9 Operation=58 PlotIndex=1833
mission CityName=LOC_CITY_NAME_QUEBEC_CITY CompletionTurn=80 EscapeResult=-1 InitialResult=3 LevelAfter=1 LootInfo=-1 Name=LOC_CITIZEN_MAYA_MALE_6 Operation=58 PlotIndex=1404
mission CityName=LOC_CITY_NAME_MONTREAL CompletionTurn=79 EscapeResult=-1 InitialResult=1 LevelAfter=1 LootInfo=-1 Name=LOC_CITIZEN_MAYA_MALE_7 Operation=58 PlotIndex=1314
mission CityName=LOC_CITY_NAME_UPPSALA CompletionTurn=79 EscapeResult=0 InitialResult=4 LevelAfter=2 LootInfo=-1 Name=LOC_CITIZEN_MAYA_MODERN_MALE_6 Operation=58 PlotIndex=993
mission CityName=LOC_CITY_NAME_SAINT_JOHN CompletionTurn=77 EscapeResult=-1 InitialResult=1 LevelAfter=1 LootInfo=-1 Name=LOC_CITIZEN_MAYA_MODERN_FEMALE_7 Operation=58 PlotIndex=1409
mission CityName=LOC_CITY_NAME_STOCKHOLM CompletionTurn=75 EscapeResult=1 InitialResult=4 LevelAfter=2 LootInfo=-1 Name=LOC_CITIZEN_MAYA_MODERN_MALE_2 Operation=58 PlotIndex=1253
mission CityName=LOC_CITY_NAME_TORONTO CompletionTurn=75 EscapeResult=2 InitialResult=2 LevelAfter=2 LootInfo=-1 Name=LOC_CITIZEN_MAYA_MODERN_FEMALE_8 Operation=58 PlotIndex=1818
mission CityName=LOC_CITY_NAME_OTTAWA CompletionTurn=75 EscapeResult=2 InitialResult=4 LevelAfter=2 LootInfo=-1 Name=LOC_CITIZEN_MAYA_MALE_5 Operation=58 PlotIndex=978
mission CityName=LOC_CITY_NAME_SAINT_JOHN CompletionTurn=73 EscapeResult=-1 InitialResult=1 LevelAfter=1 LootInfo=-1 Name=LOC_CITIZEN_MAYA_FEMALE_8 Operation=58 PlotIndex=1409
mission CityName=LOC_CITY_NAME_QUEBEC_CITY CompletionTurn=73 EscapeResult=-1 InitialResult=0 LevelAfter=1 LootInfo=-1 Name=LOC_CITIZEN_MAYA_FEMALE_9 Operation=58 PlotIndex=1404
mission CityName=LOC_CITY_NAME_STOCKHOLM CompletionTurn=70 EscapeResult=-1 InitialResult=1 LevelAfter=1 LootInfo=-1 Name=LOC_CITIZEN_MAYA_MALE_1 Operation=58 PlotIndex=1253
mission CityName=LOC_CITY_NAME_GOTEBORG CompletionTurn=70 EscapeResult=0 InitialResult=4 LevelAfter=2 LootInfo=-1 Name=LOC_CITIZEN_MAYA_MODERN_FEMALE_1 Operation=58 PlotIndex=1081
mission CityName=LOC_CITY_NAME_OTTAWA CompletionTurn=70 EscapeResult=1 InitialResult=2 LevelAfter=2 LootInfo=-1 Name=LOC_CITIZEN_MAYA_MODERN_FEMALE_9 Operation=58 PlotIndex=978
mission CityName=LOC_CITY_NAME_QUEBEC_CITY CompletionTurn=68 EscapeResult=-1 InitialResult=1 LevelAfter=1 LootInfo=-1 Name=LOC_CITIZEN_MAYA_MODERN_FEMALE_3 Operation=58 PlotIndex=1404
mission CityName=LOC_CITY_NAME_NGARUAWAHIA CompletionTurn=67 EscapeResult=2 InitialResult=4 LevelAfter=2 LootInfo=-1 Name=LOC_CITIZEN_MAYA_MODERN_MALE_9 Operation=58 PlotIndex=1833
mission CityName=LOC_CITY_NAME_TE_HOKIANGA_NU_A_KUPE CompletionTurn=66 EscapeResult=2 InitialResult=4 LevelAfter=2 LootInfo=-1 Name=LOC_CITIZEN_MAYA_FEMALE_4 Operation=58 PlotIndex=772
mission CityName=LOC_CITY_NAME_MONTREAL CompletionTurn=66 EscapeResult=0 InitialResult=4 LevelAfter=2 LootInfo=-1 Name=LOC_CITIZEN_MAYA_MALE_3 Operation=58 PlotIndex=1314
mission CityName=LOC_CITY_NAME_OTTAWA CompletionTurn=66 EscapeResult=-1 InitialResult=3 LevelAfter=2 LootInfo=-1 Name=LOC_CITIZEN_MAYA_MODERN_FEMALE_9 Operation=58 PlotIndex=978
mission CityName=LOC_CITY_NAME_TORONTO CompletionTurn=66 EscapeResult=0 InitialResult=2 LevelAfter=1 LootInfo=-1 Name=LOC_CITIZEN_MAYA_MALE_8 Operation=58 PlotIndex=1818
mission CityName=LOC_CITY_NAME_QUEBEC_CITY CompletionTurn=64 EscapeResult=-1 InitialResult=3 LevelAfter=1 LootInfo=-1 Name=LOC_CITIZEN_MAYA_MODERN_FEMALE_3 Operation=58 PlotIndex=1404
mission CityName=LOC_CITY_NAME_TORONTO CompletionTurn=62 EscapeResult=-1 InitialResult=5 LevelAfter=2 LootInfo=-1 Name=LOC_CITIZEN_MAYA_MODERN_FEMALE_8 Operation=58 PlotIndex=1818
mission CityName=LOC_CITY_NAME_OTTAWA CompletionTurn=62 EscapeResult=-1 InitialResult=3 LevelAfter=1 LootInfo=-1 Name=LOC_CITIZEN_MAYA_MALE_5 Operation=58 PlotIndex=978
mission CityName=LOC_CITY_NAME_MONTREAL CompletionTurn=62 EscapeResult=-1 InitialResult=5 LevelAfter=2 LootInfo=-1 Name=LOC_CITIZEN_MAYA_MALE_3 Operation=58 PlotIndex=1314
mission CityName=LOC_CITY_NAME_OTTAWA CompletionTurn=58 EscapeResult=-1 InitialResult=5 LevelAfter=2 LootInfo=-1 Name=LOC_CITIZEN_MAYA_MODERN_FEMALE_9 Operation=58 PlotIndex=978
mission CityName=LOC_CITY_NAME_MONTREAL CompletionTurn=58 EscapeResult=-1 InitialResult=1 LevelAfter=1 LootInfo=-1 Name=LOC_CITIZEN_MAYA_FEMALE_5 Operation=58 PlotIndex=1314
tally 12  FOMENT_UNREST CAPTURED / NO_RESULT
tally 1  FOMENT_UNREST FAIL_MUST_ESCAPE / CAPTURED
tally 3  FOMENT_UNREST FAIL_MUST_ESCAPE / FAIL_MUST_ESCAPE
tally 3  FOMENT_UNREST FAIL_MUST_ESCAPE / KILLED
tally 5  FOMENT_UNREST FAIL_UNDETECTED / NO_RESULT
tally 2  FOMENT_UNREST KILLED / NO_RESULT
tally 2  FOMENT_UNREST SUCCESS_MUST_ESCAPE / CAPTURED
tally 4  FOMENT_UNREST SUCCESS_MUST_ESCAPE / FAIL_MUST_ESCAPE
tally 5  FOMENT_UNREST SUCCESS_MUST_ESCAPE / KILLED
tally 1  FOMENT_UNREST SUCCESS_MUST_ESCAPE / NO_RESULT
tally 7  FOMENT_UNREST SUCCESS_UNDETECTED / NO_RESULT
turn 139 spies active 1 idle 0 missions 45 captured-enemy 0
spy 7012381 LOC_CITIZEN_MAYA_MODERN_MALE_3 level 1 at 54:11 busy
turn 139 spies 1 started 0 travelled 0 promoted 0 bought 0 gold 50000
unblock: blocker ENDTURN_BLOCKING_SPY_CHOOSE_ESCAPE_ROUTE -> escape route DISTRICT_CITY_CENTER of 2 for spy 7012381 LOC_CITIZEN_MAYA_MODERN_MALE_3 level 1 turn 139 | end turn requested
unstuck: InGamePopup: open, no close
mission CityName=LOC_CITY_NAME_OTTAWA CompletionTurn=138 EscapeResult=0 InitialResult=4 LevelAfter=2 LootInfo=-1 Name=LOC_CITIZEN_MAYA_MODERN_MALE_3 Operation=58 PlotIndex=978
mission CityName=LOC_CITY_NAME_MONTREAL CompletionTurn=120 EscapeResult=0 InitialResult=2 LevelAfter=2 LootInfo=-1 Name=LOC_CITIZEN_MAYA_MODERN_MALE_1 Operation=58 PlotIndex=1314
mission CityName=LOC_CITY_NAME_MONTREAL CompletionTurn=116 EscapeResult=-1 InitialResult=1 LevelAfter=1 LootInfo=-1 Name=LOC_CITIZEN_MAYA_MALE_10 Operation=58 PlotIndex=1314
mission CityName=LOC_CITY_NAME_TORONTO CompletionTurn=116 EscapeResult=-1 InitialResult=1 LevelAfter=1 LootInfo=-1 Name=LOC_CITIZEN_MAYA_MALE_4 Operation=58 PlotIndex=1818
mission CityName=LOC_CITY_NAME_OTTAWA CompletionTurn=111 EscapeResult=-1 InitialResult=1 LevelAfter=2 LootInfo=-1 Name=LOC_CITIZEN_MAYA_MALE_5 Operation=58 PlotIndex=978
mission CityName=LOC_CITY_NAME_MONTREAL CompletionTurn=107 EscapeResult=0 InitialResult=2 LevelAfter=2 LootInfo=-1 Name=LOC_CITIZEN_MAYA_MALE_6 Operation=58 PlotIndex=1314
mission CityName=LOC_CITY_NAME_OTTAWA CompletionTurn=105 EscapeResult=2 InitialResult=2 LevelAfter=2 LootInfo=-1 Name=LOC_CITIZEN_MAYA_MODERN_MALE_1 Operation=58 PlotIndex=978
mission CityName=LOC_CITY_NAME_TORONTO CompletionTurn=104 EscapeResult=-1 InitialResult=1 LevelAfter=2 LootInfo=-1 Name=LOC_CITIZEN_MAYA_FEMALE_6 Operation=58 PlotIndex=1818
mission CityName=LOC_CITY_NAME_QUEBEC_CITY CompletionTurn=103 EscapeResult=0 InitialResult=4 LevelAfter=2 LootInfo=-1 Name=LOC_CITIZEN_MAYA_MODERN_FEMALE_8 Operation=58 PlotIndex=1404
mission CityName=LOC_CITY_NAME_OTTAWA CompletionTurn=101 EscapeResult=-1 InitialResult=5 LevelAfter=2 LootInfo=-1 Name=LOC_CITIZEN_MAYA_MODERN_MALE_1 Operation=58 PlotIndex=978
mission CityName=LOC_CITY_NAME_TORONTO CompletionTurn=100 EscapeResult=-1 InitialResult=5 LevelAfter=2 LootInfo=-1 Name=LOC_CITIZEN_MAYA_FEMALE_6 Operation=58 PlotIndex=1818
mission CityName=LOC_CITY_NAME_MONTREAL CompletionTurn=99 EscapeResult=-1 InitialResult=1 LevelAfter=1 LootInfo=-1 Name=LOC_CITIZEN_MAYA_MODERN_FEMALE_5 Operation=58 PlotIndex=1314
mission CityName=LOC_CITY_NAME_OTTAWA CompletionTurn=97 EscapeResult=-1 InitialResult=3 LevelAfter=2 LootInfo=-1 Name=LOC_CITIZEN_MAYA_MODERN_MALE_1 Operation=58 PlotIndex=978
mission CityName=LOC_CITY_NAME_OTTAWA CompletionTurn=93 EscapeResult=-1 InitialResult=5 LevelAfter=2 LootInfo=-1 Name=LOC_CITIZEN_MAYA_MODERN_MALE_1 Operation=58 PlotIndex=978
mission CityName=LOC_CITY_NAME_TORONTO CompletionTurn=91 EscapeResult=2 InitialResult=2 LevelAfter=2 LootInfo=-1 Name=LOC_CITIZEN_MAYA_MODERN_FEMALE_8 Operation=58 PlotIndex=1818
mission CityName=LOC_CITY_NAME_OTTAWA CompletionTurn=89 EscapeResult=-1 InitialResult=5 LevelAfter=2 LootInfo=-1 Name=LOC_CITIZEN_MAYA_MALE_5 Operation=58 PlotIndex=978
mission CityName=LOC_CITY_NAME_QUEBEC_CITY CompletionTurn=85 EscapeResult=2 InitialResult=4 LevelAfter=2 LootInfo=-1 Name=LOC_CITIZEN_MAYA_MALE_6 Operation=58 PlotIndex=1404
mission CityName=LOC_CITY_NAME_SAINT_JOHN CompletionTurn=85 EscapeResult=-1 InitialResult=0 LevelAfter=2 LootInfo=-1 Name=LOC_CITIZEN_MAYA_FEMALE_4 Operation=58 PlotIndex=1409
mission CityName=LOC_CITY_NAME_TE_HOKIANGA_NU_A_KUPE CompletionTurn=85 EscapeResult=1 InitialResult=4 LevelAfter=2 LootInfo=-1 Name=LOC_CITIZEN_MAYA_MODERN_MALE_5 Operation=58 PlotIndex=772
mission CityName=LOC_CITY_NAME_MONTREAL CompletionTurn=85 EscapeResult=0 InitialResult=4 LevelAfter=2 LootInfo=-1 Name=LOC_CITIZEN_MAYA_MALE_2 Operation=58 PlotIndex=1314
mission CityName=LOC_CITY_NAME_NGARUAWAHIA CompletionTurn=85 EscapeResult=-1 InitialResult=1 LevelAfter=2 LootInfo=-1 Name=LOC_CITIZEN_MAYA_MODERN_MALE_9 Operation=58 PlotIndex=1833
mission CityName=LOC_CITY_NAME_QUEBEC_CITY CompletionTurn=80 EscapeResult=-1 InitialResult=3 LevelAfter=1 LootInfo=-1 Name=LOC_CITIZEN_MAYA_MALE_6 Operation=58 PlotIndex=1404
mission CityName=LOC_CITY_NAME_MONTREAL CompletionTurn=79 EscapeResult=-1 InitialResult=1 LevelAfter=1 LootInfo=-1 Name=LOC_CITIZEN_MAYA_MALE_7 Operation=58 PlotIndex=1314
mission CityName=LOC_CITY_NAME_UPPSALA CompletionTurn=79 EscapeResult=0 InitialResult=4 LevelAfter=2 LootInfo=-1 Name=LOC_CITIZEN_MAYA_MODERN_MALE_6 Operation=58 PlotIndex=993
mission CityName=LOC_CITY_NAME_SAINT_JOHN CompletionTurn=77 EscapeResult=-1 InitialResult=1 LevelAfter=1 LootInfo=-1 Name=LOC_CITIZEN_MAYA_MODERN_FEMALE_7 Operation=58 PlotIndex=1409
mission CityName=LOC_CITY_NAME_STOCKHOLM CompletionTurn=75 EscapeResult=1 InitialResult=4 LevelAfter=2 LootInfo=-1 Name=LOC_CITIZEN_MAYA_MODERN_MALE_2 Operation=58 PlotIndex=1253
mission CityName=LOC_CITY_NAME_TORONTO CompletionTurn=75 EscapeResult=2 InitialResult=2 LevelAfter=2 LootInfo=-1 Name=LOC_CITIZEN_MAYA_MODERN_FEMALE_8 Operation=58 PlotIndex=1818
mission CityName=LOC_CITY_NAME_OTTAWA CompletionTurn=75 EscapeResult=2 InitialResult=4 LevelAfter=2 LootInfo=-1 Name=LOC_CITIZEN_MAYA_MALE_5 Operation=58 PlotIndex=978
mission CityName=LOC_CITY_NAME_SAINT_JOHN CompletionTurn=73 EscapeResult=-1 InitialResult=1 LevelAfter=1 LootInfo=-1 Name=LOC_CITIZEN_MAYA_FEMALE_8 Operation=58 PlotIndex=1409
mission CityName=LOC_CITY_NAME_QUEBEC_CITY CompletionTurn=73 EscapeResult=-1 InitialResult=0 LevelAfter=1 LootInfo=-1 Name=LOC_CITIZEN_MAYA_FEMALE_9 Operation=58 PlotIndex=1404
mission CityName=LOC_CITY_NAME_STOCKHOLM CompletionTurn=70 EscapeResult=-1 InitialResult=1 LevelAfter=1 LootInfo=-1 Name=LOC_CITIZEN_MAYA_MALE_1 Operation=58 PlotIndex=1253
mission CityName=LOC_CITY_NAME_GOTEBORG CompletionTurn=70 EscapeResult=0 InitialResult=4 LevelAfter=2 LootInfo=-1 Name=LOC_CITIZEN_MAYA_MODERN_FEMALE_1 Operation=58 PlotIndex=1081
mission CityName=LOC_CITY_NAME_OTTAWA CompletionTurn=70 EscapeResult=1 InitialResult=2 LevelAfter=2 LootInfo=-1 Name=LOC_CITIZEN_MAYA_MODERN_FEMALE_9 Operation=58 PlotIndex=978
mission CityName=LOC_CITY_NAME_QUEBEC_CITY CompletionTurn=68 EscapeResult=-1 InitialResult=1 LevelAfter=1 LootInfo=-1 Name=LOC_CITIZEN_MAYA_MODERN_FEMALE_3 Operation=58 PlotIndex=1404
mission CityName=LOC_CITY_NAME_NGARUAWAHIA CompletionTurn=67 EscapeResult=2 InitialResult=4 LevelAfter=2 LootInfo=-1 Name=LOC_CITIZEN_MAYA_MODERN_MALE_9 Operation=58 PlotIndex=1833
mission CityName=LOC_CITY_NAME_TE_HOKIANGA_NU_A_KUPE CompletionTurn=66 EscapeResult=2 InitialResult=4 LevelAfter=2 LootInfo=-1 Name=LOC_CITIZEN_MAYA_FEMALE_4 Operation=58 PlotIndex=772
mission CityName=LOC_CITY_NAME_MONTREAL CompletionTurn=66 EscapeResult=0 InitialResult=4 LevelAfter=2 LootInfo=-1 Name=LOC_CITIZEN_MAYA_MALE_3 Operation=58 PlotIndex=1314
mission CityName=LOC_CITY_NAME_OTTAWA CompletionTurn=66 EscapeResult=-1 InitialResult=3 LevelAfter=2 LootInfo=-1 Name=LOC_CITIZEN_MAYA_MODERN_FEMALE_9 Operation=58 PlotIndex=978
mission CityName=LOC_CITY_NAME_TORONTO CompletionTurn=66 EscapeResult=0 InitialResult=2 LevelAfter=1 LootInfo=-1 Name=LOC_CITIZEN_MAYA_MALE_8 Operation=58 PlotIndex=1818
mission CityName=LOC_CITY_NAME_QUEBEC_CITY CompletionTurn=64 EscapeResult=-1 InitialResult=3 LevelAfter=1 LootInfo=-1 Name=LOC_CITIZEN_MAYA_MODERN_FEMALE_3 Operation=58 PlotIndex=1404
mission CityName=LOC_CITY_NAME_TORONTO CompletionTurn=62 EscapeResult=-1 InitialResult=5 LevelAfter=2 LootInfo=-1 Name=LOC_CITIZEN_MAYA_MODERN_FEMALE_8 Operation=58 PlotIndex=1818
mission CityName=LOC_CITY_NAME_OTTAWA CompletionTurn=62 EscapeResult=-1 InitialResult=3 LevelAfter=1 LootInfo=-1 Name=LOC_CITIZEN_MAYA_MALE_5 Operation=58 PlotIndex=978
mission CityName=LOC_CITY_NAME_MONTREAL CompletionTurn=62 EscapeResult=-1 InitialResult=5 LevelAfter=2 LootInfo=-1 Name=LOC_CITIZEN_MAYA_MALE_3 Operation=58 PlotIndex=1314
mission CityName=LOC_CITY_NAME_OTTAWA CompletionTurn=58 EscapeResult=-1 InitialResult=5 LevelAfter=2 LootInfo=-1 Name=LOC_CITIZEN_MAYA_MODERN_FEMALE_9 Operation=58 PlotIndex=978
mission CityName=LOC_CITY_NAME_MONTREAL CompletionTurn=58 EscapeResult=-1 InitialResult=1 LevelAfter=1 LootInfo=-1 Name=LOC_CITIZEN_MAYA_FEMALE_5 Operation=58 PlotIndex=1314
tally 12  FOMENT_UNREST CAPTURED / NO_RESULT
tally 1  FOMENT_UNREST FAIL_MUST_ESCAPE / CAPTURED
tally 3  FOMENT_UNREST FAIL_MUST_ESCAPE / FAIL_MUST_ESCAPE
tally 3  FOMENT_UNREST FAIL_MUST_ESCAPE / KILLED
tally 5  FOMENT_UNREST FAIL_UNDETECTED / NO_RESULT
tally 2  FOMENT_UNREST KILLED / NO_RESULT
tally 2  FOMENT_UNREST SUCCESS_MUST_ESCAPE / CAPTURED
tally 4  FOMENT_UNREST SUCCESS_MUST_ESCAPE / FAIL_MUST_ESCAPE
tally 6  FOMENT_UNREST SUCCESS_MUST_ESCAPE / KILLED
tally 7  FOMENT_UNREST SUCCESS_UNDETECTED / NO_RESULT
turn 140 spies active 0 idle 0 missions 45 captured-enemy 0
turn 140 spies 0 started 0 travelled 0 promoted 0 bought 1 gold 50000
unblock: blocker ENDTURN_BLOCKING_PRODUCTION -> NARANJO builds UNIT_WARRIOR | end turn requested
unstuck: InGamePopup: open, no close
unblock: blocker ENDTURN_BLOCKING_FILL_CIVIC_SLOT -> nothing | end turn requested
unstuck: closed sessions [3:3]
unstuck: DiplomacyActionView: Closing Diplomacy Action View. m_eventID: 773654
unstuck: InGamePopup: open, no close
mission CityName=LOC_CITY_NAME_OTTAWA CompletionTurn=138 EscapeResult=0 InitialResult=4 LevelAfter=2 LootInfo=-1 Name=LOC_CITIZEN_MAYA_MODERN_MALE_3 Operation=58 PlotIndex=978
mission CityName=LOC_CITY_NAME_MONTREAL CompletionTurn=120 EscapeResult=0 InitialResult=2 LevelAfter=2 LootInfo=-1 Name=LOC_CITIZEN_MAYA_MODERN_MALE_1 Operation=58 PlotIndex=1314
mission CityName=LOC_CITY_NAME_MONTREAL CompletionTurn=116 EscapeResult=-1 InitialResult=1 LevelAfter=1 LootInfo=-1 Name=LOC_CITIZEN_MAYA_MALE_10 Operation=58 PlotIndex=1314
mission CityName=LOC_CITY_NAME_TORONTO CompletionTurn=116 EscapeResult=-1 InitialResult=1 LevelAfter=1 LootInfo=-1 Name=LOC_CITIZEN_MAYA_MALE_4 Operation=58 PlotIndex=1818
mission CityName=LOC_CITY_NAME_OTTAWA CompletionTurn=111 EscapeResult=-1 InitialResult=1 LevelAfter=2 LootInfo=-1 Name=LOC_CITIZEN_MAYA_MALE_5 Operation=58 PlotIndex=978
mission CityName=LOC_CITY_NAME_MONTREAL CompletionTurn=107 EscapeResult=0 InitialResult=2 LevelAfter=2 LootInfo=-1 Name=LOC_CITIZEN_MAYA_MALE_6 Operation=58 PlotIndex=1314
mission CityName=LOC_CITY_NAME_OTTAWA CompletionTurn=105 EscapeResult=2 InitialResult=2 LevelAfter=2 LootInfo=-1 Name=LOC_CITIZEN_MAYA_MODERN_MALE_1 Operation=58 PlotIndex=978
mission CityName=LOC_CITY_NAME_TORONTO CompletionTurn=104 EscapeResult=-1 InitialResult=1 LevelAfter=2 LootInfo=-1 Name=LOC_CITIZEN_MAYA_FEMALE_6 Operation=58 PlotIndex=1818
mission CityName=LOC_CITY_NAME_QUEBEC_CITY CompletionTurn=103 EscapeResult=0 InitialResult=4 LevelAfter=2 LootInfo=-1 Name=LOC_CITIZEN_MAYA_MODERN_FEMALE_8 Operation=58 PlotIndex=1404
mission CityName=LOC_CITY_NAME_OTTAWA CompletionTurn=101 EscapeResult=-1 InitialResult=5 LevelAfter=2 LootInfo=-1 Name=LOC_CITIZEN_MAYA_MODERN_MALE_1 Operation=58 PlotIndex=978
mission CityName=LOC_CITY_NAME_TORONTO CompletionTurn=100 EscapeResult=-1 InitialResult=5 LevelAfter=2 LootInfo=-1 Name=LOC_CITIZEN_MAYA_FEMALE_6 Operation=58 PlotIndex=1818
mission CityName=LOC_CITY_NAME_MONTREAL CompletionTurn=99 EscapeResult=-1 InitialResult=1 LevelAfter=1 LootInfo=-1 Name=LOC_CITIZEN_MAYA_MODERN_FEMALE_5 Operation=58 PlotIndex=1314
mission CityName=LOC_CITY_NAME_OTTAWA CompletionTurn=97 EscapeResult=-1 InitialResult=3 LevelAfter=2 LootInfo=-1 Name=LOC_CITIZEN_MAYA_MODERN_MALE_1 Operation=58 PlotIndex=978
mission CityName=LOC_CITY_NAME_OTTAWA CompletionTurn=93 EscapeResult=-1 InitialResult=5 LevelAfter=2 LootInfo=-1 Name=LOC_CITIZEN_MAYA_MODERN_MALE_1 Operation=58 PlotIndex=978
mission CityName=LOC_CITY_NAME_TORONTO CompletionTurn=91 EscapeResult=2 InitialResult=2 LevelAfter=2 LootInfo=-1 Name=LOC_CITIZEN_MAYA_MODERN_FEMALE_8 Operation=58 PlotIndex=1818
mission CityName=LOC_CITY_NAME_OTTAWA CompletionTurn=89 EscapeResult=-1 InitialResult=5 LevelAfter=2 LootInfo=-1 Name=LOC_CITIZEN_MAYA_MALE_5 Operation=58 PlotIndex=978
mission CityName=LOC_CITY_NAME_QUEBEC_CITY CompletionTurn=85 EscapeResult=2 InitialResult=4 LevelAfter=2 LootInfo=-1 Name=LOC_CITIZEN_MAYA_MALE_6 Operation=58 PlotIndex=1404
mission CityName=LOC_CITY_NAME_SAINT_JOHN CompletionTurn=85 EscapeResult=-1 InitialResult=0 LevelAfter=2 LootInfo=-1 Name=LOC_CITIZEN_MAYA_FEMALE_4 Operation=58 PlotIndex=1409
mission CityName=LOC_CITY_NAME_TE_HOKIANGA_NU_A_KUPE CompletionTurn=85 EscapeResult=1 InitialResult=4 LevelAfter=2 LootInfo=-1 Name=LOC_CITIZEN_MAYA_MODERN_MALE_5 Operation=58 PlotIndex=772
mission CityName=LOC_CITY_NAME_MONTREAL CompletionTurn=85 EscapeResult=0 InitialResult=4 LevelAfter=2 LootInfo=-1 Name=LOC_CITIZEN_MAYA_MALE_2 Operation=58 PlotIndex=1314
mission CityName=LOC_CITY_NAME_NGARUAWAHIA CompletionTurn=85 EscapeResult=-1 InitialResult=1 LevelAfter=2 LootInfo=-1 Name=LOC_CITIZEN_MAYA_MODERN_MALE_9 Operation=58 PlotIndex=1833
mission CityName=LOC_CITY_NAME_QUEBEC_CITY CompletionTurn=80 EscapeResult=-1 InitialResult=3 LevelAfter=1 LootInfo=-1 Name=LOC_CITIZEN_MAYA_MALE_6 Operation=58 PlotIndex=1404
mission CityName=LOC_CITY_NAME_MONTREAL CompletionTurn=79 EscapeResult=-1 InitialResult=1 LevelAfter=1 LootInfo=-1 Name=LOC_CITIZEN_MAYA_MALE_7 Operation=58 PlotIndex=1314
mission CityName=LOC_CITY_NAME_UPPSALA CompletionTurn=79 EscapeResult=0 InitialResult=4 LevelAfter=2 LootInfo=-1 Name=LOC_CITIZEN_MAYA_MODERN_MALE_6 Operation=58 PlotIndex=993
mission CityName=LOC_CITY_NAME_SAINT_JOHN CompletionTurn=77 EscapeResult=-1 InitialResult=1 LevelAfter=1 LootInfo=-1 Name=LOC_CITIZEN_MAYA_MODERN_FEMALE_7 Operation=58 PlotIndex=1409
mission CityName=LOC_CITY_NAME_STOCKHOLM CompletionTurn=75 EscapeResult=1 InitialResult=4 LevelAfter=2 LootInfo=-1 Name=LOC_CITIZEN_MAYA_MODERN_MALE_2 Operation=58 PlotIndex=1253
mission CityName=LOC_CITY_NAME_TORONTO CompletionTurn=75 EscapeResult=2 InitialResult=2 LevelAfter=2 LootInfo=-1 Name=LOC_CITIZEN_MAYA_MODERN_FEMALE_8 Operation=58 PlotIndex=1818
mission CityName=LOC_CITY_NAME_OTTAWA CompletionTurn=75 EscapeResult=2 InitialResult=4 LevelAfter=2 LootInfo=-1 Name=LOC_CITIZEN_MAYA_MALE_5 Operation=58 PlotIndex=978
mission CityName=LOC_CITY_NAME_SAINT_JOHN CompletionTurn=73 EscapeResult=-1 InitialResult=1 LevelAfter=1 LootInfo=-1 Name=LOC_CITIZEN_MAYA_FEMALE_8 Operation=58 PlotIndex=1409
mission CityName=LOC_CITY_NAME_QUEBEC_CITY CompletionTurn=73 EscapeResult=-1 InitialResult=0 LevelAfter=1 LootInfo=-1 Name=LOC_CITIZEN_MAYA_FEMALE_9 Operation=58 PlotIndex=1404
mission CityName=LOC_CITY_NAME_STOCKHOLM CompletionTurn=70 EscapeResult=-1 InitialResult=1 LevelAfter=1 LootInfo=-1 Name=LOC_CITIZEN_MAYA_MALE_1 Operation=58 PlotIndex=1253
mission CityName=LOC_CITY_NAME_GOTEBORG CompletionTurn=70 EscapeResult=0 InitialResult=4 LevelAfter=2 LootInfo=-1 Name=LOC_CITIZEN_MAYA_MODERN_FEMALE_1 Operation=58 PlotIndex=1081
mission CityName=LOC_CITY_NAME_OTTAWA CompletionTurn=70 EscapeResult=1 InitialResult=2 LevelAfter=2 LootInfo=-1 Name=LOC_CITIZEN_MAYA_MODERN_FEMALE_9 Operation=58 PlotIndex=978
mission CityName=LOC_CITY_NAME_QUEBEC_CITY CompletionTurn=68 EscapeResult=-1 InitialResult=1 LevelAfter=1 LootInfo=-1 Name=LOC_CITIZEN_MAYA_MODERN_FEMALE_3 Operation=58 PlotIndex=1404
mission CityName=LOC_CITY_NAME_NGARUAWAHIA CompletionTurn=67 EscapeResult=2 InitialResult=4 LevelAfter=2 LootInfo=-1 Name=LOC_CITIZEN_MAYA_MODERN_MALE_9 Operation=58 PlotIndex=1833
mission CityName=LOC_CITY_NAME_TE_HOKIANGA_NU_A_KUPE CompletionTurn=66 EscapeResult=2 InitialResult=4 LevelAfter=2 LootInfo=-1 Name=LOC_CITIZEN_MAYA_FEMALE_4 Operation=58 PlotIndex=772
mission CityName=LOC_CITY_NAME_MONTREAL CompletionTurn=66 EscapeResult=0 InitialResult=4 LevelAfter=2 LootInfo=-1 Name=LOC_CITIZEN_MAYA_MALE_3 Operation=58 PlotIndex=1314
mission CityName=LOC_CITY_NAME_OTTAWA CompletionTurn=66 EscapeResult=-1 InitialResult=3 LevelAfter=2 LootInfo=-1 Name=LOC_CITIZEN_MAYA_MODERN_FEMALE_9 Operation=58 PlotIndex=978
mission CityName=LOC_CITY_NAME_TORONTO CompletionTurn=66 EscapeResult=0 InitialResult=2 LevelAfter=1 LootInfo=-1 Name=LOC_CITIZEN_MAYA_MALE_8 Operation=58 PlotIndex=1818
mission CityName=LOC_CITY_NAME_QUEBEC_CITY CompletionTurn=64 EscapeResult=-1 InitialResult=3 LevelAfter=1 LootInfo=-1 Name=LOC_CITIZEN_MAYA_MODERN_FEMALE_3 Operation=58 PlotIndex=1404
mission CityName=LOC_CITY_NAME_TORONTO CompletionTurn=62 EscapeResult=-1 InitialResult=5 LevelAfter=2 LootInfo=-1 Name=LOC_CITIZEN_MAYA_MODERN_FEMALE_8 Operation=58 PlotIndex=1818
mission CityName=LOC_CITY_NAME_OTTAWA CompletionTurn=62 EscapeResult=-1 InitialResult=3 LevelAfter=1 LootInfo=-1 Name=LOC_CITIZEN_MAYA_MALE_5 Operation=58 PlotIndex=978
mission CityName=LOC_CITY_NAME_MONTREAL CompletionTurn=62 EscapeResult=-1 InitialResult=5 LevelAfter=2 LootInfo=-1 Name=LOC_CITIZEN_MAYA_MALE_3 Operation=58 PlotIndex=1314
mission CityName=LOC_CITY_NAME_OTTAWA CompletionTurn=58 EscapeResult=-1 InitialResult=5 LevelAfter=2 LootInfo=-1 Name=LOC_CITIZEN_MAYA_MODERN_FEMALE_9 Operation=58 PlotIndex=978
mission CityName=LOC_CITY_NAME_MONTREAL CompletionTurn=58 EscapeResult=-1 InitialResult=1 LevelAfter=1 LootInfo=-1 Name=LOC_CITIZEN_MAYA_FEMALE_5 Operation=58 PlotIndex=1314
tally 12  FOMENT_UNREST CAPTURED / NO_RESULT
tally 1  FOMENT_UNREST FAIL_MUST_ESCAPE / CAPTURED
tally 3  FOMENT_UNREST FAIL_MUST_ESCAPE / FAIL_MUST_ESCAPE
tally 3  FOMENT_UNREST FAIL_MUST_ESCAPE / KILLED
tally 5  FOMENT_UNREST FAIL_UNDETECTED / NO_RESULT
tally 2  FOMENT_UNREST KILLED / NO_RESULT
tally 2  FOMENT_UNREST SUCCESS_MUST_ESCAPE / CAPTURED
tally 4  FOMENT_UNREST SUCCESS_MUST_ESCAPE / FAIL_MUST_ESCAPE
tally 6  FOMENT_UNREST SUCCESS_MUST_ESCAPE / KILLED
tally 7  FOMENT_UNREST SUCCESS_UNDETECTED / NO_RESULT
turn 141 spies active 0 idle 1 missions 45 captured-enemy 0
spy 7340052 LOC_CITIZEN_MAYA_MODERN_MALE_4 level 1 at 36:42 travel
turn 141 spies 1 started 0 travelled 1 promoted 0 bought 0 gold 50000
unblock: blocker ENDTURN_BLOCKING_FILL_CIVIC_SLOT -> nothing | end turn requested
unstuck: InGamePopup: open, no close
unblock: blocker ENDTURN_BLOCKING_FILL_CIVIC_SLOT -> nothing | end turn requested
unstuck: closed sessions [5:5]
unstuck: DiplomacyActionView: Closing Diplomacy Action View. m_eventID: 784843
unstuck: InGamePopup: open, no close
unblock: blocker ENDTURN_BLOCKING_FILL_CIVIC_SLOT -> nothing | end turn requested
unstuck: closed sessions [6:6]
unstuck: DiplomacyActionView: Closing Diplomacy Action View. m_eventID: 785954
unstuck: InGamePopup: open, no close
unblock: blocker ENDTURN_BLOCKING_WORLD_CONGRESS_SESSION -> nothing | end turn requested
unstuck: InGamePopup: open, no close
unstuck: WorldCongressIntro: closed
unstuck: WorldCongressPopup: closed
mission CityName=LOC_CITY_NAME_OTTAWA CompletionTurn=138 EscapeResult=0 InitialResult=4 LevelAfter=2 LootInfo=-1 Name=LOC_CITIZEN_MAYA_MODERN_MALE_3 Operation=58 PlotIndex=978
mission CityName=LOC_CITY_NAME_MONTREAL CompletionTurn=120 EscapeResult=0 InitialResult=2 LevelAfter=2 LootInfo=-1 Name=LOC_CITIZEN_MAYA_MODERN_MALE_1 Operation=58 PlotIndex=1314
mission CityName=LOC_CITY_NAME_MONTREAL CompletionTurn=116 EscapeResult=-1 InitialResult=1 LevelAfter=1 LootInfo=-1 Name=LOC_CITIZEN_MAYA_MALE_10 Operation=58 PlotIndex=1314
mission CityName=LOC_CITY_NAME_TORONTO CompletionTurn=116 EscapeResult=-1 InitialResult=1 LevelAfter=1 LootInfo=-1 Name=LOC_CITIZEN_MAYA_MALE_4 Operation=58 PlotIndex=1818
mission CityName=LOC_CITY_NAME_OTTAWA CompletionTurn=111 EscapeResult=-1 InitialResult=1 LevelAfter=2 LootInfo=-1 Name=LOC_CITIZEN_MAYA_MALE_5 Operation=58 PlotIndex=978
mission CityName=LOC_CITY_NAME_MONTREAL CompletionTurn=107 EscapeResult=0 InitialResult=2 LevelAfter=2 LootInfo=-1 Name=LOC_CITIZEN_MAYA_MALE_6 Operation=58 PlotIndex=1314
mission CityName=LOC_CITY_NAME_OTTAWA CompletionTurn=105 EscapeResult=2 InitialResult=2 LevelAfter=2 LootInfo=-1 Name=LOC_CITIZEN_MAYA_MODERN_MALE_1 Operation=58 PlotIndex=978
mission CityName=LOC_CITY_NAME_TORONTO CompletionTurn=104 EscapeResult=-1 InitialResult=1 LevelAfter=2 LootInfo=-1 Name=LOC_CITIZEN_MAYA_FEMALE_6 Operation=58 PlotIndex=1818
mission CityName=LOC_CITY_NAME_QUEBEC_CITY CompletionTurn=103 EscapeResult=0 InitialResult=4 LevelAfter=2 LootInfo=-1 Name=LOC_CITIZEN_MAYA_MODERN_FEMALE_8 Operation=58 PlotIndex=1404
mission CityName=LOC_CITY_NAME_OTTAWA CompletionTurn=101 EscapeResult=-1 InitialResult=5 LevelAfter=2 LootInfo=-1 Name=LOC_CITIZEN_MAYA_MODERN_MALE_1 Operation=58 PlotIndex=978
mission CityName=LOC_CITY_NAME_TORONTO CompletionTurn=100 EscapeResult=-1 InitialResult=5 LevelAfter=2 LootInfo=-1 Name=LOC_CITIZEN_MAYA_FEMALE_6 Operation=58 PlotIndex=1818
mission CityName=LOC_CITY_NAME_MONTREAL CompletionTurn=99 EscapeResult=-1 InitialResult=1 LevelAfter=1 LootInfo=-1 Name=LOC_CITIZEN_MAYA_MODERN_FEMALE_5 Operation=58 PlotIndex=1314
mission CityName=LOC_CITY_NAME_OTTAWA CompletionTurn=97 EscapeResult=-1 InitialResult=3 LevelAfter=2 LootInfo=-1 Name=LOC_CITIZEN_MAYA_MODERN_MALE_1 Operation=58 PlotIndex=978
mission CityName=LOC_CITY_NAME_OTTAWA CompletionTurn=93 EscapeResult=-1 InitialResult=5 LevelAfter=2 LootInfo=-1 Name=LOC_CITIZEN_MAYA_MODERN_MALE_1 Operation=58 PlotIndex=978
mission CityName=LOC_CITY_NAME_TORONTO CompletionTurn=91 EscapeResult=2 InitialResult=2 LevelAfter=2 LootInfo=-1 Name=LOC_CITIZEN_MAYA_MODERN_FEMALE_8 Operation=58 PlotIndex=1818
mission CityName=LOC_CITY_NAME_OTTAWA CompletionTurn=89 EscapeResult=-1 InitialResult=5 LevelAfter=2 LootInfo=-1 Name=LOC_CITIZEN_MAYA_MALE_5 Operation=58 PlotIndex=978
mission CityName=LOC_CITY_NAME_QUEBEC_CITY CompletionTurn=85 EscapeResult=2 InitialResult=4 LevelAfter=2 LootInfo=-1 Name=LOC_CITIZEN_MAYA_MALE_6 Operation=58 PlotIndex=1404
mission CityName=LOC_CITY_NAME_SAINT_JOHN CompletionTurn=85 EscapeResult=-1 InitialResult=0 LevelAfter=2 LootInfo=-1 Name=LOC_CITIZEN_MAYA_FEMALE_4 Operation=58 PlotIndex=1409
mission CityName=LOC_CITY_NAME_TE_HOKIANGA_NU_A_KUPE CompletionTurn=85 EscapeResult=1 InitialResult=4 LevelAfter=2 LootInfo=-1 Name=LOC_CITIZEN_MAYA_MODERN_MALE_5 Operation=58 PlotIndex=772
mission CityName=LOC_CITY_NAME_MONTREAL CompletionTurn=85 EscapeResult=0 InitialResult=4 LevelAfter=2 LootInfo=-1 Name=LOC_CITIZEN_MAYA_MALE_2 Operation=58 PlotIndex=1314
mission CityName=LOC_CITY_NAME_NGARUAWAHIA CompletionTurn=85 EscapeResult=-1 InitialResult=1 LevelAfter=2 LootInfo=-1 Name=LOC_CITIZEN_MAYA_MODERN_MALE_9 Operation=58 PlotIndex=1833
mission CityName=LOC_CITY_NAME_QUEBEC_CITY CompletionTurn=80 EscapeResult=-1 InitialResult=3 LevelAfter=1 LootInfo=-1 Name=LOC_CITIZEN_MAYA_MALE_6 Operation=58 PlotIndex=1404
mission CityName=LOC_CITY_NAME_MONTREAL CompletionTurn=79 EscapeResult=-1 InitialResult=1 LevelAfter=1 LootInfo=-1 Name=LOC_CITIZEN_MAYA_MALE_7 Operation=58 PlotIndex=1314
mission CityName=LOC_CITY_NAME_UPPSALA CompletionTurn=79 EscapeResult=0 InitialResult=4 LevelAfter=2 LootInfo=-1 Name=LOC_CITIZEN_MAYA_MODERN_MALE_6 Operation=58 PlotIndex=993
mission CityName=LOC_CITY_NAME_SAINT_JOHN CompletionTurn=77 EscapeResult=-1 InitialResult=1 LevelAfter=1 LootInfo=-1 Name=LOC_CITIZEN_MAYA_MODERN_FEMALE_7 Operation=58 PlotIndex=1409
mission CityName=LOC_CITY_NAME_STOCKHOLM CompletionTurn=75 EscapeResult=1 InitialResult=4 LevelAfter=2 LootInfo=-1 Name=LOC_CITIZEN_MAYA_MODERN_MALE_2 Operation=58 PlotIndex=1253
mission CityName=LOC_CITY_NAME_TORONTO CompletionTurn=75 EscapeResult=2 InitialResult=2 LevelAfter=2 LootInfo=-1 Name=LOC_CITIZEN_MAYA_MODERN_FEMALE_8 Operation=58 PlotIndex=1818
mission CityName=LOC_CITY_NAME_OTTAWA CompletionTurn=75 EscapeResult=2 InitialResult=4 LevelAfter=2 LootInfo=-1 Name=LOC_CITIZEN_MAYA_MALE_5 Operation=58 PlotIndex=978
mission CityName=LOC_CITY_NAME_SAINT_JOHN CompletionTurn=73 EscapeResult=-1 InitialResult=1 LevelAfter=1 LootInfo=-1 Name=LOC_CITIZEN_MAYA_FEMALE_8 Operation=58 PlotIndex=1409
mission CityName=LOC_CITY_NAME_QUEBEC_CITY CompletionTurn=73 EscapeResult=-1 InitialResult=0 LevelAfter=1 LootInfo=-1 Name=LOC_CITIZEN_MAYA_FEMALE_9 Operation=58 PlotIndex=1404
mission CityName=LOC_CITY_NAME_STOCKHOLM CompletionTurn=70 EscapeResult=-1 InitialResult=1 LevelAfter=1 LootInfo=-1 Name=LOC_CITIZEN_MAYA_MALE_1 Operation=58 PlotIndex=1253
mission CityName=LOC_CITY_NAME_GOTEBORG CompletionTurn=70 EscapeResult=0 InitialResult=4 LevelAfter=2 LootInfo=-1 Name=LOC_CITIZEN_MAYA_MODERN_FEMALE_1 Operation=58 PlotIndex=1081
mission CityName=LOC_CITY_NAME_OTTAWA CompletionTurn=70 EscapeResult=1 InitialResult=2 LevelAfter=2 LootInfo=-1 Name=LOC_CITIZEN_MAYA_MODERN_FEMALE_9 Operation=58 PlotIndex=978
mission CityName=LOC_CITY_NAME_QUEBEC_CITY CompletionTurn=68 EscapeResult=-1 InitialResult=1 LevelAfter=1 LootInfo=-1 Name=LOC_CITIZEN_MAYA_MODERN_FEMALE_3 Operation=58 PlotIndex=1404
mission CityName=LOC_CITY_NAME_NGARUAWAHIA CompletionTurn=67 EscapeResult=2 InitialResult=4 LevelAfter=2 LootInfo=-1 Name=LOC_CITIZEN_MAYA_MODERN_MALE_9 Operation=58 PlotIndex=1833
mission CityName=LOC_CITY_NAME_TE_HOKIANGA_NU_A_KUPE CompletionTurn=66 EscapeResult=2 InitialResult=4 LevelAfter=2 LootInfo=-1 Name=LOC_CITIZEN_MAYA_FEMALE_4 Operation=58 PlotIndex=772
mission CityName=LOC_CITY_NAME_MONTREAL CompletionTurn=66 EscapeResult=0 InitialResult=4 LevelAfter=2 LootInfo=-1 Name=LOC_CITIZEN_MAYA_MALE_3 Operation=58 PlotIndex=1314
mission CityName=LOC_CITY_NAME_OTTAWA CompletionTurn=66 EscapeResult=-1 InitialResult=3 LevelAfter=2 LootInfo=-1 Name=LOC_CITIZEN_MAYA_MODERN_FEMALE_9 Operation=58 PlotIndex=978
mission CityName=LOC_CITY_NAME_TORONTO CompletionTurn=66 EscapeResult=0 InitialResult=2 LevelAfter=1 LootInfo=-1 Name=LOC_CITIZEN_MAYA_MALE_8 Operation=58 PlotIndex=1818
mission CityName=LOC_CITY_NAME_QUEBEC_CITY CompletionTurn=64 EscapeResult=-1 InitialResult=3 LevelAfter=1 LootInfo=-1 Name=LOC_CITIZEN_MAYA_MODERN_FEMALE_3 Operation=58 PlotIndex=1404
mission CityName=LOC_CITY_NAME_TORONTO CompletionTurn=62 EscapeResult=-1 InitialResult=5 LevelAfter=2 LootInfo=-1 Name=LOC_CITIZEN_MAYA_MODERN_FEMALE_8 Operation=58 PlotIndex=1818
mission CityName=LOC_CITY_NAME_OTTAWA CompletionTurn=62 EscapeResult=-1 InitialResult=3 LevelAfter=1 LootInfo=-1 Name=LOC_CITIZEN_MAYA_MALE_5 Operation=58 PlotIndex=978
mission CityName=LOC_CITY_NAME_MONTREAL CompletionTurn=62 EscapeResult=-1 InitialResult=5 LevelAfter=2 LootInfo=-1 Name=LOC_CITIZEN_MAYA_MALE_3 Operation=58 PlotIndex=1314
mission CityName=LOC_CITY_NAME_OTTAWA CompletionTurn=58 EscapeResult=-1 InitialResult=5 LevelAfter=2 LootInfo=-1 Name=LOC_CITIZEN_MAYA_MODERN_FEMALE_9 Operation=58 PlotIndex=978
mission CityName=LOC_CITY_NAME_MONTREAL CompletionTurn=58 EscapeResult=-1 InitialResult=1 LevelAfter=1 LootInfo=-1 Name=LOC_CITIZEN_MAYA_FEMALE_5 Operation=58 PlotIndex=1314
tally 12  FOMENT_UNREST CAPTURED / NO_RESULT
tally 1  FOMENT_UNREST FAIL_MUST_ESCAPE / CAPTURED
tally 3  FOMENT_UNREST FAIL_MUST_ESCAPE / FAIL_MUST_ESCAPE
tally 3  FOMENT_UNREST FAIL_MUST_ESCAPE / KILLED
tally 5  FOMENT_UNREST FAIL_UNDETECTED / NO_RESULT
tally 2  FOMENT_UNREST KILLED / NO_RESULT
tally 2  FOMENT_UNREST SUCCESS_MUST_ESCAPE / CAPTURED
tally 4  FOMENT_UNREST SUCCESS_MUST_ESCAPE / FAIL_MUST_ESCAPE
tally 6  FOMENT_UNREST SUCCESS_MUST_ESCAPE / KILLED
tally 7  FOMENT_UNREST SUCCESS_UNDETECTED / NO_RESULT
turn 142 spies active 0 idle 0 missions 45 captured-enemy 0
turn 142 spies 0 started 0 travelled 0 promoted 0 bought 0 gold 50000
unblock: blocker ENDTURN_BLOCKING_RESEARCH -> research TECH_MACHINERY | end turn requested
unstuck: InGamePopup: open, no close
unstuck: TechCivicCompletedPopup: closed
unblock: blocker ENDTURN_BLOCKING_CIVIC -> civic CIVIC_GUILDS | end turn requested
unstuck: InGamePopup: open, no close
unstuck: TechCivicCompletedPopup: closed
mission CityName=LOC_CITY_NAME_OTTAWA CompletionTurn=138 EscapeResult=0 InitialResult=4 LevelAfter=2 LootInfo=-1 Name=LOC_CITIZEN_MAYA_MODERN_MALE_3 Operation=58 PlotIndex=978
mission CityName=LOC_CITY_NAME_MONTREAL CompletionTurn=120 EscapeResult=0 InitialResult=2 LevelAfter=2 LootInfo=-1 Name=LOC_CITIZEN_MAYA_MODERN_MALE_1 Operation=58 PlotIndex=1314
mission CityName=LOC_CITY_NAME_MONTREAL CompletionTurn=116 EscapeResult=-1 InitialResult=1 LevelAfter=1 LootInfo=-1 Name=LOC_CITIZEN_MAYA_MALE_10 Operation=58 PlotIndex=1314
mission CityName=LOC_CITY_NAME_TORONTO CompletionTurn=116 EscapeResult=-1 InitialResult=1 LevelAfter=1 LootInfo=-1 Name=LOC_CITIZEN_MAYA_MALE_4 Operation=58 PlotIndex=1818
mission CityName=LOC_CITY_NAME_OTTAWA CompletionTurn=111 EscapeResult=-1 InitialResult=1 LevelAfter=2 LootInfo=-1 Name=LOC_CITIZEN_MAYA_MALE_5 Operation=58 PlotIndex=978
mission CityName=LOC_CITY_NAME_MONTREAL CompletionTurn=107 EscapeResult=0 InitialResult=2 LevelAfter=2 LootInfo=-1 Name=LOC_CITIZEN_MAYA_MALE_6 Operation=58 PlotIndex=1314
mission CityName=LOC_CITY_NAME_OTTAWA CompletionTurn=105 EscapeResult=2 InitialResult=2 LevelAfter=2 LootInfo=-1 Name=LOC_CITIZEN_MAYA_MODERN_MALE_1 Operation=58 PlotIndex=978
mission CityName=LOC_CITY_NAME_TORONTO CompletionTurn=104 EscapeResult=-1 InitialResult=1 LevelAfter=2 LootInfo=-1 Name=LOC_CITIZEN_MAYA_FEMALE_6 Operation=58 PlotIndex=1818
mission CityName=LOC_CITY_NAME_QUEBEC_CITY CompletionTurn=103 EscapeResult=0 InitialResult=4 LevelAfter=2 LootInfo=-1 Name=LOC_CITIZEN_MAYA_MODERN_FEMALE_8 Operation=58 PlotIndex=1404
mission CityName=LOC_CITY_NAME_OTTAWA CompletionTurn=101 EscapeResult=-1 InitialResult=5 LevelAfter=2 LootInfo=-1 Name=LOC_CITIZEN_MAYA_MODERN_MALE_1 Operation=58 PlotIndex=978
mission CityName=LOC_CITY_NAME_TORONTO CompletionTurn=100 EscapeResult=-1 InitialResult=5 LevelAfter=2 LootInfo=-1 Name=LOC_CITIZEN_MAYA_FEMALE_6 Operation=58 PlotIndex=1818
mission CityName=LOC_CITY_NAME_MONTREAL CompletionTurn=99 EscapeResult=-1 InitialResult=1 LevelAfter=1 LootInfo=-1 Name=LOC_CITIZEN_MAYA_MODERN_FEMALE_5 Operation=58 PlotIndex=1314
mission CityName=LOC_CITY_NAME_OTTAWA CompletionTurn=97 EscapeResult=-1 InitialResult=3 LevelAfter=2 LootInfo=-1 Name=LOC_CITIZEN_MAYA_MODERN_MALE_1 Operation=58 PlotIndex=978
mission CityName=LOC_CITY_NAME_OTTAWA CompletionTurn=93 EscapeResult=-1 InitialResult=5 LevelAfter=2 LootInfo=-1 Name=LOC_CITIZEN_MAYA_MODERN_MALE_1 Operation=58 PlotIndex=978
mission CityName=LOC_CITY_NAME_TORONTO CompletionTurn=91 EscapeResult=2 InitialResult=2 LevelAfter=2 LootInfo=-1 Name=LOC_CITIZEN_MAYA_MODERN_FEMALE_8 Operation=58 PlotIndex=1818
mission CityName=LOC_CITY_NAME_OTTAWA CompletionTurn=89 EscapeResult=-1 InitialResult=5 LevelAfter=2 LootInfo=-1 Name=LOC_CITIZEN_MAYA_MALE_5 Operation=58 PlotIndex=978
mission CityName=LOC_CITY_NAME_QUEBEC_CITY CompletionTurn=85 EscapeResult=2 InitialResult=4 LevelAfter=2 LootInfo=-1 Name=LOC_CITIZEN_MAYA_MALE_6 Operation=58 PlotIndex=1404
mission CityName=LOC_CITY_NAME_SAINT_JOHN CompletionTurn=85 EscapeResult=-1 InitialResult=0 LevelAfter=2 LootInfo=-1 Name=LOC_CITIZEN_MAYA_FEMALE_4 Operation=58 PlotIndex=1409
mission CityName=LOC_CITY_NAME_TE_HOKIANGA_NU_A_KUPE CompletionTurn=85 EscapeResult=1 InitialResult=4 LevelAfter=2 LootInfo=-1 Name=LOC_CITIZEN_MAYA_MODERN_MALE_5 Operation=58 PlotIndex=772
mission CityName=LOC_CITY_NAME_MONTREAL CompletionTurn=85 EscapeResult=0 InitialResult=4 LevelAfter=2 LootInfo=-1 Name=LOC_CITIZEN_MAYA_MALE_2 Operation=58 PlotIndex=1314
mission CityName=LOC_CITY_NAME_NGARUAWAHIA CompletionTurn=85 EscapeResult=-1 InitialResult=1 LevelAfter=2 LootInfo=-1 Name=LOC_CITIZEN_MAYA_MODERN_MALE_9 Operation=58 PlotIndex=1833
mission CityName=LOC_CITY_NAME_QUEBEC_CITY CompletionTurn=80 EscapeResult=-1 InitialResult=3 LevelAfter=1 LootInfo=-1 Name=LOC_CITIZEN_MAYA_MALE_6 Operation=58 PlotIndex=1404
mission CityName=LOC_CITY_NAME_MONTREAL CompletionTurn=79 EscapeResult=-1 InitialResult=1 LevelAfter=1 LootInfo=-1 Name=LOC_CITIZEN_MAYA_MALE_7 Operation=58 PlotIndex=1314
mission CityName=LOC_CITY_NAME_UPPSALA CompletionTurn=79 EscapeResult=0 InitialResult=4 LevelAfter=2 LootInfo=-1 Name=LOC_CITIZEN_MAYA_MODERN_MALE_6 Operation=58 PlotIndex=993
mission CityName=LOC_CITY_NAME_SAINT_JOHN CompletionTurn=77 EscapeResult=-1 InitialResult=1 LevelAfter=1 LootInfo=-1 Name=LOC_CITIZEN_MAYA_MODERN_FEMALE_7 Operation=58 PlotIndex=1409
mission CityName=LOC_CITY_NAME_STOCKHOLM CompletionTurn=75 EscapeResult=1 InitialResult=4 LevelAfter=2 LootInfo=-1 Name=LOC_CITIZEN_MAYA_MODERN_MALE_2 Operation=58 PlotIndex=1253
mission CityName=LOC_CITY_NAME_TORONTO CompletionTurn=75 EscapeResult=2 InitialResult=2 LevelAfter=2 LootInfo=-1 Name=LOC_CITIZEN_MAYA_MODERN_FEMALE_8 Operation=58 PlotIndex=1818
mission CityName=LOC_CITY_NAME_OTTAWA CompletionTurn=75 EscapeResult=2 InitialResult=4 LevelAfter=2 LootInfo=-1 Name=LOC_CITIZEN_MAYA_MALE_5 Operation=58 PlotIndex=978
mission CityName=LOC_CITY_NAME_SAINT_JOHN CompletionTurn=73 EscapeResult=-1 InitialResult=1 LevelAfter=1 LootInfo=-1 Name=LOC_CITIZEN_MAYA_FEMALE_8 Operation=58 PlotIndex=1409
mission CityName=LOC_CITY_NAME_QUEBEC_CITY CompletionTurn=73 EscapeResult=-1 InitialResult=0 LevelAfter=1 LootInfo=-1 Name=LOC_CITIZEN_MAYA_FEMALE_9 Operation=58 PlotIndex=1404
mission CityName=LOC_CITY_NAME_STOCKHOLM CompletionTurn=70 EscapeResult=-1 InitialResult=1 LevelAfter=1 LootInfo=-1 Name=LOC_CITIZEN_MAYA_MALE_1 Operation=58 PlotIndex=1253
mission CityName=LOC_CITY_NAME_GOTEBORG CompletionTurn=70 EscapeResult=0 InitialResult=4 LevelAfter=2 LootInfo=-1 Name=LOC_CITIZEN_MAYA_MODERN_FEMALE_1 Operation=58 PlotIndex=1081
mission CityName=LOC_CITY_NAME_OTTAWA CompletionTurn=70 EscapeResult=1 InitialResult=2 LevelAfter=2 LootInfo=-1 Name=LOC_CITIZEN_MAYA_MODERN_FEMALE_9 Operation=58 PlotIndex=978
mission CityName=LOC_CITY_NAME_QUEBEC_CITY CompletionTurn=68 EscapeResult=-1 InitialResult=1 LevelAfter=1 LootInfo=-1 Name=LOC_CITIZEN_MAYA_MODERN_FEMALE_3 Operation=58 PlotIndex=1404
mission CityName=LOC_CITY_NAME_NGARUAWAHIA CompletionTurn=67 EscapeResult=2 InitialResult=4 LevelAfter=2 LootInfo=-1 Name=LOC_CITIZEN_MAYA_MODERN_MALE_9 Operation=58 PlotIndex=1833
mission CityName=LOC_CITY_NAME_TE_HOKIANGA_NU_A_KUPE CompletionTurn=66 EscapeResult=2 InitialResult=4 LevelAfter=2 LootInfo=-1 Name=LOC_CITIZEN_MAYA_FEMALE_4 Operation=58 PlotIndex=772
mission CityName=LOC_CITY_NAME_MONTREAL CompletionTurn=66 EscapeResult=0 InitialResult=4 LevelAfter=2 LootInfo=-1 Name=LOC_CITIZEN_MAYA_MALE_3 Operation=58 PlotIndex=1314
mission CityName=LOC_CITY_NAME_OTTAWA CompletionTurn=66 EscapeResult=-1 InitialResult=3 LevelAfter=2 LootInfo=-1 Name=LOC_CITIZEN_MAYA_MODERN_FEMALE_9 Operation=58 PlotIndex=978
mission CityName=LOC_CITY_NAME_TORONTO CompletionTurn=66 EscapeResult=0 InitialResult=2 LevelAfter=1 LootInfo=-1 Name=LOC_CITIZEN_MAYA_MALE_8 Operation=58 PlotIndex=1818
mission CityName=LOC_CITY_NAME_QUEBEC_CITY CompletionTurn=64 EscapeResult=-1 InitialResult=3 LevelAfter=1 LootInfo=-1 Name=LOC_CITIZEN_MAYA_MODERN_FEMALE_3 Operation=58 PlotIndex=1404
mission CityName=LOC_CITY_NAME_TORONTO CompletionTurn=62 EscapeResult=-1 InitialResult=5 LevelAfter=2 LootInfo=-1 Name=LOC_CITIZEN_MAYA_MODERN_FEMALE_8 Operation=58 PlotIndex=1818
mission CityName=LOC_CITY_NAME_OTTAWA CompletionTurn=62 EscapeResult=-1 InitialResult=3 LevelAfter=1 LootInfo=-1 Name=LOC_CITIZEN_MAYA_MALE_5 Operation=58 PlotIndex=978
mission CityName=LOC_CITY_NAME_MONTREAL CompletionTurn=62 EscapeResult=-1 InitialResult=5 LevelAfter=2 LootInfo=-1 Name=LOC_CITIZEN_MAYA_MALE_3 Operation=58 PlotIndex=1314
mission CityName=LOC_CITY_NAME_OTTAWA CompletionTurn=58 EscapeResult=-1 InitialResult=5 LevelAfter=2 LootInfo=-1 Name=LOC_CITIZEN_MAYA_MODERN_FEMALE_9 Operation=58 PlotIndex=978
mission CityName=LOC_CITY_NAME_MONTREAL CompletionTurn=58 EscapeResult=-1 InitialResult=1 LevelAfter=1 LootInfo=-1 Name=LOC_CITIZEN_MAYA_FEMALE_5 Operation=58 PlotIndex=1314
tally 12  FOMENT_UNREST CAPTURED / NO_RESULT
tally 1  FOMENT_UNREST FAIL_MUST_ESCAPE / CAPTURED
tally 3  FOMENT_UNREST FAIL_MUST_ESCAPE / FAIL_MUST_ESCAPE
tally 3  FOMENT_UNREST FAIL_MUST_ESCAPE / KILLED
tally 5  FOMENT_UNREST FAIL_UNDETECTED / NO_RESULT
tally 2  FOMENT_UNREST KILLED / NO_RESULT
tally 2  FOMENT_UNREST SUCCESS_MUST_ESCAPE / CAPTURED
tally 4  FOMENT_UNREST SUCCESS_MUST_ESCAPE / FAIL_MUST_ESCAPE
tally 6  FOMENT_UNREST SUCCESS_MUST_ESCAPE / KILLED
tally 7  FOMENT_UNREST SUCCESS_UNDETECTED / NO_RESULT
turn 143 spies active 0 idle 1 missions 45 captured-enemy 0
spy 7471123 LOC_CITIZEN_MAYA_MODERN_MALE_4 level 1 at 54:11 start
turn 143 spies 1 started 1 travelled 0 promoted 0 bought 0 gold 50000
unblock: blocker ENDTURN_BLOCKING_CIVIC -> civic CIVIC_GUILDS | end turn requested
unstuck: InGamePopup: open, no close
mission CityName=LOC_CITY_NAME_OTTAWA CompletionTurn=138 EscapeResult=0 InitialResult=4 LevelAfter=2 LootInfo=-1 Name=LOC_CITIZEN_MAYA_MODERN_MALE_3 Operation=58 PlotIndex=978
mission CityName=LOC_CITY_NAME_MONTREAL CompletionTurn=120 EscapeResult=0 InitialResult=2 LevelAfter=2 LootInfo=-1 Name=LOC_CITIZEN_MAYA_MODERN_MALE_1 Operation=58 PlotIndex=1314
mission CityName=LOC_CITY_NAME_MONTREAL CompletionTurn=116 EscapeResult=-1 InitialResult=1 LevelAfter=1 LootInfo=-1 Name=LOC_CITIZEN_MAYA_MALE_10 Operation=58 PlotIndex=1314
mission CityName=LOC_CITY_NAME_TORONTO CompletionTurn=116 EscapeResult=-1 InitialResult=1 LevelAfter=1 LootInfo=-1 Name=LOC_CITIZEN_MAYA_MALE_4 Operation=58 PlotIndex=1818
mission CityName=LOC_CITY_NAME_OTTAWA CompletionTurn=111 EscapeResult=-1 InitialResult=1 LevelAfter=2 LootInfo=-1 Name=LOC_CITIZEN_MAYA_MALE_5 Operation=58 PlotIndex=978
mission CityName=LOC_CITY_NAME_MONTREAL CompletionTurn=107 EscapeResult=0 InitialResult=2 LevelAfter=2 LootInfo=-1 Name=LOC_CITIZEN_MAYA_MALE_6 Operation=58 PlotIndex=1314
mission CityName=LOC_CITY_NAME_OTTAWA CompletionTurn=105 EscapeResult=2 InitialResult=2 LevelAfter=2 LootInfo=-1 Name=LOC_CITIZEN_MAYA_MODERN_MALE_1 Operation=58 PlotIndex=978
mission CityName=LOC_CITY_NAME_TORONTO CompletionTurn=104 EscapeResult=-1 InitialResult=1 LevelAfter=2 LootInfo=-1 Name=LOC_CITIZEN_MAYA_FEMALE_6 Operation=58 PlotIndex=1818
mission CityName=LOC_CITY_NAME_QUEBEC_CITY CompletionTurn=103 EscapeResult=0 InitialResult=4 LevelAfter=2 LootInfo=-1 Name=LOC_CITIZEN_MAYA_MODERN_FEMALE_8 Operation=58 PlotIndex=1404
mission CityName=LOC_CITY_NAME_OTTAWA CompletionTurn=101 EscapeResult=-1 InitialResult=5 LevelAfter=2 LootInfo=-1 Name=LOC_CITIZEN_MAYA_MODERN_MALE_1 Operation=58 PlotIndex=978
mission CityName=LOC_CITY_NAME_TORONTO CompletionTurn=100 EscapeResult=-1 InitialResult=5 LevelAfter=2 LootInfo=-1 Name=LOC_CITIZEN_MAYA_FEMALE_6 Operation=58 PlotIndex=1818
mission CityName=LOC_CITY_NAME_MONTREAL CompletionTurn=99 EscapeResult=-1 InitialResult=1 LevelAfter=1 LootInfo=-1 Name=LOC_CITIZEN_MAYA_MODERN_FEMALE_5 Operation=58 PlotIndex=1314
mission CityName=LOC_CITY_NAME_OTTAWA CompletionTurn=97 EscapeResult=-1 InitialResult=3 LevelAfter=2 LootInfo=-1 Name=LOC_CITIZEN_MAYA_MODERN_MALE_1 Operation=58 PlotIndex=978
mission CityName=LOC_CITY_NAME_OTTAWA CompletionTurn=93 EscapeResult=-1 InitialResult=5 LevelAfter=2 LootInfo=-1 Name=LOC_CITIZEN_MAYA_MODERN_MALE_1 Operation=58 PlotIndex=978
mission CityName=LOC_CITY_NAME_TORONTO CompletionTurn=91 EscapeResult=2 InitialResult=2 LevelAfter=2 LootInfo=-1 Name=LOC_CITIZEN_MAYA_MODERN_FEMALE_8 Operation=58 PlotIndex=1818
mission CityName=LOC_CITY_NAME_OTTAWA CompletionTurn=89 EscapeResult=-1 InitialResult=5 LevelAfter=2 LootInfo=-1 Name=LOC_CITIZEN_MAYA_MALE_5 Operation=58 PlotIndex=978
mission CityName=LOC_CITY_NAME_QUEBEC_CITY CompletionTurn=85 EscapeResult=2 InitialResult=4 LevelAfter=2 LootInfo=-1 Name=LOC_CITIZEN_MAYA_MALE_6 Operation=58 PlotIndex=1404
mission CityName=LOC_CITY_NAME_SAINT_JOHN CompletionTurn=85 EscapeResult=-1 InitialResult=0 LevelAfter=2 LootInfo=-1 Name=LOC_CITIZEN_MAYA_FEMALE_4 Operation=58 PlotIndex=1409
mission CityName=LOC_CITY_NAME_TE_HOKIANGA_NU_A_KUPE CompletionTurn=85 EscapeResult=1 InitialResult=4 LevelAfter=2 LootInfo=-1 Name=LOC_CITIZEN_MAYA_MODERN_MALE_5 Operation=58 PlotIndex=772
mission CityName=LOC_CITY_NAME_MONTREAL CompletionTurn=85 EscapeResult=0 InitialResult=4 LevelAfter=2 LootInfo=-1 Name=LOC_CITIZEN_MAYA_MALE_2 Operation=58 PlotIndex=1314
mission CityName=LOC_CITY_NAME_NGARUAWAHIA CompletionTurn=85 EscapeResult=-1 InitialResult=1 LevelAfter=2 LootInfo=-1 Name=LOC_CITIZEN_MAYA_MODERN_MALE_9 Operation=58 PlotIndex=1833
mission CityName=LOC_CITY_NAME_QUEBEC_CITY CompletionTurn=80 EscapeResult=-1 InitialResult=3 LevelAfter=1 LootInfo=-1 Name=LOC_CITIZEN_MAYA_MALE_6 Operation=58 PlotIndex=1404
mission CityName=LOC_CITY_NAME_MONTREAL CompletionTurn=79 EscapeResult=-1 InitialResult=1 LevelAfter=1 LootInfo=-1 Name=LOC_CITIZEN_MAYA_MALE_7 Operation=58 PlotIndex=1314
mission CityName=LOC_CITY_NAME_UPPSALA CompletionTurn=79 EscapeResult=0 InitialResult=4 LevelAfter=2 LootInfo=-1 Name=LOC_CITIZEN_MAYA_MODERN_MALE_6 Operation=58 PlotIndex=993
mission CityName=LOC_CITY_NAME_SAINT_JOHN CompletionTurn=77 EscapeResult=-1 InitialResult=1 LevelAfter=1 LootInfo=-1 Name=LOC_CITIZEN_MAYA_MODERN_FEMALE_7 Operation=58 PlotIndex=1409
mission CityName=LOC_CITY_NAME_STOCKHOLM CompletionTurn=75 EscapeResult=1 InitialResult=4 LevelAfter=2 LootInfo=-1 Name=LOC_CITIZEN_MAYA_MODERN_MALE_2 Operation=58 PlotIndex=1253
mission CityName=LOC_CITY_NAME_TORONTO CompletionTurn=75 EscapeResult=2 InitialResult=2 LevelAfter=2 LootInfo=-1 Name=LOC_CITIZEN_MAYA_MODERN_FEMALE_8 Operation=58 PlotIndex=1818
mission CityName=LOC_CITY_NAME_OTTAWA CompletionTurn=75 EscapeResult=2 InitialResult=4 LevelAfter=2 LootInfo=-1 Name=LOC_CITIZEN_MAYA_MALE_5 Operation=58 PlotIndex=978
mission CityName=LOC_CITY_NAME_SAINT_JOHN CompletionTurn=73 EscapeResult=-1 InitialResult=1 LevelAfter=1 LootInfo=-1 Name=LOC_CITIZEN_MAYA_FEMALE_8 Operation=58 PlotIndex=1409
mission CityName=LOC_CITY_NAME_QUEBEC_CITY CompletionTurn=73 EscapeResult=-1 InitialResult=0 LevelAfter=1 LootInfo=-1 Name=LOC_CITIZEN_MAYA_FEMALE_9 Operation=58 PlotIndex=1404
mission CityName=LOC_CITY_NAME_STOCKHOLM CompletionTurn=70 EscapeResult=-1 InitialResult=1 LevelAfter=1 LootInfo=-1 Name=LOC_CITIZEN_MAYA_MALE_1 Operation=58 PlotIndex=1253
mission CityName=LOC_CITY_NAME_GOTEBORG CompletionTurn=70 EscapeResult=0 InitialResult=4 LevelAfter=2 LootInfo=-1 Name=LOC_CITIZEN_MAYA_MODERN_FEMALE_1 Operation=58 PlotIndex=1081
mission CityName=LOC_CITY_NAME_OTTAWA CompletionTurn=70 EscapeResult=1 InitialResult=2 LevelAfter=2 LootInfo=-1 Name=LOC_CITIZEN_MAYA_MODERN_FEMALE_9 Operation=58 PlotIndex=978
mission CityName=LOC_CITY_NAME_QUEBEC_CITY CompletionTurn=68 EscapeResult=-1 InitialResult=1 LevelAfter=1 LootInfo=-1 Name=LOC_CITIZEN_MAYA_MODERN_FEMALE_3 Operation=58 PlotIndex=1404
mission CityName=LOC_CITY_NAME_NGARUAWAHIA CompletionTurn=67 EscapeResult=2 InitialResult=4 LevelAfter=2 LootInfo=-1 Name=LOC_CITIZEN_MAYA_MODERN_MALE_9 Operation=58 PlotIndex=1833
mission CityName=LOC_CITY_NAME_TE_HOKIANGA_NU_A_KUPE CompletionTurn=66 EscapeResult=2 InitialResult=4 LevelAfter=2 LootInfo=-1 Name=LOC_CITIZEN_MAYA_FEMALE_4 Operation=58 PlotIndex=772
mission CityName=LOC_CITY_NAME_MONTREAL CompletionTurn=66 EscapeResult=0 InitialResult=4 LevelAfter=2 LootInfo=-1 Name=LOC_CITIZEN_MAYA_MALE_3 Operation=58 PlotIndex=1314
mission CityName=LOC_CITY_NAME_OTTAWA CompletionTurn=66 EscapeResult=-1 InitialResult=3 LevelAfter=2 LootInfo=-1 Name=LOC_CITIZEN_MAYA_MODERN_FEMALE_9 Operation=58 PlotIndex=978
mission CityName=LOC_CITY_NAME_TORONTO CompletionTurn=66 EscapeResult=0 InitialResult=2 LevelAfter=1 LootInfo=-1 Name=LOC_CITIZEN_MAYA_MALE_8 Operation=58 PlotIndex=1818
mission CityName=LOC_CITY_NAME_QUEBEC_CITY CompletionTurn=64 EscapeResult=-1 InitialResult=3 LevelAfter=1 LootInfo=-1 Name=LOC_CITIZEN_MAYA_MODERN_FEMALE_3 Operation=58 PlotIndex=1404
mission CityName=LOC_CITY_NAME_TORONTO CompletionTurn=62 EscapeResult=-1 InitialResult=5 LevelAfter=2 LootInfo=-1 Name=LOC_CITIZEN_MAYA_MODERN_FEMALE_8 Operation=58 PlotIndex=1818
mission CityName=LOC_CITY_NAME_OTTAWA CompletionTurn=62 EscapeResult=-1 InitialResult=3 LevelAfter=1 LootInfo=-1 Name=LOC_CITIZEN_MAYA_MALE_5 Operation=58 PlotIndex=978
mission CityName=LOC_CITY_NAME_MONTREAL CompletionTurn=62 EscapeResult=-1 InitialResult=5 LevelAfter=2 LootInfo=-1 Name=LOC_CITIZEN_MAYA_MALE_3 Operation=58 PlotIndex=1314
mission CityName=LOC_CITY_NAME_OTTAWA CompletionTurn=58 EscapeResult=-1 InitialResult=5 LevelAfter=2 LootInfo=-1 Name=LOC_CITIZEN_MAYA_MODERN_FEMALE_9 Operation=58 PlotIndex=978
mission CityName=LOC_CITY_NAME_MONTREAL CompletionTurn=58 EscapeResult=-1 InitialResult=1 LevelAfter=1 LootInfo=-1 Name=LOC_CITIZEN_MAYA_FEMALE_5 Operation=58 PlotIndex=1314
tally 12  FOMENT_UNREST CAPTURED / NO_RESULT
tally 1  FOMENT_UNREST FAIL_MUST_ESCAPE / CAPTURED
tally 3  FOMENT_UNREST FAIL_MUST_ESCAPE / FAIL_MUST_ESCAPE
tally 3  FOMENT_UNREST FAIL_MUST_ESCAPE / KILLED
tally 5  FOMENT_UNREST FAIL_UNDETECTED / NO_RESULT
tally 2  FOMENT_UNREST KILLED / NO_RESULT
tally 2  FOMENT_UNREST SUCCESS_MUST_ESCAPE / CAPTURED
tally 4  FOMENT_UNREST SUCCESS_MUST_ESCAPE / FAIL_MUST_ESCAPE
tally 6  FOMENT_UNREST SUCCESS_MUST_ESCAPE / KILLED
tally 7  FOMENT_UNREST SUCCESS_UNDETECTED / NO_RESULT
turn 144 spies active 1 idle 0 missions 45 captured-enemy 0
spy 7471123 LOC_CITIZEN_MAYA_MODERN_MALE_4 level 1 at 54:11 busy
turn 144 spies 1 started 0 travelled 0 promoted 0 bought 0 gold 50000
unblock: blocker ENDTURN_BLOCKING_PRODUCTION -> NARANJO builds UNIT_WARRIOR | end turn requested
unstuck: InGamePopup: open, no close
unblock: blocker ENDTURN_BLOCKING_FILL_CIVIC_SLOT -> nothing | end turn requested
unstuck: closed sessions [3:3]
unstuck: DiplomacyActionView: Closing Diplomacy Action View. m_eventID: 811472
unstuck: InGamePopup: open, no close
mission CityName=LOC_CITY_NAME_OTTAWA CompletionTurn=138 EscapeResult=0 InitialResult=4 LevelAfter=2 LootInfo=-1 Name=LOC_CITIZEN_MAYA_MODERN_MALE_3 Operation=58 PlotIndex=978
mission CityName=LOC_CITY_NAME_MONTREAL CompletionTurn=120 EscapeResult=0 InitialResult=2 LevelAfter=2 LootInfo=-1 Name=LOC_CITIZEN_MAYA_MODERN_MALE_1 Operation=58 PlotIndex=1314
mission CityName=LOC_CITY_NAME_MONTREAL CompletionTurn=116 EscapeResult=-1 InitialResult=1 LevelAfter=1 LootInfo=-1 Name=LOC_CITIZEN_MAYA_MALE_10 Operation=58 PlotIndex=1314
mission CityName=LOC_CITY_NAME_TORONTO CompletionTurn=116 EscapeResult=-1 InitialResult=1 LevelAfter=1 LootInfo=-1 Name=LOC_CITIZEN_MAYA_MALE_4 Operation=58 PlotIndex=1818
mission CityName=LOC_CITY_NAME_OTTAWA CompletionTurn=111 EscapeResult=-1 InitialResult=1 LevelAfter=2 LootInfo=-1 Name=LOC_CITIZEN_MAYA_MALE_5 Operation=58 PlotIndex=978
mission CityName=LOC_CITY_NAME_MONTREAL CompletionTurn=107 EscapeResult=0 InitialResult=2 LevelAfter=2 LootInfo=-1 Name=LOC_CITIZEN_MAYA_MALE_6 Operation=58 PlotIndex=1314
mission CityName=LOC_CITY_NAME_OTTAWA CompletionTurn=105 EscapeResult=2 InitialResult=2 LevelAfter=2 LootInfo=-1 Name=LOC_CITIZEN_MAYA_MODERN_MALE_1 Operation=58 PlotIndex=978
mission CityName=LOC_CITY_NAME_TORONTO CompletionTurn=104 EscapeResult=-1 InitialResult=1 LevelAfter=2 LootInfo=-1 Name=LOC_CITIZEN_MAYA_FEMALE_6 Operation=58 PlotIndex=1818
mission CityName=LOC_CITY_NAME_QUEBEC_CITY CompletionTurn=103 EscapeResult=0 InitialResult=4 LevelAfter=2 LootInfo=-1 Name=LOC_CITIZEN_MAYA_MODERN_FEMALE_8 Operation=58 PlotIndex=1404
mission CityName=LOC_CITY_NAME_OTTAWA CompletionTurn=101 EscapeResult=-1 InitialResult=5 LevelAfter=2 LootInfo=-1 Name=LOC_CITIZEN_MAYA_MODERN_MALE_1 Operation=58 PlotIndex=978
mission CityName=LOC_CITY_NAME_TORONTO CompletionTurn=100 EscapeResult=-1 InitialResult=5 LevelAfter=2 LootInfo=-1 Name=LOC_CITIZEN_MAYA_FEMALE_6 Operation=58 PlotIndex=1818
mission CityName=LOC_CITY_NAME_MONTREAL CompletionTurn=99 EscapeResult=-1 InitialResult=1 LevelAfter=1 LootInfo=-1 Name=LOC_CITIZEN_MAYA_MODERN_FEMALE_5 Operation=58 PlotIndex=1314
mission CityName=LOC_CITY_NAME_OTTAWA CompletionTurn=97 EscapeResult=-1 InitialResult=3 LevelAfter=2 LootInfo=-1 Name=LOC_CITIZEN_MAYA_MODERN_MALE_1 Operation=58 PlotIndex=978
mission CityName=LOC_CITY_NAME_OTTAWA CompletionTurn=93 EscapeResult=-1 InitialResult=5 LevelAfter=2 LootInfo=-1 Name=LOC_CITIZEN_MAYA_MODERN_MALE_1 Operation=58 PlotIndex=978
mission CityName=LOC_CITY_NAME_TORONTO CompletionTurn=91 EscapeResult=2 InitialResult=2 LevelAfter=2 LootInfo=-1 Name=LOC_CITIZEN_MAYA_MODERN_FEMALE_8 Operation=58 PlotIndex=1818
mission CityName=LOC_CITY_NAME_OTTAWA CompletionTurn=89 EscapeResult=-1 InitialResult=5 LevelAfter=2 LootInfo=-1 Name=LOC_CITIZEN_MAYA_MALE_5 Operation=58 PlotIndex=978
mission CityName=LOC_CITY_NAME_QUEBEC_CITY CompletionTurn=85 EscapeResult=2 InitialResult=4 LevelAfter=2 LootInfo=-1 Name=LOC_CITIZEN_MAYA_MALE_6 Operation=58 PlotIndex=1404
mission CityName=LOC_CITY_NAME_SAINT_JOHN CompletionTurn=85 EscapeResult=-1 InitialResult=0 LevelAfter=2 LootInfo=-1 Name=LOC_CITIZEN_MAYA_FEMALE_4 Operation=58 PlotIndex=1409
mission CityName=LOC_CITY_NAME_TE_HOKIANGA_NU_A_KUPE CompletionTurn=85 EscapeResult=1 InitialResult=4 LevelAfter=2 LootInfo=-1 Name=LOC_CITIZEN_MAYA_MODERN_MALE_5 Operation=58 PlotIndex=772
mission CityName=LOC_CITY_NAME_MONTREAL CompletionTurn=85 EscapeResult=0 InitialResult=4 LevelAfter=2 LootInfo=-1 Name=LOC_CITIZEN_MAYA_MALE_2 Operation=58 PlotIndex=1314
mission CityName=LOC_CITY_NAME_NGARUAWAHIA CompletionTurn=85 EscapeResult=-1 InitialResult=1 LevelAfter=2 LootInfo=-1 Name=LOC_CITIZEN_MAYA_MODERN_MALE_9 Operation=58 PlotIndex=1833
mission CityName=LOC_CITY_NAME_QUEBEC_CITY CompletionTurn=80 EscapeResult=-1 InitialResult=3 LevelAfter=1 LootInfo=-1 Name=LOC_CITIZEN_MAYA_MALE_6 Operation=58 PlotIndex=1404
mission CityName=LOC_CITY_NAME_MONTREAL CompletionTurn=79 EscapeResult=-1 InitialResult=1 LevelAfter=1 LootInfo=-1 Name=LOC_CITIZEN_MAYA_MALE_7 Operation=58 PlotIndex=1314
mission CityName=LOC_CITY_NAME_UPPSALA CompletionTurn=79 EscapeResult=0 InitialResult=4 LevelAfter=2 LootInfo=-1 Name=LOC_CITIZEN_MAYA_MODERN_MALE_6 Operation=58 PlotIndex=993
mission CityName=LOC_CITY_NAME_SAINT_JOHN CompletionTurn=77 EscapeResult=-1 InitialResult=1 LevelAfter=1 LootInfo=-1 Name=LOC_CITIZEN_MAYA_MODERN_FEMALE_7 Operation=58 PlotIndex=1409
mission CityName=LOC_CITY_NAME_STOCKHOLM CompletionTurn=75 EscapeResult=1 InitialResult=4 LevelAfter=2 LootInfo=-1 Name=LOC_CITIZEN_MAYA_MODERN_MALE_2 Operation=58 PlotIndex=1253
mission CityName=LOC_CITY_NAME_TORONTO CompletionTurn=75 EscapeResult=2 InitialResult=2 LevelAfter=2 LootInfo=-1 Name=LOC_CITIZEN_MAYA_MODERN_FEMALE_8 Operation=58 PlotIndex=1818
mission CityName=LOC_CITY_NAME_OTTAWA CompletionTurn=75 EscapeResult=2 InitialResult=4 LevelAfter=2 LootInfo=-1 Name=LOC_CITIZEN_MAYA_MALE_5 Operation=58 PlotIndex=978
mission CityName=LOC_CITY_NAME_SAINT_JOHN CompletionTurn=73 EscapeResult=-1 InitialResult=1 LevelAfter=1 LootInfo=-1 Name=LOC_CITIZEN_MAYA_FEMALE_8 Operation=58 PlotIndex=1409
mission CityName=LOC_CITY_NAME_QUEBEC_CITY CompletionTurn=73 EscapeResult=-1 InitialResult=0 LevelAfter=1 LootInfo=-1 Name=LOC_CITIZEN_MAYA_FEMALE_9 Operation=58 PlotIndex=1404
mission CityName=LOC_CITY_NAME_STOCKHOLM CompletionTurn=70 EscapeResult=-1 InitialResult=1 LevelAfter=1 LootInfo=-1 Name=LOC_CITIZEN_MAYA_MALE_1 Operation=58 PlotIndex=1253
mission CityName=LOC_CITY_NAME_GOTEBORG CompletionTurn=70 EscapeResult=0 InitialResult=4 LevelAfter=2 LootInfo=-1 Name=LOC_CITIZEN_MAYA_MODERN_FEMALE_1 Operation=58 PlotIndex=1081
mission CityName=LOC_CITY_NAME_OTTAWA CompletionTurn=70 EscapeResult=1 InitialResult=2 LevelAfter=2 LootInfo=-1 Name=LOC_CITIZEN_MAYA_MODERN_FEMALE_9 Operation=58 PlotIndex=978
mission CityName=LOC_CITY_NAME_QUEBEC_CITY CompletionTurn=68 EscapeResult=-1 InitialResult=1 LevelAfter=1 LootInfo=-1 Name=LOC_CITIZEN_MAYA_MODERN_FEMALE_3 Operation=58 PlotIndex=1404
mission CityName=LOC_CITY_NAME_NGARUAWAHIA CompletionTurn=67 EscapeResult=2 InitialResult=4 LevelAfter=2 LootInfo=-1 Name=LOC_CITIZEN_MAYA_MODERN_MALE_9 Operation=58 PlotIndex=1833
mission CityName=LOC_CITY_NAME_TE_HOKIANGA_NU_A_KUPE CompletionTurn=66 EscapeResult=2 InitialResult=4 LevelAfter=2 LootInfo=-1 Name=LOC_CITIZEN_MAYA_FEMALE_4 Operation=58 PlotIndex=772
mission CityName=LOC_CITY_NAME_MONTREAL CompletionTurn=66 EscapeResult=0 InitialResult=4 LevelAfter=2 LootInfo=-1 Name=LOC_CITIZEN_MAYA_MALE_3 Operation=58 PlotIndex=1314
mission CityName=LOC_CITY_NAME_OTTAWA CompletionTurn=66 EscapeResult=-1 InitialResult=3 LevelAfter=2 LootInfo=-1 Name=LOC_CITIZEN_MAYA_MODERN_FEMALE_9 Operation=58 PlotIndex=978
mission CityName=LOC_CITY_NAME_TORONTO CompletionTurn=66 EscapeResult=0 InitialResult=2 LevelAfter=1 LootInfo=-1 Name=LOC_CITIZEN_MAYA_MALE_8 Operation=58 PlotIndex=1818
mission CityName=LOC_CITY_NAME_QUEBEC_CITY CompletionTurn=64 EscapeResult=-1 InitialResult=3 LevelAfter=1 LootInfo=-1 Name=LOC_CITIZEN_MAYA_MODERN_FEMALE_3 Operation=58 PlotIndex=1404
mission CityName=LOC_CITY_NAME_TORONTO CompletionTurn=62 EscapeResult=-1 InitialResult=5 LevelAfter=2 LootInfo=-1 Name=LOC_CITIZEN_MAYA_MODERN_FEMALE_8 Operation=58 PlotIndex=1818
mission CityName=LOC_CITY_NAME_OTTAWA CompletionTurn=62 EscapeResult=-1 InitialResult=3 LevelAfter=1 LootInfo=-1 Name=LOC_CITIZEN_MAYA_MALE_5 Operation=58 PlotIndex=978
mission CityName=LOC_CITY_NAME_MONTREAL CompletionTurn=62 EscapeResult=-1 InitialResult=5 LevelAfter=2 LootInfo=-1 Name=LOC_CITIZEN_MAYA_MALE_3 Operation=58 PlotIndex=1314
mission CityName=LOC_CITY_NAME_OTTAWA CompletionTurn=58 EscapeResult=-1 InitialResult=5 LevelAfter=2 LootInfo=-1 Name=LOC_CITIZEN_MAYA_MODERN_FEMALE_9 Operation=58 PlotIndex=978
mission CityName=LOC_CITY_NAME_MONTREAL CompletionTurn=58 EscapeResult=-1 InitialResult=1 LevelAfter=1 LootInfo=-1 Name=LOC_CITIZEN_MAYA_FEMALE_5 Operation=58 PlotIndex=1314
tally 12  FOMENT_UNREST CAPTURED / NO_RESULT
tally 1  FOMENT_UNREST FAIL_MUST_ESCAPE / CAPTURED
tally 3  FOMENT_UNREST FAIL_MUST_ESCAPE / FAIL_MUST_ESCAPE
tally 3  FOMENT_UNREST FAIL_MUST_ESCAPE / KILLED
tally 5  FOMENT_UNREST FAIL_UNDETECTED / NO_RESULT
tally 2  FOMENT_UNREST KILLED / NO_RESULT
tally 2  FOMENT_UNREST SUCCESS_MUST_ESCAPE / CAPTURED
tally 4  FOMENT_UNREST SUCCESS_MUST_ESCAPE / FAIL_MUST_ESCAPE
tally 6  FOMENT_UNREST SUCCESS_MUST_ESCAPE / KILLED
tally 7  FOMENT_UNREST SUCCESS_UNDETECTED / NO_RESULT
turn 145 spies active 1 idle 0 missions 45 captured-enemy 0
spy 7471123 LOC_CITIZEN_MAYA_MODERN_MALE_4 level 1 at 54:11 busy
turn 145 spies 1 started 0 travelled 0 promoted 0 bought 0 gold 50000
unblock: blocker ENDTURN_BLOCKING_PRODUCTION -> NARANJO builds UNIT_WARRIOR | end turn requested
unstuck: InGamePopup: open, no close
unblock: blocker ENDTURN_BLOCKING_FILL_CIVIC_SLOT -> nothing | end turn requested
unstuck: closed sessions [2:2]
unstuck: DiplomacyActionView: Closing Diplomacy Action View. m_eventID: 819702
unstuck: InGamePopup: open, no close
mission CityName=LOC_CITY_NAME_OTTAWA CompletionTurn=138 EscapeResult=0 InitialResult=4 LevelAfter=2 LootInfo=-1 Name=LOC_CITIZEN_MAYA_MODERN_MALE_3 Operation=58 PlotIndex=978
mission CityName=LOC_CITY_NAME_MONTREAL CompletionTurn=120 EscapeResult=0 InitialResult=2 LevelAfter=2 LootInfo=-1 Name=LOC_CITIZEN_MAYA_MODERN_MALE_1 Operation=58 PlotIndex=1314
mission CityName=LOC_CITY_NAME_MONTREAL CompletionTurn=116 EscapeResult=-1 InitialResult=1 LevelAfter=1 LootInfo=-1 Name=LOC_CITIZEN_MAYA_MALE_10 Operation=58 PlotIndex=1314
mission CityName=LOC_CITY_NAME_TORONTO CompletionTurn=116 EscapeResult=-1 InitialResult=1 LevelAfter=1 LootInfo=-1 Name=LOC_CITIZEN_MAYA_MALE_4 Operation=58 PlotIndex=1818
mission CityName=LOC_CITY_NAME_OTTAWA CompletionTurn=111 EscapeResult=-1 InitialResult=1 LevelAfter=2 LootInfo=-1 Name=LOC_CITIZEN_MAYA_MALE_5 Operation=58 PlotIndex=978
mission CityName=LOC_CITY_NAME_MONTREAL CompletionTurn=107 EscapeResult=0 InitialResult=2 LevelAfter=2 LootInfo=-1 Name=LOC_CITIZEN_MAYA_MALE_6 Operation=58 PlotIndex=1314
mission CityName=LOC_CITY_NAME_OTTAWA CompletionTurn=105 EscapeResult=2 InitialResult=2 LevelAfter=2 LootInfo=-1 Name=LOC_CITIZEN_MAYA_MODERN_MALE_1 Operation=58 PlotIndex=978
mission CityName=LOC_CITY_NAME_TORONTO CompletionTurn=104 EscapeResult=-1 InitialResult=1 LevelAfter=2 LootInfo=-1 Name=LOC_CITIZEN_MAYA_FEMALE_6 Operation=58 PlotIndex=1818
mission CityName=LOC_CITY_NAME_QUEBEC_CITY CompletionTurn=103 EscapeResult=0 InitialResult=4 LevelAfter=2 LootInfo=-1 Name=LOC_CITIZEN_MAYA_MODERN_FEMALE_8 Operation=58 PlotIndex=1404
mission CityName=LOC_CITY_NAME_OTTAWA CompletionTurn=101 EscapeResult=-1 InitialResult=5 LevelAfter=2 LootInfo=-1 Name=LOC_CITIZEN_MAYA_MODERN_MALE_1 Operation=58 PlotIndex=978
mission CityName=LOC_CITY_NAME_TORONTO CompletionTurn=100 EscapeResult=-1 InitialResult=5 LevelAfter=2 LootInfo=-1 Name=LOC_CITIZEN_MAYA_FEMALE_6 Operation=58 PlotIndex=1818
mission CityName=LOC_CITY_NAME_MONTREAL CompletionTurn=99 EscapeResult=-1 InitialResult=1 LevelAfter=1 LootInfo=-1 Name=LOC_CITIZEN_MAYA_MODERN_FEMALE_5 Operation=58 PlotIndex=1314
mission CityName=LOC_CITY_NAME_OTTAWA CompletionTurn=97 EscapeResult=-1 InitialResult=3 LevelAfter=2 LootInfo=-1 Name=LOC_CITIZEN_MAYA_MODERN_MALE_1 Operation=58 PlotIndex=978
mission CityName=LOC_CITY_NAME_OTTAWA CompletionTurn=93 EscapeResult=-1 InitialResult=5 LevelAfter=2 LootInfo=-1 Name=LOC_CITIZEN_MAYA_MODERN_MALE_1 Operation=58 PlotIndex=978
mission CityName=LOC_CITY_NAME_TORONTO CompletionTurn=91 EscapeResult=2 InitialResult=2 LevelAfter=2 LootInfo=-1 Name=LOC_CITIZEN_MAYA_MODERN_FEMALE_8 Operation=58 PlotIndex=1818
mission CityName=LOC_CITY_NAME_OTTAWA CompletionTurn=89 EscapeResult=-1 InitialResult=5 LevelAfter=2 LootInfo=-1 Name=LOC_CITIZEN_MAYA_MALE_5 Operation=58 PlotIndex=978
mission CityName=LOC_CITY_NAME_QUEBEC_CITY CompletionTurn=85 EscapeResult=2 InitialResult=4 LevelAfter=2 LootInfo=-1 Name=LOC_CITIZEN_MAYA_MALE_6 Operation=58 PlotIndex=1404
mission CityName=LOC_CITY_NAME_SAINT_JOHN CompletionTurn=85 EscapeResult=-1 InitialResult=0 LevelAfter=2 LootInfo=-1 Name=LOC_CITIZEN_MAYA_FEMALE_4 Operation=58 PlotIndex=1409
mission CityName=LOC_CITY_NAME_TE_HOKIANGA_NU_A_KUPE CompletionTurn=85 EscapeResult=1 InitialResult=4 LevelAfter=2 LootInfo=-1 Name=LOC_CITIZEN_MAYA_MODERN_MALE_5 Operation=58 PlotIndex=772
mission CityName=LOC_CITY_NAME_MONTREAL CompletionTurn=85 EscapeResult=0 InitialResult=4 LevelAfter=2 LootInfo=-1 Name=LOC_CITIZEN_MAYA_MALE_2 Operation=58 PlotIndex=1314
mission CityName=LOC_CITY_NAME_NGARUAWAHIA CompletionTurn=85 EscapeResult=-1 InitialResult=1 LevelAfter=2 LootInfo=-1 Name=LOC_CITIZEN_MAYA_MODERN_MALE_9 Operation=58 PlotIndex=1833
mission CityName=LOC_CITY_NAME_QUEBEC_CITY CompletionTurn=80 EscapeResult=-1 InitialResult=3 LevelAfter=1 LootInfo=-1 Name=LOC_CITIZEN_MAYA_MALE_6 Operation=58 PlotIndex=1404
mission CityName=LOC_CITY_NAME_MONTREAL CompletionTurn=79 EscapeResult=-1 InitialResult=1 LevelAfter=1 LootInfo=-1 Name=LOC_CITIZEN_MAYA_MALE_7 Operation=58 PlotIndex=1314
mission CityName=LOC_CITY_NAME_UPPSALA CompletionTurn=79 EscapeResult=0 InitialResult=4 LevelAfter=2 LootInfo=-1 Name=LOC_CITIZEN_MAYA_MODERN_MALE_6 Operation=58 PlotIndex=993
mission CityName=LOC_CITY_NAME_SAINT_JOHN CompletionTurn=77 EscapeResult=-1 InitialResult=1 LevelAfter=1 LootInfo=-1 Name=LOC_CITIZEN_MAYA_MODERN_FEMALE_7 Operation=58 PlotIndex=1409
mission CityName=LOC_CITY_NAME_STOCKHOLM CompletionTurn=75 EscapeResult=1 InitialResult=4 LevelAfter=2 LootInfo=-1 Name=LOC_CITIZEN_MAYA_MODERN_MALE_2 Operation=58 PlotIndex=1253
mission CityName=LOC_CITY_NAME_TORONTO CompletionTurn=75 EscapeResult=2 InitialResult=2 LevelAfter=2 LootInfo=-1 Name=LOC_CITIZEN_MAYA_MODERN_FEMALE_8 Operation=58 PlotIndex=1818
mission CityName=LOC_CITY_NAME_OTTAWA CompletionTurn=75 EscapeResult=2 InitialResult=4 LevelAfter=2 LootInfo=-1 Name=LOC_CITIZEN_MAYA_MALE_5 Operation=58 PlotIndex=978
mission CityName=LOC_CITY_NAME_SAINT_JOHN CompletionTurn=73 EscapeResult=-1 InitialResult=1 LevelAfter=1 LootInfo=-1 Name=LOC_CITIZEN_MAYA_FEMALE_8 Operation=58 PlotIndex=1409
mission CityName=LOC_CITY_NAME_QUEBEC_CITY CompletionTurn=73 EscapeResult=-1 InitialResult=0 LevelAfter=1 LootInfo=-1 Name=LOC_CITIZEN_MAYA_FEMALE_9 Operation=58 PlotIndex=1404
mission CityName=LOC_CITY_NAME_STOCKHOLM CompletionTurn=70 EscapeResult=-1 InitialResult=1 LevelAfter=1 LootInfo=-1 Name=LOC_CITIZEN_MAYA_MALE_1 Operation=58 PlotIndex=1253
mission CityName=LOC_CITY_NAME_GOTEBORG CompletionTurn=70 EscapeResult=0 InitialResult=4 LevelAfter=2 LootInfo=-1 Name=LOC_CITIZEN_MAYA_MODERN_FEMALE_1 Operation=58 PlotIndex=1081
mission CityName=LOC_CITY_NAME_OTTAWA CompletionTurn=70 EscapeResult=1 InitialResult=2 LevelAfter=2 LootInfo=-1 Name=LOC_CITIZEN_MAYA_MODERN_FEMALE_9 Operation=58 PlotIndex=978
mission CityName=LOC_CITY_NAME_QUEBEC_CITY CompletionTurn=68 EscapeResult=-1 InitialResult=1 LevelAfter=1 LootInfo=-1 Name=LOC_CITIZEN_MAYA_MODERN_FEMALE_3 Operation=58 PlotIndex=1404
mission CityName=LOC_CITY_NAME_NGARUAWAHIA CompletionTurn=67 EscapeResult=2 InitialResult=4 LevelAfter=2 LootInfo=-1 Name=LOC_CITIZEN_MAYA_MODERN_MALE_9 Operation=58 PlotIndex=1833
mission CityName=LOC_CITY_NAME_TE_HOKIANGA_NU_A_KUPE CompletionTurn=66 EscapeResult=2 InitialResult=4 LevelAfter=2 LootInfo=-1 Name=LOC_CITIZEN_MAYA_FEMALE_4 Operation=58 PlotIndex=772
mission CityName=LOC_CITY_NAME_MONTREAL CompletionTurn=66 EscapeResult=0 InitialResult=4 LevelAfter=2 LootInfo=-1 Name=LOC_CITIZEN_MAYA_MALE_3 Operation=58 PlotIndex=1314
mission CityName=LOC_CITY_NAME_OTTAWA CompletionTurn=66 EscapeResult=-1 InitialResult=3 LevelAfter=2 LootInfo=-1 Name=LOC_CITIZEN_MAYA_MODERN_FEMALE_9 Operation=58 PlotIndex=978
mission CityName=LOC_CITY_NAME_TORONTO CompletionTurn=66 EscapeResult=0 InitialResult=2 LevelAfter=1 LootInfo=-1 Name=LOC_CITIZEN_MAYA_MALE_8 Operation=58 PlotIndex=1818
mission CityName=LOC_CITY_NAME_QUEBEC_CITY CompletionTurn=64 EscapeResult=-1 InitialResult=3 LevelAfter=1 LootInfo=-1 Name=LOC_CITIZEN_MAYA_MODERN_FEMALE_3 Operation=58 PlotIndex=1404
mission CityName=LOC_CITY_NAME_TORONTO CompletionTurn=62 EscapeResult=-1 InitialResult=5 LevelAfter=2 LootInfo=-1 Name=LOC_CITIZEN_MAYA_MODERN_FEMALE_8 Operation=58 PlotIndex=1818
mission CityName=LOC_CITY_NAME_OTTAWA CompletionTurn=62 EscapeResult=-1 InitialResult=3 LevelAfter=1 LootInfo=-1 Name=LOC_CITIZEN_MAYA_MALE_5 Operation=58 PlotIndex=978
mission CityName=LOC_CITY_NAME_MONTREAL CompletionTurn=62 EscapeResult=-1 InitialResult=5 LevelAfter=2 LootInfo=-1 Name=LOC_CITIZEN_MAYA_MALE_3 Operation=58 PlotIndex=1314
mission CityName=LOC_CITY_NAME_OTTAWA CompletionTurn=58 EscapeResult=-1 InitialResult=5 LevelAfter=2 LootInfo=-1 Name=LOC_CITIZEN_MAYA_MODERN_FEMALE_9 Operation=58 PlotIndex=978
mission CityName=LOC_CITY_NAME_MONTREAL CompletionTurn=58 EscapeResult=-1 InitialResult=1 LevelAfter=1 LootInfo=-1 Name=LOC_CITIZEN_MAYA_FEMALE_5 Operation=58 PlotIndex=1314
tally 12  FOMENT_UNREST CAPTURED / NO_RESULT
tally 1  FOMENT_UNREST FAIL_MUST_ESCAPE / CAPTURED
tally 3  FOMENT_UNREST FAIL_MUST_ESCAPE / FAIL_MUST_ESCAPE
tally 3  FOMENT_UNREST FAIL_MUST_ESCAPE / KILLED
tally 5  FOMENT_UNREST FAIL_UNDETECTED / NO_RESULT
tally 2  FOMENT_UNREST KILLED / NO_RESULT
tally 2  FOMENT_UNREST SUCCESS_MUST_ESCAPE / CAPTURED
tally 4  FOMENT_UNREST SUCCESS_MUST_ESCAPE / FAIL_MUST_ESCAPE
tally 6  FOMENT_UNREST SUCCESS_MUST_ESCAPE / KILLED
tally 7  FOMENT_UNREST SUCCESS_UNDETECTED / NO_RESULT
turn 146 spies active 1 idle 0 missions 45 captured-enemy 0
spy 7471123 LOC_CITIZEN_MAYA_MODERN_MALE_4 level 1 at 54:11 busy
turn 146 spies 1 started 0 travelled 0 promoted 0 bought 0 gold 50000
unblock: blocker ENDTURN_BLOCKING_FILL_CIVIC_SLOT -> nothing | end turn requested
unstuck: InGamePopup: open, no close
unblock: blocker ENDTURN_BLOCKING_FILL_CIVIC_SLOT -> nothing | end turn requested
unstuck: closed sessions [6:6]
unstuck: DiplomacyActionView: closed
unstuck: InGamePopup: open, no close
mission CityName=LOC_CITY_NAME_OTTAWA CompletionTurn=147 EscapeResult=-1 InitialResult=1 LevelAfter=1 LootInfo=-1 Name=LOC_CITIZEN_MAYA_MODERN_MALE_4 Operation=58 PlotIndex=978
mission CityName=LOC_CITY_NAME_OTTAWA CompletionTurn=138 EscapeResult=0 InitialResult=4 LevelAfter=2 LootInfo=-1 Name=LOC_CITIZEN_MAYA_MODERN_MALE_3 Operation=58 PlotIndex=978
mission CityName=LOC_CITY_NAME_MONTREAL CompletionTurn=120 EscapeResult=0 InitialResult=2 LevelAfter=2 LootInfo=-1 Name=LOC_CITIZEN_MAYA_MODERN_MALE_1 Operation=58 PlotIndex=1314
mission CityName=LOC_CITY_NAME_MONTREAL CompletionTurn=116 EscapeResult=-1 InitialResult=1 LevelAfter=1 LootInfo=-1 Name=LOC_CITIZEN_MAYA_MALE_10 Operation=58 PlotIndex=1314
mission CityName=LOC_CITY_NAME_TORONTO CompletionTurn=116 EscapeResult=-1 InitialResult=1 LevelAfter=1 LootInfo=-1 Name=LOC_CITIZEN_MAYA_MALE_4 Operation=58 PlotIndex=1818
mission CityName=LOC_CITY_NAME_OTTAWA CompletionTurn=111 EscapeResult=-1 InitialResult=1 LevelAfter=2 LootInfo=-1 Name=LOC_CITIZEN_MAYA_MALE_5 Operation=58 PlotIndex=978
mission CityName=LOC_CITY_NAME_MONTREAL CompletionTurn=107 EscapeResult=0 InitialResult=2 LevelAfter=2 LootInfo=-1 Name=LOC_CITIZEN_MAYA_MALE_6 Operation=58 PlotIndex=1314
mission CityName=LOC_CITY_NAME_OTTAWA CompletionTurn=105 EscapeResult=2 InitialResult=2 LevelAfter=2 LootInfo=-1 Name=LOC_CITIZEN_MAYA_MODERN_MALE_1 Operation=58 PlotIndex=978
mission CityName=LOC_CITY_NAME_TORONTO CompletionTurn=104 EscapeResult=-1 InitialResult=1 LevelAfter=2 LootInfo=-1 Name=LOC_CITIZEN_MAYA_FEMALE_6 Operation=58 PlotIndex=1818
mission CityName=LOC_CITY_NAME_QUEBEC_CITY CompletionTurn=103 EscapeResult=0 InitialResult=4 LevelAfter=2 LootInfo=-1 Name=LOC_CITIZEN_MAYA_MODERN_FEMALE_8 Operation=58 PlotIndex=1404
mission CityName=LOC_CITY_NAME_OTTAWA CompletionTurn=101 EscapeResult=-1 InitialResult=5 LevelAfter=2 LootInfo=-1 Name=LOC_CITIZEN_MAYA_MODERN_MALE_1 Operation=58 PlotIndex=978
mission CityName=LOC_CITY_NAME_TORONTO CompletionTurn=100 EscapeResult=-1 InitialResult=5 LevelAfter=2 LootInfo=-1 Name=LOC_CITIZEN_MAYA_FEMALE_6 Operation=58 PlotIndex=1818
mission CityName=LOC_CITY_NAME_MONTREAL CompletionTurn=99 EscapeResult=-1 InitialResult=1 LevelAfter=1 LootInfo=-1 Name=LOC_CITIZEN_MAYA_MODERN_FEMALE_5 Operation=58 PlotIndex=1314
mission CityName=LOC_CITY_NAME_OTTAWA CompletionTurn=97 EscapeResult=-1 InitialResult=3 LevelAfter=2 LootInfo=-1 Name=LOC_CITIZEN_MAYA_MODERN_MALE_1 Operation=58 PlotIndex=978
mission CityName=LOC_CITY_NAME_OTTAWA CompletionTurn=93 EscapeResult=-1 InitialResult=5 LevelAfter=2 LootInfo=-1 Name=LOC_CITIZEN_MAYA_MODERN_MALE_1 Operation=58 PlotIndex=978
mission CityName=LOC_CITY_NAME_TORONTO CompletionTurn=91 EscapeResult=2 InitialResult=2 LevelAfter=2 LootInfo=-1 Name=LOC_CITIZEN_MAYA_MODERN_FEMALE_8 Operation=58 PlotIndex=1818
mission CityName=LOC_CITY_NAME_OTTAWA CompletionTurn=89 EscapeResult=-1 InitialResult=5 LevelAfter=2 LootInfo=-1 Name=LOC_CITIZEN_MAYA_MALE_5 Operation=58 PlotIndex=978
mission CityName=LOC_CITY_NAME_QUEBEC_CITY CompletionTurn=85 EscapeResult=2 InitialResult=4 LevelAfter=2 LootInfo=-1 Name=LOC_CITIZEN_MAYA_MALE_6 Operation=58 PlotIndex=1404
mission CityName=LOC_CITY_NAME_SAINT_JOHN CompletionTurn=85 EscapeResult=-1 InitialResult=0 LevelAfter=2 LootInfo=-1 Name=LOC_CITIZEN_MAYA_FEMALE_4 Operation=58 PlotIndex=1409
mission CityName=LOC_CITY_NAME_TE_HOKIANGA_NU_A_KUPE CompletionTurn=85 EscapeResult=1 InitialResult=4 LevelAfter=2 LootInfo=-1 Name=LOC_CITIZEN_MAYA_MODERN_MALE_5 Operation=58 PlotIndex=772
mission CityName=LOC_CITY_NAME_MONTREAL CompletionTurn=85 EscapeResult=0 InitialResult=4 LevelAfter=2 LootInfo=-1 Name=LOC_CITIZEN_MAYA_MALE_2 Operation=58 PlotIndex=1314
mission CityName=LOC_CITY_NAME_NGARUAWAHIA CompletionTurn=85 EscapeResult=-1 InitialResult=1 LevelAfter=2 LootInfo=-1 Name=LOC_CITIZEN_MAYA_MODERN_MALE_9 Operation=58 PlotIndex=1833
mission CityName=LOC_CITY_NAME_QUEBEC_CITY CompletionTurn=80 EscapeResult=-1 InitialResult=3 LevelAfter=1 LootInfo=-1 Name=LOC_CITIZEN_MAYA_MALE_6 Operation=58 PlotIndex=1404
mission CityName=LOC_CITY_NAME_MONTREAL CompletionTurn=79 EscapeResult=-1 InitialResult=1 LevelAfter=1 LootInfo=-1 Name=LOC_CITIZEN_MAYA_MALE_7 Operation=58 PlotIndex=1314
mission CityName=LOC_CITY_NAME_UPPSALA CompletionTurn=79 EscapeResult=0 InitialResult=4 LevelAfter=2 LootInfo=-1 Name=LOC_CITIZEN_MAYA_MODERN_MALE_6 Operation=58 PlotIndex=993
mission CityName=LOC_CITY_NAME_SAINT_JOHN CompletionTurn=77 EscapeResult=-1 InitialResult=1 LevelAfter=1 LootInfo=-1 Name=LOC_CITIZEN_MAYA_MODERN_FEMALE_7 Operation=58 PlotIndex=1409
mission CityName=LOC_CITY_NAME_STOCKHOLM CompletionTurn=75 EscapeResult=1 InitialResult=4 LevelAfter=2 LootInfo=-1 Name=LOC_CITIZEN_MAYA_MODERN_MALE_2 Operation=58 PlotIndex=1253
mission CityName=LOC_CITY_NAME_TORONTO CompletionTurn=75 EscapeResult=2 InitialResult=2 LevelAfter=2 LootInfo=-1 Name=LOC_CITIZEN_MAYA_MODERN_FEMALE_8 Operation=58 PlotIndex=1818
mission CityName=LOC_CITY_NAME_OTTAWA CompletionTurn=75 EscapeResult=2 InitialResult=4 LevelAfter=2 LootInfo=-1 Name=LOC_CITIZEN_MAYA_MALE_5 Operation=58 PlotIndex=978
mission CityName=LOC_CITY_NAME_SAINT_JOHN CompletionTurn=73 EscapeResult=-1 InitialResult=1 LevelAfter=1 LootInfo=-1 Name=LOC_CITIZEN_MAYA_FEMALE_8 Operation=58 PlotIndex=1409
mission CityName=LOC_CITY_NAME_QUEBEC_CITY CompletionTurn=73 EscapeResult=-1 InitialResult=0 LevelAfter=1 LootInfo=-1 Name=LOC_CITIZEN_MAYA_FEMALE_9 Operation=58 PlotIndex=1404
mission CityName=LOC_CITY_NAME_STOCKHOLM CompletionTurn=70 EscapeResult=-1 InitialResult=1 LevelAfter=1 LootInfo=-1 Name=LOC_CITIZEN_MAYA_MALE_1 Operation=58 PlotIndex=1253
mission CityName=LOC_CITY_NAME_GOTEBORG CompletionTurn=70 EscapeResult=0 InitialResult=4 LevelAfter=2 LootInfo=-1 Name=LOC_CITIZEN_MAYA_MODERN_FEMALE_1 Operation=58 PlotIndex=1081
mission CityName=LOC_CITY_NAME_OTTAWA CompletionTurn=70 EscapeResult=1 InitialResult=2 LevelAfter=2 LootInfo=-1 Name=LOC_CITIZEN_MAYA_MODERN_FEMALE_9 Operation=58 PlotIndex=978
mission CityName=LOC_CITY_NAME_QUEBEC_CITY CompletionTurn=68 EscapeResult=-1 InitialResult=1 LevelAfter=1 LootInfo=-1 Name=LOC_CITIZEN_MAYA_MODERN_FEMALE_3 Operation=58 PlotIndex=1404
mission CityName=LOC_CITY_NAME_NGARUAWAHIA CompletionTurn=67 EscapeResult=2 InitialResult=4 LevelAfter=2 LootInfo=-1 Name=LOC_CITIZEN_MAYA_MODERN_MALE_9 Operation=58 PlotIndex=1833
mission CityName=LOC_CITY_NAME_TE_HOKIANGA_NU_A_KUPE CompletionTurn=66 EscapeResult=2 InitialResult=4 LevelAfter=2 LootInfo=-1 Name=LOC_CITIZEN_MAYA_FEMALE_4 Operation=58 PlotIndex=772
mission CityName=LOC_CITY_NAME_MONTREAL CompletionTurn=66 EscapeResult=0 InitialResult=4 LevelAfter=2 LootInfo=-1 Name=LOC_CITIZEN_MAYA_MALE_3 Operation=58 PlotIndex=1314
mission CityName=LOC_CITY_NAME_OTTAWA CompletionTurn=66 EscapeResult=-1 InitialResult=3 LevelAfter=2 LootInfo=-1 Name=LOC_CITIZEN_MAYA_MODERN_FEMALE_9 Operation=58 PlotIndex=978
mission CityName=LOC_CITY_NAME_TORONTO CompletionTurn=66 EscapeResult=0 InitialResult=2 LevelAfter=1 LootInfo=-1 Name=LOC_CITIZEN_MAYA_MALE_8 Operation=58 PlotIndex=1818
mission CityName=LOC_CITY_NAME_QUEBEC_CITY CompletionTurn=64 EscapeResult=-1 InitialResult=3 LevelAfter=1 LootInfo=-1 Name=LOC_CITIZEN_MAYA_MODERN_FEMALE_3 Operation=58 PlotIndex=1404
mission CityName=LOC_CITY_NAME_TORONTO CompletionTurn=62 EscapeResult=-1 InitialResult=5 LevelAfter=2 LootInfo=-1 Name=LOC_CITIZEN_MAYA_MODERN_FEMALE_8 Operation=58 PlotIndex=1818
mission CityName=LOC_CITY_NAME_OTTAWA CompletionTurn=62 EscapeResult=-1 InitialResult=3 LevelAfter=1 LootInfo=-1 Name=LOC_CITIZEN_MAYA_MALE_5 Operation=58 PlotIndex=978
mission CityName=LOC_CITY_NAME_MONTREAL CompletionTurn=62 EscapeResult=-1 InitialResult=5 LevelAfter=2 LootInfo=-1 Name=LOC_CITIZEN_MAYA_MALE_3 Operation=58 PlotIndex=1314
mission CityName=LOC_CITY_NAME_OTTAWA CompletionTurn=58 EscapeResult=-1 InitialResult=5 LevelAfter=2 LootInfo=-1 Name=LOC_CITIZEN_MAYA_MODERN_FEMALE_9 Operation=58 PlotIndex=978
mission CityName=LOC_CITY_NAME_MONTREAL CompletionTurn=58 EscapeResult=-1 InitialResult=1 LevelAfter=1 LootInfo=-1 Name=LOC_CITIZEN_MAYA_FEMALE_5 Operation=58 PlotIndex=1314
tally 13  FOMENT_UNREST CAPTURED / NO_RESULT
tally 1  FOMENT_UNREST FAIL_MUST_ESCAPE / CAPTURED
tally 3  FOMENT_UNREST FAIL_MUST_ESCAPE / FAIL_MUST_ESCAPE
tally 3  FOMENT_UNREST FAIL_MUST_ESCAPE / KILLED
tally 5  FOMENT_UNREST FAIL_UNDETECTED / NO_RESULT
tally 2  FOMENT_UNREST KILLED / NO_RESULT
tally 2  FOMENT_UNREST SUCCESS_MUST_ESCAPE / CAPTURED
tally 4  FOMENT_UNREST SUCCESS_MUST_ESCAPE / FAIL_MUST_ESCAPE
tally 6  FOMENT_UNREST SUCCESS_MUST_ESCAPE / KILLED
tally 7  FOMENT_UNREST SUCCESS_UNDETECTED / NO_RESULT
turn 147 spies active 0 idle 0 missions 46 captured-enemy 0
turn 147 spies 0 started 0 travelled 0 promoted 0 bought 0 gold 50000
unblock: blocker ENDTURN_BLOCKING_PRODUCTION -> NARANJO builds UNIT_WARRIOR | end turn requested
unstuck: InGamePopup: open, no close
mission CityName=LOC_CITY_NAME_OTTAWA CompletionTurn=147 EscapeResult=-1 InitialResult=1 LevelAfter=1 LootInfo=-1 Name=LOC_CITIZEN_MAYA_MODERN_MALE_4 Operation=58 PlotIndex=978
mission CityName=LOC_CITY_NAME_OTTAWA CompletionTurn=138 EscapeResult=0 InitialResult=4 LevelAfter=2 LootInfo=-1 Name=LOC_CITIZEN_MAYA_MODERN_MALE_3 Operation=58 PlotIndex=978
mission CityName=LOC_CITY_NAME_MONTREAL CompletionTurn=120 EscapeResult=0 InitialResult=2 LevelAfter=2 LootInfo=-1 Name=LOC_CITIZEN_MAYA_MODERN_MALE_1 Operation=58 PlotIndex=1314
mission CityName=LOC_CITY_NAME_MONTREAL CompletionTurn=116 EscapeResult=-1 InitialResult=1 LevelAfter=1 LootInfo=-1 Name=LOC_CITIZEN_MAYA_MALE_10 Operation=58 PlotIndex=1314
mission CityName=LOC_CITY_NAME_TORONTO CompletionTurn=116 EscapeResult=-1 InitialResult=1 LevelAfter=1 LootInfo=-1 Name=LOC_CITIZEN_MAYA_MALE_4 Operation=58 PlotIndex=1818
mission CityName=LOC_CITY_NAME_OTTAWA CompletionTurn=111 EscapeResult=-1 InitialResult=1 LevelAfter=2 LootInfo=-1 Name=LOC_CITIZEN_MAYA_MALE_5 Operation=58 PlotIndex=978
mission CityName=LOC_CITY_NAME_MONTREAL CompletionTurn=107 EscapeResult=0 InitialResult=2 LevelAfter=2 LootInfo=-1 Name=LOC_CITIZEN_MAYA_MALE_6 Operation=58 PlotIndex=1314
mission CityName=LOC_CITY_NAME_OTTAWA CompletionTurn=105 EscapeResult=2 InitialResult=2 LevelAfter=2 LootInfo=-1 Name=LOC_CITIZEN_MAYA_MODERN_MALE_1 Operation=58 PlotIndex=978
mission CityName=LOC_CITY_NAME_TORONTO CompletionTurn=104 EscapeResult=-1 InitialResult=1 LevelAfter=2 LootInfo=-1 Name=LOC_CITIZEN_MAYA_FEMALE_6 Operation=58 PlotIndex=1818
mission CityName=LOC_CITY_NAME_QUEBEC_CITY CompletionTurn=103 EscapeResult=0 InitialResult=4 LevelAfter=2 LootInfo=-1 Name=LOC_CITIZEN_MAYA_MODERN_FEMALE_8 Operation=58 PlotIndex=1404
mission CityName=LOC_CITY_NAME_OTTAWA CompletionTurn=101 EscapeResult=-1 InitialResult=5 LevelAfter=2 LootInfo=-1 Name=LOC_CITIZEN_MAYA_MODERN_MALE_1 Operation=58 PlotIndex=978
mission CityName=LOC_CITY_NAME_TORONTO CompletionTurn=100 EscapeResult=-1 InitialResult=5 LevelAfter=2 LootInfo=-1 Name=LOC_CITIZEN_MAYA_FEMALE_6 Operation=58 PlotIndex=1818
mission CityName=LOC_CITY_NAME_MONTREAL CompletionTurn=99 EscapeResult=-1 InitialResult=1 LevelAfter=1 LootInfo=-1 Name=LOC_CITIZEN_MAYA_MODERN_FEMALE_5 Operation=58 PlotIndex=1314
mission CityName=LOC_CITY_NAME_OTTAWA CompletionTurn=97 EscapeResult=-1 InitialResult=3 LevelAfter=2 LootInfo=-1 Name=LOC_CITIZEN_MAYA_MODERN_MALE_1 Operation=58 PlotIndex=978
mission CityName=LOC_CITY_NAME_OTTAWA CompletionTurn=93 EscapeResult=-1 InitialResult=5 LevelAfter=2 LootInfo=-1 Name=LOC_CITIZEN_MAYA_MODERN_MALE_1 Operation=58 PlotIndex=978
mission CityName=LOC_CITY_NAME_TORONTO CompletionTurn=91 EscapeResult=2 InitialResult=2 LevelAfter=2 LootInfo=-1 Name=LOC_CITIZEN_MAYA_MODERN_FEMALE_8 Operation=58 PlotIndex=1818
mission CityName=LOC_CITY_NAME_OTTAWA CompletionTurn=89 EscapeResult=-1 InitialResult=5 LevelAfter=2 LootInfo=-1 Name=LOC_CITIZEN_MAYA_MALE_5 Operation=58 PlotIndex=978
mission CityName=LOC_CITY_NAME_QUEBEC_CITY CompletionTurn=85 EscapeResult=2 InitialResult=4 LevelAfter=2 LootInfo=-1 Name=LOC_CITIZEN_MAYA_MALE_6 Operation=58 PlotIndex=1404
mission CityName=LOC_CITY_NAME_SAINT_JOHN CompletionTurn=85 EscapeResult=-1 InitialResult=0 LevelAfter=2 LootInfo=-1 Name=LOC_CITIZEN_MAYA_FEMALE_4 Operation=58 PlotIndex=1409
mission CityName=LOC_CITY_NAME_TE_HOKIANGA_NU_A_KUPE CompletionTurn=85 EscapeResult=1 InitialResult=4 LevelAfter=2 LootInfo=-1 Name=LOC_CITIZEN_MAYA_MODERN_MALE_5 Operation=58 PlotIndex=772
mission CityName=LOC_CITY_NAME_MONTREAL CompletionTurn=85 EscapeResult=0 InitialResult=4 LevelAfter=2 LootInfo=-1 Name=LOC_CITIZEN_MAYA_MALE_2 Operation=58 PlotIndex=1314
mission CityName=LOC_CITY_NAME_NGARUAWAHIA CompletionTurn=85 EscapeResult=-1 InitialResult=1 LevelAfter=2 LootInfo=-1 Name=LOC_CITIZEN_MAYA_MODERN_MALE_9 Operation=58 PlotIndex=1833
mission CityName=LOC_CITY_NAME_QUEBEC_CITY CompletionTurn=80 EscapeResult=-1 InitialResult=3 LevelAfter=1 LootInfo=-1 Name=LOC_CITIZEN_MAYA_MALE_6 Operation=58 PlotIndex=1404
mission CityName=LOC_CITY_NAME_MONTREAL CompletionTurn=79 EscapeResult=-1 InitialResult=1 LevelAfter=1 LootInfo=-1 Name=LOC_CITIZEN_MAYA_MALE_7 Operation=58 PlotIndex=1314
mission CityName=LOC_CITY_NAME_UPPSALA CompletionTurn=79 EscapeResult=0 InitialResult=4 LevelAfter=2 LootInfo=-1 Name=LOC_CITIZEN_MAYA_MODERN_MALE_6 Operation=58 PlotIndex=993
mission CityName=LOC_CITY_NAME_SAINT_JOHN CompletionTurn=77 EscapeResult=-1 InitialResult=1 LevelAfter=1 LootInfo=-1 Name=LOC_CITIZEN_MAYA_MODERN_FEMALE_7 Operation=58 PlotIndex=1409
mission CityName=LOC_CITY_NAME_STOCKHOLM CompletionTurn=75 EscapeResult=1 InitialResult=4 LevelAfter=2 LootInfo=-1 Name=LOC_CITIZEN_MAYA_MODERN_MALE_2 Operation=58 PlotIndex=1253
mission CityName=LOC_CITY_NAME_TORONTO CompletionTurn=75 EscapeResult=2 InitialResult=2 LevelAfter=2 LootInfo=-1 Name=LOC_CITIZEN_MAYA_MODERN_FEMALE_8 Operation=58 PlotIndex=1818
mission CityName=LOC_CITY_NAME_OTTAWA CompletionTurn=75 EscapeResult=2 InitialResult=4 LevelAfter=2 LootInfo=-1 Name=LOC_CITIZEN_MAYA_MALE_5 Operation=58 PlotIndex=978
mission CityName=LOC_CITY_NAME_SAINT_JOHN CompletionTurn=73 EscapeResult=-1 InitialResult=1 LevelAfter=1 LootInfo=-1 Name=LOC_CITIZEN_MAYA_FEMALE_8 Operation=58 PlotIndex=1409
mission CityName=LOC_CITY_NAME_QUEBEC_CITY CompletionTurn=73 EscapeResult=-1 InitialResult=0 LevelAfter=1 LootInfo=-1 Name=LOC_CITIZEN_MAYA_FEMALE_9 Operation=58 PlotIndex=1404
mission CityName=LOC_CITY_NAME_STOCKHOLM CompletionTurn=70 EscapeResult=-1 InitialResult=1 LevelAfter=1 LootInfo=-1 Name=LOC_CITIZEN_MAYA_MALE_1 Operation=58 PlotIndex=1253
mission CityName=LOC_CITY_NAME_GOTEBORG CompletionTurn=70 EscapeResult=0 InitialResult=4 LevelAfter=2 LootInfo=-1 Name=LOC_CITIZEN_MAYA_MODERN_FEMALE_1 Operation=58 PlotIndex=1081
mission CityName=LOC_CITY_NAME_OTTAWA CompletionTurn=70 EscapeResult=1 InitialResult=2 LevelAfter=2 LootInfo=-1 Name=LOC_CITIZEN_MAYA_MODERN_FEMALE_9 Operation=58 PlotIndex=978
mission CityName=LOC_CITY_NAME_QUEBEC_CITY CompletionTurn=68 EscapeResult=-1 InitialResult=1 LevelAfter=1 LootInfo=-1 Name=LOC_CITIZEN_MAYA_MODERN_FEMALE_3 Operation=58 PlotIndex=1404
mission CityName=LOC_CITY_NAME_NGARUAWAHIA CompletionTurn=67 EscapeResult=2 InitialResult=4 LevelAfter=2 LootInfo=-1 Name=LOC_CITIZEN_MAYA_MODERN_MALE_9 Operation=58 PlotIndex=1833
mission CityName=LOC_CITY_NAME_TE_HOKIANGA_NU_A_KUPE CompletionTurn=66 EscapeResult=2 InitialResult=4 LevelAfter=2 LootInfo=-1 Name=LOC_CITIZEN_MAYA_FEMALE_4 Operation=58 PlotIndex=772
mission CityName=LOC_CITY_NAME_MONTREAL CompletionTurn=66 EscapeResult=0 InitialResult=4 LevelAfter=2 LootInfo=-1 Name=LOC_CITIZEN_MAYA_MALE_3 Operation=58 PlotIndex=1314
mission CityName=LOC_CITY_NAME_OTTAWA CompletionTurn=66 EscapeResult=-1 InitialResult=3 LevelAfter=2 LootInfo=-1 Name=LOC_CITIZEN_MAYA_MODERN_FEMALE_9 Operation=58 PlotIndex=978
mission CityName=LOC_CITY_NAME_TORONTO CompletionTurn=66 EscapeResult=0 InitialResult=2 LevelAfter=1 LootInfo=-1 Name=LOC_CITIZEN_MAYA_MALE_8 Operation=58 PlotIndex=1818
mission CityName=LOC_CITY_NAME_QUEBEC_CITY CompletionTurn=64 EscapeResult=-1 InitialResult=3 LevelAfter=1 LootInfo=-1 Name=LOC_CITIZEN_MAYA_MODERN_FEMALE_3 Operation=58 PlotIndex=1404
mission CityName=LOC_CITY_NAME_TORONTO CompletionTurn=62 EscapeResult=-1 InitialResult=5 LevelAfter=2 LootInfo=-1 Name=LOC_CITIZEN_MAYA_MODERN_FEMALE_8 Operation=58 PlotIndex=1818
mission CityName=LOC_CITY_NAME_OTTAWA CompletionTurn=62 EscapeResult=-1 InitialResult=3 LevelAfter=1 LootInfo=-1 Name=LOC_CITIZEN_MAYA_MALE_5 Operation=58 PlotIndex=978
mission CityName=LOC_CITY_NAME_MONTREAL CompletionTurn=62 EscapeResult=-1 InitialResult=5 LevelAfter=2 LootInfo=-1 Name=LOC_CITIZEN_MAYA_MALE_3 Operation=58 PlotIndex=1314
mission CityName=LOC_CITY_NAME_OTTAWA CompletionTurn=58 EscapeResult=-1 InitialResult=5 LevelAfter=2 LootInfo=-1 Name=LOC_CITIZEN_MAYA_MODERN_FEMALE_9 Operation=58 PlotIndex=978
mission CityName=LOC_CITY_NAME_MONTREAL CompletionTurn=58 EscapeResult=-1 InitialResult=1 LevelAfter=1 LootInfo=-1 Name=LOC_CITIZEN_MAYA_FEMALE_5 Operation=58 PlotIndex=1314
tally 13  FOMENT_UNREST CAPTURED / NO_RESULT
tally 1  FOMENT_UNREST FAIL_MUST_ESCAPE / CAPTURED
tally 3  FOMENT_UNREST FAIL_MUST_ESCAPE / FAIL_MUST_ESCAPE
tally 3  FOMENT_UNREST FAIL_MUST_ESCAPE / KILLED
tally 5  FOMENT_UNREST FAIL_UNDETECTED / NO_RESULT
tally 2  FOMENT_UNREST KILLED / NO_RESULT
tally 2  FOMENT_UNREST SUCCESS_MUST_ESCAPE / CAPTURED
tally 4  FOMENT_UNREST SUCCESS_MUST_ESCAPE / FAIL_MUST_ESCAPE
tally 6  FOMENT_UNREST SUCCESS_MUST_ESCAPE / KILLED
tally 7  FOMENT_UNREST SUCCESS_UNDETECTED / NO_RESULT
turn 148 spies active 0 idle 0 missions 46 captured-enemy 0
turn 148 spies 0 started 0 travelled 0 promoted 0 bought 0 gold 50000
unblock: blocker ENDTURN_BLOCKING_FILL_CIVIC_SLOT -> nothing | end turn requested
unstuck: InGamePopup: open, no close
unblock: blocker ENDTURN_BLOCKING_FILL_CIVIC_SLOT -> nothing | end turn requested
unstuck: closed sessions [3:3]
unstuck: DiplomacyActionView: Closing Diplomacy Action View. m_eventID: 847473
unstuck: InGamePopup: open, no close
mission CityName=LOC_CITY_NAME_OTTAWA CompletionTurn=147 EscapeResult=-1 InitialResult=1 LevelAfter=1 LootInfo=-1 Name=LOC_CITIZEN_MAYA_MODERN_MALE_4 Operation=58 PlotIndex=978
mission CityName=LOC_CITY_NAME_OTTAWA CompletionTurn=138 EscapeResult=0 InitialResult=4 LevelAfter=2 LootInfo=-1 Name=LOC_CITIZEN_MAYA_MODERN_MALE_3 Operation=58 PlotIndex=978
mission CityName=LOC_CITY_NAME_MONTREAL CompletionTurn=120 EscapeResult=0 InitialResult=2 LevelAfter=2 LootInfo=-1 Name=LOC_CITIZEN_MAYA_MODERN_MALE_1 Operation=58 PlotIndex=1314
mission CityName=LOC_CITY_NAME_MONTREAL CompletionTurn=116 EscapeResult=-1 InitialResult=1 LevelAfter=1 LootInfo=-1 Name=LOC_CITIZEN_MAYA_MALE_10 Operation=58 PlotIndex=1314
mission CityName=LOC_CITY_NAME_TORONTO CompletionTurn=116 EscapeResult=-1 InitialResult=1 LevelAfter=1 LootInfo=-1 Name=LOC_CITIZEN_MAYA_MALE_4 Operation=58 PlotIndex=1818
mission CityName=LOC_CITY_NAME_OTTAWA CompletionTurn=111 EscapeResult=-1 InitialResult=1 LevelAfter=2 LootInfo=-1 Name=LOC_CITIZEN_MAYA_MALE_5 Operation=58 PlotIndex=978
mission CityName=LOC_CITY_NAME_MONTREAL CompletionTurn=107 EscapeResult=0 InitialResult=2 LevelAfter=2 LootInfo=-1 Name=LOC_CITIZEN_MAYA_MALE_6 Operation=58 PlotIndex=1314
mission CityName=LOC_CITY_NAME_OTTAWA CompletionTurn=105 EscapeResult=2 InitialResult=2 LevelAfter=2 LootInfo=-1 Name=LOC_CITIZEN_MAYA_MODERN_MALE_1 Operation=58 PlotIndex=978
mission CityName=LOC_CITY_NAME_TORONTO CompletionTurn=104 EscapeResult=-1 InitialResult=1 LevelAfter=2 LootInfo=-1 Name=LOC_CITIZEN_MAYA_FEMALE_6 Operation=58 PlotIndex=1818
mission CityName=LOC_CITY_NAME_QUEBEC_CITY CompletionTurn=103 EscapeResult=0 InitialResult=4 LevelAfter=2 LootInfo=-1 Name=LOC_CITIZEN_MAYA_MODERN_FEMALE_8 Operation=58 PlotIndex=1404
mission CityName=LOC_CITY_NAME_OTTAWA CompletionTurn=101 EscapeResult=-1 InitialResult=5 LevelAfter=2 LootInfo=-1 Name=LOC_CITIZEN_MAYA_MODERN_MALE_1 Operation=58 PlotIndex=978
mission CityName=LOC_CITY_NAME_TORONTO CompletionTurn=100 EscapeResult=-1 InitialResult=5 LevelAfter=2 LootInfo=-1 Name=LOC_CITIZEN_MAYA_FEMALE_6 Operation=58 PlotIndex=1818
mission CityName=LOC_CITY_NAME_MONTREAL CompletionTurn=99 EscapeResult=-1 InitialResult=1 LevelAfter=1 LootInfo=-1 Name=LOC_CITIZEN_MAYA_MODERN_FEMALE_5 Operation=58 PlotIndex=1314
mission CityName=LOC_CITY_NAME_OTTAWA CompletionTurn=97 EscapeResult=-1 InitialResult=3 LevelAfter=2 LootInfo=-1 Name=LOC_CITIZEN_MAYA_MODERN_MALE_1 Operation=58 PlotIndex=978
mission CityName=LOC_CITY_NAME_OTTAWA CompletionTurn=93 EscapeResult=-1 InitialResult=5 LevelAfter=2 LootInfo=-1 Name=LOC_CITIZEN_MAYA_MODERN_MALE_1 Operation=58 PlotIndex=978
mission CityName=LOC_CITY_NAME_TORONTO CompletionTurn=91 EscapeResult=2 InitialResult=2 LevelAfter=2 LootInfo=-1 Name=LOC_CITIZEN_MAYA_MODERN_FEMALE_8 Operation=58 PlotIndex=1818
mission CityName=LOC_CITY_NAME_OTTAWA CompletionTurn=89 EscapeResult=-1 InitialResult=5 LevelAfter=2 LootInfo=-1 Name=LOC_CITIZEN_MAYA_MALE_5 Operation=58 PlotIndex=978
mission CityName=LOC_CITY_NAME_QUEBEC_CITY CompletionTurn=85 EscapeResult=2 InitialResult=4 LevelAfter=2 LootInfo=-1 Name=LOC_CITIZEN_MAYA_MALE_6 Operation=58 PlotIndex=1404
mission CityName=LOC_CITY_NAME_SAINT_JOHN CompletionTurn=85 EscapeResult=-1 InitialResult=0 LevelAfter=2 LootInfo=-1 Name=LOC_CITIZEN_MAYA_FEMALE_4 Operation=58 PlotIndex=1409
mission CityName=LOC_CITY_NAME_TE_HOKIANGA_NU_A_KUPE CompletionTurn=85 EscapeResult=1 InitialResult=4 LevelAfter=2 LootInfo=-1 Name=LOC_CITIZEN_MAYA_MODERN_MALE_5 Operation=58 PlotIndex=772
mission CityName=LOC_CITY_NAME_MONTREAL CompletionTurn=85 EscapeResult=0 InitialResult=4 LevelAfter=2 LootInfo=-1 Name=LOC_CITIZEN_MAYA_MALE_2 Operation=58 PlotIndex=1314
mission CityName=LOC_CITY_NAME_NGARUAWAHIA CompletionTurn=85 EscapeResult=-1 InitialResult=1 LevelAfter=2 LootInfo=-1 Name=LOC_CITIZEN_MAYA_MODERN_MALE_9 Operation=58 PlotIndex=1833
mission CityName=LOC_CITY_NAME_QUEBEC_CITY CompletionTurn=80 EscapeResult=-1 InitialResult=3 LevelAfter=1 LootInfo=-1 Name=LOC_CITIZEN_MAYA_MALE_6 Operation=58 PlotIndex=1404
mission CityName=LOC_CITY_NAME_MONTREAL CompletionTurn=79 EscapeResult=-1 InitialResult=1 LevelAfter=1 LootInfo=-1 Name=LOC_CITIZEN_MAYA_MALE_7 Operation=58 PlotIndex=1314
mission CityName=LOC_CITY_NAME_UPPSALA CompletionTurn=79 EscapeResult=0 InitialResult=4 LevelAfter=2 LootInfo=-1 Name=LOC_CITIZEN_MAYA_MODERN_MALE_6 Operation=58 PlotIndex=993
mission CityName=LOC_CITY_NAME_SAINT_JOHN CompletionTurn=77 EscapeResult=-1 InitialResult=1 LevelAfter=1 LootInfo=-1 Name=LOC_CITIZEN_MAYA_MODERN_FEMALE_7 Operation=58 PlotIndex=1409
mission CityName=LOC_CITY_NAME_STOCKHOLM CompletionTurn=75 EscapeResult=1 InitialResult=4 LevelAfter=2 LootInfo=-1 Name=LOC_CITIZEN_MAYA_MODERN_MALE_2 Operation=58 PlotIndex=1253
mission CityName=LOC_CITY_NAME_TORONTO CompletionTurn=75 EscapeResult=2 InitialResult=2 LevelAfter=2 LootInfo=-1 Name=LOC_CITIZEN_MAYA_MODERN_FEMALE_8 Operation=58 PlotIndex=1818
mission CityName=LOC_CITY_NAME_OTTAWA CompletionTurn=75 EscapeResult=2 InitialResult=4 LevelAfter=2 LootInfo=-1 Name=LOC_CITIZEN_MAYA_MALE_5 Operation=58 PlotIndex=978
mission CityName=LOC_CITY_NAME_SAINT_JOHN CompletionTurn=73 EscapeResult=-1 InitialResult=1 LevelAfter=1 LootInfo=-1 Name=LOC_CITIZEN_MAYA_FEMALE_8 Operation=58 PlotIndex=1409
mission CityName=LOC_CITY_NAME_QUEBEC_CITY CompletionTurn=73 EscapeResult=-1 InitialResult=0 LevelAfter=1 LootInfo=-1 Name=LOC_CITIZEN_MAYA_FEMALE_9 Operation=58 PlotIndex=1404
mission CityName=LOC_CITY_NAME_STOCKHOLM CompletionTurn=70 EscapeResult=-1 InitialResult=1 LevelAfter=1 LootInfo=-1 Name=LOC_CITIZEN_MAYA_MALE_1 Operation=58 PlotIndex=1253
mission CityName=LOC_CITY_NAME_GOTEBORG CompletionTurn=70 EscapeResult=0 InitialResult=4 LevelAfter=2 LootInfo=-1 Name=LOC_CITIZEN_MAYA_MODERN_FEMALE_1 Operation=58 PlotIndex=1081
mission CityName=LOC_CITY_NAME_OTTAWA CompletionTurn=70 EscapeResult=1 InitialResult=2 LevelAfter=2 LootInfo=-1 Name=LOC_CITIZEN_MAYA_MODERN_FEMALE_9 Operation=58 PlotIndex=978
mission CityName=LOC_CITY_NAME_QUEBEC_CITY CompletionTurn=68 EscapeResult=-1 InitialResult=1 LevelAfter=1 LootInfo=-1 Name=LOC_CITIZEN_MAYA_MODERN_FEMALE_3 Operation=58 PlotIndex=1404
mission CityName=LOC_CITY_NAME_NGARUAWAHIA CompletionTurn=67 EscapeResult=2 InitialResult=4 LevelAfter=2 LootInfo=-1 Name=LOC_CITIZEN_MAYA_MODERN_MALE_9 Operation=58 PlotIndex=1833
mission CityName=LOC_CITY_NAME_TE_HOKIANGA_NU_A_KUPE CompletionTurn=66 EscapeResult=2 InitialResult=4 LevelAfter=2 LootInfo=-1 Name=LOC_CITIZEN_MAYA_FEMALE_4 Operation=58 PlotIndex=772
mission CityName=LOC_CITY_NAME_MONTREAL CompletionTurn=66 EscapeResult=0 InitialResult=4 LevelAfter=2 LootInfo=-1 Name=LOC_CITIZEN_MAYA_MALE_3 Operation=58 PlotIndex=1314
mission CityName=LOC_CITY_NAME_OTTAWA CompletionTurn=66 EscapeResult=-1 InitialResult=3 LevelAfter=2 LootInfo=-1 Name=LOC_CITIZEN_MAYA_MODERN_FEMALE_9 Operation=58 PlotIndex=978
mission CityName=LOC_CITY_NAME_TORONTO CompletionTurn=66 EscapeResult=0 InitialResult=2 LevelAfter=1 LootInfo=-1 Name=LOC_CITIZEN_MAYA_MALE_8 Operation=58 PlotIndex=1818
mission CityName=LOC_CITY_NAME_QUEBEC_CITY CompletionTurn=64 EscapeResult=-1 InitialResult=3 LevelAfter=1 LootInfo=-1 Name=LOC_CITIZEN_MAYA_MODERN_FEMALE_3 Operation=58 PlotIndex=1404
mission CityName=LOC_CITY_NAME_TORONTO CompletionTurn=62 EscapeResult=-1 InitialResult=5 LevelAfter=2 LootInfo=-1 Name=LOC_CITIZEN_MAYA_MODERN_FEMALE_8 Operation=58 PlotIndex=1818
mission CityName=LOC_CITY_NAME_OTTAWA CompletionTurn=62 EscapeResult=-1 InitialResult=3 LevelAfter=1 LootInfo=-1 Name=LOC_CITIZEN_MAYA_MALE_5 Operation=58 PlotIndex=978
mission CityName=LOC_CITY_NAME_MONTREAL CompletionTurn=62 EscapeResult=-1 InitialResult=5 LevelAfter=2 LootInfo=-1 Name=LOC_CITIZEN_MAYA_MALE_3 Operation=58 PlotIndex=1314
mission CityName=LOC_CITY_NAME_OTTAWA CompletionTurn=58 EscapeResult=-1 InitialResult=5 LevelAfter=2 LootInfo=-1 Name=LOC_CITIZEN_MAYA_MODERN_FEMALE_9 Operation=58 PlotIndex=978
mission CityName=LOC_CITY_NAME_MONTREAL CompletionTurn=58 EscapeResult=-1 InitialResult=1 LevelAfter=1 LootInfo=-1 Name=LOC_CITIZEN_MAYA_FEMALE_5 Operation=58 PlotIndex=1314
tally 13  FOMENT_UNREST CAPTURED / NO_RESULT
tally 1  FOMENT_UNREST FAIL_MUST_ESCAPE / CAPTURED
tally 3  FOMENT_UNREST FAIL_MUST_ESCAPE / FAIL_MUST_ESCAPE
tally 3  FOMENT_UNREST FAIL_MUST_ESCAPE / KILLED
tally 5  FOMENT_UNREST FAIL_UNDETECTED / NO_RESULT
tally 2  FOMENT_UNREST KILLED / NO_RESULT
tally 2  FOMENT_UNREST SUCCESS_MUST_ESCAPE / CAPTURED
tally 4  FOMENT_UNREST SUCCESS_MUST_ESCAPE / FAIL_MUST_ESCAPE
tally 6  FOMENT_UNREST SUCCESS_MUST_ESCAPE / KILLED
tally 7  FOMENT_UNREST SUCCESS_UNDETECTED / NO_RESULT
turn 148 spies active 0 idle 0 missions 46 captured-enemy 0
turn 148 spies 0 started 0 travelled 0 promoted 0 bought 0 gold 50000
unblock: blocker ENDTURN_BLOCKING_COMMEMORATION_AVAILABLE -> nothing | end turn requested
unstuck: InGamePopup: open, no close
unstuck: NaturalDisasterPopup: closed
unblock: blocker ENDTURN_BLOCKING_COMMEMORATION_AVAILABLE -> nothing | end turn requested
unstuck: InGamePopup: open, no close
unstuck: EraCompletePopup: closed
unblock: blocker ENDTURN_BLOCKING_COMMEMORATION_AVAILABLE -> nothing | end turn requested
unstuck: InGamePopup: open, no close
mission CityName=LOC_CITY_NAME_OTTAWA CompletionTurn=147 EscapeResult=-1 InitialResult=1 LevelAfter=1 LootInfo=-1 Name=LOC_CITIZEN_MAYA_MODERN_MALE_4 Operation=58 PlotIndex=978
mission CityName=LOC_CITY_NAME_OTTAWA CompletionTurn=138 EscapeResult=0 InitialResult=4 LevelAfter=2 LootInfo=-1 Name=LOC_CITIZEN_MAYA_MODERN_MALE_3 Operation=58 PlotIndex=978
mission CityName=LOC_CITY_NAME_MONTREAL CompletionTurn=120 EscapeResult=0 InitialResult=2 LevelAfter=2 LootInfo=-1 Name=LOC_CITIZEN_MAYA_MODERN_MALE_1 Operation=58 PlotIndex=1314
mission CityName=LOC_CITY_NAME_MONTREAL CompletionTurn=116 EscapeResult=-1 InitialResult=1 LevelAfter=1 LootInfo=-1 Name=LOC_CITIZEN_MAYA_MALE_10 Operation=58 PlotIndex=1314
mission CityName=LOC_CITY_NAME_TORONTO CompletionTurn=116 EscapeResult=-1 InitialResult=1 LevelAfter=1 LootInfo=-1 Name=LOC_CITIZEN_MAYA_MALE_4 Operation=58 PlotIndex=1818
mission CityName=LOC_CITY_NAME_OTTAWA CompletionTurn=111 EscapeResult=-1 InitialResult=1 LevelAfter=2 LootInfo=-1 Name=LOC_CITIZEN_MAYA_MALE_5 Operation=58 PlotIndex=978
mission CityName=LOC_CITY_NAME_MONTREAL CompletionTurn=107 EscapeResult=0 InitialResult=2 LevelAfter=2 LootInfo=-1 Name=LOC_CITIZEN_MAYA_MALE_6 Operation=58 PlotIndex=1314
mission CityName=LOC_CITY_NAME_OTTAWA CompletionTurn=105 EscapeResult=2 InitialResult=2 LevelAfter=2 LootInfo=-1 Name=LOC_CITIZEN_MAYA_MODERN_MALE_1 Operation=58 PlotIndex=978
mission CityName=LOC_CITY_NAME_TORONTO CompletionTurn=104 EscapeResult=-1 InitialResult=1 LevelAfter=2 LootInfo=-1 Name=LOC_CITIZEN_MAYA_FEMALE_6 Operation=58 PlotIndex=1818
mission CityName=LOC_CITY_NAME_QUEBEC_CITY CompletionTurn=103 EscapeResult=0 InitialResult=4 LevelAfter=2 LootInfo=-1 Name=LOC_CITIZEN_MAYA_MODERN_FEMALE_8 Operation=58 PlotIndex=1404
mission CityName=LOC_CITY_NAME_OTTAWA CompletionTurn=101 EscapeResult=-1 InitialResult=5 LevelAfter=2 LootInfo=-1 Name=LOC_CITIZEN_MAYA_MODERN_MALE_1 Operation=58 PlotIndex=978
mission CityName=LOC_CITY_NAME_TORONTO CompletionTurn=100 EscapeResult=-1 InitialResult=5 LevelAfter=2 LootInfo=-1 Name=LOC_CITIZEN_MAYA_FEMALE_6 Operation=58 PlotIndex=1818
mission CityName=LOC_CITY_NAME_MONTREAL CompletionTurn=99 EscapeResult=-1 InitialResult=1 LevelAfter=1 LootInfo=-1 Name=LOC_CITIZEN_MAYA_MODERN_FEMALE_5 Operation=58 PlotIndex=1314
mission CityName=LOC_CITY_NAME_OTTAWA CompletionTurn=97 EscapeResult=-1 InitialResult=3 LevelAfter=2 LootInfo=-1 Name=LOC_CITIZEN_MAYA_MODERN_MALE_1 Operation=58 PlotIndex=978
mission CityName=LOC_CITY_NAME_OTTAWA CompletionTurn=93 EscapeResult=-1 InitialResult=5 LevelAfter=2 LootInfo=-1 Name=LOC_CITIZEN_MAYA_MODERN_MALE_1 Operation=58 PlotIndex=978
mission CityName=LOC_CITY_NAME_TORONTO CompletionTurn=91 EscapeResult=2 InitialResult=2 LevelAfter=2 LootInfo=-1 Name=LOC_CITIZEN_MAYA_MODERN_FEMALE_8 Operation=58 PlotIndex=1818
mission CityName=LOC_CITY_NAME_OTTAWA CompletionTurn=89 EscapeResult=-1 InitialResult=5 LevelAfter=2 LootInfo=-1 Name=LOC_CITIZEN_MAYA_MALE_5 Operation=58 PlotIndex=978
mission CityName=LOC_CITY_NAME_QUEBEC_CITY CompletionTurn=85 EscapeResult=2 InitialResult=4 LevelAfter=2 LootInfo=-1 Name=LOC_CITIZEN_MAYA_MALE_6 Operation=58 PlotIndex=1404
mission CityName=LOC_CITY_NAME_SAINT_JOHN CompletionTurn=85 EscapeResult=-1 InitialResult=0 LevelAfter=2 LootInfo=-1 Name=LOC_CITIZEN_MAYA_FEMALE_4 Operation=58 PlotIndex=1409
mission CityName=LOC_CITY_NAME_TE_HOKIANGA_NU_A_KUPE CompletionTurn=85 EscapeResult=1 InitialResult=4 LevelAfter=2 LootInfo=-1 Name=LOC_CITIZEN_MAYA_MODERN_MALE_5 Operation=58 PlotIndex=772
mission CityName=LOC_CITY_NAME_MONTREAL CompletionTurn=85 EscapeResult=0 InitialResult=4 LevelAfter=2 LootInfo=-1 Name=LOC_CITIZEN_MAYA_MALE_2 Operation=58 PlotIndex=1314
mission CityName=LOC_CITY_NAME_NGARUAWAHIA CompletionTurn=85 EscapeResult=-1 InitialResult=1 LevelAfter=2 LootInfo=-1 Name=LOC_CITIZEN_MAYA_MODERN_MALE_9 Operation=58 PlotIndex=1833
mission CityName=LOC_CITY_NAME_QUEBEC_CITY CompletionTurn=80 EscapeResult=-1 InitialResult=3 LevelAfter=1 LootInfo=-1 Name=LOC_CITIZEN_MAYA_MALE_6 Operation=58 PlotIndex=1404
mission CityName=LOC_CITY_NAME_MONTREAL CompletionTurn=79 EscapeResult=-1 InitialResult=1 LevelAfter=1 LootInfo=-1 Name=LOC_CITIZEN_MAYA_MALE_7 Operation=58 PlotIndex=1314
mission CityName=LOC_CITY_NAME_UPPSALA CompletionTurn=79 EscapeResult=0 InitialResult=4 LevelAfter=2 LootInfo=-1 Name=LOC_CITIZEN_MAYA_MODERN_MALE_6 Operation=58 PlotIndex=993
mission CityName=LOC_CITY_NAME_SAINT_JOHN CompletionTurn=77 EscapeResult=-1 InitialResult=1 LevelAfter=1 LootInfo=-1 Name=LOC_CITIZEN_MAYA_MODERN_FEMALE_7 Operation=58 PlotIndex=1409
mission CityName=LOC_CITY_NAME_STOCKHOLM CompletionTurn=75 EscapeResult=1 InitialResult=4 LevelAfter=2 LootInfo=-1 Name=LOC_CITIZEN_MAYA_MODERN_MALE_2 Operation=58 PlotIndex=1253
mission CityName=LOC_CITY_NAME_TORONTO CompletionTurn=75 EscapeResult=2 InitialResult=2 LevelAfter=2 LootInfo=-1 Name=LOC_CITIZEN_MAYA_MODERN_FEMALE_8 Operation=58 PlotIndex=1818
mission CityName=LOC_CITY_NAME_OTTAWA CompletionTurn=75 EscapeResult=2 InitialResult=4 LevelAfter=2 LootInfo=-1 Name=LOC_CITIZEN_MAYA_MALE_5 Operation=58 PlotIndex=978
mission CityName=LOC_CITY_NAME_SAINT_JOHN CompletionTurn=73 EscapeResult=-1 InitialResult=1 LevelAfter=1 LootInfo=-1 Name=LOC_CITIZEN_MAYA_FEMALE_8 Operation=58 PlotIndex=1409
mission CityName=LOC_CITY_NAME_QUEBEC_CITY CompletionTurn=73 EscapeResult=-1 InitialResult=0 LevelAfter=1 LootInfo=-1 Name=LOC_CITIZEN_MAYA_FEMALE_9 Operation=58 PlotIndex=1404
mission CityName=LOC_CITY_NAME_STOCKHOLM CompletionTurn=70 EscapeResult=-1 InitialResult=1 LevelAfter=1 LootInfo=-1 Name=LOC_CITIZEN_MAYA_MALE_1 Operation=58 PlotIndex=1253
mission CityName=LOC_CITY_NAME_GOTEBORG CompletionTurn=70 EscapeResult=0 InitialResult=4 LevelAfter=2 LootInfo=-1 Name=LOC_CITIZEN_MAYA_MODERN_FEMALE_1 Operation=58 PlotIndex=1081
mission CityName=LOC_CITY_NAME_OTTAWA CompletionTurn=70 EscapeResult=1 InitialResult=2 LevelAfter=2 LootInfo=-1 Name=LOC_CITIZEN_MAYA_MODERN_FEMALE_9 Operation=58 PlotIndex=978
mission CityName=LOC_CITY_NAME_QUEBEC_CITY CompletionTurn=68 EscapeResult=-1 InitialResult=1 LevelAfter=1 LootInfo=-1 Name=LOC_CITIZEN_MAYA_MODERN_FEMALE_3 Operation=58 PlotIndex=1404
mission CityName=LOC_CITY_NAME_NGARUAWAHIA CompletionTurn=67 EscapeResult=2 InitialResult=4 LevelAfter=2 LootInfo=-1 Name=LOC_CITIZEN_MAYA_MODERN_MALE_9 Operation=58 PlotIndex=1833
mission CityName=LOC_CITY_NAME_TE_HOKIANGA_NU_A_KUPE CompletionTurn=66 EscapeResult=2 InitialResult=4 LevelAfter=2 LootInfo=-1 Name=LOC_CITIZEN_MAYA_FEMALE_4 Operation=58 PlotIndex=772
mission CityName=LOC_CITY_NAME_MONTREAL CompletionTurn=66 EscapeResult=0 InitialResult=4 LevelAfter=2 LootInfo=-1 Name=LOC_CITIZEN_MAYA_MALE_3 Operation=58 PlotIndex=1314
mission CityName=LOC_CITY_NAME_OTTAWA CompletionTurn=66 EscapeResult=-1 InitialResult=3 LevelAfter=2 LootInfo=-1 Name=LOC_CITIZEN_MAYA_MODERN_FEMALE_9 Operation=58 PlotIndex=978
mission CityName=LOC_CITY_NAME_TORONTO CompletionTurn=66 EscapeResult=0 InitialResult=2 LevelAfter=1 LootInfo=-1 Name=LOC_CITIZEN_MAYA_MALE_8 Operation=58 PlotIndex=1818
mission CityName=LOC_CITY_NAME_QUEBEC_CITY CompletionTurn=64 EscapeResult=-1 InitialResult=3 LevelAfter=1 LootInfo=-1 Name=LOC_CITIZEN_MAYA_MODERN_FEMALE_3 Operation=58 PlotIndex=1404
mission CityName=LOC_CITY_NAME_TORONTO CompletionTurn=62 EscapeResult=-1 InitialResult=5 LevelAfter=2 LootInfo=-1 Name=LOC_CITIZEN_MAYA_MODERN_FEMALE_8 Operation=58 PlotIndex=1818
mission CityName=LOC_CITY_NAME_OTTAWA CompletionTurn=62 EscapeResult=-1 InitialResult=3 LevelAfter=1 LootInfo=-1 Name=LOC_CITIZEN_MAYA_MALE_5 Operation=58 PlotIndex=978
mission CityName=LOC_CITY_NAME_MONTREAL CompletionTurn=62 EscapeResult=-1 InitialResult=5 LevelAfter=2 LootInfo=-1 Name=LOC_CITIZEN_MAYA_MALE_3 Operation=58 PlotIndex=1314
mission CityName=LOC_CITY_NAME_OTTAWA CompletionTurn=58 EscapeResult=-1 InitialResult=5 LevelAfter=2 LootInfo=-1 Name=LOC_CITIZEN_MAYA_MODERN_FEMALE_9 Operation=58 PlotIndex=978
mission CityName=LOC_CITY_NAME_MONTREAL CompletionTurn=58 EscapeResult=-1 InitialResult=1 LevelAfter=1 LootInfo=-1 Name=LOC_CITIZEN_MAYA_FEMALE_5 Operation=58 PlotIndex=1314
tally 13  FOMENT_UNREST CAPTURED / NO_RESULT
tally 1  FOMENT_UNREST FAIL_MUST_ESCAPE / CAPTURED
tally 3  FOMENT_UNREST FAIL_MUST_ESCAPE / FAIL_MUST_ESCAPE
tally 3  FOMENT_UNREST FAIL_MUST_ESCAPE / KILLED
tally 5  FOMENT_UNREST FAIL_UNDETECTED / NO_RESULT
tally 2  FOMENT_UNREST KILLED / NO_RESULT
tally 2  FOMENT_UNREST SUCCESS_MUST_ESCAPE / CAPTURED
tally 4  FOMENT_UNREST SUCCESS_MUST_ESCAPE / FAIL_MUST_ESCAPE
tally 6  FOMENT_UNREST SUCCESS_MUST_ESCAPE / KILLED
tally 7  FOMENT_UNREST SUCCESS_UNDETECTED / NO_RESULT
turn 150 spies active 0 idle 0 missions 46 captured-enemy 0
