################ save lab4_t75 seat 0 op UNITOPERATION_SPY_FOMENT_UNREST cap 12 extra 12
setup: four spy civics granted, 12 extra grants
turn 75 spies 0 started 0 travelled 0 promoted 0 bought 2 gold 50000
unblock: blocker ENDTURN_BLOCKING_COMMEMORATION_AVAILABLE -> nothing | end turn requested
unstuck: HistoricMoments: closed
unblock: blocker ENDTURN_BLOCKING_CIVIC -> civic CIVIC_FOREIGN_TRADE | end turn requested
turn 76 spies active 0 idle 2 missions 0 captured-enemy 0
spy 1703953 LOC_CITIZEN_MAYA_MODERN_MALE_9 level 1 at 36:42 travel
spy 1769490 LOC_CITIZEN_MAYA_MALE_7 level 1 at 37:38 travel
turn 76 spies 2 started 0 travelled 2 promoted 0 bought 0 gold 50000
unblock: blocker ENDTURN_BLOCKING_PRODUCTION -> CHICHEN_ITZA builds BUILDING_WALLS | end turn requested
unstuck: TechCivicCompletedPopup: closed
turn 77 spies active 0 idle 0 missions 0 captured-enemy 0
turn 77 spies 0 started 0 travelled 0 promoted 0 bought 2 gold 50000
unblock: blocker ENDTURN_BLOCKING_PRODUCTION -> CHICHEN_ITZA builds BUILDING_WALLS | end turn requested
unblock: blocker ENDTURN_BLOCKING_PRODUCTION -> CHICHEN_ITZA builds BUILDING_WALLS | end turn requested
unstuck: closed sessions [5:5]
turn 78 spies active 0 idle 3 missions 0 captured-enemy 0
spy 1900561 LOC_CITIZEN_MAYA_MODERN_FEMALE_3 level 1 at 37:38 travel
spy 1835026 LOC_CITIZEN_MAYA_MALE_2 level 1 at 36:42 travel
spy 1966099 LOC_CITIZEN_MAYA_MODERN_MALE_9 level 1 at 54:11 start
turn 78 spies 3 started 1 travelled 2 promoted 0 bought 0 gold 50000
unblock: blocker ENDTURN_BLOCKING_PRODUCTION -> CHICHEN_ITZA builds BUILDING_WALLS | end turn requested
unblock: blocker ENDTURN_BLOCKING_PRODUCTION -> CHICHEN_ITZA builds BUILDING_WALLS | end turn requested
unstuck: closed sessions [1:1]
unstuck: DiplomacyDealView: open, no close
unstuck: LeaderScene: open, no close
unblock: blocker ENDTURN_BLOCKING_PRODUCTION -> CHICHEN_ITZA builds BUILDING_WALLS | end turn requested
unstuck: DiplomacyActionView: closed
unstuck: DiplomacyDealView: open, no close
turn 79 spies active 1 idle 0 missions 0 captured-enemy 0
spy 2031634 LOC_CITIZEN_MAYA_MALE_7 level 1 at 54:15 start
spy 1966099 LOC_CITIZEN_MAYA_MODERN_MALE_9 level 1 at 54:11 busy
turn 79 spies 2 started 1 travelled 0 promoted 0 bought 2 gold 50000
unblock: blocker ENDTURN_BLOCKING_PRODUCTION -> CHICHEN_ITZA builds BUILDING_WALLS | end turn requested
turn 80 spies active 2 idle 3 missions 0 captured-enemy 0
spy 2097169 LOC_CITIZEN_MAYA_MALE_5 level 1 at 36:42 travel
spy 2031634 LOC_CITIZEN_MAYA_MALE_7 level 1 at 54:15 busy
spy 1966099 LOC_CITIZEN_MAYA_MODERN_MALE_9 level 1 at 54:11 busy
spy 2162708 LOC_CITIZEN_MAYA_FEMALE_7 level 1 at 37:38 travel
spy 2228245 LOC_UNIT_SPY_NAME level 1 at 54:21 start
turn 80 spies 5 started 1 travelled 2 promoted 0 bought 0 gold 47738
unblock: blocker ENDTURN_BLOCKING_PRODUCTION -> CHICHEN_ITZA builds BUILDING_WALLS | end turn requested
unstuck: NaturalWonderPopup: closed
turn 80 spies active 3 idle 0 missions 0 captured-enemy 0
spy 2031634 LOC_CITIZEN_MAYA_MALE_7 level 1 at 54:15 busy
spy 1966099 LOC_CITIZEN_MAYA_MODERN_MALE_9 level 1 at 54:11 busy
spy 2228245 LOC_CITIZEN_MAYA_MALE_2 level 1 at 54:21 busy
turn 80 spies 3 started 0 travelled 0 promoted 0 bought 2 gold 50000
unblock: blocker ENDTURN_BLOCKING_PRODUCTION -> CHICHEN_ITZA builds BUILDING_WALLS | end turn requested
unstuck: NaturalDisasterPopup: closed
unblock: blocker ENDTURN_BLOCKING_PRODUCTION -> CHICHEN_ITZA builds BUILDING_WALLS | end turn requested
unstuck: closed sessions [5:5]
unblock: blocker ENDTURN_BLOCKING_WORLD_CONGRESS_SESSION -> nothing | end turn requested
unstuck: LeaderScene: open, no close
unstuck: WorldCongressIntro: closed
mission CityName=LOC_CITY_NAME_OTTAWA CompletionTurn=82 EscapeResult=-1 InitialResult=1 LevelAfter=1 LootInfo=-1 Name=LOC_CITIZEN_MAYA_MODERN_MALE_9 Operation=58 PlotIndex=978
tally 1  FOMENT_UNREST CAPTURED / NO_RESULT
turn 82 spies active 2 idle 2 missions 1 captured-enemy 0
spy 2359313 LOC_CITIZEN_MAYA_MALE_5 level 1 at 60:16 start
spy 2031634 LOC_CITIZEN_MAYA_MALE_7 level 1 at 54:15 busy
spy 2293780 LOC_CITIZEN_MAYA_MODERN_FEMALE_3 level 1 at 54:15 refused
spy 2228245 LOC_CITIZEN_MAYA_MALE_2 level 1 at 54:21 busy
turn 82 spies 4 started 1 travelled 0 promoted 0 bought 2 gold 50000
unblock: blocker ENDTURN_BLOCKING_PRODUCTION -> CHICHEN_ITZA builds BUILDING_WALLS | end turn requested
unstuck: WorldCongressPopup: closed
unblock: blocker ENDTURN_BLOCKING_PRODUCTION -> CHICHEN_ITZA builds BUILDING_WALLS | end turn requested
mission CityName=LOC_CITY_NAME_MONTREAL CompletionTurn=83 EscapeResult=-1 InitialResult=3 LevelAfter=1 LootInfo=-1 Name=LOC_CITIZEN_MAYA_MALE_7 Operation=58 PlotIndex=1314
mission CityName=LOC_CITY_NAME_OTTAWA CompletionTurn=82 EscapeResult=-1 InitialResult=1 LevelAfter=1 LootInfo=-1 Name=LOC_CITIZEN_MAYA_MODERN_MALE_9 Operation=58 PlotIndex=978
tally 1  FOMENT_UNREST CAPTURED / NO_RESULT
tally 1  FOMENT_UNREST FAIL_UNDETECTED / NO_RESULT
turn 83 spies active 2 idle 5 missions 2 captured-enemy 0
spy 2359313 LOC_CITIZEN_MAYA_MALE_5 level 1 at 60:16 busy
spy 2031634 LOC_CITIZEN_MAYA_MALE_7 level 1 at 54:15 start
spy 2555923 LOC_CITIZEN_MAYA_FEMALE_7 level 1 at 65:16 start
spy 2293780 LOC_CITIZEN_MAYA_MODERN_FEMALE_3 level 1 at 54:15 start
spy 2228245 LOC_CITIZEN_MAYA_MALE_2 level 1 at 54:21 busy
spy 2424854 LOC_CITIZEN_MAYA_MALE_8 level 1 at 36:42 travel
spy 2490391 LOC_CITIZEN_MAYA_MODERN_FEMALE_4 level 1 at 37:38 travel
turn 83 spies 7 started 3 travelled 2 promoted 0 bought 0 gold 50000
unblock: blocker ENDTURN_BLOCKING_PRODUCTION -> CHICHEN_ITZA builds BUILDING_WALLS | end turn requested
unstuck: TechCivicCompletedPopup: closed
unblock: blocker ENDTURN_BLOCKING_PRODUCTION -> CHICHEN_ITZA builds BUILDING_WALLS | end turn requested
unblock: blocker ENDTURN_BLOCKING_PRODUCTION -> CHICHEN_ITZA builds BUILDING_WALLS | end turn requested
unstuck: closed sessions [3:3]
unstuck: DiplomacyActionView: Closing Diplomacy Action View. m_eventID: 1557863
mission CityName=LOC_CITY_NAME_TORONTO CompletionTurn=84 EscapeResult=-1 InitialResult=1 LevelAfter=1 LootInfo=-1 Name=LOC_CITIZEN_MAYA_MALE_2 Operation=58 PlotIndex=1818
mission CityName=LOC_CITY_NAME_MONTREAL CompletionTurn=83 EscapeResult=-1 InitialResult=3 LevelAfter=1 LootInfo=-1 Name=LOC_CITIZEN_MAYA_MALE_7 Operation=58 PlotIndex=1314
mission CityName=LOC_CITY_NAME_OTTAWA CompletionTurn=82 EscapeResult=-1 InitialResult=1 LevelAfter=1 LootInfo=-1 Name=LOC_CITIZEN_MAYA_MODERN_MALE_9 Operation=58 PlotIndex=978
tally 2  FOMENT_UNREST CAPTURED / NO_RESULT
tally 1  FOMENT_UNREST FAIL_UNDETECTED / NO_RESULT
turn 84 spies active 3 idle 1 missions 3 captured-enemy 0
spy 2359313 LOC_CITIZEN_MAYA_MALE_5 level 1 at 60:16 busy
spy 2031634 LOC_CITIZEN_MAYA_MALE_7 level 1 at 54:15 busy
spy 2555923 LOC_CITIZEN_MAYA_FEMALE_7 level 1 at 65:16 busy
spy 2293780 LOC_CITIZEN_MAYA_MODERN_FEMALE_3 level 1 at 54:15 refused
turn 84 spies 4 started 0 travelled 0 promoted 0 bought 2 gold 50000
unblock: blocker ENDTURN_BLOCKING_PRODUCTION -> CHICHEN_ITZA builds BUILDING_WALLS | end turn requested
unstuck: LeaderScene: open, no close
unblock: blocker ENDTURN_BLOCKING_PRODUCTION -> CHICHEN_ITZA builds BUILDING_WALLS | end turn requested
unstuck: closed sessions [1:1]
unstuck: DiplomacyActionView: Closing Diplomacy Action View. m_eventID: 1564482
unblock: blocker ENDTURN_BLOCKING_PRODUCTION -> CHICHEN_ITZA builds BUILDING_WALLS | end turn requested
mission CityName=LOC_CITY_NAME_TORONTO CompletionTurn=84 EscapeResult=-1 InitialResult=1 LevelAfter=1 LootInfo=-1 Name=LOC_CITIZEN_MAYA_MALE_2 Operation=58 PlotIndex=1818
mission CityName=LOC_CITY_NAME_MONTREAL CompletionTurn=83 EscapeResult=-1 InitialResult=3 LevelAfter=1 LootInfo=-1 Name=LOC_CITIZEN_MAYA_MALE_7 Operation=58 PlotIndex=1314
mission CityName=LOC_CITY_NAME_OTTAWA CompletionTurn=82 EscapeResult=-1 InitialResult=1 LevelAfter=1 LootInfo=-1 Name=LOC_CITIZEN_MAYA_MODERN_MALE_9 Operation=58 PlotIndex=978
tally 2  FOMENT_UNREST CAPTURED / NO_RESULT
tally 1  FOMENT_UNREST FAIL_UNDETECTED / NO_RESULT
turn 85 spies active 3 idle 3 missions 3 captured-enemy 0
Request to BulkHide( true, Diplomacy ), Show on 0 = 1
spy 2359313 LOC_CITIZEN_MAYA_MALE_5 level 1 at 60:16 busy
spy 2031634 LOC_CITIZEN_MAYA_MALE_7 level 1 at 54:15 busy
spy 2555923 LOC_CITIZEN_MAYA_FEMALE_7 level 1 at 65:16 busy
spy 2293780 LOC_CITIZEN_MAYA_MODERN_FEMALE_3 level 1 at 54:15 refused
spy 2752533 LOC_CITIZEN_MAYA_MALE_8 level 1 at 54:11 start
spy 2686998 LOC_CITIZEN_MAYA_MODERN_FEMALE_6 level 1 at 37:38 travel
spy 2621463 LOC_CITIZEN_MAYA_FEMALE_2 level 1 at 36:42 travel
spy 2818072 LOC_CITIZEN_MAYA_MODERN_FEMALE_4 level 1 at 16:9 start
turn 85 spies 8 started 2 travelled 2 promoted 0 bought 0 gold 50000
unblock: blocker ENDTURN_BLOCKING_PRODUCTION -> CHICHEN_ITZA builds BUILDING_WALLS | end turn requested
unstuck: closed sessions [2:2]
unstuck: DiplomacyActionView: Closing Diplomacy Action View. m_eventID: 1572091
unblock: blocker ENDTURN_BLOCKING_PRODUCTION -> CHICHEN_ITZA builds BUILDING_WALLS | end turn requested
unblock: blocker ENDTURN_BLOCKING_PRODUCTION -> CHICHEN_ITZA builds BUILDING_WALLS | end turn requested
unstuck: closed sessions [2:2]
unstuck: DiplomacyActionView: Closing Diplomacy Action View. m_eventID: 1573405
unblock: blocker ENDTURN_BLOCKING_PRODUCTION -> CHICHEN_ITZA builds BUILDING_WALLS | end turn requested
unstuck: closed sessions [5:5]
unstuck: DiplomacyActionView: Closing Diplomacy Action View. m_eventID: 1575391
mission CityName=LOC_CITY_NAME_QUEBEC_CITY CompletionTurn=86 EscapeResult=-1 InitialResult=2 LevelAfter=1 LootInfo=-1 Name=LOC_CITIZEN_MAYA_MALE_5 Operation=58 PlotIndex=1404
mission CityName=LOC_CITY_NAME_TORONTO CompletionTurn=84 EscapeResult=-1 InitialResult=1 LevelAfter=1 LootInfo=-1 Name=LOC_CITIZEN_MAYA_MALE_2 Operation=58 PlotIndex=1818
mission CityName=LOC_CITY_NAME_MONTREAL CompletionTurn=83 EscapeResult=-1 InitialResult=3 LevelAfter=1 LootInfo=-1 Name=LOC_CITIZEN_MAYA_MALE_7 Operation=58 PlotIndex=1314
mission CityName=LOC_CITY_NAME_OTTAWA CompletionTurn=82 EscapeResult=-1 InitialResult=1 LevelAfter=1 LootInfo=-1 Name=LOC_CITIZEN_MAYA_MODERN_MALE_9 Operation=58 PlotIndex=978
tally 2  FOMENT_UNREST CAPTURED / NO_RESULT
tally 1  FOMENT_UNREST FAIL_MUST_ESCAPE / NO_RESULT
tally 1  FOMENT_UNREST FAIL_UNDETECTED / NO_RESULT
turn 86 spies active 5 idle 1 missions 4 captured-enemy 0
spy 2359313 LOC_CITIZEN_MAYA_MALE_5 level 1 at 60:16 busy
spy 2031634 LOC_CITIZEN_MAYA_MALE_7 level 1 at 54:15 busy
spy 2555923 LOC_CITIZEN_MAYA_FEMALE_7 level 1 at 65:16 busy
spy 2293780 LOC_CITIZEN_MAYA_MODERN_FEMALE_3 level 1 at 54:15 refused
spy 2752533 LOC_CITIZEN_MAYA_MALE_8 level 1 at 54:11 busy
spy 2818072 LOC_CITIZEN_MAYA_MODERN_FEMALE_4 level 1 at 16:9 busy
turn 86 spies 6 started 0 travelled 0 promoted 0 bought 2 gold 50000
unblock: blocker ENDTURN_BLOCKING_PRODUCTION -> CHICHEN_ITZA builds BUILDING_WALLS | end turn requested
mission CityName=LOC_CITY_NAME_HALIFAX CompletionTurn=87 EscapeResult=-1 InitialResult=4 LevelAfter=2 LootInfo=-1 Name=LOC_CITIZEN_MAYA_FEMALE_7 Operation=58 PlotIndex=1409
mission CityName=LOC_CITY_NAME_MONTREAL CompletionTurn=87 EscapeResult=-1 InitialResult=3 LevelAfter=1 LootInfo=-1 Name=LOC_CITIZEN_MAYA_MALE_7 Operation=58 PlotIndex=1314
mission CityName=LOC_CITY_NAME_QUEBEC_CITY CompletionTurn=86 EscapeResult=-1 InitialResult=2 LevelAfter=1 LootInfo=-1 Name=LOC_CITIZEN_MAYA_MALE_5 Operation=58 PlotIndex=1404
mission CityName=LOC_CITY_NAME_TORONTO CompletionTurn=84 EscapeResult=-1 InitialResult=1 LevelAfter=1 LootInfo=-1 Name=LOC_CITIZEN_MAYA_MALE_2 Operation=58 PlotIndex=1818
mission CityName=LOC_CITY_NAME_MONTREAL CompletionTurn=83 EscapeResult=-1 InitialResult=3 LevelAfter=1 LootInfo=-1 Name=LOC_CITIZEN_MAYA_MALE_7 Operation=58 PlotIndex=1314
mission CityName=LOC_CITY_NAME_OTTAWA CompletionTurn=82 EscapeResult=-1 InitialResult=1 LevelAfter=1 LootInfo=-1 Name=LOC_CITIZEN_MAYA_MODERN_MALE_9 Operation=58 PlotIndex=978
tally 2  FOMENT_UNREST CAPTURED / NO_RESULT
tally 1  FOMENT_UNREST FAIL_MUST_ESCAPE / NO_RESULT
tally 2  FOMENT_UNREST FAIL_UNDETECTED / NO_RESULT
tally 1  FOMENT_UNREST SUCCESS_MUST_ESCAPE / NO_RESULT
turn 87 spies active 4 idle 6 missions 6 captured-enemy 0
spy 2359313 LOC_CITIZEN_MAYA_MALE_5 level 1 at 60:16 busy
spy 2031634 LOC_CITIZEN_MAYA_MALE_7 level 1 at 54:15 start
spy 2555923 LOC_CITIZEN_MAYA_FEMALE_7 level 1 at 65:16 busy
spy 2293780 LOC_CITIZEN_MAYA_MODERN_FEMALE_3 level 1 at 54:15 start
spy 2752533 LOC_CITIZEN_MAYA_MALE_8 level 1 at 54:11 busy
spy 2949142 LOC_CITIZEN_MAYA_MALE_1 level 1 at 37:38 travel
spy 2883607 LOC_CITIZEN_MAYA_MODERN_FEMALE_9 level 1 at 36:42 travel
spy 2818072 LOC_CITIZEN_MAYA_MODERN_FEMALE_4 level 1 at 16:9 busy
spy 3014681 LOC_CITIZEN_MAYA_MODERN_FEMALE_6 level 1 at 54:21 start
spy 3080218 LOC_CITIZEN_MAYA_FEMALE_2 level 1 at 69:21 start
turn 87 spies 10 started 4 travelled 2 promoted 1 bought 0 gold 50000
unblock: blocker ENDTURN_BLOCKING_PRODUCTION -> CHICHEN_ITZA builds BUILDING_WALLS | end turn requested
mission CityName=LOC_CITY_NAME_HALIFAX CompletionTurn=87 EscapeResult=-1 InitialResult=4 LevelAfter=2 LootInfo=-1 Name=LOC_CITIZEN_MAYA_FEMALE_7 Operation=58 PlotIndex=1409
mission CityName=LOC_CITY_NAME_MONTREAL CompletionTurn=87 EscapeResult=-1 InitialResult=3 LevelAfter=1 LootInfo=-1 Name=LOC_CITIZEN_MAYA_MALE_7 Operation=58 PlotIndex=1314
mission CityName=LOC_CITY_NAME_QUEBEC_CITY CompletionTurn=86 EscapeResult=-1 InitialResult=2 LevelAfter=1 LootInfo=-1 Name=LOC_CITIZEN_MAYA_MALE_5 Operation=58 PlotIndex=1404
mission CityName=LOC_CITY_NAME_TORONTO CompletionTurn=84 EscapeResult=-1 InitialResult=1 LevelAfter=1 LootInfo=-1 Name=LOC_CITIZEN_MAYA_MALE_2 Operation=58 PlotIndex=1818
mission CityName=LOC_CITY_NAME_MONTREAL CompletionTurn=83 EscapeResult=-1 InitialResult=3 LevelAfter=1 LootInfo=-1 Name=LOC_CITIZEN_MAYA_MALE_7 Operation=58 PlotIndex=1314
mission CityName=LOC_CITY_NAME_OTTAWA CompletionTurn=82 EscapeResult=-1 InitialResult=1 LevelAfter=1 LootInfo=-1 Name=LOC_CITIZEN_MAYA_MODERN_MALE_9 Operation=58 PlotIndex=978
tally 2  FOMENT_UNREST CAPTURED / NO_RESULT
tally 1  FOMENT_UNREST FAIL_MUST_ESCAPE / NO_RESULT
tally 2  FOMENT_UNREST FAIL_UNDETECTED / NO_RESULT
tally 1  FOMENT_UNREST SUCCESS_MUST_ESCAPE / NO_RESULT
turn 88 spies active 7 idle 1 missions 6 captured-enemy 0
spy 2359313 LOC_CITIZEN_MAYA_MALE_5 level 1 at 60:16 busy
spy 2031634 LOC_CITIZEN_MAYA_MALE_7 level 1 at 54:15 busy
spy 2555923 LOC_CITIZEN_MAYA_FEMALE_7 level 2 at 65:16 busy
spy 2293780 LOC_CITIZEN_MAYA_MODERN_FEMALE_3 level 1 at 54:15 refused
spy 2752533 LOC_CITIZEN_MAYA_MALE_8 level 1 at 54:11 busy
spy 2818072 LOC_CITIZEN_MAYA_MODERN_FEMALE_4 level 1 at 16:9 busy
spy 3014681 LOC_CITIZEN_MAYA_MODERN_FEMALE_6 level 1 at 54:21 busy
spy 3080218 LOC_CITIZEN_MAYA_FEMALE_2 level 1 at 69:21 busy
turn 88 spies 8 started 0 travelled 0 promoted 0 bought 2 gold 50000
unblock: blocker ENDTURN_BLOCKING_WORLD_CONGRESS_LOOK -> nothing | end turn requested
unblock: blocker ENDTURN_BLOCKING_WORLD_CONGRESS_SESSION -> nothing | end turn requested
unstuck: WorldCongressIntro: closed
unstuck: WorldCongressPopup: closed
mission CityName=LOC_CITY_NAME_TE_HOKIANGA_NU_A_KUPE CompletionTurn=89 EscapeResult=-1 InitialResult=4 LevelAfter=2 LootInfo=-1 Name=LOC_CITIZEN_MAYA_MODERN_FEMALE_4 Operation=58 PlotIndex=772
mission CityName=LOC_CITY_NAME_OTTAWA CompletionTurn=89 EscapeResult=-1 InitialResult=4 LevelAfter=2 LootInfo=-1 Name=LOC_CITIZEN_MAYA_MALE_8 Operation=58 PlotIndex=978
mission CityName=LOC_CITY_NAME_HALIFAX CompletionTurn=87 EscapeResult=-1 InitialResult=4 LevelAfter=2 LootInfo=-1 Name=LOC_CITIZEN_MAYA_FEMALE_7 Operation=58 PlotIndex=1409
mission CityName=LOC_CITY_NAME_MONTREAL CompletionTurn=87 EscapeResult=-1 InitialResult=3 LevelAfter=1 LootInfo=-1 Name=LOC_CITIZEN_MAYA_MALE_7 Operation=58 PlotIndex=1314
mission CityName=LOC_CITY_NAME_QUEBEC_CITY CompletionTurn=86 EscapeResult=-1 InitialResult=2 LevelAfter=1 LootInfo=-1 Name=LOC_CITIZEN_MAYA_MALE_5 Operation=58 PlotIndex=1404
mission CityName=LOC_CITY_NAME_TORONTO CompletionTurn=84 EscapeResult=-1 InitialResult=1 LevelAfter=1 LootInfo=-1 Name=LOC_CITIZEN_MAYA_MALE_2 Operation=58 PlotIndex=1818
mission CityName=LOC_CITY_NAME_MONTREAL CompletionTurn=83 EscapeResult=-1 InitialResult=3 LevelAfter=1 LootInfo=-1 Name=LOC_CITIZEN_MAYA_MALE_7 Operation=58 PlotIndex=1314
mission CityName=LOC_CITY_NAME_OTTAWA CompletionTurn=82 EscapeResult=-1 InitialResult=1 LevelAfter=1 LootInfo=-1 Name=LOC_CITIZEN_MAYA_MODERN_MALE_9 Operation=58 PlotIndex=978
tally 2  FOMENT_UNREST CAPTURED / NO_RESULT
tally 1  FOMENT_UNREST FAIL_MUST_ESCAPE / NO_RESULT
tally 2  FOMENT_UNREST FAIL_UNDETECTED / NO_RESULT
tally 3  FOMENT_UNREST SUCCESS_MUST_ESCAPE / NO_RESULT
turn 89 spies active 7 idle 4 missions 8 captured-enemy 0
spy 2359313 LOC_CITIZEN_MAYA_MALE_5 level 1 at 60:16 busy
spy 2031634 LOC_CITIZEN_MAYA_MALE_7 level 1 at 54:15 busy
spy 2555923 LOC_CITIZEN_MAYA_FEMALE_7 level 2 at 65:16 busy
spy 2293780 LOC_CITIZEN_MAYA_MODERN_FEMALE_3 level 1 at 54:15 refused
spy 2752533 LOC_CITIZEN_MAYA_MALE_8 level 1 at 54:11 busy
spy 3211286 LOC_CITIZEN_MAYA_MODERN_MALE_3 level 1 at 37:38 travel
spy 3145751 LOC_CITIZEN_MAYA_FEMALE_4 level 1 at 36:42 travel
spy 2818072 LOC_CITIZEN_MAYA_MODERN_FEMALE_4 level 1 at 16:9 busy
spy 3014681 LOC_CITIZEN_MAYA_MODERN_FEMALE_6 level 1 at 54:21 busy
spy 3080218 LOC_CITIZEN_MAYA_FEMALE_2 level 1 at 69:21 busy
spy 3276827 LOC_CITIZEN_MAYA_MALE_1 level 1 at 77:14 start
turn 89 spies 11 started 1 travelled 2 promoted 2 bought 0 gold 50000
unblock: blocker ENDTURN_BLOCKING_PRODUCTION -> CHICHEN_ITZA builds BUILDING_WALLS | end turn requested
unblock: blocker ENDTURN_BLOCKING_PRODUCTION -> CHICHEN_ITZA builds BUILDING_WALLS | end turn requested
unstuck: closed sessions [2:2]
mission CityName=LOC_CITY_NAME_TE_HOKIANGA_NU_A_KUPE CompletionTurn=89 EscapeResult=-1 InitialResult=4 LevelAfter=2 LootInfo=-1 Name=LOC_CITIZEN_MAYA_MODERN_FEMALE_4 Operation=58 PlotIndex=772
mission CityName=LOC_CITY_NAME_OTTAWA CompletionTurn=89 EscapeResult=-1 InitialResult=4 LevelAfter=2 LootInfo=-1 Name=LOC_CITIZEN_MAYA_MALE_8 Operation=58 PlotIndex=978
mission CityName=LOC_CITY_NAME_HALIFAX CompletionTurn=87 EscapeResult=-1 InitialResult=4 LevelAfter=2 LootInfo=-1 Name=LOC_CITIZEN_MAYA_FEMALE_7 Operation=58 PlotIndex=1409
mission CityName=LOC_CITY_NAME_MONTREAL CompletionTurn=87 EscapeResult=-1 InitialResult=3 LevelAfter=1 LootInfo=-1 Name=LOC_CITIZEN_MAYA_MALE_7 Operation=58 PlotIndex=1314
mission CityName=LOC_CITY_NAME_QUEBEC_CITY CompletionTurn=86 EscapeResult=-1 InitialResult=2 LevelAfter=1 LootInfo=-1 Name=LOC_CITIZEN_MAYA_MALE_5 Operation=58 PlotIndex=1404
mission CityName=LOC_CITY_NAME_TORONTO CompletionTurn=84 EscapeResult=-1 InitialResult=1 LevelAfter=1 LootInfo=-1 Name=LOC_CITIZEN_MAYA_MALE_2 Operation=58 PlotIndex=1818
mission CityName=LOC_CITY_NAME_MONTREAL CompletionTurn=83 EscapeResult=-1 InitialResult=3 LevelAfter=1 LootInfo=-1 Name=LOC_CITIZEN_MAYA_MALE_7 Operation=58 PlotIndex=1314
mission CityName=LOC_CITY_NAME_OTTAWA CompletionTurn=82 EscapeResult=-1 InitialResult=1 LevelAfter=1 LootInfo=-1 Name=LOC_CITIZEN_MAYA_MODERN_MALE_9 Operation=58 PlotIndex=978
tally 2  FOMENT_UNREST CAPTURED / NO_RESULT
tally 1  FOMENT_UNREST FAIL_MUST_ESCAPE / NO_RESULT
tally 2  FOMENT_UNREST FAIL_UNDETECTED / NO_RESULT
tally 3  FOMENT_UNREST SUCCESS_MUST_ESCAPE / NO_RESULT
turn 90 spies active 8 idle 1 missions 8 captured-enemy 0
spy 2359313 LOC_CITIZEN_MAYA_MALE_5 level 1 at 60:16 busy
spy 2031634 LOC_CITIZEN_MAYA_MALE_7 level 1 at 54:15 busy
spy 2555923 LOC_CITIZEN_MAYA_FEMALE_7 level 2 at 65:16 busy
spy 2293780 LOC_CITIZEN_MAYA_MODERN_FEMALE_3 level 1 at 54:15 refused
spy 2752533 LOC_CITIZEN_MAYA_MALE_8 level 2 at 54:11 busy
spy 3342359 LOC_CITIZEN_MAYA_MODERN_FEMALE_9 level 1 at 73:12 start
spy 2818072 LOC_CITIZEN_MAYA_MODERN_FEMALE_4 level 2 at 16:9 busy
spy 3014681 LOC_CITIZEN_MAYA_MODERN_FEMALE_6 level 1 at 54:21 busy
spy 3080218 LOC_CITIZEN_MAYA_FEMALE_2 level 1 at 69:21 busy
spy 3276827 LOC_CITIZEN_MAYA_MALE_1 level 1 at 77:14 busy
turn 90 spies 10 started 1 travelled 0 promoted 0 bought 2 gold 50000
unblock: blocker ENDTURN_BLOCKING_PRODUCTION -> CHICHEN_ITZA builds BUILDING_WALLS | end turn requested
unblock: blocker ENDTURN_BLOCKING_PRODUCTION -> CHICHEN_ITZA builds BUILDING_WALLS | end turn requested
unstuck: closed sessions [3:3]
unstuck: DiplomacyActionView: Closing Diplomacy Action View. m_eventID: 1619082
mission CityName=LOC_CITY_NAME_TE_HOKIANGA_NU_A_KUPE CompletionTurn=89 EscapeResult=-1 InitialResult=4 LevelAfter=2 LootInfo=-1 Name=LOC_CITIZEN_MAYA_MODERN_FEMALE_4 Operation=58 PlotIndex=772
mission CityName=LOC_CITY_NAME_OTTAWA CompletionTurn=89 EscapeResult=-1 InitialResult=4 LevelAfter=2 LootInfo=-1 Name=LOC_CITIZEN_MAYA_MALE_8 Operation=58 PlotIndex=978
mission CityName=LOC_CITY_NAME_HALIFAX CompletionTurn=87 EscapeResult=-1 InitialResult=4 LevelAfter=2 LootInfo=-1 Name=LOC_CITIZEN_MAYA_FEMALE_7 Operation=58 PlotIndex=1409
mission CityName=LOC_CITY_NAME_MONTREAL CompletionTurn=87 EscapeResult=-1 InitialResult=3 LevelAfter=1 LootInfo=-1 Name=LOC_CITIZEN_MAYA_MALE_7 Operation=58 PlotIndex=1314
mission CityName=LOC_CITY_NAME_QUEBEC_CITY CompletionTurn=86 EscapeResult=-1 InitialResult=2 LevelAfter=1 LootInfo=-1 Name=LOC_CITIZEN_MAYA_MALE_5 Operation=58 PlotIndex=1404
mission CityName=LOC_CITY_NAME_TORONTO CompletionTurn=84 EscapeResult=-1 InitialResult=1 LevelAfter=1 LootInfo=-1 Name=LOC_CITIZEN_MAYA_MALE_2 Operation=58 PlotIndex=1818
mission CityName=LOC_CITY_NAME_MONTREAL CompletionTurn=83 EscapeResult=-1 InitialResult=3 LevelAfter=1 LootInfo=-1 Name=LOC_CITIZEN_MAYA_MALE_7 Operation=58 PlotIndex=1314
mission CityName=LOC_CITY_NAME_OTTAWA CompletionTurn=82 EscapeResult=-1 InitialResult=1 LevelAfter=1 LootInfo=-1 Name=LOC_CITIZEN_MAYA_MODERN_MALE_9 Operation=58 PlotIndex=978
tally 2  FOMENT_UNREST CAPTURED / NO_RESULT
tally 1  FOMENT_UNREST FAIL_MUST_ESCAPE / NO_RESULT
tally 2  FOMENT_UNREST FAIL_UNDETECTED / NO_RESULT
tally 3  FOMENT_UNREST SUCCESS_MUST_ESCAPE / NO_RESULT
turn 91 spies active 9 idle 3 missions 8 captured-enemy 0
spy 2359313 LOC_CITIZEN_MAYA_MALE_5 level 1 at 60:16 busy
spy 2031634 LOC_CITIZEN_MAYA_MALE_7 level 1 at 54:15 busy
spy 2555923 LOC_CITIZEN_MAYA_FEMALE_7 level 2 at 65:16 busy
spy 2293780 LOC_CITIZEN_MAYA_MODERN_FEMALE_3 level 1 at 54:15 refused
spy 2752533 LOC_CITIZEN_MAYA_MALE_8 level 2 at 54:11 busy
spy 3407894 LOC_CITIZEN_MAYA_MODERN_MALE_2 level 1 at 36:42 notarget
spy 3342359 LOC_CITIZEN_MAYA_MODERN_FEMALE_9 level 1 at 73:12 busy
spy 2818072 LOC_CITIZEN_MAYA_MODERN_FEMALE_4 level 2 at 16:9 busy
spy 3014681 LOC_CITIZEN_MAYA_MODERN_FEMALE_6 level 1 at 54:21 busy
spy 3080218 LOC_CITIZEN_MAYA_FEMALE_2 level 1 at 69:21 busy
spy 3276827 LOC_CITIZEN_MAYA_MALE_1 level 1 at 77:14 busy
spy 3473436 LOC_CITIZEN_MAYA_FEMALE_1 level 1 at 37:38 notarget
turn 91 spies 12 started 0 travelled 0 promoted 0 bought 0 gold 44755
unblock: blocker ENDTURN_BLOCKING_COMMEMORATION_AVAILABLE -> nothing | end turn requested
unstuck: EraCompletePopup: closed
mission CityName=LOC_CITY_NAME_NGARUAWAHIA CompletionTurn=91 EscapeResult=-1 InitialResult=5 LevelAfter=2 LootInfo=-1 Name=LOC_CITIZEN_MAYA_FEMALE_2 Operation=58 PlotIndex=1833
mission CityName=LOC_CITY_NAME_TORONTO CompletionTurn=91 EscapeResult=-1 InitialResult=4 LevelAfter=2 LootInfo=-1 Name=LOC_CITIZEN_MAYA_MODERN_FEMALE_6 Operation=58 PlotIndex=1818
mission CityName=LOC_CITY_NAME_MONTREAL CompletionTurn=91 EscapeResult=-1 InitialResult=2 LevelAfter=1 LootInfo=-1 Name=LOC_CITIZEN_MAYA_MALE_7 Operation=58 PlotIndex=1314
mission CityName=LOC_CITY_NAME_TE_HOKIANGA_NU_A_KUPE CompletionTurn=89 EscapeResult=-1 InitialResult=4 LevelAfter=2 LootInfo=-1 Name=LOC_CITIZEN_MAYA_MODERN_FEMALE_4 Operation=58 PlotIndex=772
mission CityName=LOC_CITY_NAME_OTTAWA CompletionTurn=89 EscapeResult=-1 InitialResult=4 LevelAfter=2 LootInfo=-1 Name=LOC_CITIZEN_MAYA_MALE_8 Operation=58 PlotIndex=978
mission CityName=LOC_CITY_NAME_HALIFAX CompletionTurn=87 EscapeResult=-1 InitialResult=4 LevelAfter=2 LootInfo=-1 Name=LOC_CITIZEN_MAYA_FEMALE_7 Operation=58 PlotIndex=1409
mission CityName=LOC_CITY_NAME_MONTREAL CompletionTurn=87 EscapeResult=-1 InitialResult=3 LevelAfter=1 LootInfo=-1 Name=LOC_CITIZEN_MAYA_MALE_7 Operation=58 PlotIndex=1314
mission CityName=LOC_CITY_NAME_QUEBEC_CITY CompletionTurn=86 EscapeResult=-1 InitialResult=2 LevelAfter=1 LootInfo=-1 Name=LOC_CITIZEN_MAYA_MALE_5 Operation=58 PlotIndex=1404
mission CityName=LOC_CITY_NAME_TORONTO CompletionTurn=84 EscapeResult=-1 InitialResult=1 LevelAfter=1 LootInfo=-1 Name=LOC_CITIZEN_MAYA_MALE_2 Operation=58 PlotIndex=1818
mission CityName=LOC_CITY_NAME_MONTREAL CompletionTurn=83 EscapeResult=-1 InitialResult=3 LevelAfter=1 LootInfo=-1 Name=LOC_CITIZEN_MAYA_MALE_7 Operation=58 PlotIndex=1314
mission CityName=LOC_CITY_NAME_OTTAWA CompletionTurn=82 EscapeResult=-1 InitialResult=1 LevelAfter=1 LootInfo=-1 Name=LOC_CITIZEN_MAYA_MODERN_MALE_9 Operation=58 PlotIndex=978
tally 2  FOMENT_UNREST CAPTURED / NO_RESULT
tally 2  FOMENT_UNREST FAIL_MUST_ESCAPE / NO_RESULT
tally 2  FOMENT_UNREST FAIL_UNDETECTED / NO_RESULT
tally 4  FOMENT_UNREST SUCCESS_MUST_ESCAPE / NO_RESULT
tally 1  FOMENT_UNREST SUCCESS_UNDETECTED / NO_RESULT
turn 92 spies active 8 idle 6 missions 11 captured-enemy 0
spy 2359313 LOC_CITIZEN_MAYA_MALE_5 level 1 at 60:16 busy
spy 2031634 LOC_CITIZEN_MAYA_MALE_7 level 1 at 54:15 busy
spy 2555923 LOC_CITIZEN_MAYA_FEMALE_7 level 2 at 65:16 busy
spy 2293780 LOC_CITIZEN_MAYA_MODERN_FEMALE_3 level 1 at 54:15 refused
spy 2752533 LOC_CITIZEN_MAYA_MALE_8 level 2 at 54:11 busy
spy 3407894 LOC_CITIZEN_MAYA_MODERN_MALE_2 level 1 at 36:42 travel
spy 3342359 LOC_CITIZEN_MAYA_MODERN_FEMALE_9 level 1 at 73:12 busy
spy 2818072 LOC_CITIZEN_MAYA_MODERN_FEMALE_4 level 2 at 16:9 busy
spy 3014681 LOC_CITIZEN_MAYA_MODERN_FEMALE_6 level 1 at 54:21 busy
spy 3080218 LOC_CITIZEN_MAYA_FEMALE_2 level 1 at 69:21 start
spy 3276827 LOC_CITIZEN_MAYA_MALE_1 level 1 at 77:14 busy
spy 3473436 LOC_CITIZEN_MAYA_FEMALE_1 level 1 at 37:38 travel
spy 3538973 LOC_CITIZEN_MAYA_MODERN_MALE_3 level 1 at 73:12 refused
spy 3604510 LOC_CITIZEN_MAYA_FEMALE_4 level 1 at 69:11 start
turn 92 spies 14 started 2 travelled 2 promoted 2 bought 0 gold 50000
unblock: blocker ENDTURN_BLOCKING_COMMEMORATION_AVAILABLE -> nothing | end turn requested
unblock: blocker ENDTURN_BLOCKING_COMMEMORATION_AVAILABLE -> nothing | end turn requested
unstuck: closed sessions [5:5]
unstuck: DiplomacyActionView: Closing Diplomacy Action View. m_eventID: 1638571
mission CityName=LOC_CITY_NAME_STOCKHOLM CompletionTurn=93 EscapeResult=-1 InitialResult=0 LevelAfter=1 LootInfo=-1 Name=LOC_CITIZEN_MAYA_MALE_1 Operation=58 PlotIndex=1253
mission CityName=LOC_CITY_NAME_NGARUAWAHIA CompletionTurn=91 EscapeResult=-1 InitialResult=5 LevelAfter=2 LootInfo=-1 Name=LOC_CITIZEN_MAYA_FEMALE_2 Operation=58 PlotIndex=1833
mission CityName=LOC_CITY_NAME_TORONTO CompletionTurn=91 EscapeResult=-1 InitialResult=4 LevelAfter=2 LootInfo=-1 Name=LOC_CITIZEN_MAYA_MODERN_FEMALE_6 Operation=58 PlotIndex=1818
mission CityName=LOC_CITY_NAME_MONTREAL CompletionTurn=91 EscapeResult=-1 InitialResult=2 LevelAfter=1 LootInfo=-1 Name=LOC_CITIZEN_MAYA_MALE_7 Operation=58 PlotIndex=1314
mission CityName=LOC_CITY_NAME_TE_HOKIANGA_NU_A_KUPE CompletionTurn=89 EscapeResult=-1 InitialResult=4 LevelAfter=2 LootInfo=-1 Name=LOC_CITIZEN_MAYA_MODERN_FEMALE_4 Operation=58 PlotIndex=772
mission CityName=LOC_CITY_NAME_OTTAWA CompletionTurn=89 EscapeResult=-1 InitialResult=4 LevelAfter=2 LootInfo=-1 Name=LOC_CITIZEN_MAYA_MALE_8 Operation=58 PlotIndex=978
mission CityName=LOC_CITY_NAME_HALIFAX CompletionTurn=87 EscapeResult=-1 InitialResult=4 LevelAfter=2 LootInfo=-1 Name=LOC_CITIZEN_MAYA_FEMALE_7 Operation=58 PlotIndex=1409
mission CityName=LOC_CITY_NAME_MONTREAL CompletionTurn=87 EscapeResult=-1 InitialResult=3 LevelAfter=1 LootInfo=-1 Name=LOC_CITIZEN_MAYA_MALE_7 Operation=58 PlotIndex=1314
mission CityName=LOC_CITY_NAME_QUEBEC_CITY CompletionTurn=86 EscapeResult=-1 InitialResult=2 LevelAfter=1 LootInfo=-1 Name=LOC_CITIZEN_MAYA_MALE_5 Operation=58 PlotIndex=1404
mission CityName=LOC_CITY_NAME_TORONTO CompletionTurn=84 EscapeResult=-1 InitialResult=1 LevelAfter=1 LootInfo=-1 Name=LOC_CITIZEN_MAYA_MALE_2 Operation=58 PlotIndex=1818
mission CityName=LOC_CITY_NAME_MONTREAL CompletionTurn=83 EscapeResult=-1 InitialResult=3 LevelAfter=1 LootInfo=-1 Name=LOC_CITIZEN_MAYA_MALE_7 Operation=58 PlotIndex=1314
mission CityName=LOC_CITY_NAME_OTTAWA CompletionTurn=82 EscapeResult=-1 InitialResult=1 LevelAfter=1 LootInfo=-1 Name=LOC_CITIZEN_MAYA_MODERN_MALE_9 Operation=58 PlotIndex=978
tally 2  FOMENT_UNREST CAPTURED / NO_RESULT
tally 2  FOMENT_UNREST FAIL_MUST_ESCAPE / NO_RESULT
tally 2  FOMENT_UNREST FAIL_UNDETECTED / NO_RESULT
tally 1  FOMENT_UNREST KILLED / NO_RESULT
tally 4  FOMENT_UNREST SUCCESS_MUST_ESCAPE / NO_RESULT
tally 1  FOMENT_UNREST SUCCESS_UNDETECTED / NO_RESULT
turn 93 spies active 9 idle 2 missions 12 captured-enemy 0
spy 2359313 LOC_CITIZEN_MAYA_MALE_5 level 1 at 60:16 busy
spy 2031634 LOC_CITIZEN_MAYA_MALE_7 level 1 at 54:15 busy
spy 2555923 LOC_CITIZEN_MAYA_FEMALE_7 level 2 at 65:16 busy
spy 2293780 LOC_CITIZEN_MAYA_MODERN_FEMALE_3 level 1 at 54:15 refused
spy 2752533 LOC_CITIZEN_MAYA_MALE_8 level 2 at 54:11 busy
spy 3342359 LOC_CITIZEN_MAYA_MODERN_FEMALE_9 level 1 at 73:12 busy
spy 2818072 LOC_CITIZEN_MAYA_MODERN_FEMALE_4 level 2 at 16:9 busy
spy 3014681 LOC_CITIZEN_MAYA_MODERN_FEMALE_6 level 2 at 54:21 busy
spy 3080218 LOC_CITIZEN_MAYA_FEMALE_2 level 2 at 69:21 busy
spy 3538973 LOC_CITIZEN_MAYA_MODERN_MALE_3 level 1 at 73:12 refused
spy 3604510 LOC_CITIZEN_MAYA_FEMALE_4 level 1 at 69:11 busy
turn 93 spies 11 started 0 travelled 0 promoted 0 bought 1 gold 50000
unblock: blocker ENDTURN_BLOCKING_COMMEMORATION_AVAILABLE -> nothing | end turn requested
unblock: blocker ENDTURN_BLOCKING_PRODUCTION -> CHICHEN_ITZA builds BUILDING_WALLS | end turn requested
unblock: blocker ENDTURN_BLOCKING_PRODUCTION -> CHICHEN_ITZA builds BUILDING_WALLS | end turn requested
unstuck: closed sessions [2:2]
unstuck: DiplomacyActionView: Closing Diplomacy Action View. m_eventID: 1645795
unblock: blocker ENDTURN_BLOCKING_PRODUCTION -> CHICHEN_ITZA builds BUILDING_WALLS | end turn requested
unstuck: closed sessions [3:3]
unstuck: DiplomacyActionView: closed
mission CityName=LOC_CITY_NAME_GOTEBORG CompletionTurn=94 EscapeResult=-1 InitialResult=5 LevelAfter=2 LootInfo=-1 Name=LOC_CITIZEN_MAYA_MODERN_FEMALE_9 Operation=58 PlotIndex=1081
mission CityName=LOC_CITY_NAME_STOCKHOLM CompletionTurn=93 EscapeResult=-1 InitialResult=0 LevelAfter=1 LootInfo=-1 Name=LOC_CITIZEN_MAYA_MALE_1 Operation=58 PlotIndex=1253
mission CityName=LOC_CITY_NAME_NGARUAWAHIA CompletionTurn=91 EscapeResult=-1 InitialResult=5 LevelAfter=2 LootInfo=-1 Name=LOC_CITIZEN_MAYA_FEMALE_2 Operation=58 PlotIndex=1833
mission CityName=LOC_CITY_NAME_TORONTO CompletionTurn=91 EscapeResult=-1 InitialResult=4 LevelAfter=2 LootInfo=-1 Name=LOC_CITIZEN_MAYA_MODERN_FEMALE_6 Operation=58 PlotIndex=1818
mission CityName=LOC_CITY_NAME_MONTREAL CompletionTurn=91 EscapeResult=-1 InitialResult=2 LevelAfter=1 LootInfo=-1 Name=LOC_CITIZEN_MAYA_MALE_7 Operation=58 PlotIndex=1314
mission CityName=LOC_CITY_NAME_TE_HOKIANGA_NU_A_KUPE CompletionTurn=89 EscapeResult=-1 InitialResult=4 LevelAfter=2 LootInfo=-1 Name=LOC_CITIZEN_MAYA_MODERN_FEMALE_4 Operation=58 PlotIndex=772
mission CityName=LOC_CITY_NAME_OTTAWA CompletionTurn=89 EscapeResult=-1 InitialResult=4 LevelAfter=2 LootInfo=-1 Name=LOC_CITIZEN_MAYA_MALE_8 Operation=58 PlotIndex=978
mission CityName=LOC_CITY_NAME_HALIFAX CompletionTurn=87 EscapeResult=-1 InitialResult=4 LevelAfter=2 LootInfo=-1 Name=LOC_CITIZEN_MAYA_FEMALE_7 Operation=58 PlotIndex=1409
mission CityName=LOC_CITY_NAME_MONTREAL CompletionTurn=87 EscapeResult=-1 InitialResult=3 LevelAfter=1 LootInfo=-1 Name=LOC_CITIZEN_MAYA_MALE_7 Operation=58 PlotIndex=1314
mission CityName=LOC_CITY_NAME_QUEBEC_CITY CompletionTurn=86 EscapeResult=-1 InitialResult=2 LevelAfter=1 LootInfo=-1 Name=LOC_CITIZEN_MAYA_MALE_5 Operation=58 PlotIndex=1404
mission CityName=LOC_CITY_NAME_TORONTO CompletionTurn=84 EscapeResult=-1 InitialResult=1 LevelAfter=1 LootInfo=-1 Name=LOC_CITIZEN_MAYA_MALE_2 Operation=58 PlotIndex=1818
mission CityName=LOC_CITY_NAME_MONTREAL CompletionTurn=83 EscapeResult=-1 InitialResult=3 LevelAfter=1 LootInfo=-1 Name=LOC_CITIZEN_MAYA_MALE_7 Operation=58 PlotIndex=1314
mission CityName=LOC_CITY_NAME_OTTAWA CompletionTurn=82 EscapeResult=-1 InitialResult=1 LevelAfter=1 LootInfo=-1 Name=LOC_CITIZEN_MAYA_MODERN_MALE_9 Operation=58 PlotIndex=978
tally 2  FOMENT_UNREST CAPTURED / NO_RESULT
tally 2  FOMENT_UNREST FAIL_MUST_ESCAPE / NO_RESULT
tally 2  FOMENT_UNREST FAIL_UNDETECTED / NO_RESULT
tally 1  FOMENT_UNREST KILLED / NO_RESULT
tally 4  FOMENT_UNREST SUCCESS_MUST_ESCAPE / NO_RESULT
tally 2  FOMENT_UNREST SUCCESS_UNDETECTED / NO_RESULT
turn 94 spies active 7 idle 5 missions 13 captured-enemy 0
spy 2359313 LOC_CITIZEN_MAYA_MALE_5 level 1 at 60:16 busy
spy 2031634 LOC_CITIZEN_MAYA_MALE_7 level 1 at 54:15 busy
spy 2555923 LOC_CITIZEN_MAYA_FEMALE_7 level 2 at 65:16 busy
spy 2293780 LOC_CITIZEN_MAYA_MODERN_FEMALE_3 level 1 at 54:15 refused
spy 2752533 LOC_CITIZEN_MAYA_MALE_8 level 2 at 54:11 busy
spy 3342359 LOC_CITIZEN_MAYA_MODERN_FEMALE_9 level 1 at 73:12 start
spy 2818072 LOC_CITIZEN_MAYA_MODERN_FEMALE_4 level 2 at 16:9 busy
spy 3014681 LOC_CITIZEN_MAYA_MODERN_FEMALE_6 level 2 at 54:21 busy
spy 3080218 LOC_CITIZEN_MAYA_FEMALE_2 level 2 at 69:21 start
spy 3670044 LOC_CITIZEN_MAYA_MODERN_MALE_4 level 1 at 36:42 travel
spy 3538973 LOC_CITIZEN_MAYA_MODERN_MALE_3 level 1 at 73:12 start
spy 3604510 LOC_CITIZEN_MAYA_FEMALE_4 level 1 at 69:11 busy
turn 94 spies 12 started 3 travelled 1 promoted 1 bought 0 gold 50000
unblock: blocker ENDTURN_BLOCKING_PRODUCTION -> CHICHEN_ITZA builds BUILDING_WALLS | end turn requested
unblock: blocker ENDTURN_BLOCKING_PRODUCTION -> CHICHEN_ITZA builds BUILDING_WALLS | end turn requested
unstuck: closed sessions [3:3]
mission CityName=LOC_CITY_NAME_GOTEBORG CompletionTurn=94 EscapeResult=-1 InitialResult=5 LevelAfter=2 LootInfo=-1 Name=LOC_CITIZEN_MAYA_MODERN_FEMALE_9 Operation=58 PlotIndex=1081
mission CityName=LOC_CITY_NAME_STOCKHOLM CompletionTurn=93 EscapeResult=-1 InitialResult=0 LevelAfter=1 LootInfo=-1 Name=LOC_CITIZEN_MAYA_MALE_1 Operation=58 PlotIndex=1253
mission CityName=LOC_CITY_NAME_NGARUAWAHIA CompletionTurn=91 EscapeResult=-1 InitialResult=5 LevelAfter=2 LootInfo=-1 Name=LOC_CITIZEN_MAYA_FEMALE_2 Operation=58 PlotIndex=1833
mission CityName=LOC_CITY_NAME_TORONTO CompletionTurn=91 EscapeResult=-1 InitialResult=4 LevelAfter=2 LootInfo=-1 Name=LOC_CITIZEN_MAYA_MODERN_FEMALE_6 Operation=58 PlotIndex=1818
mission CityName=LOC_CITY_NAME_MONTREAL CompletionTurn=91 EscapeResult=-1 InitialResult=2 LevelAfter=1 LootInfo=-1 Name=LOC_CITIZEN_MAYA_MALE_7 Operation=58 PlotIndex=1314
mission CityName=LOC_CITY_NAME_TE_HOKIANGA_NU_A_KUPE CompletionTurn=89 EscapeResult=-1 InitialResult=4 LevelAfter=2 LootInfo=-1 Name=LOC_CITIZEN_MAYA_MODERN_FEMALE_4 Operation=58 PlotIndex=772
mission CityName=LOC_CITY_NAME_OTTAWA CompletionTurn=89 EscapeResult=-1 InitialResult=4 LevelAfter=2 LootInfo=-1 Name=LOC_CITIZEN_MAYA_MALE_8 Operation=58 PlotIndex=978
mission CityName=LOC_CITY_NAME_HALIFAX CompletionTurn=87 EscapeResult=-1 InitialResult=4 LevelAfter=2 LootInfo=-1 Name=LOC_CITIZEN_MAYA_FEMALE_7 Operation=58 PlotIndex=1409
mission CityName=LOC_CITY_NAME_MONTREAL CompletionTurn=87 EscapeResult=-1 InitialResult=3 LevelAfter=1 LootInfo=-1 Name=LOC_CITIZEN_MAYA_MALE_7 Operation=58 PlotIndex=1314
mission CityName=LOC_CITY_NAME_QUEBEC_CITY CompletionTurn=86 EscapeResult=-1 InitialResult=2 LevelAfter=1 LootInfo=-1 Name=LOC_CITIZEN_MAYA_MALE_5 Operation=58 PlotIndex=1404
mission CityName=LOC_CITY_NAME_TORONTO CompletionTurn=84 EscapeResult=-1 InitialResult=1 LevelAfter=1 LootInfo=-1 Name=LOC_CITIZEN_MAYA_MALE_2 Operation=58 PlotIndex=1818
mission CityName=LOC_CITY_NAME_MONTREAL CompletionTurn=83 EscapeResult=-1 InitialResult=3 LevelAfter=1 LootInfo=-1 Name=LOC_CITIZEN_MAYA_MALE_7 Operation=58 PlotIndex=1314
mission CityName=LOC_CITY_NAME_OTTAWA CompletionTurn=82 EscapeResult=-1 InitialResult=1 LevelAfter=1 LootInfo=-1 Name=LOC_CITIZEN_MAYA_MODERN_MALE_9 Operation=58 PlotIndex=978
tally 2  FOMENT_UNREST CAPTURED / NO_RESULT
tally 2  FOMENT_UNREST FAIL_MUST_ESCAPE / NO_RESULT
tally 2  FOMENT_UNREST FAIL_UNDETECTED / NO_RESULT
tally 1  FOMENT_UNREST KILLED / NO_RESULT
tally 4  FOMENT_UNREST SUCCESS_MUST_ESCAPE / NO_RESULT
tally 2  FOMENT_UNREST SUCCESS_UNDETECTED / NO_RESULT
turn 95 spies active 9 idle 2 missions 13 captured-enemy 0
spy 2359313 LOC_CITIZEN_MAYA_MALE_5 level 1 at 60:16 busy
spy 2031634 LOC_CITIZEN_MAYA_MALE_7 level 1 at 54:15 busy
spy 2555923 LOC_CITIZEN_MAYA_FEMALE_7 level 2 at 65:16 busy
spy 2293780 LOC_CITIZEN_MAYA_MODERN_FEMALE_3 level 1 at 54:15 refused
spy 2752533 LOC_CITIZEN_MAYA_MALE_8 level 2 at 54:11 busy
spy 3342359 LOC_CITIZEN_MAYA_MODERN_FEMALE_9 level 2 at 73:12 busy
spy 2818072 LOC_CITIZEN_MAYA_MODERN_FEMALE_4 level 2 at 16:9 busy
spy 3014681 LOC_CITIZEN_MAYA_MODERN_FEMALE_6 level 2 at 54:21 busy
spy 3080218 LOC_CITIZEN_MAYA_FEMALE_2 level 2 at 69:21 busy
spy 3801115 LOC_CITIZEN_MAYA_FEMALE_1 level 1 at 23:19 start
spy 3735580 LOC_CITIZEN_MAYA_MODERN_MALE_2 level 1 at 72:8 start
spy 3538973 LOC_CITIZEN_MAYA_MODERN_MALE_3 level 1 at 73:12 refused
spy 3604510 LOC_CITIZEN_MAYA_FEMALE_4 level 1 at 69:11 busy
turn 95 spies 13 started 2 travelled 0 promoted 0 bought 0 gold 50000
unblock: blocker ENDTURN_BLOCKING_PRODUCTION -> CHICHEN_ITZA builds BUILDING_WALLS | end turn requested
unblock: blocker ENDTURN_BLOCKING_PRODUCTION -> CHICHEN_ITZA builds BUILDING_WALLS | end turn requested
unstuck: LeaderScene: open, no close
unblock: blocker ENDTURN_BLOCKING_PRODUCTION -> CHICHEN_ITZA builds BUILDING_WALLS | end turn requested
unstuck: closed sessions [1:1]
unblock: blocker ENDTURN_BLOCKING_PRODUCTION -> CHICHEN_ITZA builds BUILDING_WALLS | end turn requested
unstuck: closed sessions [4:4]
unstuck: DiplomacyActionView: Closing Diplomacy Action View. m_eventID: 1663726
mission CityName=LOC_CITY_NAME_LINKOPING CompletionTurn=96 EscapeResult=-1 InitialResult=3 LevelAfter=1 LootInfo=-1 Name=LOC_CITIZEN_MAYA_FEMALE_4 Operation=58 PlotIndex=993
mission CityName=LOC_CITY_NAME_GOTEBORG CompletionTurn=94 EscapeResult=-1 InitialResult=5 LevelAfter=2 LootInfo=-1 Name=LOC_CITIZEN_MAYA_MODERN_FEMALE_9 Operation=58 PlotIndex=1081
mission CityName=LOC_CITY_NAME_STOCKHOLM CompletionTurn=93 EscapeResult=-1 InitialResult=0 LevelAfter=1 LootInfo=-1 Name=LOC_CITIZEN_MAYA_MALE_1 Operation=58 PlotIndex=1253
mission CityName=LOC_CITY_NAME_NGARUAWAHIA CompletionTurn=91 EscapeResult=-1 InitialResult=5 LevelAfter=2 LootInfo=-1 Name=LOC_CITIZEN_MAYA_FEMALE_2 Operation=58 PlotIndex=1833
mission CityName=LOC_CITY_NAME_TORONTO CompletionTurn=91 EscapeResult=-1 InitialResult=4 LevelAfter=2 LootInfo=-1 Name=LOC_CITIZEN_MAYA_MODERN_FEMALE_6 Operation=58 PlotIndex=1818
mission CityName=LOC_CITY_NAME_MONTREAL CompletionTurn=91 EscapeResult=-1 InitialResult=2 LevelAfter=1 LootInfo=-1 Name=LOC_CITIZEN_MAYA_MALE_7 Operation=58 PlotIndex=1314
mission CityName=LOC_CITY_NAME_TE_HOKIANGA_NU_A_KUPE CompletionTurn=89 EscapeResult=-1 InitialResult=4 LevelAfter=2 LootInfo=-1 Name=LOC_CITIZEN_MAYA_MODERN_FEMALE_4 Operation=58 PlotIndex=772
mission CityName=LOC_CITY_NAME_OTTAWA CompletionTurn=89 EscapeResult=-1 InitialResult=4 LevelAfter=2 LootInfo=-1 Name=LOC_CITIZEN_MAYA_MALE_8 Operation=58 PlotIndex=978
mission CityName=LOC_CITY_NAME_HALIFAX CompletionTurn=87 EscapeResult=-1 InitialResult=4 LevelAfter=2 LootInfo=-1 Name=LOC_CITIZEN_MAYA_FEMALE_7 Operation=58 PlotIndex=1409
mission CityName=LOC_CITY_NAME_MONTREAL CompletionTurn=87 EscapeResult=-1 InitialResult=3 LevelAfter=1 LootInfo=-1 Name=LOC_CITIZEN_MAYA_MALE_7 Operation=58 PlotIndex=1314
mission CityName=LOC_CITY_NAME_QUEBEC_CITY CompletionTurn=86 EscapeResult=-1 InitialResult=2 LevelAfter=1 LootInfo=-1 Name=LOC_CITIZEN_MAYA_MALE_5 Operation=58 PlotIndex=1404
mission CityName=LOC_CITY_NAME_TORONTO CompletionTurn=84 EscapeResult=-1 InitialResult=1 LevelAfter=1 LootInfo=-1 Name=LOC_CITIZEN_MAYA_MALE_2 Operation=58 PlotIndex=1818
mission CityName=LOC_CITY_NAME_MONTREAL CompletionTurn=83 EscapeResult=-1 InitialResult=3 LevelAfter=1 LootInfo=-1 Name=LOC_CITIZEN_MAYA_MALE_7 Operation=58 PlotIndex=1314
mission CityName=LOC_CITY_NAME_OTTAWA CompletionTurn=82 EscapeResult=-1 InitialResult=1 LevelAfter=1 LootInfo=-1 Name=LOC_CITIZEN_MAYA_MODERN_MALE_9 Operation=58 PlotIndex=978
tally 2  FOMENT_UNREST CAPTURED / NO_RESULT
tally 2  FOMENT_UNREST FAIL_MUST_ESCAPE / NO_RESULT
tally 3  FOMENT_UNREST FAIL_UNDETECTED / NO_RESULT
tally 1  FOMENT_UNREST KILLED / NO_RESULT
tally 4  FOMENT_UNREST SUCCESS_MUST_ESCAPE / NO_RESULT
tally 2  FOMENT_UNREST SUCCESS_UNDETECTED / NO_RESULT
turn 96 spies active 9 idle 4 missions 14 captured-enemy 0
spy 2359313 LOC_CITIZEN_MAYA_MALE_5 level 1 at 60:16 busy
spy 2031634 LOC_CITIZEN_MAYA_MALE_7 level 1 at 54:15 busy
spy 2555923 LOC_CITIZEN_MAYA_FEMALE_7 level 2 at 65:16 busy
spy 2293780 LOC_CITIZEN_MAYA_MODERN_FEMALE_3 level 1 at 54:15 refused
spy 2752533 LOC_CITIZEN_MAYA_MALE_8 level 2 at 54:11 busy
spy 3342359 LOC_CITIZEN_MAYA_MODERN_FEMALE_9 level 2 at 73:12 start
spy 2818072 LOC_CITIZEN_MAYA_MODERN_FEMALE_4 level 2 at 16:9 busy
spy 3014681 LOC_CITIZEN_MAYA_MODERN_FEMALE_6 level 2 at 54:21 busy
spy 3080218 LOC_CITIZEN_MAYA_FEMALE_2 level 2 at 69:21 busy
spy 3801115 LOC_CITIZEN_MAYA_FEMALE_1 level 1 at 23:19 busy
spy 3735580 LOC_CITIZEN_MAYA_MODERN_MALE_2 level 1 at 72:8 busy
spy 3538973 LOC_CITIZEN_MAYA_MODERN_MALE_3 level 1 at 73:12 start
spy 3604510 LOC_CITIZEN_MAYA_FEMALE_4 level 1 at 69:11 start
turn 96 spies 13 started 3 travelled 0 promoted 0 bought 0 gold 50000
unblock: blocker ENDTURN_BLOCKING_PRODUCTION -> CHICHEN_ITZA builds BUILDING_WALLS | end turn requested
mission CityName=LOC_CITY_NAME_LINKOPING CompletionTurn=96 EscapeResult=-1 InitialResult=3 LevelAfter=1 LootInfo=-1 Name=LOC_CITIZEN_MAYA_FEMALE_4 Operation=58 PlotIndex=993
mission CityName=LOC_CITY_NAME_GOTEBORG CompletionTurn=94 EscapeResult=-1 InitialResult=5 LevelAfter=2 LootInfo=-1 Name=LOC_CITIZEN_MAYA_MODERN_FEMALE_9 Operation=58 PlotIndex=1081
mission CityName=LOC_CITY_NAME_STOCKHOLM CompletionTurn=93 EscapeResult=-1 InitialResult=0 LevelAfter=1 LootInfo=-1 Name=LOC_CITIZEN_MAYA_MALE_1 Operation=58 PlotIndex=1253
mission CityName=LOC_CITY_NAME_NGARUAWAHIA CompletionTurn=91 EscapeResult=-1 InitialResult=5 LevelAfter=2 LootInfo=-1 Name=LOC_CITIZEN_MAYA_FEMALE_2 Operation=58 PlotIndex=1833
mission CityName=LOC_CITY_NAME_TORONTO CompletionTurn=91 EscapeResult=-1 InitialResult=4 LevelAfter=2 LootInfo=-1 Name=LOC_CITIZEN_MAYA_MODERN_FEMALE_6 Operation=58 PlotIndex=1818
mission CityName=LOC_CITY_NAME_MONTREAL CompletionTurn=91 EscapeResult=-1 InitialResult=2 LevelAfter=1 LootInfo=-1 Name=LOC_CITIZEN_MAYA_MALE_7 Operation=58 PlotIndex=1314
mission CityName=LOC_CITY_NAME_TE_HOKIANGA_NU_A_KUPE CompletionTurn=89 EscapeResult=-1 InitialResult=4 LevelAfter=2 LootInfo=-1 Name=LOC_CITIZEN_MAYA_MODERN_FEMALE_4 Operation=58 PlotIndex=772
mission CityName=LOC_CITY_NAME_OTTAWA CompletionTurn=89 EscapeResult=-1 InitialResult=4 LevelAfter=2 LootInfo=-1 Name=LOC_CITIZEN_MAYA_MALE_8 Operation=58 PlotIndex=978
mission CityName=LOC_CITY_NAME_HALIFAX CompletionTurn=87 EscapeResult=-1 InitialResult=4 LevelAfter=2 LootInfo=-1 Name=LOC_CITIZEN_MAYA_FEMALE_7 Operation=58 PlotIndex=1409
mission CityName=LOC_CITY_NAME_MONTREAL CompletionTurn=87 EscapeResult=-1 InitialResult=3 LevelAfter=1 LootInfo=-1 Name=LOC_CITIZEN_MAYA_MALE_7 Operation=58 PlotIndex=1314
mission CityName=LOC_CITY_NAME_QUEBEC_CITY CompletionTurn=86 EscapeResult=-1 InitialResult=2 LevelAfter=1 LootInfo=-1 Name=LOC_CITIZEN_MAYA_MALE_5 Operation=58 PlotIndex=1404
mission CityName=LOC_CITY_NAME_TORONTO CompletionTurn=84 EscapeResult=-1 InitialResult=1 LevelAfter=1 LootInfo=-1 Name=LOC_CITIZEN_MAYA_MALE_2 Operation=58 PlotIndex=1818
mission CityName=LOC_CITY_NAME_MONTREAL CompletionTurn=83 EscapeResult=-1 InitialResult=3 LevelAfter=1 LootInfo=-1 Name=LOC_CITIZEN_MAYA_MALE_7 Operation=58 PlotIndex=1314
mission CityName=LOC_CITY_NAME_OTTAWA CompletionTurn=82 EscapeResult=-1 InitialResult=1 LevelAfter=1 LootInfo=-1 Name=LOC_CITIZEN_MAYA_MODERN_MALE_9 Operation=58 PlotIndex=978
tally 2  FOMENT_UNREST CAPTURED / NO_RESULT
tally 2  FOMENT_UNREST FAIL_MUST_ESCAPE / NO_RESULT
tally 3  FOMENT_UNREST FAIL_UNDETECTED / NO_RESULT
tally 1  FOMENT_UNREST KILLED / NO_RESULT
tally 4  FOMENT_UNREST SUCCESS_MUST_ESCAPE / NO_RESULT
tally 2  FOMENT_UNREST SUCCESS_UNDETECTED / NO_RESULT
turn 97 spies active 11 idle 3 missions 14 captured-enemy 0
spy 2359313 LOC_CITIZEN_MAYA_MALE_5 level 1 at 60:16 busy
spy 2031634 LOC_CITIZEN_MAYA_MALE_7 level 1 at 54:15 busy
spy 2555923 LOC_CITIZEN_MAYA_FEMALE_7 level 2 at 65:16 busy
spy 2293780 LOC_CITIZEN_MAYA_MODERN_FEMALE_3 level 1 at 54:15 refused
spy 2752533 LOC_CITIZEN_MAYA_MALE_8 level 2 at 54:11 busy
spy 3866646 LOC_UNIT_SPY_NAME level 1 at 18:16 start
spy 3342359 LOC_CITIZEN_MAYA_MODERN_FEMALE_9 level 2 at 73:12 busy
spy 2818072 LOC_CITIZEN_MAYA_MODERN_FEMALE_4 level 2 at 16:9 busy
spy 3014681 LOC_CITIZEN_MAYA_MODERN_FEMALE_6 level 2 at 54:21 busy
spy 3080218 LOC_CITIZEN_MAYA_FEMALE_2 level 2 at 69:21 busy
spy 3801115 LOC_CITIZEN_MAYA_FEMALE_1 level 1 at 23:19 busy
spy 3735580 LOC_CITIZEN_MAYA_MODERN_MALE_2 level 1 at 72:8 busy
spy 3538973 LOC_CITIZEN_MAYA_MODERN_MALE_3 level 1 at 73:12 refused
spy 3604510 LOC_CITIZEN_MAYA_FEMALE_4 level 1 at 69:11 busy
turn 97 spies 14 started 1 travelled 0 promoted 0 bought 0 gold 49947
unblock: blocker ENDTURN_BLOCKING_PRODUCTION -> CHICHEN_ITZA builds BUILDING_WALLS | end turn requested
unstuck: NaturalWonderPopup: closed
unblock: blocker ENDTURN_BLOCKING_PRODUCTION -> CHICHEN_ITZA builds BUILDING_WALLS | end turn requested
unstuck: closed sessions [2:2]
mission CityName=LOC_CITY_NAME_NGARUAWAHIA CompletionTurn=98 EscapeResult=-1 InitialResult=2 LevelAfter=2 LootInfo=-1 Name=LOC_CITIZEN_MAYA_FEMALE_2 Operation=58 PlotIndex=1833
mission CityName=LOC_CITY_NAME_LINKOPING CompletionTurn=96 EscapeResult=-1 InitialResult=3 LevelAfter=1 LootInfo=-1 Name=LOC_CITIZEN_MAYA_FEMALE_4 Operation=58 PlotIndex=993
mission CityName=LOC_CITY_NAME_GOTEBORG CompletionTurn=94 EscapeResult=-1 InitialResult=5 LevelAfter=2 LootInfo=-1 Name=LOC_CITIZEN_MAYA_MODERN_FEMALE_9 Operation=58 PlotIndex=1081
mission CityName=LOC_CITY_NAME_STOCKHOLM CompletionTurn=93 EscapeResult=-1 InitialResult=0 LevelAfter=1 LootInfo=-1 Name=LOC_CITIZEN_MAYA_MALE_1 Operation=58 PlotIndex=1253
mission CityName=LOC_CITY_NAME_NGARUAWAHIA CompletionTurn=91 EscapeResult=-1 InitialResult=5 LevelAfter=2 LootInfo=-1 Name=LOC_CITIZEN_MAYA_FEMALE_2 Operation=58 PlotIndex=1833
mission CityName=LOC_CITY_NAME_TORONTO CompletionTurn=91 EscapeResult=-1 InitialResult=4 LevelAfter=2 LootInfo=-1 Name=LOC_CITIZEN_MAYA_MODERN_FEMALE_6 Operation=58 PlotIndex=1818
mission CityName=LOC_CITY_NAME_MONTREAL CompletionTurn=91 EscapeResult=-1 InitialResult=2 LevelAfter=1 LootInfo=-1 Name=LOC_CITIZEN_MAYA_MALE_7 Operation=58 PlotIndex=1314
mission CityName=LOC_CITY_NAME_TE_HOKIANGA_NU_A_KUPE CompletionTurn=89 EscapeResult=-1 InitialResult=4 LevelAfter=2 LootInfo=-1 Name=LOC_CITIZEN_MAYA_MODERN_FEMALE_4 Operation=58 PlotIndex=772
mission CityName=LOC_CITY_NAME_OTTAWA CompletionTurn=89 EscapeResult=-1 InitialResult=4 LevelAfter=2 LootInfo=-1 Name=LOC_CITIZEN_MAYA_MALE_8 Operation=58 PlotIndex=978
mission CityName=LOC_CITY_NAME_HALIFAX CompletionTurn=87 EscapeResult=-1 InitialResult=4 LevelAfter=2 LootInfo=-1 Name=LOC_CITIZEN_MAYA_FEMALE_7 Operation=58 PlotIndex=1409
mission CityName=LOC_CITY_NAME_MONTREAL CompletionTurn=87 EscapeResult=-1 InitialResult=3 LevelAfter=1 LootInfo=-1 Name=LOC_CITIZEN_MAYA_MALE_7 Operation=58 PlotIndex=1314
mission CityName=LOC_CITY_NAME_QUEBEC_CITY CompletionTurn=86 EscapeResult=-1 InitialResult=2 LevelAfter=1 LootInfo=-1 Name=LOC_CITIZEN_MAYA_MALE_5 Operation=58 PlotIndex=1404
mission CityName=LOC_CITY_NAME_TORONTO CompletionTurn=84 EscapeResult=-1 InitialResult=1 LevelAfter=1 LootInfo=-1 Name=LOC_CITIZEN_MAYA_MALE_2 Operation=58 PlotIndex=1818
mission CityName=LOC_CITY_NAME_MONTREAL CompletionTurn=83 EscapeResult=-1 InitialResult=3 LevelAfter=1 LootInfo=-1 Name=LOC_CITIZEN_MAYA_MALE_7 Operation=58 PlotIndex=1314
mission CityName=LOC_CITY_NAME_OTTAWA CompletionTurn=82 EscapeResult=-1 InitialResult=1 LevelAfter=1 LootInfo=-1 Name=LOC_CITIZEN_MAYA_MODERN_MALE_9 Operation=58 PlotIndex=978
tally 2  FOMENT_UNREST CAPTURED / NO_RESULT
tally 3  FOMENT_UNREST FAIL_MUST_ESCAPE / NO_RESULT
tally 3  FOMENT_UNREST FAIL_UNDETECTED / NO_RESULT
tally 1  FOMENT_UNREST KILLED / NO_RESULT
tally 4  FOMENT_UNREST SUCCESS_MUST_ESCAPE / NO_RESULT
tally 2  FOMENT_UNREST SUCCESS_UNDETECTED / NO_RESULT
turn 98 spies active 12 idle 2 missions 15 captured-enemy 0
spy 2359313 LOC_CITIZEN_MAYA_MALE_5 level 1 at 60:16 busy
spy 2031634 LOC_CITIZEN_MAYA_MALE_7 level 1 at 54:15 busy
spy 2555923 LOC_CITIZEN_MAYA_FEMALE_7 level 2 at 65:16 busy
spy 2293780 LOC_CITIZEN_MAYA_MODERN_FEMALE_3 level 1 at 54:15 refused
spy 2752533 LOC_CITIZEN_MAYA_MALE_8 level 2 at 54:11 busy
spy 3866646 LOC_CITIZEN_MAYA_MODERN_MALE_4 level 1 at 18:16 busy
spy 3342359 LOC_CITIZEN_MAYA_MODERN_FEMALE_9 level 2 at 73:12 busy
spy 2818072 LOC_CITIZEN_MAYA_MODERN_FEMALE_4 level 2 at 16:9 busy
spy 3014681 LOC_CITIZEN_MAYA_MODERN_FEMALE_6 level 2 at 54:21 busy
spy 3080218 LOC_CITIZEN_MAYA_FEMALE_2 level 2 at 69:21 busy
spy 3801115 LOC_CITIZEN_MAYA_FEMALE_1 level 1 at 23:19 busy
spy 3735580 LOC_CITIZEN_MAYA_MODERN_MALE_2 level 1 at 72:8 busy
spy 3538973 LOC_CITIZEN_MAYA_MODERN_MALE_3 level 1 at 73:12 refused
spy 3604510 LOC_CITIZEN_MAYA_FEMALE_4 level 1 at 69:11 busy
turn 98 spies 14 started 0 travelled 0 promoted 0 bought 0 gold 50000
unblock: blocker ENDTURN_BLOCKING_PRODUCTION -> CHICHEN_ITZA builds BUILDING_WALLS | end turn requested
mission CityName=LOC_CITY_NAME_LUND CompletionTurn=99 EscapeResult=-1 InitialResult=1 LevelAfter=1 LootInfo=-1 Name=LOC_CITIZEN_MAYA_MODERN_MALE_2 Operation=58 PlotIndex=744
mission CityName=LOC_CITY_NAME_THEBES CompletionTurn=99 EscapeResult=-1 InitialResult=5 LevelAfter=2 LootInfo=-1 Name=LOC_CITIZEN_MAYA_FEMALE_1 Operation=58 PlotIndex=1619
mission CityName=LOC_CITY_NAME_NGARUAWAHIA CompletionTurn=98 EscapeResult=-1 InitialResult=2 LevelAfter=2 LootInfo=-1 Name=LOC_CITIZEN_MAYA_FEMALE_2 Operation=58 PlotIndex=1833
mission CityName=LOC_CITY_NAME_LINKOPING CompletionTurn=96 EscapeResult=-1 InitialResult=3 LevelAfter=1 LootInfo=-1 Name=LOC_CITIZEN_MAYA_FEMALE_4 Operation=58 PlotIndex=993
mission CityName=LOC_CITY_NAME_GOTEBORG CompletionTurn=94 EscapeResult=-1 InitialResult=5 LevelAfter=2 LootInfo=-1 Name=LOC_CITIZEN_MAYA_MODERN_FEMALE_9 Operation=58 PlotIndex=1081
mission CityName=LOC_CITY_NAME_STOCKHOLM CompletionTurn=93 EscapeResult=-1 InitialResult=0 LevelAfter=1 LootInfo=-1 Name=LOC_CITIZEN_MAYA_MALE_1 Operation=58 PlotIndex=1253
mission CityName=LOC_CITY_NAME_NGARUAWAHIA CompletionTurn=91 EscapeResult=-1 InitialResult=5 LevelAfter=2 LootInfo=-1 Name=LOC_CITIZEN_MAYA_FEMALE_2 Operation=58 PlotIndex=1833
mission CityName=LOC_CITY_NAME_TORONTO CompletionTurn=91 EscapeResult=-1 InitialResult=4 LevelAfter=2 LootInfo=-1 Name=LOC_CITIZEN_MAYA_MODERN_FEMALE_6 Operation=58 PlotIndex=1818
mission CityName=LOC_CITY_NAME_MONTREAL CompletionTurn=91 EscapeResult=-1 InitialResult=2 LevelAfter=1 LootInfo=-1 Name=LOC_CITIZEN_MAYA_MALE_7 Operation=58 PlotIndex=1314
mission CityName=LOC_CITY_NAME_TE_HOKIANGA_NU_A_KUPE CompletionTurn=89 EscapeResult=-1 InitialResult=4 LevelAfter=2 LootInfo=-1 Name=LOC_CITIZEN_MAYA_MODERN_FEMALE_4 Operation=58 PlotIndex=772
mission CityName=LOC_CITY_NAME_OTTAWA CompletionTurn=89 EscapeResult=-1 InitialResult=4 LevelAfter=2 LootInfo=-1 Name=LOC_CITIZEN_MAYA_MALE_8 Operation=58 PlotIndex=978
mission CityName=LOC_CITY_NAME_HALIFAX CompletionTurn=87 EscapeResult=-1 InitialResult=4 LevelAfter=2 LootInfo=-1 Name=LOC_CITIZEN_MAYA_FEMALE_7 Operation=58 PlotIndex=1409
mission CityName=LOC_CITY_NAME_MONTREAL CompletionTurn=87 EscapeResult=-1 InitialResult=3 LevelAfter=1 LootInfo=-1 Name=LOC_CITIZEN_MAYA_MALE_7 Operation=58 PlotIndex=1314
mission CityName=LOC_CITY_NAME_QUEBEC_CITY CompletionTurn=86 EscapeResult=-1 InitialResult=2 LevelAfter=1 LootInfo=-1 Name=LOC_CITIZEN_MAYA_MALE_5 Operation=58 PlotIndex=1404
mission CityName=LOC_CITY_NAME_TORONTO CompletionTurn=84 EscapeResult=-1 InitialResult=1 LevelAfter=1 LootInfo=-1 Name=LOC_CITIZEN_MAYA_MALE_2 Operation=58 PlotIndex=1818
mission CityName=LOC_CITY_NAME_MONTREAL CompletionTurn=83 EscapeResult=-1 InitialResult=3 LevelAfter=1 LootInfo=-1 Name=LOC_CITIZEN_MAYA_MALE_7 Operation=58 PlotIndex=1314
mission CityName=LOC_CITY_NAME_OTTAWA CompletionTurn=82 EscapeResult=-1 InitialResult=1 LevelAfter=1 LootInfo=-1 Name=LOC_CITIZEN_MAYA_MODERN_MALE_9 Operation=58 PlotIndex=978
tally 3  FOMENT_UNREST CAPTURED / NO_RESULT
tally 3  FOMENT_UNREST FAIL_MUST_ESCAPE / NO_RESULT
tally 3  FOMENT_UNREST FAIL_UNDETECTED / NO_RESULT
tally 1  FOMENT_UNREST KILLED / NO_RESULT
tally 4  FOMENT_UNREST SUCCESS_MUST_ESCAPE / NO_RESULT
tally 3  FOMENT_UNREST SUCCESS_UNDETECTED / NO_RESULT
turn 99 spies active 12 idle 2 missions 17 captured-enemy 0
spy 2359313 LOC_CITIZEN_MAYA_MALE_5 level 1 at 60:16 busy
spy 2031634 LOC_CITIZEN_MAYA_MALE_7 level 1 at 54:15 busy
spy 2555923 LOC_CITIZEN_MAYA_FEMALE_7 level 2 at 65:16 busy
spy 2293780 LOC_CITIZEN_MAYA_MODERN_FEMALE_3 level 1 at 54:15 refused
spy 2752533 LOC_CITIZEN_MAYA_MALE_8 level 2 at 54:11 busy
spy 3866646 LOC_CITIZEN_MAYA_MODERN_MALE_4 level 1 at 18:16 busy
spy 3342359 LOC_CITIZEN_MAYA_MODERN_FEMALE_9 level 2 at 73:12 busy
spy 2818072 LOC_CITIZEN_MAYA_MODERN_FEMALE_4 level 2 at 16:9 busy
spy 3014681 LOC_CITIZEN_MAYA_MODERN_FEMALE_6 level 2 at 54:21 busy
spy 3080218 LOC_CITIZEN_MAYA_FEMALE_2 level 2 at 69:21 busy
spy 3801115 LOC_CITIZEN_MAYA_FEMALE_1 level 1 at 23:19 start
spy 3538973 LOC_CITIZEN_MAYA_MODERN_MALE_3 level 1 at 73:12 refused
spy 3604510 LOC_CITIZEN_MAYA_FEMALE_4 level 1 at 69:11 busy
turn 99 spies 13 started 1 travelled 0 promoted 1 bought 0 gold 50000
unblock: blocker ENDTURN_BLOCKING_PRODUCTION -> CHICHEN_ITZA builds BUILDING_WALLS | end turn requested
unstuck: LeaderScene: open, no close
unblock: blocker ENDTURN_BLOCKING_PRODUCTION -> CHICHEN_ITZA builds BUILDING_WALLS | end turn requested
unstuck: closed sessions [1:1]
unstuck: DiplomacyActionView: Closing Diplomacy Action View. m_eventID: 1694951
unblock: blocker ENDTURN_BLOCKING_PRODUCTION -> CHICHEN_ITZA builds BUILDING_WALLS | end turn requested
unstuck: closed sessions [4:4]
mission CityName=LOC_CITY_NAME_LINKOPING CompletionTurn=100 EscapeResult=-1 InitialResult=1 LevelAfter=1 LootInfo=-1 Name=LOC_CITIZEN_MAYA_FEMALE_4 Operation=58 PlotIndex=993
mission CityName=LOC_CITY_NAME_GOTEBORG CompletionTurn=100 EscapeResult=-1 InitialResult=4 LevelAfter=3 LootInfo=-1 Name=LOC_CITIZEN_MAYA_MODERN_FEMALE_9 Operation=58 PlotIndex=1081
mission CityName=LOC_CITY_NAME_LUND CompletionTurn=99 EscapeResult=-1 InitialResult=1 LevelAfter=1 LootInfo=-1 Name=LOC_CITIZEN_MAYA_MODERN_MALE_2 Operation=58 PlotIndex=744
mission CityName=LOC_CITY_NAME_THEBES CompletionTurn=99 EscapeResult=-1 InitialResult=5 LevelAfter=2 LootInfo=-1 Name=LOC_CITIZEN_MAYA_FEMALE_1 Operation=58 PlotIndex=1619
mission CityName=LOC_CITY_NAME_NGARUAWAHIA CompletionTurn=98 EscapeResult=-1 InitialResult=2 LevelAfter=2 LootInfo=-1 Name=LOC_CITIZEN_MAYA_FEMALE_2 Operation=58 PlotIndex=1833
mission CityName=LOC_CITY_NAME_LINKOPING CompletionTurn=96 EscapeResult=-1 InitialResult=3 LevelAfter=1 LootInfo=-1 Name=LOC_CITIZEN_MAYA_FEMALE_4 Operation=58 PlotIndex=993
mission CityName=LOC_CITY_NAME_GOTEBORG CompletionTurn=94 EscapeResult=-1 InitialResult=5 LevelAfter=2 LootInfo=-1 Name=LOC_CITIZEN_MAYA_MODERN_FEMALE_9 Operation=58 PlotIndex=1081
mission CityName=LOC_CITY_NAME_STOCKHOLM CompletionTurn=93 EscapeResult=-1 InitialResult=0 LevelAfter=1 LootInfo=-1 Name=LOC_CITIZEN_MAYA_MALE_1 Operation=58 PlotIndex=1253
mission CityName=LOC_CITY_NAME_NGARUAWAHIA CompletionTurn=91 EscapeResult=-1 InitialResult=5 LevelAfter=2 LootInfo=-1 Name=LOC_CITIZEN_MAYA_FEMALE_2 Operation=58 PlotIndex=1833
mission CityName=LOC_CITY_NAME_TORONTO CompletionTurn=91 EscapeResult=-1 InitialResult=4 LevelAfter=2 LootInfo=-1 Name=LOC_CITIZEN_MAYA_MODERN_FEMALE_6 Operation=58 PlotIndex=1818
mission CityName=LOC_CITY_NAME_MONTREAL CompletionTurn=91 EscapeResult=-1 InitialResult=2 LevelAfter=1 LootInfo=-1 Name=LOC_CITIZEN_MAYA_MALE_7 Operation=58 PlotIndex=1314
mission CityName=LOC_CITY_NAME_TE_HOKIANGA_NU_A_KUPE CompletionTurn=89 EscapeResult=-1 InitialResult=4 LevelAfter=2 LootInfo=-1 Name=LOC_CITIZEN_MAYA_MODERN_FEMALE_4 Operation=58 PlotIndex=772
mission CityName=LOC_CITY_NAME_OTTAWA CompletionTurn=89 EscapeResult=-1 InitialResult=4 LevelAfter=2 LootInfo=-1 Name=LOC_CITIZEN_MAYA_MALE_8 Operation=58 PlotIndex=978
mission CityName=LOC_CITY_NAME_HALIFAX CompletionTurn=87 EscapeResult=-1 InitialResult=4 LevelAfter=2 LootInfo=-1 Name=LOC_CITIZEN_MAYA_FEMALE_7 Operation=58 PlotIndex=1409
mission CityName=LOC_CITY_NAME_MONTREAL CompletionTurn=87 EscapeResult=-1 InitialResult=3 LevelAfter=1 LootInfo=-1 Name=LOC_CITIZEN_MAYA_MALE_7 Operation=58 PlotIndex=1314
mission CityName=LOC_CITY_NAME_QUEBEC_CITY CompletionTurn=86 EscapeResult=-1 InitialResult=2 LevelAfter=1 LootInfo=-1 Name=LOC_CITIZEN_MAYA_MALE_5 Operation=58 PlotIndex=1404
mission CityName=LOC_CITY_NAME_TORONTO CompletionTurn=84 EscapeResult=-1 InitialResult=1 LevelAfter=1 LootInfo=-1 Name=LOC_CITIZEN_MAYA_MALE_2 Operation=58 PlotIndex=1818
mission CityName=LOC_CITY_NAME_MONTREAL CompletionTurn=83 EscapeResult=-1 InitialResult=3 LevelAfter=1 LootInfo=-1 Name=LOC_CITIZEN_MAYA_MALE_7 Operation=58 PlotIndex=1314
mission CityName=LOC_CITY_NAME_OTTAWA CompletionTurn=82 EscapeResult=-1 InitialResult=1 LevelAfter=1 LootInfo=-1 Name=LOC_CITIZEN_MAYA_MODERN_MALE_9 Operation=58 PlotIndex=978
tally 4  FOMENT_UNREST CAPTURED / NO_RESULT
tally 3  FOMENT_UNREST FAIL_MUST_ESCAPE / NO_RESULT
tally 3  FOMENT_UNREST FAIL_UNDETECTED / NO_RESULT
tally 1  FOMENT_UNREST KILLED / NO_RESULT
tally 5  FOMENT_UNREST SUCCESS_MUST_ESCAPE / NO_RESULT
tally 3  FOMENT_UNREST SUCCESS_UNDETECTED / NO_RESULT
turn 100 spies active 11 idle 2 missions 19 captured-enemy 0
spy 2359313 LOC_CITIZEN_MAYA_MALE_5 level 1 at 60:16 busy
spy 2031634 LOC_CITIZEN_MAYA_MALE_7 level 1 at 54:15 busy
spy 2555923 LOC_CITIZEN_MAYA_FEMALE_7 level 2 at 65:16 busy
spy 2293780 LOC_CITIZEN_MAYA_MODERN_FEMALE_3 level 1 at 54:15 refused
spy 2752533 LOC_CITIZEN_MAYA_MALE_8 level 2 at 54:11 busy
spy 3866646 LOC_CITIZEN_MAYA_MODERN_MALE_4 level 1 at 18:16 busy
spy 3342359 LOC_CITIZEN_MAYA_MODERN_FEMALE_9 level 2 at 73:12 busy
spy 2818072 LOC_CITIZEN_MAYA_MODERN_FEMALE_4 level 2 at 16:9 busy
spy 3014681 LOC_CITIZEN_MAYA_MODERN_FEMALE_6 level 2 at 54:21 busy
spy 3080218 LOC_CITIZEN_MAYA_FEMALE_2 level 2 at 69:21 busy
spy 3801115 LOC_CITIZEN_MAYA_FEMALE_1 level 2 at 23:19 busy
spy 3538973 LOC_CITIZEN_MAYA_MODERN_MALE_3 level 1 at 73:12 refused
turn 100 spies 12 started 0 travelled 0 promoted 1 bought 0 gold 50000
unblock: blocker ENDTURN_BLOCKING_PRODUCTION -> CHICHEN_ITZA builds BUILDING_WALLS | end turn requested
unblock: blocker ENDTURN_BLOCKING_PRODUCTION -> CHICHEN_ITZA builds BUILDING_WALLS | end turn requested
unblock: blocker ENDTURN_BLOCKING_PRODUCTION -> CHICHEN_ITZA builds BUILDING_WALLS | end turn requested
unstuck: closed sessions [7:7]
unstuck: DiplomacyActionView: Closing Diplomacy Action View. m_eventID: 1707242
mission CityName=LOC_CITY_NAME_KAWHIA CompletionTurn=101 EscapeResult=-1 InitialResult=5 LevelAfter=2 LootInfo=-1 Name=LOC_CITIZEN_MAYA_MODERN_MALE_4 Operation=58 PlotIndex=1362
mission CityName=LOC_CITY_NAME_LINKOPING CompletionTurn=100 EscapeResult=-1 InitialResult=1 LevelAfter=1 LootInfo=-1 Name=LOC_CITIZEN_MAYA_FEMALE_4 Operation=58 PlotIndex=993
mission CityName=LOC_CITY_NAME_GOTEBORG CompletionTurn=100 EscapeResult=-1 InitialResult=4 LevelAfter=3 LootInfo=-1 Name=LOC_CITIZEN_MAYA_MODERN_FEMALE_9 Operation=58 PlotIndex=1081
mission CityName=LOC_CITY_NAME_LUND CompletionTurn=99 EscapeResult=-1 InitialResult=1 LevelAfter=1 LootInfo=-1 Name=LOC_CITIZEN_MAYA_MODERN_MALE_2 Operation=58 PlotIndex=744
mission CityName=LOC_CITY_NAME_THEBES CompletionTurn=99 EscapeResult=-1 InitialResult=5 LevelAfter=2 LootInfo=-1 Name=LOC_CITIZEN_MAYA_FEMALE_1 Operation=58 PlotIndex=1619
mission CityName=LOC_CITY_NAME_NGARUAWAHIA CompletionTurn=98 EscapeResult=-1 InitialResult=2 LevelAfter=2 LootInfo=-1 Name=LOC_CITIZEN_MAYA_FEMALE_2 Operation=58 PlotIndex=1833
mission CityName=LOC_CITY_NAME_LINKOPING CompletionTurn=96 EscapeResult=-1 InitialResult=3 LevelAfter=1 LootInfo=-1 Name=LOC_CITIZEN_MAYA_FEMALE_4 Operation=58 PlotIndex=993
mission CityName=LOC_CITY_NAME_GOTEBORG CompletionTurn=94 EscapeResult=-1 InitialResult=5 LevelAfter=2 LootInfo=-1 Name=LOC_CITIZEN_MAYA_MODERN_FEMALE_9 Operation=58 PlotIndex=1081
mission CityName=LOC_CITY_NAME_STOCKHOLM CompletionTurn=93 EscapeResult=-1 InitialResult=0 LevelAfter=1 LootInfo=-1 Name=LOC_CITIZEN_MAYA_MALE_1 Operation=58 PlotIndex=1253
mission CityName=LOC_CITY_NAME_NGARUAWAHIA CompletionTurn=91 EscapeResult=-1 InitialResult=5 LevelAfter=2 LootInfo=-1 Name=LOC_CITIZEN_MAYA_FEMALE_2 Operation=58 PlotIndex=1833
mission CityName=LOC_CITY_NAME_TORONTO CompletionTurn=91 EscapeResult=-1 InitialResult=4 LevelAfter=2 LootInfo=-1 Name=LOC_CITIZEN_MAYA_MODERN_FEMALE_6 Operation=58 PlotIndex=1818
mission CityName=LOC_CITY_NAME_MONTREAL CompletionTurn=91 EscapeResult=-1 InitialResult=2 LevelAfter=1 LootInfo=-1 Name=LOC_CITIZEN_MAYA_MALE_7 Operation=58 PlotIndex=1314
mission CityName=LOC_CITY_NAME_TE_HOKIANGA_NU_A_KUPE CompletionTurn=89 EscapeResult=-1 InitialResult=4 LevelAfter=2 LootInfo=-1 Name=LOC_CITIZEN_MAYA_MODERN_FEMALE_4 Operation=58 PlotIndex=772
mission CityName=LOC_CITY_NAME_OTTAWA CompletionTurn=89 EscapeResult=-1 InitialResult=4 LevelAfter=2 LootInfo=-1 Name=LOC_CITIZEN_MAYA_MALE_8 Operation=58 PlotIndex=978
mission CityName=LOC_CITY_NAME_HALIFAX CompletionTurn=87 EscapeResult=-1 InitialResult=4 LevelAfter=2 LootInfo=-1 Name=LOC_CITIZEN_MAYA_FEMALE_7 Operation=58 PlotIndex=1409
mission CityName=LOC_CITY_NAME_MONTREAL CompletionTurn=87 EscapeResult=-1 InitialResult=3 LevelAfter=1 LootInfo=-1 Name=LOC_CITIZEN_MAYA_MALE_7 Operation=58 PlotIndex=1314
mission CityName=LOC_CITY_NAME_QUEBEC_CITY CompletionTurn=86 EscapeResult=-1 InitialResult=2 LevelAfter=1 LootInfo=-1 Name=LOC_CITIZEN_MAYA_MALE_5 Operation=58 PlotIndex=1404
mission CityName=LOC_CITY_NAME_TORONTO CompletionTurn=84 EscapeResult=-1 InitialResult=1 LevelAfter=1 LootInfo=-1 Name=LOC_CITIZEN_MAYA_MALE_2 Operation=58 PlotIndex=1818
mission CityName=LOC_CITY_NAME_MONTREAL CompletionTurn=83 EscapeResult=-1 InitialResult=3 LevelAfter=1 LootInfo=-1 Name=LOC_CITIZEN_MAYA_MALE_7 Operation=58 PlotIndex=1314
mission CityName=LOC_CITY_NAME_OTTAWA CompletionTurn=82 EscapeResult=-1 InitialResult=1 LevelAfter=1 LootInfo=-1 Name=LOC_CITIZEN_MAYA_MODERN_MALE_9 Operation=58 PlotIndex=978
tally 4  FOMENT_UNREST CAPTURED / NO_RESULT
tally 3  FOMENT_UNREST FAIL_MUST_ESCAPE / NO_RESULT
tally 3  FOMENT_UNREST FAIL_UNDETECTED / NO_RESULT
tally 1  FOMENT_UNREST KILLED / NO_RESULT
tally 5  FOMENT_UNREST SUCCESS_MUST_ESCAPE / NO_RESULT
tally 4  FOMENT_UNREST SUCCESS_UNDETECTED / NO_RESULT
turn 101 spies active 8 idle 4 missions 20 captured-enemy 0
spy 2359313 LOC_CITIZEN_MAYA_MALE_5 level 1 at 60:16 busy
spy 2031634 LOC_CITIZEN_MAYA_MALE_7 level 1 at 54:15 busy
spy 2555923 LOC_CITIZEN_MAYA_FEMALE_7 level 2 at 65:16 busy
spy 2293780 LOC_CITIZEN_MAYA_MODERN_FEMALE_3 level 1 at 54:15 refused
spy 2752533 LOC_CITIZEN_MAYA_MALE_8 level 2 at 54:11 busy
spy 3866646 LOC_CITIZEN_MAYA_MODERN_MALE_4 level 1 at 18:16 start
spy 3342359 LOC_CITIZEN_MAYA_MODERN_FEMALE_9 level 3 at 73:12 busy
spy 2818072 LOC_CITIZEN_MAYA_MODERN_FEMALE_4 level 2 at 16:9 busy
spy 3014681 LOC_CITIZEN_MAYA_MODERN_FEMALE_6 level 2 at 54:21 busy
spy 3080218 LOC_CITIZEN_MAYA_FEMALE_2 level 2 at 69:21 busy
spy 3801115 LOC_CITIZEN_MAYA_FEMALE_1 level 2 at 23:19 start
spy 3538973 LOC_CITIZEN_MAYA_MODERN_MALE_3 level 1 at 73:12 refused
turn 101 spies 12 started 2 travelled 0 promoted 1 bought 0 gold 50000
unblock: blocker ENDTURN_BLOCKING_PRODUCTION -> CHICHEN_ITZA builds BUILDING_WALLS | end turn requested
unblock: blocker ENDTURN_BLOCKING_PRODUCTION -> CHICHEN_ITZA builds BUILDING_WALLS | end turn requested
unstuck: closed sessions [2:2]
unblock: blocker ENDTURN_BLOCKING_WORLD_CONGRESS_SESSION -> nothing | end turn requested
unstuck: WorldCongressIntro: closed
unstuck: WorldCongressPopup: closed
mission CityName=LOC_CITY_NAME_KAWHIA CompletionTurn=101 EscapeResult=-1 InitialResult=5 LevelAfter=2 LootInfo=-1 Name=LOC_CITIZEN_MAYA_MODERN_MALE_4 Operation=58 PlotIndex=1362
mission CityName=LOC_CITY_NAME_LINKOPING CompletionTurn=100 EscapeResult=-1 InitialResult=1 LevelAfter=1 LootInfo=-1 Name=LOC_CITIZEN_MAYA_FEMALE_4 Operation=58 PlotIndex=993
mission CityName=LOC_CITY_NAME_GOTEBORG CompletionTurn=100 EscapeResult=-1 InitialResult=4 LevelAfter=3 LootInfo=-1 Name=LOC_CITIZEN_MAYA_MODERN_FEMALE_9 Operation=58 PlotIndex=1081
mission CityName=LOC_CITY_NAME_LUND CompletionTurn=99 EscapeResult=-1 InitialResult=1 LevelAfter=1 LootInfo=-1 Name=LOC_CITIZEN_MAYA_MODERN_MALE_2 Operation=58 PlotIndex=744
mission CityName=LOC_CITY_NAME_THEBES CompletionTurn=99 EscapeResult=-1 InitialResult=5 LevelAfter=2 LootInfo=-1 Name=LOC_CITIZEN_MAYA_FEMALE_1 Operation=58 PlotIndex=1619
mission CityName=LOC_CITY_NAME_NGARUAWAHIA CompletionTurn=98 EscapeResult=-1 InitialResult=2 LevelAfter=2 LootInfo=-1 Name=LOC_CITIZEN_MAYA_FEMALE_2 Operation=58 PlotIndex=1833
mission CityName=LOC_CITY_NAME_LINKOPING CompletionTurn=96 EscapeResult=-1 InitialResult=3 LevelAfter=1 LootInfo=-1 Name=LOC_CITIZEN_MAYA_FEMALE_4 Operation=58 PlotIndex=993
mission CityName=LOC_CITY_NAME_GOTEBORG CompletionTurn=94 EscapeResult=-1 InitialResult=5 LevelAfter=2 LootInfo=-1 Name=LOC_CITIZEN_MAYA_MODERN_FEMALE_9 Operation=58 PlotIndex=1081
mission CityName=LOC_CITY_NAME_STOCKHOLM CompletionTurn=93 EscapeResult=-1 InitialResult=0 LevelAfter=1 LootInfo=-1 Name=LOC_CITIZEN_MAYA_MALE_1 Operation=58 PlotIndex=1253
mission CityName=LOC_CITY_NAME_NGARUAWAHIA CompletionTurn=91 EscapeResult=-1 InitialResult=5 LevelAfter=2 LootInfo=-1 Name=LOC_CITIZEN_MAYA_FEMALE_2 Operation=58 PlotIndex=1833
mission CityName=LOC_CITY_NAME_TORONTO CompletionTurn=91 EscapeResult=-1 InitialResult=4 LevelAfter=2 LootInfo=-1 Name=LOC_CITIZEN_MAYA_MODERN_FEMALE_6 Operation=58 PlotIndex=1818
mission CityName=LOC_CITY_NAME_MONTREAL CompletionTurn=91 EscapeResult=-1 InitialResult=2 LevelAfter=1 LootInfo=-1 Name=LOC_CITIZEN_MAYA_MALE_7 Operation=58 PlotIndex=1314
mission CityName=LOC_CITY_NAME_TE_HOKIANGA_NU_A_KUPE CompletionTurn=89 EscapeResult=-1 InitialResult=4 LevelAfter=2 LootInfo=-1 Name=LOC_CITIZEN_MAYA_MODERN_FEMALE_4 Operation=58 PlotIndex=772
mission CityName=LOC_CITY_NAME_OTTAWA CompletionTurn=89 EscapeResult=-1 InitialResult=4 LevelAfter=2 LootInfo=-1 Name=LOC_CITIZEN_MAYA_MALE_8 Operation=58 PlotIndex=978
mission CityName=LOC_CITY_NAME_HALIFAX CompletionTurn=87 EscapeResult=-1 InitialResult=4 LevelAfter=2 LootInfo=-1 Name=LOC_CITIZEN_MAYA_FEMALE_7 Operation=58 PlotIndex=1409
mission CityName=LOC_CITY_NAME_MONTREAL CompletionTurn=87 EscapeResult=-1 InitialResult=3 LevelAfter=1 LootInfo=-1 Name=LOC_CITIZEN_MAYA_MALE_7 Operation=58 PlotIndex=1314
mission CityName=LOC_CITY_NAME_QUEBEC_CITY CompletionTurn=86 EscapeResult=-1 InitialResult=2 LevelAfter=1 LootInfo=-1 Name=LOC_CITIZEN_MAYA_MALE_5 Operation=58 PlotIndex=1404
mission CityName=LOC_CITY_NAME_TORONTO CompletionTurn=84 EscapeResult=-1 InitialResult=1 LevelAfter=1 LootInfo=-1 Name=LOC_CITIZEN_MAYA_MALE_2 Operation=58 PlotIndex=1818
mission CityName=LOC_CITY_NAME_MONTREAL CompletionTurn=83 EscapeResult=-1 InitialResult=3 LevelAfter=1 LootInfo=-1 Name=LOC_CITIZEN_MAYA_MALE_7 Operation=58 PlotIndex=1314
mission CityName=LOC_CITY_NAME_OTTAWA CompletionTurn=82 EscapeResult=-1 InitialResult=1 LevelAfter=1 LootInfo=-1 Name=LOC_CITIZEN_MAYA_MODERN_MALE_9 Operation=58 PlotIndex=978
tally 4  FOMENT_UNREST CAPTURED / NO_RESULT
tally 3  FOMENT_UNREST FAIL_MUST_ESCAPE / NO_RESULT
tally 3  FOMENT_UNREST FAIL_UNDETECTED / NO_RESULT
tally 1  FOMENT_UNREST KILLED / NO_RESULT
tally 5  FOMENT_UNREST SUCCESS_MUST_ESCAPE / NO_RESULT
tally 4  FOMENT_UNREST SUCCESS_UNDETECTED / NO_RESULT
turn 102 spies active 10 idle 2 missions 20 captured-enemy 0
spy 2359313 LOC_CITIZEN_MAYA_MALE_5 level 1 at 60:16 busy
spy 2031634 LOC_CITIZEN_MAYA_MALE_7 level 1 at 54:15 busy
spy 2555923 LOC_CITIZEN_MAYA_FEMALE_7 level 2 at 65:16 busy
spy 2293780 LOC_CITIZEN_MAYA_MODERN_FEMALE_3 level 1 at 54:15 refused
spy 2752533 LOC_CITIZEN_MAYA_MALE_8 level 2 at 54:11 busy
spy 3866646 LOC_CITIZEN_MAYA_MODERN_MALE_4 level 2 at 18:16 busy
spy 3342359 LOC_CITIZEN_MAYA_MODERN_FEMALE_9 level 3 at 73:12 busy
spy 2818072 LOC_CITIZEN_MAYA_MODERN_FEMALE_4 level 2 at 16:9 busy
spy 3014681 LOC_CITIZEN_MAYA_MODERN_FEMALE_6 level 2 at 54:21 busy
spy 3080218 LOC_CITIZEN_MAYA_FEMALE_2 level 2 at 69:21 busy
spy 3801115 LOC_CITIZEN_MAYA_FEMALE_1 level 2 at 23:19 busy
spy 3538973 LOC_CITIZEN_MAYA_MODERN_MALE_3 level 1 at 73:12 refused
turn 102 spies 12 started 0 travelled 0 promoted 0 bought 0 gold 50000
unblock: blocker ENDTURN_BLOCKING_PRODUCTION -> CHICHEN_ITZA builds BUILDING_WALLS | end turn requested
unblock: blocker ENDTURN_BLOCKING_PRODUCTION -> CHICHEN_ITZA builds BUILDING_WALLS | end turn requested
mission CityName=LOC_CITY_NAME_KAWHIA CompletionTurn=101 EscapeResult=-1 InitialResult=5 LevelAfter=2 LootInfo=-1 Name=LOC_CITIZEN_MAYA_MODERN_MALE_4 Operation=58 PlotIndex=1362
mission CityName=LOC_CITY_NAME_LINKOPING CompletionTurn=100 EscapeResult=-1 InitialResult=1 LevelAfter=1 LootInfo=-1 Name=LOC_CITIZEN_MAYA_FEMALE_4 Operation=58 PlotIndex=993
mission CityName=LOC_CITY_NAME_GOTEBORG CompletionTurn=100 EscapeResult=-1 InitialResult=4 LevelAfter=3 LootInfo=-1 Name=LOC_CITIZEN_MAYA_MODERN_FEMALE_9 Operation=58 PlotIndex=1081
mission CityName=LOC_CITY_NAME_LUND CompletionTurn=99 EscapeResult=-1 InitialResult=1 LevelAfter=1 LootInfo=-1 Name=LOC_CITIZEN_MAYA_MODERN_MALE_2 Operation=58 PlotIndex=744
mission CityName=LOC_CITY_NAME_THEBES CompletionTurn=99 EscapeResult=-1 InitialResult=5 LevelAfter=2 LootInfo=-1 Name=LOC_CITIZEN_MAYA_FEMALE_1 Operation=58 PlotIndex=1619
mission CityName=LOC_CITY_NAME_NGARUAWAHIA CompletionTurn=98 EscapeResult=-1 InitialResult=2 LevelAfter=2 LootInfo=-1 Name=LOC_CITIZEN_MAYA_FEMALE_2 Operation=58 PlotIndex=1833
mission CityName=LOC_CITY_NAME_LINKOPING CompletionTurn=96 EscapeResult=-1 InitialResult=3 LevelAfter=1 LootInfo=-1 Name=LOC_CITIZEN_MAYA_FEMALE_4 Operation=58 PlotIndex=993
mission CityName=LOC_CITY_NAME_GOTEBORG CompletionTurn=94 EscapeResult=-1 InitialResult=5 LevelAfter=2 LootInfo=-1 Name=LOC_CITIZEN_MAYA_MODERN_FEMALE_9 Operation=58 PlotIndex=1081
mission CityName=LOC_CITY_NAME_STOCKHOLM CompletionTurn=93 EscapeResult=-1 InitialResult=0 LevelAfter=1 LootInfo=-1 Name=LOC_CITIZEN_MAYA_MALE_1 Operation=58 PlotIndex=1253
mission CityName=LOC_CITY_NAME_NGARUAWAHIA CompletionTurn=91 EscapeResult=-1 InitialResult=5 LevelAfter=2 LootInfo=-1 Name=LOC_CITIZEN_MAYA_FEMALE_2 Operation=58 PlotIndex=1833
mission CityName=LOC_CITY_NAME_TORONTO CompletionTurn=91 EscapeResult=-1 InitialResult=4 LevelAfter=2 LootInfo=-1 Name=LOC_CITIZEN_MAYA_MODERN_FEMALE_6 Operation=58 PlotIndex=1818
mission CityName=LOC_CITY_NAME_MONTREAL CompletionTurn=91 EscapeResult=-1 InitialResult=2 LevelAfter=1 LootInfo=-1 Name=LOC_CITIZEN_MAYA_MALE_7 Operation=58 PlotIndex=1314
mission CityName=LOC_CITY_NAME_TE_HOKIANGA_NU_A_KUPE CompletionTurn=89 EscapeResult=-1 InitialResult=4 LevelAfter=2 LootInfo=-1 Name=LOC_CITIZEN_MAYA_MODERN_FEMALE_4 Operation=58 PlotIndex=772
mission CityName=LOC_CITY_NAME_OTTAWA CompletionTurn=89 EscapeResult=-1 InitialResult=4 LevelAfter=2 LootInfo=-1 Name=LOC_CITIZEN_MAYA_MALE_8 Operation=58 PlotIndex=978
mission CityName=LOC_CITY_NAME_HALIFAX CompletionTurn=87 EscapeResult=-1 InitialResult=4 LevelAfter=2 LootInfo=-1 Name=LOC_CITIZEN_MAYA_FEMALE_7 Operation=58 PlotIndex=1409
mission CityName=LOC_CITY_NAME_MONTREAL CompletionTurn=87 EscapeResult=-1 InitialResult=3 LevelAfter=1 LootInfo=-1 Name=LOC_CITIZEN_MAYA_MALE_7 Operation=58 PlotIndex=1314
mission CityName=LOC_CITY_NAME_QUEBEC_CITY CompletionTurn=86 EscapeResult=-1 InitialResult=2 LevelAfter=1 LootInfo=-1 Name=LOC_CITIZEN_MAYA_MALE_5 Operation=58 PlotIndex=1404
mission CityName=LOC_CITY_NAME_TORONTO CompletionTurn=84 EscapeResult=-1 InitialResult=1 LevelAfter=1 LootInfo=-1 Name=LOC_CITIZEN_MAYA_MALE_2 Operation=58 PlotIndex=1818
mission CityName=LOC_CITY_NAME_MONTREAL CompletionTurn=83 EscapeResult=-1 InitialResult=3 LevelAfter=1 LootInfo=-1 Name=LOC_CITIZEN_MAYA_MALE_7 Operation=58 PlotIndex=1314
mission CityName=LOC_CITY_NAME_OTTAWA CompletionTurn=82 EscapeResult=-1 InitialResult=1 LevelAfter=1 LootInfo=-1 Name=LOC_CITIZEN_MAYA_MODERN_MALE_9 Operation=58 PlotIndex=978
tally 4  FOMENT_UNREST CAPTURED / NO_RESULT
tally 3  FOMENT_UNREST FAIL_MUST_ESCAPE / NO_RESULT
tally 3  FOMENT_UNREST FAIL_UNDETECTED / NO_RESULT
tally 1  FOMENT_UNREST KILLED / NO_RESULT
tally 5  FOMENT_UNREST SUCCESS_MUST_ESCAPE / NO_RESULT
tally 4  FOMENT_UNREST SUCCESS_UNDETECTED / NO_RESULT
turn 103 spies active 9 idle 3 missions 20 captured-enemy 0
spy 2359313 LOC_CITIZEN_MAYA_MALE_5 level 1 at 60:16 busy
spy 2031634 LOC_CITIZEN_MAYA_MALE_7 level 1 at 54:15 busy
spy 2555923 LOC_CITIZEN_MAYA_FEMALE_7 level 2 at 65:16 busy
spy 2293780 LOC_CITIZEN_MAYA_MODERN_FEMALE_3 level 1 at 54:15 refused
spy 2752533 LOC_CITIZEN_MAYA_MALE_8 level 2 at 54:11 busy
spy 3866646 LOC_CITIZEN_MAYA_MODERN_MALE_4 level 2 at 18:16 start
spy 3342359 LOC_CITIZEN_MAYA_MODERN_FEMALE_9 level 3 at 73:12 busy
spy 2818072 LOC_CITIZEN_MAYA_MODERN_FEMALE_4 level 2 at 16:9 busy
spy 3014681 LOC_CITIZEN_MAYA_MODERN_FEMALE_6 level 2 at 54:21 busy
spy 3080218 LOC_CITIZEN_MAYA_FEMALE_2 level 2 at 69:21 busy
spy 3801115 LOC_CITIZEN_MAYA_FEMALE_1 level 2 at 23:19 busy
spy 3538973 LOC_CITIZEN_MAYA_MODERN_MALE_3 level 1 at 73:12 refused
turn 103 spies 12 started 1 travelled 0 promoted 0 bought 0 gold 50000
unblock: blocker ENDTURN_BLOCKING_PRODUCTION -> CHICHEN_ITZA builds BUILDING_WALLS | end turn requested
unstuck: LeaderScene: open, no close
unblock: blocker ENDTURN_BLOCKING_PRODUCTION -> CHICHEN_ITZA builds BUILDING_WALLS | end turn requested
unstuck: closed sessions [1:1]
unstuck: DiplomacyActionView: Closing Diplomacy Action View. m_eventID: 1727777
unblock: blocker ENDTURN_BLOCKING_PRODUCTION -> CHICHEN_ITZA builds BUILDING_WALLS | end turn requested
unstuck: closed sessions [5:5]
unstuck: DiplomacyActionView: Closing Diplomacy Action View. m_eventID: 1731027
mission CityName=LOC_CITY_NAME_KAWHIA CompletionTurn=101 EscapeResult=-1 InitialResult=5 LevelAfter=2 LootInfo=-1 Name=LOC_CITIZEN_MAYA_MODERN_MALE_4 Operation=58 PlotIndex=1362
mission CityName=LOC_CITY_NAME_LINKOPING CompletionTurn=100 EscapeResult=-1 InitialResult=1 LevelAfter=1 LootInfo=-1 Name=LOC_CITIZEN_MAYA_FEMALE_4 Operation=58 PlotIndex=993
mission CityName=LOC_CITY_NAME_GOTEBORG CompletionTurn=100 EscapeResult=-1 InitialResult=4 LevelAfter=3 LootInfo=-1 Name=LOC_CITIZEN_MAYA_MODERN_FEMALE_9 Operation=58 PlotIndex=1081
mission CityName=LOC_CITY_NAME_LUND CompletionTurn=99 EscapeResult=-1 InitialResult=1 LevelAfter=1 LootInfo=-1 Name=LOC_CITIZEN_MAYA_MODERN_MALE_2 Operation=58 PlotIndex=744
mission CityName=LOC_CITY_NAME_THEBES CompletionTurn=99 EscapeResult=-1 InitialResult=5 LevelAfter=2 LootInfo=-1 Name=LOC_CITIZEN_MAYA_FEMALE_1 Operation=58 PlotIndex=1619
mission CityName=LOC_CITY_NAME_NGARUAWAHIA CompletionTurn=98 EscapeResult=-1 InitialResult=2 LevelAfter=2 LootInfo=-1 Name=LOC_CITIZEN_MAYA_FEMALE_2 Operation=58 PlotIndex=1833
mission CityName=LOC_CITY_NAME_LINKOPING CompletionTurn=96 EscapeResult=-1 InitialResult=3 LevelAfter=1 LootInfo=-1 Name=LOC_CITIZEN_MAYA_FEMALE_4 Operation=58 PlotIndex=993
mission CityName=LOC_CITY_NAME_GOTEBORG CompletionTurn=94 EscapeResult=-1 InitialResult=5 LevelAfter=2 LootInfo=-1 Name=LOC_CITIZEN_MAYA_MODERN_FEMALE_9 Operation=58 PlotIndex=1081
mission CityName=LOC_CITY_NAME_STOCKHOLM CompletionTurn=93 EscapeResult=-1 InitialResult=0 LevelAfter=1 LootInfo=-1 Name=LOC_CITIZEN_MAYA_MALE_1 Operation=58 PlotIndex=1253
mission CityName=LOC_CITY_NAME_NGARUAWAHIA CompletionTurn=91 EscapeResult=-1 InitialResult=5 LevelAfter=2 LootInfo=-1 Name=LOC_CITIZEN_MAYA_FEMALE_2 Operation=58 PlotIndex=1833
mission CityName=LOC_CITY_NAME_TORONTO CompletionTurn=91 EscapeResult=-1 InitialResult=4 LevelAfter=2 LootInfo=-1 Name=LOC_CITIZEN_MAYA_MODERN_FEMALE_6 Operation=58 PlotIndex=1818
mission CityName=LOC_CITY_NAME_MONTREAL CompletionTurn=91 EscapeResult=-1 InitialResult=2 LevelAfter=1 LootInfo=-1 Name=LOC_CITIZEN_MAYA_MALE_7 Operation=58 PlotIndex=1314
mission CityName=LOC_CITY_NAME_TE_HOKIANGA_NU_A_KUPE CompletionTurn=89 EscapeResult=-1 InitialResult=4 LevelAfter=2 LootInfo=-1 Name=LOC_CITIZEN_MAYA_MODERN_FEMALE_4 Operation=58 PlotIndex=772
mission CityName=LOC_CITY_NAME_OTTAWA CompletionTurn=89 EscapeResult=-1 InitialResult=4 LevelAfter=2 LootInfo=-1 Name=LOC_CITIZEN_MAYA_MALE_8 Operation=58 PlotIndex=978
mission CityName=LOC_CITY_NAME_HALIFAX CompletionTurn=87 EscapeResult=-1 InitialResult=4 LevelAfter=2 LootInfo=-1 Name=LOC_CITIZEN_MAYA_FEMALE_7 Operation=58 PlotIndex=1409
mission CityName=LOC_CITY_NAME_MONTREAL CompletionTurn=87 EscapeResult=-1 InitialResult=3 LevelAfter=1 LootInfo=-1 Name=LOC_CITIZEN_MAYA_MALE_7 Operation=58 PlotIndex=1314
mission CityName=LOC_CITY_NAME_QUEBEC_CITY CompletionTurn=86 EscapeResult=-1 InitialResult=2 LevelAfter=1 LootInfo=-1 Name=LOC_CITIZEN_MAYA_MALE_5 Operation=58 PlotIndex=1404
mission CityName=LOC_CITY_NAME_TORONTO CompletionTurn=84 EscapeResult=-1 InitialResult=1 LevelAfter=1 LootInfo=-1 Name=LOC_CITIZEN_MAYA_MALE_2 Operation=58 PlotIndex=1818
mission CityName=LOC_CITY_NAME_MONTREAL CompletionTurn=83 EscapeResult=-1 InitialResult=3 LevelAfter=1 LootInfo=-1 Name=LOC_CITIZEN_MAYA_MALE_7 Operation=58 PlotIndex=1314
mission CityName=LOC_CITY_NAME_OTTAWA CompletionTurn=82 EscapeResult=-1 InitialResult=1 LevelAfter=1 LootInfo=-1 Name=LOC_CITIZEN_MAYA_MODERN_MALE_9 Operation=58 PlotIndex=978
tally 4  FOMENT_UNREST CAPTURED / NO_RESULT
tally 3  FOMENT_UNREST FAIL_MUST_ESCAPE / NO_RESULT
tally 3  FOMENT_UNREST FAIL_UNDETECTED / NO_RESULT
tally 1  FOMENT_UNREST KILLED / NO_RESULT
tally 5  FOMENT_UNREST SUCCESS_MUST_ESCAPE / NO_RESULT
tally 4  FOMENT_UNREST SUCCESS_UNDETECTED / NO_RESULT
turn 103 spies active 10 idle 2 missions 20 captured-enemy 0
spy 2359313 LOC_CITIZEN_MAYA_MALE_5 level 1 at 60:16 busy
spy 2031634 LOC_CITIZEN_MAYA_MALE_7 level 1 at 54:15 busy
spy 2555923 LOC_CITIZEN_MAYA_FEMALE_7 level 2 at 65:16 busy
spy 2293780 LOC_CITIZEN_MAYA_MODERN_FEMALE_3 level 1 at 54:15 refused
spy 2752533 LOC_CITIZEN_MAYA_MALE_8 level 2 at 54:11 busy
spy 3866646 LOC_CITIZEN_MAYA_MODERN_MALE_4 level 2 at 18:16 busy
spy 3342359 LOC_CITIZEN_MAYA_MODERN_FEMALE_9 level 3 at 73:12 busy
spy 2818072 LOC_CITIZEN_MAYA_MODERN_FEMALE_4 level 2 at 16:9 busy
spy 3014681 LOC_CITIZEN_MAYA_MODERN_FEMALE_6 level 2 at 54:21 busy
spy 3080218 LOC_CITIZEN_MAYA_FEMALE_2 level 2 at 69:21 busy
spy 3801115 LOC_CITIZEN_MAYA_FEMALE_1 level 2 at 23:19 busy
spy 3538973 LOC_CITIZEN_MAYA_MODERN_MALE_3 level 1 at 73:12 refused
turn 103 spies 12 started 0 travelled 0 promoted 0 bought 0 gold 50000
unblock: blocker ENDTURN_BLOCKING_PRODUCTION -> CHICHEN_ITZA builds BUILDING_WALLS | end turn requested
unstuck: NaturalDisasterPopup: closed
unblock: blocker ENDTURN_BLOCKING_PRODUCTION -> CHICHEN_ITZA builds BUILDING_WALLS | end turn requested
unstuck: closed sessions [3:3]
mission CityName=LOC_CITY_NAME_KAWHIA CompletionTurn=101 EscapeResult=-1 InitialResult=5 LevelAfter=2 LootInfo=-1 Name=LOC_CITIZEN_MAYA_MODERN_MALE_4 Operation=58 PlotIndex=1362
mission CityName=LOC_CITY_NAME_LINKOPING CompletionTurn=100 EscapeResult=-1 InitialResult=1 LevelAfter=1 LootInfo=-1 Name=LOC_CITIZEN_MAYA_FEMALE_4 Operation=58 PlotIndex=993
mission CityName=LOC_CITY_NAME_GOTEBORG CompletionTurn=100 EscapeResult=-1 InitialResult=4 LevelAfter=3 LootInfo=-1 Name=LOC_CITIZEN_MAYA_MODERN_FEMALE_9 Operation=58 PlotIndex=1081
mission CityName=LOC_CITY_NAME_LUND CompletionTurn=99 EscapeResult=-1 InitialResult=1 LevelAfter=1 LootInfo=-1 Name=LOC_CITIZEN_MAYA_MODERN_MALE_2 Operation=58 PlotIndex=744
mission CityName=LOC_CITY_NAME_THEBES CompletionTurn=99 EscapeResult=-1 InitialResult=5 LevelAfter=2 LootInfo=-1 Name=LOC_CITIZEN_MAYA_FEMALE_1 Operation=58 PlotIndex=1619
mission CityName=LOC_CITY_NAME_NGARUAWAHIA CompletionTurn=98 EscapeResult=-1 InitialResult=2 LevelAfter=2 LootInfo=-1 Name=LOC_CITIZEN_MAYA_FEMALE_2 Operation=58 PlotIndex=1833
mission CityName=LOC_CITY_NAME_LINKOPING CompletionTurn=96 EscapeResult=-1 InitialResult=3 LevelAfter=1 LootInfo=-1 Name=LOC_CITIZEN_MAYA_FEMALE_4 Operation=58 PlotIndex=993
mission CityName=LOC_CITY_NAME_GOTEBORG CompletionTurn=94 EscapeResult=-1 InitialResult=5 LevelAfter=2 LootInfo=-1 Name=LOC_CITIZEN_MAYA_MODERN_FEMALE_9 Operation=58 PlotIndex=1081
mission CityName=LOC_CITY_NAME_STOCKHOLM CompletionTurn=93 EscapeResult=-1 InitialResult=0 LevelAfter=1 LootInfo=-1 Name=LOC_CITIZEN_MAYA_MALE_1 Operation=58 PlotIndex=1253
mission CityName=LOC_CITY_NAME_NGARUAWAHIA CompletionTurn=91 EscapeResult=-1 InitialResult=5 LevelAfter=2 LootInfo=-1 Name=LOC_CITIZEN_MAYA_FEMALE_2 Operation=58 PlotIndex=1833
mission CityName=LOC_CITY_NAME_TORONTO CompletionTurn=91 EscapeResult=-1 InitialResult=4 LevelAfter=2 LootInfo=-1 Name=LOC_CITIZEN_MAYA_MODERN_FEMALE_6 Operation=58 PlotIndex=1818
mission CityName=LOC_CITY_NAME_MONTREAL CompletionTurn=91 EscapeResult=-1 InitialResult=2 LevelAfter=1 LootInfo=-1 Name=LOC_CITIZEN_MAYA_MALE_7 Operation=58 PlotIndex=1314
mission CityName=LOC_CITY_NAME_TE_HOKIANGA_NU_A_KUPE CompletionTurn=89 EscapeResult=-1 InitialResult=4 LevelAfter=2 LootInfo=-1 Name=LOC_CITIZEN_MAYA_MODERN_FEMALE_4 Operation=58 PlotIndex=772
mission CityName=LOC_CITY_NAME_OTTAWA CompletionTurn=89 EscapeResult=-1 InitialResult=4 LevelAfter=2 LootInfo=-1 Name=LOC_CITIZEN_MAYA_MALE_8 Operation=58 PlotIndex=978
mission CityName=LOC_CITY_NAME_HALIFAX CompletionTurn=87 EscapeResult=-1 InitialResult=4 LevelAfter=2 LootInfo=-1 Name=LOC_CITIZEN_MAYA_FEMALE_7 Operation=58 PlotIndex=1409
mission CityName=LOC_CITY_NAME_MONTREAL CompletionTurn=87 EscapeResult=-1 InitialResult=3 LevelAfter=1 LootInfo=-1 Name=LOC_CITIZEN_MAYA_MALE_7 Operation=58 PlotIndex=1314
mission CityName=LOC_CITY_NAME_QUEBEC_CITY CompletionTurn=86 EscapeResult=-1 InitialResult=2 LevelAfter=1 LootInfo=-1 Name=LOC_CITIZEN_MAYA_MALE_5 Operation=58 PlotIndex=1404
mission CityName=LOC_CITY_NAME_TORONTO CompletionTurn=84 EscapeResult=-1 InitialResult=1 LevelAfter=1 LootInfo=-1 Name=LOC_CITIZEN_MAYA_MALE_2 Operation=58 PlotIndex=1818
mission CityName=LOC_CITY_NAME_MONTREAL CompletionTurn=83 EscapeResult=-1 InitialResult=3 LevelAfter=1 LootInfo=-1 Name=LOC_CITIZEN_MAYA_MALE_7 Operation=58 PlotIndex=1314
mission CityName=LOC_CITY_NAME_OTTAWA CompletionTurn=82 EscapeResult=-1 InitialResult=1 LevelAfter=1 LootInfo=-1 Name=LOC_CITIZEN_MAYA_MODERN_MALE_9 Operation=58 PlotIndex=978
tally 4  FOMENT_UNREST CAPTURED / NO_RESULT
tally 3  FOMENT_UNREST FAIL_MUST_ESCAPE / NO_RESULT
tally 3  FOMENT_UNREST FAIL_UNDETECTED / NO_RESULT
tally 1  FOMENT_UNREST KILLED / NO_RESULT
tally 5  FOMENT_UNREST SUCCESS_MUST_ESCAPE / NO_RESULT
tally 4  FOMENT_UNREST SUCCESS_UNDETECTED / NO_RESULT
turn 105 spies active 10 idle 2 missions 20 captured-enemy 0
spy 2359313 LOC_CITIZEN_MAYA_MALE_5 level 1 at 60:16 busy
spy 2031634 LOC_CITIZEN_MAYA_MALE_7 level 1 at 54:15 busy
spy 2555923 LOC_CITIZEN_MAYA_FEMALE_7 level 2 at 65:16 busy
spy 2293780 LOC_CITIZEN_MAYA_MODERN_FEMALE_3 level 1 at 54:15 refused
spy 2752533 LOC_CITIZEN_MAYA_MALE_8 level 2 at 54:11 busy
spy 3866646 LOC_CITIZEN_MAYA_MODERN_MALE_4 level 2 at 18:16 busy
spy 3342359 LOC_CITIZEN_MAYA_MODERN_FEMALE_9 level 3 at 73:12 busy
spy 2818072 LOC_CITIZEN_MAYA_MODERN_FEMALE_4 level 2 at 16:9 busy
spy 3014681 LOC_CITIZEN_MAYA_MODERN_FEMALE_6 level 2 at 54:21 busy
spy 3080218 LOC_CITIZEN_MAYA_FEMALE_2 level 2 at 69:21 busy
spy 3801115 LOC_CITIZEN_MAYA_FEMALE_1 level 2 at 23:19 busy
spy 3538973 LOC_CITIZEN_MAYA_MODERN_MALE_3 level 1 at 73:12 refused
turn 105 spies 12 started 0 travelled 0 promoted 0 bought 0 gold 50000
unblock: blocker ENDTURN_BLOCKING_PRODUCTION -> CHICHEN_ITZA builds BUILDING_WALLS | end turn requested
unblock: blocker ENDTURN_BLOCKING_PRODUCTION -> CHICHEN_ITZA builds BUILDING_WALLS | end turn requested
unstuck: closed sessions [2:2]
mission CityName=LOC_CITY_NAME_THEBES CompletionTurn=105 EscapeResult=-1 InitialResult=2 LevelAfter=2 LootInfo=-1 Name=LOC_CITIZEN_MAYA_FEMALE_1 Operation=58 PlotIndex=1619
mission CityName=LOC_CITY_NAME_KAWHIA CompletionTurn=101 EscapeResult=-1 InitialResult=5 LevelAfter=2 LootInfo=-1 Name=LOC_CITIZEN_MAYA_MODERN_MALE_4 Operation=58 PlotIndex=1362
mission CityName=LOC_CITY_NAME_LINKOPING CompletionTurn=100 EscapeResult=-1 InitialResult=1 LevelAfter=1 LootInfo=-1 Name=LOC_CITIZEN_MAYA_FEMALE_4 Operation=58 PlotIndex=993
mission CityName=LOC_CITY_NAME_GOTEBORG CompletionTurn=100 EscapeResult=-1 InitialResult=4 LevelAfter=3 LootInfo=-1 Name=LOC_CITIZEN_MAYA_MODERN_FEMALE_9 Operation=58 PlotIndex=1081
mission CityName=LOC_CITY_NAME_LUND CompletionTurn=99 EscapeResult=-1 InitialResult=1 LevelAfter=1 LootInfo=-1 Name=LOC_CITIZEN_MAYA_MODERN_MALE_2 Operation=58 PlotIndex=744
mission CityName=LOC_CITY_NAME_THEBES CompletionTurn=99 EscapeResult=-1 InitialResult=5 LevelAfter=2 LootInfo=-1 Name=LOC_CITIZEN_MAYA_FEMALE_1 Operation=58 PlotIndex=1619
mission CityName=LOC_CITY_NAME_NGARUAWAHIA CompletionTurn=98 EscapeResult=-1 InitialResult=2 LevelAfter=2 LootInfo=-1 Name=LOC_CITIZEN_MAYA_FEMALE_2 Operation=58 PlotIndex=1833
mission CityName=LOC_CITY_NAME_LINKOPING CompletionTurn=96 EscapeResult=-1 InitialResult=3 LevelAfter=1 LootInfo=-1 Name=LOC_CITIZEN_MAYA_FEMALE_4 Operation=58 PlotIndex=993
mission CityName=LOC_CITY_NAME_GOTEBORG CompletionTurn=94 EscapeResult=-1 InitialResult=5 LevelAfter=2 LootInfo=-1 Name=LOC_CITIZEN_MAYA_MODERN_FEMALE_9 Operation=58 PlotIndex=1081
mission CityName=LOC_CITY_NAME_STOCKHOLM CompletionTurn=93 EscapeResult=-1 InitialResult=0 LevelAfter=1 LootInfo=-1 Name=LOC_CITIZEN_MAYA_MALE_1 Operation=58 PlotIndex=1253
mission CityName=LOC_CITY_NAME_NGARUAWAHIA CompletionTurn=91 EscapeResult=-1 InitialResult=5 LevelAfter=2 LootInfo=-1 Name=LOC_CITIZEN_MAYA_FEMALE_2 Operation=58 PlotIndex=1833
mission CityName=LOC_CITY_NAME_TORONTO CompletionTurn=91 EscapeResult=-1 InitialResult=4 LevelAfter=2 LootInfo=-1 Name=LOC_CITIZEN_MAYA_MODERN_FEMALE_6 Operation=58 PlotIndex=1818
mission CityName=LOC_CITY_NAME_MONTREAL CompletionTurn=91 EscapeResult=-1 InitialResult=2 LevelAfter=1 LootInfo=-1 Name=LOC_CITIZEN_MAYA_MALE_7 Operation=58 PlotIndex=1314
mission CityName=LOC_CITY_NAME_TE_HOKIANGA_NU_A_KUPE CompletionTurn=89 EscapeResult=-1 InitialResult=4 LevelAfter=2 LootInfo=-1 Name=LOC_CITIZEN_MAYA_MODERN_FEMALE_4 Operation=58 PlotIndex=772
mission CityName=LOC_CITY_NAME_OTTAWA CompletionTurn=89 EscapeResult=-1 InitialResult=4 LevelAfter=2 LootInfo=-1 Name=LOC_CITIZEN_MAYA_MALE_8 Operation=58 PlotIndex=978
mission CityName=LOC_CITY_NAME_HALIFAX CompletionTurn=87 EscapeResult=-1 InitialResult=4 LevelAfter=2 LootInfo=-1 Name=LOC_CITIZEN_MAYA_FEMALE_7 Operation=58 PlotIndex=1409
mission CityName=LOC_CITY_NAME_MONTREAL CompletionTurn=87 EscapeResult=-1 InitialResult=3 LevelAfter=1 LootInfo=-1 Name=LOC_CITIZEN_MAYA_MALE_7 Operation=58 PlotIndex=1314
mission CityName=LOC_CITY_NAME_QUEBEC_CITY CompletionTurn=86 EscapeResult=-1 InitialResult=2 LevelAfter=1 LootInfo=-1 Name=LOC_CITIZEN_MAYA_MALE_5 Operation=58 PlotIndex=1404
mission CityName=LOC_CITY_NAME_TORONTO CompletionTurn=84 EscapeResult=-1 InitialResult=1 LevelAfter=1 LootInfo=-1 Name=LOC_CITIZEN_MAYA_MALE_2 Operation=58 PlotIndex=1818
mission CityName=LOC_CITY_NAME_MONTREAL CompletionTurn=83 EscapeResult=-1 InitialResult=3 LevelAfter=1 LootInfo=-1 Name=LOC_CITIZEN_MAYA_MALE_7 Operation=58 PlotIndex=1314
mission CityName=LOC_CITY_NAME_OTTAWA CompletionTurn=82 EscapeResult=-1 InitialResult=1 LevelAfter=1 LootInfo=-1 Name=LOC_CITIZEN_MAYA_MODERN_MALE_9 Operation=58 PlotIndex=978
tally 4  FOMENT_UNREST CAPTURED / NO_RESULT
tally 4  FOMENT_UNREST FAIL_MUST_ESCAPE / NO_RESULT
tally 3  FOMENT_UNREST FAIL_UNDETECTED / NO_RESULT
tally 1  FOMENT_UNREST KILLED / NO_RESULT
tally 5  FOMENT_UNREST SUCCESS_MUST_ESCAPE / NO_RESULT
tally 4  FOMENT_UNREST SUCCESS_UNDETECTED / NO_RESULT
turn 106 spies active 10 idle 2 missions 21 captured-enemy 0
spy 2359313 LOC_CITIZEN_MAYA_MALE_5 level 1 at 60:16 busy
spy 2031634 LOC_CITIZEN_MAYA_MALE_7 level 1 at 54:15 busy
spy 2555923 LOC_CITIZEN_MAYA_FEMALE_7 level 2 at 65:16 busy
spy 2293780 LOC_CITIZEN_MAYA_MODERN_FEMALE_3 level 1 at 54:15 refused
spy 2752533 LOC_CITIZEN_MAYA_MALE_8 level 2 at 54:11 busy
spy 3866646 LOC_CITIZEN_MAYA_MODERN_MALE_4 level 2 at 18:16 busy
spy 3342359 LOC_CITIZEN_MAYA_MODERN_FEMALE_9 level 3 at 73:12 busy
spy 2818072 LOC_CITIZEN_MAYA_MODERN_FEMALE_4 level 2 at 16:9 busy
spy 3014681 LOC_CITIZEN_MAYA_MODERN_FEMALE_6 level 2 at 54:21 busy
spy 3080218 LOC_CITIZEN_MAYA_FEMALE_2 level 2 at 69:21 busy
spy 3801115 LOC_CITIZEN_MAYA_FEMALE_1 level 2 at 23:19 busy
spy 3538973 LOC_CITIZEN_MAYA_MODERN_MALE_3 level 1 at 73:12 refused
turn 106 spies 12 started 0 travelled 0 promoted 0 bought 0 gold 50000
unblock: blocker ENDTURN_BLOCKING_PRODUCTION -> CHICHEN_ITZA builds BUILDING_WALLS | end turn requested
unblock: blocker ENDTURN_BLOCKING_PRODUCTION -> CHICHEN_ITZA builds BUILDING_WALLS | end turn requested
unstuck: closed sessions [7:7]
unstuck: DiplomacyActionView: Closing Diplomacy Action View. m_eventID: 1758082
mission CityName=LOC_CITY_NAME_KAWHIA CompletionTurn=107 EscapeResult=-1 InitialResult=4 LevelAfter=3 LootInfo=-1 Name=LOC_CITIZEN_MAYA_MODERN_MALE_4 Operation=58 PlotIndex=1362
mission CityName=LOC_CITY_NAME_THEBES CompletionTurn=105 EscapeResult=-1 InitialResult=2 LevelAfter=2 LootInfo=-1 Name=LOC_CITIZEN_MAYA_FEMALE_1 Operation=58 PlotIndex=1619
mission CityName=LOC_CITY_NAME_KAWHIA CompletionTurn=101 EscapeResult=-1 InitialResult=5 LevelAfter=2 LootInfo=-1 Name=LOC_CITIZEN_MAYA_MODERN_MALE_4 Operation=58 PlotIndex=1362
mission CityName=LOC_CITY_NAME_LINKOPING CompletionTurn=100 EscapeResult=-1 InitialResult=1 LevelAfter=1 LootInfo=-1 Name=LOC_CITIZEN_MAYA_FEMALE_4 Operation=58 PlotIndex=993
mission CityName=LOC_CITY_NAME_GOTEBORG CompletionTurn=100 EscapeResult=-1 InitialResult=4 LevelAfter=3 LootInfo=-1 Name=LOC_CITIZEN_MAYA_MODERN_FEMALE_9 Operation=58 PlotIndex=1081
mission CityName=LOC_CITY_NAME_LUND CompletionTurn=99 EscapeResult=-1 InitialResult=1 LevelAfter=1 LootInfo=-1 Name=LOC_CITIZEN_MAYA_MODERN_MALE_2 Operation=58 PlotIndex=744
mission CityName=LOC_CITY_NAME_THEBES CompletionTurn=99 EscapeResult=-1 InitialResult=5 LevelAfter=2 LootInfo=-1 Name=LOC_CITIZEN_MAYA_FEMALE_1 Operation=58 PlotIndex=1619
mission CityName=LOC_CITY_NAME_NGARUAWAHIA CompletionTurn=98 EscapeResult=-1 InitialResult=2 LevelAfter=2 LootInfo=-1 Name=LOC_CITIZEN_MAYA_FEMALE_2 Operation=58 PlotIndex=1833
mission CityName=LOC_CITY_NAME_LINKOPING CompletionTurn=96 EscapeResult=-1 InitialResult=3 LevelAfter=1 LootInfo=-1 Name=LOC_CITIZEN_MAYA_FEMALE_4 Operation=58 PlotIndex=993
mission CityName=LOC_CITY_NAME_GOTEBORG CompletionTurn=94 EscapeResult=-1 InitialResult=5 LevelAfter=2 LootInfo=-1 Name=LOC_CITIZEN_MAYA_MODERN_FEMALE_9 Operation=58 PlotIndex=1081
mission CityName=LOC_CITY_NAME_STOCKHOLM CompletionTurn=93 EscapeResult=-1 InitialResult=0 LevelAfter=1 LootInfo=-1 Name=LOC_CITIZEN_MAYA_MALE_1 Operation=58 PlotIndex=1253
mission CityName=LOC_CITY_NAME_NGARUAWAHIA CompletionTurn=91 EscapeResult=-1 InitialResult=5 LevelAfter=2 LootInfo=-1 Name=LOC_CITIZEN_MAYA_FEMALE_2 Operation=58 PlotIndex=1833
mission CityName=LOC_CITY_NAME_TORONTO CompletionTurn=91 EscapeResult=-1 InitialResult=4 LevelAfter=2 LootInfo=-1 Name=LOC_CITIZEN_MAYA_MODERN_FEMALE_6 Operation=58 PlotIndex=1818
mission CityName=LOC_CITY_NAME_MONTREAL CompletionTurn=91 EscapeResult=-1 InitialResult=2 LevelAfter=1 LootInfo=-1 Name=LOC_CITIZEN_MAYA_MALE_7 Operation=58 PlotIndex=1314
mission CityName=LOC_CITY_NAME_TE_HOKIANGA_NU_A_KUPE CompletionTurn=89 EscapeResult=-1 InitialResult=4 LevelAfter=2 LootInfo=-1 Name=LOC_CITIZEN_MAYA_MODERN_FEMALE_4 Operation=58 PlotIndex=772
mission CityName=LOC_CITY_NAME_OTTAWA CompletionTurn=89 EscapeResult=-1 InitialResult=4 LevelAfter=2 LootInfo=-1 Name=LOC_CITIZEN_MAYA_MALE_8 Operation=58 PlotIndex=978
mission CityName=LOC_CITY_NAME_HALIFAX CompletionTurn=87 EscapeResult=-1 InitialResult=4 LevelAfter=2 LootInfo=-1 Name=LOC_CITIZEN_MAYA_FEMALE_7 Operation=58 PlotIndex=1409
mission CityName=LOC_CITY_NAME_MONTREAL CompletionTurn=87 EscapeResult=-1 InitialResult=3 LevelAfter=1 LootInfo=-1 Name=LOC_CITIZEN_MAYA_MALE_7 Operation=58 PlotIndex=1314
mission CityName=LOC_CITY_NAME_QUEBEC_CITY CompletionTurn=86 EscapeResult=-1 InitialResult=2 LevelAfter=1 LootInfo=-1 Name=LOC_CITIZEN_MAYA_MALE_5 Operation=58 PlotIndex=1404
mission CityName=LOC_CITY_NAME_TORONTO CompletionTurn=84 EscapeResult=-1 InitialResult=1 LevelAfter=1 LootInfo=-1 Name=LOC_CITIZEN_MAYA_MALE_2 Operation=58 PlotIndex=1818
mission CityName=LOC_CITY_NAME_MONTREAL CompletionTurn=83 EscapeResult=-1 InitialResult=3 LevelAfter=1 LootInfo=-1 Name=LOC_CITIZEN_MAYA_MALE_7 Operation=58 PlotIndex=1314
mission CityName=LOC_CITY_NAME_OTTAWA CompletionTurn=82 EscapeResult=-1 InitialResult=1 LevelAfter=1 LootInfo=-1 Name=LOC_CITIZEN_MAYA_MODERN_MALE_9 Operation=58 PlotIndex=978
tally 4  FOMENT_UNREST CAPTURED / NO_RESULT
tally 4  FOMENT_UNREST FAIL_MUST_ESCAPE / NO_RESULT
tally 3  FOMENT_UNREST FAIL_UNDETECTED / NO_RESULT
tally 1  FOMENT_UNREST KILLED / NO_RESULT
tally 6  FOMENT_UNREST SUCCESS_MUST_ESCAPE / NO_RESULT
tally 4  FOMENT_UNREST SUCCESS_UNDETECTED / NO_RESULT
turn 107 spies active 10 idle 2 missions 22 captured-enemy 0
spy 2359313 LOC_CITIZEN_MAYA_MALE_5 level 1 at 60:16 busy
spy 2031634 LOC_CITIZEN_MAYA_MALE_7 level 1 at 54:15 busy
spy 2555923 LOC_CITIZEN_MAYA_FEMALE_7 level 2 at 65:16 busy
spy 2293780 LOC_CITIZEN_MAYA_MODERN_FEMALE_3 level 1 at 54:15 refused
spy 2752533 LOC_CITIZEN_MAYA_MALE_8 level 2 at 54:11 busy
spy 3866646 LOC_CITIZEN_MAYA_MODERN_MALE_4 level 2 at 18:16 busy
spy 3342359 LOC_CITIZEN_MAYA_MODERN_FEMALE_9 level 3 at 73:12 busy
spy 2818072 LOC_CITIZEN_MAYA_MODERN_FEMALE_4 level 2 at 16:9 busy
spy 3014681 LOC_CITIZEN_MAYA_MODERN_FEMALE_6 level 2 at 54:21 busy
spy 3080218 LOC_CITIZEN_MAYA_FEMALE_2 level 2 at 69:21 busy
spy 3801115 LOC_CITIZEN_MAYA_FEMALE_1 level 2 at 23:19 busy
spy 3538973 LOC_CITIZEN_MAYA_MODERN_MALE_3 level 1 at 73:12 refused
turn 107 spies 12 started 0 travelled 0 promoted 1 bought 0 gold 50000
unblock: blocker ENDTURN_BLOCKING_PRODUCTION -> CHICHEN_ITZA builds BUILDING_WALLS | end turn requested
mission CityName=LOC_CITY_NAME_KAWHIA CompletionTurn=107 EscapeResult=-1 InitialResult=4 LevelAfter=3 LootInfo=-1 Name=LOC_CITIZEN_MAYA_MODERN_MALE_4 Operation=58 PlotIndex=1362
mission CityName=LOC_CITY_NAME_THEBES CompletionTurn=105 EscapeResult=-1 InitialResult=2 LevelAfter=2 LootInfo=-1 Name=LOC_CITIZEN_MAYA_FEMALE_1 Operation=58 PlotIndex=1619
mission CityName=LOC_CITY_NAME_KAWHIA CompletionTurn=101 EscapeResult=-1 InitialResult=5 LevelAfter=2 LootInfo=-1 Name=LOC_CITIZEN_MAYA_MODERN_MALE_4 Operation=58 PlotIndex=1362
mission CityName=LOC_CITY_NAME_LINKOPING CompletionTurn=100 EscapeResult=-1 InitialResult=1 LevelAfter=1 LootInfo=-1 Name=LOC_CITIZEN_MAYA_FEMALE_4 Operation=58 PlotIndex=993
mission CityName=LOC_CITY_NAME_GOTEBORG CompletionTurn=100 EscapeResult=-1 InitialResult=4 LevelAfter=3 LootInfo=-1 Name=LOC_CITIZEN_MAYA_MODERN_FEMALE_9 Operation=58 PlotIndex=1081
mission CityName=LOC_CITY_NAME_LUND CompletionTurn=99 EscapeResult=-1 InitialResult=1 LevelAfter=1 LootInfo=-1 Name=LOC_CITIZEN_MAYA_MODERN_MALE_2 Operation=58 PlotIndex=744
mission CityName=LOC_CITY_NAME_THEBES CompletionTurn=99 EscapeResult=-1 InitialResult=5 LevelAfter=2 LootInfo=-1 Name=LOC_CITIZEN_MAYA_FEMALE_1 Operation=58 PlotIndex=1619
mission CityName=LOC_CITY_NAME_NGARUAWAHIA CompletionTurn=98 EscapeResult=-1 InitialResult=2 LevelAfter=2 LootInfo=-1 Name=LOC_CITIZEN_MAYA_FEMALE_2 Operation=58 PlotIndex=1833
mission CityName=LOC_CITY_NAME_LINKOPING CompletionTurn=96 EscapeResult=-1 InitialResult=3 LevelAfter=1 LootInfo=-1 Name=LOC_CITIZEN_MAYA_FEMALE_4 Operation=58 PlotIndex=993
mission CityName=LOC_CITY_NAME_GOTEBORG CompletionTurn=94 EscapeResult=-1 InitialResult=5 LevelAfter=2 LootInfo=-1 Name=LOC_CITIZEN_MAYA_MODERN_FEMALE_9 Operation=58 PlotIndex=1081
mission CityName=LOC_CITY_NAME_STOCKHOLM CompletionTurn=93 EscapeResult=-1 InitialResult=0 LevelAfter=1 LootInfo=-1 Name=LOC_CITIZEN_MAYA_MALE_1 Operation=58 PlotIndex=1253
mission CityName=LOC_CITY_NAME_NGARUAWAHIA CompletionTurn=91 EscapeResult=-1 InitialResult=5 LevelAfter=2 LootInfo=-1 Name=LOC_CITIZEN_MAYA_FEMALE_2 Operation=58 PlotIndex=1833
mission CityName=LOC_CITY_NAME_TORONTO CompletionTurn=91 EscapeResult=-1 InitialResult=4 LevelAfter=2 LootInfo=-1 Name=LOC_CITIZEN_MAYA_MODERN_FEMALE_6 Operation=58 PlotIndex=1818
mission CityName=LOC_CITY_NAME_MONTREAL CompletionTurn=91 EscapeResult=-1 InitialResult=2 LevelAfter=1 LootInfo=-1 Name=LOC_CITIZEN_MAYA_MALE_7 Operation=58 PlotIndex=1314
mission CityName=LOC_CITY_NAME_TE_HOKIANGA_NU_A_KUPE CompletionTurn=89 EscapeResult=-1 InitialResult=4 LevelAfter=2 LootInfo=-1 Name=LOC_CITIZEN_MAYA_MODERN_FEMALE_4 Operation=58 PlotIndex=772
mission CityName=LOC_CITY_NAME_OTTAWA CompletionTurn=89 EscapeResult=-1 InitialResult=4 LevelAfter=2 LootInfo=-1 Name=LOC_CITIZEN_MAYA_MALE_8 Operation=58 PlotIndex=978
mission CityName=LOC_CITY_NAME_HALIFAX CompletionTurn=87 EscapeResult=-1 InitialResult=4 LevelAfter=2 LootInfo=-1 Name=LOC_CITIZEN_MAYA_FEMALE_7 Operation=58 PlotIndex=1409
mission CityName=LOC_CITY_NAME_MONTREAL CompletionTurn=87 EscapeResult=-1 InitialResult=3 LevelAfter=1 LootInfo=-1 Name=LOC_CITIZEN_MAYA_MALE_7 Operation=58 PlotIndex=1314
mission CityName=LOC_CITY_NAME_QUEBEC_CITY CompletionTurn=86 EscapeResult=-1 InitialResult=2 LevelAfter=1 LootInfo=-1 Name=LOC_CITIZEN_MAYA_MALE_5 Operation=58 PlotIndex=1404
mission CityName=LOC_CITY_NAME_TORONTO CompletionTurn=84 EscapeResult=-1 InitialResult=1 LevelAfter=1 LootInfo=-1 Name=LOC_CITIZEN_MAYA_MALE_2 Operation=58 PlotIndex=1818
mission CityName=LOC_CITY_NAME_MONTREAL CompletionTurn=83 EscapeResult=-1 InitialResult=3 LevelAfter=1 LootInfo=-1 Name=LOC_CITIZEN_MAYA_MALE_7 Operation=58 PlotIndex=1314
mission CityName=LOC_CITY_NAME_OTTAWA CompletionTurn=82 EscapeResult=-1 InitialResult=1 LevelAfter=1 LootInfo=-1 Name=LOC_CITIZEN_MAYA_MODERN_MALE_9 Operation=58 PlotIndex=978
tally 4  FOMENT_UNREST CAPTURED / NO_RESULT
tally 4  FOMENT_UNREST FAIL_MUST_ESCAPE / NO_RESULT
tally 3  FOMENT_UNREST FAIL_UNDETECTED / NO_RESULT
tally 1  FOMENT_UNREST KILLED / NO_RESULT
tally 6  FOMENT_UNREST SUCCESS_MUST_ESCAPE / NO_RESULT
tally 4  FOMENT_UNREST SUCCESS_UNDETECTED / NO_RESULT
turn 108 spies active 10 idle 2 missions 22 captured-enemy 0
spy 2359313 LOC_CITIZEN_MAYA_MALE_5 level 1 at 60:16 busy
spy 2031634 LOC_CITIZEN_MAYA_MALE_7 level 1 at 54:15 busy
spy 2555923 LOC_CITIZEN_MAYA_FEMALE_7 level 2 at 65:16 busy
spy 2293780 LOC_CITIZEN_MAYA_MODERN_FEMALE_3 level 1 at 54:15 refused
spy 2752533 LOC_CITIZEN_MAYA_MALE_8 level 2 at 54:11 busy
spy 3866646 LOC_CITIZEN_MAYA_MODERN_MALE_4 level 3 at 18:16 busy
spy 3342359 LOC_CITIZEN_MAYA_MODERN_FEMALE_9 level 3 at 73:12 busy
spy 2818072 LOC_CITIZEN_MAYA_MODERN_FEMALE_4 level 2 at 16:9 busy
spy 3014681 LOC_CITIZEN_MAYA_MODERN_FEMALE_6 level 2 at 54:21 busy
spy 3080218 LOC_CITIZEN_MAYA_FEMALE_2 level 2 at 69:21 busy
spy 3801115 LOC_CITIZEN_MAYA_FEMALE_1 level 2 at 23:19 busy
spy 3538973 LOC_CITIZEN_MAYA_MODERN_MALE_3 level 1 at 73:12 refused
turn 108 spies 12 started 0 travelled 0 promoted 0 bought 0 gold 50000
unblock: blocker ENDTURN_BLOCKING_PRODUCTION -> CHICHEN_ITZA builds BUILDING_WALLS | end turn requested
unstuck: closed sessions [1:1]
unblock: blocker ENDTURN_BLOCKING_PRODUCTION -> CHICHEN_ITZA builds BUILDING_WALLS | end turn requested
unstuck: DiplomacyActionView: closed
unblock: blocker ENDTURN_BLOCKING_PRODUCTION -> CHICHEN_ITZA builds BUILDING_WALLS | end turn requested
unstuck: closed sessions [4:4]
unstuck: DiplomacyActionView: Closing Diplomacy Action View. m_eventID: 1772307
mission CityName=LOC_CITY_NAME_KAWHIA CompletionTurn=107 EscapeResult=-1 InitialResult=4 LevelAfter=3 LootInfo=-1 Name=LOC_CITIZEN_MAYA_MODERN_MALE_4 Operation=58 PlotIndex=1362
mission CityName=LOC_CITY_NAME_THEBES CompletionTurn=105 EscapeResult=-1 InitialResult=2 LevelAfter=2 LootInfo=-1 Name=LOC_CITIZEN_MAYA_FEMALE_1 Operation=58 PlotIndex=1619
mission CityName=LOC_CITY_NAME_KAWHIA CompletionTurn=101 EscapeResult=-1 InitialResult=5 LevelAfter=2 LootInfo=-1 Name=LOC_CITIZEN_MAYA_MODERN_MALE_4 Operation=58 PlotIndex=1362
mission CityName=LOC_CITY_NAME_LINKOPING CompletionTurn=100 EscapeResult=-1 InitialResult=1 LevelAfter=1 LootInfo=-1 Name=LOC_CITIZEN_MAYA_FEMALE_4 Operation=58 PlotIndex=993
mission CityName=LOC_CITY_NAME_GOTEBORG CompletionTurn=100 EscapeResult=-1 InitialResult=4 LevelAfter=3 LootInfo=-1 Name=LOC_CITIZEN_MAYA_MODERN_FEMALE_9 Operation=58 PlotIndex=1081
mission CityName=LOC_CITY_NAME_LUND CompletionTurn=99 EscapeResult=-1 InitialResult=1 LevelAfter=1 LootInfo=-1 Name=LOC_CITIZEN_MAYA_MODERN_MALE_2 Operation=58 PlotIndex=744
mission CityName=LOC_CITY_NAME_THEBES CompletionTurn=99 EscapeResult=-1 InitialResult=5 LevelAfter=2 LootInfo=-1 Name=LOC_CITIZEN_MAYA_FEMALE_1 Operation=58 PlotIndex=1619
mission CityName=LOC_CITY_NAME_NGARUAWAHIA CompletionTurn=98 EscapeResult=-1 InitialResult=2 LevelAfter=2 LootInfo=-1 Name=LOC_CITIZEN_MAYA_FEMALE_2 Operation=58 PlotIndex=1833
mission CityName=LOC_CITY_NAME_LINKOPING CompletionTurn=96 EscapeResult=-1 InitialResult=3 LevelAfter=1 LootInfo=-1 Name=LOC_CITIZEN_MAYA_FEMALE_4 Operation=58 PlotIndex=993
mission CityName=LOC_CITY_NAME_GOTEBORG CompletionTurn=94 EscapeResult=-1 InitialResult=5 LevelAfter=2 LootInfo=-1 Name=LOC_CITIZEN_MAYA_MODERN_FEMALE_9 Operation=58 PlotIndex=1081
mission CityName=LOC_CITY_NAME_STOCKHOLM CompletionTurn=93 EscapeResult=-1 InitialResult=0 LevelAfter=1 LootInfo=-1 Name=LOC_CITIZEN_MAYA_MALE_1 Operation=58 PlotIndex=1253
mission CityName=LOC_CITY_NAME_NGARUAWAHIA CompletionTurn=91 EscapeResult=-1 InitialResult=5 LevelAfter=2 LootInfo=-1 Name=LOC_CITIZEN_MAYA_FEMALE_2 Operation=58 PlotIndex=1833
mission CityName=LOC_CITY_NAME_TORONTO CompletionTurn=91 EscapeResult=-1 InitialResult=4 LevelAfter=2 LootInfo=-1 Name=LOC_CITIZEN_MAYA_MODERN_FEMALE_6 Operation=58 PlotIndex=1818
mission CityName=LOC_CITY_NAME_MONTREAL CompletionTurn=91 EscapeResult=-1 InitialResult=2 LevelAfter=1 LootInfo=-1 Name=LOC_CITIZEN_MAYA_MALE_7 Operation=58 PlotIndex=1314
mission CityName=LOC_CITY_NAME_TE_HOKIANGA_NU_A_KUPE CompletionTurn=89 EscapeResult=-1 InitialResult=4 LevelAfter=2 LootInfo=-1 Name=LOC_CITIZEN_MAYA_MODERN_FEMALE_4 Operation=58 PlotIndex=772
mission CityName=LOC_CITY_NAME_OTTAWA CompletionTurn=89 EscapeResult=-1 InitialResult=4 LevelAfter=2 LootInfo=-1 Name=LOC_CITIZEN_MAYA_MALE_8 Operation=58 PlotIndex=978
mission CityName=LOC_CITY_NAME_HALIFAX CompletionTurn=87 EscapeResult=-1 InitialResult=4 LevelAfter=2 LootInfo=-1 Name=LOC_CITIZEN_MAYA_FEMALE_7 Operation=58 PlotIndex=1409
mission CityName=LOC_CITY_NAME_MONTREAL CompletionTurn=87 EscapeResult=-1 InitialResult=3 LevelAfter=1 LootInfo=-1 Name=LOC_CITIZEN_MAYA_MALE_7 Operation=58 PlotIndex=1314
mission CityName=LOC_CITY_NAME_QUEBEC_CITY CompletionTurn=86 EscapeResult=-1 InitialResult=2 LevelAfter=1 LootInfo=-1 Name=LOC_CITIZEN_MAYA_MALE_5 Operation=58 PlotIndex=1404
mission CityName=LOC_CITY_NAME_TORONTO CompletionTurn=84 EscapeResult=-1 InitialResult=1 LevelAfter=1 LootInfo=-1 Name=LOC_CITIZEN_MAYA_MALE_2 Operation=58 PlotIndex=1818
mission CityName=LOC_CITY_NAME_MONTREAL CompletionTurn=83 EscapeResult=-1 InitialResult=3 LevelAfter=1 LootInfo=-1 Name=LOC_CITIZEN_MAYA_MALE_7 Operation=58 PlotIndex=1314
mission CityName=LOC_CITY_NAME_OTTAWA CompletionTurn=82 EscapeResult=-1 InitialResult=1 LevelAfter=1 LootInfo=-1 Name=LOC_CITIZEN_MAYA_MODERN_MALE_9 Operation=58 PlotIndex=978
tally 4  FOMENT_UNREST CAPTURED / NO_RESULT
tally 4  FOMENT_UNREST FAIL_MUST_ESCAPE / NO_RESULT
tally 3  FOMENT_UNREST FAIL_UNDETECTED / NO_RESULT
tally 1  FOMENT_UNREST KILLED / NO_RESULT
tally 6  FOMENT_UNREST SUCCESS_MUST_ESCAPE / NO_RESULT
tally 4  FOMENT_UNREST SUCCESS_UNDETECTED / NO_RESULT
turn 109 spies active 10 idle 2 missions 22 captured-enemy 0
spy 2359313 LOC_CITIZEN_MAYA_MALE_5 level 1 at 60:16 busy
spy 2031634 LOC_CITIZEN_MAYA_MALE_7 level 1 at 54:15 busy
spy 2555923 LOC_CITIZEN_MAYA_FEMALE_7 level 2 at 65:16 busy
spy 2293780 LOC_CITIZEN_MAYA_MODERN_FEMALE_3 level 1 at 54:15 refused
spy 2752533 LOC_CITIZEN_MAYA_MALE_8 level 2 at 54:11 busy
spy 3866646 LOC_CITIZEN_MAYA_MODERN_MALE_4 level 3 at 18:16 busy
spy 3342359 LOC_CITIZEN_MAYA_MODERN_FEMALE_9 level 3 at 73:12 busy
spy 2818072 LOC_CITIZEN_MAYA_MODERN_FEMALE_4 level 2 at 16:9 busy
spy 3014681 LOC_CITIZEN_MAYA_MODERN_FEMALE_6 level 2 at 54:21 busy
spy 3080218 LOC_CITIZEN_MAYA_FEMALE_2 level 2 at 69:21 busy
spy 3801115 LOC_CITIZEN_MAYA_FEMALE_1 level 2 at 23:19 busy
spy 3538973 LOC_CITIZEN_MAYA_MODERN_MALE_3 level 1 at 73:12 refused
turn 109 spies 12 started 0 travelled 0 promoted 0 bought 0 gold 50000
unblock: blocker ENDTURN_BLOCKING_PRODUCTION -> CHICHEN_ITZA builds BUILDING_WALLS | end turn requested
unblock: blocker ENDTURN_BLOCKING_PRODUCTION -> CHICHEN_ITZA builds BUILDING_WALLS | end turn requested
unstuck: closed sessions [2:2]
unstuck: DiplomacyActionView: Closing Diplomacy Action View. m_eventID: 1779708
mission CityName=LOC_CITY_NAME_KAWHIA CompletionTurn=107 EscapeResult=-1 InitialResult=4 LevelAfter=3 LootInfo=-1 Name=LOC_CITIZEN_MAYA_MODERN_MALE_4 Operation=58 PlotIndex=1362
mission CityName=LOC_CITY_NAME_THEBES CompletionTurn=105 EscapeResult=-1 InitialResult=2 LevelAfter=2 LootInfo=-1 Name=LOC_CITIZEN_MAYA_FEMALE_1 Operation=58 PlotIndex=1619
mission CityName=LOC_CITY_NAME_KAWHIA CompletionTurn=101 EscapeResult=-1 InitialResult=5 LevelAfter=2 LootInfo=-1 Name=LOC_CITIZEN_MAYA_MODERN_MALE_4 Operation=58 PlotIndex=1362
mission CityName=LOC_CITY_NAME_LINKOPING CompletionTurn=100 EscapeResult=-1 InitialResult=1 LevelAfter=1 LootInfo=-1 Name=LOC_CITIZEN_MAYA_FEMALE_4 Operation=58 PlotIndex=993
mission CityName=LOC_CITY_NAME_GOTEBORG CompletionTurn=100 EscapeResult=-1 InitialResult=4 LevelAfter=3 LootInfo=-1 Name=LOC_CITIZEN_MAYA_MODERN_FEMALE_9 Operation=58 PlotIndex=1081
mission CityName=LOC_CITY_NAME_LUND CompletionTurn=99 EscapeResult=-1 InitialResult=1 LevelAfter=1 LootInfo=-1 Name=LOC_CITIZEN_MAYA_MODERN_MALE_2 Operation=58 PlotIndex=744
mission CityName=LOC_CITY_NAME_THEBES CompletionTurn=99 EscapeResult=-1 InitialResult=5 LevelAfter=2 LootInfo=-1 Name=LOC_CITIZEN_MAYA_FEMALE_1 Operation=58 PlotIndex=1619
mission CityName=LOC_CITY_NAME_NGARUAWAHIA CompletionTurn=98 EscapeResult=-1 InitialResult=2 LevelAfter=2 LootInfo=-1 Name=LOC_CITIZEN_MAYA_FEMALE_2 Operation=58 PlotIndex=1833
mission CityName=LOC_CITY_NAME_LINKOPING CompletionTurn=96 EscapeResult=-1 InitialResult=3 LevelAfter=1 LootInfo=-1 Name=LOC_CITIZEN_MAYA_FEMALE_4 Operation=58 PlotIndex=993
mission CityName=LOC_CITY_NAME_GOTEBORG CompletionTurn=94 EscapeResult=-1 InitialResult=5 LevelAfter=2 LootInfo=-1 Name=LOC_CITIZEN_MAYA_MODERN_FEMALE_9 Operation=58 PlotIndex=1081
mission CityName=LOC_CITY_NAME_STOCKHOLM CompletionTurn=93 EscapeResult=-1 InitialResult=0 LevelAfter=1 LootInfo=-1 Name=LOC_CITIZEN_MAYA_MALE_1 Operation=58 PlotIndex=1253
mission CityName=LOC_CITY_NAME_NGARUAWAHIA CompletionTurn=91 EscapeResult=-1 InitialResult=5 LevelAfter=2 LootInfo=-1 Name=LOC_CITIZEN_MAYA_FEMALE_2 Operation=58 PlotIndex=1833
mission CityName=LOC_CITY_NAME_TORONTO CompletionTurn=91 EscapeResult=-1 InitialResult=4 LevelAfter=2 LootInfo=-1 Name=LOC_CITIZEN_MAYA_MODERN_FEMALE_6 Operation=58 PlotIndex=1818
mission CityName=LOC_CITY_NAME_MONTREAL CompletionTurn=91 EscapeResult=-1 InitialResult=2 LevelAfter=1 LootInfo=-1 Name=LOC_CITIZEN_MAYA_MALE_7 Operation=58 PlotIndex=1314
mission CityName=LOC_CITY_NAME_TE_HOKIANGA_NU_A_KUPE CompletionTurn=89 EscapeResult=-1 InitialResult=4 LevelAfter=2 LootInfo=-1 Name=LOC_CITIZEN_MAYA_MODERN_FEMALE_4 Operation=58 PlotIndex=772
mission CityName=LOC_CITY_NAME_OTTAWA CompletionTurn=89 EscapeResult=-1 InitialResult=4 LevelAfter=2 LootInfo=-1 Name=LOC_CITIZEN_MAYA_MALE_8 Operation=58 PlotIndex=978
mission CityName=LOC_CITY_NAME_HALIFAX CompletionTurn=87 EscapeResult=-1 InitialResult=4 LevelAfter=2 LootInfo=-1 Name=LOC_CITIZEN_MAYA_FEMALE_7 Operation=58 PlotIndex=1409
mission CityName=LOC_CITY_NAME_MONTREAL CompletionTurn=87 EscapeResult=-1 InitialResult=3 LevelAfter=1 LootInfo=-1 Name=LOC_CITIZEN_MAYA_MALE_7 Operation=58 PlotIndex=1314
mission CityName=LOC_CITY_NAME_QUEBEC_CITY CompletionTurn=86 EscapeResult=-1 InitialResult=2 LevelAfter=1 LootInfo=-1 Name=LOC_CITIZEN_MAYA_MALE_5 Operation=58 PlotIndex=1404
mission CityName=LOC_CITY_NAME_TORONTO CompletionTurn=84 EscapeResult=-1 InitialResult=1 LevelAfter=1 LootInfo=-1 Name=LOC_CITIZEN_MAYA_MALE_2 Operation=58 PlotIndex=1818
mission CityName=LOC_CITY_NAME_MONTREAL CompletionTurn=83 EscapeResult=-1 InitialResult=3 LevelAfter=1 LootInfo=-1 Name=LOC_CITIZEN_MAYA_MALE_7 Operation=58 PlotIndex=1314
mission CityName=LOC_CITY_NAME_OTTAWA CompletionTurn=82 EscapeResult=-1 InitialResult=1 LevelAfter=1 LootInfo=-1 Name=LOC_CITIZEN_MAYA_MODERN_MALE_9 Operation=58 PlotIndex=978
tally 4  FOMENT_UNREST CAPTURED / NO_RESULT
tally 4  FOMENT_UNREST FAIL_MUST_ESCAPE / NO_RESULT
tally 3  FOMENT_UNREST FAIL_UNDETECTED / NO_RESULT
tally 1  FOMENT_UNREST KILLED / NO_RESULT
tally 6  FOMENT_UNREST SUCCESS_MUST_ESCAPE / NO_RESULT
tally 4  FOMENT_UNREST SUCCESS_UNDETECTED / NO_RESULT
turn 110 spies active 10 idle 2 missions 22 captured-enemy 0
spy 2359313 LOC_CITIZEN_MAYA_MALE_5 level 1 at 60:16 busy
spy 2031634 LOC_CITIZEN_MAYA_MALE_7 level 1 at 54:15 busy
spy 2555923 LOC_CITIZEN_MAYA_FEMALE_7 level 2 at 65:16 busy
spy 2293780 LOC_CITIZEN_MAYA_MODERN_FEMALE_3 level 1 at 54:15 refused
spy 2752533 LOC_CITIZEN_MAYA_MALE_8 level 2 at 54:11 busy
spy 3866646 LOC_CITIZEN_MAYA_MODERN_MALE_4 level 3 at 18:16 busy
spy 3342359 LOC_CITIZEN_MAYA_MODERN_FEMALE_9 level 3 at 73:12 busy
spy 2818072 LOC_CITIZEN_MAYA_MODERN_FEMALE_4 level 2 at 16:9 busy
spy 3014681 LOC_CITIZEN_MAYA_MODERN_FEMALE_6 level 2 at 54:21 busy
spy 3080218 LOC_CITIZEN_MAYA_FEMALE_2 level 2 at 69:21 busy
spy 3801115 LOC_CITIZEN_MAYA_FEMALE_1 level 2 at 23:19 busy
spy 3538973 LOC_CITIZEN_MAYA_MODERN_MALE_3 level 1 at 73:12 refused
turn 110 spies 12 started 0 travelled 0 promoted 0 bought 0 gold 50000
unblock: blocker ENDTURN_BLOCKING_PRODUCTION -> CHICHEN_ITZA builds BUILDING_WALLS | end turn requested
unblock: blocker ENDTURN_BLOCKING_PRODUCTION -> CHICHEN_ITZA builds BUILDING_WALLS | end turn requested
unstuck: closed sessions [1:1]
unstuck: DiplomacyActionView: Closing Diplomacy Action View. m_eventID: 1787473
unblock: blocker ENDTURN_BLOCKING_PRODUCTION -> CHICHEN_ITZA builds BUILDING_WALLS | end turn requested
unstuck: closed sessions [7:7]
unstuck: DiplomacyActionView: Closing Diplomacy Action View. m_eventID: 1791918
mission CityName=LOC_CITY_NAME_KAWHIA CompletionTurn=107 EscapeResult=-1 InitialResult=4 LevelAfter=3 LootInfo=-1 Name=LOC_CITIZEN_MAYA_MODERN_MALE_4 Operation=58 PlotIndex=1362
mission CityName=LOC_CITY_NAME_THEBES CompletionTurn=105 EscapeResult=-1 InitialResult=2 LevelAfter=2 LootInfo=-1 Name=LOC_CITIZEN_MAYA_FEMALE_1 Operation=58 PlotIndex=1619
mission CityName=LOC_CITY_NAME_KAWHIA CompletionTurn=101 EscapeResult=-1 InitialResult=5 LevelAfter=2 LootInfo=-1 Name=LOC_CITIZEN_MAYA_MODERN_MALE_4 Operation=58 PlotIndex=1362
mission CityName=LOC_CITY_NAME_LINKOPING CompletionTurn=100 EscapeResult=-1 InitialResult=1 LevelAfter=1 LootInfo=-1 Name=LOC_CITIZEN_MAYA_FEMALE_4 Operation=58 PlotIndex=993
mission CityName=LOC_CITY_NAME_GOTEBORG CompletionTurn=100 EscapeResult=-1 InitialResult=4 LevelAfter=3 LootInfo=-1 Name=LOC_CITIZEN_MAYA_MODERN_FEMALE_9 Operation=58 PlotIndex=1081
mission CityName=LOC_CITY_NAME_LUND CompletionTurn=99 EscapeResult=-1 InitialResult=1 LevelAfter=1 LootInfo=-1 Name=LOC_CITIZEN_MAYA_MODERN_MALE_2 Operation=58 PlotIndex=744
mission CityName=LOC_CITY_NAME_THEBES CompletionTurn=99 EscapeResult=-1 InitialResult=5 LevelAfter=2 LootInfo=-1 Name=LOC_CITIZEN_MAYA_FEMALE_1 Operation=58 PlotIndex=1619
mission CityName=LOC_CITY_NAME_NGARUAWAHIA CompletionTurn=98 EscapeResult=-1 InitialResult=2 LevelAfter=2 LootInfo=-1 Name=LOC_CITIZEN_MAYA_FEMALE_2 Operation=58 PlotIndex=1833
mission CityName=LOC_CITY_NAME_LINKOPING CompletionTurn=96 EscapeResult=-1 InitialResult=3 LevelAfter=1 LootInfo=-1 Name=LOC_CITIZEN_MAYA_FEMALE_4 Operation=58 PlotIndex=993
mission CityName=LOC_CITY_NAME_GOTEBORG CompletionTurn=94 EscapeResult=-1 InitialResult=5 LevelAfter=2 LootInfo=-1 Name=LOC_CITIZEN_MAYA_MODERN_FEMALE_9 Operation=58 PlotIndex=1081
mission CityName=LOC_CITY_NAME_STOCKHOLM CompletionTurn=93 EscapeResult=-1 InitialResult=0 LevelAfter=1 LootInfo=-1 Name=LOC_CITIZEN_MAYA_MALE_1 Operation=58 PlotIndex=1253
mission CityName=LOC_CITY_NAME_NGARUAWAHIA CompletionTurn=91 EscapeResult=-1 InitialResult=5 LevelAfter=2 LootInfo=-1 Name=LOC_CITIZEN_MAYA_FEMALE_2 Operation=58 PlotIndex=1833
mission CityName=LOC_CITY_NAME_TORONTO CompletionTurn=91 EscapeResult=-1 InitialResult=4 LevelAfter=2 LootInfo=-1 Name=LOC_CITIZEN_MAYA_MODERN_FEMALE_6 Operation=58 PlotIndex=1818
mission CityName=LOC_CITY_NAME_MONTREAL CompletionTurn=91 EscapeResult=-1 InitialResult=2 LevelAfter=1 LootInfo=-1 Name=LOC_CITIZEN_MAYA_MALE_7 Operation=58 PlotIndex=1314
mission CityName=LOC_CITY_NAME_TE_HOKIANGA_NU_A_KUPE CompletionTurn=89 EscapeResult=-1 InitialResult=4 LevelAfter=2 LootInfo=-1 Name=LOC_CITIZEN_MAYA_MODERN_FEMALE_4 Operation=58 PlotIndex=772
mission CityName=LOC_CITY_NAME_OTTAWA CompletionTurn=89 EscapeResult=-1 InitialResult=4 LevelAfter=2 LootInfo=-1 Name=LOC_CITIZEN_MAYA_MALE_8 Operation=58 PlotIndex=978
mission CityName=LOC_CITY_NAME_HALIFAX CompletionTurn=87 EscapeResult=-1 InitialResult=4 LevelAfter=2 LootInfo=-1 Name=LOC_CITIZEN_MAYA_FEMALE_7 Operation=58 PlotIndex=1409
mission CityName=LOC_CITY_NAME_MONTREAL CompletionTurn=87 EscapeResult=-1 InitialResult=3 LevelAfter=1 LootInfo=-1 Name=LOC_CITIZEN_MAYA_MALE_7 Operation=58 PlotIndex=1314
mission CityName=LOC_CITY_NAME_QUEBEC_CITY CompletionTurn=86 EscapeResult=-1 InitialResult=2 LevelAfter=1 LootInfo=-1 Name=LOC_CITIZEN_MAYA_MALE_5 Operation=58 PlotIndex=1404
mission CityName=LOC_CITY_NAME_TORONTO CompletionTurn=84 EscapeResult=-1 InitialResult=1 LevelAfter=1 LootInfo=-1 Name=LOC_CITIZEN_MAYA_MALE_2 Operation=58 PlotIndex=1818
mission CityName=LOC_CITY_NAME_MONTREAL CompletionTurn=83 EscapeResult=-1 InitialResult=3 LevelAfter=1 LootInfo=-1 Name=LOC_CITIZEN_MAYA_MALE_7 Operation=58 PlotIndex=1314
mission CityName=LOC_CITY_NAME_OTTAWA CompletionTurn=82 EscapeResult=-1 InitialResult=1 LevelAfter=1 LootInfo=-1 Name=LOC_CITIZEN_MAYA_MODERN_MALE_9 Operation=58 PlotIndex=978
tally 4  FOMENT_UNREST CAPTURED / NO_RESULT
tally 4  FOMENT_UNREST FAIL_MUST_ESCAPE / NO_RESULT
tally 3  FOMENT_UNREST FAIL_UNDETECTED / NO_RESULT
tally 1  FOMENT_UNREST KILLED / NO_RESULT
tally 6  FOMENT_UNREST SUCCESS_MUST_ESCAPE / NO_RESULT
tally 4  FOMENT_UNREST SUCCESS_UNDETECTED / NO_RESULT
turn 111 spies active 10 idle 2 missions 22 captured-enemy 0
spy 2359313 LOC_CITIZEN_MAYA_MALE_5 level 1 at 60:16 busy
spy 2031634 LOC_CITIZEN_MAYA_MALE_7 level 1 at 54:15 busy
spy 2555923 LOC_CITIZEN_MAYA_FEMALE_7 level 2 at 65:16 busy
spy 2293780 LOC_CITIZEN_MAYA_MODERN_FEMALE_3 level 1 at 54:15 refused
spy 2752533 LOC_CITIZEN_MAYA_MALE_8 level 2 at 54:11 busy
spy 3866646 LOC_CITIZEN_MAYA_MODERN_MALE_4 level 3 at 18:16 busy
spy 3342359 LOC_CITIZEN_MAYA_MODERN_FEMALE_9 level 3 at 73:12 busy
spy 2818072 LOC_CITIZEN_MAYA_MODERN_FEMALE_4 level 2 at 16:9 busy
spy 3014681 LOC_CITIZEN_MAYA_MODERN_FEMALE_6 level 2 at 54:21 busy
spy 3080218 LOC_CITIZEN_MAYA_FEMALE_2 level 2 at 69:21 busy
spy 3801115 LOC_CITIZEN_MAYA_FEMALE_1 level 2 at 23:19 busy
spy 3538973 LOC_CITIZEN_MAYA_MODERN_MALE_3 level 1 at 73:12 refused
turn 111 spies 12 started 0 travelled 0 promoted 0 bought 0 gold 50000
unblock: blocker ENDTURN_BLOCKING_PRODUCTION -> CHICHEN_ITZA builds BUILDING_WALLS | end turn requested
unblock: blocker ENDTURN_BLOCKING_PRODUCTION -> CHICHEN_ITZA builds BUILDING_WALLS | end turn requested
unstuck: closed sessions [7:7]
unstuck: DiplomacyActionView: Closing Diplomacy Action View. m_eventID: 1800474
mission CityName=LOC_CITY_NAME_KAWHIA CompletionTurn=107 EscapeResult=-1 InitialResult=4 LevelAfter=3 LootInfo=-1 Name=LOC_CITIZEN_MAYA_MODERN_MALE_4 Operation=58 PlotIndex=1362
mission CityName=LOC_CITY_NAME_THEBES CompletionTurn=105 EscapeResult=-1 InitialResult=2 LevelAfter=2 LootInfo=-1 Name=LOC_CITIZEN_MAYA_FEMALE_1 Operation=58 PlotIndex=1619
mission CityName=LOC_CITY_NAME_KAWHIA CompletionTurn=101 EscapeResult=-1 InitialResult=5 LevelAfter=2 LootInfo=-1 Name=LOC_CITIZEN_MAYA_MODERN_MALE_4 Operation=58 PlotIndex=1362
mission CityName=LOC_CITY_NAME_LINKOPING CompletionTurn=100 EscapeResult=-1 InitialResult=1 LevelAfter=1 LootInfo=-1 Name=LOC_CITIZEN_MAYA_FEMALE_4 Operation=58 PlotIndex=993
mission CityName=LOC_CITY_NAME_GOTEBORG CompletionTurn=100 EscapeResult=-1 InitialResult=4 LevelAfter=3 LootInfo=-1 Name=LOC_CITIZEN_MAYA_MODERN_FEMALE_9 Operation=58 PlotIndex=1081
mission CityName=LOC_CITY_NAME_LUND CompletionTurn=99 EscapeResult=-1 InitialResult=1 LevelAfter=1 LootInfo=-1 Name=LOC_CITIZEN_MAYA_MODERN_MALE_2 Operation=58 PlotIndex=744
mission CityName=LOC_CITY_NAME_THEBES CompletionTurn=99 EscapeResult=-1 InitialResult=5 LevelAfter=2 LootInfo=-1 Name=LOC_CITIZEN_MAYA_FEMALE_1 Operation=58 PlotIndex=1619
mission CityName=LOC_CITY_NAME_NGARUAWAHIA CompletionTurn=98 EscapeResult=-1 InitialResult=2 LevelAfter=2 LootInfo=-1 Name=LOC_CITIZEN_MAYA_FEMALE_2 Operation=58 PlotIndex=1833
mission CityName=LOC_CITY_NAME_LINKOPING CompletionTurn=96 EscapeResult=-1 InitialResult=3 LevelAfter=1 LootInfo=-1 Name=LOC_CITIZEN_MAYA_FEMALE_4 Operation=58 PlotIndex=993
mission CityName=LOC_CITY_NAME_GOTEBORG CompletionTurn=94 EscapeResult=-1 InitialResult=5 LevelAfter=2 LootInfo=-1 Name=LOC_CITIZEN_MAYA_MODERN_FEMALE_9 Operation=58 PlotIndex=1081
mission CityName=LOC_CITY_NAME_STOCKHOLM CompletionTurn=93 EscapeResult=-1 InitialResult=0 LevelAfter=1 LootInfo=-1 Name=LOC_CITIZEN_MAYA_MALE_1 Operation=58 PlotIndex=1253
mission CityName=LOC_CITY_NAME_NGARUAWAHIA CompletionTurn=91 EscapeResult=-1 InitialResult=5 LevelAfter=2 LootInfo=-1 Name=LOC_CITIZEN_MAYA_FEMALE_2 Operation=58 PlotIndex=1833
mission CityName=LOC_CITY_NAME_TORONTO CompletionTurn=91 EscapeResult=-1 InitialResult=4 LevelAfter=2 LootInfo=-1 Name=LOC_CITIZEN_MAYA_MODERN_FEMALE_6 Operation=58 PlotIndex=1818
mission CityName=LOC_CITY_NAME_MONTREAL CompletionTurn=91 EscapeResult=-1 InitialResult=2 LevelAfter=1 LootInfo=-1 Name=LOC_CITIZEN_MAYA_MALE_7 Operation=58 PlotIndex=1314
mission CityName=LOC_CITY_NAME_TE_HOKIANGA_NU_A_KUPE CompletionTurn=89 EscapeResult=-1 InitialResult=4 LevelAfter=2 LootInfo=-1 Name=LOC_CITIZEN_MAYA_MODERN_FEMALE_4 Operation=58 PlotIndex=772
mission CityName=LOC_CITY_NAME_OTTAWA CompletionTurn=89 EscapeResult=-1 InitialResult=4 LevelAfter=2 LootInfo=-1 Name=LOC_CITIZEN_MAYA_MALE_8 Operation=58 PlotIndex=978
mission CityName=LOC_CITY_NAME_HALIFAX CompletionTurn=87 EscapeResult=-1 InitialResult=4 LevelAfter=2 LootInfo=-1 Name=LOC_CITIZEN_MAYA_FEMALE_7 Operation=58 PlotIndex=1409
mission CityName=LOC_CITY_NAME_MONTREAL CompletionTurn=87 EscapeResult=-1 InitialResult=3 LevelAfter=1 LootInfo=-1 Name=LOC_CITIZEN_MAYA_MALE_7 Operation=58 PlotIndex=1314
mission CityName=LOC_CITY_NAME_QUEBEC_CITY CompletionTurn=86 EscapeResult=-1 InitialResult=2 LevelAfter=1 LootInfo=-1 Name=LOC_CITIZEN_MAYA_MALE_5 Operation=58 PlotIndex=1404
mission CityName=LOC_CITY_NAME_TORONTO CompletionTurn=84 EscapeResult=-1 InitialResult=1 LevelAfter=1 LootInfo=-1 Name=LOC_CITIZEN_MAYA_MALE_2 Operation=58 PlotIndex=1818
mission CityName=LOC_CITY_NAME_MONTREAL CompletionTurn=83 EscapeResult=-1 InitialResult=3 LevelAfter=1 LootInfo=-1 Name=LOC_CITIZEN_MAYA_MALE_7 Operation=58 PlotIndex=1314
mission CityName=LOC_CITY_NAME_OTTAWA CompletionTurn=82 EscapeResult=-1 InitialResult=1 LevelAfter=1 LootInfo=-1 Name=LOC_CITIZEN_MAYA_MODERN_MALE_9 Operation=58 PlotIndex=978
tally 4  FOMENT_UNREST CAPTURED / NO_RESULT
tally 4  FOMENT_UNREST FAIL_MUST_ESCAPE / NO_RESULT
tally 3  FOMENT_UNREST FAIL_UNDETECTED / NO_RESULT
tally 1  FOMENT_UNREST KILLED / NO_RESULT
tally 6  FOMENT_UNREST SUCCESS_MUST_ESCAPE / NO_RESULT
tally 4  FOMENT_UNREST SUCCESS_UNDETECTED / NO_RESULT
turn 112 spies active 10 idle 2 missions 22 captured-enemy 0
spy 2359313 LOC_CITIZEN_MAYA_MALE_5 level 1 at 60:16 busy
spy 2031634 LOC_CITIZEN_MAYA_MALE_7 level 1 at 54:15 busy
spy 2555923 LOC_CITIZEN_MAYA_FEMALE_7 level 2 at 65:16 busy
spy 2293780 LOC_CITIZEN_MAYA_MODERN_FEMALE_3 level 1 at 54:15 refused
spy 2752533 LOC_CITIZEN_MAYA_MALE_8 level 2 at 54:11 busy
spy 3866646 LOC_CITIZEN_MAYA_MODERN_MALE_4 level 3 at 18:16 busy
spy 3342359 LOC_CITIZEN_MAYA_MODERN_FEMALE_9 level 3 at 73:12 busy
spy 2818072 LOC_CITIZEN_MAYA_MODERN_FEMALE_4 level 2 at 16:9 busy
spy 3014681 LOC_CITIZEN_MAYA_MODERN_FEMALE_6 level 2 at 54:21 busy
spy 3080218 LOC_CITIZEN_MAYA_FEMALE_2 level 2 at 69:21 busy
spy 3801115 LOC_CITIZEN_MAYA_FEMALE_1 level 2 at 23:19 busy
spy 3538973 LOC_CITIZEN_MAYA_MODERN_MALE_3 level 1 at 73:12 refused
turn 112 spies 12 started 0 travelled 0 promoted 0 bought 0 gold 50000
unblock: blocker ENDTURN_BLOCKING_PRODUCTION -> CHICHEN_ITZA builds BUILDING_WALLS | end turn requested
mission CityName=LOC_CITY_NAME_KAWHIA CompletionTurn=107 EscapeResult=-1 InitialResult=4 LevelAfter=3 LootInfo=-1 Name=LOC_CITIZEN_MAYA_MODERN_MALE_4 Operation=58 PlotIndex=1362
mission CityName=LOC_CITY_NAME_THEBES CompletionTurn=105 EscapeResult=-1 InitialResult=2 LevelAfter=2 LootInfo=-1 Name=LOC_CITIZEN_MAYA_FEMALE_1 Operation=58 PlotIndex=1619
mission CityName=LOC_CITY_NAME_KAWHIA CompletionTurn=101 EscapeResult=-1 InitialResult=5 LevelAfter=2 LootInfo=-1 Name=LOC_CITIZEN_MAYA_MODERN_MALE_4 Operation=58 PlotIndex=1362
mission CityName=LOC_CITY_NAME_LINKOPING CompletionTurn=100 EscapeResult=-1 InitialResult=1 LevelAfter=1 LootInfo=-1 Name=LOC_CITIZEN_MAYA_FEMALE_4 Operation=58 PlotIndex=993
mission CityName=LOC_CITY_NAME_GOTEBORG CompletionTurn=100 EscapeResult=-1 InitialResult=4 LevelAfter=3 LootInfo=-1 Name=LOC_CITIZEN_MAYA_MODERN_FEMALE_9 Operation=58 PlotIndex=1081
mission CityName=LOC_CITY_NAME_LUND CompletionTurn=99 EscapeResult=-1 InitialResult=1 LevelAfter=1 LootInfo=-1 Name=LOC_CITIZEN_MAYA_MODERN_MALE_2 Operation=58 PlotIndex=744
mission CityName=LOC_CITY_NAME_THEBES CompletionTurn=99 EscapeResult=-1 InitialResult=5 LevelAfter=2 LootInfo=-1 Name=LOC_CITIZEN_MAYA_FEMALE_1 Operation=58 PlotIndex=1619
mission CityName=LOC_CITY_NAME_NGARUAWAHIA CompletionTurn=98 EscapeResult=-1 InitialResult=2 LevelAfter=2 LootInfo=-1 Name=LOC_CITIZEN_MAYA_FEMALE_2 Operation=58 PlotIndex=1833
mission CityName=LOC_CITY_NAME_LINKOPING CompletionTurn=96 EscapeResult=-1 InitialResult=3 LevelAfter=1 LootInfo=-1 Name=LOC_CITIZEN_MAYA_FEMALE_4 Operation=58 PlotIndex=993
mission CityName=LOC_CITY_NAME_GOTEBORG CompletionTurn=94 EscapeResult=-1 InitialResult=5 LevelAfter=2 LootInfo=-1 Name=LOC_CITIZEN_MAYA_MODERN_FEMALE_9 Operation=58 PlotIndex=1081
mission CityName=LOC_CITY_NAME_STOCKHOLM CompletionTurn=93 EscapeResult=-1 InitialResult=0 LevelAfter=1 LootInfo=-1 Name=LOC_CITIZEN_MAYA_MALE_1 Operation=58 PlotIndex=1253
mission CityName=LOC_CITY_NAME_NGARUAWAHIA CompletionTurn=91 EscapeResult=-1 InitialResult=5 LevelAfter=2 LootInfo=-1 Name=LOC_CITIZEN_MAYA_FEMALE_2 Operation=58 PlotIndex=1833
mission CityName=LOC_CITY_NAME_TORONTO CompletionTurn=91 EscapeResult=-1 InitialResult=4 LevelAfter=2 LootInfo=-1 Name=LOC_CITIZEN_MAYA_MODERN_FEMALE_6 Operation=58 PlotIndex=1818
mission CityName=LOC_CITY_NAME_MONTREAL CompletionTurn=91 EscapeResult=-1 InitialResult=2 LevelAfter=1 LootInfo=-1 Name=LOC_CITIZEN_MAYA_MALE_7 Operation=58 PlotIndex=1314
mission CityName=LOC_CITY_NAME_TE_HOKIANGA_NU_A_KUPE CompletionTurn=89 EscapeResult=-1 InitialResult=4 LevelAfter=2 LootInfo=-1 Name=LOC_CITIZEN_MAYA_MODERN_FEMALE_4 Operation=58 PlotIndex=772
mission CityName=LOC_CITY_NAME_OTTAWA CompletionTurn=89 EscapeResult=-1 InitialResult=4 LevelAfter=2 LootInfo=-1 Name=LOC_CITIZEN_MAYA_MALE_8 Operation=58 PlotIndex=978
mission CityName=LOC_CITY_NAME_HALIFAX CompletionTurn=87 EscapeResult=-1 InitialResult=4 LevelAfter=2 LootInfo=-1 Name=LOC_CITIZEN_MAYA_FEMALE_7 Operation=58 PlotIndex=1409
mission CityName=LOC_CITY_NAME_MONTREAL CompletionTurn=87 EscapeResult=-1 InitialResult=3 LevelAfter=1 LootInfo=-1 Name=LOC_CITIZEN_MAYA_MALE_7 Operation=58 PlotIndex=1314
mission CityName=LOC_CITY_NAME_QUEBEC_CITY CompletionTurn=86 EscapeResult=-1 InitialResult=2 LevelAfter=1 LootInfo=-1 Name=LOC_CITIZEN_MAYA_MALE_5 Operation=58 PlotIndex=1404
mission CityName=LOC_CITY_NAME_TORONTO CompletionTurn=84 EscapeResult=-1 InitialResult=1 LevelAfter=1 LootInfo=-1 Name=LOC_CITIZEN_MAYA_MALE_2 Operation=58 PlotIndex=1818
mission CityName=LOC_CITY_NAME_MONTREAL CompletionTurn=83 EscapeResult=-1 InitialResult=3 LevelAfter=1 LootInfo=-1 Name=LOC_CITIZEN_MAYA_MALE_7 Operation=58 PlotIndex=1314
mission CityName=LOC_CITY_NAME_OTTAWA CompletionTurn=82 EscapeResult=-1 InitialResult=1 LevelAfter=1 LootInfo=-1 Name=LOC_CITIZEN_MAYA_MODERN_MALE_9 Operation=58 PlotIndex=978
tally 4  FOMENT_UNREST CAPTURED / NO_RESULT
tally 4  FOMENT_UNREST FAIL_MUST_ESCAPE / NO_RESULT
tally 3  FOMENT_UNREST FAIL_UNDETECTED / NO_RESULT
tally 1  FOMENT_UNREST KILLED / NO_RESULT
tally 6  FOMENT_UNREST SUCCESS_MUST_ESCAPE / NO_RESULT
tally 4  FOMENT_UNREST SUCCESS_UNDETECTED / NO_RESULT
turn 113 spies active 10 idle 2 missions 22 captured-enemy 0
spy 2359313 LOC_CITIZEN_MAYA_MALE_5 level 1 at 60:16 busy
spy 2031634 LOC_CITIZEN_MAYA_MALE_7 level 1 at 54:15 busy
spy 2555923 LOC_CITIZEN_MAYA_FEMALE_7 level 2 at 65:16 busy
spy 2293780 LOC_CITIZEN_MAYA_MODERN_FEMALE_3 level 1 at 54:15 refused
spy 2752533 LOC_CITIZEN_MAYA_MALE_8 level 2 at 54:11 busy
spy 3866646 LOC_CITIZEN_MAYA_MODERN_MALE_4 level 3 at 18:16 busy
spy 3342359 LOC_CITIZEN_MAYA_MODERN_FEMALE_9 level 3 at 73:12 busy
spy 2818072 LOC_CITIZEN_MAYA_MODERN_FEMALE_4 level 2 at 16:9 busy
spy 3014681 LOC_CITIZEN_MAYA_MODERN_FEMALE_6 level 2 at 54:21 busy
spy 3080218 LOC_CITIZEN_MAYA_FEMALE_2 level 2 at 69:21 busy
spy 3801115 LOC_CITIZEN_MAYA_FEMALE_1 level 2 at 23:19 busy
spy 3538973 LOC_CITIZEN_MAYA_MODERN_MALE_3 level 1 at 73:12 refused
turn 113 spies 12 started 0 travelled 0 promoted 0 bought 0 gold 50000
unblock: blocker ENDTURN_BLOCKING_PRODUCTION -> CHICHEN_ITZA builds BUILDING_WALLS | end turn requested
unblock: blocker ENDTURN_BLOCKING_PRODUCTION -> CHICHEN_ITZA builds BUILDING_WALLS | end turn requested
unstuck: closed sessions [2:2]
mission CityName=LOC_CITY_NAME_KAWHIA CompletionTurn=107 EscapeResult=-1 InitialResult=4 LevelAfter=3 LootInfo=-1 Name=LOC_CITIZEN_MAYA_MODERN_MALE_4 Operation=58 PlotIndex=1362
mission CityName=LOC_CITY_NAME_THEBES CompletionTurn=105 EscapeResult=-1 InitialResult=2 LevelAfter=2 LootInfo=-1 Name=LOC_CITIZEN_MAYA_FEMALE_1 Operation=58 PlotIndex=1619
mission CityName=LOC_CITY_NAME_KAWHIA CompletionTurn=101 EscapeResult=-1 InitialResult=5 LevelAfter=2 LootInfo=-1 Name=LOC_CITIZEN_MAYA_MODERN_MALE_4 Operation=58 PlotIndex=1362
mission CityName=LOC_CITY_NAME_LINKOPING CompletionTurn=100 EscapeResult=-1 InitialResult=1 LevelAfter=1 LootInfo=-1 Name=LOC_CITIZEN_MAYA_FEMALE_4 Operation=58 PlotIndex=993
mission CityName=LOC_CITY_NAME_GOTEBORG CompletionTurn=100 EscapeResult=-1 InitialResult=4 LevelAfter=3 LootInfo=-1 Name=LOC_CITIZEN_MAYA_MODERN_FEMALE_9 Operation=58 PlotIndex=1081
mission CityName=LOC_CITY_NAME_LUND CompletionTurn=99 EscapeResult=-1 InitialResult=1 LevelAfter=1 LootInfo=-1 Name=LOC_CITIZEN_MAYA_MODERN_MALE_2 Operation=58 PlotIndex=744
mission CityName=LOC_CITY_NAME_THEBES CompletionTurn=99 EscapeResult=-1 InitialResult=5 LevelAfter=2 LootInfo=-1 Name=LOC_CITIZEN_MAYA_FEMALE_1 Operation=58 PlotIndex=1619
mission CityName=LOC_CITY_NAME_NGARUAWAHIA CompletionTurn=98 EscapeResult=-1 InitialResult=2 LevelAfter=2 LootInfo=-1 Name=LOC_CITIZEN_MAYA_FEMALE_2 Operation=58 PlotIndex=1833
mission CityName=LOC_CITY_NAME_LINKOPING CompletionTurn=96 EscapeResult=-1 InitialResult=3 LevelAfter=1 LootInfo=-1 Name=LOC_CITIZEN_MAYA_FEMALE_4 Operation=58 PlotIndex=993
mission CityName=LOC_CITY_NAME_GOTEBORG CompletionTurn=94 EscapeResult=-1 InitialResult=5 LevelAfter=2 LootInfo=-1 Name=LOC_CITIZEN_MAYA_MODERN_FEMALE_9 Operation=58 PlotIndex=1081
mission CityName=LOC_CITY_NAME_STOCKHOLM CompletionTurn=93 EscapeResult=-1 InitialResult=0 LevelAfter=1 LootInfo=-1 Name=LOC_CITIZEN_MAYA_MALE_1 Operation=58 PlotIndex=1253
mission CityName=LOC_CITY_NAME_NGARUAWAHIA CompletionTurn=91 EscapeResult=-1 InitialResult=5 LevelAfter=2 LootInfo=-1 Name=LOC_CITIZEN_MAYA_FEMALE_2 Operation=58 PlotIndex=1833
mission CityName=LOC_CITY_NAME_TORONTO CompletionTurn=91 EscapeResult=-1 InitialResult=4 LevelAfter=2 LootInfo=-1 Name=LOC_CITIZEN_MAYA_MODERN_FEMALE_6 Operation=58 PlotIndex=1818
mission CityName=LOC_CITY_NAME_MONTREAL CompletionTurn=91 EscapeResult=-1 InitialResult=2 LevelAfter=1 LootInfo=-1 Name=LOC_CITIZEN_MAYA_MALE_7 Operation=58 PlotIndex=1314
mission CityName=LOC_CITY_NAME_TE_HOKIANGA_NU_A_KUPE CompletionTurn=89 EscapeResult=-1 InitialResult=4 LevelAfter=2 LootInfo=-1 Name=LOC_CITIZEN_MAYA_MODERN_FEMALE_4 Operation=58 PlotIndex=772
mission CityName=LOC_CITY_NAME_OTTAWA CompletionTurn=89 EscapeResult=-1 InitialResult=4 LevelAfter=2 LootInfo=-1 Name=LOC_CITIZEN_MAYA_MALE_8 Operation=58 PlotIndex=978
mission CityName=LOC_CITY_NAME_HALIFAX CompletionTurn=87 EscapeResult=-1 InitialResult=4 LevelAfter=2 LootInfo=-1 Name=LOC_CITIZEN_MAYA_FEMALE_7 Operation=58 PlotIndex=1409
mission CityName=LOC_CITY_NAME_MONTREAL CompletionTurn=87 EscapeResult=-1 InitialResult=3 LevelAfter=1 LootInfo=-1 Name=LOC_CITIZEN_MAYA_MALE_7 Operation=58 PlotIndex=1314
mission CityName=LOC_CITY_NAME_QUEBEC_CITY CompletionTurn=86 EscapeResult=-1 InitialResult=2 LevelAfter=1 LootInfo=-1 Name=LOC_CITIZEN_MAYA_MALE_5 Operation=58 PlotIndex=1404
mission CityName=LOC_CITY_NAME_TORONTO CompletionTurn=84 EscapeResult=-1 InitialResult=1 LevelAfter=1 LootInfo=-1 Name=LOC_CITIZEN_MAYA_MALE_2 Operation=58 PlotIndex=1818
mission CityName=LOC_CITY_NAME_MONTREAL CompletionTurn=83 EscapeResult=-1 InitialResult=3 LevelAfter=1 LootInfo=-1 Name=LOC_CITIZEN_MAYA_MALE_7 Operation=58 PlotIndex=1314
mission CityName=LOC_CITY_NAME_OTTAWA CompletionTurn=82 EscapeResult=-1 InitialResult=1 LevelAfter=1 LootInfo=-1 Name=LOC_CITIZEN_MAYA_MODERN_MALE_9 Operation=58 PlotIndex=978
tally 4  FOMENT_UNREST CAPTURED / NO_RESULT
tally 4  FOMENT_UNREST FAIL_MUST_ESCAPE / NO_RESULT
tally 3  FOMENT_UNREST FAIL_UNDETECTED / NO_RESULT
tally 1  FOMENT_UNREST KILLED / NO_RESULT
tally 6  FOMENT_UNREST SUCCESS_MUST_ESCAPE / NO_RESULT
tally 4  FOMENT_UNREST SUCCESS_UNDETECTED / NO_RESULT
turn 114 spies active 10 idle 2 missions 22 captured-enemy 0
spy 2359313 LOC_CITIZEN_MAYA_MALE_5 level 1 at 60:16 busy
spy 2031634 LOC_CITIZEN_MAYA_MALE_7 level 1 at 54:15 busy
spy 2555923 LOC_CITIZEN_MAYA_FEMALE_7 level 2 at 65:16 busy
spy 2293780 LOC_CITIZEN_MAYA_MODERN_FEMALE_3 level 1 at 54:15 refused
spy 2752533 LOC_CITIZEN_MAYA_MALE_8 level 2 at 54:11 busy
spy 3866646 LOC_CITIZEN_MAYA_MODERN_MALE_4 level 3 at 18:16 busy
spy 3342359 LOC_CITIZEN_MAYA_MODERN_FEMALE_9 level 3 at 73:12 busy
spy 2818072 LOC_CITIZEN_MAYA_MODERN_FEMALE_4 level 2 at 16:9 busy
spy 3014681 LOC_CITIZEN_MAYA_MODERN_FEMALE_6 level 2 at 54:21 busy
spy 3080218 LOC_CITIZEN_MAYA_FEMALE_2 level 2 at 69:21 busy
spy 3801115 LOC_CITIZEN_MAYA_FEMALE_1 level 2 at 23:19 busy
spy 3538973 LOC_CITIZEN_MAYA_MODERN_MALE_3 level 1 at 73:12 refused
turn 114 spies 12 started 0 travelled 0 promoted 0 bought 0 gold 50000
unblock: blocker ENDTURN_BLOCKING_PRODUCTION -> CHICHEN_ITZA builds BUILDING_WALLS | end turn requested
unstuck: closed sessions [1:1]
unblock: blocker ENDTURN_BLOCKING_PRODUCTION -> CHICHEN_ITZA builds BUILDING_WALLS | end turn requested
unstuck: DiplomacyActionView: closed
unblock: blocker ENDTURN_BLOCKING_PRODUCTION -> CHICHEN_ITZA builds BUILDING_WALLS | end turn requested
unstuck: closed sessions [3:3]
unstuck: DiplomacyActionView: Closing Diplomacy Action View. m_eventID: 1824600
mission CityName=LOC_CITY_NAME_KAWHIA CompletionTurn=107 EscapeResult=-1 InitialResult=4 LevelAfter=3 LootInfo=-1 Name=LOC_CITIZEN_MAYA_MODERN_MALE_4 Operation=58 PlotIndex=1362
mission CityName=LOC_CITY_NAME_THEBES CompletionTurn=105 EscapeResult=-1 InitialResult=2 LevelAfter=2 LootInfo=-1 Name=LOC_CITIZEN_MAYA_FEMALE_1 Operation=58 PlotIndex=1619
mission CityName=LOC_CITY_NAME_KAWHIA CompletionTurn=101 EscapeResult=-1 InitialResult=5 LevelAfter=2 LootInfo=-1 Name=LOC_CITIZEN_MAYA_MODERN_MALE_4 Operation=58 PlotIndex=1362
mission CityName=LOC_CITY_NAME_LINKOPING CompletionTurn=100 EscapeResult=-1 InitialResult=1 LevelAfter=1 LootInfo=-1 Name=LOC_CITIZEN_MAYA_FEMALE_4 Operation=58 PlotIndex=993
mission CityName=LOC_CITY_NAME_GOTEBORG CompletionTurn=100 EscapeResult=-1 InitialResult=4 LevelAfter=3 LootInfo=-1 Name=LOC_CITIZEN_MAYA_MODERN_FEMALE_9 Operation=58 PlotIndex=1081
mission CityName=LOC_CITY_NAME_LUND CompletionTurn=99 EscapeResult=-1 InitialResult=1 LevelAfter=1 LootInfo=-1 Name=LOC_CITIZEN_MAYA_MODERN_MALE_2 Operation=58 PlotIndex=744
mission CityName=LOC_CITY_NAME_THEBES CompletionTurn=99 EscapeResult=-1 InitialResult=5 LevelAfter=2 LootInfo=-1 Name=LOC_CITIZEN_MAYA_FEMALE_1 Operation=58 PlotIndex=1619
mission CityName=LOC_CITY_NAME_NGARUAWAHIA CompletionTurn=98 EscapeResult=-1 InitialResult=2 LevelAfter=2 LootInfo=-1 Name=LOC_CITIZEN_MAYA_FEMALE_2 Operation=58 PlotIndex=1833
mission CityName=LOC_CITY_NAME_LINKOPING CompletionTurn=96 EscapeResult=-1 InitialResult=3 LevelAfter=1 LootInfo=-1 Name=LOC_CITIZEN_MAYA_FEMALE_4 Operation=58 PlotIndex=993
mission CityName=LOC_CITY_NAME_GOTEBORG CompletionTurn=94 EscapeResult=-1 InitialResult=5 LevelAfter=2 LootInfo=-1 Name=LOC_CITIZEN_MAYA_MODERN_FEMALE_9 Operation=58 PlotIndex=1081
mission CityName=LOC_CITY_NAME_STOCKHOLM CompletionTurn=93 EscapeResult=-1 InitialResult=0 LevelAfter=1 LootInfo=-1 Name=LOC_CITIZEN_MAYA_MALE_1 Operation=58 PlotIndex=1253
mission CityName=LOC_CITY_NAME_NGARUAWAHIA CompletionTurn=91 EscapeResult=-1 InitialResult=5 LevelAfter=2 LootInfo=-1 Name=LOC_CITIZEN_MAYA_FEMALE_2 Operation=58 PlotIndex=1833
mission CityName=LOC_CITY_NAME_TORONTO CompletionTurn=91 EscapeResult=-1 InitialResult=4 LevelAfter=2 LootInfo=-1 Name=LOC_CITIZEN_MAYA_MODERN_FEMALE_6 Operation=58 PlotIndex=1818
mission CityName=LOC_CITY_NAME_MONTREAL CompletionTurn=91 EscapeResult=-1 InitialResult=2 LevelAfter=1 LootInfo=-1 Name=LOC_CITIZEN_MAYA_MALE_7 Operation=58 PlotIndex=1314
mission CityName=LOC_CITY_NAME_TE_HOKIANGA_NU_A_KUPE CompletionTurn=89 EscapeResult=-1 InitialResult=4 LevelAfter=2 LootInfo=-1 Name=LOC_CITIZEN_MAYA_MODERN_FEMALE_4 Operation=58 PlotIndex=772
mission CityName=LOC_CITY_NAME_OTTAWA CompletionTurn=89 EscapeResult=-1 InitialResult=4 LevelAfter=2 LootInfo=-1 Name=LOC_CITIZEN_MAYA_MALE_8 Operation=58 PlotIndex=978
mission CityName=LOC_CITY_NAME_HALIFAX CompletionTurn=87 EscapeResult=-1 InitialResult=4 LevelAfter=2 LootInfo=-1 Name=LOC_CITIZEN_MAYA_FEMALE_7 Operation=58 PlotIndex=1409
mission CityName=LOC_CITY_NAME_MONTREAL CompletionTurn=87 EscapeResult=-1 InitialResult=3 LevelAfter=1 LootInfo=-1 Name=LOC_CITIZEN_MAYA_MALE_7 Operation=58 PlotIndex=1314
mission CityName=LOC_CITY_NAME_QUEBEC_CITY CompletionTurn=86 EscapeResult=-1 InitialResult=2 LevelAfter=1 LootInfo=-1 Name=LOC_CITIZEN_MAYA_MALE_5 Operation=58 PlotIndex=1404
mission CityName=LOC_CITY_NAME_TORONTO CompletionTurn=84 EscapeResult=-1 InitialResult=1 LevelAfter=1 LootInfo=-1 Name=LOC_CITIZEN_MAYA_MALE_2 Operation=58 PlotIndex=1818
mission CityName=LOC_CITY_NAME_MONTREAL CompletionTurn=83 EscapeResult=-1 InitialResult=3 LevelAfter=1 LootInfo=-1 Name=LOC_CITIZEN_MAYA_MALE_7 Operation=58 PlotIndex=1314
mission CityName=LOC_CITY_NAME_OTTAWA CompletionTurn=82 EscapeResult=-1 InitialResult=1 LevelAfter=1 LootInfo=-1 Name=LOC_CITIZEN_MAYA_MODERN_MALE_9 Operation=58 PlotIndex=978
tally 4  FOMENT_UNREST CAPTURED / NO_RESULT
tally 4  FOMENT_UNREST FAIL_MUST_ESCAPE / NO_RESULT
tally 3  FOMENT_UNREST FAIL_UNDETECTED / NO_RESULT
tally 1  FOMENT_UNREST KILLED / NO_RESULT
tally 6  FOMENT_UNREST SUCCESS_MUST_ESCAPE / NO_RESULT
tally 4  FOMENT_UNREST SUCCESS_UNDETECTED / NO_RESULT
turn 115 spies active 10 idle 2 missions 22 captured-enemy 0
spy 2359313 LOC_CITIZEN_MAYA_MALE_5 level 1 at 60:16 busy
spy 2031634 LOC_CITIZEN_MAYA_MALE_7 level 1 at 54:15 busy
spy 2555923 LOC_CITIZEN_MAYA_FEMALE_7 level 2 at 65:16 busy
spy 2293780 LOC_CITIZEN_MAYA_MODERN_FEMALE_3 level 1 at 54:15 refused
spy 2752533 LOC_CITIZEN_MAYA_MALE_8 level 2 at 54:11 busy
spy 3866646 LOC_CITIZEN_MAYA_MODERN_MALE_4 level 3 at 18:16 busy
spy 3342359 LOC_CITIZEN_MAYA_MODERN_FEMALE_9 level 3 at 73:12 busy
spy 2818072 LOC_CITIZEN_MAYA_MODERN_FEMALE_4 level 2 at 16:9 busy
spy 3014681 LOC_CITIZEN_MAYA_MODERN_FEMALE_6 level 2 at 54:21 busy
spy 3080218 LOC_CITIZEN_MAYA_FEMALE_2 level 2 at 69:21 busy
spy 3801115 LOC_CITIZEN_MAYA_FEMALE_1 level 2 at 23:19 busy
spy 3538973 LOC_CITIZEN_MAYA_MODERN_MALE_3 level 1 at 73:12 refused
turn 115 spies 12 started 0 travelled 0 promoted 0 bought 0 gold 50000
unblock: blocker ENDTURN_BLOCKING_PRODUCTION -> CHICHEN_ITZA builds BUILDING_WALLS | end turn requested
unblock: blocker ENDTURN_BLOCKING_PRODUCTION -> CHICHEN_ITZA builds BUILDING_WALLS | end turn requested
unstuck: closed sessions [1:1]
unstuck: DiplomacyActionView: Closing Diplomacy Action View. m_eventID: 1831244
unblock: blocker ENDTURN_BLOCKING_PRODUCTION -> CHICHEN_ITZA builds BUILDING_WALLS | end turn requested
unstuck: closed sessions [2:2]
unstuck: DiplomacyActionView: Closing Diplomacy Action View. m_eventID: 1831920
unblock: blocker ENDTURN_BLOCKING_PRODUCTION -> CHICHEN_ITZA builds BUILDING_WALLS | end turn requested
unstuck: closed sessions [7:7]
unstuck: DiplomacyActionView: Closing Diplomacy Action View. m_eventID: 1835987
mission CityName=LOC_CITY_NAME_KAWHIA CompletionTurn=107 EscapeResult=-1 InitialResult=4 LevelAfter=3 LootInfo=-1 Name=LOC_CITIZEN_MAYA_MODERN_MALE_4 Operation=58 PlotIndex=1362
mission CityName=LOC_CITY_NAME_THEBES CompletionTurn=105 EscapeResult=-1 InitialResult=2 LevelAfter=2 LootInfo=-1 Name=LOC_CITIZEN_MAYA_FEMALE_1 Operation=58 PlotIndex=1619
mission CityName=LOC_CITY_NAME_KAWHIA CompletionTurn=101 EscapeResult=-1 InitialResult=5 LevelAfter=2 LootInfo=-1 Name=LOC_CITIZEN_MAYA_MODERN_MALE_4 Operation=58 PlotIndex=1362
mission CityName=LOC_CITY_NAME_LINKOPING CompletionTurn=100 EscapeResult=-1 InitialResult=1 LevelAfter=1 LootInfo=-1 Name=LOC_CITIZEN_MAYA_FEMALE_4 Operation=58 PlotIndex=993
mission CityName=LOC_CITY_NAME_GOTEBORG CompletionTurn=100 EscapeResult=-1 InitialResult=4 LevelAfter=3 LootInfo=-1 Name=LOC_CITIZEN_MAYA_MODERN_FEMALE_9 Operation=58 PlotIndex=1081
mission CityName=LOC_CITY_NAME_LUND CompletionTurn=99 EscapeResult=-1 InitialResult=1 LevelAfter=1 LootInfo=-1 Name=LOC_CITIZEN_MAYA_MODERN_MALE_2 Operation=58 PlotIndex=744
mission CityName=LOC_CITY_NAME_THEBES CompletionTurn=99 EscapeResult=-1 InitialResult=5 LevelAfter=2 LootInfo=-1 Name=LOC_CITIZEN_MAYA_FEMALE_1 Operation=58 PlotIndex=1619
mission CityName=LOC_CITY_NAME_NGARUAWAHIA CompletionTurn=98 EscapeResult=-1 InitialResult=2 LevelAfter=2 LootInfo=-1 Name=LOC_CITIZEN_MAYA_FEMALE_2 Operation=58 PlotIndex=1833
mission CityName=LOC_CITY_NAME_LINKOPING CompletionTurn=96 EscapeResult=-1 InitialResult=3 LevelAfter=1 LootInfo=-1 Name=LOC_CITIZEN_MAYA_FEMALE_4 Operation=58 PlotIndex=993
mission CityName=LOC_CITY_NAME_GOTEBORG CompletionTurn=94 EscapeResult=-1 InitialResult=5 LevelAfter=2 LootInfo=-1 Name=LOC_CITIZEN_MAYA_MODERN_FEMALE_9 Operation=58 PlotIndex=1081
mission CityName=LOC_CITY_NAME_STOCKHOLM CompletionTurn=93 EscapeResult=-1 InitialResult=0 LevelAfter=1 LootInfo=-1 Name=LOC_CITIZEN_MAYA_MALE_1 Operation=58 PlotIndex=1253
mission CityName=LOC_CITY_NAME_NGARUAWAHIA CompletionTurn=91 EscapeResult=-1 InitialResult=5 LevelAfter=2 LootInfo=-1 Name=LOC_CITIZEN_MAYA_FEMALE_2 Operation=58 PlotIndex=1833
mission CityName=LOC_CITY_NAME_TORONTO CompletionTurn=91 EscapeResult=-1 InitialResult=4 LevelAfter=2 LootInfo=-1 Name=LOC_CITIZEN_MAYA_MODERN_FEMALE_6 Operation=58 PlotIndex=1818
mission CityName=LOC_CITY_NAME_MONTREAL CompletionTurn=91 EscapeResult=-1 InitialResult=2 LevelAfter=1 LootInfo=-1 Name=LOC_CITIZEN_MAYA_MALE_7 Operation=58 PlotIndex=1314
mission CityName=LOC_CITY_NAME_TE_HOKIANGA_NU_A_KUPE CompletionTurn=89 EscapeResult=-1 InitialResult=4 LevelAfter=2 LootInfo=-1 Name=LOC_CITIZEN_MAYA_MODERN_FEMALE_4 Operation=58 PlotIndex=772
mission CityName=LOC_CITY_NAME_OTTAWA CompletionTurn=89 EscapeResult=-1 InitialResult=4 LevelAfter=2 LootInfo=-1 Name=LOC_CITIZEN_MAYA_MALE_8 Operation=58 PlotIndex=978
mission CityName=LOC_CITY_NAME_HALIFAX CompletionTurn=87 EscapeResult=-1 InitialResult=4 LevelAfter=2 LootInfo=-1 Name=LOC_CITIZEN_MAYA_FEMALE_7 Operation=58 PlotIndex=1409
mission CityName=LOC_CITY_NAME_MONTREAL CompletionTurn=87 EscapeResult=-1 InitialResult=3 LevelAfter=1 LootInfo=-1 Name=LOC_CITIZEN_MAYA_MALE_7 Operation=58 PlotIndex=1314
mission CityName=LOC_CITY_NAME_QUEBEC_CITY CompletionTurn=86 EscapeResult=-1 InitialResult=2 LevelAfter=1 LootInfo=-1 Name=LOC_CITIZEN_MAYA_MALE_5 Operation=58 PlotIndex=1404
mission CityName=LOC_CITY_NAME_TORONTO CompletionTurn=84 EscapeResult=-1 InitialResult=1 LevelAfter=1 LootInfo=-1 Name=LOC_CITIZEN_MAYA_MALE_2 Operation=58 PlotIndex=1818
mission CityName=LOC_CITY_NAME_MONTREAL CompletionTurn=83 EscapeResult=-1 InitialResult=3 LevelAfter=1 LootInfo=-1 Name=LOC_CITIZEN_MAYA_MALE_7 Operation=58 PlotIndex=1314
mission CityName=LOC_CITY_NAME_OTTAWA CompletionTurn=82 EscapeResult=-1 InitialResult=1 LevelAfter=1 LootInfo=-1 Name=LOC_CITIZEN_MAYA_MODERN_MALE_9 Operation=58 PlotIndex=978
tally 4  FOMENT_UNREST CAPTURED / NO_RESULT
tally 4  FOMENT_UNREST FAIL_MUST_ESCAPE / NO_RESULT
tally 3  FOMENT_UNREST FAIL_UNDETECTED / NO_RESULT
tally 1  FOMENT_UNREST KILLED / NO_RESULT
tally 6  FOMENT_UNREST SUCCESS_MUST_ESCAPE / NO_RESULT
tally 4  FOMENT_UNREST SUCCESS_UNDETECTED / NO_RESULT
turn 116 spies active 10 idle 2 missions 22 captured-enemy 0
spy 2359313 LOC_CITIZEN_MAYA_MALE_5 level 1 at 60:16 busy
spy 2031634 LOC_CITIZEN_MAYA_MALE_7 level 1 at 54:15 busy
spy 2555923 LOC_CITIZEN_MAYA_FEMALE_7 level 2 at 65:16 busy
spy 2293780 LOC_CITIZEN_MAYA_MODERN_FEMALE_3 level 1 at 54:15 refused
spy 2752533 LOC_CITIZEN_MAYA_MALE_8 level 2 at 54:11 busy
spy 3866646 LOC_CITIZEN_MAYA_MODERN_MALE_4 level 3 at 18:16 busy
spy 3342359 LOC_CITIZEN_MAYA_MODERN_FEMALE_9 level 3 at 73:12 busy
spy 2818072 LOC_CITIZEN_MAYA_MODERN_FEMALE_4 level 2 at 16:9 busy
spy 3014681 LOC_CITIZEN_MAYA_MODERN_FEMALE_6 level 2 at 54:21 busy
spy 3080218 LOC_CITIZEN_MAYA_FEMALE_2 level 2 at 69:21 busy
spy 3801115 LOC_CITIZEN_MAYA_FEMALE_1 level 2 at 23:19 busy
spy 3538973 LOC_CITIZEN_MAYA_MODERN_MALE_3 level 1 at 73:12 refused
turn 116 spies 12 started 0 travelled 0 promoted 0 bought 0 gold 50000
unblock: blocker ENDTURN_BLOCKING_PRODUCTION -> CHICHEN_ITZA builds BUILDING_WALLS | end turn requested
mission CityName=LOC_CITY_NAME_KAWHIA CompletionTurn=107 EscapeResult=-1 InitialResult=4 LevelAfter=3 LootInfo=-1 Name=LOC_CITIZEN_MAYA_MODERN_MALE_4 Operation=58 PlotIndex=1362
mission CityName=LOC_CITY_NAME_THEBES CompletionTurn=105 EscapeResult=-1 InitialResult=2 LevelAfter=2 LootInfo=-1 Name=LOC_CITIZEN_MAYA_FEMALE_1 Operation=58 PlotIndex=1619
mission CityName=LOC_CITY_NAME_KAWHIA CompletionTurn=101 EscapeResult=-1 InitialResult=5 LevelAfter=2 LootInfo=-1 Name=LOC_CITIZEN_MAYA_MODERN_MALE_4 Operation=58 PlotIndex=1362
mission CityName=LOC_CITY_NAME_LINKOPING CompletionTurn=100 EscapeResult=-1 InitialResult=1 LevelAfter=1 LootInfo=-1 Name=LOC_CITIZEN_MAYA_FEMALE_4 Operation=58 PlotIndex=993
mission CityName=LOC_CITY_NAME_GOTEBORG CompletionTurn=100 EscapeResult=-1 InitialResult=4 LevelAfter=3 LootInfo=-1 Name=LOC_CITIZEN_MAYA_MODERN_FEMALE_9 Operation=58 PlotIndex=1081
mission CityName=LOC_CITY_NAME_LUND CompletionTurn=99 EscapeResult=-1 InitialResult=1 LevelAfter=1 LootInfo=-1 Name=LOC_CITIZEN_MAYA_MODERN_MALE_2 Operation=58 PlotIndex=744
mission CityName=LOC_CITY_NAME_THEBES CompletionTurn=99 EscapeResult=-1 InitialResult=5 LevelAfter=2 LootInfo=-1 Name=LOC_CITIZEN_MAYA_FEMALE_1 Operation=58 PlotIndex=1619
mission CityName=LOC_CITY_NAME_NGARUAWAHIA CompletionTurn=98 EscapeResult=-1 InitialResult=2 LevelAfter=2 LootInfo=-1 Name=LOC_CITIZEN_MAYA_FEMALE_2 Operation=58 PlotIndex=1833
mission CityName=LOC_CITY_NAME_LINKOPING CompletionTurn=96 EscapeResult=-1 InitialResult=3 LevelAfter=1 LootInfo=-1 Name=LOC_CITIZEN_MAYA_FEMALE_4 Operation=58 PlotIndex=993
mission CityName=LOC_CITY_NAME_GOTEBORG CompletionTurn=94 EscapeResult=-1 InitialResult=5 LevelAfter=2 LootInfo=-1 Name=LOC_CITIZEN_MAYA_MODERN_FEMALE_9 Operation=58 PlotIndex=1081
mission CityName=LOC_CITY_NAME_STOCKHOLM CompletionTurn=93 EscapeResult=-1 InitialResult=0 LevelAfter=1 LootInfo=-1 Name=LOC_CITIZEN_MAYA_MALE_1 Operation=58 PlotIndex=1253
mission CityName=LOC_CITY_NAME_NGARUAWAHIA CompletionTurn=91 EscapeResult=-1 InitialResult=5 LevelAfter=2 LootInfo=-1 Name=LOC_CITIZEN_MAYA_FEMALE_2 Operation=58 PlotIndex=1833
mission CityName=LOC_CITY_NAME_TORONTO CompletionTurn=91 EscapeResult=-1 InitialResult=4 LevelAfter=2 LootInfo=-1 Name=LOC_CITIZEN_MAYA_MODERN_FEMALE_6 Operation=58 PlotIndex=1818
mission CityName=LOC_CITY_NAME_MONTREAL CompletionTurn=91 EscapeResult=-1 InitialResult=2 LevelAfter=1 LootInfo=-1 Name=LOC_CITIZEN_MAYA_MALE_7 Operation=58 PlotIndex=1314
mission CityName=LOC_CITY_NAME_TE_HOKIANGA_NU_A_KUPE CompletionTurn=89 EscapeResult=-1 InitialResult=4 LevelAfter=2 LootInfo=-1 Name=LOC_CITIZEN_MAYA_MODERN_FEMALE_4 Operation=58 PlotIndex=772
mission CityName=LOC_CITY_NAME_OTTAWA CompletionTurn=89 EscapeResult=-1 InitialResult=4 LevelAfter=2 LootInfo=-1 Name=LOC_CITIZEN_MAYA_MALE_8 Operation=58 PlotIndex=978
mission CityName=LOC_CITY_NAME_HALIFAX CompletionTurn=87 EscapeResult=-1 InitialResult=4 LevelAfter=2 LootInfo=-1 Name=LOC_CITIZEN_MAYA_FEMALE_7 Operation=58 PlotIndex=1409
mission CityName=LOC_CITY_NAME_MONTREAL CompletionTurn=87 EscapeResult=-1 InitialResult=3 LevelAfter=1 LootInfo=-1 Name=LOC_CITIZEN_MAYA_MALE_7 Operation=58 PlotIndex=1314
mission CityName=LOC_CITY_NAME_QUEBEC_CITY CompletionTurn=86 EscapeResult=-1 InitialResult=2 LevelAfter=1 LootInfo=-1 Name=LOC_CITIZEN_MAYA_MALE_5 Operation=58 PlotIndex=1404
mission CityName=LOC_CITY_NAME_TORONTO CompletionTurn=84 EscapeResult=-1 InitialResult=1 LevelAfter=1 LootInfo=-1 Name=LOC_CITIZEN_MAYA_MALE_2 Operation=58 PlotIndex=1818
mission CityName=LOC_CITY_NAME_MONTREAL CompletionTurn=83 EscapeResult=-1 InitialResult=3 LevelAfter=1 LootInfo=-1 Name=LOC_CITIZEN_MAYA_MALE_7 Operation=58 PlotIndex=1314
mission CityName=LOC_CITY_NAME_OTTAWA CompletionTurn=82 EscapeResult=-1 InitialResult=1 LevelAfter=1 LootInfo=-1 Name=LOC_CITIZEN_MAYA_MODERN_MALE_9 Operation=58 PlotIndex=978
tally 4  FOMENT_UNREST CAPTURED / NO_RESULT
tally 4  FOMENT_UNREST FAIL_MUST_ESCAPE / NO_RESULT
tally 3  FOMENT_UNREST FAIL_UNDETECTED / NO_RESULT
tally 1  FOMENT_UNREST KILLED / NO_RESULT
tally 6  FOMENT_UNREST SUCCESS_MUST_ESCAPE / NO_RESULT
tally 4  FOMENT_UNREST SUCCESS_UNDETECTED / NO_RESULT
turn 117 spies active 10 idle 2 missions 22 captured-enemy 0
spy 2359313 LOC_CITIZEN_MAYA_MALE_5 level 1 at 60:16 busy
spy 2031634 LOC_CITIZEN_MAYA_MALE_7 level 1 at 54:15 busy
spy 2555923 LOC_CITIZEN_MAYA_FEMALE_7 level 2 at 65:16 busy
spy 2293780 LOC_CITIZEN_MAYA_MODERN_FEMALE_3 level 1 at 54:15 refused
spy 2752533 LOC_CITIZEN_MAYA_MALE_8 level 2 at 54:11 busy
spy 3866646 LOC_CITIZEN_MAYA_MODERN_MALE_4 level 3 at 18:16 busy
spy 3342359 LOC_CITIZEN_MAYA_MODERN_FEMALE_9 level 3 at 73:12 busy
spy 2818072 LOC_CITIZEN_MAYA_MODERN_FEMALE_4 level 2 at 16:9 busy
spy 3014681 LOC_CITIZEN_MAYA_MODERN_FEMALE_6 level 2 at 54:21 busy
spy 3080218 LOC_CITIZEN_MAYA_FEMALE_2 level 2 at 69:21 busy
spy 3801115 LOC_CITIZEN_MAYA_FEMALE_1 level 2 at 23:19 busy
spy 3538973 LOC_CITIZEN_MAYA_MODERN_MALE_3 level 1 at 73:12 refused
turn 117 spies 12 started 0 travelled 0 promoted 0 bought 0 gold 50000
unblock: blocker ENDTURN_BLOCKING_PRODUCTION -> CHICHEN_ITZA builds BUILDING_WALLS | end turn requested
unblock: blocker ENDTURN_BLOCKING_PRODUCTION -> CHICHEN_ITZA builds BUILDING_WALLS | end turn requested
unstuck: closed sessions [2:2]
mission CityName=LOC_CITY_NAME_KAWHIA CompletionTurn=107 EscapeResult=-1 InitialResult=4 LevelAfter=3 LootInfo=-1 Name=LOC_CITIZEN_MAYA_MODERN_MALE_4 Operation=58 PlotIndex=1362
mission CityName=LOC_CITY_NAME_THEBES CompletionTurn=105 EscapeResult=-1 InitialResult=2 LevelAfter=2 LootInfo=-1 Name=LOC_CITIZEN_MAYA_FEMALE_1 Operation=58 PlotIndex=1619
mission CityName=LOC_CITY_NAME_KAWHIA CompletionTurn=101 EscapeResult=-1 InitialResult=5 LevelAfter=2 LootInfo=-1 Name=LOC_CITIZEN_MAYA_MODERN_MALE_4 Operation=58 PlotIndex=1362
mission CityName=LOC_CITY_NAME_LINKOPING CompletionTurn=100 EscapeResult=-1 InitialResult=1 LevelAfter=1 LootInfo=-1 Name=LOC_CITIZEN_MAYA_FEMALE_4 Operation=58 PlotIndex=993
mission CityName=LOC_CITY_NAME_GOTEBORG CompletionTurn=100 EscapeResult=-1 InitialResult=4 LevelAfter=3 LootInfo=-1 Name=LOC_CITIZEN_MAYA_MODERN_FEMALE_9 Operation=58 PlotIndex=1081
mission CityName=LOC_CITY_NAME_LUND CompletionTurn=99 EscapeResult=-1 InitialResult=1 LevelAfter=1 LootInfo=-1 Name=LOC_CITIZEN_MAYA_MODERN_MALE_2 Operation=58 PlotIndex=744
mission CityName=LOC_CITY_NAME_THEBES CompletionTurn=99 EscapeResult=-1 InitialResult=5 LevelAfter=2 LootInfo=-1 Name=LOC_CITIZEN_MAYA_FEMALE_1 Operation=58 PlotIndex=1619
mission CityName=LOC_CITY_NAME_NGARUAWAHIA CompletionTurn=98 EscapeResult=-1 InitialResult=2 LevelAfter=2 LootInfo=-1 Name=LOC_CITIZEN_MAYA_FEMALE_2 Operation=58 PlotIndex=1833
mission CityName=LOC_CITY_NAME_LINKOPING CompletionTurn=96 EscapeResult=-1 InitialResult=3 LevelAfter=1 LootInfo=-1 Name=LOC_CITIZEN_MAYA_FEMALE_4 Operation=58 PlotIndex=993
mission CityName=LOC_CITY_NAME_GOTEBORG CompletionTurn=94 EscapeResult=-1 InitialResult=5 LevelAfter=2 LootInfo=-1 Name=LOC_CITIZEN_MAYA_MODERN_FEMALE_9 Operation=58 PlotIndex=1081
mission CityName=LOC_CITY_NAME_STOCKHOLM CompletionTurn=93 EscapeResult=-1 InitialResult=0 LevelAfter=1 LootInfo=-1 Name=LOC_CITIZEN_MAYA_MALE_1 Operation=58 PlotIndex=1253
mission CityName=LOC_CITY_NAME_NGARUAWAHIA CompletionTurn=91 EscapeResult=-1 InitialResult=5 LevelAfter=2 LootInfo=-1 Name=LOC_CITIZEN_MAYA_FEMALE_2 Operation=58 PlotIndex=1833
mission CityName=LOC_CITY_NAME_TORONTO CompletionTurn=91 EscapeResult=-1 InitialResult=4 LevelAfter=2 LootInfo=-1 Name=LOC_CITIZEN_MAYA_MODERN_FEMALE_6 Operation=58 PlotIndex=1818
mission CityName=LOC_CITY_NAME_MONTREAL CompletionTurn=91 EscapeResult=-1 InitialResult=2 LevelAfter=1 LootInfo=-1 Name=LOC_CITIZEN_MAYA_MALE_7 Operation=58 PlotIndex=1314
mission CityName=LOC_CITY_NAME_TE_HOKIANGA_NU_A_KUPE CompletionTurn=89 EscapeResult=-1 InitialResult=4 LevelAfter=2 LootInfo=-1 Name=LOC_CITIZEN_MAYA_MODERN_FEMALE_4 Operation=58 PlotIndex=772
mission CityName=LOC_CITY_NAME_OTTAWA CompletionTurn=89 EscapeResult=-1 InitialResult=4 LevelAfter=2 LootInfo=-1 Name=LOC_CITIZEN_MAYA_MALE_8 Operation=58 PlotIndex=978
mission CityName=LOC_CITY_NAME_HALIFAX CompletionTurn=87 EscapeResult=-1 InitialResult=4 LevelAfter=2 LootInfo=-1 Name=LOC_CITIZEN_MAYA_FEMALE_7 Operation=58 PlotIndex=1409
mission CityName=LOC_CITY_NAME_MONTREAL CompletionTurn=87 EscapeResult=-1 InitialResult=3 LevelAfter=1 LootInfo=-1 Name=LOC_CITIZEN_MAYA_MALE_7 Operation=58 PlotIndex=1314
mission CityName=LOC_CITY_NAME_QUEBEC_CITY CompletionTurn=86 EscapeResult=-1 InitialResult=2 LevelAfter=1 LootInfo=-1 Name=LOC_CITIZEN_MAYA_MALE_5 Operation=58 PlotIndex=1404
mission CityName=LOC_CITY_NAME_TORONTO CompletionTurn=84 EscapeResult=-1 InitialResult=1 LevelAfter=1 LootInfo=-1 Name=LOC_CITIZEN_MAYA_MALE_2 Operation=58 PlotIndex=1818
mission CityName=LOC_CITY_NAME_MONTREAL CompletionTurn=83 EscapeResult=-1 InitialResult=3 LevelAfter=1 LootInfo=-1 Name=LOC_CITIZEN_MAYA_MALE_7 Operation=58 PlotIndex=1314
mission CityName=LOC_CITY_NAME_OTTAWA CompletionTurn=82 EscapeResult=-1 InitialResult=1 LevelAfter=1 LootInfo=-1 Name=LOC_CITIZEN_MAYA_MODERN_MALE_9 Operation=58 PlotIndex=978
tally 4  FOMENT_UNREST CAPTURED / NO_RESULT
tally 4  FOMENT_UNREST FAIL_MUST_ESCAPE / NO_RESULT
tally 3  FOMENT_UNREST FAIL_UNDETECTED / NO_RESULT
tally 1  FOMENT_UNREST KILLED / NO_RESULT
tally 6  FOMENT_UNREST SUCCESS_MUST_ESCAPE / NO_RESULT
tally 4  FOMENT_UNREST SUCCESS_UNDETECTED / NO_RESULT
turn 118 spies active 10 idle 2 missions 22 captured-enemy 0
spy 2359313 LOC_CITIZEN_MAYA_MALE_5 level 1 at 60:16 busy
spy 2031634 LOC_CITIZEN_MAYA_MALE_7 level 1 at 54:15 busy
spy 2555923 LOC_CITIZEN_MAYA_FEMALE_7 level 2 at 65:16 busy
spy 2293780 LOC_CITIZEN_MAYA_MODERN_FEMALE_3 level 1 at 54:15 refused
spy 2752533 LOC_CITIZEN_MAYA_MALE_8 level 2 at 54:11 busy
spy 3866646 LOC_CITIZEN_MAYA_MODERN_MALE_4 level 3 at 18:16 busy
spy 3342359 LOC_CITIZEN_MAYA_MODERN_FEMALE_9 level 3 at 73:12 busy
spy 2818072 LOC_CITIZEN_MAYA_MODERN_FEMALE_4 level 2 at 16:9 busy
spy 3014681 LOC_CITIZEN_MAYA_MODERN_FEMALE_6 level 2 at 54:21 busy
spy 3080218 LOC_CITIZEN_MAYA_FEMALE_2 level 2 at 69:21 busy
spy 3801115 LOC_CITIZEN_MAYA_FEMALE_1 level 2 at 23:19 busy
spy 3538973 LOC_CITIZEN_MAYA_MODERN_MALE_3 level 1 at 73:12 refused
turn 118 spies 12 started 0 travelled 0 promoted 0 bought 0 gold 50000
unblock: blocker ENDTURN_BLOCKING_PRODUCTION -> CHICHEN_ITZA builds BUILDING_WALLS | end turn requested
unblock: blocker ENDTURN_BLOCKING_PRODUCTION -> CHICHEN_ITZA builds BUILDING_WALLS | end turn requested
unstuck: closed sessions [3:3]
unstuck: DiplomacyActionView: Closing Diplomacy Action View. m_eventID: 1859080
mission CityName=LOC_CITY_NAME_KAWHIA CompletionTurn=107 EscapeResult=-1 InitialResult=4 LevelAfter=3 LootInfo=-1 Name=LOC_CITIZEN_MAYA_MODERN_MALE_4 Operation=58 PlotIndex=1362
mission CityName=LOC_CITY_NAME_THEBES CompletionTurn=105 EscapeResult=-1 InitialResult=2 LevelAfter=2 LootInfo=-1 Name=LOC_CITIZEN_MAYA_FEMALE_1 Operation=58 PlotIndex=1619
mission CityName=LOC_CITY_NAME_KAWHIA CompletionTurn=101 EscapeResult=-1 InitialResult=5 LevelAfter=2 LootInfo=-1 Name=LOC_CITIZEN_MAYA_MODERN_MALE_4 Operation=58 PlotIndex=1362
mission CityName=LOC_CITY_NAME_LINKOPING CompletionTurn=100 EscapeResult=-1 InitialResult=1 LevelAfter=1 LootInfo=-1 Name=LOC_CITIZEN_MAYA_FEMALE_4 Operation=58 PlotIndex=993
mission CityName=LOC_CITY_NAME_GOTEBORG CompletionTurn=100 EscapeResult=-1 InitialResult=4 LevelAfter=3 LootInfo=-1 Name=LOC_CITIZEN_MAYA_MODERN_FEMALE_9 Operation=58 PlotIndex=1081
mission CityName=LOC_CITY_NAME_LUND CompletionTurn=99 EscapeResult=-1 InitialResult=1 LevelAfter=1 LootInfo=-1 Name=LOC_CITIZEN_MAYA_MODERN_MALE_2 Operation=58 PlotIndex=744
mission CityName=LOC_CITY_NAME_THEBES CompletionTurn=99 EscapeResult=-1 InitialResult=5 LevelAfter=2 LootInfo=-1 Name=LOC_CITIZEN_MAYA_FEMALE_1 Operation=58 PlotIndex=1619
mission CityName=LOC_CITY_NAME_NGARUAWAHIA CompletionTurn=98 EscapeResult=-1 InitialResult=2 LevelAfter=2 LootInfo=-1 Name=LOC_CITIZEN_MAYA_FEMALE_2 Operation=58 PlotIndex=1833
mission CityName=LOC_CITY_NAME_LINKOPING CompletionTurn=96 EscapeResult=-1 InitialResult=3 LevelAfter=1 LootInfo=-1 Name=LOC_CITIZEN_MAYA_FEMALE_4 Operation=58 PlotIndex=993
mission CityName=LOC_CITY_NAME_GOTEBORG CompletionTurn=94 EscapeResult=-1 InitialResult=5 LevelAfter=2 LootInfo=-1 Name=LOC_CITIZEN_MAYA_MODERN_FEMALE_9 Operation=58 PlotIndex=1081
mission CityName=LOC_CITY_NAME_STOCKHOLM CompletionTurn=93 EscapeResult=-1 InitialResult=0 LevelAfter=1 LootInfo=-1 Name=LOC_CITIZEN_MAYA_MALE_1 Operation=58 PlotIndex=1253
mission CityName=LOC_CITY_NAME_NGARUAWAHIA CompletionTurn=91 EscapeResult=-1 InitialResult=5 LevelAfter=2 LootInfo=-1 Name=LOC_CITIZEN_MAYA_FEMALE_2 Operation=58 PlotIndex=1833
mission CityName=LOC_CITY_NAME_TORONTO CompletionTurn=91 EscapeResult=-1 InitialResult=4 LevelAfter=2 LootInfo=-1 Name=LOC_CITIZEN_MAYA_MODERN_FEMALE_6 Operation=58 PlotIndex=1818
mission CityName=LOC_CITY_NAME_MONTREAL CompletionTurn=91 EscapeResult=-1 InitialResult=2 LevelAfter=1 LootInfo=-1 Name=LOC_CITIZEN_MAYA_MALE_7 Operation=58 PlotIndex=1314
mission CityName=LOC_CITY_NAME_TE_HOKIANGA_NU_A_KUPE CompletionTurn=89 EscapeResult=-1 InitialResult=4 LevelAfter=2 LootInfo=-1 Name=LOC_CITIZEN_MAYA_MODERN_FEMALE_4 Operation=58 PlotIndex=772
mission CityName=LOC_CITY_NAME_OTTAWA CompletionTurn=89 EscapeResult=-1 InitialResult=4 LevelAfter=2 LootInfo=-1 Name=LOC_CITIZEN_MAYA_MALE_8 Operation=58 PlotIndex=978
mission CityName=LOC_CITY_NAME_HALIFAX CompletionTurn=87 EscapeResult=-1 InitialResult=4 LevelAfter=2 LootInfo=-1 Name=LOC_CITIZEN_MAYA_FEMALE_7 Operation=58 PlotIndex=1409
mission CityName=LOC_CITY_NAME_MONTREAL CompletionTurn=87 EscapeResult=-1 InitialResult=3 LevelAfter=1 LootInfo=-1 Name=LOC_CITIZEN_MAYA_MALE_7 Operation=58 PlotIndex=1314
mission CityName=LOC_CITY_NAME_QUEBEC_CITY CompletionTurn=86 EscapeResult=-1 InitialResult=2 LevelAfter=1 LootInfo=-1 Name=LOC_CITIZEN_MAYA_MALE_5 Operation=58 PlotIndex=1404
mission CityName=LOC_CITY_NAME_TORONTO CompletionTurn=84 EscapeResult=-1 InitialResult=1 LevelAfter=1 LootInfo=-1 Name=LOC_CITIZEN_MAYA_MALE_2 Operation=58 PlotIndex=1818
mission CityName=LOC_CITY_NAME_MONTREAL CompletionTurn=83 EscapeResult=-1 InitialResult=3 LevelAfter=1 LootInfo=-1 Name=LOC_CITIZEN_MAYA_MALE_7 Operation=58 PlotIndex=1314
mission CityName=LOC_CITY_NAME_OTTAWA CompletionTurn=82 EscapeResult=-1 InitialResult=1 LevelAfter=1 LootInfo=-1 Name=LOC_CITIZEN_MAYA_MODERN_MALE_9 Operation=58 PlotIndex=978
tally 4  FOMENT_UNREST CAPTURED / NO_RESULT
tally 4  FOMENT_UNREST FAIL_MUST_ESCAPE / NO_RESULT
tally 3  FOMENT_UNREST FAIL_UNDETECTED / NO_RESULT
tally 1  FOMENT_UNREST KILLED / NO_RESULT
tally 6  FOMENT_UNREST SUCCESS_MUST_ESCAPE / NO_RESULT
tally 4  FOMENT_UNREST SUCCESS_UNDETECTED / NO_RESULT
turn 119 spies active 10 idle 2 missions 22 captured-enemy 0
spy 2359313 LOC_CITIZEN_MAYA_MALE_5 level 1 at 60:16 busy
spy 2031634 LOC_CITIZEN_MAYA_MALE_7 level 1 at 54:15 busy
spy 2555923 LOC_CITIZEN_MAYA_FEMALE_7 level 2 at 65:16 busy
spy 2293780 LOC_CITIZEN_MAYA_MODERN_FEMALE_3 level 1 at 54:15 refused
spy 2752533 LOC_CITIZEN_MAYA_MALE_8 level 2 at 54:11 busy
spy 3866646 LOC_CITIZEN_MAYA_MODERN_MALE_4 level 3 at 18:16 busy
spy 3342359 LOC_CITIZEN_MAYA_MODERN_FEMALE_9 level 3 at 73:12 busy
spy 2818072 LOC_CITIZEN_MAYA_MODERN_FEMALE_4 level 2 at 16:9 busy
spy 3014681 LOC_CITIZEN_MAYA_MODERN_FEMALE_6 level 2 at 54:21 busy
spy 3080218 LOC_CITIZEN_MAYA_FEMALE_2 level 2 at 69:21 busy
spy 3801115 LOC_CITIZEN_MAYA_FEMALE_1 level 2 at 23:19 busy
spy 3538973 LOC_CITIZEN_MAYA_MODERN_MALE_3 level 1 at 73:12 refused
turn 119 spies 12 started 0 travelled 0 promoted 0 bought 0 gold 50000
unblock: blocker ENDTURN_BLOCKING_PRODUCTION -> CHICHEN_ITZA builds BUILDING_WALLS | end turn requested
unblock: blocker ENDTURN_BLOCKING_PRODUCTION -> CHICHEN_ITZA builds BUILDING_WALLS | end turn requested
unstuck: closed sessions [6:6]
unstuck: DiplomacyActionView: Closing Diplomacy Action View. m_eventID: 1869286
unblock: blocker ENDTURN_BLOCKING_PRODUCTION -> CHICHEN_ITZA builds BUILDING_WALLS | end turn requested
unstuck: closed sessions [7:7]
unstuck: DiplomacyActionView: Closing Diplomacy Action View. m_eventID: 1869817
mission CityName=LOC_CITY_NAME_KAWHIA CompletionTurn=107 EscapeResult=-1 InitialResult=4 LevelAfter=3 LootInfo=-1 Name=LOC_CITIZEN_MAYA_MODERN_MALE_4 Operation=58 PlotIndex=1362
mission CityName=LOC_CITY_NAME_THEBES CompletionTurn=105 EscapeResult=-1 InitialResult=2 LevelAfter=2 LootInfo=-1 Name=LOC_CITIZEN_MAYA_FEMALE_1 Operation=58 PlotIndex=1619
mission CityName=LOC_CITY_NAME_KAWHIA CompletionTurn=101 EscapeResult=-1 InitialResult=5 LevelAfter=2 LootInfo=-1 Name=LOC_CITIZEN_MAYA_MODERN_MALE_4 Operation=58 PlotIndex=1362
mission CityName=LOC_CITY_NAME_LINKOPING CompletionTurn=100 EscapeResult=-1 InitialResult=1 LevelAfter=1 LootInfo=-1 Name=LOC_CITIZEN_MAYA_FEMALE_4 Operation=58 PlotIndex=993
mission CityName=LOC_CITY_NAME_GOTEBORG CompletionTurn=100 EscapeResult=-1 InitialResult=4 LevelAfter=3 LootInfo=-1 Name=LOC_CITIZEN_MAYA_MODERN_FEMALE_9 Operation=58 PlotIndex=1081
mission CityName=LOC_CITY_NAME_LUND CompletionTurn=99 EscapeResult=-1 InitialResult=1 LevelAfter=1 LootInfo=-1 Name=LOC_CITIZEN_MAYA_MODERN_MALE_2 Operation=58 PlotIndex=744
mission CityName=LOC_CITY_NAME_THEBES CompletionTurn=99 EscapeResult=-1 InitialResult=5 LevelAfter=2 LootInfo=-1 Name=LOC_CITIZEN_MAYA_FEMALE_1 Operation=58 PlotIndex=1619
mission CityName=LOC_CITY_NAME_NGARUAWAHIA CompletionTurn=98 EscapeResult=-1 InitialResult=2 LevelAfter=2 LootInfo=-1 Name=LOC_CITIZEN_MAYA_FEMALE_2 Operation=58 PlotIndex=1833
mission CityName=LOC_CITY_NAME_LINKOPING CompletionTurn=96 EscapeResult=-1 InitialResult=3 LevelAfter=1 LootInfo=-1 Name=LOC_CITIZEN_MAYA_FEMALE_4 Operation=58 PlotIndex=993
mission CityName=LOC_CITY_NAME_GOTEBORG CompletionTurn=94 EscapeResult=-1 InitialResult=5 LevelAfter=2 LootInfo=-1 Name=LOC_CITIZEN_MAYA_MODERN_FEMALE_9 Operation=58 PlotIndex=1081
mission CityName=LOC_CITY_NAME_STOCKHOLM CompletionTurn=93 EscapeResult=-1 InitialResult=0 LevelAfter=1 LootInfo=-1 Name=LOC_CITIZEN_MAYA_MALE_1 Operation=58 PlotIndex=1253
mission CityName=LOC_CITY_NAME_NGARUAWAHIA CompletionTurn=91 EscapeResult=-1 InitialResult=5 LevelAfter=2 LootInfo=-1 Name=LOC_CITIZEN_MAYA_FEMALE_2 Operation=58 PlotIndex=1833
mission CityName=LOC_CITY_NAME_TORONTO CompletionTurn=91 EscapeResult=-1 InitialResult=4 LevelAfter=2 LootInfo=-1 Name=LOC_CITIZEN_MAYA_MODERN_FEMALE_6 Operation=58 PlotIndex=1818
mission CityName=LOC_CITY_NAME_MONTREAL CompletionTurn=91 EscapeResult=-1 InitialResult=2 LevelAfter=1 LootInfo=-1 Name=LOC_CITIZEN_MAYA_MALE_7 Operation=58 PlotIndex=1314
mission CityName=LOC_CITY_NAME_TE_HOKIANGA_NU_A_KUPE CompletionTurn=89 EscapeResult=-1 InitialResult=4 LevelAfter=2 LootInfo=-1 Name=LOC_CITIZEN_MAYA_MODERN_FEMALE_4 Operation=58 PlotIndex=772
mission CityName=LOC_CITY_NAME_OTTAWA CompletionTurn=89 EscapeResult=-1 InitialResult=4 LevelAfter=2 LootInfo=-1 Name=LOC_CITIZEN_MAYA_MALE_8 Operation=58 PlotIndex=978
mission CityName=LOC_CITY_NAME_HALIFAX CompletionTurn=87 EscapeResult=-1 InitialResult=4 LevelAfter=2 LootInfo=-1 Name=LOC_CITIZEN_MAYA_FEMALE_7 Operation=58 PlotIndex=1409
mission CityName=LOC_CITY_NAME_MONTREAL CompletionTurn=87 EscapeResult=-1 InitialResult=3 LevelAfter=1 LootInfo=-1 Name=LOC_CITIZEN_MAYA_MALE_7 Operation=58 PlotIndex=1314
mission CityName=LOC_CITY_NAME_QUEBEC_CITY CompletionTurn=86 EscapeResult=-1 InitialResult=2 LevelAfter=1 LootInfo=-1 Name=LOC_CITIZEN_MAYA_MALE_5 Operation=58 PlotIndex=1404
mission CityName=LOC_CITY_NAME_TORONTO CompletionTurn=84 EscapeResult=-1 InitialResult=1 LevelAfter=1 LootInfo=-1 Name=LOC_CITIZEN_MAYA_MALE_2 Operation=58 PlotIndex=1818
mission CityName=LOC_CITY_NAME_MONTREAL CompletionTurn=83 EscapeResult=-1 InitialResult=3 LevelAfter=1 LootInfo=-1 Name=LOC_CITIZEN_MAYA_MALE_7 Operation=58 PlotIndex=1314
mission CityName=LOC_CITY_NAME_OTTAWA CompletionTurn=82 EscapeResult=-1 InitialResult=1 LevelAfter=1 LootInfo=-1 Name=LOC_CITIZEN_MAYA_MODERN_MALE_9 Operation=58 PlotIndex=978
tally 4  FOMENT_UNREST CAPTURED / NO_RESULT
tally 4  FOMENT_UNREST FAIL_MUST_ESCAPE / NO_RESULT
tally 3  FOMENT_UNREST FAIL_UNDETECTED / NO_RESULT
tally 1  FOMENT_UNREST KILLED / NO_RESULT
tally 6  FOMENT_UNREST SUCCESS_MUST_ESCAPE / NO_RESULT
tally 4  FOMENT_UNREST SUCCESS_UNDETECTED / NO_RESULT
turn 120 spies active 10 idle 2 missions 22 captured-enemy 0
spy 2359313 LOC_CITIZEN_MAYA_MALE_5 level 1 at 60:16 busy
spy 2031634 LOC_CITIZEN_MAYA_MALE_7 level 1 at 54:15 busy
spy 2555923 LOC_CITIZEN_MAYA_FEMALE_7 level 2 at 65:16 busy
spy 2293780 LOC_CITIZEN_MAYA_MODERN_FEMALE_3 level 1 at 54:15 refused
spy 2752533 LOC_CITIZEN_MAYA_MALE_8 level 2 at 54:11 busy
spy 3866646 LOC_CITIZEN_MAYA_MODERN_MALE_4 level 3 at 18:16 busy
spy 3342359 LOC_CITIZEN_MAYA_MODERN_FEMALE_9 level 3 at 73:12 busy
spy 2818072 LOC_CITIZEN_MAYA_MODERN_FEMALE_4 level 2 at 16:9 busy
spy 3014681 LOC_CITIZEN_MAYA_MODERN_FEMALE_6 level 2 at 54:21 busy
spy 3080218 LOC_CITIZEN_MAYA_FEMALE_2 level 2 at 69:21 busy
spy 3801115 LOC_CITIZEN_MAYA_FEMALE_1 level 2 at 23:19 busy
spy 3538973 LOC_CITIZEN_MAYA_MODERN_MALE_3 level 1 at 73:12 refused
turn 120 spies 12 started 0 travelled 0 promoted 0 bought 0 gold 50000
unblock: blocker ENDTURN_BLOCKING_PRODUCTION -> CHICHEN_ITZA builds BUILDING_WALLS | end turn requested
unblock: blocker ENDTURN_BLOCKING_PRODUCTION -> CHICHEN_ITZA builds BUILDING_WALLS | end turn requested
unstuck: closed sessions [6:6]
unstuck: DiplomacyActionView: Closing Diplomacy Action View. m_eventID: 1877947
mission CityName=LOC_CITY_NAME_KAWHIA CompletionTurn=107 EscapeResult=-1 InitialResult=4 LevelAfter=3 LootInfo=-1 Name=LOC_CITIZEN_MAYA_MODERN_MALE_4 Operation=58 PlotIndex=1362
mission CityName=LOC_CITY_NAME_THEBES CompletionTurn=105 EscapeResult=-1 InitialResult=2 LevelAfter=2 LootInfo=-1 Name=LOC_CITIZEN_MAYA_FEMALE_1 Operation=58 PlotIndex=1619
mission CityName=LOC_CITY_NAME_KAWHIA CompletionTurn=101 EscapeResult=-1 InitialResult=5 LevelAfter=2 LootInfo=-1 Name=LOC_CITIZEN_MAYA_MODERN_MALE_4 Operation=58 PlotIndex=1362
mission CityName=LOC_CITY_NAME_LINKOPING CompletionTurn=100 EscapeResult=-1 InitialResult=1 LevelAfter=1 LootInfo=-1 Name=LOC_CITIZEN_MAYA_FEMALE_4 Operation=58 PlotIndex=993
mission CityName=LOC_CITY_NAME_GOTEBORG CompletionTurn=100 EscapeResult=-1 InitialResult=4 LevelAfter=3 LootInfo=-1 Name=LOC_CITIZEN_MAYA_MODERN_FEMALE_9 Operation=58 PlotIndex=1081
mission CityName=LOC_CITY_NAME_LUND CompletionTurn=99 EscapeResult=-1 InitialResult=1 LevelAfter=1 LootInfo=-1 Name=LOC_CITIZEN_MAYA_MODERN_MALE_2 Operation=58 PlotIndex=744
mission CityName=LOC_CITY_NAME_THEBES CompletionTurn=99 EscapeResult=-1 InitialResult=5 LevelAfter=2 LootInfo=-1 Name=LOC_CITIZEN_MAYA_FEMALE_1 Operation=58 PlotIndex=1619
mission CityName=LOC_CITY_NAME_NGARUAWAHIA CompletionTurn=98 EscapeResult=-1 InitialResult=2 LevelAfter=2 LootInfo=-1 Name=LOC_CITIZEN_MAYA_FEMALE_2 Operation=58 PlotIndex=1833
mission CityName=LOC_CITY_NAME_LINKOPING CompletionTurn=96 EscapeResult=-1 InitialResult=3 LevelAfter=1 LootInfo=-1 Name=LOC_CITIZEN_MAYA_FEMALE_4 Operation=58 PlotIndex=993
mission CityName=LOC_CITY_NAME_GOTEBORG CompletionTurn=94 EscapeResult=-1 InitialResult=5 LevelAfter=2 LootInfo=-1 Name=LOC_CITIZEN_MAYA_MODERN_FEMALE_9 Operation=58 PlotIndex=1081
mission CityName=LOC_CITY_NAME_STOCKHOLM CompletionTurn=93 EscapeResult=-1 InitialResult=0 LevelAfter=1 LootInfo=-1 Name=LOC_CITIZEN_MAYA_MALE_1 Operation=58 PlotIndex=1253
mission CityName=LOC_CITY_NAME_NGARUAWAHIA CompletionTurn=91 EscapeResult=-1 InitialResult=5 LevelAfter=2 LootInfo=-1 Name=LOC_CITIZEN_MAYA_FEMALE_2 Operation=58 PlotIndex=1833
mission CityName=LOC_CITY_NAME_TORONTO CompletionTurn=91 EscapeResult=-1 InitialResult=4 LevelAfter=2 LootInfo=-1 Name=LOC_CITIZEN_MAYA_MODERN_FEMALE_6 Operation=58 PlotIndex=1818
mission CityName=LOC_CITY_NAME_MONTREAL CompletionTurn=91 EscapeResult=-1 InitialResult=2 LevelAfter=1 LootInfo=-1 Name=LOC_CITIZEN_MAYA_MALE_7 Operation=58 PlotIndex=1314
mission CityName=LOC_CITY_NAME_TE_HOKIANGA_NU_A_KUPE CompletionTurn=89 EscapeResult=-1 InitialResult=4 LevelAfter=2 LootInfo=-1 Name=LOC_CITIZEN_MAYA_MODERN_FEMALE_4 Operation=58 PlotIndex=772
mission CityName=LOC_CITY_NAME_OTTAWA CompletionTurn=89 EscapeResult=-1 InitialResult=4 LevelAfter=2 LootInfo=-1 Name=LOC_CITIZEN_MAYA_MALE_8 Operation=58 PlotIndex=978
mission CityName=LOC_CITY_NAME_HALIFAX CompletionTurn=87 EscapeResult=-1 InitialResult=4 LevelAfter=2 LootInfo=-1 Name=LOC_CITIZEN_MAYA_FEMALE_7 Operation=58 PlotIndex=1409
mission CityName=LOC_CITY_NAME_MONTREAL CompletionTurn=87 EscapeResult=-1 InitialResult=3 LevelAfter=1 LootInfo=-1 Name=LOC_CITIZEN_MAYA_MALE_7 Operation=58 PlotIndex=1314
mission CityName=LOC_CITY_NAME_QUEBEC_CITY CompletionTurn=86 EscapeResult=-1 InitialResult=2 LevelAfter=1 LootInfo=-1 Name=LOC_CITIZEN_MAYA_MALE_5 Operation=58 PlotIndex=1404
mission CityName=LOC_CITY_NAME_TORONTO CompletionTurn=84 EscapeResult=-1 InitialResult=1 LevelAfter=1 LootInfo=-1 Name=LOC_CITIZEN_MAYA_MALE_2 Operation=58 PlotIndex=1818
mission CityName=LOC_CITY_NAME_MONTREAL CompletionTurn=83 EscapeResult=-1 InitialResult=3 LevelAfter=1 LootInfo=-1 Name=LOC_CITIZEN_MAYA_MALE_7 Operation=58 PlotIndex=1314
mission CityName=LOC_CITY_NAME_OTTAWA CompletionTurn=82 EscapeResult=-1 InitialResult=1 LevelAfter=1 LootInfo=-1 Name=LOC_CITIZEN_MAYA_MODERN_MALE_9 Operation=58 PlotIndex=978
tally 4  FOMENT_UNREST CAPTURED / NO_RESULT
tally 4  FOMENT_UNREST FAIL_MUST_ESCAPE / NO_RESULT
tally 3  FOMENT_UNREST FAIL_UNDETECTED / NO_RESULT
tally 1  FOMENT_UNREST KILLED / NO_RESULT
tally 6  FOMENT_UNREST SUCCESS_MUST_ESCAPE / NO_RESULT
tally 4  FOMENT_UNREST SUCCESS_UNDETECTED / NO_RESULT
turn 121 spies active 10 idle 2 missions 22 captured-enemy 0
spy 2359313 LOC_CITIZEN_MAYA_MALE_5 level 1 at 60:16 busy
spy 2031634 LOC_CITIZEN_MAYA_MALE_7 level 1 at 54:15 busy
spy 2555923 LOC_CITIZEN_MAYA_FEMALE_7 level 2 at 65:16 busy
spy 2293780 LOC_CITIZEN_MAYA_MODERN_FEMALE_3 level 1 at 54:15 refused
spy 2752533 LOC_CITIZEN_MAYA_MALE_8 level 2 at 54:11 busy
spy 3866646 LOC_CITIZEN_MAYA_MODERN_MALE_4 level 3 at 18:16 busy
spy 3342359 LOC_CITIZEN_MAYA_MODERN_FEMALE_9 level 3 at 73:12 busy
spy 2818072 LOC_CITIZEN_MAYA_MODERN_FEMALE_4 level 2 at 16:9 busy
spy 3014681 LOC_CITIZEN_MAYA_MODERN_FEMALE_6 level 2 at 54:21 busy
spy 3080218 LOC_CITIZEN_MAYA_FEMALE_2 level 2 at 69:21 busy
spy 3801115 LOC_CITIZEN_MAYA_FEMALE_1 level 2 at 23:19 busy
spy 3538973 LOC_CITIZEN_MAYA_MODERN_MALE_3 level 1 at 73:12 refused
turn 121 spies 12 started 0 travelled 0 promoted 0 bought 0 gold 50000
unblock: blocker ENDTURN_BLOCKING_COMMEMORATION_AVAILABLE -> nothing | end turn requested
unstuck: closed sessions [1:1,4:4]
unstuck: EraCompletePopup: closed
unblock: blocker ENDTURN_BLOCKING_PRODUCTION -> CHICHEN_ITZA builds BUILDING_WALLS | end turn requested
unblock: blocker ENDTURN_BLOCKING_PRODUCTION -> CHICHEN_ITZA builds BUILDING_WALLS | end turn requested
unstuck: closed sessions [4:4]
unstuck: DiplomacyActionView: Closing Diplomacy Action View. m_eventID: 1886170
unblock: blocker ENDTURN_BLOCKING_PRODUCTION -> CHICHEN_ITZA builds BUILDING_WALLS | end turn requested
unstuck: closed sessions [5:5]
unstuck: DiplomacyActionView: Closing Diplomacy Action View. m_eventID: 1887082
unblock: blocker ENDTURN_BLOCKING_WORLD_CONGRESS_SESSION -> nothing | end turn requested
unstuck: WorldCongressIntro: closed
unstuck: WorldCongressPopup: closed
mission CityName=LOC_CITY_NAME_KAWHIA CompletionTurn=107 EscapeResult=-1 InitialResult=4 LevelAfter=3 LootInfo=-1 Name=LOC_CITIZEN_MAYA_MODERN_MALE_4 Operation=58 PlotIndex=1362
mission CityName=LOC_CITY_NAME_THEBES CompletionTurn=105 EscapeResult=-1 InitialResult=2 LevelAfter=2 LootInfo=-1 Name=LOC_CITIZEN_MAYA_FEMALE_1 Operation=58 PlotIndex=1619
mission CityName=LOC_CITY_NAME_KAWHIA CompletionTurn=101 EscapeResult=-1 InitialResult=5 LevelAfter=2 LootInfo=-1 Name=LOC_CITIZEN_MAYA_MODERN_MALE_4 Operation=58 PlotIndex=1362
mission CityName=LOC_CITY_NAME_LINKOPING CompletionTurn=100 EscapeResult=-1 InitialResult=1 LevelAfter=1 LootInfo=-1 Name=LOC_CITIZEN_MAYA_FEMALE_4 Operation=58 PlotIndex=993
mission CityName=LOC_CITY_NAME_GOTEBORG CompletionTurn=100 EscapeResult=-1 InitialResult=4 LevelAfter=3 LootInfo=-1 Name=LOC_CITIZEN_MAYA_MODERN_FEMALE_9 Operation=58 PlotIndex=1081
mission CityName=LOC_CITY_NAME_LUND CompletionTurn=99 EscapeResult=-1 InitialResult=1 LevelAfter=1 LootInfo=-1 Name=LOC_CITIZEN_MAYA_MODERN_MALE_2 Operation=58 PlotIndex=744
mission CityName=LOC_CITY_NAME_THEBES CompletionTurn=99 EscapeResult=-1 InitialResult=5 LevelAfter=2 LootInfo=-1 Name=LOC_CITIZEN_MAYA_FEMALE_1 Operation=58 PlotIndex=1619
mission CityName=LOC_CITY_NAME_NGARUAWAHIA CompletionTurn=98 EscapeResult=-1 InitialResult=2 LevelAfter=2 LootInfo=-1 Name=LOC_CITIZEN_MAYA_FEMALE_2 Operation=58 PlotIndex=1833
mission CityName=LOC_CITY_NAME_LINKOPING CompletionTurn=96 EscapeResult=-1 InitialResult=3 LevelAfter=1 LootInfo=-1 Name=LOC_CITIZEN_MAYA_FEMALE_4 Operation=58 PlotIndex=993
mission CityName=LOC_CITY_NAME_GOTEBORG CompletionTurn=94 EscapeResult=-1 InitialResult=5 LevelAfter=2 LootInfo=-1 Name=LOC_CITIZEN_MAYA_MODERN_FEMALE_9 Operation=58 PlotIndex=1081
mission CityName=LOC_CITY_NAME_STOCKHOLM CompletionTurn=93 EscapeResult=-1 InitialResult=0 LevelAfter=1 LootInfo=-1 Name=LOC_CITIZEN_MAYA_MALE_1 Operation=58 PlotIndex=1253
mission CityName=LOC_CITY_NAME_NGARUAWAHIA CompletionTurn=91 EscapeResult=-1 InitialResult=5 LevelAfter=2 LootInfo=-1 Name=LOC_CITIZEN_MAYA_FEMALE_2 Operation=58 PlotIndex=1833
mission CityName=LOC_CITY_NAME_TORONTO CompletionTurn=91 EscapeResult=-1 InitialResult=4 LevelAfter=2 LootInfo=-1 Name=LOC_CITIZEN_MAYA_MODERN_FEMALE_6 Operation=58 PlotIndex=1818
mission CityName=LOC_CITY_NAME_MONTREAL CompletionTurn=91 EscapeResult=-1 InitialResult=2 LevelAfter=1 LootInfo=-1 Name=LOC_CITIZEN_MAYA_MALE_7 Operation=58 PlotIndex=1314
mission CityName=LOC_CITY_NAME_TE_HOKIANGA_NU_A_KUPE CompletionTurn=89 EscapeResult=-1 InitialResult=4 LevelAfter=2 LootInfo=-1 Name=LOC_CITIZEN_MAYA_MODERN_FEMALE_4 Operation=58 PlotIndex=772
mission CityName=LOC_CITY_NAME_OTTAWA CompletionTurn=89 EscapeResult=-1 InitialResult=4 LevelAfter=2 LootInfo=-1 Name=LOC_CITIZEN_MAYA_MALE_8 Operation=58 PlotIndex=978
mission CityName=LOC_CITY_NAME_HALIFAX CompletionTurn=87 EscapeResult=-1 InitialResult=4 LevelAfter=2 LootInfo=-1 Name=LOC_CITIZEN_MAYA_FEMALE_7 Operation=58 PlotIndex=1409
mission CityName=LOC_CITY_NAME_MONTREAL CompletionTurn=87 EscapeResult=-1 InitialResult=3 LevelAfter=1 LootInfo=-1 Name=LOC_CITIZEN_MAYA_MALE_7 Operation=58 PlotIndex=1314
mission CityName=LOC_CITY_NAME_QUEBEC_CITY CompletionTurn=86 EscapeResult=-1 InitialResult=2 LevelAfter=1 LootInfo=-1 Name=LOC_CITIZEN_MAYA_MALE_5 Operation=58 PlotIndex=1404
mission CityName=LOC_CITY_NAME_TORONTO CompletionTurn=84 EscapeResult=-1 InitialResult=1 LevelAfter=1 LootInfo=-1 Name=LOC_CITIZEN_MAYA_MALE_2 Operation=58 PlotIndex=1818
mission CityName=LOC_CITY_NAME_MONTREAL CompletionTurn=83 EscapeResult=-1 InitialResult=3 LevelAfter=1 LootInfo=-1 Name=LOC_CITIZEN_MAYA_MALE_7 Operation=58 PlotIndex=1314
mission CityName=LOC_CITY_NAME_OTTAWA CompletionTurn=82 EscapeResult=-1 InitialResult=1 LevelAfter=1 LootInfo=-1 Name=LOC_CITIZEN_MAYA_MODERN_MALE_9 Operation=58 PlotIndex=978
tally 4  FOMENT_UNREST CAPTURED / NO_RESULT
tally 4  FOMENT_UNREST FAIL_MUST_ESCAPE / NO_RESULT
tally 3  FOMENT_UNREST FAIL_UNDETECTED / NO_RESULT
tally 1  FOMENT_UNREST KILLED / NO_RESULT
tally 6  FOMENT_UNREST SUCCESS_MUST_ESCAPE / NO_RESULT
tally 4  FOMENT_UNREST SUCCESS_UNDETECTED / NO_RESULT
turn 122 spies active 10 idle 2 missions 22 captured-enemy 0
spy 2359313 LOC_CITIZEN_MAYA_MALE_5 level 1 at 60:16 busy
spy 2031634 LOC_CITIZEN_MAYA_MALE_7 level 1 at 54:15 busy
spy 2555923 LOC_CITIZEN_MAYA_FEMALE_7 level 2 at 65:16 busy
spy 2293780 LOC_CITIZEN_MAYA_MODERN_FEMALE_3 level 1 at 54:15 refused
spy 2752533 LOC_CITIZEN_MAYA_MALE_8 level 2 at 54:11 busy
spy 3866646 LOC_CITIZEN_MAYA_MODERN_MALE_4 level 3 at 18:16 busy
spy 3342359 LOC_CITIZEN_MAYA_MODERN_FEMALE_9 level 3 at 73:12 busy
spy 2818072 LOC_CITIZEN_MAYA_MODERN_FEMALE_4 level 2 at 16:9 busy
spy 3014681 LOC_CITIZEN_MAYA_MODERN_FEMALE_6 level 2 at 54:21 busy
spy 3080218 LOC_CITIZEN_MAYA_FEMALE_2 level 2 at 69:21 busy
spy 3801115 LOC_CITIZEN_MAYA_FEMALE_1 level 2 at 23:19 busy
spy 3538973 LOC_CITIZEN_MAYA_MODERN_MALE_3 level 1 at 73:12 refused
turn 122 spies 12 started 0 travelled 0 promoted 0 bought 0 gold 50000
unblock: blocker ENDTURN_BLOCKING_PRODUCTION -> CHICHEN_ITZA builds BUILDING_WALLS | end turn requested
unstuck: closed sessions [1:1]
unblock: blocker ENDTURN_BLOCKING_PRODUCTION -> CHICHEN_ITZA builds BUILDING_WALLS | end turn requested
unstuck: DiplomacyActionView: closed
unblock: blocker ENDTURN_BLOCKING_PRODUCTION -> CHICHEN_ITZA builds BUILDING_WALLS | end turn requested
unstuck: closed sessions [5:5]
unstuck: DiplomacyActionView: Closing Diplomacy Action View. m_eventID: 1896599
mission CityName=LOC_CITY_NAME_KAWHIA CompletionTurn=107 EscapeResult=-1 InitialResult=4 LevelAfter=3 LootInfo=-1 Name=LOC_CITIZEN_MAYA_MODERN_MALE_4 Operation=58 PlotIndex=1362
mission CityName=LOC_CITY_NAME_THEBES CompletionTurn=105 EscapeResult=-1 InitialResult=2 LevelAfter=2 LootInfo=-1 Name=LOC_CITIZEN_MAYA_FEMALE_1 Operation=58 PlotIndex=1619
mission CityName=LOC_CITY_NAME_KAWHIA CompletionTurn=101 EscapeResult=-1 InitialResult=5 LevelAfter=2 LootInfo=-1 Name=LOC_CITIZEN_MAYA_MODERN_MALE_4 Operation=58 PlotIndex=1362
mission CityName=LOC_CITY_NAME_LINKOPING CompletionTurn=100 EscapeResult=-1 InitialResult=1 LevelAfter=1 LootInfo=-1 Name=LOC_CITIZEN_MAYA_FEMALE_4 Operation=58 PlotIndex=993
mission CityName=LOC_CITY_NAME_GOTEBORG CompletionTurn=100 EscapeResult=-1 InitialResult=4 LevelAfter=3 LootInfo=-1 Name=LOC_CITIZEN_MAYA_MODERN_FEMALE_9 Operation=58 PlotIndex=1081
mission CityName=LOC_CITY_NAME_LUND CompletionTurn=99 EscapeResult=-1 InitialResult=1 LevelAfter=1 LootInfo=-1 Name=LOC_CITIZEN_MAYA_MODERN_MALE_2 Operation=58 PlotIndex=744
mission CityName=LOC_CITY_NAME_THEBES CompletionTurn=99 EscapeResult=-1 InitialResult=5 LevelAfter=2 LootInfo=-1 Name=LOC_CITIZEN_MAYA_FEMALE_1 Operation=58 PlotIndex=1619
mission CityName=LOC_CITY_NAME_NGARUAWAHIA CompletionTurn=98 EscapeResult=-1 InitialResult=2 LevelAfter=2 LootInfo=-1 Name=LOC_CITIZEN_MAYA_FEMALE_2 Operation=58 PlotIndex=1833
mission CityName=LOC_CITY_NAME_LINKOPING CompletionTurn=96 EscapeResult=-1 InitialResult=3 LevelAfter=1 LootInfo=-1 Name=LOC_CITIZEN_MAYA_FEMALE_4 Operation=58 PlotIndex=993
mission CityName=LOC_CITY_NAME_GOTEBORG CompletionTurn=94 EscapeResult=-1 InitialResult=5 LevelAfter=2 LootInfo=-1 Name=LOC_CITIZEN_MAYA_MODERN_FEMALE_9 Operation=58 PlotIndex=1081
mission CityName=LOC_CITY_NAME_STOCKHOLM CompletionTurn=93 EscapeResult=-1 InitialResult=0 LevelAfter=1 LootInfo=-1 Name=LOC_CITIZEN_MAYA_MALE_1 Operation=58 PlotIndex=1253
mission CityName=LOC_CITY_NAME_NGARUAWAHIA CompletionTurn=91 EscapeResult=-1 InitialResult=5 LevelAfter=2 LootInfo=-1 Name=LOC_CITIZEN_MAYA_FEMALE_2 Operation=58 PlotIndex=1833
mission CityName=LOC_CITY_NAME_TORONTO CompletionTurn=91 EscapeResult=-1 InitialResult=4 LevelAfter=2 LootInfo=-1 Name=LOC_CITIZEN_MAYA_MODERN_FEMALE_6 Operation=58 PlotIndex=1818
mission CityName=LOC_CITY_NAME_MONTREAL CompletionTurn=91 EscapeResult=-1 InitialResult=2 LevelAfter=1 LootInfo=-1 Name=LOC_CITIZEN_MAYA_MALE_7 Operation=58 PlotIndex=1314
mission CityName=LOC_CITY_NAME_TE_HOKIANGA_NU_A_KUPE CompletionTurn=89 EscapeResult=-1 InitialResult=4 LevelAfter=2 LootInfo=-1 Name=LOC_CITIZEN_MAYA_MODERN_FEMALE_4 Operation=58 PlotIndex=772
mission CityName=LOC_CITY_NAME_OTTAWA CompletionTurn=89 EscapeResult=-1 InitialResult=4 LevelAfter=2 LootInfo=-1 Name=LOC_CITIZEN_MAYA_MALE_8 Operation=58 PlotIndex=978
mission CityName=LOC_CITY_NAME_HALIFAX CompletionTurn=87 EscapeResult=-1 InitialResult=4 LevelAfter=2 LootInfo=-1 Name=LOC_CITIZEN_MAYA_FEMALE_7 Operation=58 PlotIndex=1409
mission CityName=LOC_CITY_NAME_MONTREAL CompletionTurn=87 EscapeResult=-1 InitialResult=3 LevelAfter=1 LootInfo=-1 Name=LOC_CITIZEN_MAYA_MALE_7 Operation=58 PlotIndex=1314
mission CityName=LOC_CITY_NAME_QUEBEC_CITY CompletionTurn=86 EscapeResult=-1 InitialResult=2 LevelAfter=1 LootInfo=-1 Name=LOC_CITIZEN_MAYA_MALE_5 Operation=58 PlotIndex=1404
mission CityName=LOC_CITY_NAME_TORONTO CompletionTurn=84 EscapeResult=-1 InitialResult=1 LevelAfter=1 LootInfo=-1 Name=LOC_CITIZEN_MAYA_MALE_2 Operation=58 PlotIndex=1818
mission CityName=LOC_CITY_NAME_MONTREAL CompletionTurn=83 EscapeResult=-1 InitialResult=3 LevelAfter=1 LootInfo=-1 Name=LOC_CITIZEN_MAYA_MALE_7 Operation=58 PlotIndex=1314
mission CityName=LOC_CITY_NAME_OTTAWA CompletionTurn=82 EscapeResult=-1 InitialResult=1 LevelAfter=1 LootInfo=-1 Name=LOC_CITIZEN_MAYA_MODERN_MALE_9 Operation=58 PlotIndex=978
tally 4  FOMENT_UNREST CAPTURED / NO_RESULT
tally 4  FOMENT_UNREST FAIL_MUST_ESCAPE / NO_RESULT
tally 3  FOMENT_UNREST FAIL_UNDETECTED / NO_RESULT
tally 1  FOMENT_UNREST KILLED / NO_RESULT
tally 6  FOMENT_UNREST SUCCESS_MUST_ESCAPE / NO_RESULT
tally 4  FOMENT_UNREST SUCCESS_UNDETECTED / NO_RESULT
turn 123 spies active 10 idle 2 missions 22 captured-enemy 0
spy 2359313 LOC_CITIZEN_MAYA_MALE_5 level 1 at 60:16 busy
spy 2031634 LOC_CITIZEN_MAYA_MALE_7 level 1 at 54:15 busy
spy 2555923 LOC_CITIZEN_MAYA_FEMALE_7 level 2 at 65:16 busy
spy 2293780 LOC_CITIZEN_MAYA_MODERN_FEMALE_3 level 1 at 54:15 refused
spy 2752533 LOC_CITIZEN_MAYA_MALE_8 level 2 at 54:11 busy
spy 3866646 LOC_CITIZEN_MAYA_MODERN_MALE_4 level 3 at 18:16 busy
spy 3342359 LOC_CITIZEN_MAYA_MODERN_FEMALE_9 level 3 at 73:12 busy
spy 2818072 LOC_CITIZEN_MAYA_MODERN_FEMALE_4 level 2 at 16:9 busy
spy 3014681 LOC_CITIZEN_MAYA_MODERN_FEMALE_6 level 2 at 54:21 busy
spy 3080218 LOC_CITIZEN_MAYA_FEMALE_2 level 2 at 69:21 busy
spy 3801115 LOC_CITIZEN_MAYA_FEMALE_1 level 2 at 23:19 busy
spy 3538973 LOC_CITIZEN_MAYA_MODERN_MALE_3 level 1 at 73:12 refused
turn 123 spies 12 started 0 travelled 0 promoted 0 bought 0 gold 50000
unblock: blocker ENDTURN_BLOCKING_PRODUCTION -> CHICHEN_ITZA builds BUILDING_WALLS | end turn requested
unblock: blocker ENDTURN_BLOCKING_PRODUCTION -> CHICHEN_ITZA builds BUILDING_WALLS | end turn requested
unstuck: closed sessions [1:1]
unstuck: DiplomacyActionView: Closing Diplomacy Action View. m_eventID: 1901882
unblock: blocker ENDTURN_BLOCKING_PRODUCTION -> CHICHEN_ITZA builds BUILDING_WALLS | end turn requested
unstuck: closed sessions [2:2]
mission CityName=LOC_CITY_NAME_KAWHIA CompletionTurn=107 EscapeResult=-1 InitialResult=4 LevelAfter=3 LootInfo=-1 Name=LOC_CITIZEN_MAYA_MODERN_MALE_4 Operation=58 PlotIndex=1362
mission CityName=LOC_CITY_NAME_THEBES CompletionTurn=105 EscapeResult=-1 InitialResult=2 LevelAfter=2 LootInfo=-1 Name=LOC_CITIZEN_MAYA_FEMALE_1 Operation=58 PlotIndex=1619
mission CityName=LOC_CITY_NAME_KAWHIA CompletionTurn=101 EscapeResult=-1 InitialResult=5 LevelAfter=2 LootInfo=-1 Name=LOC_CITIZEN_MAYA_MODERN_MALE_4 Operation=58 PlotIndex=1362
mission CityName=LOC_CITY_NAME_LINKOPING CompletionTurn=100 EscapeResult=-1 InitialResult=1 LevelAfter=1 LootInfo=-1 Name=LOC_CITIZEN_MAYA_FEMALE_4 Operation=58 PlotIndex=993
mission CityName=LOC_CITY_NAME_GOTEBORG CompletionTurn=100 EscapeResult=-1 InitialResult=4 LevelAfter=3 LootInfo=-1 Name=LOC_CITIZEN_MAYA_MODERN_FEMALE_9 Operation=58 PlotIndex=1081
mission CityName=LOC_CITY_NAME_LUND CompletionTurn=99 EscapeResult=-1 InitialResult=1 LevelAfter=1 LootInfo=-1 Name=LOC_CITIZEN_MAYA_MODERN_MALE_2 Operation=58 PlotIndex=744
mission CityName=LOC_CITY_NAME_THEBES CompletionTurn=99 EscapeResult=-1 InitialResult=5 LevelAfter=2 LootInfo=-1 Name=LOC_CITIZEN_MAYA_FEMALE_1 Operation=58 PlotIndex=1619
mission CityName=LOC_CITY_NAME_NGARUAWAHIA CompletionTurn=98 EscapeResult=-1 InitialResult=2 LevelAfter=2 LootInfo=-1 Name=LOC_CITIZEN_MAYA_FEMALE_2 Operation=58 PlotIndex=1833
mission CityName=LOC_CITY_NAME_LINKOPING CompletionTurn=96 EscapeResult=-1 InitialResult=3 LevelAfter=1 LootInfo=-1 Name=LOC_CITIZEN_MAYA_FEMALE_4 Operation=58 PlotIndex=993
mission CityName=LOC_CITY_NAME_GOTEBORG CompletionTurn=94 EscapeResult=-1 InitialResult=5 LevelAfter=2 LootInfo=-1 Name=LOC_CITIZEN_MAYA_MODERN_FEMALE_9 Operation=58 PlotIndex=1081
mission CityName=LOC_CITY_NAME_STOCKHOLM CompletionTurn=93 EscapeResult=-1 InitialResult=0 LevelAfter=1 LootInfo=-1 Name=LOC_CITIZEN_MAYA_MALE_1 Operation=58 PlotIndex=1253
mission CityName=LOC_CITY_NAME_NGARUAWAHIA CompletionTurn=91 EscapeResult=-1 InitialResult=5 LevelAfter=2 LootInfo=-1 Name=LOC_CITIZEN_MAYA_FEMALE_2 Operation=58 PlotIndex=1833
mission CityName=LOC_CITY_NAME_TORONTO CompletionTurn=91 EscapeResult=-1 InitialResult=4 LevelAfter=2 LootInfo=-1 Name=LOC_CITIZEN_MAYA_MODERN_FEMALE_6 Operation=58 PlotIndex=1818
mission CityName=LOC_CITY_NAME_MONTREAL CompletionTurn=91 EscapeResult=-1 InitialResult=2 LevelAfter=1 LootInfo=-1 Name=LOC_CITIZEN_MAYA_MALE_7 Operation=58 PlotIndex=1314
mission CityName=LOC_CITY_NAME_TE_HOKIANGA_NU_A_KUPE CompletionTurn=89 EscapeResult=-1 InitialResult=4 LevelAfter=2 LootInfo=-1 Name=LOC_CITIZEN_MAYA_MODERN_FEMALE_4 Operation=58 PlotIndex=772
mission CityName=LOC_CITY_NAME_OTTAWA CompletionTurn=89 EscapeResult=-1 InitialResult=4 LevelAfter=2 LootInfo=-1 Name=LOC_CITIZEN_MAYA_MALE_8 Operation=58 PlotIndex=978
mission CityName=LOC_CITY_NAME_HALIFAX CompletionTurn=87 EscapeResult=-1 InitialResult=4 LevelAfter=2 LootInfo=-1 Name=LOC_CITIZEN_MAYA_FEMALE_7 Operation=58 PlotIndex=1409
mission CityName=LOC_CITY_NAME_MONTREAL CompletionTurn=87 EscapeResult=-1 InitialResult=3 LevelAfter=1 LootInfo=-1 Name=LOC_CITIZEN_MAYA_MALE_7 Operation=58 PlotIndex=1314
mission CityName=LOC_CITY_NAME_QUEBEC_CITY CompletionTurn=86 EscapeResult=-1 InitialResult=2 LevelAfter=1 LootInfo=-1 Name=LOC_CITIZEN_MAYA_MALE_5 Operation=58 PlotIndex=1404
mission CityName=LOC_CITY_NAME_TORONTO CompletionTurn=84 EscapeResult=-1 InitialResult=1 LevelAfter=1 LootInfo=-1 Name=LOC_CITIZEN_MAYA_MALE_2 Operation=58 PlotIndex=1818
mission CityName=LOC_CITY_NAME_MONTREAL CompletionTurn=83 EscapeResult=-1 InitialResult=3 LevelAfter=1 LootInfo=-1 Name=LOC_CITIZEN_MAYA_MALE_7 Operation=58 PlotIndex=1314
mission CityName=LOC_CITY_NAME_OTTAWA CompletionTurn=82 EscapeResult=-1 InitialResult=1 LevelAfter=1 LootInfo=-1 Name=LOC_CITIZEN_MAYA_MODERN_MALE_9 Operation=58 PlotIndex=978
tally 4  FOMENT_UNREST CAPTURED / NO_RESULT
tally 4  FOMENT_UNREST FAIL_MUST_ESCAPE / NO_RESULT
tally 3  FOMENT_UNREST FAIL_UNDETECTED / NO_RESULT
tally 1  FOMENT_UNREST KILLED / NO_RESULT
tally 6  FOMENT_UNREST SUCCESS_MUST_ESCAPE / NO_RESULT
tally 4  FOMENT_UNREST SUCCESS_UNDETECTED / NO_RESULT
turn 124 spies active 10 idle 2 missions 22 captured-enemy 0
spy 2359313 LOC_CITIZEN_MAYA_MALE_5 level 1 at 60:16 busy
spy 2031634 LOC_CITIZEN_MAYA_MALE_7 level 1 at 54:15 busy
spy 2555923 LOC_CITIZEN_MAYA_FEMALE_7 level 2 at 65:16 busy
spy 2293780 LOC_CITIZEN_MAYA_MODERN_FEMALE_3 level 1 at 54:15 refused
spy 2752533 LOC_CITIZEN_MAYA_MALE_8 level 2 at 54:11 busy
spy 3866646 LOC_CITIZEN_MAYA_MODERN_MALE_4 level 3 at 18:16 busy
spy 3342359 LOC_CITIZEN_MAYA_MODERN_FEMALE_9 level 3 at 73:12 busy
spy 2818072 LOC_CITIZEN_MAYA_MODERN_FEMALE_4 level 2 at 16:9 busy
spy 3014681 LOC_CITIZEN_MAYA_MODERN_FEMALE_6 level 2 at 54:21 busy
spy 3080218 LOC_CITIZEN_MAYA_FEMALE_2 level 2 at 69:21 busy
spy 3801115 LOC_CITIZEN_MAYA_FEMALE_1 level 2 at 23:19 busy
spy 3538973 LOC_CITIZEN_MAYA_MODERN_MALE_3 level 1 at 73:12 refused
turn 124 spies 12 started 0 travelled 0 promoted 0 bought 0 gold 50000
unblock: blocker ENDTURN_BLOCKING_PRODUCTION -> CHICHEN_ITZA builds BUILDING_WALLS | end turn requested
mission CityName=LOC_CITY_NAME_KAWHIA CompletionTurn=107 EscapeResult=-1 InitialResult=4 LevelAfter=3 LootInfo=-1 Name=LOC_CITIZEN_MAYA_MODERN_MALE_4 Operation=58 PlotIndex=1362
mission CityName=LOC_CITY_NAME_THEBES CompletionTurn=105 EscapeResult=-1 InitialResult=2 LevelAfter=2 LootInfo=-1 Name=LOC_CITIZEN_MAYA_FEMALE_1 Operation=58 PlotIndex=1619
mission CityName=LOC_CITY_NAME_KAWHIA CompletionTurn=101 EscapeResult=-1 InitialResult=5 LevelAfter=2 LootInfo=-1 Name=LOC_CITIZEN_MAYA_MODERN_MALE_4 Operation=58 PlotIndex=1362
mission CityName=LOC_CITY_NAME_LINKOPING CompletionTurn=100 EscapeResult=-1 InitialResult=1 LevelAfter=1 LootInfo=-1 Name=LOC_CITIZEN_MAYA_FEMALE_4 Operation=58 PlotIndex=993
mission CityName=LOC_CITY_NAME_GOTEBORG CompletionTurn=100 EscapeResult=-1 InitialResult=4 LevelAfter=3 LootInfo=-1 Name=LOC_CITIZEN_MAYA_MODERN_FEMALE_9 Operation=58 PlotIndex=1081
mission CityName=LOC_CITY_NAME_LUND CompletionTurn=99 EscapeResult=-1 InitialResult=1 LevelAfter=1 LootInfo=-1 Name=LOC_CITIZEN_MAYA_MODERN_MALE_2 Operation=58 PlotIndex=744
mission CityName=LOC_CITY_NAME_THEBES CompletionTurn=99 EscapeResult=-1 InitialResult=5 LevelAfter=2 LootInfo=-1 Name=LOC_CITIZEN_MAYA_FEMALE_1 Operation=58 PlotIndex=1619
mission CityName=LOC_CITY_NAME_NGARUAWAHIA CompletionTurn=98 EscapeResult=-1 InitialResult=2 LevelAfter=2 LootInfo=-1 Name=LOC_CITIZEN_MAYA_FEMALE_2 Operation=58 PlotIndex=1833
mission CityName=LOC_CITY_NAME_LINKOPING CompletionTurn=96 EscapeResult=-1 InitialResult=3 LevelAfter=1 LootInfo=-1 Name=LOC_CITIZEN_MAYA_FEMALE_4 Operation=58 PlotIndex=993
mission CityName=LOC_CITY_NAME_GOTEBORG CompletionTurn=94 EscapeResult=-1 InitialResult=5 LevelAfter=2 LootInfo=-1 Name=LOC_CITIZEN_MAYA_MODERN_FEMALE_9 Operation=58 PlotIndex=1081
mission CityName=LOC_CITY_NAME_STOCKHOLM CompletionTurn=93 EscapeResult=-1 InitialResult=0 LevelAfter=1 LootInfo=-1 Name=LOC_CITIZEN_MAYA_MALE_1 Operation=58 PlotIndex=1253
mission CityName=LOC_CITY_NAME_NGARUAWAHIA CompletionTurn=91 EscapeResult=-1 InitialResult=5 LevelAfter=2 LootInfo=-1 Name=LOC_CITIZEN_MAYA_FEMALE_2 Operation=58 PlotIndex=1833
mission CityName=LOC_CITY_NAME_TORONTO CompletionTurn=91 EscapeResult=-1 InitialResult=4 LevelAfter=2 LootInfo=-1 Name=LOC_CITIZEN_MAYA_MODERN_FEMALE_6 Operation=58 PlotIndex=1818
mission CityName=LOC_CITY_NAME_MONTREAL CompletionTurn=91 EscapeResult=-1 InitialResult=2 LevelAfter=1 LootInfo=-1 Name=LOC_CITIZEN_MAYA_MALE_7 Operation=58 PlotIndex=1314
mission CityName=LOC_CITY_NAME_TE_HOKIANGA_NU_A_KUPE CompletionTurn=89 EscapeResult=-1 InitialResult=4 LevelAfter=2 LootInfo=-1 Name=LOC_CITIZEN_MAYA_MODERN_FEMALE_4 Operation=58 PlotIndex=772
mission CityName=LOC_CITY_NAME_OTTAWA CompletionTurn=89 EscapeResult=-1 InitialResult=4 LevelAfter=2 LootInfo=-1 Name=LOC_CITIZEN_MAYA_MALE_8 Operation=58 PlotIndex=978
mission CityName=LOC_CITY_NAME_HALIFAX CompletionTurn=87 EscapeResult=-1 InitialResult=4 LevelAfter=2 LootInfo=-1 Name=LOC_CITIZEN_MAYA_FEMALE_7 Operation=58 PlotIndex=1409
mission CityName=LOC_CITY_NAME_MONTREAL CompletionTurn=87 EscapeResult=-1 InitialResult=3 LevelAfter=1 LootInfo=-1 Name=LOC_CITIZEN_MAYA_MALE_7 Operation=58 PlotIndex=1314
mission CityName=LOC_CITY_NAME_QUEBEC_CITY CompletionTurn=86 EscapeResult=-1 InitialResult=2 LevelAfter=1 LootInfo=-1 Name=LOC_CITIZEN_MAYA_MALE_5 Operation=58 PlotIndex=1404
mission CityName=LOC_CITY_NAME_TORONTO CompletionTurn=84 EscapeResult=-1 InitialResult=1 LevelAfter=1 LootInfo=-1 Name=LOC_CITIZEN_MAYA_MALE_2 Operation=58 PlotIndex=1818
mission CityName=LOC_CITY_NAME_MONTREAL CompletionTurn=83 EscapeResult=-1 InitialResult=3 LevelAfter=1 LootInfo=-1 Name=LOC_CITIZEN_MAYA_MALE_7 Operation=58 PlotIndex=1314
mission CityName=LOC_CITY_NAME_OTTAWA CompletionTurn=82 EscapeResult=-1 InitialResult=1 LevelAfter=1 LootInfo=-1 Name=LOC_CITIZEN_MAYA_MODERN_MALE_9 Operation=58 PlotIndex=978
tally 4  FOMENT_UNREST CAPTURED / NO_RESULT
tally 4  FOMENT_UNREST FAIL_MUST_ESCAPE / NO_RESULT
tally 3  FOMENT_UNREST FAIL_UNDETECTED / NO_RESULT
tally 1  FOMENT_UNREST KILLED / NO_RESULT
tally 6  FOMENT_UNREST SUCCESS_MUST_ESCAPE / NO_RESULT
tally 4  FOMENT_UNREST SUCCESS_UNDETECTED / NO_RESULT
turn 125 spies active 10 idle 2 missions 22 captured-enemy 0
spy 2359313 LOC_CITIZEN_MAYA_MALE_5 level 1 at 60:16 busy
spy 2031634 LOC_CITIZEN_MAYA_MALE_7 level 1 at 54:15 busy
spy 2555923 LOC_CITIZEN_MAYA_FEMALE_7 level 2 at 65:16 busy
spy 2293780 LOC_CITIZEN_MAYA_MODERN_FEMALE_3 level 1 at 54:15 refused
spy 2752533 LOC_CITIZEN_MAYA_MALE_8 level 2 at 54:11 busy
spy 3866646 LOC_CITIZEN_MAYA_MODERN_MALE_4 level 3 at 18:16 busy
spy 3342359 LOC_CITIZEN_MAYA_MODERN_FEMALE_9 level 3 at 73:12 busy
spy 2818072 LOC_CITIZEN_MAYA_MODERN_FEMALE_4 level 2 at 16:9 busy
spy 3014681 LOC_CITIZEN_MAYA_MODERN_FEMALE_6 level 2 at 54:21 busy
spy 3080218 LOC_CITIZEN_MAYA_FEMALE_2 level 2 at 69:21 busy
spy 3801115 LOC_CITIZEN_MAYA_FEMALE_1 level 2 at 23:19 busy
spy 3538973 LOC_CITIZEN_MAYA_MODERN_MALE_3 level 1 at 73:12 refused
turn 125 spies 12 started 0 travelled 0 promoted 0 bought 0 gold 50000
unblock: blocker ENDTURN_BLOCKING_PRODUCTION -> CHICHEN_ITZA builds BUILDING_WALLS | end turn requested
unblock: blocker ENDTURN_BLOCKING_PRODUCTION -> CHICHEN_ITZA builds BUILDING_WALLS | end turn requested
unstuck: closed sessions [5:5]
unstuck: DiplomacyActionView: Closing Diplomacy Action View. m_eventID: 1923185
mission CityName=LOC_CITY_NAME_KAWHIA CompletionTurn=107 EscapeResult=-1 InitialResult=4 LevelAfter=3 LootInfo=-1 Name=LOC_CITIZEN_MAYA_MODERN_MALE_4 Operation=58 PlotIndex=1362
mission CityName=LOC_CITY_NAME_THEBES CompletionTurn=105 EscapeResult=-1 InitialResult=2 LevelAfter=2 LootInfo=-1 Name=LOC_CITIZEN_MAYA_FEMALE_1 Operation=58 PlotIndex=1619
mission CityName=LOC_CITY_NAME_KAWHIA CompletionTurn=101 EscapeResult=-1 InitialResult=5 LevelAfter=2 LootInfo=-1 Name=LOC_CITIZEN_MAYA_MODERN_MALE_4 Operation=58 PlotIndex=1362
mission CityName=LOC_CITY_NAME_LINKOPING CompletionTurn=100 EscapeResult=-1 InitialResult=1 LevelAfter=1 LootInfo=-1 Name=LOC_CITIZEN_MAYA_FEMALE_4 Operation=58 PlotIndex=993
mission CityName=LOC_CITY_NAME_GOTEBORG CompletionTurn=100 EscapeResult=-1 InitialResult=4 LevelAfter=3 LootInfo=-1 Name=LOC_CITIZEN_MAYA_MODERN_FEMALE_9 Operation=58 PlotIndex=1081
mission CityName=LOC_CITY_NAME_LUND CompletionTurn=99 EscapeResult=-1 InitialResult=1 LevelAfter=1 LootInfo=-1 Name=LOC_CITIZEN_MAYA_MODERN_MALE_2 Operation=58 PlotIndex=744
mission CityName=LOC_CITY_NAME_THEBES CompletionTurn=99 EscapeResult=-1 InitialResult=5 LevelAfter=2 LootInfo=-1 Name=LOC_CITIZEN_MAYA_FEMALE_1 Operation=58 PlotIndex=1619
mission CityName=LOC_CITY_NAME_NGARUAWAHIA CompletionTurn=98 EscapeResult=-1 InitialResult=2 LevelAfter=2 LootInfo=-1 Name=LOC_CITIZEN_MAYA_FEMALE_2 Operation=58 PlotIndex=1833
mission CityName=LOC_CITY_NAME_LINKOPING CompletionTurn=96 EscapeResult=-1 InitialResult=3 LevelAfter=1 LootInfo=-1 Name=LOC_CITIZEN_MAYA_FEMALE_4 Operation=58 PlotIndex=993
mission CityName=LOC_CITY_NAME_GOTEBORG CompletionTurn=94 EscapeResult=-1 InitialResult=5 LevelAfter=2 LootInfo=-1 Name=LOC_CITIZEN_MAYA_MODERN_FEMALE_9 Operation=58 PlotIndex=1081
mission CityName=LOC_CITY_NAME_STOCKHOLM CompletionTurn=93 EscapeResult=-1 InitialResult=0 LevelAfter=1 LootInfo=-1 Name=LOC_CITIZEN_MAYA_MALE_1 Operation=58 PlotIndex=1253
mission CityName=LOC_CITY_NAME_NGARUAWAHIA CompletionTurn=91 EscapeResult=-1 InitialResult=5 LevelAfter=2 LootInfo=-1 Name=LOC_CITIZEN_MAYA_FEMALE_2 Operation=58 PlotIndex=1833
mission CityName=LOC_CITY_NAME_TORONTO CompletionTurn=91 EscapeResult=-1 InitialResult=4 LevelAfter=2 LootInfo=-1 Name=LOC_CITIZEN_MAYA_MODERN_FEMALE_6 Operation=58 PlotIndex=1818
mission CityName=LOC_CITY_NAME_MONTREAL CompletionTurn=91 EscapeResult=-1 InitialResult=2 LevelAfter=1 LootInfo=-1 Name=LOC_CITIZEN_MAYA_MALE_7 Operation=58 PlotIndex=1314
mission CityName=LOC_CITY_NAME_TE_HOKIANGA_NU_A_KUPE CompletionTurn=89 EscapeResult=-1 InitialResult=4 LevelAfter=2 LootInfo=-1 Name=LOC_CITIZEN_MAYA_MODERN_FEMALE_4 Operation=58 PlotIndex=772
mission CityName=LOC_CITY_NAME_OTTAWA CompletionTurn=89 EscapeResult=-1 InitialResult=4 LevelAfter=2 LootInfo=-1 Name=LOC_CITIZEN_MAYA_MALE_8 Operation=58 PlotIndex=978
mission CityName=LOC_CITY_NAME_HALIFAX CompletionTurn=87 EscapeResult=-1 InitialResult=4 LevelAfter=2 LootInfo=-1 Name=LOC_CITIZEN_MAYA_FEMALE_7 Operation=58 PlotIndex=1409
mission CityName=LOC_CITY_NAME_MONTREAL CompletionTurn=87 EscapeResult=-1 InitialResult=3 LevelAfter=1 LootInfo=-1 Name=LOC_CITIZEN_MAYA_MALE_7 Operation=58 PlotIndex=1314
mission CityName=LOC_CITY_NAME_QUEBEC_CITY CompletionTurn=86 EscapeResult=-1 InitialResult=2 LevelAfter=1 LootInfo=-1 Name=LOC_CITIZEN_MAYA_MALE_5 Operation=58 PlotIndex=1404
mission CityName=LOC_CITY_NAME_TORONTO CompletionTurn=84 EscapeResult=-1 InitialResult=1 LevelAfter=1 LootInfo=-1 Name=LOC_CITIZEN_MAYA_MALE_2 Operation=58 PlotIndex=1818
mission CityName=LOC_CITY_NAME_MONTREAL CompletionTurn=83 EscapeResult=-1 InitialResult=3 LevelAfter=1 LootInfo=-1 Name=LOC_CITIZEN_MAYA_MALE_7 Operation=58 PlotIndex=1314
mission CityName=LOC_CITY_NAME_OTTAWA CompletionTurn=82 EscapeResult=-1 InitialResult=1 LevelAfter=1 LootInfo=-1 Name=LOC_CITIZEN_MAYA_MODERN_MALE_9 Operation=58 PlotIndex=978
tally 4  FOMENT_UNREST CAPTURED / NO_RESULT
tally 4  FOMENT_UNREST FAIL_MUST_ESCAPE / NO_RESULT
tally 3  FOMENT_UNREST FAIL_UNDETECTED / NO_RESULT
tally 1  FOMENT_UNREST KILLED / NO_RESULT
tally 6  FOMENT_UNREST SUCCESS_MUST_ESCAPE / NO_RESULT
tally 4  FOMENT_UNREST SUCCESS_UNDETECTED / NO_RESULT
turn 125 spies active 10 idle 2 missions 22 captured-enemy 0
spy 2359313 LOC_CITIZEN_MAYA_MALE_5 level 1 at 60:16 busy
spy 2031634 LOC_CITIZEN_MAYA_MALE_7 level 1 at 54:15 busy
spy 2555923 LOC_CITIZEN_MAYA_FEMALE_7 level 2 at 65:16 busy
spy 2293780 LOC_CITIZEN_MAYA_MODERN_FEMALE_3 level 1 at 54:15 refused
spy 2752533 LOC_CITIZEN_MAYA_MALE_8 level 2 at 54:11 busy
spy 3866646 LOC_CITIZEN_MAYA_MODERN_MALE_4 level 3 at 18:16 busy
spy 3342359 LOC_CITIZEN_MAYA_MODERN_FEMALE_9 level 3 at 73:12 busy
spy 2818072 LOC_CITIZEN_MAYA_MODERN_FEMALE_4 level 2 at 16:9 busy
spy 3014681 LOC_CITIZEN_MAYA_MODERN_FEMALE_6 level 2 at 54:21 busy
spy 3080218 LOC_CITIZEN_MAYA_FEMALE_2 level 2 at 69:21 busy
spy 3801115 LOC_CITIZEN_MAYA_FEMALE_1 level 2 at 23:19 busy
spy 3538973 LOC_CITIZEN_MAYA_MODERN_MALE_3 level 1 at 73:12 refused
turn 125 spies 12 started 0 travelled 0 promoted 0 bought 0 gold 50000
unblock: blocker ENDTURN_BLOCKING_PRODUCTION -> CHICHEN_ITZA builds BUILDING_WALLS | end turn requested
unstuck: NaturalDisasterPopup: closed
unblock: blocker ENDTURN_BLOCKING_PRODUCTION -> CHICHEN_ITZA builds BUILDING_WALLS | end turn requested
mission CityName=LOC_CITY_NAME_KAWHIA CompletionTurn=107 EscapeResult=-1 InitialResult=4 LevelAfter=3 LootInfo=-1 Name=LOC_CITIZEN_MAYA_MODERN_MALE_4 Operation=58 PlotIndex=1362
mission CityName=LOC_CITY_NAME_THEBES CompletionTurn=105 EscapeResult=-1 InitialResult=2 LevelAfter=2 LootInfo=-1 Name=LOC_CITIZEN_MAYA_FEMALE_1 Operation=58 PlotIndex=1619
mission CityName=LOC_CITY_NAME_KAWHIA CompletionTurn=101 EscapeResult=-1 InitialResult=5 LevelAfter=2 LootInfo=-1 Name=LOC_CITIZEN_MAYA_MODERN_MALE_4 Operation=58 PlotIndex=1362
mission CityName=LOC_CITY_NAME_LINKOPING CompletionTurn=100 EscapeResult=-1 InitialResult=1 LevelAfter=1 LootInfo=-1 Name=LOC_CITIZEN_MAYA_FEMALE_4 Operation=58 PlotIndex=993
mission CityName=LOC_CITY_NAME_GOTEBORG CompletionTurn=100 EscapeResult=-1 InitialResult=4 LevelAfter=3 LootInfo=-1 Name=LOC_CITIZEN_MAYA_MODERN_FEMALE_9 Operation=58 PlotIndex=1081
mission CityName=LOC_CITY_NAME_LUND CompletionTurn=99 EscapeResult=-1 InitialResult=1 LevelAfter=1 LootInfo=-1 Name=LOC_CITIZEN_MAYA_MODERN_MALE_2 Operation=58 PlotIndex=744
mission CityName=LOC_CITY_NAME_THEBES CompletionTurn=99 EscapeResult=-1 InitialResult=5 LevelAfter=2 LootInfo=-1 Name=LOC_CITIZEN_MAYA_FEMALE_1 Operation=58 PlotIndex=1619
mission CityName=LOC_CITY_NAME_NGARUAWAHIA CompletionTurn=98 EscapeResult=-1 InitialResult=2 LevelAfter=2 LootInfo=-1 Name=LOC_CITIZEN_MAYA_FEMALE_2 Operation=58 PlotIndex=1833
mission CityName=LOC_CITY_NAME_LINKOPING CompletionTurn=96 EscapeResult=-1 InitialResult=3 LevelAfter=1 LootInfo=-1 Name=LOC_CITIZEN_MAYA_FEMALE_4 Operation=58 PlotIndex=993
mission CityName=LOC_CITY_NAME_GOTEBORG CompletionTurn=94 EscapeResult=-1 InitialResult=5 LevelAfter=2 LootInfo=-1 Name=LOC_CITIZEN_MAYA_MODERN_FEMALE_9 Operation=58 PlotIndex=1081
mission CityName=LOC_CITY_NAME_STOCKHOLM CompletionTurn=93 EscapeResult=-1 InitialResult=0 LevelAfter=1 LootInfo=-1 Name=LOC_CITIZEN_MAYA_MALE_1 Operation=58 PlotIndex=1253
mission CityName=LOC_CITY_NAME_NGARUAWAHIA CompletionTurn=91 EscapeResult=-1 InitialResult=5 LevelAfter=2 LootInfo=-1 Name=LOC_CITIZEN_MAYA_FEMALE_2 Operation=58 PlotIndex=1833
mission CityName=LOC_CITY_NAME_TORONTO CompletionTurn=91 EscapeResult=-1 InitialResult=4 LevelAfter=2 LootInfo=-1 Name=LOC_CITIZEN_MAYA_MODERN_FEMALE_6 Operation=58 PlotIndex=1818
mission CityName=LOC_CITY_NAME_MONTREAL CompletionTurn=91 EscapeResult=-1 InitialResult=2 LevelAfter=1 LootInfo=-1 Name=LOC_CITIZEN_MAYA_MALE_7 Operation=58 PlotIndex=1314
mission CityName=LOC_CITY_NAME_TE_HOKIANGA_NU_A_KUPE CompletionTurn=89 EscapeResult=-1 InitialResult=4 LevelAfter=2 LootInfo=-1 Name=LOC_CITIZEN_MAYA_MODERN_FEMALE_4 Operation=58 PlotIndex=772
mission CityName=LOC_CITY_NAME_OTTAWA CompletionTurn=89 EscapeResult=-1 InitialResult=4 LevelAfter=2 LootInfo=-1 Name=LOC_CITIZEN_MAYA_MALE_8 Operation=58 PlotIndex=978
mission CityName=LOC_CITY_NAME_HALIFAX CompletionTurn=87 EscapeResult=-1 InitialResult=4 LevelAfter=2 LootInfo=-1 Name=LOC_CITIZEN_MAYA_FEMALE_7 Operation=58 PlotIndex=1409
mission CityName=LOC_CITY_NAME_MONTREAL CompletionTurn=87 EscapeResult=-1 InitialResult=3 LevelAfter=1 LootInfo=-1 Name=LOC_CITIZEN_MAYA_MALE_7 Operation=58 PlotIndex=1314
mission CityName=LOC_CITY_NAME_QUEBEC_CITY CompletionTurn=86 EscapeResult=-1 InitialResult=2 LevelAfter=1 LootInfo=-1 Name=LOC_CITIZEN_MAYA_MALE_5 Operation=58 PlotIndex=1404
mission CityName=LOC_CITY_NAME_TORONTO CompletionTurn=84 EscapeResult=-1 InitialResult=1 LevelAfter=1 LootInfo=-1 Name=LOC_CITIZEN_MAYA_MALE_2 Operation=58 PlotIndex=1818
mission CityName=LOC_CITY_NAME_MONTREAL CompletionTurn=83 EscapeResult=-1 InitialResult=3 LevelAfter=1 LootInfo=-1 Name=LOC_CITIZEN_MAYA_MALE_7 Operation=58 PlotIndex=1314
mission CityName=LOC_CITY_NAME_OTTAWA CompletionTurn=82 EscapeResult=-1 InitialResult=1 LevelAfter=1 LootInfo=-1 Name=LOC_CITIZEN_MAYA_MODERN_MALE_9 Operation=58 PlotIndex=978
tally 4  FOMENT_UNREST CAPTURED / NO_RESULT
tally 4  FOMENT_UNREST FAIL_MUST_ESCAPE / NO_RESULT
tally 3  FOMENT_UNREST FAIL_UNDETECTED / NO_RESULT
tally 1  FOMENT_UNREST KILLED / NO_RESULT
tally 6  FOMENT_UNREST SUCCESS_MUST_ESCAPE / NO_RESULT
tally 4  FOMENT_UNREST SUCCESS_UNDETECTED / NO_RESULT
turn 127 spies active 10 idle 2 missions 22 captured-enemy 0
spy 2359313 LOC_CITIZEN_MAYA_MALE_5 level 1 at 60:16 busy
spy 2031634 LOC_CITIZEN_MAYA_MALE_7 level 1 at 54:15 busy
spy 2555923 LOC_CITIZEN_MAYA_FEMALE_7 level 2 at 65:16 busy
spy 2293780 LOC_CITIZEN_MAYA_MODERN_FEMALE_3 level 1 at 54:15 refused
spy 2752533 LOC_CITIZEN_MAYA_MALE_8 level 2 at 54:11 busy
spy 3866646 LOC_CITIZEN_MAYA_MODERN_MALE_4 level 3 at 18:16 busy
spy 3342359 LOC_CITIZEN_MAYA_MODERN_FEMALE_9 level 3 at 73:12 busy
spy 2818072 LOC_CITIZEN_MAYA_MODERN_FEMALE_4 level 2 at 16:9 busy
spy 3014681 LOC_CITIZEN_MAYA_MODERN_FEMALE_6 level 2 at 54:21 busy
spy 3080218 LOC_CITIZEN_MAYA_FEMALE_2 level 2 at 69:21 busy
spy 3801115 LOC_CITIZEN_MAYA_FEMALE_1 level 2 at 23:19 busy
spy 3538973 LOC_CITIZEN_MAYA_MODERN_MALE_3 level 1 at 73:12 refused
turn 127 spies 12 started 0 travelled 0 promoted 0 bought 0 gold 50000
unblock: blocker ENDTURN_BLOCKING_PRODUCTION -> CHICHEN_ITZA builds BUILDING_WALLS | end turn requested
unblock: blocker ENDTURN_BLOCKING_PRODUCTION -> CHICHEN_ITZA builds BUILDING_WALLS | end turn requested
unstuck: closed sessions [1:1]
unstuck: DiplomacyActionView: Closing Diplomacy Action View. m_eventID: 1938294
mission CityName=LOC_CITY_NAME_KAWHIA CompletionTurn=107 EscapeResult=-1 InitialResult=4 LevelAfter=3 LootInfo=-1 Name=LOC_CITIZEN_MAYA_MODERN_MALE_4 Operation=58 PlotIndex=1362
mission CityName=LOC_CITY_NAME_THEBES CompletionTurn=105 EscapeResult=-1 InitialResult=2 LevelAfter=2 LootInfo=-1 Name=LOC_CITIZEN_MAYA_FEMALE_1 Operation=58 PlotIndex=1619
mission CityName=LOC_CITY_NAME_KAWHIA CompletionTurn=101 EscapeResult=-1 InitialResult=5 LevelAfter=2 LootInfo=-1 Name=LOC_CITIZEN_MAYA_MODERN_MALE_4 Operation=58 PlotIndex=1362
mission CityName=LOC_CITY_NAME_LINKOPING CompletionTurn=100 EscapeResult=-1 InitialResult=1 LevelAfter=1 LootInfo=-1 Name=LOC_CITIZEN_MAYA_FEMALE_4 Operation=58 PlotIndex=993
mission CityName=LOC_CITY_NAME_GOTEBORG CompletionTurn=100 EscapeResult=-1 InitialResult=4 LevelAfter=3 LootInfo=-1 Name=LOC_CITIZEN_MAYA_MODERN_FEMALE_9 Operation=58 PlotIndex=1081
mission CityName=LOC_CITY_NAME_LUND CompletionTurn=99 EscapeResult=-1 InitialResult=1 LevelAfter=1 LootInfo=-1 Name=LOC_CITIZEN_MAYA_MODERN_MALE_2 Operation=58 PlotIndex=744
mission CityName=LOC_CITY_NAME_THEBES CompletionTurn=99 EscapeResult=-1 InitialResult=5 LevelAfter=2 LootInfo=-1 Name=LOC_CITIZEN_MAYA_FEMALE_1 Operation=58 PlotIndex=1619
mission CityName=LOC_CITY_NAME_NGARUAWAHIA CompletionTurn=98 EscapeResult=-1 InitialResult=2 LevelAfter=2 LootInfo=-1 Name=LOC_CITIZEN_MAYA_FEMALE_2 Operation=58 PlotIndex=1833
mission CityName=LOC_CITY_NAME_LINKOPING CompletionTurn=96 EscapeResult=-1 InitialResult=3 LevelAfter=1 LootInfo=-1 Name=LOC_CITIZEN_MAYA_FEMALE_4 Operation=58 PlotIndex=993
mission CityName=LOC_CITY_NAME_GOTEBORG CompletionTurn=94 EscapeResult=-1 InitialResult=5 LevelAfter=2 LootInfo=-1 Name=LOC_CITIZEN_MAYA_MODERN_FEMALE_9 Operation=58 PlotIndex=1081
mission CityName=LOC_CITY_NAME_STOCKHOLM CompletionTurn=93 EscapeResult=-1 InitialResult=0 LevelAfter=1 LootInfo=-1 Name=LOC_CITIZEN_MAYA_MALE_1 Operation=58 PlotIndex=1253
mission CityName=LOC_CITY_NAME_NGARUAWAHIA CompletionTurn=91 EscapeResult=-1 InitialResult=5 LevelAfter=2 LootInfo=-1 Name=LOC_CITIZEN_MAYA_FEMALE_2 Operation=58 PlotIndex=1833
mission CityName=LOC_CITY_NAME_TORONTO CompletionTurn=91 EscapeResult=-1 InitialResult=4 LevelAfter=2 LootInfo=-1 Name=LOC_CITIZEN_MAYA_MODERN_FEMALE_6 Operation=58 PlotIndex=1818
mission CityName=LOC_CITY_NAME_MONTREAL CompletionTurn=91 EscapeResult=-1 InitialResult=2 LevelAfter=1 LootInfo=-1 Name=LOC_CITIZEN_MAYA_MALE_7 Operation=58 PlotIndex=1314
mission CityName=LOC_CITY_NAME_TE_HOKIANGA_NU_A_KUPE CompletionTurn=89 EscapeResult=-1 InitialResult=4 LevelAfter=2 LootInfo=-1 Name=LOC_CITIZEN_MAYA_MODERN_FEMALE_4 Operation=58 PlotIndex=772
mission CityName=LOC_CITY_NAME_OTTAWA CompletionTurn=89 EscapeResult=-1 InitialResult=4 LevelAfter=2 LootInfo=-1 Name=LOC_CITIZEN_MAYA_MALE_8 Operation=58 PlotIndex=978
mission CityName=LOC_CITY_NAME_HALIFAX CompletionTurn=87 EscapeResult=-1 InitialResult=4 LevelAfter=2 LootInfo=-1 Name=LOC_CITIZEN_MAYA_FEMALE_7 Operation=58 PlotIndex=1409
mission CityName=LOC_CITY_NAME_MONTREAL CompletionTurn=87 EscapeResult=-1 InitialResult=3 LevelAfter=1 LootInfo=-1 Name=LOC_CITIZEN_MAYA_MALE_7 Operation=58 PlotIndex=1314
mission CityName=LOC_CITY_NAME_QUEBEC_CITY CompletionTurn=86 EscapeResult=-1 InitialResult=2 LevelAfter=1 LootInfo=-1 Name=LOC_CITIZEN_MAYA_MALE_5 Operation=58 PlotIndex=1404
mission CityName=LOC_CITY_NAME_TORONTO CompletionTurn=84 EscapeResult=-1 InitialResult=1 LevelAfter=1 LootInfo=-1 Name=LOC_CITIZEN_MAYA_MALE_2 Operation=58 PlotIndex=1818
mission CityName=LOC_CITY_NAME_MONTREAL CompletionTurn=83 EscapeResult=-1 InitialResult=3 LevelAfter=1 LootInfo=-1 Name=LOC_CITIZEN_MAYA_MALE_7 Operation=58 PlotIndex=1314
mission CityName=LOC_CITY_NAME_OTTAWA CompletionTurn=82 EscapeResult=-1 InitialResult=1 LevelAfter=1 LootInfo=-1 Name=LOC_CITIZEN_MAYA_MODERN_MALE_9 Operation=58 PlotIndex=978
tally 4  FOMENT_UNREST CAPTURED / NO_RESULT
tally 4  FOMENT_UNREST FAIL_MUST_ESCAPE / NO_RESULT
tally 3  FOMENT_UNREST FAIL_UNDETECTED / NO_RESULT
tally 1  FOMENT_UNREST KILLED / NO_RESULT
tally 6  FOMENT_UNREST SUCCESS_MUST_ESCAPE / NO_RESULT
tally 4  FOMENT_UNREST SUCCESS_UNDETECTED / NO_RESULT
turn 128 spies active 10 idle 2 missions 22 captured-enemy 0
spy 2359313 LOC_CITIZEN_MAYA_MALE_5 level 1 at 60:16 busy
spy 2031634 LOC_CITIZEN_MAYA_MALE_7 level 1 at 54:15 busy
spy 2555923 LOC_CITIZEN_MAYA_FEMALE_7 level 2 at 65:16 busy
spy 2293780 LOC_CITIZEN_MAYA_MODERN_FEMALE_3 level 1 at 54:15 refused
spy 2752533 LOC_CITIZEN_MAYA_MALE_8 level 2 at 54:11 busy
spy 3866646 LOC_CITIZEN_MAYA_MODERN_MALE_4 level 3 at 18:16 busy
spy 3342359 LOC_CITIZEN_MAYA_MODERN_FEMALE_9 level 3 at 73:12 busy
spy 2818072 LOC_CITIZEN_MAYA_MODERN_FEMALE_4 level 2 at 16:9 busy
spy 3014681 LOC_CITIZEN_MAYA_MODERN_FEMALE_6 level 2 at 54:21 busy
spy 3080218 LOC_CITIZEN_MAYA_FEMALE_2 level 2 at 69:21 busy
spy 3801115 LOC_CITIZEN_MAYA_FEMALE_1 level 2 at 23:19 busy
spy 3538973 LOC_CITIZEN_MAYA_MODERN_MALE_3 level 1 at 73:12 refused
turn 128 spies 12 started 0 travelled 0 promoted 0 bought 0 gold 50000
unblock: blocker ENDTURN_BLOCKING_PRODUCTION -> CHICHEN_ITZA builds BUILDING_WALLS | end turn requested
mission CityName=LOC_CITY_NAME_KAWHIA CompletionTurn=107 EscapeResult=-1 InitialResult=4 LevelAfter=3 LootInfo=-1 Name=LOC_CITIZEN_MAYA_MODERN_MALE_4 Operation=58 PlotIndex=1362
mission CityName=LOC_CITY_NAME_THEBES CompletionTurn=105 EscapeResult=-1 InitialResult=2 LevelAfter=2 LootInfo=-1 Name=LOC_CITIZEN_MAYA_FEMALE_1 Operation=58 PlotIndex=1619
mission CityName=LOC_CITY_NAME_KAWHIA CompletionTurn=101 EscapeResult=-1 InitialResult=5 LevelAfter=2 LootInfo=-1 Name=LOC_CITIZEN_MAYA_MODERN_MALE_4 Operation=58 PlotIndex=1362
mission CityName=LOC_CITY_NAME_LINKOPING CompletionTurn=100 EscapeResult=-1 InitialResult=1 LevelAfter=1 LootInfo=-1 Name=LOC_CITIZEN_MAYA_FEMALE_4 Operation=58 PlotIndex=993
mission CityName=LOC_CITY_NAME_GOTEBORG CompletionTurn=100 EscapeResult=-1 InitialResult=4 LevelAfter=3 LootInfo=-1 Name=LOC_CITIZEN_MAYA_MODERN_FEMALE_9 Operation=58 PlotIndex=1081
mission CityName=LOC_CITY_NAME_LUND CompletionTurn=99 EscapeResult=-1 InitialResult=1 LevelAfter=1 LootInfo=-1 Name=LOC_CITIZEN_MAYA_MODERN_MALE_2 Operation=58 PlotIndex=744
mission CityName=LOC_CITY_NAME_THEBES CompletionTurn=99 EscapeResult=-1 InitialResult=5 LevelAfter=2 LootInfo=-1 Name=LOC_CITIZEN_MAYA_FEMALE_1 Operation=58 PlotIndex=1619
mission CityName=LOC_CITY_NAME_NGARUAWAHIA CompletionTurn=98 EscapeResult=-1 InitialResult=2 LevelAfter=2 LootInfo=-1 Name=LOC_CITIZEN_MAYA_FEMALE_2 Operation=58 PlotIndex=1833
mission CityName=LOC_CITY_NAME_LINKOPING CompletionTurn=96 EscapeResult=-1 InitialResult=3 LevelAfter=1 LootInfo=-1 Name=LOC_CITIZEN_MAYA_FEMALE_4 Operation=58 PlotIndex=993
mission CityName=LOC_CITY_NAME_GOTEBORG CompletionTurn=94 EscapeResult=-1 InitialResult=5 LevelAfter=2 LootInfo=-1 Name=LOC_CITIZEN_MAYA_MODERN_FEMALE_9 Operation=58 PlotIndex=1081
mission CityName=LOC_CITY_NAME_STOCKHOLM CompletionTurn=93 EscapeResult=-1 InitialResult=0 LevelAfter=1 LootInfo=-1 Name=LOC_CITIZEN_MAYA_MALE_1 Operation=58 PlotIndex=1253
mission CityName=LOC_CITY_NAME_NGARUAWAHIA CompletionTurn=91 EscapeResult=-1 InitialResult=5 LevelAfter=2 LootInfo=-1 Name=LOC_CITIZEN_MAYA_FEMALE_2 Operation=58 PlotIndex=1833
mission CityName=LOC_CITY_NAME_TORONTO CompletionTurn=91 EscapeResult=-1 InitialResult=4 LevelAfter=2 LootInfo=-1 Name=LOC_CITIZEN_MAYA_MODERN_FEMALE_6 Operation=58 PlotIndex=1818
mission CityName=LOC_CITY_NAME_MONTREAL CompletionTurn=91 EscapeResult=-1 InitialResult=2 LevelAfter=1 LootInfo=-1 Name=LOC_CITIZEN_MAYA_MALE_7 Operation=58 PlotIndex=1314
mission CityName=LOC_CITY_NAME_TE_HOKIANGA_NU_A_KUPE CompletionTurn=89 EscapeResult=-1 InitialResult=4 LevelAfter=2 LootInfo=-1 Name=LOC_CITIZEN_MAYA_MODERN_FEMALE_4 Operation=58 PlotIndex=772
mission CityName=LOC_CITY_NAME_OTTAWA CompletionTurn=89 EscapeResult=-1 InitialResult=4 LevelAfter=2 LootInfo=-1 Name=LOC_CITIZEN_MAYA_MALE_8 Operation=58 PlotIndex=978
mission CityName=LOC_CITY_NAME_HALIFAX CompletionTurn=87 EscapeResult=-1 InitialResult=4 LevelAfter=2 LootInfo=-1 Name=LOC_CITIZEN_MAYA_FEMALE_7 Operation=58 PlotIndex=1409
mission CityName=LOC_CITY_NAME_MONTREAL CompletionTurn=87 EscapeResult=-1 InitialResult=3 LevelAfter=1 LootInfo=-1 Name=LOC_CITIZEN_MAYA_MALE_7 Operation=58 PlotIndex=1314
mission CityName=LOC_CITY_NAME_QUEBEC_CITY CompletionTurn=86 EscapeResult=-1 InitialResult=2 LevelAfter=1 LootInfo=-1 Name=LOC_CITIZEN_MAYA_MALE_5 Operation=58 PlotIndex=1404
mission CityName=LOC_CITY_NAME_TORONTO CompletionTurn=84 EscapeResult=-1 InitialResult=1 LevelAfter=1 LootInfo=-1 Name=LOC_CITIZEN_MAYA_MALE_2 Operation=58 PlotIndex=1818
mission CityName=LOC_CITY_NAME_MONTREAL CompletionTurn=83 EscapeResult=-1 InitialResult=3 LevelAfter=1 LootInfo=-1 Name=LOC_CITIZEN_MAYA_MALE_7 Operation=58 PlotIndex=1314
mission CityName=LOC_CITY_NAME_OTTAWA CompletionTurn=82 EscapeResult=-1 InitialResult=1 LevelAfter=1 LootInfo=-1 Name=LOC_CITIZEN_MAYA_MODERN_MALE_9 Operation=58 PlotIndex=978
tally 4  FOMENT_UNREST CAPTURED / NO_RESULT
tally 4  FOMENT_UNREST FAIL_MUST_ESCAPE / NO_RESULT
tally 3  FOMENT_UNREST FAIL_UNDETECTED / NO_RESULT
tally 1  FOMENT_UNREST KILLED / NO_RESULT
tally 6  FOMENT_UNREST SUCCESS_MUST_ESCAPE / NO_RESULT
tally 4  FOMENT_UNREST SUCCESS_UNDETECTED / NO_RESULT
turn 129 spies active 10 idle 2 missions 22 captured-enemy 0
spy 2359313 LOC_CITIZEN_MAYA_MALE_5 level 1 at 60:16 busy
spy 2031634 LOC_CITIZEN_MAYA_MALE_7 level 1 at 54:15 busy
spy 2555923 LOC_CITIZEN_MAYA_FEMALE_7 level 2 at 65:16 busy
spy 2293780 LOC_CITIZEN_MAYA_MODERN_FEMALE_3 level 1 at 54:15 refused
spy 2752533 LOC_CITIZEN_MAYA_MALE_8 level 2 at 54:11 busy
spy 3866646 LOC_CITIZEN_MAYA_MODERN_MALE_4 level 3 at 18:16 busy
spy 3342359 LOC_CITIZEN_MAYA_MODERN_FEMALE_9 level 3 at 73:12 busy
spy 2818072 LOC_CITIZEN_MAYA_MODERN_FEMALE_4 level 2 at 16:9 busy
spy 3014681 LOC_CITIZEN_MAYA_MODERN_FEMALE_6 level 2 at 54:21 busy
spy 3080218 LOC_CITIZEN_MAYA_FEMALE_2 level 2 at 69:21 busy
spy 3801115 LOC_CITIZEN_MAYA_FEMALE_1 level 2 at 23:19 busy
spy 3538973 LOC_CITIZEN_MAYA_MODERN_MALE_3 level 1 at 73:12 refused
turn 129 spies 12 started 0 travelled 0 promoted 0 bought 0 gold 50000
unblock: blocker ENDTURN_BLOCKING_PRODUCTION -> CHICHEN_ITZA builds BUILDING_WALLS | end turn requested
unblock: blocker ENDTURN_BLOCKING_PRODUCTION -> CHICHEN_ITZA builds BUILDING_WALLS | end turn requested
unstuck: closed sessions [2:2]
unstuck: DiplomacyActionView: Closing Diplomacy Action View. m_eventID: 1957101
unblock: blocker ENDTURN_BLOCKING_PRODUCTION -> CHICHEN_ITZA builds BUILDING_WALLS | end turn requested
unstuck: closed sessions [6:6]
unstuck: DiplomacyActionView: Closing Diplomacy Action View. m_eventID: 1961051
unblock: blocker ENDTURN_BLOCKING_PRODUCTION -> CHICHEN_ITZA builds BUILDING_WALLS | end turn requested
unstuck: closed sessions [7:7]
unstuck: DiplomacyActionView: Closing Diplomacy Action View. m_eventID: 1961599
mission CityName=LOC_CITY_NAME_KAWHIA CompletionTurn=107 EscapeResult=-1 InitialResult=4 LevelAfter=3 LootInfo=-1 Name=LOC_CITIZEN_MAYA_MODERN_MALE_4 Operation=58 PlotIndex=1362
mission CityName=LOC_CITY_NAME_THEBES CompletionTurn=105 EscapeResult=-1 InitialResult=2 LevelAfter=2 LootInfo=-1 Name=LOC_CITIZEN_MAYA_FEMALE_1 Operation=58 PlotIndex=1619
mission CityName=LOC_CITY_NAME_KAWHIA CompletionTurn=101 EscapeResult=-1 InitialResult=5 LevelAfter=2 LootInfo=-1 Name=LOC_CITIZEN_MAYA_MODERN_MALE_4 Operation=58 PlotIndex=1362
mission CityName=LOC_CITY_NAME_LINKOPING CompletionTurn=100 EscapeResult=-1 InitialResult=1 LevelAfter=1 LootInfo=-1 Name=LOC_CITIZEN_MAYA_FEMALE_4 Operation=58 PlotIndex=993
mission CityName=LOC_CITY_NAME_GOTEBORG CompletionTurn=100 EscapeResult=-1 InitialResult=4 LevelAfter=3 LootInfo=-1 Name=LOC_CITIZEN_MAYA_MODERN_FEMALE_9 Operation=58 PlotIndex=1081
mission CityName=LOC_CITY_NAME_LUND CompletionTurn=99 EscapeResult=-1 InitialResult=1 LevelAfter=1 LootInfo=-1 Name=LOC_CITIZEN_MAYA_MODERN_MALE_2 Operation=58 PlotIndex=744
mission CityName=LOC_CITY_NAME_THEBES CompletionTurn=99 EscapeResult=-1 InitialResult=5 LevelAfter=2 LootInfo=-1 Name=LOC_CITIZEN_MAYA_FEMALE_1 Operation=58 PlotIndex=1619
mission CityName=LOC_CITY_NAME_NGARUAWAHIA CompletionTurn=98 EscapeResult=-1 InitialResult=2 LevelAfter=2 LootInfo=-1 Name=LOC_CITIZEN_MAYA_FEMALE_2 Operation=58 PlotIndex=1833
mission CityName=LOC_CITY_NAME_LINKOPING CompletionTurn=96 EscapeResult=-1 InitialResult=3 LevelAfter=1 LootInfo=-1 Name=LOC_CITIZEN_MAYA_FEMALE_4 Operation=58 PlotIndex=993
mission CityName=LOC_CITY_NAME_GOTEBORG CompletionTurn=94 EscapeResult=-1 InitialResult=5 LevelAfter=2 LootInfo=-1 Name=LOC_CITIZEN_MAYA_MODERN_FEMALE_9 Operation=58 PlotIndex=1081
mission CityName=LOC_CITY_NAME_STOCKHOLM CompletionTurn=93 EscapeResult=-1 InitialResult=0 LevelAfter=1 LootInfo=-1 Name=LOC_CITIZEN_MAYA_MALE_1 Operation=58 PlotIndex=1253
mission CityName=LOC_CITY_NAME_NGARUAWAHIA CompletionTurn=91 EscapeResult=-1 InitialResult=5 LevelAfter=2 LootInfo=-1 Name=LOC_CITIZEN_MAYA_FEMALE_2 Operation=58 PlotIndex=1833
mission CityName=LOC_CITY_NAME_TORONTO CompletionTurn=91 EscapeResult=-1 InitialResult=4 LevelAfter=2 LootInfo=-1 Name=LOC_CITIZEN_MAYA_MODERN_FEMALE_6 Operation=58 PlotIndex=1818
mission CityName=LOC_CITY_NAME_MONTREAL CompletionTurn=91 EscapeResult=-1 InitialResult=2 LevelAfter=1 LootInfo=-1 Name=LOC_CITIZEN_MAYA_MALE_7 Operation=58 PlotIndex=1314
mission CityName=LOC_CITY_NAME_TE_HOKIANGA_NU_A_KUPE CompletionTurn=89 EscapeResult=-1 InitialResult=4 LevelAfter=2 LootInfo=-1 Name=LOC_CITIZEN_MAYA_MODERN_FEMALE_4 Operation=58 PlotIndex=772
mission CityName=LOC_CITY_NAME_OTTAWA CompletionTurn=89 EscapeResult=-1 InitialResult=4 LevelAfter=2 LootInfo=-1 Name=LOC_CITIZEN_MAYA_MALE_8 Operation=58 PlotIndex=978
mission CityName=LOC_CITY_NAME_HALIFAX CompletionTurn=87 EscapeResult=-1 InitialResult=4 LevelAfter=2 LootInfo=-1 Name=LOC_CITIZEN_MAYA_FEMALE_7 Operation=58 PlotIndex=1409
mission CityName=LOC_CITY_NAME_MONTREAL CompletionTurn=87 EscapeResult=-1 InitialResult=3 LevelAfter=1 LootInfo=-1 Name=LOC_CITIZEN_MAYA_MALE_7 Operation=58 PlotIndex=1314
mission CityName=LOC_CITY_NAME_QUEBEC_CITY CompletionTurn=86 EscapeResult=-1 InitialResult=2 LevelAfter=1 LootInfo=-1 Name=LOC_CITIZEN_MAYA_MALE_5 Operation=58 PlotIndex=1404
mission CityName=LOC_CITY_NAME_TORONTO CompletionTurn=84 EscapeResult=-1 InitialResult=1 LevelAfter=1 LootInfo=-1 Name=LOC_CITIZEN_MAYA_MALE_2 Operation=58 PlotIndex=1818
mission CityName=LOC_CITY_NAME_MONTREAL CompletionTurn=83 EscapeResult=-1 InitialResult=3 LevelAfter=1 LootInfo=-1 Name=LOC_CITIZEN_MAYA_MALE_7 Operation=58 PlotIndex=1314
mission CityName=LOC_CITY_NAME_OTTAWA CompletionTurn=82 EscapeResult=-1 InitialResult=1 LevelAfter=1 LootInfo=-1 Name=LOC_CITIZEN_MAYA_MODERN_MALE_9 Operation=58 PlotIndex=978
tally 4  FOMENT_UNREST CAPTURED / NO_RESULT
tally 4  FOMENT_UNREST FAIL_MUST_ESCAPE / NO_RESULT
tally 3  FOMENT_UNREST FAIL_UNDETECTED / NO_RESULT
tally 1  FOMENT_UNREST KILLED / NO_RESULT
tally 6  FOMENT_UNREST SUCCESS_MUST_ESCAPE / NO_RESULT
tally 4  FOMENT_UNREST SUCCESS_UNDETECTED / NO_RESULT
turn 129 spies active 10 idle 2 missions 22 captured-enemy 0
spy 2359313 LOC_CITIZEN_MAYA_MALE_5 level 1 at 60:16 busy
spy 2031634 LOC_CITIZEN_MAYA_MALE_7 level 1 at 54:15 busy
spy 2555923 LOC_CITIZEN_MAYA_FEMALE_7 level 2 at 65:16 busy
spy 2293780 LOC_CITIZEN_MAYA_MODERN_FEMALE_3 level 1 at 54:15 refused
spy 2752533 LOC_CITIZEN_MAYA_MALE_8 level 2 at 54:11 busy
spy 3866646 LOC_CITIZEN_MAYA_MODERN_MALE_4 level 3 at 18:16 busy
spy 3342359 LOC_CITIZEN_MAYA_MODERN_FEMALE_9 level 3 at 73:12 busy
spy 2818072 LOC_CITIZEN_MAYA_MODERN_FEMALE_4 level 2 at 16:9 busy
spy 3014681 LOC_CITIZEN_MAYA_MODERN_FEMALE_6 level 2 at 54:21 busy
spy 3080218 LOC_CITIZEN_MAYA_FEMALE_2 level 2 at 69:21 busy
spy 3801115 LOC_CITIZEN_MAYA_FEMALE_1 level 2 at 23:19 busy
spy 3538973 LOC_CITIZEN_MAYA_MODERN_MALE_3 level 1 at 73:12 refused
turn 129 spies 12 started 0 travelled 0 promoted 0 bought 0 gold 50000
unblock: blocker ENDTURN_BLOCKING_PRODUCTION -> CHICHEN_ITZA builds BUILDING_WALLS | end turn requested
unstuck: NaturalDisasterPopup: closed
unblock: blocker ENDTURN_BLOCKING_PRODUCTION -> CHICHEN_ITZA builds BUILDING_WALLS | end turn requested
unstuck: closed sessions [7:7]
unstuck: DiplomacyActionView: Closing Diplomacy Action View. m_eventID: 1971097
mission CityName=LOC_CITY_NAME_KAWHIA CompletionTurn=107 EscapeResult=-1 InitialResult=4 LevelAfter=3 LootInfo=-1 Name=LOC_CITIZEN_MAYA_MODERN_MALE_4 Operation=58 PlotIndex=1362
mission CityName=LOC_CITY_NAME_THEBES CompletionTurn=105 EscapeResult=-1 InitialResult=2 LevelAfter=2 LootInfo=-1 Name=LOC_CITIZEN_MAYA_FEMALE_1 Operation=58 PlotIndex=1619
mission CityName=LOC_CITY_NAME_KAWHIA CompletionTurn=101 EscapeResult=-1 InitialResult=5 LevelAfter=2 LootInfo=-1 Name=LOC_CITIZEN_MAYA_MODERN_MALE_4 Operation=58 PlotIndex=1362
mission CityName=LOC_CITY_NAME_LINKOPING CompletionTurn=100 EscapeResult=-1 InitialResult=1 LevelAfter=1 LootInfo=-1 Name=LOC_CITIZEN_MAYA_FEMALE_4 Operation=58 PlotIndex=993
mission CityName=LOC_CITY_NAME_GOTEBORG CompletionTurn=100 EscapeResult=-1 InitialResult=4 LevelAfter=3 LootInfo=-1 Name=LOC_CITIZEN_MAYA_MODERN_FEMALE_9 Operation=58 PlotIndex=1081
mission CityName=LOC_CITY_NAME_LUND CompletionTurn=99 EscapeResult=-1 InitialResult=1 LevelAfter=1 LootInfo=-1 Name=LOC_CITIZEN_MAYA_MODERN_MALE_2 Operation=58 PlotIndex=744
mission CityName=LOC_CITY_NAME_THEBES CompletionTurn=99 EscapeResult=-1 InitialResult=5 LevelAfter=2 LootInfo=-1 Name=LOC_CITIZEN_MAYA_FEMALE_1 Operation=58 PlotIndex=1619
mission CityName=LOC_CITY_NAME_NGARUAWAHIA CompletionTurn=98 EscapeResult=-1 InitialResult=2 LevelAfter=2 LootInfo=-1 Name=LOC_CITIZEN_MAYA_FEMALE_2 Operation=58 PlotIndex=1833
mission CityName=LOC_CITY_NAME_LINKOPING CompletionTurn=96 EscapeResult=-1 InitialResult=3 LevelAfter=1 LootInfo=-1 Name=LOC_CITIZEN_MAYA_FEMALE_4 Operation=58 PlotIndex=993
mission CityName=LOC_CITY_NAME_GOTEBORG CompletionTurn=94 EscapeResult=-1 InitialResult=5 LevelAfter=2 LootInfo=-1 Name=LOC_CITIZEN_MAYA_MODERN_FEMALE_9 Operation=58 PlotIndex=1081
mission CityName=LOC_CITY_NAME_STOCKHOLM CompletionTurn=93 EscapeResult=-1 InitialResult=0 LevelAfter=1 LootInfo=-1 Name=LOC_CITIZEN_MAYA_MALE_1 Operation=58 PlotIndex=1253
mission CityName=LOC_CITY_NAME_NGARUAWAHIA CompletionTurn=91 EscapeResult=-1 InitialResult=5 LevelAfter=2 LootInfo=-1 Name=LOC_CITIZEN_MAYA_FEMALE_2 Operation=58 PlotIndex=1833
mission CityName=LOC_CITY_NAME_TORONTO CompletionTurn=91 EscapeResult=-1 InitialResult=4 LevelAfter=2 LootInfo=-1 Name=LOC_CITIZEN_MAYA_MODERN_FEMALE_6 Operation=58 PlotIndex=1818
mission CityName=LOC_CITY_NAME_MONTREAL CompletionTurn=91 EscapeResult=-1 InitialResult=2 LevelAfter=1 LootInfo=-1 Name=LOC_CITIZEN_MAYA_MALE_7 Operation=58 PlotIndex=1314
mission CityName=LOC_CITY_NAME_TE_HOKIANGA_NU_A_KUPE CompletionTurn=89 EscapeResult=-1 InitialResult=4 LevelAfter=2 LootInfo=-1 Name=LOC_CITIZEN_MAYA_MODERN_FEMALE_4 Operation=58 PlotIndex=772
mission CityName=LOC_CITY_NAME_OTTAWA CompletionTurn=89 EscapeResult=-1 InitialResult=4 LevelAfter=2 LootInfo=-1 Name=LOC_CITIZEN_MAYA_MALE_8 Operation=58 PlotIndex=978
mission CityName=LOC_CITY_NAME_HALIFAX CompletionTurn=87 EscapeResult=-1 InitialResult=4 LevelAfter=2 LootInfo=-1 Name=LOC_CITIZEN_MAYA_FEMALE_7 Operation=58 PlotIndex=1409
mission CityName=LOC_CITY_NAME_MONTREAL CompletionTurn=87 EscapeResult=-1 InitialResult=3 LevelAfter=1 LootInfo=-1 Name=LOC_CITIZEN_MAYA_MALE_7 Operation=58 PlotIndex=1314
mission CityName=LOC_CITY_NAME_QUEBEC_CITY CompletionTurn=86 EscapeResult=-1 InitialResult=2 LevelAfter=1 LootInfo=-1 Name=LOC_CITIZEN_MAYA_MALE_5 Operation=58 PlotIndex=1404
mission CityName=LOC_CITY_NAME_TORONTO CompletionTurn=84 EscapeResult=-1 InitialResult=1 LevelAfter=1 LootInfo=-1 Name=LOC_CITIZEN_MAYA_MALE_2 Operation=58 PlotIndex=1818
mission CityName=LOC_CITY_NAME_MONTREAL CompletionTurn=83 EscapeResult=-1 InitialResult=3 LevelAfter=1 LootInfo=-1 Name=LOC_CITIZEN_MAYA_MALE_7 Operation=58 PlotIndex=1314
mission CityName=LOC_CITY_NAME_OTTAWA CompletionTurn=82 EscapeResult=-1 InitialResult=1 LevelAfter=1 LootInfo=-1 Name=LOC_CITIZEN_MAYA_MODERN_MALE_9 Operation=58 PlotIndex=978
tally 4  FOMENT_UNREST CAPTURED / NO_RESULT
tally 4  FOMENT_UNREST FAIL_MUST_ESCAPE / NO_RESULT
tally 3  FOMENT_UNREST FAIL_UNDETECTED / NO_RESULT
tally 1  FOMENT_UNREST KILLED / NO_RESULT
tally 6  FOMENT_UNREST SUCCESS_MUST_ESCAPE / NO_RESULT
tally 4  FOMENT_UNREST SUCCESS_UNDETECTED / NO_RESULT
turn 131 spies active 10 idle 2 missions 22 captured-enemy 0
spy 2359313 LOC_CITIZEN_MAYA_MALE_5 level 1 at 60:16 busy
spy 2031634 LOC_CITIZEN_MAYA_MALE_7 level 1 at 54:15 busy
spy 2555923 LOC_CITIZEN_MAYA_FEMALE_7 level 2 at 65:16 busy
spy 2293780 LOC_CITIZEN_MAYA_MODERN_FEMALE_3 level 1 at 54:15 refused
spy 2752533 LOC_CITIZEN_MAYA_MALE_8 level 2 at 54:11 busy
spy 3866646 LOC_CITIZEN_MAYA_MODERN_MALE_4 level 3 at 18:16 busy
spy 3342359 LOC_CITIZEN_MAYA_MODERN_FEMALE_9 level 3 at 73:12 busy
spy 2818072 LOC_CITIZEN_MAYA_MODERN_FEMALE_4 level 2 at 16:9 busy
spy 3014681 LOC_CITIZEN_MAYA_MODERN_FEMALE_6 level 2 at 54:21 busy
spy 3080218 LOC_CITIZEN_MAYA_FEMALE_2 level 2 at 69:21 busy
spy 3801115 LOC_CITIZEN_MAYA_FEMALE_1 level 2 at 23:19 busy
spy 3538973 LOC_CITIZEN_MAYA_MODERN_MALE_3 level 1 at 73:12 refused
turn 131 spies 12 started 0 travelled 0 promoted 0 bought 0 gold 50000
unblock: blocker ENDTURN_BLOCKING_PRODUCTION -> CHICHEN_ITZA builds BUILDING_WALLS | end turn requested
unblock: blocker ENDTURN_BLOCKING_PRODUCTION -> CHICHEN_ITZA builds BUILDING_WALLS | end turn requested
unstuck: closed sessions [5:5]
unstuck: DiplomacyActionView: Closing Diplomacy Action View. m_eventID: 1978306
unblock: blocker ENDTURN_BLOCKING_PRODUCTION -> CHICHEN_ITZA builds BUILDING_WALLS | end turn requested
unstuck: closed sessions [6:6]
unstuck: DiplomacyActionView: Closing Diplomacy Action View. m_eventID: 1979388
unblock: blocker ENDTURN_BLOCKING_PRODUCTION -> CHICHEN_ITZA builds BUILDING_WALLS | end turn requested
unstuck: closed sessions [7:7]
unstuck: DiplomacyActionView: Closing Diplomacy Action View. m_eventID: 1980027
mission CityName=LOC_CITY_NAME_KAWHIA CompletionTurn=107 EscapeResult=-1 InitialResult=4 LevelAfter=3 LootInfo=-1 Name=LOC_CITIZEN_MAYA_MODERN_MALE_4 Operation=58 PlotIndex=1362
mission CityName=LOC_CITY_NAME_THEBES CompletionTurn=105 EscapeResult=-1 InitialResult=2 LevelAfter=2 LootInfo=-1 Name=LOC_CITIZEN_MAYA_FEMALE_1 Operation=58 PlotIndex=1619
mission CityName=LOC_CITY_NAME_KAWHIA CompletionTurn=101 EscapeResult=-1 InitialResult=5 LevelAfter=2 LootInfo=-1 Name=LOC_CITIZEN_MAYA_MODERN_MALE_4 Operation=58 PlotIndex=1362
mission CityName=LOC_CITY_NAME_LINKOPING CompletionTurn=100 EscapeResult=-1 InitialResult=1 LevelAfter=1 LootInfo=-1 Name=LOC_CITIZEN_MAYA_FEMALE_4 Operation=58 PlotIndex=993
mission CityName=LOC_CITY_NAME_GOTEBORG CompletionTurn=100 EscapeResult=-1 InitialResult=4 LevelAfter=3 LootInfo=-1 Name=LOC_CITIZEN_MAYA_MODERN_FEMALE_9 Operation=58 PlotIndex=1081
mission CityName=LOC_CITY_NAME_LUND CompletionTurn=99 EscapeResult=-1 InitialResult=1 LevelAfter=1 LootInfo=-1 Name=LOC_CITIZEN_MAYA_MODERN_MALE_2 Operation=58 PlotIndex=744
mission CityName=LOC_CITY_NAME_THEBES CompletionTurn=99 EscapeResult=-1 InitialResult=5 LevelAfter=2 LootInfo=-1 Name=LOC_CITIZEN_MAYA_FEMALE_1 Operation=58 PlotIndex=1619
mission CityName=LOC_CITY_NAME_NGARUAWAHIA CompletionTurn=98 EscapeResult=-1 InitialResult=2 LevelAfter=2 LootInfo=-1 Name=LOC_CITIZEN_MAYA_FEMALE_2 Operation=58 PlotIndex=1833
mission CityName=LOC_CITY_NAME_LINKOPING CompletionTurn=96 EscapeResult=-1 InitialResult=3 LevelAfter=1 LootInfo=-1 Name=LOC_CITIZEN_MAYA_FEMALE_4 Operation=58 PlotIndex=993
mission CityName=LOC_CITY_NAME_GOTEBORG CompletionTurn=94 EscapeResult=-1 InitialResult=5 LevelAfter=2 LootInfo=-1 Name=LOC_CITIZEN_MAYA_MODERN_FEMALE_9 Operation=58 PlotIndex=1081
mission CityName=LOC_CITY_NAME_STOCKHOLM CompletionTurn=93 EscapeResult=-1 InitialResult=0 LevelAfter=1 LootInfo=-1 Name=LOC_CITIZEN_MAYA_MALE_1 Operation=58 PlotIndex=1253
mission CityName=LOC_CITY_NAME_NGARUAWAHIA CompletionTurn=91 EscapeResult=-1 InitialResult=5 LevelAfter=2 LootInfo=-1 Name=LOC_CITIZEN_MAYA_FEMALE_2 Operation=58 PlotIndex=1833
mission CityName=LOC_CITY_NAME_TORONTO CompletionTurn=91 EscapeResult=-1 InitialResult=4 LevelAfter=2 LootInfo=-1 Name=LOC_CITIZEN_MAYA_MODERN_FEMALE_6 Operation=58 PlotIndex=1818
mission CityName=LOC_CITY_NAME_MONTREAL CompletionTurn=91 EscapeResult=-1 InitialResult=2 LevelAfter=1 LootInfo=-1 Name=LOC_CITIZEN_MAYA_MALE_7 Operation=58 PlotIndex=1314
mission CityName=LOC_CITY_NAME_TE_HOKIANGA_NU_A_KUPE CompletionTurn=89 EscapeResult=-1 InitialResult=4 LevelAfter=2 LootInfo=-1 Name=LOC_CITIZEN_MAYA_MODERN_FEMALE_4 Operation=58 PlotIndex=772
mission CityName=LOC_CITY_NAME_OTTAWA CompletionTurn=89 EscapeResult=-1 InitialResult=4 LevelAfter=2 LootInfo=-1 Name=LOC_CITIZEN_MAYA_MALE_8 Operation=58 PlotIndex=978
mission CityName=LOC_CITY_NAME_HALIFAX CompletionTurn=87 EscapeResult=-1 InitialResult=4 LevelAfter=2 LootInfo=-1 Name=LOC_CITIZEN_MAYA_FEMALE_7 Operation=58 PlotIndex=1409
mission CityName=LOC_CITY_NAME_MONTREAL CompletionTurn=87 EscapeResult=-1 InitialResult=3 LevelAfter=1 LootInfo=-1 Name=LOC_CITIZEN_MAYA_MALE_7 Operation=58 PlotIndex=1314
mission CityName=LOC_CITY_NAME_QUEBEC_CITY CompletionTurn=86 EscapeResult=-1 InitialResult=2 LevelAfter=1 LootInfo=-1 Name=LOC_CITIZEN_MAYA_MALE_5 Operation=58 PlotIndex=1404
mission CityName=LOC_CITY_NAME_TORONTO CompletionTurn=84 EscapeResult=-1 InitialResult=1 LevelAfter=1 LootInfo=-1 Name=LOC_CITIZEN_MAYA_MALE_2 Operation=58 PlotIndex=1818
mission CityName=LOC_CITY_NAME_MONTREAL CompletionTurn=83 EscapeResult=-1 InitialResult=3 LevelAfter=1 LootInfo=-1 Name=LOC_CITIZEN_MAYA_MALE_7 Operation=58 PlotIndex=1314
mission CityName=LOC_CITY_NAME_OTTAWA CompletionTurn=82 EscapeResult=-1 InitialResult=1 LevelAfter=1 LootInfo=-1 Name=LOC_CITIZEN_MAYA_MODERN_MALE_9 Operation=58 PlotIndex=978
tally 4  FOMENT_UNREST CAPTURED / NO_RESULT
tally 4  FOMENT_UNREST FAIL_MUST_ESCAPE / NO_RESULT
tally 3  FOMENT_UNREST FAIL_UNDETECTED / NO_RESULT
tally 1  FOMENT_UNREST KILLED / NO_RESULT
tally 6  FOMENT_UNREST SUCCESS_MUST_ESCAPE / NO_RESULT
tally 4  FOMENT_UNREST SUCCESS_UNDETECTED / NO_RESULT
turn 132 spies active 10 idle 2 missions 22 captured-enemy 0
spy 2359313 LOC_CITIZEN_MAYA_MALE_5 level 1 at 60:16 busy
spy 2031634 LOC_CITIZEN_MAYA_MALE_7 level 1 at 54:15 busy
spy 2555923 LOC_CITIZEN_MAYA_FEMALE_7 level 2 at 65:16 busy
spy 2293780 LOC_CITIZEN_MAYA_MODERN_FEMALE_3 level 1 at 54:15 refused
spy 2752533 LOC_CITIZEN_MAYA_MALE_8 level 2 at 54:11 busy
spy 3866646 LOC_CITIZEN_MAYA_MODERN_MALE_4 level 3 at 18:16 busy
spy 3342359 LOC_CITIZEN_MAYA_MODERN_FEMALE_9 level 3 at 73:12 busy
spy 2818072 LOC_CITIZEN_MAYA_MODERN_FEMALE_4 level 2 at 16:9 busy
spy 3014681 LOC_CITIZEN_MAYA_MODERN_FEMALE_6 level 2 at 54:21 busy
spy 3080218 LOC_CITIZEN_MAYA_FEMALE_2 level 2 at 69:21 busy
spy 3801115 LOC_CITIZEN_MAYA_FEMALE_1 level 2 at 23:19 busy
spy 3538973 LOC_CITIZEN_MAYA_MODERN_MALE_3 level 1 at 73:12 refused
turn 132 spies 12 started 0 travelled 0 promoted 0 bought 0 gold 50000
unblock: blocker ENDTURN_BLOCKING_PRODUCTION -> CHICHEN_ITZA builds BUILDING_WALLS | end turn requested
unblock: blocker ENDTURN_BLOCKING_PRODUCTION -> CHICHEN_ITZA builds BUILDING_WALLS | end turn requested
unstuck: closed sessions [4:4]
unstuck: DiplomacyActionView: Closing Diplomacy Action View. m_eventID: 1986317
mission CityName=LOC_CITY_NAME_KAWHIA CompletionTurn=107 EscapeResult=-1 InitialResult=4 LevelAfter=3 LootInfo=-1 Name=LOC_CITIZEN_MAYA_MODERN_MALE_4 Operation=58 PlotIndex=1362
mission CityName=LOC_CITY_NAME_THEBES CompletionTurn=105 EscapeResult=-1 InitialResult=2 LevelAfter=2 LootInfo=-1 Name=LOC_CITIZEN_MAYA_FEMALE_1 Operation=58 PlotIndex=1619
mission CityName=LOC_CITY_NAME_KAWHIA CompletionTurn=101 EscapeResult=-1 InitialResult=5 LevelAfter=2 LootInfo=-1 Name=LOC_CITIZEN_MAYA_MODERN_MALE_4 Operation=58 PlotIndex=1362
mission CityName=LOC_CITY_NAME_LINKOPING CompletionTurn=100 EscapeResult=-1 InitialResult=1 LevelAfter=1 LootInfo=-1 Name=LOC_CITIZEN_MAYA_FEMALE_4 Operation=58 PlotIndex=993
mission CityName=LOC_CITY_NAME_GOTEBORG CompletionTurn=100 EscapeResult=-1 InitialResult=4 LevelAfter=3 LootInfo=-1 Name=LOC_CITIZEN_MAYA_MODERN_FEMALE_9 Operation=58 PlotIndex=1081
mission CityName=LOC_CITY_NAME_LUND CompletionTurn=99 EscapeResult=-1 InitialResult=1 LevelAfter=1 LootInfo=-1 Name=LOC_CITIZEN_MAYA_MODERN_MALE_2 Operation=58 PlotIndex=744
mission CityName=LOC_CITY_NAME_THEBES CompletionTurn=99 EscapeResult=-1 InitialResult=5 LevelAfter=2 LootInfo=-1 Name=LOC_CITIZEN_MAYA_FEMALE_1 Operation=58 PlotIndex=1619
mission CityName=LOC_CITY_NAME_NGARUAWAHIA CompletionTurn=98 EscapeResult=-1 InitialResult=2 LevelAfter=2 LootInfo=-1 Name=LOC_CITIZEN_MAYA_FEMALE_2 Operation=58 PlotIndex=1833
mission CityName=LOC_CITY_NAME_LINKOPING CompletionTurn=96 EscapeResult=-1 InitialResult=3 LevelAfter=1 LootInfo=-1 Name=LOC_CITIZEN_MAYA_FEMALE_4 Operation=58 PlotIndex=993
mission CityName=LOC_CITY_NAME_GOTEBORG CompletionTurn=94 EscapeResult=-1 InitialResult=5 LevelAfter=2 LootInfo=-1 Name=LOC_CITIZEN_MAYA_MODERN_FEMALE_9 Operation=58 PlotIndex=1081
mission CityName=LOC_CITY_NAME_STOCKHOLM CompletionTurn=93 EscapeResult=-1 InitialResult=0 LevelAfter=1 LootInfo=-1 Name=LOC_CITIZEN_MAYA_MALE_1 Operation=58 PlotIndex=1253
mission CityName=LOC_CITY_NAME_NGARUAWAHIA CompletionTurn=91 EscapeResult=-1 InitialResult=5 LevelAfter=2 LootInfo=-1 Name=LOC_CITIZEN_MAYA_FEMALE_2 Operation=58 PlotIndex=1833
mission CityName=LOC_CITY_NAME_TORONTO CompletionTurn=91 EscapeResult=-1 InitialResult=4 LevelAfter=2 LootInfo=-1 Name=LOC_CITIZEN_MAYA_MODERN_FEMALE_6 Operation=58 PlotIndex=1818
mission CityName=LOC_CITY_NAME_MONTREAL CompletionTurn=91 EscapeResult=-1 InitialResult=2 LevelAfter=1 LootInfo=-1 Name=LOC_CITIZEN_MAYA_MALE_7 Operation=58 PlotIndex=1314
mission CityName=LOC_CITY_NAME_TE_HOKIANGA_NU_A_KUPE CompletionTurn=89 EscapeResult=-1 InitialResult=4 LevelAfter=2 LootInfo=-1 Name=LOC_CITIZEN_MAYA_MODERN_FEMALE_4 Operation=58 PlotIndex=772
mission CityName=LOC_CITY_NAME_OTTAWA CompletionTurn=89 EscapeResult=-1 InitialResult=4 LevelAfter=2 LootInfo=-1 Name=LOC_CITIZEN_MAYA_MALE_8 Operation=58 PlotIndex=978
mission CityName=LOC_CITY_NAME_HALIFAX CompletionTurn=87 EscapeResult=-1 InitialResult=4 LevelAfter=2 LootInfo=-1 Name=LOC_CITIZEN_MAYA_FEMALE_7 Operation=58 PlotIndex=1409
mission CityName=LOC_CITY_NAME_MONTREAL CompletionTurn=87 EscapeResult=-1 InitialResult=3 LevelAfter=1 LootInfo=-1 Name=LOC_CITIZEN_MAYA_MALE_7 Operation=58 PlotIndex=1314
mission CityName=LOC_CITY_NAME_QUEBEC_CITY CompletionTurn=86 EscapeResult=-1 InitialResult=2 LevelAfter=1 LootInfo=-1 Name=LOC_CITIZEN_MAYA_MALE_5 Operation=58 PlotIndex=1404
mission CityName=LOC_CITY_NAME_TORONTO CompletionTurn=84 EscapeResult=-1 InitialResult=1 LevelAfter=1 LootInfo=-1 Name=LOC_CITIZEN_MAYA_MALE_2 Operation=58 PlotIndex=1818
mission CityName=LOC_CITY_NAME_MONTREAL CompletionTurn=83 EscapeResult=-1 InitialResult=3 LevelAfter=1 LootInfo=-1 Name=LOC_CITIZEN_MAYA_MALE_7 Operation=58 PlotIndex=1314
mission CityName=LOC_CITY_NAME_OTTAWA CompletionTurn=82 EscapeResult=-1 InitialResult=1 LevelAfter=1 LootInfo=-1 Name=LOC_CITIZEN_MAYA_MODERN_MALE_9 Operation=58 PlotIndex=978
tally 4  FOMENT_UNREST CAPTURED / NO_RESULT
tally 4  FOMENT_UNREST FAIL_MUST_ESCAPE / NO_RESULT
tally 3  FOMENT_UNREST FAIL_UNDETECTED / NO_RESULT
tally 1  FOMENT_UNREST KILLED / NO_RESULT
tally 6  FOMENT_UNREST SUCCESS_MUST_ESCAPE / NO_RESULT
tally 4  FOMENT_UNREST SUCCESS_UNDETECTED / NO_RESULT
turn 133 spies active 10 idle 2 missions 22 captured-enemy 0
spy 2359313 LOC_CITIZEN_MAYA_MALE_5 level 1 at 60:16 busy
spy 2031634 LOC_CITIZEN_MAYA_MALE_7 level 1 at 54:15 busy
spy 2555923 LOC_CITIZEN_MAYA_FEMALE_7 level 2 at 65:16 busy
spy 2293780 LOC_CITIZEN_MAYA_MODERN_FEMALE_3 level 1 at 54:15 refused
spy 2752533 LOC_CITIZEN_MAYA_MALE_8 level 2 at 54:11 busy
spy 3866646 LOC_CITIZEN_MAYA_MODERN_MALE_4 level 3 at 18:16 busy
spy 3342359 LOC_CITIZEN_MAYA_MODERN_FEMALE_9 level 3 at 73:12 busy
spy 2818072 LOC_CITIZEN_MAYA_MODERN_FEMALE_4 level 2 at 16:9 busy
spy 3014681 LOC_CITIZEN_MAYA_MODERN_FEMALE_6 level 2 at 54:21 busy
spy 3080218 LOC_CITIZEN_MAYA_FEMALE_2 level 2 at 69:21 busy
spy 3801115 LOC_CITIZEN_MAYA_FEMALE_1 level 2 at 23:19 busy
spy 3538973 LOC_CITIZEN_MAYA_MODERN_MALE_3 level 1 at 73:12 refused
turn 133 spies 12 started 0 travelled 0 promoted 0 bought 0 gold 50000
unblock: blocker ENDTURN_BLOCKING_PRODUCTION -> CHICHEN_ITZA builds BUILDING_WALLS | end turn requested
unblock: blocker ENDTURN_BLOCKING_PRODUCTION -> CHICHEN_ITZA builds BUILDING_WALLS | end turn requested
unstuck: closed sessions [2:2]
unstuck: DiplomacyActionView: Closing Diplomacy Action View. m_eventID: 1993693
mission CityName=LOC_CITY_NAME_KAWHIA CompletionTurn=107 EscapeResult=-1 InitialResult=4 LevelAfter=3 LootInfo=-1 Name=LOC_CITIZEN_MAYA_MODERN_MALE_4 Operation=58 PlotIndex=1362
mission CityName=LOC_CITY_NAME_THEBES CompletionTurn=105 EscapeResult=-1 InitialResult=2 LevelAfter=2 LootInfo=-1 Name=LOC_CITIZEN_MAYA_FEMALE_1 Operation=58 PlotIndex=1619
mission CityName=LOC_CITY_NAME_KAWHIA CompletionTurn=101 EscapeResult=-1 InitialResult=5 LevelAfter=2 LootInfo=-1 Name=LOC_CITIZEN_MAYA_MODERN_MALE_4 Operation=58 PlotIndex=1362
mission CityName=LOC_CITY_NAME_LINKOPING CompletionTurn=100 EscapeResult=-1 InitialResult=1 LevelAfter=1 LootInfo=-1 Name=LOC_CITIZEN_MAYA_FEMALE_4 Operation=58 PlotIndex=993
mission CityName=LOC_CITY_NAME_GOTEBORG CompletionTurn=100 EscapeResult=-1 InitialResult=4 LevelAfter=3 LootInfo=-1 Name=LOC_CITIZEN_MAYA_MODERN_FEMALE_9 Operation=58 PlotIndex=1081
mission CityName=LOC_CITY_NAME_LUND CompletionTurn=99 EscapeResult=-1 InitialResult=1 LevelAfter=1 LootInfo=-1 Name=LOC_CITIZEN_MAYA_MODERN_MALE_2 Operation=58 PlotIndex=744
mission CityName=LOC_CITY_NAME_THEBES CompletionTurn=99 EscapeResult=-1 InitialResult=5 LevelAfter=2 LootInfo=-1 Name=LOC_CITIZEN_MAYA_FEMALE_1 Operation=58 PlotIndex=1619
mission CityName=LOC_CITY_NAME_NGARUAWAHIA CompletionTurn=98 EscapeResult=-1 InitialResult=2 LevelAfter=2 LootInfo=-1 Name=LOC_CITIZEN_MAYA_FEMALE_2 Operation=58 PlotIndex=1833
mission CityName=LOC_CITY_NAME_LINKOPING CompletionTurn=96 EscapeResult=-1 InitialResult=3 LevelAfter=1 LootInfo=-1 Name=LOC_CITIZEN_MAYA_FEMALE_4 Operation=58 PlotIndex=993
mission CityName=LOC_CITY_NAME_GOTEBORG CompletionTurn=94 EscapeResult=-1 InitialResult=5 LevelAfter=2 LootInfo=-1 Name=LOC_CITIZEN_MAYA_MODERN_FEMALE_9 Operation=58 PlotIndex=1081
mission CityName=LOC_CITY_NAME_STOCKHOLM CompletionTurn=93 EscapeResult=-1 InitialResult=0 LevelAfter=1 LootInfo=-1 Name=LOC_CITIZEN_MAYA_MALE_1 Operation=58 PlotIndex=1253
mission CityName=LOC_CITY_NAME_NGARUAWAHIA CompletionTurn=91 EscapeResult=-1 InitialResult=5 LevelAfter=2 LootInfo=-1 Name=LOC_CITIZEN_MAYA_FEMALE_2 Operation=58 PlotIndex=1833
mission CityName=LOC_CITY_NAME_TORONTO CompletionTurn=91 EscapeResult=-1 InitialResult=4 LevelAfter=2 LootInfo=-1 Name=LOC_CITIZEN_MAYA_MODERN_FEMALE_6 Operation=58 PlotIndex=1818
mission CityName=LOC_CITY_NAME_MONTREAL CompletionTurn=91 EscapeResult=-1 InitialResult=2 LevelAfter=1 LootInfo=-1 Name=LOC_CITIZEN_MAYA_MALE_7 Operation=58 PlotIndex=1314
mission CityName=LOC_CITY_NAME_TE_HOKIANGA_NU_A_KUPE CompletionTurn=89 EscapeResult=-1 InitialResult=4 LevelAfter=2 LootInfo=-1 Name=LOC_CITIZEN_MAYA_MODERN_FEMALE_4 Operation=58 PlotIndex=772
mission CityName=LOC_CITY_NAME_OTTAWA CompletionTurn=89 EscapeResult=-1 InitialResult=4 LevelAfter=2 LootInfo=-1 Name=LOC_CITIZEN_MAYA_MALE_8 Operation=58 PlotIndex=978
mission CityName=LOC_CITY_NAME_HALIFAX CompletionTurn=87 EscapeResult=-1 InitialResult=4 LevelAfter=2 LootInfo=-1 Name=LOC_CITIZEN_MAYA_FEMALE_7 Operation=58 PlotIndex=1409
mission CityName=LOC_CITY_NAME_MONTREAL CompletionTurn=87 EscapeResult=-1 InitialResult=3 LevelAfter=1 LootInfo=-1 Name=LOC_CITIZEN_MAYA_MALE_7 Operation=58 PlotIndex=1314
mission CityName=LOC_CITY_NAME_QUEBEC_CITY CompletionTurn=86 EscapeResult=-1 InitialResult=2 LevelAfter=1 LootInfo=-1 Name=LOC_CITIZEN_MAYA_MALE_5 Operation=58 PlotIndex=1404
mission CityName=LOC_CITY_NAME_TORONTO CompletionTurn=84 EscapeResult=-1 InitialResult=1 LevelAfter=1 LootInfo=-1 Name=LOC_CITIZEN_MAYA_MALE_2 Operation=58 PlotIndex=1818
mission CityName=LOC_CITY_NAME_MONTREAL CompletionTurn=83 EscapeResult=-1 InitialResult=3 LevelAfter=1 LootInfo=-1 Name=LOC_CITIZEN_MAYA_MALE_7 Operation=58 PlotIndex=1314
mission CityName=LOC_CITY_NAME_OTTAWA CompletionTurn=82 EscapeResult=-1 InitialResult=1 LevelAfter=1 LootInfo=-1 Name=LOC_CITIZEN_MAYA_MODERN_MALE_9 Operation=58 PlotIndex=978
tally 4  FOMENT_UNREST CAPTURED / NO_RESULT
tally 4  FOMENT_UNREST FAIL_MUST_ESCAPE / NO_RESULT
tally 3  FOMENT_UNREST FAIL_UNDETECTED / NO_RESULT
tally 1  FOMENT_UNREST KILLED / NO_RESULT
tally 6  FOMENT_UNREST SUCCESS_MUST_ESCAPE / NO_RESULT
tally 4  FOMENT_UNREST SUCCESS_UNDETECTED / NO_RESULT
turn 134 spies active 10 idle 2 missions 22 captured-enemy 0
spy 2359313 LOC_CITIZEN_MAYA_MALE_5 level 1 at 60:16 busy
spy 2031634 LOC_CITIZEN_MAYA_MALE_7 level 1 at 54:15 busy
spy 2555923 LOC_CITIZEN_MAYA_FEMALE_7 level 2 at 65:16 busy
spy 2293780 LOC_CITIZEN_MAYA_MODERN_FEMALE_3 level 1 at 54:15 refused
spy 2752533 LOC_CITIZEN_MAYA_MALE_8 level 2 at 54:11 busy
spy 3866646 LOC_CITIZEN_MAYA_MODERN_MALE_4 level 3 at 18:16 busy
spy 3342359 LOC_CITIZEN_MAYA_MODERN_FEMALE_9 level 3 at 73:12 busy
spy 2818072 LOC_CITIZEN_MAYA_MODERN_FEMALE_4 level 2 at 16:9 busy
spy 3014681 LOC_CITIZEN_MAYA_MODERN_FEMALE_6 level 2 at 54:21 busy
spy 3080218 LOC_CITIZEN_MAYA_FEMALE_2 level 2 at 69:21 busy
spy 3801115 LOC_CITIZEN_MAYA_FEMALE_1 level 2 at 23:19 busy
spy 3538973 LOC_CITIZEN_MAYA_MODERN_MALE_3 level 1 at 73:12 refused
turn 134 spies 12 started 0 travelled 0 promoted 0 bought 0 gold 50000
unblock: blocker ENDTURN_BLOCKING_PRODUCTION -> CHICHEN_ITZA builds BUILDING_WALLS | end turn requested
mission CityName=LOC_CITY_NAME_KAWHIA CompletionTurn=107 EscapeResult=-1 InitialResult=4 LevelAfter=3 LootInfo=-1 Name=LOC_CITIZEN_MAYA_MODERN_MALE_4 Operation=58 PlotIndex=1362
mission CityName=LOC_CITY_NAME_THEBES CompletionTurn=105 EscapeResult=-1 InitialResult=2 LevelAfter=2 LootInfo=-1 Name=LOC_CITIZEN_MAYA_FEMALE_1 Operation=58 PlotIndex=1619
mission CityName=LOC_CITY_NAME_KAWHIA CompletionTurn=101 EscapeResult=-1 InitialResult=5 LevelAfter=2 LootInfo=-1 Name=LOC_CITIZEN_MAYA_MODERN_MALE_4 Operation=58 PlotIndex=1362
mission CityName=LOC_CITY_NAME_LINKOPING CompletionTurn=100 EscapeResult=-1 InitialResult=1 LevelAfter=1 LootInfo=-1 Name=LOC_CITIZEN_MAYA_FEMALE_4 Operation=58 PlotIndex=993
mission CityName=LOC_CITY_NAME_GOTEBORG CompletionTurn=100 EscapeResult=-1 InitialResult=4 LevelAfter=3 LootInfo=-1 Name=LOC_CITIZEN_MAYA_MODERN_FEMALE_9 Operation=58 PlotIndex=1081
mission CityName=LOC_CITY_NAME_LUND CompletionTurn=99 EscapeResult=-1 InitialResult=1 LevelAfter=1 LootInfo=-1 Name=LOC_CITIZEN_MAYA_MODERN_MALE_2 Operation=58 PlotIndex=744
mission CityName=LOC_CITY_NAME_THEBES CompletionTurn=99 EscapeResult=-1 InitialResult=5 LevelAfter=2 LootInfo=-1 Name=LOC_CITIZEN_MAYA_FEMALE_1 Operation=58 PlotIndex=1619
mission CityName=LOC_CITY_NAME_NGARUAWAHIA CompletionTurn=98 EscapeResult=-1 InitialResult=2 LevelAfter=2 LootInfo=-1 Name=LOC_CITIZEN_MAYA_FEMALE_2 Operation=58 PlotIndex=1833
mission CityName=LOC_CITY_NAME_LINKOPING CompletionTurn=96 EscapeResult=-1 InitialResult=3 LevelAfter=1 LootInfo=-1 Name=LOC_CITIZEN_MAYA_FEMALE_4 Operation=58 PlotIndex=993
mission CityName=LOC_CITY_NAME_GOTEBORG CompletionTurn=94 EscapeResult=-1 InitialResult=5 LevelAfter=2 LootInfo=-1 Name=LOC_CITIZEN_MAYA_MODERN_FEMALE_9 Operation=58 PlotIndex=1081
mission CityName=LOC_CITY_NAME_STOCKHOLM CompletionTurn=93 EscapeResult=-1 InitialResult=0 LevelAfter=1 LootInfo=-1 Name=LOC_CITIZEN_MAYA_MALE_1 Operation=58 PlotIndex=1253
mission CityName=LOC_CITY_NAME_NGARUAWAHIA CompletionTurn=91 EscapeResult=-1 InitialResult=5 LevelAfter=2 LootInfo=-1 Name=LOC_CITIZEN_MAYA_FEMALE_2 Operation=58 PlotIndex=1833
mission CityName=LOC_CITY_NAME_TORONTO CompletionTurn=91 EscapeResult=-1 InitialResult=4 LevelAfter=2 LootInfo=-1 Name=LOC_CITIZEN_MAYA_MODERN_FEMALE_6 Operation=58 PlotIndex=1818
mission CityName=LOC_CITY_NAME_MONTREAL CompletionTurn=91 EscapeResult=-1 InitialResult=2 LevelAfter=1 LootInfo=-1 Name=LOC_CITIZEN_MAYA_MALE_7 Operation=58 PlotIndex=1314
mission CityName=LOC_CITY_NAME_TE_HOKIANGA_NU_A_KUPE CompletionTurn=89 EscapeResult=-1 InitialResult=4 LevelAfter=2 LootInfo=-1 Name=LOC_CITIZEN_MAYA_MODERN_FEMALE_4 Operation=58 PlotIndex=772
mission CityName=LOC_CITY_NAME_OTTAWA CompletionTurn=89 EscapeResult=-1 InitialResult=4 LevelAfter=2 LootInfo=-1 Name=LOC_CITIZEN_MAYA_MALE_8 Operation=58 PlotIndex=978
mission CityName=LOC_CITY_NAME_HALIFAX CompletionTurn=87 EscapeResult=-1 InitialResult=4 LevelAfter=2 LootInfo=-1 Name=LOC_CITIZEN_MAYA_FEMALE_7 Operation=58 PlotIndex=1409
mission CityName=LOC_CITY_NAME_MONTREAL CompletionTurn=87 EscapeResult=-1 InitialResult=3 LevelAfter=1 LootInfo=-1 Name=LOC_CITIZEN_MAYA_MALE_7 Operation=58 PlotIndex=1314
mission CityName=LOC_CITY_NAME_QUEBEC_CITY CompletionTurn=86 EscapeResult=-1 InitialResult=2 LevelAfter=1 LootInfo=-1 Name=LOC_CITIZEN_MAYA_MALE_5 Operation=58 PlotIndex=1404
mission CityName=LOC_CITY_NAME_TORONTO CompletionTurn=84 EscapeResult=-1 InitialResult=1 LevelAfter=1 LootInfo=-1 Name=LOC_CITIZEN_MAYA_MALE_2 Operation=58 PlotIndex=1818
mission CityName=LOC_CITY_NAME_MONTREAL CompletionTurn=83 EscapeResult=-1 InitialResult=3 LevelAfter=1 LootInfo=-1 Name=LOC_CITIZEN_MAYA_MALE_7 Operation=58 PlotIndex=1314
mission CityName=LOC_CITY_NAME_OTTAWA CompletionTurn=82 EscapeResult=-1 InitialResult=1 LevelAfter=1 LootInfo=-1 Name=LOC_CITIZEN_MAYA_MODERN_MALE_9 Operation=58 PlotIndex=978
tally 4  FOMENT_UNREST CAPTURED / NO_RESULT
tally 4  FOMENT_UNREST FAIL_MUST_ESCAPE / NO_RESULT
tally 3  FOMENT_UNREST FAIL_UNDETECTED / NO_RESULT
tally 1  FOMENT_UNREST KILLED / NO_RESULT
tally 6  FOMENT_UNREST SUCCESS_MUST_ESCAPE / NO_RESULT
tally 4  FOMENT_UNREST SUCCESS_UNDETECTED / NO_RESULT
turn 134 spies active 10 idle 2 missions 22 captured-enemy 0
spy 2359313 LOC_CITIZEN_MAYA_MALE_5 level 1 at 60:16 busy
spy 2031634 LOC_CITIZEN_MAYA_MALE_7 level 1 at 54:15 busy
spy 2555923 LOC_CITIZEN_MAYA_FEMALE_7 level 2 at 65:16 busy
spy 2293780 LOC_CITIZEN_MAYA_MODERN_FEMALE_3 level 1 at 54:15 refused
spy 2752533 LOC_CITIZEN_MAYA_MALE_8 level 2 at 54:11 busy
spy 3866646 LOC_CITIZEN_MAYA_MODERN_MALE_4 level 3 at 18:16 busy
spy 3342359 LOC_CITIZEN_MAYA_MODERN_FEMALE_9 level 3 at 73:12 busy
spy 2818072 LOC_CITIZEN_MAYA_MODERN_FEMALE_4 level 2 at 16:9 busy
spy 3014681 LOC_CITIZEN_MAYA_MODERN_FEMALE_6 level 2 at 54:21 busy
spy 3080218 LOC_CITIZEN_MAYA_FEMALE_2 level 2 at 69:21 busy
spy 3801115 LOC_CITIZEN_MAYA_FEMALE_1 level 2 at 23:19 busy
spy 3538973 LOC_CITIZEN_MAYA_MODERN_MALE_3 level 1 at 73:12 refused
turn 134 spies 12 started 0 travelled 0 promoted 0 bought 0 gold 50000
unblock: blocker ENDTURN_BLOCKING_PRODUCTION -> CHICHEN_ITZA builds BUILDING_WALLS | end turn requested
unblock: blocker ENDTURN_BLOCKING_PRODUCTION -> CHICHEN_ITZA builds BUILDING_WALLS | end turn requested
unblock: blocker ENDTURN_BLOCKING_PRODUCTION -> CHICHEN_ITZA builds BUILDING_WALLS | end turn requested
unblock: blocker ENDTURN_BLOCKING_PRODUCTION -> CHICHEN_ITZA builds BUILDING_WALLS | end turn requested
unblock: blocker ENDTURN_BLOCKING_PRODUCTION -> CHICHEN_ITZA builds BUILDING_WALLS | end turn requested
unblock: blocker ENDTURN_BLOCKING_PRODUCTION -> CHICHEN_ITZA builds BUILDING_WALLS | end turn requested
unblock: blocker ENDTURN_BLOCKING_PRODUCTION -> CHICHEN_ITZA builds BUILDING_WALLS | end turn requested
unblock: blocker ENDTURN_BLOCKING_PRODUCTION -> CHICHEN_ITZA builds BUILDING_WALLS | end turn requested
unblock: blocker ENDTURN_BLOCKING_PRODUCTION -> CHICHEN_ITZA builds BUILDING_WALLS | end turn requested
unblock: blocker ENDTURN_BLOCKING_PRODUCTION -> CHICHEN_ITZA builds BUILDING_WALLS | end turn requested
unblock: blocker ENDTURN_BLOCKING_PRODUCTION -> CHICHEN_ITZA builds BUILDING_WALLS | end turn requested
unstuck: closed sessions [5:5]
unstuck: DiplomacyActionView: closed
mission CityName=LOC_CITY_NAME_KAWHIA CompletionTurn=107 EscapeResult=-1 InitialResult=4 LevelAfter=3 LootInfo=-1 Name=LOC_CITIZEN_MAYA_MODERN_MALE_4 Operation=58 PlotIndex=1362
mission CityName=LOC_CITY_NAME_THEBES CompletionTurn=105 EscapeResult=-1 InitialResult=2 LevelAfter=2 LootInfo=-1 Name=LOC_CITIZEN_MAYA_FEMALE_1 Operation=58 PlotIndex=1619
mission CityName=LOC_CITY_NAME_KAWHIA CompletionTurn=101 EscapeResult=-1 InitialResult=5 LevelAfter=2 LootInfo=-1 Name=LOC_CITIZEN_MAYA_MODERN_MALE_4 Operation=58 PlotIndex=1362
mission CityName=LOC_CITY_NAME_LINKOPING CompletionTurn=100 EscapeResult=-1 InitialResult=1 LevelAfter=1 LootInfo=-1 Name=LOC_CITIZEN_MAYA_FEMALE_4 Operation=58 PlotIndex=993
mission CityName=LOC_CITY_NAME_GOTEBORG CompletionTurn=100 EscapeResult=-1 InitialResult=4 LevelAfter=3 LootInfo=-1 Name=LOC_CITIZEN_MAYA_MODERN_FEMALE_9 Operation=58 PlotIndex=1081
mission CityName=LOC_CITY_NAME_LUND CompletionTurn=99 EscapeResult=-1 InitialResult=1 LevelAfter=1 LootInfo=-1 Name=LOC_CITIZEN_MAYA_MODERN_MALE_2 Operation=58 PlotIndex=744
mission CityName=LOC_CITY_NAME_THEBES CompletionTurn=99 EscapeResult=-1 InitialResult=5 LevelAfter=2 LootInfo=-1 Name=LOC_CITIZEN_MAYA_FEMALE_1 Operation=58 PlotIndex=1619
mission CityName=LOC_CITY_NAME_NGARUAWAHIA CompletionTurn=98 EscapeResult=-1 InitialResult=2 LevelAfter=2 LootInfo=-1 Name=LOC_CITIZEN_MAYA_FEMALE_2 Operation=58 PlotIndex=1833
mission CityName=LOC_CITY_NAME_LINKOPING CompletionTurn=96 EscapeResult=-1 InitialResult=3 LevelAfter=1 LootInfo=-1 Name=LOC_CITIZEN_MAYA_FEMALE_4 Operation=58 PlotIndex=993
mission CityName=LOC_CITY_NAME_GOTEBORG CompletionTurn=94 EscapeResult=-1 InitialResult=5 LevelAfter=2 LootInfo=-1 Name=LOC_CITIZEN_MAYA_MODERN_FEMALE_9 Operation=58 PlotIndex=1081
mission CityName=LOC_CITY_NAME_STOCKHOLM CompletionTurn=93 EscapeResult=-1 InitialResult=0 LevelAfter=1 LootInfo=-1 Name=LOC_CITIZEN_MAYA_MALE_1 Operation=58 PlotIndex=1253
mission CityName=LOC_CITY_NAME_NGARUAWAHIA CompletionTurn=91 EscapeResult=-1 InitialResult=5 LevelAfter=2 LootInfo=-1 Name=LOC_CITIZEN_MAYA_FEMALE_2 Operation=58 PlotIndex=1833
mission CityName=LOC_CITY_NAME_TORONTO CompletionTurn=91 EscapeResult=-1 InitialResult=4 LevelAfter=2 LootInfo=-1 Name=LOC_CITIZEN_MAYA_MODERN_FEMALE_6 Operation=58 PlotIndex=1818
mission CityName=LOC_CITY_NAME_MONTREAL CompletionTurn=91 EscapeResult=-1 InitialResult=2 LevelAfter=1 LootInfo=-1 Name=LOC_CITIZEN_MAYA_MALE_7 Operation=58 PlotIndex=1314
mission CityName=LOC_CITY_NAME_TE_HOKIANGA_NU_A_KUPE CompletionTurn=89 EscapeResult=-1 InitialResult=4 LevelAfter=2 LootInfo=-1 Name=LOC_CITIZEN_MAYA_MODERN_FEMALE_4 Operation=58 PlotIndex=772
mission CityName=LOC_CITY_NAME_OTTAWA CompletionTurn=89 EscapeResult=-1 InitialResult=4 LevelAfter=2 LootInfo=-1 Name=LOC_CITIZEN_MAYA_MALE_8 Operation=58 PlotIndex=978
mission CityName=LOC_CITY_NAME_HALIFAX CompletionTurn=87 EscapeResult=-1 InitialResult=4 LevelAfter=2 LootInfo=-1 Name=LOC_CITIZEN_MAYA_FEMALE_7 Operation=58 PlotIndex=1409
mission CityName=LOC_CITY_NAME_MONTREAL CompletionTurn=87 EscapeResult=-1 InitialResult=3 LevelAfter=1 LootInfo=-1 Name=LOC_CITIZEN_MAYA_MALE_7 Operation=58 PlotIndex=1314
mission CityName=LOC_CITY_NAME_QUEBEC_CITY CompletionTurn=86 EscapeResult=-1 InitialResult=2 LevelAfter=1 LootInfo=-1 Name=LOC_CITIZEN_MAYA_MALE_5 Operation=58 PlotIndex=1404
mission CityName=LOC_CITY_NAME_TORONTO CompletionTurn=84 EscapeResult=-1 InitialResult=1 LevelAfter=1 LootInfo=-1 Name=LOC_CITIZEN_MAYA_MALE_2 Operation=58 PlotIndex=1818
mission CityName=LOC_CITY_NAME_MONTREAL CompletionTurn=83 EscapeResult=-1 InitialResult=3 LevelAfter=1 LootInfo=-1 Name=LOC_CITIZEN_MAYA_MALE_7 Operation=58 PlotIndex=1314
mission CityName=LOC_CITY_NAME_OTTAWA CompletionTurn=82 EscapeResult=-1 InitialResult=1 LevelAfter=1 LootInfo=-1 Name=LOC_CITIZEN_MAYA_MODERN_MALE_9 Operation=58 PlotIndex=978
tally 4  FOMENT_UNREST CAPTURED / NO_RESULT
tally 4  FOMENT_UNREST FAIL_MUST_ESCAPE / NO_RESULT
tally 3  FOMENT_UNREST FAIL_UNDETECTED / NO_RESULT
tally 1  FOMENT_UNREST KILLED / NO_RESULT
tally 6  FOMENT_UNREST SUCCESS_MUST_ESCAPE / NO_RESULT
tally 4  FOMENT_UNREST SUCCESS_UNDETECTED / NO_RESULT
turn 136 spies active 10 idle 2 missions 22 captured-enemy 0
spy 2359313 LOC_CITIZEN_MAYA_MALE_5 level 1 at 60:16 busy
spy 2031634 LOC_CITIZEN_MAYA_MALE_7 level 1 at 54:15 busy
spy 2555923 LOC_CITIZEN_MAYA_FEMALE_7 level 2 at 65:16 busy
spy 2293780 LOC_CITIZEN_MAYA_MODERN_FEMALE_3 level 1 at 54:15 refused
spy 2752533 LOC_CITIZEN_MAYA_MALE_8 level 2 at 54:11 busy
spy 3866646 LOC_CITIZEN_MAYA_MODERN_MALE_4 level 3 at 18:16 busy
spy 3342359 LOC_CITIZEN_MAYA_MODERN_FEMALE_9 level 3 at 73:12 busy
spy 2818072 LOC_CITIZEN_MAYA_MODERN_FEMALE_4 level 2 at 16:9 busy
spy 3014681 LOC_CITIZEN_MAYA_MODERN_FEMALE_6 level 2 at 54:21 busy
spy 3080218 LOC_CITIZEN_MAYA_FEMALE_2 level 2 at 69:21 busy
spy 3801115 LOC_CITIZEN_MAYA_FEMALE_1 level 2 at 23:19 busy
spy 3538973 LOC_CITIZEN_MAYA_MODERN_MALE_3 level 1 at 73:12 refused
turn 136 spies 12 started 0 travelled 0 promoted 0 bought 0 gold 50000
unblock: blocker ENDTURN_BLOCKING_PRODUCTION -> CHICHEN_ITZA builds BUILDING_WALLS | end turn requested
unblock: blocker ENDTURN_BLOCKING_PRODUCTION -> CHICHEN_ITZA builds BUILDING_WALLS | end turn requested
unstuck: closed sessions [7:7]
unstuck: DiplomacyActionView: Closing Diplomacy Action View. m_eventID: 2024958
mission CityName=LOC_CITY_NAME_KAWHIA CompletionTurn=107 EscapeResult=-1 InitialResult=4 LevelAfter=3 LootInfo=-1 Name=LOC_CITIZEN_MAYA_MODERN_MALE_4 Operation=58 PlotIndex=1362
mission CityName=LOC_CITY_NAME_THEBES CompletionTurn=105 EscapeResult=-1 InitialResult=2 LevelAfter=2 LootInfo=-1 Name=LOC_CITIZEN_MAYA_FEMALE_1 Operation=58 PlotIndex=1619
mission CityName=LOC_CITY_NAME_KAWHIA CompletionTurn=101 EscapeResult=-1 InitialResult=5 LevelAfter=2 LootInfo=-1 Name=LOC_CITIZEN_MAYA_MODERN_MALE_4 Operation=58 PlotIndex=1362
mission CityName=LOC_CITY_NAME_LINKOPING CompletionTurn=100 EscapeResult=-1 InitialResult=1 LevelAfter=1 LootInfo=-1 Name=LOC_CITIZEN_MAYA_FEMALE_4 Operation=58 PlotIndex=993
mission CityName=LOC_CITY_NAME_GOTEBORG CompletionTurn=100 EscapeResult=-1 InitialResult=4 LevelAfter=3 LootInfo=-1 Name=LOC_CITIZEN_MAYA_MODERN_FEMALE_9 Operation=58 PlotIndex=1081
mission CityName=LOC_CITY_NAME_LUND CompletionTurn=99 EscapeResult=-1 InitialResult=1 LevelAfter=1 LootInfo=-1 Name=LOC_CITIZEN_MAYA_MODERN_MALE_2 Operation=58 PlotIndex=744
mission CityName=LOC_CITY_NAME_THEBES CompletionTurn=99 EscapeResult=-1 InitialResult=5 LevelAfter=2 LootInfo=-1 Name=LOC_CITIZEN_MAYA_FEMALE_1 Operation=58 PlotIndex=1619
mission CityName=LOC_CITY_NAME_NGARUAWAHIA CompletionTurn=98 EscapeResult=-1 InitialResult=2 LevelAfter=2 LootInfo=-1 Name=LOC_CITIZEN_MAYA_FEMALE_2 Operation=58 PlotIndex=1833
mission CityName=LOC_CITY_NAME_LINKOPING CompletionTurn=96 EscapeResult=-1 InitialResult=3 LevelAfter=1 LootInfo=-1 Name=LOC_CITIZEN_MAYA_FEMALE_4 Operation=58 PlotIndex=993
mission CityName=LOC_CITY_NAME_GOTEBORG CompletionTurn=94 EscapeResult=-1 InitialResult=5 LevelAfter=2 LootInfo=-1 Name=LOC_CITIZEN_MAYA_MODERN_FEMALE_9 Operation=58 PlotIndex=1081
mission CityName=LOC_CITY_NAME_STOCKHOLM CompletionTurn=93 EscapeResult=-1 InitialResult=0 LevelAfter=1 LootInfo=-1 Name=LOC_CITIZEN_MAYA_MALE_1 Operation=58 PlotIndex=1253
mission CityName=LOC_CITY_NAME_NGARUAWAHIA CompletionTurn=91 EscapeResult=-1 InitialResult=5 LevelAfter=2 LootInfo=-1 Name=LOC_CITIZEN_MAYA_FEMALE_2 Operation=58 PlotIndex=1833
mission CityName=LOC_CITY_NAME_TORONTO CompletionTurn=91 EscapeResult=-1 InitialResult=4 LevelAfter=2 LootInfo=-1 Name=LOC_CITIZEN_MAYA_MODERN_FEMALE_6 Operation=58 PlotIndex=1818
mission CityName=LOC_CITY_NAME_MONTREAL CompletionTurn=91 EscapeResult=-1 InitialResult=2 LevelAfter=1 LootInfo=-1 Name=LOC_CITIZEN_MAYA_MALE_7 Operation=58 PlotIndex=1314
mission CityName=LOC_CITY_NAME_TE_HOKIANGA_NU_A_KUPE CompletionTurn=89 EscapeResult=-1 InitialResult=4 LevelAfter=2 LootInfo=-1 Name=LOC_CITIZEN_MAYA_MODERN_FEMALE_4 Operation=58 PlotIndex=772
mission CityName=LOC_CITY_NAME_OTTAWA CompletionTurn=89 EscapeResult=-1 InitialResult=4 LevelAfter=2 LootInfo=-1 Name=LOC_CITIZEN_MAYA_MALE_8 Operation=58 PlotIndex=978
mission CityName=LOC_CITY_NAME_HALIFAX CompletionTurn=87 EscapeResult=-1 InitialResult=4 LevelAfter=2 LootInfo=-1 Name=LOC_CITIZEN_MAYA_FEMALE_7 Operation=58 PlotIndex=1409
mission CityName=LOC_CITY_NAME_MONTREAL CompletionTurn=87 EscapeResult=-1 InitialResult=3 LevelAfter=1 LootInfo=-1 Name=LOC_CITIZEN_MAYA_MALE_7 Operation=58 PlotIndex=1314
mission CityName=LOC_CITY_NAME_QUEBEC_CITY CompletionTurn=86 EscapeResult=-1 InitialResult=2 LevelAfter=1 LootInfo=-1 Name=LOC_CITIZEN_MAYA_MALE_5 Operation=58 PlotIndex=1404
mission CityName=LOC_CITY_NAME_TORONTO CompletionTurn=84 EscapeResult=-1 InitialResult=1 LevelAfter=1 LootInfo=-1 Name=LOC_CITIZEN_MAYA_MALE_2 Operation=58 PlotIndex=1818
mission CityName=LOC_CITY_NAME_MONTREAL CompletionTurn=83 EscapeResult=-1 InitialResult=3 LevelAfter=1 LootInfo=-1 Name=LOC_CITIZEN_MAYA_MALE_7 Operation=58 PlotIndex=1314
mission CityName=LOC_CITY_NAME_OTTAWA CompletionTurn=82 EscapeResult=-1 InitialResult=1 LevelAfter=1 LootInfo=-1 Name=LOC_CITIZEN_MAYA_MODERN_MALE_9 Operation=58 PlotIndex=978
tally 4  FOMENT_UNREST CAPTURED / NO_RESULT
tally 4  FOMENT_UNREST FAIL_MUST_ESCAPE / NO_RESULT
tally 3  FOMENT_UNREST FAIL_UNDETECTED / NO_RESULT
tally 1  FOMENT_UNREST KILLED / NO_RESULT
tally 6  FOMENT_UNREST SUCCESS_MUST_ESCAPE / NO_RESULT
tally 4  FOMENT_UNREST SUCCESS_UNDETECTED / NO_RESULT
turn 136 spies active 10 idle 2 missions 22 captured-enemy 0
spy 2359313 LOC_CITIZEN_MAYA_MALE_5 level 1 at 60:16 busy
spy 2031634 LOC_CITIZEN_MAYA_MALE_7 level 1 at 54:15 busy
spy 2555923 LOC_CITIZEN_MAYA_FEMALE_7 level 2 at 65:16 busy
spy 2293780 LOC_CITIZEN_MAYA_MODERN_FEMALE_3 level 1 at 54:15 refused
spy 2752533 LOC_CITIZEN_MAYA_MALE_8 level 2 at 54:11 busy
spy 3866646 LOC_CITIZEN_MAYA_MODERN_MALE_4 level 3 at 18:16 busy
spy 3342359 LOC_CITIZEN_MAYA_MODERN_FEMALE_9 level 3 at 73:12 busy
spy 2818072 LOC_CITIZEN_MAYA_MODERN_FEMALE_4 level 2 at 16:9 busy
spy 3014681 LOC_CITIZEN_MAYA_MODERN_FEMALE_6 level 2 at 54:21 busy
spy 3080218 LOC_CITIZEN_MAYA_FEMALE_2 level 2 at 69:21 busy
spy 3801115 LOC_CITIZEN_MAYA_FEMALE_1 level 2 at 23:19 busy
spy 3538973 LOC_CITIZEN_MAYA_MODERN_MALE_3 level 1 at 73:12 refused
turn 136 spies 12 started 0 travelled 0 promoted 0 bought 0 gold 50000
unblock: blocker ENDTURN_BLOCKING_PRODUCTION -> CHICHEN_ITZA builds BUILDING_WALLS | end turn requested
unblock: blocker ENDTURN_BLOCKING_PRODUCTION -> CHICHEN_ITZA builds BUILDING_WALLS | end turn requested
unblock: blocker ENDTURN_BLOCKING_PRODUCTION -> CHICHEN_ITZA builds BUILDING_WALLS | end turn requested
unblock: blocker ENDTURN_BLOCKING_PRODUCTION -> CHICHEN_ITZA builds BUILDING_WALLS | end turn requested
unblock: blocker ENDTURN_BLOCKING_PRODUCTION -> CHICHEN_ITZA builds BUILDING_WALLS | end turn requested
unblock: blocker ENDTURN_BLOCKING_PRODUCTION -> CHICHEN_ITZA builds BUILDING_WALLS | end turn requested
unblock: blocker ENDTURN_BLOCKING_PRODUCTION -> CHICHEN_ITZA builds BUILDING_WALLS | end turn requested
unblock: blocker ENDTURN_BLOCKING_PRODUCTION -> CHICHEN_ITZA builds BUILDING_WALLS | end turn requested
unblock: blocker ENDTURN_BLOCKING_PRODUCTION -> CHICHEN_ITZA builds BUILDING_WALLS | end turn requested
unblock: blocker ENDTURN_BLOCKING_PRODUCTION -> CHICHEN_ITZA builds BUILDING_WALLS | end turn requested
unblock: blocker ENDTURN_BLOCKING_PRODUCTION -> CHICHEN_ITZA builds BUILDING_WALLS | end turn requested
unstuck: closed sessions [2:2]
unstuck: DiplomacyActionView: Closing Diplomacy Action View. m_eventID: 2029765
unblock: blocker ENDTURN_BLOCKING_PRODUCTION -> CHICHEN_ITZA builds BUILDING_WALLS | end turn requested
unstuck: closed sessions [6:6]
unstuck: DiplomacyActionView: Closing Diplomacy Action View. m_eventID: 2032994
mission CityName=LOC_CITY_NAME_KAWHIA CompletionTurn=107 EscapeResult=-1 InitialResult=4 LevelAfter=3 LootInfo=-1 Name=LOC_CITIZEN_MAYA_MODERN_MALE_4 Operation=58 PlotIndex=1362
mission CityName=LOC_CITY_NAME_THEBES CompletionTurn=105 EscapeResult=-1 InitialResult=2 LevelAfter=2 LootInfo=-1 Name=LOC_CITIZEN_MAYA_FEMALE_1 Operation=58 PlotIndex=1619
mission CityName=LOC_CITY_NAME_KAWHIA CompletionTurn=101 EscapeResult=-1 InitialResult=5 LevelAfter=2 LootInfo=-1 Name=LOC_CITIZEN_MAYA_MODERN_MALE_4 Operation=58 PlotIndex=1362
mission CityName=LOC_CITY_NAME_LINKOPING CompletionTurn=100 EscapeResult=-1 InitialResult=1 LevelAfter=1 LootInfo=-1 Name=LOC_CITIZEN_MAYA_FEMALE_4 Operation=58 PlotIndex=993
mission CityName=LOC_CITY_NAME_GOTEBORG CompletionTurn=100 EscapeResult=-1 InitialResult=4 LevelAfter=3 LootInfo=-1 Name=LOC_CITIZEN_MAYA_MODERN_FEMALE_9 Operation=58 PlotIndex=1081
mission CityName=LOC_CITY_NAME_LUND CompletionTurn=99 EscapeResult=-1 InitialResult=1 LevelAfter=1 LootInfo=-1 Name=LOC_CITIZEN_MAYA_MODERN_MALE_2 Operation=58 PlotIndex=744
mission CityName=LOC_CITY_NAME_THEBES CompletionTurn=99 EscapeResult=-1 InitialResult=5 LevelAfter=2 LootInfo=-1 Name=LOC_CITIZEN_MAYA_FEMALE_1 Operation=58 PlotIndex=1619
mission CityName=LOC_CITY_NAME_NGARUAWAHIA CompletionTurn=98 EscapeResult=-1 InitialResult=2 LevelAfter=2 LootInfo=-1 Name=LOC_CITIZEN_MAYA_FEMALE_2 Operation=58 PlotIndex=1833
mission CityName=LOC_CITY_NAME_LINKOPING CompletionTurn=96 EscapeResult=-1 InitialResult=3 LevelAfter=1 LootInfo=-1 Name=LOC_CITIZEN_MAYA_FEMALE_4 Operation=58 PlotIndex=993
mission CityName=LOC_CITY_NAME_GOTEBORG CompletionTurn=94 EscapeResult=-1 InitialResult=5 LevelAfter=2 LootInfo=-1 Name=LOC_CITIZEN_MAYA_MODERN_FEMALE_9 Operation=58 PlotIndex=1081
mission CityName=LOC_CITY_NAME_STOCKHOLM CompletionTurn=93 EscapeResult=-1 InitialResult=0 LevelAfter=1 LootInfo=-1 Name=LOC_CITIZEN_MAYA_MALE_1 Operation=58 PlotIndex=1253
mission CityName=LOC_CITY_NAME_NGARUAWAHIA CompletionTurn=91 EscapeResult=-1 InitialResult=5 LevelAfter=2 LootInfo=-1 Name=LOC_CITIZEN_MAYA_FEMALE_2 Operation=58 PlotIndex=1833
mission CityName=LOC_CITY_NAME_TORONTO CompletionTurn=91 EscapeResult=-1 InitialResult=4 LevelAfter=2 LootInfo=-1 Name=LOC_CITIZEN_MAYA_MODERN_FEMALE_6 Operation=58 PlotIndex=1818
mission CityName=LOC_CITY_NAME_MONTREAL CompletionTurn=91 EscapeResult=-1 InitialResult=2 LevelAfter=1 LootInfo=-1 Name=LOC_CITIZEN_MAYA_MALE_7 Operation=58 PlotIndex=1314
mission CityName=LOC_CITY_NAME_TE_HOKIANGA_NU_A_KUPE CompletionTurn=89 EscapeResult=-1 InitialResult=4 LevelAfter=2 LootInfo=-1 Name=LOC_CITIZEN_MAYA_MODERN_FEMALE_4 Operation=58 PlotIndex=772
mission CityName=LOC_CITY_NAME_OTTAWA CompletionTurn=89 EscapeResult=-1 InitialResult=4 LevelAfter=2 LootInfo=-1 Name=LOC_CITIZEN_MAYA_MALE_8 Operation=58 PlotIndex=978
mission CityName=LOC_CITY_NAME_HALIFAX CompletionTurn=87 EscapeResult=-1 InitialResult=4 LevelAfter=2 LootInfo=-1 Name=LOC_CITIZEN_MAYA_FEMALE_7 Operation=58 PlotIndex=1409
mission CityName=LOC_CITY_NAME_MONTREAL CompletionTurn=87 EscapeResult=-1 InitialResult=3 LevelAfter=1 LootInfo=-1 Name=LOC_CITIZEN_MAYA_MALE_7 Operation=58 PlotIndex=1314
mission CityName=LOC_CITY_NAME_QUEBEC_CITY CompletionTurn=86 EscapeResult=-1 InitialResult=2 LevelAfter=1 LootInfo=-1 Name=LOC_CITIZEN_MAYA_MALE_5 Operation=58 PlotIndex=1404
mission CityName=LOC_CITY_NAME_TORONTO CompletionTurn=84 EscapeResult=-1 InitialResult=1 LevelAfter=1 LootInfo=-1 Name=LOC_CITIZEN_MAYA_MALE_2 Operation=58 PlotIndex=1818
mission CityName=LOC_CITY_NAME_MONTREAL CompletionTurn=83 EscapeResult=-1 InitialResult=3 LevelAfter=1 LootInfo=-1 Name=LOC_CITIZEN_MAYA_MALE_7 Operation=58 PlotIndex=1314
mission CityName=LOC_CITY_NAME_OTTAWA CompletionTurn=82 EscapeResult=-1 InitialResult=1 LevelAfter=1 LootInfo=-1 Name=LOC_CITIZEN_MAYA_MODERN_MALE_9 Operation=58 PlotIndex=978
tally 4  FOMENT_UNREST CAPTURED / NO_RESULT
tally 4  FOMENT_UNREST FAIL_MUST_ESCAPE / NO_RESULT
tally 3  FOMENT_UNREST FAIL_UNDETECTED / NO_RESULT
tally 1  FOMENT_UNREST KILLED / NO_RESULT
tally 6  FOMENT_UNREST SUCCESS_MUST_ESCAPE / NO_RESULT
tally 4  FOMENT_UNREST SUCCESS_UNDETECTED / NO_RESULT
turn 138 spies active 10 idle 2 missions 22 captured-enemy 0
spy 2359313 LOC_CITIZEN_MAYA_MALE_5 level 1 at 60:16 busy
spy 2031634 LOC_CITIZEN_MAYA_MALE_7 level 1 at 54:15 busy
spy 2555923 LOC_CITIZEN_MAYA_FEMALE_7 level 2 at 65:16 busy
spy 2293780 LOC_CITIZEN_MAYA_MODERN_FEMALE_3 level 1 at 54:15 refused
spy 2752533 LOC_CITIZEN_MAYA_MALE_8 level 2 at 54:11 busy
spy 3866646 LOC_CITIZEN_MAYA_MODERN_MALE_4 level 3 at 18:16 busy
spy 3342359 LOC_CITIZEN_MAYA_MODERN_FEMALE_9 level 3 at 73:12 busy
spy 2818072 LOC_CITIZEN_MAYA_MODERN_FEMALE_4 level 2 at 16:9 busy
spy 3014681 LOC_CITIZEN_MAYA_MODERN_FEMALE_6 level 2 at 54:21 busy
spy 3080218 LOC_CITIZEN_MAYA_FEMALE_2 level 2 at 69:21 busy
spy 3801115 LOC_CITIZEN_MAYA_FEMALE_1 level 2 at 23:19 busy
spy 3538973 LOC_CITIZEN_MAYA_MODERN_MALE_3 level 1 at 73:12 refused
turn 138 spies 12 started 0 travelled 0 promoted 0 bought 0 gold 50000
unblock: blocker ENDTURN_BLOCKING_PRODUCTION -> CHICHEN_ITZA builds BUILDING_WALLS | end turn requested
unblock: blocker ENDTURN_BLOCKING_PRODUCTION -> CHICHEN_ITZA builds BUILDING_WALLS | end turn requested
unstuck: closed sessions [3:3]
unstuck: DiplomacyActionView: Closing Diplomacy Action View. m_eventID: 2039938
mission CityName=LOC_CITY_NAME_KAWHIA CompletionTurn=107 EscapeResult=-1 InitialResult=4 LevelAfter=3 LootInfo=-1 Name=LOC_CITIZEN_MAYA_MODERN_MALE_4 Operation=58 PlotIndex=1362
mission CityName=LOC_CITY_NAME_THEBES CompletionTurn=105 EscapeResult=-1 InitialResult=2 LevelAfter=2 LootInfo=-1 Name=LOC_CITIZEN_MAYA_FEMALE_1 Operation=58 PlotIndex=1619
mission CityName=LOC_CITY_NAME_KAWHIA CompletionTurn=101 EscapeResult=-1 InitialResult=5 LevelAfter=2 LootInfo=-1 Name=LOC_CITIZEN_MAYA_MODERN_MALE_4 Operation=58 PlotIndex=1362
mission CityName=LOC_CITY_NAME_LINKOPING CompletionTurn=100 EscapeResult=-1 InitialResult=1 LevelAfter=1 LootInfo=-1 Name=LOC_CITIZEN_MAYA_FEMALE_4 Operation=58 PlotIndex=993
mission CityName=LOC_CITY_NAME_GOTEBORG CompletionTurn=100 EscapeResult=-1 InitialResult=4 LevelAfter=3 LootInfo=-1 Name=LOC_CITIZEN_MAYA_MODERN_FEMALE_9 Operation=58 PlotIndex=1081
mission CityName=LOC_CITY_NAME_LUND CompletionTurn=99 EscapeResult=-1 InitialResult=1 LevelAfter=1 LootInfo=-1 Name=LOC_CITIZEN_MAYA_MODERN_MALE_2 Operation=58 PlotIndex=744
mission CityName=LOC_CITY_NAME_THEBES CompletionTurn=99 EscapeResult=-1 InitialResult=5 LevelAfter=2 LootInfo=-1 Name=LOC_CITIZEN_MAYA_FEMALE_1 Operation=58 PlotIndex=1619
mission CityName=LOC_CITY_NAME_NGARUAWAHIA CompletionTurn=98 EscapeResult=-1 InitialResult=2 LevelAfter=2 LootInfo=-1 Name=LOC_CITIZEN_MAYA_FEMALE_2 Operation=58 PlotIndex=1833
mission CityName=LOC_CITY_NAME_LINKOPING CompletionTurn=96 EscapeResult=-1 InitialResult=3 LevelAfter=1 LootInfo=-1 Name=LOC_CITIZEN_MAYA_FEMALE_4 Operation=58 PlotIndex=993
mission CityName=LOC_CITY_NAME_GOTEBORG CompletionTurn=94 EscapeResult=-1 InitialResult=5 LevelAfter=2 LootInfo=-1 Name=LOC_CITIZEN_MAYA_MODERN_FEMALE_9 Operation=58 PlotIndex=1081
mission CityName=LOC_CITY_NAME_STOCKHOLM CompletionTurn=93 EscapeResult=-1 InitialResult=0 LevelAfter=1 LootInfo=-1 Name=LOC_CITIZEN_MAYA_MALE_1 Operation=58 PlotIndex=1253
mission CityName=LOC_CITY_NAME_NGARUAWAHIA CompletionTurn=91 EscapeResult=-1 InitialResult=5 LevelAfter=2 LootInfo=-1 Name=LOC_CITIZEN_MAYA_FEMALE_2 Operation=58 PlotIndex=1833
mission CityName=LOC_CITY_NAME_TORONTO CompletionTurn=91 EscapeResult=-1 InitialResult=4 LevelAfter=2 LootInfo=-1 Name=LOC_CITIZEN_MAYA_MODERN_FEMALE_6 Operation=58 PlotIndex=1818
mission CityName=LOC_CITY_NAME_MONTREAL CompletionTurn=91 EscapeResult=-1 InitialResult=2 LevelAfter=1 LootInfo=-1 Name=LOC_CITIZEN_MAYA_MALE_7 Operation=58 PlotIndex=1314
mission CityName=LOC_CITY_NAME_TE_HOKIANGA_NU_A_KUPE CompletionTurn=89 EscapeResult=-1 InitialResult=4 LevelAfter=2 LootInfo=-1 Name=LOC_CITIZEN_MAYA_MODERN_FEMALE_4 Operation=58 PlotIndex=772
mission CityName=LOC_CITY_NAME_OTTAWA CompletionTurn=89 EscapeResult=-1 InitialResult=4 LevelAfter=2 LootInfo=-1 Name=LOC_CITIZEN_MAYA_MALE_8 Operation=58 PlotIndex=978
mission CityName=LOC_CITY_NAME_HALIFAX CompletionTurn=87 EscapeResult=-1 InitialResult=4 LevelAfter=2 LootInfo=-1 Name=LOC_CITIZEN_MAYA_FEMALE_7 Operation=58 PlotIndex=1409
mission CityName=LOC_CITY_NAME_MONTREAL CompletionTurn=87 EscapeResult=-1 InitialResult=3 LevelAfter=1 LootInfo=-1 Name=LOC_CITIZEN_MAYA_MALE_7 Operation=58 PlotIndex=1314
mission CityName=LOC_CITY_NAME_QUEBEC_CITY CompletionTurn=86 EscapeResult=-1 InitialResult=2 LevelAfter=1 LootInfo=-1 Name=LOC_CITIZEN_MAYA_MALE_5 Operation=58 PlotIndex=1404
mission CityName=LOC_CITY_NAME_TORONTO CompletionTurn=84 EscapeResult=-1 InitialResult=1 LevelAfter=1 LootInfo=-1 Name=LOC_CITIZEN_MAYA_MALE_2 Operation=58 PlotIndex=1818
mission CityName=LOC_CITY_NAME_MONTREAL CompletionTurn=83 EscapeResult=-1 InitialResult=3 LevelAfter=1 LootInfo=-1 Name=LOC_CITIZEN_MAYA_MALE_7 Operation=58 PlotIndex=1314
mission CityName=LOC_CITY_NAME_OTTAWA CompletionTurn=82 EscapeResult=-1 InitialResult=1 LevelAfter=1 LootInfo=-1 Name=LOC_CITIZEN_MAYA_MODERN_MALE_9 Operation=58 PlotIndex=978
tally 4  FOMENT_UNREST CAPTURED / NO_RESULT
tally 4  FOMENT_UNREST FAIL_MUST_ESCAPE / NO_RESULT
tally 3  FOMENT_UNREST FAIL_UNDETECTED / NO_RESULT
tally 1  FOMENT_UNREST KILLED / NO_RESULT
tally 6  FOMENT_UNREST SUCCESS_MUST_ESCAPE / NO_RESULT
tally 4  FOMENT_UNREST SUCCESS_UNDETECTED / NO_RESULT
turn 139 spies active 10 idle 2 missions 22 captured-enemy 0
spy 2359313 LOC_CITIZEN_MAYA_MALE_5 level 1 at 60:16 busy
spy 2031634 LOC_CITIZEN_MAYA_MALE_7 level 1 at 54:15 busy
spy 2555923 LOC_CITIZEN_MAYA_FEMALE_7 level 2 at 65:16 busy
spy 2293780 LOC_CITIZEN_MAYA_MODERN_FEMALE_3 level 1 at 54:15 refused
spy 2752533 LOC_CITIZEN_MAYA_MALE_8 level 2 at 54:11 busy
spy 3866646 LOC_CITIZEN_MAYA_MODERN_MALE_4 level 3 at 18:16 busy
spy 3342359 LOC_CITIZEN_MAYA_MODERN_FEMALE_9 level 3 at 73:12 busy
spy 2818072 LOC_CITIZEN_MAYA_MODERN_FEMALE_4 level 2 at 16:9 busy
spy 3014681 LOC_CITIZEN_MAYA_MODERN_FEMALE_6 level 2 at 54:21 busy
spy 3080218 LOC_CITIZEN_MAYA_FEMALE_2 level 2 at 69:21 busy
spy 3801115 LOC_CITIZEN_MAYA_FEMALE_1 level 2 at 23:19 busy
spy 3538973 LOC_CITIZEN_MAYA_MODERN_MALE_3 level 1 at 73:12 refused
turn 139 spies 12 started 0 travelled 0 promoted 0 bought 0 gold 50000
unblock: blocker ENDTURN_BLOCKING_PRODUCTION -> CHICHEN_ITZA builds BUILDING_WALLS | end turn requested
unblock: blocker ENDTURN_BLOCKING_PRODUCTION -> CHICHEN_ITZA builds BUILDING_WALLS | end turn requested
unstuck: closed sessions [4:4]
unstuck: DiplomacyActionView: Closing Diplomacy Action View. m_eventID: 2049482
unblock: blocker ENDTURN_BLOCKING_PRODUCTION -> CHICHEN_ITZA builds BUILDING_WALLS | end turn requested
unstuck: closed sessions [5:5]
unstuck: DiplomacyActionView: Closing Diplomacy Action View. m_eventID: 2050508
mission CityName=LOC_CITY_NAME_KAWHIA CompletionTurn=107 EscapeResult=-1 InitialResult=4 LevelAfter=3 LootInfo=-1 Name=LOC_CITIZEN_MAYA_MODERN_MALE_4 Operation=58 PlotIndex=1362
mission CityName=LOC_CITY_NAME_THEBES CompletionTurn=105 EscapeResult=-1 InitialResult=2 LevelAfter=2 LootInfo=-1 Name=LOC_CITIZEN_MAYA_FEMALE_1 Operation=58 PlotIndex=1619
mission CityName=LOC_CITY_NAME_KAWHIA CompletionTurn=101 EscapeResult=-1 InitialResult=5 LevelAfter=2 LootInfo=-1 Name=LOC_CITIZEN_MAYA_MODERN_MALE_4 Operation=58 PlotIndex=1362
mission CityName=LOC_CITY_NAME_LINKOPING CompletionTurn=100 EscapeResult=-1 InitialResult=1 LevelAfter=1 LootInfo=-1 Name=LOC_CITIZEN_MAYA_FEMALE_4 Operation=58 PlotIndex=993
mission CityName=LOC_CITY_NAME_GOTEBORG CompletionTurn=100 EscapeResult=-1 InitialResult=4 LevelAfter=3 LootInfo=-1 Name=LOC_CITIZEN_MAYA_MODERN_FEMALE_9 Operation=58 PlotIndex=1081
mission CityName=LOC_CITY_NAME_LUND CompletionTurn=99 EscapeResult=-1 InitialResult=1 LevelAfter=1 LootInfo=-1 Name=LOC_CITIZEN_MAYA_MODERN_MALE_2 Operation=58 PlotIndex=744
mission CityName=LOC_CITY_NAME_THEBES CompletionTurn=99 EscapeResult=-1 InitialResult=5 LevelAfter=2 LootInfo=-1 Name=LOC_CITIZEN_MAYA_FEMALE_1 Operation=58 PlotIndex=1619
mission CityName=LOC_CITY_NAME_NGARUAWAHIA CompletionTurn=98 EscapeResult=-1 InitialResult=2 LevelAfter=2 LootInfo=-1 Name=LOC_CITIZEN_MAYA_FEMALE_2 Operation=58 PlotIndex=1833
mission CityName=LOC_CITY_NAME_LINKOPING CompletionTurn=96 EscapeResult=-1 InitialResult=3 LevelAfter=1 LootInfo=-1 Name=LOC_CITIZEN_MAYA_FEMALE_4 Operation=58 PlotIndex=993
mission CityName=LOC_CITY_NAME_GOTEBORG CompletionTurn=94 EscapeResult=-1 InitialResult=5 LevelAfter=2 LootInfo=-1 Name=LOC_CITIZEN_MAYA_MODERN_FEMALE_9 Operation=58 PlotIndex=1081
mission CityName=LOC_CITY_NAME_STOCKHOLM CompletionTurn=93 EscapeResult=-1 InitialResult=0 LevelAfter=1 LootInfo=-1 Name=LOC_CITIZEN_MAYA_MALE_1 Operation=58 PlotIndex=1253
mission CityName=LOC_CITY_NAME_NGARUAWAHIA CompletionTurn=91 EscapeResult=-1 InitialResult=5 LevelAfter=2 LootInfo=-1 Name=LOC_CITIZEN_MAYA_FEMALE_2 Operation=58 PlotIndex=1833
mission CityName=LOC_CITY_NAME_TORONTO CompletionTurn=91 EscapeResult=-1 InitialResult=4 LevelAfter=2 LootInfo=-1 Name=LOC_CITIZEN_MAYA_MODERN_FEMALE_6 Operation=58 PlotIndex=1818
mission CityName=LOC_CITY_NAME_MONTREAL CompletionTurn=91 EscapeResult=-1 InitialResult=2 LevelAfter=1 LootInfo=-1 Name=LOC_CITIZEN_MAYA_MALE_7 Operation=58 PlotIndex=1314
mission CityName=LOC_CITY_NAME_TE_HOKIANGA_NU_A_KUPE CompletionTurn=89 EscapeResult=-1 InitialResult=4 LevelAfter=2 LootInfo=-1 Name=LOC_CITIZEN_MAYA_MODERN_FEMALE_4 Operation=58 PlotIndex=772
mission CityName=LOC_CITY_NAME_OTTAWA CompletionTurn=89 EscapeResult=-1 InitialResult=4 LevelAfter=2 LootInfo=-1 Name=LOC_CITIZEN_MAYA_MALE_8 Operation=58 PlotIndex=978
mission CityName=LOC_CITY_NAME_HALIFAX CompletionTurn=87 EscapeResult=-1 InitialResult=4 LevelAfter=2 LootInfo=-1 Name=LOC_CITIZEN_MAYA_FEMALE_7 Operation=58 PlotIndex=1409
mission CityName=LOC_CITY_NAME_MONTREAL CompletionTurn=87 EscapeResult=-1 InitialResult=3 LevelAfter=1 LootInfo=-1 Name=LOC_CITIZEN_MAYA_MALE_7 Operation=58 PlotIndex=1314
mission CityName=LOC_CITY_NAME_QUEBEC_CITY CompletionTurn=86 EscapeResult=-1 InitialResult=2 LevelAfter=1 LootInfo=-1 Name=LOC_CITIZEN_MAYA_MALE_5 Operation=58 PlotIndex=1404
mission CityName=LOC_CITY_NAME_TORONTO CompletionTurn=84 EscapeResult=-1 InitialResult=1 LevelAfter=1 LootInfo=-1 Name=LOC_CITIZEN_MAYA_MALE_2 Operation=58 PlotIndex=1818
mission CityName=LOC_CITY_NAME_MONTREAL CompletionTurn=83 EscapeResult=-1 InitialResult=3 LevelAfter=1 LootInfo=-1 Name=LOC_CITIZEN_MAYA_MALE_7 Operation=58 PlotIndex=1314
mission CityName=LOC_CITY_NAME_OTTAWA CompletionTurn=82 EscapeResult=-1 InitialResult=1 LevelAfter=1 LootInfo=-1 Name=LOC_CITIZEN_MAYA_MODERN_MALE_9 Operation=58 PlotIndex=978
tally 4  FOMENT_UNREST CAPTURED / NO_RESULT
tally 4  FOMENT_UNREST FAIL_MUST_ESCAPE / NO_RESULT
tally 3  FOMENT_UNREST FAIL_UNDETECTED / NO_RESULT
tally 1  FOMENT_UNREST KILLED / NO_RESULT
tally 6  FOMENT_UNREST SUCCESS_MUST_ESCAPE / NO_RESULT
tally 4  FOMENT_UNREST SUCCESS_UNDETECTED / NO_RESULT
turn 140 spies active 10 idle 2 missions 22 captured-enemy 0
spy 2359313 LOC_CITIZEN_MAYA_MALE_5 level 1 at 60:16 busy
spy 2031634 LOC_CITIZEN_MAYA_MALE_7 level 1 at 54:15 busy
spy 2555923 LOC_CITIZEN_MAYA_FEMALE_7 level 2 at 65:16 busy
spy 2293780 LOC_CITIZEN_MAYA_MODERN_FEMALE_3 level 1 at 54:15 refused
spy 2752533 LOC_CITIZEN_MAYA_MALE_8 level 2 at 54:11 busy
spy 3866646 LOC_CITIZEN_MAYA_MODERN_MALE_4 level 3 at 18:16 busy
spy 3342359 LOC_CITIZEN_MAYA_MODERN_FEMALE_9 level 3 at 73:12 busy
spy 2818072 LOC_CITIZEN_MAYA_MODERN_FEMALE_4 level 2 at 16:9 busy
spy 3014681 LOC_CITIZEN_MAYA_MODERN_FEMALE_6 level 2 at 54:21 busy
spy 3080218 LOC_CITIZEN_MAYA_FEMALE_2 level 2 at 69:21 busy
spy 3801115 LOC_CITIZEN_MAYA_FEMALE_1 level 2 at 23:19 busy
spy 3538973 LOC_CITIZEN_MAYA_MODERN_MALE_3 level 1 at 73:12 refused
turn 140 spies 12 started 0 travelled 0 promoted 0 bought 0 gold 50000
unblock: blocker ENDTURN_BLOCKING_PRODUCTION -> CHICHEN_ITZA builds BUILDING_WALLS | end turn requested
unblock: blocker ENDTURN_BLOCKING_PRODUCTION -> CHICHEN_ITZA builds BUILDING_WALLS | end turn requested
unstuck: closed sessions [7:7]
unstuck: DiplomacyActionView: Closing Diplomacy Action View. m_eventID: 2061445
mission CityName=LOC_CITY_NAME_KAWHIA CompletionTurn=107 EscapeResult=-1 InitialResult=4 LevelAfter=3 LootInfo=-1 Name=LOC_CITIZEN_MAYA_MODERN_MALE_4 Operation=58 PlotIndex=1362
mission CityName=LOC_CITY_NAME_THEBES CompletionTurn=105 EscapeResult=-1 InitialResult=2 LevelAfter=2 LootInfo=-1 Name=LOC_CITIZEN_MAYA_FEMALE_1 Operation=58 PlotIndex=1619
mission CityName=LOC_CITY_NAME_KAWHIA CompletionTurn=101 EscapeResult=-1 InitialResult=5 LevelAfter=2 LootInfo=-1 Name=LOC_CITIZEN_MAYA_MODERN_MALE_4 Operation=58 PlotIndex=1362
mission CityName=LOC_CITY_NAME_LINKOPING CompletionTurn=100 EscapeResult=-1 InitialResult=1 LevelAfter=1 LootInfo=-1 Name=LOC_CITIZEN_MAYA_FEMALE_4 Operation=58 PlotIndex=993
mission CityName=LOC_CITY_NAME_GOTEBORG CompletionTurn=100 EscapeResult=-1 InitialResult=4 LevelAfter=3 LootInfo=-1 Name=LOC_CITIZEN_MAYA_MODERN_FEMALE_9 Operation=58 PlotIndex=1081
mission CityName=LOC_CITY_NAME_LUND CompletionTurn=99 EscapeResult=-1 InitialResult=1 LevelAfter=1 LootInfo=-1 Name=LOC_CITIZEN_MAYA_MODERN_MALE_2 Operation=58 PlotIndex=744
mission CityName=LOC_CITY_NAME_THEBES CompletionTurn=99 EscapeResult=-1 InitialResult=5 LevelAfter=2 LootInfo=-1 Name=LOC_CITIZEN_MAYA_FEMALE_1 Operation=58 PlotIndex=1619
mission CityName=LOC_CITY_NAME_NGARUAWAHIA CompletionTurn=98 EscapeResult=-1 InitialResult=2 LevelAfter=2 LootInfo=-1 Name=LOC_CITIZEN_MAYA_FEMALE_2 Operation=58 PlotIndex=1833
mission CityName=LOC_CITY_NAME_LINKOPING CompletionTurn=96 EscapeResult=-1 InitialResult=3 LevelAfter=1 LootInfo=-1 Name=LOC_CITIZEN_MAYA_FEMALE_4 Operation=58 PlotIndex=993
mission CityName=LOC_CITY_NAME_GOTEBORG CompletionTurn=94 EscapeResult=-1 InitialResult=5 LevelAfter=2 LootInfo=-1 Name=LOC_CITIZEN_MAYA_MODERN_FEMALE_9 Operation=58 PlotIndex=1081
mission CityName=LOC_CITY_NAME_STOCKHOLM CompletionTurn=93 EscapeResult=-1 InitialResult=0 LevelAfter=1 LootInfo=-1 Name=LOC_CITIZEN_MAYA_MALE_1 Operation=58 PlotIndex=1253
mission CityName=LOC_CITY_NAME_NGARUAWAHIA CompletionTurn=91 EscapeResult=-1 InitialResult=5 LevelAfter=2 LootInfo=-1 Name=LOC_CITIZEN_MAYA_FEMALE_2 Operation=58 PlotIndex=1833
mission CityName=LOC_CITY_NAME_TORONTO CompletionTurn=91 EscapeResult=-1 InitialResult=4 LevelAfter=2 LootInfo=-1 Name=LOC_CITIZEN_MAYA_MODERN_FEMALE_6 Operation=58 PlotIndex=1818
mission CityName=LOC_CITY_NAME_MONTREAL CompletionTurn=91 EscapeResult=-1 InitialResult=2 LevelAfter=1 LootInfo=-1 Name=LOC_CITIZEN_MAYA_MALE_7 Operation=58 PlotIndex=1314
mission CityName=LOC_CITY_NAME_TE_HOKIANGA_NU_A_KUPE CompletionTurn=89 EscapeResult=-1 InitialResult=4 LevelAfter=2 LootInfo=-1 Name=LOC_CITIZEN_MAYA_MODERN_FEMALE_4 Operation=58 PlotIndex=772
mission CityName=LOC_CITY_NAME_OTTAWA CompletionTurn=89 EscapeResult=-1 InitialResult=4 LevelAfter=2 LootInfo=-1 Name=LOC_CITIZEN_MAYA_MALE_8 Operation=58 PlotIndex=978
mission CityName=LOC_CITY_NAME_HALIFAX CompletionTurn=87 EscapeResult=-1 InitialResult=4 LevelAfter=2 LootInfo=-1 Name=LOC_CITIZEN_MAYA_FEMALE_7 Operation=58 PlotIndex=1409
mission CityName=LOC_CITY_NAME_MONTREAL CompletionTurn=87 EscapeResult=-1 InitialResult=3 LevelAfter=1 LootInfo=-1 Name=LOC_CITIZEN_MAYA_MALE_7 Operation=58 PlotIndex=1314
mission CityName=LOC_CITY_NAME_QUEBEC_CITY CompletionTurn=86 EscapeResult=-1 InitialResult=2 LevelAfter=1 LootInfo=-1 Name=LOC_CITIZEN_MAYA_MALE_5 Operation=58 PlotIndex=1404
mission CityName=LOC_CITY_NAME_TORONTO CompletionTurn=84 EscapeResult=-1 InitialResult=1 LevelAfter=1 LootInfo=-1 Name=LOC_CITIZEN_MAYA_MALE_2 Operation=58 PlotIndex=1818
mission CityName=LOC_CITY_NAME_MONTREAL CompletionTurn=83 EscapeResult=-1 InitialResult=3 LevelAfter=1 LootInfo=-1 Name=LOC_CITIZEN_MAYA_MALE_7 Operation=58 PlotIndex=1314
mission CityName=LOC_CITY_NAME_OTTAWA CompletionTurn=82 EscapeResult=-1 InitialResult=1 LevelAfter=1 LootInfo=-1 Name=LOC_CITIZEN_MAYA_MODERN_MALE_9 Operation=58 PlotIndex=978
tally 4  FOMENT_UNREST CAPTURED / NO_RESULT
tally 4  FOMENT_UNREST FAIL_MUST_ESCAPE / NO_RESULT
tally 3  FOMENT_UNREST FAIL_UNDETECTED / NO_RESULT
tally 1  FOMENT_UNREST KILLED / NO_RESULT
tally 6  FOMENT_UNREST SUCCESS_MUST_ESCAPE / NO_RESULT
tally 4  FOMENT_UNREST SUCCESS_UNDETECTED / NO_RESULT
turn 141 spies active 10 idle 2 missions 22 captured-enemy 0
spy 2359313 LOC_CITIZEN_MAYA_MALE_5 level 1 at 60:16 busy
spy 2031634 LOC_CITIZEN_MAYA_MALE_7 level 1 at 54:15 busy
spy 2555923 LOC_CITIZEN_MAYA_FEMALE_7 level 2 at 65:16 busy
spy 2293780 LOC_CITIZEN_MAYA_MODERN_FEMALE_3 level 1 at 54:15 refused
spy 2752533 LOC_CITIZEN_MAYA_MALE_8 level 2 at 54:11 busy
spy 3866646 LOC_CITIZEN_MAYA_MODERN_MALE_4 level 3 at 18:16 busy
spy 3342359 LOC_CITIZEN_MAYA_MODERN_FEMALE_9 level 3 at 73:12 busy
spy 2818072 LOC_CITIZEN_MAYA_MODERN_FEMALE_4 level 2 at 16:9 busy
spy 3014681 LOC_CITIZEN_MAYA_MODERN_FEMALE_6 level 2 at 54:21 busy
spy 3080218 LOC_CITIZEN_MAYA_FEMALE_2 level 2 at 69:21 busy
spy 3801115 LOC_CITIZEN_MAYA_FEMALE_1 level 2 at 23:19 busy
spy 3538973 LOC_CITIZEN_MAYA_MODERN_MALE_3 level 1 at 73:12 refused
turn 141 spies 12 started 0 travelled 0 promoted 0 bought 0 gold 50000
unblock: blocker ENDTURN_BLOCKING_PRODUCTION -> CHICHEN_ITZA builds BUILDING_WALLS | end turn requested
unstuck: DiplomacyActionView: Closing Diplomacy Action View. m_eventID: 2064422
unblock: blocker ENDTURN_BLOCKING_PRODUCTION -> CHICHEN_ITZA builds BUILDING_WALLS | end turn requested
unblock: blocker ENDTURN_BLOCKING_PRODUCTION -> CHICHEN_ITZA builds BUILDING_WALLS | end turn requested
unstuck: closed sessions [2:2]
unstuck: DiplomacyActionView: Closing Diplomacy Action View. m_eventID: 2066584
unblock: blocker ENDTURN_BLOCKING_PRODUCTION -> CHICHEN_ITZA builds BUILDING_WALLS | end turn requested
unstuck: closed sessions [6:6]
unstuck: DiplomacyActionView: Closing Diplomacy Action View. m_eventID: 2070470
unblock: blocker ENDTURN_BLOCKING_WORLD_CONGRESS_SESSION -> nothing | end turn requested
unstuck: WorldCongressIntro: closed
unstuck: WorldCongressPopup: closed
mission CityName=LOC_CITY_NAME_KAWHIA CompletionTurn=107 EscapeResult=-1 InitialResult=4 LevelAfter=3 LootInfo=-1 Name=LOC_CITIZEN_MAYA_MODERN_MALE_4 Operation=58 PlotIndex=1362
mission CityName=LOC_CITY_NAME_THEBES CompletionTurn=105 EscapeResult=-1 InitialResult=2 LevelAfter=2 LootInfo=-1 Name=LOC_CITIZEN_MAYA_FEMALE_1 Operation=58 PlotIndex=1619
mission CityName=LOC_CITY_NAME_KAWHIA CompletionTurn=101 EscapeResult=-1 InitialResult=5 LevelAfter=2 LootInfo=-1 Name=LOC_CITIZEN_MAYA_MODERN_MALE_4 Operation=58 PlotIndex=1362
mission CityName=LOC_CITY_NAME_LINKOPING CompletionTurn=100 EscapeResult=-1 InitialResult=1 LevelAfter=1 LootInfo=-1 Name=LOC_CITIZEN_MAYA_FEMALE_4 Operation=58 PlotIndex=993
mission CityName=LOC_CITY_NAME_GOTEBORG CompletionTurn=100 EscapeResult=-1 InitialResult=4 LevelAfter=3 LootInfo=-1 Name=LOC_CITIZEN_MAYA_MODERN_FEMALE_9 Operation=58 PlotIndex=1081
mission CityName=LOC_CITY_NAME_LUND CompletionTurn=99 EscapeResult=-1 InitialResult=1 LevelAfter=1 LootInfo=-1 Name=LOC_CITIZEN_MAYA_MODERN_MALE_2 Operation=58 PlotIndex=744
mission CityName=LOC_CITY_NAME_THEBES CompletionTurn=99 EscapeResult=-1 InitialResult=5 LevelAfter=2 LootInfo=-1 Name=LOC_CITIZEN_MAYA_FEMALE_1 Operation=58 PlotIndex=1619
mission CityName=LOC_CITY_NAME_NGARUAWAHIA CompletionTurn=98 EscapeResult=-1 InitialResult=2 LevelAfter=2 LootInfo=-1 Name=LOC_CITIZEN_MAYA_FEMALE_2 Operation=58 PlotIndex=1833
mission CityName=LOC_CITY_NAME_LINKOPING CompletionTurn=96 EscapeResult=-1 InitialResult=3 LevelAfter=1 LootInfo=-1 Name=LOC_CITIZEN_MAYA_FEMALE_4 Operation=58 PlotIndex=993
mission CityName=LOC_CITY_NAME_GOTEBORG CompletionTurn=94 EscapeResult=-1 InitialResult=5 LevelAfter=2 LootInfo=-1 Name=LOC_CITIZEN_MAYA_MODERN_FEMALE_9 Operation=58 PlotIndex=1081
mission CityName=LOC_CITY_NAME_STOCKHOLM CompletionTurn=93 EscapeResult=-1 InitialResult=0 LevelAfter=1 LootInfo=-1 Name=LOC_CITIZEN_MAYA_MALE_1 Operation=58 PlotIndex=1253
mission CityName=LOC_CITY_NAME_NGARUAWAHIA CompletionTurn=91 EscapeResult=-1 InitialResult=5 LevelAfter=2 LootInfo=-1 Name=LOC_CITIZEN_MAYA_FEMALE_2 Operation=58 PlotIndex=1833
mission CityName=LOC_CITY_NAME_TORONTO CompletionTurn=91 EscapeResult=-1 InitialResult=4 LevelAfter=2 LootInfo=-1 Name=LOC_CITIZEN_MAYA_MODERN_FEMALE_6 Operation=58 PlotIndex=1818
mission CityName=LOC_CITY_NAME_MONTREAL CompletionTurn=91 EscapeResult=-1 InitialResult=2 LevelAfter=1 LootInfo=-1 Name=LOC_CITIZEN_MAYA_MALE_7 Operation=58 PlotIndex=1314
mission CityName=LOC_CITY_NAME_TE_HOKIANGA_NU_A_KUPE CompletionTurn=89 EscapeResult=-1 InitialResult=4 LevelAfter=2 LootInfo=-1 Name=LOC_CITIZEN_MAYA_MODERN_FEMALE_4 Operation=58 PlotIndex=772
mission CityName=LOC_CITY_NAME_OTTAWA CompletionTurn=89 EscapeResult=-1 InitialResult=4 LevelAfter=2 LootInfo=-1 Name=LOC_CITIZEN_MAYA_MALE_8 Operation=58 PlotIndex=978
mission CityName=LOC_CITY_NAME_HALIFAX CompletionTurn=87 EscapeResult=-1 InitialResult=4 LevelAfter=2 LootInfo=-1 Name=LOC_CITIZEN_MAYA_FEMALE_7 Operation=58 PlotIndex=1409
mission CityName=LOC_CITY_NAME_MONTREAL CompletionTurn=87 EscapeResult=-1 InitialResult=3 LevelAfter=1 LootInfo=-1 Name=LOC_CITIZEN_MAYA_MALE_7 Operation=58 PlotIndex=1314
mission CityName=LOC_CITY_NAME_QUEBEC_CITY CompletionTurn=86 EscapeResult=-1 InitialResult=2 LevelAfter=1 LootInfo=-1 Name=LOC_CITIZEN_MAYA_MALE_5 Operation=58 PlotIndex=1404
mission CityName=LOC_CITY_NAME_TORONTO CompletionTurn=84 EscapeResult=-1 InitialResult=1 LevelAfter=1 LootInfo=-1 Name=LOC_CITIZEN_MAYA_MALE_2 Operation=58 PlotIndex=1818
mission CityName=LOC_CITY_NAME_MONTREAL CompletionTurn=83 EscapeResult=-1 InitialResult=3 LevelAfter=1 LootInfo=-1 Name=LOC_CITIZEN_MAYA_MALE_7 Operation=58 PlotIndex=1314
mission CityName=LOC_CITY_NAME_OTTAWA CompletionTurn=82 EscapeResult=-1 InitialResult=1 LevelAfter=1 LootInfo=-1 Name=LOC_CITIZEN_MAYA_MODERN_MALE_9 Operation=58 PlotIndex=978
tally 4  FOMENT_UNREST CAPTURED / NO_RESULT
tally 4  FOMENT_UNREST FAIL_MUST_ESCAPE / NO_RESULT
tally 3  FOMENT_UNREST FAIL_UNDETECTED / NO_RESULT
tally 1  FOMENT_UNREST KILLED / NO_RESULT
tally 6  FOMENT_UNREST SUCCESS_MUST_ESCAPE / NO_RESULT
tally 4  FOMENT_UNREST SUCCESS_UNDETECTED / NO_RESULT
turn 142 spies active 10 idle 2 missions 22 captured-enemy 0
spy 2359313 LOC_CITIZEN_MAYA_MALE_5 level 1 at 60:16 busy
spy 2031634 LOC_CITIZEN_MAYA_MALE_7 level 1 at 54:15 busy
spy 2555923 LOC_CITIZEN_MAYA_FEMALE_7 level 2 at 65:16 busy
spy 2293780 LOC_CITIZEN_MAYA_MODERN_FEMALE_3 level 1 at 54:15 refused
spy 2752533 LOC_CITIZEN_MAYA_MALE_8 level 2 at 54:11 busy
spy 3866646 LOC_CITIZEN_MAYA_MODERN_MALE_4 level 3 at 18:16 busy
spy 3342359 LOC_CITIZEN_MAYA_MODERN_FEMALE_9 level 3 at 73:12 busy
spy 2818072 LOC_CITIZEN_MAYA_MODERN_FEMALE_4 level 2 at 16:9 busy
spy 3014681 LOC_CITIZEN_MAYA_MODERN_FEMALE_6 level 2 at 54:21 busy
spy 3080218 LOC_CITIZEN_MAYA_FEMALE_2 level 2 at 69:21 busy
spy 3801115 LOC_CITIZEN_MAYA_FEMALE_1 level 2 at 23:19 busy
spy 3538973 LOC_CITIZEN_MAYA_MODERN_MALE_3 level 1 at 73:12 refused
turn 142 spies 12 started 0 travelled 0 promoted 0 bought 0 gold 50000
unblock: blocker ENDTURN_BLOCKING_PRODUCTION -> CHICHEN_ITZA builds BUILDING_WALLS | end turn requested
mission CityName=LOC_CITY_NAME_KAWHIA CompletionTurn=107 EscapeResult=-1 InitialResult=4 LevelAfter=3 LootInfo=-1 Name=LOC_CITIZEN_MAYA_MODERN_MALE_4 Operation=58 PlotIndex=1362
mission CityName=LOC_CITY_NAME_THEBES CompletionTurn=105 EscapeResult=-1 InitialResult=2 LevelAfter=2 LootInfo=-1 Name=LOC_CITIZEN_MAYA_FEMALE_1 Operation=58 PlotIndex=1619
mission CityName=LOC_CITY_NAME_KAWHIA CompletionTurn=101 EscapeResult=-1 InitialResult=5 LevelAfter=2 LootInfo=-1 Name=LOC_CITIZEN_MAYA_MODERN_MALE_4 Operation=58 PlotIndex=1362
mission CityName=LOC_CITY_NAME_LINKOPING CompletionTurn=100 EscapeResult=-1 InitialResult=1 LevelAfter=1 LootInfo=-1 Name=LOC_CITIZEN_MAYA_FEMALE_4 Operation=58 PlotIndex=993
mission CityName=LOC_CITY_NAME_GOTEBORG CompletionTurn=100 EscapeResult=-1 InitialResult=4 LevelAfter=3 LootInfo=-1 Name=LOC_CITIZEN_MAYA_MODERN_FEMALE_9 Operation=58 PlotIndex=1081
mission CityName=LOC_CITY_NAME_LUND CompletionTurn=99 EscapeResult=-1 InitialResult=1 LevelAfter=1 LootInfo=-1 Name=LOC_CITIZEN_MAYA_MODERN_MALE_2 Operation=58 PlotIndex=744
mission CityName=LOC_CITY_NAME_THEBES CompletionTurn=99 EscapeResult=-1 InitialResult=5 LevelAfter=2 LootInfo=-1 Name=LOC_CITIZEN_MAYA_FEMALE_1 Operation=58 PlotIndex=1619
mission CityName=LOC_CITY_NAME_NGARUAWAHIA CompletionTurn=98 EscapeResult=-1 InitialResult=2 LevelAfter=2 LootInfo=-1 Name=LOC_CITIZEN_MAYA_FEMALE_2 Operation=58 PlotIndex=1833
mission CityName=LOC_CITY_NAME_LINKOPING CompletionTurn=96 EscapeResult=-1 InitialResult=3 LevelAfter=1 LootInfo=-1 Name=LOC_CITIZEN_MAYA_FEMALE_4 Operation=58 PlotIndex=993
mission CityName=LOC_CITY_NAME_GOTEBORG CompletionTurn=94 EscapeResult=-1 InitialResult=5 LevelAfter=2 LootInfo=-1 Name=LOC_CITIZEN_MAYA_MODERN_FEMALE_9 Operation=58 PlotIndex=1081
mission CityName=LOC_CITY_NAME_STOCKHOLM CompletionTurn=93 EscapeResult=-1 InitialResult=0 LevelAfter=1 LootInfo=-1 Name=LOC_CITIZEN_MAYA_MALE_1 Operation=58 PlotIndex=1253
mission CityName=LOC_CITY_NAME_NGARUAWAHIA CompletionTurn=91 EscapeResult=-1 InitialResult=5 LevelAfter=2 LootInfo=-1 Name=LOC_CITIZEN_MAYA_FEMALE_2 Operation=58 PlotIndex=1833
mission CityName=LOC_CITY_NAME_TORONTO CompletionTurn=91 EscapeResult=-1 InitialResult=4 LevelAfter=2 LootInfo=-1 Name=LOC_CITIZEN_MAYA_MODERN_FEMALE_6 Operation=58 PlotIndex=1818
mission CityName=LOC_CITY_NAME_MONTREAL CompletionTurn=91 EscapeResult=-1 InitialResult=2 LevelAfter=1 LootInfo=-1 Name=LOC_CITIZEN_MAYA_MALE_7 Operation=58 PlotIndex=1314
mission CityName=LOC_CITY_NAME_TE_HOKIANGA_NU_A_KUPE CompletionTurn=89 EscapeResult=-1 InitialResult=4 LevelAfter=2 LootInfo=-1 Name=LOC_CITIZEN_MAYA_MODERN_FEMALE_4 Operation=58 PlotIndex=772
mission CityName=LOC_CITY_NAME_OTTAWA CompletionTurn=89 EscapeResult=-1 InitialResult=4 LevelAfter=2 LootInfo=-1 Name=LOC_CITIZEN_MAYA_MALE_8 Operation=58 PlotIndex=978
mission CityName=LOC_CITY_NAME_HALIFAX CompletionTurn=87 EscapeResult=-1 InitialResult=4 LevelAfter=2 LootInfo=-1 Name=LOC_CITIZEN_MAYA_FEMALE_7 Operation=58 PlotIndex=1409
mission CityName=LOC_CITY_NAME_MONTREAL CompletionTurn=87 EscapeResult=-1 InitialResult=3 LevelAfter=1 LootInfo=-1 Name=LOC_CITIZEN_MAYA_MALE_7 Operation=58 PlotIndex=1314
mission CityName=LOC_CITY_NAME_QUEBEC_CITY CompletionTurn=86 EscapeResult=-1 InitialResult=2 LevelAfter=1 LootInfo=-1 Name=LOC_CITIZEN_MAYA_MALE_5 Operation=58 PlotIndex=1404
mission CityName=LOC_CITY_NAME_TORONTO CompletionTurn=84 EscapeResult=-1 InitialResult=1 LevelAfter=1 LootInfo=-1 Name=LOC_CITIZEN_MAYA_MALE_2 Operation=58 PlotIndex=1818
mission CityName=LOC_CITY_NAME_MONTREAL CompletionTurn=83 EscapeResult=-1 InitialResult=3 LevelAfter=1 LootInfo=-1 Name=LOC_CITIZEN_MAYA_MALE_7 Operation=58 PlotIndex=1314
mission CityName=LOC_CITY_NAME_OTTAWA CompletionTurn=82 EscapeResult=-1 InitialResult=1 LevelAfter=1 LootInfo=-1 Name=LOC_CITIZEN_MAYA_MODERN_MALE_9 Operation=58 PlotIndex=978
tally 4  FOMENT_UNREST CAPTURED / NO_RESULT
tally 4  FOMENT_UNREST FAIL_MUST_ESCAPE / NO_RESULT
tally 3  FOMENT_UNREST FAIL_UNDETECTED / NO_RESULT
tally 1  FOMENT_UNREST KILLED / NO_RESULT
tally 6  FOMENT_UNREST SUCCESS_MUST_ESCAPE / NO_RESULT
tally 4  FOMENT_UNREST SUCCESS_UNDETECTED / NO_RESULT
turn 143 spies active 10 idle 2 missions 22 captured-enemy 0
spy 2359313 LOC_CITIZEN_MAYA_MALE_5 level 1 at 60:16 busy
spy 2031634 LOC_CITIZEN_MAYA_MALE_7 level 1 at 54:15 busy
spy 2555923 LOC_CITIZEN_MAYA_FEMALE_7 level 2 at 65:16 busy
spy 2293780 LOC_CITIZEN_MAYA_MODERN_FEMALE_3 level 1 at 54:15 refused
spy 2752533 LOC_CITIZEN_MAYA_MALE_8 level 2 at 54:11 busy
spy 3866646 LOC_CITIZEN_MAYA_MODERN_MALE_4 level 3 at 18:16 busy
spy 3342359 LOC_CITIZEN_MAYA_MODERN_FEMALE_9 level 3 at 73:12 busy
spy 2818072 LOC_CITIZEN_MAYA_MODERN_FEMALE_4 level 2 at 16:9 busy
spy 3014681 LOC_CITIZEN_MAYA_MODERN_FEMALE_6 level 2 at 54:21 busy
spy 3080218 LOC_CITIZEN_MAYA_FEMALE_2 level 2 at 69:21 busy
spy 3801115 LOC_CITIZEN_MAYA_FEMALE_1 level 2 at 23:19 busy
spy 3538973 LOC_CITIZEN_MAYA_MODERN_MALE_3 level 1 at 73:12 refused
turn 143 spies 12 started 0 travelled 0 promoted 0 bought 0 gold 50000
unblock: blocker ENDTURN_BLOCKING_PRODUCTION -> CHICHEN_ITZA builds BUILDING_WALLS | end turn requested
unblock: blocker ENDTURN_BLOCKING_PRODUCTION -> CHICHEN_ITZA builds BUILDING_WALLS | end turn requested
unstuck: closed sessions [4:4]
unstuck: DiplomacyActionView: Closing Diplomacy Action View. m_eventID: 2086809
mission CityName=LOC_CITY_NAME_KAWHIA CompletionTurn=107 EscapeResult=-1 InitialResult=4 LevelAfter=3 LootInfo=-1 Name=LOC_CITIZEN_MAYA_MODERN_MALE_4 Operation=58 PlotIndex=1362
mission CityName=LOC_CITY_NAME_THEBES CompletionTurn=105 EscapeResult=-1 InitialResult=2 LevelAfter=2 LootInfo=-1 Name=LOC_CITIZEN_MAYA_FEMALE_1 Operation=58 PlotIndex=1619
mission CityName=LOC_CITY_NAME_KAWHIA CompletionTurn=101 EscapeResult=-1 InitialResult=5 LevelAfter=2 LootInfo=-1 Name=LOC_CITIZEN_MAYA_MODERN_MALE_4 Operation=58 PlotIndex=1362
mission CityName=LOC_CITY_NAME_LINKOPING CompletionTurn=100 EscapeResult=-1 InitialResult=1 LevelAfter=1 LootInfo=-1 Name=LOC_CITIZEN_MAYA_FEMALE_4 Operation=58 PlotIndex=993
mission CityName=LOC_CITY_NAME_GOTEBORG CompletionTurn=100 EscapeResult=-1 InitialResult=4 LevelAfter=3 LootInfo=-1 Name=LOC_CITIZEN_MAYA_MODERN_FEMALE_9 Operation=58 PlotIndex=1081
mission CityName=LOC_CITY_NAME_LUND CompletionTurn=99 EscapeResult=-1 InitialResult=1 LevelAfter=1 LootInfo=-1 Name=LOC_CITIZEN_MAYA_MODERN_MALE_2 Operation=58 PlotIndex=744
mission CityName=LOC_CITY_NAME_THEBES CompletionTurn=99 EscapeResult=-1 InitialResult=5 LevelAfter=2 LootInfo=-1 Name=LOC_CITIZEN_MAYA_FEMALE_1 Operation=58 PlotIndex=1619
mission CityName=LOC_CITY_NAME_NGARUAWAHIA CompletionTurn=98 EscapeResult=-1 InitialResult=2 LevelAfter=2 LootInfo=-1 Name=LOC_CITIZEN_MAYA_FEMALE_2 Operation=58 PlotIndex=1833
mission CityName=LOC_CITY_NAME_LINKOPING CompletionTurn=96 EscapeResult=-1 InitialResult=3 LevelAfter=1 LootInfo=-1 Name=LOC_CITIZEN_MAYA_FEMALE_4 Operation=58 PlotIndex=993
mission CityName=LOC_CITY_NAME_GOTEBORG CompletionTurn=94 EscapeResult=-1 InitialResult=5 LevelAfter=2 LootInfo=-1 Name=LOC_CITIZEN_MAYA_MODERN_FEMALE_9 Operation=58 PlotIndex=1081
mission CityName=LOC_CITY_NAME_STOCKHOLM CompletionTurn=93 EscapeResult=-1 InitialResult=0 LevelAfter=1 LootInfo=-1 Name=LOC_CITIZEN_MAYA_MALE_1 Operation=58 PlotIndex=1253
mission CityName=LOC_CITY_NAME_NGARUAWAHIA CompletionTurn=91 EscapeResult=-1 InitialResult=5 LevelAfter=2 LootInfo=-1 Name=LOC_CITIZEN_MAYA_FEMALE_2 Operation=58 PlotIndex=1833
mission CityName=LOC_CITY_NAME_TORONTO CompletionTurn=91 EscapeResult=-1 InitialResult=4 LevelAfter=2 LootInfo=-1 Name=LOC_CITIZEN_MAYA_MODERN_FEMALE_6 Operation=58 PlotIndex=1818
mission CityName=LOC_CITY_NAME_MONTREAL CompletionTurn=91 EscapeResult=-1 InitialResult=2 LevelAfter=1 LootInfo=-1 Name=LOC_CITIZEN_MAYA_MALE_7 Operation=58 PlotIndex=1314
mission CityName=LOC_CITY_NAME_TE_HOKIANGA_NU_A_KUPE CompletionTurn=89 EscapeResult=-1 InitialResult=4 LevelAfter=2 LootInfo=-1 Name=LOC_CITIZEN_MAYA_MODERN_FEMALE_4 Operation=58 PlotIndex=772
mission CityName=LOC_CITY_NAME_OTTAWA CompletionTurn=89 EscapeResult=-1 InitialResult=4 LevelAfter=2 LootInfo=-1 Name=LOC_CITIZEN_MAYA_MALE_8 Operation=58 PlotIndex=978
mission CityName=LOC_CITY_NAME_HALIFAX CompletionTurn=87 EscapeResult=-1 InitialResult=4 LevelAfter=2 LootInfo=-1 Name=LOC_CITIZEN_MAYA_FEMALE_7 Operation=58 PlotIndex=1409
mission CityName=LOC_CITY_NAME_MONTREAL CompletionTurn=87 EscapeResult=-1 InitialResult=3 LevelAfter=1 LootInfo=-1 Name=LOC_CITIZEN_MAYA_MALE_7 Operation=58 PlotIndex=1314
mission CityName=LOC_CITY_NAME_QUEBEC_CITY CompletionTurn=86 EscapeResult=-1 InitialResult=2 LevelAfter=1 LootInfo=-1 Name=LOC_CITIZEN_MAYA_MALE_5 Operation=58 PlotIndex=1404
mission CityName=LOC_CITY_NAME_TORONTO CompletionTurn=84 EscapeResult=-1 InitialResult=1 LevelAfter=1 LootInfo=-1 Name=LOC_CITIZEN_MAYA_MALE_2 Operation=58 PlotIndex=1818
mission CityName=LOC_CITY_NAME_MONTREAL CompletionTurn=83 EscapeResult=-1 InitialResult=3 LevelAfter=1 LootInfo=-1 Name=LOC_CITIZEN_MAYA_MALE_7 Operation=58 PlotIndex=1314
mission CityName=LOC_CITY_NAME_OTTAWA CompletionTurn=82 EscapeResult=-1 InitialResult=1 LevelAfter=1 LootInfo=-1 Name=LOC_CITIZEN_MAYA_MODERN_MALE_9 Operation=58 PlotIndex=978
tally 4  FOMENT_UNREST CAPTURED / NO_RESULT
tally 4  FOMENT_UNREST FAIL_MUST_ESCAPE / NO_RESULT
tally 3  FOMENT_UNREST FAIL_UNDETECTED / NO_RESULT
tally 1  FOMENT_UNREST KILLED / NO_RESULT
tally 6  FOMENT_UNREST SUCCESS_MUST_ESCAPE / NO_RESULT
tally 4  FOMENT_UNREST SUCCESS_UNDETECTED / NO_RESULT
turn 144 spies active 10 idle 2 missions 22 captured-enemy 0
spy 2359313 LOC_CITIZEN_MAYA_MALE_5 level 1 at 60:16 busy
spy 2031634 LOC_CITIZEN_MAYA_MALE_7 level 1 at 54:15 busy
spy 2555923 LOC_CITIZEN_MAYA_FEMALE_7 level 2 at 65:16 busy
spy 2293780 LOC_CITIZEN_MAYA_MODERN_FEMALE_3 level 1 at 54:15 refused
spy 2752533 LOC_CITIZEN_MAYA_MALE_8 level 2 at 54:11 busy
spy 3866646 LOC_CITIZEN_MAYA_MODERN_MALE_4 level 3 at 18:16 busy
spy 3342359 LOC_CITIZEN_MAYA_MODERN_FEMALE_9 level 3 at 73:12 busy
spy 2818072 LOC_CITIZEN_MAYA_MODERN_FEMALE_4 level 2 at 16:9 busy
spy 3014681 LOC_CITIZEN_MAYA_MODERN_FEMALE_6 level 2 at 54:21 busy
spy 3080218 LOC_CITIZEN_MAYA_FEMALE_2 level 2 at 69:21 busy
spy 3801115 LOC_CITIZEN_MAYA_FEMALE_1 level 2 at 23:19 busy
spy 3538973 LOC_CITIZEN_MAYA_MODERN_MALE_3 level 1 at 73:12 refused
turn 144 spies 12 started 0 travelled 0 promoted 0 bought 0 gold 50000
unblock: blocker ENDTURN_BLOCKING_PRODUCTION -> CHICHEN_ITZA builds BUILDING_WALLS | end turn requested
unblock: blocker ENDTURN_BLOCKING_PRODUCTION -> CHICHEN_ITZA builds BUILDING_WALLS | end turn requested
unstuck: closed sessions [5:5]
unstuck: DiplomacyActionView: Closing Diplomacy Action View. m_eventID: 2097904
unblock: blocker ENDTURN_BLOCKING_PRODUCTION -> CHICHEN_ITZA builds BUILDING_WALLS | end turn requested
unstuck: closed sessions [7:7]
unstuck: DiplomacyActionView: Closing Diplomacy Action View. m_eventID: 2099659
mission CityName=LOC_CITY_NAME_KAWHIA CompletionTurn=107 EscapeResult=-1 InitialResult=4 LevelAfter=3 LootInfo=-1 Name=LOC_CITIZEN_MAYA_MODERN_MALE_4 Operation=58 PlotIndex=1362
mission CityName=LOC_CITY_NAME_THEBES CompletionTurn=105 EscapeResult=-1 InitialResult=2 LevelAfter=2 LootInfo=-1 Name=LOC_CITIZEN_MAYA_FEMALE_1 Operation=58 PlotIndex=1619
mission CityName=LOC_CITY_NAME_KAWHIA CompletionTurn=101 EscapeResult=-1 InitialResult=5 LevelAfter=2 LootInfo=-1 Name=LOC_CITIZEN_MAYA_MODERN_MALE_4 Operation=58 PlotIndex=1362
mission CityName=LOC_CITY_NAME_LINKOPING CompletionTurn=100 EscapeResult=-1 InitialResult=1 LevelAfter=1 LootInfo=-1 Name=LOC_CITIZEN_MAYA_FEMALE_4 Operation=58 PlotIndex=993
mission CityName=LOC_CITY_NAME_GOTEBORG CompletionTurn=100 EscapeResult=-1 InitialResult=4 LevelAfter=3 LootInfo=-1 Name=LOC_CITIZEN_MAYA_MODERN_FEMALE_9 Operation=58 PlotIndex=1081
mission CityName=LOC_CITY_NAME_LUND CompletionTurn=99 EscapeResult=-1 InitialResult=1 LevelAfter=1 LootInfo=-1 Name=LOC_CITIZEN_MAYA_MODERN_MALE_2 Operation=58 PlotIndex=744
mission CityName=LOC_CITY_NAME_THEBES CompletionTurn=99 EscapeResult=-1 InitialResult=5 LevelAfter=2 LootInfo=-1 Name=LOC_CITIZEN_MAYA_FEMALE_1 Operation=58 PlotIndex=1619
mission CityName=LOC_GOSSIP_LOST_CITY CompletionTurn=98 EscapeResult=-1 InitialResult=2 LevelAfter=2 LootInfo=-1 Name=LOC_CITIZEN_MAYA_FEMALE_2 Operation=58 PlotIndex=1833
mission CityName=LOC_CITY_NAME_LINKOPING CompletionTurn=96 EscapeResult=-1 InitialResult=3 LevelAfter=1 LootInfo=-1 Name=LOC_CITIZEN_MAYA_FEMALE_4 Operation=58 PlotIndex=993
mission CityName=LOC_CITY_NAME_GOTEBORG CompletionTurn=94 EscapeResult=-1 InitialResult=5 LevelAfter=2 LootInfo=-1 Name=LOC_CITIZEN_MAYA_MODERN_FEMALE_9 Operation=58 PlotIndex=1081
mission CityName=LOC_CITY_NAME_STOCKHOLM CompletionTurn=93 EscapeResult=-1 InitialResult=0 LevelAfter=1 LootInfo=-1 Name=LOC_CITIZEN_MAYA_MALE_1 Operation=58 PlotIndex=1253
mission CityName=LOC_GOSSIP_LOST_CITY CompletionTurn=91 EscapeResult=-1 InitialResult=5 LevelAfter=2 LootInfo=-1 Name=LOC_CITIZEN_MAYA_FEMALE_2 Operation=58 PlotIndex=1833
mission CityName=LOC_CITY_NAME_TORONTO CompletionTurn=91 EscapeResult=-1 InitialResult=4 LevelAfter=2 LootInfo=-1 Name=LOC_CITIZEN_MAYA_MODERN_FEMALE_6 Operation=58 PlotIndex=1818
mission CityName=LOC_CITY_NAME_MONTREAL CompletionTurn=91 EscapeResult=-1 InitialResult=2 LevelAfter=1 LootInfo=-1 Name=LOC_CITIZEN_MAYA_MALE_7 Operation=58 PlotIndex=1314
mission CityName=LOC_CITY_NAME_TE_HOKIANGA_NU_A_KUPE CompletionTurn=89 EscapeResult=-1 InitialResult=4 LevelAfter=2 LootInfo=-1 Name=LOC_CITIZEN_MAYA_MODERN_FEMALE_4 Operation=58 PlotIndex=772
mission CityName=LOC_CITY_NAME_OTTAWA CompletionTurn=89 EscapeResult=-1 InitialResult=4 LevelAfter=2 LootInfo=-1 Name=LOC_CITIZEN_MAYA_MALE_8 Operation=58 PlotIndex=978
mission CityName=LOC_CITY_NAME_HALIFAX CompletionTurn=87 EscapeResult=-1 InitialResult=4 LevelAfter=2 LootInfo=-1 Name=LOC_CITIZEN_MAYA_FEMALE_7 Operation=58 PlotIndex=1409
mission CityName=LOC_CITY_NAME_MONTREAL CompletionTurn=87 EscapeResult=-1 InitialResult=3 LevelAfter=1 LootInfo=-1 Name=LOC_CITIZEN_MAYA_MALE_7 Operation=58 PlotIndex=1314
mission CityName=LOC_CITY_NAME_QUEBEC_CITY CompletionTurn=86 EscapeResult=-1 InitialResult=2 LevelAfter=1 LootInfo=-1 Name=LOC_CITIZEN_MAYA_MALE_5 Operation=58 PlotIndex=1404
mission CityName=LOC_CITY_NAME_TORONTO CompletionTurn=84 EscapeResult=-1 InitialResult=1 LevelAfter=1 LootInfo=-1 Name=LOC_CITIZEN_MAYA_MALE_2 Operation=58 PlotIndex=1818
mission CityName=LOC_CITY_NAME_MONTREAL CompletionTurn=83 EscapeResult=-1 InitialResult=3 LevelAfter=1 LootInfo=-1 Name=LOC_CITIZEN_MAYA_MALE_7 Operation=58 PlotIndex=1314
mission CityName=LOC_CITY_NAME_OTTAWA CompletionTurn=82 EscapeResult=-1 InitialResult=1 LevelAfter=1 LootInfo=-1 Name=LOC_CITIZEN_MAYA_MODERN_MALE_9 Operation=58 PlotIndex=978
tally 4  FOMENT_UNREST CAPTURED / NO_RESULT
tally 4  FOMENT_UNREST FAIL_MUST_ESCAPE / NO_RESULT
tally 3  FOMENT_UNREST FAIL_UNDETECTED / NO_RESULT
tally 1  FOMENT_UNREST KILLED / NO_RESULT
tally 6  FOMENT_UNREST SUCCESS_MUST_ESCAPE / NO_RESULT
tally 4  FOMENT_UNREST SUCCESS_UNDETECTED / NO_RESULT
turn 145 spies active 9 idle 3 missions 22 captured-enemy 0
spy 2359313 LOC_CITIZEN_MAYA_MALE_5 level 1 at 60:16 busy
spy 2031634 LOC_CITIZEN_MAYA_MALE_7 level 1 at 54:15 busy
spy 2555923 LOC_CITIZEN_MAYA_FEMALE_7 level 2 at 65:16 busy
spy 2293780 LOC_CITIZEN_MAYA_MODERN_FEMALE_3 level 1 at 54:15 refused
spy 2752533 LOC_CITIZEN_MAYA_MALE_8 level 2 at 54:11 busy
spy 3866646 LOC_CITIZEN_MAYA_MODERN_MALE_4 level 3 at 18:16 busy
spy 3342359 LOC_CITIZEN_MAYA_MODERN_FEMALE_9 level 3 at 73:12 busy
spy 2818072 LOC_CITIZEN_MAYA_MODERN_FEMALE_4 level 2 at 16:9 busy
spy 3014681 LOC_CITIZEN_MAYA_MODERN_FEMALE_6 level 2 at 54:21 busy
spy 3080218 LOC_CITIZEN_MAYA_FEMALE_2 level 2 at 36:42 travel
spy 3801115 LOC_CITIZEN_MAYA_FEMALE_1 level 2 at 23:19 busy
spy 3538973 LOC_CITIZEN_MAYA_MODERN_MALE_3 level 1 at 73:12 refused
turn 145 spies 12 started 0 travelled 1 promoted 0 bought 0 gold 50000
unblock: blocker ENDTURN_BLOCKING_PRODUCTION -> CHICHEN_ITZA builds BUILDING_WALLS | end turn requested
unblock: blocker ENDTURN_BLOCKING_PRODUCTION -> CHICHEN_ITZA builds BUILDING_WALLS | end turn requested
unstuck: closed sessions [2:2]
unstuck: DiplomacyActionView: Closing Diplomacy Action View. m_eventID: 2104454
unblock: blocker ENDTURN_BLOCKING_PRODUCTION -> CHICHEN_ITZA builds BUILDING_WALLS | end turn requested
unstuck: closed sessions [6:6]
unstuck: DiplomacyActionView: Closing Diplomacy Action View. m_eventID: 2108132
mission CityName=LOC_CITY_NAME_KAWHIA CompletionTurn=107 EscapeResult=-1 InitialResult=4 LevelAfter=3 LootInfo=-1 Name=LOC_CITIZEN_MAYA_MODERN_MALE_4 Operation=58 PlotIndex=1362
mission CityName=LOC_CITY_NAME_THEBES CompletionTurn=105 EscapeResult=-1 InitialResult=2 LevelAfter=2 LootInfo=-1 Name=LOC_CITIZEN_MAYA_FEMALE_1 Operation=58 PlotIndex=1619
mission CityName=LOC_CITY_NAME_KAWHIA CompletionTurn=101 EscapeResult=-1 InitialResult=5 LevelAfter=2 LootInfo=-1 Name=LOC_CITIZEN_MAYA_MODERN_MALE_4 Operation=58 PlotIndex=1362
mission CityName=LOC_CITY_NAME_LINKOPING CompletionTurn=100 EscapeResult=-1 InitialResult=1 LevelAfter=1 LootInfo=-1 Name=LOC_CITIZEN_MAYA_FEMALE_4 Operation=58 PlotIndex=993
mission CityName=LOC_CITY_NAME_GOTEBORG CompletionTurn=100 EscapeResult=-1 InitialResult=4 LevelAfter=3 LootInfo=-1 Name=LOC_CITIZEN_MAYA_MODERN_FEMALE_9 Operation=58 PlotIndex=1081
mission CityName=LOC_CITY_NAME_LUND CompletionTurn=99 EscapeResult=-1 InitialResult=1 LevelAfter=1 LootInfo=-1 Name=LOC_CITIZEN_MAYA_MODERN_MALE_2 Operation=58 PlotIndex=744
mission CityName=LOC_CITY_NAME_THEBES CompletionTurn=99 EscapeResult=-1 InitialResult=5 LevelAfter=2 LootInfo=-1 Name=LOC_CITIZEN_MAYA_FEMALE_1 Operation=58 PlotIndex=1619
mission CityName=LOC_GOSSIP_LOST_CITY CompletionTurn=98 EscapeResult=-1 InitialResult=2 LevelAfter=2 LootInfo=-1 Name=LOC_CITIZEN_MAYA_FEMALE_2 Operation=58 PlotIndex=1833
mission CityName=LOC_CITY_NAME_LINKOPING CompletionTurn=96 EscapeResult=-1 InitialResult=3 LevelAfter=1 LootInfo=-1 Name=LOC_CITIZEN_MAYA_FEMALE_4 Operation=58 PlotIndex=993
mission CityName=LOC_CITY_NAME_GOTEBORG CompletionTurn=94 EscapeResult=-1 InitialResult=5 LevelAfter=2 LootInfo=-1 Name=LOC_CITIZEN_MAYA_MODERN_FEMALE_9 Operation=58 PlotIndex=1081
mission CityName=LOC_CITY_NAME_STOCKHOLM CompletionTurn=93 EscapeResult=-1 InitialResult=0 LevelAfter=1 LootInfo=-1 Name=LOC_CITIZEN_MAYA_MALE_1 Operation=58 PlotIndex=1253
mission CityName=LOC_GOSSIP_LOST_CITY CompletionTurn=91 EscapeResult=-1 InitialResult=5 LevelAfter=2 LootInfo=-1 Name=LOC_CITIZEN_MAYA_FEMALE_2 Operation=58 PlotIndex=1833
mission CityName=LOC_CITY_NAME_TORONTO CompletionTurn=91 EscapeResult=-1 InitialResult=4 LevelAfter=2 LootInfo=-1 Name=LOC_CITIZEN_MAYA_MODERN_FEMALE_6 Operation=58 PlotIndex=1818
mission CityName=LOC_CITY_NAME_MONTREAL CompletionTurn=91 EscapeResult=-1 InitialResult=2 LevelAfter=1 LootInfo=-1 Name=LOC_CITIZEN_MAYA_MALE_7 Operation=58 PlotIndex=1314
mission CityName=LOC_CITY_NAME_TE_HOKIANGA_NU_A_KUPE CompletionTurn=89 EscapeResult=-1 InitialResult=4 LevelAfter=2 LootInfo=-1 Name=LOC_CITIZEN_MAYA_MODERN_FEMALE_4 Operation=58 PlotIndex=772
mission CityName=LOC_CITY_NAME_OTTAWA CompletionTurn=89 EscapeResult=-1 InitialResult=4 LevelAfter=2 LootInfo=-1 Name=LOC_CITIZEN_MAYA_MALE_8 Operation=58 PlotIndex=978
mission CityName=LOC_CITY_NAME_HALIFAX CompletionTurn=87 EscapeResult=-1 InitialResult=4 LevelAfter=2 LootInfo=-1 Name=LOC_CITIZEN_MAYA_FEMALE_7 Operation=58 PlotIndex=1409
mission CityName=LOC_CITY_NAME_MONTREAL CompletionTurn=87 EscapeResult=-1 InitialResult=3 LevelAfter=1 LootInfo=-1 Name=LOC_CITIZEN_MAYA_MALE_7 Operation=58 PlotIndex=1314
mission CityName=LOC_CITY_NAME_QUEBEC_CITY CompletionTurn=86 EscapeResult=-1 InitialResult=2 LevelAfter=1 LootInfo=-1 Name=LOC_CITIZEN_MAYA_MALE_5 Operation=58 PlotIndex=1404
mission CityName=LOC_CITY_NAME_TORONTO CompletionTurn=84 EscapeResult=-1 InitialResult=1 LevelAfter=1 LootInfo=-1 Name=LOC_CITIZEN_MAYA_MALE_2 Operation=58 PlotIndex=1818
mission CityName=LOC_CITY_NAME_MONTREAL CompletionTurn=83 EscapeResult=-1 InitialResult=3 LevelAfter=1 LootInfo=-1 Name=LOC_CITIZEN_MAYA_MALE_7 Operation=58 PlotIndex=1314
mission CityName=LOC_CITY_NAME_OTTAWA CompletionTurn=82 EscapeResult=-1 InitialResult=1 LevelAfter=1 LootInfo=-1 Name=LOC_CITIZEN_MAYA_MODERN_MALE_9 Operation=58 PlotIndex=978
tally 4  FOMENT_UNREST CAPTURED / NO_RESULT
tally 4  FOMENT_UNREST FAIL_MUST_ESCAPE / NO_RESULT
tally 3  FOMENT_UNREST FAIL_UNDETECTED / NO_RESULT
tally 1  FOMENT_UNREST KILLED / NO_RESULT
tally 6  FOMENT_UNREST SUCCESS_MUST_ESCAPE / NO_RESULT
tally 4  FOMENT_UNREST SUCCESS_UNDETECTED / NO_RESULT
turn 146 spies active 9 idle 2 missions 22 captured-enemy 0
spy 2359313 LOC_CITIZEN_MAYA_MALE_5 level 1 at 60:16 busy
spy 2031634 LOC_CITIZEN_MAYA_MALE_7 level 1 at 54:15 busy
spy 2555923 LOC_CITIZEN_MAYA_FEMALE_7 level 2 at 65:16 busy
spy 2293780 LOC_CITIZEN_MAYA_MODERN_FEMALE_3 level 1 at 54:15 refused
spy 2752533 LOC_CITIZEN_MAYA_MALE_8 level 2 at 54:11 busy
spy 3866646 LOC_CITIZEN_MAYA_MODERN_MALE_4 level 3 at 18:16 busy
spy 3342359 LOC_CITIZEN_MAYA_MODERN_FEMALE_9 level 3 at 73:12 busy
spy 2818072 LOC_CITIZEN_MAYA_MODERN_FEMALE_4 level 2 at 16:9 busy
spy 3014681 LOC_CITIZEN_MAYA_MODERN_FEMALE_6 level 2 at 54:21 busy
spy 3801115 LOC_CITIZEN_MAYA_FEMALE_1 level 2 at 23:19 busy
spy 3538973 LOC_CITIZEN_MAYA_MODERN_MALE_3 level 1 at 73:12 refused
turn 146 spies 11 started 0 travelled 0 promoted 0 bought 0 gold 50000
unblock: blocker ENDTURN_BLOCKING_PRODUCTION -> CHICHEN_ITZA builds BUILDING_WALLS | end turn requested
unblock: blocker ENDTURN_BLOCKING_WORLD_CONGRESS_SESSION -> nothing | end turn requested
unstuck: WorldCongressIntro: closed
unstuck: WorldCongressPopup: closed
mission CityName=LOC_CITY_NAME_KAWHIA CompletionTurn=107 EscapeResult=-1 InitialResult=4 LevelAfter=3 LootInfo=-1 Name=LOC_CITIZEN_MAYA_MODERN_MALE_4 Operation=58 PlotIndex=1362
mission CityName=LOC_CITY_NAME_THEBES CompletionTurn=105 EscapeResult=-1 InitialResult=2 LevelAfter=2 LootInfo=-1 Name=LOC_CITIZEN_MAYA_FEMALE_1 Operation=58 PlotIndex=1619
mission CityName=LOC_CITY_NAME_KAWHIA CompletionTurn=101 EscapeResult=-1 InitialResult=5 LevelAfter=2 LootInfo=-1 Name=LOC_CITIZEN_MAYA_MODERN_MALE_4 Operation=58 PlotIndex=1362
mission CityName=LOC_CITY_NAME_LINKOPING CompletionTurn=100 EscapeResult=-1 InitialResult=1 LevelAfter=1 LootInfo=-1 Name=LOC_CITIZEN_MAYA_FEMALE_4 Operation=58 PlotIndex=993
mission CityName=LOC_CITY_NAME_GOTEBORG CompletionTurn=100 EscapeResult=-1 InitialResult=4 LevelAfter=3 LootInfo=-1 Name=LOC_CITIZEN_MAYA_MODERN_FEMALE_9 Operation=58 PlotIndex=1081
mission CityName=LOC_CITY_NAME_LUND CompletionTurn=99 EscapeResult=-1 InitialResult=1 LevelAfter=1 LootInfo=-1 Name=LOC_CITIZEN_MAYA_MODERN_MALE_2 Operation=58 PlotIndex=744
mission CityName=LOC_CITY_NAME_THEBES CompletionTurn=99 EscapeResult=-1 InitialResult=5 LevelAfter=2 LootInfo=-1 Name=LOC_CITIZEN_MAYA_FEMALE_1 Operation=58 PlotIndex=1619
mission CityName=LOC_GOSSIP_LOST_CITY CompletionTurn=98 EscapeResult=-1 InitialResult=2 LevelAfter=2 LootInfo=-1 Name=LOC_CITIZEN_MAYA_FEMALE_2 Operation=58 PlotIndex=1833
mission CityName=LOC_CITY_NAME_LINKOPING CompletionTurn=96 EscapeResult=-1 InitialResult=3 LevelAfter=1 LootInfo=-1 Name=LOC_CITIZEN_MAYA_FEMALE_4 Operation=58 PlotIndex=993
mission CityName=LOC_CITY_NAME_GOTEBORG CompletionTurn=94 EscapeResult=-1 InitialResult=5 LevelAfter=2 LootInfo=-1 Name=LOC_CITIZEN_MAYA_MODERN_FEMALE_9 Operation=58 PlotIndex=1081
mission CityName=LOC_CITY_NAME_STOCKHOLM CompletionTurn=93 EscapeResult=-1 InitialResult=0 LevelAfter=1 LootInfo=-1 Name=LOC_CITIZEN_MAYA_MALE_1 Operation=58 PlotIndex=1253
mission CityName=LOC_GOSSIP_LOST_CITY CompletionTurn=91 EscapeResult=-1 InitialResult=5 LevelAfter=2 LootInfo=-1 Name=LOC_CITIZEN_MAYA_FEMALE_2 Operation=58 PlotIndex=1833
mission CityName=LOC_CITY_NAME_TORONTO CompletionTurn=91 EscapeResult=-1 InitialResult=4 LevelAfter=2 LootInfo=-1 Name=LOC_CITIZEN_MAYA_MODERN_FEMALE_6 Operation=58 PlotIndex=1818
mission CityName=LOC_CITY_NAME_MONTREAL CompletionTurn=91 EscapeResult=-1 InitialResult=2 LevelAfter=1 LootInfo=-1 Name=LOC_CITIZEN_MAYA_MALE_7 Operation=58 PlotIndex=1314
mission CityName=LOC_CITY_NAME_TE_HOKIANGA_NU_A_KUPE CompletionTurn=89 EscapeResult=-1 InitialResult=4 LevelAfter=2 LootInfo=-1 Name=LOC_CITIZEN_MAYA_MODERN_FEMALE_4 Operation=58 PlotIndex=772
mission CityName=LOC_CITY_NAME_OTTAWA CompletionTurn=89 EscapeResult=-1 InitialResult=4 LevelAfter=2 LootInfo=-1 Name=LOC_CITIZEN_MAYA_MALE_8 Operation=58 PlotIndex=978
mission CityName=LOC_CITY_NAME_HALIFAX CompletionTurn=87 EscapeResult=-1 InitialResult=4 LevelAfter=2 LootInfo=-1 Name=LOC_CITIZEN_MAYA_FEMALE_7 Operation=58 PlotIndex=1409
mission CityName=LOC_CITY_NAME_MONTREAL CompletionTurn=87 EscapeResult=-1 InitialResult=3 LevelAfter=1 LootInfo=-1 Name=LOC_CITIZEN_MAYA_MALE_7 Operation=58 PlotIndex=1314
mission CityName=LOC_CITY_NAME_QUEBEC_CITY CompletionTurn=86 EscapeResult=-1 InitialResult=2 LevelAfter=1 LootInfo=-1 Name=LOC_CITIZEN_MAYA_MALE_5 Operation=58 PlotIndex=1404
mission CityName=LOC_CITY_NAME_TORONTO CompletionTurn=84 EscapeResult=-1 InitialResult=1 LevelAfter=1 LootInfo=-1 Name=LOC_CITIZEN_MAYA_MALE_2 Operation=58 PlotIndex=1818
mission CityName=LOC_CITY_NAME_MONTREAL CompletionTurn=83 EscapeResult=-1 InitialResult=3 LevelAfter=1 LootInfo=-1 Name=LOC_CITIZEN_MAYA_MALE_7 Operation=58 PlotIndex=1314
mission CityName=LOC_CITY_NAME_OTTAWA CompletionTurn=82 EscapeResult=-1 InitialResult=1 LevelAfter=1 LootInfo=-1 Name=LOC_CITIZEN_MAYA_MODERN_MALE_9 Operation=58 PlotIndex=978
tally 4  FOMENT_UNREST CAPTURED / NO_RESULT
tally 4  FOMENT_UNREST FAIL_MUST_ESCAPE / NO_RESULT
tally 3  FOMENT_UNREST FAIL_UNDETECTED / NO_RESULT
tally 1  FOMENT_UNREST KILLED / NO_RESULT
tally 6  FOMENT_UNREST SUCCESS_MUST_ESCAPE / NO_RESULT
tally 4  FOMENT_UNREST SUCCESS_UNDETECTED / NO_RESULT
turn 146 spies active 9 idle 2 missions 22 captured-enemy 0
spy 2359313 LOC_CITIZEN_MAYA_MALE_5 level 1 at 60:16 busy
spy 2031634 LOC_CITIZEN_MAYA_MALE_7 level 1 at 54:15 busy
spy 2555923 LOC_CITIZEN_MAYA_FEMALE_7 level 2 at 65:16 busy
spy 2293780 LOC_CITIZEN_MAYA_MODERN_FEMALE_3 level 1 at 54:15 refused
spy 2752533 LOC_CITIZEN_MAYA_MALE_8 level 2 at 54:11 busy
spy 3866646 LOC_CITIZEN_MAYA_MODERN_MALE_4 level 3 at 18:16 busy
spy 3342359 LOC_CITIZEN_MAYA_MODERN_FEMALE_9 level 3 at 73:12 busy
spy 2818072 LOC_CITIZEN_MAYA_MODERN_FEMALE_4 level 2 at 16:9 busy
spy 3014681 LOC_CITIZEN_MAYA_MODERN_FEMALE_6 level 2 at 54:21 busy
spy 3801115 LOC_CITIZEN_MAYA_FEMALE_1 level 2 at 23:19 busy
spy 3538973 LOC_CITIZEN_MAYA_MODERN_MALE_3 level 1 at 73:12 refused
turn 146 spies 11 started 0 travelled 0 promoted 0 bought 0 gold 50000
unblock: blocker -138271579 -> nothing | end turn requested
unstuck: NaturalDisasterPopup: closed
unblock: blocker -138271579 -> nothing | end turn requested
unstuck: closed sessions [4:4]
unstuck: DiplomacyActionView: Closing Diplomacy Action View. m_eventID: 2125225
mission CityName=LOC_CITY_NAME_KAWHIA CompletionTurn=107 EscapeResult=-1 InitialResult=4 LevelAfter=3 LootInfo=-1 Name=LOC_CITIZEN_MAYA_MODERN_MALE_4 Operation=58 PlotIndex=1362
mission CityName=LOC_CITY_NAME_THEBES CompletionTurn=105 EscapeResult=-1 InitialResult=2 LevelAfter=2 LootInfo=-1 Name=LOC_CITIZEN_MAYA_FEMALE_1 Operation=58 PlotIndex=1619
mission CityName=LOC_CITY_NAME_KAWHIA CompletionTurn=101 EscapeResult=-1 InitialResult=5 LevelAfter=2 LootInfo=-1 Name=LOC_CITIZEN_MAYA_MODERN_MALE_4 Operation=58 PlotIndex=1362
mission CityName=LOC_CITY_NAME_LINKOPING CompletionTurn=100 EscapeResult=-1 InitialResult=1 LevelAfter=1 LootInfo=-1 Name=LOC_CITIZEN_MAYA_FEMALE_4 Operation=58 PlotIndex=993
mission CityName=LOC_CITY_NAME_GOTEBORG CompletionTurn=100 EscapeResult=-1 InitialResult=4 LevelAfter=3 LootInfo=-1 Name=LOC_CITIZEN_MAYA_MODERN_FEMALE_9 Operation=58 PlotIndex=1081
mission CityName=LOC_CITY_NAME_LUND CompletionTurn=99 EscapeResult=-1 InitialResult=1 LevelAfter=1 LootInfo=-1 Name=LOC_CITIZEN_MAYA_MODERN_MALE_2 Operation=58 PlotIndex=744
mission CityName=LOC_CITY_NAME_THEBES CompletionTurn=99 EscapeResult=-1 InitialResult=5 LevelAfter=2 LootInfo=-1 Name=LOC_CITIZEN_MAYA_FEMALE_1 Operation=58 PlotIndex=1619
mission CityName=LOC_GOSSIP_LOST_CITY CompletionTurn=98 EscapeResult=-1 InitialResult=2 LevelAfter=2 LootInfo=-1 Name=LOC_CITIZEN_MAYA_FEMALE_2 Operation=58 PlotIndex=1833
mission CityName=LOC_CITY_NAME_LINKOPING CompletionTurn=96 EscapeResult=-1 InitialResult=3 LevelAfter=1 LootInfo=-1 Name=LOC_CITIZEN_MAYA_FEMALE_4 Operation=58 PlotIndex=993
mission CityName=LOC_CITY_NAME_GOTEBORG CompletionTurn=94 EscapeResult=-1 InitialResult=5 LevelAfter=2 LootInfo=-1 Name=LOC_CITIZEN_MAYA_MODERN_FEMALE_9 Operation=58 PlotIndex=1081
mission CityName=LOC_CITY_NAME_STOCKHOLM CompletionTurn=93 EscapeResult=-1 InitialResult=0 LevelAfter=1 LootInfo=-1 Name=LOC_CITIZEN_MAYA_MALE_1 Operation=58 PlotIndex=1253
mission CityName=LOC_GOSSIP_LOST_CITY CompletionTurn=91 EscapeResult=-1 InitialResult=5 LevelAfter=2 LootInfo=-1 Name=LOC_CITIZEN_MAYA_FEMALE_2 Operation=58 PlotIndex=1833
mission CityName=LOC_CITY_NAME_TORONTO CompletionTurn=91 EscapeResult=-1 InitialResult=4 LevelAfter=2 LootInfo=-1 Name=LOC_CITIZEN_MAYA_MODERN_FEMALE_6 Operation=58 PlotIndex=1818
mission CityName=LOC_CITY_NAME_MONTREAL CompletionTurn=91 EscapeResult=-1 InitialResult=2 LevelAfter=1 LootInfo=-1 Name=LOC_CITIZEN_MAYA_MALE_7 Operation=58 PlotIndex=1314
mission CityName=LOC_CITY_NAME_TE_HOKIANGA_NU_A_KUPE CompletionTurn=89 EscapeResult=-1 InitialResult=4 LevelAfter=2 LootInfo=-1 Name=LOC_CITIZEN_MAYA_MODERN_FEMALE_4 Operation=58 PlotIndex=772
mission CityName=LOC_CITY_NAME_OTTAWA CompletionTurn=89 EscapeResult=-1 InitialResult=4 LevelAfter=2 LootInfo=-1 Name=LOC_CITIZEN_MAYA_MALE_8 Operation=58 PlotIndex=978
mission CityName=LOC_CITY_NAME_HALIFAX CompletionTurn=87 EscapeResult=-1 InitialResult=4 LevelAfter=2 LootInfo=-1 Name=LOC_CITIZEN_MAYA_FEMALE_7 Operation=58 PlotIndex=1409
mission CityName=LOC_CITY_NAME_MONTREAL CompletionTurn=87 EscapeResult=-1 InitialResult=3 LevelAfter=1 LootInfo=-1 Name=LOC_CITIZEN_MAYA_MALE_7 Operation=58 PlotIndex=1314
mission CityName=LOC_CITY_NAME_QUEBEC_CITY CompletionTurn=86 EscapeResult=-1 InitialResult=2 LevelAfter=1 LootInfo=-1 Name=LOC_CITIZEN_MAYA_MALE_5 Operation=58 PlotIndex=1404
mission CityName=LOC_CITY_NAME_TORONTO CompletionTurn=84 EscapeResult=-1 InitialResult=1 LevelAfter=1 LootInfo=-1 Name=LOC_CITIZEN_MAYA_MALE_2 Operation=58 PlotIndex=1818
mission CityName=LOC_CITY_NAME_MONTREAL CompletionTurn=83 EscapeResult=-1 InitialResult=3 LevelAfter=1 LootInfo=-1 Name=LOC_CITIZEN_MAYA_MALE_7 Operation=58 PlotIndex=1314
mission CityName=LOC_CITY_NAME_OTTAWA CompletionTurn=82 EscapeResult=-1 InitialResult=1 LevelAfter=1 LootInfo=-1 Name=LOC_CITIZEN_MAYA_MODERN_MALE_9 Operation=58 PlotIndex=978
tally 4  FOMENT_UNREST CAPTURED / NO_RESULT
tally 4  FOMENT_UNREST FAIL_MUST_ESCAPE / NO_RESULT
tally 3  FOMENT_UNREST FAIL_UNDETECTED / NO_RESULT
tally 1  FOMENT_UNREST KILLED / NO_RESULT
tally 6  FOMENT_UNREST SUCCESS_MUST_ESCAPE / NO_RESULT
tally 4  FOMENT_UNREST SUCCESS_UNDETECTED / NO_RESULT
turn 148 spies active 9 idle 3 missions 22 captured-enemy 0
spy 2359313 LOC_CITIZEN_MAYA_MALE_5 level 1 at 60:16 busy
spy 2031634 LOC_CITIZEN_MAYA_MALE_7 level 1 at 54:15 busy
spy 2555923 LOC_CITIZEN_MAYA_FEMALE_7 level 2 at 65:16 busy
spy 2293780 LOC_CITIZEN_MAYA_MODERN_FEMALE_3 level 1 at 54:15 refused
spy 2752533 LOC_CITIZEN_MAYA_MALE_8 level 2 at 54:11 busy
spy 3866646 LOC_CITIZEN_MAYA_MODERN_MALE_4 level 3 at 18:16 busy
spy 3342359 LOC_CITIZEN_MAYA_MODERN_FEMALE_9 level 3 at 73:12 busy
spy 2818072 LOC_CITIZEN_MAYA_MODERN_FEMALE_4 level 2 at 16:9 busy
spy 3014681 LOC_CITIZEN_MAYA_MODERN_FEMALE_6 level 2 at 54:21 busy
spy 3932186 LOC_CITIZEN_MAYA_FEMALE_2 level 2 at 49:10 start
spy 3801115 LOC_CITIZEN_MAYA_FEMALE_1 level 2 at 23:19 busy
spy 3538973 LOC_CITIZEN_MAYA_MODERN_MALE_3 level 1 at 73:12 refused
turn 148 spies 12 started 1 travelled 0 promoted 0 bought 0 gold 50000
unblock: blocker ENDTURN_BLOCKING_PRODUCTION -> CHICHEN_ITZA builds BUILDING_WALLS | end turn requested
unblock: blocker ENDTURN_BLOCKING_PRODUCTION -> CHICHEN_ITZA builds BUILDING_WALLS | end turn requested
unstuck: closed sessions [7:7]
unstuck: DiplomacyActionView: Closing Diplomacy Action View. m_eventID: 2137824
mission CityName=LOC_CITY_NAME_KAWHIA CompletionTurn=107 EscapeResult=-1 InitialResult=4 LevelAfter=3 LootInfo=-1 Name=LOC_CITIZEN_MAYA_MODERN_MALE_4 Operation=58 PlotIndex=1362
mission CityName=LOC_CITY_NAME_THEBES CompletionTurn=105 EscapeResult=-1 InitialResult=2 LevelAfter=2 LootInfo=-1 Name=LOC_CITIZEN_MAYA_FEMALE_1 Operation=58 PlotIndex=1619
mission CityName=LOC_CITY_NAME_KAWHIA CompletionTurn=101 EscapeResult=-1 InitialResult=5 LevelAfter=2 LootInfo=-1 Name=LOC_CITIZEN_MAYA_MODERN_MALE_4 Operation=58 PlotIndex=1362
mission CityName=LOC_CITY_NAME_LINKOPING CompletionTurn=100 EscapeResult=-1 InitialResult=1 LevelAfter=1 LootInfo=-1 Name=LOC_CITIZEN_MAYA_FEMALE_4 Operation=58 PlotIndex=993
mission CityName=LOC_CITY_NAME_GOTEBORG CompletionTurn=100 EscapeResult=-1 InitialResult=4 LevelAfter=3 LootInfo=-1 Name=LOC_CITIZEN_MAYA_MODERN_FEMALE_9 Operation=58 PlotIndex=1081
mission CityName=LOC_CITY_NAME_LUND CompletionTurn=99 EscapeResult=-1 InitialResult=1 LevelAfter=1 LootInfo=-1 Name=LOC_CITIZEN_MAYA_MODERN_MALE_2 Operation=58 PlotIndex=744
mission CityName=LOC_CITY_NAME_THEBES CompletionTurn=99 EscapeResult=-1 InitialResult=5 LevelAfter=2 LootInfo=-1 Name=LOC_CITIZEN_MAYA_FEMALE_1 Operation=58 PlotIndex=1619
mission CityName=LOC_GOSSIP_LOST_CITY CompletionTurn=98 EscapeResult=-1 InitialResult=2 LevelAfter=2 LootInfo=-1 Name=LOC_CITIZEN_MAYA_FEMALE_2 Operation=58 PlotIndex=1833
mission CityName=LOC_CITY_NAME_LINKOPING CompletionTurn=96 EscapeResult=-1 InitialResult=3 LevelAfter=1 LootInfo=-1 Name=LOC_CITIZEN_MAYA_FEMALE_4 Operation=58 PlotIndex=993
mission CityName=LOC_CITY_NAME_GOTEBORG CompletionTurn=94 EscapeResult=-1 InitialResult=5 LevelAfter=2 LootInfo=-1 Name=LOC_CITIZEN_MAYA_MODERN_FEMALE_9 Operation=58 PlotIndex=1081
mission CityName=LOC_CITY_NAME_STOCKHOLM CompletionTurn=93 EscapeResult=-1 InitialResult=0 LevelAfter=1 LootInfo=-1 Name=LOC_CITIZEN_MAYA_MALE_1 Operation=58 PlotIndex=1253
mission CityName=LOC_GOSSIP_LOST_CITY CompletionTurn=91 EscapeResult=-1 InitialResult=5 LevelAfter=2 LootInfo=-1 Name=LOC_CITIZEN_MAYA_FEMALE_2 Operation=58 PlotIndex=1833
mission CityName=LOC_CITY_NAME_TORONTO CompletionTurn=91 EscapeResult=-1 InitialResult=4 LevelAfter=2 LootInfo=-1 Name=LOC_CITIZEN_MAYA_MODERN_FEMALE_6 Operation=58 PlotIndex=1818
mission CityName=LOC_CITY_NAME_MONTREAL CompletionTurn=91 EscapeResult=-1 InitialResult=2 LevelAfter=1 LootInfo=-1 Name=LOC_CITIZEN_MAYA_MALE_7 Operation=58 PlotIndex=1314
mission CityName=LOC_CITY_NAME_TE_HOKIANGA_NU_A_KUPE CompletionTurn=89 EscapeResult=-1 InitialResult=4 LevelAfter=2 LootInfo=-1 Name=LOC_CITIZEN_MAYA_MODERN_FEMALE_4 Operation=58 PlotIndex=772
mission CityName=LOC_CITY_NAME_OTTAWA CompletionTurn=89 EscapeResult=-1 InitialResult=4 LevelAfter=2 LootInfo=-1 Name=LOC_CITIZEN_MAYA_MALE_8 Operation=58 PlotIndex=978
mission CityName=LOC_CITY_NAME_HALIFAX CompletionTurn=87 EscapeResult=-1 InitialResult=4 LevelAfter=2 LootInfo=-1 Name=LOC_CITIZEN_MAYA_FEMALE_7 Operation=58 PlotIndex=1409
mission CityName=LOC_CITY_NAME_MONTREAL CompletionTurn=87 EscapeResult=-1 InitialResult=3 LevelAfter=1 LootInfo=-1 Name=LOC_CITIZEN_MAYA_MALE_7 Operation=58 PlotIndex=1314
mission CityName=LOC_CITY_NAME_QUEBEC_CITY CompletionTurn=86 EscapeResult=-1 InitialResult=2 LevelAfter=1 LootInfo=-1 Name=LOC_CITIZEN_MAYA_MALE_5 Operation=58 PlotIndex=1404
mission CityName=LOC_CITY_NAME_TORONTO CompletionTurn=84 EscapeResult=-1 InitialResult=1 LevelAfter=1 LootInfo=-1 Name=LOC_CITIZEN_MAYA_MALE_2 Operation=58 PlotIndex=1818
mission CityName=LOC_CITY_NAME_MONTREAL CompletionTurn=83 EscapeResult=-1 InitialResult=3 LevelAfter=1 LootInfo=-1 Name=LOC_CITIZEN_MAYA_MALE_7 Operation=58 PlotIndex=1314
mission CityName=LOC_CITY_NAME_OTTAWA CompletionTurn=82 EscapeResult=-1 InitialResult=1 LevelAfter=1 LootInfo=-1 Name=LOC_CITIZEN_MAYA_MODERN_MALE_9 Operation=58 PlotIndex=978
tally 4  FOMENT_UNREST CAPTURED / NO_RESULT
tally 4  FOMENT_UNREST FAIL_MUST_ESCAPE / NO_RESULT
tally 3  FOMENT_UNREST FAIL_UNDETECTED / NO_RESULT
tally 1  FOMENT_UNREST KILLED / NO_RESULT
tally 6  FOMENT_UNREST SUCCESS_MUST_ESCAPE / NO_RESULT
tally 4  FOMENT_UNREST SUCCESS_UNDETECTED / NO_RESULT
turn 149 spies active 10 idle 2 missions 22 captured-enemy 0
spy 2359313 LOC_CITIZEN_MAYA_MALE_5 level 1 at 60:16 busy
spy 2031634 LOC_CITIZEN_MAYA_MALE_7 level 1 at 54:15 busy
spy 2555923 LOC_CITIZEN_MAYA_FEMALE_7 level 2 at 65:16 busy
spy 2293780 LOC_CITIZEN_MAYA_MODERN_FEMALE_3 level 1 at 54:15 refused
spy 2752533 LOC_CITIZEN_MAYA_MALE_8 level 2 at 54:11 busy
spy 3866646 LOC_CITIZEN_MAYA_MODERN_MALE_4 level 3 at 18:16 busy
spy 3342359 LOC_CITIZEN_MAYA_MODERN_FEMALE_9 level 3 at 73:12 busy
spy 2818072 LOC_CITIZEN_MAYA_MODERN_FEMALE_4 level 2 at 16:9 busy
spy 3014681 LOC_CITIZEN_MAYA_MODERN_FEMALE_6 level 2 at 54:21 busy
spy 3932186 LOC_CITIZEN_MAYA_FEMALE_2 level 2 at 49:10 busy
spy 3801115 LOC_CITIZEN_MAYA_FEMALE_1 level 2 at 23:19 busy
spy 3538973 LOC_CITIZEN_MAYA_MODERN_MALE_3 level 1 at 73:12 refused
turn 149 spies 12 started 0 travelled 0 promoted 0 bought 0 gold 50000
unblock: blocker ENDTURN_BLOCKING_PRODUCTION -> CHICHEN_ITZA builds BUILDING_WALLS | end turn requested
unblock: blocker ENDTURN_BLOCKING_PRODUCTION -> CHICHEN_ITZA builds BUILDING_WALLS | end turn requested
mission CityName=LOC_CITY_NAME_KAWHIA CompletionTurn=107 EscapeResult=-1 InitialResult=4 LevelAfter=3 LootInfo=-1 Name=LOC_CITIZEN_MAYA_MODERN_MALE_4 Operation=58 PlotIndex=1362
mission CityName=LOC_CITY_NAME_THEBES CompletionTurn=105 EscapeResult=-1 InitialResult=2 LevelAfter=2 LootInfo=-1 Name=LOC_CITIZEN_MAYA_FEMALE_1 Operation=58 PlotIndex=1619
mission CityName=LOC_CITY_NAME_KAWHIA CompletionTurn=101 EscapeResult=-1 InitialResult=5 LevelAfter=2 LootInfo=-1 Name=LOC_CITIZEN_MAYA_MODERN_MALE_4 Operation=58 PlotIndex=1362
mission CityName=LOC_CITY_NAME_LINKOPING CompletionTurn=100 EscapeResult=-1 InitialResult=1 LevelAfter=1 LootInfo=-1 Name=LOC_CITIZEN_MAYA_FEMALE_4 Operation=58 PlotIndex=993
mission CityName=LOC_CITY_NAME_GOTEBORG CompletionTurn=100 EscapeResult=-1 InitialResult=4 LevelAfter=3 LootInfo=-1 Name=LOC_CITIZEN_MAYA_MODERN_FEMALE_9 Operation=58 PlotIndex=1081
mission CityName=LOC_CITY_NAME_LUND CompletionTurn=99 EscapeResult=-1 InitialResult=1 LevelAfter=1 LootInfo=-1 Name=LOC_CITIZEN_MAYA_MODERN_MALE_2 Operation=58 PlotIndex=744
mission CityName=LOC_CITY_NAME_THEBES CompletionTurn=99 EscapeResult=-1 InitialResult=5 LevelAfter=2 LootInfo=-1 Name=LOC_CITIZEN_MAYA_FEMALE_1 Operation=58 PlotIndex=1619
mission CityName=LOC_GOSSIP_LOST_CITY CompletionTurn=98 EscapeResult=-1 InitialResult=2 LevelAfter=2 LootInfo=-1 Name=LOC_CITIZEN_MAYA_FEMALE_2 Operation=58 PlotIndex=1833
mission CityName=LOC_CITY_NAME_LINKOPING CompletionTurn=96 EscapeResult=-1 InitialResult=3 LevelAfter=1 LootInfo=-1 Name=LOC_CITIZEN_MAYA_FEMALE_4 Operation=58 PlotIndex=993
mission CityName=LOC_CITY_NAME_GOTEBORG CompletionTurn=94 EscapeResult=-1 InitialResult=5 LevelAfter=2 LootInfo=-1 Name=LOC_CITIZEN_MAYA_MODERN_FEMALE_9 Operation=58 PlotIndex=1081
mission CityName=LOC_CITY_NAME_STOCKHOLM CompletionTurn=93 EscapeResult=-1 InitialResult=0 LevelAfter=1 LootInfo=-1 Name=LOC_CITIZEN_MAYA_MALE_1 Operation=58 PlotIndex=1253
mission CityName=LOC_GOSSIP_LOST_CITY CompletionTurn=91 EscapeResult=-1 InitialResult=5 LevelAfter=2 LootInfo=-1 Name=LOC_CITIZEN_MAYA_FEMALE_2 Operation=58 PlotIndex=1833
mission CityName=LOC_CITY_NAME_TORONTO CompletionTurn=91 EscapeResult=-1 InitialResult=4 LevelAfter=2 LootInfo=-1 Name=LOC_CITIZEN_MAYA_MODERN_FEMALE_6 Operation=58 PlotIndex=1818
mission CityName=LOC_CITY_NAME_MONTREAL CompletionTurn=91 EscapeResult=-1 InitialResult=2 LevelAfter=1 LootInfo=-1 Name=LOC_CITIZEN_MAYA_MALE_7 Operation=58 PlotIndex=1314
mission CityName=LOC_CITY_NAME_TE_HOKIANGA_NU_A_KUPE CompletionTurn=89 EscapeResult=-1 InitialResult=4 LevelAfter=2 LootInfo=-1 Name=LOC_CITIZEN_MAYA_MODERN_FEMALE_4 Operation=58 PlotIndex=772
mission CityName=LOC_CITY_NAME_OTTAWA CompletionTurn=89 EscapeResult=-1 InitialResult=4 LevelAfter=2 LootInfo=-1 Name=LOC_CITIZEN_MAYA_MALE_8 Operation=58 PlotIndex=978
mission CityName=LOC_CITY_NAME_HALIFAX CompletionTurn=87 EscapeResult=-1 InitialResult=4 LevelAfter=2 LootInfo=-1 Name=LOC_CITIZEN_MAYA_FEMALE_7 Operation=58 PlotIndex=1409
mission CityName=LOC_CITY_NAME_MONTREAL CompletionTurn=87 EscapeResult=-1 InitialResult=3 LevelAfter=1 LootInfo=-1 Name=LOC_CITIZEN_MAYA_MALE_7 Operation=58 PlotIndex=1314
mission CityName=LOC_CITY_NAME_QUEBEC_CITY CompletionTurn=86 EscapeResult=-1 InitialResult=2 LevelAfter=1 LootInfo=-1 Name=LOC_CITIZEN_MAYA_MALE_5 Operation=58 PlotIndex=1404
mission CityName=LOC_CITY_NAME_TORONTO CompletionTurn=84 EscapeResult=-1 InitialResult=1 LevelAfter=1 LootInfo=-1 Name=LOC_CITIZEN_MAYA_MALE_2 Operation=58 PlotIndex=1818
mission CityName=LOC_CITY_NAME_MONTREAL CompletionTurn=83 EscapeResult=-1 InitialResult=3 LevelAfter=1 LootInfo=-1 Name=LOC_CITIZEN_MAYA_MALE_7 Operation=58 PlotIndex=1314
mission CityName=LOC_CITY_NAME_OTTAWA CompletionTurn=82 EscapeResult=-1 InitialResult=1 LevelAfter=1 LootInfo=-1 Name=LOC_CITIZEN_MAYA_MODERN_MALE_9 Operation=58 PlotIndex=978
tally 4  FOMENT_UNREST CAPTURED / NO_RESULT
tally 4  FOMENT_UNREST FAIL_MUST_ESCAPE / NO_RESULT
tally 3  FOMENT_UNREST FAIL_UNDETECTED / NO_RESULT
tally 1  FOMENT_UNREST KILLED / NO_RESULT
tally 6  FOMENT_UNREST SUCCESS_MUST_ESCAPE / NO_RESULT
tally 4  FOMENT_UNREST SUCCESS_UNDETECTED / NO_RESULT
turn 150 spies active 10 idle 2 missions 22 captured-enemy 0
spy 2359313 LOC_CITIZEN_MAYA_MALE_5 level 1 at 60:16 busy
spy 2031634 LOC_CITIZEN_MAYA_MALE_7 level 1 at 54:15 busy
spy 2555923 LOC_CITIZEN_MAYA_FEMALE_7 level 2 at 65:16 busy
spy 2293780 LOC_CITIZEN_MAYA_MODERN_FEMALE_3 level 1 at 54:15 refused
spy 2752533 LOC_CITIZEN_MAYA_MALE_8 level 2 at 54:11 busy
spy 3866646 LOC_CITIZEN_MAYA_MODERN_MALE_4 level 3 at 18:16 busy
spy 3342359 LOC_CITIZEN_MAYA_MODERN_FEMALE_9 level 3 at 73:12 busy
spy 2818072 LOC_CITIZEN_MAYA_MODERN_FEMALE_4 level 2 at 16:9 busy
spy 3014681 LOC_CITIZEN_MAYA_MODERN_FEMALE_6 level 2 at 54:21 busy
spy 3932186 LOC_CITIZEN_MAYA_FEMALE_2 level 2 at 49:10 busy
spy 3801115 LOC_CITIZEN_MAYA_FEMALE_1 level 2 at 23:19 busy
spy 3538973 LOC_CITIZEN_MAYA_MODERN_MALE_3 level 1 at 73:12 refused
turn 150 spies 12 started 0 travelled 0 promoted 0 bought 0 gold 50000
unblock: blocker ENDTURN_BLOCKING_PRODUCTION -> CHICHEN_ITZA builds BUILDING_WALLS | end turn requested
unblock: blocker ENDTURN_BLOCKING_PRODUCTION -> CHICHEN_ITZA builds BUILDING_WALLS | end turn requested
unstuck: closed sessions [2:2]
mission CityName=LOC_CITY_NAME_KAWHIA CompletionTurn=107 EscapeResult=-1 InitialResult=4 LevelAfter=3 LootInfo=-1 Name=LOC_CITIZEN_MAYA_MODERN_MALE_4 Operation=58 PlotIndex=1362
mission CityName=LOC_CITY_NAME_THEBES CompletionTurn=105 EscapeResult=-1 InitialResult=2 LevelAfter=2 LootInfo=-1 Name=LOC_CITIZEN_MAYA_FEMALE_1 Operation=58 PlotIndex=1619
mission CityName=LOC_CITY_NAME_KAWHIA CompletionTurn=101 EscapeResult=-1 InitialResult=5 LevelAfter=2 LootInfo=-1 Name=LOC_CITIZEN_MAYA_MODERN_MALE_4 Operation=58 PlotIndex=1362
mission CityName=LOC_CITY_NAME_LINKOPING CompletionTurn=100 EscapeResult=-1 InitialResult=1 LevelAfter=1 LootInfo=-1 Name=LOC_CITIZEN_MAYA_FEMALE_4 Operation=58 PlotIndex=993
mission CityName=LOC_CITY_NAME_GOTEBORG CompletionTurn=100 EscapeResult=-1 InitialResult=4 LevelAfter=3 LootInfo=-1 Name=LOC_CITIZEN_MAYA_MODERN_FEMALE_9 Operation=58 PlotIndex=1081
mission CityName=LOC_CITY_NAME_LUND CompletionTurn=99 EscapeResult=-1 InitialResult=1 LevelAfter=1 LootInfo=-1 Name=LOC_CITIZEN_MAYA_MODERN_MALE_2 Operation=58 PlotIndex=744
mission CityName=LOC_CITY_NAME_THEBES CompletionTurn=99 EscapeResult=-1 InitialResult=5 LevelAfter=2 LootInfo=-1 Name=LOC_CITIZEN_MAYA_FEMALE_1 Operation=58 PlotIndex=1619
mission CityName=LOC_GOSSIP_LOST_CITY CompletionTurn=98 EscapeResult=-1 InitialResult=2 LevelAfter=2 LootInfo=-1 Name=LOC_CITIZEN_MAYA_FEMALE_2 Operation=58 PlotIndex=1833
mission CityName=LOC_CITY_NAME_LINKOPING CompletionTurn=96 EscapeResult=-1 InitialResult=3 LevelAfter=1 LootInfo=-1 Name=LOC_CITIZEN_MAYA_FEMALE_4 Operation=58 PlotIndex=993
mission CityName=LOC_CITY_NAME_GOTEBORG CompletionTurn=94 EscapeResult=-1 InitialResult=5 LevelAfter=2 LootInfo=-1 Name=LOC_CITIZEN_MAYA_MODERN_FEMALE_9 Operation=58 PlotIndex=1081
mission CityName=LOC_CITY_NAME_STOCKHOLM CompletionTurn=93 EscapeResult=-1 InitialResult=0 LevelAfter=1 LootInfo=-1 Name=LOC_CITIZEN_MAYA_MALE_1 Operation=58 PlotIndex=1253
mission CityName=LOC_GOSSIP_LOST_CITY CompletionTurn=91 EscapeResult=-1 InitialResult=5 LevelAfter=2 LootInfo=-1 Name=LOC_CITIZEN_MAYA_FEMALE_2 Operation=58 PlotIndex=1833
mission CityName=LOC_CITY_NAME_TORONTO CompletionTurn=91 EscapeResult=-1 InitialResult=4 LevelAfter=2 LootInfo=-1 Name=LOC_CITIZEN_MAYA_MODERN_FEMALE_6 Operation=58 PlotIndex=1818
mission CityName=LOC_CITY_NAME_MONTREAL CompletionTurn=91 EscapeResult=-1 InitialResult=2 LevelAfter=1 LootInfo=-1 Name=LOC_CITIZEN_MAYA_MALE_7 Operation=58 PlotIndex=1314
mission CityName=LOC_CITY_NAME_TE_HOKIANGA_NU_A_KUPE CompletionTurn=89 EscapeResult=-1 InitialResult=4 LevelAfter=2 LootInfo=-1 Name=LOC_CITIZEN_MAYA_MODERN_FEMALE_4 Operation=58 PlotIndex=772
mission CityName=LOC_CITY_NAME_OTTAWA CompletionTurn=89 EscapeResult=-1 InitialResult=4 LevelAfter=2 LootInfo=-1 Name=LOC_CITIZEN_MAYA_MALE_8 Operation=58 PlotIndex=978
mission CityName=LOC_CITY_NAME_HALIFAX CompletionTurn=87 EscapeResult=-1 InitialResult=4 LevelAfter=2 LootInfo=-1 Name=LOC_CITIZEN_MAYA_FEMALE_7 Operation=58 PlotIndex=1409
mission CityName=LOC_CITY_NAME_MONTREAL CompletionTurn=87 EscapeResult=-1 InitialResult=3 LevelAfter=1 LootInfo=-1 Name=LOC_CITIZEN_MAYA_MALE_7 Operation=58 PlotIndex=1314
mission CityName=LOC_CITY_NAME_QUEBEC_CITY CompletionTurn=86 EscapeResult=-1 InitialResult=2 LevelAfter=1 LootInfo=-1 Name=LOC_CITIZEN_MAYA_MALE_5 Operation=58 PlotIndex=1404
mission CityName=LOC_CITY_NAME_TORONTO CompletionTurn=84 EscapeResult=-1 InitialResult=1 LevelAfter=1 LootInfo=-1 Name=LOC_CITIZEN_MAYA_MALE_2 Operation=58 PlotIndex=1818
mission CityName=LOC_CITY_NAME_MONTREAL CompletionTurn=83 EscapeResult=-1 InitialResult=3 LevelAfter=1 LootInfo=-1 Name=LOC_CITIZEN_MAYA_MALE_7 Operation=58 PlotIndex=1314
mission CityName=LOC_CITY_NAME_OTTAWA CompletionTurn=82 EscapeResult=-1 InitialResult=1 LevelAfter=1 LootInfo=-1 Name=LOC_CITIZEN_MAYA_MODERN_MALE_9 Operation=58 PlotIndex=978
tally 4  FOMENT_UNREST CAPTURED / NO_RESULT
tally 4  FOMENT_UNREST FAIL_MUST_ESCAPE / NO_RESULT
tally 3  FOMENT_UNREST FAIL_UNDETECTED / NO_RESULT
tally 1  FOMENT_UNREST KILLED / NO_RESULT
tally 6  FOMENT_UNREST SUCCESS_MUST_ESCAPE / NO_RESULT
tally 4  FOMENT_UNREST SUCCESS_UNDETECTED / NO_RESULT
turn 151 spies active 10 idle 2 missions 22 captured-enemy 0
spy 2359313 LOC_CITIZEN_MAYA_MALE_5 level 1 at 60:16 busy
spy 2031634 LOC_CITIZEN_MAYA_MALE_7 level 1 at 54:15 busy
spy 2555923 LOC_CITIZEN_MAYA_FEMALE_7 level 2 at 65:16 busy
spy 2293780 LOC_CITIZEN_MAYA_MODERN_FEMALE_3 level 1 at 54:15 refused
spy 2752533 LOC_CITIZEN_MAYA_MALE_8 level 2 at 54:11 busy
spy 3866646 LOC_CITIZEN_MAYA_MODERN_MALE_4 level 3 at 18:16 busy
spy 3342359 LOC_CITIZEN_MAYA_MODERN_FEMALE_9 level 3 at 73:12 busy
spy 2818072 LOC_CITIZEN_MAYA_MODERN_FEMALE_4 level 2 at 16:9 busy
spy 3014681 LOC_CITIZEN_MAYA_MODERN_FEMALE_6 level 2 at 54:21 busy
spy 3932186 LOC_CITIZEN_MAYA_FEMALE_2 level 2 at 49:10 busy
spy 3801115 LOC_CITIZEN_MAYA_FEMALE_1 level 2 at 23:19 busy
spy 3538973 LOC_CITIZEN_MAYA_MODERN_MALE_3 level 1 at 73:12 refused
turn 151 spies 12 started 0 travelled 0 promoted 0 bought 0 gold 50000
unblock: blocker ENDTURN_BLOCKING_COMMEMORATION_AVAILABLE -> nothing | end turn requested
unstuck: closed sessions [1:1,4:4]
unstuck: EraCompletePopup: closed
unblock: blocker ENDTURN_BLOCKING_PRODUCTION -> CHICHEN_ITZA builds BUILDING_WALLS | end turn requested
unblock: blocker ENDTURN_BLOCKING_PRODUCTION -> CHICHEN_ITZA builds BUILDING_WALLS | end turn requested
unstuck: closed sessions [3:3]
unstuck: DiplomacyActionView: Closing Diplomacy Action View. m_eventID: 2164001
unblock: blocker ENDTURN_BLOCKING_PRODUCTION -> CHICHEN_ITZA builds BUILDING_WALLS | end turn requested
unstuck: closed sessions [4:4]
unstuck: DiplomacyActionView: Closing Diplomacy Action View. m_eventID: 2164811
mission CityName=LOC_CITY_NAME_WINDSOR CompletionTurn=152 EscapeResult=-1 InitialResult=5 LevelAfter=3 LootInfo=-1 Name=LOC_CITIZEN_MAYA_FEMALE_2 Operation=58 PlotIndex=889
mission CityName=LOC_CITY_NAME_KAWHIA CompletionTurn=107 EscapeResult=-1 InitialResult=4 LevelAfter=3 LootInfo=-1 Name=LOC_CITIZEN_MAYA_MODERN_MALE_4 Operation=58 PlotIndex=1362
mission CityName=LOC_CITY_NAME_THEBES CompletionTurn=105 EscapeResult=-1 InitialResult=2 LevelAfter=2 LootInfo=-1 Name=LOC_CITIZEN_MAYA_FEMALE_1 Operation=58 PlotIndex=1619
mission CityName=LOC_CITY_NAME_KAWHIA CompletionTurn=101 EscapeResult=-1 InitialResult=5 LevelAfter=2 LootInfo=-1 Name=LOC_CITIZEN_MAYA_MODERN_MALE_4 Operation=58 PlotIndex=1362
mission CityName=LOC_CITY_NAME_LINKOPING CompletionTurn=100 EscapeResult=-1 InitialResult=1 LevelAfter=1 LootInfo=-1 Name=LOC_CITIZEN_MAYA_FEMALE_4 Operation=58 PlotIndex=993
mission CityName=LOC_CITY_NAME_GOTEBORG CompletionTurn=100 EscapeResult=-1 InitialResult=4 LevelAfter=3 LootInfo=-1 Name=LOC_CITIZEN_MAYA_MODERN_FEMALE_9 Operation=58 PlotIndex=1081
mission CityName=LOC_CITY_NAME_LUND CompletionTurn=99 EscapeResult=-1 InitialResult=1 LevelAfter=1 LootInfo=-1 Name=LOC_CITIZEN_MAYA_MODERN_MALE_2 Operation=58 PlotIndex=744
mission CityName=LOC_CITY_NAME_THEBES CompletionTurn=99 EscapeResult=-1 InitialResult=5 LevelAfter=2 LootInfo=-1 Name=LOC_CITIZEN_MAYA_FEMALE_1 Operation=58 PlotIndex=1619
mission CityName=LOC_GOSSIP_LOST_CITY CompletionTurn=98 EscapeResult=-1 InitialResult=2 LevelAfter=2 LootInfo=-1 Name=LOC_CITIZEN_MAYA_FEMALE_2 Operation=58 PlotIndex=1833
mission CityName=LOC_CITY_NAME_LINKOPING CompletionTurn=96 EscapeResult=-1 InitialResult=3 LevelAfter=1 LootInfo=-1 Name=LOC_CITIZEN_MAYA_FEMALE_4 Operation=58 PlotIndex=993
mission CityName=LOC_CITY_NAME_GOTEBORG CompletionTurn=94 EscapeResult=-1 InitialResult=5 LevelAfter=2 LootInfo=-1 Name=LOC_CITIZEN_MAYA_MODERN_FEMALE_9 Operation=58 PlotIndex=1081
mission CityName=LOC_CITY_NAME_STOCKHOLM CompletionTurn=93 EscapeResult=-1 InitialResult=0 LevelAfter=1 LootInfo=-1 Name=LOC_CITIZEN_MAYA_MALE_1 Operation=58 PlotIndex=1253
mission CityName=LOC_GOSSIP_LOST_CITY CompletionTurn=91 EscapeResult=-1 InitialResult=5 LevelAfter=2 LootInfo=-1 Name=LOC_CITIZEN_MAYA_FEMALE_2 Operation=58 PlotIndex=1833
mission CityName=LOC_CITY_NAME_TORONTO CompletionTurn=91 EscapeResult=-1 InitialResult=4 LevelAfter=2 LootInfo=-1 Name=LOC_CITIZEN_MAYA_MODERN_FEMALE_6 Operation=58 PlotIndex=1818
mission CityName=LOC_CITY_NAME_MONTREAL CompletionTurn=91 EscapeResult=-1 InitialResult=2 LevelAfter=1 LootInfo=-1 Name=LOC_CITIZEN_MAYA_MALE_7 Operation=58 PlotIndex=1314
mission CityName=LOC_CITY_NAME_TE_HOKIANGA_NU_A_KUPE CompletionTurn=89 EscapeResult=-1 InitialResult=4 LevelAfter=2 LootInfo=-1 Name=LOC_CITIZEN_MAYA_MODERN_FEMALE_4 Operation=58 PlotIndex=772
mission CityName=LOC_CITY_NAME_OTTAWA CompletionTurn=89 EscapeResult=-1 InitialResult=4 LevelAfter=2 LootInfo=-1 Name=LOC_CITIZEN_MAYA_MALE_8 Operation=58 PlotIndex=978
mission CityName=LOC_CITY_NAME_HALIFAX CompletionTurn=87 EscapeResult=-1 InitialResult=4 LevelAfter=2 LootInfo=-1 Name=LOC_CITIZEN_MAYA_FEMALE_7 Operation=58 PlotIndex=1409
mission CityName=LOC_CITY_NAME_MONTREAL CompletionTurn=87 EscapeResult=-1 InitialResult=3 LevelAfter=1 LootInfo=-1 Name=LOC_CITIZEN_MAYA_MALE_7 Operation=58 PlotIndex=1314
mission CityName=LOC_CITY_NAME_QUEBEC_CITY CompletionTurn=86 EscapeResult=-1 InitialResult=2 LevelAfter=1 LootInfo=-1 Name=LOC_CITIZEN_MAYA_MALE_5 Operation=58 PlotIndex=1404
mission CityName=LOC_CITY_NAME_TORONTO CompletionTurn=84 EscapeResult=-1 InitialResult=1 LevelAfter=1 LootInfo=-1 Name=LOC_CITIZEN_MAYA_MALE_2 Operation=58 PlotIndex=1818
mission CityName=LOC_CITY_NAME_MONTREAL CompletionTurn=83 EscapeResult=-1 InitialResult=3 LevelAfter=1 LootInfo=-1 Name=LOC_CITIZEN_MAYA_MALE_7 Operation=58 PlotIndex=1314
mission CityName=LOC_CITY_NAME_OTTAWA CompletionTurn=82 EscapeResult=-1 InitialResult=1 LevelAfter=1 LootInfo=-1 Name=LOC_CITIZEN_MAYA_MODERN_MALE_9 Operation=58 PlotIndex=978
tally 4  FOMENT_UNREST CAPTURED / NO_RESULT
tally 4  FOMENT_UNREST FAIL_MUST_ESCAPE / NO_RESULT
tally 3  FOMENT_UNREST FAIL_UNDETECTED / NO_RESULT
tally 1  FOMENT_UNREST KILLED / NO_RESULT
tally 6  FOMENT_UNREST SUCCESS_MUST_ESCAPE / NO_RESULT
tally 5  FOMENT_UNREST SUCCESS_UNDETECTED / NO_RESULT
turn 152 spies active 10 idle 2 missions 23 captured-enemy 0
spy 2359313 LOC_CITIZEN_MAYA_MALE_5 level 1 at 60:16 busy
spy 2031634 LOC_CITIZEN_MAYA_MALE_7 level 1 at 54:15 busy
spy 2555923 LOC_CITIZEN_MAYA_FEMALE_7 level 2 at 65:16 busy
spy 2293780 LOC_CITIZEN_MAYA_MODERN_FEMALE_3 level 1 at 54:15 refused
spy 2752533 LOC_CITIZEN_MAYA_MALE_8 level 2 at 54:11 busy
spy 3866646 LOC_CITIZEN_MAYA_MODERN_MALE_4 level 3 at 18:16 busy
spy 3342359 LOC_CITIZEN_MAYA_MODERN_FEMALE_9 level 3 at 73:12 busy
spy 2818072 LOC_CITIZEN_MAYA_MODERN_FEMALE_4 level 2 at 16:9 busy
spy 3014681 LOC_CITIZEN_MAYA_MODERN_FEMALE_6 level 2 at 54:21 busy
spy 3932186 LOC_CITIZEN_MAYA_FEMALE_2 level 2 at 49:10 start
spy 3801115 LOC_CITIZEN_MAYA_FEMALE_1 level 2 at 23:19 busy
spy 3538973 LOC_CITIZEN_MAYA_MODERN_MALE_3 level 1 at 73:12 refused
turn 152 spies 12 started 1 travelled 0 promoted 1 bought 0 gold 50000
unblock: blocker ENDTURN_BLOCKING_PRODUCTION -> CHICHEN_ITZA builds BUILDING_WALLS | end turn requested
unblock: blocker ENDTURN_BLOCKING_PRODUCTION -> CHICHEN_ITZA builds BUILDING_WALLS | end turn requested
unstuck: closed sessions [7:7]
unstuck: DiplomacyActionView: Closing Diplomacy Action View. m_eventID: 2177751
mission CityName=LOC_CITY_NAME_WINDSOR CompletionTurn=152 EscapeResult=-1 InitialResult=5 LevelAfter=3 LootInfo=-1 Name=LOC_CITIZEN_MAYA_FEMALE_2 Operation=58 PlotIndex=889
mission CityName=LOC_CITY_NAME_KAWHIA CompletionTurn=107 EscapeResult=-1 InitialResult=4 LevelAfter=3 LootInfo=-1 Name=LOC_CITIZEN_MAYA_MODERN_MALE_4 Operation=58 PlotIndex=1362
mission CityName=LOC_CITY_NAME_THEBES CompletionTurn=105 EscapeResult=-1 InitialResult=2 LevelAfter=2 LootInfo=-1 Name=LOC_CITIZEN_MAYA_FEMALE_1 Operation=58 PlotIndex=1619
mission CityName=LOC_CITY_NAME_KAWHIA CompletionTurn=101 EscapeResult=-1 InitialResult=5 LevelAfter=2 LootInfo=-1 Name=LOC_CITIZEN_MAYA_MODERN_MALE_4 Operation=58 PlotIndex=1362
mission CityName=LOC_CITY_NAME_LINKOPING CompletionTurn=100 EscapeResult=-1 InitialResult=1 LevelAfter=1 LootInfo=-1 Name=LOC_CITIZEN_MAYA_FEMALE_4 Operation=58 PlotIndex=993
mission CityName=LOC_CITY_NAME_GOTEBORG CompletionTurn=100 EscapeResult=-1 InitialResult=4 LevelAfter=3 LootInfo=-1 Name=LOC_CITIZEN_MAYA_MODERN_FEMALE_9 Operation=58 PlotIndex=1081
mission CityName=LOC_CITY_NAME_LUND CompletionTurn=99 EscapeResult=-1 InitialResult=1 LevelAfter=1 LootInfo=-1 Name=LOC_CITIZEN_MAYA_MODERN_MALE_2 Operation=58 PlotIndex=744
mission CityName=LOC_CITY_NAME_THEBES CompletionTurn=99 EscapeResult=-1 InitialResult=5 LevelAfter=2 LootInfo=-1 Name=LOC_CITIZEN_MAYA_FEMALE_1 Operation=58 PlotIndex=1619
mission CityName=LOC_GOSSIP_LOST_CITY CompletionTurn=98 EscapeResult=-1 InitialResult=2 LevelAfter=2 LootInfo=-1 Name=LOC_CITIZEN_MAYA_FEMALE_2 Operation=58 PlotIndex=1833
mission CityName=LOC_CITY_NAME_LINKOPING CompletionTurn=96 EscapeResult=-1 InitialResult=3 LevelAfter=1 LootInfo=-1 Name=LOC_CITIZEN_MAYA_FEMALE_4 Operation=58 PlotIndex=993
mission CityName=LOC_CITY_NAME_GOTEBORG CompletionTurn=94 EscapeResult=-1 InitialResult=5 LevelAfter=2 LootInfo=-1 Name=LOC_CITIZEN_MAYA_MODERN_FEMALE_9 Operation=58 PlotIndex=1081
mission CityName=LOC_CITY_NAME_STOCKHOLM CompletionTurn=93 EscapeResult=-1 InitialResult=0 LevelAfter=1 LootInfo=-1 Name=LOC_CITIZEN_MAYA_MALE_1 Operation=58 PlotIndex=1253
mission CityName=LOC_GOSSIP_LOST_CITY CompletionTurn=91 EscapeResult=-1 InitialResult=5 LevelAfter=2 LootInfo=-1 Name=LOC_CITIZEN_MAYA_FEMALE_2 Operation=58 PlotIndex=1833
mission CityName=LOC_CITY_NAME_TORONTO CompletionTurn=91 EscapeResult=-1 InitialResult=4 LevelAfter=2 LootInfo=-1 Name=LOC_CITIZEN_MAYA_MODERN_FEMALE_6 Operation=58 PlotIndex=1818
mission CityName=LOC_CITY_NAME_MONTREAL CompletionTurn=91 EscapeResult=-1 InitialResult=2 LevelAfter=1 LootInfo=-1 Name=LOC_CITIZEN_MAYA_MALE_7 Operation=58 PlotIndex=1314
mission CityName=LOC_CITY_NAME_TE_HOKIANGA_NU_A_KUPE CompletionTurn=89 EscapeResult=-1 InitialResult=4 LevelAfter=2 LootInfo=-1 Name=LOC_CITIZEN_MAYA_MODERN_FEMALE_4 Operation=58 PlotIndex=772
mission CityName=LOC_CITY_NAME_OTTAWA CompletionTurn=89 EscapeResult=-1 InitialResult=4 LevelAfter=2 LootInfo=-1 Name=LOC_CITIZEN_MAYA_MALE_8 Operation=58 PlotIndex=978
mission CityName=LOC_CITY_NAME_HALIFAX CompletionTurn=87 EscapeResult=-1 InitialResult=4 LevelAfter=2 LootInfo=-1 Name=LOC_CITIZEN_MAYA_FEMALE_7 Operation=58 PlotIndex=1409
mission CityName=LOC_CITY_NAME_MONTREAL CompletionTurn=87 EscapeResult=-1 InitialResult=3 LevelAfter=1 LootInfo=-1 Name=LOC_CITIZEN_MAYA_MALE_7 Operation=58 PlotIndex=1314
mission CityName=LOC_CITY_NAME_QUEBEC_CITY CompletionTurn=86 EscapeResult=-1 InitialResult=2 LevelAfter=1 LootInfo=-1 Name=LOC_CITIZEN_MAYA_MALE_5 Operation=58 PlotIndex=1404
mission CityName=LOC_CITY_NAME_TORONTO CompletionTurn=84 EscapeResult=-1 InitialResult=1 LevelAfter=1 LootInfo=-1 Name=LOC_CITIZEN_MAYA_MALE_2 Operation=58 PlotIndex=1818
mission CityName=LOC_CITY_NAME_MONTREAL CompletionTurn=83 EscapeResult=-1 InitialResult=3 LevelAfter=1 LootInfo=-1 Name=LOC_CITIZEN_MAYA_MALE_7 Operation=58 PlotIndex=1314
mission CityName=LOC_CITY_NAME_OTTAWA CompletionTurn=82 EscapeResult=-1 InitialResult=1 LevelAfter=1 LootInfo=-1 Name=LOC_CITIZEN_MAYA_MODERN_MALE_9 Operation=58 PlotIndex=978
tally 4  FOMENT_UNREST CAPTURED / NO_RESULT
tally 4  FOMENT_UNREST FAIL_MUST_ESCAPE / NO_RESULT
tally 3  FOMENT_UNREST FAIL_UNDETECTED / NO_RESULT
tally 1  FOMENT_UNREST KILLED / NO_RESULT
tally 6  FOMENT_UNREST SUCCESS_MUST_ESCAPE / NO_RESULT
tally 5  FOMENT_UNREST SUCCESS_UNDETECTED / NO_RESULT
turn 153 spies active 10 idle 2 missions 23 captured-enemy 0
spy 2359313 LOC_CITIZEN_MAYA_MALE_5 level 1 at 60:16 busy
spy 2031634 LOC_CITIZEN_MAYA_MALE_7 level 1 at 54:15 busy
spy 2555923 LOC_CITIZEN_MAYA_FEMALE_7 level 2 at 65:16 busy
spy 2293780 LOC_CITIZEN_MAYA_MODERN_FEMALE_3 level 1 at 54:15 refused
spy 2752533 LOC_CITIZEN_MAYA_MALE_8 level 2 at 54:11 busy
spy 3866646 LOC_CITIZEN_MAYA_MODERN_MALE_4 level 3 at 18:16 busy
spy 3342359 LOC_CITIZEN_MAYA_MODERN_FEMALE_9 level 3 at 73:12 busy
spy 2818072 LOC_CITIZEN_MAYA_MODERN_FEMALE_4 level 2 at 16:9 busy
spy 3014681 LOC_CITIZEN_MAYA_MODERN_FEMALE_6 level 2 at 54:21 busy
spy 3932186 LOC_CITIZEN_MAYA_FEMALE_2 level 3 at 49:10 busy
spy 3801115 LOC_CITIZEN_MAYA_FEMALE_1 level 2 at 23:19 busy
spy 3538973 LOC_CITIZEN_MAYA_MODERN_MALE_3 level 1 at 73:12 refused
turn 153 spies 12 started 0 travelled 0 promoted 0 bought 0 gold 50000
unblock: blocker ENDTURN_BLOCKING_PRODUCTION -> CHICHEN_ITZA builds BUILDING_WALLS | end turn requested
unblock: blocker ENDTURN_BLOCKING_PRODUCTION -> CHICHEN_ITZA builds BUILDING_WALLS | end turn requested
unblock: blocker ENDTURN_BLOCKING_PRODUCTION -> CHICHEN_ITZA builds BUILDING_WALLS | end turn requested
unstuck: NaturalDisasterPopup: closed
mission CityName=LOC_CITY_NAME_WINDSOR CompletionTurn=152 EscapeResult=-1 InitialResult=5 LevelAfter=3 LootInfo=-1 Name=LOC_CITIZEN_MAYA_FEMALE_2 Operation=58 PlotIndex=889
mission CityName=LOC_CITY_NAME_KAWHIA CompletionTurn=107 EscapeResult=-1 InitialResult=4 LevelAfter=3 LootInfo=-1 Name=LOC_CITIZEN_MAYA_MODERN_MALE_4 Operation=58 PlotIndex=1362
mission CityName=LOC_CITY_NAME_THEBES CompletionTurn=105 EscapeResult=-1 InitialResult=2 LevelAfter=2 LootInfo=-1 Name=LOC_CITIZEN_MAYA_FEMALE_1 Operation=58 PlotIndex=1619
mission CityName=LOC_CITY_NAME_KAWHIA CompletionTurn=101 EscapeResult=-1 InitialResult=5 LevelAfter=2 LootInfo=-1 Name=LOC_CITIZEN_MAYA_MODERN_MALE_4 Operation=58 PlotIndex=1362
mission CityName=LOC_CITY_NAME_LINKOPING CompletionTurn=100 EscapeResult=-1 InitialResult=1 LevelAfter=1 LootInfo=-1 Name=LOC_CITIZEN_MAYA_FEMALE_4 Operation=58 PlotIndex=993
mission CityName=LOC_CITY_NAME_GOTEBORG CompletionTurn=100 EscapeResult=-1 InitialResult=4 LevelAfter=3 LootInfo=-1 Name=LOC_CITIZEN_MAYA_MODERN_FEMALE_9 Operation=58 PlotIndex=1081
mission CityName=LOC_CITY_NAME_LUND CompletionTurn=99 EscapeResult=-1 InitialResult=1 LevelAfter=1 LootInfo=-1 Name=LOC_CITIZEN_MAYA_MODERN_MALE_2 Operation=58 PlotIndex=744
mission CityName=LOC_CITY_NAME_THEBES CompletionTurn=99 EscapeResult=-1 InitialResult=5 LevelAfter=2 LootInfo=-1 Name=LOC_CITIZEN_MAYA_FEMALE_1 Operation=58 PlotIndex=1619
mission CityName=LOC_GOSSIP_LOST_CITY CompletionTurn=98 EscapeResult=-1 InitialResult=2 LevelAfter=2 LootInfo=-1 Name=LOC_CITIZEN_MAYA_FEMALE_2 Operation=58 PlotIndex=1833
mission CityName=LOC_CITY_NAME_LINKOPING CompletionTurn=96 EscapeResult=-1 InitialResult=3 LevelAfter=1 LootInfo=-1 Name=LOC_CITIZEN_MAYA_FEMALE_4 Operation=58 PlotIndex=993
mission CityName=LOC_CITY_NAME_GOTEBORG CompletionTurn=94 EscapeResult=-1 InitialResult=5 LevelAfter=2 LootInfo=-1 Name=LOC_CITIZEN_MAYA_MODERN_FEMALE_9 Operation=58 PlotIndex=1081
mission CityName=LOC_CITY_NAME_STOCKHOLM CompletionTurn=93 EscapeResult=-1 InitialResult=0 LevelAfter=1 LootInfo=-1 Name=LOC_CITIZEN_MAYA_MALE_1 Operation=58 PlotIndex=1253
mission CityName=LOC_GOSSIP_LOST_CITY CompletionTurn=91 EscapeResult=-1 InitialResult=5 LevelAfter=2 LootInfo=-1 Name=LOC_CITIZEN_MAYA_FEMALE_2 Operation=58 PlotIndex=1833
mission CityName=LOC_CITY_NAME_TORONTO CompletionTurn=91 EscapeResult=-1 InitialResult=4 LevelAfter=2 LootInfo=-1 Name=LOC_CITIZEN_MAYA_MODERN_FEMALE_6 Operation=58 PlotIndex=1818
mission CityName=LOC_CITY_NAME_MONTREAL CompletionTurn=91 EscapeResult=-1 InitialResult=2 LevelAfter=1 LootInfo=-1 Name=LOC_CITIZEN_MAYA_MALE_7 Operation=58 PlotIndex=1314
mission CityName=LOC_CITY_NAME_TE_HOKIANGA_NU_A_KUPE CompletionTurn=89 EscapeResult=-1 InitialResult=4 LevelAfter=2 LootInfo=-1 Name=LOC_CITIZEN_MAYA_MODERN_FEMALE_4 Operation=58 PlotIndex=772
mission CityName=LOC_CITY_NAME_OTTAWA CompletionTurn=89 EscapeResult=-1 InitialResult=4 LevelAfter=2 LootInfo=-1 Name=LOC_CITIZEN_MAYA_MALE_8 Operation=58 PlotIndex=978
mission CityName=LOC_CITY_NAME_HALIFAX CompletionTurn=87 EscapeResult=-1 InitialResult=4 LevelAfter=2 LootInfo=-1 Name=LOC_CITIZEN_MAYA_FEMALE_7 Operation=58 PlotIndex=1409
mission CityName=LOC_CITY_NAME_MONTREAL CompletionTurn=87 EscapeResult=-1 InitialResult=3 LevelAfter=1 LootInfo=-1 Name=LOC_CITIZEN_MAYA_MALE_7 Operation=58 PlotIndex=1314
mission CityName=LOC_CITY_NAME_QUEBEC_CITY CompletionTurn=86 EscapeResult=-1 InitialResult=2 LevelAfter=1 LootInfo=-1 Name=LOC_CITIZEN_MAYA_MALE_5 Operation=58 PlotIndex=1404
mission CityName=LOC_CITY_NAME_TORONTO CompletionTurn=84 EscapeResult=-1 InitialResult=1 LevelAfter=1 LootInfo=-1 Name=LOC_CITIZEN_MAYA_MALE_2 Operation=58 PlotIndex=1818
mission CityName=LOC_CITY_NAME_MONTREAL CompletionTurn=83 EscapeResult=-1 InitialResult=3 LevelAfter=1 LootInfo=-1 Name=LOC_CITIZEN_MAYA_MALE_7 Operation=58 PlotIndex=1314
mission CityName=LOC_CITY_NAME_OTTAWA CompletionTurn=82 EscapeResult=-1 InitialResult=1 LevelAfter=1 LootInfo=-1 Name=LOC_CITIZEN_MAYA_MODERN_MALE_9 Operation=58 PlotIndex=978
tally 4  FOMENT_UNREST CAPTURED / NO_RESULT
tally 4  FOMENT_UNREST FAIL_MUST_ESCAPE / NO_RESULT
tally 3  FOMENT_UNREST FAIL_UNDETECTED / NO_RESULT
tally 1  FOMENT_UNREST KILLED / NO_RESULT
tally 6  FOMENT_UNREST SUCCESS_MUST_ESCAPE / NO_RESULT
tally 5  FOMENT_UNREST SUCCESS_UNDETECTED / NO_RESULT
turn 154 spies active 9 idle 3 missions 23 captured-enemy 0
spy 2359313 LOC_CITIZEN_MAYA_MALE_5 level 1 at 60:16 busy
spy 2031634 LOC_CITIZEN_MAYA_MALE_7 level 1 at 54:15 busy
spy 2555923 LOC_CITIZEN_MAYA_FEMALE_7 level 2 at 65:16 busy
spy 2293780 LOC_CITIZEN_MAYA_MODERN_FEMALE_3 level 1 at 54:15 refused
spy 2752533 LOC_CITIZEN_MAYA_MALE_8 level 2 at 54:11 busy
spy 3866646 LOC_CITIZEN_MAYA_MODERN_MALE_4 level 3 at 18:16 busy
spy 3342359 LOC_CITIZEN_MAYA_MODERN_FEMALE_9 level 3 at 73:12 busy
spy 2818072 LOC_CITIZEN_MAYA_MODERN_FEMALE_4 level 2 at 16:9 busy
spy 3014681 LOC_CITIZEN_MAYA_MODERN_FEMALE_6 level 2 at 54:21 busy
spy 3932186 LOC_CITIZEN_MAYA_FEMALE_2 level 3 at 49:10 start
spy 3801115 LOC_CITIZEN_MAYA_FEMALE_1 level 2 at 23:19 busy
spy 3538973 LOC_CITIZEN_MAYA_MODERN_MALE_3 level 1 at 73:12 refused
turn 154 spies 12 started 1 travelled 0 promoted 0 bought 0 gold 50000
unblock: blocker ENDTURN_BLOCKING_PRODUCTION -> CHICHEN_ITZA builds BUILDING_WALLS | end turn requested
unblock: blocker ENDTURN_BLOCKING_PRODUCTION -> CHICHEN_ITZA builds BUILDING_WALLS | end turn requested
mission CityName=LOC_CITY_NAME_WINDSOR CompletionTurn=152 EscapeResult=-1 InitialResult=5 LevelAfter=3 LootInfo=-1 Name=LOC_CITIZEN_MAYA_FEMALE_2 Operation=58 PlotIndex=889
mission CityName=LOC_CITY_NAME_KAWHIA CompletionTurn=107 EscapeResult=-1 InitialResult=4 LevelAfter=3 LootInfo=-1 Name=LOC_CITIZEN_MAYA_MODERN_MALE_4 Operation=58 PlotIndex=1362
mission CityName=LOC_CITY_NAME_THEBES CompletionTurn=105 EscapeResult=-1 InitialResult=2 LevelAfter=2 LootInfo=-1 Name=LOC_CITIZEN_MAYA_FEMALE_1 Operation=58 PlotIndex=1619
mission CityName=LOC_CITY_NAME_KAWHIA CompletionTurn=101 EscapeResult=-1 InitialResult=5 LevelAfter=2 LootInfo=-1 Name=LOC_CITIZEN_MAYA_MODERN_MALE_4 Operation=58 PlotIndex=1362
mission CityName=LOC_CITY_NAME_LINKOPING CompletionTurn=100 EscapeResult=-1 InitialResult=1 LevelAfter=1 LootInfo=-1 Name=LOC_CITIZEN_MAYA_FEMALE_4 Operation=58 PlotIndex=993
mission CityName=LOC_CITY_NAME_GOTEBORG CompletionTurn=100 EscapeResult=-1 InitialResult=4 LevelAfter=3 LootInfo=-1 Name=LOC_CITIZEN_MAYA_MODERN_FEMALE_9 Operation=58 PlotIndex=1081
mission CityName=LOC_CITY_NAME_LUND CompletionTurn=99 EscapeResult=-1 InitialResult=1 LevelAfter=1 LootInfo=-1 Name=LOC_CITIZEN_MAYA_MODERN_MALE_2 Operation=58 PlotIndex=744
mission CityName=LOC_CITY_NAME_THEBES CompletionTurn=99 EscapeResult=-1 InitialResult=5 LevelAfter=2 LootInfo=-1 Name=LOC_CITIZEN_MAYA_FEMALE_1 Operation=58 PlotIndex=1619
mission CityName=LOC_GOSSIP_LOST_CITY CompletionTurn=98 EscapeResult=-1 InitialResult=2 LevelAfter=2 LootInfo=-1 Name=LOC_CITIZEN_MAYA_FEMALE_2 Operation=58 PlotIndex=1833
mission CityName=LOC_CITY_NAME_LINKOPING CompletionTurn=96 EscapeResult=-1 InitialResult=3 LevelAfter=1 LootInfo=-1 Name=LOC_CITIZEN_MAYA_FEMALE_4 Operation=58 PlotIndex=993
mission CityName=LOC_CITY_NAME_GOTEBORG CompletionTurn=94 EscapeResult=-1 InitialResult=5 LevelAfter=2 LootInfo=-1 Name=LOC_CITIZEN_MAYA_MODERN_FEMALE_9 Operation=58 PlotIndex=1081
mission CityName=LOC_CITY_NAME_STOCKHOLM CompletionTurn=93 EscapeResult=-1 InitialResult=0 LevelAfter=1 LootInfo=-1 Name=LOC_CITIZEN_MAYA_MALE_1 Operation=58 PlotIndex=1253
mission CityName=LOC_GOSSIP_LOST_CITY CompletionTurn=91 EscapeResult=-1 InitialResult=5 LevelAfter=2 LootInfo=-1 Name=LOC_CITIZEN_MAYA_FEMALE_2 Operation=58 PlotIndex=1833
mission CityName=LOC_CITY_NAME_TORONTO CompletionTurn=91 EscapeResult=-1 InitialResult=4 LevelAfter=2 LootInfo=-1 Name=LOC_CITIZEN_MAYA_MODERN_FEMALE_6 Operation=58 PlotIndex=1818
mission CityName=LOC_CITY_NAME_MONTREAL CompletionTurn=91 EscapeResult=-1 InitialResult=2 LevelAfter=1 LootInfo=-1 Name=LOC_CITIZEN_MAYA_MALE_7 Operation=58 PlotIndex=1314
mission CityName=LOC_CITY_NAME_TE_HOKIANGA_NU_A_KUPE CompletionTurn=89 EscapeResult=-1 InitialResult=4 LevelAfter=2 LootInfo=-1 Name=LOC_CITIZEN_MAYA_MODERN_FEMALE_4 Operation=58 PlotIndex=772
mission CityName=LOC_CITY_NAME_OTTAWA CompletionTurn=89 EscapeResult=-1 InitialResult=4 LevelAfter=2 LootInfo=-1 Name=LOC_CITIZEN_MAYA_MALE_8 Operation=58 PlotIndex=978
mission CityName=LOC_CITY_NAME_HALIFAX CompletionTurn=87 EscapeResult=-1 InitialResult=4 LevelAfter=2 LootInfo=-1 Name=LOC_CITIZEN_MAYA_FEMALE_7 Operation=58 PlotIndex=1409
mission CityName=LOC_CITY_NAME_MONTREAL CompletionTurn=87 EscapeResult=-1 InitialResult=3 LevelAfter=1 LootInfo=-1 Name=LOC_CITIZEN_MAYA_MALE_7 Operation=58 PlotIndex=1314
mission CityName=LOC_CITY_NAME_QUEBEC_CITY CompletionTurn=86 EscapeResult=-1 InitialResult=2 LevelAfter=1 LootInfo=-1 Name=LOC_CITIZEN_MAYA_MALE_5 Operation=58 PlotIndex=1404
mission CityName=LOC_CITY_NAME_TORONTO CompletionTurn=84 EscapeResult=-1 InitialResult=1 LevelAfter=1 LootInfo=-1 Name=LOC_CITIZEN_MAYA_MALE_2 Operation=58 PlotIndex=1818
mission CityName=LOC_CITY_NAME_MONTREAL CompletionTurn=83 EscapeResult=-1 InitialResult=3 LevelAfter=1 LootInfo=-1 Name=LOC_CITIZEN_MAYA_MALE_7 Operation=58 PlotIndex=1314
mission CityName=LOC_CITY_NAME_OTTAWA CompletionTurn=82 EscapeResult=-1 InitialResult=1 LevelAfter=1 LootInfo=-1 Name=LOC_CITIZEN_MAYA_MODERN_MALE_9 Operation=58 PlotIndex=978
tally 4  FOMENT_UNREST CAPTURED / NO_RESULT
tally 4  FOMENT_UNREST FAIL_MUST_ESCAPE / NO_RESULT
tally 3  FOMENT_UNREST FAIL_UNDETECTED / NO_RESULT
tally 1  FOMENT_UNREST KILLED / NO_RESULT
tally 6  FOMENT_UNREST SUCCESS_MUST_ESCAPE / NO_RESULT
tally 5  FOMENT_UNREST SUCCESS_UNDETECTED / NO_RESULT
turn 155 spies active 10 idle 2 missions 23 captured-enemy 0
spy 2359313 LOC_CITIZEN_MAYA_MALE_5 level 1 at 60:16 busy
spy 2031634 LOC_CITIZEN_MAYA_MALE_7 level 1 at 54:15 busy
spy 2555923 LOC_CITIZEN_MAYA_FEMALE_7 level 2 at 65:16 busy
spy 2293780 LOC_CITIZEN_MAYA_MODERN_FEMALE_3 level 1 at 54:15 refused
spy 2752533 LOC_CITIZEN_MAYA_MALE_8 level 2 at 54:11 busy
spy 3866646 LOC_CITIZEN_MAYA_MODERN_MALE_4 level 3 at 18:16 busy
spy 3342359 LOC_CITIZEN_MAYA_MODERN_FEMALE_9 level 3 at 73:12 busy
spy 2818072 LOC_CITIZEN_MAYA_MODERN_FEMALE_4 level 2 at 16:9 busy
spy 3014681 LOC_CITIZEN_MAYA_MODERN_FEMALE_6 level 2 at 54:21 busy
spy 3932186 LOC_CITIZEN_MAYA_FEMALE_2 level 3 at 49:10 busy
spy 3801115 LOC_CITIZEN_MAYA_FEMALE_1 level 2 at 23:19 busy
spy 3538973 LOC_CITIZEN_MAYA_MODERN_MALE_3 level 1 at 73:12 refused
turn 155 spies 12 started 0 travelled 0 promoted 0 bought 0 gold 50000
unblock: blocker ENDTURN_BLOCKING_PRODUCTION -> CHICHEN_ITZA builds BUILDING_WALLS | end turn requested
unstuck: closed sessions [5:5]
unstuck: DiplomacyActionView: Closing Diplomacy Action View. m_eventID: 2204809
mission CityName=LOC_CITY_NAME_WINDSOR CompletionTurn=152 EscapeResult=-1 InitialResult=5 LevelAfter=3 LootInfo=-1 Name=LOC_CITIZEN_MAYA_FEMALE_2 Operation=58 PlotIndex=889
mission CityName=LOC_CITY_NAME_KAWHIA CompletionTurn=107 EscapeResult=-1 InitialResult=4 LevelAfter=3 LootInfo=-1 Name=LOC_CITIZEN_MAYA_MODERN_MALE_4 Operation=58 PlotIndex=1362
mission CityName=LOC_CITY_NAME_THEBES CompletionTurn=105 EscapeResult=-1 InitialResult=2 LevelAfter=2 LootInfo=-1 Name=LOC_CITIZEN_MAYA_FEMALE_1 Operation=58 PlotIndex=1619
mission CityName=LOC_CITY_NAME_KAWHIA CompletionTurn=101 EscapeResult=-1 InitialResult=5 LevelAfter=2 LootInfo=-1 Name=LOC_CITIZEN_MAYA_MODERN_MALE_4 Operation=58 PlotIndex=1362
mission CityName=LOC_CITY_NAME_LINKOPING CompletionTurn=100 EscapeResult=-1 InitialResult=1 LevelAfter=1 LootInfo=-1 Name=LOC_CITIZEN_MAYA_FEMALE_4 Operation=58 PlotIndex=993
mission CityName=LOC_CITY_NAME_GOTEBORG CompletionTurn=100 EscapeResult=-1 InitialResult=4 LevelAfter=3 LootInfo=-1 Name=LOC_CITIZEN_MAYA_MODERN_FEMALE_9 Operation=58 PlotIndex=1081
mission CityName=LOC_CITY_NAME_LUND CompletionTurn=99 EscapeResult=-1 InitialResult=1 LevelAfter=1 LootInfo=-1 Name=LOC_CITIZEN_MAYA_MODERN_MALE_2 Operation=58 PlotIndex=744
mission CityName=LOC_CITY_NAME_THEBES CompletionTurn=99 EscapeResult=-1 InitialResult=5 LevelAfter=2 LootInfo=-1 Name=LOC_CITIZEN_MAYA_FEMALE_1 Operation=58 PlotIndex=1619
mission CityName=LOC_GOSSIP_LOST_CITY CompletionTurn=98 EscapeResult=-1 InitialResult=2 LevelAfter=2 LootInfo=-1 Name=LOC_CITIZEN_MAYA_FEMALE_2 Operation=58 PlotIndex=1833
mission CityName=LOC_CITY_NAME_LINKOPING CompletionTurn=96 EscapeResult=-1 InitialResult=3 LevelAfter=1 LootInfo=-1 Name=LOC_CITIZEN_MAYA_FEMALE_4 Operation=58 PlotIndex=993
mission CityName=LOC_CITY_NAME_GOTEBORG CompletionTurn=94 EscapeResult=-1 InitialResult=5 LevelAfter=2 LootInfo=-1 Name=LOC_CITIZEN_MAYA_MODERN_FEMALE_9 Operation=58 PlotIndex=1081
mission CityName=LOC_CITY_NAME_STOCKHOLM CompletionTurn=93 EscapeResult=-1 InitialResult=0 LevelAfter=1 LootInfo=-1 Name=LOC_CITIZEN_MAYA_MALE_1 Operation=58 PlotIndex=1253
mission CityName=LOC_GOSSIP_LOST_CITY CompletionTurn=91 EscapeResult=-1 InitialResult=5 LevelAfter=2 LootInfo=-1 Name=LOC_CITIZEN_MAYA_FEMALE_2 Operation=58 PlotIndex=1833
mission CityName=LOC_CITY_NAME_TORONTO CompletionTurn=91 EscapeResult=-1 InitialResult=4 LevelAfter=2 LootInfo=-1 Name=LOC_CITIZEN_MAYA_MODERN_FEMALE_6 Operation=58 PlotIndex=1818
mission CityName=LOC_CITY_NAME_MONTREAL CompletionTurn=91 EscapeResult=-1 InitialResult=2 LevelAfter=1 LootInfo=-1 Name=LOC_CITIZEN_MAYA_MALE_7 Operation=58 PlotIndex=1314
mission CityName=LOC_CITY_NAME_TE_HOKIANGA_NU_A_KUPE CompletionTurn=89 EscapeResult=-1 InitialResult=4 LevelAfter=2 LootInfo=-1 Name=LOC_CITIZEN_MAYA_MODERN_FEMALE_4 Operation=58 PlotIndex=772
mission CityName=LOC_CITY_NAME_OTTAWA CompletionTurn=89 EscapeResult=-1 InitialResult=4 LevelAfter=2 LootInfo=-1 Name=LOC_CITIZEN_MAYA_MALE_8 Operation=58 PlotIndex=978
mission CityName=LOC_CITY_NAME_HALIFAX CompletionTurn=87 EscapeResult=-1 InitialResult=4 LevelAfter=2 LootInfo=-1 Name=LOC_CITIZEN_MAYA_FEMALE_7 Operation=58 PlotIndex=1409
mission CityName=LOC_CITY_NAME_MONTREAL CompletionTurn=87 EscapeResult=-1 InitialResult=3 LevelAfter=1 LootInfo=-1 Name=LOC_CITIZEN_MAYA_MALE_7 Operation=58 PlotIndex=1314
mission CityName=LOC_CITY_NAME_QUEBEC_CITY CompletionTurn=86 EscapeResult=-1 InitialResult=2 LevelAfter=1 LootInfo=-1 Name=LOC_CITIZEN_MAYA_MALE_5 Operation=58 PlotIndex=1404
mission CityName=LOC_CITY_NAME_TORONTO CompletionTurn=84 EscapeResult=-1 InitialResult=1 LevelAfter=1 LootInfo=-1 Name=LOC_CITIZEN_MAYA_MALE_2 Operation=58 PlotIndex=1818
mission CityName=LOC_CITY_NAME_MONTREAL CompletionTurn=83 EscapeResult=-1 InitialResult=3 LevelAfter=1 LootInfo=-1 Name=LOC_CITIZEN_MAYA_MALE_7 Operation=58 PlotIndex=1314
mission CityName=LOC_CITY_NAME_OTTAWA CompletionTurn=82 EscapeResult=-1 InitialResult=1 LevelAfter=1 LootInfo=-1 Name=LOC_CITIZEN_MAYA_MODERN_MALE_9 Operation=58 PlotIndex=978
tally 4  FOMENT_UNREST CAPTURED / NO_RESULT
tally 4  FOMENT_UNREST FAIL_MUST_ESCAPE / NO_RESULT
tally 3  FOMENT_UNREST FAIL_UNDETECTED / NO_RESULT
tally 1  FOMENT_UNREST KILLED / NO_RESULT
tally 6  FOMENT_UNREST SUCCESS_MUST_ESCAPE / NO_RESULT
tally 5  FOMENT_UNREST SUCCESS_UNDETECTED / NO_RESULT
turn 156 spies active 10 idle 2 missions 23 captured-enemy 0
spy 2359313 LOC_CITIZEN_MAYA_MALE_5 level 1 at 60:16 busy
spy 2031634 LOC_CITIZEN_MAYA_MALE_7 level 1 at 54:15 busy
spy 2555923 LOC_CITIZEN_MAYA_FEMALE_7 level 2 at 65:16 busy
spy 2293780 LOC_CITIZEN_MAYA_MODERN_FEMALE_3 level 1 at 54:15 refused
spy 2752533 LOC_CITIZEN_MAYA_MALE_8 level 2 at 54:11 busy
spy 3866646 LOC_CITIZEN_MAYA_MODERN_MALE_4 level 3 at 18:16 busy
spy 3342359 LOC_CITIZEN_MAYA_MODERN_FEMALE_9 level 3 at 73:12 busy
spy 2818072 LOC_CITIZEN_MAYA_MODERN_FEMALE_4 level 2 at 16:9 busy
spy 3014681 LOC_CITIZEN_MAYA_MODERN_FEMALE_6 level 2 at 54:21 busy
spy 3932186 LOC_CITIZEN_MAYA_FEMALE_2 level 3 at 49:10 busy
spy 3801115 LOC_CITIZEN_MAYA_FEMALE_1 level 2 at 23:19 busy
spy 3538973 LOC_CITIZEN_MAYA_MODERN_MALE_3 level 1 at 73:12 refused
turn 156 spies 12 started 0 travelled 0 promoted 0 bought 0 gold 50000
unblock: blocker ENDTURN_BLOCKING_PRODUCTION -> CHICHEN_ITZA builds BUILDING_WALLS | end turn requested
unblock: blocker ENDTURN_BLOCKING_PRODUCTION -> CHICHEN_ITZA builds BUILDING_WALLS | end turn requested
unstuck: closed sessions [2:2]
unblock: blocker ENDTURN_BLOCKING_PRODUCTION -> CHICHEN_ITZA builds BUILDING_WALLS | end turn requested
unstuck: closed sessions [3:3]
unstuck: DiplomacyActionView: Closing Diplomacy Action View. m_eventID: 2212331
unblock: blocker ENDTURN_BLOCKING_PRODUCTION -> CHICHEN_ITZA builds BUILDING_WALLS | end turn requested
unstuck: closed sessions [6:6]
unstuck: DiplomacyActionView: Closing Diplomacy Action View. m_eventID: 2215321
unblock: blocker ENDTURN_BLOCKING_PRODUCTION -> CHICHEN_ITZA builds BUILDING_WALLS | end turn requested
unstuck: closed sessions [7:7]
unstuck: DiplomacyActionView: Closing Diplomacy Action View. m_eventID: 2216111
mission CityName=LOC_CITY_NAME_WINDSOR CompletionTurn=152 EscapeResult=-1 InitialResult=5 LevelAfter=3 LootInfo=-1 Name=LOC_CITIZEN_MAYA_FEMALE_2 Operation=58 PlotIndex=889
mission CityName=LOC_CITY_NAME_KAWHIA CompletionTurn=107 EscapeResult=-1 InitialResult=4 LevelAfter=3 LootInfo=-1 Name=LOC_CITIZEN_MAYA_MODERN_MALE_4 Operation=58 PlotIndex=1362
mission CityName=LOC_CITY_NAME_THEBES CompletionTurn=105 EscapeResult=-1 InitialResult=2 LevelAfter=2 LootInfo=-1 Name=LOC_CITIZEN_MAYA_FEMALE_1 Operation=58 PlotIndex=1619
mission CityName=LOC_CITY_NAME_KAWHIA CompletionTurn=101 EscapeResult=-1 InitialResult=5 LevelAfter=2 LootInfo=-1 Name=LOC_CITIZEN_MAYA_MODERN_MALE_4 Operation=58 PlotIndex=1362
mission CityName=LOC_CITY_NAME_LINKOPING CompletionTurn=100 EscapeResult=-1 InitialResult=1 LevelAfter=1 LootInfo=-1 Name=LOC_CITIZEN_MAYA_FEMALE_4 Operation=58 PlotIndex=993
mission CityName=LOC_CITY_NAME_GOTEBORG CompletionTurn=100 EscapeResult=-1 InitialResult=4 LevelAfter=3 LootInfo=-1 Name=LOC_CITIZEN_MAYA_MODERN_FEMALE_9 Operation=58 PlotIndex=1081
mission CityName=LOC_CITY_NAME_LUND CompletionTurn=99 EscapeResult=-1 InitialResult=1 LevelAfter=1 LootInfo=-1 Name=LOC_CITIZEN_MAYA_MODERN_MALE_2 Operation=58 PlotIndex=744
mission CityName=LOC_CITY_NAME_THEBES CompletionTurn=99 EscapeResult=-1 InitialResult=5 LevelAfter=2 LootInfo=-1 Name=LOC_CITIZEN_MAYA_FEMALE_1 Operation=58 PlotIndex=1619
mission CityName=LOC_GOSSIP_LOST_CITY CompletionTurn=98 EscapeResult=-1 InitialResult=2 LevelAfter=2 LootInfo=-1 Name=LOC_CITIZEN_MAYA_FEMALE_2 Operation=58 PlotIndex=1833
mission CityName=LOC_CITY_NAME_LINKOPING CompletionTurn=96 EscapeResult=-1 InitialResult=3 LevelAfter=1 LootInfo=-1 Name=LOC_CITIZEN_MAYA_FEMALE_4 Operation=58 PlotIndex=993
mission CityName=LOC_CITY_NAME_GOTEBORG CompletionTurn=94 EscapeResult=-1 InitialResult=5 LevelAfter=2 LootInfo=-1 Name=LOC_CITIZEN_MAYA_MODERN_FEMALE_9 Operation=58 PlotIndex=1081
mission CityName=LOC_CITY_NAME_STOCKHOLM CompletionTurn=93 EscapeResult=-1 InitialResult=0 LevelAfter=1 LootInfo=-1 Name=LOC_CITIZEN_MAYA_MALE_1 Operation=58 PlotIndex=1253
mission CityName=LOC_GOSSIP_LOST_CITY CompletionTurn=91 EscapeResult=-1 InitialResult=5 LevelAfter=2 LootInfo=-1 Name=LOC_CITIZEN_MAYA_FEMALE_2 Operation=58 PlotIndex=1833
mission CityName=LOC_CITY_NAME_TORONTO CompletionTurn=91 EscapeResult=-1 InitialResult=4 LevelAfter=2 LootInfo=-1 Name=LOC_CITIZEN_MAYA_MODERN_FEMALE_6 Operation=58 PlotIndex=1818
mission CityName=LOC_CITY_NAME_MONTREAL CompletionTurn=91 EscapeResult=-1 InitialResult=2 LevelAfter=1 LootInfo=-1 Name=LOC_CITIZEN_MAYA_MALE_7 Operation=58 PlotIndex=1314
mission CityName=LOC_CITY_NAME_TE_HOKIANGA_NU_A_KUPE CompletionTurn=89 EscapeResult=-1 InitialResult=4 LevelAfter=2 LootInfo=-1 Name=LOC_CITIZEN_MAYA_MODERN_FEMALE_4 Operation=58 PlotIndex=772
mission CityName=LOC_CITY_NAME_OTTAWA CompletionTurn=89 EscapeResult=-1 InitialResult=4 LevelAfter=2 LootInfo=-1 Name=LOC_CITIZEN_MAYA_MALE_8 Operation=58 PlotIndex=978
mission CityName=LOC_CITY_NAME_HALIFAX CompletionTurn=87 EscapeResult=-1 InitialResult=4 LevelAfter=2 LootInfo=-1 Name=LOC_CITIZEN_MAYA_FEMALE_7 Operation=58 PlotIndex=1409
mission CityName=LOC_CITY_NAME_MONTREAL CompletionTurn=87 EscapeResult=-1 InitialResult=3 LevelAfter=1 LootInfo=-1 Name=LOC_CITIZEN_MAYA_MALE_7 Operation=58 PlotIndex=1314
mission CityName=LOC_CITY_NAME_QUEBEC_CITY CompletionTurn=86 EscapeResult=-1 InitialResult=2 LevelAfter=1 LootInfo=-1 Name=LOC_CITIZEN_MAYA_MALE_5 Operation=58 PlotIndex=1404
mission CityName=LOC_CITY_NAME_TORONTO CompletionTurn=84 EscapeResult=-1 InitialResult=1 LevelAfter=1 LootInfo=-1 Name=LOC_CITIZEN_MAYA_MALE_2 Operation=58 PlotIndex=1818
mission CityName=LOC_CITY_NAME_MONTREAL CompletionTurn=83 EscapeResult=-1 InitialResult=3 LevelAfter=1 LootInfo=-1 Name=LOC_CITIZEN_MAYA_MALE_7 Operation=58 PlotIndex=1314
mission CityName=LOC_CITY_NAME_OTTAWA CompletionTurn=82 EscapeResult=-1 InitialResult=1 LevelAfter=1 LootInfo=-1 Name=LOC_CITIZEN_MAYA_MODERN_MALE_9 Operation=58 PlotIndex=978
tally 4  FOMENT_UNREST CAPTURED / NO_RESULT
tally 4  FOMENT_UNREST FAIL_MUST_ESCAPE / NO_RESULT
tally 3  FOMENT_UNREST FAIL_UNDETECTED / NO_RESULT
tally 1  FOMENT_UNREST KILLED / NO_RESULT
tally 6  FOMENT_UNREST SUCCESS_MUST_ESCAPE / NO_RESULT
tally 5  FOMENT_UNREST SUCCESS_UNDETECTED / NO_RESULT
turn 157 spies active 10 idle 2 missions 23 captured-enemy 0
spy 2359313 LOC_CITIZEN_MAYA_MALE_5 level 1 at 60:16 busy
spy 2031634 LOC_CITIZEN_MAYA_MALE_7 level 1 at 54:15 busy
spy 2555923 LOC_CITIZEN_MAYA_FEMALE_7 level 2 at 65:16 busy
spy 2293780 LOC_CITIZEN_MAYA_MODERN_FEMALE_3 level 1 at 54:15 refused
spy 2752533 LOC_CITIZEN_MAYA_MALE_8 level 2 at 54:11 busy
spy 3866646 LOC_CITIZEN_MAYA_MODERN_MALE_4 level 3 at 18:16 busy
spy 3342359 LOC_CITIZEN_MAYA_MODERN_FEMALE_9 level 3 at 73:12 busy
spy 2818072 LOC_CITIZEN_MAYA_MODERN_FEMALE_4 level 2 at 16:9 busy
spy 3014681 LOC_CITIZEN_MAYA_MODERN_FEMALE_6 level 2 at 54:21 busy
spy 3932186 LOC_CITIZEN_MAYA_FEMALE_2 level 3 at 49:10 busy
spy 3801115 LOC_CITIZEN_MAYA_FEMALE_1 level 2 at 23:19 busy
spy 3538973 LOC_CITIZEN_MAYA_MODERN_MALE_3 level 1 at 73:12 refused
turn 157 spies 12 started 0 travelled 0 promoted 0 bought 0 gold 50000
unblock: blocker ENDTURN_BLOCKING_PRODUCTION -> CHICHEN_ITZA builds BUILDING_WALLS | end turn requested
unblock: blocker ENDTURN_BLOCKING_PRODUCTION -> CHICHEN_ITZA builds BUILDING_WALLS | end turn requested
mission CityName=LOC_CITY_NAME_WINDSOR CompletionTurn=158 EscapeResult=-1 InitialResult=5 LevelAfter=4 LootInfo=-1 Name=LOC_CITIZEN_MAYA_FEMALE_2 Operation=58 PlotIndex=889
mission CityName=LOC_CITY_NAME_WINDSOR CompletionTurn=152 EscapeResult=-1 InitialResult=5 LevelAfter=3 LootInfo=-1 Name=LOC_CITIZEN_MAYA_FEMALE_2 Operation=58 PlotIndex=889
mission CityName=LOC_CITY_NAME_KAWHIA CompletionTurn=107 EscapeResult=-1 InitialResult=4 LevelAfter=3 LootInfo=-1 Name=LOC_CITIZEN_MAYA_MODERN_MALE_4 Operation=58 PlotIndex=1362
mission CityName=LOC_CITY_NAME_THEBES CompletionTurn=105 EscapeResult=-1 InitialResult=2 LevelAfter=2 LootInfo=-1 Name=LOC_CITIZEN_MAYA_FEMALE_1 Operation=58 PlotIndex=1619
mission CityName=LOC_CITY_NAME_KAWHIA CompletionTurn=101 EscapeResult=-1 InitialResult=5 LevelAfter=2 LootInfo=-1 Name=LOC_CITIZEN_MAYA_MODERN_MALE_4 Operation=58 PlotIndex=1362
mission CityName=LOC_CITY_NAME_LINKOPING CompletionTurn=100 EscapeResult=-1 InitialResult=1 LevelAfter=1 LootInfo=-1 Name=LOC_CITIZEN_MAYA_FEMALE_4 Operation=58 PlotIndex=993
mission CityName=LOC_CITY_NAME_GOTEBORG CompletionTurn=100 EscapeResult=-1 InitialResult=4 LevelAfter=3 LootInfo=-1 Name=LOC_CITIZEN_MAYA_MODERN_FEMALE_9 Operation=58 PlotIndex=1081
mission CityName=LOC_CITY_NAME_LUND CompletionTurn=99 EscapeResult=-1 InitialResult=1 LevelAfter=1 LootInfo=-1 Name=LOC_CITIZEN_MAYA_MODERN_MALE_2 Operation=58 PlotIndex=744
mission CityName=LOC_CITY_NAME_THEBES CompletionTurn=99 EscapeResult=-1 InitialResult=5 LevelAfter=2 LootInfo=-1 Name=LOC_CITIZEN_MAYA_FEMALE_1 Operation=58 PlotIndex=1619
mission CityName=LOC_GOSSIP_LOST_CITY CompletionTurn=98 EscapeResult=-1 InitialResult=2 LevelAfter=2 LootInfo=-1 Name=LOC_CITIZEN_MAYA_FEMALE_2 Operation=58 PlotIndex=1833
mission CityName=LOC_CITY_NAME_LINKOPING CompletionTurn=96 EscapeResult=-1 InitialResult=3 LevelAfter=1 LootInfo=-1 Name=LOC_CITIZEN_MAYA_FEMALE_4 Operation=58 PlotIndex=993
mission CityName=LOC_CITY_NAME_GOTEBORG CompletionTurn=94 EscapeResult=-1 InitialResult=5 LevelAfter=2 LootInfo=-1 Name=LOC_CITIZEN_MAYA_MODERN_FEMALE_9 Operation=58 PlotIndex=1081
mission CityName=LOC_CITY_NAME_STOCKHOLM CompletionTurn=93 EscapeResult=-1 InitialResult=0 LevelAfter=1 LootInfo=-1 Name=LOC_CITIZEN_MAYA_MALE_1 Operation=58 PlotIndex=1253
mission CityName=LOC_GOSSIP_LOST_CITY CompletionTurn=91 EscapeResult=-1 InitialResult=5 LevelAfter=2 LootInfo=-1 Name=LOC_CITIZEN_MAYA_FEMALE_2 Operation=58 PlotIndex=1833
mission CityName=LOC_CITY_NAME_TORONTO CompletionTurn=91 EscapeResult=-1 InitialResult=4 LevelAfter=2 LootInfo=-1 Name=LOC_CITIZEN_MAYA_MODERN_FEMALE_6 Operation=58 PlotIndex=1818
mission CityName=LOC_CITY_NAME_MONTREAL CompletionTurn=91 EscapeResult=-1 InitialResult=2 LevelAfter=1 LootInfo=-1 Name=LOC_CITIZEN_MAYA_MALE_7 Operation=58 PlotIndex=1314
mission CityName=LOC_CITY_NAME_TE_HOKIANGA_NU_A_KUPE CompletionTurn=89 EscapeResult=-1 InitialResult=4 LevelAfter=2 LootInfo=-1 Name=LOC_CITIZEN_MAYA_MODERN_FEMALE_4 Operation=58 PlotIndex=772
mission CityName=LOC_CITY_NAME_OTTAWA CompletionTurn=89 EscapeResult=-1 InitialResult=4 LevelAfter=2 LootInfo=-1 Name=LOC_CITIZEN_MAYA_MALE_8 Operation=58 PlotIndex=978
mission CityName=LOC_CITY_NAME_HALIFAX CompletionTurn=87 EscapeResult=-1 InitialResult=4 LevelAfter=2 LootInfo=-1 Name=LOC_CITIZEN_MAYA_FEMALE_7 Operation=58 PlotIndex=1409
mission CityName=LOC_CITY_NAME_MONTREAL CompletionTurn=87 EscapeResult=-1 InitialResult=3 LevelAfter=1 LootInfo=-1 Name=LOC_CITIZEN_MAYA_MALE_7 Operation=58 PlotIndex=1314
mission CityName=LOC_CITY_NAME_QUEBEC_CITY CompletionTurn=86 EscapeResult=-1 InitialResult=2 LevelAfter=1 LootInfo=-1 Name=LOC_CITIZEN_MAYA_MALE_5 Operation=58 PlotIndex=1404
mission CityName=LOC_CITY_NAME_TORONTO CompletionTurn=84 EscapeResult=-1 InitialResult=1 LevelAfter=1 LootInfo=-1 Name=LOC_CITIZEN_MAYA_MALE_2 Operation=58 PlotIndex=1818
mission CityName=LOC_CITY_NAME_MONTREAL CompletionTurn=83 EscapeResult=-1 InitialResult=3 LevelAfter=1 LootInfo=-1 Name=LOC_CITIZEN_MAYA_MALE_7 Operation=58 PlotIndex=1314
mission CityName=LOC_CITY_NAME_OTTAWA CompletionTurn=82 EscapeResult=-1 InitialResult=1 LevelAfter=1 LootInfo=-1 Name=LOC_CITIZEN_MAYA_MODERN_MALE_9 Operation=58 PlotIndex=978
tally 4  FOMENT_UNREST CAPTURED / NO_RESULT
tally 4  FOMENT_UNREST FAIL_MUST_ESCAPE / NO_RESULT
tally 3  FOMENT_UNREST FAIL_UNDETECTED / NO_RESULT
tally 1  FOMENT_UNREST KILLED / NO_RESULT
tally 6  FOMENT_UNREST SUCCESS_MUST_ESCAPE / NO_RESULT
tally 6  FOMENT_UNREST SUCCESS_UNDETECTED / NO_RESULT
turn 158 spies active 9 idle 3 missions 24 captured-enemy 0
spy 2359313 LOC_CITIZEN_MAYA_MALE_5 level 1 at 60:16 busy
spy 2031634 LOC_CITIZEN_MAYA_MALE_7 level 1 at 54:15 busy
spy 2555923 LOC_CITIZEN_MAYA_FEMALE_7 level 2 at 65:16 busy
spy 2293780 LOC_CITIZEN_MAYA_MODERN_FEMALE_3 level 1 at 54:15 refused
spy 2752533 LOC_CITIZEN_MAYA_MALE_8 level 2 at 54:11 busy
spy 3866646 LOC_CITIZEN_MAYA_MODERN_MALE_4 level 3 at 18:16 busy
spy 3342359 LOC_CITIZEN_MAYA_MODERN_FEMALE_9 level 3 at 73:12 busy
spy 2818072 LOC_CITIZEN_MAYA_MODERN_FEMALE_4 level 2 at 16:9 busy
spy 3014681 LOC_CITIZEN_MAYA_MODERN_FEMALE_6 level 2 at 54:21 busy
spy 3932186 LOC_CITIZEN_MAYA_FEMALE_2 level 3 at 49:10 refused
spy 3801115 LOC_CITIZEN_MAYA_FEMALE_1 level 2 at 23:19 busy
spy 3538973 LOC_CITIZEN_MAYA_MODERN_MALE_3 level 1 at 73:12 refused
turn 158 spies 12 started 0 travelled 0 promoted 1 bought 0 gold 50000
unblock: blocker ENDTURN_BLOCKING_PRODUCTION -> CHICHEN_ITZA builds BUILDING_WALLS | end turn requested
unstuck: closed sessions [3:3]
unstuck: DiplomacyActionView: Closing Diplomacy Action View. m_eventID: 2231860
unblock: blocker ENDTURN_BLOCKING_PRODUCTION -> CHICHEN_ITZA builds BUILDING_WALLS | end turn requested
unstuck: closed sessions [4:4]
unstuck: DiplomacyActionView: Closing Diplomacy Action View. m_eventID: 2232463
mission CityName=LOC_CITY_NAME_WINDSOR CompletionTurn=158 EscapeResult=-1 InitialResult=5 LevelAfter=4 LootInfo=-1 Name=LOC_CITIZEN_MAYA_FEMALE_2 Operation=58 PlotIndex=889
mission CityName=LOC_CITY_NAME_WINDSOR CompletionTurn=152 EscapeResult=-1 InitialResult=5 LevelAfter=3 LootInfo=-1 Name=LOC_CITIZEN_MAYA_FEMALE_2 Operation=58 PlotIndex=889
mission CityName=LOC_CITY_NAME_KAWHIA CompletionTurn=107 EscapeResult=-1 InitialResult=4 LevelAfter=3 LootInfo=-1 Name=LOC_CITIZEN_MAYA_MODERN_MALE_4 Operation=58 PlotIndex=1362
mission CityName=LOC_CITY_NAME_THEBES CompletionTurn=105 EscapeResult=-1 InitialResult=2 LevelAfter=2 LootInfo=-1 Name=LOC_CITIZEN_MAYA_FEMALE_1 Operation=58 PlotIndex=1619
mission CityName=LOC_CITY_NAME_KAWHIA CompletionTurn=101 EscapeResult=-1 InitialResult=5 LevelAfter=2 LootInfo=-1 Name=LOC_CITIZEN_MAYA_MODERN_MALE_4 Operation=58 PlotIndex=1362
mission CityName=LOC_CITY_NAME_LINKOPING CompletionTurn=100 EscapeResult=-1 InitialResult=1 LevelAfter=1 LootInfo=-1 Name=LOC_CITIZEN_MAYA_FEMALE_4 Operation=58 PlotIndex=993
mission CityName=LOC_CITY_NAME_GOTEBORG CompletionTurn=100 EscapeResult=-1 InitialResult=4 LevelAfter=3 LootInfo=-1 Name=LOC_CITIZEN_MAYA_MODERN_FEMALE_9 Operation=58 PlotIndex=1081
mission CityName=LOC_CITY_NAME_LUND CompletionTurn=99 EscapeResult=-1 InitialResult=1 LevelAfter=1 LootInfo=-1 Name=LOC_CITIZEN_MAYA_MODERN_MALE_2 Operation=58 PlotIndex=744
mission CityName=LOC_CITY_NAME_THEBES CompletionTurn=99 EscapeResult=-1 InitialResult=5 LevelAfter=2 LootInfo=-1 Name=LOC_CITIZEN_MAYA_FEMALE_1 Operation=58 PlotIndex=1619
mission CityName=LOC_GOSSIP_LOST_CITY CompletionTurn=98 EscapeResult=-1 InitialResult=2 LevelAfter=2 LootInfo=-1 Name=LOC_CITIZEN_MAYA_FEMALE_2 Operation=58 PlotIndex=1833
mission CityName=LOC_CITY_NAME_LINKOPING CompletionTurn=96 EscapeResult=-1 InitialResult=3 LevelAfter=1 LootInfo=-1 Name=LOC_CITIZEN_MAYA_FEMALE_4 Operation=58 PlotIndex=993
mission CityName=LOC_CITY_NAME_GOTEBORG CompletionTurn=94 EscapeResult=-1 InitialResult=5 LevelAfter=2 LootInfo=-1 Name=LOC_CITIZEN_MAYA_MODERN_FEMALE_9 Operation=58 PlotIndex=1081
mission CityName=LOC_CITY_NAME_STOCKHOLM CompletionTurn=93 EscapeResult=-1 InitialResult=0 LevelAfter=1 LootInfo=-1 Name=LOC_CITIZEN_MAYA_MALE_1 Operation=58 PlotIndex=1253
mission CityName=LOC_GOSSIP_LOST_CITY CompletionTurn=91 EscapeResult=-1 InitialResult=5 LevelAfter=2 LootInfo=-1 Name=LOC_CITIZEN_MAYA_FEMALE_2 Operation=58 PlotIndex=1833
mission CityName=LOC_CITY_NAME_TORONTO CompletionTurn=91 EscapeResult=-1 InitialResult=4 LevelAfter=2 LootInfo=-1 Name=LOC_CITIZEN_MAYA_MODERN_FEMALE_6 Operation=58 PlotIndex=1818
mission CityName=LOC_CITY_NAME_MONTREAL CompletionTurn=91 EscapeResult=-1 InitialResult=2 LevelAfter=1 LootInfo=-1 Name=LOC_CITIZEN_MAYA_MALE_7 Operation=58 PlotIndex=1314
mission CityName=LOC_CITY_NAME_TE_HOKIANGA_NU_A_KUPE CompletionTurn=89 EscapeResult=-1 InitialResult=4 LevelAfter=2 LootInfo=-1 Name=LOC_CITIZEN_MAYA_MODERN_FEMALE_4 Operation=58 PlotIndex=772
mission CityName=LOC_CITY_NAME_OTTAWA CompletionTurn=89 EscapeResult=-1 InitialResult=4 LevelAfter=2 LootInfo=-1 Name=LOC_CITIZEN_MAYA_MALE_8 Operation=58 PlotIndex=978
mission CityName=LOC_CITY_NAME_HALIFAX CompletionTurn=87 EscapeResult=-1 InitialResult=4 LevelAfter=2 LootInfo=-1 Name=LOC_CITIZEN_MAYA_FEMALE_7 Operation=58 PlotIndex=1409
mission CityName=LOC_CITY_NAME_MONTREAL CompletionTurn=87 EscapeResult=-1 InitialResult=3 LevelAfter=1 LootInfo=-1 Name=LOC_CITIZEN_MAYA_MALE_7 Operation=58 PlotIndex=1314
mission CityName=LOC_CITY_NAME_QUEBEC_CITY CompletionTurn=86 EscapeResult=-1 InitialResult=2 LevelAfter=1 LootInfo=-1 Name=LOC_CITIZEN_MAYA_MALE_5 Operation=58 PlotIndex=1404
mission CityName=LOC_CITY_NAME_TORONTO CompletionTurn=84 EscapeResult=-1 InitialResult=1 LevelAfter=1 LootInfo=-1 Name=LOC_CITIZEN_MAYA_MALE_2 Operation=58 PlotIndex=1818
mission CityName=LOC_CITY_NAME_MONTREAL CompletionTurn=83 EscapeResult=-1 InitialResult=3 LevelAfter=1 LootInfo=-1 Name=LOC_CITIZEN_MAYA_MALE_7 Operation=58 PlotIndex=1314
mission CityName=LOC_CITY_NAME_OTTAWA CompletionTurn=82 EscapeResult=-1 InitialResult=1 LevelAfter=1 LootInfo=-1 Name=LOC_CITIZEN_MAYA_MODERN_MALE_9 Operation=58 PlotIndex=978
tally 4  FOMENT_UNREST CAPTURED / NO_RESULT
tally 4  FOMENT_UNREST FAIL_MUST_ESCAPE / NO_RESULT
tally 3  FOMENT_UNREST FAIL_UNDETECTED / NO_RESULT
tally 1  FOMENT_UNREST KILLED / NO_RESULT
tally 6  FOMENT_UNREST SUCCESS_MUST_ESCAPE / NO_RESULT
tally 6  FOMENT_UNREST SUCCESS_UNDETECTED / NO_RESULT
turn 159 spies active 9 idle 3 missions 24 captured-enemy 0
spy 2359313 LOC_CITIZEN_MAYA_MALE_5 level 1 at 60:16 busy
spy 2031634 LOC_CITIZEN_MAYA_MALE_7 level 1 at 54:15 busy
spy 2555923 LOC_CITIZEN_MAYA_FEMALE_7 level 2 at 65:16 busy
spy 2293780 LOC_CITIZEN_MAYA_MODERN_FEMALE_3 level 1 at 54:15 refused
spy 2752533 LOC_CITIZEN_MAYA_MALE_8 level 2 at 54:11 busy
spy 3866646 LOC_CITIZEN_MAYA_MODERN_MALE_4 level 3 at 18:16 busy
spy 3342359 LOC_CITIZEN_MAYA_MODERN_FEMALE_9 level 3 at 73:12 busy
spy 2818072 LOC_CITIZEN_MAYA_MODERN_FEMALE_4 level 2 at 16:9 busy
spy 3014681 LOC_CITIZEN_MAYA_MODERN_FEMALE_6 level 2 at 54:21 busy
spy 3932186 LOC_CITIZEN_MAYA_FEMALE_2 level 3 at 49:10 start
spy 3801115 LOC_CITIZEN_MAYA_FEMALE_1 level 2 at 23:19 busy
spy 3538973 LOC_CITIZEN_MAYA_MODERN_MALE_3 level 1 at 73:12 refused
turn 159 spies 12 started 1 travelled 0 promoted 1 bought 0 gold 50000
unblock: blocker ENDTURN_BLOCKING_PRODUCTION -> CHICHEN_ITZA builds BUILDING_WALLS | end turn requested
unstuck: HistoricMoments: closed
unblock: blocker ENDTURN_BLOCKING_PRODUCTION -> CHICHEN_ITZA builds BUILDING_WALLS | end turn requested
unstuck: closed sessions [5:5]
unstuck: DiplomacyActionView: Closing Diplomacy Action View. m_eventID: 2242704
mission CityName=LOC_CITY_NAME_WINDSOR CompletionTurn=158 EscapeResult=-1 InitialResult=5 LevelAfter=4 LootInfo=-1 Name=LOC_CITIZEN_MAYA_FEMALE_2 Operation=58 PlotIndex=889
mission CityName=LOC_CITY_NAME_WINDSOR CompletionTurn=152 EscapeResult=-1 InitialResult=5 LevelAfter=3 LootInfo=-1 Name=LOC_CITIZEN_MAYA_FEMALE_2 Operation=58 PlotIndex=889
mission CityName=LOC_CITY_NAME_KAWHIA CompletionTurn=107 EscapeResult=-1 InitialResult=4 LevelAfter=3 LootInfo=-1 Name=LOC_CITIZEN_MAYA_MODERN_MALE_4 Operation=58 PlotIndex=1362
mission CityName=LOC_CITY_NAME_THEBES CompletionTurn=105 EscapeResult=-1 InitialResult=2 LevelAfter=2 LootInfo=-1 Name=LOC_CITIZEN_MAYA_FEMALE_1 Operation=58 PlotIndex=1619
mission CityName=LOC_CITY_NAME_KAWHIA CompletionTurn=101 EscapeResult=-1 InitialResult=5 LevelAfter=2 LootInfo=-1 Name=LOC_CITIZEN_MAYA_MODERN_MALE_4 Operation=58 PlotIndex=1362
mission CityName=LOC_CITY_NAME_LINKOPING CompletionTurn=100 EscapeResult=-1 InitialResult=1 LevelAfter=1 LootInfo=-1 Name=LOC_CITIZEN_MAYA_FEMALE_4 Operation=58 PlotIndex=993
mission CityName=LOC_CITY_NAME_GOTEBORG CompletionTurn=100 EscapeResult=-1 InitialResult=4 LevelAfter=3 LootInfo=-1 Name=LOC_CITIZEN_MAYA_MODERN_FEMALE_9 Operation=58 PlotIndex=1081
mission CityName=LOC_CITY_NAME_LUND CompletionTurn=99 EscapeResult=-1 InitialResult=1 LevelAfter=1 LootInfo=-1 Name=LOC_CITIZEN_MAYA_MODERN_MALE_2 Operation=58 PlotIndex=744
mission CityName=LOC_CITY_NAME_THEBES CompletionTurn=99 EscapeResult=-1 InitialResult=5 LevelAfter=2 LootInfo=-1 Name=LOC_CITIZEN_MAYA_FEMALE_1 Operation=58 PlotIndex=1619
mission CityName=LOC_GOSSIP_LOST_CITY CompletionTurn=98 EscapeResult=-1 InitialResult=2 LevelAfter=2 LootInfo=-1 Name=LOC_CITIZEN_MAYA_FEMALE_2 Operation=58 PlotIndex=1833
mission CityName=LOC_CITY_NAME_LINKOPING CompletionTurn=96 EscapeResult=-1 InitialResult=3 LevelAfter=1 LootInfo=-1 Name=LOC_CITIZEN_MAYA_FEMALE_4 Operation=58 PlotIndex=993
mission CityName=LOC_CITY_NAME_GOTEBORG CompletionTurn=94 EscapeResult=-1 InitialResult=5 LevelAfter=2 LootInfo=-1 Name=LOC_CITIZEN_MAYA_MODERN_FEMALE_9 Operation=58 PlotIndex=1081
mission CityName=LOC_CITY_NAME_STOCKHOLM CompletionTurn=93 EscapeResult=-1 InitialResult=0 LevelAfter=1 LootInfo=-1 Name=LOC_CITIZEN_MAYA_MALE_1 Operation=58 PlotIndex=1253
mission CityName=LOC_GOSSIP_LOST_CITY CompletionTurn=91 EscapeResult=-1 InitialResult=5 LevelAfter=2 LootInfo=-1 Name=LOC_CITIZEN_MAYA_FEMALE_2 Operation=58 PlotIndex=1833
mission CityName=LOC_CITY_NAME_TORONTO CompletionTurn=91 EscapeResult=-1 InitialResult=4 LevelAfter=2 LootInfo=-1 Name=LOC_CITIZEN_MAYA_MODERN_FEMALE_6 Operation=58 PlotIndex=1818
mission CityName=LOC_CITY_NAME_MONTREAL CompletionTurn=91 EscapeResult=-1 InitialResult=2 LevelAfter=1 LootInfo=-1 Name=LOC_CITIZEN_MAYA_MALE_7 Operation=58 PlotIndex=1314
mission CityName=LOC_CITY_NAME_TE_HOKIANGA_NU_A_KUPE CompletionTurn=89 EscapeResult=-1 InitialResult=4 LevelAfter=2 LootInfo=-1 Name=LOC_CITIZEN_MAYA_MODERN_FEMALE_4 Operation=58 PlotIndex=772
mission CityName=LOC_CITY_NAME_OTTAWA CompletionTurn=89 EscapeResult=-1 InitialResult=4 LevelAfter=2 LootInfo=-1 Name=LOC_CITIZEN_MAYA_MALE_8 Operation=58 PlotIndex=978
mission CityName=LOC_CITY_NAME_HALIFAX CompletionTurn=87 EscapeResult=-1 InitialResult=4 LevelAfter=2 LootInfo=-1 Name=LOC_CITIZEN_MAYA_FEMALE_7 Operation=58 PlotIndex=1409
mission CityName=LOC_CITY_NAME_MONTREAL CompletionTurn=87 EscapeResult=-1 InitialResult=3 LevelAfter=1 LootInfo=-1 Name=LOC_CITIZEN_MAYA_MALE_7 Operation=58 PlotIndex=1314
mission CityName=LOC_CITY_NAME_QUEBEC_CITY CompletionTurn=86 EscapeResult=-1 InitialResult=2 LevelAfter=1 LootInfo=-1 Name=LOC_CITIZEN_MAYA_MALE_5 Operation=58 PlotIndex=1404
mission CityName=LOC_CITY_NAME_TORONTO CompletionTurn=84 EscapeResult=-1 InitialResult=1 LevelAfter=1 LootInfo=-1 Name=LOC_CITIZEN_MAYA_MALE_2 Operation=58 PlotIndex=1818
mission CityName=LOC_CITY_NAME_MONTREAL CompletionTurn=83 EscapeResult=-1 InitialResult=3 LevelAfter=1 LootInfo=-1 Name=LOC_CITIZEN_MAYA_MALE_7 Operation=58 PlotIndex=1314
mission CityName=LOC_CITY_NAME_OTTAWA CompletionTurn=82 EscapeResult=-1 InitialResult=1 LevelAfter=1 LootInfo=-1 Name=LOC_CITIZEN_MAYA_MODERN_MALE_9 Operation=58 PlotIndex=978
tally 4  FOMENT_UNREST CAPTURED / NO_RESULT
tally 4  FOMENT_UNREST FAIL_MUST_ESCAPE / NO_RESULT
tally 3  FOMENT_UNREST FAIL_UNDETECTED / NO_RESULT
tally 1  FOMENT_UNREST KILLED / NO_RESULT
tally 6  FOMENT_UNREST SUCCESS_MUST_ESCAPE / NO_RESULT
tally 6  FOMENT_UNREST SUCCESS_UNDETECTED / NO_RESULT
turn 160 spies active 10 idle 2 missions 24 captured-enemy 0
spy 2359313 LOC_CITIZEN_MAYA_MALE_5 level 1 at 60:16 busy
spy 2031634 LOC_CITIZEN_MAYA_MALE_7 level 1 at 54:15 busy
spy 2555923 LOC_CITIZEN_MAYA_FEMALE_7 level 2 at 65:16 busy
spy 2293780 LOC_CITIZEN_MAYA_MODERN_FEMALE_3 level 1 at 54:15 refused
spy 2752533 LOC_CITIZEN_MAYA_MALE_8 level 2 at 54:11 busy
spy 3866646 LOC_CITIZEN_MAYA_MODERN_MALE_4 level 3 at 18:16 busy
spy 3342359 LOC_CITIZEN_MAYA_MODERN_FEMALE_9 level 3 at 73:12 busy
spy 2818072 LOC_CITIZEN_MAYA_MODERN_FEMALE_4 level 2 at 16:9 busy
spy 3014681 LOC_CITIZEN_MAYA_MODERN_FEMALE_6 level 2 at 54:21 busy
spy 3932186 LOC_CITIZEN_MAYA_FEMALE_2 level 4 at 49:10 busy
spy 3801115 LOC_CITIZEN_MAYA_FEMALE_1 level 2 at 23:19 busy
spy 3538973 LOC_CITIZEN_MAYA_MODERN_MALE_3 level 1 at 73:12 refused
turn 160 spies 12 started 0 travelled 0 promoted 0 bought 0 gold 50000
unblock: blocker ENDTURN_BLOCKING_PRODUCTION -> CHICHEN_ITZA builds BUILDING_WALLS | end turn requested
unblock: blocker ENDTURN_BLOCKING_PRODUCTION -> CHICHEN_ITZA builds BUILDING_WALLS | end turn requested
unblock: blocker ENDTURN_BLOCKING_PRODUCTION -> CHICHEN_ITZA builds BUILDING_WALLS | end turn requested
unstuck: closed sessions [3:3]
unstuck: DiplomacyActionView: Closing Diplomacy Action View. m_eventID: 2250198
unblock: blocker ENDTURN_BLOCKING_PRODUCTION -> CHICHEN_ITZA builds BUILDING_WALLS | end turn requested
unstuck: closed sessions [6:6]
unstuck: DiplomacyActionView: Closing Diplomacy Action View. m_eventID: 2252607
mission CityName=LOC_CITY_NAME_WINDSOR CompletionTurn=158 EscapeResult=-1 InitialResult=5 LevelAfter=4 LootInfo=-1 Name=LOC_CITIZEN_MAYA_FEMALE_2 Operation=58 PlotIndex=889
mission CityName=LOC_CITY_NAME_WINDSOR CompletionTurn=152 EscapeResult=-1 InitialResult=5 LevelAfter=3 LootInfo=-1 Name=LOC_CITIZEN_MAYA_FEMALE_2 Operation=58 PlotIndex=889
mission CityName=LOC_CITY_NAME_KAWHIA CompletionTurn=107 EscapeResult=-1 InitialResult=4 LevelAfter=3 LootInfo=-1 Name=LOC_CITIZEN_MAYA_MODERN_MALE_4 Operation=58 PlotIndex=1362
mission CityName=LOC_CITY_NAME_THEBES CompletionTurn=105 EscapeResult=-1 InitialResult=2 LevelAfter=2 LootInfo=-1 Name=LOC_CITIZEN_MAYA_FEMALE_1 Operation=58 PlotIndex=1619
mission CityName=LOC_CITY_NAME_KAWHIA CompletionTurn=101 EscapeResult=-1 InitialResult=5 LevelAfter=2 LootInfo=-1 Name=LOC_CITIZEN_MAYA_MODERN_MALE_4 Operation=58 PlotIndex=1362
mission CityName=LOC_CITY_NAME_LINKOPING CompletionTurn=100 EscapeResult=-1 InitialResult=1 LevelAfter=1 LootInfo=-1 Name=LOC_CITIZEN_MAYA_FEMALE_4 Operation=58 PlotIndex=993
mission CityName=LOC_CITY_NAME_GOTEBORG CompletionTurn=100 EscapeResult=-1 InitialResult=4 LevelAfter=3 LootInfo=-1 Name=LOC_CITIZEN_MAYA_MODERN_FEMALE_9 Operation=58 PlotIndex=1081
mission CityName=LOC_CITY_NAME_LUND CompletionTurn=99 EscapeResult=-1 InitialResult=1 LevelAfter=1 LootInfo=-1 Name=LOC_CITIZEN_MAYA_MODERN_MALE_2 Operation=58 PlotIndex=744
mission CityName=LOC_CITY_NAME_THEBES CompletionTurn=99 EscapeResult=-1 InitialResult=5 LevelAfter=2 LootInfo=-1 Name=LOC_CITIZEN_MAYA_FEMALE_1 Operation=58 PlotIndex=1619
mission CityName=LOC_GOSSIP_LOST_CITY CompletionTurn=98 EscapeResult=-1 InitialResult=2 LevelAfter=2 LootInfo=-1 Name=LOC_CITIZEN_MAYA_FEMALE_2 Operation=58 PlotIndex=1833
mission CityName=LOC_CITY_NAME_LINKOPING CompletionTurn=96 EscapeResult=-1 InitialResult=3 LevelAfter=1 LootInfo=-1 Name=LOC_CITIZEN_MAYA_FEMALE_4 Operation=58 PlotIndex=993
mission CityName=LOC_CITY_NAME_GOTEBORG CompletionTurn=94 EscapeResult=-1 InitialResult=5 LevelAfter=2 LootInfo=-1 Name=LOC_CITIZEN_MAYA_MODERN_FEMALE_9 Operation=58 PlotIndex=1081
mission CityName=LOC_CITY_NAME_STOCKHOLM CompletionTurn=93 EscapeResult=-1 InitialResult=0 LevelAfter=1 LootInfo=-1 Name=LOC_CITIZEN_MAYA_MALE_1 Operation=58 PlotIndex=1253
mission CityName=LOC_GOSSIP_LOST_CITY CompletionTurn=91 EscapeResult=-1 InitialResult=5 LevelAfter=2 LootInfo=-1 Name=LOC_CITIZEN_MAYA_FEMALE_2 Operation=58 PlotIndex=1833
mission CityName=LOC_CITY_NAME_TORONTO CompletionTurn=91 EscapeResult=-1 InitialResult=4 LevelAfter=2 LootInfo=-1 Name=LOC_CITIZEN_MAYA_MODERN_FEMALE_6 Operation=58 PlotIndex=1818
mission CityName=LOC_CITY_NAME_MONTREAL CompletionTurn=91 EscapeResult=-1 InitialResult=2 LevelAfter=1 LootInfo=-1 Name=LOC_CITIZEN_MAYA_MALE_7 Operation=58 PlotIndex=1314
mission CityName=LOC_CITY_NAME_TE_HOKIANGA_NU_A_KUPE CompletionTurn=89 EscapeResult=-1 InitialResult=4 LevelAfter=2 LootInfo=-1 Name=LOC_CITIZEN_MAYA_MODERN_FEMALE_4 Operation=58 PlotIndex=772
mission CityName=LOC_CITY_NAME_OTTAWA CompletionTurn=89 EscapeResult=-1 InitialResult=4 LevelAfter=2 LootInfo=-1 Name=LOC_CITIZEN_MAYA_MALE_8 Operation=58 PlotIndex=978
mission CityName=LOC_CITY_NAME_HALIFAX CompletionTurn=87 EscapeResult=-1 InitialResult=4 LevelAfter=2 LootInfo=-1 Name=LOC_CITIZEN_MAYA_FEMALE_7 Operation=58 PlotIndex=1409
mission CityName=LOC_CITY_NAME_MONTREAL CompletionTurn=87 EscapeResult=-1 InitialResult=3 LevelAfter=1 LootInfo=-1 Name=LOC_CITIZEN_MAYA_MALE_7 Operation=58 PlotIndex=1314
mission CityName=LOC_CITY_NAME_QUEBEC_CITY CompletionTurn=86 EscapeResult=-1 InitialResult=2 LevelAfter=1 LootInfo=-1 Name=LOC_CITIZEN_MAYA_MALE_5 Operation=58 PlotIndex=1404
mission CityName=LOC_CITY_NAME_TORONTO CompletionTurn=84 EscapeResult=-1 InitialResult=1 LevelAfter=1 LootInfo=-1 Name=LOC_CITIZEN_MAYA_MALE_2 Operation=58 PlotIndex=1818
mission CityName=LOC_CITY_NAME_MONTREAL CompletionTurn=83 EscapeResult=-1 InitialResult=3 LevelAfter=1 LootInfo=-1 Name=LOC_CITIZEN_MAYA_MALE_7 Operation=58 PlotIndex=1314
mission CityName=LOC_CITY_NAME_OTTAWA CompletionTurn=82 EscapeResult=-1 InitialResult=1 LevelAfter=1 LootInfo=-1 Name=LOC_CITIZEN_MAYA_MODERN_MALE_9 Operation=58 PlotIndex=978
tally 4  FOMENT_UNREST CAPTURED / NO_RESULT
tally 4  FOMENT_UNREST FAIL_MUST_ESCAPE / NO_RESULT
tally 3  FOMENT_UNREST FAIL_UNDETECTED / NO_RESULT
tally 1  FOMENT_UNREST KILLED / NO_RESULT
tally 6  FOMENT_UNREST SUCCESS_MUST_ESCAPE / NO_RESULT
tally 6  FOMENT_UNREST SUCCESS_UNDETECTED / NO_RESULT
turn 161 spies active 9 idle 3 missions 24 captured-enemy 0
spy 2359313 LOC_CITIZEN_MAYA_MALE_5 level 1 at 60:16 busy
spy 2031634 LOC_CITIZEN_MAYA_MALE_7 level 1 at 54:15 busy
spy 2555923 LOC_CITIZEN_MAYA_FEMALE_7 level 2 at 65:16 busy
spy 2293780 LOC_CITIZEN_MAYA_MODERN_FEMALE_3 level 1 at 54:15 refused
spy 2752533 LOC_CITIZEN_MAYA_MALE_8 level 2 at 54:11 busy
spy 3866646 LOC_CITIZEN_MAYA_MODERN_MALE_4 level 3 at 18:16 busy
spy 3342359 LOC_CITIZEN_MAYA_MODERN_FEMALE_9 level 3 at 73:12 busy
spy 2818072 LOC_CITIZEN_MAYA_MODERN_FEMALE_4 level 2 at 16:9 busy
spy 3014681 LOC_CITIZEN_MAYA_MODERN_FEMALE_6 level 2 at 54:21 busy
spy 3932186 LOC_CITIZEN_MAYA_FEMALE_2 level 4 at 49:10 start
spy 3801115 LOC_CITIZEN_MAYA_FEMALE_1 level 2 at 23:19 busy
spy 3538973 LOC_CITIZEN_MAYA_MODERN_MALE_3 level 1 at 73:12 refused
turn 161 spies 12 started 1 travelled 0 promoted 0 bought 0 gold 50000
unblock: blocker ENDTURN_BLOCKING_PRODUCTION -> CHICHEN_ITZA builds BUILDING_WALLS | end turn requested
unblock: blocker ENDTURN_BLOCKING_PRODUCTION -> CHICHEN_ITZA builds BUILDING_WALLS | end turn requested
unstuck: closed sessions [7:7]
unstuck: DiplomacyActionView: Closing Diplomacy Action View. m_eventID: 2264310
unstuck: WorldCongressIntro: closed
unstuck: WorldCongressPopup: closed
unblock: blocker ENDTURN_BLOCKING_WORLD_CONGRESS_SESSION -> nothing | end turn requested
unstuck: NaturalDisasterPopup: closed
unstuck: WorldCongressPopup: closed
mission CityName=LOC_CITY_NAME_WINDSOR CompletionTurn=158 EscapeResult=-1 InitialResult=5 LevelAfter=4 LootInfo=-1 Name=LOC_CITIZEN_MAYA_FEMALE_2 Operation=58 PlotIndex=889
mission CityName=LOC_CITY_NAME_WINDSOR CompletionTurn=152 EscapeResult=-1 InitialResult=5 LevelAfter=3 LootInfo=-1 Name=LOC_CITIZEN_MAYA_FEMALE_2 Operation=58 PlotIndex=889
mission CityName=LOC_CITY_NAME_KAWHIA CompletionTurn=107 EscapeResult=-1 InitialResult=4 LevelAfter=3 LootInfo=-1 Name=LOC_CITIZEN_MAYA_MODERN_MALE_4 Operation=58 PlotIndex=1362
mission CityName=LOC_CITY_NAME_THEBES CompletionTurn=105 EscapeResult=-1 InitialResult=2 LevelAfter=2 LootInfo=-1 Name=LOC_CITIZEN_MAYA_FEMALE_1 Operation=58 PlotIndex=1619
mission CityName=LOC_CITY_NAME_KAWHIA CompletionTurn=101 EscapeResult=-1 InitialResult=5 LevelAfter=2 LootInfo=-1 Name=LOC_CITIZEN_MAYA_MODERN_MALE_4 Operation=58 PlotIndex=1362
mission CityName=LOC_CITY_NAME_LINKOPING CompletionTurn=100 EscapeResult=-1 InitialResult=1 LevelAfter=1 LootInfo=-1 Name=LOC_CITIZEN_MAYA_FEMALE_4 Operation=58 PlotIndex=993
mission CityName=LOC_CITY_NAME_GOTEBORG CompletionTurn=100 EscapeResult=-1 InitialResult=4 LevelAfter=3 LootInfo=-1 Name=LOC_CITIZEN_MAYA_MODERN_FEMALE_9 Operation=58 PlotIndex=1081
mission CityName=LOC_CITY_NAME_LUND CompletionTurn=99 EscapeResult=-1 InitialResult=1 LevelAfter=1 LootInfo=-1 Name=LOC_CITIZEN_MAYA_MODERN_MALE_2 Operation=58 PlotIndex=744
mission CityName=LOC_CITY_NAME_THEBES CompletionTurn=99 EscapeResult=-1 InitialResult=5 LevelAfter=2 LootInfo=-1 Name=LOC_CITIZEN_MAYA_FEMALE_1 Operation=58 PlotIndex=1619
mission CityName=LOC_GOSSIP_LOST_CITY CompletionTurn=98 EscapeResult=-1 InitialResult=2 LevelAfter=2 LootInfo=-1 Name=LOC_CITIZEN_MAYA_FEMALE_2 Operation=58 PlotIndex=1833
mission CityName=LOC_CITY_NAME_LINKOPING CompletionTurn=96 EscapeResult=-1 InitialResult=3 LevelAfter=1 LootInfo=-1 Name=LOC_CITIZEN_MAYA_FEMALE_4 Operation=58 PlotIndex=993
mission CityName=LOC_CITY_NAME_GOTEBORG CompletionTurn=94 EscapeResult=-1 InitialResult=5 LevelAfter=2 LootInfo=-1 Name=LOC_CITIZEN_MAYA_MODERN_FEMALE_9 Operation=58 PlotIndex=1081
mission CityName=LOC_CITY_NAME_STOCKHOLM CompletionTurn=93 EscapeResult=-1 InitialResult=0 LevelAfter=1 LootInfo=-1 Name=LOC_CITIZEN_MAYA_MALE_1 Operation=58 PlotIndex=1253
mission CityName=LOC_GOSSIP_LOST_CITY CompletionTurn=91 EscapeResult=-1 InitialResult=5 LevelAfter=2 LootInfo=-1 Name=LOC_CITIZEN_MAYA_FEMALE_2 Operation=58 PlotIndex=1833
mission CityName=LOC_CITY_NAME_TORONTO CompletionTurn=91 EscapeResult=-1 InitialResult=4 LevelAfter=2 LootInfo=-1 Name=LOC_CITIZEN_MAYA_MODERN_FEMALE_6 Operation=58 PlotIndex=1818
mission CityName=LOC_CITY_NAME_MONTREAL CompletionTurn=91 EscapeResult=-1 InitialResult=2 LevelAfter=1 LootInfo=-1 Name=LOC_CITIZEN_MAYA_MALE_7 Operation=58 PlotIndex=1314
mission CityName=LOC_CITY_NAME_TE_HOKIANGA_NU_A_KUPE CompletionTurn=89 EscapeResult=-1 InitialResult=4 LevelAfter=2 LootInfo=-1 Name=LOC_CITIZEN_MAYA_MODERN_FEMALE_4 Operation=58 PlotIndex=772
mission CityName=LOC_CITY_NAME_OTTAWA CompletionTurn=89 EscapeResult=-1 InitialResult=4 LevelAfter=2 LootInfo=-1 Name=LOC_CITIZEN_MAYA_MALE_8 Operation=58 PlotIndex=978
mission CityName=LOC_CITY_NAME_HALIFAX CompletionTurn=87 EscapeResult=-1 InitialResult=4 LevelAfter=2 LootInfo=-1 Name=LOC_CITIZEN_MAYA_FEMALE_7 Operation=58 PlotIndex=1409
mission CityName=LOC_CITY_NAME_MONTREAL CompletionTurn=87 EscapeResult=-1 InitialResult=3 LevelAfter=1 LootInfo=-1 Name=LOC_CITIZEN_MAYA_MALE_7 Operation=58 PlotIndex=1314
mission CityName=LOC_CITY_NAME_QUEBEC_CITY CompletionTurn=86 EscapeResult=-1 InitialResult=2 LevelAfter=1 LootInfo=-1 Name=LOC_CITIZEN_MAYA_MALE_5 Operation=58 PlotIndex=1404
mission CityName=LOC_CITY_NAME_TORONTO CompletionTurn=84 EscapeResult=-1 InitialResult=1 LevelAfter=1 LootInfo=-1 Name=LOC_CITIZEN_MAYA_MALE_2 Operation=58 PlotIndex=1818
mission CityName=LOC_CITY_NAME_MONTREAL CompletionTurn=83 EscapeResult=-1 InitialResult=3 LevelAfter=1 LootInfo=-1 Name=LOC_CITIZEN_MAYA_MALE_7 Operation=58 PlotIndex=1314
mission CityName=LOC_CITY_NAME_OTTAWA CompletionTurn=82 EscapeResult=-1 InitialResult=1 LevelAfter=1 LootInfo=-1 Name=LOC_CITIZEN_MAYA_MODERN_MALE_9 Operation=58 PlotIndex=978
tally 4  FOMENT_UNREST CAPTURED / NO_RESULT
tally 4  FOMENT_UNREST FAIL_MUST_ESCAPE / NO_RESULT
tally 3  FOMENT_UNREST FAIL_UNDETECTED / NO_RESULT
tally 1  FOMENT_UNREST KILLED / NO_RESULT
tally 6  FOMENT_UNREST SUCCESS_MUST_ESCAPE / NO_RESULT
tally 6  FOMENT_UNREST SUCCESS_UNDETECTED / NO_RESULT
turn 162 spies active 10 idle 2 missions 24 captured-enemy 0
spy 2359313 LOC_CITIZEN_MAYA_MALE_5 level 1 at 60:16 busy
spy 2031634 LOC_CITIZEN_MAYA_MALE_7 level 1 at 54:15 busy
spy 2555923 LOC_CITIZEN_MAYA_FEMALE_7 level 2 at 65:16 busy
spy 2293780 LOC_CITIZEN_MAYA_MODERN_FEMALE_3 level 1 at 54:15 refused
spy 2752533 LOC_CITIZEN_MAYA_MALE_8 level 2 at 54:11 busy
spy 3866646 LOC_CITIZEN_MAYA_MODERN_MALE_4 level 3 at 18:16 busy
spy 3342359 LOC_CITIZEN_MAYA_MODERN_FEMALE_9 level 3 at 73:12 busy
spy 2818072 LOC_CITIZEN_MAYA_MODERN_FEMALE_4 level 2 at 16:9 busy
spy 3014681 LOC_CITIZEN_MAYA_MODERN_FEMALE_6 level 2 at 54:21 busy
spy 3932186 LOC_CITIZEN_MAYA_FEMALE_2 level 4 at 49:10 busy
spy 3801115 LOC_CITIZEN_MAYA_FEMALE_1 level 2 at 23:19 busy
spy 3538973 LOC_CITIZEN_MAYA_MODERN_MALE_3 level 1 at 73:12 refused
turn 162 spies 12 started 0 travelled 0 promoted 0 bought 0 gold 50000
unblock: blocker ENDTURN_BLOCKING_PRODUCTION -> CHICHEN_ITZA builds BUILDING_WALLS | end turn requested
unblock: blocker ENDTURN_BLOCKING_PRODUCTION -> CHICHEN_ITZA builds BUILDING_WALLS | end turn requested
unstuck: closed sessions [4:4]
unstuck: DiplomacyActionView: Closing Diplomacy Action View. m_eventID: 2271735
mission CityName=LOC_CITY_NAME_WINDSOR CompletionTurn=158 EscapeResult=-1 InitialResult=5 LevelAfter=4 LootInfo=-1 Name=LOC_CITIZEN_MAYA_FEMALE_2 Operation=58 PlotIndex=889
mission CityName=LOC_CITY_NAME_WINDSOR CompletionTurn=152 EscapeResult=-1 InitialResult=5 LevelAfter=3 LootInfo=-1 Name=LOC_CITIZEN_MAYA_FEMALE_2 Operation=58 PlotIndex=889
mission CityName=LOC_CITY_NAME_KAWHIA CompletionTurn=107 EscapeResult=-1 InitialResult=4 LevelAfter=3 LootInfo=-1 Name=LOC_CITIZEN_MAYA_MODERN_MALE_4 Operation=58 PlotIndex=1362
mission CityName=LOC_CITY_NAME_THEBES CompletionTurn=105 EscapeResult=-1 InitialResult=2 LevelAfter=2 LootInfo=-1 Name=LOC_CITIZEN_MAYA_FEMALE_1 Operation=58 PlotIndex=1619
mission CityName=LOC_CITY_NAME_KAWHIA CompletionTurn=101 EscapeResult=-1 InitialResult=5 LevelAfter=2 LootInfo=-1 Name=LOC_CITIZEN_MAYA_MODERN_MALE_4 Operation=58 PlotIndex=1362
mission CityName=LOC_CITY_NAME_LINKOPING CompletionTurn=100 EscapeResult=-1 InitialResult=1 LevelAfter=1 LootInfo=-1 Name=LOC_CITIZEN_MAYA_FEMALE_4 Operation=58 PlotIndex=993
mission CityName=LOC_CITY_NAME_GOTEBORG CompletionTurn=100 EscapeResult=-1 InitialResult=4 LevelAfter=3 LootInfo=-1 Name=LOC_CITIZEN_MAYA_MODERN_FEMALE_9 Operation=58 PlotIndex=1081
mission CityName=LOC_CITY_NAME_LUND CompletionTurn=99 EscapeResult=-1 InitialResult=1 LevelAfter=1 LootInfo=-1 Name=LOC_CITIZEN_MAYA_MODERN_MALE_2 Operation=58 PlotIndex=744
mission CityName=LOC_CITY_NAME_THEBES CompletionTurn=99 EscapeResult=-1 InitialResult=5 LevelAfter=2 LootInfo=-1 Name=LOC_CITIZEN_MAYA_FEMALE_1 Operation=58 PlotIndex=1619
mission CityName=LOC_GOSSIP_LOST_CITY CompletionTurn=98 EscapeResult=-1 InitialResult=2 LevelAfter=2 LootInfo=-1 Name=LOC_CITIZEN_MAYA_FEMALE_2 Operation=58 PlotIndex=1833
mission CityName=LOC_CITY_NAME_LINKOPING CompletionTurn=96 EscapeResult=-1 InitialResult=3 LevelAfter=1 LootInfo=-1 Name=LOC_CITIZEN_MAYA_FEMALE_4 Operation=58 PlotIndex=993
mission CityName=LOC_CITY_NAME_GOTEBORG CompletionTurn=94 EscapeResult=-1 InitialResult=5 LevelAfter=2 LootInfo=-1 Name=LOC_CITIZEN_MAYA_MODERN_FEMALE_9 Operation=58 PlotIndex=1081
mission CityName=LOC_CITY_NAME_STOCKHOLM CompletionTurn=93 EscapeResult=-1 InitialResult=0 LevelAfter=1 LootInfo=-1 Name=LOC_CITIZEN_MAYA_MALE_1 Operation=58 PlotIndex=1253
mission CityName=LOC_GOSSIP_LOST_CITY CompletionTurn=91 EscapeResult=-1 InitialResult=5 LevelAfter=2 LootInfo=-1 Name=LOC_CITIZEN_MAYA_FEMALE_2 Operation=58 PlotIndex=1833
mission CityName=LOC_CITY_NAME_TORONTO CompletionTurn=91 EscapeResult=-1 InitialResult=4 LevelAfter=2 LootInfo=-1 Name=LOC_CITIZEN_MAYA_MODERN_FEMALE_6 Operation=58 PlotIndex=1818
mission CityName=LOC_CITY_NAME_MONTREAL CompletionTurn=91 EscapeResult=-1 InitialResult=2 LevelAfter=1 LootInfo=-1 Name=LOC_CITIZEN_MAYA_MALE_7 Operation=58 PlotIndex=1314
mission CityName=LOC_CITY_NAME_TE_HOKIANGA_NU_A_KUPE CompletionTurn=89 EscapeResult=-1 InitialResult=4 LevelAfter=2 LootInfo=-1 Name=LOC_CITIZEN_MAYA_MODERN_FEMALE_4 Operation=58 PlotIndex=772
mission CityName=LOC_CITY_NAME_OTTAWA CompletionTurn=89 EscapeResult=-1 InitialResult=4 LevelAfter=2 LootInfo=-1 Name=LOC_CITIZEN_MAYA_MALE_8 Operation=58 PlotIndex=978
mission CityName=LOC_CITY_NAME_HALIFAX CompletionTurn=87 EscapeResult=-1 InitialResult=4 LevelAfter=2 LootInfo=-1 Name=LOC_CITIZEN_MAYA_FEMALE_7 Operation=58 PlotIndex=1409
mission CityName=LOC_CITY_NAME_MONTREAL CompletionTurn=87 EscapeResult=-1 InitialResult=3 LevelAfter=1 LootInfo=-1 Name=LOC_CITIZEN_MAYA_MALE_7 Operation=58 PlotIndex=1314
mission CityName=LOC_CITY_NAME_QUEBEC_CITY CompletionTurn=86 EscapeResult=-1 InitialResult=2 LevelAfter=1 LootInfo=-1 Name=LOC_CITIZEN_MAYA_MALE_5 Operation=58 PlotIndex=1404
mission CityName=LOC_CITY_NAME_TORONTO CompletionTurn=84 EscapeResult=-1 InitialResult=1 LevelAfter=1 LootInfo=-1 Name=LOC_CITIZEN_MAYA_MALE_2 Operation=58 PlotIndex=1818
mission CityName=LOC_CITY_NAME_MONTREAL CompletionTurn=83 EscapeResult=-1 InitialResult=3 LevelAfter=1 LootInfo=-1 Name=LOC_CITIZEN_MAYA_MALE_7 Operation=58 PlotIndex=1314
mission CityName=LOC_CITY_NAME_OTTAWA CompletionTurn=82 EscapeResult=-1 InitialResult=1 LevelAfter=1 LootInfo=-1 Name=LOC_CITIZEN_MAYA_MODERN_MALE_9 Operation=58 PlotIndex=978
tally 4  FOMENT_UNREST CAPTURED / NO_RESULT
tally 4  FOMENT_UNREST FAIL_MUST_ESCAPE / NO_RESULT
tally 3  FOMENT_UNREST FAIL_UNDETECTED / NO_RESULT
tally 1  FOMENT_UNREST KILLED / NO_RESULT
tally 6  FOMENT_UNREST SUCCESS_MUST_ESCAPE / NO_RESULT
tally 6  FOMENT_UNREST SUCCESS_UNDETECTED / NO_RESULT
turn 163 spies active 10 idle 2 missions 24 captured-enemy 0
spy 2359313 LOC_CITIZEN_MAYA_MALE_5 level 1 at 60:16 busy
spy 2031634 LOC_CITIZEN_MAYA_MALE_7 level 1 at 54:15 busy
spy 2555923 LOC_CITIZEN_MAYA_FEMALE_7 level 2 at 65:16 busy
spy 2293780 LOC_CITIZEN_MAYA_MODERN_FEMALE_3 level 1 at 54:15 refused
spy 2752533 LOC_CITIZEN_MAYA_MALE_8 level 2 at 54:11 busy
spy 3866646 LOC_CITIZEN_MAYA_MODERN_MALE_4 level 3 at 18:16 busy
spy 3342359 LOC_CITIZEN_MAYA_MODERN_FEMALE_9 level 3 at 73:12 busy
spy 2818072 LOC_CITIZEN_MAYA_MODERN_FEMALE_4 level 2 at 16:9 busy
spy 3014681 LOC_CITIZEN_MAYA_MODERN_FEMALE_6 level 2 at 54:21 busy
spy 3932186 LOC_CITIZEN_MAYA_FEMALE_2 level 4 at 49:10 busy
spy 3801115 LOC_CITIZEN_MAYA_FEMALE_1 level 2 at 23:19 busy
spy 3538973 LOC_CITIZEN_MAYA_MODERN_MALE_3 level 1 at 73:12 refused
turn 163 spies 12 started 0 travelled 0 promoted 0 bought 0 gold 50000
unblock: blocker ENDTURN_BLOCKING_PRODUCTION -> CHICHEN_ITZA builds BUILDING_WALLS | end turn requested
unblock: blocker ENDTURN_BLOCKING_PRODUCTION -> CHICHEN_ITZA builds BUILDING_WALLS | end turn requested
unstuck: closed sessions [5:5]
unblock: blocker ENDTURN_BLOCKING_PRODUCTION -> CHICHEN_ITZA builds BUILDING_WALLS | end turn requested
unstuck: closed sessions [6:6]
unstuck: DiplomacyActionView: Closing Diplomacy Action View. m_eventID: 2283655
unblock: blocker ENDTURN_BLOCKING_WORLD_CONGRESS_SESSION -> nothing | end turn requested
unstuck: WorldCongressIntro: closed
unstuck: WorldCongressPopup: closed
mission CityName=LOC_CITY_NAME_WINDSOR CompletionTurn=158 EscapeResult=-1 InitialResult=5 LevelAfter=4 LootInfo=-1 Name=LOC_CITIZEN_MAYA_FEMALE_2 Operation=58 PlotIndex=889
mission CityName=LOC_CITY_NAME_WINDSOR CompletionTurn=152 EscapeResult=-1 InitialResult=5 LevelAfter=3 LootInfo=-1 Name=LOC_CITIZEN_MAYA_FEMALE_2 Operation=58 PlotIndex=889
mission CityName=LOC_CITY_NAME_KAWHIA CompletionTurn=107 EscapeResult=-1 InitialResult=4 LevelAfter=3 LootInfo=-1 Name=LOC_CITIZEN_MAYA_MODERN_MALE_4 Operation=58 PlotIndex=1362
mission CityName=LOC_CITY_NAME_THEBES CompletionTurn=105 EscapeResult=-1 InitialResult=2 LevelAfter=2 LootInfo=-1 Name=LOC_CITIZEN_MAYA_FEMALE_1 Operation=58 PlotIndex=1619
mission CityName=LOC_CITY_NAME_KAWHIA CompletionTurn=101 EscapeResult=-1 InitialResult=5 LevelAfter=2 LootInfo=-1 Name=LOC_CITIZEN_MAYA_MODERN_MALE_4 Operation=58 PlotIndex=1362
mission CityName=LOC_CITY_NAME_LINKOPING CompletionTurn=100 EscapeResult=-1 InitialResult=1 LevelAfter=1 LootInfo=-1 Name=LOC_CITIZEN_MAYA_FEMALE_4 Operation=58 PlotIndex=993
mission CityName=LOC_CITY_NAME_GOTEBORG CompletionTurn=100 EscapeResult=-1 InitialResult=4 LevelAfter=3 LootInfo=-1 Name=LOC_CITIZEN_MAYA_MODERN_FEMALE_9 Operation=58 PlotIndex=1081
mission CityName=LOC_CITY_NAME_LUND CompletionTurn=99 EscapeResult=-1 InitialResult=1 LevelAfter=1 LootInfo=-1 Name=LOC_CITIZEN_MAYA_MODERN_MALE_2 Operation=58 PlotIndex=744
mission CityName=LOC_CITY_NAME_THEBES CompletionTurn=99 EscapeResult=-1 InitialResult=5 LevelAfter=2 LootInfo=-1 Name=LOC_CITIZEN_MAYA_FEMALE_1 Operation=58 PlotIndex=1619
mission CityName=LOC_GOSSIP_LOST_CITY CompletionTurn=98 EscapeResult=-1 InitialResult=2 LevelAfter=2 LootInfo=-1 Name=LOC_CITIZEN_MAYA_FEMALE_2 Operation=58 PlotIndex=1833
mission CityName=LOC_CITY_NAME_LINKOPING CompletionTurn=96 EscapeResult=-1 InitialResult=3 LevelAfter=1 LootInfo=-1 Name=LOC_CITIZEN_MAYA_FEMALE_4 Operation=58 PlotIndex=993
mission CityName=LOC_CITY_NAME_GOTEBORG CompletionTurn=94 EscapeResult=-1 InitialResult=5 LevelAfter=2 LootInfo=-1 Name=LOC_CITIZEN_MAYA_MODERN_FEMALE_9 Operation=58 PlotIndex=1081
mission CityName=LOC_CITY_NAME_STOCKHOLM CompletionTurn=93 EscapeResult=-1 InitialResult=0 LevelAfter=1 LootInfo=-1 Name=LOC_CITIZEN_MAYA_MALE_1 Operation=58 PlotIndex=1253
mission CityName=LOC_GOSSIP_LOST_CITY CompletionTurn=91 EscapeResult=-1 InitialResult=5 LevelAfter=2 LootInfo=-1 Name=LOC_CITIZEN_MAYA_FEMALE_2 Operation=58 PlotIndex=1833
mission CityName=LOC_CITY_NAME_TORONTO CompletionTurn=91 EscapeResult=-1 InitialResult=4 LevelAfter=2 LootInfo=-1 Name=LOC_CITIZEN_MAYA_MODERN_FEMALE_6 Operation=58 PlotIndex=1818
mission CityName=LOC_CITY_NAME_MONTREAL CompletionTurn=91 EscapeResult=-1 InitialResult=2 LevelAfter=1 LootInfo=-1 Name=LOC_CITIZEN_MAYA_MALE_7 Operation=58 PlotIndex=1314
mission CityName=LOC_CITY_NAME_TE_HOKIANGA_NU_A_KUPE CompletionTurn=89 EscapeResult=-1 InitialResult=4 LevelAfter=2 LootInfo=-1 Name=LOC_CITIZEN_MAYA_MODERN_FEMALE_4 Operation=58 PlotIndex=772
mission CityName=LOC_CITY_NAME_OTTAWA CompletionTurn=89 EscapeResult=-1 InitialResult=4 LevelAfter=2 LootInfo=-1 Name=LOC_CITIZEN_MAYA_MALE_8 Operation=58 PlotIndex=978
mission CityName=LOC_CITY_NAME_HALIFAX CompletionTurn=87 EscapeResult=-1 InitialResult=4 LevelAfter=2 LootInfo=-1 Name=LOC_CITIZEN_MAYA_FEMALE_7 Operation=58 PlotIndex=1409
mission CityName=LOC_CITY_NAME_MONTREAL CompletionTurn=87 EscapeResult=-1 InitialResult=3 LevelAfter=1 LootInfo=-1 Name=LOC_CITIZEN_MAYA_MALE_7 Operation=58 PlotIndex=1314
mission CityName=LOC_CITY_NAME_QUEBEC_CITY CompletionTurn=86 EscapeResult=-1 InitialResult=2 LevelAfter=1 LootInfo=-1 Name=LOC_CITIZEN_MAYA_MALE_5 Operation=58 PlotIndex=1404
mission CityName=LOC_CITY_NAME_TORONTO CompletionTurn=84 EscapeResult=-1 InitialResult=1 LevelAfter=1 LootInfo=-1 Name=LOC_CITIZEN_MAYA_MALE_2 Operation=58 PlotIndex=1818
mission CityName=LOC_CITY_NAME_MONTREAL CompletionTurn=83 EscapeResult=-1 InitialResult=3 LevelAfter=1 LootInfo=-1 Name=LOC_CITIZEN_MAYA_MALE_7 Operation=58 PlotIndex=1314
mission CityName=LOC_CITY_NAME_OTTAWA CompletionTurn=82 EscapeResult=-1 InitialResult=1 LevelAfter=1 LootInfo=-1 Name=LOC_CITIZEN_MAYA_MODERN_MALE_9 Operation=58 PlotIndex=978
tally 4  FOMENT_UNREST CAPTURED / NO_RESULT
tally 4  FOMENT_UNREST FAIL_MUST_ESCAPE / NO_RESULT
tally 3  FOMENT_UNREST FAIL_UNDETECTED / NO_RESULT
tally 1  FOMENT_UNREST KILLED / NO_RESULT
tally 6  FOMENT_UNREST SUCCESS_MUST_ESCAPE / NO_RESULT
tally 6  FOMENT_UNREST SUCCESS_UNDETECTED / NO_RESULT
turn 164 spies active 10 idle 2 missions 24 captured-enemy 0
spy 2359313 LOC_CITIZEN_MAYA_MALE_5 level 1 at 60:16 busy
spy 2031634 LOC_CITIZEN_MAYA_MALE_7 level 1 at 54:15 busy
spy 2555923 LOC_CITIZEN_MAYA_FEMALE_7 level 2 at 65:16 busy
spy 2293780 LOC_CITIZEN_MAYA_MODERN_FEMALE_3 level 1 at 54:15 refused
spy 2752533 LOC_CITIZEN_MAYA_MALE_8 level 2 at 54:11 busy
spy 3866646 LOC_CITIZEN_MAYA_MODERN_MALE_4 level 3 at 18:16 busy
spy 3342359 LOC_CITIZEN_MAYA_MODERN_FEMALE_9 level 3 at 73:12 busy
spy 2818072 LOC_CITIZEN_MAYA_MODERN_FEMALE_4 level 2 at 16:9 busy
spy 3014681 LOC_CITIZEN_MAYA_MODERN_FEMALE_6 level 2 at 54:21 busy
spy 3932186 LOC_CITIZEN_MAYA_FEMALE_2 level 4 at 49:10 busy
spy 3801115 LOC_CITIZEN_MAYA_FEMALE_1 level 2 at 23:19 busy
spy 3538973 LOC_CITIZEN_MAYA_MODERN_MALE_3 level 1 at 73:12 refused
turn 164 spies 12 started 0 travelled 0 promoted 0 bought 0 gold 50000
unblock: blocker ENDTURN_BLOCKING_PRODUCTION -> CHICHEN_ITZA builds BUILDING_WALLS | end turn requested
unblock: blocker ENDTURN_BLOCKING_PRODUCTION -> CHICHEN_ITZA builds BUILDING_WALLS | end turn requested
unstuck: closed sessions [3:3]
unstuck: DiplomacyActionView: Closing Diplomacy Action View. m_eventID: 2290720
mission CityName=LOC_CITY_NAME_WINDSOR CompletionTurn=165 EscapeResult=-1 InitialResult=5 LevelAfter=4 LootInfo=-1 Name=LOC_CITIZEN_MAYA_FEMALE_2 Operation=58 PlotIndex=889
mission CityName=LOC_CITY_NAME_WINDSOR CompletionTurn=158 EscapeResult=-1 InitialResult=5 LevelAfter=4 LootInfo=-1 Name=LOC_CITIZEN_MAYA_FEMALE_2 Operation=58 PlotIndex=889
mission CityName=LOC_CITY_NAME_WINDSOR CompletionTurn=152 EscapeResult=-1 InitialResult=5 LevelAfter=3 LootInfo=-1 Name=LOC_CITIZEN_MAYA_FEMALE_2 Operation=58 PlotIndex=889
mission CityName=LOC_CITY_NAME_KAWHIA CompletionTurn=107 EscapeResult=-1 InitialResult=4 LevelAfter=3 LootInfo=-1 Name=LOC_CITIZEN_MAYA_MODERN_MALE_4 Operation=58 PlotIndex=1362
mission CityName=LOC_CITY_NAME_THEBES CompletionTurn=105 EscapeResult=-1 InitialResult=2 LevelAfter=2 LootInfo=-1 Name=LOC_CITIZEN_MAYA_FEMALE_1 Operation=58 PlotIndex=1619
mission CityName=LOC_CITY_NAME_KAWHIA CompletionTurn=101 EscapeResult=-1 InitialResult=5 LevelAfter=2 LootInfo=-1 Name=LOC_CITIZEN_MAYA_MODERN_MALE_4 Operation=58 PlotIndex=1362
mission CityName=LOC_CITY_NAME_LINKOPING CompletionTurn=100 EscapeResult=-1 InitialResult=1 LevelAfter=1 LootInfo=-1 Name=LOC_CITIZEN_MAYA_FEMALE_4 Operation=58 PlotIndex=993
mission CityName=LOC_CITY_NAME_GOTEBORG CompletionTurn=100 EscapeResult=-1 InitialResult=4 LevelAfter=3 LootInfo=-1 Name=LOC_CITIZEN_MAYA_MODERN_FEMALE_9 Operation=58 PlotIndex=1081
mission CityName=LOC_CITY_NAME_LUND CompletionTurn=99 EscapeResult=-1 InitialResult=1 LevelAfter=1 LootInfo=-1 Name=LOC_CITIZEN_MAYA_MODERN_MALE_2 Operation=58 PlotIndex=744
mission CityName=LOC_CITY_NAME_THEBES CompletionTurn=99 EscapeResult=-1 InitialResult=5 LevelAfter=2 LootInfo=-1 Name=LOC_CITIZEN_MAYA_FEMALE_1 Operation=58 PlotIndex=1619
mission CityName=LOC_GOSSIP_LOST_CITY CompletionTurn=98 EscapeResult=-1 InitialResult=2 LevelAfter=2 LootInfo=-1 Name=LOC_CITIZEN_MAYA_FEMALE_2 Operation=58 PlotIndex=1833
mission CityName=LOC_CITY_NAME_LINKOPING CompletionTurn=96 EscapeResult=-1 InitialResult=3 LevelAfter=1 LootInfo=-1 Name=LOC_CITIZEN_MAYA_FEMALE_4 Operation=58 PlotIndex=993
mission CityName=LOC_CITY_NAME_GOTEBORG CompletionTurn=94 EscapeResult=-1 InitialResult=5 LevelAfter=2 LootInfo=-1 Name=LOC_CITIZEN_MAYA_MODERN_FEMALE_9 Operation=58 PlotIndex=1081
mission CityName=LOC_CITY_NAME_STOCKHOLM CompletionTurn=93 EscapeResult=-1 InitialResult=0 LevelAfter=1 LootInfo=-1 Name=LOC_CITIZEN_MAYA_MALE_1 Operation=58 PlotIndex=1253
mission CityName=LOC_GOSSIP_LOST_CITY CompletionTurn=91 EscapeResult=-1 InitialResult=5 LevelAfter=2 LootInfo=-1 Name=LOC_CITIZEN_MAYA_FEMALE_2 Operation=58 PlotIndex=1833
mission CityName=LOC_CITY_NAME_TORONTO CompletionTurn=91 EscapeResult=-1 InitialResult=4 LevelAfter=2 LootInfo=-1 Name=LOC_CITIZEN_MAYA_MODERN_FEMALE_6 Operation=58 PlotIndex=1818
mission CityName=LOC_CITY_NAME_MONTREAL CompletionTurn=91 EscapeResult=-1 InitialResult=2 LevelAfter=1 LootInfo=-1 Name=LOC_CITIZEN_MAYA_MALE_7 Operation=58 PlotIndex=1314
mission CityName=LOC_CITY_NAME_TE_HOKIANGA_NU_A_KUPE CompletionTurn=89 EscapeResult=-1 InitialResult=4 LevelAfter=2 LootInfo=-1 Name=LOC_CITIZEN_MAYA_MODERN_FEMALE_4 Operation=58 PlotIndex=772
mission CityName=LOC_CITY_NAME_OTTAWA CompletionTurn=89 EscapeResult=-1 InitialResult=4 LevelAfter=2 LootInfo=-1 Name=LOC_CITIZEN_MAYA_MALE_8 Operation=58 PlotIndex=978
mission CityName=LOC_CITY_NAME_HALIFAX CompletionTurn=87 EscapeResult=-1 InitialResult=4 LevelAfter=2 LootInfo=-1 Name=LOC_CITIZEN_MAYA_FEMALE_7 Operation=58 PlotIndex=1409
mission CityName=LOC_CITY_NAME_MONTREAL CompletionTurn=87 EscapeResult=-1 InitialResult=3 LevelAfter=1 LootInfo=-1 Name=LOC_CITIZEN_MAYA_MALE_7 Operation=58 PlotIndex=1314
mission CityName=LOC_CITY_NAME_QUEBEC_CITY CompletionTurn=86 EscapeResult=-1 InitialResult=2 LevelAfter=1 LootInfo=-1 Name=LOC_CITIZEN_MAYA_MALE_5 Operation=58 PlotIndex=1404
mission CityName=LOC_CITY_NAME_TORONTO CompletionTurn=84 EscapeResult=-1 InitialResult=1 LevelAfter=1 LootInfo=-1 Name=LOC_CITIZEN_MAYA_MALE_2 Operation=58 PlotIndex=1818
mission CityName=LOC_CITY_NAME_MONTREAL CompletionTurn=83 EscapeResult=-1 InitialResult=3 LevelAfter=1 LootInfo=-1 Name=LOC_CITIZEN_MAYA_MALE_7 Operation=58 PlotIndex=1314
mission CityName=LOC_CITY_NAME_OTTAWA CompletionTurn=82 EscapeResult=-1 InitialResult=1 LevelAfter=1 LootInfo=-1 Name=LOC_CITIZEN_MAYA_MODERN_MALE_9 Operation=58 PlotIndex=978
tally 4  FOMENT_UNREST CAPTURED / NO_RESULT
tally 4  FOMENT_UNREST FAIL_MUST_ESCAPE / NO_RESULT
tally 3  FOMENT_UNREST FAIL_UNDETECTED / NO_RESULT
tally 1  FOMENT_UNREST KILLED / NO_RESULT
tally 6  FOMENT_UNREST SUCCESS_MUST_ESCAPE / NO_RESULT
tally 7  FOMENT_UNREST SUCCESS_UNDETECTED / NO_RESULT
turn 165 spies active 9 idle 3 missions 25 captured-enemy 0
spy 2359313 LOC_CITIZEN_MAYA_MALE_5 level 1 at 60:16 busy
spy 2031634 LOC_CITIZEN_MAYA_MALE_7 level 1 at 54:15 busy
spy 2555923 LOC_CITIZEN_MAYA_FEMALE_7 level 2 at 65:16 busy
spy 2293780 LOC_CITIZEN_MAYA_MODERN_FEMALE_3 level 1 at 54:15 refused
spy 2752533 LOC_CITIZEN_MAYA_MALE_8 level 2 at 54:11 busy
spy 3866646 LOC_CITIZEN_MAYA_MODERN_MALE_4 level 3 at 18:16 busy
spy 3342359 LOC_CITIZEN_MAYA_MODERN_FEMALE_9 level 3 at 73:12 busy
spy 2818072 LOC_CITIZEN_MAYA_MODERN_FEMALE_4 level 2 at 16:9 busy
spy 3014681 LOC_CITIZEN_MAYA_MODERN_FEMALE_6 level 2 at 54:21 busy
spy 3932186 LOC_CITIZEN_MAYA_FEMALE_2 level 4 at 49:10 start
spy 3801115 LOC_CITIZEN_MAYA_FEMALE_1 level 2 at 23:19 busy
spy 3538973 LOC_CITIZEN_MAYA_MODERN_MALE_3 level 1 at 73:12 refused
turn 165 spies 12 started 1 travelled 0 promoted 0 bought 0 gold 50000
unblock: blocker ENDTURN_BLOCKING_PRODUCTION -> CHICHEN_ITZA builds BUILDING_WALLS | end turn requested
unblock: blocker ENDTURN_BLOCKING_PRODUCTION -> CHICHEN_ITZA builds BUILDING_WALLS | end turn requested
unstuck: closed sessions [2:2]
unstuck: DiplomacyActionView: Closing Diplomacy Action View. m_eventID: 2299022
unblock: blocker ENDTURN_BLOCKING_PRODUCTION -> CHICHEN_ITZA builds BUILDING_WALLS | end turn requested
unstuck: closed sessions [6:6]
mission CityName=LOC_CITY_NAME_WINDSOR CompletionTurn=165 EscapeResult=-1 InitialResult=5 LevelAfter=4 LootInfo=-1 Name=LOC_CITIZEN_MAYA_FEMALE_2 Operation=58 PlotIndex=889
mission CityName=LOC_CITY_NAME_WINDSOR CompletionTurn=158 EscapeResult=-1 InitialResult=5 LevelAfter=4 LootInfo=-1 Name=LOC_CITIZEN_MAYA_FEMALE_2 Operation=58 PlotIndex=889
mission CityName=LOC_CITY_NAME_WINDSOR CompletionTurn=152 EscapeResult=-1 InitialResult=5 LevelAfter=3 LootInfo=-1 Name=LOC_CITIZEN_MAYA_FEMALE_2 Operation=58 PlotIndex=889
mission CityName=LOC_CITY_NAME_KAWHIA CompletionTurn=107 EscapeResult=-1 InitialResult=4 LevelAfter=3 LootInfo=-1 Name=LOC_CITIZEN_MAYA_MODERN_MALE_4 Operation=58 PlotIndex=1362
mission CityName=LOC_CITY_NAME_THEBES CompletionTurn=105 EscapeResult=-1 InitialResult=2 LevelAfter=2 LootInfo=-1 Name=LOC_CITIZEN_MAYA_FEMALE_1 Operation=58 PlotIndex=1619
mission CityName=LOC_CITY_NAME_KAWHIA CompletionTurn=101 EscapeResult=-1 InitialResult=5 LevelAfter=2 LootInfo=-1 Name=LOC_CITIZEN_MAYA_MODERN_MALE_4 Operation=58 PlotIndex=1362
mission CityName=LOC_CITY_NAME_LINKOPING CompletionTurn=100 EscapeResult=-1 InitialResult=1 LevelAfter=1 LootInfo=-1 Name=LOC_CITIZEN_MAYA_FEMALE_4 Operation=58 PlotIndex=993
mission CityName=LOC_CITY_NAME_GOTEBORG CompletionTurn=100 EscapeResult=-1 InitialResult=4 LevelAfter=3 LootInfo=-1 Name=LOC_CITIZEN_MAYA_MODERN_FEMALE_9 Operation=58 PlotIndex=1081
mission CityName=LOC_CITY_NAME_LUND CompletionTurn=99 EscapeResult=-1 InitialResult=1 LevelAfter=1 LootInfo=-1 Name=LOC_CITIZEN_MAYA_MODERN_MALE_2 Operation=58 PlotIndex=744
mission CityName=LOC_CITY_NAME_THEBES CompletionTurn=99 EscapeResult=-1 InitialResult=5 LevelAfter=2 LootInfo=-1 Name=LOC_CITIZEN_MAYA_FEMALE_1 Operation=58 PlotIndex=1619
mission CityName=LOC_GOSSIP_LOST_CITY CompletionTurn=98 EscapeResult=-1 InitialResult=2 LevelAfter=2 LootInfo=-1 Name=LOC_CITIZEN_MAYA_FEMALE_2 Operation=58 PlotIndex=1833
mission CityName=LOC_CITY_NAME_LINKOPING CompletionTurn=96 EscapeResult=-1 InitialResult=3 LevelAfter=1 LootInfo=-1 Name=LOC_CITIZEN_MAYA_FEMALE_4 Operation=58 PlotIndex=993
mission CityName=LOC_CITY_NAME_GOTEBORG CompletionTurn=94 EscapeResult=-1 InitialResult=5 LevelAfter=2 LootInfo=-1 Name=LOC_CITIZEN_MAYA_MODERN_FEMALE_9 Operation=58 PlotIndex=1081
mission CityName=LOC_CITY_NAME_STOCKHOLM CompletionTurn=93 EscapeResult=-1 InitialResult=0 LevelAfter=1 LootInfo=-1 Name=LOC_CITIZEN_MAYA_MALE_1 Operation=58 PlotIndex=1253
mission CityName=LOC_GOSSIP_LOST_CITY CompletionTurn=91 EscapeResult=-1 InitialResult=5 LevelAfter=2 LootInfo=-1 Name=LOC_CITIZEN_MAYA_FEMALE_2 Operation=58 PlotIndex=1833
mission CityName=LOC_CITY_NAME_TORONTO CompletionTurn=91 EscapeResult=-1 InitialResult=4 LevelAfter=2 LootInfo=-1 Name=LOC_CITIZEN_MAYA_MODERN_FEMALE_6 Operation=58 PlotIndex=1818
mission CityName=LOC_CITY_NAME_MONTREAL CompletionTurn=91 EscapeResult=-1 InitialResult=2 LevelAfter=1 LootInfo=-1 Name=LOC_CITIZEN_MAYA_MALE_7 Operation=58 PlotIndex=1314
mission CityName=LOC_CITY_NAME_TE_HOKIANGA_NU_A_KUPE CompletionTurn=89 EscapeResult=-1 InitialResult=4 LevelAfter=2 LootInfo=-1 Name=LOC_CITIZEN_MAYA_MODERN_FEMALE_4 Operation=58 PlotIndex=772
mission CityName=LOC_CITY_NAME_OTTAWA CompletionTurn=89 EscapeResult=-1 InitialResult=4 LevelAfter=2 LootInfo=-1 Name=LOC_CITIZEN_MAYA_MALE_8 Operation=58 PlotIndex=978
mission CityName=LOC_CITY_NAME_HALIFAX CompletionTurn=87 EscapeResult=-1 InitialResult=4 LevelAfter=2 LootInfo=-1 Name=LOC_CITIZEN_MAYA_FEMALE_7 Operation=58 PlotIndex=1409
mission CityName=LOC_CITY_NAME_MONTREAL CompletionTurn=87 EscapeResult=-1 InitialResult=3 LevelAfter=1 LootInfo=-1 Name=LOC_CITIZEN_MAYA_MALE_7 Operation=58 PlotIndex=1314
mission CityName=LOC_CITY_NAME_QUEBEC_CITY CompletionTurn=86 EscapeResult=-1 InitialResult=2 LevelAfter=1 LootInfo=-1 Name=LOC_CITIZEN_MAYA_MALE_5 Operation=58 PlotIndex=1404
mission CityName=LOC_CITY_NAME_TORONTO CompletionTurn=84 EscapeResult=-1 InitialResult=1 LevelAfter=1 LootInfo=-1 Name=LOC_CITIZEN_MAYA_MALE_2 Operation=58 PlotIndex=1818
mission CityName=LOC_CITY_NAME_MONTREAL CompletionTurn=83 EscapeResult=-1 InitialResult=3 LevelAfter=1 LootInfo=-1 Name=LOC_CITIZEN_MAYA_MALE_7 Operation=58 PlotIndex=1314
mission CityName=LOC_CITY_NAME_OTTAWA CompletionTurn=82 EscapeResult=-1 InitialResult=1 LevelAfter=1 LootInfo=-1 Name=LOC_CITIZEN_MAYA_MODERN_MALE_9 Operation=58 PlotIndex=978
tally 4  FOMENT_UNREST CAPTURED / NO_RESULT
tally 4  FOMENT_UNREST FAIL_MUST_ESCAPE / NO_RESULT
tally 3  FOMENT_UNREST FAIL_UNDETECTED / NO_RESULT
tally 1  FOMENT_UNREST KILLED / NO_RESULT
tally 6  FOMENT_UNREST SUCCESS_MUST_ESCAPE / NO_RESULT
tally 7  FOMENT_UNREST SUCCESS_UNDETECTED / NO_RESULT
turn 166 spies active 10 idle 2 missions 25 captured-enemy 0
spy 2359313 LOC_CITIZEN_MAYA_MALE_5 level 1 at 60:16 busy
spy 2031634 LOC_CITIZEN_MAYA_MALE_7 level 1 at 54:15 busy
spy 2555923 LOC_CITIZEN_MAYA_FEMALE_7 level 2 at 65:16 busy
spy 2293780 LOC_CITIZEN_MAYA_MODERN_FEMALE_3 level 1 at 54:15 refused
spy 2752533 LOC_CITIZEN_MAYA_MALE_8 level 2 at 54:11 busy
spy 3866646 LOC_CITIZEN_MAYA_MODERN_MALE_4 level 3 at 18:16 busy
spy 3342359 LOC_CITIZEN_MAYA_MODERN_FEMALE_9 level 3 at 73:12 busy
spy 2818072 LOC_CITIZEN_MAYA_MODERN_FEMALE_4 level 2 at 16:9 busy
spy 3014681 LOC_CITIZEN_MAYA_MODERN_FEMALE_6 level 2 at 54:21 busy
spy 3932186 LOC_CITIZEN_MAYA_FEMALE_2 level 4 at 49:10 busy
spy 3801115 LOC_CITIZEN_MAYA_FEMALE_1 level 2 at 23:19 busy
spy 3538973 LOC_CITIZEN_MAYA_MODERN_MALE_3 level 1 at 73:12 refused
turn 166 spies 12 started 0 travelled 0 promoted 0 bought 0 gold 50000
unblock: blocker ENDTURN_BLOCKING_PRODUCTION -> CHICHEN_ITZA builds BUILDING_WALLS | end turn requested
unblock: blocker ENDTURN_BLOCKING_PRODUCTION -> CHICHEN_ITZA builds BUILDING_WALLS | end turn requested
unstuck: closed sessions [4:4]
unstuck: DiplomacyActionView: Closing Diplomacy Action View. m_eventID: 2310928
mission CityName=LOC_CITY_NAME_WINDSOR CompletionTurn=165 EscapeResult=-1 InitialResult=5 LevelAfter=4 LootInfo=-1 Name=LOC_CITIZEN_MAYA_FEMALE_2 Operation=58 PlotIndex=889
mission CityName=LOC_CITY_NAME_WINDSOR CompletionTurn=158 EscapeResult=-1 InitialResult=5 LevelAfter=4 LootInfo=-1 Name=LOC_CITIZEN_MAYA_FEMALE_2 Operation=58 PlotIndex=889
mission CityName=LOC_CITY_NAME_WINDSOR CompletionTurn=152 EscapeResult=-1 InitialResult=5 LevelAfter=3 LootInfo=-1 Name=LOC_CITIZEN_MAYA_FEMALE_2 Operation=58 PlotIndex=889
mission CityName=LOC_CITY_NAME_KAWHIA CompletionTurn=107 EscapeResult=-1 InitialResult=4 LevelAfter=3 LootInfo=-1 Name=LOC_CITIZEN_MAYA_MODERN_MALE_4 Operation=58 PlotIndex=1362
mission CityName=LOC_CITY_NAME_THEBES CompletionTurn=105 EscapeResult=-1 InitialResult=2 LevelAfter=2 LootInfo=-1 Name=LOC_CITIZEN_MAYA_FEMALE_1 Operation=58 PlotIndex=1619
mission CityName=LOC_CITY_NAME_KAWHIA CompletionTurn=101 EscapeResult=-1 InitialResult=5 LevelAfter=2 LootInfo=-1 Name=LOC_CITIZEN_MAYA_MODERN_MALE_4 Operation=58 PlotIndex=1362
mission CityName=LOC_CITY_NAME_LINKOPING CompletionTurn=100 EscapeResult=-1 InitialResult=1 LevelAfter=1 LootInfo=-1 Name=LOC_CITIZEN_MAYA_FEMALE_4 Operation=58 PlotIndex=993
mission CityName=LOC_CITY_NAME_GOTEBORG CompletionTurn=100 EscapeResult=-1 InitialResult=4 LevelAfter=3 LootInfo=-1 Name=LOC_CITIZEN_MAYA_MODERN_FEMALE_9 Operation=58 PlotIndex=1081
mission CityName=LOC_CITY_NAME_LUND CompletionTurn=99 EscapeResult=-1 InitialResult=1 LevelAfter=1 LootInfo=-1 Name=LOC_CITIZEN_MAYA_MODERN_MALE_2 Operation=58 PlotIndex=744
mission CityName=LOC_CITY_NAME_THEBES CompletionTurn=99 EscapeResult=-1 InitialResult=5 LevelAfter=2 LootInfo=-1 Name=LOC_CITIZEN_MAYA_FEMALE_1 Operation=58 PlotIndex=1619
mission CityName=LOC_GOSSIP_LOST_CITY CompletionTurn=98 EscapeResult=-1 InitialResult=2 LevelAfter=2 LootInfo=-1 Name=LOC_CITIZEN_MAYA_FEMALE_2 Operation=58 PlotIndex=1833
mission CityName=LOC_CITY_NAME_LINKOPING CompletionTurn=96 EscapeResult=-1 InitialResult=3 LevelAfter=1 LootInfo=-1 Name=LOC_CITIZEN_MAYA_FEMALE_4 Operation=58 PlotIndex=993
mission CityName=LOC_CITY_NAME_GOTEBORG CompletionTurn=94 EscapeResult=-1 InitialResult=5 LevelAfter=2 LootInfo=-1 Name=LOC_CITIZEN_MAYA_MODERN_FEMALE_9 Operation=58 PlotIndex=1081
mission CityName=LOC_CITY_NAME_STOCKHOLM CompletionTurn=93 EscapeResult=-1 InitialResult=0 LevelAfter=1 LootInfo=-1 Name=LOC_CITIZEN_MAYA_MALE_1 Operation=58 PlotIndex=1253
mission CityName=LOC_GOSSIP_LOST_CITY CompletionTurn=91 EscapeResult=-1 InitialResult=5 LevelAfter=2 LootInfo=-1 Name=LOC_CITIZEN_MAYA_FEMALE_2 Operation=58 PlotIndex=1833
mission CityName=LOC_CITY_NAME_TORONTO CompletionTurn=91 EscapeResult=-1 InitialResult=4 LevelAfter=2 LootInfo=-1 Name=LOC_CITIZEN_MAYA_MODERN_FEMALE_6 Operation=58 PlotIndex=1818
mission CityName=LOC_CITY_NAME_MONTREAL CompletionTurn=91 EscapeResult=-1 InitialResult=2 LevelAfter=1 LootInfo=-1 Name=LOC_CITIZEN_MAYA_MALE_7 Operation=58 PlotIndex=1314
mission CityName=LOC_CITY_NAME_TE_HOKIANGA_NU_A_KUPE CompletionTurn=89 EscapeResult=-1 InitialResult=4 LevelAfter=2 LootInfo=-1 Name=LOC_CITIZEN_MAYA_MODERN_FEMALE_4 Operation=58 PlotIndex=772
mission CityName=LOC_CITY_NAME_OTTAWA CompletionTurn=89 EscapeResult=-1 InitialResult=4 LevelAfter=2 LootInfo=-1 Name=LOC_CITIZEN_MAYA_MALE_8 Operation=58 PlotIndex=978
mission CityName=LOC_CITY_NAME_HALIFAX CompletionTurn=87 EscapeResult=-1 InitialResult=4 LevelAfter=2 LootInfo=-1 Name=LOC_CITIZEN_MAYA_FEMALE_7 Operation=58 PlotIndex=1409
mission CityName=LOC_CITY_NAME_MONTREAL CompletionTurn=87 EscapeResult=-1 InitialResult=3 LevelAfter=1 LootInfo=-1 Name=LOC_CITIZEN_MAYA_MALE_7 Operation=58 PlotIndex=1314
mission CityName=LOC_CITY_NAME_QUEBEC_CITY CompletionTurn=86 EscapeResult=-1 InitialResult=2 LevelAfter=1 LootInfo=-1 Name=LOC_CITIZEN_MAYA_MALE_5 Operation=58 PlotIndex=1404
mission CityName=LOC_CITY_NAME_TORONTO CompletionTurn=84 EscapeResult=-1 InitialResult=1 LevelAfter=1 LootInfo=-1 Name=LOC_CITIZEN_MAYA_MALE_2 Operation=58 PlotIndex=1818
mission CityName=LOC_CITY_NAME_MONTREAL CompletionTurn=83 EscapeResult=-1 InitialResult=3 LevelAfter=1 LootInfo=-1 Name=LOC_CITIZEN_MAYA_MALE_7 Operation=58 PlotIndex=1314
mission CityName=LOC_CITY_NAME_OTTAWA CompletionTurn=82 EscapeResult=-1 InitialResult=1 LevelAfter=1 LootInfo=-1 Name=LOC_CITIZEN_MAYA_MODERN_MALE_9 Operation=58 PlotIndex=978
tally 4  FOMENT_UNREST CAPTURED / NO_RESULT
tally 4  FOMENT_UNREST FAIL_MUST_ESCAPE / NO_RESULT
tally 3  FOMENT_UNREST FAIL_UNDETECTED / NO_RESULT
tally 1  FOMENT_UNREST KILLED / NO_RESULT
tally 6  FOMENT_UNREST SUCCESS_MUST_ESCAPE / NO_RESULT
tally 7  FOMENT_UNREST SUCCESS_UNDETECTED / NO_RESULT
turn 167 spies active 10 idle 2 missions 25 captured-enemy 0
spy 2359313 LOC_CITIZEN_MAYA_MALE_5 level 1 at 60:16 busy
spy 2031634 LOC_CITIZEN_MAYA_MALE_7 level 1 at 54:15 busy
spy 2555923 LOC_CITIZEN_MAYA_FEMALE_7 level 2 at 65:16 busy
spy 2293780 LOC_CITIZEN_MAYA_MODERN_FEMALE_3 level 1 at 54:15 refused
spy 2752533 LOC_CITIZEN_MAYA_MALE_8 level 2 at 54:11 busy
spy 3866646 LOC_CITIZEN_MAYA_MODERN_MALE_4 level 3 at 18:16 busy
spy 3342359 LOC_CITIZEN_MAYA_MODERN_FEMALE_9 level 3 at 73:12 busy
spy 2818072 LOC_CITIZEN_MAYA_MODERN_FEMALE_4 level 2 at 16:9 busy
spy 3014681 LOC_CITIZEN_MAYA_MODERN_FEMALE_6 level 2 at 54:21 busy
spy 3932186 LOC_CITIZEN_MAYA_FEMALE_2 level 4 at 49:10 busy
spy 3801115 LOC_CITIZEN_MAYA_FEMALE_1 level 2 at 23:19 busy
spy 3538973 LOC_CITIZEN_MAYA_MODERN_MALE_3 level 1 at 73:12 refused
turn 167 spies 12 started 0 travelled 0 promoted 0 bought 0 gold 50000
unblock: blocker ENDTURN_BLOCKING_PRODUCTION -> CHICHEN_ITZA builds BUILDING_WALLS | end turn requested
unblock: blocker ENDTURN_BLOCKING_PRODUCTION -> CHICHEN_ITZA builds BUILDING_WALLS | end turn requested
unstuck: closed sessions [5:5]
unstuck: DiplomacyActionView: Closing Diplomacy Action View. m_eventID: 2322679
unblock: blocker ENDTURN_BLOCKING_PRODUCTION -> CHICHEN_ITZA builds BUILDING_WALLS | end turn requested
unstuck: closed sessions [7:7]
unstuck: DiplomacyActionView: Closing Diplomacy Action View. m_eventID: 2324818
mission CityName=LOC_CITY_NAME_WINDSOR CompletionTurn=165 EscapeResult=-1 InitialResult=5 LevelAfter=4 LootInfo=-1 Name=LOC_CITIZEN_MAYA_FEMALE_2 Operation=58 PlotIndex=889
mission CityName=LOC_CITY_NAME_WINDSOR CompletionTurn=158 EscapeResult=-1 InitialResult=5 LevelAfter=4 LootInfo=-1 Name=LOC_CITIZEN_MAYA_FEMALE_2 Operation=58 PlotIndex=889
mission CityName=LOC_CITY_NAME_WINDSOR CompletionTurn=152 EscapeResult=-1 InitialResult=5 LevelAfter=3 LootInfo=-1 Name=LOC_CITIZEN_MAYA_FEMALE_2 Operation=58 PlotIndex=889
mission CityName=LOC_CITY_NAME_KAWHIA CompletionTurn=107 EscapeResult=-1 InitialResult=4 LevelAfter=3 LootInfo=-1 Name=LOC_CITIZEN_MAYA_MODERN_MALE_4 Operation=58 PlotIndex=1362
mission CityName=LOC_CITY_NAME_THEBES CompletionTurn=105 EscapeResult=-1 InitialResult=2 LevelAfter=2 LootInfo=-1 Name=LOC_CITIZEN_MAYA_FEMALE_1 Operation=58 PlotIndex=1619
mission CityName=LOC_CITY_NAME_KAWHIA CompletionTurn=101 EscapeResult=-1 InitialResult=5 LevelAfter=2 LootInfo=-1 Name=LOC_CITIZEN_MAYA_MODERN_MALE_4 Operation=58 PlotIndex=1362
mission CityName=LOC_CITY_NAME_LINKOPING CompletionTurn=100 EscapeResult=-1 InitialResult=1 LevelAfter=1 LootInfo=-1 Name=LOC_CITIZEN_MAYA_FEMALE_4 Operation=58 PlotIndex=993
mission CityName=LOC_CITY_NAME_GOTEBORG CompletionTurn=100 EscapeResult=-1 InitialResult=4 LevelAfter=3 LootInfo=-1 Name=LOC_CITIZEN_MAYA_MODERN_FEMALE_9 Operation=58 PlotIndex=1081
mission CityName=LOC_CITY_NAME_LUND CompletionTurn=99 EscapeResult=-1 InitialResult=1 LevelAfter=1 LootInfo=-1 Name=LOC_CITIZEN_MAYA_MODERN_MALE_2 Operation=58 PlotIndex=744
mission CityName=LOC_CITY_NAME_THEBES CompletionTurn=99 EscapeResult=-1 InitialResult=5 LevelAfter=2 LootInfo=-1 Name=LOC_CITIZEN_MAYA_FEMALE_1 Operation=58 PlotIndex=1619
mission CityName=LOC_GOSSIP_LOST_CITY CompletionTurn=98 EscapeResult=-1 InitialResult=2 LevelAfter=2 LootInfo=-1 Name=LOC_CITIZEN_MAYA_FEMALE_2 Operation=58 PlotIndex=1833
mission CityName=LOC_CITY_NAME_LINKOPING CompletionTurn=96 EscapeResult=-1 InitialResult=3 LevelAfter=1 LootInfo=-1 Name=LOC_CITIZEN_MAYA_FEMALE_4 Operation=58 PlotIndex=993
mission CityName=LOC_CITY_NAME_GOTEBORG CompletionTurn=94 EscapeResult=-1 InitialResult=5 LevelAfter=2 LootInfo=-1 Name=LOC_CITIZEN_MAYA_MODERN_FEMALE_9 Operation=58 PlotIndex=1081
mission CityName=LOC_CITY_NAME_STOCKHOLM CompletionTurn=93 EscapeResult=-1 InitialResult=0 LevelAfter=1 LootInfo=-1 Name=LOC_CITIZEN_MAYA_MALE_1 Operation=58 PlotIndex=1253
mission CityName=LOC_GOSSIP_LOST_CITY CompletionTurn=91 EscapeResult=-1 InitialResult=5 LevelAfter=2 LootInfo=-1 Name=LOC_CITIZEN_MAYA_FEMALE_2 Operation=58 PlotIndex=1833
mission CityName=LOC_CITY_NAME_TORONTO CompletionTurn=91 EscapeResult=-1 InitialResult=4 LevelAfter=2 LootInfo=-1 Name=LOC_CITIZEN_MAYA_MODERN_FEMALE_6 Operation=58 PlotIndex=1818
mission CityName=LOC_CITY_NAME_MONTREAL CompletionTurn=91 EscapeResult=-1 InitialResult=2 LevelAfter=1 LootInfo=-1 Name=LOC_CITIZEN_MAYA_MALE_7 Operation=58 PlotIndex=1314
mission CityName=LOC_CITY_NAME_TE_HOKIANGA_NU_A_KUPE CompletionTurn=89 EscapeResult=-1 InitialResult=4 LevelAfter=2 LootInfo=-1 Name=LOC_CITIZEN_MAYA_MODERN_FEMALE_4 Operation=58 PlotIndex=772
mission CityName=LOC_CITY_NAME_OTTAWA CompletionTurn=89 EscapeResult=-1 InitialResult=4 LevelAfter=2 LootInfo=-1 Name=LOC_CITIZEN_MAYA_MALE_8 Operation=58 PlotIndex=978
mission CityName=LOC_CITY_NAME_HALIFAX CompletionTurn=87 EscapeResult=-1 InitialResult=4 LevelAfter=2 LootInfo=-1 Name=LOC_CITIZEN_MAYA_FEMALE_7 Operation=58 PlotIndex=1409
mission CityName=LOC_CITY_NAME_MONTREAL CompletionTurn=87 EscapeResult=-1 InitialResult=3 LevelAfter=1 LootInfo=-1 Name=LOC_CITIZEN_MAYA_MALE_7 Operation=58 PlotIndex=1314
mission CityName=LOC_CITY_NAME_QUEBEC_CITY CompletionTurn=86 EscapeResult=-1 InitialResult=2 LevelAfter=1 LootInfo=-1 Name=LOC_CITIZEN_MAYA_MALE_5 Operation=58 PlotIndex=1404
mission CityName=LOC_CITY_NAME_TORONTO CompletionTurn=84 EscapeResult=-1 InitialResult=1 LevelAfter=1 LootInfo=-1 Name=LOC_CITIZEN_MAYA_MALE_2 Operation=58 PlotIndex=1818
mission CityName=LOC_CITY_NAME_MONTREAL CompletionTurn=83 EscapeResult=-1 InitialResult=3 LevelAfter=1 LootInfo=-1 Name=LOC_CITIZEN_MAYA_MALE_7 Operation=58 PlotIndex=1314
mission CityName=LOC_CITY_NAME_OTTAWA CompletionTurn=82 EscapeResult=-1 InitialResult=1 LevelAfter=1 LootInfo=-1 Name=LOC_CITIZEN_MAYA_MODERN_MALE_9 Operation=58 PlotIndex=978
tally 4  FOMENT_UNREST CAPTURED / NO_RESULT
tally 4  FOMENT_UNREST FAIL_MUST_ESCAPE / NO_RESULT
tally 3  FOMENT_UNREST FAIL_UNDETECTED / NO_RESULT
tally 1  FOMENT_UNREST KILLED / NO_RESULT
tally 6  FOMENT_UNREST SUCCESS_MUST_ESCAPE / NO_RESULT
tally 7  FOMENT_UNREST SUCCESS_UNDETECTED / NO_RESULT
turn 168 spies active 10 idle 2 missions 25 captured-enemy 0
spy 2359313 LOC_CITIZEN_MAYA_MALE_5 level 1 at 60:16 busy
spy 2031634 LOC_CITIZEN_MAYA_MALE_7 level 1 at 54:15 busy
spy 2555923 LOC_CITIZEN_MAYA_FEMALE_7 level 2 at 65:16 busy
spy 2293780 LOC_CITIZEN_MAYA_MODERN_FEMALE_3 level 1 at 54:15 refused
spy 2752533 LOC_CITIZEN_MAYA_MALE_8 level 2 at 54:11 busy
spy 3866646 LOC_CITIZEN_MAYA_MODERN_MALE_4 level 3 at 18:16 busy
spy 3342359 LOC_CITIZEN_MAYA_MODERN_FEMALE_9 level 3 at 73:12 busy
spy 2818072 LOC_CITIZEN_MAYA_MODERN_FEMALE_4 level 2 at 16:9 busy
spy 3014681 LOC_CITIZEN_MAYA_MODERN_FEMALE_6 level 2 at 54:21 busy
spy 3932186 LOC_CITIZEN_MAYA_FEMALE_2 level 4 at 49:10 busy
spy 3801115 LOC_CITIZEN_MAYA_FEMALE_1 level 2 at 23:19 busy
spy 3538973 LOC_CITIZEN_MAYA_MODERN_MALE_3 level 1 at 73:12 refused
turn 168 spies 12 started 0 travelled 0 promoted 0 bought 0 gold 50000
unblock: blocker ENDTURN_BLOCKING_PRODUCTION -> CHICHEN_ITZA builds BUILDING_WALLS | end turn requested
unblock: blocker ENDTURN_BLOCKING_PRODUCTION -> CHICHEN_ITZA builds BUILDING_WALLS | end turn requested
mission CityName=LOC_CITY_NAME_WINDSOR CompletionTurn=169 EscapeResult=-1 InitialResult=4 LevelAfter=4 LootInfo=-1 Name=LOC_CITIZEN_MAYA_FEMALE_2 Operation=58 PlotIndex=889
mission CityName=LOC_CITY_NAME_WINDSOR CompletionTurn=165 EscapeResult=-1 InitialResult=5 LevelAfter=4 LootInfo=-1 Name=LOC_CITIZEN_MAYA_FEMALE_2 Operation=58 PlotIndex=889
mission CityName=LOC_CITY_NAME_WINDSOR CompletionTurn=158 EscapeResult=-1 InitialResult=5 LevelAfter=4 LootInfo=-1 Name=LOC_CITIZEN_MAYA_FEMALE_2 Operation=58 PlotIndex=889
mission CityName=LOC_CITY_NAME_WINDSOR CompletionTurn=152 EscapeResult=-1 InitialResult=5 LevelAfter=3 LootInfo=-1 Name=LOC_CITIZEN_MAYA_FEMALE_2 Operation=58 PlotIndex=889
mission CityName=LOC_CITY_NAME_KAWHIA CompletionTurn=107 EscapeResult=-1 InitialResult=4 LevelAfter=3 LootInfo=-1 Name=LOC_CITIZEN_MAYA_MODERN_MALE_4 Operation=58 PlotIndex=1362
mission CityName=LOC_CITY_NAME_THEBES CompletionTurn=105 EscapeResult=-1 InitialResult=2 LevelAfter=2 LootInfo=-1 Name=LOC_CITIZEN_MAYA_FEMALE_1 Operation=58 PlotIndex=1619
mission CityName=LOC_CITY_NAME_KAWHIA CompletionTurn=101 EscapeResult=-1 InitialResult=5 LevelAfter=2 LootInfo=-1 Name=LOC_CITIZEN_MAYA_MODERN_MALE_4 Operation=58 PlotIndex=1362
mission CityName=LOC_CITY_NAME_LINKOPING CompletionTurn=100 EscapeResult=-1 InitialResult=1 LevelAfter=1 LootInfo=-1 Name=LOC_CITIZEN_MAYA_FEMALE_4 Operation=58 PlotIndex=993
mission CityName=LOC_CITY_NAME_GOTEBORG CompletionTurn=100 EscapeResult=-1 InitialResult=4 LevelAfter=3 LootInfo=-1 Name=LOC_CITIZEN_MAYA_MODERN_FEMALE_9 Operation=58 PlotIndex=1081
mission CityName=LOC_CITY_NAME_LUND CompletionTurn=99 EscapeResult=-1 InitialResult=1 LevelAfter=1 LootInfo=-1 Name=LOC_CITIZEN_MAYA_MODERN_MALE_2 Operation=58 PlotIndex=744
mission CityName=LOC_CITY_NAME_THEBES CompletionTurn=99 EscapeResult=-1 InitialResult=5 LevelAfter=2 LootInfo=-1 Name=LOC_CITIZEN_MAYA_FEMALE_1 Operation=58 PlotIndex=1619
mission CityName=LOC_GOSSIP_LOST_CITY CompletionTurn=98 EscapeResult=-1 InitialResult=2 LevelAfter=2 LootInfo=-1 Name=LOC_CITIZEN_MAYA_FEMALE_2 Operation=58 PlotIndex=1833
mission CityName=LOC_CITY_NAME_LINKOPING CompletionTurn=96 EscapeResult=-1 InitialResult=3 LevelAfter=1 LootInfo=-1 Name=LOC_CITIZEN_MAYA_FEMALE_4 Operation=58 PlotIndex=993
mission CityName=LOC_CITY_NAME_GOTEBORG CompletionTurn=94 EscapeResult=-1 InitialResult=5 LevelAfter=2 LootInfo=-1 Name=LOC_CITIZEN_MAYA_MODERN_FEMALE_9 Operation=58 PlotIndex=1081
mission CityName=LOC_CITY_NAME_STOCKHOLM CompletionTurn=93 EscapeResult=-1 InitialResult=0 LevelAfter=1 LootInfo=-1 Name=LOC_CITIZEN_MAYA_MALE_1 Operation=58 PlotIndex=1253
mission CityName=LOC_GOSSIP_LOST_CITY CompletionTurn=91 EscapeResult=-1 InitialResult=5 LevelAfter=2 LootInfo=-1 Name=LOC_CITIZEN_MAYA_FEMALE_2 Operation=58 PlotIndex=1833
mission CityName=LOC_CITY_NAME_TORONTO CompletionTurn=91 EscapeResult=-1 InitialResult=4 LevelAfter=2 LootInfo=-1 Name=LOC_CITIZEN_MAYA_MODERN_FEMALE_6 Operation=58 PlotIndex=1818
mission CityName=LOC_CITY_NAME_MONTREAL CompletionTurn=91 EscapeResult=-1 InitialResult=2 LevelAfter=1 LootInfo=-1 Name=LOC_CITIZEN_MAYA_MALE_7 Operation=58 PlotIndex=1314
mission CityName=LOC_CITY_NAME_TE_HOKIANGA_NU_A_KUPE CompletionTurn=89 EscapeResult=-1 InitialResult=4 LevelAfter=2 LootInfo=-1 Name=LOC_CITIZEN_MAYA_MODERN_FEMALE_4 Operation=58 PlotIndex=772
mission CityName=LOC_CITY_NAME_OTTAWA CompletionTurn=89 EscapeResult=-1 InitialResult=4 LevelAfter=2 LootInfo=-1 Name=LOC_CITIZEN_MAYA_MALE_8 Operation=58 PlotIndex=978
mission CityName=LOC_CITY_NAME_HALIFAX CompletionTurn=87 EscapeResult=-1 InitialResult=4 LevelAfter=2 LootInfo=-1 Name=LOC_CITIZEN_MAYA_FEMALE_7 Operation=58 PlotIndex=1409
mission CityName=LOC_CITY_NAME_MONTREAL CompletionTurn=87 EscapeResult=-1 InitialResult=3 LevelAfter=1 LootInfo=-1 Name=LOC_CITIZEN_MAYA_MALE_7 Operation=58 PlotIndex=1314
mission CityName=LOC_CITY_NAME_QUEBEC_CITY CompletionTurn=86 EscapeResult=-1 InitialResult=2 LevelAfter=1 LootInfo=-1 Name=LOC_CITIZEN_MAYA_MALE_5 Operation=58 PlotIndex=1404
mission CityName=LOC_CITY_NAME_TORONTO CompletionTurn=84 EscapeResult=-1 InitialResult=1 LevelAfter=1 LootInfo=-1 Name=LOC_CITIZEN_MAYA_MALE_2 Operation=58 PlotIndex=1818
mission CityName=LOC_CITY_NAME_MONTREAL CompletionTurn=83 EscapeResult=-1 InitialResult=3 LevelAfter=1 LootInfo=-1 Name=LOC_CITIZEN_MAYA_MALE_7 Operation=58 PlotIndex=1314
mission CityName=LOC_CITY_NAME_OTTAWA CompletionTurn=82 EscapeResult=-1 InitialResult=1 LevelAfter=1 LootInfo=-1 Name=LOC_CITIZEN_MAYA_MODERN_MALE_9 Operation=58 PlotIndex=978
tally 4  FOMENT_UNREST CAPTURED / NO_RESULT
tally 4  FOMENT_UNREST FAIL_MUST_ESCAPE / NO_RESULT
tally 3  FOMENT_UNREST FAIL_UNDETECTED / NO_RESULT
tally 1  FOMENT_UNREST KILLED / NO_RESULT
tally 7  FOMENT_UNREST SUCCESS_MUST_ESCAPE / NO_RESULT
tally 7  FOMENT_UNREST SUCCESS_UNDETECTED / NO_RESULT
turn 169 spies active 10 idle 2 missions 26 captured-enemy 0
spy 2359313 LOC_CITIZEN_MAYA_MALE_5 level 1 at 60:16 busy
spy 2031634 LOC_CITIZEN_MAYA_MALE_7 level 1 at 54:15 busy
spy 2555923 LOC_CITIZEN_MAYA_FEMALE_7 level 2 at 65:16 busy
spy 2293780 LOC_CITIZEN_MAYA_MODERN_FEMALE_3 level 1 at 54:15 refused
spy 2752533 LOC_CITIZEN_MAYA_MALE_8 level 2 at 54:11 busy
spy 3866646 LOC_CITIZEN_MAYA_MODERN_MALE_4 level 3 at 18:16 busy
spy 3342359 LOC_CITIZEN_MAYA_MODERN_FEMALE_9 level 3 at 73:12 busy
spy 2818072 LOC_CITIZEN_MAYA_MODERN_FEMALE_4 level 2 at 16:9 busy
spy 3014681 LOC_CITIZEN_MAYA_MODERN_FEMALE_6 level 2 at 54:21 busy
spy 3932186 LOC_CITIZEN_MAYA_FEMALE_2 level 4 at 49:10 busy
spy 3801115 LOC_CITIZEN_MAYA_FEMALE_1 level 2 at 23:19 busy
spy 3538973 LOC_CITIZEN_MAYA_MODERN_MALE_3 level 1 at 73:12 refused
turn 169 spies 12 started 0 travelled 0 promoted 0 bought 0 gold 50000
unblock: blocker ENDTURN_BLOCKING_PRODUCTION -> CHICHEN_ITZA builds BUILDING_WALLS | end turn requested
unblock: blocker ENDTURN_BLOCKING_PRODUCTION -> CHICHEN_ITZA builds BUILDING_WALLS | end turn requested
unstuck: closed sessions [2:2]
unstuck: DiplomacyActionView: Closing Diplomacy Action View. m_eventID: 2341310
unblock: blocker ENDTURN_BLOCKING_PRODUCTION -> CHICHEN_ITZA builds BUILDING_WALLS | end turn requested
unstuck: closed sessions [6:6]
mission CityName=LOC_CITY_NAME_WINDSOR CompletionTurn=169 EscapeResult=-1 InitialResult=4 LevelAfter=4 LootInfo=-1 Name=LOC_CITIZEN_MAYA_FEMALE_2 Operation=58 PlotIndex=889
mission CityName=LOC_CITY_NAME_WINDSOR CompletionTurn=165 EscapeResult=-1 InitialResult=5 LevelAfter=4 LootInfo=-1 Name=LOC_CITIZEN_MAYA_FEMALE_2 Operation=58 PlotIndex=889
mission CityName=LOC_CITY_NAME_WINDSOR CompletionTurn=158 EscapeResult=-1 InitialResult=5 LevelAfter=4 LootInfo=-1 Name=LOC_CITIZEN_MAYA_FEMALE_2 Operation=58 PlotIndex=889
mission CityName=LOC_CITY_NAME_WINDSOR CompletionTurn=152 EscapeResult=-1 InitialResult=5 LevelAfter=3 LootInfo=-1 Name=LOC_CITIZEN_MAYA_FEMALE_2 Operation=58 PlotIndex=889
mission CityName=LOC_GOSSIP_LOST_CITY CompletionTurn=107 EscapeResult=-1 InitialResult=4 LevelAfter=3 LootInfo=-1 Name=LOC_CITIZEN_MAYA_MODERN_MALE_4 Operation=58 PlotIndex=1362
mission CityName=LOC_CITY_NAME_THEBES CompletionTurn=105 EscapeResult=-1 InitialResult=2 LevelAfter=2 LootInfo=-1 Name=LOC_CITIZEN_MAYA_FEMALE_1 Operation=58 PlotIndex=1619
mission CityName=LOC_GOSSIP_LOST_CITY CompletionTurn=101 EscapeResult=-1 InitialResult=5 LevelAfter=2 LootInfo=-1 Name=LOC_CITIZEN_MAYA_MODERN_MALE_4 Operation=58 PlotIndex=1362
mission CityName=LOC_CITY_NAME_LINKOPING CompletionTurn=100 EscapeResult=-1 InitialResult=1 LevelAfter=1 LootInfo=-1 Name=LOC_CITIZEN_MAYA_FEMALE_4 Operation=58 PlotIndex=993
mission CityName=LOC_CITY_NAME_GOTEBORG CompletionTurn=100 EscapeResult=-1 InitialResult=4 LevelAfter=3 LootInfo=-1 Name=LOC_CITIZEN_MAYA_MODERN_FEMALE_9 Operation=58 PlotIndex=1081
mission CityName=LOC_CITY_NAME_LUND CompletionTurn=99 EscapeResult=-1 InitialResult=1 LevelAfter=1 LootInfo=-1 Name=LOC_CITIZEN_MAYA_MODERN_MALE_2 Operation=58 PlotIndex=744
mission CityName=LOC_CITY_NAME_THEBES CompletionTurn=99 EscapeResult=-1 InitialResult=5 LevelAfter=2 LootInfo=-1 Name=LOC_CITIZEN_MAYA_FEMALE_1 Operation=58 PlotIndex=1619
mission CityName=LOC_GOSSIP_LOST_CITY CompletionTurn=98 EscapeResult=-1 InitialResult=2 LevelAfter=2 LootInfo=-1 Name=LOC_CITIZEN_MAYA_FEMALE_2 Operation=58 PlotIndex=1833
mission CityName=LOC_CITY_NAME_LINKOPING CompletionTurn=96 EscapeResult=-1 InitialResult=3 LevelAfter=1 LootInfo=-1 Name=LOC_CITIZEN_MAYA_FEMALE_4 Operation=58 PlotIndex=993
mission CityName=LOC_CITY_NAME_GOTEBORG CompletionTurn=94 EscapeResult=-1 InitialResult=5 LevelAfter=2 LootInfo=-1 Name=LOC_CITIZEN_MAYA_MODERN_FEMALE_9 Operation=58 PlotIndex=1081
mission CityName=LOC_CITY_NAME_STOCKHOLM CompletionTurn=93 EscapeResult=-1 InitialResult=0 LevelAfter=1 LootInfo=-1 Name=LOC_CITIZEN_MAYA_MALE_1 Operation=58 PlotIndex=1253
mission CityName=LOC_GOSSIP_LOST_CITY CompletionTurn=91 EscapeResult=-1 InitialResult=5 LevelAfter=2 LootInfo=-1 Name=LOC_CITIZEN_MAYA_FEMALE_2 Operation=58 PlotIndex=1833
mission CityName=LOC_CITY_NAME_TORONTO CompletionTurn=91 EscapeResult=-1 InitialResult=4 LevelAfter=2 LootInfo=-1 Name=LOC_CITIZEN_MAYA_MODERN_FEMALE_6 Operation=58 PlotIndex=1818
mission CityName=LOC_CITY_NAME_MONTREAL CompletionTurn=91 EscapeResult=-1 InitialResult=2 LevelAfter=1 LootInfo=-1 Name=LOC_CITIZEN_MAYA_MALE_7 Operation=58 PlotIndex=1314
mission CityName=LOC_CITY_NAME_TE_HOKIANGA_NU_A_KUPE CompletionTurn=89 EscapeResult=-1 InitialResult=4 LevelAfter=2 LootInfo=-1 Name=LOC_CITIZEN_MAYA_MODERN_FEMALE_4 Operation=58 PlotIndex=772
mission CityName=LOC_CITY_NAME_OTTAWA CompletionTurn=89 EscapeResult=-1 InitialResult=4 LevelAfter=2 LootInfo=-1 Name=LOC_CITIZEN_MAYA_MALE_8 Operation=58 PlotIndex=978
mission CityName=LOC_CITY_NAME_HALIFAX CompletionTurn=87 EscapeResult=-1 InitialResult=4 LevelAfter=2 LootInfo=-1 Name=LOC_CITIZEN_MAYA_FEMALE_7 Operation=58 PlotIndex=1409
mission CityName=LOC_CITY_NAME_MONTREAL CompletionTurn=87 EscapeResult=-1 InitialResult=3 LevelAfter=1 LootInfo=-1 Name=LOC_CITIZEN_MAYA_MALE_7 Operation=58 PlotIndex=1314
mission CityName=LOC_CITY_NAME_QUEBEC_CITY CompletionTurn=86 EscapeResult=-1 InitialResult=2 LevelAfter=1 LootInfo=-1 Name=LOC_CITIZEN_MAYA_MALE_5 Operation=58 PlotIndex=1404
mission CityName=LOC_CITY_NAME_TORONTO CompletionTurn=84 EscapeResult=-1 InitialResult=1 LevelAfter=1 LootInfo=-1 Name=LOC_CITIZEN_MAYA_MALE_2 Operation=58 PlotIndex=1818
mission CityName=LOC_CITY_NAME_MONTREAL CompletionTurn=83 EscapeResult=-1 InitialResult=3 LevelAfter=1 LootInfo=-1 Name=LOC_CITIZEN_MAYA_MALE_7 Operation=58 PlotIndex=1314
mission CityName=LOC_CITY_NAME_OTTAWA CompletionTurn=82 EscapeResult=-1 InitialResult=1 LevelAfter=1 LootInfo=-1 Name=LOC_CITIZEN_MAYA_MODERN_MALE_9 Operation=58 PlotIndex=978
tally 4  FOMENT_UNREST CAPTURED / NO_RESULT
tally 4  FOMENT_UNREST FAIL_MUST_ESCAPE / NO_RESULT
tally 3  FOMENT_UNREST FAIL_UNDETECTED / NO_RESULT
tally 1  FOMENT_UNREST KILLED / NO_RESULT
tally 7  FOMENT_UNREST SUCCESS_MUST_ESCAPE / NO_RESULT
tally 7  FOMENT_UNREST SUCCESS_UNDETECTED / NO_RESULT
turn 169 spies active 9 idle 3 missions 26 captured-enemy 0
spy 2359313 LOC_CITIZEN_MAYA_MALE_5 level 1 at 60:16 busy
spy 2031634 LOC_CITIZEN_MAYA_MALE_7 level 1 at 54:15 busy
spy 2555923 LOC_CITIZEN_MAYA_FEMALE_7 level 2 at 65:16 busy
spy 2293780 LOC_CITIZEN_MAYA_MODERN_FEMALE_3 level 1 at 54:15 refused
spy 2752533 LOC_CITIZEN_MAYA_MALE_8 level 2 at 54:11 busy
spy 3866646 LOC_CITIZEN_MAYA_MODERN_MALE_4 level 3 at 36:42 travel
spy 3342359 LOC_CITIZEN_MAYA_MODERN_FEMALE_9 level 3 at 73:12 busy
spy 2818072 LOC_CITIZEN_MAYA_MODERN_FEMALE_4 level 2 at 16:9 busy
spy 3014681 LOC_CITIZEN_MAYA_MODERN_FEMALE_6 level 2 at 54:21 busy
spy 3932186 LOC_CITIZEN_MAYA_FEMALE_2 level 4 at 49:10 busy
spy 3801115 LOC_CITIZEN_MAYA_FEMALE_1 level 2 at 23:19 busy
spy 3538973 LOC_CITIZEN_MAYA_MODERN_MALE_3 level 1 at 73:12 refused
turn 169 spies 12 started 0 travelled 1 promoted 0 bought 0 gold 50000
unblock: blocker ENDTURN_BLOCKING_PRODUCTION -> CHICHEN_ITZA builds BUILDING_WALLS | end turn requested
unstuck: NaturalDisasterPopup: closed
unblock: blocker ENDTURN_BLOCKING_PRODUCTION -> CHICHEN_ITZA builds BUILDING_WALLS | end turn requested
unstuck: closed sessions [2:2]
unstuck: DiplomacyActionView: Closing Diplomacy Action View. m_eventID: 2351397
mission CityName=LOC_CITY_NAME_WINDSOR CompletionTurn=169 EscapeResult=-1 InitialResult=4 LevelAfter=4 LootInfo=-1 Name=LOC_CITIZEN_MAYA_FEMALE_2 Operation=58 PlotIndex=889
mission CityName=LOC_CITY_NAME_WINDSOR CompletionTurn=165 EscapeResult=-1 InitialResult=5 LevelAfter=4 LootInfo=-1 Name=LOC_CITIZEN_MAYA_FEMALE_2 Operation=58 PlotIndex=889
mission CityName=LOC_CITY_NAME_WINDSOR CompletionTurn=158 EscapeResult=-1 InitialResult=5 LevelAfter=4 LootInfo=-1 Name=LOC_CITIZEN_MAYA_FEMALE_2 Operation=58 PlotIndex=889
mission CityName=LOC_CITY_NAME_WINDSOR CompletionTurn=152 EscapeResult=-1 InitialResult=5 LevelAfter=3 LootInfo=-1 Name=LOC_CITIZEN_MAYA_FEMALE_2 Operation=58 PlotIndex=889
mission CityName=LOC_GOSSIP_LOST_CITY CompletionTurn=107 EscapeResult=-1 InitialResult=4 LevelAfter=3 LootInfo=-1 Name=LOC_CITIZEN_MAYA_MODERN_MALE_4 Operation=58 PlotIndex=1362
mission CityName=LOC_CITY_NAME_THEBES CompletionTurn=105 EscapeResult=-1 InitialResult=2 LevelAfter=2 LootInfo=-1 Name=LOC_CITIZEN_MAYA_FEMALE_1 Operation=58 PlotIndex=1619
mission CityName=LOC_GOSSIP_LOST_CITY CompletionTurn=101 EscapeResult=-1 InitialResult=5 LevelAfter=2 LootInfo=-1 Name=LOC_CITIZEN_MAYA_MODERN_MALE_4 Operation=58 PlotIndex=1362
mission CityName=LOC_CITY_NAME_LINKOPING CompletionTurn=100 EscapeResult=-1 InitialResult=1 LevelAfter=1 LootInfo=-1 Name=LOC_CITIZEN_MAYA_FEMALE_4 Operation=58 PlotIndex=993
mission CityName=LOC_CITY_NAME_GOTEBORG CompletionTurn=100 EscapeResult=-1 InitialResult=4 LevelAfter=3 LootInfo=-1 Name=LOC_CITIZEN_MAYA_MODERN_FEMALE_9 Operation=58 PlotIndex=1081
mission CityName=LOC_CITY_NAME_LUND CompletionTurn=99 EscapeResult=-1 InitialResult=1 LevelAfter=1 LootInfo=-1 Name=LOC_CITIZEN_MAYA_MODERN_MALE_2 Operation=58 PlotIndex=744
mission CityName=LOC_CITY_NAME_THEBES CompletionTurn=99 EscapeResult=-1 InitialResult=5 LevelAfter=2 LootInfo=-1 Name=LOC_CITIZEN_MAYA_FEMALE_1 Operation=58 PlotIndex=1619
mission CityName=LOC_GOSSIP_LOST_CITY CompletionTurn=98 EscapeResult=-1 InitialResult=2 LevelAfter=2 LootInfo=-1 Name=LOC_CITIZEN_MAYA_FEMALE_2 Operation=58 PlotIndex=1833
mission CityName=LOC_CITY_NAME_LINKOPING CompletionTurn=96 EscapeResult=-1 InitialResult=3 LevelAfter=1 LootInfo=-1 Name=LOC_CITIZEN_MAYA_FEMALE_4 Operation=58 PlotIndex=993
mission CityName=LOC_CITY_NAME_GOTEBORG CompletionTurn=94 EscapeResult=-1 InitialResult=5 LevelAfter=2 LootInfo=-1 Name=LOC_CITIZEN_MAYA_MODERN_FEMALE_9 Operation=58 PlotIndex=1081
mission CityName=LOC_CITY_NAME_STOCKHOLM CompletionTurn=93 EscapeResult=-1 InitialResult=0 LevelAfter=1 LootInfo=-1 Name=LOC_CITIZEN_MAYA_MALE_1 Operation=58 PlotIndex=1253
mission CityName=LOC_GOSSIP_LOST_CITY CompletionTurn=91 EscapeResult=-1 InitialResult=5 LevelAfter=2 LootInfo=-1 Name=LOC_CITIZEN_MAYA_FEMALE_2 Operation=58 PlotIndex=1833
mission CityName=LOC_CITY_NAME_TORONTO CompletionTurn=91 EscapeResult=-1 InitialResult=4 LevelAfter=2 LootInfo=-1 Name=LOC_CITIZEN_MAYA_MODERN_FEMALE_6 Operation=58 PlotIndex=1818
mission CityName=LOC_CITY_NAME_MONTREAL CompletionTurn=91 EscapeResult=-1 InitialResult=2 LevelAfter=1 LootInfo=-1 Name=LOC_CITIZEN_MAYA_MALE_7 Operation=58 PlotIndex=1314
mission CityName=LOC_CITY_NAME_TE_HOKIANGA_NU_A_KUPE CompletionTurn=89 EscapeResult=-1 InitialResult=4 LevelAfter=2 LootInfo=-1 Name=LOC_CITIZEN_MAYA_MODERN_FEMALE_4 Operation=58 PlotIndex=772
mission CityName=LOC_CITY_NAME_OTTAWA CompletionTurn=89 EscapeResult=-1 InitialResult=4 LevelAfter=2 LootInfo=-1 Name=LOC_CITIZEN_MAYA_MALE_8 Operation=58 PlotIndex=978
mission CityName=LOC_CITY_NAME_HALIFAX CompletionTurn=87 EscapeResult=-1 InitialResult=4 LevelAfter=2 LootInfo=-1 Name=LOC_CITIZEN_MAYA_FEMALE_7 Operation=58 PlotIndex=1409
mission CityName=LOC_CITY_NAME_MONTREAL CompletionTurn=87 EscapeResult=-1 InitialResult=3 LevelAfter=1 LootInfo=-1 Name=LOC_CITIZEN_MAYA_MALE_7 Operation=58 PlotIndex=1314
mission CityName=LOC_CITY_NAME_QUEBEC_CITY CompletionTurn=86 EscapeResult=-1 InitialResult=2 LevelAfter=1 LootInfo=-1 Name=LOC_CITIZEN_MAYA_MALE_5 Operation=58 PlotIndex=1404
mission CityName=LOC_CITY_NAME_TORONTO CompletionTurn=84 EscapeResult=-1 InitialResult=1 LevelAfter=1 LootInfo=-1 Name=LOC_CITIZEN_MAYA_MALE_2 Operation=58 PlotIndex=1818
mission CityName=LOC_CITY_NAME_MONTREAL CompletionTurn=83 EscapeResult=-1 InitialResult=3 LevelAfter=1 LootInfo=-1 Name=LOC_CITIZEN_MAYA_MALE_7 Operation=58 PlotIndex=1314
mission CityName=LOC_CITY_NAME_OTTAWA CompletionTurn=82 EscapeResult=-1 InitialResult=1 LevelAfter=1 LootInfo=-1 Name=LOC_CITIZEN_MAYA_MODERN_MALE_9 Operation=58 PlotIndex=978
tally 4  FOMENT_UNREST CAPTURED / NO_RESULT
tally 4  FOMENT_UNREST FAIL_MUST_ESCAPE / NO_RESULT
tally 3  FOMENT_UNREST FAIL_UNDETECTED / NO_RESULT
tally 1  FOMENT_UNREST KILLED / NO_RESULT
tally 7  FOMENT_UNREST SUCCESS_MUST_ESCAPE / NO_RESULT
tally 7  FOMENT_UNREST SUCCESS_UNDETECTED / NO_RESULT
turn 171 spies active 9 idle 3 missions 26 captured-enemy 0
spy 2359313 LOC_CITIZEN_MAYA_MALE_5 level 1 at 60:16 busy
spy 2031634 LOC_CITIZEN_MAYA_MALE_7 level 1 at 54:15 busy
spy 2555923 LOC_CITIZEN_MAYA_FEMALE_7 level 2 at 65:16 busy
spy 2293780 LOC_CITIZEN_MAYA_MODERN_FEMALE_3 level 1 at 54:15 refused
spy 2752533 LOC_CITIZEN_MAYA_MALE_8 level 2 at 54:11 busy
spy 3866646 LOC_CITIZEN_MAYA_MODERN_MALE_4 level 3 at 36:42 travel
spy 3342359 LOC_CITIZEN_MAYA_MODERN_FEMALE_9 level 3 at 73:12 busy
spy 2818072 LOC_CITIZEN_MAYA_MODERN_FEMALE_4 level 2 at 16:9 busy
spy 3014681 LOC_CITIZEN_MAYA_MODERN_FEMALE_6 level 2 at 54:21 busy
spy 3932186 LOC_CITIZEN_MAYA_FEMALE_2 level 4 at 49:10 busy
spy 3801115 LOC_CITIZEN_MAYA_FEMALE_1 level 2 at 23:19 busy
spy 3538973 LOC_CITIZEN_MAYA_MODERN_MALE_3 level 1 at 73:12 refused
turn 171 spies 12 started 0 travelled 1 promoted 0 bought 0 gold 50000
unblock: blocker ENDTURN_BLOCKING_PRODUCTION -> CHICHEN_ITZA builds BUILDING_WALLS | end turn requested
unblock: blocker ENDTURN_BLOCKING_PRODUCTION -> CHICHEN_ITZA builds BUILDING_WALLS | end turn requested
unstuck: closed sessions [3:3]
unstuck: DiplomacyActionView: Closing Diplomacy Action View. m_eventID: 2362377
unblock: blocker ENDTURN_BLOCKING_PRODUCTION -> CHICHEN_ITZA builds BUILDING_WALLS | end turn requested
unstuck: closed sessions [7:7]
unstuck: DiplomacyActionView: Closing Diplomacy Action View. m_eventID: 2366138
mission CityName=LOC_CITY_NAME_WINDSOR CompletionTurn=169 EscapeResult=-1 InitialResult=4 LevelAfter=4 LootInfo=-1 Name=LOC_CITIZEN_MAYA_FEMALE_2 Operation=58 PlotIndex=889
mission CityName=LOC_CITY_NAME_WINDSOR CompletionTurn=165 EscapeResult=-1 InitialResult=5 LevelAfter=4 LootInfo=-1 Name=LOC_CITIZEN_MAYA_FEMALE_2 Operation=58 PlotIndex=889
mission CityName=LOC_CITY_NAME_WINDSOR CompletionTurn=158 EscapeResult=-1 InitialResult=5 LevelAfter=4 LootInfo=-1 Name=LOC_CITIZEN_MAYA_FEMALE_2 Operation=58 PlotIndex=889
mission CityName=LOC_CITY_NAME_WINDSOR CompletionTurn=152 EscapeResult=-1 InitialResult=5 LevelAfter=3 LootInfo=-1 Name=LOC_CITIZEN_MAYA_FEMALE_2 Operation=58 PlotIndex=889
mission CityName=LOC_GOSSIP_LOST_CITY CompletionTurn=107 EscapeResult=-1 InitialResult=4 LevelAfter=3 LootInfo=-1 Name=LOC_CITIZEN_MAYA_MODERN_MALE_4 Operation=58 PlotIndex=1362
mission CityName=LOC_CITY_NAME_THEBES CompletionTurn=105 EscapeResult=-1 InitialResult=2 LevelAfter=2 LootInfo=-1 Name=LOC_CITIZEN_MAYA_FEMALE_1 Operation=58 PlotIndex=1619
mission CityName=LOC_GOSSIP_LOST_CITY CompletionTurn=101 EscapeResult=-1 InitialResult=5 LevelAfter=2 LootInfo=-1 Name=LOC_CITIZEN_MAYA_MODERN_MALE_4 Operation=58 PlotIndex=1362
mission CityName=LOC_CITY_NAME_LINKOPING CompletionTurn=100 EscapeResult=-1 InitialResult=1 LevelAfter=1 LootInfo=-1 Name=LOC_CITIZEN_MAYA_FEMALE_4 Operation=58 PlotIndex=993
mission CityName=LOC_CITY_NAME_GOTEBORG CompletionTurn=100 EscapeResult=-1 InitialResult=4 LevelAfter=3 LootInfo=-1 Name=LOC_CITIZEN_MAYA_MODERN_FEMALE_9 Operation=58 PlotIndex=1081
mission CityName=LOC_CITY_NAME_LUND CompletionTurn=99 EscapeResult=-1 InitialResult=1 LevelAfter=1 LootInfo=-1 Name=LOC_CITIZEN_MAYA_MODERN_MALE_2 Operation=58 PlotIndex=744
mission CityName=LOC_CITY_NAME_THEBES CompletionTurn=99 EscapeResult=-1 InitialResult=5 LevelAfter=2 LootInfo=-1 Name=LOC_CITIZEN_MAYA_FEMALE_1 Operation=58 PlotIndex=1619
mission CityName=LOC_GOSSIP_LOST_CITY CompletionTurn=98 EscapeResult=-1 InitialResult=2 LevelAfter=2 LootInfo=-1 Name=LOC_CITIZEN_MAYA_FEMALE_2 Operation=58 PlotIndex=1833
mission CityName=LOC_CITY_NAME_LINKOPING CompletionTurn=96 EscapeResult=-1 InitialResult=3 LevelAfter=1 LootInfo=-1 Name=LOC_CITIZEN_MAYA_FEMALE_4 Operation=58 PlotIndex=993
mission CityName=LOC_CITY_NAME_GOTEBORG CompletionTurn=94 EscapeResult=-1 InitialResult=5 LevelAfter=2 LootInfo=-1 Name=LOC_CITIZEN_MAYA_MODERN_FEMALE_9 Operation=58 PlotIndex=1081
mission CityName=LOC_CITY_NAME_STOCKHOLM CompletionTurn=93 EscapeResult=-1 InitialResult=0 LevelAfter=1 LootInfo=-1 Name=LOC_CITIZEN_MAYA_MALE_1 Operation=58 PlotIndex=1253
mission CityName=LOC_GOSSIP_LOST_CITY CompletionTurn=91 EscapeResult=-1 InitialResult=5 LevelAfter=2 LootInfo=-1 Name=LOC_CITIZEN_MAYA_FEMALE_2 Operation=58 PlotIndex=1833
mission CityName=LOC_CITY_NAME_TORONTO CompletionTurn=91 EscapeResult=-1 InitialResult=4 LevelAfter=2 LootInfo=-1 Name=LOC_CITIZEN_MAYA_MODERN_FEMALE_6 Operation=58 PlotIndex=1818
mission CityName=LOC_CITY_NAME_MONTREAL CompletionTurn=91 EscapeResult=-1 InitialResult=2 LevelAfter=1 LootInfo=-1 Name=LOC_CITIZEN_MAYA_MALE_7 Operation=58 PlotIndex=1314
mission CityName=LOC_CITY_NAME_TE_HOKIANGA_NU_A_KUPE CompletionTurn=89 EscapeResult=-1 InitialResult=4 LevelAfter=2 LootInfo=-1 Name=LOC_CITIZEN_MAYA_MODERN_FEMALE_4 Operation=58 PlotIndex=772
mission CityName=LOC_CITY_NAME_OTTAWA CompletionTurn=89 EscapeResult=-1 InitialResult=4 LevelAfter=2 LootInfo=-1 Name=LOC_CITIZEN_MAYA_MALE_8 Operation=58 PlotIndex=978
mission CityName=LOC_CITY_NAME_HALIFAX CompletionTurn=87 EscapeResult=-1 InitialResult=4 LevelAfter=2 LootInfo=-1 Name=LOC_CITIZEN_MAYA_FEMALE_7 Operation=58 PlotIndex=1409
mission CityName=LOC_CITY_NAME_MONTREAL CompletionTurn=87 EscapeResult=-1 InitialResult=3 LevelAfter=1 LootInfo=-1 Name=LOC_CITIZEN_MAYA_MALE_7 Operation=58 PlotIndex=1314
mission CityName=LOC_CITY_NAME_QUEBEC_CITY CompletionTurn=86 EscapeResult=-1 InitialResult=2 LevelAfter=1 LootInfo=-1 Name=LOC_CITIZEN_MAYA_MALE_5 Operation=58 PlotIndex=1404
mission CityName=LOC_CITY_NAME_TORONTO CompletionTurn=84 EscapeResult=-1 InitialResult=1 LevelAfter=1 LootInfo=-1 Name=LOC_CITIZEN_MAYA_MALE_2 Operation=58 PlotIndex=1818
mission CityName=LOC_CITY_NAME_MONTREAL CompletionTurn=83 EscapeResult=-1 InitialResult=3 LevelAfter=1 LootInfo=-1 Name=LOC_CITIZEN_MAYA_MALE_7 Operation=58 PlotIndex=1314
mission CityName=LOC_CITY_NAME_OTTAWA CompletionTurn=82 EscapeResult=-1 InitialResult=1 LevelAfter=1 LootInfo=-1 Name=LOC_CITIZEN_MAYA_MODERN_MALE_9 Operation=58 PlotIndex=978
tally 4  FOMENT_UNREST CAPTURED / NO_RESULT
tally 4  FOMENT_UNREST FAIL_MUST_ESCAPE / NO_RESULT
tally 3  FOMENT_UNREST FAIL_UNDETECTED / NO_RESULT
tally 1  FOMENT_UNREST KILLED / NO_RESULT
tally 7  FOMENT_UNREST SUCCESS_MUST_ESCAPE / NO_RESULT
tally 7  FOMENT_UNREST SUCCESS_UNDETECTED / NO_RESULT
turn 172 spies active 9 idle 2 missions 26 captured-enemy 0
spy 2359313 LOC_CITIZEN_MAYA_MALE_5 level 1 at 60:16 busy
spy 2031634 LOC_CITIZEN_MAYA_MALE_7 level 1 at 54:15 busy
spy 2555923 LOC_CITIZEN_MAYA_FEMALE_7 level 2 at 65:16 busy
spy 2293780 LOC_CITIZEN_MAYA_MODERN_FEMALE_3 level 1 at 54:15 refused
spy 2752533 LOC_CITIZEN_MAYA_MALE_8 level 2 at 54:11 busy
spy 3342359 LOC_CITIZEN_MAYA_MODERN_FEMALE_9 level 3 at 73:12 busy
spy 2818072 LOC_CITIZEN_MAYA_MODERN_FEMALE_4 level 2 at 16:9 busy
spy 3014681 LOC_CITIZEN_MAYA_MODERN_FEMALE_6 level 2 at 54:21 busy
spy 3932186 LOC_CITIZEN_MAYA_FEMALE_2 level 4 at 49:10 busy
spy 3801115 LOC_CITIZEN_MAYA_FEMALE_1 level 2 at 23:19 busy
spy 3538973 LOC_CITIZEN_MAYA_MODERN_MALE_3 level 1 at 73:12 refused
turn 172 spies 11 started 0 travelled 0 promoted 0 bought 0 gold 50000
unblock: blocker ENDTURN_BLOCKING_SPY_CHOOSE_ESCAPE_ROUTE -> escape route DISTRICT_CITY_CENTER of 2 for spy 2359313 LOC_CITIZEN_MAYA_MALE_5 level 1 turn 172 city LOC_CITY_NAME_QUEBEC_CITY p1 at 60:16 pursuer police | end turn requested
unblock: blocker ENDTURN_BLOCKING_SPY_CHOOSE_ESCAPE_ROUTE -> escape route DISTRICT_COMMERCIAL_HUB of 2 for spy 2031634 LOC_CITIZEN_MAYA_MALE_7 level 1 turn 172 city LOC_CITY_NAME_MONTREAL p1 at 54:15 pursuer police | end turn requested
unstuck: closed sessions [4:4]
unstuck: DiplomacyActionView: Closing Diplomacy Action View. m_eventID: 2373961
mission CityName=LOC_CITY_NAME_WINDSOR CompletionTurn=169 EscapeResult=-1 InitialResult=4 LevelAfter=4 LootInfo=-1 Name=LOC_CITIZEN_MAYA_FEMALE_2 Operation=58 PlotIndex=889
mission CityName=LOC_CITY_NAME_WINDSOR CompletionTurn=165 EscapeResult=-1 InitialResult=5 LevelAfter=4 LootInfo=-1 Name=LOC_CITIZEN_MAYA_FEMALE_2 Operation=58 PlotIndex=889
mission CityName=LOC_CITY_NAME_WINDSOR CompletionTurn=158 EscapeResult=-1 InitialResult=5 LevelAfter=4 LootInfo=-1 Name=LOC_CITIZEN_MAYA_FEMALE_2 Operation=58 PlotIndex=889
mission CityName=LOC_CITY_NAME_WINDSOR CompletionTurn=152 EscapeResult=-1 InitialResult=5 LevelAfter=3 LootInfo=-1 Name=LOC_CITIZEN_MAYA_FEMALE_2 Operation=58 PlotIndex=889
mission CityName=LOC_GOSSIP_LOST_CITY CompletionTurn=107 EscapeResult=-1 InitialResult=4 LevelAfter=3 LootInfo=-1 Name=LOC_CITIZEN_MAYA_MODERN_MALE_4 Operation=58 PlotIndex=1362
mission CityName=LOC_CITY_NAME_THEBES CompletionTurn=105 EscapeResult=-1 InitialResult=2 LevelAfter=2 LootInfo=-1 Name=LOC_CITIZEN_MAYA_FEMALE_1 Operation=58 PlotIndex=1619
mission CityName=LOC_GOSSIP_LOST_CITY CompletionTurn=101 EscapeResult=-1 InitialResult=5 LevelAfter=2 LootInfo=-1 Name=LOC_CITIZEN_MAYA_MODERN_MALE_4 Operation=58 PlotIndex=1362
mission CityName=LOC_CITY_NAME_LINKOPING CompletionTurn=100 EscapeResult=-1 InitialResult=1 LevelAfter=1 LootInfo=-1 Name=LOC_CITIZEN_MAYA_FEMALE_4 Operation=58 PlotIndex=993
mission CityName=LOC_CITY_NAME_GOTEBORG CompletionTurn=100 EscapeResult=-1 InitialResult=4 LevelAfter=3 LootInfo=-1 Name=LOC_CITIZEN_MAYA_MODERN_FEMALE_9 Operation=58 PlotIndex=1081
mission CityName=LOC_CITY_NAME_LUND CompletionTurn=99 EscapeResult=-1 InitialResult=1 LevelAfter=1 LootInfo=-1 Name=LOC_CITIZEN_MAYA_MODERN_MALE_2 Operation=58 PlotIndex=744
mission CityName=LOC_CITY_NAME_THEBES CompletionTurn=99 EscapeResult=-1 InitialResult=5 LevelAfter=2 LootInfo=-1 Name=LOC_CITIZEN_MAYA_FEMALE_1 Operation=58 PlotIndex=1619
mission CityName=LOC_GOSSIP_LOST_CITY CompletionTurn=98 EscapeResult=-1 InitialResult=2 LevelAfter=2 LootInfo=-1 Name=LOC_CITIZEN_MAYA_FEMALE_2 Operation=58 PlotIndex=1833
mission CityName=LOC_CITY_NAME_LINKOPING CompletionTurn=96 EscapeResult=-1 InitialResult=3 LevelAfter=1 LootInfo=-1 Name=LOC_CITIZEN_MAYA_FEMALE_4 Operation=58 PlotIndex=993
mission CityName=LOC_CITY_NAME_GOTEBORG CompletionTurn=94 EscapeResult=-1 InitialResult=5 LevelAfter=2 LootInfo=-1 Name=LOC_CITIZEN_MAYA_MODERN_FEMALE_9 Operation=58 PlotIndex=1081
mission CityName=LOC_CITY_NAME_STOCKHOLM CompletionTurn=93 EscapeResult=-1 InitialResult=0 LevelAfter=1 LootInfo=-1 Name=LOC_CITIZEN_MAYA_MALE_1 Operation=58 PlotIndex=1253
mission CityName=LOC_GOSSIP_LOST_CITY CompletionTurn=91 EscapeResult=-1 InitialResult=5 LevelAfter=2 LootInfo=-1 Name=LOC_CITIZEN_MAYA_FEMALE_2 Operation=58 PlotIndex=1833
mission CityName=LOC_CITY_NAME_TORONTO CompletionTurn=91 EscapeResult=-1 InitialResult=4 LevelAfter=2 LootInfo=-1 Name=LOC_CITIZEN_MAYA_MODERN_FEMALE_6 Operation=58 PlotIndex=1818
mission CityName=LOC_CITY_NAME_MONTREAL CompletionTurn=91 EscapeResult=-1 InitialResult=2 LevelAfter=1 LootInfo=-1 Name=LOC_CITIZEN_MAYA_MALE_7 Operation=58 PlotIndex=1314
mission CityName=LOC_CITY_NAME_TE_HOKIANGA_NU_A_KUPE CompletionTurn=89 EscapeResult=-1 InitialResult=4 LevelAfter=2 LootInfo=-1 Name=LOC_CITIZEN_MAYA_MODERN_FEMALE_4 Operation=58 PlotIndex=772
mission CityName=LOC_CITY_NAME_OTTAWA CompletionTurn=89 EscapeResult=-1 InitialResult=4 LevelAfter=2 LootInfo=-1 Name=LOC_CITIZEN_MAYA_MALE_8 Operation=58 PlotIndex=978
mission CityName=LOC_CITY_NAME_HALIFAX CompletionTurn=87 EscapeResult=-1 InitialResult=4 LevelAfter=2 LootInfo=-1 Name=LOC_CITIZEN_MAYA_FEMALE_7 Operation=58 PlotIndex=1409
mission CityName=LOC_CITY_NAME_MONTREAL CompletionTurn=87 EscapeResult=-1 InitialResult=3 LevelAfter=1 LootInfo=-1 Name=LOC_CITIZEN_MAYA_MALE_7 Operation=58 PlotIndex=1314
mission CityName=LOC_CITY_NAME_QUEBEC_CITY CompletionTurn=86 EscapeResult=2 InitialResult=2 LevelAfter=1 LootInfo=-1 Name=LOC_CITIZEN_MAYA_MALE_5 Operation=58 PlotIndex=1404
mission CityName=LOC_CITY_NAME_TORONTO CompletionTurn=84 EscapeResult=-1 InitialResult=1 LevelAfter=1 LootInfo=-1 Name=LOC_CITIZEN_MAYA_MALE_2 Operation=58 PlotIndex=1818
mission CityName=LOC_CITY_NAME_MONTREAL CompletionTurn=83 EscapeResult=-1 InitialResult=3 LevelAfter=1 LootInfo=-1 Name=LOC_CITIZEN_MAYA_MALE_7 Operation=58 PlotIndex=1314
mission CityName=LOC_CITY_NAME_OTTAWA CompletionTurn=82 EscapeResult=-1 InitialResult=1 LevelAfter=1 LootInfo=-1 Name=LOC_CITIZEN_MAYA_MODERN_MALE_9 Operation=58 PlotIndex=978
tally 4  FOMENT_UNREST CAPTURED / NO_RESULT
tally 1  FOMENT_UNREST FAIL_MUST_ESCAPE / FAIL_MUST_ESCAPE
tally 3  FOMENT_UNREST FAIL_MUST_ESCAPE / NO_RESULT
tally 3  FOMENT_UNREST FAIL_UNDETECTED / NO_RESULT
tally 1  FOMENT_UNREST KILLED / NO_RESULT
tally 7  FOMENT_UNREST SUCCESS_MUST_ESCAPE / NO_RESULT
tally 7  FOMENT_UNREST SUCCESS_UNDETECTED / NO_RESULT
turn 173 spies active 8 idle 2 missions 26 captured-enemy 0
spy 3997713 LOC_CITIZEN_MAYA_MODERN_MALE_4 level 3 at 59:23 start
spy 2031634 LOC_CITIZEN_MAYA_MALE_7 level 1 at 54:15 busy
spy 2555923 LOC_CITIZEN_MAYA_FEMALE_7 level 2 at 65:16 busy
spy 2293780 LOC_CITIZEN_MAYA_MODERN_FEMALE_3 level 1 at 54:15 refused
spy 2752533 LOC_CITIZEN_MAYA_MALE_8 level 2 at 54:11 busy
spy 3342359 LOC_CITIZEN_MAYA_MODERN_FEMALE_9 level 3 at 73:12 busy
spy 2818072 LOC_CITIZEN_MAYA_MODERN_FEMALE_4 level 2 at 16:9 busy
spy 3014681 LOC_CITIZEN_MAYA_MODERN_FEMALE_6 level 2 at 54:21 busy
spy 3932186 LOC_CITIZEN_MAYA_FEMALE_2 level 4 at 49:10 busy
spy 3801115 LOC_CITIZEN_MAYA_FEMALE_1 level 2 at 23:19 busy
spy 3538973 LOC_CITIZEN_MAYA_MODERN_MALE_3 level 1 at 73:12 refused
turn 173 spies 11 started 1 travelled 0 promoted 0 bought 0 gold 50000
unblock: blocker ENDTURN_BLOCKING_SPY_CHOOSE_ESCAPE_ROUTE -> escape route DISTRICT_COMMERCIAL_HUB of 2 for spy 2031634 LOC_CITIZEN_MAYA_MALE_7 level 1 turn 173 city LOC_CITY_NAME_MONTREAL p1 at 54:15 pursuer police | end turn requested
unstuck: closed sessions [1:1]
unstuck: DiplomacyActionView: Closing Diplomacy Action View. m_eventID: 2379394
unblock: blocker ENDTURN_BLOCKING_SPY_CHOOSE_ESCAPE_ROUTE -> escape route DISTRICT_CITY_CENTER of 1 for spy 2555923 LOC_CITIZEN_MAYA_FEMALE_7 level 2 turn 173 city LOC_CITY_NAME_HALIFAX p1 at 65:16 pursuer police | end turn requested
unblock: blocker ENDTURN_BLOCKING_SPY_CHOOSE_ESCAPE_ROUTE -> escape route DISTRICT_CITY_CENTER of 2 for spy 2752533 LOC_CITIZEN_MAYA_MALE_8 level 2 turn 173 city LOC_CITY_NAME_OTTAWA p1 at 54:11 pursuer police | end turn requested
unstuck: closed sessions [2:2]
unstuck: DiplomacyActionView: Closing Diplomacy Action View. m_eventID: 2382258
unblock: blocker ENDTURN_BLOCKING_SPY_CHOOSE_ESCAPE_ROUTE -> escape route DISTRICT_CITY_CENTER of 2 for spy 2752533 LOC_CITIZEN_MAYA_MALE_8 level 2 turn 173 city LOC_CITY_NAME_OTTAWA p1 at 54:11 pursuer police | end turn requested
unstuck: closed sessions [5:5]
unstuck: DiplomacyActionView: Closing Diplomacy Action View. m_eventID: 2385034
unblock: blocker ENDTURN_BLOCKING_SPY_CHOOSE_ESCAPE_ROUTE -> escape route DISTRICT_CITY_CENTER of 2 for spy 2752533 LOC_CITIZEN_MAYA_MALE_8 level 2 turn 173 city LOC_CITY_NAME_OTTAWA p1 at 54:11 pursuer police | end turn requested
unstuck: closed sessions [6:6]
unstuck: DiplomacyActionView: Closing Diplomacy Action View. m_eventID: 2385971
mission CityName=LOC_CITY_NAME_WINDSOR CompletionTurn=169 EscapeResult=-1 InitialResult=4 LevelAfter=4 LootInfo=-1 Name=LOC_CITIZEN_MAYA_FEMALE_2 Operation=58 PlotIndex=889
mission CityName=LOC_CITY_NAME_WINDSOR CompletionTurn=165 EscapeResult=-1 InitialResult=5 LevelAfter=4 LootInfo=-1 Name=LOC_CITIZEN_MAYA_FEMALE_2 Operation=58 PlotIndex=889
mission CityName=LOC_CITY_NAME_WINDSOR CompletionTurn=158 EscapeResult=-1 InitialResult=5 LevelAfter=4 LootInfo=-1 Name=LOC_CITIZEN_MAYA_FEMALE_2 Operation=58 PlotIndex=889
mission CityName=LOC_CITY_NAME_WINDSOR CompletionTurn=152 EscapeResult=-1 InitialResult=5 LevelAfter=3 LootInfo=-1 Name=LOC_CITIZEN_MAYA_FEMALE_2 Operation=58 PlotIndex=889
mission CityName=LOC_GOSSIP_LOST_CITY CompletionTurn=107 EscapeResult=-1 InitialResult=4 LevelAfter=3 LootInfo=-1 Name=LOC_CITIZEN_MAYA_MODERN_MALE_4 Operation=58 PlotIndex=1362
mission CityName=LOC_CITY_NAME_THEBES CompletionTurn=105 EscapeResult=-1 InitialResult=2 LevelAfter=2 LootInfo=-1 Name=LOC_CITIZEN_MAYA_FEMALE_1 Operation=58 PlotIndex=1619
mission CityName=LOC_GOSSIP_LOST_CITY CompletionTurn=101 EscapeResult=-1 InitialResult=5 LevelAfter=2 LootInfo=-1 Name=LOC_CITIZEN_MAYA_MODERN_MALE_4 Operation=58 PlotIndex=1362
mission CityName=LOC_CITY_NAME_LINKOPING CompletionTurn=100 EscapeResult=-1 InitialResult=1 LevelAfter=1 LootInfo=-1 Name=LOC_CITIZEN_MAYA_FEMALE_4 Operation=58 PlotIndex=993
mission CityName=LOC_CITY_NAME_GOTEBORG CompletionTurn=100 EscapeResult=-1 InitialResult=4 LevelAfter=3 LootInfo=-1 Name=LOC_CITIZEN_MAYA_MODERN_FEMALE_9 Operation=58 PlotIndex=1081
mission CityName=LOC_CITY_NAME_LUND CompletionTurn=99 EscapeResult=-1 InitialResult=1 LevelAfter=1 LootInfo=-1 Name=LOC_CITIZEN_MAYA_MODERN_MALE_2 Operation=58 PlotIndex=744
mission CityName=LOC_CITY_NAME_THEBES CompletionTurn=99 EscapeResult=-1 InitialResult=5 LevelAfter=2 LootInfo=-1 Name=LOC_CITIZEN_MAYA_FEMALE_1 Operation=58 PlotIndex=1619
mission CityName=LOC_GOSSIP_LOST_CITY CompletionTurn=98 EscapeResult=-1 InitialResult=2 LevelAfter=2 LootInfo=-1 Name=LOC_CITIZEN_MAYA_FEMALE_2 Operation=58 PlotIndex=1833
mission CityName=LOC_CITY_NAME_LINKOPING CompletionTurn=96 EscapeResult=-1 InitialResult=3 LevelAfter=1 LootInfo=-1 Name=LOC_CITIZEN_MAYA_FEMALE_4 Operation=58 PlotIndex=993
mission CityName=LOC_CITY_NAME_GOTEBORG CompletionTurn=94 EscapeResult=-1 InitialResult=5 LevelAfter=2 LootInfo=-1 Name=LOC_CITIZEN_MAYA_MODERN_FEMALE_9 Operation=58 PlotIndex=1081
mission CityName=LOC_CITY_NAME_STOCKHOLM CompletionTurn=93 EscapeResult=-1 InitialResult=0 LevelAfter=1 LootInfo=-1 Name=LOC_CITIZEN_MAYA_MALE_1 Operation=58 PlotIndex=1253
mission CityName=LOC_GOSSIP_LOST_CITY CompletionTurn=91 EscapeResult=-1 InitialResult=5 LevelAfter=2 LootInfo=-1 Name=LOC_CITIZEN_MAYA_FEMALE_2 Operation=58 PlotIndex=1833
mission CityName=LOC_CITY_NAME_TORONTO CompletionTurn=91 EscapeResult=-1 InitialResult=4 LevelAfter=2 LootInfo=-1 Name=LOC_CITIZEN_MAYA_MODERN_FEMALE_6 Operation=58 PlotIndex=1818
mission CityName=LOC_CITY_NAME_MONTREAL CompletionTurn=91 EscapeResult=0 InitialResult=2 LevelAfter=1 LootInfo=-1 Name=LOC_CITIZEN_MAYA_MALE_7 Operation=58 PlotIndex=1314
mission CityName=LOC_CITY_NAME_TE_HOKIANGA_NU_A_KUPE CompletionTurn=89 EscapeResult=-1 InitialResult=4 LevelAfter=2 LootInfo=-1 Name=LOC_CITIZEN_MAYA_MODERN_FEMALE_4 Operation=58 PlotIndex=772
mission CityName=LOC_CITY_NAME_OTTAWA CompletionTurn=89 EscapeResult=-1 InitialResult=4 LevelAfter=2 LootInfo=-1 Name=LOC_CITIZEN_MAYA_MALE_8 Operation=58 PlotIndex=978
mission CityName=LOC_CITY_NAME_HALIFAX CompletionTurn=87 EscapeResult=2 InitialResult=4 LevelAfter=2 LootInfo=-1 Name=LOC_CITIZEN_MAYA_FEMALE_7 Operation=58 PlotIndex=1409
mission CityName=LOC_CITY_NAME_MONTREAL CompletionTurn=87 EscapeResult=-1 InitialResult=3 LevelAfter=1 LootInfo=-1 Name=LOC_CITIZEN_MAYA_MALE_7 Operation=58 PlotIndex=1314
mission CityName=LOC_CITY_NAME_QUEBEC_CITY CompletionTurn=86 EscapeResult=2 InitialResult=2 LevelAfter=1 LootInfo=-1 Name=LOC_CITIZEN_MAYA_MALE_5 Operation=58 PlotIndex=1404
mission CityName=LOC_CITY_NAME_TORONTO CompletionTurn=84 EscapeResult=-1 InitialResult=1 LevelAfter=1 LootInfo=-1 Name=LOC_CITIZEN_MAYA_MALE_2 Operation=58 PlotIndex=1818
mission CityName=LOC_CITY_NAME_MONTREAL CompletionTurn=83 EscapeResult=-1 InitialResult=3 LevelAfter=1 LootInfo=-1 Name=LOC_CITIZEN_MAYA_MALE_7 Operation=58 PlotIndex=1314
mission CityName=LOC_CITY_NAME_OTTAWA CompletionTurn=82 EscapeResult=-1 InitialResult=1 LevelAfter=1 LootInfo=-1 Name=LOC_CITIZEN_MAYA_MODERN_MALE_9 Operation=58 PlotIndex=978
tally 4  FOMENT_UNREST CAPTURED / NO_RESULT
tally 1  FOMENT_UNREST FAIL_MUST_ESCAPE / FAIL_MUST_ESCAPE
tally 1  FOMENT_UNREST FAIL_MUST_ESCAPE / KILLED
tally 2  FOMENT_UNREST FAIL_MUST_ESCAPE / NO_RESULT
tally 3  FOMENT_UNREST FAIL_UNDETECTED / NO_RESULT
tally 1  FOMENT_UNREST KILLED / NO_RESULT
tally 1  FOMENT_UNREST SUCCESS_MUST_ESCAPE / FAIL_MUST_ESCAPE
tally 6  FOMENT_UNREST SUCCESS_MUST_ESCAPE / NO_RESULT
tally 7  FOMENT_UNREST SUCCESS_UNDETECTED / NO_RESULT
turn 174 spies active 7 idle 2 missions 26 captured-enemy 0
spy 3997713 LOC_CITIZEN_MAYA_MODERN_MALE_4 level 3 at 59:23 busy
spy 2293780 LOC_CITIZEN_MAYA_MODERN_FEMALE_3 level 1 at 54:15 start
spy 2752533 LOC_CITIZEN_MAYA_MALE_8 level 2 at 54:11 busy
spy 3342359 LOC_CITIZEN_MAYA_MODERN_FEMALE_9 level 3 at 73:12 busy
spy 2818072 LOC_CITIZEN_MAYA_MODERN_FEMALE_4 level 2 at 16:9 busy
spy 3014681 LOC_CITIZEN_MAYA_MODERN_FEMALE_6 level 2 at 54:21 busy
spy 3932186 LOC_CITIZEN_MAYA_FEMALE_2 level 4 at 49:10 busy
spy 3801115 LOC_CITIZEN_MAYA_FEMALE_1 level 2 at 23:19 busy
spy 3538973 LOC_CITIZEN_MAYA_MODERN_MALE_3 level 1 at 73:12 refused
turn 174 spies 9 started 1 travelled 0 promoted 0 bought 2 gold 50000
unblock: blocker ENDTURN_BLOCKING_SPY_CHOOSE_ESCAPE_ROUTE -> escape route DISTRICT_CITY_CENTER of 2 for spy 2752533 LOC_CITIZEN_MAYA_MALE_8 level 2 turn 174 city LOC_CITY_NAME_OTTAWA p1 at 54:11 pursuer police | end turn requested
unblock: blocker ENDTURN_BLOCKING_SPY_CHOOSE_ESCAPE_ROUTE -> escape route DISTRICT_CITY_CENTER of 1 for spy 3342359 LOC_CITIZEN_MAYA_MODERN_FEMALE_9 level 3 turn 174 city LOC_CITY_NAME_GOTEBORG p3 at 73:12 pursuer police | end turn requested
mission CityName=LOC_CITY_NAME_WINDSOR CompletionTurn=169 EscapeResult=-1 InitialResult=4 LevelAfter=4 LootInfo=-1 Name=LOC_CITIZEN_MAYA_FEMALE_2 Operation=58 PlotIndex=889
mission CityName=LOC_CITY_NAME_WINDSOR CompletionTurn=165 EscapeResult=-1 InitialResult=5 LevelAfter=4 LootInfo=-1 Name=LOC_CITIZEN_MAYA_FEMALE_2 Operation=58 PlotIndex=889
mission CityName=LOC_CITY_NAME_WINDSOR CompletionTurn=158 EscapeResult=-1 InitialResult=5 LevelAfter=4 LootInfo=-1 Name=LOC_CITIZEN_MAYA_FEMALE_2 Operation=58 PlotIndex=889
mission CityName=LOC_CITY_NAME_WINDSOR CompletionTurn=152 EscapeResult=-1 InitialResult=5 LevelAfter=3 LootInfo=-1 Name=LOC_CITIZEN_MAYA_FEMALE_2 Operation=58 PlotIndex=889
mission CityName=LOC_GOSSIP_LOST_CITY CompletionTurn=107 EscapeResult=-1 InitialResult=4 LevelAfter=3 LootInfo=-1 Name=LOC_CITIZEN_MAYA_MODERN_MALE_4 Operation=58 PlotIndex=1362
mission CityName=LOC_CITY_NAME_THEBES CompletionTurn=105 EscapeResult=-1 InitialResult=2 LevelAfter=2 LootInfo=-1 Name=LOC_CITIZEN_MAYA_FEMALE_1 Operation=58 PlotIndex=1619
mission CityName=LOC_GOSSIP_LOST_CITY CompletionTurn=101 EscapeResult=-1 InitialResult=5 LevelAfter=2 LootInfo=-1 Name=LOC_CITIZEN_MAYA_MODERN_MALE_4 Operation=58 PlotIndex=1362
mission CityName=LOC_CITY_NAME_LINKOPING CompletionTurn=100 EscapeResult=-1 InitialResult=1 LevelAfter=1 LootInfo=-1 Name=LOC_CITIZEN_MAYA_FEMALE_4 Operation=58 PlotIndex=993
mission CityName=LOC_CITY_NAME_GOTEBORG CompletionTurn=100 EscapeResult=-1 InitialResult=4 LevelAfter=3 LootInfo=-1 Name=LOC_CITIZEN_MAYA_MODERN_FEMALE_9 Operation=58 PlotIndex=1081
mission CityName=LOC_CITY_NAME_LUND CompletionTurn=99 EscapeResult=-1 InitialResult=1 LevelAfter=1 LootInfo=-1 Name=LOC_CITIZEN_MAYA_MODERN_MALE_2 Operation=58 PlotIndex=744
mission CityName=LOC_CITY_NAME_THEBES CompletionTurn=99 EscapeResult=-1 InitialResult=5 LevelAfter=2 LootInfo=-1 Name=LOC_CITIZEN_MAYA_FEMALE_1 Operation=58 PlotIndex=1619
mission CityName=LOC_GOSSIP_LOST_CITY CompletionTurn=98 EscapeResult=-1 InitialResult=2 LevelAfter=2 LootInfo=-1 Name=LOC_CITIZEN_MAYA_FEMALE_2 Operation=58 PlotIndex=1833
mission CityName=LOC_CITY_NAME_LINKOPING CompletionTurn=96 EscapeResult=-1 InitialResult=3 LevelAfter=1 LootInfo=-1 Name=LOC_CITIZEN_MAYA_FEMALE_4 Operation=58 PlotIndex=993
mission CityName=LOC_CITY_NAME_GOTEBORG CompletionTurn=94 EscapeResult=-1 InitialResult=5 LevelAfter=2 LootInfo=-1 Name=LOC_CITIZEN_MAYA_MODERN_FEMALE_9 Operation=58 PlotIndex=1081
mission CityName=LOC_CITY_NAME_STOCKHOLM CompletionTurn=93 EscapeResult=-1 InitialResult=0 LevelAfter=1 LootInfo=-1 Name=LOC_CITIZEN_MAYA_MALE_1 Operation=58 PlotIndex=1253
mission CityName=LOC_GOSSIP_LOST_CITY CompletionTurn=91 EscapeResult=-1 InitialResult=5 LevelAfter=2 LootInfo=-1 Name=LOC_CITIZEN_MAYA_FEMALE_2 Operation=58 PlotIndex=1833
mission CityName=LOC_CITY_NAME_TORONTO CompletionTurn=91 EscapeResult=-1 InitialResult=4 LevelAfter=2 LootInfo=-1 Name=LOC_CITIZEN_MAYA_MODERN_FEMALE_6 Operation=58 PlotIndex=1818
mission CityName=LOC_CITY_NAME_MONTREAL CompletionTurn=91 EscapeResult=0 InitialResult=2 LevelAfter=1 LootInfo=-1 Name=LOC_CITIZEN_MAYA_MALE_7 Operation=58 PlotIndex=1314
mission CityName=LOC_CITY_NAME_TE_HOKIANGA_NU_A_KUPE CompletionTurn=89 EscapeResult=-1 InitialResult=4 LevelAfter=2 LootInfo=-1 Name=LOC_CITIZEN_MAYA_MODERN_FEMALE_4 Operation=58 PlotIndex=772
mission CityName=LOC_CITY_NAME_OTTAWA CompletionTurn=89 EscapeResult=2 InitialResult=4 LevelAfter=2 LootInfo=-1 Name=LOC_CITIZEN_MAYA_MALE_8 Operation=58 PlotIndex=978
mission CityName=LOC_CITY_NAME_HALIFAX CompletionTurn=87 EscapeResult=2 InitialResult=4 LevelAfter=2 LootInfo=-1 Name=LOC_CITIZEN_MAYA_FEMALE_7 Operation=58 PlotIndex=1409
mission CityName=LOC_CITY_NAME_MONTREAL CompletionTurn=87 EscapeResult=-1 InitialResult=3 LevelAfter=1 LootInfo=-1 Name=LOC_CITIZEN_MAYA_MALE_7 Operation=58 PlotIndex=1314
mission CityName=LOC_CITY_NAME_QUEBEC_CITY CompletionTurn=86 EscapeResult=2 InitialResult=2 LevelAfter=1 LootInfo=-1 Name=LOC_CITIZEN_MAYA_MALE_5 Operation=58 PlotIndex=1404
mission CityName=LOC_CITY_NAME_TORONTO CompletionTurn=84 EscapeResult=-1 InitialResult=1 LevelAfter=1 LootInfo=-1 Name=LOC_CITIZEN_MAYA_MALE_2 Operation=58 PlotIndex=1818
mission CityName=LOC_CITY_NAME_MONTREAL CompletionTurn=83 EscapeResult=-1 InitialResult=3 LevelAfter=1 LootInfo=-1 Name=LOC_CITIZEN_MAYA_MALE_7 Operation=58 PlotIndex=1314
mission CityName=LOC_CITY_NAME_OTTAWA CompletionTurn=82 EscapeResult=-1 InitialResult=1 LevelAfter=1 LootInfo=-1 Name=LOC_CITIZEN_MAYA_MODERN_MALE_9 Operation=58 PlotIndex=978
tally 4  FOMENT_UNREST CAPTURED / NO_RESULT
tally 1  FOMENT_UNREST FAIL_MUST_ESCAPE / FAIL_MUST_ESCAPE
tally 1  FOMENT_UNREST FAIL_MUST_ESCAPE / KILLED
tally 2  FOMENT_UNREST FAIL_MUST_ESCAPE / NO_RESULT
tally 3  FOMENT_UNREST FAIL_UNDETECTED / NO_RESULT
tally 1  FOMENT_UNREST KILLED / NO_RESULT
tally 2  FOMENT_UNREST SUCCESS_MUST_ESCAPE / FAIL_MUST_ESCAPE
tally 5  FOMENT_UNREST SUCCESS_MUST_ESCAPE / NO_RESULT
tally 7  FOMENT_UNREST SUCCESS_UNDETECTED / NO_RESULT
turn 175 spies active 7 idle 2 missions 26 captured-enemy 0
